#include <Arduino.h>
#include "res.h"

namespace robot::screen::res {
    // Dashboard.png | 320x240 | RGB565 (16-bit)
    // Battery Menu.png | 320x240 | RGB565 (16-bit)
const uint16_t battery_menu[] PROGMEM = {
  0x4133, 0x4133, 0x4133, 0x4133, 0x4133, 0x4133, 0x4133, 0x4133, 0x4133, 0x4133, 0x4133, 0x4133, 
  0x4133, 0x4133, 0x4133, 0x4133, 0x4133, 0x4133, 0x4133, 0x4133, 0x4133, 0x4133, 0x4133, 0x4133, 
  0x4133, 0x4133, 0x4133, 0x4133, 0x4133, 0x4133, 0x4133, 0x4133, 0x4133, 0x4133, 0x4133, 0x4133, 
  0x4133, 0x4133, 0x4133, 0x4133, 0x4133, 0x4133, 0x4133, 0x4133, 0x4133, 0x4133, 0x4133, 0x4133, 
  0x4133, 0x4133, 0x4133, 0x4133, 0x4133, 0x4133, 0x4133, 0x4133, 0x4133, 0x4133, 0x4133, 0x4133, 
  0x4133, 0x4133, 0x4133, 0x4133, 0x4133, 0x4133, 0x4133, 0x4133, 0x4133, 0x4133, 0x4133, 0x4133, 
  0x4133, 0x4133, 0x4133, 0x4133, 0x4133, 0x4133, 0x4133, 0x4133, 0x4133, 0x4133, 0x4133, 0x4133, 
  0x4133, 0x4133, 0x4133, 0x4133, 0x4133, 0x4133, 0x4133, 0x4133, 0x4133, 0x4133, 0x4133, 0x4133, 
  0x4133, 0x308b, 0x1803, 0x1803, 0x1803, 0x1803, 0x1803, 0x1803, 0x1803, 0x1803, 0x1803, 0x1803, 
  0x1803, 0x1803, 0x1803, 0x1803, 0x1803, 0x1803, 0x1803, 0x1803, 0x1803, 0x1803, 0x1803, 0x1803, 
  0x1803, 0x1803, 0x1803, 0x1803, 0x1803, 0x1803, 0x1803, 0x1803, 0x1803, 0x1803, 0x1803, 0x1803, 
  0x1803, 0x1803, 0x1803, 0x1803, 0x1803, 0x1803, 0x1803, 0x1803, 0x1803, 0x1803, 0x1803, 0x1803, 
  0x1803, 0x1803, 0x1803, 0x1803, 0x1803, 0x1803, 0x1803, 0x1803, 0x1803, 0x1803, 0x1803, 0x1803, 
  0x1803, 0x1803, 0x1803, 0x1803, 0x1803, 0x1803, 0x1803, 0x1803, 0x1803, 0x1803, 0x1803, 0x1803, 
  0x1803, 0x1803, 0x1803, 0x1803, 0x1803, 0x1803, 0x1803, 0x1803, 0x1803, 0x1803, 0x1803, 0x1803, 
  0x1803, 0x1803, 0x1803, 0x1803, 0x1803, 0x1803, 0x1803, 0x1803, 0x1803, 0x1803, 0x1803, 0x1803, 
  0x1803, 0x1803, 0x1803, 0x1803, 0x1803, 0x1803, 0x1803, 0x1803, 0x1803, 0x1803, 0x1803, 0x1803, 
  0x1803, 0x1803, 0x1803, 0x1803, 0x1803, 0x1803, 0x1803, 0x1803, 0x1803, 0x1803, 0x1803, 0x1803, 
  0x1803, 0x1803, 0x1803, 0x1803, 0x1803, 0x1803, 0x1803, 0x1803, 0x1803, 0x1803, 0x1803, 0x1803, 
  0x1803, 0x1803, 0x1803, 0x1803, 0x1803, 0x1803, 0x1803, 0x1803, 0x1803, 0x1803, 0x1803, 0x1803, 
  0x1803, 0x1803, 0x1803, 0x1803, 0x1803, 0x1803, 0x1803, 0x1803, 0x1803, 0x1803, 0x1803, 0x1803, 
  0x1803, 0x1803, 0x1803, 0x1803, 0x1803, 0x1803, 0x1803, 0x1803, 0x1803, 0x1803, 0x1803, 0x1803, 
  0x1803, 0x1803, 0x1803, 0x1803, 0x1803, 0x1803, 0x1803, 0x1803, 0x1803, 0x1803, 0x1803, 0x1803, 
  0x1803, 0x1803, 0x1803, 0x1803, 0x1803, 0x1803, 0x1803, 0x1803, 0x1803, 0x1803, 0x1803, 0x1803, 
  0x1803, 0x1803, 0x1803, 0x1803, 0x1803, 0x1803, 0x1803, 0x1803, 0x1803, 0x1803, 0x1803, 0x1803, 
  0x1803, 0x1803, 0x1803, 0x1803, 0x1803, 0x1803, 0x1803, 0x1803, 0x1803, 0x1803, 0x1803, 0x1803, 
  0x1803, 0x1803, 0x1803, 0x1803, 0x1803, 0x1803, 0x1803, 0x1803, 0x4133, 0x4133, 0x4133, 0x4133, 
  0x4133, 0x4133, 0x4133, 0x4133, 0x4133, 0x4133, 0x4133, 0x4133, 0x4133, 0x4133, 0x4133, 0x4133, 
  0x4133, 0x4133, 0x4133, 0x4133, 0x4133, 0x4133, 0x4133, 0x4133, 0x4133, 0x4133, 0x4133, 0x4133, 
  0x4133, 0x4133, 0x4133, 0x4133, 0x4133, 0x4133, 0x4133, 0x4133, 0x4133, 0x4133, 0x4133, 0x4133, 
  0x4133, 0x4133, 0x4133, 0x4133, 0x4133, 0x4133, 0x4133, 0x4133, 0x4133, 0x4133, 0x4133, 0x4133, 
  0x4133, 0x4133, 0x4133, 0x4133, 0x4133, 0x4133, 0x4133, 0x4133, 0x4133, 0x4133, 0x4133, 0x4133, 
  0x4133, 0x4133, 0x4133, 0x4133, 0x4133, 0x4133, 0x4133, 0x4133, 0x4133, 0x4133, 0x4133, 0x4133, 
  0x4133, 0x4133, 0x4133, 0x4133, 0x4133, 0x4133, 0x4133, 0x4133, 0x4133, 0x4133, 0x4133, 0x4133, 
  0x4133, 0x4133, 0x4133, 0x4133, 0x4133, 0x4133, 0x4133, 0x4133, 0x4133, 0x308b, 0x1803, 0x1803, 
  0x1803, 0x1803, 0x1803, 0x1803, 0x1803, 0x1803, 0x1803, 0x1803, 0x1803, 0x1803, 0x1803, 0x1803, 
  0x1803, 0x1803, 0x1803, 0x1803, 0x1803, 0x1803, 0x1803, 0x1803, 0x1803, 0x1803, 0x1803, 0x1803, 
  0x1803, 0x1803, 0x1803, 0x1803, 0x1803, 0x1803, 0x1803, 0x1803, 0x1803, 0x1803, 0x1803, 0x1803, 
  0x1803, 0x1803, 0x1803, 0x1803, 0x1803, 0x1803, 0x1803, 0x1803, 0x1803, 0x1803, 0x1803, 0x1803, 
  0x1803, 0x1803, 0x1803, 0x1803, 0x1803, 0x1803, 0x1803, 0x1803, 0x1803, 0x1803, 0x1803, 0x1803, 
  0x1803, 0x1803, 0x1803, 0x1803, 0x1803, 0x1803, 0x1803, 0x1803, 0x1803, 0x1803, 0x1803, 0x1803, 
  0x1803, 0x1803, 0x1803, 0x1803, 0x1803, 0x1803, 0x1803, 0x1803, 0x1803, 0x1803, 0x1803, 0x1803, 
  0x1803, 0x1803, 0x1803, 0x1803, 0x1803, 0x1803, 0x1803, 0x1803, 0x1803, 0x1803, 0x1803, 0x1803, 
  0x1803, 0x1803, 0x1803, 0x1803, 0x1803, 0x1803, 0x1803, 0x1803, 0x1803, 0x1803, 0x1803, 0x1803, 
  0x1803, 0x1803, 0x1803, 0x1803, 0x1803, 0x1803, 0x1803, 0x1803, 0x1803, 0x1803, 0x1803, 0x1803, 
  0x1803, 0x1803, 0x1803, 0x1803, 0x1803, 0x1803, 0x1803, 0x1803, 0x1803, 0x1803, 0x1803, 0x1803, 
  0x1803, 0x1803, 0x1803, 0x1803, 0x1803, 0x1803, 0x1803, 0x1803, 0x1803, 0x1803, 0x1803, 0x1803, 
  0x1803, 0x1803, 0x1803, 0x1803, 0x1803, 0x1803, 0x1803, 0x1803, 0x1803, 0x1803, 0x1803, 0x1803, 
  0x1803, 0x1803, 0x1803, 0x1803, 0x1803, 0x1803, 0x1803, 0x1803, 0x1803, 0x1803, 0x1803, 0x1803, 
  0x1803, 0x1803, 0x1803, 0x1803, 0x1803, 0x1803, 0x1803, 0x1803, 0x1803, 0x1803, 0x1803, 0x1803, 
  0x1803, 0x1803, 0x1803, 0x1803, 0x1803, 0x1803, 0x1803, 0x1803, 0x1803, 0x1803, 0x1803, 0x1803, 
  0x1803, 0x1803, 0x1803, 0x1803, 0x1803, 0x1803, 0x1803, 0x1803, 0x1803, 0x1803, 0x1803, 0x1803, 
  0x1803, 0x1803, 0x1803, 0x1803, 0x1803, 0x1803, 0x1803, 0x1803, 0x1803, 0x1803, 0x1803, 0x1803, 
  0x1803, 0x1803, 0x1803, 0x1803, 0x4133, 0x4133, 0x4133, 0x4133, 0x4133, 0x4133, 0x4133, 0x4133, 
  0x4133, 0x4133, 0x4133, 0x4133, 0x4133, 0x4133, 0x4133, 0x4133, 0x4133, 0x4133, 0x4133, 0x4133, 
  0x4133, 0x4133, 0x4133, 0x4133, 0x4133, 0x4133, 0x4133, 0x4133, 0x4133, 0x4133, 0x4133, 0x4133, 
  0x4133, 0x4133, 0x4133, 0x4133, 0x4133, 0x4133, 0x4133, 0x4133, 0x4133, 0x4133, 0x4133, 0x4133, 
  0x4133, 0x4133, 0x4133, 0x4133, 0x4133, 0x4133, 0x4133, 0x4133, 0x4133, 0x4133, 0x4133, 0x4133, 
  0x4133, 0x4133, 0x4133, 0x4133, 0x4133, 0x4133, 0x4133, 0x4133, 0x4133, 0x4133, 0x4133, 0x4133, 
  0x4133, 0x4133, 0x4133, 0x4133, 0x4133, 0x4133, 0x4133, 0x4133, 0x4133, 0x4133, 0x4133, 0x4133, 
  0x4133, 0x4133, 0x4133, 0x4133, 0x4133, 0x4133, 0x4133, 0x4133, 0x4133, 0x4133, 0x4133, 0x4133, 
  0x4133, 0x4133, 0x4133, 0x4133, 0x4133, 0x308b, 0x1803, 0x1803, 0x1803, 0x1803, 0x1803, 0x1803, 
  0x1803, 0x1803, 0x1803, 0x1803, 0x1803, 0x1803, 0x1803, 0x1803, 0x1803, 0x1803, 0x1803, 0x1803, 
  0x1803, 0x1803, 0x1803, 0x1803, 0x1803, 0x1803, 0x1803, 0x1803, 0x1803, 0x1803, 0x1803, 0x1803, 
  0x1803, 0x1803, 0x1803, 0x1803, 0x1803, 0x1803, 0x1803, 0x1803, 0x1803, 0x1803, 0x1803, 0x1803, 
  0x1803, 0x1803, 0x1803, 0x1803, 0x1803, 0x1803, 0x1803, 0x1803, 0x1803, 0x1803, 0x1803, 0x1803, 
  0x1803, 0x1803, 0x1803, 0x1803, 0x1803, 0x1803, 0x1803, 0x1803, 0x1803, 0x1803, 0x1803, 0x1803, 
  0x1803, 0x1803, 0x1803, 0x1803, 0x1803, 0x1803, 0x1803, 0x1803, 0x1803, 0x1803, 0x1804, 0x1803, 
  0x1803, 0x1803, 0x1803, 0x1803, 0x1803, 0x1803, 0x1803, 0x1803, 0x1803, 0x1803, 0x1803, 0x1803, 
  0x1803, 0x1803, 0x1803, 0x1803, 0x1803, 0x1803, 0x1803, 0x1803, 0x1803, 0x1803, 0x1803, 0x1803, 
  0x1803, 0x1803, 0x1803, 0x1803, 0x1803, 0x1803, 0x1803, 0x1803, 0x1803, 0x1803, 0x1803, 0x1803, 
  0x1803, 0x1803, 0x1803, 0x1803, 0x1803, 0x1803, 0x1803, 0x1803, 0x1803, 0x1803, 0x1803, 0x1803, 
  0x1803, 0x1803, 0x1803, 0x1803, 0x1803, 0x1803, 0x1803, 0x1803, 0x1803, 0x1803, 0x1803, 0x1803, 
  0x1803, 0x1803, 0x1803, 0x1803, 0x1803, 0x1803, 0x1803, 0x1803, 0x1803, 0x1803, 0x1803, 0x1803, 
  0x1803, 0x1803, 0x1803, 0x1803, 0x1803, 0x1803, 0x1803, 0x1803, 0x1803, 0x1803, 0x1803, 0x1803, 
  0x1803, 0x1803, 0x1803, 0x1803, 0x1803, 0x1803, 0x1803, 0x1803, 0x1803, 0x1803, 0x1803, 0x1803, 
  0x1803, 0x1803, 0x1803, 0x1803, 0x1803, 0x1803, 0x1803, 0x1803, 0x1803, 0x1803, 0x1803, 0x1803, 
  0x1803, 0x1803, 0x1803, 0x1803, 0x1803, 0x1803, 0x1803, 0x1803, 0x1803, 0x1803, 0x1803, 0x1803, 
  0x1803, 0x1803, 0x1803, 0x1803, 0x1803, 0x1803, 0x1803, 0x1803, 0x1803, 0x1803, 0x1803, 0x1803, 
  0x1803, 0x1803, 0x1803, 0x1803, 0x1803, 0x1803, 0x1803, 0x1803, 0x1803, 0x1803, 0x1803, 0x1803, 
  0x4133, 0x4133, 0x4133, 0x4133, 0x4133, 0x4133, 0x4133, 0x4133, 0x4133, 0x4133, 0x4133, 0x4133, 
  0x4133, 0x4133, 0x4133, 0x4133, 0x4133, 0x4133, 0x4133, 0x4133, 0x4133, 0x4133, 0x4133, 0x4133, 
  0x4133, 0x4133, 0x4133, 0x4133, 0x4133, 0x4133, 0x4133, 0x4133, 0x4133, 0x4133, 0x4133, 0x4133, 
  0x4133, 0x4133, 0x4133, 0x4133, 0x4133, 0x4133, 0x4133, 0x4133, 0x4133, 0x4133, 0x4133, 0x4133, 
  0x4133, 0x4133, 0x4133, 0x4133, 0x4133, 0x4133, 0x4133, 0x4133, 0x4133, 0x4133, 0x4133, 0x4133, 
  0x4133, 0x4133, 0x4133, 0x4133, 0x4133, 0x4133, 0x4133, 0x4133, 0x4133, 0x4133, 0x4133, 0x4133, 
  0x4133, 0x4133, 0x4133, 0x4133, 0x4133, 0x4133, 0x4133, 0x4133, 0x4133, 0x4133, 0x4133, 0x4133, 
  0x4133, 0x4133, 0x4133, 0x4133, 0x4133, 0x4133, 0x4133, 0x4133, 0x4133, 0x4133, 0x4133, 0x4133, 
  0x4133, 0x308b, 0x1803, 0x1803, 0x1803, 0x1803, 0x1804, 0x1804, 0x1803, 0x1804, 0x1803, 0x1803, 
  0x1804, 0x1803, 0x1803, 0x1803, 0x1804, 0x1804, 0x1804, 0x1803, 0x1803, 0x1803, 0x1804, 0x1803, 
  0x1804, 0x1803, 0x1803, 0x1803, 0x1804, 0x1803, 0x1803, 0x1803, 0x1803, 0x1803, 0x1803, 0x1803, 
  0x1803, 0x1803, 0x1803, 0x1803, 0x1804, 0x1803, 0x1804, 0x1804, 0x1804, 0x1803, 0x1803, 0x1803, 
  0x1803, 0x1803, 0x1804, 0x1803, 0x1803, 0x1804, 0x1803, 0x1803, 0x1804, 0x1804, 0x1803, 0x1804, 
  0x1803, 0x1803, 0x1803, 0x1804, 0x1803, 0x1803, 0x1803, 0x1803, 0x1804, 0x1803, 0x1803, 0x1804, 
  0x1803, 0x1804, 0x1803, 0x1803, 0x1804, 0x1803, 0x1804, 0x1803, 0x1803, 0x1804, 0x1803, 0x1804, 
  0x1803, 0x1803, 0x1803, 0x1803, 0x1803, 0x1804, 0x1803, 0x1803, 0x1804, 0x1803, 0x1803, 0x1804, 
  0x1804, 0x1804, 0x1804, 0x1803, 0x1803, 0x1804, 0x1804, 0x1803, 0x1803, 0x1804, 0x1803, 0x1804, 
  0x1804, 0x1803, 0x1803, 0x1804, 0x1804, 0x1804, 0x1804, 0x1803, 0x1804, 0x1804, 0x1804, 0x1804, 
  0x1804, 0x1804, 0x1804, 0x1804, 0x1803, 0x1803, 0x1803, 0x1803, 0x1803, 0x1803, 0x1804, 0x1804, 
  0x1803, 0x1803, 0x1804, 0x1803, 0x1803, 0x1804, 0x1804, 0x1803, 0x1804, 0x1803, 0x1804, 0x1803, 
  0x1804, 0x1803, 0x1803, 0x1803, 0x1804, 0x1803, 0x1803, 0x1804, 0x1803, 0x1804, 0x1804, 0x1804, 
  0x1803, 0x1803, 0x1803, 0x1804, 0x1803, 0x1803, 0x1803, 0x1804, 0x1803, 0x1804, 0x1803, 0x1803, 
  0x1804, 0x1803, 0x1804, 0x1803, 0x1803, 0x1804, 0x1804, 0x1803, 0x1803, 0x1804, 0x1804, 0x1804, 
  0x1803, 0x1804, 0x1803, 0x1803, 0x1803, 0x1803, 0x1804, 0x1803, 0x1804, 0x1803, 0x1804, 0x1803, 
  0x1804, 0x1804, 0x1804, 0x1804, 0x1803, 0x1804, 0x1803, 0x1803, 0x1804, 0x1804, 0x1804, 0x1803, 
  0x1804, 0x1803, 0x1804, 0x1804, 0x1803, 0x1804, 0x1803, 0x1803, 0x1804, 0x1803, 0x1803, 0x1804, 
  0x1803, 0x1803, 0x1803, 0x1804, 0x1803, 0x1803, 0x1803, 0x1803, 0x4133, 0x4133, 0x4133, 0x4133, 
  0x4133, 0x4133, 0x4133, 0x4133, 0x4133, 0x4133, 0x4133, 0x4133, 0x4133, 0x4133, 0x4133, 0x4133, 
  0x4133, 0x4133, 0x4133, 0x4133, 0x4133, 0x4133, 0x4133, 0x4133, 0x4133, 0x4133, 0x4133, 0x4133, 
  0x4133, 0x4133, 0x4133, 0x4133, 0x4133, 0x4133, 0x4133, 0x4133, 0x4133, 0x4133, 0x4133, 0x4133, 
  0x4133, 0x4133, 0x4133, 0x4133, 0x4133, 0x4133, 0x4133, 0x4133, 0x4133, 0x4133, 0x4133, 0x4133, 
  0x4133, 0x4133, 0x4133, 0x4133, 0x4133, 0x4133, 0x4133, 0x4133, 0x4133, 0x4133, 0x4133, 0x4133, 
  0x4133, 0x4133, 0x4133, 0x4133, 0x4133, 0x4133, 0x4133, 0x4133, 0x4133, 0x4133, 0x4133, 0x4133, 
  0x4133, 0x4133, 0x4133, 0x4133, 0x4133, 0x4133, 0x4133, 0x4133, 0x4133, 0x4133, 0x4133, 0x4133, 
  0x4133, 0x4133, 0x4133, 0x4133, 0x4133, 0x4133, 0x4133, 0x4133, 0x4133, 0x308b, 0x1804, 0x1804, 
  0x1804, 0x1804, 0x1804, 0x1804, 0x1804, 0x1804, 0x1804, 0x1804, 0x1804, 0x1804, 0x1804, 0x1803, 
  0x1804, 0x1804, 0x1804, 0x1804, 0x1804, 0x1804, 0x1804, 0x1804, 0x1804, 0x1804, 0x1804, 0x1804, 
  0x1804, 0x1804, 0x1804, 0x1804, 0x1804, 0x1804, 0x1804, 0x1804, 0x1804, 0x1804, 0x1804, 0x1804, 
  0x1804, 0x1804, 0x1804, 0x1804, 0x1803, 0x1804, 0x1804, 0x1804, 0x1804, 0x1804, 0x1804, 0x1804, 
  0x1804, 0x1804, 0x1804, 0x1804, 0x1804, 0x1804, 0x1804, 0x1804, 0x1804, 0x1804, 0x1804, 0x1804, 
  0x1804, 0x1804, 0x1804, 0x1804, 0x1804, 0x1804, 0x1804, 0x1804, 0x1804, 0x1804, 0x1804, 0x1804, 
  0x1804, 0x1804, 0x1804, 0x1804, 0x1804, 0x1804, 0x1804, 0x1804, 0x1804, 0x1804, 0x1804, 0x1804, 
  0x1804, 0x1804, 0x1804, 0x1804, 0x1803, 0x1804, 0x1804, 0x1804, 0x1804, 0x1804, 0x1804, 0x1804, 
  0x1804, 0x1804, 0x1804, 0x1804, 0x1804, 0x1804, 0x1804, 0x1804, 0x1804, 0x1804, 0x1804, 0x1804, 
  0x1804, 0x1804, 0x1804, 0x1804, 0x1804, 0x1804, 0x1804, 0x1804, 0x1804, 0x1804, 0x1804, 0x1804, 
  0x1804, 0x1804, 0x1804, 0x1804, 0x1804, 0x1804, 0x1804, 0x1804, 0x1804, 0x1804, 0x1804, 0x1804, 
  0x1804, 0x1804, 0x1804, 0x1804, 0x1804, 0x1804, 0x1804, 0x1804, 0x1804, 0x1804, 0x1803, 0x1804, 
  0x1804, 0x1804, 0x1804, 0x1804, 0x1804, 0x1804, 0x1804, 0x1804, 0x1804, 0x1804, 0x1804, 0x1804, 
  0x1804, 0x1803, 0x1804, 0x1804, 0x1804, 0x1804, 0x1804, 0x1804, 0x1804, 0x1804, 0x1804, 0x1804, 
  0x1804, 0x1804, 0x1804, 0x1804, 0x1803, 0x1803, 0x1804, 0x1804, 0x1804, 0x1804, 0x1803, 0x1804, 
  0x1804, 0x1804, 0x1804, 0x1804, 0x1804, 0x1804, 0x1803, 0x1804, 0x1804, 0x1804, 0x1804, 0x1804, 
  0x1804, 0x1804, 0x1804, 0x1804, 0x1804, 0x1804, 0x1804, 0x1804, 0x1804, 0x1803, 0x1804, 0x1804, 
  0x1804, 0x1804, 0x1804, 0x1804, 0x1804, 0x1804, 0x1804, 0x1804, 0x1804, 0x1804, 0x1804, 0x1804, 
  0x1804, 0x1804, 0x1804, 0x1804, 0x4133, 0x4133, 0x4133, 0x4133, 0x4133, 0x4133, 0x4133, 0x4133, 
  0x4133, 0x4133, 0x4133, 0x4133, 0x4133, 0x4133, 0x4133, 0x4133, 0x4133, 0x4133, 0x4133, 0x4133, 
  0x4133, 0x4133, 0x4133, 0x4133, 0x4133, 0x4133, 0x4133, 0x4133, 0x4133, 0x4133, 0x4133, 0x4133, 
  0x4133, 0x4133, 0x4133, 0x4133, 0x4133, 0x4133, 0x4133, 0x4133, 0x4133, 0x4133, 0x4133, 0x4133, 
  0x4133, 0x4133, 0x4133, 0x4133, 0x4133, 0x4133, 0x4133, 0x4133, 0x4133, 0x4133, 0x4133, 0x4133, 
  0x4133, 0x4133, 0x4133, 0x4133, 0x4133, 0x4133, 0x4133, 0x4133, 0x4133, 0x4133, 0x4133, 0x4133, 
  0x4133, 0x4133, 0x4133, 0x4133, 0x4133, 0x4133, 0x4133, 0x4133, 0x4133, 0x4133, 0x4133, 0x4133, 
  0x4133, 0x4133, 0x4133, 0x4133, 0x4133, 0x4133, 0x4133, 0x4133, 0x4133, 0x4133, 0x4133, 0x4133, 
  0x4133, 0x4133, 0x4133, 0x4133, 0x4133, 0x308b, 0x1804, 0x1804, 0x1804, 0x1804, 0x1804, 0x1804, 
  0x1804, 0x1804, 0x1804, 0x1804, 0x1804, 0x1804, 0x1804, 0x1804, 0x1804, 0x1804, 0x1804, 0x1804, 
  0x1804, 0x1804, 0x1804, 0x1804, 0x1804, 0x1804, 0x1804, 0x1804, 0x1804, 0x1804, 0x1804, 0x1804, 
  0x1804, 0x1804, 0x1804, 0x1804, 0x1804, 0x1804, 0x1804, 0x1804, 0x1804, 0x1804, 0x1804, 0x1804, 
  0x1804, 0x1804, 0x1804, 0x1804, 0x1804, 0x1804, 0x1804, 0x1804, 0x1804, 0x1804, 0x1804, 0x1804, 
  0x1804, 0x1804, 0x1804, 0x1804, 0x1804, 0x1804, 0x1804, 0x1804, 0x1804, 0x1804, 0x1804, 0x1804, 
  0x1804, 0x1804, 0x1804, 0x1804, 0x1804, 0x1804, 0x1804, 0x1804, 0x1804, 0x1804, 0x1804, 0x1804, 
  0x1804, 0x1804, 0x1804, 0x1804, 0x1804, 0x1804, 0x1804, 0x1804, 0x1804, 0x1804, 0x1804, 0x1804, 
  0x1804, 0x1804, 0x1804, 0x1804, 0x1804, 0x1804, 0x1804, 0x1804, 0x1804, 0x1804, 0x1804, 0x1804, 
  0x1804, 0x1804, 0x1804, 0x1804, 0x1804, 0x1804, 0x1804, 0x1804, 0x1804, 0x1804, 0x1804, 0x1804, 
  0x1804, 0x1804, 0x1804, 0x1804, 0x1804, 0x1804, 0x1804, 0x1804, 0x1804, 0x1804, 0x1804, 0x1804, 
  0x1804, 0x1804, 0x1804, 0x1804, 0x1804, 0x1804, 0x1804, 0x1804, 0x1804, 0x1804, 0x1804, 0x1804, 
  0x1804, 0x1804, 0x1804, 0x1804, 0x1804, 0x1804, 0x1804, 0x1804, 0x1804, 0x1804, 0x1804, 0x1804, 
  0x1804, 0x1804, 0x1804, 0x1804, 0x1804, 0x1804, 0x1804, 0x1804, 0x1804, 0x1804, 0x1804, 0x1804, 
  0x1804, 0x1804, 0x1804, 0x1804, 0x1804, 0x1804, 0x1804, 0x1804, 0x1804, 0x1804, 0x1804, 0x1804, 
  0x1804, 0x1804, 0x1804, 0x1804, 0x1804, 0x1804, 0x1804, 0x1804, 0x1804, 0x1804, 0x1804, 0x1804, 
  0x1804, 0x1804, 0x1804, 0x1804, 0x1804, 0x1804, 0x1804, 0x1804, 0x1804, 0x1804, 0x1804, 0x1804, 
  0x1804, 0x1804, 0x1804, 0x1804, 0x1804, 0x1804, 0x1804, 0x1804, 0x1804, 0x1804, 0x1804, 0x1804, 
  0x1804, 0x1804, 0x1804, 0x1804, 0x1804, 0x1804, 0x1804, 0x1804, 0x1804, 0x1804, 0x1804, 0x1804, 
  0x4133, 0x4133, 0x4133, 0x4133, 0x4133, 0x4133, 0x4133, 0x4133, 0x4133, 0x4133, 0x4133, 0x4133, 
  0x4133, 0x4133, 0x4133, 0x4133, 0x4133, 0x4133, 0x4133, 0x4133, 0x4133, 0x4133, 0x4133, 0x4133, 
  0x4133, 0x4133, 0x4133, 0x4133, 0x4133, 0x4133, 0x4133, 0x4133, 0x4133, 0x4133, 0x4133, 0x4133, 
  0x4133, 0x4133, 0x4133, 0x4133, 0x4133, 0x4133, 0x4133, 0x4133, 0x4133, 0x4133, 0x4133, 0x4133, 
  0x4133, 0x4133, 0x4133, 0x4133, 0x4133, 0x4133, 0x4133, 0x4133, 0x4133, 0x4133, 0x4133, 0x4133, 
  0x4133, 0x4133, 0x4133, 0x4133, 0x4133, 0x4133, 0x4133, 0x4133, 0x4133, 0x4133, 0x4133, 0x4133, 
  0x4133, 0x4133, 0x4133, 0x4133, 0x4133, 0x4133, 0x4133, 0x4133, 0x4133, 0x4133, 0x4133, 0x4133, 
  0x4133, 0x4133, 0x4133, 0x4133, 0x4133, 0x4133, 0x4133, 0x4133, 0x4133, 0x4133, 0x4133, 0x4133, 
  0x4133, 0x308b, 0x1804, 0x1804, 0x1804, 0x1804, 0x1804, 0x1804, 0x1804, 0x1804, 0x1804, 0x1804, 
  0x1804, 0x1804, 0x1804, 0x1804, 0x1804, 0x1804, 0x1804, 0x1804, 0x1804, 0x1804, 0x1804, 0x1804, 
  0x1804, 0x1804, 0x1804, 0x1804, 0x1804, 0x1804, 0x1804, 0x1804, 0x1804, 0x1804, 0x1804, 0x1804, 
  0x1804, 0x1804, 0x1804, 0x1804, 0x1804, 0x1804, 0x1804, 0x1804, 0x1804, 0x1804, 0x1804, 0x1804, 
  0x1804, 0x1804, 0x1804, 0x1804, 0x1804, 0x1804, 0x1804, 0x1804, 0x1804, 0x1804, 0x1804, 0x1804, 
  0x1804, 0x1804, 0x1804, 0x1804, 0x1804, 0x1804, 0x1804, 0x1804, 0x1804, 0x1804, 0x1804, 0x1804, 
  0x1804, 0x1804, 0x1804, 0x1804, 0x1804, 0x1804, 0x1804, 0x1804, 0x1804, 0x1804, 0x1804, 0x1804, 
  0x1804, 0x1804, 0x1804, 0x1804, 0x1804, 0x1804, 0x1804, 0x1804, 0x1804, 0x1804, 0x1804, 0x1804, 
  0x1804, 0x1804, 0x1804, 0x1804, 0x1804, 0x1804, 0x1804, 0x1804, 0x1804, 0x1804, 0x1804, 0x1804, 
  0x1804, 0x1804, 0x1804, 0x1804, 0x1804, 0x1804, 0x1804, 0x1804, 0x1804, 0x1804, 0x1804, 0x1804, 
  0x1804, 0x1804, 0x1804, 0x1804, 0x1804, 0x1804, 0x1804, 0x1804, 0x1804, 0x1804, 0x1804, 0x1804, 
  0x1804, 0x1804, 0x1804, 0x1804, 0x1804, 0x1804, 0x1804, 0x1804, 0x1804, 0x1804, 0x1804, 0x1804, 
  0x1804, 0x1804, 0x1804, 0x1804, 0x1804, 0x1804, 0x1804, 0x1804, 0x1804, 0x1804, 0x1804, 0x1804, 
  0x1804, 0x1804, 0x1804, 0x1804, 0x1804, 0x1804, 0x1804, 0x1804, 0x1804, 0x1804, 0x1804, 0x1804, 
  0x1804, 0x1804, 0x1804, 0x1804, 0x1804, 0x1804, 0x1804, 0x1804, 0x1804, 0x1804, 0x1804, 0x1804, 
  0x1804, 0x1804, 0x1804, 0x1804, 0x1804, 0x1804, 0x1804, 0x1804, 0x1804, 0x1804, 0x1804, 0x1804, 
  0x1804, 0x1804, 0x1804, 0x1804, 0x1804, 0x1804, 0x1804, 0x1804, 0x1804, 0x1804, 0x1804, 0x1804, 
  0x1804, 0x1804, 0x1804, 0x1804, 0x1804, 0x1804, 0x1804, 0x1804, 0x1804, 0x1804, 0x1804, 0x1804, 
  0x1804, 0x1804, 0x1804, 0x1804, 0x1804, 0x1804, 0x1804, 0x1804, 0x4133, 0x4133, 0x4133, 0x4133, 
  0x4133, 0x4133, 0x4133, 0x4133, 0x4133, 0x4133, 0x4133, 0x4133, 0x4133, 0x4133, 0x4133, 0x4133, 
  0x4133, 0x4133, 0x4133, 0x4133, 0x4133, 0x4133, 0x4133, 0x4133, 0x4133, 0x4133, 0x4133, 0x4133, 
  0x4133, 0x4133, 0x4133, 0x4133, 0x4133, 0x4133, 0x4133, 0x4133, 0x4133, 0x4133, 0x4133, 0x4133, 
  0x4133, 0x4133, 0x4133, 0x4133, 0x4133, 0x4133, 0x4133, 0x4133, 0x4133, 0x4133, 0x4133, 0x4133, 
  0x4133, 0x4133, 0x4133, 0x4133, 0x4133, 0x4133, 0x4133, 0x4133, 0x4133, 0x4133, 0x4133, 0x4133, 
  0x4133, 0x4133, 0x4133, 0x4133, 0x4133, 0x4133, 0x4133, 0x4133, 0x4133, 0x4133, 0x4133, 0x4133, 
  0x4133, 0x4133, 0x4133, 0x4133, 0x4133, 0x4133, 0x4133, 0x4133, 0x4133, 0x4133, 0x4133, 0x4133, 
  0x4133, 0x4133, 0x4133, 0x4133, 0x4133, 0x4133, 0x4133, 0x4133, 0x4133, 0x308b, 0x1804, 0x1804, 
  0x1804, 0x1804, 0x1804, 0x1804, 0x1804, 0x1804, 0x1804, 0x1804, 0x1804, 0x1804, 0x1804, 0x1804, 
  0x1804, 0x1804, 0x1804, 0x1804, 0x1804, 0x1804, 0x1804, 0x1804, 0x1804, 0x1804, 0x1804, 0x1804, 
  0x1804, 0x1804, 0x1804, 0x1804, 0x1804, 0x1804, 0x1804, 0x1804, 0x1804, 0x1804, 0x1804, 0x1804, 
  0x1804, 0x1804, 0x1804, 0x1804, 0x1804, 0x1804, 0x1804, 0x1804, 0x1804, 0x1804, 0x1804, 0x1804, 
  0x1804, 0x1804, 0x1804, 0x1804, 0x1804, 0x1804, 0x1804, 0x1804, 0x1804, 0x1804, 0x1804, 0x1804, 
  0x1804, 0x1804, 0x1804, 0x1804, 0x1804, 0x1804, 0x1804, 0x1804, 0x1804, 0x1804, 0x1804, 0x1804, 
  0x1804, 0x1804, 0x1804, 0x1804, 0x1804, 0x1804, 0x1804, 0x1804, 0x1804, 0x1804, 0x1804, 0x1804, 
  0x1804, 0x1804, 0x1804, 0x1804, 0x1804, 0x1804, 0x1804, 0x1804, 0x1804, 0x1804, 0x1804, 0x1804, 
  0x1804, 0x1804, 0x1804, 0x1804, 0x1804, 0x1804, 0x1804, 0x1804, 0x1804, 0x1804, 0x1804, 0x1804, 
  0x1804, 0x1804, 0x1804, 0x1804, 0x1804, 0x1804, 0x1804, 0x1804, 0x1804, 0x1804, 0x1804, 0x1804, 
  0x1804, 0x1804, 0x1804, 0x1804, 0x1804, 0x1804, 0x1804, 0x1804, 0x1804, 0x1804, 0x1804, 0x1804, 
  0x1804, 0x1804, 0x1804, 0x1804, 0x1804, 0x1804, 0x1804, 0x1804, 0x1804, 0x1804, 0x1804, 0x1804, 
  0x1804, 0x1804, 0x1804, 0x1804, 0x1804, 0x1804, 0x1804, 0x1804, 0x1804, 0x1804, 0x1804, 0x1804, 
  0x1804, 0x1804, 0x1804, 0x1804, 0x1804, 0x1804, 0x1804, 0x1804, 0x1804, 0x1804, 0x1804, 0x1804, 
  0x1804, 0x1804, 0x1804, 0x1804, 0x1804, 0x1804, 0x1804, 0x1804, 0x1804, 0x1804, 0x1804, 0x1804, 
  0x1804, 0x1804, 0x1804, 0x1804, 0x1804, 0x1804, 0x1804, 0x1804, 0x1804, 0x1804, 0x1804, 0x1804, 
  0x1804, 0x1804, 0x1804, 0x1804, 0x1804, 0x1804, 0x1804, 0x1804, 0x1804, 0x1804, 0x1804, 0x1804, 
  0x1804, 0x1804, 0x1804, 0x1804, 0x1804, 0x1804, 0x1804, 0x1804, 0x1804, 0x1804, 0x1804, 0x1804, 
  0x1804, 0x1804, 0x1804, 0x1804, 0x4133, 0x4133, 0x4133, 0x4133, 0x4133, 0x4133, 0x4133, 0x4133, 
  0x4133, 0x4133, 0x4133, 0x4133, 0x4133, 0x4133, 0x4133, 0x4133, 0x4133, 0x4133, 0x4133, 0x4133, 
  0x4133, 0x4133, 0x4133, 0x4133, 0x4133, 0x4133, 0x4133, 0x4133, 0x4133, 0x4133, 0x4133, 0x4133, 
  0x4133, 0x4133, 0x4133, 0x4133, 0x4133, 0x4133, 0x4133, 0x4133, 0x4133, 0x4133, 0x4133, 0x4133, 
  0x4133, 0x4133, 0x4133, 0x4133, 0x4133, 0x4133, 0x4133, 0x4133, 0x4133, 0x4133, 0x4133, 0x4133, 
  0x4133, 0x4133, 0x4133, 0x4133, 0x4133, 0x4133, 0x4133, 0x4133, 0x4133, 0x4133, 0x4133, 0x4133, 
  0x4133, 0x4133, 0x4133, 0x4133, 0x4133, 0x4133, 0x4133, 0x4133, 0x4133, 0x4133, 0x4133, 0x4133, 
  0x4133, 0x4133, 0x4133, 0x4133, 0x4133, 0x4133, 0x4133, 0x4133, 0x4133, 0x4133, 0x4133, 0x4133, 
  0x4133, 0x4133, 0x4133, 0x4133, 0x4133, 0x308c, 0x1804, 0x1804, 0x1804, 0x1804, 0x1804, 0x1804, 
  0x1804, 0x1804, 0x1804, 0x1804, 0x1804, 0x1804, 0x1804, 0x1804, 0x1804, 0x1804, 0x1804, 0x1804, 
  0x1804, 0x1804, 0x1804, 0x1804, 0x1804, 0x1804, 0x1804, 0x1804, 0x1804, 0x1804, 0x1804, 0x1804, 
  0x1804, 0x1804, 0x1804, 0x1804, 0x1804, 0x1804, 0x1804, 0x1804, 0x1804, 0x1804, 0x1804, 0x1804, 
  0x1804, 0x1804, 0x1804, 0x1804, 0x1804, 0x1804, 0x1804, 0x1804, 0x1804, 0x1804, 0x1804, 0x1804, 
  0x1804, 0x1804, 0x1804, 0x1804, 0x1804, 0x1804, 0x1804, 0x1804, 0x1804, 0x1804, 0x1804, 0x1804, 
  0x1804, 0x1804, 0x1804, 0x1804, 0x1804, 0x1804, 0x1804, 0x1804, 0x1804, 0x1804, 0x1804, 0x2004, 
  0x1804, 0x1804, 0x1804, 0x1804, 0x1804, 0x1804, 0x1804, 0x1804, 0x1804, 0x1804, 0x1804, 0x1804, 
  0x1804, 0x1804, 0x1804, 0x1804, 0x1804, 0x1804, 0x1804, 0x1804, 0x1804, 0x1804, 0x1804, 0x1804, 
  0x1804, 0x1804, 0x1804, 0x1804, 0x1804, 0x1804, 0x1804, 0x1804, 0x1804, 0x1804, 0x1804, 0x1804, 
  0x2004, 0x1804, 0x1804, 0x1804, 0x1804, 0x1804, 0x1804, 0x1804, 0x1804, 0x1804, 0x1804, 0x2004, 
  0x1804, 0x1804, 0x1804, 0x1804, 0x1804, 0x1804, 0x1804, 0x1804, 0x1804, 0x1804, 0x1804, 0x1804, 
  0x1804, 0x1804, 0x1804, 0x1804, 0x1804, 0x1804, 0x1804, 0x1804, 0x1804, 0x1804, 0x1804, 0x1804, 
  0x1804, 0x1804, 0x1804, 0x1804, 0x1804, 0x1804, 0x1804, 0x1804, 0x1804, 0x1804, 0x1804, 0x1804, 
  0x1804, 0x1804, 0x1804, 0x1804, 0x1804, 0x1804, 0x1804, 0x2004, 0x1804, 0x1804, 0x1804, 0x1804, 
  0x1804, 0x1804, 0x1804, 0x1804, 0x1804, 0x1804, 0x1804, 0x1804, 0x1804, 0x1804, 0x1804, 0x1804, 
  0x1804, 0x1804, 0x1804, 0x1804, 0x1804, 0x1804, 0x1804, 0x1804, 0x1804, 0x1804, 0x1804, 0x1804, 
  0x1804, 0x1804, 0x1804, 0x2004, 0x1804, 0x1804, 0x1804, 0x1804, 0x1804, 0x2004, 0x1804, 0x1804, 
  0x1804, 0x2004, 0x1804, 0x1804, 0x1804, 0x1804, 0x1804, 0x1804, 0x1804, 0x1804, 0x1804, 0x1804, 
  0x4133, 0x4133, 0x4133, 0x4133, 0x4133, 0x4133, 0x4133, 0x4133, 0x4133, 0x4133, 0x4133, 0x4133, 
  0x4133, 0x4133, 0x4133, 0x4133, 0x4133, 0x4133, 0x4133, 0x4133, 0x4133, 0x4133, 0x4133, 0x4133, 
  0x4133, 0x4133, 0x4133, 0x4133, 0x4133, 0x4133, 0x4133, 0x4133, 0x4133, 0x4133, 0x4133, 0x4133, 
  0x4133, 0x4133, 0x4133, 0x4133, 0x4133, 0x4133, 0x4133, 0x4133, 0x4133, 0x4133, 0x4133, 0x4133, 
  0x4133, 0x4133, 0x4133, 0x4133, 0x4133, 0x4133, 0x4133, 0x4133, 0x4133, 0x4133, 0x4133, 0x4133, 
  0x4133, 0x4133, 0x4133, 0x4133, 0x4133, 0x4133, 0x4133, 0x4133, 0x4133, 0x4133, 0x4133, 0x4133, 
  0x4133, 0x4133, 0x4133, 0x4133, 0x4133, 0x4133, 0x4133, 0x4133, 0x4133, 0x4133, 0x4133, 0x4133, 
  0x4133, 0x4133, 0x4133, 0x4133, 0x4133, 0x4133, 0x4133, 0x4133, 0x4133, 0x4133, 0x4133, 0x4133, 
  0x4133, 0x308c, 0x1804, 0x2004, 0x2004, 0x1804, 0x2004, 0x1804, 0x1804, 0x2004, 0x1804, 0x1804, 
  0x2004, 0x1804, 0x1804, 0x1804, 0x2004, 0x1804, 0x1804, 0x1804, 0x1804, 0x1804, 0x1804, 0x2004, 
  0x2004, 0x1804, 0x1804, 0x1804, 0x1804, 0x1804, 0x2004, 0x1804, 0x1804, 0x1804, 0x2004, 0x1804, 
  0x2004, 0x1804, 0x1804, 0x1804, 0x1804, 0x1804, 0x1804, 0x1804, 0x1804, 0x2004, 0x2004, 0x1804, 
  0x1804, 0x1804, 0x2004, 0x2004, 0x1804, 0x1804, 0x1804, 0x2004, 0x1804, 0x1804, 0x2004, 0x1804, 
  0x1804, 0x2004, 0x1804, 0x1804, 0x2004, 0x2004, 0x2004, 0x1804, 0x1804, 0x1804, 0x1804, 0x2004, 
  0x1804, 0x1804, 0x1804, 0x1804, 0x1804, 0x2004, 0x2004, 0x1804, 0x1804, 0x2004, 0x2004, 0x2004, 
  0x1804, 0x1804, 0x1804, 0x1804, 0x1804, 0x1804, 0x1804, 0x1804, 0x1804, 0x1804, 0x1804, 0x1804, 
  0x1804, 0x1804, 0x1804, 0x1804, 0x1804, 0x1804, 0x1804, 0x1804, 0x1804, 0x1804, 0x1804, 0x1804, 
  0x2004, 0x2004, 0x1804, 0x1804, 0x1804, 0x1804, 0x1804, 0x1804, 0x2004, 0x1804, 0x1804, 0x1804, 
  0x1804, 0x2004, 0x1804, 0x1804, 0x1804, 0x2004, 0x2004, 0x1804, 0x1804, 0x1804, 0x2004, 0x2004, 
  0x2004, 0x1804, 0x1804, 0x1804, 0x1804, 0x1804, 0x1804, 0x2004, 0x1804, 0x1804, 0x1804, 0x2004, 
  0x1804, 0x1804, 0x1804, 0x2004, 0x2004, 0x1804, 0x1804, 0x1804, 0x1804, 0x1804, 0x1804, 0x1804, 
  0x1804, 0x1804, 0x1804, 0x1804, 0x1804, 0x1804, 0x1804, 0x1804, 0x1804, 0x1804, 0x1804, 0x1804, 
  0x1804, 0x2004, 0x1804, 0x2004, 0x1804, 0x1804, 0x1804, 0x1804, 0x1804, 0x1804, 0x1804, 0x1804, 
  0x2004, 0x1804, 0x1804, 0x1804, 0x1804, 0x2004, 0x1804, 0x2004, 0x2004, 0x1804, 0x1804, 0x1804, 
  0x1804, 0x1804, 0x1804, 0x1804, 0x1804, 0x2004, 0x1804, 0x1804, 0x1804, 0x1804, 0x1804, 0x1804, 
  0x1804, 0x2004, 0x2004, 0x1804, 0x1804, 0x2004, 0x1804, 0x1804, 0x1804, 0x1804, 0x1804, 0x1804, 
  0x1804, 0x1804, 0x2004, 0x2004, 0x2004, 0x1804, 0x1804, 0x2004, 0x4133, 0x4133, 0x4133, 0x4133, 
  0x4133, 0x4133, 0x4133, 0x4133, 0x4133, 0x4133, 0x4133, 0x4133, 0x4133, 0x4133, 0x4133, 0x4133, 
  0x4133, 0x4133, 0x4133, 0x4133, 0x4133, 0x4133, 0x4133, 0x4133, 0x4133, 0x4133, 0x4133, 0x4133, 
  0x4133, 0x4133, 0x4133, 0x4133, 0x4133, 0x4133, 0x4133, 0x4133, 0x4133, 0x4133, 0x4133, 0x4133, 
  0x4133, 0x4133, 0x4133, 0x4133, 0x4133, 0x4133, 0x4133, 0x4133, 0x4133, 0x4133, 0x4133, 0x4133, 
  0x4133, 0x4133, 0x4133, 0x4133, 0x4133, 0x4133, 0x4133, 0x4133, 0x4133, 0x4133, 0x4133, 0x4133, 
  0x4133, 0x4133, 0x4133, 0x4133, 0x4133, 0x4133, 0x4133, 0x4133, 0x4133, 0x4133, 0x4133, 0x4133, 
  0x4133, 0x4133, 0x4133, 0x4133, 0x4133, 0x4133, 0x4133, 0x4133, 0x4133, 0x4133, 0x4133, 0x4133, 
  0x4133, 0x4133, 0x4133, 0x4133, 0x4133, 0x4133, 0x4133, 0x4133, 0x4133, 0x308c, 0x1804, 0x1804, 
  0x2004, 0x1804, 0x1804, 0x2004, 0x2004, 0x2004, 0x2004, 0x2004, 0x2004, 0x2004, 0x2004, 0x2004, 
  0x2004, 0x1804, 0x2004, 0x1804, 0x2004, 0x2004, 0x1804, 0x1804, 0x2004, 0x1804, 0x1804, 0x1804, 
  0x2004, 0x1804, 0x2004, 0x2004, 0x1804, 0x2004, 0x2004, 0x1804, 0x1804, 0x2004, 0x1804, 0x2004, 
  0x1804, 0x2004, 0x2004, 0x2004, 0x2004, 0x2004, 0x2004, 0x2004, 0x1804, 0x2004, 0x2004, 0x1804, 
  0x2004, 0x2004, 0x2004, 0x2004, 0x1804, 0x2004, 0x2004, 0x1804, 0x2004, 0x2004, 0x2004, 0x2004, 
  0x1804, 0x1804, 0x2004, 0x2004, 0x2004, 0x1804, 0x1804, 0x2004, 0x2004, 0x2004, 0x2004, 0x1804, 
  0x2004, 0x2004, 0x2004, 0x1804, 0x2004, 0x1804, 0x2004, 0x2004, 0x2004, 0x2004, 0x1804, 0x2004, 
  0x2004, 0x2004, 0x2004, 0x1804, 0x2004, 0x2004, 0x2004, 0x1804, 0x2004, 0x2004, 0x2004, 0x2004, 
  0x2004, 0x1804, 0x1804, 0x1804, 0x2004, 0x2004, 0x1804, 0x2004, 0x2004, 0x1804, 0x1804, 0x1804, 
  0x2004, 0x2004, 0x2004, 0x2004, 0x2004, 0x1804, 0x2004, 0x1804, 0x1804, 0x1804, 0x2004, 0x2004, 
  0x2004, 0x1804, 0x2004, 0x2004, 0x2004, 0x2004, 0x1804, 0x1804, 0x1804, 0x1804, 0x2004, 0x1804, 
  0x2004, 0x2004, 0x2004, 0x2004, 0x1804, 0x2004, 0x2004, 0x1804, 0x1804, 0x2004, 0x2004, 0x2004, 
  0x2004, 0x1804, 0x2004, 0x1804, 0x1804, 0x2004, 0x2004, 0x1804, 0x2004, 0x1804, 0x2004, 0x2004, 
  0x2004, 0x2004, 0x2004, 0x1804, 0x2004, 0x2004, 0x1804, 0x2004, 0x2004, 0x2004, 0x1804, 0x2004, 
  0x2004, 0x2004, 0x2004, 0x2004, 0x1804, 0x1804, 0x2004, 0x2004, 0x2004, 0x2004, 0x2004, 0x2004, 
  0x2004, 0x1804, 0x1804, 0x2004, 0x2004, 0x1804, 0x2004, 0x1804, 0x2004, 0x2004, 0x1804, 0x1804, 
  0x2004, 0x2004, 0x2004, 0x2004, 0x2004, 0x2004, 0x2004, 0x2004, 0x1804, 0x1804, 0x1804, 0x1804, 
  0x2004, 0x1804, 0x2004, 0x2004, 0x1804, 0x2004, 0x2004, 0x2004, 0x2004, 0x1804, 0x1804, 0x1804, 
  0x1804, 0x1804, 0x2004, 0x1804, 0x4133, 0x4133, 0x4133, 0x4133, 0x4133, 0x4133, 0x4133, 0x4133, 
  0x4133, 0x4133, 0x4133, 0x4133, 0x4133, 0x4133, 0x4133, 0x4133, 0x4133, 0x4133, 0x4133, 0x4133, 
  0x4133, 0x4133, 0x4133, 0x4133, 0x4133, 0x4133, 0x4133, 0x4133, 0x4133, 0x4133, 0x4133, 0x4133, 
  0x4133, 0x4133, 0x4133, 0x4133, 0x4133, 0x4133, 0x4133, 0x4133, 0x4133, 0x4133, 0x4133, 0x4133, 
  0x4133, 0x4133, 0x4133, 0x4133, 0x4133, 0x4133, 0x4133, 0x4133, 0x4133, 0x4133, 0x4133, 0x4133, 
  0x4133, 0x4133, 0x4133, 0x4133, 0x4133, 0x4133, 0x4133, 0x4133, 0x4133, 0x4133, 0x4133, 0x4133, 
  0x4133, 0x4133, 0x4133, 0x4133, 0x4133, 0x4133, 0x4133, 0x4133, 0x4133, 0x4133, 0x4133, 0x4133, 
  0x4133, 0x4133, 0x4133, 0x4133, 0x4133, 0x4133, 0x4133, 0x4133, 0x4133, 0x4133, 0x4133, 0x4133, 
  0x4133, 0x4133, 0x4133, 0x4133, 0x4133, 0x308c, 0x1804, 0x2004, 0x1804, 0x1804, 0x1804, 0x1804, 
  0x1804, 0x2004, 0x2004, 0x2004, 0x2004, 0x2004, 0x2004, 0x2004, 0x2004, 0x2004, 0x2004, 0x2004, 
  0x2004, 0x2004, 0x2004, 0x2004, 0x2004, 0x2004, 0x2004, 0x2004, 0x2004, 0x2004, 0x2004, 0x2004, 
  0x2004, 0x2004, 0x2004, 0x2004, 0x2004, 0x2004, 0x2004, 0x2004, 0x2004, 0x2004, 0x2004, 0x2004, 
  0x2004, 0x2004, 0x2004, 0x2004, 0x2004, 0x2004, 0x2004, 0x2004, 0x2004, 0x2004, 0x2004, 0x2004, 
  0x2004, 0x2004, 0x2004, 0x2004, 0x2004, 0x2004, 0x2004, 0x2004, 0x2004, 0x2004, 0x1804, 0x2004, 
  0x2004, 0x2004, 0x2004, 0x2004, 0x2004, 0x2004, 0x2004, 0x2004, 0x2004, 0x2004, 0x1804, 0x2004, 
  0x2004, 0x2004, 0x2004, 0x2004, 0x1804, 0x2004, 0x2004, 0x1804, 0x2004, 0x2004, 0x2004, 0x2004, 
  0x2004, 0x2004, 0x1804, 0x2004, 0x2004, 0x2004, 0x2004, 0x2004, 0x2004, 0x2004, 0x2004, 0x2004, 
  0x2004, 0x2004, 0x2004, 0x2004, 0x2004, 0x2004, 0x2004, 0x1804, 0x2004, 0x2004, 0x2004, 0x2004, 
  0x2004, 0x2004, 0x2004, 0x2004, 0x2004, 0x2004, 0x2004, 0x2004, 0x2004, 0x2004, 0x2004, 0x2004, 
  0x2004, 0x2004, 0x2004, 0x2004, 0x2004, 0x2004, 0x2004, 0x2004, 0x2004, 0x2004, 0x2004, 0x2004, 
  0x2004, 0x2004, 0x2004, 0x2004, 0x2004, 0x2004, 0x2004, 0x2004, 0x2004, 0x2004, 0x2004, 0x2004, 
  0x1804, 0x2004, 0x2004, 0x2004, 0x2004, 0x2004, 0x2004, 0x2004, 0x2004, 0x2004, 0x2004, 0x2004, 
  0x2004, 0x2004, 0x2004, 0x2004, 0x2004, 0x2004, 0x2004, 0x2004, 0x2004, 0x2004, 0x1804, 0x2004, 
  0x2004, 0x2004, 0x2004, 0x2004, 0x2004, 0x1804, 0x2004, 0x2004, 0x2004, 0x2004, 0x1804, 0x2004, 
  0x2004, 0x2004, 0x2004, 0x2004, 0x2004, 0x2004, 0x2004, 0x2004, 0x2004, 0x2004, 0x2004, 0x2004, 
  0x2004, 0x2004, 0x2004, 0x2004, 0x2004, 0x2004, 0x2004, 0x2004, 0x2004, 0x1804, 0x2004, 0x2004, 
  0x2004, 0x2004, 0x2004, 0x2004, 0x2004, 0x2004, 0x2004, 0x2004, 0x2004, 0x2004, 0x1804, 0x2004, 
  0x4133, 0x4133, 0x4133, 0x4133, 0x4133, 0x4133, 0x4133, 0x4133, 0x4133, 0x4133, 0x4133, 0x4133, 
  0x4133, 0x4133, 0x4133, 0x4133, 0x4133, 0x4133, 0x4133, 0x4133, 0x4133, 0x4133, 0x4133, 0x4133, 
  0x72f6, 0xd65c, 0xd65c, 0xd65c, 0xc5dc, 0x5a15, 0x4133, 0x4133, 0x4133, 0x4133, 0x5a15, 0xd65c, 
  0x5194, 0x4133, 0x4133, 0xd65c, 0xd65c, 0xd65c, 0xd65c, 0xd65c, 0xd65c, 0xa499, 0x6276, 0xd65c, 
  0xd65c, 0xd65c, 0xd65c, 0xd65c, 0xd65c, 0x6275, 0x5194, 0xd65c, 0xd65c, 0xd65c, 0xd65c, 0xd65c, 
  0x6275, 0x4133, 0xbd7b, 0xd65c, 0xd65c, 0xd65c, 0x8bb8, 0x4133, 0x4133, 0xc5dc, 0x5a15, 0x4133, 
  0x4133, 0x4133, 0x6a76, 0xbd7b, 0x5194, 0x4133, 0x4133, 0x4133, 0x4133, 0x4133, 0x4133, 0x4133, 
  0x4133, 0x4133, 0x4133, 0x4133, 0x4133, 0x4133, 0x4133, 0x4133, 0x4133, 0x4133, 0x4133, 0x4133, 
  0x4133, 0x308c, 0x1804, 0x1804, 0x1804, 0x1804, 0x1804, 0x1804, 0x1804, 0x1804, 0x2004, 0x2004, 
  0x2004, 0x2004, 0x2004, 0x2004, 0x2004, 0x2004, 0x2004, 0x2004, 0x2004, 0x2004, 0x2004, 0xad15, 
  0xc619, 0xc5f9, 0xc619, 0x730e, 0x3908, 0x2004, 0x2004, 0x2004, 0x2004, 0x4989, 0xc619, 0x2886, 
  0x2004, 0x2004, 0x2004, 0x1804, 0x730e, 0xce19, 0xd67a, 0xacf5, 0x3908, 0x2004, 0x2004, 0xad15, 
  0x38e8, 0x2004, 0x2004, 0x2004, 0x2886, 0xbd97, 0x2004, 0x2004, 0xc619, 0xc619, 0xc619, 0xc619, 
  0x730e, 0x2004, 0x2004, 0x2004, 0x2004, 0x730e, 0xc619, 0xd67a, 0xacf5, 0x3908, 0x2004, 0x2004, 
  0x2004, 0x2004, 0x3908, 0xc5f9, 0x520b, 0x2004, 0x2004, 0x2004, 0x520b, 0xc5f9, 0xc619, 0xc619, 
  0xbd97, 0x4989, 0x2004, 0x2004, 0x8390, 0xc619, 0xc5f9, 0xc5f9, 0x9c73, 0x3908, 0x2004, 0x2004, 
  0x2004, 0x2004, 0x2004, 0x2004, 0x2004, 0x2004, 0x2004, 0x2004, 0x2004, 0x2004, 0x2004, 0x2004, 
  0x2004, 0x2004, 0x2004, 0x2004, 0x2004, 0x2004, 0x2004, 0x2004, 0x2004, 0x2004, 0x2004, 0x2004, 
  0x2004, 0x2004, 0x2004, 0x2004, 0x2004, 0x2004, 0x2004, 0x2004, 0x2004, 0x2004, 0x2004, 0x2004, 
  0x2004, 0x2004, 0x2004, 0x2004, 0x2004, 0x2004, 0x2004, 0x2004, 0x2004, 0x2004, 0x2004, 0x2004, 
  0x2004, 0x2004, 0x2004, 0x2004, 0x2004, 0xc619, 0x2004, 0x2004, 0x2004, 0x2004, 0x2004, 0x2004, 
  0x2886, 0x9c94, 0xe6fc, 0xd67a, 0x8390, 0x2886, 0x2004, 0x2004, 0x2004, 0x2886, 0x9412, 0xd67a, 
  0xd67a, 0xacf5, 0x3908, 0x2004, 0x2004, 0x2004, 0x730e, 0xc619, 0xd67a, 0xacf5, 0x3908, 0x2004, 
  0x2004, 0x2004, 0x2004, 0x2004, 0x2004, 0x2004, 0x2004, 0x2004, 0x2004, 0x2004, 0x2004, 0x2004, 
  0x2004, 0x2004, 0x2004, 0x2004, 0x2004, 0x2004, 0x2004, 0x2004, 0x2004, 0x2004, 0x2004, 0x2004, 
  0x2004, 0x2004, 0x2004, 0x2004, 0x2004, 0x2004, 0x2004, 0x2004, 0x2004, 0x2004, 0x2004, 0x2004, 
  0x2004, 0x2004, 0x2004, 0x2004, 0x2004, 0x2004, 0x2004, 0x2004, 0x4133, 0x4133, 0x4133, 0x4133, 
  0x4133, 0x4133, 0x4133, 0x4133, 0x4133, 0x4133, 0x4133, 0x4133, 0x4133, 0x4133, 0x4133, 0x4133, 
  0x4133, 0x4133, 0x4133, 0x4133, 0x4133, 0x4133, 0x4133, 0x4133, 0x8bb8, 0xdebd, 0x72d6, 0x72d6, 
  0x8bb8, 0xe73e, 0x5194, 0x4133, 0x4133, 0x4133, 0xbd7b, 0xf79f, 0x9439, 0x4133, 0x4133, 0x72d6, 
  0x72d6, 0x9439, 0xf79f, 0x72d6, 0x72d6, 0x5a15, 0x5194, 0x72d6, 0x72d6, 0xbd7b, 0xbd7b, 0x72d6, 
  0x72d6, 0x4994, 0x5a15, 0xffff, 0x72d6, 0x72d6, 0x72d6, 0x72d6, 0x4994, 0x4133, 0xef3e, 0x8bb8, 
  0x72d6, 0x72d6, 0xc5dc, 0xc5dc, 0x4133, 0xa499, 0xd65c, 0x4133, 0x4133, 0x4133, 0xef3e, 0x8bb8, 
  0x4133, 0x4133, 0x4133, 0x4133, 0x4133, 0x4133, 0x4133, 0x4133, 0x4133, 0x4133, 0x4133, 0x4133, 
  0x4133, 0x4133, 0x4133, 0x4133, 0x4133, 0x4133, 0x4133, 0x4133, 0x4133, 0x308b, 0x1804, 0x1804, 
  0x1804, 0x1804, 0x1804, 0x1804, 0x1804, 0x1804, 0x2004, 0x2004, 0x2004, 0x2004, 0x2004, 0x2004, 
  0x2004, 0x2004, 0x2004, 0x2004, 0x2004, 0x2004, 0x2004, 0xe71c, 0x8390, 0x5a0b, 0x5a0b, 0xad15, 
  0xe6fc, 0x3908, 0x2004, 0x2004, 0x2004, 0xacf5, 0xf77e, 0x730f, 0x2004, 0x2004, 0x2004, 0x730f, 
  0xe6fc, 0x5a0b, 0x3908, 0x8390, 0xf77e, 0x2886, 0x2004, 0xe71c, 0x38e8, 0x2004, 0x2004, 0x2004, 
  0x3908, 0xe6fc, 0x2004, 0x2004, 0xffff, 0x730f, 0x59eb, 0x5a0b, 0xd67a, 0x8bf2, 0x2004, 0x2004, 
  0x9412, 0xd67a, 0x520b, 0x4989, 0x730f, 0xe6fc, 0x4989, 0x2004, 0x2004, 0x2004, 0x730e, 0xf77e, 
  0x8c12, 0x2004, 0x2004, 0x2004, 0x730f, 0xd67a, 0x5a0b, 0x5a0b, 0x730e, 0xf77e, 0x5a0b, 0x2004, 
  0xad15, 0x9c74, 0x59eb, 0x5a0b, 0x9c74, 0xf77e, 0x4989, 0x2004, 0x2004, 0x2004, 0x2004, 0x2004, 
  0x2004, 0x2004, 0x2004, 0x2004, 0x2004, 0x2004, 0x2004, 0x2004, 0x2004, 0x2004, 0x2004, 0x2004, 
  0x2004, 0x2004, 0x2004, 0x2004, 0x2004, 0x2004, 0x2004, 0x2004, 0x2004, 0x2004, 0x2004, 0x2004, 
  0x2004, 0x2004, 0x2004, 0x2004, 0x2004, 0x2004, 0x2004, 0x2004, 0x2004, 0x2004, 0x2004, 0x2004, 
  0x2004, 0x2004, 0x2004, 0x2004, 0x2004, 0x2004, 0x2004, 0x2004, 0x2004, 0x2004, 0x2004, 0x2004, 
  0x2004, 0xffff, 0x2004, 0x2004, 0x2004, 0x2004, 0x2004, 0x3908, 0xe6fc, 0x9c74, 0x3908, 0x59eb, 
  0xad15, 0xd67a, 0x2004, 0x2004, 0x2004, 0xe6fc, 0x9c74, 0x5a0b, 0x4989, 0xacf5, 0xe6fc, 0x2886, 
  0x2004, 0x730e, 0xe6fc, 0x5a0b, 0x3908, 0x8390, 0xe6fc, 0x2886, 0x2004, 0x2004, 0x2004, 0x2004, 
  0x2004, 0x2004, 0x2004, 0x2004, 0x2004, 0x2004, 0x2004, 0x2004, 0x2004, 0x2004, 0x2004, 0x2004, 
  0x2004, 0x2004, 0x2004, 0x2004, 0x2004, 0x2004, 0x2004, 0x2004, 0x2004, 0x2004, 0x2004, 0x2004, 
  0x2004, 0x2004, 0x2004, 0x2004, 0x2004, 0x2004, 0x2004, 0x2004, 0x2004, 0x2004, 0x2004, 0x2004, 
  0x2004, 0x2004, 0x2004, 0x2004, 0x4133, 0x4133, 0x4133, 0x4133, 0x4133, 0x4133, 0x4133, 0x4133, 
  0x4133, 0x4133, 0x4133, 0x4133, 0x4133, 0x4133, 0x4133, 0x4133, 0x4133, 0x4133, 0x4133, 0x4133, 
  0x4133, 0x4133, 0x4133, 0x4133, 0x8bb8, 0xd65c, 0x4133, 0x4133, 0x4133, 0xbd7b, 0x8bb8, 0x4133, 
  0x4133, 0x4133, 0xef3e, 0x8bb8, 0xd65c, 0x4133, 0x4133, 0x4133, 0x4133, 0x72f6, 0xe73e, 0x4133, 
  0x4133, 0x4133, 0x4133, 0x4133, 0x4133, 0xa499, 0xa499, 0x4133, 0x4133, 0x4133, 0x5a15, 0xffff, 
  0x4133, 0x4133, 0x4133, 0x4133, 0x4133, 0x4133, 0xef3e, 0x5a15, 0x4133, 0x4133, 0x5194, 0xf79f, 
  0x4133, 0x5194, 0xe71e, 0x72d6, 0x4133, 0x9439, 0xc5dc, 0x4133, 0x4133, 0x4133, 0x4133, 0x4133, 
  0x4133, 0x4133, 0x4133, 0x4133, 0x4133, 0x4133, 0x4133, 0x4133, 0x4133, 0x4133, 0x4133, 0x4133, 
  0x4133, 0x4133, 0x4133, 0x4133, 0x4133, 0x308b, 0x1804, 0x1804, 0x1804, 0x1804, 0x1804, 0x1804, 
  0x1804, 0x1804, 0x2004, 0x2004, 0x2005, 0x2004, 0x2004, 0x2005, 0x2004, 0x2004, 0x2004, 0x2004, 
  0x2004, 0x2004, 0x2004, 0xe6fc, 0x5a0b, 0x2004, 0x2004, 0x2004, 0x9c74, 0x9c94, 0x2004, 0x2004, 
  0x2004, 0xf77e, 0x730f, 0xc5f9, 0x2004, 0x2004, 0x2004, 0xacf5, 0x730f, 0x2004, 0x2004, 0x2004, 
  0x8390, 0x3908, 0x2004, 0xe6fc, 0x3908, 0x2005, 0x2004, 0x2004, 0x3908, 0xe6fc, 0x2004, 0x2005, 
  0xffff, 0x3908, 0x2004, 0x2004, 0x628d, 0xbd77, 0x2004, 0x3908, 0xe6fc, 0x3908, 0x2004, 0x2004, 
  0x2004, 0x628d, 0xc5f9, 0x2004, 0x2004, 0x2004, 0xd67a, 0x626d, 0xf77e, 0x2004, 0x2004, 0x2004, 
  0x730f, 0xc5f9, 0x2004, 0x2004, 0x2004, 0x9c74, 0x9c94, 0x2004, 0xad15, 0x730f, 0x2004, 0x2004, 
  0x2004, 0x628d, 0xc5f9, 0x2004, 0x2004, 0x2004, 0x2004, 0x2004, 0x2004, 0x2004, 0x2004, 0x2004, 
  0x2004, 0x2004, 0x2004, 0x2004, 0x2004, 0x2004, 0x2004, 0x2004, 0x2004, 0x2004, 0x2004, 0x2004, 
  0x2004, 0x2004, 0x2004, 0x2004, 0x2004, 0x2005, 0x2004, 0x2004, 0x2004, 0x2004, 0x2004, 0x2004, 
  0x2004, 0x2004, 0x2004, 0x2004, 0x2004, 0x2004, 0x2004, 0x2004, 0x2004, 0x2004, 0x2004, 0x2004, 
  0x2004, 0x2004, 0x2004, 0x2004, 0x2004, 0x2004, 0x2004, 0x2005, 0x2004, 0xffff, 0x2004, 0x2004, 
  0x2004, 0x2004, 0x2004, 0xad15, 0xacf5, 0x2004, 0x2005, 0x2004, 0x2004, 0xc5f9, 0x72ef, 0x2004, 
  0x730f, 0xacf5, 0x2005, 0x2004, 0x2004, 0x2004, 0xcdf9, 0x9412, 0x2005, 0xacf5, 0x730f, 0x2005, 
  0x2004, 0x2004, 0x8370, 0x3908, 0x2004, 0x2004, 0x2004, 0x2005, 0x2004, 0x2004, 0x2004, 0x2004, 
  0x2004, 0x2004, 0x2004, 0x2004, 0x2004, 0x2004, 0x2004, 0x2004, 0x2004, 0x2004, 0x2004, 0x2004, 
  0x2004, 0x2004, 0x2004, 0x2004, 0x2004, 0x2004, 0x2004, 0x2004, 0x2004, 0x2004, 0x2004, 0x2004, 
  0x2004, 0x2004, 0x2004, 0x2004, 0x2004, 0x2004, 0x2005, 0x2004, 0x2004, 0x2004, 0x2004, 0x2004, 
  0x4133, 0x4133, 0x4133, 0x4133, 0x4133, 0x4133, 0x4133, 0x4133, 0x4133, 0x4133, 0x4133, 0x4133, 
  0x4133, 0x4133, 0x4133, 0x4133, 0x4133, 0x4133, 0x4133, 0x4133, 0x4133, 0x4133, 0x4133, 0x4133, 
  0x8bb8, 0xd65c, 0x4133, 0x4133, 0x5a15, 0xef3e, 0x5a15, 0x4133, 0x4133, 0x72f6, 0xd65c, 0x4133, 
  0xef3e, 0x72d6, 0x4133, 0x4133, 0x4133, 0x72f6, 0xef3e, 0x4133, 0x4133, 0x4133, 0x4133, 0x4133, 
  0x4133, 0xa499, 0xa499, 0x4133, 0x4133, 0x4133, 0x5a15, 0xffff, 0x4133, 0x4133, 0x4133, 0x4133, 
  0x4133, 0x4133, 0xef3e, 0x5a15, 0x4133, 0x4133, 0x5a15, 0xffff, 0x4133, 0x4133, 0x72d6, 0xef3e, 
  0x5a15, 0xef3e, 0x5a15, 0x4133, 0x4133, 0x4133, 0x4133, 0x4133, 0x4133, 0x4133, 0x4133, 0x4133, 
  0x4133, 0x4133, 0x4133, 0x4133, 0x4133, 0x4133, 0x4133, 0x4133, 0x4133, 0x4133, 0x4133, 0x4133, 
  0x4133, 0x288b, 0x1803, 0x1803, 0x1803, 0x1803, 0x1804, 0x1804, 0x1804, 0x1804, 0x1804, 0x2005, 
  0x2005, 0x2005, 0x2005, 0x2004, 0x2004, 0x2004, 0x2004, 0x2005, 0x2005, 0x2005, 0x2004, 0xe71c, 
  0x5a0b, 0x2005, 0x2004, 0x2005, 0x3908, 0xf77e, 0x2005, 0x2005, 0x730f, 0xbd77, 0x2005, 0xf77e, 
  0x2886, 0x2005, 0x2004, 0x8390, 0xd67a, 0x498a, 0x2005, 0x2005, 0x2005, 0x2004, 0x2005, 0xe71c, 
  0x3908, 0x2005, 0x2005, 0x2004, 0x3908, 0xe6fc, 0x2005, 0x2004, 0xffff, 0x3908, 0x2005, 0x2005, 
  0xad15, 0x9c74, 0x2004, 0x8390, 0xacf5, 0x2005, 0x2005, 0x2005, 0x2005, 0x2004, 0xf77e, 0x2886, 
  0x2005, 0x498a, 0xe6fc, 0x2005, 0xcdf9, 0x5a0b, 0x2005, 0x2004, 0x730f, 0xc5f9, 0x2005, 0x2005, 
  0x2005, 0xad15, 0x93f2, 0x2005, 0xad15, 0x730f, 0x2005, 0x2004, 0x2005, 0x2004, 0xf77e, 0x2886, 
  0x2005, 0x2005, 0x2005, 0x2005, 0x2005, 0x2005, 0x2005, 0x2005, 0x2005, 0x2005, 0x2005, 0x2005, 
  0x2005, 0x2005, 0x2005, 0x2004, 0x2005, 0x2005, 0x2005, 0x2005, 0x2005, 0x2005, 0x2005, 0x2005, 
  0x2005, 0x2005, 0x2005, 0x2005, 0x2004, 0x2005, 0x2005, 0x2004, 0x2004, 0x2005, 0x2005, 0x2004, 
  0x2005, 0x2005, 0x2005, 0x2005, 0x2004, 0x2005, 0x2005, 0x2004, 0x2004, 0x2005, 0x2005, 0x2005, 
  0x2004, 0x2005, 0x2005, 0x2005, 0x2004, 0xffff, 0x2005, 0x2005, 0x2005, 0x2005, 0x2005, 0xd67a, 
  0x498a, 0x2005, 0x2004, 0x2004, 0x2005, 0x730f, 0xacf5, 0x2005, 0xce19, 0x628d, 0x2005, 0x2005, 
  0x2005, 0x2005, 0x2004, 0x2005, 0x2005, 0x8390, 0xd67a, 0x498a, 0x2004, 0x2005, 0x2005, 0x2005, 
  0x2005, 0x2005, 0x2005, 0x2005, 0x2005, 0x2005, 0x2005, 0x2005, 0x2005, 0x2005, 0x2004, 0x2004, 
  0x2004, 0x2005, 0x2004, 0x2005, 0x2005, 0x2005, 0x2005, 0x2004, 0x2005, 0x2005, 0x2004, 0x2005, 
  0x2005, 0x2005, 0x2005, 0x2004, 0x2005, 0x2005, 0x2004, 0x2004, 0x2005, 0x2004, 0x2005, 0x2004, 
  0x2005, 0x2005, 0x2005, 0x2004, 0x2005, 0x2005, 0x2005, 0x2005, 0x4133, 0x4133, 0x4133, 0x4133, 
  0x4133, 0x4133, 0x4133, 0x4133, 0x4133, 0x4133, 0x4133, 0x4133, 0x4133, 0x4133, 0x4133, 0x4133, 
  0x4133, 0x4133, 0x4133, 0x4133, 0x4133, 0x4133, 0x4133, 0x4133, 0x8bb8, 0xffff, 0xef3e, 0xef3e, 
  0xffff, 0xbd7b, 0x4133, 0x4133, 0x4133, 0xbd7b, 0x8bb8, 0x4133, 0xa499, 0xa499, 0x4133, 0x4133, 
  0x4133, 0x72f6, 0xef3e, 0x4133, 0x4133, 0x4133, 0x4133, 0x4133, 0x4133, 0xa499, 0xa499, 0x4133, 
  0x4133, 0x4133, 0x5a15, 0xffff, 0xef3e, 0xef3e, 0xef3e, 0xd65c, 0x4133, 0x4133, 0xef3e, 0x9439, 
  0x8bb8, 0x8bb8, 0xdebd, 0xacfa, 0x4133, 0x4133, 0x4133, 0xc5dc, 0xf79f, 0xa499, 0x4133, 0x4133, 
  0x4133, 0x4133, 0x4133, 0x4133, 0x4133, 0x4133, 0x4133, 0x4133, 0x4133, 0x4133, 0x4133, 0x4133, 
  0x4133, 0x4133, 0x4133, 0x4133, 0x4133, 0x4133, 0x4133, 0x4133, 0x4133, 0x288b, 0x1803, 0x1803, 
  0x1803, 0x1803, 0x1804, 0x1804, 0x1804, 0x1804, 0x2004, 0x2005, 0x2005, 0x2005, 0x2005, 0x2005, 
  0x2005, 0x2005, 0x2005, 0x2005, 0x2005, 0x2005, 0x2005, 0xe71c, 0x5a0b, 0x2005, 0x2005, 0x2005, 
  0x2005, 0xffff, 0x2005, 0x2005, 0xce19, 0x628d, 0x2005, 0x9c94, 0x9412, 0x2005, 0x2005, 0x2005, 
  0x730f, 0xd67a, 0xe6fc, 0xacf5, 0x3908, 0x2005, 0x2005, 0xe6fc, 0xe71c, 0xe6fc, 0xe71c, 0xe71c, 
  0xe6fc, 0xe6fc, 0x2005, 0x2005, 0xffff, 0xe6fc, 0xe71c, 0xf77e, 0xd67a, 0x3908, 0x2005, 0x93f2, 
  0x9412, 0x2005, 0x2005, 0x2005, 0x2005, 0x2005, 0xe71c, 0x3908, 0x2005, 0xad15, 0x9c74, 0x2005, 
  0x8370, 0xacf5, 0x2005, 0x2005, 0x730f, 0xe6fc, 0x730f, 0x730f, 0x9412, 0xe6fc, 0x3908, 0x2005, 
  0xad15, 0x730f, 0x2005, 0x2005, 0x2005, 0x2005, 0xe71c, 0x3908, 0x2005, 0x2005, 0x2005, 0x2005, 
  0x2005, 0x2005, 0x2005, 0x2005, 0x2005, 0x2005, 0x2005, 0x2005, 0x2005, 0x2005, 0x2005, 0x2005, 
  0x2005, 0x2005, 0x2005, 0x2005, 0x2005, 0x2005, 0x2005, 0x2005, 0x2005, 0x2005, 0x2005, 0x2005, 
  0x2005, 0x2005, 0x2005, 0x2005, 0x2005, 0x2005, 0x2005, 0x2005, 0x2005, 0x2005, 0x2005, 0x2005, 
  0x2005, 0x2005, 0x2005, 0x2005, 0x2005, 0x2005, 0x2005, 0x2005, 0x2005, 0x2005, 0x2005, 0x2005, 
  0x2005, 0xffff, 0x2005, 0x2005, 0x2005, 0x2005, 0x2005, 0xe71c, 0x3908, 0x2005, 0x2005, 0x2005, 
  0x2005, 0x5a0b, 0xc5f9, 0x2005, 0xce19, 0x5a0b, 0x2005, 0x2005, 0x5a0b, 0x730f, 0x730f, 0x5a0b, 
  0x2005, 0x2005, 0x730f, 0xd67a, 0xe6fc, 0xacf5, 0x3908, 0x2005, 0x2005, 0x2005, 0x2005, 0x2005, 
  0x2005, 0x2005, 0x2005, 0x2005, 0x2005, 0x2005, 0x2005, 0x2005, 0x2005, 0x2005, 0x2005, 0x2005, 
  0x2005, 0x2005, 0x2005, 0x2005, 0x2005, 0x2005, 0x2005, 0x2005, 0x2005, 0x2005, 0x2005, 0x2005, 
  0x2005, 0x2005, 0x2005, 0x2005, 0x2005, 0x2005, 0x2005, 0x2005, 0x2005, 0x2005, 0x2005, 0x2005, 
  0x2005, 0x2005, 0x2005, 0x2005, 0x4133, 0x4133, 0x4133, 0x4133, 0x4133, 0x4133, 0x4133, 0x4133, 
  0x4133, 0x4133, 0x4133, 0x4133, 0x4133, 0x4133, 0x4133, 0x4133, 0x4133, 0x4133, 0x4133, 0x4133, 
  0x4133, 0x4133, 0x4133, 0x4133, 0x8bb8, 0xd65c, 0x4133, 0x4133, 0x5a15, 0xdebd, 0x9439, 0x4133, 
  0x5194, 0xffff, 0xa499, 0x8bb8, 0x9439, 0xf79f, 0x4133, 0x4133, 0x4133, 0x72f6, 0xef3e, 0x4133, 
  0x4133, 0x4133, 0x4133, 0x4133, 0x4133, 0xa499, 0xa499, 0x4133, 0x4133, 0x4133, 0x5a15, 0xffff, 
  0x5a15, 0x5a15, 0x5a15, 0x5a15, 0x4133, 0x4133, 0xef3e, 0xc5dc, 0xbd7b, 0xe71e, 0xc5dc, 0x4133, 
  0x4133, 0x4133, 0x4133, 0x6a76, 0xffff, 0x4133, 0x4133, 0x4133, 0x4133, 0x4133, 0x4133, 0x4133, 
  0x4133, 0x4133, 0x4133, 0x4133, 0x4133, 0x4133, 0x4133, 0x4133, 0x4133, 0x4133, 0x4133, 0x4133, 
  0x4133, 0x4133, 0x4133, 0x4133, 0x3911, 0x1825, 0x1803, 0x1804, 0x1804, 0x1803, 0x1804, 0x1804, 
  0x1804, 0x1804, 0x2004, 0x2005, 0x2005, 0x2005, 0x2005, 0x2005, 0x2005, 0x2005, 0x2005, 0x2005, 
  0x2005, 0x2005, 0x2005, 0xe71c, 0x59eb, 0x2005, 0x2005, 0x2005, 0x2886, 0xf77e, 0x2005, 0x3908, 
  0xffff, 0x730f, 0x730f, 0x9c94, 0xc5f9, 0x2005, 0x2005, 0x2005, 0x2005, 0x2005, 0x3908, 0x8390, 
  0xf77e, 0x2886, 0x2005, 0xe71c, 0x5a0b, 0x3908, 0x3908, 0x3908, 0x5a0b, 0xe6fc, 0x2005, 0x2005, 
  0xffff, 0x38e8, 0x2005, 0x2886, 0x93f2, 0xc5f9, 0x2005, 0x8370, 0x9c94, 0x2005, 0x2005, 0x2005, 
  0x2005, 0x2005, 0xf77e, 0x3908, 0x2005, 0xe6fc, 0x9412, 0x730f, 0x8390, 0xf77e, 0x2886, 0x2005, 
  0x730f, 0xe6fc, 0xacf5, 0xbd77, 0xffff, 0x498a, 0x2005, 0x2005, 0xad15, 0x72ef, 0x2005, 0x2005, 
  0x2005, 0x2005, 0xf77e, 0x3908, 0x2005, 0x2005, 0x2005, 0x2005, 0x2005, 0x2005, 0x2005, 0x2005, 
  0x2005, 0x2005, 0x2005, 0x2005, 0x2005, 0x2005, 0x2005, 0x2005, 0x2005, 0x2005, 0x2005, 0x2005, 
  0x2005, 0x2005, 0x2005, 0x2005, 0x2005, 0x2005, 0x2005, 0x2005, 0x2005, 0x2005, 0x2005, 0x2005, 
  0x2005, 0x2005, 0x2005, 0x2005, 0x2005, 0x2005, 0x2005, 0x2005, 0x2005, 0x2005, 0x2005, 0x2005, 
  0x2005, 0x2005, 0x2005, 0x2005, 0x2005, 0x2005, 0x2005, 0x2005, 0x2005, 0xffff, 0x2005, 0x2005, 
  0x2005, 0x2005, 0x2005, 0xe71c, 0x38e8, 0x2005, 0x2005, 0x2005, 0x2005, 0x628d, 0xc5f9, 0x2005, 
  0xbd97, 0x628d, 0x2005, 0x2005, 0x730f, 0xacf5, 0xc5f9, 0xacf5, 0x2005, 0x2005, 0x2005, 0x2005, 
  0x3908, 0x93f2, 0xf77e, 0x2886, 0x2005, 0x2005, 0x2005, 0x2005, 0x2005, 0x2005, 0x2005, 0x2005, 
  0x2005, 0x2005, 0x2005, 0x2005, 0x2005, 0x2005, 0x2005, 0x2005, 0x2005, 0x2005, 0x2005, 0x2005, 
  0x2005, 0x2005, 0x2005, 0x2005, 0x2005, 0x2005, 0x2005, 0x2005, 0x2005, 0x2005, 0x2005, 0x2005, 
  0x2005, 0x2005, 0x2005, 0x2005, 0x2005, 0x2005, 0x2005, 0x2005, 0x2005, 0x2005, 0x2005, 0x2005, 
  0x4133, 0x4133, 0x4133, 0x4133, 0x4133, 0x4133, 0x4133, 0x4133, 0x4133, 0x4133, 0x4133, 0x4133, 
  0x4134, 0x4133, 0x4133, 0x4133, 0x4133, 0x4133, 0x4133, 0x4133, 0x4133, 0x4133, 0x4133, 0x4133, 
  0x8bb8, 0xd65c, 0x4133, 0x4133, 0x4133, 0x8357, 0xc5dc, 0x4134, 0x8bb8, 0xdebd, 0xa499, 0xa499, 
  0xa499, 0xdebd, 0x72d6, 0x4133, 0x4133, 0x72f6, 0xef3e, 0x4133, 0x4133, 0x4133, 0x4133, 0x4133, 
  0x4133, 0xa499, 0xa499, 0x4133, 0x4133, 0x4133, 0x5a15, 0xffff, 0x4133, 0x4133, 0x4133, 0x4133, 
  0x4133, 0x4133, 0xef3e, 0x5a15, 0x4133, 0x72d6, 0xf79f, 0x5194, 0x4133, 0x4133, 0x4133, 0x5a15, 
  0xffff, 0x4133, 0x4133, 0x4133, 0x4133, 0x4133, 0x4133, 0x4133, 0x4133, 0x4133, 0x4133, 0x4133, 
  0x4133, 0x4133, 0x4133, 0x4134, 0x4133, 0x4133, 0x4133, 0x4133, 0x4133, 0x4133, 0x4133, 0x3911, 
  0x1826, 0x1804, 0x1804, 0x1804, 0x1803, 0x1804, 0x1804, 0x1804, 0x1804, 0x1804, 0x2004, 0x2005, 
  0x2005, 0x2005, 0x2005, 0x2005, 0x2005, 0x2005, 0x2005, 0x2005, 0x2005, 0x2005, 0x2005, 0xe6fc, 
  0x5a0b, 0x2005, 0x2005, 0x2005, 0x730f, 0xc5f9, 0x2005, 0x730f, 0xcdf9, 0x9412, 0x9412, 0x9412, 
  0xf77e, 0x5a0b, 0x2005, 0x498a, 0x2886, 0x2005, 0x2005, 0x2005, 0xacf5, 0x730f, 0x2005, 0xe6fc, 
  0x38e8, 0x2005, 0x2005, 0x2005, 0x3908, 0xe6fc, 0x2005, 0x2005, 0xffff, 0x38e8, 0x2005, 0x2005, 
  0x2005, 0xf77e, 0x3086, 0x5a0b, 0xf77e, 0x2005, 0x2005, 0x2005, 0x2005, 0x498a, 0xe6fc, 0x2005, 
  0x5a0b, 0xe6fc, 0x9412, 0x93f2, 0x9412, 0xd67a, 0x8391, 0x2005, 0x730f, 0xcdf9, 0x2005, 0x2005, 
  0xbd77, 0x9412, 0x2005, 0x2005, 0xacf5, 0x730f, 0x2005, 0x2005, 0x2005, 0x498a, 0xe6fc, 0x2005, 
  0x2005, 0x2005, 0x2005, 0x2005, 0x2005, 0x2005, 0x2005, 0x2005, 0x2005, 0x2005, 0x2005, 0x2005, 
  0x2005, 0x2005, 0x2005, 0x2005, 0x2005, 0x2005, 0x2005, 0x2005, 0x2005, 0x2005, 0x2005, 0x2005, 
  0x2005, 0x2005, 0x2005, 0x2005, 0x2005, 0x2005, 0x2005, 0x2005, 0x2005, 0x2005, 0x2005, 0x2005, 
  0x2005, 0x2005, 0x2005, 0x2005, 0x2005, 0x2005, 0x2005, 0x2005, 0x2005, 0x2005, 0x2005, 0x2005, 
  0x2005, 0x2005, 0x2005, 0x2005, 0x2005, 0xffff, 0x2005, 0x2005, 0x2005, 0x2005, 0x2005, 0xad16, 
  0x93f2, 0x2005, 0x2005, 0x2005, 0x2005, 0xad15, 0x8390, 0x2005, 0x93f2, 0xacf6, 0x2005, 0x2005, 
  0x2005, 0x2005, 0xad15, 0x9c94, 0x2005, 0x498a, 0x2886, 0x2005, 0x2005, 0x2005, 0xad15, 0x730f, 
  0x2005, 0x2005, 0x2005, 0x2005, 0x2005, 0x2005, 0x2005, 0x2005, 0x2005, 0x2005, 0x2005, 0x2005, 
  0x2005, 0x2005, 0x2005, 0x2005, 0x2005, 0x2005, 0x2005, 0x2005, 0x2005, 0x2005, 0x2005, 0x2005, 
  0x2005, 0x2005, 0x2005, 0x2005, 0x2005, 0x2005, 0x2005, 0x2005, 0x2005, 0x2005, 0x2005, 0x2005, 
  0x2005, 0x2005, 0x2005, 0x2005, 0x2005, 0x2005, 0x2005, 0x2005, 0x4134, 0x4134, 0x4134, 0x4133, 
  0x4134, 0x4134, 0x4134, 0x4134, 0x4134, 0x4133, 0x4133, 0x4133, 0x4134, 0x4134, 0x4134, 0x4134, 
  0x4133, 0x4134, 0x4133, 0x4133, 0x4133, 0x4133, 0x4134, 0x4134, 0x8bb8, 0xd65c, 0x4134, 0x4133, 
  0x5194, 0xc5dc, 0xacfa, 0x4133, 0xd65c, 0x8bb8, 0x4134, 0x4134, 0x4134, 0x9439, 0xbd7b, 0x4133, 
  0x4133, 0x72f6, 0xef3e, 0x4134, 0x4133, 0x4134, 0x4134, 0x4134, 0x4134, 0xa499, 0xa499, 0x4133, 
  0x4133, 0x4134, 0x5a15, 0xffff, 0x4134, 0x4134, 0x4134, 0x4133, 0x4134, 0x4133, 0xef3e, 0x5a15, 
  0x4134, 0x4134, 0xd65c, 0xa499, 0x4133, 0x4133, 0x4133, 0x5a15, 0xffff, 0x4134, 0x4134, 0x4133, 
  0x4134, 0x4133, 0x4133, 0x4133, 0x4134, 0x4134, 0x4134, 0x4133, 0x4133, 0x4133, 0x4134, 0x4134, 
  0x4134, 0x4134, 0x4134, 0x4134, 0x4133, 0x4134, 0x4113, 0x2027, 0x1804, 0x1804, 0x1804, 0x1804, 
  0x1804, 0x1804, 0x1804, 0x1804, 0x1804, 0x1804, 0x2005, 0x2005, 0x2005, 0x2005, 0x2005, 0x2005, 
  0x2005, 0x2005, 0x2005, 0x2005, 0x2005, 0x2005, 0x2005, 0xe71c, 0x59ec, 0x2005, 0x2005, 0x5a0c, 
  0xf77e, 0x3908, 0x2005, 0xe6fc, 0x5a0b, 0x2005, 0x2005, 0x2005, 0x9412, 0x9c94, 0x2005, 0xcdf9, 
  0x9c74, 0x2005, 0x2005, 0x3908, 0xe6fc, 0x5a0b, 0x2005, 0xe6fc, 0x3908, 0x2005, 0x2005, 0x2005, 
  0x3908, 0xe6fc, 0x2005, 0x2005, 0xffff, 0x3908, 0x2005, 0x2005, 0x5a0b, 0xe6fc, 0x2005, 0x2005, 
  0xcdf9, 0x9412, 0x2005, 0x2005, 0x3908, 0xe6fc, 0x730f, 0x2005, 0xad16, 0x730f, 0x2005, 0x2005, 
  0x2005, 0x6a8d, 0xcdf9, 0x2005, 0x730f, 0xcdf9, 0x2005, 0x2005, 0x3908, 0xf77e, 0x3908, 0x2005, 
  0xacf6, 0x730f, 0x2005, 0x2005, 0x5a0b, 0xe6fc, 0x730f, 0x2005, 0x2005, 0x2005, 0x2005, 0x2005, 
  0x2005, 0x2005, 0x2005, 0x2005, 0x2005, 0x2005, 0x2005, 0x2005, 0x2005, 0x2005, 0x2005, 0x2005, 
  0x2005, 0x2005, 0x2005, 0x2005, 0x2005, 0x2005, 0x2005, 0x2005, 0x2005, 0x2005, 0x2005, 0x2005, 
  0x2005, 0x2005, 0x2005, 0x2005, 0x2005, 0x2005, 0x2005, 0x2005, 0x2005, 0x2005, 0x2005, 0x2005, 
  0x2005, 0x2005, 0x2005, 0x2005, 0x2005, 0x2005, 0x2005, 0x2005, 0x2005, 0x2005, 0x2005, 0x2005, 
  0x2005, 0xffff, 0x2005, 0x2005, 0x2005, 0x2005, 0x2005, 0x498a, 0xe6fc, 0x6a8d, 0x2005, 0x2005, 
  0x8391, 0xe6fc, 0x3908, 0x2005, 0x3087, 0xf77e, 0x8391, 0x2005, 0x2005, 0x5a0c, 0xf77e, 0x3908, 
  0x2005, 0xcdf9, 0x9c74, 0x2005, 0x2005, 0x3908, 0xe6fc, 0x5a0b, 0x2005, 0x2005, 0x2005, 0x2005, 
  0x2005, 0x2005, 0x2005, 0x2005, 0x2005, 0x2005, 0x2005, 0x2005, 0x2005, 0x2005, 0x2005, 0x2005, 
  0x2005, 0x2005, 0x2005, 0x2005, 0x2005, 0x2005, 0x2005, 0x2005, 0x2005, 0x2005, 0x2005, 0x2005, 
  0x2005, 0x2005, 0x2005, 0x2005, 0x2005, 0x2005, 0x2005, 0x2005, 0x2005, 0x2005, 0x2005, 0x2005, 
  0x2005, 0x2005, 0x2005, 0x2005, 0x4134, 0x4134, 0x4134, 0x4134, 0x4134, 0x4134, 0x4134, 0x4134, 
  0x4134, 0x4134, 0x4134, 0x4134, 0x4134, 0x4134, 0x4134, 0x4134, 0x4134, 0x4134, 0x4134, 0x4134, 
  0x4134, 0x4134, 0x4134, 0x4134, 0x8bb8, 0xffff, 0xffff, 0xffff, 0xf79f, 0xd65c, 0x5194, 0x5a15, 
  0xf79f, 0x4134, 0x4134, 0x4134, 0x4134, 0x5194, 0xf79f, 0x5194, 0x4134, 0x72f7, 0xef3e, 0x4134, 
  0x4134, 0x4134, 0x4134, 0x4134, 0x4134, 0xa499, 0xa499, 0x4134, 0x4134, 0x4134, 0x5a15, 0xffff, 
  0xffff, 0xffff, 0xffff, 0xffff, 0x72d6, 0x4134, 0xef3e, 0x5a15, 0x4134, 0x4134, 0x5a15, 0xf79f, 
  0x5a15, 0x4134, 0x4134, 0x5a15, 0xffff, 0x4134, 0x4134, 0x4134, 0x4134, 0x4134, 0x4134, 0x4134, 
  0x4134, 0x4134, 0x4134, 0x4134, 0x4134, 0x4134, 0x4134, 0x4134, 0x4134, 0x4134, 0x4134, 0x4133, 
  0x4134, 0x4113, 0x2027, 0x1804, 0x1804, 0x1804, 0x1804, 0x1804, 0x1804, 0x1804, 0x1804, 0x1804, 
  0x1804, 0x1804, 0x2005, 0x2005, 0x2005, 0x2005, 0x2005, 0x2005, 0x2005, 0x2005, 0x2005, 0x2005, 
  0x2005, 0x2005, 0x2005, 0xe71c, 0xffff, 0xffff, 0xf77e, 0xcdf9, 0x59ec, 0x2005, 0x498a, 0xe6fc, 
  0x2005, 0x2005, 0x2005, 0x2005, 0x5a0c, 0xf77e, 0x2005, 0x3908, 0xd67a, 0xf77e, 0xd67a, 0xf77e, 
  0x8371, 0x2005, 0x2005, 0xe71c, 0x38e8, 0x2005, 0x2005, 0x2005, 0x3908, 0xe6fc, 0x2005, 0x2005, 
  0xffff, 0xffff, 0xffff, 0xffff, 0xcdf9, 0x498a, 0x2005, 0x2005, 0x3087, 0xacf5, 0xffff, 0xe6fc, 
  0xf77e, 0x8371, 0x2005, 0x3087, 0xffff, 0x3908, 0x2005, 0x2005, 0x2005, 0x3087, 0xf77e, 0x3087, 
  0x730f, 0xcdf9, 0x2005, 0x2005, 0x2005, 0x9c74, 0xacf6, 0x2005, 0xad16, 0xffff, 0xffff, 0xffff, 
  0xcdf9, 0x628d, 0x2005, 0x2005, 0x2005, 0x2005, 0x2005, 0x2005, 0x2005, 0x2005, 0x2005, 0x2005, 
  0x2005, 0x2005, 0x2005, 0x2005, 0x2005, 0x2005, 0x2005, 0x2005, 0x2005, 0x2005, 0x2005, 0x2005, 
  0x2005, 0x2005, 0x2005, 0x2005, 0x2005, 0x2005, 0x2005, 0x2005, 0x2005, 0x2005, 0x2005, 0x2005, 
  0x2005, 0x2005, 0x2005, 0x2005, 0x2005, 0x2005, 0x2005, 0x2005, 0x2005, 0x2005, 0x2005, 0x2005, 
  0x2005, 0x2005, 0x2005, 0x2005, 0x2005, 0x2005, 0x2005, 0x2005, 0x2005, 0xffff, 0xffff, 0xffff, 
  0xffff, 0xffff, 0x38e8, 0x2005, 0x5a0c, 0xe6fc, 0xf77e, 0xf77e, 0xcdf9, 0x3908, 0x2005, 0x2005, 
  0x2005, 0x3908, 0xd67a, 0xf77e, 0xe71c, 0xe6fc, 0x628d, 0x2005, 0x2005, 0x3908, 0xd67a, 0xf77e, 
  0xd67a, 0xf77e, 0x8371, 0x2005, 0x2005, 0x2005, 0x2005, 0x2005, 0x2005, 0x2005, 0x2005, 0x2005, 
  0x2005, 0x2005, 0x2005, 0x2005, 0x2005, 0x2005, 0x2005, 0x2005, 0x2005, 0x2005, 0x2005, 0x2005, 
  0x2005, 0x2005, 0x2005, 0x2005, 0x2005, 0x2005, 0x2005, 0x2005, 0x2005, 0x2005, 0x2005, 0x2005, 
  0x2005, 0x2005, 0x2005, 0x2005, 0x2005, 0x2005, 0x2005, 0x2005, 0x2005, 0x2005, 0x2005, 0x2005, 
  0x4134, 0x4134, 0x4134, 0x4134, 0x4134, 0x4134, 0x4134, 0x4134, 0x4134, 0x4134, 0x4134, 0x4134, 
  0x4134, 0x4134, 0x4134, 0x4134, 0x4134, 0x4134, 0x4134, 0x4134, 0x4134, 0x4134, 0x4134, 0x4134, 
  0x4134, 0x4134, 0x4134, 0x4134, 0x4134, 0x4134, 0x4134, 0x4134, 0x4134, 0x4134, 0x4134, 0x4134, 
  0x4134, 0x4134, 0x4134, 0x4134, 0x4134, 0x4134, 0x4134, 0x4134, 0x4134, 0x4134, 0x4134, 0x4134, 
  0x4134, 0x4134, 0x4134, 0x4134, 0x4134, 0x4134, 0x4134, 0x4134, 0x4134, 0x4134, 0x4134, 0x4134, 
  0x4134, 0x4134, 0x4134, 0x4134, 0x4134, 0x4134, 0x4134, 0x4134, 0x4134, 0x4134, 0x4134, 0x4134, 
  0x4134, 0x4134, 0x4134, 0x4134, 0x4134, 0x4134, 0x4134, 0x4134, 0x4134, 0x4134, 0x4134, 0x4134, 
  0x4134, 0x4134, 0x4134, 0x4134, 0x4134, 0x4134, 0x4134, 0x4134, 0x4134, 0x2869, 0x1804, 0x1804, 
  0x1804, 0x1804, 0x1804, 0x1804, 0x1804, 0x1804, 0x1804, 0x1804, 0x1804, 0x1804, 0x2005, 0x2005, 
  0x2005, 0x2005, 0x2005, 0x2005, 0x2005, 0x2005, 0x2005, 0x2005, 0x2005, 0x2005, 0x2005, 0x2005, 
  0x2005, 0x2005, 0x2005, 0x2005, 0x2005, 0x2005, 0x2005, 0x2005, 0x2005, 0x2005, 0x2005, 0x2005, 
  0x2005, 0x2005, 0x2005, 0x2005, 0x2005, 0x3087, 0x3908, 0x3087, 0x2005, 0x2005, 0x2005, 0x2005, 
  0x2005, 0x2005, 0x2005, 0x2005, 0x2005, 0x2005, 0x2005, 0x2005, 0x2005, 0x2005, 0x2005, 0x2005, 
  0x2005, 0x2005, 0x2005, 0x2005, 0x2005, 0x2005, 0x3087, 0x38e8, 0x2005, 0x2005, 0x2005, 0x2005, 
  0x2005, 0x2005, 0x2005, 0x2005, 0x2005, 0x2005, 0x2005, 0x2005, 0x2005, 0x2005, 0x2005, 0x2005, 
  0x2005, 0x2005, 0x2005, 0x2005, 0x2005, 0x2005, 0x2005, 0x2005, 0x2005, 0x2005, 0x2005, 0x2005, 
  0x2005, 0x2005, 0x2005, 0x2005, 0x2005, 0x2005, 0x2005, 0x2005, 0x2005, 0x2005, 0x2005, 0x2005, 
  0x2005, 0x2005, 0x2005, 0x2005, 0x2005, 0x2005, 0x2005, 0x2005, 0x2005, 0x2005, 0x2005, 0x2005, 
  0x2005, 0x2005, 0x2005, 0x2005, 0x2005, 0x2005, 0x2005, 0x2005, 0x2005, 0x2005, 0x2005, 0x2005, 
  0x2005, 0x2005, 0x2005, 0x2005, 0x2005, 0x2005, 0x2005, 0x2005, 0x2005, 0x2005, 0x2005, 0x2005, 
  0x2005, 0x2005, 0x2005, 0x2005, 0x2005, 0x2005, 0x2005, 0x2005, 0x2005, 0x2005, 0x2005, 0x2005, 
  0x2005, 0x2005, 0x3087, 0x3087, 0x2005, 0x2005, 0x2005, 0x2005, 0x2005, 0x2005, 0x2005, 0x3087, 
  0x38e8, 0x2005, 0x2005, 0x2005, 0x2005, 0x2005, 0x2005, 0x3087, 0x38e8, 0x3087, 0x2005, 0x2005, 
  0x2005, 0x2005, 0x2005, 0x2005, 0x2005, 0x2005, 0x2005, 0x2005, 0x2005, 0x2005, 0x2005, 0x2005, 
  0x2005, 0x2005, 0x2005, 0x2005, 0x2005, 0x2005, 0x2005, 0x2005, 0x2005, 0x2005, 0x2005, 0x2005, 
  0x2005, 0x2005, 0x2005, 0x2005, 0x2005, 0x2005, 0x2005, 0x2005, 0x2005, 0x2005, 0x2005, 0x2005, 
  0x2005, 0x2005, 0x2005, 0x2005, 0x2005, 0x2005, 0x2005, 0x2005, 0x4134, 0x4134, 0x4134, 0x4134, 
  0x4134, 0x4134, 0x4134, 0x4134, 0x4134, 0x4134, 0x4134, 0x4134, 0x4134, 0x4134, 0x4134, 0x4134, 
  0x4134, 0x4134, 0x4134, 0x4134, 0x4134, 0x4134, 0x4134, 0x4134, 0x4134, 0x4134, 0x4134, 0x4134, 
  0x4134, 0x4134, 0x4134, 0x4134, 0x4134, 0x4134, 0x4134, 0x4134, 0x4134, 0x4134, 0x4134, 0x4134, 
  0x4134, 0x4134, 0x4134, 0x4134, 0x4134, 0x4134, 0x4134, 0x4134, 0x4134, 0x4134, 0x4134, 0x4134, 
  0x4134, 0x4134, 0x4134, 0x4134, 0x4134, 0x4134, 0x4134, 0x4134, 0x4134, 0x4134, 0x4134, 0x4134, 
  0x4134, 0x4134, 0x4134, 0x4134, 0x4134, 0x4134, 0x4134, 0x4134, 0x4134, 0x4134, 0x4134, 0x4134, 
  0x4134, 0x4134, 0x4134, 0x4134, 0x4134, 0x4134, 0x4134, 0x4134, 0x4134, 0x4134, 0x4134, 0x4134, 
  0x4134, 0x4134, 0x4134, 0x4134, 0x286a, 0x1804, 0x1804, 0x1804, 0x1804, 0x1804, 0x1804, 0x1804, 
  0x1804, 0x1804, 0x1804, 0x1804, 0x1804, 0x2004, 0x2005, 0x2005, 0x2005, 0x2005, 0x2005, 0x2005, 
  0x2005, 0x2005, 0x2005, 0x2005, 0x2005, 0x2005, 0x2005, 0x2005, 0x2005, 0x2005, 0x2005, 0x2005, 
  0x2005, 0x2005, 0x2005, 0x2005, 0x2005, 0x2005, 0x2005, 0x2005, 0x2005, 0x2005, 0x2005, 0x2005, 
  0x2005, 0x2005, 0x2005, 0x2005, 0x2005, 0x2005, 0x2005, 0x2005, 0x2005, 0x2005, 0x2005, 0x2005, 
  0x2005, 0x2005, 0x2005, 0x2005, 0x2005, 0x2005, 0x2005, 0x2005, 0x2005, 0x2005, 0x2005, 0x2005, 
  0x2005, 0x2005, 0x2005, 0x2005, 0x2005, 0x2005, 0x2005, 0x2005, 0x2005, 0x2005, 0x2005, 0x2005, 
  0x2005, 0x2005, 0x2005, 0x2005, 0x2005, 0x2005, 0x2005, 0x2005, 0x2005, 0x2005, 0x2005, 0x2005, 
  0x2005, 0x2005, 0x2005, 0x2005, 0x2005, 0x2005, 0x2005, 0x2005, 0x2005, 0x2005, 0x2005, 0x2005, 
  0x2005, 0x2005, 0x2005, 0x2005, 0x2005, 0x2005, 0x2005, 0x2005, 0x2005, 0x2005, 0x2005, 0x2005, 
  0x2005, 0x2005, 0x2005, 0x2005, 0x2005, 0x2005, 0x2005, 0x2005, 0x2005, 0x2005, 0x2005, 0x2005, 
  0x2005, 0x2005, 0x2005, 0x2005, 0x2005, 0x2005, 0x2005, 0x2005, 0x2005, 0x2005, 0x2005, 0x2005, 
  0x2005, 0x2005, 0x2005, 0x2005, 0x2005, 0x2005, 0x2005, 0x2005, 0x2005, 0x2005, 0x2005, 0x2005, 
  0x2005, 0x2005, 0x2005, 0x2005, 0x2005, 0x2005, 0x2005, 0x2005, 0x2005, 0x2005, 0x2005, 0x2005, 
  0x2005, 0x2005, 0x2005, 0x2005, 0x2005, 0x2005, 0x2005, 0x2005, 0x2005, 0x2005, 0x2005, 0x2005, 
  0x2005, 0x2005, 0x2005, 0x2005, 0x2005, 0x2005, 0x2005, 0x2005, 0x2005, 0x2005, 0x2005, 0x2005, 
  0x2005, 0x2005, 0x2005, 0x2005, 0x2005, 0x2005, 0x2005, 0x2005, 0x2005, 0x2005, 0x2005, 0x2005, 
  0x2005, 0x2005, 0x2005, 0x2005, 0x2005, 0x2005, 0x2005, 0x2005, 0x2005, 0x2005, 0x2005, 0x2005, 
  0x2005, 0x2005, 0x2005, 0x2005, 0x2005, 0x2005, 0x2005, 0x2005, 0x2005, 0x2005, 0x2005, 0x2005, 
  0x2005, 0x2005, 0x2005, 0x2005, 0x4134, 0x4134, 0x4134, 0x4134, 0x4134, 0x4134, 0x4134, 0x4134, 
  0x4134, 0x4134, 0x4134, 0x4134, 0x4134, 0x4134, 0x4134, 0x4134, 0x4134, 0x4134, 0x4134, 0x4134, 
  0x4134, 0x4134, 0x4134, 0x4134, 0x4134, 0x4134, 0x4134, 0x4134, 0x4134, 0x4134, 0x4134, 0x4134, 
  0x4134, 0x4134, 0x4134, 0x4134, 0x4134, 0x4134, 0x4134, 0x4134, 0x4134, 0x4134, 0x4134, 0x4134, 
  0x4134, 0x4134, 0x4134, 0x4134, 0x4134, 0x4134, 0x4134, 0x4134, 0x4134, 0x4134, 0x4134, 0x4134, 
  0x4134, 0x4134, 0x4134, 0x4134, 0x4134, 0x4134, 0x4134, 0x4134, 0x4134, 0x4134, 0x4134, 0x4134, 
  0x4134, 0x4134, 0x4134, 0x4134, 0x4134, 0x4134, 0x4134, 0x4134, 0x4134, 0x4134, 0x4134, 0x4134, 
  0x4134, 0x4134, 0x4134, 0x4134, 0x4134, 0x4134, 0x4134, 0x4134, 0x4134, 0x4134, 0x4134, 0x288b, 
  0x1804, 0x1804, 0x1804, 0x1804, 0x1804, 0x1804, 0x1804, 0x1804, 0x1804, 0x1804, 0x1804, 0x1804, 
  0x1804, 0x2005, 0x2005, 0x2005, 0x2005, 0x2005, 0x2005, 0x2005, 0x2005, 0x2005, 0x2005, 0x2005, 
  0x2005, 0x2005, 0x2005, 0x2005, 0x2005, 0x2005, 0x2005, 0x2005, 0x2005, 0x2005, 0x2005, 0x2005, 
  0x2005, 0x2005, 0x2005, 0x2005, 0x2005, 0x2005, 0x2005, 0x2005, 0x2005, 0x2005, 0x2005, 0x2005, 
  0x2005, 0x2005, 0x2005, 0x2005, 0x2005, 0x2005, 0x2005, 0x2005, 0x2005, 0x2005, 0x2005, 0x2005, 
  0x2005, 0x2005, 0x2005, 0x2005, 0x2005, 0x2005, 0x2005, 0x2005, 0x2005, 0x2005, 0x2005, 0x2005, 
  0x2005, 0x2005, 0x2005, 0x2005, 0x2005, 0x2005, 0x2005, 0x2005, 0x2005, 0x2005, 0x2005, 0x2005, 
  0x2005, 0x2005, 0x2005, 0x2005, 0x2005, 0x2005, 0x2005, 0x2005, 0x2005, 0x2005, 0x2005, 0x2005, 
  0x2005, 0x2005, 0x2005, 0x2005, 0x2005, 0x2005, 0x2005, 0x2005, 0x2005, 0x2005, 0x2005, 0x2005, 
  0x2005, 0x2005, 0x2005, 0x2005, 0x2005, 0x2005, 0x2005, 0x2005, 0x2005, 0x2005, 0x2005, 0x2005, 
  0x2005, 0x2005, 0x2005, 0x2005, 0x2005, 0x2005, 0x2005, 0x2005, 0x2005, 0x2005, 0x2005, 0x2005, 
  0x2005, 0x2005, 0x2005, 0x2005, 0x2005, 0x2005, 0x2005, 0x2005, 0x2005, 0x2005, 0x2005, 0x2005, 
  0x2005, 0x2005, 0x2005, 0x2005, 0x2005, 0x2005, 0x2005, 0x2005, 0x2005, 0x2005, 0x2005, 0x2005, 
  0x2005, 0x2005, 0x2005, 0x2005, 0x2005, 0x2005, 0x2005, 0x2005, 0x2005, 0x2005, 0x2005, 0x2005, 
  0x2005, 0x2005, 0x2005, 0x2005, 0x2005, 0x2005, 0x2005, 0x2005, 0x2005, 0x2005, 0x2005, 0x2005, 
  0x2005, 0x2005, 0x2005, 0x2005, 0x2005, 0x2005, 0x2005, 0x2005, 0x2005, 0x2005, 0x2005, 0x2005, 
  0x2005, 0x2005, 0x2005, 0x2005, 0x2005, 0x2005, 0x2005, 0x2005, 0x2005, 0x2005, 0x2005, 0x2005, 
  0x2005, 0x2005, 0x2005, 0x2005, 0x2005, 0x2005, 0x2005, 0x2005, 0x2005, 0x2005, 0x2005, 0x2005, 
  0x2005, 0x2005, 0x2005, 0x2005, 0x2005, 0x2005, 0x2005, 0x2005, 0x2005, 0x2005, 0x2005, 0x2005, 
  0x4134, 0x4134, 0x4134, 0x4134, 0x4134, 0x4134, 0x4134, 0x4134, 0x4134, 0x4134, 0x4134, 0x4134, 
  0x4134, 0x4134, 0x4134, 0x4134, 0x4134, 0x4134, 0x4134, 0x4134, 0x4134, 0x4134, 0x4134, 0x4134, 
  0x4134, 0x4134, 0x4134, 0x4134, 0x4134, 0x4134, 0x4134, 0x4134, 0x4134, 0x4134, 0x4134, 0x4134, 
  0x4134, 0x4134, 0x4134, 0x4134, 0x4134, 0x4134, 0x4134, 0x4134, 0x4134, 0x4134, 0x4134, 0x4134, 
  0x4134, 0x4134, 0x4134, 0x4134, 0x4134, 0x4134, 0x4134, 0x4134, 0x4134, 0x4134, 0x4134, 0x4134, 
  0x4134, 0x4134, 0x4134, 0x4134, 0x4134, 0x4134, 0x4134, 0x4134, 0x4134, 0x4134, 0x4134, 0x4134, 
  0x4134, 0x4134, 0x4134, 0x4134, 0x4134, 0x4134, 0x4134, 0x4134, 0x4134, 0x4134, 0x4134, 0x4134, 
  0x4134, 0x4134, 0x4134, 0x4134, 0x4134, 0x4134, 0x308c, 0x1804, 0x1804, 0x1804, 0x1804, 0x1804, 
  0x1804, 0x1804, 0x1804, 0x1804, 0x1804, 0x1804, 0x1804, 0x1804, 0x1804, 0x2005, 0x2005, 0x2005, 
  0x2005, 0x2005, 0x2005, 0x2005, 0x2005, 0x2005, 0x2005, 0x2005, 0x2005, 0x2005, 0x2005, 0x2005, 
  0x2005, 0x2005, 0x2005, 0x2005, 0x2005, 0x2005, 0x2005, 0x2005, 0x2005, 0x2005, 0x2005, 0x2005, 
  0x2005, 0x2005, 0x2005, 0x2005, 0x2005, 0x2005, 0x2005, 0x2005, 0x2005, 0x2005, 0x2005, 0x2005, 
  0x2005, 0x2005, 0x2005, 0x2005, 0x2005, 0x2005, 0x2005, 0x2005, 0x2005, 0x2005, 0x2005, 0x2005, 
  0x2005, 0x2005, 0x2005, 0x2005, 0x2005, 0x2005, 0x2005, 0x2005, 0x2005, 0x2005, 0x2005, 0x2005, 
  0x2005, 0x2005, 0x2005, 0x2005, 0x2005, 0x2005, 0x2005, 0x2005, 0x2005, 0x2005, 0x2005, 0x2005, 
  0x2005, 0x2005, 0x2005, 0x2005, 0x2005, 0x2005, 0x2005, 0x2005, 0x2005, 0x2005, 0x2005, 0x2005, 
  0x2005, 0x2005, 0x2005, 0x2005, 0x2005, 0x2005, 0x2005, 0x2005, 0x2005, 0x2005, 0x2005, 0x2005, 
  0x2005, 0x2005, 0x2005, 0x2005, 0x2005, 0x2005, 0x2005, 0x2005, 0x2005, 0x2005, 0x2005, 0x2005, 
  0x2005, 0x2005, 0x2005, 0x2005, 0x2005, 0x2005, 0x2005, 0x2005, 0x2005, 0x2005, 0x2005, 0x2005, 
  0x2005, 0x2005, 0x2005, 0x2005, 0x2005, 0x2005, 0x2005, 0x2005, 0x2005, 0x2005, 0x2005, 0x2005, 
  0x2005, 0x2005, 0x2005, 0x2005, 0x2005, 0x2005, 0x2005, 0x2005, 0x2005, 0x2005, 0x2005, 0x2005, 
  0x2005, 0x2005, 0x2005, 0x2005, 0x2005, 0x2005, 0x2005, 0x2005, 0x2005, 0x2005, 0x2005, 0x2005, 
  0x2005, 0x2005, 0x2005, 0x2005, 0x2005, 0x2005, 0x2005, 0x2005, 0x2005, 0x2005, 0x2005, 0x2005, 
  0x2005, 0x2005, 0x2005, 0x2005, 0x2005, 0x2005, 0x2005, 0x2005, 0x2005, 0x2005, 0x2005, 0x2005, 
  0x2005, 0x2005, 0x2005, 0x2005, 0x2005, 0x2005, 0x2005, 0x2005, 0x2005, 0x2005, 0x2005, 0x2005, 
  0x2005, 0x2005, 0x2005, 0x2005, 0x2005, 0x2005, 0x2005, 0x2005, 0x2005, 0x2005, 0x2005, 0x2005, 
  0x2005, 0x2005, 0x2005, 0x2005, 0x2005, 0x2005, 0x2005, 0x2005, 0x4134, 0x4134, 0x4134, 0x4134, 
  0x4134, 0x4134, 0x4134, 0x4134, 0x4134, 0x4134, 0x4134, 0x4134, 0x4134, 0x4134, 0x4134, 0x4134, 
  0x4134, 0x4134, 0x4134, 0x4134, 0x4134, 0x4134, 0x4134, 0x4134, 0x4134, 0x4134, 0x4134, 0x4134, 
  0x4134, 0x4134, 0x4134, 0x4134, 0x4134, 0x4134, 0x4134, 0x4134, 0x4134, 0x4134, 0x4134, 0x4134, 
  0x4134, 0x4134, 0x4134, 0x4134, 0x4134, 0x4134, 0x4134, 0x4134, 0x4134, 0x4134, 0x4134, 0x4134, 
  0x4134, 0x4134, 0x4134, 0x4134, 0x4134, 0x4134, 0x4134, 0x4134, 0x4134, 0x4134, 0x4134, 0x4134, 
  0x4134, 0x4134, 0x4134, 0x4134, 0x4134, 0x4134, 0x4134, 0x4134, 0x4134, 0x4134, 0x4134, 0x4134, 
  0x4134, 0x4134, 0x4134, 0x4134, 0x4134, 0x4134, 0x4134, 0x4134, 0x4134, 0x4134, 0x4134, 0x4134, 
  0x4134, 0x308c, 0x1804, 0x1804, 0x1804, 0x1804, 0x1804, 0x1804, 0x1804, 0x1804, 0x1804, 0x1804, 
  0x1804, 0x1804, 0x1804, 0x1804, 0x1805, 0x2005, 0x2005, 0x2005, 0x2005, 0x2005, 0x2006, 0x2006, 
  0x2005, 0x2005, 0x2005, 0x2005, 0x2006, 0x2006, 0x2005, 0x2006, 0x2005, 0x2005, 0x2005, 0x2005, 
  0x2005, 0x2005, 0x2006, 0x2005, 0x2005, 0x2005, 0x2005, 0x2005, 0x2005, 0x2005, 0x2005, 0x2006, 
  0x2005, 0x2006, 0x2005, 0x2006, 0x2005, 0x2005, 0x2005, 0x2005, 0x2005, 0x2005, 0x2005, 0x2005, 
  0x2005, 0x2006, 0x2006, 0x2005, 0x2006, 0x2005, 0x2005, 0x2005, 0x2005, 0x2005, 0x2006, 0x2005, 
  0x2005, 0x2006, 0x2006, 0x2005, 0x2005, 0x2005, 0x2006, 0x2006, 0x2005, 0x2005, 0x2005, 0x2005, 
  0x2006, 0x2005, 0x2005, 0x2005, 0x2005, 0x2005, 0x2005, 0x2005, 0x2005, 0x2006, 0x2005, 0x2006, 
  0x2006, 0x2006, 0x2005, 0x2006, 0x2005, 0x2005, 0x2005, 0x2005, 0x2005, 0x2006, 0x2005, 0x2005, 
  0x2006, 0x2005, 0x2005, 0x2005, 0x2006, 0x2005, 0x2006, 0x2005, 0x2006, 0x2006, 0x2005, 0x2005, 
  0x2005, 0x2005, 0x2006, 0x2006, 0x2006, 0x2005, 0x2005, 0x2005, 0x2005, 0x2005, 0x2005, 0x2006, 
  0x2005, 0x2006, 0x2005, 0x2005, 0x2005, 0x2005, 0x2006, 0x2005, 0x2005, 0x2005, 0x2006, 0x2006, 
  0x2006, 0x2005, 0x2005, 0x2006, 0x2006, 0x2006, 0x2005, 0x2005, 0x2005, 0x2005, 0x2005, 0x2005, 
  0x2006, 0x2005, 0x2005, 0x2006, 0x2005, 0x2005, 0x2005, 0x2005, 0x2005, 0x2005, 0x2005, 0x2006, 
  0x2006, 0x2006, 0x2005, 0x2006, 0x2006, 0x2005, 0x2006, 0x2005, 0x2005, 0x2005, 0x2006, 0x2005, 
  0x2005, 0x2005, 0x2005, 0x2005, 0x2005, 0x2005, 0x2005, 0x2005, 0x2006, 0x2006, 0x2005, 0x2005, 
  0x2006, 0x2005, 0x2006, 0x2006, 0x2006, 0x2005, 0x2005, 0x2005, 0x2005, 0x2006, 0x2006, 0x2005, 
  0x2005, 0x2005, 0x2005, 0x2005, 0x2005, 0x2006, 0x2005, 0x2005, 0x2005, 0x2005, 0x2005, 0x2005, 
  0x2005, 0x2005, 0x2006, 0x2006, 0x2005, 0x2006, 0x2005, 0x2005, 0x2006, 0x2005, 0x2006, 0x2005, 
  0x2005, 0x2006, 0x2005, 0x2005, 0x4134, 0x4134, 0x4134, 0x4134, 0x4134, 0x4134, 0x4134, 0x4134, 
  0x4134, 0x4134, 0x4134, 0x4134, 0x4134, 0x4134, 0x4134, 0x4134, 0x4134, 0x4134, 0x4134, 0x4134, 
  0x4134, 0x4134, 0x4134, 0x4134, 0x4134, 0x4134, 0x4134, 0x4134, 0x4134, 0x4134, 0x4134, 0x4134, 
  0x4134, 0x4134, 0x4134, 0x4134, 0x4134, 0x4134, 0x4134, 0x4134, 0x4134, 0x4134, 0x4134, 0x4134, 
  0x4134, 0x4134, 0x4134, 0x4134, 0x4134, 0x4134, 0x4134, 0x4134, 0x4134, 0x4134, 0x4134, 0x4134, 
  0x4134, 0x4134, 0x4134, 0x4134, 0x4134, 0x4134, 0x4134, 0x4134, 0x4134, 0x4134, 0x4134, 0x4134, 
  0x4134, 0x4134, 0x4134, 0x4134, 0x4134, 0x4134, 0x4134, 0x4134, 0x4134, 0x4134, 0x4134, 0x4134, 
  0x4134, 0x4134, 0x4134, 0x4134, 0x4134, 0x4134, 0x4134, 0x4134, 0x308c, 0x1804, 0x1804, 0x1804, 
  0x1804, 0x1804, 0x1804, 0x1804, 0x1804, 0x1804, 0x1804, 0x1804, 0x1804, 0x1804, 0x1804, 0x1804, 
  0x2005, 0x2005, 0x2005, 0x2005, 0x2006, 0x2006, 0x2006, 0x2006, 0x2006, 0x2006, 0x2006, 0x2006, 
  0x2006, 0x2006, 0x2006, 0x2006, 0x2006, 0x2006, 0x2006, 0x2006, 0x2006, 0x2006, 0x2006, 0x2006, 
  0x2005, 0x2005, 0x2006, 0x2006, 0x2006, 0x2006, 0x2006, 0x2006, 0x2006, 0x2006, 0x2006, 0x2005, 
  0x2006, 0x2006, 0x2006, 0x2006, 0x2006, 0x2006, 0x2006, 0x2006, 0x2006, 0x2006, 0x2006, 0x2006, 
  0x2006, 0x2005, 0x2006, 0x2006, 0x2006, 0x2006, 0x2006, 0x2006, 0x2006, 0x2006, 0x2006, 0x2006, 
  0x2006, 0x2006, 0x2006, 0x2006, 0x2006, 0x2006, 0x2006, 0x2006, 0x2006, 0x2006, 0x2006, 0x2006, 
  0x2006, 0x2006, 0x2006, 0x2006, 0x2006, 0x2006, 0x2006, 0x2006, 0x2006, 0x2006, 0x2006, 0x2006, 
  0x2006, 0x2006, 0x2006, 0x2006, 0x2006, 0x2006, 0x2006, 0x2006, 0x2006, 0x2006, 0x2006, 0x2006, 
  0x2006, 0x2006, 0x2006, 0x2006, 0x2006, 0x2006, 0x2006, 0x2006, 0x2006, 0x2005, 0x2006, 0x2005, 
  0x2006, 0x2006, 0x2006, 0x2006, 0x2006, 0x2006, 0x2006, 0x2006, 0x2006, 0x2006, 0x2006, 0x2006, 
  0x2006, 0x2006, 0x2006, 0x2006, 0x2006, 0x2006, 0x2006, 0x2006, 0x2006, 0x2006, 0x2006, 0x2005, 
  0x2006, 0x2006, 0x2006, 0x2006, 0x2006, 0x2006, 0x2005, 0x2006, 0x2006, 0x2006, 0x2005, 0x2006, 
  0x2005, 0x2006, 0x2006, 0x2005, 0x2006, 0x2006, 0x2006, 0x2006, 0x2006, 0x2006, 0x2006, 0x2006, 
  0x2006, 0x2006, 0x2006, 0x2006, 0x2006, 0x2006, 0x2006, 0x2006, 0x2006, 0x2006, 0x2006, 0x2006, 
  0x2005, 0x2006, 0x2006, 0x2006, 0x2006, 0x2006, 0x2006, 0x2006, 0x2006, 0x2006, 0x2006, 0x2006, 
  0x2005, 0x2006, 0x2006, 0x2006, 0x2006, 0x2006, 0x2006, 0x2006, 0x2006, 0x2006, 0x2005, 0x2006, 
  0x2006, 0x2006, 0x2006, 0x2006, 0x2006, 0x2006, 0x2006, 0x2006, 0x2006, 0x2006, 0x2006, 0x2006, 
  0x2005, 0x2006, 0x2006, 0x2006, 0x2006, 0x2006, 0x2006, 0x2006, 0x2005, 0x2006, 0x2006, 0x2006, 
  0x4134, 0x4134, 0x4134, 0x4134, 0x4134, 0x4134, 0x4134, 0x4134, 0x4134, 0x4134, 0x4134, 0x4134, 
  0x4134, 0x4134, 0x4134, 0x4134, 0x4134, 0x4134, 0x4134, 0x4134, 0x4134, 0x4134, 0x4134, 0x4134, 
  0x4134, 0x4134, 0x4134, 0x4134, 0x4134, 0x4134, 0x4134, 0x4134, 0x4134, 0x4134, 0x4134, 0x4134, 
  0x4134, 0x4134, 0x4134, 0x4134, 0x4134, 0x4134, 0x4134, 0x4134, 0x4134, 0x4134, 0x4134, 0x4134, 
  0x4134, 0x4134, 0x4134, 0x4134, 0x4134, 0x4134, 0x4134, 0x4134, 0x4134, 0x4134, 0x4134, 0x4134, 
  0x4134, 0x4134, 0x4134, 0x4134, 0x4134, 0x4134, 0x4134, 0x4134, 0x4134, 0x4134, 0x4134, 0x4134, 
  0x4134, 0x4134, 0x4134, 0x4134, 0x4134, 0x4134, 0x4134, 0x4134, 0x4134, 0x4134, 0x4134, 0x4134, 
  0x4134, 0x4134, 0x4134, 0x30ad, 0x1804, 0x1804, 0x1804, 0x1804, 0x1804, 0x1804, 0x1804, 0x1804, 
  0x1804, 0x1804, 0x1804, 0x1804, 0x1804, 0x1804, 0x1804, 0x1804, 0x1804, 0x2005, 0x2005, 0x2005, 
  0x2006, 0x2006, 0x2006, 0x2006, 0x2006, 0x2006, 0x2006, 0x2006, 0x2006, 0x2006, 0x2006, 0x2006, 
  0x2006, 0x2006, 0x2006, 0x2006, 0x2006, 0x2006, 0x2006, 0x2006, 0x2006, 0x2006, 0x2006, 0x2006, 
  0x2006, 0x2006, 0x2006, 0x2006, 0x2006, 0x2006, 0x2006, 0x2006, 0x2006, 0x2006, 0x2006, 0x2006, 
  0x2006, 0x2006, 0x2006, 0x2006, 0x2006, 0x2006, 0x2006, 0x2006, 0x2006, 0x2006, 0x2006, 0x2006, 
  0x2006, 0x2006, 0x2006, 0x2006, 0x2006, 0x2006, 0x2006, 0x2006, 0x2006, 0x2006, 0x2006, 0x2006, 
  0x2006, 0x2006, 0x2006, 0x2006, 0x2006, 0x2006, 0x2006, 0x2006, 0x2006, 0x2006, 0x2006, 0x2006, 
  0x2006, 0x2006, 0x2006, 0x2006, 0x2006, 0x2006, 0x2006, 0x2006, 0x2006, 0x2006, 0x2006, 0x2006, 
  0x2006, 0x2006, 0x2006, 0x2006, 0x2006, 0x2006, 0x2006, 0x2006, 0x2006, 0x2006, 0x2006, 0x2006, 
  0x2006, 0x2006, 0x2006, 0x2006, 0x2006, 0x2006, 0x2006, 0x2006, 0x2006, 0x2006, 0x2006, 0x2006, 
  0x2006, 0x2006, 0x2006, 0x2006, 0x2006, 0x2006, 0x2006, 0x2006, 0x2006, 0x2006, 0x2006, 0x2006, 
  0x2006, 0x2006, 0x2006, 0x2006, 0x2006, 0x2006, 0x2006, 0x2006, 0x2006, 0x2006, 0x2006, 0x2006, 
  0x2006, 0x2006, 0x2006, 0x2006, 0x2006, 0x2006, 0x2006, 0x2006, 0x2006, 0x2006, 0x2006, 0x2006, 
  0x2006, 0x2006, 0x2006, 0x2006, 0x2006, 0x2006, 0x2006, 0x2006, 0x2006, 0x2006, 0x2006, 0x2006, 
  0x2006, 0x2006, 0x2006, 0x2006, 0x2006, 0x2006, 0x2006, 0x2006, 0x2006, 0x2006, 0x2006, 0x2006, 
  0x2006, 0x2006, 0x2006, 0x2006, 0x2006, 0x2006, 0x2006, 0x2006, 0x2006, 0x2006, 0x2006, 0x2006, 
  0x2006, 0x2006, 0x2006, 0x2006, 0x2006, 0x2006, 0x2006, 0x2006, 0x2006, 0x2006, 0x2006, 0x2006, 
  0x2006, 0x2006, 0x2006, 0x2006, 0x2006, 0x2006, 0x2006, 0x2006, 0x2006, 0x2006, 0x2006, 0x2006, 
  0x2006, 0x2006, 0x2006, 0x2006, 0x2006, 0x2006, 0x2006, 0x2006, 0x4134, 0x4134, 0x4134, 0x4134, 
  0x4134, 0x4134, 0x4134, 0x4134, 0x4134, 0x4134, 0x4134, 0x4134, 0x4134, 0x4134, 0x4134, 0x4134, 
  0x4134, 0x4134, 0x4134, 0x4134, 0x4134, 0x4134, 0x4134, 0x4134, 0x4134, 0x4134, 0x4134, 0x4134, 
  0x4134, 0x4134, 0x4134, 0x4134, 0x4134, 0x4134, 0x4134, 0x4134, 0x4134, 0x4134, 0x4134, 0x4134, 
  0x4134, 0x4134, 0x4134, 0x4134, 0x4134, 0x4134, 0x4134, 0x4134, 0x4134, 0x4134, 0x4134, 0x4134, 
  0x4134, 0x4134, 0x4134, 0x4134, 0x4134, 0x4134, 0x4134, 0x4134, 0x4134, 0x4134, 0x4134, 0x4134, 
  0x4134, 0x4134, 0x4134, 0x4134, 0x4134, 0x4134, 0x4134, 0x4134, 0x4134, 0x4134, 0x4134, 0x4134, 
  0x4134, 0x4134, 0x4134, 0x4134, 0x4134, 0x4134, 0x4134, 0x4134, 0x4134, 0x4134, 0x30ce, 0x1804, 
  0x1804, 0x1804, 0x1804, 0x1804, 0x1804, 0x1804, 0x1804, 0x1804, 0x1804, 0x1804, 0x1804, 0x1804, 
  0x1804, 0x1804, 0x1804, 0x1805, 0x2005, 0x2005, 0x2005, 0x2006, 0x2006, 0x2006, 0x2006, 0x2006, 
  0x2006, 0x2006, 0x2006, 0x2006, 0x2006, 0x2006, 0x2006, 0x2006, 0x2006, 0x2006, 0x2006, 0x2006, 
  0x2006, 0x2006, 0x2006, 0x2006, 0x2006, 0x2006, 0x2006, 0x2006, 0x2006, 0x2006, 0x2006, 0x2006, 
  0x2006, 0x2006, 0x2006, 0x2006, 0x2006, 0x2006, 0x2006, 0x2006, 0x2006, 0x2006, 0x2006, 0x2006, 
  0x2006, 0x2006, 0x2006, 0x2006, 0x2006, 0x2006, 0x2006, 0x2006, 0x2006, 0x2006, 0x2006, 0x2006, 
  0x2006, 0x2006, 0x2006, 0x2006, 0x2006, 0x2006, 0x2006, 0x2006, 0x2006, 0x2006, 0x2006, 0x2006, 
  0x2006, 0x2006, 0x2006, 0x2006, 0x2006, 0x2006, 0x2006, 0x2006, 0x2006, 0x2006, 0x2006, 0x2006, 
  0x2006, 0x2006, 0x2006, 0x2006, 0x2006, 0x2006, 0x2006, 0x2006, 0x2006, 0x2006, 0x2006, 0x2006, 
  0x2006, 0x2006, 0x2006, 0x2006, 0x2006, 0x2006, 0x2006, 0x2006, 0x2006, 0x2006, 0x2006, 0x2006, 
  0x2006, 0x2006, 0x2006, 0x2006, 0x2006, 0x2006, 0x2006, 0x2006, 0x2006, 0x2006, 0x2006, 0x2006, 
  0x2006, 0x2006, 0x2006, 0x2006, 0x2006, 0x2006, 0x2006, 0x2006, 0x2006, 0x2006, 0x2006, 0x2006, 
  0x2006, 0x2006, 0x2006, 0x2006, 0x2006, 0x2006, 0x2006, 0x2006, 0x2006, 0x2006, 0x2006, 0x2006, 
  0x2006, 0x2006, 0x2006, 0x2006, 0x2006, 0x2006, 0x2006, 0x2006, 0x2006, 0x2006, 0x2006, 0x2006, 
  0x2006, 0x2006, 0x2006, 0x2006, 0x2006, 0x2006, 0x2006, 0x2006, 0x2006, 0x2006, 0x2006, 0x2006, 
  0x2006, 0x2006, 0x2006, 0x2006, 0x2006, 0x2006, 0x2006, 0x2006, 0x2006, 0x2006, 0x2006, 0x2006, 
  0x2006, 0x2006, 0x2006, 0x2006, 0x2006, 0x2006, 0x2006, 0x2006, 0x2006, 0x2006, 0x2006, 0x2006, 
  0x2006, 0x2006, 0x2006, 0x2006, 0x2006, 0x2006, 0x2006, 0x2006, 0x2006, 0x2006, 0x2006, 0x2006, 
  0x2006, 0x2006, 0x2006, 0x2006, 0x2006, 0x2006, 0x2006, 0x2006, 0x2006, 0x2006, 0x2006, 0x2006, 
  0x2006, 0x2006, 0x2006, 0x2006, 0x4134, 0x4134, 0x4134, 0x4134, 0x4134, 0x4134, 0x4134, 0x4134, 
  0x4134, 0x4134, 0x4134, 0x4134, 0x4134, 0x4134, 0x4134, 0x4134, 0x4134, 0x4134, 0x4134, 0x4134, 
  0x4134, 0x4134, 0x4134, 0x4134, 0x4134, 0x4134, 0x4134, 0x4134, 0x4134, 0x4134, 0x4134, 0x4134, 
  0x4134, 0x4134, 0x4134, 0x4134, 0x4134, 0x4134, 0x4134, 0x4134, 0x4134, 0x4134, 0x4134, 0x4134, 
  0x4134, 0x4134, 0x4134, 0x4134, 0x4134, 0x4134, 0x4134, 0x4134, 0x4134, 0x4134, 0x4134, 0x4134, 
  0x4134, 0x4134, 0x4134, 0x4134, 0x4134, 0x4134, 0x4134, 0x4134, 0x4134, 0x4134, 0x4134, 0x4134, 
  0x4134, 0x4134, 0x4134, 0x4134, 0x4134, 0x4134, 0x4134, 0x4134, 0x4134, 0x4134, 0x4134, 0x4134, 
  0x4134, 0x4134, 0x4134, 0x4134, 0x4134, 0x38cf, 0x1804, 0x1804, 0x1804, 0x1804, 0x1804, 0x1804, 
  0x1804, 0x1804, 0x1804, 0x1804, 0x1804, 0x1804, 0x1804, 0x1804, 0x1804, 0x1804, 0x1805, 0x2005, 
  0x2005, 0x2005, 0x2005, 0x2006, 0x2006, 0x2006, 0x2006, 0x2006, 0x2006, 0x2006, 0x2006, 0x2006, 
  0x2006, 0x2006, 0x2006, 0x2006, 0x2006, 0x2006, 0x2006, 0x2006, 0x2006, 0x2006, 0x2006, 0x2006, 
  0x2006, 0x2006, 0x2006, 0x2006, 0x2006, 0x2006, 0x2006, 0x2006, 0x2006, 0x2006, 0x2006, 0x2006, 
  0x2006, 0x2006, 0x2006, 0x2006, 0x2006, 0x2006, 0x2006, 0x2006, 0x2006, 0x2006, 0x2006, 0x2006, 
  0x2006, 0x2006, 0x2006, 0x2006, 0x2006, 0x2006, 0x2006, 0x2006, 0x2006, 0x2006, 0x2006, 0x2006, 
  0x2006, 0x2006, 0x2006, 0x2006, 0x2006, 0x2006, 0x2006, 0x2006, 0x2006, 0x2006, 0x2006, 0x2006, 
  0x2006, 0x2006, 0x2006, 0x2006, 0x2006, 0x2006, 0x2006, 0x2006, 0x2006, 0x2006, 0x2006, 0x2006, 
  0x2006, 0x2006, 0x2006, 0x2006, 0x2006, 0x2006, 0x2006, 0x2006, 0x2006, 0x2006, 0x2006, 0x2006, 
  0x2006, 0x2006, 0x2006, 0x2006, 0x2006, 0x2006, 0x2006, 0x2006, 0x2006, 0x2006, 0x2006, 0x2006, 
  0x2006, 0x2006, 0x2006, 0x2006, 0x2006, 0x2006, 0x2006, 0x2006, 0x2006, 0x2006, 0x2006, 0x2006, 
  0x2006, 0x2006, 0x2006, 0x2006, 0x2006, 0x2006, 0x2006, 0x2006, 0x2006, 0x2006, 0x2006, 0x2006, 
  0x2006, 0x2006, 0x2006, 0x2006, 0x2006, 0x2006, 0x2006, 0x2006, 0x2006, 0x2006, 0x2006, 0x2006, 
  0x2006, 0x2006, 0x2006, 0x2006, 0x2006, 0x2006, 0x2006, 0x2006, 0x2006, 0x2006, 0x2006, 0x2006, 
  0x2006, 0x2006, 0x2006, 0x2006, 0x2006, 0x2006, 0x2006, 0x2006, 0x2006, 0x2006, 0x2006, 0x2006, 
  0x2006, 0x2006, 0x2006, 0x2006, 0x2006, 0x2006, 0x2006, 0x2006, 0x2006, 0x2006, 0x2006, 0x2006, 
  0x2006, 0x2006, 0x2006, 0x2006, 0x2006, 0x2006, 0x2006, 0x2006, 0x2006, 0x2006, 0x2006, 0x2006, 
  0x2006, 0x2006, 0x2006, 0x2006, 0x2006, 0x2006, 0x2006, 0x2006, 0x2006, 0x2006, 0x2006, 0x2006, 
  0x2006, 0x2006, 0x2006, 0x2006, 0x2006, 0x2006, 0x2006, 0x2006, 0x2006, 0x2006, 0x2006, 0x2006, 
  0x4134, 0x4134, 0x4134, 0x4134, 0x4134, 0x4134, 0x4134, 0x4134, 0x4134, 0x4134, 0x4134, 0x4134, 
  0x4134, 0x4134, 0x4134, 0x4134, 0x4134, 0x4134, 0x4134, 0x4134, 0x4134, 0x4134, 0x4134, 0x4134, 
  0x4134, 0x4134, 0x4134, 0x4134, 0x4134, 0x4134, 0x4134, 0x4134, 0x4134, 0x4134, 0x4134, 0x4134, 
  0x4134, 0x4134, 0x4134, 0x4134, 0x4134, 0x4134, 0x4134, 0x4134, 0x4134, 0x4134, 0x4134, 0x4134, 
  0x4134, 0x4134, 0x4134, 0x4134, 0x4134, 0x4134, 0x4134, 0x4134, 0x4134, 0x4134, 0x4134, 0x4134, 
  0x4134, 0x4134, 0x4134, 0x4134, 0x4134, 0x4134, 0x4134, 0x4134, 0x4134, 0x4134, 0x4134, 0x4134, 
  0x4134, 0x4134, 0x4134, 0x4134, 0x4134, 0x4134, 0x4134, 0x4134, 0x4134, 0x4134, 0x4134, 0x4134, 
  0x38f1, 0x1805, 0x1804, 0x1804, 0x1804, 0x1804, 0x1804, 0x1804, 0x1804, 0x1804, 0x1804, 0x1804, 
  0x1804, 0x1804, 0x1804, 0x1804, 0x1804, 0x1804, 0x1805, 0x2005, 0x2005, 0x2005, 0x2006, 0x2006, 
  0x2806, 0x2006, 0x2006, 0x2006, 0x2006, 0x2006, 0x2006, 0x2006, 0x2006, 0x2006, 0x2006, 0x2006, 
  0x2006, 0x2006, 0x2006, 0x2006, 0x2006, 0x2006, 0x2006, 0x2006, 0x2006, 0x2006, 0x2006, 0x2006, 
  0x2006, 0x2006, 0x2006, 0x2006, 0x2006, 0x2006, 0x2006, 0x2006, 0x2006, 0x2006, 0x2006, 0x2006, 
  0x2006, 0x2006, 0x2006, 0x2006, 0x2006, 0x2006, 0x2006, 0x2006, 0x2006, 0x2006, 0x2006, 0x2006, 
  0x2006, 0x2006, 0x2006, 0x2006, 0x2006, 0x2006, 0x2006, 0x2006, 0x2006, 0x2006, 0x2006, 0x2006, 
  0x2006, 0x2006, 0x2006, 0x2006, 0x2006, 0x2006, 0x2006, 0x2006, 0x2006, 0x2006, 0x2006, 0x2006, 
  0x2006, 0x2006, 0x2006, 0x2006, 0x2006, 0x2006, 0x2006, 0x2006, 0x2006, 0x2006, 0x2006, 0x2006, 
  0x2006, 0x2006, 0x2006, 0x2006, 0x2006, 0x2006, 0x2006, 0x2006, 0x2006, 0x2006, 0x2006, 0x2006, 
  0x2006, 0x2006, 0x2006, 0x2006, 0x2006, 0x2006, 0x2006, 0x2006, 0x2006, 0x2006, 0x2006, 0x2006, 
  0x2006, 0x2006, 0x2006, 0x2006, 0x2006, 0x2006, 0x2006, 0x2006, 0x2006, 0x2006, 0x2006, 0x2006, 
  0x2006, 0x2006, 0x2006, 0x2006, 0x2006, 0x2006, 0x2006, 0x2006, 0x2006, 0x2006, 0x2006, 0x2006, 
  0x2006, 0x2006, 0x2006, 0x2006, 0x2006, 0x2006, 0x2006, 0x2006, 0x2006, 0x2006, 0x2006, 0x2006, 
  0x2006, 0x2006, 0x2006, 0x2006, 0x2006, 0x2006, 0x2006, 0x2006, 0x2006, 0x2006, 0x2006, 0x2006, 
  0x2006, 0x2006, 0x2006, 0x2006, 0x2006, 0x2006, 0x2006, 0x2006, 0x2006, 0x2006, 0x2006, 0x2006, 
  0x2006, 0x2006, 0x2006, 0x2006, 0x2006, 0x2006, 0x2006, 0x2006, 0x2006, 0x2006, 0x2006, 0x2006, 
  0x2006, 0x2006, 0x2006, 0x2006, 0x2006, 0x2006, 0x2006, 0x2006, 0x2006, 0x2006, 0x2006, 0x2006, 
  0x2006, 0x2006, 0x2006, 0x2006, 0x2006, 0x2006, 0x2006, 0x2006, 0x2006, 0x2006, 0x2006, 0x2006, 
  0x2006, 0x2006, 0x2006, 0x2006, 0x2006, 0x2006, 0x2006, 0x2006, 0x4134, 0x4134, 0x4134, 0x4134, 
  0x4134, 0x4134, 0x4134, 0x4134, 0x4134, 0x4134, 0x4134, 0x4134, 0x4134, 0x4134, 0x4134, 0x4134, 
  0x4134, 0x4134, 0x4134, 0x4134, 0x4134, 0x4134, 0x4134, 0x4134, 0x4134, 0x4134, 0x4134, 0x4134, 
  0x4134, 0x4134, 0x4134, 0x4134, 0x4134, 0x4134, 0x4134, 0x4134, 0x4134, 0x4134, 0x4134, 0x4134, 
  0x4134, 0x4134, 0x4134, 0x4134, 0x4134, 0x4134, 0x4134, 0x4134, 0x4134, 0x4134, 0x4134, 0x4134, 
  0x4134, 0x4134, 0x4134, 0x4134, 0x4134, 0x4134, 0x4134, 0x4134, 0x4134, 0x4134, 0x4134, 0x4134, 
  0x4134, 0x4134, 0x4134, 0x4134, 0x4134, 0x4134, 0x4134, 0x4134, 0x4134, 0x4134, 0x4134, 0x4134, 
  0x4134, 0x4134, 0x4134, 0x4134, 0x4134, 0x4134, 0x4134, 0x38f1, 0x2005, 0x1804, 0x1804, 0x1804, 
  0x1804, 0x1804, 0x1804, 0x1804, 0x1804, 0x1804, 0x1804, 0x1804, 0x1804, 0x1804, 0x1804, 0x1804, 
  0x1805, 0x1805, 0x2005, 0x2005, 0x2005, 0x2006, 0x2006, 0x2006, 0x2006, 0x2006, 0x2006, 0x2006, 
  0x2006, 0x2006, 0x2006, 0x2006, 0x2006, 0x2006, 0x2006, 0x2006, 0x2006, 0x2006, 0x2006, 0x2006, 
  0x2006, 0x2006, 0x2006, 0x2006, 0x2006, 0x2006, 0x2006, 0x2006, 0x2006, 0x2006, 0x2006, 0x2006, 
  0x2006, 0x2006, 0x2006, 0x2006, 0x2006, 0x2006, 0x2006, 0x2006, 0x2006, 0x2006, 0x2006, 0x2006, 
  0x2806, 0x2006, 0x2006, 0x2006, 0x2006, 0x2006, 0x2006, 0x2006, 0x2006, 0x2006, 0x2006, 0x2806, 
  0x2006, 0x2006, 0x2006, 0x2006, 0x2006, 0x2006, 0x2006, 0x2006, 0x2006, 0x2006, 0x2006, 0x2006, 
  0x2006, 0x2006, 0x2006, 0x2006, 0x2006, 0x2006, 0x2006, 0x2006, 0x2006, 0x2006, 0x2006, 0x2006, 
  0x2006, 0x2006, 0x2006, 0x2006, 0x2006, 0x2006, 0x2006, 0x2006, 0x2006, 0x2006, 0x2006, 0x2006, 
  0x2006, 0x2006, 0x2006, 0x2006, 0x2006, 0x2006, 0x2006, 0x2006, 0x2006, 0x2006, 0x2006, 0x2006, 
  0x2006, 0x2006, 0x2006, 0x2006, 0x2006, 0x2006, 0x2006, 0x2006, 0x2006, 0x2006, 0x2006, 0x2006, 
  0x2006, 0x2006, 0x2006, 0x2006, 0x2006, 0x2006, 0x2006, 0x2006, 0x2006, 0x2006, 0x2006, 0x2006, 
  0x2006, 0x2006, 0x2006, 0x2006, 0x2006, 0x2006, 0x2006, 0x2006, 0x2006, 0x2006, 0x2006, 0x2006, 
  0x2006, 0x2006, 0x2006, 0x2006, 0x2006, 0x2006, 0x2006, 0x2006, 0x2006, 0x2006, 0x2006, 0x2006, 
  0x2806, 0x2006, 0x2006, 0x2006, 0x2006, 0x2006, 0x2006, 0x2006, 0x2006, 0x2006, 0x2006, 0x2806, 
  0x2006, 0x2006, 0x2006, 0x2006, 0x2006, 0x2006, 0x2806, 0x2006, 0x2006, 0x2006, 0x2006, 0x2006, 
  0x2006, 0x2006, 0x2006, 0x2006, 0x2006, 0x2006, 0x2006, 0x2006, 0x2006, 0x2006, 0x2006, 0x2006, 
  0x2006, 0x2006, 0x2006, 0x2006, 0x2006, 0x2006, 0x2006, 0x2006, 0x2006, 0x2006, 0x2006, 0x2006, 
  0x2006, 0x2006, 0x2006, 0x2006, 0x2006, 0x2006, 0x2006, 0x2006, 0x2006, 0x2006, 0x2006, 0x2006, 
  0x2006, 0x2006, 0x2006, 0x2006, 0x4134, 0x4134, 0x4134, 0x4134, 0x4134, 0x4134, 0x4134, 0x4134, 
  0x4134, 0x4134, 0x4134, 0x4134, 0x4134, 0x4134, 0x4134, 0x4134, 0x4134, 0x4134, 0x4134, 0x4134, 
  0x4134, 0x4134, 0x4134, 0x4134, 0x4134, 0x4134, 0x4134, 0x4134, 0x4134, 0x4134, 0x4134, 0x4134, 
  0x4134, 0x4134, 0x4134, 0x4134, 0x4134, 0x4134, 0x4134, 0x4134, 0x4134, 0x4134, 0x4134, 0x4134, 
  0x4134, 0x4134, 0x4134, 0x4134, 0x4134, 0x4134, 0x4134, 0x4134, 0x4134, 0x4134, 0x4134, 0x4134, 
  0x4134, 0x4134, 0x4134, 0x4134, 0x4134, 0x4134, 0x4134, 0x4134, 0x4134, 0x4134, 0x4134, 0x4134, 
  0x4134, 0x4134, 0x4134, 0x4134, 0x4134, 0x4134, 0x4134, 0x4134, 0x4134, 0x4134, 0x4134, 0x4134, 
  0x4134, 0x4134, 0x4112, 0x2026, 0x1804, 0x1804, 0x1805, 0x1804, 0x1804, 0x1804, 0x1804, 0x1804, 
  0x1804, 0x1805, 0x1804, 0x1805, 0x1804, 0x1804, 0x1805, 0x1805, 0x1805, 0x2005, 0x2005, 0x2005, 
  0x2006, 0x2006, 0x2006, 0x2006, 0x2806, 0x2006, 0x2006, 0x2006, 0x2006, 0x2806, 0x2806, 0x2006, 
  0x2006, 0x2006, 0x2006, 0x2006, 0x2806, 0x2006, 0x2006, 0x2006, 0x2006, 0x2806, 0x2006, 0x2006, 
  0x2806, 0x2006, 0x2006, 0x2806, 0x2006, 0x2806, 0x2006, 0x2006, 0x2006, 0x2806, 0x2806, 0x2006, 
  0x2806, 0x2006, 0x2006, 0x2006, 0x2806, 0x2006, 0x2006, 0x2006, 0x2006, 0x2006, 0x2006, 0x2006, 
  0x2806, 0x2006, 0x2006, 0x2006, 0x2806, 0x2806, 0x2006, 0x2006, 0x2806, 0x2806, 0x2006, 0x2006, 
  0x2806, 0x2006, 0x2806, 0x2806, 0x2006, 0x2006, 0x2006, 0x2806, 0x2006, 0x2006, 0x2006, 0x2006, 
  0x2806, 0x2806, 0x2806, 0x2006, 0x2006, 0x2006, 0x2006, 0x2006, 0x2006, 0x2006, 0x2006, 0x2006, 
  0x2006, 0x2006, 0x2006, 0x2006, 0x2006, 0x2806, 0x2806, 0x2006, 0x2006, 0x2006, 0x2006, 0x2006, 
  0x2006, 0x2806, 0x2006, 0x2806, 0x2006, 0x2806, 0x2006, 0x2006, 0x2006, 0x2006, 0x2006, 0x2006, 
  0x2006, 0x2006, 0x2006, 0x2806, 0x2006, 0x2006, 0x2006, 0x2006, 0x2806, 0x2006, 0x2006, 0x2006, 
  0x2806, 0x2006, 0x2006, 0x2006, 0x2006, 0x2006, 0x2806, 0x2806, 0x2006, 0x2006, 0x2006, 0x2806, 
  0x2006, 0x2006, 0x2806, 0x2806, 0x2006, 0x2006, 0x2806, 0x2006, 0x2006, 0x2006, 0x2006, 0x2006, 
  0x2006, 0x2006, 0x2006, 0x2006, 0x2006, 0x2006, 0x2006, 0x2006, 0x2006, 0x2006, 0x2006, 0x2006, 
  0x2006, 0x2006, 0x2806, 0x2806, 0x2806, 0x2806, 0x2006, 0x2006, 0x2806, 0x2006, 0x2006, 0x2806, 
  0x2006, 0x2006, 0x2806, 0x2006, 0x2006, 0x2006, 0x2006, 0x2006, 0x2006, 0x2006, 0x2006, 0x2806, 
  0x2006, 0x2806, 0x2006, 0x2806, 0x2006, 0x2006, 0x2006, 0x2006, 0x2006, 0x2006, 0x2006, 0x2006, 
  0x2006, 0x2006, 0x2006, 0x2006, 0x2006, 0x2006, 0x2006, 0x2006, 0x2006, 0x2006, 0x2006, 0x2006, 
  0x2006, 0x2806, 0x2006, 0x2006, 0x2006, 0x2006, 0x2006, 0x2806, 0x2006, 0x2006, 0x2006, 0x2006, 
  0x4134, 0x4134, 0x4134, 0x4134, 0x4134, 0x4134, 0x4134, 0x4134, 0x4134, 0x4134, 0x4134, 0x4134, 
  0x4134, 0x4134, 0x4134, 0x4134, 0x4134, 0x4134, 0x4134, 0x4134, 0x4134, 0x4134, 0x4134, 0x4134, 
  0x4134, 0x4134, 0x4134, 0x4134, 0x4134, 0x4134, 0x4134, 0x4134, 0x4134, 0x4134, 0x4134, 0x4134, 
  0x4134, 0x4134, 0x4134, 0x4134, 0x4134, 0x4134, 0x4134, 0x4134, 0x4134, 0x4134, 0x4134, 0x4134, 
  0x4134, 0x4134, 0x4134, 0x4134, 0x4134, 0x4134, 0x4134, 0x4134, 0x4134, 0x4134, 0x4134, 0x4134, 
  0x4134, 0x4134, 0x4134, 0x4134, 0x4134, 0x4134, 0x4134, 0x4134, 0x4134, 0x4134, 0x4134, 0x4134, 
  0x4134, 0x4134, 0x4134, 0x4134, 0x4134, 0x4134, 0x4134, 0x4134, 0x4134, 0x4112, 0x2026, 0x1805, 
  0x1805, 0x1805, 0x1805, 0x1805, 0x1805, 0x1805, 0x1805, 0x1805, 0x1805, 0x1805, 0x1805, 0x1804, 
  0x2005, 0x1805, 0x2005, 0x2005, 0x2005, 0x2005, 0x2006, 0x2006, 0x2006, 0x2006, 0x2806, 0x2806, 
  0x2806, 0x2006, 0x2806, 0x2806, 0x2806, 0x2806, 0x2806, 0x2806, 0x2806, 0x2806, 0x2006, 0x2806, 
  0x2806, 0x2806, 0x2006, 0x2806, 0x2806, 0x2806, 0x2006, 0x2806, 0x2806, 0x2806, 0x2806, 0x2806, 
  0x2806, 0x2806, 0x2806, 0x2006, 0x2806, 0x2006, 0x2806, 0x2806, 0x2806, 0x2006, 0x2006, 0x2006, 
  0x2806, 0x2006, 0x2806, 0x2006, 0x2806, 0x2006, 0x2806, 0x2006, 0x2806, 0x2806, 0x2006, 0x2006, 
  0x2806, 0x2806, 0x2006, 0x2006, 0x2806, 0x2006, 0x2806, 0x2006, 0x2806, 0x2806, 0x2806, 0x2006, 
  0x2006, 0x2006, 0x2806, 0x2006, 0x2806, 0x2806, 0x2806, 0x2006, 0x2806, 0x2806, 0x2006, 0x2006, 
  0x2806, 0x2006, 0x2806, 0x2806, 0x2806, 0x2006, 0x2006, 0x2006, 0x2806, 0x2806, 0x2806, 0x2806, 
  0x2806, 0x2806, 0x2806, 0x2806, 0x2806, 0x2006, 0x2806, 0x2806, 0x2006, 0x2806, 0x2806, 0x2006, 
  0x2806, 0x2806, 0x2806, 0x2006, 0x2006, 0x2806, 0x2806, 0x2806, 0x2806, 0x2806, 0x2006, 0x2806, 
  0x2006, 0x2806, 0x2806, 0x2806, 0x2806, 0x2006, 0x2006, 0x2806, 0x2806, 0x2006, 0x2006, 0x2006, 
  0x2806, 0x2806, 0x2806, 0x2806, 0x2806, 0x2006, 0x2806, 0x2806, 0x2806, 0x2006, 0x2006, 0x2806, 
  0x2006, 0x2806, 0x2006, 0x2806, 0x2806, 0x2006, 0x2006, 0x2806, 0x2006, 0x2806, 0x2806, 0x2006, 
  0x2806, 0x2806, 0x2806, 0x2006, 0x2806, 0x2806, 0x2006, 0x2806, 0x2806, 0x2806, 0x2006, 0x2806, 
  0x2006, 0x2006, 0x2806, 0x2006, 0x2806, 0x2806, 0x2006, 0x2006, 0x2806, 0x2806, 0x2006, 0x2806, 
  0x2806, 0x2006, 0x2806, 0x2806, 0x2006, 0x2806, 0x2006, 0x2806, 0x2006, 0x2806, 0x2006, 0x2806, 
  0x2806, 0x2006, 0x2806, 0x2806, 0x2806, 0x2006, 0x2006, 0x2806, 0x2006, 0x2806, 0x2806, 0x2806, 
  0x2806, 0x2006, 0x2006, 0x2806, 0x2806, 0x2006, 0x2806, 0x2806, 0x2806, 0x2806, 0x2806, 0x2806, 
  0x2806, 0x2006, 0x2006, 0x2006, 0x2006, 0x2006, 0x2006, 0x2806, 0x0841, 0x0821, 0x0821, 0x0821, 
  0x0821, 0x0821, 0x0821, 0x0821, 0x0020, 0x0820, 0x0020, 0x0820, 0x0020, 0x0020, 0x0020, 0x0020, 
  0x0820, 0x0820, 0x0820, 0x0020, 0x0020, 0x0020, 0x0820, 0x0020, 0x0820, 0x0821, 0x0821, 0x0820, 
  0x0020, 0x0020, 0x0020, 0x0020, 0x0020, 0x0020, 0x0020, 0x0020, 0x0020, 0x0020, 0x0820, 0x0820, 
  0x0020, 0x0820, 0x0820, 0x0841, 0x0820, 0x0841, 0x0841, 0x0841, 0x0841, 0x0841, 0x0841, 0x0841, 
  0x0841, 0x0841, 0x0841, 0x0841, 0x0841, 0x0841, 0x0841, 0x0841, 0x0861, 0x1062, 0x1082, 0x1082, 
  0x1082, 0x1082, 0x1082, 0x1082, 0x1082, 0x1082, 0x1082, 0x0861, 0x0861, 0x0861, 0x0861, 0x1082, 
  0x0861, 0x0861, 0x0861, 0x0861, 0x0861, 0x0861, 0x0861, 0x0861, 0x0861, 0x0841, 0x0841, 0x0841, 
  0x0841, 0x0841, 0x0841, 0x0841, 0x0841, 0x0841, 0x0841, 0x0841, 0x0841, 0x0841, 0x0841, 0x0841, 
  0x0841, 0x0841, 0x0841, 0x0841, 0x0841, 0x0841, 0x0841, 0x0020, 0x0020, 0x0020, 0x0020, 0x0020, 
  0x0020, 0x0020, 0x0020, 0x0020, 0x0020, 0x0020, 0x0020, 0x0020, 0x0020, 0x0020, 0x0000, 0x0000, 
  0x0000, 0x0000, 0x0000, 0x0000, 0x0000, 0x0000, 0x0000, 0x0000, 0x0000, 0x0000, 0x0000, 0x0000, 
  0x0000, 0x0000, 0x0000, 0x0000, 0x0000, 0x0000, 0x0000, 0x0000, 0x0000, 0x0000, 0x0000, 0x0000, 
  0x0000, 0x0000, 0x0000, 0x0000, 0x0000, 0x0861, 0x0861, 0x0861, 0x0861, 0x1082, 0x1082, 0x0861, 
  0x0020, 0x0020, 0x0020, 0x0020, 0x0020, 0x0020, 0x0020, 0x0020, 0x0841, 0x0841, 0x0841, 0x0841, 
  0x0841, 0x0841, 0x0841, 0x0861, 0x0841, 0x0861, 0x0861, 0x0861, 0x0861, 0x0861, 0x0861, 0x0861, 
  0x0861, 0x0861, 0x0861, 0x1082, 0x1082, 0x1082, 0x1082, 0x1082, 0x1082, 0x1082, 0x10a2, 0x10a2, 
  0x10a2, 0x10a2, 0x10a2, 0x10a2, 0x10a2, 0x10a2, 0x10a2, 0x10a2, 0x10a2, 0x10a2, 0x10a2, 0x10a2, 
  0x10a2, 0x10a2, 0x10a2, 0x10a2, 0x10a2, 0x10a2, 0x10a2, 0x10a2, 0x10a2, 0x10a2, 0x2965, 0x2965, 
  0x2965, 0x2965, 0x2965, 0x2965, 0x2965, 0x2965, 0x2965, 0x2965, 0x2965, 0x2965, 0x2945, 0x2965, 
  0x2945, 0x2945, 0x2945, 0x2945, 0x2945, 0x2945, 0x2945, 0x2945, 0x2945, 0x2124, 0x2124, 0x2124, 
  0x2124, 0x2124, 0x2124, 0x2124, 0x2124, 0x2104, 0x2104, 0x2104, 0x2104, 0x20e3, 0x20e3, 0x20e3, 
  0x20e3, 0x18e3, 0x18e3, 0x18e3, 0x18e3, 0x18c3, 0x18c3, 0x18c3, 0x18c3, 0x18c3, 0x10a2, 0x10a2, 
  0x1082, 0x1082, 0x1082, 0x1082, 0x1082, 0x1082, 0x1082, 0x1082, 0x1062, 0x1062, 0x1062, 0x1061, 
  0x1061, 0x0861, 0x0861, 0x0861, 0x0861, 0x0841, 0x0841, 0x0841, 0x0841, 0x0841, 0x0841, 0x0841, 
  0x0841, 0x0841, 0x0841, 0x0841, 0x0821, 0x0821, 0x0821, 0x0841, 0x0821, 0x0821, 0x0821, 0x0820, 
  0x0820, 0x0821, 0x0820, 0x0820, 0x0820, 0x0820, 0x0020, 0x0020, 0x0020, 0x0020, 0x0020, 0x0020, 
  0x0020, 0x0020, 0x0020, 0x0020, 0x0821, 0x0821, 0x0821, 0x0821, 0x0841, 0x0841, 0x0841, 0x0820, 
  0x0820, 0x0820, 0x0820, 0x0820, 0x0020, 0x0820, 0x0020, 0x0820, 0x0820, 0x0820, 0x0020, 0x0820, 
  0x0020, 0x0020, 0x0820, 0x0820, 0x0820, 0x0821, 0x0821, 0x0020, 0x0020, 0x0020, 0x0020, 0x0020, 
  0x0020, 0x0020, 0x0020, 0x0020, 0x0020, 0x0020, 0x0820, 0x0820, 0x0820, 0x0820, 0x0841, 0x0820, 
  0x0841, 0x0820, 0x0841, 0x0841, 0x0841, 0x0841, 0x0841, 0x0841, 0x0841, 0x0841, 0x0841, 0x0841, 
  0x0841, 0x0841, 0x0841, 0x0841, 0x0861, 0x1062, 0x1082, 0x1082, 0x1082, 0x1082, 0x1082, 0x1082, 
  0x1082, 0x0861, 0x1082, 0x0861, 0x0861, 0x0861, 0x0861, 0x0861, 0x0861, 0x0861, 0x0861, 0x0861, 
  0x0861, 0x0861, 0x0861, 0x0861, 0x0841, 0x0861, 0x0841, 0x0861, 0x0841, 0x0841, 0x0841, 0x0841, 
  0x0841, 0x0841, 0x0841, 0x0841, 0x0841, 0x0841, 0x0841, 0x0841, 0x0841, 0x0841, 0x0841, 0x0841, 
  0x0841, 0x0841, 0x0841, 0x0020, 0x0020, 0x0020, 0x0020, 0x0020, 0x0020, 0x0020, 0x0020, 0x0020, 
  0x0020, 0x0020, 0x0020, 0x0020, 0x0020, 0x0020, 0x0000, 0x0000, 0x0000, 0x0000, 0x0000, 0x0000, 
  0x0000, 0x0000, 0x0000, 0x0000, 0x0000, 0x0000, 0x0000, 0x0000, 0x0000, 0x0000, 0x0000, 0x0000, 
  0x0000, 0x0000, 0x0000, 0x0000, 0x0000, 0x0000, 0x0000, 0x0000, 0x0000, 0x0000, 0x0000, 0x0000, 
  0x0000, 0x0000, 0x0861, 0x1082, 0x1082, 0x0861, 0x0841, 0x0020, 0x0020, 0x0020, 0x0020, 0x0020, 
  0x0020, 0x0841, 0x0841, 0x0841, 0x0841, 0x0841, 0x0841, 0x0841, 0x0841, 0x0841, 0x0841, 0x0841, 
  0x0861, 0x0861, 0x0861, 0x0861, 0x0861, 0x0861, 0x0861, 0x0861, 0x0861, 0x1082, 0x1082, 0x1082, 
  0x1082, 0x1082, 0x1082, 0x1082, 0x1082, 0x10a2, 0x1082, 0x10a2, 0x10a2, 0x10a2, 0x10a2, 0x10a2, 
  0x10a2, 0x10a2, 0x10a2, 0x10a2, 0x10a2, 0x10a2, 0x10a2, 0x10a2, 0x10a2, 0x10a2, 0x10a2, 0x10a2, 
  0x10a2, 0x10a2, 0x10a2, 0x10a2, 0x10a2, 0x10a2, 0x2945, 0x3186, 0x2965, 0x2965, 0x2965, 0x2965, 
  0x2965, 0x2965, 0x2965, 0x2965, 0x2965, 0x2965, 0x2965, 0x2965, 0x2965, 0x2965, 0x2945, 0x2945, 
  0x2945, 0x2945, 0x2945, 0x2945, 0x2124, 0x2945, 0x2124, 0x2124, 0x2124, 0x2124, 0x2124, 0x2124, 
  0x2124, 0x2104, 0x2104, 0x2104, 0x2104, 0x2104, 0x2104, 0x20e3, 0x20e3, 0x18e3, 0x20e3, 0x18e3, 
  0x18e3, 0x18e3, 0x18c3, 0x18c3, 0x18c3, 0x18c3, 0x10a2, 0x10a2, 0x1082, 0x10a2, 0x1082, 0x1082, 
  0x1082, 0x1082, 0x1082, 0x1082, 0x1062, 0x1062, 0x1062, 0x1061, 0x1061, 0x0861, 0x0861, 0x0861, 
  0x0861, 0x0861, 0x0841, 0x0841, 0x0841, 0x0841, 0x0841, 0x0841, 0x0841, 0x0841, 0x0841, 0x0841, 
  0x0841, 0x0821, 0x0821, 0x0821, 0x0821, 0x0821, 0x0821, 0x0820, 0x0820, 0x0820, 0x0820, 0x0020, 
  0x0020, 0x0020, 0x0020, 0x0020, 0x0020, 0x0020, 0x0020, 0x0020, 0x0020, 0x0020, 0x0020, 0x0020, 
  0x0821, 0x0841, 0x0841, 0x0820, 0x0841, 0x0841, 0x0821, 0x0821, 0x0820, 0x0820, 0x0820, 0x0820, 
  0x0020, 0x0020, 0x0821, 0x0821, 0x0820, 0x0820, 0x0820, 0x0820, 0x0820, 0x0820, 0x0841, 0x0841, 
  0x0820, 0x0820, 0x0821, 0x0020, 0x0020, 0x0020, 0x0020, 0x0020, 0x0020, 0x0021, 0x0020, 0x0820, 
  0x0820, 0x0820, 0x0820, 0x0841, 0x0841, 0x0020, 0x0841, 0x0841, 0x0841, 0x0841, 0x0841, 0x0841, 
  0x0841, 0x0841, 0x0841, 0x0841, 0x0841, 0x0841, 0x0841, 0x0841, 0x0841, 0x0841, 0x0861, 0x0861, 
  0x0861, 0x1082, 0x1082, 0x1082, 0x1082, 0x1082, 0x1082, 0x1082, 0x1082, 0x1082, 0x1082, 0x1082, 
  0x1082, 0x0861, 0x1082, 0x0861, 0x0861, 0x0861, 0x0861, 0x0861, 0x0861, 0x0861, 0x0861, 0x0861, 
  0x0841, 0x0861, 0x0841, 0x0841, 0x0841, 0x0841, 0x0841, 0x0841, 0x0841, 0x0841, 0x0841, 0x0841, 
  0x0841, 0x0841, 0x0841, 0x0841, 0x0841, 0x0841, 0x0841, 0x0841, 0x0841, 0x0841, 0x0020, 0x0020, 
  0x0020, 0x0020, 0x0020, 0x0020, 0x0020, 0x0020, 0x0020, 0x0020, 0x0020, 0x0020, 0x0020, 0x0000, 
  0x0020, 0x0000, 0x0000, 0x0000, 0x0000, 0x0000, 0x0000, 0x0000, 0x0000, 0x0000, 0x0000, 0x0000, 
  0x0000, 0x0000, 0x0000, 0x0000, 0x0000, 0x0000, 0x0000, 0x0000, 0x0000, 0x0000, 0x0000, 0x0000, 
  0x0000, 0x0000, 0x0000, 0x0000, 0x0000, 0x0000, 0x0000, 0x0000, 0x0000, 0x0000, 0x0000, 0x0861, 
  0x0861, 0x0020, 0x0020, 0x0020, 0x0020, 0x0020, 0x0020, 0x0020, 0x0020, 0x0020, 0x0841, 0x0841, 
  0x0841, 0x0841, 0x0841, 0x0841, 0x0841, 0x0841, 0x0861, 0x0861, 0x0861, 0x0861, 0x0861, 0x0861, 
  0x0861, 0x0861, 0x0861, 0x1082, 0x1082, 0x1082, 0x1082, 0x1082, 0x1082, 0x1082, 0x1082, 0x10a2, 
  0x10a2, 0x10a2, 0x10a2, 0x10a2, 0x10a2, 0x10a2, 0x10a2, 0x10a2, 0x10a2, 0x10a2, 0x10a2, 0x10a2, 
  0x10a2, 0x10a2, 0x10a2, 0x10a2, 0x10a2, 0x10a2, 0x10a2, 0x10a2, 0x10a2, 0x10a2, 0x10a2, 0x10a2, 
  0x10a2, 0x10a2, 0x18c3, 0x39e7, 0x3186, 0x3186, 0x3186, 0x3186, 0x3186, 0x3186, 0x2965, 0x2965, 
  0x2965, 0x2965, 0x2965, 0x2965, 0x2965, 0x2965, 0x2965, 0x2965, 0x2965, 0x2945, 0x2945, 0x2945, 
  0x2945, 0x2945, 0x2945, 0x2945, 0x2124, 0x2124, 0x2124, 0x2124, 0x2124, 0x2124, 0x2124, 0x2124, 
  0x2104, 0x2104, 0x2104, 0x2104, 0x20e3, 0x20e3, 0x18e3, 0x18e3, 0x18e3, 0x18e3, 0x18e3, 0x18c3, 
  0x18c3, 0x18c3, 0x10a2, 0x10a2, 0x10a2, 0x10a2, 0x1082, 0x1082, 0x1082, 0x1082, 0x1082, 0x1082, 
  0x1062, 0x1062, 0x1062, 0x1062, 0x1061, 0x0861, 0x0861, 0x0861, 0x0861, 0x0841, 0x0841, 0x0841, 
  0x0841, 0x0861, 0x0841, 0x0841, 0x0841, 0x0841, 0x0841, 0x0841, 0x0841, 0x0821, 0x0821, 0x0821, 
  0x0821, 0x0821, 0x0820, 0x0820, 0x0820, 0x0820, 0x0820, 0x0020, 0x0020, 0x0020, 0x0020, 0x0020, 
  0x0020, 0x0020, 0x0020, 0x0020, 0x0020, 0x0020, 0x0020, 0x0020, 0x0841, 0x0841, 0x0841, 0x0841, 
  0x0841, 0x0841, 0x0841, 0x0841, 0x0841, 0x0821, 0x0820, 0x0821, 0x0020, 0x0821, 0x0841, 0x0821, 
  0x0820, 0x0821, 0x0841, 0x0841, 0x0821, 0x0841, 0x0841, 0x0841, 0x0841, 0x0841, 0x0020, 0x0020, 
  0x0020, 0x0020, 0x0021, 0x0020, 0x0820, 0x0020, 0x0820, 0x0020, 0x0820, 0x0020, 0x0820, 0x0820, 
  0x0841, 0x0841, 0x0820, 0x0820, 0x0841, 0x0841, 0x0841, 0x0841, 0x0841, 0x0841, 0x0841, 0x0841, 
  0x0841, 0x0841, 0x0861, 0x0861, 0x0861, 0x0861, 0x1061, 0x0861, 0x1062, 0x1082, 0x1082, 0x1082, 
  0x1082, 0x1082, 0x1082, 0x1082, 0x1082, 0x1082, 0x1082, 0x1082, 0x1082, 0x0861, 0x0861, 0x0861, 
  0x0861, 0x0861, 0x0861, 0x0861, 0x0861, 0x0861, 0x0861, 0x0861, 0x0861, 0x0861, 0x0841, 0x0841, 
  0x0841, 0x0841, 0x0841, 0x0841, 0x0841, 0x0841, 0x0841, 0x0841, 0x0841, 0x0841, 0x0841, 0x0841, 
  0x0841, 0x0841, 0x0841, 0x0841, 0x0841, 0x0841, 0x0020, 0x0841, 0x0020, 0x0020, 0x0020, 0x0020, 
  0x0020, 0x0020, 0x0020, 0x0020, 0x0020, 0x0020, 0x0020, 0x0000, 0x0020, 0x0000, 0x0000, 0x0000, 
  0x0000, 0x0000, 0x0000, 0x0000, 0x0000, 0x0000, 0x0000, 0x0000, 0x0000, 0x0000, 0x0000, 0x0000, 
  0x0000, 0x0000, 0x0000, 0x0000, 0x0000, 0x0000, 0x0000, 0x0000, 0x0000, 0x0000, 0x0000, 0x0000, 
  0x0000, 0x0000, 0x0000, 0x0000, 0x0000, 0x0000, 0x0000, 0x0000, 0x0020, 0x0020, 0x0020, 0x0020, 
  0x0020, 0x0020, 0x0020, 0x0841, 0x0841, 0x0841, 0x0841, 0x0841, 0x0841, 0x0841, 0x0841, 0x0841, 
  0x0861, 0x0861, 0x0861, 0x0861, 0x0861, 0x0861, 0x0861, 0x1082, 0x1082, 0x1082, 0x1082, 0x1082, 
  0x1082, 0x1082, 0x1082, 0x1082, 0x1082, 0x10a2, 0x10a2, 0x10a2, 0x10a2, 0x10a2, 0x10a2, 0x10a2, 
  0x10a2, 0x10a2, 0x10a2, 0x18c3, 0x18c3, 0x18c3, 0x18c3, 0x18c3, 0x18c3, 0x18c3, 0x18c3, 0x18c3, 
  0x18c3, 0x18c3, 0x18c3, 0x18c3, 0x18c3, 0x18c3, 0x18c3, 0x18c3, 0x18c3, 0x18c3, 0x18c3, 0x39e7, 
  0x3186, 0x3186, 0x3186, 0x3186, 0x3186, 0x3186, 0x3186, 0x3186, 0x3186, 0x3186, 0x3186, 0x3186, 
  0x3186, 0x3186, 0x2965, 0x2965, 0x2965, 0x2965, 0x2965, 0x2965, 0x2965, 0x2945, 0x2945, 0x2945, 
  0x2945, 0x2945, 0x2945, 0x2945, 0x2124, 0x2124, 0x2124, 0x2124, 0x2124, 0x2104, 0x2104, 0x2104, 
  0x2104, 0x2104, 0x2104, 0x20e3, 0x20e3, 0x18e3, 0x20e3, 0x18e3, 0x18c3, 0x18a2, 0x10a2, 0x10a2, 
  0x10a2, 0x10a2, 0x10a2, 0x1082, 0x1082, 0x1082, 0x1082, 0x1082, 0x1082, 0x1082, 0x1062, 0x1062, 
  0x1061, 0x1061, 0x0861, 0x0861, 0x0861, 0x0861, 0x0861, 0x0841, 0x0841, 0x0841, 0x0841, 0x0841, 
  0x0841, 0x0841, 0x0841, 0x0841, 0x0841, 0x0841, 0x0821, 0x0821, 0x0821, 0x0821, 0x0821, 0x0821, 
  0x0821, 0x0820, 0x0820, 0x0820, 0x0820, 0x0020, 0x0820, 0x0020, 0x0020, 0x0020, 0x0020, 0x0020, 
  0x0020, 0x0020, 0x0020, 0x0020, 0x0841, 0x0841, 0x0841, 0x0841, 0x0841, 0x0841, 0x0841, 0x0821, 
  0x0821, 0x0821, 0x0841, 0x0841, 0x0820, 0x0841, 0x0841, 0x0820, 0x0820, 0x0841, 0x0841, 0x0841, 
  0x0841, 0x0841, 0x0841, 0x0841, 0x0841, 0x0020, 0x0020, 0x0020, 0x0021, 0x0021, 0x0021, 0x0820, 
  0x0820, 0x0820, 0x0820, 0x0820, 0x0820, 0x0841, 0x0841, 0x0820, 0x0841, 0x0841, 0x0841, 0x0841, 
  0x0841, 0x0841, 0x0841, 0x0841, 0x0841, 0x0841, 0x0841, 0x0861, 0x0841, 0x0841, 0x0861, 0x0861, 
  0x0861, 0x1061, 0x1061, 0x1062, 0x1082, 0x1082, 0x1082, 0x1082, 0x1082, 0x1082, 0x1082, 0x1082, 
  0x1082, 0x1082, 0x1082, 0x1082, 0x1082, 0x1082, 0x1082, 0x1082, 0x0861, 0x0861, 0x0861, 0x0861, 
  0x0861, 0x0861, 0x0861, 0x0861, 0x0861, 0x0861, 0x0841, 0x0841, 0x0841, 0x0841, 0x0841, 0x0861, 
  0x0861, 0x0841, 0x0841, 0x0841, 0x0841, 0x0841, 0x0841, 0x0861, 0x0841, 0x0841, 0x0841, 0x0841, 
  0x0841, 0x0841, 0x0020, 0x0020, 0x0020, 0x0020, 0x0020, 0x0020, 0x0020, 0x0020, 0x0020, 0x0020, 
  0x0020, 0x0020, 0x0020, 0x0020, 0x0020, 0x0000, 0x0000, 0x0000, 0x0000, 0x0000, 0x0000, 0x0000, 
  0x0000, 0x0000, 0x0000, 0x0000, 0x0000, 0x0000, 0x0000, 0x0000, 0x0000, 0x0000, 0x0000, 0x0000, 
  0x0000, 0x0000, 0x0000, 0x0000, 0x0000, 0x0000, 0x0000, 0x0000, 0x0000, 0x0000, 0x0000, 0x0000, 
  0x0000, 0x0000, 0x0000, 0x0000, 0x0000, 0x0020, 0x0020, 0x0020, 0x0020, 0x0020, 0x0020, 0x0841, 
  0x0841, 0x0841, 0x0841, 0x0841, 0x0841, 0x0841, 0x0861, 0x0861, 0x0861, 0x0861, 0x0861, 0x0861, 
  0x0861, 0x0861, 0x1082, 0x1082, 0x1082, 0x1082, 0x1082, 0x1082, 0x1082, 0x1082, 0x10a2, 0x10a2, 
  0x10a2, 0x10a2, 0x10a2, 0x10a2, 0x10a2, 0x18c3, 0x18c3, 0x18c3, 0x18c3, 0x18c3, 0x18c3, 0x18c3, 
  0x18c3, 0x18c3, 0x18c3, 0x18c3, 0x18c3, 0x18c3, 0x18c3, 0x18c3, 0x18c3, 0x18c3, 0x18c3, 0x18c3, 
  0x18c3, 0x18c3, 0x18c3, 0x18c3, 0x18c3, 0x18c3, 0x18c3, 0x39e7, 0x39c7, 0x31a6, 0x31a6, 0x31a6, 
  0x31a6, 0x31a6, 0x31a6, 0x31a6, 0x31a6, 0x31a6, 0x31a6, 0x3186, 0x3186, 0x3186, 0x3186, 0x3186, 
  0x3186, 0x3186, 0x2965, 0x2965, 0x2965, 0x2965, 0x2965, 0x2965, 0x2965, 0x2945, 0x2945, 0x2945, 
  0x2945, 0x2945, 0x2945, 0x2945, 0x2124, 0x2124, 0x2104, 0x2104, 0x2104, 0x2104, 0x2104, 0x2104, 
  0x2104, 0x20e4, 0x20e4, 0x20e3, 0x18c3, 0x18c3, 0x18c3, 0x18a2, 0x10a2, 0x18a2, 0x10a2, 0x1082, 
  0x1082, 0x1082, 0x1082, 0x1082, 0x1082, 0x1082, 0x1082, 0x1062, 0x1062, 0x1061, 0x1061, 0x0861, 
  0x0861, 0x0861, 0x0861, 0x0861, 0x0861, 0x0841, 0x0841, 0x0841, 0x0841, 0x0841, 0x0841, 0x0841, 
  0x0841, 0x0841, 0x0821, 0x0841, 0x0841, 0x0821, 0x0821, 0x0821, 0x0821, 0x0821, 0x0820, 0x0821, 
  0x0820, 0x0020, 0x0020, 0x0020, 0x0020, 0x0020, 0x0020, 0x0020, 0x0020, 0x0020, 0x0020, 0x0820, 
  0x0841, 0x0841, 0x0841, 0x0841, 0x0841, 0x0841, 0x0841, 0x0841, 0x0841, 0x0841, 0x0841, 0x0841, 
  0x0841, 0x0841, 0x0841, 0x0820, 0x0841, 0x0841, 0x0841, 0x0841, 0x0841, 0x0841, 0x0841, 0x0841, 
  0x0841, 0x0021, 0x0021, 0x0020, 0x0020, 0x0821, 0x0821, 0x0020, 0x0020, 0x0820, 0x0841, 0x0820, 
  0x0820, 0x0820, 0x0820, 0x0820, 0x0841, 0x0841, 0x0841, 0x0841, 0x0841, 0x0841, 0x0841, 0x0841, 
  0x0841, 0x0861, 0x0841, 0x0861, 0x0841, 0x0861, 0x0841, 0x0861, 0x0861, 0x1061, 0x1061, 0x1062, 
  0x1082, 0x1082, 0x1082, 0x1082, 0x1082, 0x1082, 0x1082, 0x1082, 0x1082, 0x1082, 0x1082, 0x1082, 
  0x1082, 0x1082, 0x1082, 0x1082, 0x0861, 0x0861, 0x0861, 0x0861, 0x0861, 0x0861, 0x0861, 0x0861, 
  0x0861, 0x0861, 0x0861, 0x0861, 0x0841, 0x0841, 0x0841, 0x0861, 0x0861, 0x0841, 0x0841, 0x0841, 
  0x0861, 0x0841, 0x0841, 0x0841, 0x0841, 0x0841, 0x0841, 0x0841, 0x0841, 0x0841, 0x0020, 0x0020, 
  0x0020, 0x0020, 0x0020, 0x0020, 0x0020, 0x0020, 0x0020, 0x0020, 0x0020, 0x0020, 0x0020, 0x0000, 
  0x0000, 0x0020, 0x0000, 0x0000, 0x0000, 0x0000, 0x0000, 0x0000, 0x0000, 0x0000, 0x0000, 0x0000, 
  0x0000, 0x0000, 0x0000, 0x0000, 0x0000, 0x0000, 0x0000, 0x0000, 0x0000, 0x0000, 0x0000, 0x0000, 
  0x0000, 0x0000, 0x0000, 0x0000, 0x0000, 0x0000, 0x0000, 0x0000, 0x0000, 0x0000, 0x0000, 0x0000, 
  0x0000, 0x0000, 0x0020, 0x0020, 0x0841, 0x0841, 0x0841, 0x0841, 0x0841, 0x0841, 0x0841, 0x0841, 
  0x0861, 0x0861, 0x0861, 0x0861, 0x0861, 0x0861, 0x0861, 0x1082, 0x0861, 0x1082, 0x1082, 0x1082, 
  0x1082, 0x1082, 0x1082, 0x1082, 0x10a2, 0x10a2, 0x10a2, 0x10a2, 0x10a2, 0x10a2, 0x18c3, 0x18c3, 
  0x18c3, 0x18c3, 0x18c3, 0x18c3, 0x18c3, 0x18c3, 0x18c3, 0x18c3, 0x18c3, 0x18c3, 0x18c3, 0x18c3, 
  0x18c3, 0x18c3, 0x18c3, 0x18c3, 0x18c3, 0x18c3, 0x18c3, 0x18e3, 0x18c3, 0x18e3, 0x18e3, 0x18c3, 
  0x18c3, 0x18c3, 0x18c3, 0x4208, 0x39c7, 0x39c7, 0x39c7, 0x39c7, 0x39c7, 0x39c7, 0x39c7, 0x39c7, 
  0x31a6, 0x31a6, 0x31a6, 0x31a6, 0x31a6, 0x31a6, 0x31a6, 0x3186, 0x3186, 0x3186, 0x3186, 0x3186, 
  0x3186, 0x3186, 0x2965, 0x2965, 0x2965, 0x2965, 0x2965, 0x2965, 0x2945, 0x2945, 0x2945, 0x2945, 
  0x2945, 0x2924, 0x2124, 0x2124, 0x2124, 0x2104, 0x2104, 0x2104, 0x2104, 0x2104, 0x20e4, 0x2104, 
  0x18c3, 0x18c3, 0x18c3, 0x18a2, 0x18a2, 0x18a2, 0x18a2, 0x10a2, 0x1082, 0x1082, 0x1082, 0x1082, 
  0x1082, 0x1082, 0x1082, 0x1062, 0x1082, 0x1082, 0x1061, 0x0861, 0x0861, 0x1061, 0x0861, 0x0861, 
  0x0841, 0x0841, 0x0841, 0x0841, 0x0841, 0x0841, 0x0841, 0x0841, 0x0841, 0x0841, 0x0841, 0x0841, 
  0x0841, 0x0821, 0x0821, 0x0821, 0x0821, 0x0821, 0x0821, 0x0820, 0x0820, 0x0820, 0x0820, 0x0820, 
  0x0020, 0x0020, 0x0820, 0x0020, 0x0821, 0x0821, 0x0020, 0x0020, 0x0841, 0x0841, 0x0841, 0x0841, 
  0x0841, 0x0841, 0x0841, 0x0841, 0x0841, 0x0841, 0x0841, 0x0841, 0x0841, 0x0841, 0x0820, 0x0841, 
  0x0841, 0x0841, 0x0841, 0x0841, 0x0841, 0x0841, 0x0841, 0x0841, 0x0020, 0x0820, 0x0820, 0x0820, 
  0x0821, 0x0841, 0x0821, 0x0821, 0x0820, 0x0820, 0x0820, 0x0841, 0x0841, 0x0841, 0x0841, 0x0820, 
  0x0820, 0x0841, 0x0841, 0x0841, 0x0841, 0x0861, 0x0861, 0x0861, 0x0861, 0x0861, 0x0861, 0x0861, 
  0x0861, 0x0861, 0x0861, 0x0861, 0x1061, 0x1082, 0x1082, 0x1082, 0x1082, 0x1082, 0x1082, 0x10a2, 
  0x1082, 0x1082, 0x1082, 0x1082, 0x1082, 0x1082, 0x1082, 0x1082, 0x1082, 0x1082, 0x1082, 0x1082, 
  0x0861, 0x0861, 0x0861, 0x0861, 0x0861, 0x0861, 0x0861, 0x0861, 0x0861, 0x0861, 0x0841, 0x0861, 
  0x0861, 0x0841, 0x0861, 0x0861, 0x0861, 0x0861, 0x0841, 0x0861, 0x0861, 0x0841, 0x0861, 0x0841, 
  0x0841, 0x0841, 0x0841, 0x0841, 0x0841, 0x0841, 0x0020, 0x0020, 0x0020, 0x0020, 0x0020, 0x0020, 
  0x0020, 0x0020, 0x0020, 0x0020, 0x0020, 0x0020, 0x0000, 0x0000, 0x0020, 0x0000, 0x0000, 0x0000, 
  0x0000, 0x0000, 0x0000, 0x0000, 0x0000, 0x0000, 0x0000, 0x0000, 0x0000, 0x0000, 0x0000, 0x0000, 
  0x0000, 0x0000, 0x0000, 0x0000, 0x0000, 0x0000, 0x0000, 0x0000, 0x0000, 0x0000, 0x0000, 0x0000, 
  0x0000, 0x0000, 0x0000, 0x0000, 0x0000, 0x0000, 0x0000, 0x0000, 0x0000, 0x0000, 0x0000, 0x0020, 
  0x0020, 0x0841, 0x0841, 0x0841, 0x0841, 0x0861, 0x0861, 0x0861, 0x0861, 0x0861, 0x0861, 0x0861, 
  0x0861, 0x1082, 0x1082, 0x1082, 0x1082, 0x1082, 0x1082, 0x1082, 0x1082, 0x10a2, 0x10a2, 0x10a2, 
  0x10a2, 0x10a2, 0x10a2, 0x10a2, 0x18c3, 0x18c3, 0x18c3, 0x18c3, 0x18c3, 0x18c3, 0x18c3, 0x18c3, 
  0x18c3, 0x18c3, 0x18e3, 0x18e3, 0x18c3, 0x18e3, 0x18e3, 0x18e3, 0x18e3, 0x18e3, 0x18e3, 0x18e3, 
  0x18e3, 0x18e3, 0x18e3, 0x18e3, 0x18e3, 0x18e3, 0x18e3, 0x18e3, 0x18e3, 0x18e3, 0x18c3, 0x39c7, 
  0x4208, 0x39c7, 0x39c7, 0x39c7, 0x39c7, 0x39c7, 0x39c7, 0x39c7, 0x39c7, 0x39c7, 0x39c7, 0x31a6, 
  0x31a6, 0x31a6, 0x31a6, 0x31a6, 0x3186, 0x3186, 0x3186, 0x3186, 0x3186, 0x3186, 0x3186, 0x3186, 
  0x2965, 0x2965, 0x2965, 0x2965, 0x2965, 0x2945, 0x2945, 0x2945, 0x2945, 0x2924, 0x2924, 0x2124, 
  0x2124, 0x2124, 0x2104, 0x2104, 0x2104, 0x2104, 0x2104, 0x20e4, 0x18c3, 0x18c3, 0x18c3, 0x18c3, 
  0x18a3, 0x18a2, 0x18a2, 0x18a2, 0x10a2, 0x10a2, 0x1082, 0x1082, 0x1082, 0x1082, 0x1082, 0x1082, 
  0x1082, 0x1082, 0x1082, 0x1061, 0x1061, 0x1061, 0x1061, 0x1061, 0x0861, 0x0861, 0x0841, 0x0841, 
  0x0841, 0x0841, 0x0841, 0x0841, 0x0841, 0x0841, 0x0841, 0x0841, 0x0841, 0x0821, 0x0821, 0x0821, 
  0x0821, 0x0821, 0x0820, 0x0820, 0x0820, 0x0820, 0x0820, 0x0020, 0x0020, 0x0820, 0x0820, 0x0020, 
  0x0820, 0x0020, 0x0020, 0x0020, 0x0841, 0x0841, 0x0841, 0x0841, 0x0861, 0x0861, 0x0841, 0x0841, 
  0x0841, 0x0841, 0x0841, 0x0841, 0x0841, 0x0841, 0x0841, 0x0841, 0x0841, 0x0841, 0x0841, 0x0841, 
  0x0841, 0x0841, 0x0841, 0x0020, 0x0020, 0x0820, 0x0820, 0x0820, 0x0841, 0x0841, 0x0841, 0x0020, 
  0x0841, 0x0841, 0x0841, 0x0841, 0x0841, 0x0841, 0x0841, 0x0841, 0x0841, 0x0841, 0x0841, 0x0841, 
  0x0841, 0x0841, 0x0861, 0x0861, 0x0861, 0x0861, 0x0861, 0x0861, 0x0861, 0x0861, 0x0861, 0x0861, 
  0x1061, 0x1061, 0x1082, 0x1082, 0x1082, 0x10a2, 0x1082, 0x1082, 0x1082, 0x1082, 0x1082, 0x1082, 
  0x1082, 0x1082, 0x1082, 0x1082, 0x1082, 0x1082, 0x1082, 0x0861, 0x0861, 0x0861, 0x0861, 0x0861, 
  0x0861, 0x0861, 0x0861, 0x0861, 0x0861, 0x0861, 0x0861, 0x0841, 0x0841, 0x0841, 0x0861, 0x0841, 
  0x0861, 0x0861, 0x0861, 0x0861, 0x0861, 0x0841, 0x0841, 0x0841, 0x0841, 0x0841, 0x0841, 0x0841, 
  0x0841, 0x0020, 0x0020, 0x0020, 0x0020, 0x0020, 0x0020, 0x0020, 0x0020, 0x0020, 0x0020, 0x0020, 
  0x0020, 0x0020, 0x0000, 0x0000, 0x0000, 0x0000, 0x0000, 0x0000, 0x0000, 0x0000, 0x0000, 0x0000, 
  0x0000, 0x0000, 0x0000, 0x0000, 0x0000, 0x0000, 0x0000, 0x0000, 0x0000, 0x0000, 0x0000, 0x0000, 
  0x0000, 0x0000, 0x0000, 0x0000, 0x0000, 0x0000, 0x0000, 0x0000, 0x0000, 0x0000, 0x0000, 0x0000, 
  0x0000, 0x0000, 0x0000, 0x0000, 0x0000, 0x0000, 0x0000, 0x0020, 0x0841, 0x0841, 0x0841, 0x0841, 
  0x0841, 0x0861, 0x0861, 0x0861, 0x0861, 0x0861, 0x0861, 0x0861, 0x1082, 0x1082, 0x1082, 0x1082, 
  0x1082, 0x1082, 0x1082, 0x1082, 0x1082, 0x10a2, 0x10a2, 0x10a2, 0x10a2, 0x10a2, 0x10a2, 0x18c3, 
  0x18c3, 0x18c3, 0x18c3, 0x18c3, 0x18c3, 0x18c3, 0x18c3, 0x18c3, 0x18c3, 0x18c3, 0x18e3, 0x18e3, 
  0x18e3, 0x18e3, 0x18e3, 0x18e3, 0x18e3, 0x18e3, 0x18e3, 0x18e3, 0x18e3, 0x18e3, 0x18e3, 0x18e3, 
  0x18e3, 0x18e3, 0x18e3, 0x18e3, 0x18e3, 0x18e3, 0x18e3, 0x2945, 0x528a, 0x39c7, 0x39c7, 0x39c7, 
  0x39c7, 0x39c7, 0x39c7, 0x39c7, 0x39c7, 0x39c7, 0x31a6, 0x31a6, 0x31a6, 0x31a6, 0x31a6, 0x31a6, 
  0x31a6, 0x3186, 0x3186, 0x3186, 0x3186, 0x3186, 0x3186, 0x3186, 0x2965, 0x2965, 0x2965, 0x2965, 
  0x2945, 0x2945, 0x2945, 0x2924, 0x2924, 0x2924, 0x2124, 0x2124, 0x2124, 0x2104, 0x2104, 0x2104, 
  0x2104, 0x2104, 0x2104, 0x18e3, 0x18c3, 0x18c3, 0x18c3, 0x18a3, 0x18a3, 0x18a3, 0x18a2, 0x18a2, 
  0x10a2, 0x10a2, 0x1082, 0x1082, 0x1082, 0x1082, 0x1082, 0x1082, 0x1082, 0x1082, 0x1082, 0x1061, 
  0x1061, 0x1062, 0x1061, 0x0861, 0x1061, 0x0841, 0x0841, 0x0841, 0x0841, 0x0841, 0x0841, 0x0841, 
  0x0841, 0x0841, 0x0841, 0x0841, 0x0841, 0x0820, 0x0841, 0x0820, 0x0820, 0x0820, 0x0820, 0x0820, 
  0x0820, 0x0820, 0x0820, 0x0020, 0x0020, 0x0020, 0x0820, 0x0020, 0x0020, 0x0020, 0x0020, 0x0020, 
  0x0841, 0x0841, 0x0841, 0x0841, 0x0861, 0x0861, 0x0841, 0x0841, 0x0841, 0x0841, 0x0841, 0x0841, 
  0x0841, 0x0841, 0x0841, 0x0841, 0x0841, 0x0841, 0x0841, 0x0841, 0x0841, 0x0841, 0x0841, 0x0020, 
  0x0020, 0x0841, 0x0841, 0x0841, 0x0020, 0x0020, 0x0020, 0x0020, 0x0020, 0x0020, 0x0841, 0x0841, 
  0x0841, 0x0841, 0x0841, 0x0841, 0x0841, 0x0841, 0x0820, 0x0841, 0x0841, 0x0841, 0x0841, 0x0841, 
  0x0841, 0x0841, 0x0841, 0x0841, 0x0861, 0x0861, 0x0861, 0x0861, 0x1061, 0x1061, 0x1061, 0x1082, 
  0x1082, 0x1082, 0x1082, 0x1082, 0x1082, 0x1082, 0x1082, 0x1082, 0x1082, 0x1082, 0x1082, 0x1082, 
  0x0861, 0x0861, 0x0861, 0x0861, 0x0861, 0x0861, 0x0861, 0x0861, 0x0861, 0x0861, 0x0861, 0x0861, 
  0x0861, 0x0861, 0x0841, 0x0841, 0x0841, 0x0841, 0x0841, 0x0861, 0x0841, 0x0861, 0x0841, 0x0861, 
  0x0841, 0x0841, 0x0841, 0x0841, 0x0841, 0x0841, 0x0841, 0x0020, 0x0020, 0x0020, 0x0020, 0x0020, 
  0x0020, 0x0020, 0x0020, 0x0020, 0x0020, 0x0020, 0x0020, 0x0020, 0x0000, 0x0000, 0x0000, 0x0000, 
  0x0000, 0x0000, 0x0000, 0x0000, 0x0000, 0x0000, 0x0000, 0x0000, 0x0000, 0x0000, 0x0000, 0x0000, 
  0x0000, 0x0000, 0x0000, 0x0000, 0x0000, 0x0000, 0x0000, 0x0000, 0x0000, 0x0000, 0x0000, 0x0000, 
  0x0000, 0x0000, 0x0000, 0x0000, 0x0000, 0x0000, 0x0000, 0x0000, 0x0000, 0x0000, 0x0000, 0x0000, 
  0x0000, 0x0000, 0x0000, 0x0000, 0x0020, 0x0841, 0x0841, 0x0841, 0x0841, 0x0841, 0x0861, 0x0861, 
  0x0861, 0x0861, 0x0861, 0x0861, 0x1082, 0x1082, 0x1082, 0x1082, 0x1082, 0x1082, 0x1082, 0x1082, 
  0x1082, 0x10a2, 0x10a2, 0x10a2, 0x10a2, 0x10a2, 0x10a2, 0x18c3, 0x18c3, 0x18c3, 0x18c3, 0x18c3, 
  0x18c3, 0x18c3, 0x18c3, 0x18c3, 0x18c3, 0x18e3, 0x18e3, 0x18e3, 0x18e3, 0x18e3, 0x18e3, 0x18e3, 
  0x18e3, 0x18e3, 0x18e3, 0x18e3, 0x18e3, 0x18e3, 0x18e3, 0x18e3, 0x18e3, 0x18e3, 0x18e3, 0x18e3, 
  0x18e3, 0x18e3, 0x18e3, 0x18e3, 0x4a69, 0x39c7, 0x39c7, 0x39c7, 0x39c7, 0x39c7, 0x39c7, 0x39c7, 
  0x39c7, 0x39c7, 0x31a6, 0x31a6, 0x31a6, 0x31a6, 0x31a6, 0x3186, 0x3186, 0x3186, 0x3186, 0x3186, 
  0x3186, 0x3186, 0x3186, 0x2965, 0x2965, 0x2965, 0x2965, 0x2965, 0x2945, 0x2945, 0x2924, 0x2924, 
  0x2124, 0x2124, 0x2124, 0x2124, 0x2124, 0x2104, 0x2104, 0x2104, 0x2104, 0x20e4, 0x20e4, 0x18c3, 
  0x18c3, 0x18c3, 0x18a2, 0x18a2, 0x18a3, 0x18a2, 0x10a2, 0x1082, 0x1082, 0x1082, 0x1082, 0x1082, 
  0x1082, 0x1082, 0x1082, 0x1082, 0x1082, 0x1062, 0x1061, 0x1061, 0x1061, 0x1061, 0x0861, 0x0861, 
  0x0841, 0x0841, 0x0841, 0x0841, 0x0841, 0x0841, 0x0841, 0x0841, 0x0841, 0x0841, 0x0841, 0x0820, 
  0x0820, 0x0820, 0x0820, 0x0820, 0x0820, 0x0820, 0x0820, 0x0820, 0x0820, 0x0020, 0x0020, 0x0020, 
  0x0820, 0x0020, 0x0820, 0x0020, 0x0020, 0x0020, 0x0000, 0x0020, 0x0841, 0x0841, 0x0841, 0x0861, 
  0x0861, 0x0861, 0x0841, 0x0841, 0x0841, 0x0841, 0x0821, 0x0841, 0x0841, 0x0841, 0x0841, 0x0841, 
  0x0841, 0x0841, 0x0841, 0x0841, 0x0841, 0x0841, 0x0020, 0x0020, 0x0020, 0x0020, 0x0020, 0x0020, 
  0x0841, 0x0841, 0x0841, 0x0841, 0x0841, 0x0841, 0x0841, 0x0841, 0x0841, 0x0841, 0x0841, 0x0841, 
  0x0841, 0x0841, 0x0841, 0x0841, 0x0841, 0x0841, 0x0841, 0x0841, 0x0861, 0x0861, 0x0861, 0x0861, 
  0x0861, 0x0861, 0x0861, 0x1061, 0x1061, 0x1082, 0x1061, 0x1082, 0x1082, 0x1082, 0x1082, 0x1082, 
  0x1082, 0x1082, 0x1082, 0x1082, 0x1082, 0x1082, 0x1082, 0x0861, 0x0861, 0x0861, 0x0861, 0x0861, 
  0x0861, 0x0861, 0x0861, 0x0861, 0x0861, 0x0861, 0x0861, 0x0861, 0x0841, 0x0841, 0x0841, 0x0841, 
  0x0841, 0x0841, 0x0841, 0x0841, 0x0841, 0x0861, 0x0841, 0x0841, 0x0841, 0x0841, 0x0841, 0x0841, 
  0x0841, 0x0841, 0x0020, 0x0020, 0x0020, 0x0020, 0x0020, 0x0020, 0x0020, 0x0020, 0x0020, 0x0020, 
  0x0020, 0x0020, 0x0020, 0x0000, 0x0000, 0x0000, 0x0000, 0x0000, 0x0000, 0x0000, 0x0000, 0x0000, 
  0x0000, 0x0000, 0x0000, 0x0000, 0x0000, 0x0000, 0x0000, 0x0000, 0x0000, 0x0000, 0x0000, 0x0000, 
  0x0000, 0x0000, 0x0000, 0x0000, 0x0000, 0x0000, 0x0000, 0x0000, 0x0000, 0x0000, 0x0000, 0x0000, 
  0x0000, 0x0000, 0x0000, 0x0000, 0x0000, 0x0000, 0x0000, 0x0000, 0x0000, 0x0000, 0x0000, 0x0000, 
  0x0000, 0x0020, 0x0841, 0x0841, 0x0841, 0x0861, 0x0861, 0x0861, 0x0861, 0x0861, 0x0861, 0x1082, 
  0x1082, 0x1082, 0x1082, 0x1082, 0x1082, 0x1082, 0x1082, 0x1082, 0x10a2, 0x10a2, 0x10a2, 0x10a2, 
  0x10a2, 0x10a2, 0x18c3, 0x18c3, 0x18c3, 0x18c3, 0x18c3, 0x18c3, 0x18c3, 0x18c3, 0x18c3, 0x18c3, 
  0x18c3, 0x18e3, 0x18e3, 0x18e3, 0x18e3, 0x18e3, 0x18e3, 0x18e3, 0x18e3, 0x18e3, 0x18e3, 0x18e3, 
  0x18e3, 0x18e3, 0x18e3, 0x18e3, 0x18e3, 0x18e3, 0x18e3, 0x18e3, 0x18e3, 0x18e3, 0x18e3, 0x18c3, 
  0x4208, 0x39c7, 0x39c7, 0x39c7, 0x39c7, 0x39c7, 0x39c7, 0x39c7, 0x39c7, 0x31a6, 0x31a6, 0x31a6, 
  0x31a6, 0x31a6, 0x31a6, 0x3186, 0x3186, 0x3186, 0x3186, 0x3186, 0x3186, 0x3186, 0x2965, 0x2965, 
  0x2965, 0x2965, 0x2965, 0x2945, 0x2945, 0x2945, 0x2924, 0x2924, 0x2124, 0x2124, 0x2124, 0x2124, 
  0x2104, 0x2104, 0x2104, 0x2104, 0x2104, 0x20e4, 0x18e3, 0x18c3, 0x18c3, 0x18c3, 0x18a2, 0x18a2, 
  0x18a3, 0x18a2, 0x10a2, 0x1082, 0x1082, 0x1082, 0x1082, 0x1082, 0x1082, 0x1082, 0x1082, 0x1082, 
  0x1062, 0x1061, 0x1061, 0x1061, 0x1061, 0x1061, 0x0861, 0x0861, 0x0841, 0x0841, 0x0841, 0x0841, 
  0x0841, 0x0841, 0x0841, 0x0841, 0x0841, 0x0841, 0x0841, 0x0820, 0x0820, 0x0820, 0x0820, 0x0820, 
  0x0820, 0x0820, 0x0820, 0x0820, 0x0020, 0x0020, 0x0020, 0x0020, 0x0020, 0x0020, 0x0821, 0x0020, 
  0x0020, 0x0020, 0x0000, 0x0820, 0x0841, 0x0841, 0x0841, 0x0841, 0x0841, 0x0841, 0x0841, 0x0841, 
  0x0841, 0x0841, 0x0841, 0x0841, 0x0841, 0x0841, 0x0841, 0x0841, 0x0841, 0x0841, 0x0841, 0x0841, 
  0x0841, 0x0020, 0x0020, 0x0841, 0x0020, 0x0020, 0x0020, 0x0020, 0x0841, 0x0841, 0x0841, 0x0841, 
  0x0841, 0x0841, 0x0841, 0x0820, 0x0841, 0x0841, 0x0841, 0x0841, 0x0841, 0x0841, 0x0841, 0x0841, 
  0x0841, 0x0861, 0x0861, 0x0861, 0x0861, 0x0861, 0x0861, 0x0861, 0x0861, 0x1061, 0x1061, 0x1061, 
  0x1061, 0x1082, 0x1082, 0x1082, 0x1082, 0x1082, 0x1082, 0x1082, 0x1082, 0x1082, 0x1082, 0x1082, 
  0x1082, 0x0861, 0x1082, 0x0861, 0x0861, 0x0861, 0x0861, 0x0861, 0x0861, 0x0861, 0x0861, 0x0861, 
  0x0861, 0x0861, 0x0861, 0x0861, 0x0861, 0x0841, 0x0841, 0x0841, 0x0841, 0x0841, 0x0841, 0x0841, 
  0x0841, 0x0861, 0x0841, 0x0861, 0x0841, 0x0841, 0x0841, 0x0841, 0x0841, 0x0020, 0x0020, 0x0020, 
  0x0020, 0x0020, 0x0020, 0x0020, 0x0020, 0x0020, 0x0020, 0x0020, 0x0020, 0x0020, 0x0000, 0x0000, 
  0x0000, 0x0000, 0x0000, 0x0000, 0x0000, 0x0000, 0x0000, 0x0000, 0x0000, 0x0000, 0x0000, 0x0000, 
  0x0000, 0x0000, 0x0000, 0x0000, 0x0000, 0x0000, 0x0000, 0x0000, 0x0000, 0x0000, 0x0000, 0x0000, 
  0x0000, 0x0000, 0x0000, 0x0000, 0x0000, 0x0000, 0x0000, 0x0000, 0x0000, 0x0000, 0x0000, 0x0000, 
  0x0000, 0x0000, 0x0000, 0x0000, 0x0000, 0x0000, 0x0000, 0x0000, 0x0000, 0x0020, 0x0020, 0x0841, 
  0x0841, 0x0861, 0x0861, 0x0861, 0x0861, 0x0861, 0x0861, 0x1082, 0x1082, 0x1082, 0x1082, 0x1082, 
  0x1082, 0x1082, 0x1082, 0x1082, 0x10a2, 0x10a2, 0x10a2, 0x10a2, 0x10a2, 0x10a2, 0x18c3, 0x18c3, 
  0x18c3, 0x18c3, 0x18c3, 0x18c3, 0x18c3, 0x18c3, 0x18c3, 0x18c3, 0x18e3, 0x18e3, 0x18e3, 0x18e3, 
  0x18e3, 0x18e3, 0x18e3, 0x18e3, 0x18e3, 0x18e3, 0x18e3, 0x18e3, 0x18e3, 0x18e3, 0x18e3, 0x18e3, 
  0x18e3, 0x18e3, 0x18e3, 0x18e3, 0x18e3, 0x18e3, 0x18c3, 0x18c3, 0x4a69, 0x39c7, 0x39c7, 0x39c7, 
  0x39c7, 0x39c7, 0x39c7, 0x39c7, 0x31a6, 0x31a6, 0x31a6, 0x31a6, 0x31a6, 0x31a6, 0x31a6, 0x3186, 
  0x3186, 0x3186, 0x3186, 0x3186, 0x3186, 0x3186, 0x2965, 0x2965, 0x2965, 0x2965, 0x2945, 0x2945, 
  0x2945, 0x2924, 0x2924, 0x2924, 0x2124, 0x2124, 0x2124, 0x2104, 0x2104, 0x2104, 0x2104, 0x2104, 
  0x2104, 0x20e4, 0x18c3, 0x18c3, 0x18c3, 0x18a3, 0x18a3, 0x18a2, 0x18a2, 0x10a2, 0x10a2, 0x1082, 
  0x1082, 0x1082, 0x1082, 0x1082, 0x1082, 0x1082, 0x1082, 0x1082, 0x1062, 0x1061, 0x1061, 0x1061, 
  0x1061, 0x0861, 0x0861, 0x0841, 0x0841, 0x0841, 0x0841, 0x0841, 0x0841, 0x0841, 0x0841, 0x0841, 
  0x0841, 0x0841, 0x0841, 0x0820, 0x0820, 0x0820, 0x0820, 0x0820, 0x0820, 0x0820, 0x0820, 0x0821, 
  0x0820, 0x0820, 0x0820, 0x0020, 0x0020, 0x0020, 0x0020, 0x0020, 0x0020, 0x0020, 0x0821, 0x0821, 
  0x0861, 0x0861, 0x0861, 0x0841, 0x0841, 0x0841, 0x0841, 0x0841, 0x0861, 0x0841, 0x0841, 0x0841, 
  0x0841, 0x0841, 0x0841, 0x0841, 0x0841, 0x0841, 0x0841, 0x0841, 0x0020, 0x0020, 0x0841, 0x0020, 
  0x0020, 0x0841, 0x0020, 0x0841, 0x0841, 0x0841, 0x0841, 0x0841, 0x0841, 0x0841, 0x0841, 0x0841, 
  0x0841, 0x0841, 0x0841, 0x0841, 0x0841, 0x0841, 0x0861, 0x0841, 0x0861, 0x0861, 0x0861, 0x0861, 
  0x0861, 0x0861, 0x0861, 0x0861, 0x0861, 0x1061, 0x1061, 0x1061, 0x1061, 0x1082, 0x1082, 0x1082, 
  0x1082, 0x1082, 0x1082, 0x1082, 0x1082, 0x1082, 0x1082, 0x1082, 0x1082, 0x1082, 0x0861, 0x0861, 
  0x0861, 0x0861, 0x0861, 0x0861, 0x0861, 0x0861, 0x0861, 0x0861, 0x0861, 0x0861, 0x0861, 0x0861, 
  0x0841, 0x0841, 0x0841, 0x0841, 0x0841, 0x0861, 0x0841, 0x0861, 0x0841, 0x0861, 0x0841, 0x0841, 
  0x0841, 0x0841, 0x0841, 0x0841, 0x0841, 0x0020, 0x0020, 0x0020, 0x0020, 0x0020, 0x0020, 0x0020, 
  0x0020, 0x0020, 0x0020, 0x0020, 0x0020, 0x0000, 0x0000, 0x0000, 0x0000, 0x0000, 0x0000, 0x0000, 
  0x0000, 0x0000, 0x0000, 0x0000, 0x0000, 0x0000, 0x0000, 0x0000, 0x0000, 0x0000, 0x0000, 0x0000, 
  0x0000, 0x0000, 0x0000, 0x0000, 0x0000, 0x0000, 0x0000, 0x0000, 0x0000, 0x0000, 0x0000, 0x0000, 
  0x0000, 0x0020, 0x0020, 0x0020, 0x0000, 0x0000, 0x0000, 0x0000, 0x0000, 0x0000, 0x0000, 0x0000, 
  0x0000, 0x0000, 0x0000, 0x0000, 0x0020, 0x0020, 0x0020, 0x0020, 0x0841, 0x0861, 0x0861, 0x0861, 
  0x0861, 0x0861, 0x1082, 0x1082, 0x1082, 0x1082, 0x1082, 0x1082, 0x1082, 0x1082, 0x1082, 0x10a2, 
  0x10a2, 0x10a2, 0x10a2, 0x10a2, 0x10a2, 0x18c3, 0x18c3, 0x18c3, 0x18c3, 0x18c3, 0x18c3, 0x18c3, 
  0x18c3, 0x18c3, 0x18c3, 0x18e3, 0x18e3, 0x18e3, 0x18e3, 0x18e3, 0x18e3, 0x18e3, 0x18e3, 0x18e3, 
  0x18e3, 0x18e3, 0x18e3, 0x18e3, 0x18e3, 0x18e3, 0x18e3, 0x18e3, 0x18e3, 0x18e3, 0x18e3, 0x18e3, 
  0x18e3, 0x18c3, 0x18c3, 0x18c3, 0x4a69, 0x39c7, 0x39c7, 0x39c7, 0x39c7, 0x39c7, 0x39c7, 0x31a6, 
  0x31a6, 0x31a6, 0x31a6, 0x31a6, 0x31a6, 0x3186, 0x3186, 0x3186, 0x3186, 0x3186, 0x3186, 0x3186, 
  0x3186, 0x2965, 0x2965, 0x2965, 0x2965, 0x2945, 0x2945, 0x2945, 0x2924, 0x2924, 0x2924, 0x2124, 
  0x2124, 0x2124, 0x2104, 0x2104, 0x2104, 0x2104, 0x2104, 0x20e4, 0x20e4, 0x20e3, 0x18c3, 0x18c3, 
  0x18a3, 0x18a3, 0x18a3, 0x18a2, 0x10a2, 0x10a2, 0x10a2, 0x1082, 0x1082, 0x1082, 0x1082, 0x1082, 
  0x1082, 0x1082, 0x1082, 0x1062, 0x1061, 0x1061, 0x1061, 0x1061, 0x0861, 0x0861, 0x0841, 0x0841, 
  0x0841, 0x0841, 0x0841, 0x0841, 0x0841, 0x0841, 0x0841, 0x0841, 0x0841, 0x0841, 0x0820, 0x0820, 
  0x0820, 0x0820, 0x0820, 0x0820, 0x0820, 0x0820, 0x0820, 0x0820, 0x0820, 0x0820, 0x0020, 0x0020, 
  0x0020, 0x0020, 0x0020, 0x0020, 0x0020, 0x0821, 0x0821, 0x1002, 0x18a3, 0x0841, 0x0841, 0x0841, 
  0x0841, 0x0841, 0x0861, 0x0861, 0x0861, 0x0861, 0x0841, 0x0841, 0x0841, 0x0841, 0x0841, 0x0841, 
  0x0841, 0x0841, 0x0841, 0x0820, 0x0820, 0x0841, 0x0841, 0x0841, 0x0841, 0x0841, 0x0841, 0x0841, 
  0x0841, 0x0841, 0x0841, 0x0841, 0x0841, 0x0841, 0x0841, 0x0841, 0x0841, 0x0841, 0x0841, 0x0841, 
  0x0841, 0x0861, 0x0861, 0x0861, 0x0861, 0x0861, 0x0861, 0x0861, 0x0861, 0x0861, 0x0861, 0x1061, 
  0x1061, 0x1061, 0x1082, 0x1082, 0x1082, 0x1082, 0x1082, 0x1082, 0x1082, 0x1082, 0x1082, 0x1082, 
  0x1082, 0x1082, 0x1082, 0x1082, 0x1082, 0x1082, 0x1082, 0x1082, 0x1082, 0x0861, 0x0861, 0x0861, 
  0x0861, 0x0861, 0x0861, 0x0861, 0x0861, 0x0861, 0x0861, 0x0861, 0x0861, 0x0841, 0x0841, 0x0841, 
  0x0841, 0x0861, 0x0861, 0x0841, 0x0841, 0x0841, 0x0841, 0x0841, 0x0841, 0x0841, 0x0841, 0x0841, 
  0x0020, 0x0020, 0x0020, 0x0020, 0x0020, 0x0020, 0x0020, 0x0020, 0x0020, 0x0020, 0x0020, 0x0020, 
  0x0020, 0x0000, 0x0000, 0x0000, 0x0000, 0x0000, 0x0000, 0x0000, 0x0000, 0x0000, 0x0000, 0x0000, 
  0x0000, 0x0000, 0x0000, 0x0000, 0x0000, 0x0000, 0x0000, 0x0000, 0x0000, 0x0000, 0x0000, 0x0000, 
  0x0000, 0x0000, 0x0000, 0x0000, 0x0000, 0x0000, 0x0000, 0x0000, 0x0000, 0x0020, 0x0020, 0x0020, 
  0x0000, 0x0000, 0x0000, 0x0000, 0x0000, 0x0000, 0x0000, 0x0000, 0x0000, 0x0000, 0x0000, 0x0020, 
  0x0020, 0x0020, 0x0020, 0x0020, 0x0020, 0x0861, 0x0861, 0x0861, 0x0861, 0x0861, 0x1082, 0x1082, 
  0x1082, 0x1082, 0x1082, 0x1082, 0x1082, 0x1082, 0x1082, 0x10a2, 0x10a2, 0x10a2, 0x10a2, 0x10a2, 
  0x18c3, 0x18c3, 0x18c3, 0x18c3, 0x18c3, 0x18c3, 0x18c3, 0x18c3, 0x18c3, 0x18c3, 0x18c3, 0x18e3, 
  0x18e3, 0x18e3, 0x18e3, 0x18e3, 0x18e3, 0x18e3, 0x18e3, 0x18e3, 0x18e3, 0x18e3, 0x18e3, 0x18e3, 
  0x18e3, 0x18e3, 0x18e3, 0x18e3, 0x18e3, 0x18e3, 0x18e3, 0x18e3, 0x18c3, 0x18c3, 0x18c3, 0x18c3, 
  0x2945, 0x528a, 0x39c7, 0x39c7, 0x39c7, 0x39c7, 0x39c7, 0x31a6, 0x31a6, 0x31a6, 0x31a6, 0x31a6, 
  0x31a6, 0x3186, 0x3186, 0x3186, 0x3186, 0x3186, 0x3186, 0x3186, 0x3186, 0x2965, 0x2965, 0x2965, 
  0x2965, 0x2945, 0x2945, 0x2945, 0x2924, 0x2924, 0x2124, 0x2124, 0x2124, 0x2124, 0x2104, 0x2104, 
  0x2104, 0x2104, 0x2104, 0x20e4, 0x20e4, 0x18c3, 0x18c3, 0x18c3, 0x18a3, 0x18a3, 0x18a3, 0x18a2, 
  0x10a2, 0x10a2, 0x1082, 0x1082, 0x1082, 0x1082, 0x1082, 0x1082, 0x1082, 0x1082, 0x1062, 0x1062, 
  0x1061, 0x1061, 0x1061, 0x0861, 0x0861, 0x0841, 0x0841, 0x0841, 0x0841, 0x0841, 0x0841, 0x0841, 
  0x0841, 0x0841, 0x0841, 0x0841, 0x0841, 0x0841, 0x0820, 0x0820, 0x0820, 0x0821, 0x0821, 0x0820, 
  0x0820, 0x0821, 0x0821, 0x0821, 0x0020, 0x0020, 0x0020, 0x0020, 0x0821, 0x0020, 0x0821, 0x0000, 
  0x0801, 0x0802, 0x1023, 0x1824, 0x2104, 0x1062, 0x0841, 0x0841, 0x0841, 0x0861, 0x0861, 0x0861, 
  0x0861, 0x0861, 0x0841, 0x0841, 0x0841, 0x0841, 0x0841, 0x0861, 0x0841, 0x0861, 0x0841, 0x0820, 
  0x0820, 0x0841, 0x0841, 0x0841, 0x0841, 0x0841, 0x0841, 0x0841, 0x0841, 0x0841, 0x0841, 0x0841, 
  0x0841, 0x0841, 0x0841, 0x0841, 0x0841, 0x0841, 0x0841, 0x0861, 0x0861, 0x0861, 0x0861, 0x0861, 
  0x0861, 0x0861, 0x0861, 0x0861, 0x0861, 0x1082, 0x1082, 0x1061, 0x1082, 0x1082, 0x1082, 0x1082, 
  0x1082, 0x1082, 0x1082, 0x1082, 0x1082, 0x1082, 0x1082, 0x1082, 0x1082, 0x1082, 0x1082, 0x1082, 
  0x1082, 0x1082, 0x1082, 0x1082, 0x1082, 0x0861, 0x0861, 0x0861, 0x0861, 0x0861, 0x0861, 0x0861, 
  0x0861, 0x0861, 0x0861, 0x0861, 0x0861, 0x0861, 0x0841, 0x0841, 0x0861, 0x0841, 0x0841, 0x0861, 
  0x0841, 0x0841, 0x0841, 0x0841, 0x0841, 0x0841, 0x0841, 0x0020, 0x0020, 0x0020, 0x0020, 0x0020, 
  0x0020, 0x0020, 0x0020, 0x0020, 0x0020, 0x0020, 0x0020, 0x0020, 0x0000, 0x0000, 0x0000, 0x0000, 
  0x0000, 0x0000, 0x0000, 0x0000, 0x0000, 0x0000, 0x0000, 0x0000, 0x0000, 0x0000, 0x0000, 0x0000, 
  0x0000, 0x0000, 0x0000, 0x0000, 0x0000, 0x0000, 0x0000, 0x0000, 0x0000, 0x0000, 0x0000, 0x0000, 
  0x0000, 0x0000, 0x0000, 0x0020, 0x0020, 0x0020, 0x0020, 0x0020, 0x0020, 0x0000, 0x0000, 0x0000, 
  0x0000, 0x0000, 0x0000, 0x0000, 0x0000, 0x0000, 0x0020, 0x0020, 0x0020, 0x0020, 0x0020, 0x0020, 
  0x0020, 0x0020, 0x0861, 0x0861, 0x1082, 0x1082, 0x1082, 0x1082, 0x1082, 0x1082, 0x1082, 0x1082, 
  0x1082, 0x10a2, 0x10a2, 0x10a2, 0x10a2, 0x10a2, 0x10a2, 0x18c3, 0x18c3, 0x18c3, 0x18c3, 0x18c3, 
  0x18c3, 0x18c3, 0x18c3, 0x18c3, 0x18c3, 0x18c3, 0x18e3, 0x18e3, 0x18e3, 0x18e3, 0x18e3, 0x18e3, 
  0x18e3, 0x18e3, 0x18e3, 0x18e3, 0x18e3, 0x18e3, 0x18e3, 0x18e3, 0x18e3, 0x18e3, 0x18e3, 0x18e3, 
  0x18e3, 0x18e3, 0x18e3, 0x18e3, 0x18c3, 0x18c3, 0x18c3, 0x18c3, 0x18c3, 0x632c, 0x39c7, 0x39c7, 
  0x39c7, 0x39c7, 0x39c7, 0x31a6, 0x31a6, 0x31a6, 0x31a6, 0x31a6, 0x3186, 0x3186, 0x3186, 0x3186, 
  0x3186, 0x3186, 0x3186, 0x3186, 0x2965, 0x2965, 0x2965, 0x2965, 0x2945, 0x2945, 0x2945, 0x2924, 
  0x2924, 0x2124, 0x2124, 0x2124, 0x2124, 0x2104, 0x2104, 0x2104, 0x2104, 0x2104, 0x20e4, 0x20e4, 
  0x20e3, 0x18c3, 0x18c3, 0x18a3, 0x18a2, 0x18a2, 0x18a2, 0x18a2, 0x10a2, 0x1082, 0x1082, 0x1082, 
  0x1082, 0x1082, 0x1082, 0x1082, 0x1082, 0x1082, 0x1062, 0x1061, 0x1061, 0x1061, 0x1061, 0x0861, 
  0x0861, 0x0841, 0x0841, 0x0841, 0x0841, 0x0841, 0x0841, 0x0841, 0x0841, 0x0841, 0x0841, 0x0841, 
  0x0841, 0x0841, 0x0820, 0x0820, 0x0820, 0x0821, 0x0821, 0x0820, 0x0820, 0x0821, 0x0821, 0x0821, 
  0x0820, 0x0020, 0x0020, 0x0020, 0x0020, 0x0820, 0x0801, 0x0821, 0x1022, 0x1004, 0x1805, 0x2808, 
  0x2104, 0x18e3, 0x0861, 0x0861, 0x0861, 0x0861, 0x0861, 0x0861, 0x0861, 0x0861, 0x0841, 0x0841, 
  0x0861, 0x0841, 0x0861, 0x0841, 0x0861, 0x0841, 0x0841, 0x0841, 0x0841, 0x0841, 0x0841, 0x0841, 
  0x0841, 0x0841, 0x0841, 0x0841, 0x0841, 0x0841, 0x0841, 0x0841, 0x0841, 0x0841, 0x0841, 0x0841, 
  0x0841, 0x0841, 0x0861, 0x0861, 0x0861, 0x0861, 0x0861, 0x0861, 0x0861, 0x0861, 0x0861, 0x0861, 
  0x1082, 0x1082, 0x1082, 0x1082, 0x1082, 0x1082, 0x1082, 0x10a2, 0x10a2, 0x10a2, 0x10a2, 0x10a2, 
  0x1082, 0x1082, 0x1082, 0x1082, 0x1082, 0x1082, 0x1082, 0x1082, 0x1082, 0x1082, 0x1082, 0x0861, 
  0x0861, 0x1082, 0x0861, 0x1082, 0x0861, 0x0861, 0x0861, 0x0861, 0x0861, 0x0861, 0x0861, 0x0861, 
  0x0861, 0x0861, 0x0841, 0x0861, 0x0861, 0x0861, 0x0861, 0x0841, 0x0841, 0x0841, 0x0841, 0x0841, 
  0x0841, 0x0841, 0x0020, 0x0020, 0x0020, 0x0020, 0x0020, 0x0020, 0x0020, 0x0020, 0x0020, 0x0020, 
  0x0020, 0x0020, 0x0020, 0x0000, 0x0000, 0x0000, 0x0000, 0x0000, 0x0000, 0x0000, 0x0000, 0x0000, 
  0x0000, 0x0000, 0x0000, 0x0000, 0x0000, 0x0000, 0x0000, 0x0000, 0x0000, 0x0000, 0x0000, 0x0000, 
  0x0000, 0x0000, 0x0000, 0x0000, 0x0000, 0x0000, 0x0000, 0x0000, 0x0000, 0x0000, 0x0000, 0x0020, 
  0x0020, 0x0020, 0x0000, 0x0020, 0x0020, 0x0020, 0x0000, 0x0000, 0x0000, 0x0000, 0x0000, 0x0000, 
  0x0000, 0x0020, 0x0020, 0x0020, 0x0020, 0x0020, 0x0020, 0x0020, 0x0020, 0x0020, 0x0841, 0x0861, 
  0x1082, 0x1082, 0x1082, 0x1082, 0x1082, 0x1082, 0x1082, 0x1082, 0x1082, 0x10a2, 0x10a2, 0x10a2, 
  0x10a2, 0x10a2, 0x10a2, 0x18c3, 0x18c3, 0x18c3, 0x18c3, 0x18c3, 0x18c3, 0x18c3, 0x18c3, 0x18c3, 
  0x18c3, 0x18e3, 0x18e3, 0x18e3, 0x18e3, 0x18e3, 0x18e3, 0x18e3, 0x18e3, 0x18e3, 0x18e3, 0x18e3, 
  0x18e3, 0x18e3, 0x18e3, 0x18e3, 0x18e3, 0x18e3, 0x18e3, 0x18e3, 0x18e3, 0x18e3, 0x18e3, 0x18c3, 
  0x18c3, 0x18c3, 0x18c3, 0x18c3, 0x18c3, 0x528a, 0x39c7, 0x39c7, 0x39c7, 0x39c7, 0x31a6, 0x31a6, 
  0x31a6, 0x31a6, 0x31a6, 0x3186, 0x3186, 0x3186, 0x3186, 0x3186, 0x3186, 0x3186, 0x3186, 0x2965, 
  0x2965, 0x2965, 0x2965, 0x2965, 0x2945, 0x2945, 0x2945, 0x2924, 0x2924, 0x2124, 0x2124, 0x2124, 
  0x2124, 0x2104, 0x2104, 0x2104, 0x2104, 0x2104, 0x20e4, 0x20e4, 0x18c3, 0x18c3, 0x18c3, 0x18a2, 
  0x18a2, 0x18a2, 0x10a2, 0x10a2, 0x10a2, 0x1082, 0x1082, 0x1082, 0x1082, 0x1082, 0x1082, 0x1082, 
  0x1082, 0x1062, 0x1061, 0x1061, 0x1061, 0x1061, 0x0861, 0x0861, 0x0841, 0x0841, 0x0841, 0x0841, 
  0x0841, 0x0841, 0x0841, 0x0841, 0x0841, 0x0841, 0x0841, 0x0841, 0x0841, 0x0841, 0x0820, 0x0820, 
  0x0820, 0x0820, 0x0821, 0x0820, 0x0820, 0x0820, 0x0820, 0x0820, 0x0820, 0x0020, 0x0020, 0x0020, 
  0x0821, 0x0821, 0x0821, 0x1022, 0x1804, 0x2007, 0x3009, 0x482d, 0x2104, 0x2104, 0x18c3, 0x0841, 
  0x0841, 0x0861, 0x0861, 0x0861, 0x0861, 0x0861, 0x0861, 0x1061, 0x1061, 0x0861, 0x0861, 0x1061, 
  0x0841, 0x0841, 0x0841, 0x0841, 0x0841, 0x0841, 0x0841, 0x0841, 0x0841, 0x0841, 0x0841, 0x0841, 
  0x0841, 0x0841, 0x0841, 0x0861, 0x0841, 0x0861, 0x0861, 0x0861, 0x0861, 0x0861, 0x0861, 0x0861, 
  0x0861, 0x0861, 0x1082, 0x1082, 0x0861, 0x1082, 0x1082, 0x1082, 0x1082, 0x1082, 0x1082, 0x1082, 
  0x1082, 0x1082, 0x10a2, 0x10a2, 0x10a2, 0x10a2, 0x10a2, 0x1082, 0x1082, 0x1082, 0x1082, 0x1082, 
  0x1082, 0x1082, 0x1082, 0x1082, 0x1082, 0x1082, 0x1082, 0x1082, 0x1082, 0x1082, 0x1082, 0x1082, 
  0x1082, 0x0861, 0x0861, 0x0861, 0x0861, 0x0861, 0x0861, 0x0861, 0x0861, 0x0861, 0x0861, 0x0841, 
  0x0861, 0x0841, 0x0841, 0x0841, 0x0841, 0x0841, 0x0841, 0x0841, 0x0841, 0x0020, 0x0020, 0x0020, 
  0x0020, 0x0020, 0x0020, 0x0020, 0x0020, 0x0020, 0x0020, 0x0020, 0x0020, 0x0000, 0x0000, 0x0000, 
  0x0000, 0x0000, 0x0000, 0x0000, 0x0000, 0x0000, 0x0000, 0x0000, 0x0000, 0x0000, 0x0000, 0x0000, 
  0x0000, 0x0000, 0x0000, 0x0000, 0x0000, 0x0000, 0x0000, 0x0000, 0x0000, 0x0000, 0x0000, 0x0000, 
  0x0000, 0x0000, 0x0000, 0x0000, 0x0000, 0x0000, 0x0020, 0x0020, 0x0020, 0x0020, 0x0020, 0x0020, 
  0x0020, 0x0020, 0x0000, 0x0000, 0x0000, 0x0000, 0x0000, 0x0000, 0x0020, 0x0020, 0x0020, 0x0020, 
  0x0020, 0x0020, 0x0020, 0x0020, 0x0020, 0x0020, 0x0020, 0x0841, 0x0861, 0x1082, 0x1082, 0x1082, 
  0x1082, 0x1082, 0x1082, 0x1082, 0x10a2, 0x10a2, 0x10a2, 0x10a2, 0x10a2, 0x10a2, 0x18c3, 0x18c3, 
  0x18c3, 0x18c3, 0x18c3, 0x18c3, 0x18c3, 0x18c3, 0x18c3, 0x18c3, 0x18c3, 0x18e3, 0x18e3, 0x18e3, 
  0x18e3, 0x18e3, 0x18e3, 0x18e3, 0x18e3, 0x18e3, 0x18e3, 0x18e3, 0x18e3, 0x18e3, 0x18e3, 0x18e3, 
  0x18e3, 0x18e3, 0x18e3, 0x18e3, 0x18e3, 0x18e3, 0x18e3, 0x18c3, 0x18c3, 0x18c3, 0x18c3, 0x18c3, 
  0x18c3, 0x4228, 0x39c7, 0x39c7, 0x39c7, 0x31a6, 0x31a6, 0x31a6, 0x31a6, 0x31a6, 0x31a6, 0x3186, 
  0x3186, 0x3186, 0x3186, 0x3186, 0x3186, 0x3186, 0x2965, 0x2965, 0x2965, 0x2965, 0x2965, 0x2945, 
  0x2945, 0x2945, 0x2924, 0x2924, 0x2124, 0x2124, 0x2124, 0x2124, 0x2104, 0x2104, 0x2104, 0x2104, 
  0x2104, 0x20e4, 0x20e4, 0x20e3, 0x18c3, 0x18a2, 0x18a2, 0x18a2, 0x18a3, 0x18a3, 0x18a2, 0x10a2, 
  0x1082, 0x1082, 0x1082, 0x1082, 0x1082, 0x1082, 0x1082, 0x1082, 0x1062, 0x1062, 0x1061, 0x1061, 
  0x1061, 0x0861, 0x0861, 0x0861, 0x0841, 0x0841, 0x0841, 0x0841, 0x0841, 0x0841, 0x0841, 0x0841, 
  0x0841, 0x0841, 0x0841, 0x0841, 0x0841, 0x0820, 0x0820, 0x0821, 0x0820, 0x0820, 0x0821, 0x0820, 
  0x0820, 0x0821, 0x0820, 0x0820, 0x0020, 0x0020, 0x0821, 0x0821, 0x0821, 0x0822, 0x1003, 0x1805, 
  0x2808, 0x380b, 0x504f, 0x7934, 0x2104, 0x2104, 0x2104, 0x1082, 0x0841, 0x0841, 0x0861, 0x0861, 
  0x0861, 0x0861, 0x0861, 0x1061, 0x1061, 0x1061, 0x1082, 0x0861, 0x0841, 0x0841, 0x0841, 0x0841, 
  0x0841, 0x0841, 0x0841, 0x0841, 0x0841, 0x0841, 0x0841, 0x0841, 0x0841, 0x0841, 0x0841, 0x0861, 
  0x0861, 0x0861, 0x0861, 0x0861, 0x0861, 0x0861, 0x0861, 0x0861, 0x0861, 0x0861, 0x1082, 0x1082, 
  0x0861, 0x1082, 0x1082, 0x1082, 0x1082, 0x1082, 0x1082, 0x1082, 0x1082, 0x10a2, 0x10a2, 0x10a2, 
  0x10a2, 0x10a2, 0x10a2, 0x1082, 0x1082, 0x1082, 0x1082, 0x1082, 0x1082, 0x1082, 0x1082, 0x1082, 
  0x1082, 0x1082, 0x1082, 0x1082, 0x0861, 0x1082, 0x0861, 0x1082, 0x0861, 0x0861, 0x0861, 0x0861, 
  0x0861, 0x0861, 0x0861, 0x0861, 0x0861, 0x0841, 0x0841, 0x0841, 0x0861, 0x0861, 0x0841, 0x0841, 
  0x0841, 0x0841, 0x0841, 0x0841, 0x0020, 0x0020, 0x0020, 0x0020, 0x0020, 0x0020, 0x0020, 0x0020, 
  0x0020, 0x0020, 0x0020, 0x0020, 0x0020, 0x0000, 0x0000, 0x0000, 0x0000, 0x0000, 0x0000, 0x0000, 
  0x0000, 0x0000, 0x0000, 0x0000, 0x0000, 0x0000, 0x0000, 0x0000, 0x0000, 0x0000, 0x0000, 0x0000, 
  0x0000, 0x0000, 0x0000, 0x0000, 0x0000, 0x0000, 0x0000, 0x0000, 0x0000, 0x0000, 0x0000, 0x0000, 
  0x0000, 0x0020, 0x0020, 0x0020, 0x0020, 0x0020, 0x0020, 0x0020, 0x0020, 0x0020, 0x0020, 0x0000, 
  0x0000, 0x0000, 0x0000, 0x0020, 0x0020, 0x0020, 0x0020, 0x0020, 0x0020, 0x0020, 0x0020, 0x0020, 
  0x0020, 0x0020, 0x0020, 0x0020, 0x0841, 0x0861, 0x1082, 0x1082, 0x1082, 0x1082, 0x1082, 0x1082, 
  0x10a2, 0x10a2, 0x10a2, 0x10a2, 0x10a2, 0x10a2, 0x18c3, 0x18c3, 0x18c3, 0x18c3, 0x18c3, 0x18c3, 
  0x18c3, 0x18c3, 0x18c3, 0x18c3, 0x18e3, 0x18e3, 0x18e3, 0x18e3, 0x18e3, 0x18e3, 0x18e3, 0x18e3, 
  0x18e3, 0x18e3, 0x18e3, 0x18e3, 0x18e3, 0x18e3, 0x18e3, 0x18e3, 0x18e3, 0x18e3, 0x18e3, 0x18e3, 
  0x18e3, 0x18e3, 0x18c3, 0x18c3, 0x18c3, 0x18c3, 0x18c3, 0x18c3, 0x18c3, 0x4a69, 0x39e7, 0x39c7, 
  0x31a6, 0x31a6, 0x31a6, 0x31a6, 0x31a6, 0x31a6, 0x31a6, 0x3186, 0x3186, 0x3186, 0x3186, 0x3186, 
  0x3186, 0x3186, 0x2965, 0x2965, 0x2965, 0x2965, 0x2945, 0x2945, 0x2945, 0x2945, 0x2924, 0x2924, 
  0x2124, 0x2124, 0x2124, 0x2104, 0x2104, 0x2104, 0x2104, 0x2104, 0x20e4, 0x20e4, 0x20e3, 0x18e3, 
  0x18a3, 0x18a2, 0x18a2, 0x18a2, 0x18a3, 0x18a2, 0x10a2, 0x1082, 0x1082, 0x1082, 0x1082, 0x1082, 
  0x1082, 0x1082, 0x1082, 0x1082, 0x1062, 0x1061, 0x1061, 0x1061, 0x1061, 0x0861, 0x0861, 0x0841, 
  0x0841, 0x0841, 0x0841, 0x0841, 0x0841, 0x0841, 0x0841, 0x0841, 0x0841, 0x0841, 0x0841, 0x0841, 
  0x0820, 0x0820, 0x0820, 0x0821, 0x0821, 0x0821, 0x0821, 0x0820, 0x0820, 0x0821, 0x0821, 0x0020, 
  0x0020, 0x0021, 0x0821, 0x0821, 0x0822, 0x1003, 0x2005, 0x2808, 0x400c, 0x6090, 0x8995, 0xaaf8, 
  0x2104, 0x2104, 0x2104, 0x20e4, 0x1062, 0x0841, 0x0861, 0x0861, 0x0861, 0x0861, 0x0861, 0x1061, 
  0x1061, 0x1061, 0x0861, 0x0841, 0x0841, 0x0841, 0x0841, 0x0841, 0x0841, 0x0841, 0x0841, 0x0841, 
  0x0841, 0x0841, 0x0841, 0x0841, 0x0841, 0x0841, 0x0841, 0x0841, 0x0841, 0x0861, 0x0861, 0x0861, 
  0x0861, 0x0861, 0x0861, 0x0861, 0x0861, 0x0861, 0x0861, 0x0861, 0x1082, 0x1082, 0x1061, 0x1082, 
  0x1082, 0x1082, 0x1082, 0x1082, 0x1082, 0x10a2, 0x10a2, 0x10a2, 0x10a2, 0x10a2, 0x10a2, 0x1082, 
  0x1082, 0x1082, 0x1082, 0x1082, 0x1082, 0x1082, 0x1082, 0x1082, 0x1082, 0x1082, 0x1082, 0x0861, 
  0x0861, 0x0861, 0x0861, 0x0861, 0x0861, 0x0861, 0x0861, 0x0861, 0x0841, 0x0841, 0x0841, 0x0841, 
  0x0841, 0x0841, 0x0841, 0x0841, 0x0841, 0x0841, 0x0841, 0x0841, 0x0841, 0x0841, 0x0841, 0x0020, 
  0x0020, 0x0020, 0x0020, 0x0020, 0x0020, 0x0020, 0x0020, 0x0020, 0x0020, 0x0020, 0x0020, 0x0020, 
  0x0000, 0x0000, 0x0000, 0x0000, 0x0000, 0x0000, 0x0000, 0x0000, 0x0000, 0x0000, 0x0000, 0x0000, 
  0x0000, 0x0000, 0x0000, 0x0000, 0x0000, 0x0000, 0x0000, 0x0000, 0x0000, 0x0000, 0x0000, 0x0000, 
  0x0000, 0x0000, 0x0000, 0x0000, 0x0000, 0x0000, 0x0000, 0x0000, 0x0020, 0x0020, 0x0020, 0x0000, 
  0x0020, 0x0020, 0x0020, 0x0020, 0x0020, 0x0820, 0x0820, 0x0000, 0x0000, 0x0000, 0x0020, 0x0020, 
  0x0020, 0x0020, 0x0020, 0x0020, 0x0020, 0x0020, 0x0020, 0x0020, 0x0020, 0x0020, 0x0020, 0x0020, 
  0x0020, 0x0841, 0x1082, 0x1082, 0x1082, 0x1082, 0x1082, 0x10a2, 0x10a2, 0x10a2, 0x10a2, 0x10a2, 
  0x10a2, 0x18c3, 0x18c3, 0x18c3, 0x18c3, 0x18c3, 0x18c3, 0x18c3, 0x18c3, 0x18c3, 0x18c3, 0x18c3, 
  0x18e3, 0x18e3, 0x18e3, 0x18e3, 0x18e3, 0x18e3, 0x18e3, 0x18e3, 0x18e3, 0x18e3, 0x18e3, 0x18e3, 
  0x18e3, 0x18e3, 0x18e3, 0x18e3, 0x18e3, 0x18e3, 0x18e3, 0x18e3, 0x18e3, 0x18c3, 0x18c3, 0x18c3, 
  0x18c3, 0x18c3, 0x18c3, 0x18c3, 0x18c3, 0x31a6, 0x528a, 0x31a6, 0x31a6, 0x31a6, 0x31a6, 0x31a6, 
  0x31a6, 0x3186, 0x3186, 0x3186, 0x3186, 0x3186, 0x3186, 0x3186, 0x3186, 0x2965, 0x2965, 0x2965, 
  0x2965, 0x2945, 0x2945, 0x2945, 0x2945, 0x2924, 0x2924, 0x2124, 0x2124, 0x2124, 0x2104, 0x2104, 
  0x2104, 0x2104, 0x2104, 0x20e4, 0x20e4, 0x20e3, 0x18e3, 0x18c3, 0x18c3, 0x18c3, 0x18a3, 0x18a3, 
  0x18a2, 0x10a2, 0x10a2, 0x1082, 0x1082, 0x1082, 0x1082, 0x1082, 0x1082, 0x1082, 0x1082, 0x1062, 
  0x1061, 0x1061, 0x1061, 0x1061, 0x0861, 0x0861, 0x0841, 0x0841, 0x0841, 0x0841, 0x0841, 0x0841, 
  0x0841, 0x0841, 0x0841, 0x0841, 0x0841, 0x0841, 0x0841, 0x0841, 0x0821, 0x0821, 0x0821, 0x0821, 
  0x0821, 0x0821, 0x0821, 0x0820, 0x0820, 0x0821, 0x0821, 0x0020, 0x0020, 0x0821, 0x0821, 0x1023, 
  0x1004, 0x2006, 0x3009, 0x482d, 0x68d2, 0x91f6, 0xbb98, 0xed77, 0x2104, 0x2104, 0x2104, 0x20e4, 
  0x18c4, 0x1062, 0x0841, 0x0861, 0x0861, 0x1061, 0x0861, 0x1061, 0x0861, 0x0861, 0x0841, 0x0841, 
  0x0841, 0x0841, 0x0841, 0x0841, 0x0841, 0x0841, 0x0841, 0x0841, 0x0841, 0x0841, 0x0841, 0x0841, 
  0x0841, 0x0841, 0x0841, 0x0841, 0x0861, 0x0861, 0x0861, 0x0861, 0x0861, 0x0861, 0x0861, 0x0861, 
  0x0861, 0x0861, 0x0861, 0x1082, 0x1082, 0x1082, 0x1082, 0x1082, 0x1082, 0x1082, 0x1082, 0x1082, 
  0x10a2, 0x10a2, 0x10a2, 0x10a2, 0x10a2, 0x10a2, 0x10a2, 0x1082, 0x1082, 0x1082, 0x1082, 0x1082, 
  0x1082, 0x1082, 0x1082, 0x1082, 0x0861, 0x1082, 0x0861, 0x0861, 0x0861, 0x0861, 0x0861, 0x0861, 
  0x0861, 0x0861, 0x0861, 0x0841, 0x0841, 0x0841, 0x0841, 0x0841, 0x0841, 0x0841, 0x0841, 0x0841, 
  0x0841, 0x0841, 0x0841, 0x0841, 0x0841, 0x0841, 0x0020, 0x0020, 0x0020, 0x0020, 0x0020, 0x0020, 
  0x0020, 0x0020, 0x0020, 0x0020, 0x0020, 0x0020, 0x0020, 0x0000, 0x0000, 0x0000, 0x0000, 0x0000, 
  0x0000, 0x0000, 0x0000, 0x0000, 0x0000, 0x0000, 0x0000, 0x0000, 0x0000, 0x0000, 0x0000, 0x0000, 
  0x0000, 0x0000, 0x0000, 0x0000, 0x0000, 0x0000, 0x0000, 0x0000, 0x0000, 0x0000, 0x0000, 0x0000, 
  0x0000, 0x0000, 0x0000, 0x0020, 0x0020, 0x0020, 0x0020, 0x0020, 0x0020, 0x0020, 0x0020, 0x0020, 
  0x0020, 0x0820, 0x0821, 0x0821, 0x0000, 0x0000, 0x0020, 0x0020, 0x0020, 0x0020, 0x0020, 0x0020, 
  0x0020, 0x0020, 0x0020, 0x0020, 0x0020, 0x0020, 0x0020, 0x0020, 0x0020, 0x0020, 0x0841, 0x1082, 
  0x1082, 0x1082, 0x10a2, 0x10a2, 0x10a2, 0x10a2, 0x10a2, 0x10a2, 0x18c3, 0x18c3, 0x18c3, 0x18c3, 
  0x18c3, 0x18c3, 0x18c3, 0x18c3, 0x18c3, 0x18c3, 0x18c3, 0x18e3, 0x18e3, 0x18e3, 0x18e3, 0x18e3, 
  0x18e3, 0x18e3, 0x18e3, 0x18e3, 0x18e3, 0x18e3, 0x18e3, 0x18e3, 0x18e3, 0x18e3, 0x18e3, 0x18e3, 
  0x18e3, 0x18e3, 0x18e3, 0x18e3, 0x18e3, 0x18c3, 0x18c3, 0x18c3, 0x18c3, 0x18c3, 0x18c3, 0x18c3, 
  0x18c3, 0x2104, 0x5aeb, 0x31a6, 0x31a6, 0x31a6, 0x31a6, 0x31a6, 0x31a6, 0x3186, 0x3186, 0x3186, 
  0x3186, 0x3186, 0x3186, 0x3186, 0x2965, 0x2965, 0x2965, 0x2965, 0x2965, 0x2945, 0x2945, 0x2924, 
  0x2924, 0x2924, 0x2124, 0x2124, 0x2124, 0x2124, 0x2104, 0x2104, 0x2104, 0x2104, 0x20e4, 0x20e4, 
  0x20e4, 0x18e3, 0x18e3, 0x18c3, 0x18c3, 0x18a3, 0x18a3, 0x18a3, 0x18a2, 0x10a2, 0x1082, 0x1082, 
  0x1082, 0x1082, 0x1082, 0x1082, 0x1082, 0x1082, 0x1062, 0x1062, 0x1061, 0x1061, 0x1061, 0x1061, 
  0x0861, 0x0841, 0x0841, 0x0841, 0x0841, 0x0841, 0x0841, 0x0841, 0x0841, 0x0841, 0x0841, 0x0841, 
  0x0841, 0x0841, 0x0841, 0x0821, 0x0821, 0x0821, 0x0821, 0x0821, 0x0821, 0x0821, 0x0820, 0x0020, 
  0x0820, 0x0821, 0x0821, 0x0821, 0x0821, 0x0822, 0x1023, 0x1804, 0x2007, 0x300a, 0x482e, 0x70f2, 
  0x9236, 0xcc17, 0xf5d8, 0xe537, 0x2104, 0x2104, 0x2104, 0x2103, 0x20e4, 0x18a3, 0x1042, 0x0861, 
  0x1061, 0x1061, 0x0861, 0x1061, 0x1061, 0x0861, 0x0841, 0x0841, 0x0841, 0x0841, 0x0841, 0x0841, 
  0x0841, 0x0841, 0x0841, 0x0841, 0x0841, 0x0841, 0x0841, 0x0841, 0x0841, 0x0841, 0x0841, 0x0841, 
  0x0861, 0x0861, 0x0861, 0x0861, 0x0861, 0x0861, 0x0861, 0x0861, 0x0861, 0x0861, 0x0861, 0x1082, 
  0x1082, 0x1082, 0x1082, 0x1082, 0x1082, 0x1082, 0x1082, 0x1082, 0x1082, 0x10a2, 0x10a2, 0x10a2, 
  0x10a2, 0x10a2, 0x1082, 0x1082, 0x1082, 0x1082, 0x1082, 0x1082, 0x1082, 0x1082, 0x1082, 0x0861, 
  0x0861, 0x0861, 0x0861, 0x0861, 0x0861, 0x0861, 0x0861, 0x0861, 0x0861, 0x0861, 0x0861, 0x0841, 
  0x0841, 0x0841, 0x0841, 0x0841, 0x0841, 0x0841, 0x0841, 0x0841, 0x0841, 0x0841, 0x0841, 0x0841, 
  0x0841, 0x0020, 0x0020, 0x0020, 0x0020, 0x0020, 0x0020, 0x0020, 0x0020, 0x0020, 0x0020, 0x0020, 
  0x0020, 0x0020, 0x0000, 0x0000, 0x0000, 0x0000, 0x0000, 0x0000, 0x0000, 0x0000, 0x0000, 0x0000, 
  0x0000, 0x0000, 0x0000, 0x0000, 0x0000, 0x0000, 0x0000, 0x0000, 0x0000, 0x0000, 0x0000, 0x0000, 
  0x0000, 0x0000, 0x0000, 0x0000, 0x0000, 0x0000, 0x0000, 0x0000, 0x0000, 0x0000, 0x0000, 0x0020, 
  0x0020, 0x0020, 0x0020, 0x0020, 0x0020, 0x0020, 0x0020, 0x0820, 0x0820, 0x0821, 0x0821, 0x0841, 
  0x0020, 0x0000, 0x0000, 0x0020, 0x0020, 0x0020, 0x0020, 0x0020, 0x0020, 0x0020, 0x0020, 0x0020, 
  0x0020, 0x0020, 0x0020, 0x0020, 0x0020, 0x0020, 0x0020, 0x0841, 0x1082, 0x1082, 0x10a2, 0x10a2, 
  0x10a2, 0x10a2, 0x10a2, 0x18c3, 0x18c3, 0x18c3, 0x18c3, 0x18c3, 0x18c3, 0x18c3, 0x18c3, 0x18c3, 
  0x18c3, 0x18c3, 0x18e3, 0x18e3, 0x18e3, 0x18e3, 0x18e3, 0x18e3, 0x18e3, 0x18e3, 0x18e3, 0x18e3, 
  0x18e3, 0x18e3, 0x18e3, 0x18e3, 0x18e3, 0x18e3, 0x18e3, 0x18e3, 0x18e3, 0x18e3, 0x18e3, 0x18e3, 
  0x18c3, 0x18c3, 0x18c3, 0x18c3, 0x18c3, 0x18c3, 0x18c3, 0x18c3, 0x18c3, 0x18c3, 0x5aeb, 0x31a6, 
  0x31a6, 0x31a6, 0x31a6, 0x31a6, 0x3186, 0x3186, 0x3186, 0x3186, 0x3186, 0x3186, 0x3186, 0x3186, 
  0x2965, 0x2965, 0x2965, 0x2965, 0x2945, 0x2945, 0x2945, 0x2924, 0x2924, 0x2124, 0x2124, 0x2124, 
  0x2124, 0x2104, 0x2104, 0x2104, 0x2104, 0x2104, 0x20e4, 0x20e4, 0x20e3, 0x18e3, 0x18c3, 0x18c3, 
  0x18a3, 0x18a3, 0x18a3, 0x18a2, 0x10a2, 0x1082, 0x1082, 0x1082, 0x1082, 0x1082, 0x1082, 0x1082, 
  0x1082, 0x1082, 0x1062, 0x1061, 0x1061, 0x1061, 0x1061, 0x0861, 0x0861, 0x0841, 0x0841, 0x0841, 
  0x0841, 0x0841, 0x0841, 0x0841, 0x0841, 0x0841, 0x0841, 0x0841, 0x0841, 0x0841, 0x0821, 0x0821, 
  0x0821, 0x0821, 0x0821, 0x0821, 0x0821, 0x0821, 0x0820, 0x0820, 0x0820, 0x0821, 0x0821, 0x0821, 
  0x1022, 0x1023, 0x1805, 0x2808, 0x380b, 0x504f, 0x7133, 0x9a96, 0xe4f7, 0xf5d8, 0xcc77, 0xa317, 
  0x2104, 0x2104, 0x2104, 0x2103, 0x20e4, 0x20e4, 0x1063, 0x1061, 0x1042, 0x1061, 0x1061, 0x1061, 
  0x0861, 0x0841, 0x0841, 0x0841, 0x0841, 0x0841, 0x0841, 0x0841, 0x0841, 0x0841, 0x0841, 0x0841, 
  0x0841, 0x0841, 0x0841, 0x0841, 0x0841, 0x0841, 0x0841, 0x0841, 0x0861, 0x0861, 0x0861, 0x0861, 
  0x0861, 0x0861, 0x0861, 0x0861, 0x0861, 0x0861, 0x0861, 0x0861, 0x1082, 0x1082, 0x1082, 0x1082, 
  0x1082, 0x1082, 0x1082, 0x1082, 0x10a2, 0x10a2, 0x10a2, 0x10a2, 0x10a2, 0x10a2, 0x1082, 0x1082, 
  0x1082, 0x1082, 0x1082, 0x0861, 0x1082, 0x1082, 0x0861, 0x0861, 0x0861, 0x0861, 0x0861, 0x0861, 
  0x0861, 0x0861, 0x0861, 0x0861, 0x0861, 0x0841, 0x0841, 0x0841, 0x0841, 0x0841, 0x0841, 0x0841, 
  0x0841, 0x0841, 0x0841, 0x0841, 0x0841, 0x0841, 0x0841, 0x0841, 0x0020, 0x0020, 0x0020, 0x0020, 
  0x0020, 0x0020, 0x0020, 0x0020, 0x0020, 0x0020, 0x0020, 0x0020, 0x0020, 0x0000, 0x0000, 0x0000, 
  0x0000, 0x0000, 0x0000, 0x0000, 0x0000, 0x0000, 0x0000, 0x0000, 0x0000, 0x0000, 0x0000, 0x0000, 
  0x0000, 0x0000, 0x0000, 0x0000, 0x0000, 0x0000, 0x0000, 0x0000, 0x0000, 0x0000, 0x0000, 0x0000, 
  0x0000, 0x0000, 0x0000, 0x0000, 0x0000, 0x0000, 0x0000, 0x0000, 0x0020, 0x0020, 0x0020, 0x0020, 
  0x0020, 0x0020, 0x0020, 0x0820, 0x0821, 0x0821, 0x0841, 0x0841, 0x0841, 0x0000, 0x0000, 0x0020, 
  0x0020, 0x0020, 0x0020, 0x0020, 0x0020, 0x0020, 0x0020, 0x0020, 0x0020, 0x0020, 0x0020, 0x0020, 
  0x0020, 0x0020, 0x0020, 0x0020, 0x0841, 0x1082, 0x10a2, 0x10a2, 0x10a2, 0x10a2, 0x10a2, 0x18c3, 
  0x18c3, 0x18c3, 0x18c3, 0x18c3, 0x18c3, 0x18c3, 0x18c3, 0x18c3, 0x18c3, 0x18c3, 0x18e3, 0x18e3, 
  0x18e3, 0x18e3, 0x18e3, 0x18e3, 0x18e3, 0x18e3, 0x18e3, 0x18e3, 0x18e3, 0x18e3, 0x18e3, 0x18e3, 
  0x18e3, 0x18e3, 0x18e3, 0x18e3, 0x18e3, 0x18e3, 0x18e3, 0x18c3, 0x18c3, 0x18c3, 0x18c3, 0x18c3, 
  0x18c3, 0x18c3, 0x18c3, 0x18c3, 0x18c3, 0x18c3, 0x4208, 0x31a6, 0x31a6, 0x31a6, 0x31a6, 0x31a6, 
  0x3186, 0x3186, 0x3186, 0x3186, 0x3186, 0x3186, 0x2965, 0x2965, 0x2965, 0x2965, 0x2965, 0x2965, 
  0x2945, 0x2945, 0x2945, 0x2924, 0x2924, 0x2124, 0x2124, 0x2124, 0x2104, 0x2104, 0x2104, 0x2104, 
  0x2104, 0x2104, 0x20e4, 0x20e4, 0x20e3, 0x18e3, 0x18c3, 0x18a3, 0x18a3, 0x18a3, 0x18a2, 0x18a2, 
  0x10a2, 0x1082, 0x1082, 0x1082, 0x1082, 0x1082, 0x1082, 0x1082, 0x1082, 0x1082, 0x1061, 0x1061, 
  0x1061, 0x1061, 0x1061, 0x0861, 0x0861, 0x0841, 0x0841, 0x0841, 0x0841, 0x0841, 0x0841, 0x0841, 
  0x0841, 0x0841, 0x0841, 0x0841, 0x0841, 0x0841, 0x0821, 0x0821, 0x0821, 0x0821, 0x0821, 0x0821, 
  0x0821, 0x0820, 0x0820, 0x0821, 0x0821, 0x0821, 0x0821, 0x0822, 0x1024, 0x1806, 0x2809, 0x380b, 
  0x5070, 0x7934, 0xab17, 0xed57, 0xe537, 0xb397, 0x9295, 0x79d2, 0x2104, 0x2104, 0x2104, 0x2103, 
  0x18e3, 0x18e4, 0x20c4, 0x1062, 0x1062, 0x1061, 0x1061, 0x0861, 0x0841, 0x0841, 0x0841, 0x0841, 
  0x0841, 0x0841, 0x0841, 0x0841, 0x0841, 0x0841, 0x0841, 0x0841, 0x0841, 0x0841, 0x0841, 0x0841, 
  0x0841, 0x0841, 0x0841, 0x0861, 0x0861, 0x0861, 0x0861, 0x0861, 0x0861, 0x0861, 0x0861, 0x0861, 
  0x0861, 0x0861, 0x0861, 0x1082, 0x1082, 0x1082, 0x1082, 0x1082, 0x1082, 0x1082, 0x1082, 0x1082, 
  0x10a2, 0x10a2, 0x10a2, 0x10a2, 0x10a2, 0x10a2, 0x1082, 0x1082, 0x1082, 0x1082, 0x0861, 0x0861, 
  0x0861, 0x0861, 0x0861, 0x0861, 0x0861, 0x0861, 0x0861, 0x0861, 0x0861, 0x0861, 0x0841, 0x0841, 
  0x0841, 0x0841, 0x0841, 0x0841, 0x0841, 0x0841, 0x0841, 0x0841, 0x0841, 0x0841, 0x0841, 0x0841, 
  0x0841, 0x0841, 0x0841, 0x0020, 0x0020, 0x0020, 0x0020, 0x0020, 0x0020, 0x0020, 0x0020, 0x0020, 
  0x0020, 0x0020, 0x0020, 0x0020, 0x0000, 0x0000, 0x0000, 0x0000, 0x0000, 0x0000, 0x0000, 0x0000, 
  0x0000, 0x0000, 0x0000, 0x0000, 0x0000, 0x0000, 0x0000, 0x0000, 0x0000, 0x0000, 0x0000, 0x0000, 
  0x0000, 0x0000, 0x0000, 0x0000, 0x0000, 0x0000, 0x0000, 0x0000, 0x0000, 0x0000, 0x0000, 0x0000, 
  0x0020, 0x0020, 0x0020, 0x0000, 0x0020, 0x0020, 0x0020, 0x0020, 0x0020, 0x0020, 0x0820, 0x0821, 
  0x0821, 0x0841, 0x0841, 0x0841, 0x0841, 0x0820, 0x0000, 0x0020, 0x0020, 0x0020, 0x0020, 0x0020, 
  0x0020, 0x0020, 0x0020, 0x0020, 0x0020, 0x0020, 0x0020, 0x0020, 0x0020, 0x0020, 0x0020, 0x0020, 
  0x0020, 0x0841, 0x1082, 0x10a2, 0x10a2, 0x10a2, 0x18c3, 0x18c3, 0x18c3, 0x18c3, 0x18c3, 0x18c3, 
  0x18c3, 0x18c3, 0x18c3, 0x18c3, 0x18c3, 0x18e3, 0x18e3, 0x18e3, 0x18e3, 0x18e3, 0x18e3, 0x18e3, 
  0x18e3, 0x18e3, 0x18e3, 0x18e3, 0x18e3, 0x18e3, 0x18e3, 0x18e3, 0x18e3, 0x18e3, 0x18e3, 0x18e3, 
  0x18e3, 0x18e3, 0x18e3, 0x18c3, 0x18c3, 0x18c3, 0x18c3, 0x18c3, 0x18c3, 0x18c3, 0x18c3, 0x18c3, 
  0x18c3, 0x18c3, 0x4a69, 0x31a6, 0x31a6, 0x31a6, 0x31a6, 0x3186, 0x3186, 0x3186, 0x3186, 0x3186, 
  0x3186, 0x3186, 0x2965, 0x2965, 0x2965, 0x2965, 0x2965, 0x2945, 0x2945, 0x2924, 0x2924, 0x2924, 
  0x2924, 0x2124, 0x2124, 0x2124, 0x2104, 0x2104, 0x2104, 0x2104, 0x2104, 0x20e3, 0x20e3, 0x20e3, 
  0x18e3, 0x18c3, 0x18c3, 0x18a3, 0x18a3, 0x18a3, 0x18a2, 0x10a2, 0x1082, 0x1082, 0x1082, 0x1082, 
  0x1082, 0x1082, 0x1082, 0x1082, 0x1082, 0x1082, 0x1061, 0x1061, 0x1061, 0x1061, 0x0861, 0x0861, 
  0x0861, 0x0841, 0x0841, 0x0841, 0x0841, 0x0841, 0x0841, 0x0841, 0x0841, 0x0841, 0x0841, 0x0841, 
  0x0841, 0x0821, 0x0821, 0x0821, 0x0821, 0x0821, 0x0821, 0x0821, 0x0820, 0x0820, 0x0821, 0x0821, 
  0x0821, 0x0822, 0x1022, 0x1024, 0x2006, 0x2809, 0x380c, 0x5851, 0x7934, 0xc3b6, 0xf597, 0xcc77, 
  0x9ab6, 0x8234, 0x69b1, 0x598e, 0x2104, 0x2104, 0x2104, 0x18e4, 0x1903, 0x1903, 0x20e3, 0x2085, 
  0x1081, 0x1062, 0x1062, 0x0841, 0x0841, 0x0841, 0x0841, 0x0841, 0x0841, 0x0841, 0x0841, 0x0841, 
  0x0841, 0x0841, 0x0841, 0x0841, 0x0841, 0x0841, 0x0841, 0x0841, 0x0841, 0x0841, 0x0841, 0x0861, 
  0x0861, 0x0861, 0x0861, 0x0861, 0x0861, 0x0861, 0x0861, 0x0861, 0x0861, 0x0861, 0x0861, 0x1082, 
  0x1082, 0x1082, 0x1082, 0x1082, 0x1082, 0x1082, 0x1082, 0x1082, 0x10a2, 0x10a2, 0x10a2, 0x10a2, 
  0x10a2, 0x10a2, 0x1082, 0x0861, 0x0861, 0x0861, 0x0861, 0x0861, 0x0861, 0x0861, 0x0861, 0x0861, 
  0x0861, 0x0861, 0x0861, 0x0861, 0x0861, 0x0841, 0x0841, 0x0841, 0x0841, 0x0841, 0x0841, 0x0841, 
  0x0841, 0x0841, 0x0841, 0x0841, 0x0841, 0x0841, 0x0841, 0x0841, 0x0841, 0x0841, 0x0020, 0x0020, 
  0x0020, 0x0020, 0x0020, 0x0020, 0x0020, 0x0020, 0x0020, 0x0020, 0x0020, 0x0020, 0x0020, 0x0000, 
  0x0000, 0x0000, 0x0000, 0x0000, 0x0000, 0x0000, 0x0000, 0x0000, 0x0000, 0x0000, 0x0000, 0x0000, 
  0x0000, 0x0000, 0x0000, 0x0000, 0x0000, 0x0000, 0x0000, 0x0000, 0x0000, 0x0000, 0x0000, 0x0000, 
  0x0000, 0x0000, 0x0000, 0x0000, 0x0000, 0x0000, 0x0000, 0x0000, 0x0020, 0x0020, 0x0020, 0x0000, 
  0x0020, 0x0020, 0x0020, 0x0020, 0x0820, 0x0820, 0x0820, 0x0821, 0x0841, 0x0841, 0x0841, 0x0841, 
  0x0841, 0x0841, 0x0020, 0x0020, 0x0020, 0x0020, 0x0020, 0x0020, 0x0020, 0x0020, 0x0020, 0x0020, 
  0x0020, 0x0020, 0x0020, 0x0020, 0x0020, 0x0020, 0x0020, 0x0020, 0x0020, 0x0020, 0x0861, 0x10a2, 
  0x10a2, 0x10a2, 0x18c3, 0x18c3, 0x18c3, 0x18c3, 0x18c3, 0x18c3, 0x18c3, 0x18c3, 0x18c3, 0x18c3, 
  0x18e3, 0x18e3, 0x18e3, 0x18e3, 0x18e3, 0x18e3, 0x18e3, 0x18e3, 0x18e3, 0x18e3, 0x18e3, 0x18e3, 
  0x18e3, 0x18e3, 0x18e3, 0x18e3, 0x18e3, 0x18e3, 0x18e3, 0x18e3, 0x18e3, 0x18e3, 0x18c3, 0x18c3, 
  0x18c3, 0x18c3, 0x18c3, 0x18c3, 0x18c3, 0x18c3, 0x18c3, 0x18c3, 0x18c3, 0x18c3, 0x39e7, 0x4208, 
  0x31a6, 0x31a6, 0x3186, 0x3186, 0x3186, 0x3186, 0x3186, 0x3186, 0x3186, 0x3186, 0x2965, 0x2965, 
  0x2965, 0x2965, 0x2945, 0x2945, 0x2945, 0x2924, 0x2924, 0x2924, 0x2124, 0x2124, 0x2124, 0x2104, 
  0x2104, 0x2104, 0x2104, 0x2104, 0x20e4, 0x20e3, 0x18e3, 0x18e3, 0x18e3, 0x18c3, 0x18a3, 0x18a3, 
  0x18a3, 0x18a2, 0x10a2, 0x10a2, 0x1082, 0x1082, 0x1082, 0x1082, 0x1082, 0x1082, 0x1082, 0x1082, 
  0x1082, 0x1082, 0x1061, 0x1061, 0x1061, 0x1061, 0x0861, 0x0861, 0x0861, 0x0841, 0x0841, 0x0841, 
  0x0841, 0x0841, 0x0841, 0x0841, 0x0841, 0x0841, 0x0841, 0x0841, 0x0821, 0x0821, 0x0821, 0x0821, 
  0x0821, 0x0821, 0x0820, 0x0820, 0x0820, 0x0821, 0x0821, 0x0821, 0x0822, 0x1023, 0x1824, 0x2027, 
  0x300a, 0x400d, 0x5871, 0x81b4, 0xdc77, 0xe4f7, 0xab56, 0x8a55, 0x71d2, 0x61af, 0x518d, 0x49aa, 
  0x2104, 0x2104, 0x18e3, 0x18e3, 0x18e3, 0x18e3, 0x1903, 0x20a5, 0x1884, 0x1041, 0x0861, 0x0841, 
  0x0841, 0x0840, 0x0841, 0x0841, 0x0841, 0x0841, 0x0841, 0x0841, 0x0841, 0x0841, 0x0841, 0x0841, 
  0x0841, 0x0841, 0x0841, 0x0841, 0x0841, 0x0861, 0x0861, 0x0861, 0x0861, 0x0861, 0x0861, 0x0861, 
  0x0861, 0x0861, 0x0861, 0x0861, 0x0861, 0x0861, 0x0861, 0x1082, 0x1082, 0x1082, 0x1082, 0x1082, 
  0x1082, 0x1082, 0x1082, 0x1082, 0x1082, 0x10a2, 0x10a2, 0x10a2, 0x10a2, 0x10a2, 0x1082, 0x0861, 
  0x0861, 0x0861, 0x0861, 0x0861, 0x0861, 0x0861, 0x0861, 0x0861, 0x0861, 0x0861, 0x0841, 0x0841, 
  0x0861, 0x0841, 0x0841, 0x0841, 0x0841, 0x0841, 0x0841, 0x0841, 0x0841, 0x0841, 0x0841, 0x0841, 
  0x0020, 0x0841, 0x0841, 0x0841, 0x0841, 0x0841, 0x0020, 0x0020, 0x0020, 0x0020, 0x0020, 0x0020, 
  0x0020, 0x0020, 0x0020, 0x0020, 0x0020, 0x0020, 0x0000, 0x0000, 0x0000, 0x0000, 0x0000, 0x0000, 
  0x0000, 0x0000, 0x0000, 0x0000, 0x0000, 0x0000, 0x0000, 0x0000, 0x0000, 0x0000, 0x0000, 0x0000, 
  0x0000, 0x0000, 0x0000, 0x0000, 0x0000, 0x0000, 0x0000, 0x0000, 0x0000, 0x0000, 0x0000, 0x0000, 
  0x0000, 0x0000, 0x0020, 0x0020, 0x0020, 0x0020, 0x0020, 0x0020, 0x0020, 0x0020, 0x0020, 0x0020, 
  0x0820, 0x0820, 0x0821, 0x0841, 0x0841, 0x0841, 0x0841, 0x0841, 0x0841, 0x0841, 0x0841, 0x0000, 
  0x0020, 0x0020, 0x0020, 0x0020, 0x0020, 0x0020, 0x0020, 0x0020, 0x0020, 0x0020, 0x0020, 0x0020, 
  0x0020, 0x0020, 0x0020, 0x0020, 0x0020, 0x0020, 0x0020, 0x0861, 0x10a2, 0x18c3, 0x18c3, 0x18c3, 
  0x18c3, 0x18c3, 0x18c3, 0x18c3, 0x18c3, 0x18c3, 0x18c3, 0x18c3, 0x18e3, 0x18e3, 0x18e3, 0x18e3, 
  0x18e3, 0x18e3, 0x18e3, 0x18e3, 0x18e3, 0x18e3, 0x18e3, 0x18e3, 0x18e3, 0x18e3, 0x18e3, 0x18e3, 
  0x18e3, 0x18e3, 0x18e3, 0x18e3, 0x18e3, 0x18c3, 0x18c3, 0x18c3, 0x18c3, 0x18c3, 0x18c3, 0x18c3, 
  0x18c3, 0x18c3, 0x18c3, 0x18c3, 0x18c3, 0x18c3, 0x18e3, 0x632c, 0x31a6, 0x31a6, 0x3186, 0x3186, 
  0x3186, 0x3186, 0x3186, 0x3186, 0x3186, 0x2965, 0x2965, 0x2965, 0x2965, 0x2965, 0x2945, 0x2945, 
  0x2924, 0x2924, 0x2924, 0x2124, 0x2124, 0x2124, 0x2124, 0x2104, 0x2104, 0x2104, 0x2104, 0x20e4, 
  0x20e4, 0x20e3, 0x18e3, 0x18e3, 0x18c3, 0x18c3, 0x18a3, 0x18a3, 0x18a3, 0x18a2, 0x10a2, 0x1082, 
  0x1082, 0x1082, 0x1082, 0x1082, 0x1082, 0x1082, 0x1082, 0x1082, 0x1062, 0x1062, 0x1061, 0x1061, 
  0x1061, 0x1061, 0x0861, 0x0861, 0x0861, 0x0841, 0x0841, 0x0841, 0x0841, 0x0841, 0x0841, 0x0841, 
  0x0841, 0x0841, 0x0841, 0x0821, 0x0821, 0x0821, 0x0821, 0x0821, 0x0821, 0x0821, 0x0820, 0x0820, 
  0x0800, 0x0821, 0x0821, 0x0822, 0x1023, 0x1805, 0x2007, 0x300a, 0x400d, 0x5870, 0x9a35, 0xecb7, 
  0xcc17, 0x8a75, 0x79f3, 0x69b1, 0x598e, 0x498c, 0x418a, 0x3988, 0x2104, 0x18e3, 0x18e3, 0x18e3, 
  0x18e3, 0x18e3, 0x20e4, 0x18e3, 0x20c5, 0x1043, 0x0841, 0x0841, 0x0841, 0x0841, 0x0841, 0x0841, 
  0x0841, 0x0841, 0x0841, 0x0841, 0x0841, 0x0841, 0x0841, 0x0841, 0x0841, 0x0841, 0x0841, 0x0841, 
  0x0841, 0x0841, 0x0841, 0x0861, 0x0861, 0x0861, 0x0861, 0x0861, 0x0861, 0x0861, 0x0861, 0x0861, 
  0x0861, 0x1082, 0x1082, 0x1082, 0x1082, 0x1082, 0x1082, 0x1082, 0x1082, 0x1082, 0x1082, 0x1082, 
  0x1082, 0x10a2, 0x10a2, 0x10a2, 0x10a2, 0x10a2, 0x0861, 0x0861, 0x0861, 0x0861, 0x0861, 0x0861, 
  0x0861, 0x0861, 0x0861, 0x0861, 0x0861, 0x0841, 0x0841, 0x0841, 0x0841, 0x0841, 0x0841, 0x0841, 
  0x0841, 0x0841, 0x0841, 0x0841, 0x0841, 0x0841, 0x0841, 0x0020, 0x0841, 0x0841, 0x0841, 0x0841, 
  0x0020, 0x0020, 0x0020, 0x0020, 0x0020, 0x0020, 0x0020, 0x0020, 0x0020, 0x0020, 0x0020, 0x0020, 
  0x0020, 0x0000, 0x0000, 0x0000, 0x0000, 0x0000, 0x0000, 0x0000, 0x0000, 0x0000, 0x0000, 0x0000, 
  0x0000, 0x0000, 0x0000, 0x0000, 0x0000, 0x0000, 0x0000, 0x0000, 0x0000, 0x0000, 0x0000, 0x0000, 
  0x0000, 0x0000, 0x0000, 0x0000, 0x0000, 0x0000, 0x0000, 0x0000, 0x0000, 0x0020, 0x0020, 0x0000, 
  0x0000, 0x0020, 0x0020, 0x0020, 0x0020, 0x0020, 0x0020, 0x0820, 0x0820, 0x0820, 0x0841, 0x0841, 
  0x0841, 0x0841, 0x0841, 0x0841, 0x0841, 0x0861, 0x0861, 0x0820, 0x0020, 0x0020, 0x0020, 0x0020, 
  0x0020, 0x0020, 0x0020, 0x0020, 0x0020, 0x0020, 0x0020, 0x0020, 0x0020, 0x0020, 0x0020, 0x0020, 
  0x0020, 0x0020, 0x0020, 0x0020, 0x0861, 0x18a3, 0x18c3, 0x18c3, 0x18c3, 0x18c3, 0x18c3, 0x18c3, 
  0x18c3, 0x18c3, 0x18c3, 0x18e3, 0x18e3, 0x18e3, 0x18e3, 0x18e3, 0x18e3, 0x18e3, 0x18e3, 0x18e3, 
  0x18e3, 0x18e3, 0x18e3, 0x18e3, 0x18e3, 0x18e3, 0x18e3, 0x18e3, 0x18e3, 0x18e3, 0x18e3, 0x18e3, 
  0x18e3, 0x18c3, 0x18c3, 0x18c3, 0x18c3, 0x18c3, 0x18c3, 0x18c3, 0x18c3, 0x18c3, 0x18c3, 0x18c3, 
  0x18c3, 0x18c3, 0x18c3, 0x5aeb, 0x3186, 0x3186, 0x3186, 0x3186, 0x3186, 0x3186, 0x3186, 0x3186, 
  0x2965, 0x2965, 0x2965, 0x2965, 0x2965, 0x2945, 0x2945, 0x2945, 0x2924, 0x2924, 0x2124, 0x2124, 
  0x2124, 0x2124, 0x2104, 0x2104, 0x2104, 0x2104, 0x20e4, 0x20e4, 0x20e4, 0x20e3, 0x20e3, 0x18e3, 
  0x18c3, 0x18a3, 0x18a3, 0x18a2, 0x18a2, 0x10a2, 0x10a2, 0x10a2, 0x1082, 0x1082, 0x1082, 0x1082, 
  0x1082, 0x1082, 0x1082, 0x1082, 0x1062, 0x1061, 0x1061, 0x1061, 0x1061, 0x1061, 0x0861, 0x0861, 
  0x0861, 0x0841, 0x0841, 0x0841, 0x0841, 0x0841, 0x0841, 0x0841, 0x0841, 0x0841, 0x0841, 0x0821, 
  0x0821, 0x0821, 0x0821, 0x0820, 0x0821, 0x0821, 0x0821, 0x0821, 0x0821, 0x0821, 0x0822, 0x1023, 
  0x1805, 0x2807, 0x300a, 0x400d, 0x6091, 0xbb16, 0xdc57, 0xa2f6, 0x7a14, 0x69d1, 0x61af, 0x51ad, 
  0x49aa, 0x4189, 0x3988, 0x3987, 0x18e3, 0x18e3, 0x18e3, 0x18e3, 0x18e3, 0x18e3, 0x18e3, 0x18e3, 
  0x18c4, 0x1864, 0x0822, 0x0821, 0x0841, 0x0841, 0x0841, 0x0841, 0x0841, 0x0841, 0x0841, 0x0841, 
  0x0841, 0x0841, 0x0841, 0x0841, 0x0841, 0x0841, 0x0841, 0x0841, 0x0841, 0x0841, 0x0841, 0x0861, 
  0x0861, 0x0861, 0x0861, 0x0861, 0x0861, 0x0861, 0x0861, 0x0861, 0x1082, 0x1082, 0x1082, 0x1082, 
  0x1082, 0x1082, 0x1082, 0x1082, 0x1082, 0x1082, 0x1082, 0x1082, 0x1082, 0x10a2, 0x10a2, 0x10a2, 
  0x10a2, 0x10a2, 0x0861, 0x0861, 0x0861, 0x0861, 0x0861, 0x0861, 0x0861, 0x0861, 0x0861, 0x0861, 
  0x0841, 0x0841, 0x0841, 0x0841, 0x0841, 0x0841, 0x0841, 0x0841, 0x0841, 0x0841, 0x0841, 0x0841, 
  0x0020, 0x0020, 0x0020, 0x0020, 0x0841, 0x0841, 0x0841, 0x0841, 0x0020, 0x0020, 0x0020, 0x0020, 
  0x0020, 0x0020, 0x0020, 0x0020, 0x0020, 0x0020, 0x0020, 0x0020, 0x0020, 0x0000, 0x0000, 0x0000, 
  0x0000, 0x0000, 0x0000, 0x0000, 0x0000, 0x0000, 0x0000, 0x0000, 0x0000, 0x0000, 0x0000, 0x0000, 
  0x0000, 0x0000, 0x0000, 0x0000, 0x0000, 0x0000, 0x0000, 0x0000, 0x0000, 0x0000, 0x0000, 0x0000, 
  0x0000, 0x0000, 0x0000, 0x0000, 0x0000, 0x0020, 0x0020, 0x0000, 0x0000, 0x0020, 0x0020, 0x0020, 
  0x0020, 0x0020, 0x0820, 0x0820, 0x0820, 0x0841, 0x0841, 0x0841, 0x0841, 0x0841, 0x0841, 0x0841, 
  0x0841, 0x0861, 0x1061, 0x0861, 0x0020, 0x0020, 0x0020, 0x0020, 0x0020, 0x0020, 0x0020, 0x0020, 
  0x0020, 0x0020, 0x0020, 0x0020, 0x0020, 0x0020, 0x0020, 0x0020, 0x0020, 0x0020, 0x0020, 0x0020, 
  0x0000, 0x1061, 0x18c3, 0x18c3, 0x18c3, 0x18c3, 0x18c3, 0x18c3, 0x18c3, 0x18c3, 0x18e3, 0x18e3, 
  0x18e3, 0x18e3, 0x18e3, 0x18e3, 0x18e3, 0x18e3, 0x18e3, 0x18e3, 0x18e3, 0x18e3, 0x18e3, 0x18e3, 
  0x18e3, 0x18e3, 0x18e3, 0x18e3, 0x18e3, 0x18e3, 0x18e3, 0x18e3, 0x18c3, 0x18c3, 0x18c3, 0x18c3, 
  0x18c3, 0x18c3, 0x18c3, 0x18c3, 0x18c3, 0x18c3, 0x18c3, 0x18c3, 0x18c3, 0x18c3, 0x18c3, 0x4228, 
  0x3186, 0x3186, 0x3186, 0x3186, 0x3186, 0x3186, 0x3186, 0x2965, 0x2965, 0x2965, 0x2965, 0x2965, 
  0x2965, 0x2945, 0x2945, 0x2924, 0x2924, 0x2124, 0x2124, 0x2124, 0x2124, 0x2104, 0x2104, 0x2104, 
  0x2104, 0x2104, 0x20e4, 0x20e4, 0x20e4, 0x20e3, 0x18e3, 0x18c3, 0x18a3, 0x18a3, 0x18a3, 0x18a2, 
  0x10a2, 0x10a2, 0x10a2, 0x1082, 0x1082, 0x1082, 0x1082, 0x1082, 0x1082, 0x1082, 0x1082, 0x1062, 
  0x1062, 0x1061, 0x1061, 0x1061, 0x1061, 0x0861, 0x0861, 0x0861, 0x0841, 0x0841, 0x0841, 0x0841, 
  0x0841, 0x0841, 0x0841, 0x0841, 0x0841, 0x0841, 0x0841, 0x0821, 0x0821, 0x0820, 0x0820, 0x0820, 
  0x0821, 0x0821, 0x0821, 0x0821, 0x0821, 0x1022, 0x1023, 0x1825, 0x2807, 0x300a, 0x402d, 0x7112, 
  0xcb99, 0xc397, 0x8234, 0x71d2, 0x61b0, 0x59ae, 0x49ac, 0x41aa, 0x39a8, 0x3988, 0x3187, 0x3186, 
  0x18e3, 0x18e3, 0x18e3, 0x18e3, 0x18e3, 0x18e3, 0x18e3, 0x18e3, 0x10a2, 0x1063, 0x1864, 0x0821, 
  0x0841, 0x0841, 0x0841, 0x0841, 0x0841, 0x0841, 0x0841, 0x0841, 0x0841, 0x0841, 0x0841, 0x0841, 
  0x0841, 0x0841, 0x0841, 0x0841, 0x0861, 0x0861, 0x0861, 0x0861, 0x0861, 0x0861, 0x0861, 0x0861, 
  0x0861, 0x0861, 0x0861, 0x0861, 0x1082, 0x1082, 0x1082, 0x1082, 0x1082, 0x1082, 0x1082, 0x1082, 
  0x1082, 0x1082, 0x10a2, 0x1082, 0x10a2, 0x10a2, 0x10a2, 0x10a2, 0x10a2, 0x1082, 0x0861, 0x0861, 
  0x0861, 0x0861, 0x0861, 0x0861, 0x0861, 0x0841, 0x0841, 0x0841, 0x0841, 0x0841, 0x0841, 0x0841, 
  0x0841, 0x0841, 0x0841, 0x0841, 0x0841, 0x0841, 0x0841, 0x0020, 0x0020, 0x0020, 0x0020, 0x0020, 
  0x0841, 0x0841, 0x0841, 0x0020, 0x0020, 0x0020, 0x0020, 0x0020, 0x0020, 0x0020, 0x0020, 0x0020, 
  0x0020, 0x0020, 0x0020, 0x0020, 0x0000, 0x0000, 0x0000, 0x0000, 0x0000, 0x0000, 0x0000, 0x0000, 
  0x0000, 0x0000, 0x0000, 0x0000, 0x0000, 0x0000, 0x0000, 0x0000, 0x0000, 0x0000, 0x0000, 0x0000, 
  0x0000, 0x0000, 0x0000, 0x0000, 0x0000, 0x0000, 0x0000, 0x0000, 0x0000, 0x0000, 0x0000, 0x0000, 
  0x0020, 0x0020, 0x0020, 0x0000, 0x0020, 0x0020, 0x0020, 0x0020, 0x0020, 0x0820, 0x0820, 0x0820, 
  0x0841, 0x0841, 0x0841, 0x0841, 0x0841, 0x0841, 0x0841, 0x0861, 0x0861, 0x1061, 0x1061, 0x1061, 
  0x0841, 0x0020, 0x0020, 0x0020, 0x0020, 0x0020, 0x0020, 0x0020, 0x0020, 0x0020, 0x0020, 0x0020, 
  0x0020, 0x0020, 0x0020, 0x0020, 0x0020, 0x0020, 0x0020, 0x0020, 0x0020, 0x0020, 0x1082, 0x18c3, 
  0x18c3, 0x18c3, 0x18c3, 0x18c3, 0x18c3, 0x18c3, 0x18e3, 0x18e3, 0x18e3, 0x18e3, 0x18e3, 0x18e3, 
  0x18e3, 0x18e3, 0x18e3, 0x18e3, 0x18e3, 0x18e3, 0x18e3, 0x18e3, 0x18e3, 0x18e3, 0x18e3, 0x18e3, 
  0x18e3, 0x18e3, 0x18e3, 0x18c3, 0x18c3, 0x18c3, 0x18c3, 0x18c3, 0x18c3, 0x18c3, 0x18c3, 0x18c3, 
  0x18c3, 0x18c3, 0x18c3, 0x18c3, 0x18c3, 0x18c3, 0x10a2, 0x4a49, 0x31a6, 0x3186, 0x3186, 0x3186, 
  0x3186, 0x3186, 0x3186, 0x2965, 0x2965, 0x2965, 0x2965, 0x2945, 0x2945, 0x2945, 0x2945, 0x2924, 
  0x2924, 0x2124, 0x2124, 0x2124, 0x2124, 0x2104, 0x2104, 0x2104, 0x2104, 0x2104, 0x20e4, 0x20e4, 
  0x20e3, 0x18e3, 0x18e3, 0x18c3, 0x18a3, 0x18a3, 0x18a2, 0x18a2, 0x10a2, 0x10a2, 0x1082, 0x1082, 
  0x1082, 0x1082, 0x1082, 0x1082, 0x1082, 0x1082, 0x1062, 0x1062, 0x1061, 0x1061, 0x1061, 0x1061, 
  0x1061, 0x0861, 0x0861, 0x0841, 0x0841, 0x0841, 0x0841, 0x0841, 0x0841, 0x0841, 0x0841, 0x0841, 
  0x0841, 0x0841, 0x0841, 0x0821, 0x0821, 0x0821, 0x0820, 0x0820, 0x0821, 0x0821, 0x0821, 0x0822, 
  0x1022, 0x1824, 0x2006, 0x2808, 0x300a, 0x482e, 0x89d5, 0xc359, 0x9ab6, 0x71d2, 0x69b1, 0x59ae, 
  0x51ac, 0x49aa, 0x41a9, 0x39a8, 0x3187, 0x3186, 0x3186, 0x3186, 0x18e3, 0x18e3, 0x18e3, 0x18e3, 
  0x18e3, 0x18e3, 0x18e3, 0x10a2, 0x1082, 0x1082, 0x1863, 0x1043, 0x0841, 0x0841, 0x0841, 0x0841, 
  0x0841, 0x0841, 0x0841, 0x0841, 0x0841, 0x0841, 0x0841, 0x0841, 0x0841, 0x0861, 0x0861, 0x0861, 
  0x0861, 0x0861, 0x0861, 0x0861, 0x0861, 0x0861, 0x0861, 0x0861, 0x0861, 0x0861, 0x0861, 0x1082, 
  0x1082, 0x1082, 0x1082, 0x1082, 0x1082, 0x1082, 0x1082, 0x1082, 0x1082, 0x1082, 0x10a2, 0x10a2, 
  0x10a2, 0x10a2, 0x10a2, 0x10a2, 0x10a2, 0x1082, 0x0861, 0x0861, 0x0861, 0x0861, 0x0861, 0x0841, 
  0x0841, 0x0841, 0x0841, 0x0841, 0x0841, 0x0841, 0x0841, 0x0841, 0x0841, 0x0841, 0x0841, 0x0841, 
  0x0841, 0x0841, 0x0020, 0x0020, 0x0020, 0x0020, 0x0020, 0x0020, 0x0841, 0x0841, 0x0020, 0x0020, 
  0x0020, 0x0020, 0x0020, 0x0020, 0x0020, 0x0020, 0x0020, 0x0020, 0x0020, 0x0020, 0x0020, 0x0000, 
  0x0000, 0x0000, 0x0000, 0x0000, 0x0000, 0x0000, 0x0000, 0x0000, 0x0000, 0x0000, 0x0000, 0x0000, 
  0x0000, 0x0000, 0x0000, 0x0000, 0x0000, 0x0000, 0x0000, 0x0000, 0x0000, 0x0000, 0x0000, 0x0000, 
  0x0000, 0x0000, 0x0000, 0x0000, 0x0000, 0x0000, 0x0000, 0x0020, 0x0020, 0x0020, 0x0020, 0x0020, 
  0x0020, 0x0020, 0x0020, 0x0020, 0x0820, 0x0820, 0x0820, 0x0841, 0x0841, 0x0841, 0x0841, 0x0841, 
  0x0841, 0x0841, 0x0841, 0x0861, 0x1061, 0x1061, 0x1061, 0x1061, 0x0861, 0x0020, 0x0020, 0x0020, 
  0x0020, 0x0020, 0x0020, 0x0020, 0x0020, 0x0020, 0x0020, 0x0020, 0x0020, 0x0020, 0x0020, 0x0020, 
  0x0020, 0x0020, 0x0020, 0x0020, 0x0020, 0x0020, 0x0020, 0x1082, 0x18c3, 0x18c3, 0x18c3, 0x18c3, 
  0x18c3, 0x18e3, 0x18e3, 0x18e3, 0x18e3, 0x18e3, 0x18e3, 0x18e3, 0x18e3, 0x18e3, 0x18e3, 0x18e3, 
  0x18e3, 0x18e3, 0x18e3, 0x18e3, 0x18e3, 0x18e3, 0x18e3, 0x18e3, 0x18e3, 0x18e3, 0x18e3, 0x18c3, 
  0x18c3, 0x18c3, 0x18c3, 0x18c3, 0x18c3, 0x18c3, 0x18c3, 0x18c3, 0x18c3, 0x18c3, 0x18c3, 0x18c3, 
  0x18c3, 0x18c3, 0x18c3, 0x39e7, 0x4228, 0x3186, 0x3186, 0x3186, 0x3186, 0x3186, 0x2965, 0x2965, 
  0x2965, 0x2965, 0x2965, 0x2945, 0x2945, 0x2945, 0x2945, 0x2924, 0x2924, 0x2124, 0x2124, 0x2124, 
  0x2104, 0x2104, 0x2104, 0x2104, 0x2104, 0x20e4, 0x20e4, 0x20e3, 0x20e3, 0x18e3, 0x18c3, 0x18c3, 
  0x18a2, 0x18a2, 0x18a2, 0x10a2, 0x10a2, 0x10a2, 0x1082, 0x1082, 0x1082, 0x1082, 0x1082, 0x1082, 
  0x1082, 0x1082, 0x1062, 0x1061, 0x1061, 0x1061, 0x1061, 0x1061, 0x0861, 0x0861, 0x0861, 0x0841, 
  0x0841, 0x0841, 0x0841, 0x0841, 0x0841, 0x0841, 0x0841, 0x0841, 0x0841, 0x0841, 0x0841, 0x0821, 
  0x0821, 0x0821, 0x0821, 0x0820, 0x0821, 0x0821, 0x0822, 0x1023, 0x1023, 0x1825, 0x2808, 0x300a, 
  0x508d, 0xa278, 0xb2f9, 0x8214, 0x69d0, 0x59af, 0x59ae, 0x51ac, 0x41aa, 0x41a9, 0x39a7, 0x31a7, 
  0x31a6, 0x3186, 0x3186, 0x3186, 0x18e3, 0x18e3, 0x18e3, 0x18e3, 0x18e3, 0x18e3, 0x18c3, 0x1082, 
  0x1082, 0x1082, 0x1082, 0x1864, 0x1022, 0x0841, 0x0841, 0x0861, 0x0841, 0x0841, 0x0841, 0x0841, 
  0x0841, 0x0841, 0x0861, 0x0861, 0x0861, 0x0861, 0x0861, 0x0861, 0x0861, 0x0861, 0x0861, 0x0861, 
  0x0841, 0x0841, 0x0861, 0x0861, 0x0861, 0x0861, 0x1082, 0x1082, 0x1082, 0x1082, 0x1082, 0x1082, 
  0x1082, 0x1082, 0x1082, 0x1082, 0x1082, 0x1082, 0x10a2, 0x10a2, 0x10a2, 0x10a2, 0x10a2, 0x10a2, 
  0x18c3, 0x1082, 0x0861, 0x0861, 0x0861, 0x0861, 0x0841, 0x0841, 0x0841, 0x0841, 0x0841, 0x0841, 
  0x0841, 0x0841, 0x0841, 0x0841, 0x0841, 0x0841, 0x0841, 0x0841, 0x0841, 0x0020, 0x0020, 0x0020, 
  0x0020, 0x0020, 0x0020, 0x0020, 0x0020, 0x0020, 0x0020, 0x0020, 0x0020, 0x0020, 0x0020, 0x0020, 
  0x0020, 0x0020, 0x0020, 0x0020, 0x0020, 0x0000, 0x0000, 0x0000, 0x0000, 0x0000, 0x0000, 0x0000, 
  0x0000, 0x0000, 0x0000, 0x0000, 0x0000, 0x0000, 0x0000, 0x0000, 0x0000, 0x0000, 0x0000, 0x0000, 
  0x0000, 0x0000, 0x0000, 0x0000, 0x0000, 0x0000, 0x0000, 0x0000, 0x0000, 0x0000, 0x0000, 0x0000, 
  0x0000, 0x0000, 0x0020, 0x0000, 0x0000, 0x0000, 0x0020, 0x0020, 0x0020, 0x0020, 0x0020, 0x0820, 
  0x0820, 0x0820, 0x0841, 0x0841, 0x0841, 0x0841, 0x0841, 0x0841, 0x0841, 0x0861, 0x0861, 0x1061, 
  0x1061, 0x1061, 0x1061, 0x1061, 0x1061, 0x0841, 0x0020, 0x0020, 0x0020, 0x0020, 0x0020, 0x0020, 
  0x0020, 0x0020, 0x0020, 0x0020, 0x0020, 0x0020, 0x0020, 0x0020, 0x0020, 0x0020, 0x0020, 0x0020, 
  0x0020, 0x0020, 0x0020, 0x0020, 0x1082, 0x18c3, 0x18c3, 0x18c3, 0x18e3, 0x18e3, 0x18e3, 0x18e3, 
  0x18e3, 0x18e3, 0x18e3, 0x18e3, 0x18e3, 0x18e3, 0x18e3, 0x18e3, 0x18e3, 0x18e3, 0x18e3, 0x18e3, 
  0x18e3, 0x18e3, 0x18e3, 0x18e3, 0x18e3, 0x18e3, 0x18c3, 0x18c3, 0x18c3, 0x18c3, 0x18c3, 0x18c3, 
  0x18c3, 0x18c3, 0x18c3, 0x18c3, 0x18c3, 0x18c3, 0x18c3, 0x18c3, 0x18c3, 0x10a2, 0x10a2, 0x2104, 
  0x52aa, 0x3186, 0x3186, 0x3186, 0x3186, 0x3186, 0x2965, 0x2965, 0x2965, 0x2965, 0x2945, 0x2945, 
  0x2945, 0x2924, 0x2924, 0x2124, 0x2124, 0x2124, 0x2124, 0x2104, 0x2104, 0x2104, 0x2104, 0x2104, 
  0x20e4, 0x20e4, 0x20e4, 0x20e3, 0x18e3, 0x18c3, 0x18c3, 0x18a3, 0x18a2, 0x18a3, 0x18a2, 0x10a2, 
  0x10a2, 0x1082, 0x1082, 0x1082, 0x1082, 0x1082, 0x1082, 0x1082, 0x1082, 0x1062, 0x1062, 0x1061, 
  0x1061, 0x1061, 0x1061, 0x0861, 0x0861, 0x0861, 0x0841, 0x0841, 0x0841, 0x0841, 0x0841, 0x0841, 
  0x0841, 0x0841, 0x0841, 0x0841, 0x0841, 0x0841, 0x0841, 0x0820, 0x0820, 0x0821, 0x0821, 0x0821, 
  0x0821, 0x0822, 0x1023, 0x1824, 0x2006, 0x2827, 0x302a, 0x7133, 0xb29a, 0x9a57, 0x69f0, 0x61cf, 
  0x59ce, 0x51cc, 0x49aa, 0x41a9, 0x39a8, 0x39a7, 0x31a6, 0x31a6, 0x31a6, 0x3186, 0x3186, 0x3186, 
  0x18e3, 0x18e3, 0x18e3, 0x18e3, 0x18e3, 0x18c3, 0x1082, 0x1082, 0x1082, 0x1082, 0x0882, 0x1063, 
  0x1865, 0x0822, 0x0841, 0x0841, 0x0841, 0x0841, 0x0841, 0x0841, 0x0841, 0x0861, 0x0861, 0x0861, 
  0x0861, 0x0861, 0x0861, 0x0861, 0x0861, 0x0861, 0x0861, 0x0861, 0x0861, 0x0861, 0x0861, 0x0861, 
  0x0861, 0x0861, 0x1082, 0x1082, 0x1082, 0x1082, 0x1082, 0x1082, 0x1082, 0x1082, 0x1082, 0x1082, 
  0x1082, 0x1082, 0x10a2, 0x10a2, 0x10a2, 0x10a2, 0x10a2, 0x10a2, 0x18c3, 0x0861, 0x0861, 0x0861, 
  0x0861, 0x0841, 0x0841, 0x0841, 0x0841, 0x0841, 0x0841, 0x0841, 0x0841, 0x0841, 0x0841, 0x0841, 
  0x0841, 0x0841, 0x0841, 0x0020, 0x0020, 0x0020, 0x0020, 0x0020, 0x0020, 0x0020, 0x0020, 0x0841, 
  0x0020, 0x0020, 0x0020, 0x0020, 0x0020, 0x0020, 0x0020, 0x0020, 0x0020, 0x0020, 0x0020, 0x0020, 
  0x0020, 0x0000, 0x0000, 0x0000, 0x0000, 0x0000, 0x0000, 0x0000, 0x0000, 0x0000, 0x0000, 0x0000, 
  0x0000, 0x0000, 0x0000, 0x0000, 0x0000, 0x0000, 0x0000, 0x0000, 0x0000, 0x0000, 0x0000, 0x0000, 
  0x0000, 0x0000, 0x0000, 0x0000, 0x0000, 0x0000, 0x0000, 0x0000, 0x0000, 0x0020, 0x0020, 0x0020, 
  0x0020, 0x0020, 0x0020, 0x0020, 0x0020, 0x0020, 0x0820, 0x0820, 0x0820, 0x0841, 0x0841, 0x0841, 
  0x0841, 0x0841, 0x0841, 0x0841, 0x0841, 0x0861, 0x0861, 0x1061, 0x1061, 0x1061, 0x1061, 0x1062, 
  0x1062, 0x1082, 0x0821, 0x0020, 0x0020, 0x0020, 0x0020, 0x0020, 0x0020, 0x0020, 0x0020, 0x0020, 
  0x0020, 0x0020, 0x0020, 0x0020, 0x0020, 0x0020, 0x0020, 0x0020, 0x0020, 0x0020, 0x0020, 0x0020, 
  0x0020, 0x1082, 0x18c3, 0x18e3, 0x18e3, 0x18e3, 0x18e3, 0x18e3, 0x18e3, 0x18e3, 0x18e3, 0x18e3, 
  0x18e3, 0x18e3, 0x18e3, 0x18e3, 0x18e3, 0x18e3, 0x18e3, 0x18e3, 0x18e3, 0x18e3, 0x18e3, 0x18e3, 
  0x18e3, 0x18c3, 0x18c3, 0x18c3, 0x18c3, 0x18c3, 0x18c3, 0x18c3, 0x18c3, 0x18c3, 0x18c3, 0x18c3, 
  0x18c3, 0x18c3, 0x18c3, 0x18c3, 0x18c3, 0x10a2, 0x10a2, 0x10a2, 0x5aeb, 0x3186, 0x3186, 0x3186, 
  0x3186, 0x2965, 0x2965, 0x2965, 0x2965, 0x2965, 0x2945, 0x2945, 0x2924, 0x2924, 0x2924, 0x2124, 
  0x2124, 0x2124, 0x2104, 0x2104, 0x2104, 0x2104, 0x2104, 0x20e4, 0x20e4, 0x20e4, 0x20e3, 0x20e3, 
  0x18c3, 0x18c3, 0x18c3, 0x18a2, 0x18a2, 0x18a2, 0x18a2, 0x10a2, 0x1082, 0x1082, 0x1082, 0x1082, 
  0x1082, 0x1082, 0x1082, 0x1082, 0x1082, 0x1062, 0x1061, 0x1061, 0x1061, 0x1061, 0x1061, 0x0861, 
  0x0861, 0x0841, 0x0841, 0x0841, 0x0841, 0x0841, 0x0841, 0x0841, 0x0841, 0x0841, 0x0841, 0x0841, 
  0x0841, 0x0841, 0x0841, 0x0820, 0x0820, 0x0821, 0x0821, 0x0821, 0x0822, 0x1023, 0x1824, 0x2026, 
  0x2807, 0x404b, 0x89b6, 0xaa7a, 0x7a13, 0x61ef, 0x59ee, 0x51cc, 0x49cb, 0x41ca, 0x41c9, 0x39a8, 
  0x39a7, 0x31a7, 0x3186, 0x3186, 0x3186, 0x3186, 0x3186, 0x3186, 0x18e3, 0x18e3, 0x18e3, 0x18e3, 
  0x18e3, 0x1082, 0x1082, 0x1082, 0x1082, 0x1082, 0x1082, 0x1082, 0x1843, 0x2065, 0x0822, 0x0841, 
  0x0841, 0x0841, 0x0841, 0x0861, 0x0861, 0x0861, 0x0861, 0x0861, 0x0861, 0x0861, 0x0861, 0x0861, 
  0x0861, 0x0861, 0x0861, 0x0861, 0x0861, 0x0861, 0x0861, 0x0861, 0x0861, 0x0861, 0x1082, 0x1082, 
  0x1082, 0x1082, 0x1082, 0x1082, 0x1082, 0x1082, 0x1082, 0x1082, 0x1082, 0x1082, 0x10a2, 0x10a2, 
  0x10a2, 0x10a2, 0x10a2, 0x10a2, 0x10a2, 0x0861, 0x0861, 0x0861, 0x0841, 0x0841, 0x0841, 0x0841, 
  0x0841, 0x0841, 0x0841, 0x0841, 0x0841, 0x0841, 0x0841, 0x0841, 0x0841, 0x0020, 0x0020, 0x0020, 
  0x0020, 0x0020, 0x0020, 0x0020, 0x0020, 0x0020, 0x0020, 0x0020, 0x0020, 0x0020, 0x0020, 0x0020, 
  0x0020, 0x0020, 0x0020, 0x0020, 0x0020, 0x0020, 0x0020, 0x0020, 0x0000, 0x0000, 0x0000, 0x0000, 
  0x0000, 0x0000, 0x0000, 0x0000, 0x0000, 0x0000, 0x0000, 0x0000, 0x0000, 0x0000, 0x0000, 0x0000, 
  0x0000, 0x0000, 0x0000, 0x0000, 0x0000, 0x0000, 0x0000, 0x0000, 0x0000, 0x0000, 0x0000, 0x0000, 
  0x0000, 0x0000, 0x0000, 0x0000, 0x0020, 0x0020, 0x0020, 0x0020, 0x0020, 0x0020, 0x0020, 0x0020, 
  0x0020, 0x0820, 0x0820, 0x0820, 0x0820, 0x0841, 0x0841, 0x0841, 0x0841, 0x0841, 0x0841, 0x0861, 
  0x0861, 0x1061, 0x1061, 0x1061, 0x1061, 0x1061, 0x1061, 0x1062, 0x1062, 0x1082, 0x1061, 0x0020, 
  0x0020, 0x0020, 0x0020, 0x0020, 0x0020, 0x0020, 0x0020, 0x0020, 0x0020, 0x0020, 0x0020, 0x0020, 
  0x0020, 0x0020, 0x0020, 0x0020, 0x0020, 0x0020, 0x0020, 0x0020, 0x0020, 0x0020, 0x1082, 0x18e3, 
  0x18e3, 0x18e3, 0x18e3, 0x18e3, 0x18e3, 0x18e3, 0x18e3, 0x18e3, 0x18e3, 0x18e3, 0x18e3, 0x18e3, 
  0x18e3, 0x18e3, 0x18e3, 0x18e3, 0x18e3, 0x18e3, 0x18e3, 0x18e3, 0x18e3, 0x18c3, 0x18c3, 0x18c3, 
  0x18c3, 0x18c3, 0x18c3, 0x18c3, 0x18c3, 0x18c3, 0x18c3, 0x18c3, 0x18c3, 0x18c3, 0x18c3, 0x18c3, 
  0x10a2, 0x10a2, 0x10a2, 0x10a2, 0x4a69, 0x3186, 0x3186, 0x3186, 0x2965, 0x2965, 0x2965, 0x2965, 
  0x2965, 0x2945, 0x2945, 0x2945, 0x2924, 0x2924, 0x2124, 0x2124, 0x2124, 0x2124, 0x2104, 0x2104, 
  0x2104, 0x2104, 0x2104, 0x20e4, 0x20e4, 0x20e4, 0x20e3, 0x18e3, 0x18c3, 0x18c3, 0x18a3, 0x18a3, 
  0x18a3, 0x18a2, 0x10a2, 0x10a2, 0x1082, 0x1082, 0x1082, 0x1082, 0x1082, 0x1082, 0x1082, 0x1082, 
  0x1082, 0x1062, 0x1061, 0x1061, 0x1061, 0x1061, 0x0861, 0x0861, 0x0861, 0x0841, 0x0841, 0x0841, 
  0x0841, 0x0841, 0x0841, 0x0841, 0x0841, 0x0841, 0x0841, 0x0841, 0x0841, 0x0841, 0x0820, 0x0820, 
  0x0841, 0x0821, 0x0821, 0x0822, 0x1023, 0x1823, 0x2025, 0x2807, 0x58ae, 0x99f9, 0x9217, 0x69f1, 
  0x59ee, 0x51cd, 0x51cb, 0x49ca, 0x41c9, 0x39c8, 0x39c7, 0x39a7, 0x31a6, 0x31a6, 0x3186, 0x3186, 
  0x3186, 0x3186, 0x3186, 0x2965, 0x18e3, 0x18e3, 0x18e3, 0x18e3, 0x10a2, 0x1082, 0x1082, 0x1082, 
  0x1082, 0x1082, 0x1082, 0x1082, 0x1062, 0x2045, 0x1844, 0x0821, 0x0861, 0x0841, 0x0841, 0x0861, 
  0x0861, 0x0861, 0x0861, 0x0861, 0x0861, 0x0861, 0x0861, 0x0861, 0x0861, 0x0861, 0x0861, 0x0861, 
  0x0861, 0x0861, 0x0861, 0x0861, 0x0861, 0x0861, 0x1082, 0x1082, 0x1082, 0x1082, 0x1082, 0x1082, 
  0x1082, 0x1082, 0x1082, 0x1082, 0x1082, 0x1082, 0x10a2, 0x10a2, 0x10a2, 0x10a2, 0x10a2, 0x10a2, 
  0x10a2, 0x0841, 0x0841, 0x0841, 0x0841, 0x0841, 0x0841, 0x0841, 0x0841, 0x0841, 0x0841, 0x0841, 
  0x0841, 0x0841, 0x0841, 0x0841, 0x0020, 0x0020, 0x0020, 0x0020, 0x0020, 0x0020, 0x0020, 0x0020, 
  0x0020, 0x0020, 0x0020, 0x0020, 0x0020, 0x0020, 0x0020, 0x0020, 0x0020, 0x0020, 0x0020, 0x0020, 
  0x0020, 0x0020, 0x0020, 0x0000, 0x0000, 0x0000, 0x0000, 0x0000, 0x0000, 0x0000, 0x0000, 0x0000, 
  0x0000, 0x0000, 0x0000, 0x0000, 0x0000, 0x0000, 0x0000, 0x0000, 0x0000, 0x0000, 0x0000, 0x0000, 
  0x0000, 0x0000, 0x0000, 0x0000, 0x0000, 0x0000, 0x0000, 0x0000, 0x0000, 0x0000, 0x0000, 0x0020, 
  0x0000, 0x0020, 0x0020, 0x0020, 0x0020, 0x0020, 0x0020, 0x0020, 0x0820, 0x0820, 0x0820, 0x0821, 
  0x0841, 0x0841, 0x0841, 0x0841, 0x0841, 0x0841, 0x0841, 0x0861, 0x0861, 0x1061, 0x1061, 0x1061, 
  0x1061, 0x1061, 0x1062, 0x1062, 0x1082, 0x1082, 0x1082, 0x0841, 0x0020, 0x0020, 0x0020, 0x0020, 
  0x0020, 0x0020, 0x0020, 0x0020, 0x0020, 0x0020, 0x0020, 0x0020, 0x0020, 0x0020, 0x0020, 0x0020, 
  0x0020, 0x0020, 0x0020, 0x0020, 0x0020, 0x0020, 0x0020, 0x1082, 0x18c3, 0x18e3, 0x18e3, 0x18e3, 
  0x18e3, 0x18e3, 0x18e3, 0x18e3, 0x18e3, 0x18e3, 0x18e3, 0x18e3, 0x18e3, 0x18e3, 0x18e3, 0x18e3, 
  0x18e3, 0x18e3, 0x18e3, 0x18e3, 0x18c3, 0x18c3, 0x18c3, 0x18c3, 0x18c3, 0x18c3, 0x18c3, 0x18c3, 
  0x18c3, 0x18c3, 0x18c3, 0x18c3, 0x18c3, 0x18c3, 0x18c3, 0x10a2, 0x10a2, 0x10a2, 0x10a2, 0x10a2, 
  0x39e7, 0x3186, 0x3186, 0x2965, 0x2965, 0x2965, 0x2965, 0x2965, 0x2965, 0x2945, 0x2945, 0x2924, 
  0x2924, 0x2924, 0x2124, 0x2124, 0x2124, 0x2104, 0x2104, 0x2104, 0x2104, 0x2104, 0x20e4, 0x20e4, 
  0x20e4, 0x20e3, 0x18e3, 0x18c3, 0x18c3, 0x18c3, 0x18a3, 0x18a3, 0x18a2, 0x18a2, 0x10a2, 0x1082, 
  0x1082, 0x1082, 0x1082, 0x1082, 0x1082, 0x1082, 0x1082, 0x1082, 0x1082, 0x1061, 0x1061, 0x1061, 
  0x1061, 0x1061, 0x0861, 0x0861, 0x0841, 0x0841, 0x0841, 0x0841, 0x0841, 0x0841, 0x0841, 0x0841, 
  0x0841, 0x0841, 0x0841, 0x0841, 0x0841, 0x0841, 0x0821, 0x0821, 0x0821, 0x0822, 0x0822, 0x1023, 
  0x1824, 0x1825, 0x3028, 0x7934, 0x99da, 0x79d5, 0x59ce, 0x59ed, 0x51ec, 0x49ea, 0x49c9, 0x41c9, 
  0x39c8, 0x39a7, 0x31a7, 0x31a6, 0x31a6, 0x3186, 0x3186, 0x3186, 0x3186, 0x3186, 0x3186, 0x2965, 
  0x18e3, 0x18e3, 0x18e3, 0x10a2, 0x1082, 0x1082, 0x1082, 0x1082, 0x1082, 0x1082, 0x1062, 0x1082, 
  0x1082, 0x1063, 0x2867, 0x1022, 0x0841, 0x0841, 0x0841, 0x0841, 0x0861, 0x0861, 0x0861, 0x0861, 
  0x0861, 0x0861, 0x0861, 0x0861, 0x0861, 0x0861, 0x0861, 0x0861, 0x0861, 0x0861, 0x0861, 0x0861, 
  0x0861, 0x1082, 0x1082, 0x1082, 0x1082, 0x1082, 0x1082, 0x1082, 0x1082, 0x1082, 0x1082, 0x1082, 
  0x10a2, 0x10a2, 0x10a2, 0x10a2, 0x10a2, 0x10a2, 0x18c3, 0x10a2, 0x10a2, 0x0841, 0x0841, 0x0841, 
  0x0841, 0x0841, 0x0841, 0x0841, 0x0841, 0x0841, 0x0841, 0x0841, 0x0841, 0x0841, 0x0020, 0x0020, 
  0x0020, 0x0020, 0x0020, 0x0020, 0x0020, 0x0020, 0x0020, 0x0020, 0x0020, 0x0020, 0x0020, 0x0020, 
  0x0020, 0x0020, 0x0020, 0x0020, 0x0020, 0x0020, 0x0020, 0x0020, 0x0020, 0x0020, 0x0000, 0x0000, 
  0x0000, 0x0000, 0x0000, 0x0000, 0x0000, 0x0000, 0x0000, 0x0000, 0x0000, 0x0000, 0x0000, 0x0000, 
  0x0000, 0x0000, 0x0000, 0x0000, 0x0000, 0x0000, 0x0000, 0x0000, 0x0000, 0x0000, 0x0000, 0x0000, 
  0x0000, 0x0000, 0x0000, 0x0000, 0x0000, 0x0000, 0x0020, 0x0020, 0x0000, 0x0000, 0x0020, 0x0020, 
  0x0020, 0x0020, 0x0020, 0x0820, 0x0820, 0x0820, 0x0841, 0x0841, 0x0841, 0x0841, 0x0841, 0x0841, 
  0x0841, 0x0841, 0x0861, 0x1061, 0x1061, 0x1061, 0x1061, 0x1061, 0x1061, 0x1062, 0x1061, 0x1082, 
  0x1082, 0x1082, 0x1082, 0x1062, 0x0020, 0x0000, 0x0020, 0x0020, 0x0020, 0x0020, 0x0020, 0x0020, 
  0x0020, 0x0020, 0x0020, 0x0020, 0x0020, 0x0020, 0x0020, 0x0020, 0x0020, 0x0020, 0x0020, 0x0020, 
  0x0020, 0x0020, 0x0020, 0x0020, 0x1082, 0x18e3, 0x18e3, 0x18e3, 0x18e3, 0x18e3, 0x18e3, 0x18e3, 
  0x18e3, 0x18e3, 0x18e3, 0x18e3, 0x18e3, 0x18e3, 0x18e3, 0x18e3, 0x18e3, 0x18e3, 0x18e3, 0x18c3, 
  0x18c3, 0x18c3, 0x18c3, 0x18c3, 0x18c3, 0x18c3, 0x18c3, 0x18c3, 0x18c3, 0x18c3, 0x18c3, 0x18c3, 
  0x18c3, 0x18c3, 0x10a2, 0x10a2, 0x10a2, 0x10a2, 0x10a2, 0x10a2, 0x4208, 0x31a6, 0x3186, 0x2965, 
  0x2965, 0x2965, 0x2965, 0x2945, 0x2945, 0x2945, 0x2924, 0x2924, 0x2924, 0x2124, 0x2124, 0x2124, 
  0x2124, 0x2104, 0x2104, 0x2104, 0x2104, 0x2104, 0x20e3, 0x20e3, 0x18e3, 0x18e3, 0x18c3, 0x18c3, 
  0x18c3, 0x18c3, 0x18a3, 0x18a3, 0x18a2, 0x10a2, 0x10a2, 0x1082, 0x1082, 0x1082, 0x1082, 0x1082, 
  0x1082, 0x1082, 0x1082, 0x1082, 0x1082, 0x1062, 0x1061, 0x1061, 0x1061, 0x0861, 0x0861, 0x0841, 
  0x0841, 0x0841, 0x0841, 0x0841, 0x0841, 0x0841, 0x0841, 0x0841, 0x0841, 0x0841, 0x0841, 0x0841, 
  0x0841, 0x0841, 0x0821, 0x0821, 0x0822, 0x1022, 0x1023, 0x1824, 0x1825, 0x404c, 0x8938, 0x91b8, 
  0x69d0, 0x520c, 0x520b, 0x51eb, 0x49ea, 0x41c9, 0x41c8, 0x39c7, 0x39c7, 0x39c7, 0x31a6, 0x31a6, 
  0x31a6, 0x3186, 0x3186, 0x3186, 0x3186, 0x3186, 0x2965, 0x2965, 0x18e3, 0x18e3, 0x18c3, 0x1082, 
  0x1082, 0x1082, 0x1082, 0x1082, 0x1082, 0x1082, 0x1062, 0x1082, 0x1082, 0x1082, 0x1843, 0x2867, 
  0x1022, 0x0841, 0x0841, 0x0861, 0x0861, 0x0861, 0x0861, 0x0861, 0x0861, 0x0861, 0x0861, 0x0861, 
  0x0861, 0x0861, 0x0861, 0x0861, 0x0861, 0x0861, 0x0861, 0x0861, 0x1082, 0x1082, 0x1082, 0x1082, 
  0x1082, 0x1082, 0x1082, 0x1082, 0x1082, 0x1082, 0x1082, 0x10a2, 0x10a2, 0x10a2, 0x10a2, 0x10a2, 
  0x10a2, 0x10a2, 0x10a2, 0x10a2, 0x1082, 0x0841, 0x0841, 0x0841, 0x0841, 0x0841, 0x0841, 0x0841, 
  0x0841, 0x0841, 0x0841, 0x0841, 0x0841, 0x0020, 0x0020, 0x0020, 0x0020, 0x0020, 0x0020, 0x0020, 
  0x0020, 0x0020, 0x0020, 0x0020, 0x0020, 0x0020, 0x0020, 0x0020, 0x0020, 0x0020, 0x0020, 0x0020, 
  0x0020, 0x0020, 0x0020, 0x0020, 0x0020, 0x0000, 0x0000, 0x0000, 0x0000, 0x0000, 0x0000, 0x0000, 
  0x0000, 0x0000, 0x0000, 0x0000, 0x0000, 0x0000, 0x0000, 0x0000, 0x0000, 0x0000, 0x0000, 0x0000, 
  0x0000, 0x0000, 0x0000, 0x0000, 0x0000, 0x0000, 0x0000, 0x0000, 0x0000, 0x0000, 0x0000, 0x0000, 
  0x0000, 0x0020, 0x0020, 0x0020, 0x0000, 0x0000, 0x0020, 0x0020, 0x0020, 0x0020, 0x0020, 0x0820, 
  0x0820, 0x0820, 0x0841, 0x0841, 0x0841, 0x0841, 0x0841, 0x0841, 0x0861, 0x0861, 0x0861, 0x1061, 
  0x1061, 0x1061, 0x1061, 0x1061, 0x1062, 0x1062, 0x1082, 0x1082, 0x1082, 0x1082, 0x1082, 0x1082, 
  0x0841, 0x0020, 0x0020, 0x0020, 0x0020, 0x0020, 0x0020, 0x0020, 0x0020, 0x0020, 0x0020, 0x0020, 
  0x0020, 0x0020, 0x0020, 0x0020, 0x0020, 0x0020, 0x0020, 0x0020, 0x0020, 0x0020, 0x0020, 0x0020, 
  0x0020, 0x10a2, 0x18e3, 0x18e3, 0x18e3, 0x18e3, 0x18e3, 0x18e3, 0x18e3, 0x18e3, 0x18e3, 0x18e3, 
  0x18e3, 0x18e3, 0x18e3, 0x18e3, 0x18e3, 0x18e3, 0x18e3, 0x18c3, 0x18c3, 0x18c3, 0x18c3, 0x18c3, 
  0x18c3, 0x18c3, 0x18c3, 0x18c3, 0x18c3, 0x18c3, 0x18c3, 0x18c3, 0x18c3, 0x18c3, 0x10a2, 0x10a2, 
  0x10a2, 0x10a2, 0x10a2, 0x10a2, 0x18e3, 0x528a, 0x2965, 0x2965, 0x2965, 0x2965, 0x2965, 0x2945, 
  0x2945, 0x2945, 0x2924, 0x2924, 0x2124, 0x2124, 0x2124, 0x2124, 0x2104, 0x2104, 0x2104, 0x2104, 
  0x2104, 0x20e4, 0x20e3, 0x18e3, 0x18e3, 0x18e3, 0x18c3, 0x18c3, 0x18c3, 0x18a3, 0x18a3, 0x18a2, 
  0x10a2, 0x10a2, 0x1082, 0x1082, 0x1082, 0x1082, 0x1082, 0x1082, 0x1082, 0x1082, 0x1082, 0x1082, 
  0x1062, 0x1061, 0x1061, 0x1061, 0x1061, 0x0861, 0x0861, 0x0861, 0x0841, 0x0841, 0x0841, 0x0841, 
  0x0841, 0x0841, 0x0841, 0x0841, 0x0841, 0x0841, 0x0841, 0x0841, 0x0841, 0x0821, 0x0841, 0x0822, 
  0x1022, 0x1023, 0x1023, 0x2006, 0x6090, 0x9139, 0x79b5, 0x59ee, 0x520c, 0x49eb, 0x49ea, 0x41e9, 
  0x41e8, 0x39c8, 0x39c7, 0x39c7, 0x39c7, 0x31a6, 0x31a6, 0x31a6, 0x31a6, 0x3186, 0x3186, 0x3186, 
  0x3186, 0x2965, 0x2965, 0x2965, 0x18e3, 0x18e3, 0x1082, 0x1082, 0x1082, 0x1082, 0x1082, 0x1082, 
  0x1082, 0x1082, 0x1082, 0x1082, 0x1082, 0x1082, 0x1062, 0x2065, 0x2046, 0x0842, 0x0841, 0x0861, 
  0x0861, 0x0841, 0x0841, 0x0861, 0x0861, 0x0861, 0x0861, 0x0861, 0x0861, 0x0861, 0x0861, 0x0861, 
  0x0861, 0x0861, 0x1061, 0x1082, 0x1082, 0x1082, 0x1082, 0x1082, 0x1082, 0x1082, 0x1082, 0x1082, 
  0x1082, 0x1082, 0x1082, 0x10a2, 0x10a2, 0x10a2, 0x10a2, 0x10a2, 0x10a2, 0x10a2, 0x10a2, 0x18c3, 
  0x1082, 0x0841, 0x0841, 0x0841, 0x0841, 0x0841, 0x0841, 0x0841, 0x0841, 0x0841, 0x0841, 0x0020, 
  0x0020, 0x0020, 0x0020, 0x0020, 0x0020, 0x0020, 0x0020, 0x0020, 0x0020, 0x0020, 0x0020, 0x0020, 
  0x0020, 0x0020, 0x0020, 0x0020, 0x0020, 0x0020, 0x0020, 0x0020, 0x0020, 0x0020, 0x0020, 0x0020, 
  0x0000, 0x0000, 0x0000, 0x0000, 0x0000, 0x0000, 0x0000, 0x0000, 0x0000, 0x0000, 0x0000, 0x0000, 
  0x0000, 0x0000, 0x0000, 0x0000, 0x0000, 0x0000, 0x0000, 0x0000, 0x0000, 0x0000, 0x0000, 0x0000, 
  0x0000, 0x0000, 0x0000, 0x0000, 0x0000, 0x0000, 0x0000, 0x0000, 0x0020, 0x0020, 0x0020, 0x0020, 
  0x0000, 0x0020, 0x0020, 0x0020, 0x0020, 0x0020, 0x0820, 0x0820, 0x0820, 0x0841, 0x0841, 0x0841, 
  0x0841, 0x0841, 0x0841, 0x0841, 0x0861, 0x1061, 0x1061, 0x1061, 0x1061, 0x1061, 0x1061, 0x1062, 
  0x1062, 0x1082, 0x1082, 0x1082, 0x1082, 0x1082, 0x1082, 0x1082, 0x1061, 0x0020, 0x0020, 0x0020, 
  0x0020, 0x0020, 0x0020, 0x0020, 0x0020, 0x0020, 0x0020, 0x0020, 0x0020, 0x0020, 0x0020, 0x0020, 
  0x0020, 0x0020, 0x0020, 0x0020, 0x0020, 0x0020, 0x0020, 0x0020, 0x0020, 0x0020, 0x10a2, 0x18e3, 
  0x18e3, 0x18e3, 0x18e3, 0x18e3, 0x18e3, 0x18e3, 0x18e3, 0x18e3, 0x18e3, 0x18e3, 0x18e3, 0x18e3, 
  0x18e3, 0x18e3, 0x18c3, 0x18c3, 0x18c3, 0x18c3, 0x18c3, 0x18c3, 0x18c3, 0x18c3, 0x18c3, 0x18c3, 
  0x18c3, 0x18c3, 0x18c3, 0x18c3, 0x18c3, 0x18c3, 0x10a2, 0x10a2, 0x10a2, 0x10a2, 0x10a2, 0x10a2, 
  0x10a2, 0x5acb, 0x2965, 0x2965, 0x2965, 0x2965, 0x2945, 0x2945, 0x2945, 0x2924, 0x2924, 0x2124, 
  0x2124, 0x2124, 0x2124, 0x2104, 0x2104, 0x2104, 0x2104, 0x2104, 0x20e4, 0x20e4, 0x20e3, 0x18e3, 
  0x18e3, 0x18c3, 0x18c3, 0x18c3, 0x18c3, 0x18a3, 0x18a2, 0x18a2, 0x10a2, 0x1082, 0x1082, 0x1082, 
  0x1082, 0x1082, 0x1082, 0x1082, 0x1082, 0x1082, 0x1082, 0x1062, 0x1062, 0x1061, 0x1061, 0x1061, 
  0x1061, 0x1061, 0x0861, 0x0861, 0x0841, 0x0841, 0x0841, 0x0841, 0x0841, 0x0841, 0x0841, 0x0841, 
  0x0841, 0x0841, 0x0841, 0x0841, 0x0821, 0x0821, 0x0822, 0x0822, 0x1022, 0x1024, 0x3028, 0x78b5, 
  0x8939, 0x69b1, 0x59ec, 0x520b, 0x4a0a, 0x49ea, 0x41e9, 0x41e8, 0x39c8, 0x39c7, 0x39c7, 0x39c7, 
  0x31a6, 0x31a6, 0x31a6, 0x31a6, 0x3186, 0x3186, 0x3186, 0x3186, 0x3186, 0x2965, 0x2965, 0x2965, 
  0x18e3, 0x1082, 0x1082, 0x1082, 0x1082, 0x1082, 0x1082, 0x1082, 0x1082, 0x1082, 0x1082, 0x1082, 
  0x1082, 0x1062, 0x1062, 0x1062, 0x2867, 0x2025, 0x1042, 0x0861, 0x0842, 0x0841, 0x0841, 0x0861, 
  0x0861, 0x0861, 0x0861, 0x0861, 0x0841, 0x0841, 0x1041, 0x1041, 0x0861, 0x0861, 0x1061, 0x1082, 
  0x1082, 0x1082, 0x1082, 0x1082, 0x1082, 0x1082, 0x1082, 0x1082, 0x1082, 0x1082, 0x1082, 0x10a2, 
  0x10a2, 0x10a2, 0x10a2, 0x10a2, 0x10a2, 0x10a2, 0x18c3, 0x18c3, 0x0861, 0x0841, 0x0841, 0x0841, 
  0x0841, 0x0841, 0x0841, 0x0841, 0x0841, 0x0841, 0x0841, 0x0020, 0x0020, 0x0020, 0x0020, 0x0020, 
  0x0020, 0x0020, 0x0020, 0x0020, 0x0020, 0x0020, 0x0020, 0x0020, 0x0020, 0x0020, 0x0020, 0x0020, 
  0x0020, 0x0020, 0x0020, 0x0020, 0x0020, 0x0020, 0x0020, 0x0000, 0x0000, 0x0000, 0x0000, 0x0000, 
  0x0000, 0x0000, 0x0000, 0x0000, 0x0000, 0x0000, 0x0000, 0x0000, 0x0000, 0x0000, 0x0000, 0x0000, 
  0x0000, 0x0000, 0x0000, 0x0000, 0x0000, 0x0000, 0x0000, 0x0000, 0x0000, 0x0000, 0x0000, 0x0000, 
  0x0000, 0x0000, 0x0000, 0x0000, 0x0000, 0x0000, 0x0000, 0x0000, 0x0020, 0x0020, 0x0020, 0x0020, 
  0x0020, 0x0820, 0x0820, 0x0821, 0x0841, 0x0841, 0x0841, 0x0841, 0x0841, 0x0841, 0x0841, 0x0861, 
  0x0861, 0x1061, 0x1061, 0x1061, 0x1061, 0x1061, 0x1062, 0x1062, 0x1062, 0x1082, 0x1082, 0x1082, 
  0x1082, 0x1082, 0x1082, 0x1082, 0x1082, 0x0841, 0x0000, 0x0020, 0x0020, 0x0020, 0x0020, 0x0020, 
  0x0020, 0x0020, 0x0020, 0x0020, 0x0020, 0x0020, 0x0020, 0x0020, 0x0020, 0x0020, 0x0020, 0x0020, 
  0x0020, 0x0020, 0x0020, 0x0020, 0x0020, 0x0020, 0x0020, 0x10a2, 0x18c3, 0x18e3, 0x18e3, 0x18e3, 
  0x18e3, 0x18e3, 0x18e3, 0x18e3, 0x18e3, 0x18e3, 0x18e3, 0x18e3, 0x18e3, 0x18e3, 0x18c3, 0x18c3, 
  0x18c3, 0x18c3, 0x18c3, 0x18c3, 0x18c3, 0x18c3, 0x18c3, 0x18c3, 0x18c3, 0x18c3, 0x18c3, 0x18c3, 
  0x18c3, 0x10a2, 0x10a2, 0x10a2, 0x10a2, 0x10a2, 0x10a2, 0x10a2, 0x10a2, 0x4a69, 0x2965, 0x2965, 
  0x2965, 0x2965, 0x2945, 0x2945, 0x2945, 0x2924, 0x2924, 0x2124, 0x2124, 0x2124, 0x2124, 0x2104, 
  0x2104, 0x2104, 0x2104, 0x20e4, 0x20e4, 0x20e4, 0x20e3, 0x20e3, 0x18c3, 0x18c3, 0x18c3, 0x18c3, 
  0x18a3, 0x18a3, 0x18a2, 0x10a2, 0x1082, 0x1082, 0x1082, 0x1082, 0x1082, 0x1082, 0x1082, 0x1082, 
  0x1082, 0x1082, 0x1082, 0x1062, 0x1061, 0x1061, 0x1061, 0x1061, 0x1061, 0x0861, 0x0861, 0x0861, 
  0x0841, 0x0841, 0x0841, 0x0841, 0x0841, 0x0841, 0x0841, 0x0841, 0x0841, 0x0841, 0x0841, 0x0821, 
  0x0821, 0x0821, 0x1022, 0x0823, 0x1004, 0x484d, 0x80b8, 0x7936, 0x61ee, 0x520b, 0x4a0b, 0x4a0a, 
  0x49e9, 0x41e9, 0x41e8, 0x39e8, 0x39c7, 0x39c7, 0x39c7, 0x39c7, 0x31a6, 0x31a6, 0x31a6, 0x3186, 
  0x3186, 0x3186, 0x3186, 0x3186, 0x3186, 0x2965, 0x2965, 0x2945, 0x10a2, 0x1082, 0x1082, 0x1082, 
  0x1082, 0x1082, 0x1082, 0x1082, 0x1082, 0x1082, 0x1082, 0x1082, 0x1082, 0x1062, 0x1082, 0x1063, 
  0x1843, 0x3069, 0x1824, 0x1062, 0x1042, 0x1062, 0x1042, 0x0861, 0x0861, 0x0861, 0x0861, 0x0861, 
  0x0861, 0x0861, 0x0861, 0x0861, 0x0861, 0x1061, 0x1061, 0x1082, 0x1082, 0x1082, 0x1082, 0x1082, 
  0x1082, 0x1082, 0x1082, 0x1082, 0x1082, 0x1082, 0x1082, 0x10a2, 0x10a2, 0x10a2, 0x10a2, 0x10a2, 
  0x10a2, 0x10a2, 0x18c3, 0x18c3, 0x0841, 0x0841, 0x0841, 0x0841, 0x0841, 0x0841, 0x0841, 0x0841, 
  0x0841, 0x0841, 0x0020, 0x0020, 0x0020, 0x0020, 0x0020, 0x0020, 0x0020, 0x0020, 0x0020, 0x0020, 
  0x0020, 0x0020, 0x0020, 0x0020, 0x0020, 0x0020, 0x0020, 0x0020, 0x0020, 0x0020, 0x0020, 0x0020, 
  0x0020, 0x0020, 0x0000, 0x0000, 0x0000, 0x0000, 0x0000, 0x0000, 0x0000, 0x0000, 0x0000, 0x0000, 
  0x0000, 0x0000, 0x0000, 0x0000, 0x0000, 0x0000, 0x0000, 0x0000, 0x0000, 0x0000, 0x0000, 0x0000, 
  0x0000, 0x0000, 0x0000, 0x0000, 0x0000, 0x0000, 0x0000, 0x0000, 0x0000, 0x0000, 0x0000, 0x0020, 
  0x0000, 0x0000, 0x0000, 0x0020, 0x0020, 0x0020, 0x0020, 0x0820, 0x0820, 0x0820, 0x0820, 0x0841, 
  0x0841, 0x0841, 0x0841, 0x0841, 0x0841, 0x0841, 0x0841, 0x1061, 0x1061, 0x1061, 0x1061, 0x1061, 
  0x1061, 0x1062, 0x1062, 0x1082, 0x1082, 0x1082, 0x1082, 0x1082, 0x1082, 0x1082, 0x1082, 0x1082, 
  0x1082, 0x1082, 0x0821, 0x0020, 0x0020, 0x0020, 0x0020, 0x0020, 0x0020, 0x0020, 0x0020, 0x0020, 
  0x0020, 0x0020, 0x0020, 0x0020, 0x0020, 0x0020, 0x0020, 0x0020, 0x0020, 0x0020, 0x0020, 0x0020, 
  0x0020, 0x0000, 0x0020, 0x0020, 0x10a2, 0x18e3, 0x18e3, 0x18e3, 0x18e3, 0x18e3, 0x18e3, 0x18e3, 
  0x18e3, 0x18e3, 0x18e3, 0x18e3, 0x18e3, 0x18c3, 0x18c3, 0x18c3, 0x18c3, 0x18c3, 0x18c3, 0x18c3, 
  0x18c3, 0x18c3, 0x18c3, 0x18c3, 0x18c3, 0x18c3, 0x18c3, 0x18c3, 0x10a2, 0x10a2, 0x10a2, 0x10a2, 
  0x10a2, 0x10a2, 0x10a2, 0x10a2, 0x10a2, 0x4228, 0x2965, 0x2965, 0x2965, 0x2945, 0x2945, 0x2945, 
  0x2924, 0x2924, 0x2124, 0x2124, 0x2124, 0x2124, 0x2104, 0x2104, 0x2104, 0x2104, 0x2104, 0x20e4, 
  0x20e4, 0x20e4, 0x20e3, 0x18e3, 0x18c3, 0x18c3, 0x18c3, 0x18c3, 0x18a3, 0x18a2, 0x10a2, 0x10a2, 
  0x1082, 0x1082, 0x1082, 0x1082, 0x1082, 0x1082, 0x1082, 0x1082, 0x1082, 0x1082, 0x1062, 0x1061, 
  0x1061, 0x1061, 0x1061, 0x1061, 0x1061, 0x0861, 0x0861, 0x0861, 0x0841, 0x0841, 0x0841, 0x0841, 
  0x0841, 0x0841, 0x0841, 0x0841, 0x0841, 0x0841, 0x0841, 0x0821, 0x0822, 0x0822, 0x0842, 0x2026, 
  0x6071, 0x88b9, 0x7173, 0x520b, 0x520b, 0x4a0a, 0x4a09, 0x4209, 0x4208, 0x41e8, 0x39e7, 0x39e7, 
  0x39c7, 0x39c7, 0x39c7, 0x31a6, 0x31a6, 0x31a6, 0x31a6, 0x3186, 0x3186, 0x3186, 0x3186, 0x3186, 
  0x2965, 0x2965, 0x2965, 0x2945, 0x1082, 0x1082, 0x1082, 0x1082, 0x1082, 0x1082, 0x1082, 0x1082, 
  0x1082, 0x1082, 0x1082, 0x1082, 0x1082, 0x1082, 0x1062, 0x1062, 0x1062, 0x2046, 0x3869, 0x1043, 
  0x1062, 0x1042, 0x1042, 0x0861, 0x0861, 0x0861, 0x0861, 0x1041, 0x0861, 0x0861, 0x0861, 0x0861, 
  0x1082, 0x1082, 0x1082, 0x1082, 0x1082, 0x1082, 0x1082, 0x1082, 0x1082, 0x1082, 0x1082, 0x1082, 
  0x1082, 0x1082, 0x10a2, 0x10a2, 0x10a2, 0x10a2, 0x10a2, 0x10a2, 0x10a2, 0x18c3, 0x18c3, 0x10a2, 
  0x0841, 0x0841, 0x0841, 0x0841, 0x0841, 0x0841, 0x0841, 0x0841, 0x0841, 0x0020, 0x0020, 0x0020, 
  0x0020, 0x0020, 0x0020, 0x0020, 0x0020, 0x0020, 0x0020, 0x0020, 0x0020, 0x0020, 0x0020, 0x0020, 
  0x0020, 0x0020, 0x0020, 0x0020, 0x0020, 0x0020, 0x0020, 0x0020, 0x0020, 0x0000, 0x0000, 0x0000, 
  0x0000, 0x0000, 0x0000, 0x0000, 0x0000, 0x0000, 0x0000, 0x0000, 0x0000, 0x0000, 0x0000, 0x0000, 
  0x0000, 0x0000, 0x0000, 0x0000, 0x0000, 0x0000, 0x0000, 0x0000, 0x0000, 0x0000, 0x0000, 0x0000, 
  0x0000, 0x0000, 0x0000, 0x0000, 0x0000, 0x0000, 0x0000, 0x0000, 0x0000, 0x0000, 0x0020, 0x0020, 
  0x0020, 0x0020, 0x0020, 0x0820, 0x0820, 0x0820, 0x0841, 0x0841, 0x0841, 0x0841, 0x0841, 0x0841, 
  0x0841, 0x0841, 0x0861, 0x1061, 0x1061, 0x1061, 0x1061, 0x1061, 0x1062, 0x1062, 0x1082, 0x1082, 
  0x1082, 0x1082, 0x1082, 0x1082, 0x1082, 0x1082, 0x1082, 0x1082, 0x1082, 0x1082, 0x0861, 0x0020, 
  0x0020, 0x0020, 0x0020, 0x0020, 0x0020, 0x0020, 0x0020, 0x0020, 0x0020, 0x0020, 0x0020, 0x0020, 
  0x0020, 0x0020, 0x0020, 0x0020, 0x0020, 0x0020, 0x0020, 0x0020, 0x0020, 0x0000, 0x0020, 0x0020, 
  0x0020, 0x10a2, 0x18e3, 0x18e3, 0x18e3, 0x18e3, 0x18e3, 0x18e3, 0x18e3, 0x18e3, 0x18e3, 0x18e3, 
  0x18c3, 0x18c3, 0x18c3, 0x18c3, 0x18c3, 0x18c3, 0x18c3, 0x18c3, 0x18c3, 0x18c3, 0x18c3, 0x18c3, 
  0x18c3, 0x18c3, 0x18c3, 0x10a2, 0x10a2, 0x10a2, 0x10a2, 0x10a2, 0x10a2, 0x10a2, 0x10a2, 0x1082, 
  0x1082, 0x2945, 0x31a6, 0x2965, 0x2945, 0x2945, 0x2945, 0x2945, 0x2924, 0x2924, 0x2124, 0x2124, 
  0x2124, 0x2104, 0x2104, 0x2104, 0x2104, 0x2104, 0x2104, 0x20e4, 0x20e4, 0x20e3, 0x18e3, 0x18c3, 
  0x18c3, 0x18c3, 0x18c3, 0x18a3, 0x18a3, 0x18a2, 0x10a2, 0x1082, 0x1082, 0x1082, 0x1082, 0x1082, 
  0x1082, 0x1082, 0x1082, 0x1082, 0x1082, 0x1062, 0x1061, 0x1061, 0x1061, 0x1061, 0x1061, 0x1061, 
  0x0861, 0x0861, 0x0861, 0x0841, 0x0841, 0x0841, 0x0841, 0x0841, 0x0841, 0x0841, 0x0841, 0x0841, 
  0x0821, 0x0841, 0x0841, 0x0822, 0x1022, 0x1022, 0x382a, 0x7877, 0x80b7, 0x61cf, 0x4a0b, 0x522a, 
  0x4a29, 0x4a09, 0x4209, 0x4208, 0x4208, 0x39e7, 0x39e7, 0x39c7, 0x39c7, 0x39c7, 0x39c7, 0x31a6, 
  0x31a6, 0x31a6, 0x3186, 0x3186, 0x3186, 0x3186, 0x3186, 0x2965, 0x2965, 0x2965, 0x2945, 0x2945, 
  0x1082, 0x1082, 0x1082, 0x1082, 0x1082, 0x1082, 0x1082, 0x1082, 0x1082, 0x1082, 0x1082, 0x1082, 
  0x1082, 0x1082, 0x1082, 0x1062, 0x1063, 0x1864, 0x3048, 0x3049, 0x1844, 0x1063, 0x1063, 0x1062, 
  0x1062, 0x0861, 0x0861, 0x0861, 0x0861, 0x0861, 0x0861, 0x1082, 0x1082, 0x1082, 0x1082, 0x1082, 
  0x1082, 0x1082, 0x1082, 0x1082, 0x1082, 0x1082, 0x1082, 0x1082, 0x1082, 0x1082, 0x10a2, 0x10a2, 
  0x10a2, 0x10a2, 0x10a2, 0x10a2, 0x10a2, 0x18c3, 0x18c3, 0x10a2, 0x0841, 0x0841, 0x0841, 0x0841, 
  0x0841, 0x0841, 0x0020, 0x0020, 0x0020, 0x0020, 0x0020, 0x0020, 0x0020, 0x0020, 0x0020, 0x0020, 
  0x0020, 0x0020, 0x0020, 0x0020, 0x0020, 0x0020, 0x0020, 0x0020, 0x0020, 0x0020, 0x0020, 0x0020, 
  0x0020, 0x0020, 0x0020, 0x0020, 0x0000, 0x0000, 0x0000, 0x0000, 0x0000, 0x0000, 0x0000, 0x0000, 
  0x0000, 0x0000, 0x0000, 0x0000, 0x0000, 0x0000, 0x0000, 0x0000, 0x0000, 0x0000, 0x0000, 0x0000, 
  0x0000, 0x0000, 0x0000, 0x0000, 0x0000, 0x0000, 0x0000, 0x0000, 0x0000, 0x0000, 0x0000, 0x0000, 
  0x0020, 0x0020, 0x0000, 0x0000, 0x0000, 0x0020, 0x0020, 0x0020, 0x0020, 0x0020, 0x0820, 0x0820, 
  0x0820, 0x0820, 0x0841, 0x0841, 0x0841, 0x0841, 0x0841, 0x0841, 0x0861, 0x0861, 0x0861, 0x1061, 
  0x1061, 0x1061, 0x1061, 0x1062, 0x1062, 0x1062, 0x1082, 0x1082, 0x1082, 0x1082, 0x1082, 0x1082, 
  0x1082, 0x1082, 0x1082, 0x1082, 0x1082, 0x1082, 0x1082, 0x0841, 0x0020, 0x0020, 0x0020, 0x0020, 
  0x0020, 0x0020, 0x0020, 0x0020, 0x0020, 0x0020, 0x0020, 0x0020, 0x0020, 0x0020, 0x0020, 0x0020, 
  0x0020, 0x0020, 0x0020, 0x0020, 0x0020, 0x0020, 0x0020, 0x0020, 0x0000, 0x0820, 0x10a2, 0x18e3, 
  0x18e3, 0x18e3, 0x18e3, 0x18e3, 0x18e3, 0x18e3, 0x18e3, 0x18c3, 0x18c3, 0x18c3, 0x18c3, 0x18c3, 
  0x18c3, 0x18c3, 0x18c3, 0x18c3, 0x18c3, 0x18c3, 0x18c3, 0x18c3, 0x18c3, 0x18c3, 0x18c3, 0x10a2, 
  0x10a2, 0x10a2, 0x10a2, 0x10a2, 0x10a2, 0x10a2, 0x10a2, 0x1082, 0x1082, 0x2124, 0x4228, 0x2945, 
  0x2945, 0x2945, 0x2945, 0x2945, 0x2924, 0x2124, 0x2124, 0x2124, 0x2104, 0x2104, 0x2104, 0x2104, 
  0x2104, 0x2104, 0x20e4, 0x20e4, 0x20e3, 0x18e3, 0x18c3, 0x18c3, 0x18c3, 0x18c3, 0x18c3, 0x18a2, 
  0x18a2, 0x10a2, 0x10a2, 0x10a2, 0x1082, 0x1082, 0x1082, 0x1082, 0x1082, 0x1082, 0x1082, 0x1082, 
  0x1082, 0x1062, 0x1061, 0x1061, 0x1061, 0x1061, 0x1061, 0x1061, 0x0861, 0x0841, 0x0861, 0x0841, 
  0x0841, 0x0841, 0x0841, 0x0841, 0x0841, 0x0841, 0x0841, 0x0841, 0x0841, 0x0841, 0x0821, 0x1021, 
  0x1805, 0x502e, 0x8078, 0x7114, 0x5a0c, 0x522a, 0x4a2a, 0x4a29, 0x4a09, 0x4208, 0x4208, 0x41e7, 
  0x39e7, 0x39e7, 0x39c7, 0x39c7, 0x39c7, 0x39c7, 0x31a6, 0x31a6, 0x31a6, 0x3186, 0x3186, 0x3186, 
  0x3186, 0x3186, 0x3186, 0x2965, 0x2965, 0x2965, 0x2945, 0x2124, 0x1082, 0x1082, 0x1082, 0x1082, 
  0x1082, 0x1082, 0x1082, 0x1082, 0x1082, 0x1082, 0x1082, 0x1082, 0x1082, 0x1082, 0x1082, 0x1062, 
  0x1063, 0x1063, 0x2064, 0x402c, 0x2846, 0x1844, 0x1044, 0x1063, 0x1062, 0x1062, 0x1061, 0x0861, 
  0x0861, 0x0861, 0x0861, 0x1082, 0x1082, 0x1082, 0x1082, 0x1082, 0x1082, 0x1082, 0x1082, 0x1082, 
  0x1082, 0x1082, 0x1082, 0x1082, 0x1082, 0x1082, 0x10a2, 0x10a2, 0x10a2, 0x10a2, 0x10a2, 0x10a2, 
  0x18c3, 0x18c3, 0x18c3, 0x1082, 0x0841, 0x0841, 0x0841, 0x0841, 0x0841, 0x0841, 0x0020, 0x0020, 
  0x0020, 0x0020, 0x0020, 0x0020, 0x0020, 0x0020, 0x0020, 0x0020, 0x0020, 0x0020, 0x0020, 0x0020, 
  0x0020, 0x0020, 0x0020, 0x0020, 0x0020, 0x0020, 0x0020, 0x0020, 0x0020, 0x0020, 0x0020, 0x0020, 
  0x0000, 0x0000, 0x0000, 0x0000, 0x0000, 0x0000, 0x0000, 0x0000, 0x0000, 0x0000, 0x0000, 0x0000, 
  0x0000, 0x0000, 0x0000, 0x0000, 0x0000, 0x0000, 0x0000, 0x0000, 0x0000, 0x0000, 0x0000, 0x0000, 
  0x0000, 0x0000, 0x0000, 0x0000, 0x0000, 0x0000, 0x0000, 0x0000, 0x0020, 0x0020, 0x0020, 0x0000, 
  0x0020, 0x0020, 0x0020, 0x0020, 0x0020, 0x0820, 0x0820, 0x0820, 0x0820, 0x0841, 0x0841, 0x0841, 
  0x0841, 0x0841, 0x0841, 0x0861, 0x0861, 0x1061, 0x1061, 0x1061, 0x1061, 0x1061, 0x1062, 0x1062, 
  0x1062, 0x1082, 0x1082, 0x1082, 0x1082, 0x1082, 0x1082, 0x1082, 0x1082, 0x1082, 0x1082, 0x1082, 
  0x1082, 0x1082, 0x1082, 0x1062, 0x0020, 0x0000, 0x0020, 0x0020, 0x0020, 0x0020, 0x0020, 0x0020, 
  0x0020, 0x0020, 0x0020, 0x0020, 0x0020, 0x0020, 0x0020, 0x0020, 0x0020, 0x0020, 0x0020, 0x0020, 
  0x0020, 0x0020, 0x0020, 0x0020, 0x0020, 0x0020, 0x0820, 0x18c3, 0x18e3, 0x18e3, 0x18e3, 0x18e3, 
  0x18e3, 0x18e3, 0x18e3, 0x18c3, 0x18c3, 0x18c3, 0x18c3, 0x18c3, 0x18c3, 0x18c3, 0x18c3, 0x18c3, 
  0x18c3, 0x18c3, 0x18c3, 0x18c3, 0x18c3, 0x18c3, 0x10a2, 0x10a2, 0x10a2, 0x10a2, 0x10a2, 0x10a2, 
  0x10a2, 0x10a2, 0x1082, 0x1082, 0x1082, 0x10a2, 0x4a69, 0x2945, 0x2945, 0x2945, 0x2924, 0x2924, 
  0x2124, 0x2124, 0x2124, 0x2124, 0x2104, 0x2104, 0x2104, 0x2104, 0x20e4, 0x20e4, 0x20e4, 0x20e3, 
  0x20e3, 0x18e3, 0x18c3, 0x18c3, 0x18c3, 0x18c3, 0x18a3, 0x18a2, 0x10a2, 0x10a2, 0x1082, 0x1082, 
  0x1082, 0x1082, 0x1082, 0x1082, 0x1082, 0x1082, 0x1082, 0x1062, 0x1062, 0x1061, 0x1061, 0x1061, 
  0x1061, 0x1061, 0x1061, 0x0861, 0x0861, 0x0861, 0x0841, 0x0841, 0x0841, 0x0841, 0x0841, 0x0841, 
  0x0841, 0x0841, 0x0841, 0x0841, 0x0841, 0x1041, 0x0822, 0x2026, 0x6833, 0x8058, 0x6171, 0x524b, 
  0x4a2a, 0x4a2a, 0x4a49, 0x4a09, 0x4208, 0x4208, 0x4208, 0x39e7, 0x39e7, 0x39e7, 0x39c7, 0x39c7, 
  0x39c7, 0x31a6, 0x31a6, 0x31a6, 0x31a6, 0x3186, 0x3186, 0x3186, 0x3186, 0x3186, 0x2965, 0x2965, 
  0x2965, 0x2945, 0x2124, 0x2104, 0x1082, 0x1082, 0x1082, 0x1082, 0x1082, 0x1082, 0x1082, 0x1082, 
  0x1082, 0x1082, 0x1082, 0x1082, 0x1082, 0x0881, 0x1082, 0x1062, 0x1062, 0x1864, 0x2064, 0x2047, 
  0x506d, 0x2847, 0x2045, 0x1864, 0x1863, 0x1062, 0x1062, 0x1062, 0x1082, 0x1062, 0x1082, 0x1082, 
  0x1082, 0x1082, 0x1082, 0x1082, 0x1082, 0x1082, 0x1082, 0x1082, 0x1082, 0x1082, 0x1082, 0x1082, 
  0x1082, 0x10a2, 0x10a2, 0x10a2, 0x10a2, 0x10a2, 0x10a2, 0x10a2, 0x18c3, 0x18c3, 0x18c3, 0x1082, 
  0x0841, 0x0020, 0x0020, 0x0020, 0x0020, 0x0020, 0x0020, 0x0020, 0x0020, 0x0020, 0x0020, 0x0020, 
  0x0020, 0x0020, 0x0020, 0x0020, 0x0020, 0x0020, 0x0020, 0x0020, 0x0020, 0x0020, 0x0000, 0x0020, 
  0x0020, 0x0020, 0x0020, 0x0020, 0x0020, 0x0020, 0x0000, 0x0000, 0x0000, 0x0000, 0x0000, 0x0000, 
  0x0000, 0x0000, 0x0000, 0x0000, 0x0000, 0x0000, 0x0000, 0x0000, 0x0000, 0x0000, 0x0000, 0x0000, 
  0x0000, 0x0000, 0x0000, 0x0000, 0x0000, 0x0000, 0x0000, 0x0000, 0x0000, 0x0000, 0x0000, 0x0000, 
  0x0000, 0x0000, 0x0020, 0x0020, 0x0020, 0x0020, 0x0020, 0x0020, 0x0020, 0x0020, 0x0020, 0x0020, 
  0x0820, 0x0820, 0x0820, 0x0841, 0x0841, 0x0841, 0x0841, 0x0841, 0x0841, 0x0841, 0x0861, 0x0861, 
  0x1061, 0x1061, 0x1061, 0x1061, 0x1061, 0x1062, 0x1062, 0x1082, 0x1082, 0x1082, 0x1082, 0x1082, 
  0x1082, 0x1082, 0x1082, 0x1082, 0x1082, 0x1082, 0x1082, 0x1082, 0x1082, 0x1082, 0x1082, 0x1082, 
  0x0841, 0x0020, 0x0020, 0x0020, 0x0020, 0x0020, 0x0020, 0x0020, 0x0020, 0x0020, 0x0020, 0x0020, 
  0x0020, 0x0020, 0x0020, 0x0020, 0x0020, 0x0020, 0x0020, 0x0020, 0x0020, 0x0020, 0x0020, 0x0020, 
  0x0000, 0x0000, 0x0020, 0x0820, 0x10a2, 0x18e3, 0x18e3, 0x18e3, 0x18e3, 0x18e3, 0x18c3, 0x18c3, 
  0x18c3, 0x18c3, 0x18c3, 0x18c3, 0x18c3, 0x18c3, 0x18c3, 0x18c3, 0x18c3, 0x18c3, 0x18c3, 0x18c3, 
  0x18c3, 0x10a2, 0x10a2, 0x10a2, 0x10a2, 0x10a2, 0x10a2, 0x10a2, 0x10a2, 0x1082, 0x1082, 0x1082, 
  0x1082, 0x1082, 0x4a49, 0x2945, 0x2945, 0x2924, 0x2924, 0x2124, 0x2124, 0x2124, 0x2124, 0x2104, 
  0x2104, 0x2104, 0x2104, 0x2104, 0x20e4, 0x20e4, 0x20e4, 0x20e3, 0x18e3, 0x18c3, 0x18c3, 0x18c3, 
  0x18c3, 0x18c3, 0x18a2, 0x18a2, 0x10a2, 0x10a2, 0x1082, 0x1082, 0x1082, 0x1082, 0x1082, 0x1082, 
  0x1082, 0x1082, 0x1082, 0x1062, 0x1061, 0x1061, 0x1061, 0x1061, 0x1061, 0x1061, 0x0861, 0x0861, 
  0x0861, 0x0841, 0x0841, 0x0841, 0x0841, 0x0841, 0x0841, 0x0841, 0x0841, 0x0841, 0x0821, 0x0821, 
  0x0821, 0x1023, 0x400b, 0x7837, 0x70b5, 0x59ed, 0x524a, 0x4a69, 0x4a2a, 0x4a29, 0x4a29, 0x4228, 
  0x4228, 0x4208, 0x4208, 0x39e7, 0x39e7, 0x39e7, 0x39c7, 0x39c7, 0x39c7, 0x31a6, 0x31a6, 0x31a6, 
  0x31a6, 0x3186, 0x3186, 0x3186, 0x3186, 0x2965, 0x2965, 0x2965, 0x2965, 0x2945, 0x2104, 0x2104, 
  0x1082, 0x1082, 0x1082, 0x1082, 0x1082, 0x1082, 0x1082, 0x1082, 0x1082, 0x1082, 0x1082, 0x1082, 
  0x1082, 0x1081, 0x1081, 0x1062, 0x1062, 0x1063, 0x1864, 0x2065, 0x382b, 0x486d, 0x2848, 0x2066, 
  0x2045, 0x1863, 0x1063, 0x1062, 0x1061, 0x0862, 0x1082, 0x1082, 0x1082, 0x1082, 0x1082, 0x1082, 
  0x1082, 0x1082, 0x1082, 0x1082, 0x1082, 0x1082, 0x1082, 0x1082, 0x1082, 0x10a2, 0x10a2, 0x10a2, 
  0x10a2, 0x10a2, 0x10a2, 0x18c3, 0x18c3, 0x18c3, 0x18c3, 0x0861, 0x0020, 0x0020, 0x0020, 0x0020, 
  0x0020, 0x0020, 0x0020, 0x0020, 0x0020, 0x0020, 0x0020, 0x0020, 0x0020, 0x0020, 0x0020, 0x0020, 
  0x0020, 0x0020, 0x0020, 0x0020, 0x0020, 0x0020, 0x0000, 0x0020, 0x0020, 0x0020, 0x0020, 0x0020, 
  0x0020, 0x0000, 0x0000, 0x0000, 0x0000, 0x0000, 0x0000, 0x0000, 0x0000, 0x0000, 0x0000, 0x0000, 
  0x0000, 0x0000, 0x0000, 0x0000, 0x0000, 0x0000, 0x0000, 0x0000, 0x0000, 0x0000, 0x0000, 0x0000, 
  0x0000, 0x0000, 0x0000, 0x0000, 0x0000, 0x0000, 0x0000, 0x0000, 0x0000, 0x0000, 0x0020, 0x0020, 
  0x0020, 0x0020, 0x0020, 0x0020, 0x0020, 0x0020, 0x0020, 0x0820, 0x0820, 0x0820, 0x0841, 0x0841, 
  0x0841, 0x0841, 0x0841, 0x0841, 0x0841, 0x0841, 0x0861, 0x1061, 0x1061, 0x1061, 0x1061, 0x1061, 
  0x1062, 0x1062, 0x1062, 0x1082, 0x1082, 0x1082, 0x1082, 0x1082, 0x1082, 0x1082, 0x1082, 0x1082, 
  0x1082, 0x1082, 0x1082, 0x1082, 0x1082, 0x1082, 0x1082, 0x1062, 0x1062, 0x0820, 0x0020, 0x0020, 
  0x0020, 0x0020, 0x0020, 0x0020, 0x0020, 0x0020, 0x0020, 0x0020, 0x0020, 0x0020, 0x0020, 0x0020, 
  0x0020, 0x0020, 0x0020, 0x0020, 0x0020, 0x0020, 0x0020, 0x0020, 0x0020, 0x0020, 0x0020, 0x0020, 
  0x0820, 0x18c3, 0x18e3, 0x18e3, 0x18e3, 0x18c3, 0x18c3, 0x18c3, 0x18c3, 0x18c3, 0x18c3, 0x18c3, 
  0x18c3, 0x18c3, 0x18c3, 0x18c3, 0x18c3, 0x18c3, 0x18c3, 0x18c3, 0x10a2, 0x10a2, 0x10a2, 0x10a2, 
  0x10a2, 0x10a2, 0x10a2, 0x10a2, 0x10a2, 0x1082, 0x1082, 0x1082, 0x1082, 0x1082, 0x3186, 0x2945, 
  0x2945, 0x2924, 0x2924, 0x2124, 0x2124, 0x2124, 0x2124, 0x2104, 0x2104, 0x2104, 0x2104, 0x2104, 
  0x20e4, 0x20e4, 0x20e3, 0x18e3, 0x18e3, 0x18c3, 0x18c3, 0x18c3, 0x18c3, 0x18a3, 0x18a2, 0x10a2, 
  0x10a2, 0x10a2, 0x1082, 0x1082, 0x1082, 0x1082, 0x1082, 0x1082, 0x1082, 0x1082, 0x1062, 0x1062, 
  0x1061, 0x1061, 0x1061, 0x1061, 0x1061, 0x1061, 0x0861, 0x0861, 0x0861, 0x0841, 0x0841, 0x0841, 
  0x0841, 0x0841, 0x0841, 0x0861, 0x0841, 0x0841, 0x0841, 0x0821, 0x2005, 0x5831, 0x7838, 0x7132, 
  0x522c, 0x4a6a, 0x4a49, 0x4a49, 0x4a49, 0x4228, 0x4228, 0x4228, 0x4208, 0x4208, 0x39e7, 0x39e7, 
  0x39e7, 0x39c7, 0x39c7, 0x39c7, 0x39c7, 0x31a6, 0x31a6, 0x31a6, 0x3186, 0x3186, 0x3186, 0x3186, 
  0x3186, 0x2965, 0x2965, 0x2965, 0x2945, 0x2124, 0x2104, 0x2104, 0x1082, 0x1082, 0x1082, 0x1082, 
  0x1082, 0x1082, 0x1082, 0x1082, 0x1082, 0x1082, 0x1082, 0x1082, 0x1082, 0x1082, 0x1082, 0x1062, 
  0x1062, 0x1063, 0x1844, 0x2065, 0x2848, 0x484e, 0x406c, 0x3049, 0x2867, 0x2065, 0x1864, 0x1062, 
  0x1062, 0x1082, 0x0881, 0x1082, 0x1082, 0x1082, 0x1082, 0x1082, 0x1082, 0x1082, 0x1082, 0x1082, 
  0x1082, 0x1082, 0x1082, 0x1082, 0x1082, 0x10a2, 0x10a2, 0x10a2, 0x10a2, 0x10a2, 0x10a2, 0x18c3, 
  0x18c3, 0x18c3, 0x18c3, 0x0841, 0x0020, 0x0020, 0x0020, 0x0020, 0x0020, 0x0020, 0x0020, 0x0020, 
  0x0020, 0x0020, 0x0020, 0x0020, 0x0020, 0x0020, 0x0020, 0x0020, 0x0020, 0x0020, 0x0020, 0x0020, 
  0x0000, 0x0000, 0x0000, 0x0020, 0x0020, 0x0020, 0x0020, 0x0020, 0x0000, 0x0000, 0x0000, 0x0000, 
  0x0000, 0x0000, 0x0000, 0x0000, 0x0000, 0x0000, 0x0000, 0x0000, 0x0000, 0x0000, 0x0000, 0x0000, 
  0x0000, 0x0000, 0x0000, 0x0000, 0x0000, 0x0000, 0x0000, 0x0000, 0x0000, 0x0000, 0x0000, 0x0000, 
  0x0000, 0x0000, 0x0000, 0x0000, 0x0000, 0x0000, 0x0000, 0x0000, 0x0000, 0x0020, 0x0020, 0x0020, 
  0x0020, 0x0820, 0x0820, 0x0821, 0x0820, 0x0820, 0x0841, 0x0841, 0x0841, 0x0841, 0x0841, 0x0841, 
  0x0861, 0x0861, 0x1061, 0x1061, 0x1061, 0x1061, 0x1061, 0x1062, 0x1062, 0x1062, 0x1082, 0x1082, 
  0x1082, 0x1082, 0x1082, 0x1082, 0x1082, 0x1082, 0x1082, 0x1082, 0x1082, 0x1082, 0x1082, 0x1082, 
  0x1082, 0x1082, 0x1082, 0x1082, 0x1082, 0x0861, 0x0020, 0x0020, 0x0020, 0x0020, 0x0020, 0x0020, 
  0x0020, 0x0020, 0x0020, 0x0020, 0x0020, 0x0020, 0x0020, 0x0020, 0x0020, 0x0020, 0x0020, 0x0020, 
  0x0020, 0x0020, 0x0020, 0x0020, 0x0020, 0x0020, 0x0020, 0x0020, 0x0020, 0x0820, 0x18c3, 0x18e3, 
  0x18e3, 0x18c3, 0x18c3, 0x18c3, 0x18c3, 0x18c3, 0x18c3, 0x18c3, 0x18c3, 0x18c3, 0x18c3, 0x18c3, 
  0x18c3, 0x18c3, 0x18c3, 0x10a2, 0x10a2, 0x10a2, 0x10a2, 0x10a2, 0x10a2, 0x10a2, 0x10a2, 0x10a2, 
  0x1082, 0x1082, 0x1082, 0x1082, 0x1082, 0x1082, 0x39c7, 0x2945, 0x2924, 0x2924, 0x2124, 0x2124, 
  0x2124, 0x2124, 0x2104, 0x2104, 0x2104, 0x2104, 0x2104, 0x20e4, 0x20e3, 0x20e3, 0x18e3, 0x18e3, 
  0x18c3, 0x18c3, 0x18c3, 0x18c3, 0x18c3, 0x18a2, 0x10a2, 0x10a2, 0x10a2, 0x1082, 0x1082, 0x1082, 
  0x1082, 0x1082, 0x1082, 0x1082, 0x1082, 0x1062, 0x1062, 0x1061, 0x1061, 0x1061, 0x1061, 0x1061, 
  0x1061, 0x0861, 0x0861, 0x0861, 0x0841, 0x0841, 0x0841, 0x0841, 0x0841, 0x0841, 0x0841, 0x1042, 
  0x0842, 0x0841, 0x1041, 0x2828, 0x7036, 0x8076, 0x61cf, 0x4a4b, 0x4a69, 0x4a49, 0x4a49, 0x4a49, 
  0x4228, 0x4228, 0x4228, 0x4208, 0x4208, 0x39e7, 0x39e7, 0x39e7, 0x39c7, 0x39c7, 0x39c7, 0x39c7, 
  0x31a6, 0x31a6, 0x31a6, 0x3186, 0x3186, 0x3186, 0x3186, 0x3186, 0x3186, 0x2965, 0x2965, 0x2945, 
  0x2124, 0x2104, 0x2104, 0x2104, 0x1082, 0x1082, 0x1082, 0x1082, 0x1082, 0x1082, 0x1082, 0x1082, 
  0x1082, 0x1082, 0x1082, 0x1082, 0x1082, 0x1082, 0x1082, 0x1062, 0x1062, 0x1063, 0x1864, 0x2066, 
  0x2867, 0x384a, 0x6072, 0x384b, 0x3049, 0x2868, 0x2066, 0x1864, 0x1062, 0x1062, 0x1082, 0x1082, 
  0x1082, 0x1082, 0x1082, 0x1082, 0x1082, 0x1082, 0x1082, 0x1082, 0x1082, 0x1082, 0x1082, 0x1082, 
  0x10a2, 0x10a2, 0x10a2, 0x10a2, 0x10a2, 0x10a2, 0x10a2, 0x10a2, 0x18c3, 0x18c3, 0x18c3, 0x0841, 
  0x0020, 0x0020, 0x0020, 0x0020, 0x0020, 0x0020, 0x0020, 0x0020, 0x0020, 0x0020, 0x0020, 0x0020, 
  0x0020, 0x0020, 0x0020, 0x0020, 0x0020, 0x0020, 0x0020, 0x0020, 0x0000, 0x0000, 0x0000, 0x0020, 
  0x0020, 0x0020, 0x0020, 0x0000, 0x0000, 0x0000, 0x0000, 0x0000, 0x0000, 0x0000, 0x0000, 0x0000, 
  0x0000, 0x0000, 0x0000, 0x0000, 0x0000, 0x0000, 0x0000, 0x0000, 0x0000, 0x0000, 0x0000, 0x0000, 
  0x0000, 0x0000, 0x0000, 0x0000, 0x0000, 0x0000, 0x0000, 0x0000, 0x0000, 0x0000, 0x0000, 0x0000, 
  0x0020, 0x0000, 0x0000, 0x0020, 0x0020, 0x0020, 0x0020, 0x0020, 0x0820, 0x0821, 0x0821, 0x0821, 
  0x0820, 0x0841, 0x0841, 0x0841, 0x0841, 0x0841, 0x0841, 0x0841, 0x0861, 0x0861, 0x1061, 0x1061, 
  0x1061, 0x1061, 0x1061, 0x1062, 0x1062, 0x1082, 0x1082, 0x1082, 0x1082, 0x1082, 0x1082, 0x1082, 
  0x1082, 0x1082, 0x1082, 0x1082, 0x1082, 0x1082, 0x1082, 0x1082, 0x1082, 0x1082, 0x1082, 0x1082, 
  0x1082, 0x1062, 0x0821, 0x0020, 0x0020, 0x0020, 0x0020, 0x0020, 0x0020, 0x0020, 0x0020, 0x0020, 
  0x0020, 0x0020, 0x0020, 0x0020, 0x0020, 0x0020, 0x0020, 0x0020, 0x0020, 0x0020, 0x0020, 0x0020, 
  0x0020, 0x0020, 0x0020, 0x0020, 0x0020, 0x0020, 0x0820, 0x18c3, 0x18c3, 0x18c3, 0x18c3, 0x18c3, 
  0x18c3, 0x18c3, 0x18c3, 0x18c3, 0x18c3, 0x18c3, 0x18c3, 0x18c3, 0x18c3, 0x18c3, 0x18c3, 0x10a2, 
  0x10a2, 0x10a2, 0x10a2, 0x10a2, 0x10a2, 0x10a2, 0x10a2, 0x10a2, 0x1082, 0x1082, 0x1082, 0x1082, 
  0x1082, 0x1082, 0x2104, 0x31a6, 0x2924, 0x2924, 0x2124, 0x2124, 0x2124, 0x2104, 0x2104, 0x2104, 
  0x2104, 0x2104, 0x20e4, 0x20e3, 0x18e3, 0x18e3, 0x18e3, 0x18c3, 0x18c3, 0x18c3, 0x18c3, 0x18c3, 
  0x18a3, 0x18a2, 0x10a2, 0x10a2, 0x1082, 0x1082, 0x1082, 0x1082, 0x1082, 0x1082, 0x1082, 0x1082, 
  0x1082, 0x1062, 0x1062, 0x1061, 0x1061, 0x1061, 0x1061, 0x1061, 0x1061, 0x0861, 0x0861, 0x0841, 
  0x0841, 0x0841, 0x0841, 0x0841, 0x0841, 0x0841, 0x0861, 0x0841, 0x0841, 0x1824, 0x504f, 0x9058, 
  0x7114, 0x520d, 0x528a, 0x5269, 0x4a69, 0x4a49, 0x4a49, 0x4a48, 0x4228, 0x4228, 0x4208, 0x4208, 
  0x4208, 0x39e7, 0x39e7, 0x39c7, 0x39c7, 0x39c7, 0x39c7, 0x31a6, 0x31a6, 0x31a6, 0x31a6, 0x3186, 
  0x3186, 0x3186, 0x3186, 0x3186, 0x2965, 0x2965, 0x2965, 0x2124, 0x2124, 0x2104, 0x2104, 0x2104, 
  0x1082, 0x1082, 0x1082, 0x1082, 0x1082, 0x1082, 0x1082, 0x1082, 0x1082, 0x1082, 0x1082, 0x1082, 
  0x1082, 0x1082, 0x0862, 0x1061, 0x1062, 0x1062, 0x1063, 0x2065, 0x2847, 0x384a, 0x502e, 0x6894, 
  0x484d, 0x386a, 0x2868, 0x2066, 0x1863, 0x1062, 0x1062, 0x1082, 0x1082, 0x1082, 0x1082, 0x1082, 
  0x1082, 0x1082, 0x1082, 0x1082, 0x1082, 0x1082, 0x1082, 0x1082, 0x10a2, 0x10a2, 0x10a2, 0x10a2, 
  0x10a2, 0x10a2, 0x10a2, 0x10a2, 0x18c3, 0x18c3, 0x18c3, 0x0841, 0x0020, 0x0020, 0x0020, 0x0020, 
  0x0020, 0x0020, 0x0020, 0x0020, 0x0020, 0x0020, 0x0020, 0x0020, 0x0020, 0x0020, 0x0020, 0x0020, 
  0x0020, 0x0020, 0x0020, 0x0000, 0x0000, 0x0000, 0x0000, 0x0020, 0x0000, 0x0000, 0x0020, 0x0000, 
  0x0000, 0x0000, 0x0000, 0x0000, 0x0000, 0x0000, 0x0000, 0x0000, 0x0000, 0x0000, 0x0000, 0x0000, 
  0x0000, 0x0000, 0x0000, 0x0000, 0x0000, 0x0000, 0x0000, 0x0000, 0x0000, 0x0000, 0x0000, 0x0000, 
  0x0000, 0x0000, 0x0000, 0x0000, 0x0000, 0x0000, 0x0000, 0x0020, 0x0020, 0x0000, 0x0000, 0x0020, 
  0x0020, 0x0020, 0x0020, 0x0020, 0x0820, 0x0821, 0x0821, 0x0821, 0x0841, 0x0841, 0x0841, 0x0841, 
  0x0841, 0x0841, 0x0841, 0x0861, 0x0861, 0x1061, 0x1061, 0x1061, 0x1061, 0x1061, 0x1062, 0x1062, 
  0x1082, 0x1082, 0x1082, 0x1082, 0x1082, 0x1082, 0x1082, 0x1082, 0x1082, 0x1082, 0x1082, 0x1082, 
  0x1082, 0x1082, 0x1082, 0x1082, 0x1082, 0x1082, 0x1082, 0x1082, 0x1082, 0x1082, 0x1061, 0x0020, 
  0x0020, 0x0020, 0x0020, 0x0020, 0x0020, 0x0020, 0x0020, 0x0020, 0x0020, 0x0020, 0x0020, 0x0020, 
  0x0020, 0x0020, 0x0020, 0x0020, 0x0020, 0x0020, 0x0020, 0x0020, 0x0020, 0x0020, 0x0020, 0x0020, 
  0x0000, 0x0020, 0x0020, 0x0821, 0x18c3, 0x18e3, 0x18c3, 0x18c3, 0x18c3, 0x18c3, 0x18c3, 0x18c3, 
  0x18c3, 0x18c3, 0x18c3, 0x18c3, 0x18c3, 0x18c3, 0x18c3, 0x10a2, 0x10a2, 0x10a2, 0x10a2, 0x10a2, 
  0x10a2, 0x10a2, 0x10a2, 0x1082, 0x1082, 0x1082, 0x1082, 0x1082, 0x1082, 0x1082, 0x1082, 0x4a49, 
  0x2924, 0x2124, 0x2124, 0x2124, 0x2104, 0x2104, 0x2104, 0x2104, 0x2104, 0x20e4, 0x20e4, 0x20e3, 
  0x18e3, 0x18e3, 0x18e3, 0x18c3, 0x18c3, 0x18c3, 0x18c3, 0x18c3, 0x18a2, 0x10a2, 0x18a2, 0x10a2, 
  0x1082, 0x1082, 0x1082, 0x1082, 0x1082, 0x1082, 0x1082, 0x1082, 0x1082, 0x1062, 0x1061, 0x1061, 
  0x1061, 0x1061, 0x1061, 0x1061, 0x0861, 0x0861, 0x0861, 0x0841, 0x0841, 0x0841, 0x0861, 0x0841, 
  0x0841, 0x0841, 0x0842, 0x0842, 0x2826, 0x78b5, 0x90b9, 0x61b1, 0x526b, 0x528a, 0x526a, 0x4a6a, 
  0x4a49, 0x4a49, 0x4a49, 0x4228, 0x4228, 0x4228, 0x4208, 0x4208, 0x39e7, 0x39e7, 0x39e7, 0x39c7, 
  0x39c7, 0x39c7, 0x39c7, 0x31a6, 0x31a6, 0x31a6, 0x3186, 0x3186, 0x3186, 0x3186, 0x3186, 0x2965, 
  0x2965, 0x2965, 0x2945, 0x2104, 0x2104, 0x2104, 0x2104, 0x2104, 0x1082, 0x1082, 0x1082, 0x1082, 
  0x1082, 0x1082, 0x1082, 0x1082, 0x1082, 0x1082, 0x1082, 0x1082, 0x1082, 0x1082, 0x0861, 0x0861, 
  0x0861, 0x0862, 0x1063, 0x1864, 0x2866, 0x304a, 0x404d, 0x6033, 0x6893, 0x484e, 0x404c, 0x2887, 
  0x2065, 0x1863, 0x1063, 0x1082, 0x1082, 0x1082, 0x1082, 0x1082, 0x1082, 0x1082, 0x1082, 0x1082, 
  0x1082, 0x10a2, 0x10a2, 0x10a2, 0x10a2, 0x10a2, 0x10a2, 0x10a2, 0x10a2, 0x10a2, 0x10a2, 0x18c3, 
  0x18c3, 0x18c3, 0x10a2, 0x0020, 0x0020, 0x0020, 0x0020, 0x0020, 0x0020, 0x0020, 0x0020, 0x0020, 
  0x0020, 0x0020, 0x0020, 0x0020, 0x0020, 0x0020, 0x0020, 0x0020, 0x0020, 0x0020, 0x0000, 0x0000, 
  0x0000, 0x0000, 0x0000, 0x0000, 0x0000, 0x0000, 0x0000, 0x0000, 0x0000, 0x0000, 0x0000, 0x0000, 
  0x0000, 0x0000, 0x0000, 0x0000, 0x0000, 0x0000, 0x0000, 0x0000, 0x0000, 0x0000, 0x0000, 0x0000, 
  0x0000, 0x0000, 0x0000, 0x0000, 0x0000, 0x0000, 0x0000, 0x0000, 0x0000, 0x0000, 0x0000, 0x0000, 
  0x0000, 0x0000, 0x0000, 0x0000, 0x0020, 0x0020, 0x0020, 0x0020, 0x0020, 0x0020, 0x0020, 0x0820, 
  0x0820, 0x0821, 0x0841, 0x0841, 0x0841, 0x0841, 0x0841, 0x0841, 0x0841, 0x0841, 0x0861, 0x0861, 
  0x1061, 0x1061, 0x1061, 0x1061, 0x1061, 0x1062, 0x1062, 0x1082, 0x1082, 0x1082, 0x1082, 0x1082, 
  0x1082, 0x1082, 0x1082, 0x1082, 0x1082, 0x1082, 0x1082, 0x1082, 0x1082, 0x1082, 0x1082, 0x1082, 
  0x1082, 0x1082, 0x1082, 0x1082, 0x1082, 0x1082, 0x1082, 0x0841, 0x0020, 0x0020, 0x0020, 0x0020, 
  0x0020, 0x0020, 0x0020, 0x0020, 0x0020, 0x0020, 0x0020, 0x0020, 0x0020, 0x0020, 0x0020, 0x0020, 
  0x0020, 0x0020, 0x0020, 0x0020, 0x0020, 0x0020, 0x0020, 0x0020, 0x0020, 0x0020, 0x0020, 0x0020, 
  0x0841, 0x18c3, 0x18c3, 0x18c3, 0x18c3, 0x18c3, 0x18c3, 0x18c3, 0x18c3, 0x18c3, 0x18c3, 0x18c3, 
  0x18c3, 0x18c3, 0x10a2, 0x10a2, 0x10a2, 0x10a2, 0x10a2, 0x10a2, 0x10a2, 0x10a2, 0x1082, 0x1082, 
  0x1082, 0x1082, 0x1082, 0x1082, 0x1082, 0x1082, 0x1082, 0x39e7, 0x2124, 0x2124, 0x2124, 0x2104, 
  0x2104, 0x2104, 0x2104, 0x2104, 0x20e4, 0x20e4, 0x20e4, 0x20e3, 0x18e3, 0x18e3, 0x18c3, 0x18c3, 
  0x18c3, 0x18c3, 0x18c3, 0x18a3, 0x10a2, 0x10a2, 0x10a2, 0x1082, 0x1082, 0x1082, 0x1082, 0x1082, 
  0x1082, 0x1082, 0x1082, 0x1062, 0x1062, 0x1062, 0x1061, 0x1061, 0x1061, 0x1061, 0x1061, 0x1061, 
  0x0861, 0x0861, 0x0861, 0x0841, 0x0841, 0x0841, 0x0841, 0x0841, 0x0821, 0x0841, 0x1042, 0x48ac, 
  0x90f9, 0x8956, 0x622e, 0x528a, 0x528a, 0x5269, 0x4a69, 0x4a69, 0x4a49, 0x4a49, 0x4228, 0x4228, 
  0x4228, 0x4208, 0x4208, 0x4208, 0x39e7, 0x39e7, 0x39c7, 0x39c7, 0x39c7, 0x39c7, 0x31a6, 0x31a6, 
  0x31a6, 0x31a6, 0x3186, 0x3186, 0x3186, 0x3186, 0x2965, 0x2965, 0x2965, 0x2945, 0x2124, 0x2104, 
  0x2104, 0x2104, 0x2104, 0x2104, 0x1082, 0x1082, 0x1082, 0x1082, 0x1082, 0x1082, 0x1082, 0x1082, 
  0x1082, 0x1082, 0x1082, 0x1082, 0x1082, 0x0861, 0x0861, 0x0861, 0x0861, 0x0862, 0x1062, 0x1864, 
  0x2066, 0x3049, 0x406c, 0x5851, 0x78f7, 0x68d2, 0x506f, 0x384b, 0x3068, 0x2065, 0x1863, 0x1082, 
  0x1082, 0x1082, 0x1082, 0x1082, 0x1082, 0x1082, 0x1082, 0x1082, 0x1082, 0x10a2, 0x10a2, 0x10a2, 
  0x10a2, 0x10a2, 0x10a2, 0x10a2, 0x10a2, 0x10a2, 0x10a2, 0x18c3, 0x18c3, 0x18c3, 0x1082, 0x0020, 
  0x0020, 0x0020, 0x0020, 0x0020, 0x0020, 0x0020, 0x0020, 0x0020, 0x0020, 0x0020, 0x0020, 0x0020, 
  0x0020, 0x0020, 0x0020, 0x0020, 0x0000, 0x0000, 0x0000, 0x0000, 0x0000, 0x0000, 0x0000, 0x0000, 
  0x0000, 0x0000, 0x0000, 0x0000, 0x0000, 0x0000, 0x0000, 0x0000, 0x0000, 0x0000, 0x0000, 0x0000, 
  0x0000, 0x0000, 0x0000, 0x0000, 0x0000, 0x0000, 0x0000, 0x0000, 0x0000, 0x0000, 0x0000, 0x0000, 
  0x0000, 0x0000, 0x0000, 0x0000, 0x0000, 0x0000, 0x0000, 0x0000, 0x0000, 0x0000, 0x0000, 0x0000, 
  0x0000, 0x0000, 0x0020, 0x0020, 0x0020, 0x0020, 0x0020, 0x0820, 0x0821, 0x0821, 0x0821, 0x0841, 
  0x0841, 0x0841, 0x0841, 0x0841, 0x0841, 0x0861, 0x1061, 0x1061, 0x1061, 0x1061, 0x1061, 0x1061, 
  0x1062, 0x1062, 0x1082, 0x1082, 0x1082, 0x1082, 0x1082, 0x1082, 0x1082, 0x1082, 0x1082, 0x1082, 
  0x1082, 0x1082, 0x1082, 0x1082, 0x1082, 0x1082, 0x1082, 0x1082, 0x1082, 0x1082, 0x1082, 0x1082, 
  0x1082, 0x1082, 0x1082, 0x1062, 0x0020, 0x0020, 0x0020, 0x0020, 0x0020, 0x0020, 0x0020, 0x0020, 
  0x0020, 0x0020, 0x0020, 0x0020, 0x0020, 0x0020, 0x0020, 0x0020, 0x0020, 0x0020, 0x0020, 0x0020, 
  0x0020, 0x0020, 0x0020, 0x0020, 0x0020, 0x0020, 0x0020, 0x0020, 0x0020, 0x0841, 0x18c3, 0x18c3, 
  0x18c3, 0x18c3, 0x18c3, 0x18c3, 0x18c3, 0x18c3, 0x18c3, 0x18c3, 0x18c3, 0x10a2, 0x10a2, 0x10a2, 
  0x10a2, 0x10a2, 0x10a2, 0x10a2, 0x10a2, 0x1082, 0x1082, 0x1082, 0x1082, 0x1082, 0x1082, 0x1082, 
  0x1082, 0x1082, 0x1082, 0x39c7, 0x2124, 0x2124, 0x2124, 0x2104, 0x2104, 0x2104, 0x2104, 0x2104, 
  0x20e4, 0x20e4, 0x20e4, 0x20e3, 0x18e3, 0x18c3, 0x18c3, 0x18c3, 0x18c3, 0x18c3, 0x18c3, 0x18a3, 
  0x10a2, 0x10a2, 0x1082, 0x1082, 0x1082, 0x1082, 0x1082, 0x1082, 0x1082, 0x1082, 0x1082, 0x1082, 
  0x1062, 0x1061, 0x1062, 0x1061, 0x1061, 0x1061, 0x1061, 0x0861, 0x0861, 0x0861, 0x0861, 0x0861, 
  0x0841, 0x0841, 0x0841, 0x0861, 0x0862, 0x2044, 0x8154, 0xa17a, 0x79f2, 0x5a6c, 0x528a, 0x526a, 
  0x526a, 0x4a89, 0x4a69, 0x4a49, 0x4a49, 0x4228, 0x4228, 0x4228, 0x4208, 0x4208, 0x4208, 0x39e7, 
  0x39e7, 0x39e7, 0x39c7, 0x39c7, 0x39c7, 0x39c7, 0x31a6, 0x31a6, 0x31a6, 0x31a6, 0x3186, 0x3186, 
  0x3186, 0x3186, 0x2965, 0x2965, 0x2965, 0x2124, 0x2124, 0x2104, 0x2104, 0x2104, 0x2104, 0x2104, 
  0x1082, 0x1082, 0x1082, 0x1082, 0x1082, 0x1082, 0x1082, 0x1082, 0x1082, 0x1082, 0x1082, 0x1082, 
  0x0861, 0x0861, 0x0861, 0x0861, 0x0861, 0x0862, 0x1062, 0x1063, 0x1865, 0x2867, 0x384b, 0x5070, 
  0x70f3, 0x99b9, 0x7113, 0x5090, 0x406b, 0x3068, 0x2065, 0x1883, 0x1062, 0x1082, 0x1082, 0x1082, 
  0x1082, 0x1082, 0x1082, 0x1082, 0x1082, 0x10a2, 0x10a2, 0x10a2, 0x10a2, 0x10a2, 0x10a2, 0x10a2, 
  0x10a2, 0x10a2, 0x18c3, 0x18c3, 0x18c3, 0x18c3, 0x1082, 0x0020, 0x0020, 0x0020, 0x0020, 0x0020, 
  0x0020, 0x0020, 0x0020, 0x0020, 0x0020, 0x0020, 0x0020, 0x0020, 0x0020, 0x0020, 0x0020, 0x0020, 
  0x0000, 0x0000, 0x0000, 0x0000, 0x0000, 0x0000, 0x0000, 0x0000, 0x0000, 0x0000, 0x0000, 0x0000, 
  0x0000, 0x0000, 0x0000, 0x0000, 0x0000, 0x0000, 0x0000, 0x0000, 0x0000, 0x0000, 0x0000, 0x0000, 
  0x0000, 0x0000, 0x0000, 0x0000, 0x0000, 0x0000, 0x0000, 0x0000, 0x0000, 0x0000, 0x0000, 0x0000, 
  0x0000, 0x0000, 0x0000, 0x0000, 0x0000, 0x0000, 0x0000, 0x0000, 0x0020, 0x0020, 0x0020, 0x0020, 
  0x0020, 0x0820, 0x0820, 0x0820, 0x0821, 0x0841, 0x0841, 0x0841, 0x0841, 0x0841, 0x0841, 0x0841, 
  0x0861, 0x0861, 0x1061, 0x1061, 0x1061, 0x1061, 0x1061, 0x1062, 0x1062, 0x1082, 0x1082, 0x1082, 
  0x1082, 0x1082, 0x1082, 0x1082, 0x1082, 0x1082, 0x1082, 0x1082, 0x1082, 0x1082, 0x1082, 0x1082, 
  0x1082, 0x1082, 0x1082, 0x1082, 0x1082, 0x1082, 0x1082, 0x1082, 0x1082, 0x1082, 0x1082, 0x1082, 
  0x0841, 0x0020, 0x0020, 0x0020, 0x0020, 0x0020, 0x0020, 0x0020, 0x0020, 0x0020, 0x0020, 0x0020, 
  0x0020, 0x0020, 0x0020, 0x0020, 0x0020, 0x0020, 0x0020, 0x0020, 0x0020, 0x0020, 0x0020, 0x0020, 
  0x0020, 0x0020, 0x0020, 0x0020, 0x0800, 0x0000, 0x0841, 0x18c3, 0x18c3, 0x18c3, 0x18c3, 0x18c3, 
  0x18c3, 0x18c3, 0x18c3, 0x18c3, 0x10a2, 0x10a2, 0x10a2, 0x10a2, 0x10a2, 0x10a2, 0x10a2, 0x10a2, 
  0x1082, 0x1082, 0x1082, 0x1082, 0x1082, 0x1082, 0x1082, 0x1082, 0x1082, 0x1082, 0x1082, 0x2945, 
  0x2924, 0x2124, 0x2124, 0x2104, 0x2104, 0x2104, 0x2104, 0x20e4, 0x20e4, 0x20e4, 0x20e3, 0x18e3, 
  0x18c3, 0x18c3, 0x18c3, 0x18c3, 0x18c3, 0x18c3, 0x18a3, 0x18a2, 0x10a2, 0x1082, 0x1082, 0x1082, 
  0x1082, 0x1082, 0x1082, 0x1082, 0x1082, 0x1082, 0x1082, 0x1082, 0x1082, 0x1061, 0x1062, 0x1061, 
  0x1061, 0x1061, 0x0861, 0x1061, 0x1061, 0x0861, 0x0861, 0x0861, 0x0841, 0x0841, 0x0841, 0x1042, 
  0x48aa, 0xa9d8, 0x99f8, 0x6a6f, 0x528b, 0x52aa, 0x528a, 0x528a, 0x4a89, 0x4a69, 0x4a49, 0x4a49, 
  0x4a49, 0x4228, 0x4228, 0x4228, 0x4208, 0x4208, 0x4208, 0x39e7, 0x39e7, 0x39c7, 0x39c7, 0x39c7, 
  0x39c7, 0x31a6, 0x31a6, 0x31a6, 0x31a6, 0x3186, 0x3186, 0x3186, 0x3186, 0x2965, 0x2965, 0x2965, 
  0x2124, 0x2104, 0x2104, 0x2104, 0x2104, 0x2104, 0x18e3, 0x18e3, 0x1082, 0x1082, 0x1082, 0x1082, 
  0x1082, 0x1082, 0x1082, 0x1082, 0x1082, 0x1082, 0x1061, 0x0861, 0x0882, 0x0882, 0x0861, 0x0861, 
  0x0861, 0x0861, 0x1061, 0x1062, 0x1863, 0x2066, 0x3049, 0x506e, 0x7113, 0x91d8, 0xa239, 0x7954, 
  0x588f, 0x386b, 0x2867, 0x1884, 0x1083, 0x1082, 0x1082, 0x1082, 0x1082, 0x1082, 0x1082, 0x1082, 
  0x10a2, 0x10a2, 0x10a2, 0x10a2, 0x10a2, 0x10a2, 0x10a2, 0x10a2, 0x10a2, 0x10a2, 0x18c3, 0x18c3, 
  0x18c3, 0x18c3, 0x0861, 0x0020, 0x0020, 0x0020, 0x0020, 0x0020, 0x0020, 0x0020, 0x0020, 0x0020, 
  0x0020, 0x0020, 0x0020, 0x0020, 0x0020, 0x0020, 0x0020, 0x0000, 0x0000, 0x0000, 0x0000, 0x0000, 
  0x0000, 0x0000, 0x0000, 0x0000, 0x0000, 0x0000, 0x0000, 0x0000, 0x0000, 0x0000, 0x0000, 0x0000, 
  0x0000, 0x0000, 0x0000, 0x0000, 0x0000, 0x0000, 0x0000, 0x0000, 0x0000, 0x0000, 0x0000, 0x0000, 
  0x0000, 0x0000, 0x0000, 0x0000, 0x0000, 0x0000, 0x0000, 0x0000, 0x0000, 0x0000, 0x0000, 0x0020, 
  0x0020, 0x0020, 0x0000, 0x0020, 0x0020, 0x0020, 0x0020, 0x0020, 0x0020, 0x0820, 0x0820, 0x0820, 
  0x0841, 0x0841, 0x0841, 0x0841, 0x0841, 0x0841, 0x0841, 0x0861, 0x1061, 0x1061, 0x1061, 0x1061, 
  0x1061, 0x1061, 0x1062, 0x1062, 0x1082, 0x1082, 0x1082, 0x1082, 0x1082, 0x1082, 0x1082, 0x1082, 
  0x1082, 0x1082, 0x1082, 0x1082, 0x1082, 0x1082, 0x1082, 0x1082, 0x1082, 0x1082, 0x1082, 0x1082, 
  0x1082, 0x1082, 0x1082, 0x1082, 0x1082, 0x1082, 0x1082, 0x1082, 0x1082, 0x0820, 0x0020, 0x0020, 
  0x0020, 0x0020, 0x0020, 0x0020, 0x0020, 0x0020, 0x0020, 0x0020, 0x0020, 0x0020, 0x0020, 0x0020, 
  0x0020, 0x0020, 0x0020, 0x0020, 0x0020, 0x0020, 0x0020, 0x0020, 0x0020, 0x0020, 0x0020, 0x0020, 
  0x0000, 0x0020, 0x0020, 0x0841, 0x18c3, 0x18c3, 0x18c3, 0x18c3, 0x18c3, 0x18c3, 0x18c3, 0x18c3, 
  0x10a2, 0x10a2, 0x10a2, 0x10a2, 0x10a2, 0x10a2, 0x10a2, 0x10a2, 0x1082, 0x1082, 0x1082, 0x1082, 
  0x1082, 0x1082, 0x1082, 0x1082, 0x1082, 0x1082, 0x1082, 0x18e3, 0x3186, 0x2124, 0x2104, 0x2104, 
  0x2104, 0x2104, 0x2104, 0x20e4, 0x20e4, 0x20e4, 0x20e3, 0x18e3, 0x18c3, 0x18c3, 0x18c3, 0x18c3, 
  0x18c3, 0x18c3, 0x18a3, 0x10a2, 0x10a2, 0x1082, 0x1082, 0x1082, 0x1082, 0x1082, 0x1082, 0x1082, 
  0x1082, 0x1082, 0x1082, 0x1082, 0x1062, 0x1062, 0x1061, 0x1061, 0x1061, 0x0861, 0x0861, 0x0861, 
  0x1041, 0x0861, 0x1041, 0x0841, 0x0841, 0x0841, 0x1843, 0x7170, 0xba3a, 0x9255, 0x628d, 0x5aab, 
  0x52aa, 0x52aa, 0x528a, 0x4a8a, 0x4a69, 0x4a69, 0x4a49, 0x4a49, 0x4228, 0x4228, 0x4228, 0x4208, 
  0x4208, 0x4208, 0x39e7, 0x39e7, 0x39c7, 0x39c7, 0x39c7, 0x39c7, 0x31a6, 0x31a6, 0x31a6, 0x31a6, 
  0x3186, 0x3186, 0x3186, 0x3186, 0x2965, 0x2965, 0x2965, 0x2945, 0x2124, 0x2104, 0x2104, 0x2104, 
  0x2104, 0x2104, 0x18e3, 0x18e3, 0x1082, 0x1082, 0x1082, 0x1082, 0x1082, 0x1082, 0x1082, 0x1082, 
  0x1082, 0x1082, 0x1041, 0x1061, 0x0861, 0x0861, 0x0861, 0x0861, 0x0861, 0x0861, 0x1061, 0x1062, 
  0x1063, 0x1864, 0x2848, 0x404c, 0x60b1, 0x91f7, 0xbaf9, 0xaa98, 0x7974, 0x508f, 0x386a, 0x2886, 
  0x1884, 0x1063, 0x1082, 0x1082, 0x1082, 0x1082, 0x1082, 0x10a2, 0x10a2, 0x10a2, 0x10a2, 0x10a2, 
  0x10a2, 0x10a2, 0x10a2, 0x10a2, 0x10a2, 0x10a2, 0x18c3, 0x18c3, 0x18c3, 0x18c3, 0x0841, 0x0020, 
  0x0020, 0x0020, 0x0020, 0x0020, 0x0020, 0x0020, 0x0020, 0x0020, 0x0020, 0x0020, 0x0020, 0x0000, 
  0x0000, 0x0020, 0x0000, 0x0000, 0x0000, 0x0000, 0x0000, 0x0000, 0x0000, 0x0000, 0x0000, 0x0000, 
  0x0000, 0x0000, 0x0000, 0x0000, 0x0000, 0x0000, 0x0000, 0x0000, 0x0000, 0x0000, 0x0000, 0x0000, 
  0x0000, 0x0000, 0x0000, 0x0000, 0x0000, 0x0000, 0x0000, 0x0000, 0x0000, 0x0000, 0x0000, 0x0000, 
  0x0000, 0x0000, 0x0000, 0x0000, 0x0000, 0x0000, 0x0000, 0x0020, 0x0020, 0x0020, 0x0020, 0x0020, 
  0x0020, 0x0020, 0x0020, 0x0820, 0x0820, 0x0821, 0x0821, 0x0841, 0x0841, 0x0841, 0x0841, 0x0841, 
  0x0841, 0x0841, 0x0861, 0x0861, 0x1061, 0x1061, 0x1061, 0x1061, 0x1061, 0x1062, 0x1062, 0x1082, 
  0x1082, 0x1082, 0x1082, 0x1082, 0x1082, 0x1082, 0x1082, 0x1082, 0x1082, 0x1082, 0x1082, 0x1082, 
  0x1082, 0x1082, 0x1082, 0x1082, 0x1082, 0x1082, 0x1082, 0x1082, 0x1082, 0x1082, 0x1082, 0x1082, 
  0x1082, 0x1082, 0x1082, 0x1082, 0x1082, 0x1061, 0x0000, 0x0020, 0x0020, 0x0020, 0x0020, 0x0020, 
  0x0020, 0x0020, 0x0020, 0x0020, 0x0020, 0x0020, 0x0020, 0x0020, 0x0020, 0x0020, 0x0020, 0x0020, 
  0x0020, 0x0020, 0x0020, 0x0020, 0x0020, 0x0020, 0x0020, 0x0020, 0x0020, 0x0020, 0x0020, 0x0020, 
  0x0841, 0x18c3, 0x18c3, 0x18c3, 0x18c3, 0x18c3, 0x18c3, 0x18c3, 0x10a2, 0x10a2, 0x10a2, 0x10a2, 
  0x10a2, 0x10a2, 0x10a2, 0x10a2, 0x1082, 0x1082, 0x1082, 0x1082, 0x1082, 0x1082, 0x1082, 0x1082, 
  0x1082, 0x1082, 0x1082, 0x10a2, 0x39c7, 0x2124, 0x2104, 0x2104, 0x2104, 0x2104, 0x20e4, 0x20e4, 
  0x20e3, 0x20e3, 0x18e3, 0x18c3, 0x18c3, 0x18c3, 0x18c3, 0x18c3, 0x18c3, 0x18c3, 0x18a2, 0x10a2, 
  0x1082, 0x1082, 0x1082, 0x1082, 0x1082, 0x1082, 0x1082, 0x1082, 0x1082, 0x1082, 0x1082, 0x1062, 
  0x1062, 0x1061, 0x1061, 0x1061, 0x1061, 0x1061, 0x1061, 0x0861, 0x1041, 0x0861, 0x0861, 0x0842, 
  0x0862, 0x3887, 0xaa37, 0xba99, 0x8251, 0x5aab, 0x52cb, 0x52aa, 0x52aa, 0x528a, 0x4a69, 0x4a69, 
  0x4a69, 0x4a49, 0x4a49, 0x4228, 0x4228, 0x4228, 0x4208, 0x4208, 0x4208, 0x39e7, 0x39e7, 0x39e7, 
  0x39c7, 0x39c7, 0x39c7, 0x39c7, 0x31a6, 0x31a6, 0x31a6, 0x31a6, 0x3186, 0x3186, 0x3186, 0x3186, 
  0x2965, 0x2965, 0x2945, 0x2124, 0x2124, 0x2104, 0x2104, 0x2104, 0x2104, 0x2104, 0x18e3, 0x18e3, 
  0x1082, 0x1082, 0x1082, 0x1082, 0x1082, 0x1082, 0x1082, 0x1082, 0x1082, 0x0861, 0x0861, 0x0861, 
  0x0861, 0x0861, 0x0861, 0x0861, 0x0861, 0x0861, 0x0861, 0x1062, 0x1062, 0x1863, 0x2046, 0x304a, 
  0x506f, 0x8194, 0xb2f9, 0xdbd8, 0xaad8, 0x7953, 0x486e, 0x3069, 0x2066, 0x1884, 0x1082, 0x1082, 
  0x1082, 0x1082, 0x1082, 0x10a2, 0x10a2, 0x10a2, 0x10a2, 0x10a2, 0x10a2, 0x10a2, 0x10a2, 0x10a2, 
  0x10a2, 0x18c3, 0x18c3, 0x18c3, 0x18c3, 0x18c3, 0x0841, 0x0020, 0x0020, 0x0020, 0x0020, 0x0020, 
  0x0020, 0x0020, 0x0020, 0x0020, 0x0020, 0x0020, 0x0020, 0x0000, 0x0000, 0x0000, 0x0000, 0x0000, 
  0x0000, 0x0000, 0x0000, 0x0000, 0x0000, 0x0000, 0x0000, 0x0000, 0x0000, 0x0000, 0x0000, 0x0000, 
  0x0000, 0x0000, 0x0000, 0x0000, 0x0000, 0x0000, 0x0000, 0x0000, 0x0000, 0x0000, 0x0000, 0x0000, 
  0x0000, 0x0000, 0x0000, 0x0000, 0x0000, 0x0000, 0x0000, 0x0000, 0x0000, 0x0000, 0x0000, 0x0000, 
  0x0000, 0x0000, 0x0020, 0x0020, 0x0020, 0x0020, 0x0020, 0x0020, 0x0020, 0x0020, 0x0820, 0x0820, 
  0x0820, 0x0821, 0x0841, 0x0841, 0x0841, 0x0841, 0x0841, 0x0841, 0x0841, 0x0841, 0x0861, 0x1061, 
  0x1061, 0x1061, 0x1061, 0x1061, 0x1062, 0x1062, 0x1062, 0x1082, 0x1082, 0x1082, 0x1082, 0x1082, 
  0x1082, 0x1082, 0x1082, 0x1082, 0x1082, 0x1082, 0x1082, 0x1082, 0x1082, 0x1082, 0x1082, 0x1082, 
  0x1082, 0x1082, 0x1082, 0x1082, 0x1082, 0x1082, 0x1082, 0x1082, 0x1082, 0x1082, 0x1082, 0x1082, 
  0x1082, 0x1082, 0x0820, 0x0020, 0x0020, 0x0020, 0x0020, 0x0020, 0x0020, 0x0020, 0x0020, 0x0020, 
  0x0020, 0x0020, 0x0020, 0x0020, 0x0020, 0x0020, 0x0020, 0x0020, 0x0020, 0x0020, 0x0020, 0x0020, 
  0x0020, 0x0020, 0x0020, 0x0020, 0x0020, 0x0020, 0x0020, 0x0020, 0x0020, 0x0841, 0x10a2, 0x18c3, 
  0x18c3, 0x18c3, 0x18c3, 0x10a2, 0x10a2, 0x10a2, 0x10a2, 0x10a2, 0x10a2, 0x10a2, 0x10a2, 0x1082, 
  0x1082, 0x1082, 0x1082, 0x1082, 0x1082, 0x1082, 0x1082, 0x1082, 0x1082, 0x1082, 0x1082, 0x1082, 
  0x39c7, 0x2104, 0x2104, 0x2104, 0x2104, 0x20e4, 0x20e4, 0x20e4, 0x20e3, 0x20e3, 0x18e3, 0x18c3, 
  0x18c3, 0x18c3, 0x18c3, 0x18c3, 0x18c3, 0x18a3, 0x10a2, 0x10a2, 0x1082, 0x1082, 0x1082, 0x1082, 
  0x1082, 0x1082, 0x1082, 0x1082, 0x1082, 0x1082, 0x1062, 0x1062, 0x1061, 0x1061, 0x1061, 0x1061, 
  0x1061, 0x1061, 0x1061, 0x0861, 0x1041, 0x0861, 0x1042, 0x1042, 0x612e, 0xba79, 0xaa96, 0x728e, 
  0x530b, 0x5aab, 0x52aa, 0x52aa, 0x528a, 0x528a, 0x4a69, 0x4a69, 0x4a49, 0x4a49, 0x4a49, 0x4228, 
  0x4228, 0x4228, 0x4208, 0x4208, 0x4208, 0x39e7, 0x39e7, 0x39c7, 0x39c7, 0x39c7, 0x39c7, 0x31a6, 
  0x31a6, 0x31a6, 0x31a6, 0x3186, 0x3186, 0x3186, 0x3186, 0x2965, 0x2965, 0x2965, 0x2124, 0x2104, 
  0x2124, 0x2104, 0x2104, 0x2104, 0x2104, 0x18e3, 0x18e3, 0x18e3, 0x1082, 0x1082, 0x1082, 0x1082, 
  0x1082, 0x1082, 0x1082, 0x1082, 0x0882, 0x0882, 0x0861, 0x0861, 0x0861, 0x0861, 0x0861, 0x0861, 
  0x0861, 0x0861, 0x0861, 0x0861, 0x1062, 0x1062, 0x1864, 0x2847, 0x404c, 0x68f1, 0xa278, 0xdbf8, 
  0xdc37, 0xaa97, 0x6912, 0x406d, 0x3068, 0x1885, 0x1883, 0x1082, 0x1082, 0x1082, 0x10a2, 0x10a2, 
  0x10a2, 0x10a2, 0x10a2, 0x10a2, 0x10a2, 0x10a2, 0x10a2, 0x10a2, 0x10a2, 0x18c3, 0x18c3, 0x18c3, 
  0x18c3, 0x10a2, 0x0020, 0x0020, 0x0020, 0x0020, 0x0020, 0x0020, 0x0020, 0x0020, 0x0020, 0x0020, 
  0x0020, 0x0020, 0x0000, 0x0000, 0x0000, 0x0000, 0x0000, 0x0000, 0x0000, 0x0000, 0x0000, 0x0000, 
  0x0000, 0x0000, 0x0000, 0x0000, 0x0000, 0x0000, 0x0000, 0x0000, 0x0000, 0x0000, 0x0000, 0x0000, 
  0x0000, 0x0000, 0x0000, 0x0000, 0x0000, 0x0000, 0x0000, 0x0000, 0x0000, 0x0000, 0x0000, 0x0000, 
  0x0000, 0x0000, 0x0000, 0x0000, 0x0000, 0x0000, 0x0000, 0x0000, 0x0000, 0x0020, 0x0000, 0x0020, 
  0x0020, 0x0020, 0x0020, 0x0020, 0x0020, 0x0020, 0x0820, 0x0820, 0x0820, 0x0841, 0x0841, 0x0841, 
  0x0841, 0x0841, 0x0841, 0x0841, 0x0861, 0x1061, 0x1061, 0x1061, 0x1061, 0x1061, 0x1061, 0x1062, 
  0x1062, 0x1062, 0x1082, 0x1082, 0x1082, 0x1082, 0x1082, 0x1082, 0x1082, 0x1082, 0x1082, 0x1082, 
  0x1082, 0x1082, 0x1082, 0x1082, 0x1082, 0x1082, 0x1082, 0x1082, 0x1082, 0x1082, 0x1082, 0x1082, 
  0x1082, 0x1082, 0x1082, 0x1082, 0x1082, 0x1082, 0x1082, 0x1082, 0x1082, 0x1082, 0x1061, 0x0020, 
  0x0020, 0x0020, 0x0020, 0x0020, 0x0020, 0x0020, 0x0020, 0x0020, 0x0020, 0x0020, 0x0020, 0x0020, 
  0x0020, 0x0020, 0x0020, 0x0020, 0x0020, 0x0020, 0x0020, 0x0020, 0x0020, 0x0020, 0x0020, 0x0020, 
  0x0020, 0x0020, 0x0020, 0x0020, 0x0020, 0x0020, 0x0841, 0x10a2, 0x18c3, 0x18c2, 0x10a2, 0x10a2, 
  0x10a2, 0x10a2, 0x10a2, 0x10a2, 0x10a2, 0x10a2, 0x1082, 0x1082, 0x1082, 0x1082, 0x1082, 0x1082, 
  0x1082, 0x1082, 0x1082, 0x1082, 0x1082, 0x1061, 0x1061, 0x0861, 0x3186, 0x2104, 0x2104, 0x2104, 
  0x2104, 0x20e4, 0x20e4, 0x20e3, 0x20e3, 0x18e3, 0x18c3, 0x18c3, 0x18c3, 0x18c3, 0x18c3, 0x18c3, 
  0x18a3, 0x18a2, 0x10a2, 0x1082, 0x1082, 0x1082, 0x1082, 0x1082, 0x1082, 0x1082, 0x1082, 0x1082, 
  0x1082, 0x1082, 0x1062, 0x1062, 0x1061, 0x1061, 0x1061, 0x1061, 0x0861, 0x0861, 0x0862, 0x1061, 
  0x0842, 0x0841, 0x2065, 0x8993, 0xba7a, 0x8a93, 0x5aac, 0x5acb, 0x5aaa, 0x52aa, 0x52aa, 0x528a, 
  0x528a, 0x4a69, 0x4a69, 0x4a69, 0x4a49, 0x4a49, 0x4228, 0x4228, 0x4228, 0x4208, 0x4208, 0x4208, 
  0x39e7, 0x39e7, 0x39e7, 0x39c7, 0x39c7, 0x39c7, 0x39c7, 0x31a6, 0x31a6, 0x31a6, 0x3186, 0x3186, 
  0x3186, 0x3186, 0x2965, 0x2965, 0x2965, 0x2945, 0x2124, 0x2104, 0x2104, 0x2104, 0x2104, 0x2104, 
  0x2104, 0x18e3, 0x18e3, 0x18e3, 0x730f, 0x6aad, 0x6aad, 0x6aad, 0x628d, 0x628d, 0x626c, 0x5a4c, 
  0x5a2b, 0x520b, 0x520b, 0x51ea, 0x49ca, 0x49a9, 0x49a9, 0x49a9, 0x49a9, 0x49a9, 0x49a9, 0x49a9, 
  0x49a9, 0x49aa, 0x49aa, 0x51ab, 0x59ad, 0x61ce, 0x7211, 0x8a53, 0x9ab4, 0xa2d6, 0xa2b6, 0x9a95, 
  0x8a34, 0x79f2, 0x71d0, 0x61af, 0x59ad, 0x59cc, 0x51cb, 0x51ca, 0x51ca, 0x49ca, 0x49ca, 0x51ea, 
  0x51ea, 0x51ea, 0x51ea, 0x51ea, 0x51ea, 0x51ea, 0x51ea, 0x51ea, 0x49ca, 0x49a9, 0x4189, 0x4189, 
  0x4168, 0x4168, 0x4168, 0x4168, 0x4168, 0x4168, 0x4168, 0x4168, 0x4168, 0x4168, 0x4168, 0x3948, 
  0x3948, 0x3948, 0x3948, 0x3948, 0x3948, 0x3948, 0x3948, 0x3948, 0x3948, 0x3948, 0x3948, 0x3948, 
  0x3948, 0x3948, 0x3948, 0x3948, 0x3948, 0x3948, 0x3948, 0x3948, 0x3948, 0x3948, 0x3948, 0x3948, 
  0x3948, 0x3948, 0x3948, 0x3948, 0x3948, 0x3948, 0x3948, 0x3948, 0x3948, 0x4148, 0x4168, 0x4168, 
  0x4168, 0x4168, 0x4168, 0x4168, 0x4168, 0x4168, 0x4168, 0x4168, 0x4168, 0x4168, 0x4168, 0x4168, 
  0x4188, 0x4189, 0x4189, 0x4189, 0x4189, 0x4989, 0x4989, 0x4989, 0x4989, 0x4989, 0x49a9, 0x49a9, 
  0x49a9, 0x49a9, 0x49a9, 0x49a9, 0x49a9, 0x49a9, 0x49a9, 0x49a9, 0x49aa, 0x49aa, 0x49aa, 0x49aa, 
  0x49aa, 0x49aa, 0x49aa, 0x49aa, 0x49aa, 0x49aa, 0x49aa, 0x49aa, 0x49aa, 0x49aa, 0x49aa, 0x49aa, 
  0x49aa, 0x49aa, 0x49aa, 0x49aa, 0x49aa, 0x49aa, 0x49aa, 0x49aa, 0x49aa, 0x49aa, 0x49aa, 0x49aa, 
  0x49aa, 0x49aa, 0x49aa, 0x49aa, 0x49aa, 0x49a9, 0x49a9, 0x49a9, 0x4989, 0x4189, 0x4189, 0x4168, 
  0x4168, 0x4168, 0x4168, 0x4168, 0x4168, 0x4168, 0x4168, 0x4168, 0x4168, 0x4168, 0x4168, 0x4168, 
  0x4168, 0x4168, 0x4168, 0x4168, 0x4168, 0x4168, 0x4168, 0x4168, 0x4168, 0x4168, 0x4168, 0x4168, 
  0x4168, 0x4168, 0x4168, 0x4168, 0x4189, 0x4189, 0x49a9, 0x49a9, 0x49a9, 0x49aa, 0x49ca, 0x49aa, 
  0x49a9, 0x49a9, 0x49ca, 0x49ca, 0x49a9, 0x49a9, 0x49a9, 0x49a9, 0x49a9, 0x49a9, 0x49a9, 0x49a9, 
  0x49a9, 0x49a9, 0x49a9, 0x49ca, 0x51ea, 0x51eb, 0x520b, 0x520b, 0x520b, 0x520b, 0x520b, 0x51eb, 
  0x51eb, 0x51eb, 0x51ea, 0x51ea, 0x51ea, 0x51ea, 0x51ca, 0x51ca, 0x51ca, 0x49ca, 0x49ca, 0x49ca, 
  0x49aa, 0x49aa, 0x49aa, 0x49aa, 0x49aa, 0x51aa, 0x51aa, 0x51ab, 0x51cb, 0x59cb, 0x59cc, 0x59ec, 
  0x59ec, 0x5a0c, 0x620c, 0x622d, 0x6a2e, 0x724f, 0x7a70, 0x82b1, 0x82d2, 0x8b12, 0x8b32, 0x8b52, 
  0x8b72, 0x8371, 0x8371, 0x8370, 0x7b50, 0x7b50, 0x7b50, 0x7b2f, 0x7b2f, 0x7b2f, 0x732f, 0x730f, 
  0x730f, 0x730f, 0x72ef, 0x72ee, 0x72ee, 0x72ee, 0x6ace, 0x6ace, 0x6ace, 0x6ace, 0x6aad, 0x6aad, 
  0x6aad, 0x6aad, 0x6aad, 0x628d, 0x628d, 0x628d, 0x626c, 0x626c, 0x626c, 0x5a4c, 0x5a4c, 0x5a2b, 
  0x520b, 0x49ca, 0x49a9, 0x4168, 0x3948, 0x3107, 0x30e6, 0x28c6, 0x28c6, 0x28c6, 0x28c6, 0x28c6, 
  0x51ea, 0x2064, 0x2064, 0x2064, 0x2064, 0x1864, 0x1844, 0x1844, 0x1844, 0x1844, 0x1844, 0x1844, 
  0x1844, 0x1844, 0x1844, 0x1844, 0x1844, 0x1844, 0x1844, 0x1844, 0x1844, 0x1844, 0x1844, 0x1844, 
  0x1844, 0x1844, 0x1844, 0x2045, 0x2046, 0x2847, 0x2848, 0x304a, 0x384c, 0x404d, 0x482e, 0x484e, 
  0x484d, 0x404b, 0x3869, 0x3087, 0x2886, 0x2886, 0x2885, 0x2885, 0x28a5, 0x28a5, 0x28a5, 0x28a5, 
  0x28a5, 0x28a5, 0x2085, 0x2085, 0x2064, 0x1844, 0x1823, 0x1003, 0x1003, 0x1003, 0x1003, 0x1003, 
  0x1003, 0x1003, 0x1003, 0x1003, 0x1003, 0x1003, 0x1003, 0x1003, 0x1003, 0x1003, 0x1003, 0x1003, 
  0x1003, 0x1003, 0x1003, 0x1003, 0x1003, 0x1003, 0x1003, 0x1003, 0x1003, 0x1003, 0x1003, 0x1003, 
  0x1003, 0x1003, 0x1003, 0x1003, 0x1003, 0x1003, 0x1003, 0x1003, 0x1003, 0x1003, 0x1003, 0x1003, 
  0x1003, 0x1003, 0x1803, 0x1803, 0x1823, 0x1823, 0x1823, 0x1823, 0x1823, 0x1823, 0x1823, 0x1823, 
  0x1823, 0x1823, 0x1823, 0x1823, 0x1824, 0x1844, 0x1844, 0x1844, 0x1844, 0x2044, 0x2044, 0x2044, 
  0x2044, 0x2044, 0x2044, 0x2064, 0x2064, 0x2064, 0x2064, 0x2064, 0x2064, 0x2064, 0x2064, 0x2064, 
  0x2064, 0x2064, 0x2064, 0x2064, 0x2064, 0x2064, 0x2064, 0x2064, 0x2064, 0x2064, 0x2064, 0x2064, 
  0x2064, 0x2064, 0x2064, 0x2064, 0x2064, 0x2064, 0x2064, 0x2064, 0x2064, 0x2064, 0x2064, 0x2064, 
  0x2064, 0x2064, 0x2064, 0x2064, 0x2064, 0x2064, 0x2064, 0x2064, 0x2064, 0x2064, 0x2064, 0x2064, 
  0x2064, 0x2064, 0x2064, 0x2064, 0x2064, 0x2064, 0x2064, 0x2044, 0x2044, 0x1824, 0x1823, 0x1823, 
  0x1823, 0x1823, 0x1823, 0x1823, 0x1823, 0x1823, 0x1823, 0x1823, 0x1823, 0x1823, 0x1823, 0x1823, 
  0x1823, 0x1823, 0x1823, 0x1823, 0x1823, 0x1823, 0x1823, 0x1823, 0x1823, 0x1823, 0x1823, 0x1823, 
  0x1823, 0x1823, 0x1823, 0x1823, 0x1823, 0x1823, 0x1823, 0x1824, 0x1844, 0x1844, 0x1844, 0x2064, 
  0x2064, 0x2064, 0x2064, 0x2064, 0x2064, 0x2064, 0x2064, 0x2044, 0x1844, 0x1844, 0x1844, 0x2044, 
  0x2064, 0x2085, 0x2085, 0x28a5, 0x28a5, 0x28a5, 0x28a5, 0x28a5, 0x28a5, 0x2885, 0x2885, 0x2885, 
  0x2085, 0x2085, 0x2065, 0x2065, 0x2065, 0x2064, 0x2064, 0x2064, 0x2064, 0x2064, 0x2065, 0x2865, 
  0x3066, 0x3867, 0x4088, 0x48aa, 0x50cb, 0x590d, 0x614e, 0x61ae, 0x61ce, 0x620e, 0x622e, 0x624d, 
  0x5a4c, 0x5a4c, 0x5a4c, 0x5a2c, 0x5a2b, 0x5a2b, 0x520b, 0x520b, 0x520b, 0x520b, 0x51ea, 0x51ea, 
  0x51ea, 0x49ca, 0x49ca, 0x49ca, 0x49aa, 0x49a9, 0x49a9, 0x49a9, 0x4189, 0x4189, 0x4189, 0x4189, 
  0x4189, 0x4168, 0x4168, 0x4168, 0x4168, 0x3948, 0x3948, 0x3948, 0x3948, 0x3928, 0x3927, 0x3927, 
  0x3107, 0x3107, 0x3107, 0x30e6, 0x30e6, 0x30e6, 0x28e6, 0x28c6, 0x28c6, 0x28c6, 0x28c6, 0x28c6, 
  0x28c6, 0x28c6, 0x28c6, 0x28c6, 0x28c6, 0x28c6, 0x28c6, 0x28c6, 0x51ea, 0x2064, 0x2064, 0x2064, 
  0x1864, 0x1844, 0x1844, 0x1844, 0x1844, 0x1844, 0x1844, 0x1844, 0x1844, 0x1844, 0x1844, 0x1844, 
  0x1844, 0x1844, 0x1844, 0x1844, 0x1844, 0x1844, 0x1844, 0x1844, 0x1844, 0x1844, 0x1844, 0x2045, 
  0x2045, 0x2046, 0x2847, 0x3049, 0x384b, 0x402c, 0x402d, 0x484d, 0x484d, 0x404b, 0x3869, 0x3088, 
  0x2886, 0x2886, 0x2885, 0x2885, 0x28a5, 0x28a5, 0x28a5, 0x28a5, 0x28a5, 0x28a5, 0x2085, 0x2084, 
  0x1844, 0x1844, 0x1823, 0x1003, 0x1003, 0x1003, 0x1003, 0x1003, 0x1003, 0x1003, 0x1003, 0x1003, 
  0x1003, 0x1003, 0x1003, 0x1003, 0x1003, 0x1003, 0x1003, 0x1003, 0x1003, 0x1003, 0x1003, 0x1003, 
  0x1003, 0x1003, 0x1003, 0x1003, 0x1003, 0x1003, 0x1003, 0x1003, 0x1003, 0x1003, 0x1003, 0x1003, 
  0x1003, 0x1003, 0x1003, 0x1003, 0x1003, 0x1003, 0x1003, 0x1003, 0x1003, 0x1003, 0x1803, 0x1803, 
  0x1823, 0x1823, 0x1823, 0x1823, 0x1823, 0x1823, 0x1823, 0x1823, 0x1823, 0x1823, 0x1823, 0x1824, 
  0x1824, 0x1844, 0x1844, 0x1844, 0x1844, 0x2044, 0x2044, 0x2044, 0x2044, 0x2044, 0x2044, 0x2064, 
  0x2064, 0x2064, 0x2064, 0x2064, 0x2064, 0x2064, 0x2064, 0x2064, 0x2064, 0x2064, 0x2064, 0x2064, 
  0x2064, 0x2064, 0x2064, 0x2064, 0x2064, 0x2064, 0x2064, 0x2064, 0x2064, 0x2064, 0x2064, 0x2064, 
  0x2064, 0x2064, 0x2064, 0x2064, 0x2064, 0x2064, 0x2064, 0x2064, 0x2064, 0x2064, 0x2064, 0x2064, 
  0x2064, 0x2064, 0x2064, 0x2064, 0x2064, 0x2064, 0x2064, 0x2064, 0x2064, 0x2064, 0x2064, 0x2064, 
  0x2064, 0x2064, 0x2064, 0x2044, 0x2044, 0x1844, 0x1823, 0x1823, 0x1823, 0x1823, 0x1823, 0x1823, 
  0x1823, 0x1823, 0x1823, 0x1823, 0x1823, 0x1823, 0x1823, 0x1823, 0x1823, 0x1823, 0x1823, 0x1823, 
  0x1823, 0x1823, 0x1823, 0x1823, 0x1823, 0x1823, 0x1823, 0x1823, 0x1823, 0x1823, 0x1823, 0x1823, 
  0x1823, 0x1823, 0x1823, 0x1823, 0x1824, 0x1844, 0x1844, 0x2044, 0x2064, 0x2064, 0x2064, 0x2064, 
  0x2064, 0x2064, 0x2064, 0x2044, 0x1844, 0x1844, 0x1844, 0x1844, 0x2064, 0x2064, 0x2085, 0x2885, 
  0x28a5, 0x28a5, 0x28a5, 0x28a5, 0x28a5, 0x2885, 0x2885, 0x2885, 0x2085, 0x2085, 0x2065, 0x2065, 
  0x2064, 0x2064, 0x2064, 0x2064, 0x2064, 0x2064, 0x2865, 0x2865, 0x3066, 0x3867, 0x4889, 0x50ab, 
  0x58ec, 0x612d, 0x618e, 0x61ce, 0x620e, 0x622e, 0x624d, 0x624d, 0x5a4c, 0x5a4c, 0x5a4c, 0x5a2c, 
  0x5a2b, 0x522b, 0x520b, 0x520b, 0x520b, 0x520b, 0x51ea, 0x51ea, 0x51ea, 0x49ca, 0x49ca, 0x49ca, 
  0x49aa, 0x49a9, 0x49a9, 0x41a9, 0x4189, 0x4189, 0x4189, 0x4189, 0x4168, 0x4168, 0x4168, 0x4168, 
  0x4168, 0x3948, 0x3948, 0x3948, 0x3948, 0x3928, 0x3927, 0x3927, 0x3107, 0x3107, 0x30e6, 0x30e6, 
  0x30e6, 0x30e6, 0x28c6, 0x28c6, 0x28c6, 0x28c6, 0x28c6, 0x28c6, 0x28c6, 0x28c6, 0x28c6, 0x28c6, 
  0x28c6, 0x28c6, 0x28c6, 0x28c6, 0x51ea, 0x2064, 0x1864, 0x1844, 0x1844, 0x1844, 0x1844, 0x1844, 
  0x1844, 0x1844, 0x1844, 0x1844, 0x1844, 0x1844, 0x1844, 0x1844, 0x1844, 0x1844, 0x1844, 0x1844, 
  0x1844, 0x1844, 0x1844, 0x1844, 0x1844, 0x1844, 0x1844, 0x2045, 0x2045, 0x2046, 0x2847, 0x3049, 
  0x304a, 0x382c, 0x402d, 0x482d, 0x484c, 0x404b, 0x3869, 0x3088, 0x2886, 0x2886, 0x2885, 0x2885, 
  0x28a5, 0x28a5, 0x28a5, 0x28a5, 0x28a5, 0x28a5, 0x2085, 0x2084, 0x1844, 0x1824, 0x1823, 0x1003, 
  0x1003, 0x1003, 0x1003, 0x1003, 0x1003, 0x1003, 0x1003, 0x1003, 0x1003, 0x1003, 0x1003, 0x1003, 
  0x1003, 0x1003, 0x1003, 0x1003, 0x1003, 0x1003, 0x1003, 0x1003, 0x1003, 0x1003, 0x1003, 0x1003, 
  0x1003, 0x1003, 0x1003, 0x1003, 0x1003, 0x1003, 0x1003, 0x1003, 0x1003, 0x1003, 0x1003, 0x1003, 
  0x1003, 0x1003, 0x1003, 0x1003, 0x1003, 0x1003, 0x1803, 0x1803, 0x1823, 0x1823, 0x1823, 0x1823, 
  0x1823, 0x1823, 0x1823, 0x1823, 0x1823, 0x1823, 0x1823, 0x1824, 0x1824, 0x1844, 0x1844, 0x1844, 
  0x2044, 0x2044, 0x2044, 0x2044, 0x2044, 0x2044, 0x2064, 0x2064, 0x2064, 0x2064, 0x2064, 0x2064, 
  0x2064, 0x2064, 0x2064, 0x2064, 0x2064, 0x2064, 0x2064, 0x2064, 0x2064, 0x2064, 0x2064, 0x2064, 
  0x2064, 0x2064, 0x2064, 0x2064, 0x2064, 0x2064, 0x2064, 0x2064, 0x2064, 0x2064, 0x2064, 0x2064, 
  0x2064, 0x2064, 0x2064, 0x2064, 0x2064, 0x2064, 0x2064, 0x2064, 0x2064, 0x2064, 0x2064, 0x2064, 
  0x2064, 0x2064, 0x2064, 0x2064, 0x2064, 0x2064, 0x2064, 0x2064, 0x2064, 0x2064, 0x2064, 0x2044, 
  0x2044, 0x1844, 0x1823, 0x1823, 0x1823, 0x1823, 0x1823, 0x1823, 0x1823, 0x1823, 0x1823, 0x1823, 
  0x1823, 0x1823, 0x1823, 0x1823, 0x1823, 0x1823, 0x1823, 0x1823, 0x1823, 0x1823, 0x1823, 0x1823, 
  0x1823, 0x1823, 0x1823, 0x1823, 0x1823, 0x1823, 0x1823, 0x1823, 0x1823, 0x1823, 0x1823, 0x1823, 
  0x1824, 0x1844, 0x1844, 0x2044, 0x2064, 0x2064, 0x2064, 0x2064, 0x2064, 0x2064, 0x2064, 0x2044, 
  0x1844, 0x1844, 0x1844, 0x1844, 0x2064, 0x2064, 0x2085, 0x2885, 0x28a5, 0x28a5, 0x28a5, 0x28a5, 
  0x28a5, 0x2885, 0x2885, 0x2885, 0x2085, 0x2085, 0x2065, 0x2065, 0x2064, 0x2064, 0x2064, 0x2064, 
  0x2064, 0x2064, 0x2865, 0x2865, 0x3066, 0x3868, 0x4889, 0x50cb, 0x590d, 0x614e, 0x618e, 0x61ce, 
  0x620e, 0x622e, 0x624d, 0x624d, 0x5a4c, 0x5a4c, 0x5a4c, 0x5a2c, 0x5a2b, 0x522b, 0x520b, 0x520b, 
  0x520b, 0x520a, 0x51ea, 0x51ea, 0x51ea, 0x49ca, 0x49ca, 0x49ca, 0x49aa, 0x49a9, 0x49a9, 0x41a9, 
  0x4189, 0x4189, 0x4189, 0x4189, 0x4168, 0x4168, 0x4168, 0x4168, 0x4168, 0x3948, 0x3948, 0x3948, 
  0x3948, 0x3928, 0x3927, 0x3927, 0x3107, 0x3107, 0x30e6, 0x30e6, 0x30e6, 0x30e6, 0x28c6, 0x28c6, 
  0x28c6, 0x28c6, 0x28c6, 0x28c6, 0x28c6, 0x28c6, 0x28c6, 0x28c6, 0x28c6, 0x28c6, 0x28c6, 0x28c6, 
  0x51ea, 0x2064, 0x1844, 0x1844, 0x1844, 0x1844, 0x1844, 0x1844, 0x1844, 0x1844, 0x1844, 0x1844, 
  0x1844, 0x1844, 0x1844, 0x1844, 0x1844, 0x1844, 0x1844, 0x1844, 0x1844, 0x1844, 0x1844, 0x1844, 
  0x1844, 0x1844, 0x1844, 0x2045, 0x2045, 0x2046, 0x2847, 0x3049, 0x384a, 0x402c, 0x402d, 0x484d, 
  0x484d, 0x404b, 0x3869, 0x3088, 0x2886, 0x2886, 0x2885, 0x2885, 0x28a5, 0x28a5, 0x28a5, 0x28a5, 
  0x28a5, 0x28a5, 0x2085, 0x2084, 0x1844, 0x1844, 0x1823, 0x1003, 0x1003, 0x1003, 0x1003, 0x1003, 
  0x1003, 0x1003, 0x1003, 0x1003, 0x1003, 0x1003, 0x1003, 0x1003, 0x1003, 0x1003, 0x1003, 0x1003, 
  0x1003, 0x1003, 0x1003, 0x1003, 0x1003, 0x1003, 0x1003, 0x1003, 0x1003, 0x1003, 0x1003, 0x1003, 
  0x1003, 0x1003, 0x1003, 0x1003, 0x1003, 0x1003, 0x1003, 0x1003, 0x1003, 0x1003, 0x1003, 0x1003, 
  0x1003, 0x1003, 0x1803, 0x1803, 0x1823, 0x1823, 0x1823, 0x1823, 0x1823, 0x1823, 0x1823, 0x1823, 
  0x1823, 0x1823, 0x1823, 0x1824, 0x1824, 0x1844, 0x1844, 0x1844, 0x1844, 0x2044, 0x2044, 0x2044, 
  0x2044, 0x2044, 0x2044, 0x2064, 0x2064, 0x2064, 0x2064, 0x2064, 0x2064, 0x2064, 0x2064, 0x2064, 
  0x2064, 0x2064, 0x2064, 0x2064, 0x2064, 0x2064, 0x2064, 0x2064, 0x2064, 0x2064, 0x2064, 0x2064, 
  0x2064, 0x2064, 0x2064, 0x2064, 0x2064, 0x2064, 0x2064, 0x2064, 0x2064, 0x2064, 0x2064, 0x2064, 
  0x2064, 0x2064, 0x2064, 0x2064, 0x2064, 0x2064, 0x2064, 0x2064, 0x2064, 0x2064, 0x2064, 0x2064, 
  0x2064, 0x2064, 0x2064, 0x2064, 0x2064, 0x2064, 0x2064, 0x2044, 0x2044, 0x1844, 0x1823, 0x1823, 
  0x1823, 0x1823, 0x1823, 0x1823, 0x1823, 0x1823, 0x1823, 0x1823, 0x1823, 0x1823, 0x1823, 0x1823, 
  0x1823, 0x1823, 0x1823, 0x1823, 0x1823, 0x1823, 0x1823, 0x1823, 0x1823, 0x1823, 0x1823, 0x1823, 
  0x1823, 0x1823, 0x1823, 0x1823, 0x1823, 0x1823, 0x1823, 0x1823, 0x1824, 0x1844, 0x1844, 0x2044, 
  0x2064, 0x2064, 0x2064, 0x2064, 0x2064, 0x2064, 0x2064, 0x2044, 0x1844, 0x1844, 0x1844, 0x2044, 
  0x2064, 0x2064, 0x2085, 0x2885, 0x28a5, 0x28a5, 0x28a5, 0x28a5, 0x28a5, 0x2885, 0x2885, 0x2885, 
  0x2085, 0x2085, 0x2065, 0x2065, 0x2064, 0x2064, 0x2064, 0x2064, 0x2064, 0x2064, 0x2865, 0x2865, 
  0x3066, 0x3868, 0x4089, 0x50ab, 0x58ec, 0x612e, 0x618e, 0x61ce, 0x620e, 0x622e, 0x624d, 0x624d, 
  0x5a4c, 0x5a4c, 0x5a4c, 0x5a2c, 0x5a2b, 0x522b, 0x520b, 0x520b, 0x520b, 0x520b, 0x51ea, 0x51ea, 
  0x51ea, 0x49ca, 0x49ca, 0x49ca, 0x49aa, 0x49a9, 0x49a9, 0x49a9, 0x4189, 0x4189, 0x4189, 0x4189, 
  0x4168, 0x4168, 0x4168, 0x4168, 0x4168, 0x3948, 0x3948, 0x3948, 0x3948, 0x3928, 0x3927, 0x3927, 
  0x3107, 0x3107, 0x30e6, 0x30e6, 0x30e6, 0x30e6, 0x28c6, 0x28c6, 0x28c6, 0x28c6, 0x28c6, 0x28c6, 
  0x28c6, 0x28c6, 0x28c6, 0x28c6, 0x28c6, 0x28c6, 0x28c6, 0x28c6, 0x49ca, 0x1844, 0x1844, 0x1844, 
  0x1844, 0x1844, 0x1844, 0x1844, 0x1844, 0x1844, 0x1844, 0x1844, 0x1844, 0x1844, 0x1844, 0x1844, 
  0x1844, 0x1844, 0x1844, 0x1844, 0x1844, 0x1844, 0x1844, 0x1844, 0x1844, 0x1844, 0x1844, 0x2045, 
  0x2045, 0x2046, 0x2848, 0x3049, 0x384b, 0x402c, 0x482d, 0x484d, 0x484d, 0x404b, 0x3869, 0x3088, 
  0x2886, 0x2886, 0x2885, 0x2885, 0x28a5, 0x28a5, 0x28a5, 0x28a5, 0x28a5, 0x28a5, 0x2085, 0x2084, 
  0x2044, 0x1844, 0x1823, 0x1003, 0x1003, 0x1003, 0x1003, 0x1003, 0x1003, 0x1003, 0x1003, 0x1003, 
  0x1003, 0x1003, 0x1003, 0x1003, 0x1003, 0x1003, 0x1003, 0x1003, 0x1003, 0x1003, 0x1003, 0x1003, 
  0x1003, 0x1003, 0x1003, 0x1003, 0x1003, 0x1003, 0x1003, 0x1003, 0x1003, 0x1003, 0x1003, 0x1003, 
  0x1003, 0x1003, 0x1003, 0x1003, 0x1003, 0x1003, 0x1003, 0x1003, 0x1003, 0x1003, 0x1803, 0x1803, 
  0x1823, 0x1823, 0x1823, 0x1823, 0x1823, 0x1823, 0x1823, 0x1823, 0x1823, 0x1823, 0x1823, 0x1824, 
  0x1824, 0x1844, 0x1844, 0x1844, 0x1844, 0x2044, 0x2044, 0x2044, 0x2044, 0x2044, 0x2044, 0x2064, 
  0x2064, 0x2064, 0x2064, 0x2064, 0x2064, 0x2064, 0x2064, 0x2064, 0x2064, 0x2064, 0x2064, 0x2064, 
  0x2064, 0x2064, 0x2064, 0x2064, 0x2064, 0x2064, 0x2064, 0x2064, 0x2064, 0x2064, 0x2064, 0x2064, 
  0x2064, 0x2064, 0x2064, 0x2064, 0x2064, 0x2064, 0x2064, 0x2064, 0x2064, 0x2064, 0x2064, 0x2064, 
  0x2064, 0x2064, 0x2064, 0x2064, 0x2064, 0x2064, 0x2064, 0x2064, 0x2064, 0x2064, 0x2064, 0x2064, 
  0x2064, 0x2064, 0x2064, 0x2044, 0x2044, 0x1844, 0x1823, 0x1823, 0x1823, 0x1823, 0x1823, 0x1823, 
  0x1823, 0x1823, 0x1823, 0x1823, 0x1823, 0x1823, 0x1823, 0x1823, 0x1823, 0x1823, 0x1823, 0x1823, 
  0x1823, 0x1823, 0x1823, 0x1823, 0x1823, 0x1823, 0x1823, 0x1823, 0x1823, 0x1823, 0x1823, 0x1823, 
  0x1823, 0x1823, 0x1823, 0x1823, 0x1824, 0x1844, 0x1844, 0x2044, 0x2064, 0x2064, 0x2064, 0x2064, 
  0x2064, 0x2064, 0x2064, 0x2044, 0x1844, 0x1844, 0x1844, 0x2044, 0x2064, 0x2065, 0x2085, 0x28a5, 
  0x28a5, 0x28a5, 0x28a5, 0x28a5, 0x28a5, 0x2885, 0x2885, 0x2885, 0x2085, 0x2085, 0x2065, 0x2065, 
  0x2064, 0x2064, 0x2064, 0x2064, 0x2064, 0x2064, 0x2065, 0x2865, 0x3066, 0x3867, 0x4089, 0x48ab, 
  0x50ec, 0x592d, 0x616e, 0x61ae, 0x61ee, 0x622e, 0x624d, 0x624d, 0x5a4c, 0x5a4c, 0x5a4c, 0x5a2c, 
  0x5a2b, 0x5a2b, 0x520b, 0x520b, 0x520b, 0x520b, 0x51ea, 0x51ea, 0x51ea, 0x49ca, 0x49ca, 0x49ca, 
  0x49aa, 0x49a9, 0x49a9, 0x49a9, 0x4189, 0x4189, 0x4189, 0x4189, 0x4188, 0x4168, 0x4168, 0x4168, 
  0x4168, 0x3948, 0x3948, 0x3948, 0x3948, 0x3928, 0x3927, 0x3927, 0x3107, 0x3107, 0x3106, 0x30e6, 
  0x30e6, 0x30e6, 0x28c6, 0x28c6, 0x28c6, 0x28c6, 0x28c6, 0x28c6, 0x28c6, 0x28c6, 0x28c6, 0x28c6, 
  0x28c6, 0x28c6, 0x28c6, 0x28c6, 0x49ca, 0x1844, 0x1844, 0x1844, 0x1844, 0x1844, 0x1844, 0x1844, 
  0x1844, 0x1844, 0x1844, 0x1844, 0x1844, 0x1844, 0x1844, 0x1844, 0x1844, 0x1844, 0x1844, 0x1844, 
  0x1844, 0x1844, 0x1844, 0x1844, 0x1844, 0x1844, 0x1844, 0x2045, 0x2045, 0x2846, 0x2848, 0x3049, 
  0x384b, 0x402c, 0x482d, 0x484d, 0x484d, 0x404b, 0x3869, 0x3087, 0x2886, 0x2886, 0x2885, 0x2885, 
  0x28a5, 0x28a5, 0x28a5, 0x28a5, 0x28a5, 0x28a5, 0x2085, 0x2085, 0x2044, 0x1844, 0x1823, 0x1003, 
  0x1003, 0x1003, 0x1003, 0x1003, 0x1003, 0x1003, 0x1003, 0x1003, 0x1003, 0x1003, 0x1003, 0x1003, 
  0x1003, 0x1003, 0x1003, 0x1003, 0x1003, 0x1003, 0x1003, 0x1003, 0x1003, 0x1003, 0x1003, 0x1003, 
  0x1003, 0x1003, 0x1003, 0x1003, 0x1003, 0x1003, 0x1003, 0x1003, 0x1003, 0x1003, 0x1003, 0x1003, 
  0x1003, 0x1003, 0x1003, 0x1003, 0x1003, 0x1003, 0x1003, 0x1803, 0x1823, 0x1823, 0x1823, 0x1823, 
  0x1823, 0x1823, 0x1823, 0x1823, 0x1823, 0x1823, 0x1823, 0x1823, 0x1824, 0x1844, 0x1844, 0x1844, 
  0x1844, 0x2044, 0x2044, 0x2044, 0x2044, 0x2044, 0x2044, 0x2064, 0x2064, 0x2064, 0x2064, 0x2064, 
  0x2064, 0x2064, 0x2064, 0x2064, 0x2064, 0x2064, 0x2064, 0x2064, 0x2064, 0x2064, 0x2064, 0x2064, 
  0x2064, 0x2064, 0x2064, 0x2064, 0x2064, 0x2064, 0x2064, 0x2064, 0x2064, 0x2064, 0x2064, 0x2064, 
  0x2064, 0x2064, 0x2064, 0x2064, 0x2064, 0x2064, 0x2064, 0x2064, 0x2064, 0x2064, 0x2064, 0x2064, 
  0x2064, 0x2064, 0x2064, 0x2064, 0x2064, 0x2064, 0x2064, 0x2064, 0x2064, 0x2064, 0x2064, 0x2044, 
  0x2044, 0x1824, 0x1823, 0x1823, 0x1823, 0x1823, 0x1823, 0x1823, 0x1823, 0x1823, 0x1823, 0x1823, 
  0x1823, 0x1823, 0x1823, 0x1823, 0x1823, 0x1823, 0x1823, 0x1823, 0x1823, 0x1823, 0x1823, 0x1823, 
  0x1823, 0x1823, 0x1823, 0x1823, 0x1823, 0x1823, 0x1823, 0x1823, 0x1823, 0x1823, 0x1823, 0x1824, 
  0x1824, 0x1844, 0x2044, 0x2044, 0x2064, 0x2064, 0x2064, 0x2064, 0x2064, 0x2064, 0x2064, 0x2044, 
  0x1844, 0x1844, 0x1844, 0x2044, 0x2064, 0x2085, 0x2085, 0x28a5, 0x28a5, 0x28a5, 0x28a5, 0x28a5, 
  0x28a5, 0x2885, 0x2885, 0x2885, 0x2085, 0x2085, 0x2065, 0x2065, 0x2064, 0x2064, 0x2064, 0x2064, 
  0x2064, 0x2064, 0x2065, 0x2865, 0x2866, 0x3067, 0x4069, 0x48aa, 0x50cc, 0x590d, 0x614e, 0x61ae, 
  0x61ee, 0x620e, 0x622d, 0x624d, 0x5a4c, 0x5a4c, 0x5a4c, 0x5a2c, 0x5a2b, 0x5a2b, 0x520b, 0x520b, 
  0x520b, 0x520b, 0x51ea, 0x51ea, 0x51ea, 0x49ca, 0x49ca, 0x49ca, 0x49aa, 0x49a9, 0x49a9, 0x49a9, 
  0x4189, 0x4189, 0x4189, 0x4189, 0x4188, 0x4168, 0x4168, 0x4168, 0x4168, 0x3948, 0x3948, 0x3948, 
  0x3948, 0x3928, 0x3927, 0x3927, 0x3107, 0x3107, 0x3106, 0x30e6, 0x30e6, 0x30e6, 0x30e6, 0x28c6, 
  0x28c6, 0x28c6, 0x28c6, 0x28c6, 0x28c6, 0x28c6, 0x28c6, 0x28c6, 0x28c6, 0x28c6, 0x28c6, 0x3107, 
  0x49a9, 0x1844, 0x1844, 0x1844, 0x1844, 0x1844, 0x1844, 0x1844, 0x1844, 0x1844, 0x1844, 0x1844, 
  0x1844, 0x1844, 0x1844, 0x1844, 0x1844, 0x1844, 0x1844, 0x1844, 0x1844, 0x1844, 0x1844, 0x1844, 
  0x1844, 0x1844, 0x1844, 0x2045, 0x2045, 0x2846, 0x2848, 0x3049, 0x384b, 0x402c, 0x482d, 0x484d, 
  0x484d, 0x404b, 0x3869, 0x3088, 0x2886, 0x2886, 0x2885, 0x2885, 0x28a5, 0x28a5, 0x28a5, 0x28a5, 
  0x28a5, 0x28a5, 0x2085, 0x2085, 0x2044, 0x1844, 0x1823, 0x1003, 0x1003, 0x1003, 0x1003, 0x1003, 
  0x1003, 0x1003, 0x1003, 0x1003, 0x1003, 0x1003, 0x1003, 0x1003, 0x1003, 0x1003, 0x1003, 0x1003, 
  0x1003, 0x1003, 0x1003, 0x1003, 0x1003, 0x1003, 0x1003, 0x1003, 0x1003, 0x1003, 0x1003, 0x1003, 
  0x1003, 0x1003, 0x1003, 0x1003, 0x1003, 0x1003, 0x1003, 0x1003, 0x1003, 0x1003, 0x1003, 0x1003, 
  0x1003, 0x1003, 0x1003, 0x1803, 0x1823, 0x1823, 0x1823, 0x1823, 0x1823, 0x1823, 0x1823, 0x1823, 
  0x1823, 0x1823, 0x1823, 0x1824, 0x1824, 0x1844, 0x1844, 0x1844, 0x1844, 0x2044, 0x2044, 0x2044, 
  0x2044, 0x2044, 0x2044, 0x2064, 0x2064, 0x2064, 0x2064, 0x2064, 0x2064, 0x2064, 0x2064, 0x2064, 
  0x2064, 0x2064, 0x2064, 0x2064, 0x2064, 0x2064, 0x2064, 0x2064, 0x2064, 0x2064, 0x2064, 0x2064, 
  0x2064, 0x2064, 0x2064, 0x2064, 0x2064, 0x2064, 0x2064, 0x2064, 0x2064, 0x2064, 0x2064, 0x2064, 
  0x2064, 0x2064, 0x2064, 0x2064, 0x2064, 0x2064, 0x2064, 0x2064, 0x2064, 0x2064, 0x2064, 0x2064, 
  0x2064, 0x2064, 0x2064, 0x2064, 0x2064, 0x2064, 0x2064, 0x2044, 0x2044, 0x1824, 0x1823, 0x1823, 
  0x1823, 0x3127, 0x7b90, 0xad15, 0x6b0e, 0x3107, 0x1823, 0x1823, 0x1823, 0x1823, 0x1823, 0x1823, 
  0x1823, 0x1823, 0x1823, 0x1823, 0x520a, 0x520a, 0x1823, 0x520a, 0x628c, 0x1823, 0x1823, 0x1823, 
  0x1823, 0x1823, 0x1823, 0x28a5, 0x7b90, 0xad15, 0x730e, 0x28a5, 0x1824, 0x1844, 0x2044, 0x2044, 
  0x2064, 0x2064, 0x2064, 0x2064, 0x2064, 0x2064, 0x2064, 0x2044, 0x1844, 0x1844, 0x1844, 0x2044, 
  0x2064, 0x2085, 0x2085, 0x28a5, 0x28a5, 0x28a5, 0x28a5, 0x28a5, 0x28a5, 0x2885, 0x2885, 0x2885, 
  0x2085, 0x2085, 0x2065, 0x2065, 0x2064, 0x2064, 0x2064, 0x2064, 0x2064, 0x2064, 0x2065, 0x2865, 
  0x2866, 0x3067, 0x3869, 0x48ab, 0x50cc, 0x590d, 0x7a91, 0xa476, 0xbd58, 0x9c54, 0x72ef, 0x624d, 
  0x5a4c, 0x5a4c, 0x5a4c, 0x5a2c, 0x5a2b, 0x5a2b, 0x520b, 0x520b, 0x520b, 0x8bf1, 0x7b70, 0x51ea, 
  0x7b6f, 0x83d1, 0x49ca, 0x49ca, 0x49aa, 0x49a9, 0x49a9, 0x49a9, 0x4189, 0x4189, 0x4189, 0xa4d4, 
  0x730e, 0x4168, 0x4168, 0x4168, 0x4168, 0x3948, 0x3948, 0x3948, 0x3948, 0x3928, 0x3927, 0x3927, 
  0x3107, 0x3107, 0x3106, 0x30e6, 0x30e6, 0x30e6, 0x30e6, 0x28c6, 0x28c6, 0x28c6, 0x28c6, 0x28c6, 
  0x28c6, 0x28c6, 0x28c6, 0x28c6, 0x28c6, 0x28c6, 0x28c6, 0x4168, 0x4189, 0x1844, 0x1844, 0x1844, 
  0x1844, 0x1844, 0x1844, 0x1844, 0x1844, 0x1844, 0x1844, 0x1844, 0x1844, 0x1844, 0x1844, 0x1844, 
  0x1844, 0x1844, 0x1844, 0x1844, 0x1844, 0x1844, 0x1844, 0x1844, 0x1844, 0x1844, 0x1844, 0x2045, 
  0x2045, 0x2846, 0x2847, 0x3049, 0x384a, 0x402c, 0x482d, 0x484d, 0x484d, 0x404b, 0x3869, 0x3088, 
  0x2886, 0x2886, 0x2885, 0x2885, 0x28a5, 0x28a5, 0x28a5, 0x28a5, 0x28a5, 0x28a5, 0x2085, 0x2084, 
  0x2044, 0x1844, 0x1823, 0x1003, 0x1003, 0x1003, 0x1003, 0x1003, 0x1003, 0x1003, 0x1003, 0x1003, 
  0x1003, 0x1003, 0x1003, 0x1003, 0x1003, 0x1003, 0x1003, 0x1003, 0x1003, 0x1003, 0x1003, 0x1003, 
  0x1003, 0x1003, 0x1003, 0x1003, 0x1003, 0x1003, 0x1003, 0x1003, 0x1003, 0x1003, 0x1003, 0x1003, 
  0x1003, 0x1003, 0x1003, 0x1003, 0x1003, 0x1003, 0x1003, 0x1003, 0x1003, 0x1003, 0x1003, 0x1803, 
  0x1823, 0x1823, 0x1823, 0x1823, 0x1823, 0x28a5, 0x7b90, 0xad15, 0x8c11, 0x3927, 0x1823, 0x1824, 
  0x1824, 0x1844, 0x1844, 0x1844, 0x1844, 0x2044, 0x2044, 0x2044, 0x49c9, 0x732e, 0x2044, 0x3948, 
  0x83b0, 0x2064, 0x2064, 0x2064, 0x2064, 0x2064, 0x2064, 0x30e6, 0x83b0, 0xad35, 0x734f, 0x2064, 
  0x2064, 0x2064, 0x2064, 0x2064, 0x2064, 0x2064, 0x2064, 0x2064, 0x2064, 0x2064, 0x2064, 0x2064, 
  0x2064, 0x2064, 0x2064, 0x2064, 0x2064, 0x2064, 0x2064, 0x2064, 0x2064, 0x2064, 0x2064, 0x2064, 
  0x2064, 0x2064, 0x2064, 0x2064, 0x2064, 0x2064, 0x2064, 0x2064, 0x2064, 0x2064, 0x2064, 0x2064, 
  0x2064, 0x2064, 0x2064, 0x2044, 0x2044, 0x1844, 0x1823, 0x1823, 0x7b90, 0xf77e, 0xad15, 0x8c11, 
  0xb597, 0xe6fc, 0x4188, 0x1823, 0x1823, 0x1823, 0x1823, 0x1823, 0x1823, 0x1823, 0x1823, 0x1823, 
  0x8c11, 0x8c11, 0x1823, 0x8c11, 0xad15, 0x1823, 0x1823, 0x1823, 0x1823, 0x1823, 0x3127, 0xe71c, 
  0xad15, 0x730e, 0xad15, 0xd69a, 0x1824, 0x1844, 0x1844, 0x2044, 0x2064, 0x2064, 0x2064, 0x2064, 
  0x2064, 0x2064, 0x2064, 0x2044, 0x1844, 0x1844, 0x1844, 0x2044, 0x2064, 0x2084, 0x2085, 0x2885, 
  0x28a5, 0x28a5, 0x28a5, 0x28a5, 0x28a5, 0x2885, 0x2885, 0x2885, 0x2085, 0x2085, 0x2065, 0x2065, 
  0x2064, 0x2064, 0x2064, 0x2064, 0x2064, 0x2065, 0x2065, 0x2865, 0x3067, 0x3868, 0x4089, 0x48ab, 
  0x50ed, 0xa435, 0xf79e, 0xbd58, 0xb4f7, 0xce3a, 0xef5d, 0x7b50, 0x5a4c, 0x5a4c, 0x5a4c, 0x5a2b, 
  0x5a2b, 0x5a2b, 0x520b, 0x520b, 0x520b, 0xbdb8, 0xacf5, 0x51ea, 0xa4f5, 0xbdb7, 0x49ca, 0x49ca, 
  0x49aa, 0x49a9, 0x49a9, 0x49a9, 0x4189, 0x4189, 0x9c73, 0xffff, 0xa4b4, 0x4168, 0x4168, 0x4168, 
  0x4168, 0x3948, 0x3948, 0x3948, 0x3948, 0x3928, 0x3927, 0x3927, 0x3107, 0x3107, 0x30e6, 0x30e6, 
  0x30e6, 0x30e6, 0x30c6, 0x28c6, 0x28c6, 0x28c6, 0x28c6, 0x28c6, 0x28c6, 0x28c6, 0x28c6, 0x28c6, 
  0x28c6, 0x28c6, 0x28c6, 0x49ca, 0x4189, 0x1844, 0x1844, 0x1844, 0x1844, 0x1844, 0x1844, 0x1844, 
  0x1844, 0x1844, 0x1844, 0x1844, 0x1844, 0x1844, 0x1844, 0x1844, 0x1844, 0x1844, 0x1844, 0x1844, 
  0x1844, 0x1844, 0x1844, 0x1844, 0x1844, 0x1844, 0x1844, 0x2044, 0x30c7, 0x83b1, 0xad16, 0x8bb2, 
  0x512c, 0x402b, 0x402c, 0x482d, 0x484c, 0x404b, 0x386a, 0x3068, 0x2887, 0x2886, 0x2885, 0x51ea, 
  0x6aed, 0x28a5, 0x520a, 0x7b6f, 0x28a5, 0x28a5, 0x2085, 0x2084, 0x1844, 0x1824, 0x1823, 0x6b0e, 
  0x6b0e, 0x1003, 0x1003, 0x1003, 0x1003, 0x1003, 0x1003, 0x1003, 0x1003, 0x1003, 0x1003, 0x1003, 
  0x1003, 0x1003, 0x1003, 0x1003, 0x1003, 0x1003, 0x1003, 0x1003, 0x1003, 0x1003, 0x1003, 0x1003, 
  0x1003, 0x1003, 0x1003, 0x1003, 0x1003, 0x1003, 0x1003, 0x1003, 0x1003, 0x1003, 0x1003, 0x1003, 
  0x1003, 0x1003, 0x1003, 0x1003, 0x1003, 0x1003, 0x1803, 0x1803, 0x1823, 0x1823, 0x1823, 0x1823, 
  0x4188, 0xf77e, 0xc618, 0x8c11, 0xad15, 0xffff, 0x732e, 0x1824, 0x1844, 0x1844, 0x1844, 0x1844, 
  0x1844, 0x2044, 0x2044, 0x2044, 0x732e, 0xc619, 0x2064, 0x5a4b, 0xe71c, 0x2064, 0x2064, 0x2064, 
  0x2064, 0x2064, 0x3968, 0xe71c, 0xad35, 0x83b0, 0xbdb7, 0xce19, 0x2064, 0x2064, 0x2064, 0x2064, 
  0x2064, 0x2064, 0x2064, 0x2064, 0x2064, 0x2064, 0x2064, 0x2064, 0x2064, 0x2064, 0x2064, 0x2064, 
  0x2064, 0x2064, 0x2064, 0x2064, 0x2064, 0x2064, 0x2064, 0x2064, 0x2064, 0x2064, 0x2064, 0x2064, 
  0x2064, 0x2064, 0x2064, 0x2064, 0x2064, 0x2064, 0x2064, 0x2064, 0x2064, 0x2064, 0x2064, 0x2044, 
  0x2044, 0x1844, 0x1823, 0x3927, 0xffff, 0x4188, 0x1823, 0x1823, 0x1823, 0x8c11, 0xe6fc, 0x1823, 
  0x1823, 0x1823, 0x1823, 0x3107, 0x28a5, 0x1823, 0x1823, 0x1823, 0x8c11, 0x8c11, 0x1823, 0x8c11, 
  0xad15, 0x1823, 0x1823, 0x1823, 0x1823, 0x1823, 0x7b90, 0xad15, 0x1823, 0x1823, 0x1823, 0xf77e, 
  0x41a9, 0x1844, 0x1844, 0x2044, 0x2064, 0x2064, 0x2064, 0x2064, 0x2064, 0x2064, 0x2064, 0x2044, 
  0x1844, 0x1844, 0x1844, 0x1844, 0x2064, 0x2064, 0x2085, 0x2885, 0x28a5, 0x28a5, 0x28a5, 0x28a5, 
  0x28a5, 0x2885, 0x2885, 0x2885, 0x2085, 0x2085, 0x2065, 0x2065, 0x2064, 0x2064, 0x2064, 0x2064, 
  0x2064, 0x2065, 0x2865, 0x2866, 0x3067, 0x3869, 0x408a, 0x50cc, 0x69ef, 0xffff, 0x82d2, 0x61ce, 
  0x620e, 0x622d, 0xb536, 0xe6fc, 0x5a4c, 0x5a4c, 0x5a4c, 0x628d, 0x6aee, 0x626c, 0x520b, 0x520b, 
  0x520b, 0xbdb8, 0xacf5, 0x51ea, 0xa4f5, 0xbdb7, 0x49ca, 0x49ca, 0x49a9, 0x49a9, 0x49a9, 0x49a9, 
  0x4189, 0x5a6c, 0xef3d, 0xbd97, 0xa4b4, 0x4168, 0x4168, 0x4168, 0x4168, 0x3948, 0x3948, 0x3948, 
  0x3948, 0x3927, 0x3927, 0x3927, 0x3107, 0x3107, 0x30e6, 0x30e6, 0x30e6, 0x30e6, 0x28c6, 0x28c6, 
  0x28c6, 0x28c6, 0x28c6, 0x28c6, 0x28c6, 0x28c6, 0x28c6, 0x28c6, 0x28c6, 0x28c6, 0x28c6, 0x520b, 
  0x4168, 0x1844, 0x1844, 0x1844, 0x1844, 0x1844, 0x1844, 0x1844, 0x1844, 0x1844, 0x1844, 0x1844, 
  0x1844, 0x1844, 0x1844, 0x1844, 0x1844, 0x1844, 0x1844, 0x1844, 0x1844, 0x1844, 0x1844, 0x1844, 
  0x1844, 0x1844, 0x1844, 0x62ad, 0xf77e, 0xbd97, 0x9433, 0xb516, 0xf77e, 0x8332, 0x402b, 0x482c, 
  0x484c, 0x404b, 0x386a, 0x3068, 0x3087, 0x2886, 0x2885, 0x7b6f, 0xad36, 0x28a5, 0x7b6f, 0xce39, 
  0x28a5, 0x28a5, 0x2085, 0x2064, 0x1844, 0x3927, 0xc618, 0xf77e, 0xc618, 0x1003, 0x1003, 0x1003, 
  0x1003, 0x1003, 0x1003, 0x1003, 0x1003, 0x1003, 0x1003, 0x1003, 0x1003, 0x1003, 0x1003, 0x1003, 
  0x1003, 0x1003, 0x1003, 0x1003, 0x1003, 0x1003, 0x1003, 0x1003, 0x1003, 0x1003, 0x1003, 0x1003, 
  0x1003, 0x1003, 0x1003, 0x1003, 0x1003, 0x1003, 0x1003, 0x1003, 0x1003, 0x1003, 0x1003, 0x1003, 
  0x1003, 0x1003, 0x1803, 0x1803, 0x1823, 0x1823, 0x1823, 0x1823, 0xe71c, 0x7b90, 0x1823, 0x1823, 
  0x1823, 0x522a, 0xf77e, 0x28a5, 0x1844, 0x1844, 0x1844, 0x3947, 0x3947, 0x2044, 0x2044, 0x2044, 
  0x732e, 0xc619, 0x2064, 0x5a4b, 0xe71c, 0x2064, 0x2064, 0x2064, 0x2064, 0x2064, 0x734f, 0xbd97, 
  0x2064, 0x2064, 0x2064, 0xf79e, 0x49c9, 0x2064, 0x2064, 0x2064, 0x2064, 0x2064, 0x2064, 0x2064, 
  0x2064, 0x2064, 0x2064, 0x2064, 0x2064, 0x2064, 0x2064, 0x2064, 0x2064, 0x2064, 0x2064, 0x2064, 
  0x2064, 0x2064, 0x2064, 0x2064, 0x2064, 0x2064, 0x2064, 0x2064, 0x2064, 0x2064, 0x2064, 0x2064, 
  0x2064, 0x2064, 0x2064, 0x2064, 0x2064, 0x2064, 0x2064, 0x2064, 0x2044, 0x1844, 0x1824, 0x9c93, 
  0xad15, 0x1823, 0x1823, 0x1823, 0x1823, 0x1823, 0x8c11, 0x28a5, 0x1823, 0x4188, 0xf77e, 0xd69a, 
  0xf77e, 0x9c93, 0x1823, 0x1823, 0x8c11, 0x8c11, 0x1823, 0x8c11, 0xad15, 0x1823, 0x1823, 0x1823, 
  0x1823, 0x1823, 0x1823, 0x1823, 0x1823, 0x1823, 0x1823, 0xe71c, 0x522a, 0x1824, 0x1844, 0x1844, 
  0x2044, 0x2064, 0x2064, 0x2064, 0x2064, 0x2064, 0x2064, 0x2044, 0x1844, 0x1844, 0x1844, 0x1844, 
  0x2064, 0x2064, 0x2085, 0x2885, 0x28a5, 0x28a5, 0x28a5, 0x28a5, 0x2885, 0x2885, 0x2885, 0x2885, 
  0x2085, 0x2085, 0x2065, 0x2065, 0x2064, 0x2064, 0x2064, 0x2064, 0x2065, 0x2065, 0x2866, 0x3067, 
  0x3868, 0x408a, 0x48ac, 0x50ed, 0xc579, 0xc599, 0x61ce, 0x620e, 0x622d, 0x624d, 0x6aae, 0xad36, 
  0x6aad, 0x5a4c, 0x83b0, 0xf7be, 0xe6fc, 0xf79e, 0xb576, 0x520b, 0x520b, 0xbdb8, 0xacf5, 0x51ea, 
  0xa4f5, 0xbdb7, 0x49ca, 0x49ca, 0x49a9, 0x49a9, 0x49a9, 0x4189, 0x4189, 0xbd97, 0x9453, 0xa4b4, 
  0xa4b4, 0x4168, 0x4168, 0x4168, 0x4148, 0x3948, 0x3948, 0x3948, 0x3948, 0x3927, 0x3927, 0x3127, 
  0x3107, 0x3107, 0x30e6, 0x30e6, 0x30e6, 0x30c6, 0x28c6, 0x28c6, 0x28c6, 0x28c6, 0x28c6, 0x28c6, 
  0x28c6, 0x28c6, 0x28c6, 0x28c6, 0x28c6, 0x28c6, 0x28c6, 0x5a4c, 0x4168, 0x1844, 0x1844, 0x1844, 
  0x1844, 0x1844, 0x1844, 0x1844, 0x1844, 0x1844, 0x1844, 0x1844, 0x1844, 0x1844, 0x1844, 0x1844, 
  0x1844, 0x1844, 0x1844, 0x1844, 0x1844, 0x1844, 0x1844, 0x1844, 0x1844, 0x1844, 0x3947, 0xe71c, 
  0x732e, 0x2045, 0x2045, 0x2846, 0x7b30, 0xf77e, 0x48ab, 0x402b, 0x402c, 0x404b, 0x594d, 0x40ea, 
  0x3087, 0x2886, 0x2886, 0x7b6f, 0xad36, 0x28a5, 0x7b6f, 0xce39, 0x28a5, 0x28a5, 0x2085, 0x2064, 
  0x1844, 0xbd97, 0x7b8f, 0x8c11, 0xc618, 0x1003, 0x1003, 0x1003, 0x1003, 0x1003, 0x1003, 0x1003, 
  0x1003, 0x1003, 0x1003, 0x1003, 0x1003, 0x1003, 0x1003, 0x1003, 0x1003, 0x1003, 0x1003, 0x1003, 
  0x1003, 0x1003, 0x1003, 0x1003, 0x1003, 0x1003, 0x1003, 0x1003, 0x1003, 0x1003, 0x1003, 0x1003, 
  0x1003, 0x1003, 0x1003, 0x1003, 0x1003, 0x1003, 0x1003, 0x1003, 0x1003, 0x1803, 0x1803, 0x1803, 
  0x1823, 0x1823, 0x1823, 0x62ac, 0xd69a, 0x1823, 0x1823, 0x1823, 0x1823, 0x1823, 0x8390, 0x49a9, 
  0x1844, 0x3927, 0xc619, 0xe71c, 0xe71c, 0xe71c, 0x3948, 0x2044, 0x732e, 0xc619, 0x2064, 0x5a4b, 
  0xe71c, 0x2064, 0x2064, 0x2064, 0x2064, 0x2064, 0x3968, 0x3968, 0x2064, 0x2064, 0x2064, 0xe71c, 
  0x5a4b, 0x2064, 0x2064, 0x2064, 0x2064, 0x2064, 0x2064, 0x2064, 0x2064, 0x2064, 0x2064, 0x2064, 
  0x2064, 0x2064, 0x2064, 0x2064, 0x2064, 0x2064, 0x2064, 0x2064, 0x2064, 0x2064, 0x2064, 0x2064, 
  0x2064, 0x2064, 0x2064, 0x2064, 0x2064, 0x2064, 0x2064, 0x2064, 0x2064, 0x2064, 0x2064, 0x2064, 
  0x2064, 0x2064, 0x2064, 0x2064, 0x2044, 0x2044, 0x1844, 0xc618, 0x730e, 0x1823, 0x1823, 0x1823, 
  0x1823, 0x1823, 0x1823, 0x1823, 0x3127, 0xe71c, 0x520a, 0x1823, 0x1823, 0xc618, 0x8c11, 0x1823, 
  0x8c11, 0x8c11, 0x1823, 0x8c11, 0xad15, 0x1823, 0x1823, 0x1823, 0x1823, 0x1823, 0x1823, 0x1823, 
  0x4188, 0x730e, 0xc618, 0xad15, 0x1823, 0x1823, 0x1844, 0x1844, 0x1844, 0x2044, 0x2064, 0x2064, 
  0x2064, 0x2064, 0x2044, 0x1844, 0x1844, 0x1844, 0x1844, 0x1844, 0x2044, 0x2064, 0x2085, 0x2085, 
  0x28a5, 0x28a5, 0x28a5, 0x28a5, 0x2885, 0x2885, 0x2885, 0x2085, 0x2085, 0x2065, 0x2065, 0x2064, 
  0x2064, 0x2064, 0x2064, 0x2065, 0x2065, 0x2866, 0x3067, 0x3868, 0x408a, 0x48ac, 0x50ed, 0x592e, 
  0xde5b, 0x93b4, 0x620e, 0x622e, 0x624d, 0x624c, 0x624c, 0x5a4c, 0x5a4c, 0x72ee, 0xef5d, 0x7b4f, 
  0x520b, 0x626c, 0xe6fc, 0x9452, 0x51ea, 0xbdb8, 0xacf5, 0x51ca, 0xa4f5, 0xbdb7, 0x49ca, 0x49a9, 
  0x49a9, 0x49a9, 0x49a9, 0x4189, 0x8c11, 0xe73d, 0x4189, 0xa4b4, 0xa4b4, 0x4168, 0x4168, 0x4168, 
  0x3948, 0x3948, 0x3948, 0x3948, 0x3927, 0x3927, 0x3927, 0x3107, 0x3107, 0x30e6, 0x30e6, 0x30e6, 
  0x30e6, 0x28c6, 0x28c6, 0x28c6, 0x28c6, 0x28c6, 0x28c6, 0x28c6, 0x28c6, 0x28c6, 0x28c6, 0x28c6, 
  0x28c6, 0x28c6, 0x28c6, 0x628d, 0x3948, 0x1844, 0x1844, 0x1844, 0x1844, 0x1844, 0x1844, 0x1844, 
  0x1844, 0x1844, 0x1844, 0x1844, 0x1844, 0x1844, 0x1844, 0x1844, 0x1844, 0x1844, 0x1844, 0x1844, 
  0x1844, 0x1844, 0x1844, 0x1844, 0x1844, 0x1844, 0x732e, 0xc619, 0x1844, 0x2044, 0x2045, 0x2045, 
  0x2846, 0x8b92, 0x492b, 0x382a, 0x592d, 0xef1d, 0xe71d, 0xe71d, 0xbdb8, 0x38e8, 0x2886, 0x7b6f, 
  0xad36, 0x28a5, 0x7b6f, 0xce39, 0x28a5, 0x28a5, 0x2085, 0x2064, 0x1844, 0x1823, 0x1823, 0x8c11, 
  0xc618, 0x1003, 0x1003, 0x1003, 0x1003, 0x1003, 0x1003, 0x1003, 0x1003, 0x1003, 0x1003, 0x1003, 
  0x1003, 0x1003, 0x1003, 0x1003, 0x1003, 0x1003, 0x1003, 0x1003, 0x1003, 0x1003, 0x1003, 0x1003, 
  0x1003, 0x1003, 0x1003, 0x1003, 0x1003, 0x1003, 0x1003, 0x1003, 0x1003, 0x1003, 0x1003, 0x1003, 
  0x1003, 0x1003, 0x1003, 0x1003, 0x1003, 0x1803, 0x1803, 0x1803, 0x1823, 0x1823, 0x1823, 0x9c93, 
  0x9c93, 0x1823, 0x1823, 0x1823, 0x1823, 0x1823, 0x1824, 0x1844, 0x1844, 0xe71c, 0x8c32, 0x2044, 
  0x2044, 0x9cb3, 0xc619, 0x2044, 0x732e, 0xc619, 0x2064, 0x5a4b, 0xe71c, 0x2064, 0x2064, 0x2064, 
  0x2064, 0x2064, 0x2064, 0x2064, 0x2064, 0x2064, 0x83d0, 0xe71c, 0x2064, 0x2064, 0x2064, 0x2064, 
  0x2064, 0x2064, 0x2064, 0x2064, 0x2064, 0x2064, 0x2064, 0x2064, 0x2064, 0x2064, 0x2064, 0x2064, 
  0x2064, 0x2064, 0x2064, 0x2064, 0x2064, 0x2064, 0x2064, 0x2064, 0x2064, 0x2064, 0x2064, 0x2064, 
  0x2064, 0x2064, 0x2064, 0x2064, 0x2064, 0x2064, 0x2064, 0x2064, 0x2064, 0x2064, 0x2064, 0x2064, 
  0x2064, 0x2044, 0x1844, 0xc619, 0x730e, 0x1823, 0x1823, 0x1823, 0x1823, 0x1823, 0x1823, 0x1823, 
  0x628c, 0xd69a, 0x3107, 0x3107, 0x3107, 0x7b90, 0xb597, 0x1823, 0x8c11, 0x8c11, 0x1823, 0x8c11, 
  0xad15, 0x1823, 0x1823, 0x1823, 0x1823, 0x1823, 0x1823, 0x1823, 0x628c, 0xb597, 0xd69a, 0x9c93, 
  0x1823, 0x1823, 0x1823, 0x1844, 0x1844, 0x1844, 0x2044, 0x2044, 0x2064, 0x2044, 0x2044, 0x1844, 
  0x1844, 0x1844, 0x1844, 0x1844, 0x2044, 0x2064, 0x2065, 0x2085, 0x2885, 0x28a5, 0x28a5, 0x2885, 
  0x2885, 0x2885, 0x2085, 0x2085, 0x2085, 0x2065, 0x2065, 0x2064, 0x2064, 0x2065, 0x2065, 0x2065, 
  0x2866, 0x3067, 0x3868, 0x408a, 0x48ac, 0x50ed, 0x592e, 0x618e, 0xef3d, 0x93f3, 0x622d, 0x624d, 
  0x624d, 0x624c, 0x5a4c, 0x5a4c, 0x5a4c, 0x8c12, 0xd69a, 0x6aee, 0x6acd, 0x6acd, 0xa4b4, 0xce19, 
  0x51ea, 0xbdb7, 0xa4f5, 0x49ca, 0xa4f5, 0xbdb7, 0x49a9, 0x49a9, 0x49a9, 0x49a9, 0x4189, 0x5a6c, 
  0xef3d, 0x5a4b, 0x4168, 0xa4b4, 0xa4b4, 0x4168, 0x4168, 0x3948, 0x3948, 0x3948, 0x3948, 0x3927, 
  0x3927, 0x3927, 0x3107, 0x3107, 0x3107, 0x30e6, 0x30e6, 0x30e6, 0x30e6, 0x28c6, 0x28c6, 0x28c6, 
  0x28c6, 0x28c6, 0x28c6, 0x28c6, 0x28c6, 0x28c6, 0x28c6, 0x28c6, 0x28c6, 0x28c6, 0x28c6, 0x6aad, 
  0x3948, 0x1844, 0x1844, 0x1844, 0x1844, 0x1844, 0x1844, 0x1844, 0x1844, 0x1844, 0x1844, 0x1844, 
  0x1844, 0x1844, 0x1844, 0x1844, 0x1844, 0x1844, 0x1844, 0x1844, 0x1844, 0x1844, 0x1844, 0x1844, 
  0x1844, 0x1844, 0xad15, 0x8c32, 0x1844, 0x1844, 0x2044, 0x2045, 0x2045, 0x2826, 0x3027, 0x3028, 
  0xe71d, 0x9393, 0x404a, 0x384a, 0xacb5, 0x9453, 0x2886, 0x7b6f, 0xad36, 0x28a5, 0x7b6f, 0xce39, 
  0x28a5, 0x2085, 0x2085, 0x2064, 0x1844, 0x1823, 0x1003, 0x8c11, 0xc618, 0x1003, 0x1003, 0x1003, 
  0x1003, 0x1003, 0x1003, 0x1003, 0x1003, 0x1003, 0x1003, 0x1003, 0x1003, 0x1003, 0x1003, 0x1003, 
  0x1003, 0x1003, 0x1003, 0x1003, 0x1003, 0x1003, 0x1003, 0x1003, 0x1003, 0x1003, 0x1003, 0x1003, 
  0x1003, 0x1003, 0x1003, 0x1003, 0x1003, 0x1003, 0x1003, 0x1003, 0x1003, 0x1003, 0x1003, 0x1003, 
  0x1803, 0x1803, 0x1803, 0x1823, 0x1823, 0x1823, 0x1823, 0xad15, 0x8c11, 0x1823, 0x1823, 0x1823, 
  0x1823, 0x1824, 0x1844, 0x1844, 0x49c9, 0xf79e, 0x3947, 0x3947, 0x3947, 0x5a4b, 0xf79e, 0x2064, 
  0x732e, 0xce19, 0x2064, 0x5a4b, 0xe71c, 0x2064, 0x2064, 0x2064, 0x2064, 0x2064, 0x2064, 0x2064, 
  0x2064, 0x49ca, 0xe71c, 0x3968, 0x2064, 0x2064, 0x2064, 0x2064, 0x2064, 0x2064, 0x2064, 0x2064, 
  0x2064, 0x2064, 0x2064, 0x2064, 0x2064, 0x2064, 0x2064, 0x2064, 0x2064, 0x2064, 0x2064, 0x2064, 
  0x2064, 0x2064, 0x2064, 0x2064, 0x2064, 0x2064, 0x2064, 0x2064, 0x2064, 0x2064, 0x2064, 0x2064, 
  0x2064, 0x2064, 0x2064, 0x2064, 0x2064, 0x2064, 0x2064, 0x2064, 0x2064, 0x2044, 0x2044, 0xbd97, 
  0x7b90, 0x1823, 0x1823, 0x1823, 0x1823, 0x1823, 0x1823, 0x1823, 0x7b90, 0xf77e, 0xe71c, 0xe71c, 
  0xe71c, 0xe71c, 0xb597, 0x1823, 0x8c11, 0x8c11, 0x1823, 0x8c11, 0xad15, 0x1823, 0x1823, 0x1823, 
  0x1823, 0x1823, 0x1823, 0x1823, 0x1823, 0x1823, 0x1823, 0xc618, 0x8c11, 0x1823, 0x1823, 0x1823, 
  0x1844, 0x1844, 0x1844, 0x1844, 0x2044, 0x2044, 0x1844, 0x1844, 0x1844, 0x1844, 0x1844, 0x1844, 
  0x1844, 0x2064, 0x2064, 0x2085, 0x2885, 0x2885, 0x28a5, 0x2885, 0x2885, 0x2885, 0x2085, 0x2085, 
  0x2065, 0x2065, 0x2065, 0x2065, 0x2065, 0x2065, 0x2865, 0x2866, 0x3067, 0x3889, 0x408b, 0x48cc, 
  0x590d, 0x614e, 0x618e, 0x61ee, 0xd63a, 0xacd5, 0x624d, 0x626d, 0x624c, 0x5a4c, 0x5a4c, 0x5a4c, 
  0x5a2b, 0xad15, 0xf79e, 0xef5d, 0xef5d, 0xef3d, 0xef3d, 0xce19, 0x51ea, 0xbdb7, 0xa4f5, 0x49ca, 
  0xa4f5, 0xbdb7, 0x49a9, 0x49a9, 0x49a9, 0x49a9, 0x4189, 0xbd97, 0xa4b4, 0x4189, 0x4168, 0xa4b4, 
  0xa4b4, 0x4168, 0x3948, 0x3948, 0x3948, 0x3948, 0x3948, 0x3927, 0x3927, 0x3927, 0x3107, 0x3107, 
  0x30e6, 0x30e6, 0x30e6, 0x30e6, 0x28c6, 0x28c6, 0x28c6, 0x28c6, 0x28c6, 0x28c6, 0x28c6, 0x28c6, 
  0x28c6, 0x28c6, 0x28c6, 0x28c6, 0x28c6, 0x28c6, 0x28c6, 0x6ace, 0x3948, 0x1844, 0x1844, 0x1844, 
  0x1844, 0x1844, 0x1844, 0x1844, 0x1844, 0x1844, 0x1844, 0x1844, 0x1844, 0x1844, 0x1844, 0x1844, 
  0x1844, 0x1844, 0x1844, 0x1844, 0x1844, 0x1844, 0x1844, 0x1844, 0x1844, 0x1844, 0xad15, 0x8c32, 
  0x1844, 0x1844, 0x1844, 0x2044, 0x2045, 0x2045, 0x2826, 0x622d, 0xe71d, 0x512c, 0x512d, 0x514c, 
  0x8331, 0xe71c, 0x2887, 0x7b70, 0xad36, 0x28a5, 0x7b6f, 0xce39, 0x28a5, 0x2085, 0x2085, 0x2064, 
  0x1844, 0x1823, 0x1003, 0x8c11, 0xc618, 0x1003, 0x1003, 0x1003, 0x1003, 0x1003, 0x1003, 0x1003, 
  0x1003, 0x1003, 0x1003, 0x1003, 0x1003, 0x1003, 0x1003, 0x1003, 0x1003, 0x1003, 0x1003, 0x1003, 
  0x1003, 0x1003, 0x1003, 0x1003, 0x1003, 0x1003, 0x1003, 0x1003, 0x1003, 0x1003, 0x1003, 0x1003, 
  0x1003, 0x1003, 0x1003, 0x1003, 0x1003, 0x1003, 0x1803, 0x1803, 0x1803, 0x1823, 0x1823, 0x1823, 
  0x1823, 0x1823, 0x1823, 0x7b90, 0xad15, 0x1823, 0x1823, 0x1823, 0x1824, 0x1844, 0x1844, 0x1844, 
  0x522b, 0xffff, 0xe71c, 0xe71c, 0xe71c, 0xe71c, 0xe71c, 0x2064, 0x732e, 0xce19, 0x2064, 0x5a4b, 
  0xe71c, 0x2064, 0x2064, 0x2064, 0x2064, 0x2064, 0x2064, 0x2064, 0x3968, 0xe71c, 0x62cd, 0x2064, 
  0x2064, 0x2064, 0x2064, 0x2064, 0x2064, 0x2064, 0x2064, 0x2064, 0x2064, 0x2064, 0x2064, 0x2064, 
  0x2064, 0x2064, 0x2064, 0x2064, 0x2064, 0x2064, 0x2064, 0x2064, 0x2064, 0x2064, 0x2064, 0x2064, 
  0x2064, 0x2064, 0x2064, 0x2064, 0x2064, 0x2064, 0x2064, 0x2064, 0x2064, 0x2064, 0x2064, 0x2064, 
  0x2064, 0x2064, 0x2064, 0x2064, 0x2064, 0x2064, 0x2044, 0x83b0, 0xc618, 0x1823, 0x1823, 0x1823, 
  0x1823, 0x3127, 0xffff, 0x28a5, 0x730e, 0xc618, 0x1823, 0x1823, 0x1823, 0x1823, 0x1823, 0x1823, 
  0x8c11, 0x8c11, 0x1823, 0x8c11, 0xad15, 0x1823, 0x1823, 0x1823, 0x1823, 0x1823, 0x628c, 0x3107, 
  0x1823, 0x1823, 0x1823, 0x8c11, 0xad15, 0x1823, 0x1823, 0x1823, 0x1823, 0x1844, 0x1844, 0x1844, 
  0x1844, 0x1844, 0x1844, 0x1844, 0x1844, 0x1844, 0x1844, 0x1844, 0x1844, 0x2044, 0x2064, 0x2085, 
  0x2085, 0x2885, 0x2885, 0x2885, 0x2885, 0x2885, 0x2085, 0x2085, 0x2065, 0x2065, 0x2065, 0x2065, 
  0x2065, 0x2866, 0x2867, 0x3068, 0x388a, 0x48ab, 0x50cd, 0x590e, 0x616e, 0x61af, 0x61ee, 0x622e, 
  0xacd5, 0xde9b, 0x626c, 0x626c, 0x5a4c, 0x5a4c, 0x730e, 0xffff, 0x628d, 0x9453, 0xd69a, 0x520b, 
  0x520b, 0x520a, 0x51ea, 0x51ea, 0x51ea, 0xbdb7, 0xa4f5, 0x49ca, 0xa4d4, 0xbdb7, 0x49a9, 0x49a9, 
  0x49a9, 0x4189, 0x4189, 0xffff, 0xffff, 0xffff, 0xffff, 0xffff, 0xffff, 0xe73c, 0x3948, 0x3948, 
  0x3948, 0x3948, 0x3927, 0x3927, 0x3927, 0x3107, 0x3107, 0x30e6, 0x30e6, 0x30e6, 0x30e6, 0x28c6, 
  0x28c6, 0x28c6, 0x28c6, 0x28c6, 0x28c6, 0x28c6, 0x28c6, 0x28c6, 0x28c6, 0x28c6, 0x28c6, 0x28c6, 
  0x28c6, 0x28c6, 0x28c6, 0x72ee, 0x3927, 0x1844, 0x1844, 0x1844, 0x1844, 0x1844, 0x1844, 0x1844, 
  0x1844, 0x1844, 0x1844, 0x1844, 0x1844, 0x1844, 0x1844, 0x1844, 0x1844, 0x1844, 0x1844, 0x1844, 
  0x1844, 0x1844, 0x1844, 0x1844, 0x1844, 0x1844, 0x9cb3, 0x9cb3, 0x1844, 0x1844, 0x1844, 0x1844, 
  0x2044, 0x2045, 0x2025, 0x6aae, 0xf77e, 0xe71c, 0xe71d, 0xe71d, 0xe71d, 0xce1a, 0x3087, 0x7b50, 
  0xad36, 0x28a5, 0x7b6f, 0xce39, 0x28a5, 0x2085, 0x2085, 0x2064, 0x1844, 0x1823, 0x1003, 0x8c11, 
  0xc618, 0x1003, 0x1003, 0x1003, 0x1003, 0x1003, 0x1003, 0x1003, 0x1003, 0x1003, 0x1003, 0x1003, 
  0x1003, 0x1003, 0x1003, 0x1003, 0x1003, 0x1003, 0x1003, 0x1003, 0x1003, 0x1003, 0x1003, 0x1003, 
  0x1003, 0x1003, 0x1003, 0x1003, 0x1003, 0x1003, 0x1003, 0x1003, 0x1003, 0x1003, 0x1003, 0x1003, 
  0x1003, 0x1003, 0x1803, 0x1803, 0x1823, 0x1823, 0x1823, 0x1823, 0x1823, 0x1823, 0x1823, 0x522a, 
  0xf77e, 0x28a5, 0x1823, 0x1823, 0x1844, 0x1844, 0xe71c, 0x522b, 0x3947, 0xf79e, 0x2044, 0x2044, 
  0x2044, 0x2044, 0x2064, 0x2064, 0x734e, 0xce19, 0x2064, 0x5a4b, 0xe71c, 0x2064, 0x2064, 0x2064, 
  0x2064, 0x2064, 0x2064, 0x3968, 0xe71c, 0x83b0, 0x2064, 0x2064, 0x2064, 0x2064, 0x2064, 0x2064, 
  0x2064, 0x2064, 0x2064, 0x2064, 0x2064, 0x2064, 0x2064, 0x2064, 0x2064, 0x2064, 0x2064, 0x2064, 
  0x2064, 0x2064, 0x2064, 0x2064, 0x2064, 0x2064, 0x2064, 0x2064, 0x2064, 0x2064, 0x2064, 0x2064, 
  0x2064, 0x2064, 0x2064, 0x2064, 0x2064, 0x2064, 0x2064, 0x2064, 0x2064, 0x2064, 0x2064, 0x2064, 
  0x2064, 0x2064, 0x2064, 0x28c6, 0xe71c, 0x9c93, 0x3127, 0x1823, 0x4189, 0xd69a, 0x9c93, 0x1823, 
  0x28a5, 0xf77e, 0x628c, 0x1823, 0x1823, 0x9c93, 0x6b0e, 0x1823, 0x8c11, 0x8c11, 0x1823, 0x8c11, 
  0xad15, 0x1823, 0x1823, 0x1823, 0x1823, 0x1823, 0x8c11, 0xd69a, 0x3107, 0x1823, 0x3127, 0xe71c, 
  0x6b0e, 0x1823, 0x1823, 0x1823, 0x1823, 0x1823, 0x1844, 0x1844, 0x1844, 0x1844, 0x1844, 0x1844, 
  0x1844, 0x1844, 0x1844, 0x1844, 0x1844, 0x2044, 0x2064, 0x2064, 0x2085, 0x2885, 0x2885, 0x2885, 
  0x2885, 0x2085, 0x2085, 0x2065, 0x2065, 0x2065, 0x2065, 0x2865, 0x2866, 0x3067, 0x3868, 0x408a, 
  0x48ac, 0x50ed, 0x592e, 0x618f, 0x61cf, 0x6a0e, 0x622e, 0x624d, 0x6ace, 0xef5d, 0xbd97, 0x730e, 
  0x5a4c, 0x7b6f, 0xe6fc, 0xb577, 0x5a2b, 0x626c, 0xf79e, 0x732f, 0x520b, 0x51ea, 0xbdb8, 0x9432, 
  0x49ca, 0xbdb7, 0xa4f5, 0x49ca, 0xa4d4, 0xbdb7, 0x49a9, 0x49a9, 0x4189, 0x4189, 0x4189, 0x4189, 
  0x4188, 0x4168, 0x4168, 0xa4b4, 0x9cb4, 0x3948, 0x3948, 0x3948, 0x3948, 0x3927, 0x3927, 0x3927, 
  0x3107, 0x3107, 0x3106, 0x30e6, 0x30e6, 0x30e6, 0x30e6, 0x28c6, 0x28c6, 0x28c6, 0x28c6, 0x28c6, 
  0x28c6, 0x28c6, 0x28c6, 0x28c6, 0x28c6, 0x28c6, 0x28c6, 0x28c6, 0x28c6, 0x28c6, 0x28c5, 0x72ee, 
  0x3927, 0x1844, 0x1844, 0x1844, 0x1844, 0x1844, 0x1844, 0x1844, 0x1844, 0x1844, 0x1844, 0x1844, 
  0x1844, 0x1844, 0x1844, 0x1844, 0x1844, 0x1844, 0x1844, 0x1844, 0x1844, 0x1844, 0x1844, 0x1844, 
  0x1844, 0x1844, 0x522b, 0xf79e, 0x28c5, 0x1844, 0x1844, 0x1844, 0x28c6, 0xf77e, 0x49aa, 0x49aa, 
  0xe71c, 0x2827, 0x3028, 0x3829, 0x3849, 0x3869, 0x3068, 0x7b50, 0xad36, 0x28a5, 0x7b6f, 0xce39, 
  0x28a5, 0x2085, 0x2085, 0x2064, 0x1824, 0x1823, 0x1003, 0x8c11, 0xc618, 0x1003, 0x1003, 0x1003, 
  0x1003, 0x1003, 0x1003, 0x1003, 0x1003, 0x1003, 0x1003, 0x1003, 0x1003, 0x1003, 0x1003, 0x1003, 
  0x1003, 0x1003, 0x1003, 0x1003, 0x1003, 0x1003, 0x1003, 0x1003, 0x1003, 0x1003, 0x1003, 0x1003, 
  0x1003, 0x1003, 0x1003, 0x1003, 0x1003, 0x1003, 0x1003, 0x1003, 0x1003, 0x1803, 0x1803, 0x1823, 
  0x1823, 0x1823, 0x1823, 0x1823, 0x1823, 0x1823, 0x1823, 0x1823, 0xad15, 0xd69a, 0x3927, 0x1844, 
  0x28c5, 0xad15, 0xe71c, 0x2044, 0x2044, 0xce19, 0x8c32, 0x2044, 0x2064, 0x83b0, 0xad35, 0x2064, 
  0x734e, 0xce19, 0x2064, 0x5a4b, 0xe71c, 0x2064, 0x2064, 0x2064, 0x2064, 0x2064, 0x3968, 0xe71c, 
  0x9432, 0x2064, 0x2064, 0x2064, 0x2064, 0x2064, 0x2064, 0x2064, 0x2064, 0x2064, 0x2064, 0x2064, 
  0x2064, 0x2064, 0x2064, 0x2064, 0x2064, 0x2064, 0x2064, 0x2064, 0x2064, 0x2064, 0x2064, 0x2064, 
  0x2064, 0x2064, 0x2064, 0x2064, 0x2064, 0x2064, 0x2064, 0x2064, 0x2064, 0x2064, 0x2064, 0x2064, 
  0x2064, 0x2064, 0x2064, 0x2064, 0x2064, 0x2064, 0x2064, 0x2064, 0x2064, 0x2064, 0x2064, 0x2044, 
  0x3947, 0xad15, 0xffff, 0xffff, 0xf77e, 0x8c11, 0x1823, 0x1823, 0x1823, 0x4188, 0xe71c, 0xe71c, 
  0xf77e, 0xc618, 0x3107, 0x1823, 0x8c11, 0x8c11, 0x1823, 0x8c11, 0xad15, 0x1823, 0x1823, 0x1823, 
  0x1823, 0x1823, 0x28a5, 0xad15, 0xffff, 0xe71c, 0xf77e, 0x7b8f, 0x1823, 0x1823, 0x1823, 0x1823, 
  0x1823, 0x1823, 0x1823, 0x1844, 0x1844, 0x1844, 0x1844, 0x1844, 0x1844, 0x1844, 0x1844, 0x1844, 
  0x1844, 0x1844, 0x2044, 0x2064, 0x2085, 0x2885, 0x2885, 0x2885, 0x2885, 0x2085, 0x2085, 0x2065, 
  0x2065, 0x2065, 0x2866, 0x2866, 0x3068, 0x3889, 0x40ab, 0x50cc, 0x590e, 0x614e, 0x61af, 0x69ef, 
  0x6a2e, 0x624e, 0x626d, 0x626d, 0x626c, 0x730f, 0xc5f8, 0xffff, 0xffff, 0xf7be, 0xad15, 0x5a2b, 
  0x520b, 0x520b, 0x732f, 0xef3d, 0xef3d, 0xf79e, 0xd67a, 0x628d, 0x49ca, 0xbdb7, 0xa4d4, 0x49a9, 
  0xa4d4, 0xbd97, 0x49a9, 0x4189, 0x4189, 0x4189, 0x4189, 0x4189, 0x4168, 0x4168, 0x4168, 0xa4b4, 
  0x9cb4, 0x3948, 0x3948, 0x3948, 0x3948, 0x3927, 0x3927, 0x3927, 0x3107, 0x3107, 0x30e6, 0x30e6, 
  0x30e6, 0x30e6, 0x28c6, 0x28c6, 0x28c6, 0x28c6, 0x28c6, 0x28c6, 0x28c6, 0x28c6, 0x28c6, 0x28c5, 
  0x28a5, 0x28a5, 0x28c5, 0x28c6, 0x28c6, 0x28c5, 0x28a5, 0x72ee, 0x3927, 0x1844, 0x1844, 0x1844, 
  0x1844, 0x1844, 0x1844, 0x1844, 0x1844, 0x1844, 0x1844, 0x1844, 0x1844, 0x1844, 0x1844, 0x1844, 
  0x1844, 0x1844, 0x1844, 0x1844, 0x1844, 0x1844, 0x1844, 0x1844, 0x1844, 0x1844, 0x1844, 0xc619, 
  0xbd97, 0x3947, 0x1844, 0x28c6, 0xbd97, 0xbd97, 0x1844, 0x2024, 0xe71c, 0x8391, 0x2827, 0x3028, 
  0x9c14, 0xacb5, 0x3068, 0x8350, 0xb536, 0x28a6, 0x7b6f, 0xce39, 0x28a5, 0x2085, 0x2064, 0x1844, 
  0x1823, 0x1823, 0x1003, 0x8c11, 0xc618, 0x1003, 0x1003, 0x1003, 0x1003, 0x1003, 0x1003, 0x1003, 
  0x1003, 0x1003, 0x1003, 0x1003, 0x1003, 0x1003, 0x1003, 0x1003, 0x1003, 0x1003, 0x1003, 0x1003, 
  0x1003, 0x1003, 0x1003, 0x1003, 0x1003, 0x1003, 0x1003, 0x1003, 0x1003, 0x1003, 0x1003, 0x1003, 
  0x1003, 0x1003, 0x1003, 0x1003, 0x1803, 0x1803, 0x1823, 0x1823, 0x1823, 0x1823, 0x1823, 0x1823, 
  0x1823, 0x1823, 0x1823, 0x1823, 0x1823, 0x9c93, 0xffff, 0xffff, 0xffff, 0xc619, 0x3947, 0x2044, 
  0x2044, 0x3947, 0xe71c, 0xf79e, 0xe71c, 0xe71c, 0x3948, 0x2064, 0x734e, 0xce19, 0x2064, 0x5a4b, 
  0xe71c, 0x2064, 0x2064, 0x2064, 0x2064, 0x2064, 0x9432, 0xffff, 0xffff, 0xffff, 0xffff, 0xffff, 
  0x734f, 0x2064, 0x2064, 0x2064, 0x2064, 0x2064, 0x2064, 0x2064, 0x2064, 0x2064, 0x2064, 0x2064, 
  0x2064, 0x2064, 0x2064, 0x2064, 0x2064, 0x2064, 0x2064, 0x2064, 0x2064, 0x2064, 0x2064, 0x2064, 
  0x2064, 0x2064, 0x2064, 0x2064, 0x2064, 0x2064, 0x2064, 0x2064, 0x2064, 0x2064, 0x2064, 0x2064, 
  0x2064, 0x2064, 0x2064, 0x2064, 0x2064, 0x2064, 0x2064, 0x2044, 0x2044, 0x1844, 0x28a5, 0x3127, 
  0x1823, 0x1823, 0x1823, 0x1823, 0x1823, 0x1823, 0x1823, 0x3107, 0x3107, 0x1823, 0x1823, 0x1823, 
  0x1823, 0x1823, 0x1823, 0x1823, 0x1823, 0x1823, 0x1823, 0x1823, 0x1823, 0x1823, 0x1823, 0x1823, 
  0x28a5, 0x3107, 0x28a5, 0x1823, 0x1823, 0x1823, 0x1823, 0x1823, 0x1823, 0x1823, 0x1823, 0x1823, 
  0x1824, 0x1844, 0x1844, 0x1844, 0x1844, 0x1844, 0x1844, 0x1844, 0x1844, 0x1844, 0x2044, 0x2064, 
  0x2065, 0x2085, 0x2885, 0x2885, 0x2885, 0x2085, 0x2065, 0x2065, 0x2865, 0x2866, 0x3067, 0x3888, 
  0x408a, 0x48ac, 0x50ed, 0x592e, 0x616f, 0x61cf, 0x6a0f, 0x6a4e, 0x624e, 0x626d, 0x626d, 0x626c, 
  0x626c, 0x5a4c, 0x5a4c, 0x62ad, 0x72ee, 0x5a2b, 0x5a2b, 0x520b, 0x520b, 0x520b, 0x520b, 0x51ea, 
  0x6aad, 0x5a4b, 0x51ea, 0x49ca, 0x49ca, 0x49ca, 0x49a9, 0x49a9, 0x49a9, 0x49a9, 0x4189, 0x4189, 
  0x4189, 0x4189, 0x4189, 0x4168, 0x4168, 0x4168, 0x4168, 0x4168, 0x3948, 0x3948, 0x3948, 0x3948, 
  0x3927, 0x3927, 0x3927, 0x3107, 0x3107, 0x30e6, 0x30e6, 0x30e6, 0x30e6, 0x30e6, 0x28c6, 0x28c6, 
  0x28c6, 0x28c6, 0x28c6, 0x28c6, 0x28c6, 0x28c6, 0x28a5, 0x28a5, 0x28a5, 0x28a5, 0x28a5, 0x28a5, 
  0x28a5, 0x28a5, 0x28a5, 0x72ee, 0x3927, 0x1844, 0x1844, 0x1844, 0x1844, 0x1844, 0x1844, 0x1844, 
  0x1844, 0x1844, 0x1844, 0x1844, 0x1844, 0x1844, 0x1844, 0x1844, 0x1844, 0x1844, 0x1844, 0x1844, 
  0x1844, 0x1844, 0x1844, 0x1844, 0x1844, 0x1844, 0x1844, 0x28c6, 0xad15, 0xffff, 0xffff, 0xf77e, 
  0xad15, 0x28c5, 0x1844, 0x1824, 0x3928, 0xe71c, 0xf77e, 0xe71c, 0xce19, 0x512b, 0x3048, 0x8351, 
  0xb536, 0x2886, 0x7b6f, 0xce39, 0x28a5, 0x2085, 0x2064, 0x1844, 0x1823, 0x1003, 0x1003, 0x8c11, 
  0xc618, 0x1003, 0x1003, 0x1003, 0x1003, 0x1003, 0x1003, 0x1003, 0x1003, 0x1003, 0x1003, 0x1003, 
  0x1003, 0x1003, 0x1003, 0x1003, 0x1003, 0x1003, 0x1003, 0x1003, 0x1003, 0x1003, 0x1003, 0x1003, 
  0x1003, 0x1003, 0x1003, 0x1003, 0x1003, 0x1003, 0x1003, 0x1003, 0x1003, 0x1003, 0x1003, 0x1803, 
  0x1803, 0x1823, 0x1823, 0x1823, 0x1823, 0x1823, 0x1823, 0x1823, 0x1823, 0x1823, 0x1823, 0x1823, 
  0x1824, 0x1844, 0x1844, 0x3947, 0x28c5, 0x2044, 0x2044, 0x2044, 0x2044, 0x2044, 0x2044, 0x28c6, 
  0x3948, 0x2064, 0x2064, 0x2064, 0x2064, 0x2064, 0x2064, 0x2064, 0x2064, 0x2064, 0x2064, 0x2064, 
  0x2064, 0x2064, 0x2064, 0x2064, 0x2064, 0x2064, 0x2064, 0x2064, 0x2064, 0x2064, 0x2064, 0x2064, 
  0x2064, 0x2064, 0x2064, 0x2064, 0x2064, 0x2064, 0x2064, 0x2064, 0x2064, 0x2064, 0x2064, 0x2064, 
  0x2064, 0x2064, 0x2064, 0x2064, 0x2064, 0x2064, 0x2064, 0x2064, 0x2064, 0x2064, 0x2064, 0x2064, 
  0x2064, 0x2064, 0x2064, 0x2064, 0x2064, 0x2064, 0x2064, 0x2064, 0x2064, 0x2064, 0x2064, 0x2064, 
  0x2064, 0x2064, 0x2064, 0x2064, 0x2044, 0x1844, 0x1844, 0x1823, 0x1823, 0x1823, 0x1823, 0x1823, 
  0x1823, 0x1823, 0x1823, 0x1823, 0x1823, 0x1823, 0x1823, 0x1823, 0x1823, 0x1823, 0x1823, 0x1823, 
  0x1823, 0x1823, 0x1823, 0x1823, 0x1823, 0x1823, 0x1823, 0x1823, 0x1823, 0x1823, 0x1823, 0x1823, 
  0x1823, 0x1823, 0x1823, 0x1823, 0x1823, 0x1823, 0x1823, 0x1823, 0x1823, 0x1824, 0x1824, 0x1844, 
  0x1844, 0x1844, 0x1844, 0x1824, 0x1824, 0x1824, 0x2044, 0x2044, 0x2065, 0x2085, 0x2885, 0x2885, 
  0x2885, 0x2065, 0x2865, 0x2865, 0x2866, 0x3067, 0x3889, 0x40ab, 0x48cc, 0x590e, 0x614f, 0x61af, 
  0x69ef, 0x6a2e, 0x6a4e, 0x626d, 0x626d, 0x626d, 0x626c, 0x626c, 0x5a4c, 0x5a4c, 0x5a4c, 0x5a2b, 
  0x5a2b, 0x5a2b, 0x520b, 0x520b, 0x520b, 0x520b, 0x51ea, 0x51ea, 0x51ea, 0x51ea, 0x49ca, 0x49ca, 
  0x49ca, 0x49a9, 0x49a9, 0x49a9, 0x49a9, 0x4189, 0x4189, 0x4189, 0x4189, 0x4189, 0x4168, 0x4168, 
  0x4168, 0x4168, 0x4148, 0x3948, 0x3948, 0x3948, 0x3948, 0x3927, 0x3927, 0x3927, 0x3107, 0x3107, 
  0x30e6, 0x30e6, 0x30e6, 0x30e6, 0x30e6, 0x30c6, 0x28c6, 0x28c6, 0x28c6, 0x28c6, 0x28c6, 0x28c6, 
  0x28c6, 0x28c6, 0x28c6, 0x28a5, 0x28a5, 0x28a5, 0x28a5, 0x28a6, 0x28a5, 0x28a5, 0x28a5, 0x72ee, 
  0x3927, 0x1844, 0x1844, 0x1844, 0x1844, 0x1844, 0x1844, 0x1844, 0x1844, 0x1844, 0x1844, 0x1844, 
  0x1844, 0x1844, 0x1844, 0x1844, 0x1844, 0x1844, 0x1844, 0x1844, 0x1844, 0x1844, 0x1844, 0x1844, 
  0x1844, 0x1844, 0x1844, 0x1844, 0x1844, 0x1844, 0x3947, 0x28c5, 0x1844, 0x1844, 0x1844, 0x1824, 
  0x1824, 0x1824, 0x3928, 0x4129, 0x2827, 0x3028, 0x3048, 0x3048, 0x3067, 0x2886, 0x2886, 0x28a5, 
  0x28a5, 0x2085, 0x2064, 0x1844, 0x1823, 0x1003, 0x1003, 0x1003, 0x1003, 0x1003, 0x1003, 0x1003, 
  0x1003, 0x1003, 0x1003, 0x1003, 0x1003, 0x1003, 0x1003, 0x1003, 0x1003, 0x1003, 0x1003, 0x1003, 
  0x1003, 0x1003, 0x1003, 0x1003, 0x1003, 0x1003, 0x1003, 0x1003, 0x1003, 0x1003, 0x1003, 0x1003, 
  0x1003, 0x1003, 0x1003, 0x1003, 0x1003, 0x1003, 0x1803, 0x1823, 0x1823, 0x1823, 0x1823, 0x1823, 
  0x1823, 0x1823, 0x1823, 0x1823, 0x1823, 0x1823, 0x1823, 0x1824, 0x1844, 0x1844, 0x1844, 0x1844, 
  0x2044, 0x2044, 0x2044, 0x2044, 0x2044, 0x2044, 0x2064, 0x2064, 0x2064, 0x2064, 0x2064, 0x2064, 
  0x2064, 0x2064, 0x2064, 0x2064, 0x2064, 0x2064, 0x2064, 0x2064, 0x2064, 0x2064, 0x2064, 0x2064, 
  0x2064, 0x2064, 0x2064, 0x2064, 0x2064, 0x2064, 0x2064, 0x2064, 0x2064, 0x2064, 0x2064, 0x2064, 
  0x2064, 0x2064, 0x2064, 0x2064, 0x2064, 0x2064, 0x2064, 0x2064, 0x2064, 0x2064, 0x2064, 0x2064, 
  0x2064, 0x2064, 0x2064, 0x2064, 0x2064, 0x2064, 0x2064, 0x2064, 0x2064, 0x2064, 0x2064, 0x2064, 
  0x2064, 0x2064, 0x2064, 0x2064, 0x2064, 0x2064, 0x2064, 0x2064, 0x2064, 0x2064, 0x2064, 0x2064, 
  0x2064, 0x2044, 0x1844, 0x1824, 0x1823, 0x1823, 0x1823, 0x1823, 0x1823, 0x1823, 0x1823, 0x1823, 
  0x1823, 0x1823, 0x1823, 0x1823, 0x1823, 0x1823, 0x1823, 0x1823, 0x1823, 0x1823, 0x1823, 0x1823, 
  0x1823, 0x1823, 0x1823, 0x1823, 0x1823, 0x1823, 0x1823, 0x1823, 0x1823, 0x1823, 0x1823, 0x1823, 
  0x1823, 0x1823, 0x1823, 0x1823, 0x1823, 0x1823, 0x1823, 0x1824, 0x1824, 0x1824, 0x1824, 0x1824, 
  0x1824, 0x1824, 0x2044, 0x2044, 0x2065, 0x2065, 0x2865, 0x2885, 0x2865, 0x2865, 0x2866, 0x3067, 
  0x3068, 0x388a, 0x48ab, 0x50ed, 0x592e, 0x616f, 0x61cf, 0x6a0f, 0x6a2e, 0x6a6e, 0x626d, 0x626d, 
  0x626d, 0x626c, 0x626c, 0x5a4c, 0x5a4c, 0x5a4c, 0x5a4c, 0x5a2b, 0x5a2b, 0x520b, 0x520b, 0x520b, 
  0x520b, 0x51ea, 0x51ea, 0x51ea, 0x51ea, 0x49ca, 0x49ca, 0x49ca, 0x49aa, 0x49a9, 0x49a9, 0x49a9, 
  0x49a9, 0x4189, 0x4189, 0x4189, 0x4189, 0x4168, 0x4168, 0x4168, 0x4168, 0x4168, 0x3948, 0x3948, 
  0x3948, 0x3948, 0x3948, 0x3927, 0x3927, 0x3107, 0x3107, 0x3107, 0x30e6, 0x30e6, 0x30e6, 0x30e6, 
  0x30e6, 0x30c6, 0x28c6, 0x28c6, 0x28c6, 0x28c6, 0x28c6, 0x28c6, 0x28c6, 0x28c6, 0x28c6, 0x28c6, 
  0x28a5, 0x28c5, 0x28c6, 0x28c6, 0x28c6, 0x28c5, 0x28a5, 0x72ee, 0x3927, 0x1844, 0x1844, 0x1844, 
  0x1844, 0x1844, 0x1844, 0x1844, 0x1844, 0x1844, 0x1844, 0x1844, 0x1844, 0x1844, 0x1844, 0x1844, 
  0x1844, 0x1844, 0x1844, 0x1844, 0x1844, 0x1844, 0x1844, 0x1844, 0x1844, 0x1844, 0x1844, 0x1844, 
  0x1844, 0x1844, 0x1844, 0x1844, 0x1844, 0x1844, 0x1844, 0x1844, 0x1824, 0x1824, 0x1824, 0x2025, 
  0x2026, 0x2827, 0x3047, 0x3048, 0x3068, 0x3087, 0x2886, 0x2886, 0x2885, 0x2085, 0x2064, 0x1844, 
  0x1823, 0x1003, 0x1003, 0x1003, 0x1003, 0x1003, 0x1003, 0x1003, 0x1003, 0x1003, 0x1003, 0x1003, 
  0x1003, 0x1003, 0x1003, 0x1003, 0x1003, 0x1003, 0x1003, 0x1003, 0x1003, 0x1003, 0x1003, 0x1003, 
  0x1003, 0x1003, 0x1003, 0x1003, 0x1003, 0x1003, 0x1003, 0x1003, 0x1003, 0x1003, 0x1003, 0x1003, 
  0x1003, 0x1003, 0x1823, 0x1823, 0x1823, 0x1823, 0x1823, 0x1823, 0x1823, 0x1823, 0x1823, 0x1823, 
  0x1823, 0x1824, 0x1824, 0x1824, 0x1844, 0x1844, 0x1844, 0x2044, 0x2044, 0x2044, 0x2044, 0x2044, 
  0x2044, 0x2064, 0x2064, 0x2064, 0x2064, 0x2064, 0x2064, 0x2064, 0x2064, 0x2064, 0x2064, 0x2064, 
  0x2064, 0x2064, 0x2064, 0x2064, 0x2064, 0x2064, 0x2064, 0x2064, 0x2064, 0x2064, 0x2064, 0x2064, 
  0x2064, 0x2064, 0x2064, 0x2064, 0x2064, 0x2064, 0x2064, 0x2064, 0x2064, 0x2064, 0x2064, 0x2064, 
  0x2064, 0x2064, 0x2064, 0x2064, 0x2064, 0x2064, 0x2064, 0x2064, 0x2064, 0x2064, 0x2064, 0x2064, 
  0x2064, 0x2064, 0x2064, 0x2064, 0x2064, 0x2064, 0x2064, 0x2064, 0x2064, 0x2064, 0x2064, 0x2064, 
  0x2064, 0x2064, 0x2064, 0x2064, 0x2064, 0x2064, 0x2064, 0x2064, 0x2064, 0x2044, 0x1844, 0x1844, 
  0x1823, 0x1823, 0x1823, 0x1823, 0x1823, 0x1823, 0x1823, 0x1823, 0x1823, 0x1823, 0x1823, 0x1823, 
  0x1823, 0x1823, 0x1823, 0x1823, 0x1823, 0x1823, 0x1823, 0x1823, 0x1823, 0x1823, 0x1823, 0x1823, 
  0x1823, 0x1823, 0x1823, 0x1823, 0x1823, 0x1823, 0x1823, 0x1823, 0x1823, 0x1823, 0x1823, 0x1823, 
  0x1823, 0x1823, 0x1823, 0x1823, 0x1823, 0x1824, 0x1824, 0x1824, 0x1824, 0x1824, 0x2044, 0x2044, 
  0x2065, 0x2065, 0x2865, 0x2866, 0x2866, 0x2866, 0x3067, 0x3889, 0x408a, 0x48cc, 0x590d, 0x614e, 
  0x618f, 0x69ef, 0x6a2f, 0x6a4e, 0x6a6e, 0x628d, 0x628d, 0x626c, 0x626c, 0x626c, 0x5a4c, 0x5a4c, 
  0x5a4c, 0x5a4c, 0x5a2b, 0x5a2b, 0x520b, 0x520b, 0x520b, 0x520b, 0x51ea, 0x51ea, 0x51ea, 0x51ea, 
  0x49ca, 0x49ca, 0x49ca, 0x49ca, 0x49a9, 0x49a9, 0x49a9, 0x49a9, 0x4189, 0x4189, 0x4189, 0x4189, 
  0x4189, 0x4168, 0x4168, 0x4168, 0x4168, 0x4168, 0x3948, 0x3948, 0x3948, 0x3948, 0x3927, 0x3927, 
  0x3927, 0x3107, 0x3107, 0x3106, 0x30e6, 0x30e6, 0x30e6, 0x30e6, 0x30e6, 0x30c6, 0x28c6, 0x28c6, 
  0x28c6, 0x28c6, 0x28c6, 0x28c6, 0x28c6, 0x28c6, 0x28c6, 0x28c6, 0x28a5, 0x28c5, 0x28c6, 0x28c6, 
  0x28c6, 0x28c5, 0x28a5, 0x72ee, 0x3927, 0x1844, 0x1844, 0x1844, 0x1844, 0x1844, 0x1844, 0x1844, 
  0x1844, 0x1844, 0x1844, 0x1844, 0x1844, 0x1844, 0x1844, 0x1844, 0x1844, 0x1844, 0x1844, 0x1844, 
  0x1844, 0x1844, 0x1844, 0x1844, 0x1844, 0x1844, 0x1844, 0x1844, 0x1844, 0x1844, 0x1844, 0x1844, 
  0x1844, 0x1844, 0x1844, 0x1844, 0x1844, 0x1844, 0x1824, 0x1824, 0x2025, 0x2826, 0x2827, 0x3047, 
  0x3047, 0x3067, 0x3087, 0x2886, 0x2885, 0x2085, 0x2064, 0x1844, 0x1823, 0x1003, 0x1003, 0x1003, 
  0x1003, 0x1003, 0x1003, 0x1003, 0x1003, 0x1003, 0x1003, 0x1003, 0x1003, 0x1003, 0x1003, 0x1003, 
  0x1003, 0x1003, 0x1003, 0x1003, 0x1003, 0x1003, 0x1003, 0x1003, 0x1003, 0x1003, 0x1003, 0x1003, 
  0x1003, 0x1003, 0x1003, 0x1003, 0x1003, 0x1003, 0x1003, 0x1003, 0x1803, 0x1823, 0x1823, 0x1823, 
  0x1823, 0x1823, 0x1823, 0x1823, 0x1823, 0x1823, 0x1823, 0x1823, 0x1824, 0x1824, 0x1824, 0x1844, 
  0x1844, 0x1844, 0x1844, 0x2044, 0x2044, 0x2044, 0x2044, 0x2044, 0x2064, 0x2064, 0x2064, 0x2064, 
  0x2064, 0x2064, 0x2064, 0x2064, 0x2064, 0x2064, 0x2064, 0x2064, 0x2064, 0x2064, 0x2064, 0x2064, 
  0x2064, 0x2064, 0x2064, 0x2064, 0x2064, 0x2064, 0x2064, 0x2064, 0x2064, 0x2064, 0x2064, 0x2064, 
  0x2064, 0x2064, 0x2064, 0x2064, 0x2064, 0x2064, 0x2064, 0x2064, 0x2064, 0x2064, 0x2064, 0x2064, 
  0x2064, 0x2064, 0x2064, 0x2064, 0x2064, 0x2064, 0x2064, 0x2064, 0x2064, 0x2064, 0x2064, 0x2064, 
  0x2064, 0x2064, 0x2064, 0x2064, 0x2064, 0x2064, 0x2064, 0x2064, 0x2064, 0x2064, 0x2064, 0x2064, 
  0x2064, 0x2064, 0x2064, 0x2064, 0x2064, 0x2064, 0x2044, 0x1844, 0x1824, 0x1823, 0x1823, 0x1823, 
  0x1823, 0x1823, 0x1823, 0x1823, 0x1823, 0x1823, 0x1823, 0x1823, 0x1823, 0x1823, 0x1823, 0x1823, 
  0x1823, 0x1823, 0x1823, 0x1823, 0x1823, 0x1823, 0x1823, 0x1823, 0x1823, 0x1823, 0x1823, 0x1823, 
  0x1823, 0x1823, 0x1823, 0x1823, 0x1823, 0x1823, 0x1823, 0x1823, 0x1823, 0x1823, 0x1823, 0x1823, 
  0x1823, 0x1823, 0x1824, 0x1824, 0x1824, 0x1824, 0x2024, 0x2044, 0x2045, 0x2865, 0x2866, 0x2866, 
  0x3067, 0x3868, 0x388a, 0x48ab, 0x50cd, 0x590e, 0x616f, 0x69af, 0x69ef, 0x6a2e, 0x6a6e, 0x6a6d, 
  0x628d, 0x628d, 0x628d, 0x626c, 0x626c, 0x624c, 0x5a4c, 0x5a4c, 0x5a4c, 0x5a2b, 0x5a2b, 0x5a2b, 
  0x520b, 0x520b, 0x520b, 0x520a, 0x51ea, 0x51ea, 0x51ea, 0x49ca, 0x49ca, 0x49ca, 0x49ca, 0x49a9, 
  0x49a9, 0x49a9, 0x49a9, 0x4189, 0x4189, 0x4189, 0x4189, 0x4189, 0x4189, 0x4168, 0x4168, 0x4168, 
  0x4168, 0x4148, 0x3948, 0x3948, 0x3948, 0x3928, 0x3927, 0x3927, 0x3107, 0x3107, 0x3107, 0x30e6, 
  0x30e6, 0x30e6, 0x30e6, 0x30e6, 0x30e6, 0x30c6, 0x28c6, 0x28c6, 0x28c6, 0x28c6, 0x28c6, 0x28c6, 
  0x28c6, 0x28c6, 0x28c6, 0x28c6, 0x28a5, 0x28c5, 0x28c6, 0x28c6, 0x28c6, 0x28c5, 0x28a5, 0x72ee, 
  0x3927, 0x1844, 0x1844, 0x1844, 0x1844, 0x1844, 0x1844, 0x1844, 0x1844, 0x1844, 0x1844, 0x1844, 
  0x1844, 0x1844, 0x1844, 0x1844, 0x1844, 0x1844, 0x1844, 0x1844, 0x1844, 0x1844, 0x1844, 0x1844, 
  0x1844, 0x1844, 0x1844, 0x1844, 0x1844, 0x1844, 0x1844, 0x1844, 0x1844, 0x1844, 0x1844, 0x1844, 
  0x1844, 0x1844, 0x1844, 0x1824, 0x1824, 0x2025, 0x2826, 0x2827, 0x3047, 0x3067, 0x3067, 0x2886, 
  0x2885, 0x2065, 0x2044, 0x1844, 0x1823, 0x1003, 0x1003, 0x1003, 0x1003, 0x1003, 0x1003, 0x1003, 
  0x1003, 0x1003, 0x1003, 0x1003, 0x1003, 0x1003, 0x1003, 0x1003, 0x1003, 0x1003, 0x1003, 0x1003, 
  0x1003, 0x1003, 0x1003, 0x1003, 0x1003, 0x1003, 0x1003, 0x1003, 0x1003, 0x1003, 0x1003, 0x1003, 
  0x1003, 0x1003, 0x1003, 0x1803, 0x1823, 0x1823, 0x1823, 0x1823, 0x1823, 0x1823, 0x1823, 0x1823, 
  0x1823, 0x1823, 0x1823, 0x1824, 0x1824, 0x1844, 0x1844, 0x1844, 0x1844, 0x2044, 0x2044, 0x2044, 
  0x2044, 0x2044, 0x2044, 0x2064, 0x2064, 0x2064, 0x2064, 0x2064, 0x2064, 0x2064, 0x2064, 0x2064, 
  0x2064, 0x2064, 0x2064, 0x2064, 0x2064, 0x2064, 0x2064, 0x2064, 0x2064, 0x2064, 0x2064, 0x2064, 
  0x2064, 0x2064, 0x2064, 0x2064, 0x2064, 0x2064, 0x2064, 0x2064, 0x2064, 0x2064, 0x2064, 0x2064, 
  0x2064, 0x2064, 0x2064, 0x2064, 0x2064, 0x2064, 0x2064, 0x2064, 0x2064, 0x2064, 0x2064, 0x2064, 
  0x2064, 0x2064, 0x2064, 0x2064, 0x2064, 0x2064, 0x2064, 0x2064, 0x2064, 0x2064, 0x2064, 0x2064, 
  0x2064, 0x2064, 0x2064, 0x2064, 0x2064, 0x2064, 0x2064, 0x2064, 0x2064, 0x2064, 0x2064, 0x2064, 
  0x2064, 0x2064, 0x2064, 0x2044, 0x1844, 0x1823, 0x1823, 0x1823, 0x1823, 0x1823, 0x1823, 0x1823, 
  0x1823, 0x1823, 0x1823, 0x1823, 0x1823, 0x1823, 0x1823, 0x1823, 0x1823, 0x1823, 0x1823, 0x1823, 
  0x1823, 0x1823, 0x1823, 0x1823, 0x1823, 0x1823, 0x1823, 0x1823, 0x1823, 0x1823, 0x1823, 0x1823, 
  0x1823, 0x1823, 0x1823, 0x1823, 0x1823, 0x1823, 0x1823, 0x1823, 0x1823, 0x1823, 0x1823, 0x1824, 
  0x1824, 0x1824, 0x2024, 0x2025, 0x2045, 0x2846, 0x3067, 0x3068, 0x3889, 0x408a, 0x48ac, 0x50ed, 
  0x612e, 0x618f, 0x69cf, 0x6a2f, 0x6a4e, 0x6a6e, 0x6a8d, 0x628d, 0x628d, 0x628d, 0x626c, 0x626c, 
  0x626c, 0x5a4c, 0x5a4c, 0x5a4c, 0x5a2b, 0x5a2b, 0x5a2b, 0x520b, 0x520b, 0x520b, 0x520b, 0x51ea, 
  0x51ea, 0x51ea, 0x51ea, 0x49ca, 0x49ca, 0x49ca, 0x49ca, 0x49a9, 0x49a9, 0x49a9, 0x49a9, 0x4189, 
  0x4189, 0x4189, 0x4189, 0x4189, 0x4188, 0x4168, 0x4168, 0x4168, 0x4168, 0x3948, 0x3948, 0x3948, 
  0x3948, 0x3927, 0x3927, 0x3927, 0x3107, 0x3107, 0x30e6, 0x30e6, 0x30e6, 0x30e6, 0x30e6, 0x30e6, 
  0x30e6, 0x28c6, 0x28c6, 0x28c6, 0x28c6, 0x28c6, 0x28c6, 0x28c6, 0x28c6, 0x28c6, 0x28a5, 0x28a5, 
  0x28a5, 0x28a5, 0x28a5, 0x28a5, 0x28a5, 0x28a5, 0x28a5, 0x72ee, 0x3927, 0x1844, 0x1844, 0x1844, 
  0x1844, 0x1844, 0x1844, 0x1844, 0x1844, 0x1844, 0x1844, 0x1844, 0x1844, 0x1844, 0x1844, 0x1844, 
  0x1844, 0x1844, 0x1844, 0x1844, 0x1844, 0x1844, 0x1844, 0x1844, 0x1844, 0x1844, 0x1844, 0x1844, 
  0x1844, 0x1844, 0x1844, 0x1844, 0x1844, 0x1844, 0x1844, 0x1844, 0x1844, 0x1844, 0x1844, 0x1844, 
  0x1824, 0x2024, 0x2025, 0x2826, 0x2827, 0x3047, 0x3067, 0x2866, 0x2866, 0x2065, 0x2044, 0x1823, 
  0x1823, 0x1003, 0x1003, 0x1003, 0x1003, 0x1003, 0x1003, 0x1003, 0x1003, 0x1003, 0x1003, 0x1003, 
  0x1003, 0x1003, 0x1003, 0x1003, 0x1003, 0x1003, 0x1003, 0x1003, 0x1003, 0x1003, 0x1003, 0x1003, 
  0x1003, 0x1003, 0x1003, 0x1003, 0x1003, 0x1003, 0x1003, 0x1003, 0x1003, 0x1003, 0x1003, 0x1823, 
  0x1823, 0x1823, 0x1823, 0x1823, 0x1823, 0x1823, 0x1823, 0x1823, 0x1823, 0x1823, 0x1824, 0x1824, 
  0x1824, 0x1844, 0x1844, 0x1844, 0x2044, 0x2044, 0x2044, 0x2044, 0x2044, 0x2044, 0x2064, 0x2064, 
  0x2064, 0x2064, 0x2064, 0x2064, 0x2064, 0x2064, 0x2064, 0x2064, 0x2064, 0x2064, 0x2064, 0x2064, 
  0x2064, 0x2064, 0x2064, 0x2064, 0x2064, 0x2064, 0x2064, 0x2064, 0x2064, 0x2064, 0x2064, 0x2064, 
  0x2064, 0x2064, 0x2064, 0x2064, 0x2064, 0x2064, 0x2064, 0x2064, 0x2064, 0x2064, 0x2064, 0x2064, 
  0x2064, 0x2064, 0x2064, 0x2064, 0x2064, 0x2064, 0x2064, 0x2064, 0x2064, 0x2064, 0x2064, 0x2064, 
  0x2064, 0x2064, 0x2064, 0x2064, 0x2064, 0x2064, 0x2064, 0x2064, 0x2064, 0x2064, 0x2064, 0x2064, 
  0x2064, 0x2064, 0x2064, 0x2064, 0x2064, 0x2064, 0x2064, 0x2064, 0x2064, 0x2064, 0x2064, 0x2044, 
  0x1844, 0x1824, 0x1823, 0x1823, 0x1823, 0x1823, 0x1823, 0x1823, 0x1823, 0x1823, 0x1823, 0x1823, 
  0x1823, 0x1823, 0x1823, 0x1823, 0x1823, 0x1823, 0x1823, 0x1823, 0x1823, 0x1823, 0x1823, 0x1823, 
  0x1823, 0x1823, 0x1823, 0x1823, 0x1823, 0x1823, 0x1823, 0x1823, 0x1823, 0x1823, 0x1823, 0x1823, 
  0x1823, 0x1823, 0x1823, 0x1823, 0x1823, 0x1823, 0x1823, 0x1824, 0x1824, 0x1824, 0x2024, 0x2025, 
  0x2846, 0x3047, 0x3868, 0x408a, 0x48ab, 0x50cd, 0x590e, 0x614f, 0x69af, 0x69ef, 0x6a2f, 0x6a6e, 
  0x6a8e, 0x6a8d, 0x628d, 0x628d, 0x628d, 0x626c, 0x626c, 0x626c, 0x5a4c, 0x5a4c, 0x5a4c, 0x5a2b, 
  0x5a2b, 0x5a2b, 0x5a2b, 0x520b, 0x520b, 0x520b, 0x520a, 0x51ea, 0x51ea, 0x51ea, 0x49ca, 0x49ca, 
  0x49ca, 0x49ca, 0x49ca, 0x49a9, 0x49a9, 0x49a9, 0x49a9, 0x4189, 0x4189, 0x4189, 0x4189, 0x4189, 
  0x4168, 0x4168, 0x4168, 0x4168, 0x4148, 0x3948, 0x3948, 0x3948, 0x3948, 0x3927, 0x3927, 0x3107, 
  0x3107, 0x3107, 0x30e6, 0x30e6, 0x30e6, 0x30e6, 0x30e6, 0x30e6, 0x28c6, 0x28c6, 0x28c6, 0x28c6, 
  0x28c6, 0x28c6, 0x28c6, 0x28c6, 0x28a5, 0x28a5, 0x28a5, 0x28a5, 0x28a5, 0x28a5, 0x28a5, 0x28a5, 
  0x28a5, 0x28a5, 0x28a5, 0x72ee, 0x3927, 0x1844, 0x1844, 0x1844, 0x1844, 0x1844, 0x1844, 0x1844, 
  0x1844, 0x2044, 0x3046, 0x4048, 0x50ca, 0x58eb, 0x58eb, 0x58eb, 0x58eb, 0x58eb, 0x58eb, 0x58eb, 
  0x58eb, 0x58eb, 0x58eb, 0x58eb, 0x58eb, 0x58eb, 0x58eb, 0x58eb, 0x58eb, 0x58eb, 0x58eb, 0x50eb, 
  0x58eb, 0x58eb, 0x50eb, 0x58eb, 0x50eb, 0x50eb, 0x58eb, 0x58eb, 0x58eb, 0x58eb, 0x58eb, 0x58eb, 
  0x58ec, 0x60ec, 0x60ec, 0x58ec, 0x58eb, 0x58eb, 0x58eb, 0x50ea, 0x50ca, 0x50ca, 0x50ca, 0x50ca, 
  0x50ca, 0x50ca, 0x50ca, 0x50ca, 0x50ca, 0x50ca, 0x50ca, 0x50ca, 0x50ca, 0x50ca, 0x50ca, 0x50ca, 
  0x50ca, 0x50ca, 0x4889, 0x4048, 0x2806, 0x1003, 0x1003, 0x1003, 0x1003, 0x1003, 0x1003, 0x1003, 
  0x1003, 0x1003, 0x1003, 0x1003, 0x1003, 0x1803, 0x1803, 0x2805, 0x4028, 0x50aa, 0x50ca, 0x50ea, 
  0x50ea, 0x58ca, 0x58ea, 0x58eb, 0x58eb, 0x58eb, 0x58eb, 0x58eb, 0x58eb, 0x58eb, 0x58eb, 0x58eb, 
  0x58eb, 0x58eb, 0x58eb, 0x58eb, 0x58eb, 0x58eb, 0x58eb, 0x58eb, 0x58eb, 0x58eb, 0x58eb, 0x58eb, 
  0x58eb, 0x58eb, 0x58eb, 0x58eb, 0x58eb, 0x58eb, 0x58eb, 0x58eb, 0x58eb, 0x58eb, 0x590b, 0x58eb, 
  0x58eb, 0x58eb, 0x590b, 0x58eb, 0x58eb, 0x58eb, 0x590b, 0x58eb, 0x58eb, 0x58eb, 0x58eb, 0x58eb, 
  0x590b, 0x590b, 0x590b, 0x58eb, 0x58eb, 0x58eb, 0x58eb, 0x50aa, 0x4869, 0x3847, 0x2064, 0x2064, 
  0x2064, 0x2064, 0x2064, 0x2064, 0x2064, 0x2064, 0x2064, 0x2064, 0x2064, 0x2064, 0x2064, 0x2065, 
  0x3046, 0x4849, 0x50ca, 0x58eb, 0x590b, 0x590b, 0x590b, 0x58eb, 0x590b, 0x58eb, 0x590b, 0x590b, 
  0x58eb, 0x58eb, 0x58eb, 0x58eb, 0x590b, 0x58eb, 0x58eb, 0x58eb, 0x58eb, 0x58eb, 0x58ea, 0x58ea, 
  0x50ca, 0x50ca, 0x50ca, 0x50ca, 0x50ca, 0x50ca, 0x50ca, 0x50ca, 0x50ca, 0x50ca, 0x50ca, 0x50ca, 
  0x50ca, 0x50ca, 0x50ca, 0x50ca, 0x50ca, 0x50ca, 0x50ca, 0x50ca, 0x50ca, 0x50ca, 0x50ca, 0x50ca, 
  0x50ca, 0x50ca, 0x50ca, 0x50ca, 0x50ca, 0x50ca, 0x50ca, 0x50ca, 0x50ca, 0x50ca, 0x50ca, 0x50ca, 
  0x4889, 0x4048, 0x3006, 0x1824, 0x1824, 0x2024, 0x2025, 0x2826, 0x3047, 0x3869, 0x408b, 0x50ac, 
  0x58ee, 0x612f, 0x618f, 0x69cf, 0x69ef, 0x69ae, 0x694d, 0x71ae, 0x71ce, 0x71ce, 0x71ce, 0x71ce, 
  0x71ce, 0x71ce, 0x71ce, 0x71ce, 0x71ce, 0x71ae, 0x71ae, 0x71ae, 0x71ae, 0x71ae, 0x71ae, 0x71ae, 
  0x69ad, 0x698d, 0x698d, 0x698d, 0x698d, 0x698d, 0x698d, 0x698d, 0x698d, 0x698d, 0x698d, 0x698d, 
  0x698d, 0x696d, 0x696d, 0x696d, 0x696d, 0x696d, 0x696c, 0x696d, 0x696d, 0x616c, 0x616c, 0x614c, 
  0x614c, 0x614c, 0x614c, 0x614c, 0x614c, 0x614c, 0x614c, 0x612c, 0x612c, 0x612c, 0x612c, 0x612c, 
  0x612c, 0x612c, 0x612c, 0x612c, 0x612c, 0x58eb, 0x50aa, 0x4088, 0x28c6, 0x28c6, 0x28c6, 0x28a6, 
  0x28a5, 0x28a5, 0x28a5, 0x28a5, 0x28a5, 0x28a5, 0x28a5, 0x28a5, 0x28a5, 0x28a5, 0x28a5, 0x72ee, 
  0x3927, 0x1844, 0x1844, 0x1844, 0x1844, 0x1844, 0x1844, 0x1844, 0x3827, 0x600b, 0x600c, 0x600c, 
  0x600c, 0x600c, 0x600c, 0x600c, 0x600c, 0x600c, 0x600c, 0x600c, 0x600c, 0x600c, 0x600c, 0x600c, 
  0x600c, 0x600c, 0x600c, 0x600c, 0x600c, 0x600c, 0x600c, 0x600c, 0x600c, 0x600c, 0x600c, 0x600c, 
  0x600c, 0x600c, 0x600c, 0x600c, 0x600c, 0x600c, 0x600c, 0x600c, 0x600c, 0x600c, 0x600c, 0x600c, 
  0x600c, 0x600c, 0x600c, 0x600c, 0x600c, 0x600c, 0x600c, 0x600c, 0x600c, 0x600c, 0x600c, 0x600c, 
  0x600c, 0x600c, 0x600c, 0x600c, 0x600c, 0x600c, 0x600c, 0x600c, 0x600c, 0x600c, 0x600c, 0x600c, 
  0x600c, 0x580b, 0x3006, 0x1003, 0x1003, 0x1003, 0x1003, 0x1003, 0x1003, 0x1003, 0x1003, 0x1003, 
  0x1803, 0x3807, 0x600b, 0x600c, 0x600c, 0x600c, 0x600c, 0x600c, 0x600c, 0x600c, 0x600c, 0x600c, 
  0x600c, 0x600c, 0x600c, 0x600c, 0x600c, 0x600c, 0x600c, 0x600c, 0x600c, 0x600c, 0x600c, 0x600c, 
  0x600c, 0x600c, 0x600c, 0x600c, 0x600c, 0x600c, 0x600c, 0x600c, 0x600c, 0x600c, 0x600c, 0x600c, 
  0x600c, 0x600c, 0x600c, 0x600c, 0x600c, 0x600c, 0x600c, 0x600c, 0x600c, 0x600c, 0x600c, 0x600c, 
  0x600c, 0x600c, 0x600c, 0x600c, 0x600c, 0x600c, 0x600c, 0x600c, 0x600c, 0x600c, 0x600c, 0x600c, 
  0x600c, 0x600c, 0x600c, 0x600c, 0x600c, 0x600c, 0x580b, 0x3847, 0x2064, 0x2064, 0x2064, 0x2064, 
  0x2064, 0x2064, 0x2064, 0x2064, 0x2064, 0x2064, 0x4048, 0x600b, 0x600c, 0x600c, 0x600c, 0x600c, 
  0x600c, 0x600c, 0x600c, 0x600c, 0x600c, 0x600c, 0x600c, 0x600c, 0x600c, 0x600c, 0x600c, 0x600c, 
  0x600c, 0x600c, 0x600c, 0x600c, 0x600c, 0x600c, 0x600c, 0x600c, 0x600c, 0x600c, 0x600c, 0x600c, 
  0x600c, 0x600c, 0x600c, 0x600c, 0x600c, 0x600c, 0x600c, 0x600c, 0x600c, 0x600c, 0x600c, 0x600c, 
  0x600c, 0x600c, 0x600c, 0x600c, 0x600c, 0x600c, 0x600c, 0x600c, 0x600c, 0x600c, 0x600c, 0x600c, 
  0x600c, 0x600c, 0x600c, 0x600c, 0x600c, 0x600c, 0x600c, 0x600c, 0x600c, 0x600c, 0x600c, 0x580b, 
  0x3807, 0x2025, 0x2826, 0x3027, 0x3849, 0x486b, 0x50ad, 0x58ee, 0x614f, 0x69b0, 0x69f0, 0x692e, 
  0x682c, 0x600c, 0x600c, 0x600c, 0x600c, 0x600c, 0x600c, 0x600c, 0x600c, 0x600c, 0x600c, 0x600c, 
  0x600c, 0x600c, 0x600c, 0x600c, 0x600c, 0x600c, 0x600c, 0x600c, 0x600c, 0x600c, 0x600c, 0x600c, 
  0x600c, 0x600c, 0x600c, 0x600c, 0x600c, 0x600c, 0x600c, 0x600c, 0x600c, 0x600c, 0x600c, 0x600c, 
  0x600c, 0x600c, 0x600c, 0x600c, 0x600c, 0x600c, 0x600c, 0x600c, 0x600c, 0x600c, 0x600c, 0x600c, 
  0x600c, 0x600c, 0x600c, 0x600c, 0x600c, 0x600c, 0x600c, 0x600c, 0x600c, 0x600c, 0x600c, 0x600c, 
  0x600c, 0x600c, 0x600c, 0x600c, 0x582b, 0x4068, 0x28a5, 0x28a5, 0x28a5, 0x28a5, 0x28a5, 0x28a5, 
  0x28a5, 0x28a5, 0x28a5, 0x28a5, 0x28a5, 0x28a5, 0x28a5, 0x72ee, 0x3927, 0x1844, 0x1844, 0x1844, 
  0x1844, 0x1844, 0x1844, 0x4028, 0x600c, 0x600c, 0x600c, 0x600c, 0x600c, 0x600c, 0x600c, 0x600c, 
  0x600c, 0x600c, 0x600c, 0x600c, 0x600c, 0x600c, 0x600c, 0x600c, 0x600c, 0x600c, 0x600c, 0x600c, 
  0x600c, 0x600c, 0x600c, 0x600c, 0x600c, 0x600c, 0x600c, 0x600c, 0x600c, 0x600c, 0x600c, 0x600c, 
  0x600c, 0x600c, 0x600c, 0x600c, 0x600c, 0x600c, 0x600c, 0x600c, 0x600c, 0x600c, 0x600c, 0x600c, 
  0x600c, 0x600c, 0x600c, 0x600c, 0x600c, 0x600c, 0x600c, 0x600c, 0x600c, 0x600c, 0x600c, 0x600c, 
  0x600c, 0x600c, 0x600c, 0x600c, 0x600c, 0x600c, 0x600c, 0x600c, 0x600c, 0x600c, 0x600c, 0x3807, 
  0x1003, 0x1003, 0x1003, 0x1003, 0x1003, 0x1003, 0x1003, 0x1003, 0x3807, 0x600c, 0x600c, 0x600c, 
  0x600c, 0x600c, 0x600c, 0x600c, 0x600c, 0x600c, 0x600c, 0x600c, 0x600c, 0x600c, 0x600c, 0x600c, 
  0x600c, 0x600c, 0x600c, 0x600c, 0x600c, 0x600c, 0x600c, 0x600c, 0x600c, 0x600c, 0x600c, 0x600c, 
  0x600c, 0x600c, 0x600c, 0x600c, 0x600c, 0x600c, 0x600c, 0x600c, 0x600c, 0x600c, 0x600c, 0x600c, 
  0x600c, 0x600c, 0x600c, 0x600c, 0x600c, 0x600c, 0x600c, 0x600c, 0x600c, 0x600c, 0x600c, 0x600c, 
  0x600c, 0x600c, 0x600c, 0x600c, 0x600c, 0x600c, 0x600c, 0x600c, 0x600c, 0x600c, 0x600c, 0x600c, 
  0x600c, 0x600c, 0x600c, 0x600c, 0x4028, 0x2064, 0x2064, 0x2064, 0x2064, 0x2064, 0x2064, 0x2064, 
  0x2064, 0x4028, 0x600c, 0x600c, 0x600c, 0x600c, 0x600c, 0x600c, 0x600c, 0x600c, 0x600c, 0x600c, 
  0x600c, 0x600c, 0x600c, 0x600c, 0x600c, 0x600c, 0x600c, 0x600c, 0x600c, 0x600c, 0x600c, 0x600c, 
  0x600c, 0x600c, 0x600c, 0x600c, 0x600c, 0x600c, 0x600c, 0x600c, 0x600c, 0x600c, 0x600c, 0x600c, 
  0x600c, 0x600c, 0x600c, 0x600c, 0x600c, 0x600c, 0x600c, 0x600c, 0x600c, 0x600c, 0x600c, 0x600c, 
  0x600c, 0x600c, 0x600c, 0x600c, 0x600c, 0x600c, 0x600c, 0x600c, 0x600c, 0x600c, 0x600c, 0x600c, 
  0x600c, 0x600c, 0x600c, 0x600c, 0x600c, 0x600c, 0x600c, 0x600c, 0x600c, 0x4809, 0x3028, 0x402a, 
  0x486c, 0x58ae, 0x610f, 0x6970, 0x69d0, 0x7210, 0x690e, 0x600c, 0x600c, 0x600c, 0x600c, 0x600c, 
  0x600c, 0x600c, 0x600c, 0x600c, 0x600c, 0x600c, 0x600c, 0x600c, 0x600c, 0x600c, 0x600c, 0x600c, 
  0x600c, 0x600c, 0x600c, 0x600c, 0x600c, 0x600c, 0x600c, 0x600c, 0x600c, 0x600c, 0x600c, 0x600c, 
  0x600c, 0x600c, 0x600c, 0x600c, 0x600c, 0x600c, 0x600c, 0x600c, 0x600c, 0x600c, 0x600c, 0x600c, 
  0x600c, 0x600c, 0x600c, 0x600c, 0x600c, 0x600c, 0x600c, 0x600c, 0x600c, 0x600c, 0x600c, 0x600c, 
  0x600c, 0x600c, 0x600c, 0x600c, 0x600c, 0x600c, 0x600c, 0x600c, 0x600c, 0x600c, 0x600c, 0x600c, 
  0x600c, 0x600c, 0x4849, 0x28a5, 0x28a5, 0x28a5, 0x28a5, 0x28a5, 0x28a5, 0x28a5, 0x28a5, 0x28a5, 
  0x28a5, 0x28a5, 0x28a5, 0x72ce, 0x3927, 0x1844, 0x1844, 0x1844, 0x1844, 0x1844, 0x2045, 0x600c, 
  0x600c, 0x600c, 0x600c, 0x600c, 0x600c, 0x600c, 0x600c, 0x600c, 0x600c, 0x600c, 0x600c, 0x600c, 
  0x600c, 0x600c, 0x600c, 0x600c, 0x600c, 0x600c, 0x600c, 0x600c, 0x600c, 0x600c, 0x600c, 0x600c, 
  0x600c, 0x600c, 0x600c, 0x600c, 0x600c, 0x600c, 0x600c, 0x600c, 0x600c, 0x600c, 0x600c, 0x600c, 
  0x600c, 0x600c, 0x600c, 0x600c, 0x600c, 0x600c, 0x600c, 0x600c, 0x600c, 0x600c, 0x600c, 0x600c, 
  0x600c, 0x600c, 0x600c, 0x600c, 0x600c, 0x600c, 0x600c, 0x600c, 0x600c, 0x600c, 0x600c, 0x600c, 
  0x600c, 0x600c, 0x600c, 0x600c, 0x600c, 0x600c, 0x600c, 0x600c, 0x3006, 0x1803, 0x1003, 0x1003, 
  0x1003, 0x1003, 0x1003, 0x2004, 0x600c, 0x600c, 0x600c, 0x600c, 0x600c, 0x600c, 0x600c, 0x600c, 
  0x600c, 0x600c, 0x600c, 0x600c, 0x600c, 0x600c, 0x600c, 0x600c, 0x600c, 0x600c, 0x600c, 0x600c, 
  0x600c, 0x600c, 0x600c, 0x600c, 0x600c, 0x600c, 0x600c, 0x600c, 0x600c, 0x600c, 0x600c, 0x600c, 
  0x600c, 0x600c, 0x600c, 0x600c, 0x600c, 0x600c, 0x600c, 0x600c, 0x600c, 0x600c, 0x600c, 0x600c, 
  0x600c, 0x600c, 0x600c, 0x600c, 0x600c, 0x600c, 0x600c, 0x600c, 0x600c, 0x600c, 0x600c, 0x600c, 
  0x600c, 0x600c, 0x600c, 0x600c, 0x600c, 0x600c, 0x600c, 0x600c, 0x600c, 0x600c, 0x600c, 0x600c, 
  0x600c, 0x3047, 0x2065, 0x2064, 0x2064, 0x2064, 0x2064, 0x2064, 0x2865, 0x600c, 0x600c, 0x600c, 
  0x600c, 0x600c, 0x600c, 0x600c, 0x600c, 0x600c, 0x600c, 0x600c, 0x600c, 0x600c, 0x600c, 0x600c, 
  0x600c, 0x600c, 0x600c, 0x600c, 0x600c, 0x600c, 0x600c, 0x600c, 0x600c, 0x600c, 0x600c, 0x600c, 
  0x600c, 0x600c, 0x600c, 0x600c, 0x600c, 0x600c, 0x600c, 0x600c, 0x600c, 0x600c, 0x600c, 0x600c, 
  0x600c, 0x600c, 0x600c, 0x600c, 0x600c, 0x600c, 0x600c, 0x600c, 0x600c, 0x600c, 0x600c, 0x600c, 
  0x600c, 0x600c, 0x600c, 0x600c, 0x600c, 0x600c, 0x600c, 0x600c, 0x600c, 0x600c, 0x600c, 0x600c, 
  0x600c, 0x600c, 0x600c, 0x600c, 0x600c, 0x600c, 0x502b, 0x504d, 0x588f, 0x68d1, 0x6951, 0x71d1, 
  0x7230, 0x720f, 0x600c, 0x600c, 0x600c, 0x600c, 0x600c, 0x600c, 0x600c, 0x600c, 0x600c, 0x600c, 
  0x600c, 0x600c, 0x600c, 0x600c, 0x600c, 0x600c, 0x600c, 0x600c, 0x600c, 0x600c, 0x600c, 0x600c, 
  0x600c, 0x600c, 0x600c, 0x600c, 0x600c, 0x600c, 0x600c, 0x600c, 0x600c, 0x600c, 0x600c, 0x600c, 
  0x600c, 0x600c, 0x600c, 0x600c, 0x600c, 0x600c, 0x600c, 0x600c, 0x600c, 0x600c, 0x600c, 0x600c, 
  0x600c, 0x600c, 0x600c, 0x600c, 0x600c, 0x600c, 0x600c, 0x600c, 0x600c, 0x600c, 0x600c, 0x600c, 
  0x600c, 0x600c, 0x600c, 0x600c, 0x600c, 0x600c, 0x600c, 0x600c, 0x600c, 0x600c, 0x600c, 0x3887, 
  0x28a6, 0x28a5, 0x28a5, 0x28a5, 0x28a5, 0x28a5, 0x28a5, 0x28a5, 0x28a5, 0x28a5, 0x28a5, 0x72ce, 
  0x3927, 0x1844, 0x1844, 0x1844, 0x1844, 0x1844, 0x4829, 0x600c, 0x600c, 0x600c, 0x600c, 0x600c, 
  0x600c, 0x600c, 0x600c, 0x600c, 0x600c, 0x600c, 0x600c, 0x600c, 0x600c, 0x600c, 0x600c, 0x600c, 
  0x600c, 0x600c, 0x600c, 0x600c, 0x600c, 0x600c, 0x600c, 0x600c, 0x600c, 0x600c, 0x600c, 0x600c, 
  0x600c, 0x600c, 0x600c, 0x600c, 0x600c, 0x600c, 0x600c, 0x600c, 0x600c, 0x600c, 0x600c, 0x600c, 
  0x600c, 0x600c, 0x600c, 0x600c, 0x600c, 0x600c, 0x600c, 0x600c, 0x600c, 0x600c, 0x600c, 0x600c, 
  0x600c, 0x600c, 0x600c, 0x600c, 0x600c, 0x600c, 0x600c, 0x600c, 0x600c, 0x600c, 0x600c, 0x600c, 
  0x600c, 0x600c, 0x600c, 0x600c, 0x500a, 0x2805, 0x1803, 0x1003, 0x1003, 0x1003, 0x1003, 0x4809, 
  0x600c, 0x600c, 0x600c, 0x600c, 0x600c, 0x600c, 0x600c, 0x600c, 0x600c, 0x600c, 0x600c, 0x600c, 
  0x600c, 0x600c, 0x600c, 0x600c, 0x600c, 0x600c, 0x600c, 0x600c, 0x600c, 0x600c, 0x600c, 0x600c, 
  0x600c, 0x600c, 0x600c, 0x600c, 0x600c, 0x600c, 0x600c, 0x600c, 0x600c, 0x600c, 0x600c, 0x600c, 
  0x600c, 0x600c, 0x600c, 0x600c, 0x600c, 0x600c, 0x600c, 0x600c, 0x600c, 0x600c, 0x600c, 0x600c, 
  0x600c, 0x600c, 0x600c, 0x600c, 0x600c, 0x600c, 0x600c, 0x600c, 0x600c, 0x600c, 0x600c, 0x600c, 
  0x600c, 0x600c, 0x600c, 0x600c, 0x600c, 0x600c, 0x600c, 0x600c, 0x600c, 0x582a, 0x3066, 0x2065, 
  0x2064, 0x2064, 0x2064, 0x2064, 0x4829, 0x600c, 0x600c, 0x600c, 0x600c, 0x600c, 0x600c, 0x600c, 
  0x600c, 0x600c, 0x600c, 0x600c, 0x600c, 0x600c, 0x600c, 0x600c, 0x600c, 0x600c, 0x600c, 0x600c, 
  0x600c, 0x600c, 0x600c, 0x600c, 0x600c, 0x600c, 0x600c, 0x600c, 0x600c, 0x600c, 0x600c, 0x600c, 
  0x600c, 0x600c, 0x600c, 0x600c, 0x600c, 0x600c, 0x600c, 0x600c, 0x600c, 0x600c, 0x600c, 0x600c, 
  0x600c, 0x600c, 0x600c, 0x600c, 0x600c, 0x600c, 0x600c, 0x600c, 0x600c, 0x600c, 0x600c, 0x600c, 
  0x600c, 0x600c, 0x600c, 0x600c, 0x600c, 0x600c, 0x600c, 0x600c, 0x600c, 0x600c, 0x600c, 0x600c, 
  0x600c, 0x600c, 0x600d, 0x6050, 0x6892, 0x70f2, 0x7172, 0x71f1, 0x7270, 0x68ed, 0x600c, 0x600c, 
  0x600c, 0x600c, 0x600c, 0x600c, 0x600c, 0x600c, 0x600c, 0x600c, 0x600c, 0x600c, 0x600c, 0x600c, 
  0x600c, 0x600c, 0x600c, 0x600c, 0x600c, 0x600c, 0x600c, 0x600c, 0x600c, 0x600c, 0x600c, 0x600c, 
  0x600c, 0x600c, 0x600c, 0x600c, 0x600c, 0x600c, 0x600c, 0x600c, 0x600c, 0x600c, 0x600c, 0x600c, 
  0x600c, 0x600c, 0x600c, 0x600c, 0x600c, 0x600c, 0x600c, 0x600c, 0x600c, 0x600c, 0x600c, 0x600c, 
  0x600c, 0x600c, 0x600c, 0x600c, 0x600c, 0x600c, 0x600c, 0x600c, 0x600c, 0x600c, 0x600c, 0x600c, 
  0x600c, 0x600c, 0x600c, 0x600c, 0x600c, 0x600c, 0x600c, 0x582b, 0x3887, 0x28a6, 0x28a5, 0x28a5, 
  0x28a5, 0x28a5, 0x28a5, 0x28a5, 0x28a5, 0x28a5, 0x28a5, 0x6ace, 0x3927, 0x1844, 0x1844, 0x1844, 
  0x1844, 0x1844, 0x600b, 0x600c, 0x600c, 0x600c, 0x600c, 0x600c, 0x600c, 0x600c, 0x600c, 0x600c, 
  0x600c, 0x600c, 0x600c, 0x600c, 0x600c, 0x600c, 0x600c, 0x600c, 0x600c, 0x600c, 0x600c, 0x600c, 
  0x600c, 0x600c, 0x600c, 0x600c, 0x600c, 0x600c, 0x600c, 0x600c, 0x600c, 0x600c, 0x600c, 0x600c, 
  0x600c, 0x600c, 0x600c, 0x600c, 0x600c, 0x600c, 0x600c, 0x600c, 0x600c, 0x600c, 0x600c, 0x600c, 
  0x600c, 0x600c, 0x600c, 0x600c, 0x600c, 0x600c, 0x600c, 0x600c, 0x600c, 0x600c, 0x600c, 0x600c, 
  0x600c, 0x600c, 0x600c, 0x600c, 0x600c, 0x600c, 0x600c, 0x600c, 0x600c, 0x600c, 0x600c, 0x600c, 
  0x600c, 0x4008, 0x2805, 0x1803, 0x1003, 0x1003, 0x1803, 0x600b, 0x600c, 0x600c, 0x600c, 0x600c, 
  0x600c, 0x600c, 0x600c, 0x600c, 0x600c, 0x600c, 0x600c, 0x600c, 0x600c, 0x600c, 0x600c, 0x600c, 
  0x600c, 0x600c, 0x600c, 0x600c, 0x600c, 0x600c, 0x600c, 0x600c, 0x600c, 0x600c, 0x600c, 0x600c, 
  0x600c, 0x600c, 0x600c, 0x600c, 0x600c, 0x600c, 0x600c, 0x600c, 0x600c, 0x600c, 0x600c, 0x600c, 
  0x600c, 0x600c, 0x600c, 0x600c, 0x600c, 0x600c, 0x600c, 0x600c, 0x600c, 0x600c, 0x600c, 0x600c, 
  0x600c, 0x600c, 0x600c, 0x600c, 0x600c, 0x600c, 0x600c, 0x600c, 0x600c, 0x600c, 0x600c, 0x600c, 
  0x600c, 0x600c, 0x600c, 0x600c, 0x600c, 0x600c, 0x4848, 0x3046, 0x2064, 0x2064, 0x2064, 0x2064, 
  0x600b, 0x600c, 0x600c, 0x600c, 0x600c, 0x600c, 0x600c, 0x600c, 0x600c, 0x600c, 0x600c, 0x600c, 
  0x600c, 0x600c, 0x600c, 0x600c, 0x600c, 0x600c, 0x600c, 0x600c, 0x600c, 0x600c, 0x600c, 0x600c, 
  0x600c, 0x600c, 0x600c, 0x600c, 0x600c, 0x600c, 0x600c, 0x600c, 0x600c, 0x600c, 0x600c, 0x600c, 
  0x600c, 0x600c, 0x600c, 0x600c, 0x600c, 0x600c, 0x600c, 0x600c, 0x600c, 0x600c, 0x600c, 0x600c, 
  0x600c, 0x600c, 0x600c, 0x600c, 0x600c, 0x600c, 0x600c, 0x600c, 0x600c, 0x600c, 0x600c, 0x600c, 
  0x600c, 0x600c, 0x600c, 0x600c, 0x600c, 0x600c, 0x600c, 0x600c, 0x600c, 0x600c, 0x600c, 0x7050, 
  0x6890, 0x68f1, 0x7993, 0x7211, 0x7270, 0x602c, 0x600c, 0x600c, 0x600c, 0x600c, 0x600c, 0x600c, 
  0x600c, 0x600c, 0x600c, 0x600c, 0x600c, 0x600c, 0x600c, 0x600c, 0x600c, 0x600c, 0x600c, 0x600c, 
  0x600c, 0x600c, 0x600c, 0x600c, 0x600c, 0x600c, 0x600c, 0x600c, 0x600c, 0x600c, 0x600c, 0x600c, 
  0x600c, 0x600c, 0x600c, 0x600c, 0x600c, 0x600c, 0x600c, 0x600c, 0x600c, 0x600c, 0x600c, 0x600c, 
  0x600c, 0x600c, 0x600c, 0x600c, 0x600c, 0x600c, 0x600c, 0x600c, 0x600c, 0x600c, 0x600c, 0x600c, 
  0x600c, 0x600c, 0x600c, 0x600c, 0x600c, 0x600c, 0x600c, 0x600c, 0x600c, 0x600c, 0x600c, 0x600c, 
  0x600c, 0x600c, 0x600c, 0x600c, 0x4869, 0x3887, 0x2885, 0x28a5, 0x28a5, 0x28a5, 0x28a5, 0x28a5, 
  0x28a5, 0x28a5, 0x28a5, 0x6ace, 0x3927, 0x1844, 0x1844, 0x1844, 0x1844, 0x1844, 0x600c, 0x600c, 
  0x600c, 0x600c, 0x600c, 0x600c, 0x600c, 0x600c, 0x600c, 0x600c, 0x600c, 0x600c, 0x600c, 0x600c, 
  0x600c, 0x600c, 0x600c, 0x600c, 0x600c, 0x600c, 0x600c, 0x600c, 0x600c, 0x600c, 0x600c, 0x600c, 
  0x600c, 0x600c, 0x600c, 0x600c, 0x600c, 0x600c, 0x600c, 0x600c, 0x600c, 0x600c, 0x600c, 0x600c, 
  0x600c, 0x600c, 0x600c, 0x600c, 0x600c, 0x600c, 0x600c, 0x600c, 0x600c, 0x600c, 0x600c, 0x600c, 
  0x600c, 0x600c, 0x600c, 0x600c, 0x600c, 0x600c, 0x600c, 0x600c, 0x600c, 0x600c, 0x600c, 0x600c, 
  0x600c, 0x600c, 0x600c, 0x600c, 0x600c, 0x600c, 0x600c, 0x600c, 0x600c, 0x4028, 0x4027, 0x2004, 
  0x1003, 0x1803, 0x1803, 0x600c, 0x600c, 0x600c, 0x600c, 0x600c, 0x600c, 0x600c, 0x600c, 0x600c, 
  0x600c, 0x600c, 0x600c, 0x600c, 0x600c, 0x600c, 0x600c, 0x600c, 0x600c, 0x600c, 0x600c, 0x600c, 
  0x600c, 0x600c, 0x600c, 0x600c, 0x600c, 0x600c, 0x600c, 0x600c, 0x600c, 0x600c, 0x600c, 0x600c, 
  0x600c, 0x600c, 0x600c, 0x600c, 0x600c, 0x600c, 0x600c, 0x600c, 0x600c, 0x600c, 0x600c, 0x600c, 
  0x600c, 0x600c, 0x600c, 0x600c, 0x600c, 0x600c, 0x600c, 0x600c, 0x600c, 0x600c, 0x600c, 0x600c, 
  0x600c, 0x600c, 0x600c, 0x600c, 0x600c, 0x600c, 0x600c, 0x600c, 0x600c, 0x600c, 0x600c, 0x600c, 
  0x600c, 0x600c, 0x4849, 0x4048, 0x2845, 0x2064, 0x2064, 0x2064, 0x600c, 0x600c, 0x600c, 0x600c, 
  0x600c, 0x600c, 0x600c, 0x600c, 0x600c, 0x600c, 0x600c, 0x600c, 0x600c, 0x600c, 0x600c, 0x600c, 
  0x600c, 0x600c, 0x600c, 0x600c, 0x600c, 0x600c, 0x600c, 0x600c, 0x600c, 0x600c, 0x600c, 0x600c, 
  0x600c, 0x600c, 0x600c, 0x600c, 0x600c, 0x600c, 0x600c, 0x600c, 0x600c, 0x600c, 0x600c, 0x600c, 
  0x600c, 0x600c, 0x600c, 0x600c, 0x600c, 0x600c, 0x600c, 0x600c, 0x600c, 0x600c, 0x600c, 0x600c, 
  0x600c, 0x600c, 0x600c, 0x600c, 0x600c, 0x600c, 0x600c, 0x600c, 0x600c, 0x600c, 0x600c, 0x600c, 
  0x600c, 0x600c, 0x600c, 0x600c, 0x600c, 0x600c, 0x600c, 0x7851, 0x7091, 0x60cf, 0x6950, 0x71f2, 
  0x7250, 0x600c, 0x600c, 0x600c, 0x600c, 0x600c, 0x600c, 0x600c, 0x600c, 0x600c, 0x600c, 0x600c, 
  0x600c, 0x600c, 0x600c, 0x600c, 0x600c, 0x600c, 0x600c, 0x600c, 0x600c, 0x600c, 0x600c, 0x600c, 
  0x600c, 0x600c, 0x600c, 0x600c, 0x600c, 0x600c, 0x600c, 0x600c, 0x600c, 0x600c, 0x600c, 0x600c, 
  0x600c, 0x600c, 0x600c, 0x600c, 0x600c, 0x600c, 0x600c, 0x600c, 0x600c, 0x600c, 0x600c, 0x600c, 
  0x600c, 0x600c, 0x600c, 0x600c, 0x600c, 0x600c, 0x600c, 0x600c, 0x600c, 0x600c, 0x600c, 0x600c, 
  0x600c, 0x600c, 0x600c, 0x600c, 0x600c, 0x600c, 0x600c, 0x600c, 0x600c, 0x600c, 0x600c, 0x600c, 
  0x506a, 0x4869, 0x2865, 0x2084, 0x28a5, 0x28a5, 0x28a5, 0x28a5, 0x28a5, 0x28a5, 0x28a5, 0x6ace, 
  0x3927, 0x1844, 0x1844, 0x1844, 0x1844, 0x1844, 0x600c, 0x600c, 0x600c, 0x600c, 0x600c, 0x600c, 
  0x600c, 0x600c, 0x600c, 0x600c, 0x600c, 0x600c, 0x600c, 0x600c, 0x600c, 0x600c, 0x600c, 0x600c, 
  0x600c, 0x600c, 0x600c, 0x600c, 0x600c, 0x600c, 0x600c, 0x600c, 0x600c, 0x600c, 0x600c, 0x600c, 
  0x600c, 0x600c, 0x600c, 0x600c, 0x600c, 0x600c, 0x600c, 0x600c, 0x600c, 0x600c, 0x600c, 0x600c, 
  0x600c, 0x600c, 0x600c, 0x600c, 0x600c, 0x600c, 0x600c, 0x600c, 0x600c, 0x600c, 0x600c, 0x600c, 
  0x600c, 0x600c, 0x600c, 0x600c, 0x600c, 0x600c, 0x600c, 0x600c, 0x600c, 0x600c, 0x600c, 0x600c, 
  0x600c, 0x600c, 0x600c, 0x600c, 0x600c, 0x4828, 0x4028, 0x3026, 0x1002, 0x1003, 0x1823, 0x600c, 
  0x600c, 0x600c, 0x600c, 0x600c, 0x600c, 0x600c, 0x600c, 0x600c, 0x600c, 0x600c, 0x600c, 0x600c, 
  0x600c, 0x600c, 0x600c, 0x600c, 0x600c, 0x600c, 0x600c, 0x600c, 0x600c, 0x600c, 0x600c, 0x600c, 
  0x600c, 0x600c, 0x600c, 0x600c, 0x600c, 0x600c, 0x600c, 0x600c, 0x600c, 0x600c, 0x600c, 0x600c, 
  0x600c, 0x600c, 0x600c, 0x600c, 0x600c, 0x600c, 0x600c, 0x600c, 0x600c, 0x600c, 0x600c, 0x600c, 
  0x600c, 0x600c, 0x600c, 0x600c, 0x600c, 0x600c, 0x600c, 0x600c, 0x600c, 0x600c, 0x600c, 0x600c, 
  0x600c, 0x600c, 0x600c, 0x600c, 0x600c, 0x600c, 0x600c, 0x600c, 0x600c, 0x600c, 0x4849, 0x4849, 
  0x3847, 0x1843, 0x2064, 0x2064, 0x600c, 0x600c, 0x600c, 0x600c, 0x600c, 0x600c, 0x600c, 0x600c, 
  0x600c, 0x600c, 0x600c, 0x600c, 0x600c, 0x600c, 0x600c, 0x600c, 0x600c, 0x600c, 0x600c, 0x600c, 
  0x600c, 0x600c, 0x600c, 0x600c, 0x600c, 0x600c, 0x600c, 0x600c, 0x600c, 0x600c, 0x600c, 0x600c, 
  0x600c, 0x600c, 0x600c, 0x600c, 0x600c, 0x600c, 0x600c, 0x600c, 0x600c, 0x600c, 0x600c, 0x600c, 
  0x600c, 0x600c, 0x600c, 0x600c, 0x600c, 0x600c, 0x600c, 0x600c, 0x600c, 0x600c, 0x600c, 0x600c, 
  0x600c, 0x600c, 0x600c, 0x600c, 0x600c, 0x600c, 0x600c, 0x600c, 0x600c, 0x600c, 0x600c, 0x600c, 
  0x600c, 0x600c, 0x600c, 0x7871, 0x7891, 0x68b0, 0x590e, 0x6990, 0x7211, 0x600c, 0x600c, 0x600c, 
  0x600c, 0x600c, 0x600c, 0x600c, 0x600c, 0x600c, 0x600c, 0x600c, 0x600c, 0x600c, 0x600c, 0x600c, 
  0x600c, 0x600c, 0x600c, 0x600c, 0x600c, 0x600c, 0x600c, 0x600c, 0x600c, 0x600c, 0x600c, 0x600c, 
  0x600c, 0x600c, 0x600c, 0x600c, 0x600c, 0x600c, 0x600c, 0x600c, 0x600c, 0x600c, 0x600c, 0x600c, 
  0x600c, 0x600c, 0x600c, 0x600c, 0x600c, 0x600c, 0x600c, 0x600c, 0x600c, 0x600c, 0x600c, 0x600c, 
  0x600c, 0x600c, 0x600c, 0x600c, 0x600c, 0x600c, 0x600c, 0x600c, 0x600c, 0x600c, 0x600c, 0x600c, 
  0x600c, 0x600c, 0x600c, 0x600c, 0x600c, 0x600c, 0x600c, 0x600c, 0x506a, 0x5069, 0x3867, 0x2064, 
  0x2085, 0x2885, 0x2885, 0x2885, 0x2885, 0x2885, 0x2885, 0x6ace, 0x3927, 0x1844, 0x1844, 0x1844, 
  0x1844, 0x1844, 0x600c, 0x600c, 0x600c, 0x600c, 0x600c, 0x600c, 0x600c, 0x600c, 0x600c, 0x600c, 
  0x600c, 0x600c, 0x600c, 0x600c, 0x600c, 0x600c, 0x600c, 0x600c, 0x600c, 0x600c, 0x600c, 0x600c, 
  0x600c, 0x600c, 0x600c, 0x600c, 0x600c, 0x600c, 0x600c, 0x600c, 0x600c, 0x600c, 0x600c, 0x600c, 
  0x600c, 0x600c, 0x600c, 0x600c, 0x600c, 0x600c, 0x600c, 0x600c, 0x600c, 0x600c, 0x600c, 0x600c, 
  0x600c, 0x600c, 0x600c, 0x600c, 0x600c, 0x600c, 0x600c, 0x600c, 0x600c, 0x600c, 0x600c, 0x600c, 
  0x600c, 0x600c, 0x600c, 0x600c, 0x600c, 0x600c, 0x600c, 0x600c, 0x600c, 0x600c, 0x600c, 0x600c, 
  0x600c, 0x4828, 0x4828, 0x3827, 0x1803, 0x1002, 0x1823, 0x600c, 0x600c, 0x600c, 0x600c, 0x600c, 
  0x600c, 0x600c, 0x600c, 0x600c, 0x600c, 0x600c, 0x600c, 0x600c, 0x600c, 0x600c, 0x600c, 0x600c, 
  0x600c, 0x600c, 0x600c, 0x600c, 0x600c, 0x600c, 0x600c, 0x600c, 0x600c, 0x600c, 0x600c, 0x600c, 
  0x600c, 0x600c, 0x600c, 0x600c, 0x600c, 0x600c, 0x600c, 0x600c, 0x600c, 0x600c, 0x600c, 0x600c, 
  0x600c, 0x600c, 0x600c, 0x600c, 0x600c, 0x600c, 0x600c, 0x600c, 0x600c, 0x600c, 0x600c, 0x600c, 
  0x600c, 0x600c, 0x600c, 0x600c, 0x600c, 0x600c, 0x600c, 0x600c, 0x600c, 0x600c, 0x600c, 0x600c, 
  0x600c, 0x600c, 0x600c, 0x600c, 0x600c, 0x600c, 0x4849, 0x4849, 0x4048, 0x2044, 0x1844, 0x2064, 
  0x600c, 0x600c, 0x600c, 0x600c, 0x600c, 0x600c, 0x600c, 0x600c, 0x600c, 0x600c, 0x600c, 0x600c, 
  0x600c, 0x600c, 0x600c, 0x600c, 0x600c, 0x600c, 0x600c, 0x600c, 0x600c, 0x600c, 0x600c, 0x600c, 
  0x600c, 0x600c, 0x600c, 0x600c, 0x600c, 0x600c, 0x600c, 0x600c, 0x600c, 0x600c, 0x600c, 0x600c, 
  0x600c, 0x600c, 0x600c, 0x600c, 0x600c, 0x600c, 0x600c, 0x600c, 0x600c, 0x600c, 0x600c, 0x600c, 
  0x600c, 0x600c, 0x600c, 0x600c, 0x600c, 0x600c, 0x600c, 0x600c, 0x600c, 0x600c, 0x600c, 0x600c, 
  0x600c, 0x600c, 0x600c, 0x600c, 0x600c, 0x600c, 0x600c, 0x600c, 0x600c, 0x600c, 0x600c, 0x7070, 
  0x7891, 0x68b0, 0x50ed, 0x594e, 0x71d1, 0x600c, 0x600c, 0x600c, 0x600c, 0x600c, 0x600c, 0x600c, 
  0x600c, 0x600c, 0x600c, 0x600c, 0x600c, 0x600c, 0x600c, 0x600c, 0x600c, 0x600c, 0x600c, 0x600c, 
  0x600c, 0x600c, 0x600c, 0x600c, 0x600c, 0x600c, 0x600c, 0x600c, 0x600c, 0x600c, 0x600c, 0x600c, 
  0x600c, 0x600c, 0x600c, 0x600c, 0x600c, 0x600c, 0x600c, 0x600c, 0x600c, 0x600c, 0x600c, 0x600c, 
  0x600c, 0x600c, 0x600c, 0x600c, 0x600c, 0x600c, 0x600c, 0x600c, 0x600c, 0x600c, 0x600c, 0x600c, 
  0x600c, 0x600c, 0x600c, 0x600c, 0x600c, 0x600c, 0x600c, 0x600c, 0x600c, 0x600c, 0x600c, 0x600c, 
  0x600c, 0x600c, 0x600c, 0x600c, 0x506a, 0x5069, 0x4068, 0x2064, 0x2064, 0x2885, 0x2885, 0x2885, 
  0x2885, 0x2885, 0x2885, 0x6ace, 0x3927, 0x1844, 0x1844, 0x1844, 0x1844, 0x1844, 0x600c, 0x600c, 
  0x600c, 0x600c, 0x600c, 0x600c, 0x600c, 0x600c, 0x600c, 0x600c, 0x600c, 0x600c, 0x600c, 0x600c, 
  0x600c, 0x600c, 0x600c, 0x600c, 0x600c, 0x600c, 0x600c, 0x600c, 0x600c, 0x600c, 0x600c, 0x600c, 
  0x600c, 0x600c, 0x600c, 0x600c, 0x600c, 0x600c, 0x600c, 0x600c, 0x600c, 0x600c, 0x600c, 0x600c, 
  0x600c, 0x600c, 0x600c, 0x600c, 0x600c, 0x600c, 0x600c, 0x600c, 0x600c, 0x600c, 0x600c, 0x600c, 
  0x600c, 0x600c, 0x600c, 0x600c, 0x600c, 0x600c, 0x600c, 0x600c, 0x600c, 0x600c, 0x600c, 0x600c, 
  0x600c, 0x600c, 0x600c, 0x600c, 0x600c, 0x600c, 0x600c, 0x600c, 0x600c, 0x4828, 0x4828, 0x3827, 
  0x1823, 0x1002, 0x1823, 0x600c, 0x600c, 0x600c, 0x600c, 0x600c, 0x600c, 0x600c, 0x600c, 0x600c, 
  0x600c, 0x600c, 0x600c, 0x600c, 0x600c, 0x600c, 0x600c, 0x600c, 0x600c, 0x600c, 0x600c, 0x600c, 
  0x600c, 0x600c, 0x600c, 0x600c, 0x600c, 0x600c, 0x600c, 0x600c, 0x600c, 0x600c, 0x600c, 0x600c, 
  0x600c, 0x600c, 0x600c, 0x600c, 0x600c, 0x600c, 0x600c, 0x600c, 0x600c, 0x600c, 0x600c, 0x600c, 
  0x600c, 0x600c, 0x600c, 0x600c, 0x600c, 0x600c, 0x600c, 0x600c, 0x600c, 0x600c, 0x600c, 0x600c, 
  0x600c, 0x600c, 0x600c, 0x600c, 0x600c, 0x600c, 0x600c, 0x600c, 0x600c, 0x600c, 0x600c, 0x600c, 
  0x600c, 0x600c, 0x4849, 0x4849, 0x4048, 0x2044, 0x1843, 0x2064, 0x600c, 0x600c, 0x600c, 0x600c, 
  0x600c, 0x600c, 0x600c, 0x600c, 0x600c, 0x600c, 0x600c, 0x600c, 0x600c, 0x600c, 0x600c, 0x600c, 
  0x600c, 0x600c, 0x600c, 0x600c, 0x600c, 0x600c, 0x600c, 0x600c, 0x600c, 0x600c, 0x600c, 0x600c, 
  0x600c, 0x600c, 0x600c, 0x600c, 0x600c, 0x600c, 0x600c, 0x600c, 0x600c, 0x600c, 0x600c, 0x600c, 
  0x600c, 0x600c, 0x600c, 0x600c, 0x600c, 0x600c, 0x600c, 0x600c, 0x600c, 0x600c, 0x600c, 0x600c, 
  0x600c, 0x600c, 0x600c, 0x600c, 0x600c, 0x600c, 0x600c, 0x600c, 0x600c, 0x600c, 0x600c, 0x600c, 
  0x600c, 0x600c, 0x600c, 0x600c, 0x600c, 0x600c, 0x600c, 0x7090, 0x70b0, 0x68af, 0x50ed, 0x510d, 
  0x6991, 0x600c, 0x600c, 0x600c, 0x600c, 0x600c, 0x600c, 0x600c, 0x600c, 0x600c, 0x600c, 0x600c, 
  0x600c, 0x600c, 0x600c, 0x600c, 0x600c, 0x600c, 0x600c, 0x600c, 0x600c, 0x600c, 0x600c, 0x600c, 
  0x600c, 0x600c, 0x600c, 0x600c, 0x600c, 0x600c, 0x600c, 0x600c, 0x600c, 0x600c, 0x600c, 0x600c, 
  0x600c, 0x600c, 0x600c, 0x600c, 0x600c, 0x600c, 0x600c, 0x600c, 0x600c, 0x600c, 0x600c, 0x600c, 
  0x600c, 0x600c, 0x600c, 0x600c, 0x600c, 0x600c, 0x600c, 0x600c, 0x600c, 0x600c, 0x600c, 0x600c, 
  0x600c, 0x600c, 0x600c, 0x600c, 0x600c, 0x600c, 0x600c, 0x600c, 0x600c, 0x600c, 0x600c, 0x600c, 
  0x5069, 0x5069, 0x4868, 0x2065, 0x1864, 0x2885, 0x2885, 0x2885, 0x2885, 0x2885, 0x2885, 0x6ace, 
  0x3927, 0x1844, 0x1844, 0x1844, 0x1844, 0x1844, 0x600c, 0x600c, 0x600c, 0x600c, 0x600c, 0x600c, 
  0x600c, 0x600c, 0x600c, 0x600c, 0x600c, 0x600c, 0x600c, 0x600c, 0x600c, 0x600c, 0x600c, 0x600c, 
  0x600c, 0x600c, 0x600c, 0x600c, 0x600c, 0x600c, 0x600c, 0x600c, 0x600c, 0x600c, 0x600c, 0x600c, 
  0x600c, 0x600c, 0x600c, 0x600c, 0x600c, 0x600c, 0x600c, 0x600c, 0x600c, 0x600c, 0x600c, 0x600c, 
  0x600c, 0x600c, 0x600c, 0x600c, 0x600c, 0x600c, 0x600c, 0x600c, 0x600c, 0x600c, 0x600c, 0x600c, 
  0x600c, 0x600c, 0x600c, 0x600c, 0x600c, 0x600c, 0x600c, 0x600c, 0x600c, 0x600c, 0x600c, 0x600c, 
  0x600c, 0x600c, 0x600c, 0x600c, 0x600c, 0x4828, 0x4028, 0x3827, 0x1823, 0x1002, 0x1823, 0x600c, 
  0x600c, 0x600c, 0x600c, 0x600c, 0x600c, 0x600c, 0x600c, 0x600c, 0x600c, 0x600c, 0x600c, 0x600c, 
  0x600c, 0x600c, 0x600c, 0x600c, 0x600c, 0x600c, 0x600c, 0x600c, 0x600c, 0x600c, 0x600c, 0x600c, 
  0x600c, 0x600c, 0x600c, 0x600c, 0x600c, 0x600c, 0x600c, 0x600c, 0x600c, 0x600c, 0x600c, 0x600c, 
  0x600c, 0x600c, 0x600c, 0x600c, 0x600c, 0x600c, 0x600c, 0x600c, 0x600c, 0x600c, 0x600c, 0x600c, 
  0x600c, 0x600c, 0x600c, 0x600c, 0x600c, 0x600c, 0x600c, 0x600c, 0x600c, 0x600c, 0x600c, 0x600c, 
  0x600c, 0x600c, 0x600c, 0x600c, 0x600c, 0x600c, 0x600c, 0x600c, 0x600c, 0x600c, 0x4849, 0x4849, 
  0x4048, 0x2044, 0x1843, 0x2064, 0x600c, 0x600c, 0x600c, 0x600c, 0x600c, 0x600c, 0x600c, 0x600c, 
  0x600c, 0x600c, 0x600c, 0x600c, 0x600c, 0x600c, 0x600c, 0x600c, 0x600c, 0x600c, 0x600c, 0x600c, 
  0x600c, 0x600c, 0x600c, 0x600c, 0x600c, 0x600c, 0x600c, 0x600c, 0x600c, 0x600c, 0x600c, 0x600c, 
  0x600c, 0x600c, 0x600c, 0x600c, 0x600c, 0x600c, 0x600c, 0x600c, 0x600c, 0x600c, 0x600c, 0x600c, 
  0x600c, 0x600c, 0x600c, 0x600c, 0x600c, 0x600c, 0x600c, 0x600c, 0x600c, 0x600c, 0x600c, 0x600c, 
  0x600c, 0x600c, 0x600c, 0x600c, 0x600c, 0x600c, 0x600c, 0x600c, 0x600c, 0x600c, 0x600c, 0x600c, 
  0x600c, 0x600c, 0x600c, 0x7890, 0x70b0, 0x68ce, 0x50ec, 0x48ec, 0x6970, 0x600c, 0x600c, 0x600c, 
  0x600c, 0x600c, 0x600c, 0x600c, 0x600c, 0x600c, 0x600c, 0x600c, 0x600c, 0x600c, 0x600c, 0x600c, 
  0x600c, 0x600c, 0x600c, 0x600c, 0x600c, 0x600c, 0x600c, 0x600c, 0x600c, 0x600c, 0x600c, 0x600c, 
  0x600c, 0x600c, 0x600c, 0x600c, 0x600c, 0x600c, 0x600c, 0x600c, 0x600c, 0x600c, 0x600c, 0x600c, 
  0x600c, 0x600c, 0x600c, 0x600c, 0x600c, 0x600c, 0x600c, 0x600c, 0x600c, 0x600c, 0x600c, 0x600c, 
  0x600c, 0x600c, 0x600c, 0x600c, 0x600c, 0x600c, 0x600c, 0x600c, 0x600c, 0x600c, 0x600c, 0x600c, 
  0x600c, 0x600c, 0x600c, 0x600c, 0x600c, 0x600c, 0x600c, 0x600c, 0x5069, 0x5069, 0x4869, 0x2065, 
  0x1864, 0x2885, 0x2885, 0x2885, 0x2885, 0x2885, 0x2885, 0x6ace, 0x3927, 0x1844, 0x1844, 0x1844, 
  0x1844, 0x1844, 0x600c, 0x600c, 0x600c, 0x600c, 0x600c, 0x600c, 0x600c, 0x600c, 0x600c, 0x600c, 
  0x600c, 0x600c, 0x600c, 0x600c, 0x600c, 0x600c, 0x600c, 0x600c, 0x600c, 0x600c, 0x600c, 0x600c, 
  0x600c, 0x600c, 0x600c, 0x600c, 0x600c, 0x600c, 0x600c, 0x600c, 0x600c, 0x600c, 0x600c, 0x600c, 
  0x600c, 0x600c, 0x600c, 0x600c, 0x600c, 0x600c, 0x600c, 0x600c, 0x600c, 0x600c, 0x600c, 0x600c, 
  0x600c, 0x600c, 0x600c, 0x600c, 0x600c, 0x600c, 0x600c, 0x600c, 0x600c, 0x600c, 0x600c, 0x600c, 
  0x600c, 0x600c, 0x600c, 0x600c, 0x600c, 0x600c, 0x600c, 0x600c, 0x600c, 0x600c, 0x600c, 0x600c, 
  0x600c, 0x4828, 0x4828, 0x3827, 0x1823, 0x1022, 0x1823, 0x600c, 0x600c, 0x600c, 0x600c, 0x600c, 
  0x600c, 0x600c, 0x600c, 0x600c, 0x600c, 0x600c, 0x600c, 0x600c, 0x600c, 0x600c, 0x600c, 0x600c, 
  0x600c, 0x600c, 0x600c, 0x600c, 0x600c, 0x600c, 0x600c, 0x600c, 0x600c, 0x600c, 0x600c, 0x600c, 
  0x600c, 0x600c, 0x600c, 0x600c, 0x600c, 0x600c, 0x600c, 0x600c, 0x600c, 0x600c, 0x600c, 0x600c, 
  0x600c, 0x600c, 0x600c, 0x600c, 0x600c, 0x600c, 0x600c, 0x600c, 0x600c, 0x600c, 0x600c, 0x600c, 
  0x600c, 0x600c, 0x600c, 0x600c, 0x600c, 0x600c, 0x600c, 0x600c, 0x600c, 0x600c, 0x600c, 0x600c, 
  0x600c, 0x600c, 0x600c, 0x600c, 0x600c, 0x600c, 0x4849, 0x4849, 0x4048, 0x2044, 0x1843, 0x2064, 
  0x600c, 0x600c, 0x600c, 0x600c, 0x600c, 0x600c, 0x600c, 0x600c, 0x600c, 0x600c, 0x600c, 0x600c, 
  0x600c, 0x600c, 0x600c, 0x600c, 0x600c, 0x600c, 0x600c, 0x600c, 0x600c, 0x600c, 0x600c, 0x600c, 
  0x600c, 0x600c, 0x600c, 0x600c, 0x600c, 0x600c, 0x600c, 0x600c, 0x600c, 0x600c, 0x600c, 0x600c, 
  0x600c, 0x600c, 0x600c, 0x600c, 0x600c, 0x600c, 0x600c, 0x600c, 0x600c, 0x600c, 0x600c, 0x600c, 
  0x600c, 0x600c, 0x600c, 0x600c, 0x600c, 0x600c, 0x600c, 0x600c, 0x600c, 0x600c, 0x600c, 0x600c, 
  0x600c, 0x600c, 0x600c, 0x600c, 0x600c, 0x600c, 0x600c, 0x600c, 0x600c, 0x600c, 0x600c, 0x78b0, 
  0x70d0, 0x68ce, 0x48eb, 0x40eb, 0x6150, 0x600c, 0x600c, 0x600c, 0x600c, 0x600c, 0x600c, 0x600c, 
  0x600c, 0x600c, 0x600c, 0x600c, 0x600c, 0x600c, 0x600c, 0x600c, 0x600c, 0x600c, 0x600c, 0x600c, 
  0x600c, 0x600c, 0x600c, 0x600c, 0x600c, 0x600c, 0x600c, 0x600c, 0x600c, 0x600c, 0x600c, 0x600c, 
  0x600c, 0x600c, 0x600c, 0x600c, 0x600c, 0x600c, 0x600c, 0x600c, 0x600c, 0x600c, 0x600c, 0x600c, 
  0x600c, 0x600c, 0x600c, 0x600c, 0x600c, 0x600c, 0x600c, 0x600c, 0x600c, 0x600c, 0x600c, 0x600c, 
  0x600c, 0x600c, 0x600c, 0x600c, 0x600c, 0x600c, 0x600c, 0x600c, 0x600c, 0x600c, 0x600c, 0x600c, 
  0x600c, 0x600c, 0x600c, 0x600c, 0x5069, 0x5069, 0x4869, 0x2065, 0x1864, 0x2085, 0x2085, 0x2885, 
  0x2885, 0x2885, 0x2085, 0x6aae, 0x3927, 0x1844, 0x1844, 0x1844, 0x1844, 0x1844, 0x600c, 0x600c, 
  0x600c, 0x600c, 0x600c, 0x600c, 0x600c, 0x600c, 0x600c, 0x600c, 0x600c, 0x600c, 0x600c, 0x600c, 
  0x600c, 0x600c, 0x600c, 0x600c, 0x600c, 0x600c, 0x600c, 0x600c, 0x600c, 0x600c, 0x600c, 0x600c, 
  0x600c, 0x600c, 0x600c, 0x600c, 0x600c, 0x600c, 0x600c, 0x600c, 0x600c, 0x600c, 0x600c, 0x600c, 
  0x600c, 0x600c, 0x600c, 0x600c, 0x600c, 0x600c, 0x600c, 0x600c, 0x600c, 0x600c, 0x600c, 0x600c, 
  0x600c, 0x600c, 0x600c, 0x600c, 0x600c, 0x600c, 0x600c, 0x600c, 0x600c, 0x600c, 0x600c, 0x600c, 
  0x600c, 0x600c, 0x600c, 0x600c, 0x600c, 0x600c, 0x600c, 0x600c, 0x600c, 0x4828, 0x4828, 0x3827, 
  0x1823, 0x1022, 0x1823, 0x600c, 0x600c, 0x600c, 0x600c, 0x600c, 0x600c, 0x600c, 0x600c, 0x600c, 
  0x600c, 0x600c, 0x600c, 0x600c, 0x600c, 0x600c, 0x600c, 0x600c, 0x600c, 0x600c, 0x600c, 0x600c, 
  0x600c, 0x600c, 0x600c, 0x600c, 0x600c, 0x600c, 0x600c, 0x600c, 0x600c, 0x600c, 0x600c, 0x600c, 
  0x600c, 0x600c, 0x600c, 0x600c, 0x600c, 0x600c, 0x600c, 0x600c, 0x600c, 0x600c, 0x600c, 0x600c, 
  0x600c, 0x600c, 0x600c, 0x600c, 0x600c, 0x600c, 0x600c, 0x600c, 0x600c, 0x600c, 0x600c, 0x600c, 
  0x600c, 0x600c, 0x600c, 0x600c, 0x600c, 0x600c, 0x600c, 0x600c, 0x600c, 0x600c, 0x600c, 0x600c, 
  0x600c, 0x600c, 0x4849, 0x4849, 0x4048, 0x2044, 0x1843, 0x2064, 0x600c, 0x600c, 0x600c, 0x600c, 
  0x600c, 0x600c, 0x600c, 0x600c, 0x600c, 0x600c, 0x600c, 0x600c, 0x600c, 0x600c, 0x600c, 0x600c, 
  0x600c, 0x600c, 0x600c, 0x600c, 0x600c, 0x600c, 0x600c, 0x600c, 0x600c, 0x600c, 0x600c, 0x600c, 
  0x600c, 0x600c, 0x600c, 0x600c, 0x600c, 0x600c, 0x600c, 0x600c, 0x600c, 0x600c, 0x600c, 0x600c, 
  0x600c, 0x600c, 0x600c, 0x600c, 0x600c, 0x600c, 0x600c, 0x600c, 0x600c, 0x600c, 0x600c, 0x600c, 
  0x600c, 0x600c, 0x600c, 0x600c, 0x600c, 0x600c, 0x600c, 0x600c, 0x600c, 0x600c, 0x600c, 0x600c, 
  0x600c, 0x600c, 0x600c, 0x600c, 0x600c, 0x600c, 0x600c, 0x78b0, 0x70cf, 0x60cd, 0x48ea, 0x40ea, 
  0x592e, 0x600c, 0x600c, 0x600c, 0x600c, 0x600c, 0x600c, 0x600c, 0x600c, 0x600c, 0x600c, 0x600c, 
  0x600c, 0x600c, 0x600c, 0x600c, 0x600c, 0x600c, 0x600c, 0x600c, 0x600c, 0x600c, 0x600c, 0x600c, 
  0x600c, 0x600c, 0x600c, 0x600c, 0x600c, 0x600c, 0x600c, 0x600c, 0x600c, 0x600c, 0x600c, 0x600c, 
  0x600c, 0x600c, 0x600c, 0x600c, 0x600c, 0x600c, 0x600c, 0x600c, 0x600c, 0x600c, 0x600c, 0x600c, 
  0x600c, 0x600c, 0x600c, 0x600c, 0x600c, 0x600c, 0x600c, 0x600c, 0x600c, 0x600c, 0x600c, 0x600c, 
  0x600c, 0x600c, 0x600c, 0x600c, 0x600c, 0x600c, 0x600c, 0x600c, 0x600c, 0x600c, 0x600c, 0x600c, 
  0x5069, 0x5069, 0x4869, 0x2065, 0x1863, 0x2085, 0x2085, 0x2085, 0x2085, 0x2085, 0x2085, 0x6aae, 
  0x3927, 0x1844, 0x1844, 0x1844, 0x1844, 0x1844, 0x600c, 0x600c, 0x600c, 0x600c, 0x600c, 0x600c, 
  0x600c, 0x600c, 0x600c, 0x600c, 0x600c, 0x600c, 0x600c, 0x600c, 0x600c, 0x600c, 0x600c, 0x600c, 
  0x600c, 0x600c, 0x600c, 0x600c, 0x600c, 0x600c, 0x600c, 0x600c, 0x600c, 0x600c, 0x600c, 0x600c, 
  0x600c, 0x600c, 0x600c, 0x600c, 0x600c, 0x600c, 0x600c, 0x600c, 0x600c, 0x600c, 0x600c, 0x600c, 
  0x600c, 0x600c, 0x600c, 0x600c, 0x600c, 0x600c, 0x600c, 0x600c, 0x600c, 0x600c, 0x600c, 0x600c, 
  0x600c, 0x600c, 0x600c, 0x600c, 0x600c, 0x600c, 0x600c, 0x600c, 0x600c, 0x600c, 0x600c, 0x600c, 
  0x600c, 0x600c, 0x600c, 0x600c, 0x600c, 0x4828, 0x4828, 0x3827, 0x1823, 0x1022, 0x1823, 0x600c, 
  0x600c, 0x600c, 0x600c, 0x600c, 0x600c, 0x600c, 0x600c, 0x600c, 0x600c, 0x600c, 0x600c, 0x600c, 
  0x600c, 0x600c, 0x600c, 0x600c, 0x600c, 0x600c, 0x600c, 0x600c, 0x600c, 0x600c, 0x600c, 0x600c, 
  0x600c, 0x600c, 0x600c, 0x600c, 0x600c, 0x600c, 0x600c, 0x600c, 0x600c, 0x600c, 0x600c, 0x600c, 
  0x600c, 0x600c, 0x600c, 0x600c, 0x600c, 0x600c, 0x600c, 0x600c, 0x600c, 0x600c, 0x600c, 0x600c, 
  0x600c, 0x600c, 0x600c, 0x600c, 0x600c, 0x600c, 0x600c, 0x600c, 0x600c, 0x600c, 0x600c, 0x600c, 
  0x600c, 0x600c, 0x600c, 0x600c, 0x600c, 0x600c, 0x600c, 0x600c, 0x600c, 0x600c, 0x4849, 0x4849, 
  0x4048, 0x2044, 0x1843, 0x2064, 0x600c, 0x600c, 0x600c, 0x600c, 0x600c, 0x600c, 0x600c, 0x600c, 
  0x600c, 0x600c, 0x600c, 0x600c, 0x600c, 0x600c, 0x600c, 0x600c, 0x600c, 0x600c, 0x600c, 0x600c, 
  0x600c, 0x600c, 0x600c, 0x600c, 0x600c, 0x600c, 0x600c, 0x600c, 0x600c, 0x600c, 0x600c, 0x600c, 
  0x600c, 0x600c, 0x600c, 0x600c, 0x600c, 0x600c, 0x600c, 0x600c, 0x600c, 0x600c, 0x600c, 0x600c, 
  0x600c, 0x600c, 0x600c, 0x600c, 0x600c, 0x600c, 0x600c, 0x600c, 0x600c, 0x600c, 0x600c, 0x600c, 
  0x600c, 0x600c, 0x600c, 0x600c, 0x600c, 0x600c, 0x600c, 0x600c, 0x600c, 0x600c, 0x600c, 0x600c, 
  0x600c, 0x600c, 0x600c, 0x78b0, 0x70cf, 0x60cd, 0x40e9, 0x38e9, 0x592d, 0x600c, 0x600c, 0x600c, 
  0x600c, 0x600c, 0x600c, 0x600c, 0x600c, 0x600c, 0x600c, 0x600c, 0x600c, 0x600c, 0x600c, 0x600c, 
  0x600c, 0x600c, 0x600c, 0x600c, 0x600c, 0x600c, 0x600c, 0x600c, 0x600c, 0x600c, 0x600c, 0x600c, 
  0x600c, 0x600c, 0x600c, 0x600c, 0x600c, 0x600c, 0x600c, 0x600c, 0x600c, 0x600c, 0x600c, 0x600c, 
  0x600c, 0x600c, 0x600c, 0x600c, 0x600c, 0x600c, 0x600c, 0x600c, 0x600c, 0x600c, 0x600c, 0x600c, 
  0x600c, 0x600c, 0x600c, 0x600c, 0x600c, 0x600c, 0x600c, 0x600c, 0x600c, 0x600c, 0x600c, 0x600c, 
  0x600c, 0x600c, 0x600c, 0x600c, 0x600c, 0x600c, 0x600c, 0x600c, 0x5069, 0x5069, 0x4868, 0x2065, 
  0x1863, 0x2085, 0x2085, 0x2085, 0x2085, 0x2085, 0x2085, 0x6aad, 0x3927, 0x1844, 0x1844, 0x1844, 
  0x1844, 0x1844, 0x600c, 0x600c, 0x600c, 0x600c, 0x600c, 0x600c, 0x600c, 0x600c, 0x600c, 0x600c, 
  0x600c, 0x600c, 0x600c, 0x600c, 0x600c, 0x600c, 0x600c, 0x600c, 0x600c, 0x600c, 0x600c, 0x600c, 
  0x600c, 0x600c, 0x600c, 0x600c, 0x600c, 0x600c, 0x600c, 0x600c, 0x600c, 0x600c, 0x600c, 0x600c, 
  0x600c, 0x600c, 0x600c, 0x600c, 0x600c, 0x600c, 0x600c, 0x600c, 0x600c, 0x600c, 0x600c, 0x600c, 
  0x600c, 0x600c, 0x600c, 0x600c, 0x600c, 0x600c, 0x600c, 0x600c, 0x600c, 0x600c, 0x600c, 0x600c, 
  0x600c, 0x600c, 0x600c, 0x600c, 0x600c, 0x600c, 0x600c, 0x600c, 0x600c, 0x600c, 0x600c, 0x600c, 
  0x600c, 0x4828, 0x4828, 0x3827, 0x1823, 0x1022, 0x1823, 0x600c, 0x600c, 0x600c, 0x600c, 0x600c, 
  0x600c, 0x600c, 0x600c, 0x600c, 0x600c, 0x600c, 0x600c, 0x600c, 0x600c, 0x600c, 0x600c, 0x600c, 
  0x600c, 0x600c, 0x600c, 0x600c, 0x600c, 0x600c, 0x600c, 0x600c, 0x600c, 0x600c, 0x600c, 0x600c, 
  0x600c, 0x600c, 0x600c, 0x600c, 0x600c, 0x600c, 0x600c, 0x600c, 0x600c, 0x600c, 0x600c, 0x600c, 
  0x600c, 0x600c, 0x600c, 0x600c, 0x600c, 0x600c, 0x600c, 0x600c, 0x600c, 0x600c, 0x600c, 0x600c, 
  0x600c, 0x600c, 0x600c, 0x600c, 0x600c, 0x600c, 0x600c, 0x600c, 0x600c, 0x600c, 0x600c, 0x600c, 
  0x600c, 0x600c, 0x600c, 0x600c, 0x600c, 0x600c, 0x4849, 0x4849, 0x4048, 0x2044, 0x1843, 0x2064, 
  0x600c, 0x600c, 0x600c, 0x600c, 0x600c, 0x600c, 0x600c, 0x600c, 0x600c, 0x600c, 0x600c, 0x600c, 
  0x600c, 0x600c, 0x600c, 0x600c, 0x600c, 0x600c, 0x600c, 0x600c, 0x600c, 0x600c, 0x600c, 0x600c, 
  0x600c, 0x600c, 0x600c, 0x600c, 0x600c, 0x600c, 0x600c, 0x600c, 0x600c, 0x600c, 0x600c, 0x600c, 
  0x600c, 0x600c, 0x600c, 0x600c, 0x600c, 0x600c, 0x600c, 0x600c, 0x600c, 0x600c, 0x600c, 0x600c, 
  0x600c, 0x600c, 0x600c, 0x600c, 0x600c, 0x600c, 0x600c, 0x600c, 0x600c, 0x600c, 0x600c, 0x600c, 
  0x600c, 0x600c, 0x600c, 0x600c, 0x600c, 0x600c, 0x600c, 0x600c, 0x600c, 0x600c, 0x600c, 0x78d0, 
  0x70cf, 0x60ec, 0x40e9, 0x38e8, 0x512c, 0x600c, 0x600c, 0x600c, 0x600c, 0x600c, 0x600c, 0x600c, 
  0x600c, 0x600c, 0x600c, 0x600c, 0x600c, 0x600c, 0x600c, 0x600c, 0x600c, 0x600c, 0x600c, 0x600c, 
  0x600c, 0x600c, 0x600c, 0x600c, 0x600c, 0x600c, 0x600c, 0x600c, 0x600c, 0x600c, 0x600c, 0x600c, 
  0x600c, 0x600c, 0x600c, 0x600c, 0x600c, 0x600c, 0x600c, 0x600c, 0x600c, 0x600c, 0x600c, 0x600c, 
  0x600c, 0x600c, 0x600c, 0x600c, 0x600c, 0x600c, 0x600c, 0x600c, 0x600c, 0x600c, 0x600c, 0x600c, 
  0x600c, 0x600c, 0x600c, 0x600c, 0x600c, 0x600c, 0x600c, 0x600c, 0x600c, 0x600c, 0x600c, 0x600c, 
  0x600c, 0x600c, 0x600c, 0x600c, 0x5069, 0x5069, 0x4868, 0x2065, 0x1863, 0x2085, 0x2085, 0x2085, 
  0x2085, 0x2085, 0x2085, 0x6aad, 0x3928, 0x1844, 0x1844, 0x1844, 0x1844, 0x1844, 0x600c, 0x600c, 
  0x600c, 0x600c, 0x600c, 0x600c, 0x600c, 0x600c, 0x600c, 0x600c, 0x600c, 0x600c, 0x600c, 0x600c, 
  0x600c, 0x600c, 0x600c, 0x600c, 0x600c, 0x600c, 0x600c, 0x600c, 0x600c, 0x600c, 0x600c, 0x600c, 
  0x600c, 0x600c, 0x600c, 0x600c, 0x600c, 0x600c, 0x600c, 0x600c, 0x600c, 0x600c, 0x600c, 0x600c, 
  0x600c, 0x600c, 0x600c, 0x600c, 0x600c, 0x600c, 0x600c, 0x600c, 0x600c, 0x600c, 0x600c, 0x600c, 
  0x600c, 0x600c, 0x600c, 0x600c, 0x600c, 0x600c, 0x600c, 0x600c, 0x600c, 0x600c, 0x600c, 0x600c, 
  0x600c, 0x600c, 0x600c, 0x600c, 0x600c, 0x600c, 0x600c, 0x600c, 0x600c, 0x4828, 0x4828, 0x4027, 
  0x1823, 0x1022, 0x1823, 0x600c, 0x600c, 0x600c, 0x600c, 0x600c, 0x600c, 0x600c, 0x600c, 0x600c, 
  0x600c, 0x600c, 0x600c, 0x600c, 0x600c, 0x600c, 0x600c, 0x600c, 0x600c, 0x600c, 0x600c, 0x600c, 
  0x600c, 0x600c, 0x600c, 0x600c, 0x600c, 0x600c, 0x600c, 0x600c, 0x600c, 0x600c, 0x600c, 0x600c, 
  0x600c, 0x600c, 0x600c, 0x600c, 0x600c, 0x600c, 0x600c, 0x600c, 0x600c, 0x600c, 0x600c, 0x600c, 
  0x600c, 0x600c, 0x600c, 0x600c, 0x600c, 0x600c, 0x600c, 0x600c, 0x600c, 0x600c, 0x600c, 0x600c, 
  0x600c, 0x600c, 0x600c, 0x600c, 0x600c, 0x600c, 0x600c, 0x600c, 0x600c, 0x600c, 0x600c, 0x600c, 
  0x600c, 0x600c, 0x4849, 0x4849, 0x4048, 0x2044, 0x1843, 0x2064, 0x600c, 0x600c, 0x600c, 0x600c, 
  0x600c, 0x600c, 0x600c, 0x600c, 0x600c, 0x600c, 0x600c, 0x600c, 0x600c, 0x600c, 0x600c, 0x600c, 
  0x600c, 0x600c, 0x600c, 0x600c, 0x600c, 0x600c, 0x600c, 0x600c, 0x600c, 0x600c, 0x600c, 0x600c, 
  0x600c, 0x600c, 0x600c, 0x600c, 0x600c, 0x600c, 0x600c, 0x600c, 0x600c, 0x600c, 0x600c, 0x600c, 
  0x600c, 0x600c, 0x600c, 0x600c, 0x600c, 0x600c, 0x600c, 0x600c, 0x600c, 0x600c, 0x600c, 0x600c, 
  0x600c, 0x600c, 0x600c, 0x600c, 0x600c, 0x600c, 0x600c, 0x600c, 0x600c, 0x600c, 0x600c, 0x600c, 
  0x600c, 0x600c, 0x600c, 0x600c, 0x600c, 0x600c, 0x600c, 0x78d0, 0x70ce, 0x60ec, 0x38e8, 0x30e7, 
  0x494b, 0x600c, 0x600c, 0x600c, 0x600c, 0x600c, 0x600c, 0x600c, 0x600c, 0x600c, 0x600c, 0x600c, 
  0x600c, 0x600c, 0x600c, 0x600c, 0x600c, 0x600c, 0x600c, 0x600c, 0x600c, 0x600c, 0x600c, 0x600c, 
  0x600c, 0x600c, 0x600c, 0x600c, 0x600c, 0x600c, 0x600c, 0x600c, 0x600c, 0x600c, 0x600c, 0x600c, 
  0x600c, 0x600c, 0x600c, 0x600c, 0x600c, 0x600c, 0x600c, 0x600c, 0x600c, 0x600c, 0x600c, 0x600c, 
  0x600c, 0x600c, 0x600c, 0x600c, 0x600c, 0x600c, 0x600c, 0x600c, 0x600c, 0x600c, 0x600c, 0x600c, 
  0x600c, 0x600c, 0x600c, 0x600c, 0x600c, 0x600c, 0x600c, 0x600c, 0x600c, 0x600c, 0x600c, 0x600c, 
  0x5069, 0x5069, 0x4868, 0x2065, 0x1863, 0x2085, 0x2085, 0x2085, 0x2085, 0x2085, 0x2085, 0x6aad, 
  0x3928, 0x1844, 0x1844, 0x1844, 0x1844, 0x1844, 0x600c, 0x600c, 0x600c, 0x600c, 0x600c, 0x600c, 
  0x600c, 0x600c, 0x600c, 0x600c, 0x600c, 0x600c, 0x600c, 0x600c, 0x600c, 0x600c, 0x600c, 0x600c, 
  0x600c, 0x600c, 0x600c, 0x600c, 0x600c, 0x600c, 0x600c, 0x600c, 0x600c, 0x600c, 0x600c, 0x600c, 
  0x600c, 0x600c, 0x600c, 0x600c, 0x600c, 0x600c, 0x600c, 0x600c, 0x600c, 0x600c, 0x600c, 0x600c, 
  0x600c, 0x600c, 0x600c, 0x600c, 0x600c, 0x600c, 0x600c, 0x600c, 0x600c, 0x600c, 0x600c, 0x600c, 
  0x600c, 0x600c, 0x600c, 0x600c, 0x600c, 0x600c, 0x600c, 0x600c, 0x600c, 0x600c, 0x600c, 0x600c, 
  0x600c, 0x600c, 0x600c, 0x600c, 0x600c, 0x4828, 0x4828, 0x3827, 0x1823, 0x1022, 0x1823, 0x600c, 
  0x600c, 0x600c, 0x600c, 0x600c, 0x600c, 0x600c, 0x600c, 0x600c, 0x600c, 0x600c, 0x600c, 0x600c, 
  0x600c, 0x600c, 0x600c, 0x600c, 0x600c, 0x600c, 0x600c, 0x600c, 0x600c, 0x600c, 0x600c, 0x600c, 
  0x600c, 0x600c, 0x600c, 0x600c, 0x600c, 0x600c, 0x600c, 0x600c, 0x600c, 0x600c, 0x600c, 0x600c, 
  0x600c, 0x600c, 0x600c, 0x600c, 0x600c, 0x600c, 0x600c, 0x600c, 0x600c, 0x600c, 0x600c, 0x600c, 
  0x600c, 0x600c, 0x600c, 0x600c, 0x600c, 0x600c, 0x600c, 0x600c, 0x600c, 0x600c, 0x600c, 0x600c, 
  0x600c, 0x600c, 0x600c, 0x600c, 0x600c, 0x600c, 0x600c, 0x600c, 0x600c, 0x600c, 0x4849, 0x4849, 
  0x4048, 0x2044, 0x1843, 0x2064, 0x600c, 0x600c, 0x600c, 0x600c, 0x600c, 0x600c, 0x600c, 0x600c, 
  0x600c, 0x600c, 0x600c, 0x600c, 0x600c, 0x600c, 0x600c, 0x600c, 0x600c, 0x600c, 0x600c, 0x600c, 
  0x600c, 0x600c, 0x600c, 0x600c, 0x600c, 0x600c, 0x600c, 0x600c, 0x600c, 0x600c, 0x600c, 0x600c, 
  0x600c, 0x600c, 0x600c, 0x600c, 0x600c, 0x600c, 0x600c, 0x600c, 0x600c, 0x600c, 0x600c, 0x600c, 
  0x600c, 0x600c, 0x600c, 0x600c, 0x600c, 0x600c, 0x600c, 0x600c, 0x600c, 0x600c, 0x600c, 0x600c, 
  0x600c, 0x600c, 0x600c, 0x600c, 0x600c, 0x600c, 0x600c, 0x600c, 0x600c, 0x600c, 0x600c, 0x600c, 
  0x600c, 0x600c, 0x600c, 0x78d0, 0x68ce, 0x58ec, 0x38e8, 0x3107, 0x494a, 0x600c, 0x600c, 0x600c, 
  0x600c, 0x600c, 0x600c, 0x600c, 0x600c, 0x600c, 0x600c, 0x600c, 0x600c, 0x600c, 0x600c, 0x600c, 
  0x600c, 0x600c, 0x600c, 0x600c, 0x600c, 0x600c, 0x600c, 0x600c, 0x600c, 0x600c, 0x600c, 0x600c, 
  0x600c, 0x600c, 0x600c, 0x600c, 0x600c, 0x600c, 0x600c, 0x600c, 0x600c, 0x600c, 0x600c, 0x600c, 
  0x600c, 0x600c, 0x600c, 0x600c, 0x600c, 0x600c, 0x600c, 0x600c, 0x600c, 0x600c, 0x600c, 0x600c, 
  0x600c, 0x600c, 0x600c, 0x600c, 0x600c, 0x600c, 0x600c, 0x600c, 0x600c, 0x600c, 0x600c, 0x600c, 
  0x600c, 0x600c, 0x600c, 0x600c, 0x600c, 0x600c, 0x600c, 0x600c, 0x5069, 0x5069, 0x4868, 0x2064, 
  0x1863, 0x2085, 0x2085, 0x2085, 0x2085, 0x2085, 0x2085, 0x6aad, 0x3928, 0x1844, 0x1844, 0x1844, 
  0x1844, 0x1844, 0x600c, 0x600c, 0x600c, 0x600c, 0x600c, 0x600c, 0x600c, 0x600c, 0x600c, 0x600c, 
  0x600c, 0x600c, 0x600c, 0x600c, 0x600c, 0x600c, 0x600c, 0x600c, 0x600c, 0x600c, 0x600c, 0x600c, 
  0x600c, 0x600c, 0x600c, 0x600c, 0x600c, 0x600c, 0x600c, 0x600c, 0x600c, 0x600c, 0x600c, 0x600c, 
  0x600c, 0x600c, 0x600c, 0x600c, 0x600c, 0x600c, 0x600c, 0x600c, 0x600c, 0x600c, 0x600c, 0x600c, 
  0x600c, 0x600c, 0x600c, 0x600c, 0x600c, 0x600c, 0x600c, 0x600c, 0x600c, 0x600c, 0x600c, 0x600c, 
  0x600c, 0x600c, 0x600c, 0x600c, 0x600c, 0x600c, 0x600c, 0x600c, 0x600c, 0x600c, 0x600c, 0x600c, 
  0x600c, 0x4828, 0x4828, 0x4027, 0x1823, 0x1022, 0x1823, 0x600c, 0x600c, 0x600c, 0x600c, 0x600c, 
  0x600c, 0x600c, 0x600c, 0x600c, 0x600c, 0x600c, 0x600c, 0x600c, 0x600c, 0x600c, 0x600c, 0x600c, 
  0x600c, 0x600c, 0x600c, 0x600c, 0x600c, 0x600c, 0x600c, 0x600c, 0x600c, 0x600c, 0x600c, 0x600c, 
  0x600c, 0x600c, 0x600c, 0x600c, 0x600c, 0x600c, 0x600c, 0x600c, 0x600c, 0x600c, 0x600c, 0x600c, 
  0x600c, 0x600c, 0x600c, 0x600c, 0x600c, 0x600c, 0x600c, 0x600c, 0x600c, 0x600c, 0x600c, 0x600c, 
  0x600c, 0x600c, 0x600c, 0x600c, 0x600c, 0x600c, 0x600c, 0x600c, 0x600c, 0x600c, 0x600c, 0x600c, 
  0x600c, 0x600c, 0x600c, 0x600c, 0x600c, 0x600c, 0x4849, 0x4849, 0x4048, 0x2044, 0x1843, 0x2064, 
  0x600c, 0x600c, 0x600c, 0x600c, 0x600c, 0x600c, 0x600c, 0x600c, 0x600c, 0x600c, 0x600c, 0x600c, 
  0x600c, 0x600c, 0x600c, 0x600c, 0x600c, 0x600c, 0x600c, 0x600c, 0x600c, 0x600c, 0x600c, 0x600c, 
  0x600c, 0x600c, 0x600c, 0x600c, 0x600c, 0x600c, 0x600c, 0x600c, 0x600c, 0x600c, 0x600c, 0x600c, 
  0x600c, 0x600c, 0x600c, 0x600c, 0x600c, 0x600c, 0x600c, 0x600c, 0x600c, 0x600c, 0x600c, 0x600c, 
  0x600c, 0x600c, 0x600c, 0x600c, 0x600c, 0x600c, 0x600c, 0x600c, 0x600c, 0x600c, 0x600c, 0x600c, 
  0x600c, 0x600c, 0x600c, 0x600c, 0x600c, 0x600c, 0x600c, 0x600c, 0x600c, 0x600c, 0x600c, 0x70ef, 
  0x68ce, 0x58eb, 0x38e8, 0x3106, 0x4149, 0x600c, 0x600c, 0x600c, 0x600c, 0x600c, 0x600c, 0x600c, 
  0x600c, 0x600c, 0x600c, 0x600c, 0x600c, 0x600c, 0x600c, 0x600c, 0x600c, 0x600c, 0x600c, 0x600c, 
  0x600c, 0x600c, 0x600c, 0x600c, 0x600c, 0x600c, 0x600c, 0x600c, 0x600c, 0x600c, 0x600c, 0x600c, 
  0x600c, 0x600c, 0x600c, 0x600c, 0x600c, 0x600c, 0x600c, 0x600c, 0x600c, 0x600c, 0x600c, 0x600c, 
  0x600c, 0x600c, 0x600c, 0x600c, 0x600c, 0x600c, 0x600c, 0x600c, 0x600c, 0x600c, 0x600c, 0x600c, 
  0x600c, 0x600c, 0x600c, 0x600c, 0x600c, 0x600c, 0x600c, 0x600c, 0x600c, 0x600c, 0x600c, 0x600c, 
  0x600c, 0x600c, 0x600c, 0x600c, 0x5069, 0x5069, 0x4868, 0x2064, 0x1863, 0x2085, 0x2085, 0x2085, 
  0x2085, 0x2085, 0x2085, 0x6aad, 0x3928, 0x1844, 0x1844, 0x1844, 0x1844, 0x1844, 0x600c, 0x600c, 
  0x600c, 0x600c, 0x600c, 0x600c, 0x600c, 0x600c, 0x600c, 0x600c, 0x600c, 0x600c, 0x600c, 0x600c, 
  0x600c, 0x600c, 0x600c, 0x600c, 0x600c, 0x600c, 0x600c, 0x600c, 0x600c, 0x600c, 0x600c, 0x600c, 
  0x600c, 0x600c, 0x600c, 0x600c, 0x600c, 0x600c, 0x600c, 0x600c, 0x600c, 0x600c, 0x600c, 0x600c, 
  0x600c, 0x600c, 0x600c, 0x600c, 0x600c, 0x600c, 0x600c, 0x600c, 0x600c, 0x600c, 0x600c, 0x600c, 
  0x600c, 0x600c, 0x600c, 0x600c, 0x600c, 0x600c, 0x600c, 0x600c, 0x600c, 0x600c, 0x600c, 0x600c, 
  0x600c, 0x600c, 0x600c, 0x600c, 0x600c, 0x600c, 0x600c, 0x600c, 0x600c, 0x4828, 0x4828, 0x4027, 
  0x1823, 0x1022, 0x1823, 0x600c, 0x600c, 0x600c, 0x600c, 0x600c, 0x600c, 0x600c, 0x600c, 0x600c, 
  0x600c, 0x600c, 0x600c, 0x600c, 0x600c, 0x600c, 0x600c, 0x600c, 0x600c, 0x600c, 0x600c, 0x600c, 
  0x600c, 0x600c, 0x600c, 0x600c, 0x600c, 0x600c, 0x600c, 0x600c, 0x600c, 0x600c, 0x600c, 0x600c, 
  0x600c, 0x600c, 0x600c, 0x600c, 0x600c, 0x600c, 0x600c, 0x600c, 0x600c, 0x600c, 0x600c, 0x600c, 
  0x600c, 0x600c, 0x600c, 0x600c, 0x600c, 0x600c, 0x600c, 0x600c, 0x600c, 0x600c, 0x600c, 0x600c, 
  0x600c, 0x600c, 0x600c, 0x600c, 0x600c, 0x600c, 0x600c, 0x600c, 0x600c, 0x600c, 0x600c, 0x600c, 
  0x600c, 0x600c, 0x4849, 0x4849, 0x4048, 0x2044, 0x1843, 0x2064, 0x600c, 0x600c, 0x600c, 0x600c, 
  0x600c, 0x600c, 0x600c, 0x600c, 0x600c, 0x600c, 0x600c, 0x600c, 0x600c, 0x600c, 0x600c, 0x600c, 
  0x600c, 0x600c, 0x600c, 0x600c, 0x600c, 0x600c, 0x600c, 0x600c, 0x600c, 0x600c, 0x600c, 0x600c, 
  0x600c, 0x600c, 0x600c, 0x600c, 0x600c, 0x600c, 0x600c, 0x600c, 0x600c, 0x600c, 0x600c, 0x600c, 
  0x600c, 0x600c, 0x600c, 0x600c, 0x600c, 0x600c, 0x600c, 0x600c, 0x600c, 0x600c, 0x600c, 0x600c, 
  0x600c, 0x600c, 0x600c, 0x600c, 0x600c, 0x600c, 0x600c, 0x600c, 0x600c, 0x600c, 0x600c, 0x600c, 
  0x600c, 0x600c, 0x600c, 0x600c, 0x600c, 0x600c, 0x600c, 0x70ef, 0x68ed, 0x58eb, 0x38e7, 0x3106, 
  0x4149, 0x600c, 0x600c, 0x600c, 0x600c, 0x600c, 0x600c, 0x600c, 0x600c, 0x600c, 0x600c, 0x600c, 
  0x600c, 0x600c, 0x600c, 0x600c, 0x600c, 0x600c, 0x600c, 0x600c, 0x600c, 0x600c, 0x600c, 0x600c, 
  0x600c, 0x600c, 0x600c, 0x600c, 0x600c, 0x600c, 0x600c, 0x600c, 0x600c, 0x600c, 0x600c, 0x600c, 
  0x600c, 0x600c, 0x600c, 0x600c, 0x600c, 0x600c, 0x600c, 0x600c, 0x600c, 0x600c, 0x600c, 0x600c, 
  0x600c, 0x600c, 0x600c, 0x600c, 0x600c, 0x600c, 0x600c, 0x600c, 0x600c, 0x600c, 0x600c, 0x600c, 
  0x600c, 0x600c, 0x600c, 0x600c, 0x600c, 0x600c, 0x600c, 0x600c, 0x600c, 0x600c, 0x600c, 0x600c, 
  0x5069, 0x5069, 0x4868, 0x2044, 0x1843, 0x2084, 0x2084, 0x2084, 0x2084, 0x2084, 0x2064, 0x6aad, 
  0x3928, 0x1844, 0x1844, 0x1844, 0x1844, 0x1844, 0x600c, 0x600c, 0x600c, 0x600c, 0x600c, 0x600c, 
  0x600c, 0x600c, 0x600c, 0x600c, 0x600c, 0x600c, 0x600c, 0x600c, 0x600c, 0x600c, 0x600c, 0x600c, 
  0x600c, 0x600c, 0x600c, 0x600c, 0x600c, 0x600c, 0x600c, 0x600c, 0x600c, 0x600c, 0x600c, 0x600c, 
  0x600c, 0x600c, 0x600c, 0x600c, 0x600c, 0x600c, 0x600c, 0x600c, 0x600c, 0x600c, 0x600c, 0x600c, 
  0x600c, 0x600c, 0x600c, 0x600c, 0x600c, 0x600c, 0x600c, 0x600c, 0x600c, 0x600c, 0x600c, 0x600c, 
  0x600c, 0x600c, 0x600c, 0x600c, 0x600c, 0x600c, 0x600c, 0x600c, 0x600c, 0x600c, 0x600c, 0x600c, 
  0x600c, 0x600c, 0x600c, 0x600c, 0x600c, 0x4828, 0x4828, 0x4027, 0x1823, 0x1022, 0x1823, 0x600c, 
  0x600c, 0x600c, 0x600c, 0x600c, 0x600c, 0x600c, 0x600c, 0x600c, 0x600c, 0x600c, 0x600c, 0x600c, 
  0x600c, 0x600c, 0x600c, 0x600c, 0x600c, 0x600c, 0x600c, 0x600c, 0x600c, 0x600c, 0x600c, 0x600c, 
  0x600c, 0x600c, 0x600c, 0x600c, 0x600c, 0x600c, 0x600c, 0x600c, 0x600c, 0x600c, 0x600c, 0x600c, 
  0x600c, 0x600c, 0x600c, 0x600c, 0x600c, 0x600c, 0x600c, 0x600c, 0x600c, 0x600c, 0x600c, 0x600c, 
  0x600c, 0x600c, 0x600c, 0x600c, 0x600c, 0x600c, 0x600c, 0x600c, 0x600c, 0x600c, 0x600c, 0x600c, 
  0x600c, 0x600c, 0x600c, 0x600c, 0x600c, 0x600c, 0x600c, 0x600c, 0x600c, 0x600c, 0x4849, 0x4849, 
  0x4048, 0x2044, 0x1843, 0x2064, 0x600c, 0x600c, 0x600c, 0x600c, 0x600c, 0x600c, 0x600c, 0x600c, 
  0x600c, 0x600c, 0x600c, 0x600c, 0x600c, 0x600c, 0x600c, 0x600c, 0x600c, 0x600c, 0x600c, 0x600c, 
  0x600c, 0x600c, 0x600c, 0x600c, 0x600c, 0x600c, 0x600c, 0x600c, 0x600c, 0x600c, 0x600c, 0x600c, 
  0x600c, 0x600c, 0x600c, 0x600c, 0x600c, 0x600c, 0x600c, 0x600c, 0x600c, 0x600c, 0x600c, 0x600c, 
  0x600c, 0x600c, 0x600c, 0x600c, 0x600c, 0x600c, 0x600c, 0x600c, 0x600c, 0x600c, 0x600c, 0x600c, 
  0x600c, 0x600c, 0x600c, 0x600c, 0x600c, 0x600c, 0x600c, 0x600c, 0x600c, 0x600c, 0x600c, 0x600c, 
  0x600c, 0x600c, 0x600c, 0x70ee, 0x68cd, 0x58eb, 0x38e7, 0x3106, 0x4148, 0x600c, 0x600c, 0x600c, 
  0x600c, 0x600c, 0x600c, 0x600c, 0x600c, 0x600c, 0x600c, 0x600c, 0x600c, 0x600c, 0x600c, 0x600c, 
  0x600c, 0x600c, 0x600c, 0x600c, 0x600c, 0x600c, 0x600c, 0x600c, 0x600c, 0x600c, 0x600c, 0x600c, 
  0x600c, 0x600c, 0x600c, 0x600c, 0x600c, 0x600c, 0x600c, 0x600c, 0x600c, 0x600c, 0x600c, 0x600c, 
  0x600c, 0x600c, 0x600c, 0x600c, 0x600c, 0x600c, 0x600c, 0x600c, 0x600c, 0x600c, 0x600c, 0x600c, 
  0x600c, 0x600c, 0x600c, 0x600c, 0x600c, 0x600c, 0x600c, 0x600c, 0x600c, 0x600c, 0x600c, 0x600c, 
  0x600c, 0x600c, 0x600c, 0x600c, 0x600c, 0x600c, 0x600c, 0x600c, 0x5049, 0x5049, 0x4848, 0x2044, 
  0x1843, 0x2064, 0x2064, 0x2064, 0x2064, 0x2064, 0x2064, 0x6aad, 0x3948, 0x1844, 0x1844, 0x1844, 
  0x1844, 0x1844, 0x600c, 0x600c, 0x600c, 0x600c, 0x600c, 0x600c, 0x600c, 0x600c, 0x600c, 0x600c, 
  0x600c, 0x600c, 0x600c, 0x600c, 0x600c, 0x600c, 0x600c, 0x600c, 0x600c, 0x600c, 0x600c, 0x600c, 
  0x600c, 0x600c, 0x600c, 0x600c, 0x600c, 0x600c, 0x600c, 0x600c, 0x600c, 0x600c, 0x600c, 0x600c, 
  0x600c, 0x600c, 0x600c, 0x600c, 0x600c, 0x600c, 0x600c, 0x600c, 0x600c, 0x600c, 0x600c, 0x600c, 
  0x600c, 0x600c, 0x600c, 0x600c, 0x600c, 0x600c, 0x600c, 0x600c, 0x600c, 0x600c, 0x600c, 0x600c, 
  0x600c, 0x600c, 0x600c, 0x600c, 0x600c, 0x600c, 0x600c, 0x600c, 0x600c, 0x600c, 0x600c, 0x600c, 
  0x600c, 0x4828, 0x4828, 0x4027, 0x1823, 0x1022, 0x1824, 0x600c, 0x600c, 0x600c, 0x600c, 0x600c, 
  0x600c, 0x600c, 0x600c, 0x600c, 0x600c, 0x600c, 0x600c, 0x600c, 0x600c, 0x600c, 0x600c, 0x600c, 
  0x600c, 0x600c, 0x600c, 0x600c, 0x600c, 0x600c, 0x600c, 0x600c, 0x600c, 0x600c, 0x600c, 0x600c, 
  0x600c, 0x600c, 0x600c, 0x600c, 0x600c, 0x600c, 0x600c, 0x600c, 0x600c, 0x600c, 0x600c, 0x600c, 
  0x600c, 0x600c, 0x600c, 0x600c, 0x600c, 0x600c, 0x600c, 0x600c, 0x600c, 0x600c, 0x600c, 0x600c, 
  0x600c, 0x600c, 0x600c, 0x600c, 0x600c, 0x600c, 0x600c, 0x600c, 0x600c, 0x600c, 0x600c, 0x600c, 
  0x600c, 0x600c, 0x600c, 0x600c, 0x600c, 0x600c, 0x4849, 0x4849, 0x4048, 0x2044, 0x1843, 0x2064, 
  0x600c, 0x600c, 0x600c, 0x600c, 0x600c, 0x600c, 0x600c, 0x600c, 0x600c, 0x600c, 0x600c, 0x600c, 
  0x600c, 0x600c, 0x600c, 0x600c, 0x600c, 0x600c, 0x600c, 0x600c, 0x600c, 0x600c, 0x600c, 0x600c, 
  0x600c, 0x600c, 0x600c, 0x600c, 0x600c, 0x600c, 0x600c, 0x600c, 0x600c, 0x600c, 0x600c, 0x600c, 
  0x600c, 0x600c, 0x600c, 0x600c, 0x600c, 0x600c, 0x600c, 0x600c, 0x600c, 0x600c, 0x600c, 0x600c, 
  0x600c, 0x600c, 0x600c, 0x600c, 0x600c, 0x600c, 0x600c, 0x600c, 0x600c, 0x600c, 0x600c, 0x600c, 
  0x600c, 0x600c, 0x600c, 0x600c, 0x600c, 0x600c, 0x600c, 0x600c, 0x600c, 0x600c, 0x600c, 0x68ce, 
  0x60cc, 0x58eb, 0x38e7, 0x3106, 0x4148, 0x600c, 0x600c, 0x600c, 0x600c, 0x600c, 0x600c, 0x600c, 
  0x600c, 0x600c, 0x600c, 0x600c, 0x600c, 0x600c, 0x600c, 0x600c, 0x600c, 0x600c, 0x600c, 0x600c, 
  0x600c, 0x600c, 0x600c, 0x600c, 0x600c, 0x600c, 0x600c, 0x600c, 0x600c, 0x600c, 0x600c, 0x600c, 
  0x600c, 0x600c, 0x600c, 0x600c, 0x600c, 0x600c, 0x600c, 0x600c, 0x600c, 0x600c, 0x600c, 0x600c, 
  0x600c, 0x600c, 0x600c, 0x600c, 0x600c, 0x600c, 0x600c, 0x600c, 0x600c, 0x600c, 0x600c, 0x600c, 
  0x600c, 0x600c, 0x600c, 0x600c, 0x600c, 0x600c, 0x600c, 0x600c, 0x600c, 0x600c, 0x600c, 0x600c, 
  0x600c, 0x600c, 0x600c, 0x600c, 0x5049, 0x5049, 0x4848, 0x2044, 0x1843, 0x2064, 0x2064, 0x2064, 
  0x2064, 0x2064, 0x2064, 0x6aad, 0x3928, 0x1844, 0x1844, 0x1844, 0x1844, 0x1844, 0x600c, 0x600c, 
  0x600c, 0x600c, 0x600c, 0x600c, 0x600c, 0x600c, 0x600c, 0x600c, 0x600c, 0x600c, 0x600c, 0x600c, 
  0x600c, 0x600c, 0x600c, 0x600c, 0x600c, 0x600c, 0x600c, 0x600c, 0x600c, 0x600c, 0x600c, 0x600c, 
  0x600c, 0x600c, 0x600c, 0x600c, 0x600c, 0x600c, 0x600c, 0x600c, 0x600c, 0x600c, 0x600c, 0x600c, 
  0x600c, 0x600c, 0x600c, 0x600c, 0x600c, 0x600c, 0x600c, 0x600c, 0x600c, 0x600c, 0x600c, 0x600c, 
  0x600c, 0x600c, 0x600c, 0x600c, 0x600c, 0x600c, 0x600c, 0x600c, 0x600c, 0x600c, 0x600c, 0x600c, 
  0x600c, 0x600c, 0x600c, 0x600c, 0x600c, 0x600c, 0x600c, 0x600c, 0x600c, 0x4828, 0x4828, 0x4027, 
  0x1823, 0x1022, 0x1824, 0x600c, 0x600c, 0x600c, 0x600c, 0x600c, 0x600c, 0x600c, 0x600c, 0x600c, 
  0x600c, 0x600c, 0x600c, 0x600c, 0x600c, 0x600c, 0x600c, 0x600c, 0x600c, 0x600c, 0x600c, 0x600c, 
  0x600c, 0x600c, 0x600c, 0x600c, 0x600c, 0x600c, 0x600c, 0x600c, 0x600c, 0x600c, 0x600c, 0x600c, 
  0x600c, 0x600c, 0x600c, 0x600c, 0x600c, 0x600c, 0x600c, 0x600c, 0x600c, 0x600c, 0x600c, 0x600c, 
  0x600c, 0x600c, 0x600c, 0x600c, 0x600c, 0x600c, 0x600c, 0x600c, 0x600c, 0x600c, 0x600c, 0x600c, 
  0x600c, 0x600c, 0x600c, 0x600c, 0x600c, 0x600c, 0x600c, 0x600c, 0x600c, 0x600c, 0x600c, 0x600c, 
  0x600c, 0x600c, 0x4849, 0x4849, 0x4048, 0x2044, 0x1843, 0x2064, 0x600c, 0x600c, 0x600c, 0x600c, 
  0x600c, 0x600c, 0x600c, 0x600c, 0x600c, 0x600c, 0x600c, 0x600c, 0x600c, 0x600c, 0x600c, 0x600c, 
  0x600c, 0x600c, 0x600c, 0x600c, 0x600c, 0x600c, 0x600c, 0x600c, 0x600c, 0x600c, 0x600c, 0x600c, 
  0x600c, 0x600c, 0x600c, 0x600c, 0x600c, 0x600c, 0x600c, 0x600c, 0x600c, 0x600c, 0x600c, 0x600c, 
  0x600c, 0x600c, 0x600c, 0x600c, 0x600c, 0x600c, 0x600c, 0x600c, 0x600c, 0x600c, 0x600c, 0x600c, 
  0x600c, 0x600c, 0x600c, 0x600c, 0x600c, 0x600c, 0x600c, 0x600c, 0x600c, 0x600c, 0x600c, 0x600c, 
  0x600c, 0x600c, 0x600c, 0x600c, 0x600c, 0x600c, 0x600c, 0x68cd, 0x60cc, 0x50ea, 0x38e7, 0x3106, 
  0x4148, 0x600c, 0x600c, 0x600c, 0x600c, 0x600c, 0x600c, 0x600c, 0x600c, 0x600c, 0x600c, 0x600c, 
  0x600c, 0x600c, 0x600c, 0x600c, 0x600c, 0x600c, 0x600c, 0x600c, 0x600c, 0x600c, 0x600c, 0x600c, 
  0x600c, 0x600c, 0x600c, 0x600c, 0x600c, 0x600c, 0x600c, 0x600c, 0x600c, 0x600c, 0x600c, 0x600c, 
  0x600c, 0x600c, 0x600c, 0x600c, 0x600c, 0x600c, 0x600c, 0x600c, 0x600c, 0x600c, 0x600c, 0x600c, 
  0x600c, 0x600c, 0x600c, 0x600c, 0x600c, 0x600c, 0x600c, 0x600c, 0x600c, 0x600c, 0x600c, 0x600c, 
  0x600c, 0x600c, 0x600c, 0x600c, 0x600c, 0x600c, 0x600c, 0x600c, 0x600c, 0x600c, 0x600c, 0x600c, 
  0x5049, 0x5049, 0x4848, 0x2044, 0x1843, 0x2064, 0x2064, 0x2064, 0x2064, 0x2064, 0x2064, 0x6aad, 
  0x3928, 0x1844, 0x1844, 0x1844, 0x1844, 0x1844, 0x600c, 0x600c, 0x600c, 0x600c, 0x600c, 0x600c, 
  0x600c, 0x600c, 0x600c, 0x600c, 0x600c, 0x600c, 0x600c, 0x600c, 0x600c, 0x600c, 0x600c, 0x600c, 
  0x600c, 0x600c, 0x600c, 0x600c, 0x600c, 0x600c, 0x600c, 0x600c, 0x600c, 0x600c, 0x600c, 0x600c, 
  0x600c, 0x600c, 0x600c, 0x600c, 0x600c, 0x600c, 0x600c, 0x600c, 0x600c, 0x600c, 0x600c, 0x600c, 
  0x600c, 0x600c, 0x600c, 0x600c, 0x600c, 0x600c, 0x600c, 0x600c, 0x600c, 0x600c, 0x600c, 0x600c, 
  0x600c, 0x600c, 0x600c, 0x600c, 0x600c, 0x600c, 0x600c, 0x600c, 0x600c, 0x600c, 0x600c, 0x600c, 
  0x600c, 0x600c, 0x600c, 0x600c, 0x600c, 0x4828, 0x4828, 0x4027, 0x1823, 0x1022, 0x1844, 0x600c, 
  0x600c, 0x600c, 0x600c, 0x600c, 0x600c, 0x600c, 0x600c, 0x600c, 0x600c, 0x600c, 0x600c, 0x600c, 
  0x600c, 0x600c, 0x600c, 0x600c, 0x600c, 0x600c, 0x600c, 0x600c, 0x600c, 0x600c, 0x600c, 0x600c, 
  0x600c, 0x600c, 0x600c, 0x600c, 0x600c, 0x600c, 0x600c, 0x600c, 0x600c, 0x600c, 0x600c, 0x600c, 
  0x600c, 0x600c, 0x600c, 0x600c, 0x600c, 0x600c, 0x600c, 0x600c, 0x600c, 0x600c, 0x600c, 0x600c, 
  0x600c, 0x600c, 0x600c, 0x600c, 0x600c, 0x600c, 0x600c, 0x600c, 0x600c, 0x600c, 0x600c, 0x600c, 
  0x600c, 0x600c, 0x600c, 0x600c, 0x600c, 0x600c, 0x600c, 0x600c, 0x600c, 0x600c, 0x4849, 0x4849, 
  0x4048, 0x2044, 0x1843, 0x2064, 0x600c, 0x600c, 0x600c, 0x600c, 0x600c, 0x600c, 0x600c, 0x600c, 
  0x600c, 0x600c, 0x600c, 0x600c, 0x600c, 0x600c, 0x600c, 0x600c, 0x600c, 0x600c, 0x600c, 0x600c, 
  0x600c, 0x600c, 0x600c, 0x600c, 0x600c, 0x600c, 0x600c, 0x600c, 0x600c, 0x600c, 0x600c, 0x600c, 
  0x600c, 0x600c, 0x600c, 0x600c, 0x600c, 0x600c, 0x600c, 0x600c, 0x600c, 0x600c, 0x600c, 0x600c, 
  0x600c, 0x600c, 0x600c, 0x600c, 0x600c, 0x600c, 0x600c, 0x600c, 0x600c, 0x600c, 0x600c, 0x600c, 
  0x600c, 0x600c, 0x600c, 0x600c, 0x600c, 0x600c, 0x600c, 0x600c, 0x600c, 0x600c, 0x600c, 0x600c, 
  0x600c, 0x600c, 0x600c, 0x68cd, 0x60cc, 0x50ea, 0x38e7, 0x2906, 0x3948, 0x600c, 0x600c, 0x600c, 
  0x600c, 0x600c, 0x600c, 0x600c, 0x600c, 0x600c, 0x600c, 0x600c, 0x600c, 0x600c, 0x600c, 0x600c, 
  0x600c, 0x600c, 0x600c, 0x600c, 0x600c, 0x600c, 0x600c, 0x600c, 0x600c, 0x600c, 0x600c, 0x600c, 
  0x600c, 0x600c, 0x600c, 0x600c, 0x600c, 0x600c, 0x600c, 0x600c, 0x600c, 0x600c, 0x600c, 0x600c, 
  0x600c, 0x600c, 0x600c, 0x600c, 0x600c, 0x600c, 0x600c, 0x600c, 0x600c, 0x600c, 0x600c, 0x600c, 
  0x600c, 0x600c, 0x600c, 0x600c, 0x600c, 0x600c, 0x600c, 0x600c, 0x600c, 0x600c, 0x600c, 0x600c, 
  0x600c, 0x600c, 0x600c, 0x600c, 0x600c, 0x600c, 0x600c, 0x600c, 0x5049, 0x5049, 0x4048, 0x2044, 
  0x1843, 0x2064, 0x2064, 0x2064, 0x2064, 0x2064, 0x2064, 0x6aad, 0x3928, 0x1844, 0x1844, 0x1844, 
  0x1844, 0x1844, 0x600c, 0x600c, 0x600c, 0x600c, 0x600c, 0x600c, 0x600c, 0x600c, 0x600c, 0x600c, 
  0x600c, 0x600c, 0x600c, 0x600c, 0x600c, 0x600c, 0x600c, 0x600c, 0x600c, 0x600c, 0x600c, 0x600c, 
  0x600c, 0x600c, 0x600c, 0x600c, 0x600c, 0x600c, 0x600c, 0x600c, 0x600c, 0x600c, 0x600c, 0x600c, 
  0x600c, 0x600c, 0x600c, 0x600c, 0x600c, 0x600c, 0x600c, 0x600c, 0x600c, 0x600c, 0x600c, 0x600c, 
  0x600c, 0x600c, 0x600c, 0x600c, 0x600c, 0x600c, 0x600c, 0x600c, 0x600c, 0x600c, 0x600c, 0x600c, 
  0x600c, 0x600c, 0x600c, 0x600c, 0x600c, 0x600c, 0x600c, 0x600c, 0x600c, 0x600c, 0x600c, 0x600c, 
  0x600c, 0x4828, 0x4829, 0x4027, 0x1824, 0x1023, 0x1844, 0x600c, 0x600c, 0x600c, 0x600c, 0x600c, 
  0x600c, 0x600c, 0x600c, 0x600c, 0x600c, 0x600c, 0x600c, 0x600c, 0x600c, 0x600c, 0x600c, 0x600c, 
  0x600c, 0x600c, 0x600c, 0x600c, 0x600c, 0x600c, 0x600c, 0x600c, 0x600c, 0x600c, 0x600c, 0x600c, 
  0x600c, 0x600c, 0x600c, 0x600c, 0x600c, 0x600c, 0x600c, 0x600c, 0x600c, 0x600c, 0x600c, 0x600c, 
  0x600c, 0x600c, 0x600c, 0x600c, 0x600c, 0x600c, 0x600c, 0x600c, 0x600c, 0x600c, 0x600c, 0x600c, 
  0x600c, 0x600c, 0x600c, 0x600c, 0x600c, 0x600c, 0x600c, 0x600c, 0x600c, 0x600c, 0x600c, 0x600c, 
  0x600c, 0x600c, 0x600c, 0x600c, 0x600c, 0x600c, 0x4849, 0x4849, 0x4048, 0x2044, 0x1843, 0x2064, 
  0x600c, 0x600c, 0x600c, 0x600c, 0x600c, 0x600c, 0x600c, 0x600c, 0x600c, 0x600c, 0x600c, 0x600c, 
  0x600c, 0x600c, 0x600c, 0x600c, 0x600c, 0x600c, 0x600c, 0x600c, 0x600c, 0x600c, 0x600c, 0x600c, 
  0x600c, 0x600c, 0x600c, 0x600c, 0x600c, 0x600c, 0x600c, 0x600c, 0x600c, 0x600c, 0x600c, 0x600c, 
  0x600c, 0x600c, 0x600c, 0x600c, 0x600c, 0x600c, 0x600c, 0x600c, 0x600c, 0x600c, 0x600c, 0x600c, 
  0x600c, 0x600c, 0x600c, 0x600c, 0x600c, 0x600c, 0x600c, 0x600c, 0x600c, 0x600c, 0x600c, 0x600c, 
  0x600c, 0x600c, 0x600c, 0x600c, 0x600c, 0x600c, 0x600c, 0x600c, 0x600c, 0x600c, 0x600c, 0x60cc, 
  0x60cc, 0x50ea, 0x30e7, 0x2906, 0x3948, 0x600c, 0x600c, 0x600c, 0x600c, 0x600c, 0x600c, 0x600c, 
  0x600c, 0x600c, 0x600c, 0x600c, 0x600c, 0x600c, 0x600c, 0x600c, 0x600c, 0x600c, 0x600c, 0x600c, 
  0x600c, 0x600c, 0x600c, 0x600c, 0x600c, 0x600c, 0x600c, 0x600c, 0x600c, 0x600c, 0x600c, 0x600c, 
  0x600c, 0x600c, 0x600c, 0x600c, 0x600c, 0x600c, 0x600c, 0x600c, 0x600c, 0x600c, 0x600c, 0x600c, 
  0x600c, 0x600c, 0x600c, 0x600c, 0x600c, 0x600c, 0x600c, 0x600c, 0x600c, 0x600c, 0x600c, 0x600c, 
  0x600c, 0x600c, 0x600c, 0x600c, 0x600c, 0x600c, 0x600c, 0x600c, 0x600c, 0x600c, 0x600c, 0x600c, 
  0x600c, 0x600c, 0x600c, 0x600c, 0x5049, 0x4849, 0x4048, 0x2044, 0x1843, 0x2064, 0x2064, 0x2064, 
  0x2064, 0x2064, 0x2064, 0x6aad, 0x3928, 0x1844, 0x1844, 0x1844, 0x1844, 0x1844, 0x600c, 0x600c, 
  0x600c, 0x600c, 0x600c, 0x600c, 0x600c, 0x600c, 0x600c, 0x600c, 0x600c, 0x600c, 0x600c, 0x600c, 
  0x600c, 0x600c, 0x600c, 0x600c, 0x600c, 0x600c, 0x600c, 0x600c, 0x600c, 0x600c, 0x600c, 0x600c, 
  0x600c, 0x600c, 0x600c, 0x600c, 0x600c, 0x600c, 0x600c, 0x600c, 0x600c, 0x600c, 0x600c, 0x600c, 
  0x600c, 0x600c, 0x600c, 0x600c, 0x600c, 0x600c, 0x600c, 0x600c, 0x600c, 0x600c, 0x600c, 0x600c, 
  0x600c, 0x600c, 0x600c, 0x600c, 0x600c, 0x600c, 0x600c, 0x600c, 0x600c, 0x600c, 0x600c, 0x600c, 
  0x600c, 0x600c, 0x600c, 0x600c, 0x600c, 0x600c, 0x600c, 0x600c, 0x600c, 0x4828, 0x4828, 0x4027, 
  0x1823, 0x1023, 0x1844, 0x600c, 0x600c, 0x600c, 0x600c, 0x600c, 0x600c, 0x600c, 0x600c, 0x600c, 
  0x600c, 0x600c, 0x600c, 0x600c, 0x600c, 0x600c, 0x600c, 0x600c, 0x600c, 0x600c, 0x600c, 0x600c, 
  0x600c, 0x600c, 0x600c, 0x600c, 0x600c, 0x600c, 0x600c, 0x600c, 0x600c, 0x600c, 0x600c, 0x600c, 
  0x600c, 0x600c, 0x600c, 0x600c, 0x600c, 0x600c, 0x600c, 0x600c, 0x600c, 0x600c, 0x600c, 0x600c, 
  0x600c, 0x600c, 0x600c, 0x600c, 0x600c, 0x600c, 0x600c, 0x600c, 0x600c, 0x600c, 0x600c, 0x600c, 
  0x600c, 0x600c, 0x600c, 0x600c, 0x600c, 0x600c, 0x600c, 0x600c, 0x600c, 0x600c, 0x600c, 0x600c, 
  0x600c, 0x600c, 0x4849, 0x4849, 0x4048, 0x2044, 0x1843, 0x2064, 0x600c, 0x600c, 0x600c, 0x600c, 
  0x600c, 0x600c, 0x600c, 0x600c, 0x600c, 0x600c, 0x600c, 0x600c, 0x600c, 0x600c, 0x600c, 0x600c, 
  0x600c, 0x600c, 0x600c, 0x600c, 0x600c, 0x600c, 0x600c, 0x600c, 0x600c, 0x600c, 0x600c, 0x600c, 
  0x600c, 0x600c, 0x600c, 0x600c, 0x600c, 0x600c, 0x600c, 0x600c, 0x600c, 0x600c, 0x600c, 0x600c, 
  0x600c, 0x600c, 0x600c, 0x600c, 0x600c, 0x600c, 0x600c, 0x600c, 0x600c, 0x600c, 0x600c, 0x600c, 
  0x600c, 0x600c, 0x600c, 0x600c, 0x600c, 0x600c, 0x600c, 0x600c, 0x600c, 0x600c, 0x600c, 0x600c, 
  0x600c, 0x600c, 0x600c, 0x600c, 0x600c, 0x600c, 0x600c, 0x60cc, 0x60cb, 0x50ea, 0x30e7, 0x2906, 
  0x3948, 0x600c, 0x600c, 0x600c, 0x600c, 0x600c, 0x600c, 0x600c, 0x600c, 0x600c, 0x600c, 0x600c, 
  0x600c, 0x600c, 0x600c, 0x600c, 0x600c, 0x600c, 0x600c, 0x600c, 0x600c, 0x600c, 0x600c, 0x600c, 
  0x600c, 0x600c, 0x600c, 0x600c, 0x600c, 0x600c, 0x600c, 0x600c, 0x600c, 0x600c, 0x600c, 0x600c, 
  0x600c, 0x600c, 0x600c, 0x600c, 0x600c, 0x600c, 0x600c, 0x600c, 0x600c, 0x600c, 0x600c, 0x600c, 
  0x600c, 0x600c, 0x600c, 0x600c, 0x600c, 0x600c, 0x600c, 0x600c, 0x600c, 0x600c, 0x600c, 0x600c, 
  0x600c, 0x600c, 0x600c, 0x600c, 0x600c, 0x600c, 0x600c, 0x600c, 0x600c, 0x600c, 0x600c, 0x600c, 
  0x4849, 0x4849, 0x4048, 0x2044, 0x1843, 0x2064, 0x2064, 0x2064, 0x2064, 0x2064, 0x2064, 0x6aad, 
  0x3927, 0x1844, 0x1844, 0x1844, 0x1844, 0x1844, 0x600c, 0x600c, 0x600c, 0x600c, 0x600c, 0x600c, 
  0x600c, 0x600c, 0x600c, 0x600c, 0x600c, 0x600c, 0x600c, 0x600c, 0x600c, 0x600c, 0x600c, 0x600c, 
  0x600c, 0x600c, 0x600c, 0x600c, 0x600c, 0x600c, 0x600c, 0x600c, 0x600c, 0x600c, 0x600c, 0x600c, 
  0x600c, 0x600c, 0x600c, 0x600c, 0x600c, 0x600c, 0x600c, 0x600c, 0x600c, 0x600c, 0x600c, 0x600c, 
  0x600c, 0x600c, 0x600c, 0x600c, 0x600c, 0x600c, 0x600c, 0x600c, 0x600c, 0x600c, 0x600c, 0x600c, 
  0x600c, 0x600c, 0x600c, 0x600c, 0x600c, 0x600c, 0x600c, 0x600c, 0x600c, 0x600c, 0x600c, 0x600c, 
  0x600c, 0x600c, 0x600c, 0x600c, 0x600c, 0x4828, 0x4828, 0x4028, 0x1824, 0x1023, 0x1844, 0x600c, 
  0x600c, 0x600c, 0x600c, 0x600c, 0x600c, 0x600c, 0x600c, 0x600c, 0x600c, 0x600c, 0x600c, 0x600c, 
  0x600c, 0x600c, 0x600c, 0x600c, 0x600c, 0x600c, 0x600c, 0x600c, 0x600c, 0x600c, 0x600c, 0x600c, 
  0x600c, 0x600c, 0x600c, 0x600c, 0x600c, 0x600c, 0x600c, 0x600c, 0x600c, 0x600c, 0x600c, 0x600c, 
  0x600c, 0x600c, 0x600c, 0x600c, 0x600c, 0x600c, 0x600c, 0x600c, 0x600c, 0x600c, 0x600c, 0x600c, 
  0x600c, 0x600c, 0x600c, 0x600c, 0x600c, 0x600c, 0x600c, 0x600c, 0x600c, 0x600c, 0x600c, 0x600c, 
  0x600c, 0x600c, 0x600c, 0x600c, 0x600c, 0x600c, 0x600c, 0x600c, 0x600c, 0x600c, 0x4849, 0x4849, 
  0x4048, 0x2044, 0x1843, 0x2064, 0x600c, 0x600c, 0x600c, 0x600c, 0x600c, 0x600c, 0x600c, 0x600c, 
  0x600c, 0x600c, 0x600c, 0x600c, 0x600c, 0x600c, 0x600c, 0x600c, 0x600c, 0x600c, 0x600c, 0x600c, 
  0x600c, 0x600c, 0x600c, 0x600c, 0x600c, 0x600c, 0x600c, 0x600c, 0x600c, 0x600c, 0x600c, 0x600c, 
  0x600c, 0x600c, 0x600c, 0x600c, 0x600c, 0x600c, 0x600c, 0x600c, 0x600c, 0x600c, 0x600c, 0x600c, 
  0x600c, 0x600c, 0x600c, 0x600c, 0x600c, 0x600c, 0x600c, 0x600c, 0x600c, 0x600c, 0x600c, 0x600c, 
  0x600c, 0x600c, 0x600c, 0x600c, 0x600c, 0x600c, 0x600c, 0x600c, 0x600c, 0x600c, 0x600c, 0x600c, 
  0x600c, 0x600c, 0x600c, 0x60cc, 0x60cb, 0x50ea, 0x30e7, 0x2906, 0x3948, 0x600c, 0x600c, 0x600c, 
  0x600c, 0x600c, 0x600c, 0x600c, 0x600c, 0x600c, 0x600c, 0x600c, 0x600c, 0x600c, 0x600c, 0x600c, 
  0x600c, 0x600c, 0x600c, 0x600c, 0x600c, 0x600c, 0x600c, 0x600c, 0x600c, 0x600c, 0x600c, 0x600c, 
  0x600c, 0x600c, 0x600c, 0x600c, 0x600c, 0x600c, 0x600c, 0x600c, 0x600c, 0x600c, 0x600c, 0x600c, 
  0x600c, 0x600c, 0x600c, 0x600c, 0x600c, 0x600c, 0x600c, 0x600c, 0x600c, 0x600c, 0x600c, 0x600c, 
  0x600c, 0x600c, 0x600c, 0x600c, 0x600c, 0x600c, 0x600c, 0x600c, 0x600c, 0x600c, 0x600c, 0x600c, 
  0x600c, 0x600c, 0x600c, 0x600c, 0x600c, 0x600c, 0x600c, 0x600c, 0x4849, 0x4849, 0x4048, 0x2044, 
  0x1843, 0x2064, 0x2064, 0x2064, 0x2064, 0x2064, 0x2064, 0x6aad, 0x3927, 0x1844, 0x1844, 0x1844, 
  0x1844, 0x1844, 0x600c, 0x600c, 0x600c, 0x600c, 0x600c, 0x600c, 0x600c, 0x600c, 0x600c, 0x600c, 
  0x600c, 0x600c, 0x600c, 0x600c, 0x600c, 0x600c, 0x600c, 0x600c, 0x600c, 0x600c, 0x600c, 0x600c, 
  0x600c, 0x600c, 0x600c, 0x600c, 0x600c, 0x600c, 0x600c, 0x600c, 0x600c, 0x600c, 0x600c, 0x600c, 
  0x600c, 0x600c, 0x600c, 0x600c, 0x600c, 0x600c, 0x600c, 0x600c, 0x600c, 0x600c, 0x600c, 0x600c, 
  0x600c, 0x600c, 0x600c, 0x600c, 0x600c, 0x600c, 0x600c, 0x600c, 0x600c, 0x600c, 0x600c, 0x600c, 
  0x600c, 0x600c, 0x600c, 0x600c, 0x600c, 0x600c, 0x600c, 0x600c, 0x600c, 0x600c, 0x600c, 0x600c, 
  0x600c, 0x4828, 0x4828, 0x4027, 0x1824, 0x1023, 0x2044, 0x600c, 0x600c, 0x600c, 0x600c, 0x600c, 
  0x600c, 0x600c, 0x600c, 0x600c, 0x600c, 0x600c, 0x600c, 0x600c, 0x600c, 0x600c, 0x600c, 0x600c, 
  0x600c, 0x600c, 0x600c, 0x600c, 0x600c, 0x600c, 0x600c, 0x600c, 0x600c, 0x600c, 0x600c, 0x600c, 
  0x600c, 0x600c, 0x600c, 0x600c, 0x600c, 0x600c, 0x600c, 0x600c, 0x600c, 0x600c, 0x600c, 0x600c, 
  0x600c, 0x600c, 0x600c, 0x600c, 0x600c, 0x600c, 0x600c, 0x600c, 0x600c, 0x600c, 0x600c, 0x600c, 
  0x600c, 0x600c, 0x600c, 0x600c, 0x600c, 0x600c, 0x600c, 0x600c, 0x600c, 0x600c, 0x600c, 0x600c, 
  0x600c, 0x600c, 0x600c, 0x600c, 0x600c, 0x600c, 0x4849, 0x4849, 0x4048, 0x2044, 0x1843, 0x2064, 
  0x600c, 0x600c, 0x600c, 0x600c, 0x600c, 0x600c, 0x600c, 0x600c, 0x600c, 0x600c, 0x600c, 0x600c, 
  0x600c, 0x600c, 0x600c, 0x600c, 0x600c, 0x600c, 0x600c, 0x600c, 0x600c, 0x600c, 0x600c, 0x600c, 
  0x600c, 0x600c, 0x600c, 0x600c, 0x600c, 0x600c, 0x600c, 0x600c, 0x600c, 0x600c, 0x600c, 0x600c, 
  0x600c, 0x600c, 0x600c, 0x600c, 0x600c, 0x600c, 0x600c, 0x600c, 0x600c, 0x600c, 0x600c, 0x600c, 
  0x600c, 0x600c, 0x600c, 0x600c, 0x600c, 0x600c, 0x600c, 0x600c, 0x600c, 0x600c, 0x600c, 0x600c, 
  0x600c, 0x600c, 0x600c, 0x600c, 0x600c, 0x600c, 0x600c, 0x600c, 0x600c, 0x600c, 0x600c, 0x60cc, 
  0x60cb, 0x50ea, 0x30e7, 0x2906, 0x3948, 0x600c, 0x600c, 0x600c, 0x600c, 0x600c, 0x600c, 0x600c, 
  0x600c, 0x600c, 0x600c, 0x600c, 0x600c, 0x600c, 0x600c, 0x600c, 0x600c, 0x600c, 0x600c, 0x600c, 
  0x600c, 0x600c, 0x600c, 0x600c, 0x600c, 0x600c, 0x600c, 0x600c, 0x600c, 0x600c, 0x600c, 0x600c, 
  0x600c, 0x600c, 0x600c, 0x600c, 0x600c, 0x600c, 0x600c, 0x600c, 0x600c, 0x600c, 0x600c, 0x600c, 
  0x600c, 0x600c, 0x600c, 0x600c, 0x600c, 0x600c, 0x600c, 0x600c, 0x600c, 0x600c, 0x600c, 0x600c, 
  0x600c, 0x600c, 0x600c, 0x600c, 0x600c, 0x600c, 0x600c, 0x600c, 0x600c, 0x600c, 0x600c, 0x600c, 
  0x600c, 0x600c, 0x600c, 0x600c, 0x4849, 0x4849, 0x4048, 0x2044, 0x1843, 0x2064, 0x2064, 0x2064, 
  0x2064, 0x2064, 0x2064, 0x6aad, 0x3927, 0x1844, 0x1844, 0x1844, 0x1844, 0x1844, 0x600c, 0x600c, 
  0x600c, 0x600c, 0x600c, 0x600c, 0x600c, 0x600c, 0x600c, 0x600c, 0x600c, 0x600c, 0x600c, 0x600c, 
  0x600c, 0x600c, 0x600c, 0x600c, 0x600c, 0x600c, 0x600c, 0x600c, 0x600c, 0x600c, 0x600c, 0x600c, 
  0x600c, 0x600c, 0x600c, 0x600c, 0x600c, 0x600c, 0x600c, 0x600c, 0x600c, 0x600c, 0x600c, 0x600c, 
  0x600c, 0x600c, 0x600c, 0x600c, 0x600c, 0x600c, 0x600c, 0x600c, 0x600c, 0x600c, 0x600c, 0x600c, 
  0x600c, 0x600c, 0x600c, 0x600c, 0x600c, 0x600c, 0x600c, 0x600c, 0x600c, 0x600c, 0x600c, 0x600c, 
  0x600c, 0x600c, 0x600c, 0x600c, 0x600c, 0x600c, 0x600c, 0x600c, 0x600c, 0x4828, 0x4828, 0x4027, 
  0x1824, 0x1023, 0x2044, 0x600c, 0x600c, 0x600c, 0x600c, 0x600c, 0x600c, 0x600c, 0x600c, 0x600c, 
  0x600c, 0x600c, 0x600c, 0x600c, 0x600c, 0x600c, 0x600c, 0x600c, 0x600c, 0x600c, 0x600c, 0x600c, 
  0x600c, 0x600c, 0x600c, 0x600c, 0x600c, 0x600c, 0x600c, 0x600c, 0x600c, 0x600c, 0x600c, 0x600c, 
  0x600c, 0x600c, 0x600c, 0x600c, 0x600c, 0x600c, 0x600c, 0x600c, 0x600c, 0x600c, 0x600c, 0x600c, 
  0x600c, 0x600c, 0x600c, 0x600c, 0x600c, 0x600c, 0x600c, 0x600c, 0x600c, 0x600c, 0x600c, 0x600c, 
  0x600c, 0x600c, 0x600c, 0x600c, 0x600c, 0x600c, 0x600c, 0x600c, 0x600c, 0x600c, 0x600c, 0x600c, 
  0x600c, 0x600c, 0x4849, 0x4849, 0x4048, 0x2044, 0x1843, 0x2064, 0x600c, 0x600c, 0x600c, 0x600c, 
  0x600c, 0x600c, 0x600c, 0x600c, 0x600c, 0x600c, 0x600c, 0x600c, 0x600c, 0x600c, 0x600c, 0x600c, 
  0x600c, 0x600c, 0x600c, 0x600c, 0x600c, 0x600c, 0x600c, 0x600c, 0x600c, 0x600c, 0x600c, 0x600c, 
  0x600c, 0x600c, 0x600c, 0x600c, 0x600c, 0x600c, 0x600c, 0x600c, 0x600c, 0x600c, 0x600c, 0x600c, 
  0x600c, 0x600c, 0x600c, 0x600c, 0x600c, 0x600c, 0x600c, 0x600c, 0x600c, 0x600c, 0x600c, 0x600c, 
  0x600c, 0x600c, 0x600c, 0x600c, 0x600c, 0x600c, 0x600c, 0x600c, 0x600c, 0x600c, 0x600c, 0x600c, 
  0x600c, 0x600c, 0x600c, 0x600c, 0x600c, 0x600c, 0x600c, 0x60cb, 0x58cb, 0x50ea, 0x30e7, 0x2906, 
  0x3948, 0x600c, 0x600c, 0x600c, 0x600c, 0x600c, 0x600c, 0x600c, 0x600c, 0x600c, 0x600c, 0x600c, 
  0x600c, 0x600c, 0x600c, 0x600c, 0x600c, 0x600c, 0x600c, 0x600c, 0x600c, 0x600c, 0x600c, 0x600c, 
  0x600c, 0x600c, 0x600c, 0x600c, 0x600c, 0x600c, 0x600c, 0x600c, 0x600c, 0x600c, 0x600c, 0x600c, 
  0x600c, 0x600c, 0x600c, 0x600c, 0x600c, 0x600c, 0x600c, 0x600c, 0x600c, 0x600c, 0x600c, 0x600c, 
  0x600c, 0x600c, 0x600c, 0x600c, 0x600c, 0x600c, 0x600c, 0x600c, 0x600c, 0x600c, 0x600c, 0x600c, 
  0x600c, 0x600c, 0x600c, 0x600c, 0x600c, 0x600c, 0x600c, 0x600c, 0x600c, 0x600c, 0x600c, 0x600c, 
  0x4849, 0x4849, 0x4048, 0x2044, 0x1843, 0x2064, 0x2064, 0x2064, 0x2064, 0x2064, 0x2064, 0x6aad, 
  0x3927, 0x1844, 0x1844, 0x1844, 0x1844, 0x1844, 0x600c, 0x600c, 0x600c, 0x600c, 0x600c, 0x600c, 
  0x600c, 0x600c, 0x600c, 0x600c, 0x600c, 0x600c, 0x600c, 0x600c, 0x600c, 0x600c, 0x600c, 0x600c, 
  0x600c, 0x600c, 0x600c, 0x600c, 0x600c, 0x600c, 0x600c, 0x600c, 0x600c, 0x600c, 0x600c, 0x600c, 
  0x600c, 0x600c, 0x600c, 0x600c, 0x600c, 0x600c, 0x600c, 0x600c, 0x600c, 0x600c, 0x600c, 0x600c, 
  0x600c, 0x600c, 0x600c, 0x600c, 0x600c, 0x600c, 0x600c, 0x600c, 0x600c, 0x600c, 0x600c, 0x600c, 
  0x600c, 0x600c, 0x600c, 0x600c, 0x600c, 0x600c, 0x600c, 0x600c, 0x600c, 0x600c, 0x600c, 0x600c, 
  0x600c, 0x600c, 0x600c, 0x600c, 0x600c, 0x4828, 0x4828, 0x4028, 0x2024, 0x1023, 0x2044, 0x600c, 
  0x600c, 0x600c, 0x600c, 0x600c, 0x600c, 0x600c, 0x600c, 0x600c, 0x600c, 0x600c, 0x600c, 0x600c, 
  0x600c, 0x600c, 0x600c, 0x600c, 0x600c, 0x600c, 0x600c, 0x600c, 0x600c, 0x600c, 0x600c, 0x600c, 
  0x600c, 0x600c, 0x600c, 0x600c, 0x600c, 0x600c, 0x600c, 0x600c, 0x600c, 0x600c, 0x600c, 0x600c, 
  0x600c, 0x600c, 0x600c, 0x600c, 0x600c, 0x600c, 0x600c, 0x600c, 0x600c, 0x600c, 0x600c, 0x600c, 
  0x600c, 0x600c, 0x600c, 0x600c, 0x600c, 0x600c, 0x600c, 0x600c, 0x600c, 0x600c, 0x600c, 0x600c, 
  0x600c, 0x600c, 0x600c, 0x600c, 0x600c, 0x600c, 0x600c, 0x600c, 0x600c, 0x600c, 0x4849, 0x4849, 
  0x4048, 0x2044, 0x1843, 0x2064, 0x600c, 0x600c, 0x600c, 0x600c, 0x600c, 0x600c, 0x600c, 0x600c, 
  0x600c, 0x600c, 0x600c, 0x600c, 0x600c, 0x600c, 0x600c, 0x600c, 0x600c, 0x600c, 0x600c, 0x600c, 
  0x600c, 0x600c, 0x600c, 0x600c, 0x600c, 0x600c, 0x600c, 0x600c, 0x600c, 0x600c, 0x600c, 0x600c, 
  0x600c, 0x600c, 0x600c, 0x600c, 0x600c, 0x600c, 0x600c, 0x600c, 0x600c, 0x600c, 0x600c, 0x600c, 
  0x600c, 0x600c, 0x600c, 0x600c, 0x600c, 0x600c, 0x600c, 0x600c, 0x600c, 0x600c, 0x600c, 0x600c, 
  0x600c, 0x600c, 0x600c, 0x600c, 0x600c, 0x600c, 0x600c, 0x600c, 0x600c, 0x600c, 0x600c, 0x600c, 
  0x600c, 0x600c, 0x600c, 0x58cb, 0x58cb, 0x50ea, 0x30e7, 0x2906, 0x3948, 0x600c, 0x600c, 0x600c, 
  0x600c, 0x600c, 0x600c, 0x600c, 0x600c, 0x600c, 0x600c, 0x600c, 0x600c, 0x600c, 0x600c, 0x600c, 
  0x600c, 0x600c, 0x600c, 0x600c, 0x600c, 0x600c, 0x600c, 0x600c, 0x600c, 0x600c, 0x600c, 0x600c, 
  0x600c, 0x600c, 0x600c, 0x600c, 0x600c, 0x600c, 0x600c, 0x600c, 0x600c, 0x600c, 0x600c, 0x600c, 
  0x600c, 0x600c, 0x600c, 0x600c, 0x600c, 0x600c, 0x600c, 0x600c, 0x600c, 0x600c, 0x600c, 0x600c, 
  0x600c, 0x600c, 0x600c, 0x600c, 0x600c, 0x600c, 0x600c, 0x600c, 0x600c, 0x600c, 0x600c, 0x600c, 
  0x600c, 0x600c, 0x600c, 0x600c, 0x600c, 0x600c, 0x600c, 0x600c, 0x4849, 0x4849, 0x4048, 0x2044, 
  0x1843, 0x2064, 0x2064, 0x2064, 0x2064, 0x2064, 0x2064, 0x6aad, 0x3928, 0x1844, 0x1844, 0x1844, 
  0x1844, 0x1844, 0x600c, 0x600c, 0x600c, 0x600c, 0x600c, 0x600c, 0x600c, 0x600c, 0x600c, 0x600c, 
  0x600c, 0x600c, 0x600c, 0x600c, 0x600c, 0x600c, 0x600c, 0x600c, 0x600c, 0x600c, 0x600c, 0x600c, 
  0x600c, 0x600c, 0x600c, 0x600c, 0x600c, 0x600c, 0x600c, 0x600c, 0x600c, 0x600c, 0x600c, 0x600c, 
  0x600c, 0x600c, 0x600c, 0x600c, 0x600c, 0x600c, 0x600c, 0x600c, 0x600c, 0x600c, 0x600c, 0x600c, 
  0x600c, 0x600c, 0x600c, 0x600c, 0x600c, 0x600c, 0x600c, 0x600c, 0x600c, 0x600c, 0x600c, 0x600c, 
  0x600c, 0x600c, 0x600c, 0x600c, 0x600c, 0x600c, 0x600c, 0x600c, 0x600c, 0x600c, 0x600c, 0x600c, 
  0x600c, 0x4829, 0x4828, 0x4027, 0x2024, 0x1023, 0x2044, 0x600c, 0x600c, 0x600c, 0x600c, 0x600c, 
  0x600c, 0x600c, 0x600c, 0x600c, 0x600c, 0x600c, 0x600c, 0x600c, 0x600c, 0x600c, 0x600c, 0x600c, 
  0x600c, 0x600c, 0x600c, 0x600c, 0x600c, 0x600c, 0x600c, 0x600c, 0x600c, 0x600c, 0x600c, 0x600c, 
  0x600c, 0x600c, 0x600c, 0x600c, 0x600c, 0x600c, 0x600c, 0x600c, 0x600c, 0x600c, 0x600c, 0x600c, 
  0x600c, 0x600c, 0x600c, 0x600c, 0x600c, 0x600c, 0x600c, 0x600c, 0x600c, 0x600c, 0x600c, 0x600c, 
  0x600c, 0x600c, 0x600c, 0x600c, 0x600c, 0x600c, 0x600c, 0x600c, 0x600c, 0x600c, 0x600c, 0x600c, 
  0x600c, 0x600c, 0x600c, 0x600c, 0x600c, 0x600c, 0x4849, 0x4849, 0x4048, 0x2044, 0x1843, 0x2064, 
  0x600c, 0x600c, 0x600c, 0x600c, 0x600c, 0x600c, 0x600c, 0x600c, 0x600c, 0x600c, 0x600c, 0x600c, 
  0x600c, 0x600c, 0x600c, 0x600c, 0x600c, 0x600c, 0x600c, 0x600c, 0x600c, 0x600c, 0x600c, 0x600c, 
  0x600c, 0x600c, 0x600c, 0x600c, 0x600c, 0x600c, 0x600c, 0x600c, 0x600c, 0x600c, 0x600c, 0x600c, 
  0x600c, 0x600c, 0x600c, 0x600c, 0x600c, 0x600c, 0x600c, 0x600c, 0x600c, 0x600c, 0x600c, 0x600c, 
  0x600c, 0x600c, 0x600c, 0x600c, 0x600c, 0x600c, 0x600c, 0x600c, 0x600c, 0x600c, 0x600c, 0x600c, 
  0x600c, 0x600c, 0x600c, 0x600c, 0x600c, 0x600c, 0x600c, 0x600c, 0x600c, 0x600c, 0x600c, 0x58cb, 
  0x58cb, 0x50ea, 0x30e7, 0x2906, 0x3948, 0x600c, 0x600c, 0x600c, 0x600c, 0x600c, 0x600c, 0x600c, 
  0x600c, 0x600c, 0x600c, 0x600c, 0x600c, 0x600c, 0x600c, 0x600c, 0x600c, 0x600c, 0x600c, 0x600c, 
  0x600c, 0x600c, 0x600c, 0x600c, 0x600c, 0x600c, 0x600c, 0x600c, 0x600c, 0x600c, 0x600c, 0x600c, 
  0x600c, 0x600c, 0x600c, 0x600c, 0x600c, 0x600c, 0x600c, 0x600c, 0x600c, 0x600c, 0x600c, 0x600c, 
  0x600c, 0x600c, 0x600c, 0x600c, 0x600c, 0x600c, 0x600c, 0x600c, 0x600c, 0x600c, 0x600c, 0x600c, 
  0x600c, 0x600c, 0x600c, 0x600c, 0x600c, 0x600c, 0x600c, 0x600c, 0x600c, 0x600c, 0x600c, 0x600c, 
  0x600c, 0x600c, 0x600c, 0x600c, 0x4849, 0x4849, 0x4848, 0x2044, 0x1843, 0x2064, 0x2064, 0x2064, 
  0x2064, 0x2064, 0x2064, 0x6aad, 0x3948, 0x1844, 0x1844, 0x1844, 0x1844, 0x1844, 0x600c, 0x600c, 
  0x600c, 0x600c, 0x600c, 0x600c, 0x600c, 0x600c, 0x600c, 0x600c, 0x600c, 0x600c, 0x600c, 0x600c, 
  0x600c, 0x600c, 0x600c, 0x600c, 0x600c, 0x600c, 0x600c, 0x600c, 0x600c, 0x600c, 0x600c, 0x600c, 
  0x600c, 0x600c, 0x600c, 0x600c, 0x600c, 0x600c, 0x600c, 0x600c, 0x600c, 0x600c, 0x600c, 0x600c, 
  0x600c, 0x600c, 0x600c, 0x600c, 0x600c, 0x600c, 0x600c, 0x600c, 0x600c, 0x600c, 0x600c, 0x600c, 
  0x600c, 0x600c, 0x600c, 0x600c, 0x600c, 0x600c, 0x600c, 0x600c, 0x600c, 0x600c, 0x600c, 0x600c, 
  0x600c, 0x600c, 0x600c, 0x600c, 0x600c, 0x600c, 0x600c, 0x600c, 0x600c, 0x4829, 0x4828, 0x4027, 
  0x2024, 0x1023, 0x2044, 0x600c, 0x600c, 0x600c, 0x600c, 0x600c, 0x600c, 0x600c, 0x600c, 0x600c, 
  0x600c, 0x600c, 0x600c, 0x600c, 0x600c, 0x600c, 0x600c, 0x600c, 0x600c, 0x600c, 0x600c, 0x600c, 
  0x600c, 0x600c, 0x600c, 0x600c, 0x600c, 0x600c, 0x600c, 0x600c, 0x600c, 0x600c, 0x600c, 0x600c, 
  0x600c, 0x600c, 0x600c, 0x600c, 0x600c, 0x600c, 0x600c, 0x600c, 0x600c, 0x600c, 0x600c, 0x600c, 
  0x600c, 0x600c, 0x600c, 0x600c, 0x600c, 0x600c, 0x600c, 0x600c, 0x600c, 0x600c, 0x600c, 0x600c, 
  0x600c, 0x600c, 0x600c, 0x600c, 0x600c, 0x600c, 0x600c, 0x600c, 0x600c, 0x600c, 0x600c, 0x600c, 
  0x600c, 0x600c, 0x4849, 0x4849, 0x4048, 0x2044, 0x1843, 0x2064, 0x600c, 0x600c, 0x600c, 0x600c, 
  0x600c, 0x600c, 0x600c, 0x600c, 0x600c, 0x600c, 0x600c, 0x600c, 0x600c, 0x600c, 0x600c, 0x600c, 
  0x600c, 0x600c, 0x600c, 0x600c, 0x600c, 0x600c, 0x600c, 0x600c, 0x600c, 0x600c, 0x600c, 0x600c, 
  0x600c, 0x600c, 0x600c, 0x600c, 0x600c, 0x600c, 0x600c, 0x600c, 0x600c, 0x600c, 0x600c, 0x600c, 
  0x600c, 0x600c, 0x600c, 0x600c, 0x600c, 0x600c, 0x600c, 0x600c, 0x600c, 0x600c, 0x600c, 0x600c, 
  0x600c, 0x600c, 0x600c, 0x600c, 0x600c, 0x600c, 0x600c, 0x600c, 0x600c, 0x600c, 0x600c, 0x600c, 
  0x600c, 0x600c, 0x600c, 0x600c, 0x600c, 0x600c, 0x600c, 0x58cb, 0x58eb, 0x50ea, 0x30e7, 0x28e6, 
  0x3948, 0x600c, 0x600c, 0x600c, 0x600c, 0x600c, 0x600c, 0x600c, 0x600c, 0x600c, 0x600c, 0x600c, 
  0x600c, 0x600c, 0x600c, 0x600c, 0x600c, 0x600c, 0x600c, 0x600c, 0x600c, 0x600c, 0x600c, 0x600c, 
  0x600c, 0x600c, 0x600c, 0x600c, 0x600c, 0x600c, 0x600c, 0x600c, 0x600c, 0x600c, 0x600c, 0x600c, 
  0x600c, 0x600c, 0x600c, 0x600c, 0x600c, 0x600c, 0x600c, 0x600c, 0x600c, 0x600c, 0x600c, 0x600c, 
  0x600c, 0x600c, 0x600c, 0x600c, 0x600c, 0x600c, 0x600c, 0x600c, 0x600c, 0x600c, 0x600c, 0x600c, 
  0x600c, 0x600c, 0x600c, 0x600c, 0x600c, 0x600c, 0x600c, 0x600c, 0x600c, 0x600c, 0x600c, 0x600c, 
  0x4849, 0x4849, 0x4048, 0x2044, 0x1843, 0x2064, 0x2064, 0x2064, 0x2064, 0x2064, 0x2064, 0x6aad, 
  0x3948, 0x1844, 0x1844, 0x1844, 0x1844, 0x1844, 0x600c, 0x600c, 0x600c, 0x600c, 0x600c, 0x600c, 
  0x600c, 0x600c, 0x600c, 0x600c, 0x600c, 0x600c, 0x600c, 0x600c, 0x600c, 0x600c, 0x600c, 0x600c, 
  0x600c, 0x600c, 0x600c, 0x600c, 0x600c, 0x600c, 0x600c, 0x600c, 0x600c, 0x600c, 0x600c, 0x600c, 
  0x600c, 0x600c, 0x600c, 0x600c, 0x600c, 0x600c, 0x600c, 0x600c, 0x600c, 0x600c, 0x600c, 0x600c, 
  0x600c, 0x600c, 0x600c, 0x600c, 0x600c, 0x600c, 0x600c, 0x600c, 0x600c, 0x600c, 0x600c, 0x600c, 
  0x600c, 0x600c, 0x600c, 0x600c, 0x600c, 0x600c, 0x600c, 0x600c, 0x600c, 0x600c, 0x600c, 0x600c, 
  0x600c, 0x600c, 0x600c, 0x600c, 0x600c, 0x4828, 0x4828, 0x4028, 0x1824, 0x1023, 0x2044, 0x600c, 
  0x600c, 0x600c, 0x600c, 0x600c, 0x600c, 0x600c, 0x600c, 0x600c, 0x600c, 0x600c, 0x600c, 0x600c, 
  0x600c, 0x600c, 0x600c, 0x600c, 0x600c, 0x600c, 0x600c, 0x600c, 0x600c, 0x600c, 0x600c, 0x600c, 
  0x600c, 0x600c, 0x600c, 0x600c, 0x600c, 0x600c, 0x600c, 0x600c, 0x600c, 0x600c, 0x600c, 0x600c, 
  0x600c, 0x600c, 0x600c, 0x600c, 0x600c, 0x600c, 0x600c, 0x600c, 0x600c, 0x600c, 0x600c, 0x600c, 
  0x600c, 0x600c, 0x600c, 0x600c, 0x600c, 0x600c, 0x600c, 0x600c, 0x600c, 0x600c, 0x600c, 0x600c, 
  0x600c, 0x600c, 0x600c, 0x600c, 0x600c, 0x600c, 0x600c, 0x600c, 0x600c, 0x600c, 0x4849, 0x4849, 
  0x4048, 0x2044, 0x1843, 0x2064, 0x600c, 0x600c, 0x600c, 0x600c, 0x600c, 0x600c, 0x600c, 0x600c, 
  0x600c, 0x600c, 0x600c, 0x600c, 0x600c, 0x600c, 0x600c, 0x600c, 0x600c, 0x600c, 0x600c, 0x600c, 
  0x600c, 0x600c, 0x600c, 0x600c, 0x600c, 0x600c, 0x600c, 0x600c, 0x600c, 0x600c, 0x600c, 0x600c, 
  0x600c, 0x600c, 0x600c, 0x600c, 0x600c, 0x600c, 0x600c, 0x600c, 0x600c, 0x600c, 0x600c, 0x600c, 
  0x600c, 0x600c, 0x600c, 0x600c, 0x600c, 0x600c, 0x600c, 0x600c, 0x600c, 0x600c, 0x600c, 0x600c, 
  0x600c, 0x600c, 0x600c, 0x600c, 0x600c, 0x600c, 0x600c, 0x600c, 0x600c, 0x600c, 0x600c, 0x600c, 
  0x600c, 0x600c, 0x600c, 0x58cb, 0x58cb, 0x50ea, 0x30e7, 0x28e6, 0x3948, 0x600c, 0x600c, 0x600c, 
  0x600c, 0x600c, 0x600c, 0x600c, 0x600c, 0x600c, 0x600c, 0x600c, 0x600c, 0x600c, 0x600c, 0x600c, 
  0x600c, 0x600c, 0x600c, 0x600c, 0x600c, 0x600c, 0x600c, 0x600c, 0x600c, 0x600c, 0x600c, 0x600c, 
  0x600c, 0x600c, 0x600c, 0x600c, 0x600c, 0x600c, 0x600c, 0x600c, 0x600c, 0x600c, 0x600c, 0x600c, 
  0x600c, 0x600c, 0x600c, 0x600c, 0x600c, 0x600c, 0x600c, 0x600c, 0x600c, 0x600c, 0x600c, 0x600c, 
  0x600c, 0x600c, 0x600c, 0x600c, 0x600c, 0x600c, 0x600c, 0x600c, 0x600c, 0x600c, 0x600c, 0x600c, 
  0x600c, 0x600c, 0x600c, 0x600c, 0x600c, 0x600c, 0x600c, 0x600c, 0x4849, 0x4849, 0x4048, 0x2044, 
  0x1843, 0x2064, 0x2064, 0x2064, 0x2064, 0x2064, 0x2064, 0x6aad, 0x3948, 0x2064, 0x2064, 0x2064, 
  0x2064, 0x2064, 0x600c, 0x600c, 0x600c, 0x600c, 0x600c, 0x600c, 0x600c, 0x600c, 0x600c, 0x600c, 
  0x600c, 0x600c, 0x600c, 0x600c, 0x600c, 0x600c, 0x600c, 0x600c, 0x600c, 0x600c, 0x600c, 0x600c, 
  0x600c, 0x600c, 0x600c, 0x600c, 0x600c, 0x600c, 0x600c, 0x600c, 0x600c, 0x600c, 0x600c, 0x600c, 
  0x600c, 0x600c, 0x600c, 0x600c, 0x600c, 0x600c, 0x600c, 0x600c, 0x600c, 0x600c, 0x600c, 0x600c, 
  0x600c, 0x600c, 0x600c, 0x600c, 0x600c, 0x600c, 0x600c, 0x600c, 0x600c, 0x600c, 0x600c, 0x600c, 
  0x600c, 0x600c, 0x600c, 0x600c, 0x600c, 0x600c, 0x600c, 0x600c, 0x600c, 0x600c, 0x600c, 0x600c, 
  0x600c, 0x4829, 0x4829, 0x4028, 0x1824, 0x1023, 0x2044, 0x600c, 0x600c, 0x600c, 0x600c, 0x600c, 
  0x600c, 0x600c, 0x600c, 0x600c, 0x600c, 0x600c, 0x600c, 0x600c, 0x600c, 0x600c, 0x600c, 0x600c, 
  0x600c, 0x600c, 0x600c, 0x600c, 0x600c, 0x600c, 0x600c, 0x600c, 0x600c, 0x600c, 0x600c, 0x600c, 
  0x600c, 0x600c, 0x600c, 0x600c, 0x600c, 0x600c, 0x600c, 0x600c, 0x600c, 0x600c, 0x600c, 0x600c, 
  0x600c, 0x600c, 0x600c, 0x600c, 0x600c, 0x600c, 0x600c, 0x600c, 0x600c, 0x600c, 0x600c, 0x600c, 
  0x600c, 0x600c, 0x600c, 0x600c, 0x600c, 0x600c, 0x600c, 0x600c, 0x600c, 0x600c, 0x600c, 0x600c, 
  0x600c, 0x600c, 0x600c, 0x600c, 0x600c, 0x600c, 0x4849, 0x4849, 0x4048, 0x2044, 0x1843, 0x2064, 
  0x600c, 0x600c, 0x600c, 0x600c, 0x600c, 0x600c, 0x600c, 0x600c, 0x600c, 0x600c, 0x600c, 0x600c, 
  0x600c, 0x600c, 0x600c, 0x600c, 0x600c, 0x600c, 0x600c, 0x600c, 0x600c, 0x600c, 0x600c, 0x600c, 
  0x600c, 0x600c, 0x600c, 0x600c, 0x600c, 0x600c, 0x600c, 0x600c, 0x600c, 0x600c, 0x600c, 0x600c, 
  0x600c, 0x600c, 0x600c, 0x600c, 0x600c, 0x600c, 0x600c, 0x600c, 0x600c, 0x600c, 0x600c, 0x600c, 
  0x600c, 0x600c, 0x600c, 0x600c, 0x600c, 0x600c, 0x600c, 0x600c, 0x600c, 0x600c, 0x600c, 0x600c, 
  0x600c, 0x600c, 0x600c, 0x600c, 0x600c, 0x600c, 0x600c, 0x600c, 0x600c, 0x600c, 0x600c, 0x58cb, 
  0x58cb, 0x50ca, 0x30e6, 0x28e6, 0x3948, 0x600c, 0x600c, 0x600c, 0x600c, 0x600c, 0x600c, 0x600c, 
  0x600c, 0x600c, 0x600c, 0x600c, 0x600c, 0x600c, 0x600c, 0x600c, 0x600c, 0x600c, 0x600c, 0x600c, 
  0x600c, 0x600c, 0x600c, 0x600c, 0x600c, 0x600c, 0x600c, 0x600c, 0x600c, 0x600c, 0x600c, 0x600c, 
  0x600c, 0x600c, 0x600c, 0x600c, 0x600c, 0x600c, 0x600c, 0x600c, 0x600c, 0x600c, 0x600c, 0x600c, 
  0x600c, 0x600c, 0x600c, 0x600c, 0x600c, 0x600c, 0x600c, 0x600c, 0x600c, 0x600c, 0x600c, 0x600c, 
  0x600c, 0x600c, 0x600c, 0x600c, 0x600c, 0x600c, 0x600c, 0x600c, 0x600c, 0x600c, 0x600c, 0x600c, 
  0x600c, 0x600c, 0x600c, 0x600c, 0x4849, 0x4849, 0x4048, 0x2044, 0x1843, 0x2064, 0x2064, 0x2064, 
  0x2064, 0x2064, 0x2064, 0x6a8d, 0x3948, 0x2064, 0x2064, 0x2064, 0x2064, 0x2064, 0x600c, 0x600c, 
  0x600c, 0x600c, 0x600c, 0x600c, 0x600c, 0x600c, 0x600c, 0x600c, 0x600c, 0x600c, 0x600c, 0x600c, 
  0x600c, 0x600c, 0x600c, 0x600c, 0x600c, 0x600c, 0x600c, 0x600c, 0x600c, 0x600c, 0x600c, 0x600c, 
  0x600c, 0x600c, 0x600c, 0x600c, 0x600c, 0x600c, 0x600c, 0x600c, 0x600c, 0x600c, 0x600c, 0x600c, 
  0x600c, 0x600c, 0x600c, 0x600c, 0x600c, 0x600c, 0x600c, 0x600c, 0x600c, 0x600c, 0x600c, 0x600c, 
  0x600c, 0x600c, 0x600c, 0x600c, 0x600c, 0x600c, 0x600c, 0x600c, 0x600c, 0x600c, 0x600c, 0x600c, 
  0x600c, 0x600c, 0x600c, 0x600c, 0x600c, 0x600c, 0x600c, 0x600c, 0x600c, 0x4829, 0x4829, 0x4028, 
  0x2024, 0x1023, 0x2044, 0x600c, 0x600c, 0x600c, 0x600c, 0x600c, 0x600c, 0x600c, 0x600c, 0x600c, 
  0x600c, 0x600c, 0x600c, 0x600c, 0x600c, 0x600c, 0x600c, 0x600c, 0x600c, 0x600c, 0x600c, 0x600c, 
  0x600c, 0x600c, 0x600c, 0x600c, 0x600c, 0x600c, 0x600c, 0x600c, 0x600c, 0x600c, 0x600c, 0x600c, 
  0x600c, 0x600c, 0x600c, 0x600c, 0x600c, 0x600c, 0x600c, 0x600c, 0x600c, 0x600c, 0x600c, 0x600c, 
  0x600c, 0x600c, 0x600c, 0x600c, 0x600c, 0x600c, 0x600c, 0x600c, 0x600c, 0x600c, 0x600c, 0x600c, 
  0x600c, 0x600c, 0x600c, 0x600c, 0x600c, 0x600c, 0x600c, 0x600c, 0x600c, 0x600c, 0x600c, 0x600c, 
  0x600c, 0x600c, 0x4849, 0x4849, 0x4048, 0x2044, 0x1843, 0x2064, 0x600c, 0x600c, 0x600c, 0x600c, 
  0x600c, 0x600c, 0x600c, 0x600c, 0x600c, 0x600c, 0x600c, 0x600c, 0x600c, 0x600c, 0x600c, 0x600c, 
  0x600c, 0x600c, 0x600c, 0x600c, 0x600c, 0x600c, 0x600c, 0x600c, 0x600c, 0x600c, 0x600c, 0x600c, 
  0x600c, 0x600c, 0x600c, 0x600c, 0x600c, 0x600c, 0x600c, 0x600c, 0x600c, 0x600c, 0x600c, 0x600c, 
  0x600c, 0x600c, 0x600c, 0x600c, 0x600c, 0x600c, 0x600c, 0x600c, 0x600c, 0x600c, 0x600c, 0x600c, 
  0x600c, 0x600c, 0x600c, 0x600c, 0x600c, 0x600c, 0x600c, 0x600c, 0x600c, 0x600c, 0x600c, 0x600c, 
  0x600c, 0x600c, 0x600c, 0x600c, 0x600c, 0x600c, 0x600c, 0x58cb, 0x58cb, 0x50ca, 0x30e7, 0x28e6, 
  0x3948, 0x600c, 0x600c, 0x600c, 0x600c, 0x600c, 0x600c, 0x600c, 0x600c, 0x600c, 0x600c, 0x600c, 
  0x600c, 0x600c, 0x600c, 0x600c, 0x600c, 0x600c, 0x600c, 0x600c, 0x600c, 0x600c, 0x600c, 0x600c, 
  0x600c, 0x600c, 0x600c, 0x600c, 0x600c, 0x600c, 0x600c, 0x600c, 0x600c, 0x600c, 0x600c, 0x600c, 
  0x600c, 0x600c, 0x600c, 0x600c, 0x600c, 0x600c, 0x600c, 0x600c, 0x600c, 0x600c, 0x600c, 0x600c, 
  0x600c, 0x600c, 0x600c, 0x600c, 0x600c, 0x600c, 0x600c, 0x600c, 0x600c, 0x600c, 0x600c, 0x600c, 
  0x600c, 0x600c, 0x600c, 0x600c, 0x600c, 0x600c, 0x600c, 0x600c, 0x600c, 0x600c, 0x600c, 0x600c, 
  0x4849, 0x4849, 0x4048, 0x2044, 0x1843, 0x2064, 0x2064, 0x2064, 0x2064, 0x2064, 0x2064, 0x6a8d, 
  0x4168, 0x2085, 0x2085, 0x2085, 0x2085, 0x2085, 0x600c, 0x600c, 0x600c, 0x600c, 0x600c, 0x600c, 
  0x600c, 0x600c, 0x600c, 0x600c, 0x600c, 0x600c, 0x600c, 0x600c, 0x600c, 0x600c, 0x600c, 0x600c, 
  0x600c, 0x600c, 0x600c, 0x600c, 0x600c, 0x600c, 0x600c, 0x600c, 0x600c, 0x600c, 0x600c, 0x600c, 
  0x600c, 0x600c, 0x600c, 0x600c, 0x600c, 0x600c, 0x600c, 0x600c, 0x600c, 0x600c, 0x600c, 0x600c, 
  0x600c, 0x600c, 0x600c, 0x600c, 0x600c, 0x600c, 0x600c, 0x600c, 0x600c, 0x600c, 0x600c, 0x600c, 
  0x600c, 0x600c, 0x600c, 0x600c, 0x600c, 0x600c, 0x600c, 0x600c, 0x600c, 0x600c, 0x600c, 0x600c, 
  0x600c, 0x600c, 0x600c, 0x600c, 0x600c, 0x4829, 0x4829, 0x4028, 0x1824, 0x1823, 0x2044, 0x600c, 
  0x600c, 0x600c, 0x600c, 0x600c, 0x600c, 0x600c, 0x600c, 0x600c, 0x600c, 0x600c, 0x600c, 0x600c, 
  0x600c, 0x600c, 0x600c, 0x600c, 0x600c, 0x600c, 0x600c, 0x600c, 0x600c, 0x600c, 0x600c, 0x600c, 
  0x600c, 0x600c, 0x600c, 0x600c, 0x600c, 0x600c, 0x600c, 0x600c, 0x600c, 0x600c, 0x600c, 0x600c, 
  0x600c, 0x600c, 0x600c, 0x600c, 0x600c, 0x600c, 0x600c, 0x600c, 0x600c, 0x600c, 0x600c, 0x600c, 
  0x600c, 0x600c, 0x600c, 0x600c, 0x600c, 0x600c, 0x600c, 0x600c, 0x600c, 0x600c, 0x600c, 0x600c, 
  0x600c, 0x600c, 0x600c, 0x600c, 0x600c, 0x600c, 0x600c, 0x600c, 0x600c, 0x600c, 0x4849, 0x4849, 
  0x4048, 0x2044, 0x1843, 0x2064, 0x600c, 0x600c, 0x600c, 0x600c, 0x600c, 0x600c, 0x600c, 0x600c, 
  0x600c, 0x600c, 0x600c, 0x600c, 0x600c, 0x600c, 0x600c, 0x600c, 0x600c, 0x600c, 0x600c, 0x600c, 
  0x600c, 0x600c, 0x600c, 0x600c, 0x600c, 0x600c, 0x600c, 0x600c, 0x600c, 0x600c, 0x600c, 0x600c, 
  0x600c, 0x600c, 0x600c, 0x600c, 0x600c, 0x600c, 0x600c, 0x600c, 0x600c, 0x600c, 0x600c, 0x600c, 
  0x600c, 0x600c, 0x600c, 0x600c, 0x600c, 0x600c, 0x600c, 0x600c, 0x600c, 0x600c, 0x600c, 0x600c, 
  0x600c, 0x600c, 0x600c, 0x600c, 0x600c, 0x600c, 0x600c, 0x600c, 0x600c, 0x600c, 0x600c, 0x600c, 
  0x600c, 0x600c, 0x600c, 0x58cb, 0x58cb, 0x50ca, 0x30e6, 0x28e6, 0x3948, 0x600c, 0x600c, 0x600c, 
  0x600c, 0x600c, 0x600c, 0x600c, 0x600c, 0x600c, 0x600c, 0x600c, 0x600c, 0x600c, 0x600c, 0x600c, 
  0x600c, 0x600c, 0x600c, 0x600c, 0x600c, 0x600c, 0x600c, 0x600c, 0x600c, 0x600c, 0x600c, 0x600c, 
  0x600c, 0x600c, 0x600c, 0x600c, 0x600c, 0x600c, 0x600c, 0x600c, 0x600c, 0x600c, 0x600c, 0x600c, 
  0x600c, 0x600c, 0x600c, 0x600c, 0x600c, 0x600c, 0x600c, 0x600c, 0x600c, 0x600c, 0x600c, 0x600c, 
  0x600c, 0x600c, 0x600c, 0x600c, 0x600c, 0x600c, 0x600c, 0x600c, 0x600c, 0x600c, 0x600c, 0x600c, 
  0x600c, 0x600c, 0x600c, 0x600c, 0x600c, 0x600c, 0x600c, 0x600c, 0x4849, 0x4849, 0x4048, 0x2044, 
  0x1843, 0x2064, 0x2064, 0x2064, 0x2064, 0x2064, 0x2064, 0x6a8d, 0x4168, 0x2085, 0x2085, 0x2085, 
  0x2085, 0x2085, 0x600c, 0x600c, 0x600c, 0x600c, 0x600c, 0x600c, 0x600c, 0x600c, 0x600c, 0x600c, 
  0x600c, 0x600c, 0x600c, 0x600c, 0x600c, 0x600c, 0x600c, 0x600c, 0x600c, 0x600c, 0x600c, 0x600c, 
  0x600c, 0x600c, 0x600c, 0x600c, 0x600c, 0x600c, 0x600c, 0x600c, 0x600c, 0x600c, 0x600c, 0x600c, 
  0x600c, 0x600c, 0x600c, 0x600c, 0x600c, 0x600c, 0x600c, 0x600c, 0x600c, 0x600c, 0x600c, 0x600c, 
  0x600c, 0x600c, 0x600c, 0x600c, 0x600c, 0x600c, 0x600c, 0x600c, 0x600c, 0x600c, 0x600c, 0x600c, 
  0x600c, 0x600c, 0x600c, 0x600c, 0x600c, 0x600c, 0x600c, 0x600c, 0x600c, 0x600c, 0x600c, 0x600c, 
  0x600c, 0x4829, 0x4849, 0x4028, 0x2024, 0x1823, 0x2044, 0x600c, 0x600c, 0x600c, 0x600c, 0x600c, 
  0x600c, 0x600c, 0x600c, 0x600c, 0x600c, 0x600c, 0x600c, 0x600c, 0x600c, 0x600c, 0x600c, 0x600c, 
  0x600c, 0x600c, 0x600c, 0x600c, 0x600c, 0x600c, 0x600c, 0x600c, 0x600c, 0x600c, 0x600c, 0x600c, 
  0x600c, 0x600c, 0x600c, 0x600c, 0x600c, 0x600c, 0x600c, 0x600c, 0x600c, 0x600c, 0x600c, 0x600c, 
  0x600c, 0x600c, 0x600c, 0x600c, 0x600c, 0x600c, 0x600c, 0x600c, 0x600c, 0x600c, 0x600c, 0x600c, 
  0x600c, 0x600c, 0x600c, 0x600c, 0x600c, 0x600c, 0x600c, 0x600c, 0x600c, 0x600c, 0x600c, 0x600c, 
  0x600c, 0x600c, 0x600c, 0x600c, 0x600c, 0x600c, 0x4849, 0x4849, 0x4048, 0x2044, 0x1843, 0x2064, 
  0x600c, 0x600c, 0x600c, 0x600c, 0x600c, 0x600c, 0x600c, 0x600c, 0x600c, 0x600c, 0x600c, 0x600c, 
  0x600c, 0x600c, 0x600c, 0x600c, 0x600c, 0x600c, 0x600c, 0x600c, 0x600c, 0x600c, 0x600c, 0x600c, 
  0x600c, 0x600c, 0x600c, 0x600c, 0x600c, 0x600c, 0x600c, 0x600c, 0x600c, 0x600c, 0x600c, 0x600c, 
  0x600c, 0x600c, 0x600c, 0x600c, 0x600c, 0x600c, 0x600c, 0x600c, 0x600c, 0x600c, 0x600c, 0x600c, 
  0x600c, 0x600c, 0x600c, 0x600c, 0x600c, 0x600c, 0x600c, 0x600c, 0x600c, 0x600c, 0x600c, 0x600c, 
  0x600c, 0x600c, 0x600c, 0x600c, 0x600c, 0x600c, 0x600c, 0x600c, 0x600c, 0x600c, 0x600c, 0x58cb, 
  0x58cb, 0x50ea, 0x30e6, 0x28e6, 0x3948, 0x600c, 0x600c, 0x600c, 0x600c, 0x600c, 0x600c, 0x600c, 
  0x600c, 0x600c, 0x600c, 0x600c, 0x600c, 0x600c, 0x600c, 0x600c, 0x600c, 0x600c, 0x600c, 0x600c, 
  0x600c, 0x600c, 0x600c, 0x600c, 0x600c, 0x600c, 0x600c, 0x600c, 0x600c, 0x600c, 0x600c, 0x600c, 
  0x600c, 0x600c, 0x600c, 0x600c, 0x600c, 0x600c, 0x600c, 0x600c, 0x600c, 0x600c, 0x600c, 0x600c, 
  0x600c, 0x600c, 0x600c, 0x600c, 0x600c, 0x600c, 0x600c, 0x600c, 0x600c, 0x600c, 0x600c, 0x600c, 
  0x600c, 0x600c, 0x600c, 0x600c, 0x600c, 0x600c, 0x600c, 0x600c, 0x600c, 0x600c, 0x600c, 0x600c, 
  0x600c, 0x600c, 0x600c, 0x600c, 0x4849, 0x4849, 0x4048, 0x2044, 0x1843, 0x2064, 0x2064, 0x2064, 
  0x2064, 0x2064, 0x2064, 0x6a8d, 0x4168, 0x2085, 0x2085, 0x2085, 0x2085, 0x2085, 0x600c, 0x600c, 
  0x600c, 0x600c, 0x600c, 0x600c, 0x600c, 0x600c, 0x600c, 0x600c, 0x600c, 0x600c, 0x600c, 0x600c, 
  0x600c, 0x600c, 0x600c, 0x600c, 0x600c, 0x600c, 0x600c, 0x600c, 0x600c, 0x600c, 0x600c, 0x600c, 
  0x600c, 0x600c, 0x600c, 0x600c, 0x600c, 0x600c, 0x600c, 0x600c, 0x600c, 0x600c, 0x600c, 0x600c, 
  0x600c, 0x600c, 0x600c, 0x600c, 0x600c, 0x600c, 0x600c, 0x600c, 0x600c, 0x600c, 0x600c, 0x600c, 
  0x600c, 0x600c, 0x600c, 0x600c, 0x600c, 0x600c, 0x600c, 0x600c, 0x600c, 0x600c, 0x600c, 0x600c, 
  0x600c, 0x600c, 0x600c, 0x600c, 0x600c, 0x600c, 0x600c, 0x600c, 0x600c, 0x4829, 0x4829, 0x4028, 
  0x2024, 0x1843, 0x2044, 0x600c, 0x600c, 0x600c, 0x600c, 0x600c, 0x600c, 0x600c, 0x600c, 0x600c, 
  0x600c, 0x600c, 0x600c, 0x600c, 0x600c, 0x600c, 0x600c, 0x600c, 0x600c, 0x600c, 0x600c, 0x600c, 
  0x600c, 0x600c, 0x600c, 0x600c, 0x600c, 0x600c, 0x600c, 0x600c, 0x600c, 0x600c, 0x600c, 0x600c, 
  0x600c, 0x600c, 0x600c, 0x600c, 0x600c, 0x600c, 0x600c, 0x600c, 0x600c, 0x600c, 0x600c, 0x600c, 
  0x600c, 0x600c, 0x600c, 0x600c, 0x600c, 0x600c, 0x600c, 0x600c, 0x600c, 0x600c, 0x600c, 0x600c, 
  0x600c, 0x600c, 0x600c, 0x600c, 0x600c, 0x600c, 0x600c, 0x600c, 0x600c, 0x600c, 0x600c, 0x600c, 
  0x600c, 0x600c, 0x4849, 0x4849, 0x4048, 0x2044, 0x1843, 0x2064, 0x600c, 0x600c, 0x600c, 0x600c, 
  0x600c, 0x600c, 0x600c, 0x600c, 0x600c, 0x600c, 0x600c, 0x600c, 0x600c, 0x600c, 0x600c, 0x600c, 
  0x600c, 0x600c, 0x600c, 0x600c, 0x600c, 0x600c, 0x600c, 0x600c, 0x600c, 0x600c, 0x600c, 0x600c, 
  0x600c, 0x600c, 0x600c, 0x600c, 0x600c, 0x600c, 0x600c, 0x600c, 0x600c, 0x600c, 0x600c, 0x600c, 
  0x600c, 0x600c, 0x600c, 0x600c, 0x600c, 0x600c, 0x600c, 0x600c, 0x600c, 0x600c, 0x600c, 0x600c, 
  0x600c, 0x600c, 0x600c, 0x600c, 0x600c, 0x600c, 0x600c, 0x600c, 0x600c, 0x600c, 0x600c, 0x600c, 
  0x600c, 0x600c, 0x600c, 0x600c, 0x600c, 0x600c, 0x600c, 0x58cb, 0x58cb, 0x50ca, 0x30e7, 0x28e6, 
  0x3948, 0x600c, 0x600c, 0x600c, 0x600c, 0x600c, 0x600c, 0x600c, 0x600c, 0x600c, 0x600c, 0x600c, 
  0x600c, 0x600c, 0x600c, 0x600c, 0x600c, 0x600c, 0x600c, 0x600c, 0x600c, 0x600c, 0x600c, 0x600c, 
  0x600c, 0x600c, 0x600c, 0x600c, 0x600c, 0x600c, 0x600c, 0x600c, 0x600c, 0x600c, 0x600c, 0x600c, 
  0x600c, 0x600c, 0x600c, 0x600c, 0x600c, 0x600c, 0x600c, 0x600c, 0x600c, 0x600c, 0x600c, 0x600c, 
  0x600c, 0x600c, 0x600c, 0x600c, 0x600c, 0x600c, 0x600c, 0x600c, 0x600c, 0x600c, 0x600c, 0x600c, 
  0x600c, 0x600c, 0x600c, 0x600c, 0x600c, 0x600c, 0x600c, 0x600c, 0x600c, 0x600c, 0x600c, 0x600c, 
  0x4849, 0x4849, 0x4048, 0x2044, 0x1843, 0x2064, 0x2064, 0x2064, 0x2064, 0x2064, 0x2064, 0x6a8d, 
  0x4168, 0x20a5, 0x2085, 0x2085, 0x2085, 0x20a5, 0x600c, 0x600c, 0x600c, 0x600c, 0x600c, 0x600c, 
  0x600c, 0x600c, 0x600c, 0x600c, 0x600c, 0x600c, 0x600c, 0x600c, 0x600c, 0x600c, 0x600c, 0x600c, 
  0x600c, 0x600c, 0x600c, 0x600c, 0x600c, 0x600c, 0x600c, 0x600c, 0x600c, 0x600c, 0x600c, 0x600c, 
  0x600c, 0x600c, 0x600c, 0x600c, 0x600c, 0x600c, 0x600c, 0x600c, 0x600c, 0x600c, 0x600c, 0x600c, 
  0x600c, 0x600c, 0x600c, 0x600c, 0x600c, 0x600c, 0x600c, 0x600c, 0x600c, 0x600c, 0x600c, 0x600c, 
  0x600c, 0x600c, 0x600c, 0x600c, 0x600c, 0x600c, 0x600c, 0x600c, 0x600c, 0x600c, 0x600c, 0x600c, 
  0x600c, 0x600c, 0x600c, 0x600c, 0x600c, 0x4829, 0x4829, 0x4028, 0x1824, 0x1843, 0x2044, 0x600c, 
  0x600c, 0x600c, 0x600c, 0x600c, 0x600c, 0x600c, 0x600c, 0x600c, 0x600c, 0x600c, 0x600c, 0x600c, 
  0x600c, 0x600c, 0x600c, 0x600c, 0x600c, 0x600c, 0x600c, 0x600c, 0x600c, 0x600c, 0x600c, 0x600c, 
  0x600c, 0x600c, 0x600c, 0x600c, 0x600c, 0x600c, 0x600c, 0x600c, 0x600c, 0x600c, 0x600c, 0x600c, 
  0x600c, 0x600c, 0x600c, 0x600c, 0x600c, 0x600c, 0x600c, 0x600c, 0x600c, 0x600c, 0x600c, 0x600c, 
  0x600c, 0x600c, 0x600c, 0x600c, 0x600c, 0x600c, 0x600c, 0x600c, 0x600c, 0x600c, 0x600c, 0x600c, 
  0x600c, 0x600c, 0x600c, 0x600c, 0x600c, 0x600c, 0x600c, 0x600c, 0x600c, 0x600c, 0x4849, 0x4849, 
  0x4048, 0x2044, 0x1843, 0x2064, 0x600c, 0x600c, 0x600c, 0x600c, 0x600c, 0x600c, 0x600c, 0x600c, 
  0x600c, 0x600c, 0x600c, 0x600c, 0x600c, 0x600c, 0x600c, 0x600c, 0x600c, 0x600c, 0x600c, 0x600c, 
  0x600c, 0x600c, 0x600c, 0x600c, 0x600c, 0x600c, 0x600c, 0x600c, 0x600c, 0x600c, 0x600c, 0x600c, 
  0x600c, 0x600c, 0x600c, 0x600c, 0x600c, 0x600c, 0x600c, 0x600c, 0x600c, 0x600c, 0x600c, 0x600c, 
  0x600c, 0x600c, 0x600c, 0x600c, 0x600c, 0x600c, 0x600c, 0x600c, 0x600c, 0x600c, 0x600c, 0x600c, 
  0x600c, 0x600c, 0x600c, 0x600c, 0x600c, 0x600c, 0x600c, 0x600c, 0x600c, 0x600c, 0x600c, 0x600c, 
  0x600c, 0x600c, 0x600c, 0x58cb, 0x58cb, 0x50ca, 0x30e6, 0x28e6, 0x3948, 0x600c, 0x600c, 0x600c, 
  0x600c, 0x600c, 0x600c, 0x600c, 0x600c, 0x600c, 0x600c, 0x600c, 0x600c, 0x600c, 0x600c, 0x600c, 
  0x600c, 0x600c, 0x600c, 0x600c, 0x600c, 0x600c, 0x600c, 0x600c, 0x600c, 0x600c, 0x600c, 0x600c, 
  0x600c, 0x600c, 0x600c, 0x600c, 0x600c, 0x600c, 0x600c, 0x600c, 0x600c, 0x600c, 0x600c, 0x600c, 
  0x600c, 0x600c, 0x600c, 0x600c, 0x600c, 0x600c, 0x600c, 0x600c, 0x600c, 0x600c, 0x600c, 0x600c, 
  0x600c, 0x600c, 0x600c, 0x600c, 0x600c, 0x600c, 0x600c, 0x600c, 0x600c, 0x600c, 0x600c, 0x600c, 
  0x600c, 0x600c, 0x600c, 0x600c, 0x600c, 0x600c, 0x600c, 0x600c, 0x4849, 0x4849, 0x4048, 0x2044, 
  0x1843, 0x2064, 0x2064, 0x2064, 0x2064, 0x2064, 0x2064, 0x6a8d, 0x3968, 0x28a5, 0x20a5, 0x2085, 
  0x20a5, 0x28a5, 0x600c, 0x600c, 0x600c, 0x600c, 0x600c, 0x600c, 0x600c, 0x600c, 0x600c, 0x600c, 
  0x600c, 0x600c, 0x600c, 0x600c, 0x600c, 0x600c, 0x600c, 0x600c, 0x600c, 0x600c, 0x600c, 0x600c, 
  0x600c, 0x600c, 0x600c, 0x600c, 0x600c, 0x600c, 0x600c, 0x600c, 0x600c, 0x600c, 0x600c, 0x600c, 
  0x600c, 0x600c, 0x600c, 0x600c, 0x600c, 0x600c, 0x600c, 0x600c, 0x600c, 0x600c, 0x600c, 0x600c, 
  0x600c, 0x600c, 0x600c, 0x600c, 0x600c, 0x600c, 0x600c, 0x600c, 0x600c, 0x600c, 0x600c, 0x600c, 
  0x600c, 0x600c, 0x600c, 0x600c, 0x600c, 0x600c, 0x600c, 0x600c, 0x600c, 0x600c, 0x600c, 0x600c, 
  0x600c, 0x4829, 0x4829, 0x4028, 0x2024, 0x1843, 0x2044, 0x600c, 0x600c, 0x600c, 0x600c, 0x600c, 
  0x600c, 0x600c, 0x600c, 0x600c, 0x600c, 0x600c, 0x600c, 0x600c, 0x600c, 0x600c, 0x600c, 0x600c, 
  0x600c, 0x600c, 0x600c, 0x600c, 0x600c, 0x600c, 0x600c, 0x600c, 0x600c, 0x600c, 0x600c, 0x600c, 
  0x600c, 0x600c, 0x600c, 0x600c, 0x600c, 0x600c, 0x600c, 0x600c, 0x600c, 0x600c, 0x600c, 0x600c, 
  0x600c, 0x600c, 0x600c, 0x600c, 0x600c, 0x600c, 0x600c, 0x600c, 0x600c, 0x600c, 0x600c, 0x600c, 
  0x600c, 0x600c, 0x600c, 0x600c, 0x600c, 0x600c, 0x600c, 0x600c, 0x600c, 0x600c, 0x600c, 0x600c, 
  0x600c, 0x600c, 0x600c, 0x600c, 0x600c, 0x600c, 0x4849, 0x4849, 0x4048, 0x2044, 0x1843, 0x2064, 
  0x600c, 0x600c, 0x600c, 0x600c, 0x600c, 0x600c, 0x600c, 0x600c, 0x600c, 0x600c, 0x600c, 0x600c, 
  0x600c, 0x600c, 0x600c, 0x600c, 0x600c, 0x600c, 0x600c, 0x600c, 0x600c, 0x600c, 0x600c, 0x600c, 
  0x600c, 0x600c, 0x600c, 0x600c, 0x600c, 0x600c, 0x600c, 0x600c, 0x600c, 0x600c, 0x600c, 0x600c, 
  0x600c, 0x600c, 0x600c, 0x600c, 0x600c, 0x600c, 0x600c, 0x600c, 0x600c, 0x600c, 0x600c, 0x600c, 
  0x600c, 0x600c, 0x600c, 0x600c, 0x600c, 0x600c, 0x600c, 0x600c, 0x600c, 0x600c, 0x600c, 0x600c, 
  0x600c, 0x600c, 0x600c, 0x600c, 0x600c, 0x600c, 0x600c, 0x600c, 0x600c, 0x600c, 0x600c, 0x58cb, 
  0x58cb, 0x50ca, 0x30e7, 0x28e6, 0x3948, 0x600c, 0x600c, 0x600c, 0x600c, 0x600c, 0x600c, 0x600c, 
  0x600c, 0x600c, 0x600c, 0x600c, 0x600c, 0x600c, 0x600c, 0x600c, 0x600c, 0x600c, 0x600c, 0x600c, 
  0x600c, 0x600c, 0x600c, 0x600c, 0x600c, 0x600c, 0x600c, 0x600c, 0x600c, 0x600c, 0x600c, 0x600c, 
  0x600c, 0x600c, 0x600c, 0x600c, 0x600c, 0x600c, 0x600c, 0x600c, 0x600c, 0x600c, 0x600c, 0x600c, 
  0x600c, 0x600c, 0x600c, 0x600c, 0x600c, 0x600c, 0x600c, 0x600c, 0x600c, 0x600c, 0x600c, 0x600c, 
  0x600c, 0x600c, 0x600c, 0x600c, 0x600c, 0x600c, 0x600c, 0x600c, 0x600c, 0x600c, 0x600c, 0x600c, 
  0x600c, 0x600c, 0x600c, 0x600c, 0x4849, 0x4849, 0x4048, 0x2044, 0x1843, 0x2064, 0x2064, 0x2064, 
  0x2064, 0x2064, 0x2064, 0x6a8d, 0x3948, 0x28a5, 0x20a5, 0x20a5, 0x20a5, 0x28a5, 0x600c, 0x600c, 
  0x600c, 0x600c, 0x600c, 0x600c, 0x600c, 0x600c, 0x600c, 0x600c, 0x600c, 0x600c, 0x600c, 0x600c, 
  0x600c, 0x600c, 0x600c, 0x600c, 0x600c, 0x600c, 0x600c, 0x600c, 0x600c, 0x600c, 0x600c, 0x600c, 
  0x600c, 0x600c, 0x600c, 0x600c, 0x600c, 0x600c, 0x600c, 0x600c, 0x600c, 0x600c, 0x600c, 0x600c, 
  0x600c, 0x600c, 0x600c, 0x600c, 0x600c, 0x600c, 0x600c, 0x600c, 0x600c, 0x600c, 0x600c, 0x600c, 
  0x600c, 0x600c, 0x600c, 0x600c, 0x600c, 0x600c, 0x600c, 0x600c, 0x600c, 0x600c, 0x600c, 0x600c, 
  0x600c, 0x600c, 0x600c, 0x600c, 0x600c, 0x600c, 0x600c, 0x600c, 0x600c, 0x4829, 0x4829, 0x4028, 
  0x2024, 0x1843, 0x2044, 0x600c, 0x600c, 0x600c, 0x600c, 0x600c, 0x600c, 0x600c, 0x600c, 0x600c, 
  0x600c, 0x600c, 0x600c, 0x600c, 0x600b, 0x600c, 0x600b, 0x600c, 0x600c, 0x600c, 0x600c, 0x600c, 
  0x600c, 0x600c, 0x600c, 0x600c, 0x600c, 0x600c, 0x600c, 0x600c, 0x600c, 0x600c, 0x600c, 0x600c, 
  0x600c, 0x600c, 0x600c, 0x600c, 0x600c, 0x600c, 0x600c, 0x600c, 0x600c, 0x600c, 0x600c, 0x600c, 
  0x600c, 0x600c, 0x600c, 0x600c, 0x600c, 0x600c, 0x600c, 0x600c, 0x600c, 0x600c, 0x600c, 0x600c, 
  0x600c, 0x600c, 0x600c, 0x600c, 0x600c, 0x600c, 0x600c, 0x600c, 0x600c, 0x600c, 0x600c, 0x600c, 
  0x600c, 0x600c, 0x4849, 0x4849, 0x4048, 0x2044, 0x1843, 0x2064, 0x600c, 0x600c, 0x600c, 0x600c, 
  0x600c, 0x600c, 0x600c, 0x600c, 0x600c, 0x600c, 0x600c, 0x600c, 0x600c, 0x600c, 0x600c, 0x600c, 
  0x600c, 0x600c, 0x600c, 0x600c, 0x600c, 0x600c, 0x600c, 0x600c, 0x600c, 0x600c, 0x600c, 0x600c, 
  0x600c, 0x600c, 0x600c, 0x600c, 0x600c, 0x600c, 0x600c, 0x600c, 0x600c, 0x600c, 0x600c, 0x600c, 
  0x600c, 0x600c, 0x600c, 0x600c, 0x600c, 0x600c, 0x600c, 0x600c, 0x600c, 0x600c, 0x600c, 0x600c, 
  0x600c, 0x600c, 0x600c, 0x600c, 0x600c, 0x600c, 0x600c, 0x600c, 0x600c, 0x600c, 0x600c, 0x600c, 
  0x600c, 0x600c, 0x600c, 0x600c, 0x600c, 0x600c, 0x600c, 0x58cb, 0x58cb, 0x50ca, 0x30e6, 0x28e6, 
  0x3948, 0x600c, 0x600c, 0x600c, 0x600c, 0x600c, 0x600c, 0x600c, 0x600c, 0x600c, 0x600c, 0x600c, 
  0x600c, 0x600c, 0x600c, 0x600c, 0x600c, 0x600c, 0x600c, 0x600c, 0x600c, 0x600c, 0x600c, 0x600c, 
  0x600c, 0x600c, 0x600c, 0x600c, 0x600c, 0x600c, 0x600c, 0x600c, 0x600c, 0x600c, 0x600c, 0x600c, 
  0x600c, 0x600c, 0x600c, 0x600c, 0x600c, 0x600c, 0x600c, 0x600c, 0x600c, 0x600c, 0x600c, 0x600c, 
  0x600c, 0x600c, 0x600c, 0x600c, 0x600c, 0x600c, 0x600c, 0x600c, 0x600c, 0x600c, 0x600c, 0x600c, 
  0x600c, 0x600c, 0x600c, 0x600c, 0x600c, 0x600c, 0x600c, 0x600c, 0x600c, 0x600c, 0x600c, 0x600c, 
  0x4849, 0x4849, 0x4048, 0x2044, 0x1843, 0x2064, 0x2064, 0x2064, 0x2064, 0x2064, 0x2064, 0x6a8d, 
  0x3948, 0x28a5, 0x20a5, 0x20a5, 0x20a5, 0x28a5, 0x600c, 0x600c, 0x600c, 0x600c, 0x600c, 0x600b, 
  0x600c, 0x600c, 0x600c, 0x600b, 0x600b, 0x600c, 0x600c, 0x600c, 0x600c, 0x600b, 0x600b, 0x600c, 
  0x600b, 0x600c, 0x600c, 0x600c, 0x600c, 0x600c, 0x600c, 0x600c, 0x600c, 0x600c, 0x600c, 0x600c, 
  0x600c, 0x600c, 0x600c, 0x600b, 0x600c, 0x600c, 0x600b, 0x600c, 0x600b, 0x600c, 0x600c, 0x600c, 
  0x600c, 0x600c, 0x600c, 0x600c, 0x600b, 0x600b, 0x600c, 0x600c, 0x600c, 0x600c, 0x600c, 0x600c, 
  0x600c, 0x600c, 0x600b, 0x600b, 0x600c, 0x600b, 0x600b, 0x600c, 0x600b, 0x600c, 0x600c, 0x600c, 
  0x600c, 0x600c, 0x600c, 0x600c, 0x600c, 0x4849, 0x4829, 0x4028, 0x2024, 0x1823, 0x2044, 0x600b, 
  0x600c, 0x600c, 0x600c, 0x600c, 0x600c, 0x600c, 0x600c, 0x600c, 0x600c, 0x600c, 0x600c, 0x600c, 
  0x600c, 0x600c, 0x600c, 0x600b, 0x600c, 0x600b, 0x600c, 0x600c, 0x600c, 0x600b, 0x600c, 0x600c, 
  0x600b, 0x600c, 0x600c, 0x600c, 0x600c, 0x600c, 0x600c, 0x600b, 0x600b, 0x600c, 0x600c, 0x600c, 
  0x600c, 0x600c, 0x600c, 0x600c, 0x600c, 0x600c, 0x600c, 0x600c, 0x600c, 0x600c, 0x600c, 0x600c, 
  0x600c, 0x600c, 0x600c, 0x600c, 0x600c, 0x600c, 0x600b, 0x600c, 0x600c, 0x600c, 0x600c, 0x600c, 
  0x600c, 0x600c, 0x600b, 0x600c, 0x600b, 0x600c, 0x600c, 0x600c, 0x600c, 0x600c, 0x4849, 0x4849, 
  0x4048, 0x2044, 0x1843, 0x2064, 0x600c, 0x600c, 0x600b, 0x600c, 0x600c, 0x600c, 0x600c, 0x600c, 
  0x600c, 0x600c, 0x600b, 0x600b, 0x600b, 0x600c, 0x600c, 0x600b, 0x600c, 0x600c, 0x600c, 0x600c, 
  0x600c, 0x600c, 0x600c, 0x600c, 0x600c, 0x600c, 0x600c, 0x600c, 0x600c, 0x600c, 0x600c, 0x600b, 
  0x600c, 0x600c, 0x600b, 0x600b, 0x600c, 0x600c, 0x600c, 0x600c, 0x600c, 0x600c, 0x600c, 0x600b, 
  0x600c, 0x600b, 0x600c, 0x600c, 0x600b, 0x600c, 0x600c, 0x600c, 0x600c, 0x600c, 0x600c, 0x600c, 
  0x600b, 0x600c, 0x600c, 0x600c, 0x600c, 0x600c, 0x600c, 0x600c, 0x600c, 0x600c, 0x600c, 0x600c, 
  0x600c, 0x600c, 0x600c, 0x58cb, 0x58cb, 0x50ca, 0x30e6, 0x28e6, 0x3948, 0x600b, 0x600c, 0x600c, 
  0x600c, 0x600c, 0x600c, 0x600c, 0x600c, 0x600c, 0x600c, 0x600c, 0x600c, 0x600c, 0x600c, 0x600c, 
  0x600c, 0x600c, 0x600c, 0x600c, 0x600c, 0x600c, 0x600c, 0x600c, 0x600c, 0x600c, 0x600c, 0x600c, 
  0x600c, 0x600c, 0x600c, 0x600b, 0x600c, 0x600c, 0x600c, 0x600b, 0x600b, 0x600c, 0x600c, 0x600c, 
  0x600c, 0x600b, 0x600b, 0x600c, 0x600b, 0x600c, 0x600c, 0x600c, 0x600c, 0x600c, 0x600c, 0x600c, 
  0x600c, 0x600c, 0x600c, 0x600c, 0x600c, 0x600c, 0x600c, 0x600b, 0x600c, 0x600c, 0x600b, 0x600c, 
  0x600b, 0x600c, 0x600c, 0x600c, 0x600c, 0x600c, 0x600c, 0x600c, 0x4849, 0x4849, 0x4048, 0x2044, 
  0x1843, 0x2044, 0x2064, 0x2064, 0x2064, 0x2064, 0x2044, 0x6a8d, 0x3948, 0x2085, 0x2085, 0x2085, 
  0x2085, 0x2085, 0x600b, 0x600b, 0x600b, 0x600b, 0x600b, 0x600b, 0x600b, 0x600b, 0x600b, 0x600c, 
  0x600b, 0x600b, 0x600b, 0x600b, 0x600c, 0x600b, 0x600b, 0x600b, 0x600c, 0x600b, 0x600b, 0x600b, 
  0x600b, 0x600b, 0x600c, 0x600b, 0x600c, 0x600b, 0x600b, 0x600c, 0x600c, 0x600b, 0x600c, 0x600c, 
  0x600b, 0x600b, 0x600b, 0x600b, 0x600b, 0x600b, 0x600b, 0x600c, 0x600b, 0x600b, 0x600b, 0x600b, 
  0x600b, 0x600b, 0x600b, 0x600b, 0x600b, 0x600b, 0x600b, 0x600b, 0x600b, 0x600b, 0x600b, 0x600b, 
  0x600b, 0x600b, 0x600b, 0x600c, 0x600c, 0x600c, 0x600b, 0x600b, 0x600b, 0x600b, 0x600b, 0x600b, 
  0x600b, 0x4829, 0x4829, 0x4028, 0x2024, 0x1823, 0x2044, 0x600b, 0x600b, 0x600b, 0x600b, 0x600b, 
  0x600c, 0x600b, 0x600b, 0x600b, 0x600b, 0x600c, 0x600b, 0x600b, 0x600b, 0x600b, 0x600c, 0x600c, 
  0x600b, 0x600b, 0x600b, 0x600b, 0x600b, 0x600b, 0x600b, 0x600b, 0x600b, 0x600b, 0x600b, 0x600c, 
  0x600b, 0x600b, 0x600c, 0x600b, 0x600b, 0x600b, 0x600b, 0x600b, 0x600c, 0x600b, 0x600b, 0x600b, 
  0x600c, 0x600b, 0x600b, 0x600b, 0x600b, 0x600b, 0x600c, 0x600b, 0x600b, 0x600b, 0x600b, 0x600c, 
  0x600c, 0x600b, 0x600b, 0x600c, 0x600b, 0x600c, 0x600b, 0x600b, 0x600b, 0x600b, 0x600b, 0x600c, 
  0x600b, 0x600b, 0x600c, 0x600b, 0x600b, 0x600b, 0x4849, 0x4849, 0x4048, 0x2044, 0x1843, 0x2044, 
  0x600b, 0x600b, 0x600b, 0x600c, 0x600b, 0x600b, 0x600b, 0x600b, 0x600b, 0x600c, 0x600b, 0x600b, 
  0x600b, 0x600b, 0x600c, 0x600b, 0x600b, 0x600b, 0x600b, 0x600c, 0x600b, 0x600c, 0x600b, 0x600c, 
  0x600b, 0x600b, 0x600c, 0x600b, 0x600b, 0x600b, 0x600c, 0x600b, 0x600b, 0x600b, 0x600b, 0x600b, 
  0x600b, 0x600b, 0x600b, 0x600b, 0x600b, 0x600c, 0x600b, 0x600b, 0x600b, 0x600b, 0x600b, 0x600b, 
  0x600c, 0x600c, 0x600b, 0x600b, 0x600b, 0x600b, 0x600c, 0x600b, 0x600b, 0x600c, 0x600b, 0x600c, 
  0x600b, 0x600c, 0x600c, 0x600b, 0x600b, 0x600b, 0x600b, 0x600c, 0x600c, 0x600b, 0x600c, 0x58cb, 
  0x58cb, 0x50ca, 0x30e6, 0x28e6, 0x3948, 0x600c, 0x600b, 0x600c, 0x600c, 0x600b, 0x600c, 0x600c, 
  0x600b, 0x600b, 0x600c, 0x600b, 0x600b, 0x600b, 0x600c, 0x600b, 0x600c, 0x600b, 0x600b, 0x600c, 
  0x600b, 0x600b, 0x600b, 0x600b, 0x600c, 0x600c, 0x600b, 0x600c, 0x600b, 0x600b, 0x600b, 0x600b, 
  0x600b, 0x600b, 0x600b, 0x600c, 0x600b, 0x600b, 0x600b, 0x600b, 0x600c, 0x600b, 0x600b, 0x600b, 
  0x600c, 0x600b, 0x600b, 0x600b, 0x600b, 0x600b, 0x600c, 0x600b, 0x600c, 0x600b, 0x600b, 0x600c, 
  0x600c, 0x600b, 0x600c, 0x600c, 0x600b, 0x600b, 0x600b, 0x600b, 0x600b, 0x600b, 0x600b, 0x600c, 
  0x600b, 0x600b, 0x600b, 0x600b, 0x4849, 0x4849, 0x4048, 0x2044, 0x1843, 0x2044, 0x2044, 0x2044, 
  0x2044, 0x2044, 0x2044, 0x628d, 0x3948, 0x2085, 0x2085, 0x2085, 0x2085, 0x2085, 0x600b, 0x600b, 
  0x600b, 0x600b, 0x600b, 0x600b, 0x600b, 0x600b, 0x600b, 0x600b, 0x600b, 0x600b, 0x600b, 0x600b, 
  0x600b, 0x600b, 0x600b, 0x600b, 0x600b, 0x600b, 0x600b, 0x600b, 0x600b, 0x600b, 0x600b, 0x600b, 
  0x600b, 0x600b, 0x600b, 0x600b, 0x600b, 0x600b, 0x600b, 0x600b, 0x600b, 0x600b, 0x600b, 0x600b, 
  0x600b, 0x600b, 0x600b, 0x600b, 0x600b, 0x600b, 0x600b, 0x600b, 0x600b, 0x600b, 0x600b, 0x600b, 
  0x600b, 0x600b, 0x600b, 0x600b, 0x600b, 0x600b, 0x600b, 0x600b, 0x600b, 0x600b, 0x600b, 0x600b, 
  0x600b, 0x600b, 0x600b, 0x600b, 0x600b, 0x600b, 0x600b, 0x600b, 0x600b, 0x4829, 0x4829, 0x4028, 
  0x2024, 0x1823, 0x2044, 0x600b, 0x600b, 0x600b, 0x600b, 0x600b, 0x600b, 0x600b, 0x600b, 0x600b, 
  0x600b, 0x600b, 0x600b, 0x600b, 0x600b, 0x600b, 0x600b, 0x600b, 0x600b, 0x600b, 0x600b, 0x600b, 
  0x600b, 0x600b, 0x600b, 0x600b, 0x600b, 0x600b, 0x600b, 0x600b, 0x600b, 0x600b, 0x600b, 0x600b, 
  0x600b, 0x600b, 0x600b, 0x600b, 0x600b, 0x600b, 0x600b, 0x600b, 0x600b, 0x600b, 0x600b, 0x600b, 
  0x600b, 0x600b, 0x600b, 0x600b, 0x600b, 0x600b, 0x600b, 0x600b, 0x600b, 0x600b, 0x600b, 0x600b, 
  0x600b, 0x600b, 0x600b, 0x600b, 0x600b, 0x600b, 0x600b, 0x600b, 0x600b, 0x600b, 0x600b, 0x600b, 
  0x600b, 0x600b, 0x4849, 0x4849, 0x4048, 0x2044, 0x1843, 0x2044, 0x600b, 0x600b, 0x600b, 0x600b, 
  0x600b, 0x600b, 0x600b, 0x600b, 0x600b, 0x600b, 0x600b, 0x600b, 0x600b, 0x600b, 0x600b, 0x600b, 
  0x600b, 0x600b, 0x600b, 0x600b, 0x600b, 0x600b, 0x600b, 0x600b, 0x600b, 0x600b, 0x600b, 0x600b, 
  0x600b, 0x600b, 0x600b, 0x600b, 0x600b, 0x600b, 0x600b, 0x600b, 0x600b, 0x600b, 0x600b, 0x600b, 
  0x600b, 0x600b, 0x600b, 0x600b, 0x600b, 0x600b, 0x600b, 0x600b, 0x600b, 0x600b, 0x600b, 0x600b, 
  0x600b, 0x600b, 0x600b, 0x600b, 0x600b, 0x600b, 0x600b, 0x600b, 0x600b, 0x600b, 0x600b, 0x600b, 
  0x600b, 0x600b, 0x600b, 0x600b, 0x600b, 0x600b, 0x600b, 0x58cb, 0x58cb, 0x50ca, 0x30e6, 0x28e6, 
  0x3948, 0x600b, 0x600b, 0x600b, 0x600b, 0x600b, 0x600b, 0x600b, 0x600b, 0x600b, 0x600b, 0x600b, 
  0x600b, 0x600b, 0x600b, 0x600b, 0x600b, 0x600b, 0x600b, 0x600b, 0x600b, 0x600b, 0x600b, 0x600b, 
  0x600b, 0x600b, 0x600b, 0x600b, 0x600b, 0x600b, 0x600b, 0x600b, 0x600b, 0x600b, 0x600b, 0x600b, 
  0x600b, 0x600b, 0x600b, 0x600b, 0x600b, 0x600b, 0x600b, 0x600b, 0x600b, 0x600b, 0x600b, 0x600b, 
  0x600b, 0x600b, 0x600b, 0x600b, 0x600b, 0x600b, 0x600b, 0x600b, 0x600b, 0x600b, 0x600b, 0x600b, 
  0x600b, 0x600b, 0x600b, 0x600b, 0x600b, 0x600b, 0x600b, 0x600b, 0x600b, 0x600b, 0x600b, 0x600b, 
  0x4849, 0x4849, 0x4048, 0x2044, 0x1843, 0x2044, 0x2044, 0x2044, 0x2044, 0x2044, 0x2044, 0x628d, 
  0x3927, 0x2064, 0x2084, 0x2084, 0x2084, 0x2064, 0x600b, 0x600b, 0x600b, 0x600b, 0x600b, 0x600b, 
  0x600b, 0x600b, 0x600b, 0x600b, 0x600b, 0x600b, 0x600b, 0x600b, 0x600b, 0x600b, 0x600b, 0x600b, 
  0x600b, 0x600b, 0x600b, 0x600b, 0x600b, 0x600b, 0x600b, 0x600b, 0x600b, 0x600b, 0x600b, 0x600b, 
  0x600b, 0x600b, 0x600b, 0x600b, 0x600b, 0x600b, 0x600b, 0x600b, 0x600b, 0x600b, 0x600b, 0x600b, 
  0x600b, 0x600b, 0x600b, 0x600b, 0x600b, 0x600b, 0x600b, 0x600b, 0x600b, 0x600b, 0x600b, 0x600b, 
  0x600b, 0x600b, 0x600b, 0x600b, 0x600b, 0x600b, 0x600b, 0x600b, 0x600b, 0x600b, 0x600b, 0x600b, 
  0x600b, 0x600b, 0x600b, 0x600b, 0x600b, 0x4829, 0x4829, 0x4028, 0x2024, 0x1823, 0x2044, 0x600b, 
  0x600b, 0x600b, 0x600b, 0x600b, 0x600b, 0x600b, 0x600b, 0x600b, 0x600b, 0x600b, 0x600b, 0x600b, 
  0x600b, 0x600b, 0x600b, 0x600b, 0x600b, 0x600b, 0x600b, 0x600b, 0x600b, 0x600b, 0x600b, 0x600b, 
  0x600b, 0x600b, 0x600b, 0x600b, 0x600b, 0x600b, 0x600b, 0x600b, 0x600b, 0x600b, 0x600b, 0x600b, 
  0x600b, 0x600b, 0x600b, 0x600b, 0x600b, 0x600b, 0x600b, 0x600b, 0x600b, 0x600b, 0x600b, 0x600b, 
  0x600b, 0x600b, 0x600b, 0x600b, 0x600b, 0x600b, 0x600b, 0x600b, 0x600b, 0x600b, 0x600b, 0x600b, 
  0x600b, 0x600b, 0x600b, 0x600b, 0x600b, 0x600b, 0x600b, 0x600b, 0x600b, 0x600b, 0x4849, 0x4849, 
  0x4048, 0x2044, 0x1843, 0x2044, 0x600b, 0x600b, 0x600b, 0x600b, 0x600b, 0x600b, 0x600b, 0x600b, 
  0x600b, 0x600b, 0x600b, 0x600b, 0x600b, 0x600b, 0x600b, 0x600b, 0x600b, 0x600b, 0x600b, 0x600b, 
  0x600b, 0x600b, 0x600b, 0x600b, 0x600b, 0x600b, 0x600b, 0x600b, 0x600b, 0x600b, 0x600b, 0x600b, 
  0x600b, 0x600b, 0x600b, 0x600b, 0x600b, 0x600b, 0x600b, 0x600b, 0x600b, 0x600b, 0x600b, 0x600b, 
  0x600b, 0x600b, 0x600b, 0x600b, 0x600b, 0x600b, 0x600b, 0x600b, 0x600b, 0x600b, 0x600b, 0x600b, 
  0x600b, 0x600b, 0x600b, 0x600b, 0x600b, 0x600b, 0x600b, 0x600b, 0x600b, 0x600b, 0x600b, 0x600b, 
  0x600b, 0x600b, 0x600b, 0x58cb, 0x58cb, 0x50ca, 0x30e6, 0x28e6, 0x3927, 0x600b, 0x600b, 0x600b, 
  0x600b, 0x600b, 0x600b, 0x600b, 0x600b, 0x600b, 0x600b, 0x600b, 0x600b, 0x600b, 0x600b, 0x600b, 
  0x600b, 0x600b, 0x600b, 0x600b, 0x600b, 0x600b, 0x600b, 0x600b, 0x600b, 0x600b, 0x600b, 0x600b, 
  0x600b, 0x600b, 0x600b, 0x600b, 0x600b, 0x600b, 0x600b, 0x600b, 0x600b, 0x600b, 0x600b, 0x600b, 
  0x600b, 0x600b, 0x600b, 0x600b, 0x600b, 0x600b, 0x600b, 0x600b, 0x600b, 0x600b, 0x600b, 0x600b, 
  0x600b, 0x600b, 0x600b, 0x600b, 0x600b, 0x600b, 0x600b, 0x600b, 0x600b, 0x600b, 0x600b, 0x600b, 
  0x600b, 0x600b, 0x600b, 0x600b, 0x600b, 0x600b, 0x600b, 0x600b, 0x4849, 0x4849, 0x4048, 0x2044, 
  0x1843, 0x2044, 0x2044, 0x2044, 0x2044, 0x2044, 0x2044, 0x628d, 0x3927, 0x2064, 0x2064, 0x2064, 
  0x2064, 0x2064, 0x600b, 0x600b, 0x600b, 0x600b, 0x600b, 0x600b, 0x600b, 0x600b, 0x600b, 0x600b, 
  0x600b, 0x600b, 0x600b, 0x600b, 0x600b, 0x600b, 0x600b, 0x600b, 0x600b, 0x600b, 0x600b, 0x600b, 
  0x600b, 0x600b, 0x600b, 0x600b, 0x600b, 0x600b, 0x600b, 0x600b, 0x600b, 0x600b, 0x600b, 0x600b, 
  0x600b, 0x600b, 0x600b, 0x600b, 0x600b, 0x600b, 0x600b, 0x600b, 0x600b, 0x600b, 0x600b, 0x600b, 
  0x600b, 0x600b, 0x600b, 0x600b, 0x600b, 0x600b, 0x600b, 0x600b, 0x600b, 0x600b, 0x600b, 0x600b, 
  0x600b, 0x600b, 0x600b, 0x600b, 0x600b, 0x600b, 0x600b, 0x600b, 0x600b, 0x600b, 0x600b, 0x600b, 
  0x600b, 0x4829, 0x4829, 0x4048, 0x2024, 0x1823, 0x2044, 0x600b, 0x600b, 0x600b, 0x600b, 0x600b, 
  0x600b, 0x600b, 0x600b, 0x600b, 0x600b, 0x600b, 0x600b, 0x600b, 0x600b, 0x600b, 0x600b, 0x600b, 
  0x600b, 0x600b, 0x600b, 0x600b, 0x600b, 0x600b, 0x600b, 0x600b, 0x600b, 0x600b, 0x600b, 0x600b, 
  0x600b, 0x600b, 0x600b, 0x600b, 0x600b, 0x600b, 0x600b, 0x600b, 0x600b, 0x600b, 0x600b, 0x600b, 
  0x600b, 0x600b, 0x600b, 0x600b, 0x600b, 0x600b, 0x600b, 0x600b, 0x600b, 0x600b, 0x600b, 0x600b, 
  0x600b, 0x600b, 0x600b, 0x600b, 0x600b, 0x600b, 0x600b, 0x600b, 0x600b, 0x600b, 0x600b, 0x600b, 
  0x600b, 0x600b, 0x600b, 0x600b, 0x600b, 0x600b, 0x4849, 0x4849, 0x4048, 0x2024, 0x1023, 0x1844, 
  0x600b, 0x600b, 0x600b, 0x600b, 0x600b, 0x600b, 0x600b, 0x600b, 0x600b, 0x600b, 0x600b, 0x600b, 
  0x600b, 0x600b, 0x600b, 0x600b, 0x600b, 0x600b, 0x600b, 0x600b, 0x600b, 0x600b, 0x600b, 0x600b, 
  0x600b, 0x600b, 0x600b, 0x600b, 0x600b, 0x600b, 0x600b, 0x600b, 0x600b, 0x600b, 0x600b, 0x600b, 
  0x600b, 0x600b, 0x600b, 0x600b, 0x600b, 0x600b, 0x600b, 0x600b, 0x600b, 0x600b, 0x600b, 0x600b, 
  0x600b, 0x600b, 0x600b, 0x600b, 0x600b, 0x600b, 0x600b, 0x600b, 0x600b, 0x600b, 0x600b, 0x600b, 
  0x600b, 0x600b, 0x600b, 0x600b, 0x600b, 0x600b, 0x600b, 0x600b, 0x600b, 0x600b, 0x600b, 0x58cb, 
  0x58cb, 0x50ca, 0x30e6, 0x28e5, 0x3927, 0x600b, 0x600b, 0x600b, 0x600b, 0x600b, 0x600b, 0x600b, 
  0x600b, 0x600b, 0x600b, 0x600b, 0x600b, 0x600b, 0x600b, 0x600b, 0x600b, 0x600b, 0x600b, 0x600b, 
  0x600b, 0x600b, 0x600b, 0x600b, 0x600b, 0x600b, 0x600b, 0x600b, 0x600b, 0x600b, 0x600b, 0x600b, 
  0x600b, 0x600b, 0x600b, 0x600b, 0x600b, 0x600b, 0x600b, 0x600b, 0x600b, 0x600b, 0x600b, 0x600b, 
  0x600b, 0x600b, 0x600b, 0x600b, 0x600b, 0x600b, 0x600b, 0x600b, 0x600b, 0x600b, 0x600b, 0x600b, 
  0x600b, 0x600b, 0x600b, 0x600b, 0x600b, 0x600b, 0x600b, 0x600b, 0x600b, 0x600b, 0x600b, 0x600b, 
  0x600b, 0x600b, 0x600b, 0x600b, 0x4849, 0x4849, 0x4048, 0x2044, 0x1843, 0x2044, 0x2044, 0x2044, 
  0x2044, 0x2044, 0x2044, 0x628d, 0x3927, 0x1844, 0x2044, 0x2064, 0x2064, 0x2044, 0x600b, 0x600b, 
  0x600b, 0x600b, 0x600b, 0x600b, 0x600b, 0x600b, 0x600b, 0x600b, 0x600b, 0x600b, 0x600b, 0x600b, 
  0x600b, 0x600b, 0x600b, 0x600b, 0x600b, 0x600b, 0x600b, 0x600b, 0x600b, 0x600b, 0x600b, 0x600b, 
  0x600b, 0x600b, 0x600b, 0x600b, 0x600b, 0x600b, 0x600b, 0x600b, 0x600b, 0x600b, 0x600b, 0x600b, 
  0x600b, 0x600b, 0x600b, 0x600b, 0x600b, 0x600b, 0x600b, 0x600b, 0x600b, 0x600b, 0x600b, 0x600b, 
  0x600b, 0x600b, 0x600b, 0x600b, 0x600b, 0x600b, 0x600b, 0x600b, 0x600b, 0x600b, 0x600b, 0x600b, 
  0x600b, 0x600b, 0x600b, 0x600b, 0x600b, 0x600b, 0x600b, 0x600b, 0x600b, 0x4829, 0x4829, 0x4028, 
  0x2024, 0x1823, 0x2044, 0x600b, 0x600b, 0x600b, 0x600b, 0x600b, 0x600b, 0x600b, 0x600b, 0x600b, 
  0x600b, 0x600b, 0x600b, 0x600b, 0x600b, 0x600b, 0x600b, 0x600b, 0x600b, 0x600b, 0x600b, 0x600b, 
  0x600b, 0x600b, 0x600b, 0x600b, 0x600b, 0x600b, 0x600b, 0x600b, 0x600b, 0x600b, 0x600b, 0x600b, 
  0x600b, 0x600b, 0x600b, 0x600b, 0x600b, 0x600b, 0x600b, 0x600b, 0x600b, 0x600b, 0x600b, 0x600b, 
  0x600b, 0x600b, 0x600b, 0x600b, 0x600b, 0x600b, 0x600b, 0x600b, 0x600b, 0x600b, 0x600b, 0x600b, 
  0x600b, 0x600b, 0x600b, 0x600b, 0x600b, 0x600b, 0x600b, 0x600b, 0x600b, 0x600b, 0x600b, 0x600b, 
  0x600b, 0x600b, 0x4849, 0x4849, 0x4028, 0x2024, 0x1023, 0x1844, 0x600b, 0x600b, 0x600b, 0x600b, 
  0x600b, 0x600b, 0x600b, 0x600b, 0x600b, 0x600b, 0x600b, 0x600b, 0x600b, 0x600b, 0x600b, 0x600b, 
  0x600b, 0x600b, 0x600b, 0x600b, 0x600b, 0x600b, 0x600b, 0x600b, 0x600b, 0x600b, 0x600b, 0x600b, 
  0x600b, 0x600b, 0x600b, 0x600b, 0x600b, 0x600b, 0x600b, 0x600b, 0x600b, 0x600b, 0x600b, 0x600b, 
  0x600b, 0x600b, 0x600b, 0x600b, 0x600b, 0x600b, 0x600b, 0x600b, 0x600b, 0x600b, 0x600b, 0x600b, 
  0x600b, 0x600b, 0x600b, 0x600b, 0x600b, 0x600b, 0x600b, 0x600b, 0x600b, 0x600b, 0x600b, 0x600b, 
  0x600b, 0x600b, 0x600b, 0x600b, 0x600b, 0x600b, 0x600b, 0x58cb, 0x58cb, 0x50ca, 0x30e6, 0x28e5, 
  0x3927, 0x600b, 0x600b, 0x600b, 0x600b, 0x600b, 0x600b, 0x600b, 0x600b, 0x600b, 0x600b, 0x600b, 
  0x600b, 0x600b, 0x600b, 0x600b, 0x600b, 0x600b, 0x600b, 0x600b, 0x600b, 0x600b, 0x600b, 0x600b, 
  0x600b, 0x600b, 0x600b, 0x600b, 0x600b, 0x600b, 0x600b, 0x600b, 0x600b, 0x600b, 0x600b, 0x600b, 
  0x600b, 0x600b, 0x600b, 0x600b, 0x600b, 0x600b, 0x600b, 0x600b, 0x600b, 0x600b, 0x600b, 0x600b, 
  0x600b, 0x600b, 0x600b, 0x600b, 0x600b, 0x600b, 0x600b, 0x600b, 0x600b, 0x600b, 0x600b, 0x600b, 
  0x600b, 0x600b, 0x600b, 0x600b, 0x600b, 0x600b, 0x600b, 0x600b, 0x600b, 0x600b, 0x600b, 0x600b, 
  0x4849, 0x4849, 0x4048, 0x2044, 0x1843, 0x2044, 0x2044, 0x2044, 0x2044, 0x2044, 0x2044, 0x628d, 
  0x3927, 0x1843, 0x1844, 0x1844, 0x1844, 0x1844, 0x600b, 0x600b, 0x600b, 0x600b, 0x600b, 0x600b, 
  0x600b, 0x600b, 0x600b, 0x600b, 0x600b, 0x600b, 0x600b, 0x600b, 0x600b, 0x600b, 0x600b, 0x600b, 
  0x600b, 0x600b, 0x600b, 0x600b, 0x600b, 0x600b, 0x600b, 0x600b, 0x600b, 0x600b, 0x600b, 0x600b, 
  0x600b, 0x600b, 0x600b, 0x600b, 0x600b, 0x600b, 0x600b, 0x600b, 0x600b, 0x600b, 0x600b, 0x600b, 
  0x600b, 0x600b, 0x600b, 0x600b, 0x600b, 0x600b, 0x600b, 0x600b, 0x600b, 0x600b, 0x600b, 0x600b, 
  0x600b, 0x600b, 0x600b, 0x600b, 0x600b, 0x600b, 0x600b, 0x600b, 0x600b, 0x600b, 0x600b, 0x600b, 
  0x600b, 0x600b, 0x600b, 0x600b, 0x600b, 0x4829, 0x4829, 0x4028, 0x1824, 0x1823, 0x2044, 0x600b, 
  0x600b, 0x600b, 0x600b, 0x600b, 0x600b, 0x600b, 0x600b, 0x600b, 0x600b, 0x600b, 0x600b, 0x600b, 
  0x600b, 0x600b, 0x600b, 0x600b, 0x600b, 0x600b, 0x600b, 0x580b, 0x600b, 0x600b, 0x600b, 0x600b, 
  0x600b, 0x600b, 0x600b, 0x600b, 0x600b, 0x600b, 0x600b, 0x600b, 0x600b, 0x600b, 0x600b, 0x600b, 
  0x600b, 0x600b, 0x600b, 0x600b, 0x600b, 0x600b, 0x600b, 0x600b, 0x600b, 0x600b, 0x600b, 0x600b, 
  0x600b, 0x600b, 0x600b, 0x600b, 0x600b, 0x600b, 0x600b, 0x600b, 0x600b, 0x600b, 0x600b, 0x600b, 
  0x600b, 0x600b, 0x600b, 0x600b, 0x600b, 0x600b, 0x600b, 0x600b, 0x600b, 0x600b, 0x4849, 0x4849, 
  0x4028, 0x2024, 0x1023, 0x1844, 0x600b, 0x600b, 0x600b, 0x600b, 0x600b, 0x600b, 0x600b, 0x600b, 
  0x600b, 0x600b, 0x600b, 0x600b, 0x600b, 0x600b, 0x600b, 0x600b, 0x600b, 0x600b, 0x600b, 0x600b, 
  0x600b, 0x600b, 0x600b, 0x580b, 0x600b, 0x600b, 0x600b, 0x600b, 0x600b, 0x600b, 0x600b, 0x600b, 
  0x600b, 0x600b, 0x600b, 0x600b, 0x600b, 0x600b, 0x600b, 0x600b, 0x600b, 0x600b, 0x600b, 0x600b, 
  0x600b, 0x600b, 0x600b, 0x600b, 0x600b, 0x600b, 0x600b, 0x600b, 0x600b, 0x600b, 0x600b, 0x600b, 
  0x600b, 0x600b, 0x600b, 0x600b, 0x600b, 0x600b, 0x600b, 0x600b, 0x600b, 0x600b, 0x600b, 0x600b, 
  0x600b, 0x600b, 0x600b, 0x58cb, 0x58cb, 0x50ca, 0x30e6, 0x28e5, 0x3927, 0x600b, 0x600b, 0x600b, 
  0x600b, 0x600b, 0x600b, 0x600b, 0x600b, 0x600b, 0x600b, 0x600b, 0x600b, 0x600b, 0x600b, 0x600b, 
  0x600b, 0x600b, 0x600b, 0x600b, 0x600b, 0x600b, 0x600b, 0x600b, 0x600b, 0x600b, 0x600b, 0x600b, 
  0x600b, 0x600b, 0x600b, 0x600b, 0x600b, 0x600b, 0x600b, 0x600b, 0x600b, 0x600b, 0x600b, 0x600b, 
  0x600b, 0x600b, 0x600b, 0x600b, 0x600b, 0x600b, 0x600b, 0x600b, 0x600b, 0x600b, 0x600b, 0x600b, 
  0x600b, 0x600b, 0x600b, 0x600b, 0x600b, 0x600b, 0x600b, 0x600b, 0x600b, 0x600b, 0x600b, 0x600b, 
  0x600b, 0x600b, 0x600b, 0x600b, 0x600b, 0x600b, 0x600b, 0x600b, 0x4849, 0x4849, 0x4048, 0x2044, 
  0x1843, 0x2044, 0x2044, 0x2044, 0x2044, 0x2044, 0x2044, 0x628d, 0x3907, 0x1823, 0x1823, 0x1823, 
  0x1823, 0x1823, 0x580b, 0x600b, 0x600b, 0x600b, 0x580b, 0x600b, 0x600b, 0x600b, 0x600b, 0x600b, 
  0x580b, 0x600b, 0x600b, 0x600b, 0x600b, 0x600b, 0x580b, 0x580b, 0x580b, 0x600b, 0x600b, 0x600b, 
  0x600b, 0x580b, 0x600b, 0x600b, 0x600b, 0x580b, 0x600b, 0x600b, 0x600b, 0x600b, 0x600b, 0x600b, 
  0x600b, 0x600b, 0x600b, 0x600b, 0x600b, 0x600b, 0x600b, 0x600b, 0x600b, 0x600b, 0x600b, 0x600b, 
  0x600b, 0x600b, 0x600b, 0x580b, 0x600b, 0x600b, 0x600b, 0x600b, 0x600b, 0x600b, 0x600b, 0x580b, 
  0x600b, 0x600b, 0x600b, 0x580b, 0x600b, 0x600b, 0x600b, 0x600b, 0x600b, 0x580b, 0x580b, 0x600b, 
  0x600b, 0x4829, 0x4849, 0x4028, 0x2024, 0x1823, 0x2044, 0x600b, 0x580b, 0x600b, 0x580b, 0x580b, 
  0x600b, 0x600b, 0x600b, 0x600b, 0x600b, 0x600b, 0x600b, 0x600b, 0x600b, 0x600b, 0x600b, 0x600b, 
  0x600b, 0x600b, 0x600b, 0x600b, 0x600b, 0x600b, 0x600b, 0x600b, 0x600b, 0x580b, 0x580b, 0x600b, 
  0x600b, 0x600b, 0x600b, 0x600b, 0x600b, 0x600b, 0x600b, 0x600b, 0x580b, 0x600b, 0x600b, 0x580b, 
  0x600b, 0x600b, 0x600b, 0x600b, 0x600b, 0x600b, 0x600b, 0x600b, 0x600b, 0x600b, 0x600b, 0x600b, 
  0x600b, 0x580b, 0x600b, 0x600b, 0x600b, 0x600b, 0x600b, 0x600b, 0x600b, 0x580b, 0x600b, 0x600b, 
  0x600b, 0x600b, 0x580b, 0x600b, 0x580b, 0x600b, 0x4849, 0x4849, 0x4048, 0x2024, 0x1023, 0x1844, 
  0x600b, 0x600b, 0x600b, 0x600b, 0x600b, 0x600b, 0x600b, 0x600b, 0x580b, 0x580b, 0x600b, 0x600b, 
  0x600b, 0x600b, 0x600b, 0x600b, 0x600b, 0x600b, 0x580b, 0x580b, 0x600b, 0x580b, 0x600b, 0x600b, 
  0x600b, 0x600b, 0x600b, 0x600b, 0x600b, 0x600b, 0x600b, 0x600b, 0x600b, 0x600b, 0x580b, 0x600b, 
  0x600b, 0x580b, 0x580b, 0x600b, 0x600b, 0x600b, 0x600b, 0x600b, 0x600b, 0x600b, 0x600b, 0x580b, 
  0x580b, 0x580b, 0x600b, 0x600b, 0x600b, 0x600b, 0x600b, 0x600b, 0x580b, 0x600b, 0x600b, 0x600b, 
  0x600b, 0x600b, 0x600b, 0x600b, 0x600b, 0x600b, 0x600b, 0x600b, 0x600b, 0x600b, 0x600b, 0x58cb, 
  0x58cb, 0x50ca, 0x30e6, 0x28e5, 0x3927, 0x600b, 0x580b, 0x600b, 0x600b, 0x580b, 0x600b, 0x600b, 
  0x600b, 0x600b, 0x600b, 0x600b, 0x600b, 0x600b, 0x600b, 0x600b, 0x600b, 0x600b, 0x600b, 0x600b, 
  0x600b, 0x600b, 0x600b, 0x600b, 0x600b, 0x600b, 0x600b, 0x600b, 0x600b, 0x600b, 0x600b, 0x600b, 
  0x600b, 0x600b, 0x600b, 0x600b, 0x580b, 0x600b, 0x600b, 0x600b, 0x600b, 0x600b, 0x580b, 0x580b, 
  0x580b, 0x600b, 0x600b, 0x600b, 0x600b, 0x580b, 0x600b, 0x600b, 0x600b, 0x580b, 0x600b, 0x600b, 
  0x600b, 0x600b, 0x600b, 0x600b, 0x600b, 0x600b, 0x600b, 0x600b, 0x600b, 0x600b, 0x600b, 0x600b, 
  0x600b, 0x600b, 0x600b, 0x600b, 0x4849, 0x4849, 0x4048, 0x2044, 0x1843, 0x2044, 0x2044, 0x2044, 
  0x2044, 0x2044, 0x2044, 0x626d, 0x3107, 0x1823, 0x1823, 0x1823, 0x1823, 0x1823, 0x600b, 0x580b, 
  0x580b, 0x580b, 0x580b, 0x600b, 0x580b, 0x580b, 0x580b, 0x600b, 0x580b, 0x580b, 0x600b, 0x600b, 
  0x580b, 0x580b, 0x580b, 0x600b, 0x600b, 0x600b, 0x600b, 0x580b, 0x580b, 0x580b, 0x580b, 0x580b, 
  0x580b, 0x580b, 0x600b, 0x580b, 0x580b, 0x580b, 0x580b, 0x580b, 0x580b, 0x580b, 0x580b, 0x600b, 
  0x580b, 0x580b, 0x600b, 0x600b, 0x580b, 0x600b, 0x600b, 0x580b, 0x580b, 0x580b, 0x580b, 0x580b, 
  0x580b, 0x580b, 0x580b, 0x580b, 0x580b, 0x580b, 0x600b, 0x600b, 0x600b, 0x580b, 0x580b, 0x580b, 
  0x580b, 0x580b, 0x580b, 0x600b, 0x580b, 0x580b, 0x580b, 0x580b, 0x580b, 0x4829, 0x4829, 0x4028, 
  0x2024, 0x1823, 0x2044, 0x580b, 0x580b, 0x580b, 0x580b, 0x580b, 0x600b, 0x600b, 0x600b, 0x580b, 
  0x600b, 0x580b, 0x580b, 0x600b, 0x580b, 0x580b, 0x580b, 0x580b, 0x580b, 0x580b, 0x580b, 0x580b, 
  0x580b, 0x580b, 0x580b, 0x580b, 0x600b, 0x580b, 0x580b, 0x580b, 0x580b, 0x580b, 0x600b, 0x580b, 
  0x600b, 0x580b, 0x580b, 0x600b, 0x580b, 0x580b, 0x580b, 0x580b, 0x600b, 0x600b, 0x600b, 0x580b, 
  0x580b, 0x580b, 0x580b, 0x580b, 0x580b, 0x600b, 0x600b, 0x580b, 0x580b, 0x580b, 0x580b, 0x580b, 
  0x580b, 0x580b, 0x580b, 0x580b, 0x580b, 0x580b, 0x580b, 0x580b, 0x580b, 0x600b, 0x580b, 0x580b, 
  0x580b, 0x580b, 0x4849, 0x4849, 0x4028, 0x2024, 0x1023, 0x1844, 0x580b, 0x580b, 0x580b, 0x600b, 
  0x580b, 0x580b, 0x580b, 0x580b, 0x580b, 0x580b, 0x600b, 0x580b, 0x600b, 0x580b, 0x600b, 0x580b, 
  0x600b, 0x600b, 0x580b, 0x580b, 0x580b, 0x580b, 0x580b, 0x580b, 0x580b, 0x600b, 0x600b, 0x580b, 
  0x600b, 0x580b, 0x580b, 0x600b, 0x580b, 0x580b, 0x580b, 0x580b, 0x580b, 0x580b, 0x580b, 0x580b, 
  0x580b, 0x580b, 0x580b, 0x600b, 0x580b, 0x580b, 0x580b, 0x580b, 0x580b, 0x580b, 0x580b, 0x580b, 
  0x580b, 0x580b, 0x580b, 0x580b, 0x580b, 0x580b, 0x580b, 0x580b, 0x600b, 0x580b, 0x600b, 0x600b, 
  0x600b, 0x600b, 0x580b, 0x600b, 0x580b, 0x600b, 0x580b, 0x58cb, 0x58cb, 0x50ca, 0x30e6, 0x28e5, 
  0x3927, 0x580b, 0x580b, 0x600b, 0x580b, 0x600b, 0x600b, 0x600b, 0x580b, 0x600b, 0x600b, 0x580b, 
  0x600b, 0x600b, 0x580b, 0x580b, 0x580b, 0x580b, 0x600b, 0x600b, 0x600b, 0x580b, 0x580b, 0x580b, 
  0x580b, 0x600b, 0x600b, 0x580b, 0x580b, 0x580b, 0x600b, 0x600b, 0x580b, 0x580b, 0x580b, 0x600b, 
  0x580b, 0x580b, 0x600b, 0x600b, 0x580b, 0x580b, 0x580b, 0x600b, 0x600b, 0x600b, 0x600b, 0x580b, 
  0x580b, 0x580b, 0x580b, 0x580b, 0x580b, 0x580b, 0x600b, 0x580b, 0x580b, 0x580b, 0x580b, 0x580b, 
  0x580b, 0x580b, 0x580b, 0x600b, 0x580b, 0x580b, 0x600b, 0x600b, 0x580b, 0x600b, 0x600b, 0x580b, 
  0x4849, 0x4849, 0x4048, 0x2044, 0x1843, 0x2044, 0x2044, 0x2044, 0x2044, 0x2044, 0x2044, 0x626c, 
  0x3107, 0x1823, 0x1823, 0x1823, 0x1823, 0x1823, 0x580b, 0x580b, 0x580b, 0x580b, 0x580b, 0x580b, 
  0x580b, 0x580b, 0x580b, 0x580b, 0x580b, 0x580b, 0x580b, 0x580b, 0x580b, 0x580b, 0x580b, 0x580b, 
  0x580b, 0x580b, 0x580b, 0x580b, 0x580b, 0x580b, 0x580b, 0x580b, 0x580b, 0x580b, 0x580b, 0x580b, 
  0x580b, 0x580b, 0x580b, 0x580b, 0x580b, 0x580b, 0x580b, 0x580b, 0x580b, 0x580b, 0x580b, 0x580b, 
  0x580b, 0x580b, 0x580b, 0x580b, 0x580b, 0x580b, 0x580b, 0x580b, 0x580b, 0x580b, 0x580b, 0x580b, 
  0x580b, 0x580b, 0x580b, 0x580b, 0x580b, 0x580b, 0x580b, 0x580b, 0x580b, 0x580b, 0x580b, 0x580b, 
  0x580b, 0x580b, 0x580b, 0x580b, 0x580b, 0x4829, 0x4829, 0x4028, 0x2024, 0x1823, 0x2044, 0x580b, 
  0x580b, 0x580b, 0x580b, 0x580b, 0x580b, 0x580b, 0x580b, 0x580b, 0x580b, 0x580b, 0x580b, 0x580b, 
  0x580b, 0x580b, 0x580b, 0x580b, 0x580b, 0x580b, 0x580b, 0x580b, 0x580b, 0x580b, 0x580b, 0x580b, 
  0x580b, 0x580b, 0x580b, 0x580b, 0x580b, 0x580b, 0x580b, 0x580b, 0x580b, 0x580b, 0x580b, 0x580b, 
  0x580b, 0x580b, 0x580b, 0x580b, 0x580b, 0x580b, 0x580b, 0x580b, 0x580b, 0x580b, 0x580b, 0x580b, 
  0x580b, 0x580b, 0x580b, 0x580b, 0x580b, 0x580b, 0x580b, 0x580b, 0x580b, 0x580b, 0x580b, 0x580b, 
  0x580b, 0x580b, 0x580b, 0x580b, 0x580b, 0x580b, 0x580b, 0x580b, 0x580b, 0x580b, 0x4849, 0x4849, 
  0x4028, 0x1824, 0x1023, 0x1844, 0x580b, 0x580b, 0x580b, 0x580b, 0x580b, 0x580b, 0x580b, 0x580b, 
  0x580b, 0x580b, 0x580b, 0x580b, 0x580b, 0x580b, 0x580b, 0x580b, 0x580b, 0x580b, 0x580b, 0x580b, 
  0x580b, 0x580b, 0x580b, 0x580b, 0x580b, 0x580b, 0x580b, 0x580b, 0x580b, 0x580b, 0x580b, 0x580b, 
  0x580b, 0x580b, 0x580b, 0x580b, 0x580b, 0x580b, 0x580b, 0x580b, 0x580b, 0x580b, 0x580b, 0x580b, 
  0x580b, 0x580b, 0x580b, 0x580b, 0x580b, 0x580b, 0x580b, 0x580b, 0x580b, 0x580b, 0x580b, 0x580b, 
  0x580b, 0x580b, 0x580b, 0x580b, 0x580b, 0x580b, 0x580b, 0x580b, 0x600b, 0x580b, 0x580b, 0x580b, 
  0x580b, 0x580b, 0x580b, 0x58cb, 0x58cb, 0x50ca, 0x30e6, 0x28e5, 0x3927, 0x580b, 0x580b, 0x580b, 
  0x580b, 0x580b, 0x580b, 0x580b, 0x580b, 0x580b, 0x580b, 0x580b, 0x580b, 0x580b, 0x580b, 0x580b, 
  0x580b, 0x580b, 0x580b, 0x580b, 0x580b, 0x580b, 0x580b, 0x580b, 0x580b, 0x580b, 0x580b, 0x580b, 
  0x580b, 0x580b, 0x580b, 0x580b, 0x580b, 0x580b, 0x580b, 0x580b, 0x580b, 0x580b, 0x580b, 0x580b, 
  0x580b, 0x580b, 0x580b, 0x580b, 0x580b, 0x580b, 0x580b, 0x580b, 0x580b, 0x580b, 0x580b, 0x580b, 
  0x580b, 0x580b, 0x580b, 0x580b, 0x580b, 0x580b, 0x580b, 0x580b, 0x580b, 0x580b, 0x580b, 0x580b, 
  0x580b, 0x580b, 0x580b, 0x580b, 0x580b, 0x580b, 0x580b, 0x580b, 0x4849, 0x4849, 0x4048, 0x2044, 
  0x1843, 0x2044, 0x2044, 0x2044, 0x2044, 0x2044, 0x2044, 0x626c, 0x3107, 0x1823, 0x1823, 0x1823, 
  0x1823, 0x1823, 0x580b, 0x580b, 0x580b, 0x580b, 0x580b, 0x580b, 0x580b, 0x580b, 0x580b, 0x580b, 
  0x580b, 0x580b, 0x580b, 0x580b, 0x580b, 0x580b, 0x580b, 0x580b, 0x580b, 0x580b, 0x580b, 0x580b, 
  0x580b, 0x580b, 0x580b, 0x580b, 0x580b, 0x580b, 0x580b, 0x580b, 0x580b, 0x580b, 0x580b, 0x580b, 
  0x580b, 0x580b, 0x580b, 0x580b, 0x580b, 0x580b, 0x580b, 0x580b, 0x580b, 0x580b, 0x580b, 0x580b, 
  0x580b, 0x580b, 0x580b, 0x580b, 0x580b, 0x580b, 0x580b, 0x580b, 0x580b, 0x580b, 0x580b, 0x580b, 
  0x580b, 0x580b, 0x580b, 0x580b, 0x580b, 0x580b, 0x580b, 0x580b, 0x580b, 0x580b, 0x580b, 0x580b, 
  0x580b, 0x4829, 0x4829, 0x4028, 0x2024, 0x1823, 0x2044, 0x580b, 0x580b, 0x580b, 0x580b, 0x580b, 
  0x580b, 0x580b, 0x580b, 0x580b, 0x580b, 0x580b, 0x580b, 0x580b, 0x580b, 0x580b, 0x580b, 0x580b, 
  0x580b, 0x580b, 0x580b, 0x580b, 0x580b, 0x580b, 0x580b, 0x580b, 0x580b, 0x580b, 0x580b, 0x580b, 
  0x580b, 0x580b, 0x580b, 0x580b, 0x580b, 0x580b, 0x580b, 0x580b, 0x580b, 0x580b, 0x580b, 0x580b, 
  0x580b, 0x580b, 0x580b, 0x580b, 0x580b, 0x580b, 0x580b, 0x580b, 0x580b, 0x580b, 0x580b, 0x580b, 
  0x580b, 0x580b, 0x580b, 0x580b, 0x580b, 0x580b, 0x580b, 0x580b, 0x580b, 0x580b, 0x580b, 0x580b, 
  0x580b, 0x580b, 0x580b, 0x580b, 0x580b, 0x580b, 0x4829, 0x4849, 0x4028, 0x2024, 0x1023, 0x1844, 
  0x580b, 0x580b, 0x580b, 0x580b, 0x580b, 0x580b, 0x580b, 0x580b, 0x580b, 0x580b, 0x580b, 0x580b, 
  0x580b, 0x580b, 0x580b, 0x580b, 0x580b, 0x580b, 0x580b, 0x580b, 0x580b, 0x580b, 0x580b, 0x580b, 
  0x580b, 0x580b, 0x580b, 0x580b, 0x580b, 0x580b, 0x580b, 0x580b, 0x580b, 0x580b, 0x580b, 0x580b, 
  0x580b, 0x580b, 0x580b, 0x580b, 0x580b, 0x580b, 0x580b, 0x580b, 0x580b, 0x580b, 0x580b, 0x580b, 
  0x580b, 0x580b, 0x580b, 0x580b, 0x580b, 0x580b, 0x580b, 0x580b, 0x580b, 0x580b, 0x580b, 0x580b, 
  0x580b, 0x580b, 0x580b, 0x580b, 0x580b, 0x580b, 0x580b, 0x580b, 0x580b, 0x580b, 0x580b, 0x58cb, 
  0x58cb, 0x50ca, 0x30e6, 0x28e5, 0x3927, 0x580b, 0x580b, 0x580b, 0x580b, 0x580b, 0x580b, 0x580b, 
  0x580b, 0x580b, 0x580b, 0x580b, 0x580b, 0x580b, 0x580b, 0x580b, 0x580b, 0x580b, 0x580b, 0x580b, 
  0x580b, 0x580b, 0x580b, 0x580b, 0x580b, 0x580b, 0x580b, 0x580b, 0x580b, 0x580b, 0x580b, 0x580b, 
  0x580b, 0x580b, 0x580b, 0x580b, 0x580b, 0x580b, 0x580b, 0x580b, 0x580b, 0x580b, 0x580b, 0x580b, 
  0x580b, 0x580b, 0x580b, 0x580b, 0x580b, 0x580b, 0x580b, 0x580b, 0x580b, 0x580b, 0x580b, 0x580b, 
  0x580b, 0x580b, 0x580b, 0x580b, 0x580b, 0x580b, 0x580b, 0x580b, 0x580b, 0x580b, 0x580b, 0x580b, 
  0x580b, 0x580b, 0x580b, 0x580b, 0x4849, 0x4849, 0x4048, 0x2044, 0x1843, 0x2044, 0x2044, 0x2044, 
  0x2044, 0x2044, 0x2044, 0x626c, 0x3107, 0x1823, 0x1823, 0x1823, 0x1823, 0x1823, 0x580b, 0x580b, 
  0x580b, 0x580b, 0x580b, 0x580b, 0x580b, 0x580b, 0x580b, 0x580b, 0x580b, 0x580b, 0x580b, 0x580b, 
  0x580b, 0x580b, 0x580b, 0x580b, 0x580b, 0x580b, 0x580b, 0x580b, 0x580b, 0x580b, 0x580b, 0x580b, 
  0x580b, 0x580b, 0x580b, 0x580b, 0x580b, 0x580b, 0x580b, 0x580b, 0x580b, 0x580b, 0x580b, 0x580b, 
  0x580b, 0x580b, 0x580b, 0x580b, 0x580b, 0x580b, 0x580b, 0x580b, 0x580b, 0x580b, 0x580b, 0x580b, 
  0x580b, 0x580b, 0x580b, 0x580b, 0x580b, 0x580b, 0x580b, 0x580b, 0x580b, 0x580b, 0x580b, 0x580b, 
  0x580b, 0x580b, 0x580b, 0x580b, 0x580b, 0x580b, 0x580b, 0x580b, 0x580b, 0x4829, 0x4849, 0x4028, 
  0x2024, 0x1823, 0x2044, 0x580b, 0x580b, 0x580b, 0x580b, 0x580b, 0x580b, 0x580b, 0x580b, 0x580b, 
  0x580b, 0x580b, 0x580b, 0x580b, 0x580b, 0x580b, 0x580b, 0x580b, 0x580b, 0x580b, 0x580b, 0x580b, 
  0x580b, 0x580b, 0x580b, 0x580b, 0x580b, 0x580b, 0x580b, 0x580b, 0x580b, 0x580b, 0x580b, 0x580b, 
  0x580b, 0x580b, 0x580b, 0x580b, 0x580b, 0x580b, 0x580b, 0x580b, 0x580b, 0x580b, 0x580b, 0x580b, 
  0x580b, 0x580b, 0x580b, 0x580b, 0x580b, 0x580b, 0x580b, 0x580b, 0x580b, 0x580b, 0x580b, 0x580b, 
  0x580b, 0x580b, 0x580b, 0x580b, 0x580b, 0x580b, 0x580b, 0x580b, 0x580b, 0x580b, 0x580b, 0x580b, 
  0x580b, 0x580b, 0x4829, 0x4849, 0x4028, 0x2024, 0x1023, 0x1844, 0x580b, 0x580b, 0x580b, 0x580b, 
  0x580b, 0x580b, 0x580b, 0x580b, 0x580b, 0x580b, 0x580b, 0x580b, 0x580b, 0x580b, 0x580b, 0x580b, 
  0x580b, 0x580b, 0x580b, 0x580b, 0x580b, 0x580b, 0x580b, 0x580b, 0x580b, 0x580b, 0x580b, 0x580b, 
  0x580b, 0x580b, 0x580b, 0x580b, 0x580b, 0x580b, 0x580b, 0x580b, 0x580b, 0x580b, 0x580b, 0x580b, 
  0x580b, 0x580b, 0x580b, 0x580b, 0x580b, 0x580b, 0x580b, 0x580b, 0x580b, 0x580b, 0x580b, 0x580b, 
  0x580b, 0x580b, 0x580b, 0x580b, 0x580b, 0x580b, 0x580b, 0x580b, 0x580b, 0x580b, 0x580b, 0x580b, 
  0x580b, 0x580b, 0x580b, 0x580b, 0x580b, 0x580b, 0x580b, 0x58cb, 0x58cb, 0x50ca, 0x30e6, 0x28e5, 
  0x3927, 0x580b, 0x580b, 0x580b, 0x580b, 0x580b, 0x580b, 0x580b, 0x580b, 0x580b, 0x580b, 0x580b, 
  0x580b, 0x580b, 0x580b, 0x580b, 0x580b, 0x580b, 0x580b, 0x580b, 0x580b, 0x580b, 0x580b, 0x580b, 
  0x580b, 0x580b, 0x580b, 0x580b, 0x580b, 0x580b, 0x580b, 0x580b, 0x580b, 0x580b, 0x580b, 0x580b, 
  0x580b, 0x580b, 0x580b, 0x580b, 0x580b, 0x580b, 0x580b, 0x580b, 0x580b, 0x580b, 0x580b, 0x580b, 
  0x580b, 0x580b, 0x580b, 0x580b, 0x580b, 0x580b, 0x580b, 0x580b, 0x580b, 0x580b, 0x580b, 0x580b, 
  0x580b, 0x580b, 0x580b, 0x580b, 0x580b, 0x580b, 0x580b, 0x580b, 0x580b, 0x580b, 0x580b, 0x580b, 
  0x4849, 0x4849, 0x4048, 0x2044, 0x1843, 0x2044, 0x2044, 0x2044, 0x2044, 0x2044, 0x2044, 0x626c, 
  0x3107, 0x1823, 0x1823, 0x1823, 0x1823, 0x1823, 0x580b, 0x580b, 0x580b, 0x580b, 0x580b, 0x580b, 
  0x580b, 0x580b, 0x580b, 0x580b, 0x580b, 0x580b, 0x580b, 0x580b, 0x580b, 0x580b, 0x580b, 0x580b, 
  0x580b, 0x580b, 0x580b, 0x580b, 0x580b, 0x580b, 0x580b, 0x580b, 0x580b, 0x580b, 0x580b, 0x580b, 
  0x580b, 0x580b, 0x580b, 0x580b, 0x580b, 0x580b, 0x580b, 0x580b, 0x580b, 0x580b, 0x580b, 0x580b, 
  0x580b, 0x580b, 0x580b, 0x580b, 0x580b, 0x580b, 0x580b, 0x580b, 0x580b, 0x580b, 0x580b, 0x580b, 
  0x580b, 0x580b, 0x580b, 0x580b, 0x580b, 0x580b, 0x580b, 0x580b, 0x580b, 0x580b, 0x580b, 0x580b, 
  0x580b, 0x580b, 0x580b, 0x580b, 0x580b, 0x4829, 0x4829, 0x4028, 0x2024, 0x1823, 0x2044, 0x580b, 
  0x580b, 0x580b, 0x580b, 0x580b, 0x580b, 0x580b, 0x580b, 0x580b, 0x580b, 0x580b, 0x580b, 0x580b, 
  0x580b, 0x580b, 0x580b, 0x580b, 0x580b, 0x580b, 0x580b, 0x580b, 0x580b, 0x580b, 0x580b, 0x580b, 
  0x580b, 0x580b, 0x580b, 0x580b, 0x580b, 0x580b, 0x580b, 0x580b, 0x580b, 0x580b, 0x580b, 0x580b, 
  0x580b, 0x580b, 0x580b, 0x580b, 0x580b, 0x580b, 0x580b, 0x580b, 0x580b, 0x580b, 0x580b, 0x580b, 
  0x580b, 0x580b, 0x580b, 0x580b, 0x580b, 0x580b, 0x580b, 0x580b, 0x580b, 0x580b, 0x580b, 0x580b, 
  0x580b, 0x580b, 0x580b, 0x580b, 0x580b, 0x580b, 0x580b, 0x580b, 0x580b, 0x580b, 0x4849, 0x4849, 
  0x4028, 0x2024, 0x1023, 0x1844, 0x580b, 0x580b, 0x580b, 0x580b, 0x580b, 0x580b, 0x580b, 0x580b, 
  0x580b, 0x580b, 0x580b, 0x580b, 0x580b, 0x580b, 0x580b, 0x580b, 0x580b, 0x580b, 0x580b, 0x580b, 
  0x580b, 0x580b, 0x580b, 0x580b, 0x580b, 0x580b, 0x580b, 0x580b, 0x580b, 0x580b, 0x580b, 0x580b, 
  0x580b, 0x580b, 0x580b, 0x580b, 0x580b, 0x580b, 0x580b, 0x580b, 0x580b, 0x580b, 0x580b, 0x580b, 
  0x580b, 0x580b, 0x580b, 0x580b, 0x580b, 0x580b, 0x580b, 0x580b, 0x580b, 0x580b, 0x580b, 0x580b, 
  0x580b, 0x580b, 0x580b, 0x580b, 0x580b, 0x580b, 0x580b, 0x580b, 0x580b, 0x580b, 0x580b, 0x580b, 
  0x580b, 0x580b, 0x580b, 0x58cb, 0x58cb, 0x50ca, 0x30e6, 0x28e5, 0x3927, 0x580b, 0x580b, 0x580b, 
  0x580b, 0x580b, 0x580b, 0x580b, 0x580b, 0x580b, 0x580b, 0x580b, 0x580b, 0x580b, 0x580b, 0x580b, 
  0x580b, 0x580b, 0x580b, 0x580b, 0x580b, 0x580b, 0x580b, 0x580b, 0x580b, 0x580b, 0x580b, 0x580b, 
  0x580b, 0x580b, 0x580b, 0x580b, 0x580b, 0x580b, 0x580b, 0x580b, 0x580b, 0x580b, 0x580b, 0x580b, 
  0x580b, 0x580b, 0x580b, 0x580b, 0x580b, 0x580b, 0x580b, 0x580b, 0x580b, 0x580b, 0x580b, 0x580b, 
  0x580b, 0x580b, 0x580b, 0x580b, 0x580b, 0x580b, 0x580b, 0x580b, 0x580b, 0x580b, 0x580b, 0x580b, 
  0x580b, 0x580b, 0x580b, 0x580b, 0x580b, 0x580b, 0x580b, 0x580b, 0x4849, 0x4849, 0x4048, 0x2044, 
  0x1843, 0x2044, 0x2044, 0x2044, 0x2044, 0x2044, 0x2044, 0x626c, 0x3107, 0x1823, 0x1823, 0x1823, 
  0x1823, 0x1823, 0x580b, 0x580b, 0x580b, 0x580b, 0x580b, 0x580b, 0x580b, 0x580b, 0x580b, 0x580b, 
  0x580b, 0x580b, 0x580b, 0x580b, 0x580b, 0x580b, 0x580b, 0x580b, 0x580b, 0x580b, 0x580b, 0x580b, 
  0x580b, 0x580b, 0x580b, 0x580b, 0x580b, 0x580b, 0x580b, 0x580b, 0x580b, 0x580b, 0x580b, 0x580b, 
  0x580b, 0x580b, 0x580b, 0x580b, 0x580b, 0x580b, 0x580b, 0x580b, 0x580b, 0x580b, 0x580b, 0x580b, 
  0x580b, 0x580b, 0x580b, 0x580b, 0x580b, 0x580b, 0x580b, 0x580b, 0x580b, 0x580b, 0x580b, 0x580b, 
  0x580b, 0x580b, 0x580b, 0x580b, 0x580b, 0x580b, 0x580b, 0x580b, 0x580b, 0x580b, 0x580b, 0x580b, 
  0x580b, 0x4829, 0x4829, 0x4048, 0x2024, 0x1823, 0x2044, 0x580b, 0x580b, 0x580b, 0x580b, 0x580b, 
  0x580b, 0x580b, 0x580b, 0x580b, 0x580b, 0x580b, 0x580b, 0x580b, 0x580b, 0x580b, 0x580b, 0x580b, 
  0x580b, 0x580b, 0x580b, 0x580b, 0x580b, 0x580b, 0x580b, 0x580b, 0x580b, 0x580b, 0x580b, 0x580b, 
  0x580b, 0x580b, 0x580b, 0x580b, 0x580b, 0x580b, 0x580b, 0x580b, 0x580b, 0x580b, 0x580b, 0x580b, 
  0x580b, 0x580b, 0x580b, 0x580b, 0x580b, 0x580b, 0x580b, 0x580b, 0x580b, 0x580b, 0x580b, 0x580b, 
  0x580b, 0x580b, 0x580b, 0x580b, 0x580b, 0x580b, 0x580b, 0x580b, 0x580b, 0x580b, 0x580b, 0x580b, 
  0x580b, 0x580b, 0x580b, 0x580b, 0x580b, 0x580b, 0x4849, 0x4849, 0x4048, 0x2024, 0x1023, 0x1844, 
  0x580b, 0x580b, 0x580b, 0x580b, 0x580b, 0x580b, 0x580b, 0x580b, 0x580b, 0x580b, 0x580b, 0x580b, 
  0x580b, 0x580b, 0x580b, 0x580b, 0x580b, 0x580b, 0x580b, 0x580b, 0x580b, 0x580b, 0x580b, 0x580b, 
  0x580b, 0x580b, 0x580b, 0x580b, 0x580b, 0x580b, 0x580b, 0x580b, 0x580b, 0x580b, 0x580b, 0x580b, 
  0x580b, 0x580b, 0x580b, 0x580b, 0x580b, 0x580b, 0x580b, 0x580b, 0x580b, 0x580b, 0x580b, 0x580b, 
  0x580b, 0x580b, 0x580b, 0x580b, 0x580b, 0x580b, 0x580b, 0x580b, 0x580b, 0x580b, 0x580b, 0x580b, 
  0x580b, 0x580b, 0x580b, 0x580b, 0x580b, 0x580b, 0x580b, 0x580b, 0x580b, 0x580b, 0x580b, 0x58cb, 
  0x58cb, 0x50ca, 0x30e6, 0x28e5, 0x3927, 0x580b, 0x580b, 0x580b, 0x580b, 0x580b, 0x580b, 0x580b, 
  0x580b, 0x580b, 0x580b, 0x580b, 0x580b, 0x580b, 0x580b, 0x580b, 0x580b, 0x580b, 0x580b, 0x580b, 
  0x580b, 0x580b, 0x580b, 0x580b, 0x580b, 0x580b, 0x580b, 0x580b, 0x580b, 0x580b, 0x580b, 0x580b, 
  0x580b, 0x580b, 0x580b, 0x580b, 0x580b, 0x580b, 0x580b, 0x580b, 0x580b, 0x580b, 0x580b, 0x580b, 
  0x580b, 0x580b, 0x580b, 0x580b, 0x580b, 0x580b, 0x580b, 0x580b, 0x580b, 0x580b, 0x580b, 0x580b, 
  0x580b, 0x580b, 0x580b, 0x580b, 0x580b, 0x580b, 0x580b, 0x580b, 0x580b, 0x580b, 0x580b, 0x580b, 
  0x580b, 0x580b, 0x580b, 0x580b, 0x4849, 0x4849, 0x4048, 0x2044, 0x1843, 0x2044, 0x2044, 0x2044, 
  0x2044, 0x2044, 0x2044, 0x626c, 0x3107, 0x1823, 0x1823, 0x1823, 0x1823, 0x1823, 0x580b, 0x580b, 
  0x580b, 0x580b, 0x580b, 0x580b, 0x580b, 0x580b, 0x580b, 0x580b, 0x580a, 0x580b, 0x580b, 0x580b, 
  0x580b, 0x580b, 0x580b, 0x580b, 0x580b, 0x580b, 0x580b, 0x580b, 0x580b, 0x580b, 0x580b, 0x580b, 
  0x580b, 0x580b, 0x580b, 0x580b, 0x580b, 0x580b, 0x580b, 0x580a, 0x580b, 0x580b, 0x580b, 0x580b, 
  0x580b, 0x580b, 0x580b, 0x580b, 0x580b, 0x580b, 0x580b, 0x580b, 0x580b, 0x580b, 0x580b, 0x580b, 
  0x580b, 0x580b, 0x580b, 0x580b, 0x580b, 0x580b, 0x580b, 0x580b, 0x580b, 0x580b, 0x580b, 0x580b, 
  0x580b, 0x580b, 0x580b, 0x580b, 0x580b, 0x580b, 0x580b, 0x580b, 0x580b, 0x4829, 0x4829, 0x4028, 
  0x2024, 0x1823, 0x2044, 0x580b, 0x580b, 0x580b, 0x580b, 0x580b, 0x580b, 0x580b, 0x580b, 0x580b, 
  0x580b, 0x580b, 0x580b, 0x580b, 0x580b, 0x580b, 0x580b, 0x580b, 0x580b, 0x580b, 0x580b, 0x580b, 
  0x580b, 0x580b, 0x580b, 0x580b, 0x580b, 0x580b, 0x580b, 0x580b, 0x580b, 0x580b, 0x580b, 0x580b, 
  0x580b, 0x580b, 0x580b, 0x580b, 0x580b, 0x580b, 0x580b, 0x580b, 0x580b, 0x580b, 0x580b, 0x580b, 
  0x580b, 0x580b, 0x580b, 0x580b, 0x580b, 0x580b, 0x580b, 0x580b, 0x580b, 0x580b, 0x580b, 0x580b, 
  0x580b, 0x580b, 0x580b, 0x580b, 0x580b, 0x580b, 0x580b, 0x580b, 0x580b, 0x580b, 0x580b, 0x580b, 
  0x580b, 0x580b, 0x4849, 0x4849, 0x4028, 0x2024, 0x1023, 0x1844, 0x580b, 0x580b, 0x580b, 0x580b, 
  0x580b, 0x580b, 0x580b, 0x580b, 0x580a, 0x580b, 0x580b, 0x580b, 0x580b, 0x580b, 0x580b, 0x580b, 
  0x580b, 0x580b, 0x580b, 0x580b, 0x580b, 0x580b, 0x580b, 0x580b, 0x580b, 0x580b, 0x580b, 0x580b, 
  0x580b, 0x580b, 0x580b, 0x580b, 0x580b, 0x580b, 0x580b, 0x580b, 0x580b, 0x580b, 0x580b, 0x580b, 
  0x580b, 0x580b, 0x580b, 0x580b, 0x580b, 0x580b, 0x580b, 0x580b, 0x580b, 0x580b, 0x580b, 0x580b, 
  0x580b, 0x580b, 0x580b, 0x580b, 0x580b, 0x580b, 0x580b, 0x580b, 0x580b, 0x580b, 0x580b, 0x580b, 
  0x580b, 0x580b, 0x580b, 0x580b, 0x580b, 0x580b, 0x580b, 0x58cb, 0x58cb, 0x50ca, 0x30e6, 0x28e5, 
  0x3927, 0x580b, 0x580b, 0x580b, 0x580b, 0x580b, 0x580b, 0x580b, 0x580b, 0x580b, 0x580b, 0x580b, 
  0x580b, 0x580b, 0x580b, 0x580b, 0x580b, 0x580b, 0x580b, 0x580b, 0x580b, 0x580b, 0x580b, 0x580b, 
  0x580b, 0x580b, 0x580b, 0x580b, 0x580b, 0x580b, 0x580b, 0x580b, 0x580b, 0x580b, 0x580b, 0x580b, 
  0x580a, 0x580b, 0x580b, 0x580b, 0x580b, 0x580b, 0x580b, 0x580b, 0x580b, 0x580b, 0x580b, 0x580b, 
  0x580b, 0x580b, 0x580b, 0x580b, 0x580b, 0x580b, 0x580b, 0x580b, 0x580b, 0x580b, 0x580b, 0x580a, 
  0x580b, 0x580b, 0x580b, 0x580b, 0x580b, 0x580b, 0x580b, 0x580b, 0x580b, 0x580b, 0x580b, 0x580b, 
  0x4849, 0x4849, 0x4048, 0x2044, 0x1843, 0x2044, 0x2044, 0x2044, 0x2044, 0x2044, 0x2044, 0x626c, 
  0x3127, 0x1823, 0x1823, 0x1823, 0x1823, 0x1823, 0x580b, 0x580b, 0x580b, 0x580a, 0x580b, 0x580b, 
  0x580a, 0x580b, 0x580b, 0x580a, 0x580b, 0x580b, 0x580b, 0x580a, 0x580b, 0x580b, 0x580a, 0x580b, 
  0x580b, 0x580b, 0x580b, 0x580a, 0x580b, 0x580b, 0x580b, 0x580b, 0x580b, 0x580b, 0x580a, 0x580b, 
  0x580b, 0x580a, 0x580b, 0x580a, 0x580b, 0x580a, 0x580b, 0x580b, 0x580b, 0x580a, 0x580b, 0x580b, 
  0x580a, 0x580b, 0x580a, 0x580b, 0x580a, 0x580b, 0x580a, 0x580a, 0x580b, 0x580a, 0x580b, 0x580b, 
  0x580b, 0x580b, 0x580b, 0x580b, 0x580a, 0x580b, 0x580b, 0x580b, 0x580b, 0x580a, 0x580b, 0x580b, 
  0x580a, 0x580b, 0x580a, 0x580b, 0x580b, 0x4829, 0x4829, 0x4028, 0x2024, 0x1823, 0x2044, 0x580b, 
  0x580b, 0x580a, 0x580b, 0x580b, 0x580b, 0x580b, 0x580a, 0x580a, 0x580a, 0x580a, 0x580b, 0x580a, 
  0x580a, 0x580b, 0x580b, 0x580b, 0x580a, 0x580b, 0x580b, 0x580b, 0x580b, 0x580b, 0x580b, 0x580a, 
  0x580b, 0x580b, 0x580b, 0x580b, 0x580b, 0x580b, 0x580b, 0x580a, 0x580b, 0x580b, 0x580b, 0x580a, 
  0x580a, 0x580b, 0x580a, 0x580b, 0x580b, 0x580b, 0x580a, 0x580b, 0x580b, 0x580b, 0x580b, 0x580b, 
  0x580b, 0x580a, 0x580b, 0x580b, 0x580a, 0x580b, 0x580a, 0x580b, 0x580b, 0x580a, 0x580b, 0x580a, 
  0x580b, 0x580b, 0x580b, 0x580b, 0x580b, 0x580a, 0x580b, 0x580b, 0x580b, 0x580b, 0x4829, 0x4829, 
  0x4028, 0x2024, 0x1023, 0x1844, 0x580b, 0x580b, 0x580b, 0x580a, 0x580b, 0x580b, 0x580a, 0x580b, 
  0x580b, 0x580b, 0x580a, 0x580a, 0x580b, 0x580a, 0x580b, 0x580b, 0x580b, 0x580b, 0x580b, 0x580b, 
  0x580b, 0x580a, 0x580b, 0x580b, 0x580b, 0x580b, 0x580a, 0x580a, 0x580a, 0x580b, 0x580a, 0x580b, 
  0x580a, 0x580b, 0x580b, 0x580b, 0x580b, 0x580b, 0x580b, 0x580b, 0x580a, 0x580b, 0x580b, 0x580b, 
  0x580b, 0x580b, 0x580a, 0x580b, 0x580a, 0x580b, 0x580b, 0x580a, 0x580b, 0x580b, 0x580b, 0x580b, 
  0x580b, 0x580b, 0x580b, 0x580b, 0x580b, 0x580b, 0x580b, 0x580b, 0x580b, 0x580b, 0x580b, 0x580b, 
  0x580b, 0x580b, 0x580b, 0x58cb, 0x58cb, 0x50ca, 0x30e6, 0x28e5, 0x3927, 0x580b, 0x580b, 0x580a, 
  0x580b, 0x580b, 0x580b, 0x580b, 0x580b, 0x580b, 0x580b, 0x580b, 0x580b, 0x580a, 0x580b, 0x580a, 
  0x580a, 0x580b, 0x580a, 0x580b, 0x580b, 0x580b, 0x580b, 0x580b, 0x580b, 0x580b, 0x580b, 0x580b, 
  0x580b, 0x580b, 0x580b, 0x580b, 0x580b, 0x580b, 0x580b, 0x580a, 0x580b, 0x580b, 0x580b, 0x580a, 
  0x580b, 0x580b, 0x580a, 0x580b, 0x580b, 0x580b, 0x580b, 0x580a, 0x580b, 0x580b, 0x580b, 0x580b, 
  0x580b, 0x580b, 0x580a, 0x580b, 0x580b, 0x580a, 0x580b, 0x580a, 0x580b, 0x580a, 0x580b, 0x580b, 
  0x580b, 0x580a, 0x580b, 0x580b, 0x580a, 0x580b, 0x580a, 0x580b, 0x4849, 0x4849, 0x4048, 0x2044, 
  0x1843, 0x2044, 0x2044, 0x2044, 0x2044, 0x2044, 0x2044, 0x626c, 0x3127, 0x1823, 0x1823, 0x1823, 
  0x1823, 0x1823, 0x580a, 0x580a, 0x580a, 0x580a, 0x580a, 0x580a, 0x580a, 0x580a, 0x580b, 0x580b, 
  0x580a, 0x580a, 0x580a, 0x580b, 0x580a, 0x580a, 0x580a, 0x580a, 0x580a, 0x580a, 0x580a, 0x580a, 
  0x580a, 0x580b, 0x580a, 0x580a, 0x580a, 0x580a, 0x580b, 0x580a, 0x580a, 0x580a, 0x580a, 0x580a, 
  0x580a, 0x580a, 0x580a, 0x580a, 0x580a, 0x580a, 0x580a, 0x580a, 0x580a, 0x580a, 0x580a, 0x580b, 
  0x580a, 0x580b, 0x580a, 0x580a, 0x580a, 0x580b, 0x580a, 0x580a, 0x580a, 0x580a, 0x580b, 0x580a, 
  0x580a, 0x580b, 0x580a, 0x580b, 0x580a, 0x580a, 0x580a, 0x580a, 0x580a, 0x580a, 0x580a, 0x580a, 
  0x580a, 0x4829, 0x4829, 0x4028, 0x2024, 0x1823, 0x2044, 0x580a, 0x580a, 0x580a, 0x580a, 0x580a, 
  0x580a, 0x580a, 0x580a, 0x580a, 0x580a, 0x580a, 0x580a, 0x580b, 0x580b, 0x580a, 0x580a, 0x580a, 
  0x580a, 0x580a, 0x580a, 0x580a, 0x580a, 0x580a, 0x580a, 0x580a, 0x580a, 0x580a, 0x580a, 0x580a, 
  0x580a, 0x580a, 0x580a, 0x580a, 0x580a, 0x580a, 0x580a, 0x580a, 0x580a, 0x580a, 0x580a, 0x580a, 
  0x580a, 0x580a, 0x580a, 0x580a, 0x580a, 0x580a, 0x580a, 0x580b, 0x580a, 0x580b, 0x580b, 0x580a, 
  0x580a, 0x580a, 0x580a, 0x580a, 0x580b, 0x580a, 0x580a, 0x580a, 0x580a, 0x580a, 0x580a, 0x580a, 
  0x580b, 0x580b, 0x580a, 0x580a, 0x580a, 0x580a, 0x4849, 0x4849, 0x4028, 0x2024, 0x1023, 0x1844, 
  0x580a, 0x580a, 0x580a, 0x580a, 0x580a, 0x580b, 0x580a, 0x580a, 0x580a, 0x580a, 0x580a, 0x580a, 
  0x580a, 0x580a, 0x580b, 0x580a, 0x580b, 0x580b, 0x580a, 0x580a, 0x580a, 0x580b, 0x580a, 0x580a, 
  0x580a, 0x580a, 0x580a, 0x580a, 0x580a, 0x580a, 0x580a, 0x580a, 0x580a, 0x580b, 0x580a, 0x580a, 
  0x580a, 0x580a, 0x580a, 0x580a, 0x580a, 0x580a, 0x580a, 0x580a, 0x580a, 0x580a, 0x580a, 0x580a, 
  0x580a, 0x580a, 0x580a, 0x580a, 0x580b, 0x580a, 0x580a, 0x580a, 0x580a, 0x580a, 0x580a, 0x580a, 
  0x580a, 0x580a, 0x580b, 0x580a, 0x580a, 0x580a, 0x580a, 0x580b, 0x580b, 0x580a, 0x580b, 0x58cb, 
  0x58cb, 0x50ca, 0x30e6, 0x28e5, 0x3927, 0x580a, 0x580a, 0x580a, 0x580a, 0x580a, 0x580b, 0x580a, 
  0x580b, 0x580b, 0x580a, 0x580a, 0x580a, 0x580a, 0x580a, 0x580a, 0x580b, 0x580a, 0x580a, 0x580a, 
  0x580b, 0x580a, 0x580a, 0x580b, 0x580a, 0x580a, 0x580a, 0x580a, 0x580b, 0x580a, 0x580a, 0x580a, 
  0x580a, 0x580a, 0x580b, 0x580b, 0x580a, 0x580a, 0x580a, 0x580b, 0x580a, 0x580a, 0x580a, 0x580a, 
  0x580a, 0x580a, 0x580a, 0x580a, 0x580a, 0x580b, 0x580a, 0x580a, 0x580a, 0x580a, 0x580b, 0x580a, 
  0x580a, 0x580a, 0x580a, 0x580a, 0x580a, 0x580a, 0x580a, 0x580a, 0x580a, 0x580a, 0x580a, 0x580a, 
  0x580a, 0x580a, 0x580a, 0x580b, 0x4849, 0x4849, 0x4048, 0x2044, 0x1843, 0x2044, 0x2044, 0x2044, 
  0x2044, 0x2044, 0x2044, 0x626c, 0x3927, 0x1823, 0x1823, 0x1823, 0x1823, 0x1823, 0x580a, 0x580a, 
  0x580a, 0x580a, 0x580a, 0x580a, 0x580a, 0x580a, 0x580a, 0x580a, 0x580a, 0x580a, 0x580a, 0x580a, 
  0x580a, 0x580a, 0x580a, 0x580a, 0x580a, 0x580a, 0x580a, 0x580a, 0x580a, 0x580a, 0x580a, 0x580a, 
  0x580a, 0x580a, 0x580a, 0x580a, 0x580a, 0x580a, 0x580a, 0x580a, 0x580a, 0x580a, 0x580a, 0x580a, 
  0x580a, 0x580a, 0x580a, 0x580a, 0x580a, 0x580a, 0x580a, 0x580a, 0x580a, 0x580a, 0x580a, 0x580a, 
  0x580a, 0x580a, 0x580a, 0x580a, 0x580a, 0x580a, 0x580a, 0x580a, 0x580a, 0x580a, 0x580a, 0x580a, 
  0x580a, 0x580a, 0x580a, 0x580a, 0x580a, 0x580a, 0x580a, 0x580a, 0x580a, 0x4829, 0x4829, 0x4048, 
  0x2024, 0x1823, 0x2044, 0x580a, 0x580a, 0x580a, 0x580a, 0x580a, 0x580a, 0x580a, 0x580a, 0x580a, 
  0x580a, 0x580a, 0x580a, 0x580a, 0x580a, 0x580a, 0x580a, 0x580a, 0x580a, 0x580a, 0x580a, 0x580a, 
  0x580a, 0x580a, 0x580a, 0x580a, 0x580a, 0x580a, 0x580a, 0x580a, 0x580a, 0x580a, 0x580a, 0x580a, 
  0x580a, 0x580a, 0x580a, 0x580a, 0x580a, 0x580a, 0x580a, 0x580a, 0x580a, 0x580a, 0x580a, 0x580a, 
  0x580a, 0x580a, 0x580a, 0x580a, 0x580a, 0x580a, 0x580a, 0x580a, 0x580a, 0x580a, 0x580a, 0x580a, 
  0x580a, 0x580a, 0x580a, 0x580a, 0x580a, 0x580a, 0x580a, 0x580a, 0x580a, 0x580a, 0x580a, 0x580a, 
  0x580a, 0x580a, 0x4849, 0x4849, 0x4028, 0x2024, 0x1023, 0x1844, 0x580a, 0x580a, 0x580a, 0x580a, 
  0x580a, 0x580a, 0x580a, 0x580a, 0x580a, 0x580a, 0x580a, 0x580a, 0x580a, 0x580a, 0x580a, 0x580a, 
  0x580a, 0x580a, 0x580a, 0x580a, 0x580a, 0x580a, 0x580a, 0x580a, 0x580a, 0x580a, 0x580a, 0x580a, 
  0x580a, 0x580a, 0x580a, 0x580a, 0x580a, 0x580a, 0x580a, 0x580a, 0x580a, 0x580a, 0x580a, 0x580a, 
  0x580a, 0x580a, 0x580a, 0x580a, 0x580a, 0x580a, 0x580a, 0x580a, 0x580a, 0x580a, 0x580a, 0x580a, 
  0x580a, 0x580a, 0x580a, 0x580a, 0x580a, 0x580a, 0x580a, 0x580a, 0x580a, 0x580a, 0x580a, 0x580a, 
  0x580a, 0x580a, 0x580a, 0x580a, 0x580a, 0x580a, 0x580a, 0x58cb, 0x58cb, 0x50ca, 0x30e6, 0x28e5, 
  0x3927, 0x580a, 0x580a, 0x580a, 0x580a, 0x580a, 0x580a, 0x580a, 0x580a, 0x580a, 0x580a, 0x580a, 
  0x580a, 0x580a, 0x580a, 0x580a, 0x580a, 0x580a, 0x580a, 0x580a, 0x580a, 0x580a, 0x580a, 0x580a, 
  0x580a, 0x580a, 0x580a, 0x580a, 0x580a, 0x580a, 0x580a, 0x580a, 0x580a, 0x580a, 0x580a, 0x580a, 
  0x580a, 0x580a, 0x580a, 0x580a, 0x580a, 0x580a, 0x580a, 0x580a, 0x580a, 0x580a, 0x580a, 0x580a, 
  0x580a, 0x580a, 0x580a, 0x580a, 0x580a, 0x580a, 0x580a, 0x580a, 0x580a, 0x580a, 0x580a, 0x580a, 
  0x580a, 0x580a, 0x580a, 0x580a, 0x580a, 0x580a, 0x580a, 0x580a, 0x580a, 0x580a, 0x580a, 0x580a, 
  0x4849, 0x4849, 0x4048, 0x2044, 0x1843, 0x2044, 0x2044, 0x2044, 0x2044, 0x2044, 0x2044, 0x626c, 
  0x3927, 0x1823, 0x1823, 0x1823, 0x1823, 0x1823, 0x580a, 0x580a, 0x580a, 0x580a, 0x580a, 0x580a, 
  0x580a, 0x580a, 0x580a, 0x580a, 0x580a, 0x580a, 0x580a, 0x580a, 0x580a, 0x580a, 0x580a, 0x580a, 
  0x580a, 0x580a, 0x580a, 0x580a, 0x580a, 0x580a, 0x580a, 0x580a, 0x580a, 0x580a, 0x580a, 0x580a, 
  0x580a, 0x580a, 0x580a, 0x580a, 0x580a, 0x580a, 0x580a, 0x580a, 0x580a, 0x580a, 0x580a, 0x580a, 
  0x580a, 0x580a, 0x580a, 0x580a, 0x580a, 0x580a, 0x580a, 0x580a, 0x580a, 0x580a, 0x580a, 0x580a, 
  0x580a, 0x580a, 0x580a, 0x580a, 0x580a, 0x580a, 0x580a, 0x580a, 0x580a, 0x580a, 0x580a, 0x580a, 
  0x580a, 0x580a, 0x580a, 0x580a, 0x580a, 0x4829, 0x4829, 0x4028, 0x2024, 0x1823, 0x2044, 0x580a, 
  0x580a, 0x580a, 0x580a, 0x580a, 0x580a, 0x580a, 0x580a, 0x580a, 0x580a, 0x580a, 0x580a, 0x580a, 
  0x580a, 0x580a, 0x580a, 0x580a, 0x580a, 0x580a, 0x580a, 0x580a, 0x580a, 0x580a, 0x580a, 0x580a, 
  0x580a, 0x580a, 0x580a, 0x580a, 0x580a, 0x580a, 0x580a, 0x580a, 0x580a, 0x580a, 0x580a, 0x580a, 
  0x580a, 0x580a, 0x580a, 0x580a, 0x580a, 0x580a, 0x580a, 0x580a, 0x580a, 0x580a, 0x580a, 0x580a, 
  0x580a, 0x580a, 0x580a, 0x580a, 0x580a, 0x580a, 0x580a, 0x580a, 0x580a, 0x580a, 0x580a, 0x580a, 
  0x580a, 0x580a, 0x580a, 0x580a, 0x580a, 0x580a, 0x580a, 0x580a, 0x580a, 0x580a, 0x4849, 0x4849, 
  0x4028, 0x2024, 0x1023, 0x1844, 0x580a, 0x580a, 0x580a, 0x580a, 0x580a, 0x580a, 0x580a, 0x580a, 
  0x580a, 0x580a, 0x580a, 0x580a, 0x580a, 0x580a, 0x580a, 0x580a, 0x580a, 0x580a, 0x580a, 0x580a, 
  0x580a, 0x580a, 0x580a, 0x580a, 0x580a, 0x580a, 0x580a, 0x580a, 0x580a, 0x580a, 0x580a, 0x580a, 
  0x580a, 0x580a, 0x580a, 0x580a, 0x580a, 0x580a, 0x580a, 0x580a, 0x580a, 0x580a, 0x580a, 0x580a, 
  0x580a, 0x580a, 0x580a, 0x580a, 0x580a, 0x580a, 0x580a, 0x580a, 0x580a, 0x580a, 0x580a, 0x580a, 
  0x580a, 0x580a, 0x580a, 0x580a, 0x580a, 0x580a, 0x580a, 0x580a, 0x580a, 0x580a, 0x580a, 0x580a, 
  0x580a, 0x580a, 0x580a, 0x58cb, 0x58cb, 0x50ca, 0x30e6, 0x28e5, 0x3927, 0x580a, 0x580a, 0x580a, 
  0x580a, 0x580a, 0x580a, 0x580a, 0x580a, 0x580a, 0x580a, 0x580a, 0x580a, 0x580a, 0x580a, 0x580a, 
  0x580a, 0x580a, 0x580a, 0x580a, 0x580a, 0x580a, 0x580a, 0x580a, 0x580a, 0x580a, 0x580a, 0x580a, 
  0x580a, 0x580a, 0x580a, 0x580a, 0x580a, 0x580a, 0x580a, 0x580a, 0x580a, 0x580a, 0x580a, 0x580a, 
  0x580a, 0x580a, 0x580a, 0x580a, 0x580a, 0x580a, 0x580a, 0x580a, 0x580a, 0x580a, 0x580a, 0x580a, 
  0x580a, 0x580a, 0x580a, 0x580a, 0x580a, 0x580a, 0x580a, 0x580a, 0x580a, 0x580a, 0x580a, 0x580a, 
  0x580a, 0x580a, 0x580a, 0x580a, 0x580a, 0x580a, 0x580a, 0x580a, 0x4849, 0x4849, 0x4048, 0x2044, 
  0x1843, 0x2044, 0x2044, 0x2044, 0x2044, 0x2044, 0x2044, 0x626c, 0x3927, 0x1823, 0x1823, 0x1823, 
  0x1823, 0x1823, 0x580a, 0x580a, 0x580a, 0x580a, 0x580a, 0x580a, 0x580a, 0x580a, 0x580a, 0x580a, 
  0x580a, 0x580a, 0x580a, 0x580a, 0x580a, 0x580a, 0x580a, 0x580a, 0x580a, 0x580a, 0x580a, 0x580a, 
  0x580a, 0x580a, 0x580a, 0x580a, 0x580a, 0x580a, 0x580a, 0x580a, 0x580a, 0x580a, 0x580a, 0x580a, 
  0x580a, 0x580a, 0x580a, 0x580a, 0x580a, 0x580a, 0x580a, 0x580a, 0x580a, 0x580a, 0x580a, 0x580a, 
  0x580a, 0x580a, 0x580a, 0x580a, 0x580a, 0x580a, 0x580a, 0x580a, 0x580a, 0x580a, 0x580a, 0x580a, 
  0x580a, 0x580a, 0x580a, 0x580a, 0x580a, 0x580a, 0x580a, 0x580a, 0x580a, 0x580a, 0x580a, 0x580a, 
  0x580a, 0x4829, 0x4829, 0x4028, 0x2024, 0x1823, 0x2044, 0x580a, 0x580a, 0x580a, 0x580a, 0x580a, 
  0x580a, 0x580a, 0x580a, 0x580a, 0x580a, 0x580a, 0x580a, 0x580a, 0x580a, 0x580a, 0x580a, 0x580a, 
  0x580a, 0x580a, 0x580a, 0x580a, 0x580a, 0x580a, 0x580a, 0x580a, 0x580a, 0x580a, 0x580a, 0x580a, 
  0x580a, 0x580a, 0x580a, 0x580a, 0x580a, 0x580a, 0x580a, 0x580a, 0x580a, 0x580a, 0x580a, 0x580a, 
  0x580a, 0x580a, 0x580a, 0x580a, 0x580a, 0x580a, 0x580a, 0x580a, 0x580a, 0x580a, 0x580a, 0x580a, 
  0x580a, 0x580a, 0x580a, 0x580a, 0x580a, 0x580a, 0x580a, 0x580a, 0x580a, 0x580a, 0x580a, 0x580a, 
  0x580a, 0x580a, 0x580a, 0x580a, 0x580a, 0x580a, 0x4849, 0x4849, 0x4048, 0x1824, 0x1023, 0x1844, 
  0x580a, 0x580a, 0x580a, 0x580a, 0x580a, 0x580a, 0x580a, 0x580a, 0x580a, 0x580a, 0x580a, 0x580a, 
  0x580a, 0x580a, 0x580a, 0x580a, 0x580a, 0x580a, 0x580a, 0x580a, 0x580a, 0x580a, 0x580a, 0x580a, 
  0x580a, 0x580a, 0x580a, 0x580a, 0x580a, 0x580a, 0x580a, 0x580a, 0x580a, 0x580a, 0x580a, 0x580a, 
  0x580a, 0x580a, 0x580a, 0x580a, 0x580a, 0x580a, 0x580a, 0x580a, 0x580a, 0x580a, 0x580a, 0x580a, 
  0x580a, 0x580a, 0x580a, 0x580a, 0x580a, 0x580a, 0x580a, 0x580a, 0x580a, 0x580a, 0x580a, 0x580a, 
  0x580a, 0x580a, 0x580a, 0x580a, 0x580a, 0x580a, 0x580a, 0x580a, 0x580a, 0x580a, 0x580a, 0x58cb, 
  0x58cb, 0x50ca, 0x30e6, 0x28e5, 0x3927, 0x580a, 0x580a, 0x580a, 0x580a, 0x580a, 0x580a, 0x580a, 
  0x580a, 0x580a, 0x580a, 0x580a, 0x580a, 0x580a, 0x580a, 0x580a, 0x580a, 0x580a, 0x580a, 0x580a, 
  0x580a, 0x580a, 0x580a, 0x580a, 0x580a, 0x580a, 0x580a, 0x580a, 0x580a, 0x580a, 0x580a, 0x580a, 
  0x580a, 0x580a, 0x580a, 0x580a, 0x580a, 0x580a, 0x580a, 0x580a, 0x580a, 0x580a, 0x580a, 0x580a, 
  0x580a, 0x580a, 0x580a, 0x580a, 0x580a, 0x580a, 0x580a, 0x580a, 0x580a, 0x580a, 0x580a, 0x580a, 
  0x580a, 0x580a, 0x580a, 0x580a, 0x580a, 0x580a, 0x580a, 0x580a, 0x580a, 0x580a, 0x580a, 0x580a, 
  0x580a, 0x580a, 0x580a, 0x580a, 0x4849, 0x4849, 0x4048, 0x2044, 0x1843, 0x2044, 0x2044, 0x2044, 
  0x2044, 0x2044, 0x2044, 0x626c, 0x3927, 0x1823, 0x1823, 0x1823, 0x1823, 0x1823, 0x580a, 0x580a, 
  0x580a, 0x580a, 0x580a, 0x580a, 0x580a, 0x580a, 0x580a, 0x580a, 0x580a, 0x580a, 0x580a, 0x580a, 
  0x580a, 0x580a, 0x580a, 0x580a, 0x580a, 0x580a, 0x580a, 0x580a, 0x580a, 0x580a, 0x580a, 0x580a, 
  0x580a, 0x580a, 0x580a, 0x580a, 0x580a, 0x580a, 0x580a, 0x580a, 0x580a, 0x580a, 0x580a, 0x580a, 
  0x580a, 0x580a, 0x580a, 0x580a, 0x580a, 0x580a, 0x580a, 0x580a, 0x580a, 0x580a, 0x580a, 0x580a, 
  0x580a, 0x580a, 0x580a, 0x580a, 0x580a, 0x580a, 0x580a, 0x580a, 0x580a, 0x580a, 0x580a, 0x580a, 
  0x580a, 0x580a, 0x580a, 0x580a, 0x580a, 0x580a, 0x580a, 0x580a, 0x580a, 0x4829, 0x4829, 0x4028, 
  0x2024, 0x1823, 0x2044, 0x580a, 0x580a, 0x580a, 0x580a, 0x580a, 0x580a, 0x580a, 0x580a, 0x580a, 
  0x580a, 0x580a, 0x580a, 0x580a, 0x580a, 0x580a, 0x580a, 0x580a, 0x580a, 0x580a, 0x580a, 0x580a, 
  0x580a, 0x580a, 0x580a, 0x580a, 0x580a, 0x580a, 0x580a, 0x580a, 0x580a, 0x580a, 0x580a, 0x580a, 
  0x580a, 0x580a, 0x580a, 0x580a, 0x580a, 0x580a, 0x580a, 0x580a, 0x580a, 0x580a, 0x580a, 0x580a, 
  0x580a, 0x580a, 0x580a, 0x580a, 0x580a, 0x580a, 0x580a, 0x580a, 0x580a, 0x580a, 0x580a, 0x580a, 
  0x580a, 0x580a, 0x580a, 0x580a, 0x580a, 0x580a, 0x580a, 0x580a, 0x580a, 0x580a, 0x580a, 0x580a, 
  0x580a, 0x580a, 0x4849, 0x4849, 0x4028, 0x2024, 0x1023, 0x1844, 0x580a, 0x580a, 0x580a, 0x580a, 
  0x580a, 0x580a, 0x580a, 0x580a, 0x580a, 0x580a, 0x580a, 0x580a, 0x580a, 0x580a, 0x580a, 0x580a, 
  0x580a, 0x580a, 0x580a, 0x580a, 0x580a, 0x580a, 0x580a, 0x580a, 0x580a, 0x580a, 0x580a, 0x580a, 
  0x580a, 0x580a, 0x580a, 0x580a, 0x580a, 0x580a, 0x580a, 0x580a, 0x580a, 0x580a, 0x580a, 0x580a, 
  0x580a, 0x580a, 0x580a, 0x580a, 0x580a, 0x580a, 0x580a, 0x580a, 0x580a, 0x580a, 0x580a, 0x580a, 
  0x580a, 0x580a, 0x580a, 0x580a, 0x580a, 0x580a, 0x580a, 0x580a, 0x580a, 0x580a, 0x580a, 0x580a, 
  0x580a, 0x580a, 0x580a, 0x580a, 0x580a, 0x580a, 0x580a, 0x58cb, 0x58cb, 0x50ca, 0x30c6, 0x28e5, 
  0x3927, 0x580a, 0x580a, 0x580a, 0x580a, 0x580a, 0x580a, 0x580a, 0x580a, 0x580a, 0x580a, 0x580a, 
  0x580a, 0x580a, 0x580a, 0x580a, 0x580a, 0x580a, 0x580a, 0x580a, 0x580a, 0x580a, 0x580a, 0x580a, 
  0x580a, 0x580a, 0x580a, 0x580a, 0x580a, 0x580a, 0x580a, 0x580a, 0x580a, 0x580a, 0x580a, 0x580a, 
  0x580a, 0x580a, 0x580a, 0x580a, 0x580a, 0x580a, 0x580a, 0x580a, 0x580a, 0x580a, 0x580a, 0x580a, 
  0x580a, 0x580a, 0x580a, 0x580a, 0x580a, 0x580a, 0x580a, 0x580a, 0x580a, 0x580a, 0x580a, 0x580a, 
  0x580a, 0x580a, 0x580a, 0x580a, 0x580a, 0x580a, 0x580a, 0x580a, 0x580a, 0x580a, 0x580a, 0x580a, 
  0x4849, 0x4849, 0x4048, 0x2024, 0x1823, 0x2044, 0x2044, 0x2044, 0x2044, 0x2044, 0x2044, 0x626c, 
  0x3927, 0x1823, 0x1823, 0x1823, 0x1823, 0x1823, 0x580a, 0x580a, 0x580a, 0x580a, 0x580a, 0x580a, 
  0x580a, 0x580a, 0x580a, 0x580a, 0x580a, 0x580a, 0x580a, 0x580a, 0x580a, 0x580a, 0x580a, 0x580a, 
  0x580a, 0x580a, 0x580a, 0x580a, 0x580a, 0x580a, 0x580a, 0x580a, 0x580a, 0x580a, 0x580a, 0x580a, 
  0x580a, 0x580a, 0x580a, 0x580a, 0x580a, 0x580a, 0x580a, 0x580a, 0x580a, 0x580a, 0x580a, 0x580a, 
  0x580a, 0x580a, 0x580a, 0x580a, 0x580a, 0x580a, 0x580a, 0x580a, 0x580a, 0x580a, 0x580a, 0x580a, 
  0x580a, 0x580a, 0x580a, 0x580a, 0x580a, 0x580a, 0x580a, 0x580a, 0x580a, 0x580a, 0x580a, 0x580a, 
  0x580a, 0x580a, 0x580a, 0x580a, 0x580a, 0x4829, 0x4829, 0x4028, 0x2024, 0x1823, 0x2044, 0x580a, 
  0x580a, 0x580a, 0x580a, 0x580a, 0x580a, 0x580a, 0x580a, 0x580a, 0x580a, 0x580a, 0x580a, 0x580a, 
  0x580a, 0x580a, 0x580a, 0x580a, 0x580a, 0x580a, 0x580a, 0x580a, 0x580a, 0x580a, 0x580a, 0x580a, 
  0x580a, 0x580a, 0x580a, 0x580a, 0x580a, 0x580a, 0x580a, 0x580a, 0x580a, 0x580a, 0x580a, 0x580a, 
  0x580a, 0x580a, 0x580a, 0x580a, 0x580a, 0x580a, 0x580a, 0x580a, 0x580a, 0x580a, 0x580a, 0x580a, 
  0x580a, 0x580a, 0x580a, 0x580a, 0x580a, 0x580a, 0x580a, 0x580a, 0x580a, 0x580a, 0x580a, 0x580a, 
  0x580a, 0x580a, 0x580a, 0x580a, 0x580a, 0x580a, 0x580a, 0x580a, 0x580a, 0x580a, 0x4849, 0x4849, 
  0x4028, 0x2024, 0x1023, 0x1844, 0x580a, 0x580a, 0x580a, 0x580a, 0x580a, 0x580a, 0x580a, 0x580a, 
  0x580a, 0x580a, 0x580a, 0x580a, 0x580a, 0x580a, 0x580a, 0x580a, 0x580a, 0x580a, 0x580a, 0x580a, 
  0x580a, 0x580a, 0x580a, 0x580a, 0x580a, 0x580a, 0x580a, 0x580a, 0x580a, 0x580a, 0x580a, 0x580a, 
  0x580a, 0x580a, 0x580a, 0x580a, 0x580a, 0x580a, 0x580a, 0x580a, 0x580a, 0x580a, 0x580a, 0x580a, 
  0x580a, 0x580a, 0x580a, 0x580a, 0x580a, 0x580a, 0x580a, 0x580a, 0x580a, 0x580a, 0x580a, 0x580a, 
  0x580a, 0x580a, 0x580a, 0x580a, 0x580a, 0x580a, 0x580a, 0x580a, 0x580a, 0x580a, 0x580a, 0x580a, 
  0x580a, 0x580a, 0x580a, 0x58cb, 0x58cb, 0x50ca, 0x30e6, 0x28e5, 0x3927, 0x580a, 0x580a, 0x580a, 
  0x580a, 0x580a, 0x580a, 0x580a, 0x580a, 0x580a, 0x580a, 0x580a, 0x580a, 0x580a, 0x580a, 0x580a, 
  0x580a, 0x580a, 0x580a, 0x580a, 0x580a, 0x580a, 0x580a, 0x580a, 0x580a, 0x580a, 0x580a, 0x580a, 
  0x580a, 0x580a, 0x580a, 0x580a, 0x580a, 0x580a, 0x580a, 0x580a, 0x580a, 0x580a, 0x580a, 0x580a, 
  0x580a, 0x580a, 0x580a, 0x580a, 0x580a, 0x580a, 0x580a, 0x580a, 0x580a, 0x580a, 0x580a, 0x580a, 
  0x580a, 0x580a, 0x580a, 0x580a, 0x580a, 0x580a, 0x580a, 0x580a, 0x580a, 0x580a, 0x580a, 0x580a, 
  0x580a, 0x580a, 0x580a, 0x580a, 0x580a, 0x580a, 0x580a, 0x580a, 0x4849, 0x4849, 0x4048, 0x2024, 
  0x1023, 0x2044, 0x2044, 0x2044, 0x2044, 0x2044, 0x1844, 0x626c, 0x3927, 0x1823, 0x1823, 0x1823, 
  0x1823, 0x1823, 0x580a, 0x580a, 0x580a, 0x580a, 0x580a, 0x580a, 0x580a, 0x580a, 0x580a, 0x500a, 
  0x580a, 0x580a, 0x580a, 0x580a, 0x580a, 0x580a, 0x580a, 0x580a, 0x580a, 0x500a, 0x580a, 0x580a, 
  0x580a, 0x580a, 0x580a, 0x580a, 0x580a, 0x580a, 0x580a, 0x580a, 0x580a, 0x580a, 0x580a, 0x580a, 
  0x580a, 0x580a, 0x580a, 0x580a, 0x580a, 0x580a, 0x580a, 0x580a, 0x580a, 0x580a, 0x580a, 0x580a, 
  0x580a, 0x580a, 0x580a, 0x500a, 0x580a, 0x580a, 0x580a, 0x500a, 0x580a, 0x580a, 0x580a, 0x580a, 
  0x580a, 0x500a, 0x580a, 0x580a, 0x580a, 0x580a, 0x580a, 0x580a, 0x580a, 0x500a, 0x580a, 0x580a, 
  0x580a, 0x4829, 0x4829, 0x4028, 0x2024, 0x1823, 0x2044, 0x580a, 0x580a, 0x580a, 0x580a, 0x580a, 
  0x580a, 0x580a, 0x580a, 0x580a, 0x580a, 0x580a, 0x580a, 0x580a, 0x580a, 0x580a, 0x580a, 0x580a, 
  0x580a, 0x580a, 0x580a, 0x580a, 0x580a, 0x580a, 0x580a, 0x580a, 0x580a, 0x580a, 0x580a, 0x580a, 
  0x580a, 0x580a, 0x580a, 0x580a, 0x580a, 0x580a, 0x580a, 0x580a, 0x580a, 0x580a, 0x580a, 0x500a, 
  0x580a, 0x500a, 0x580a, 0x580a, 0x580a, 0x580a, 0x580a, 0x580a, 0x580a, 0x580a, 0x580a, 0x580a, 
  0x580a, 0x580a, 0x580a, 0x580a, 0x580a, 0x580a, 0x580a, 0x580a, 0x580a, 0x580a, 0x500a, 0x580a, 
  0x580a, 0x580a, 0x580a, 0x580a, 0x580a, 0x580a, 0x4849, 0x4849, 0x4048, 0x2024, 0x1023, 0x1844, 
  0x580a, 0x580a, 0x580a, 0x580a, 0x580a, 0x580a, 0x580a, 0x580a, 0x500a, 0x580a, 0x580a, 0x580a, 
  0x580a, 0x580a, 0x500a, 0x580a, 0x580a, 0x580a, 0x580a, 0x580a, 0x500a, 0x580a, 0x580a, 0x580a, 
  0x580a, 0x580a, 0x580a, 0x580a, 0x580a, 0x580a, 0x580a, 0x580a, 0x580a, 0x580a, 0x580a, 0x580a, 
  0x580a, 0x580a, 0x580a, 0x580a, 0x580a, 0x580a, 0x580a, 0x580a, 0x580a, 0x580a, 0x580a, 0x580a, 
  0x580a, 0x580a, 0x580a, 0x580a, 0x580a, 0x580a, 0x500a, 0x580a, 0x580a, 0x580a, 0x580a, 0x580a, 
  0x580a, 0x580a, 0x580a, 0x580a, 0x580a, 0x580a, 0x580a, 0x580a, 0x580a, 0x580a, 0x580a, 0x58cb, 
  0x58cb, 0x50ca, 0x30c6, 0x28e5, 0x3927, 0x500a, 0x580a, 0x580a, 0x580a, 0x580a, 0x580a, 0x580a, 
  0x580a, 0x580a, 0x580a, 0x580a, 0x580a, 0x580a, 0x580a, 0x580a, 0x580a, 0x580a, 0x580a, 0x580a, 
  0x580a, 0x580a, 0x580a, 0x580a, 0x580a, 0x580a, 0x580a, 0x580a, 0x580a, 0x580a, 0x580a, 0x580a, 
  0x580a, 0x580a, 0x580a, 0x580a, 0x580a, 0x580a, 0x580a, 0x580a, 0x580a, 0x580a, 0x580a, 0x580a, 
  0x580a, 0x500a, 0x580a, 0x580a, 0x580a, 0x580a, 0x580a, 0x580a, 0x580a, 0x580a, 0x580a, 0x580a, 
  0x580a, 0x580a, 0x580a, 0x580a, 0x580a, 0x580a, 0x580a, 0x580a, 0x580a, 0x580a, 0x580a, 0x580a, 
  0x580a, 0x580a, 0x580a, 0x580a, 0x4849, 0x4849, 0x4048, 0x2024, 0x1023, 0x1844, 0x1844, 0x2044, 
  0x2044, 0x2044, 0x1844, 0x626c, 0x3927, 0x1823, 0x1823, 0x1823, 0x1823, 0x1823, 0x500a, 0x580a, 
  0x500a, 0x500a, 0x500a, 0x500a, 0x500a, 0x500a, 0x500a, 0x500a, 0x500a, 0x500a, 0x500a, 0x580a, 
  0x500a, 0x500a, 0x580a, 0x580a, 0x500a, 0x580a, 0x580a, 0x500a, 0x500a, 0x580a, 0x500a, 0x500a, 
  0x580a, 0x580a, 0x580a, 0x500a, 0x580a, 0x580a, 0x500a, 0x580a, 0x500a, 0x500a, 0x580a, 0x500a, 
  0x500a, 0x580a, 0x580a, 0x500a, 0x580a, 0x500a, 0x500a, 0x580a, 0x500a, 0x580a, 0x500a, 0x500a, 
  0x500a, 0x500a, 0x500a, 0x500a, 0x580a, 0x500a, 0x500a, 0x580a, 0x500a, 0x580a, 0x500a, 0x500a, 
  0x580a, 0x500a, 0x500a, 0x500a, 0x580a, 0x500a, 0x580a, 0x500a, 0x580a, 0x4829, 0x4829, 0x4028, 
  0x2024, 0x1823, 0x2044, 0x500a, 0x500a, 0x580a, 0x500a, 0x500a, 0x500a, 0x580a, 0x500a, 0x500a, 
  0x580a, 0x500a, 0x500a, 0x500a, 0x580a, 0x500a, 0x500a, 0x500a, 0x500a, 0x580a, 0x500a, 0x500a, 
  0x580a, 0x580a, 0x580a, 0x580a, 0x580a, 0x500a, 0x580a, 0x500a, 0x500a, 0x500a, 0x580a, 0x500a, 
  0x580a, 0x500a, 0x500a, 0x500a, 0x580a, 0x580a, 0x500a, 0x500a, 0x500a, 0x500a, 0x580a, 0x580a, 
  0x580a, 0x500a, 0x500a, 0x500a, 0x580a, 0x580a, 0x580a, 0x500a, 0x500a, 0x500a, 0x580a, 0x500a, 
  0x500a, 0x580a, 0x580a, 0x500a, 0x500a, 0x580a, 0x580a, 0x500a, 0x580a, 0x580a, 0x500a, 0x500a, 
  0x500a, 0x500a, 0x4849, 0x4849, 0x4028, 0x2024, 0x1023, 0x1844, 0x580a, 0x500a, 0x500a, 0x580a, 
  0x500a, 0x500a, 0x580a, 0x500a, 0x500a, 0x580a, 0x580a, 0x580a, 0x500a, 0x580a, 0x500a, 0x500a, 
  0x580a, 0x500a, 0x500a, 0x500a, 0x580a, 0x580a, 0x500a, 0x500a, 0x580a, 0x500a, 0x500a, 0x500a, 
  0x580a, 0x580a, 0x500a, 0x500a, 0x580a, 0x500a, 0x500a, 0x500a, 0x580a, 0x500a, 0x500a, 0x580a, 
  0x500a, 0x580a, 0x580a, 0x580a, 0x500a, 0x580a, 0x580a, 0x580a, 0x580a, 0x500a, 0x580a, 0x500a, 
  0x580a, 0x500a, 0x580a, 0x580a, 0x580a, 0x580a, 0x580a, 0x500a, 0x500a, 0x580a, 0x580a, 0x580a, 
  0x580a, 0x580a, 0x580a, 0x580a, 0x580a, 0x580a, 0x580a, 0x58cb, 0x58cb, 0x50ca, 0x30e6, 0x28e5, 
  0x3927, 0x500a, 0x500a, 0x580a, 0x580a, 0x580a, 0x500a, 0x500a, 0x500a, 0x580a, 0x580a, 0x500a, 
  0x580a, 0x580a, 0x580a, 0x500a, 0x500a, 0x500a, 0x500a, 0x580a, 0x500a, 0x580a, 0x580a, 0x580a, 
  0x500a, 0x500a, 0x500a, 0x580a, 0x580a, 0x580a, 0x500a, 0x500a, 0x580a, 0x580a, 0x500a, 0x500a, 
  0x580a, 0x500a, 0x500a, 0x580a, 0x500a, 0x500a, 0x580a, 0x580a, 0x500a, 0x580a, 0x580a, 0x500a, 
  0x500a, 0x580a, 0x500a, 0x500a, 0x580a, 0x580a, 0x580a, 0x500a, 0x580a, 0x580a, 0x500a, 0x580a, 
  0x500a, 0x500a, 0x580a, 0x500a, 0x500a, 0x580a, 0x580a, 0x500a, 0x580a, 0x500a, 0x500a, 0x580a, 
  0x4849, 0x4849, 0x4048, 0x2024, 0x1023, 0x1844, 0x1844, 0x1844, 0x2044, 0x1844, 0x1844, 0x626c, 
  0x3927, 0x1823, 0x1823, 0x1823, 0x1823, 0x1823, 0x500a, 0x500a, 0x580a, 0x500a, 0x500a, 0x500a, 
  0x500a, 0x500a, 0x500a, 0x500a, 0x500a, 0x500a, 0x500a, 0x500a, 0x500a, 0x500a, 0x500a, 0x500a, 
  0x500a, 0x500a, 0x500a, 0x500a, 0x500a, 0x500a, 0x500a, 0x500a, 0x500a, 0x500a, 0x500a, 0x500a, 
  0x500a, 0x500a, 0x580a, 0x500a, 0x500a, 0x500a, 0x500a, 0x500a, 0x500a, 0x500a, 0x500a, 0x500a, 
  0x500a, 0x500a, 0x500a, 0x580a, 0x500a, 0x500a, 0x500a, 0x500a, 0x500a, 0x500a, 0x500a, 0x500a, 
  0x500a, 0x500a, 0x500a, 0x500a, 0x500a, 0x500a, 0x500a, 0x500a, 0x500a, 0x500a, 0x500a, 0x500a, 
  0x500a, 0x500a, 0x500a, 0x500a, 0x500a, 0x4829, 0x4829, 0x4028, 0x2024, 0x1823, 0x2044, 0x500a, 
  0x500a, 0x500a, 0x500a, 0x500a, 0x500a, 0x500a, 0x500a, 0x500a, 0x500a, 0x500a, 0x500a, 0x580a, 
  0x500a, 0x500a, 0x500a, 0x500a, 0x500a, 0x500a, 0x500a, 0x500a, 0x500a, 0x500a, 0x500a, 0x500a, 
  0x500a, 0x500a, 0x500a, 0x500a, 0x500a, 0x500a, 0x500a, 0x500a, 0x500a, 0x500a, 0x500a, 0x500a, 
  0x500a, 0x500a, 0x580a, 0x500a, 0x500a, 0x500a, 0x500a, 0x500a, 0x500a, 0x500a, 0x500a, 0x580a, 
  0x500a, 0x500a, 0x500a, 0x500a, 0x500a, 0x500a, 0x500a, 0x500a, 0x500a, 0x500a, 0x500a, 0x500a, 
  0x500a, 0x500a, 0x500a, 0x500a, 0x500a, 0x500a, 0x500a, 0x500a, 0x500a, 0x580a, 0x4849, 0x4849, 
  0x4048, 0x1824, 0x1023, 0x1844, 0x500a, 0x500a, 0x500a, 0x500a, 0x500a, 0x500a, 0x500a, 0x500a, 
  0x500a, 0x500a, 0x500a, 0x500a, 0x500a, 0x500a, 0x500a, 0x500a, 0x500a, 0x500a, 0x580a, 0x500a, 
  0x500a, 0x500a, 0x500a, 0x500a, 0x500a, 0x500a, 0x500a, 0x500a, 0x500a, 0x500a, 0x500a, 0x500a, 
  0x500a, 0x500a, 0x500a, 0x500a, 0x500a, 0x500a, 0x500a, 0x500a, 0x500a, 0x500a, 0x580a, 0x500a, 
  0x500a, 0x580a, 0x500a, 0x500a, 0x500a, 0x500a, 0x500a, 0x500a, 0x500a, 0x500a, 0x500a, 0x500a, 
  0x500a, 0x500a, 0x500a, 0x500a, 0x500a, 0x500a, 0x500a, 0x500a, 0x580a, 0x500a, 0x500a, 0x500a, 
  0x500a, 0x500a, 0x500a, 0x58cb, 0x58cb, 0x50ca, 0x30e6, 0x28e5, 0x3927, 0x500a, 0x500a, 0x500a, 
  0x500a, 0x500a, 0x500a, 0x500a, 0x500a, 0x500a, 0x500a, 0x500a, 0x500a, 0x500a, 0x500a, 0x500a, 
  0x580a, 0x500a, 0x500a, 0x500a, 0x500a, 0x500a, 0x500a, 0x500a, 0x500a, 0x500a, 0x500a, 0x500a, 
  0x580a, 0x500a, 0x580a, 0x500a, 0x500a, 0x500a, 0x500a, 0x500a, 0x500a, 0x580a, 0x500a, 0x500a, 
  0x500a, 0x500a, 0x500a, 0x500a, 0x500a, 0x500a, 0x500a, 0x500a, 0x500a, 0x500a, 0x500a, 0x500a, 
  0x500a, 0x500a, 0x500a, 0x500a, 0x500a, 0x500a, 0x580a, 0x500a, 0x500a, 0x500a, 0x500a, 0x500a, 
  0x500a, 0x500a, 0x500a, 0x500a, 0x500a, 0x500a, 0x500a, 0x580a, 0x4849, 0x4849, 0x4048, 0x2024, 
  0x1023, 0x1844, 0x1844, 0x1844, 0x1844, 0x1844, 0x1844, 0x626c, 0x3927, 0x1823, 0x1823, 0x1823, 
  0x1823, 0x1823, 0x500a, 0x500a, 0x500a, 0x500a, 0x500a, 0x500a, 0x500a, 0x500a, 0x500a, 0x500a, 
  0x500a, 0x500a, 0x500a, 0x500a, 0x500a, 0x500a, 0x500a, 0x500a, 0x500a, 0x500a, 0x500a, 0x500a, 
  0x500a, 0x500a, 0x500a, 0x500a, 0x500a, 0x500a, 0x500a, 0x500a, 0x500a, 0x500a, 0x500a, 0x500a, 
  0x500a, 0x500a, 0x500a, 0x500a, 0x500a, 0x500a, 0x500a, 0x500a, 0x500a, 0x500a, 0x500a, 0x500a, 
  0x500a, 0x500a, 0x500a, 0x500a, 0x500a, 0x500a, 0x500a, 0x500a, 0x500a, 0x500a, 0x500a, 0x500a, 
  0x500a, 0x500a, 0x500a, 0x500a, 0x500a, 0x500a, 0x500a, 0x500a, 0x500a, 0x500a, 0x500a, 0x500a, 
  0x500a, 0x4849, 0x4829, 0x4028, 0x2024, 0x1823, 0x2044, 0x500a, 0x500a, 0x500a, 0x500a, 0x500a, 
  0x500a, 0x500a, 0x500a, 0x500a, 0x500a, 0x500a, 0x500a, 0x500a, 0x500a, 0x500a, 0x500a, 0x500a, 
  0x500a, 0x500a, 0x500a, 0x500a, 0x500a, 0x500a, 0x500a, 0x500a, 0x500a, 0x500a, 0x500a, 0x500a, 
  0x500a, 0x500a, 0x500a, 0x500a, 0x500a, 0x500a, 0x500a, 0x500a, 0x500a, 0x500a, 0x500a, 0x500a, 
  0x500a, 0x500a, 0x500a, 0x500a, 0x500a, 0x500a, 0x500a, 0x500a, 0x500a, 0x500a, 0x500a, 0x500a, 
  0x500a, 0x500a, 0x500a, 0x500a, 0x500a, 0x500a, 0x500a, 0x500a, 0x500a, 0x500a, 0x500a, 0x500a, 
  0x500a, 0x500a, 0x500a, 0x500a, 0x500a, 0x500a, 0x4829, 0x4849, 0x4028, 0x2024, 0x1023, 0x1844, 
  0x500a, 0x500a, 0x500a, 0x500a, 0x500a, 0x500a, 0x500a, 0x500a, 0x500a, 0x500a, 0x500a, 0x500a, 
  0x500a, 0x500a, 0x500a, 0x500a, 0x500a, 0x500a, 0x500a, 0x500a, 0x500a, 0x500a, 0x500a, 0x500a, 
  0x500a, 0x500a, 0x500a, 0x500a, 0x500a, 0x500a, 0x500a, 0x500a, 0x500a, 0x500a, 0x500a, 0x500a, 
  0x500a, 0x500a, 0x500a, 0x500a, 0x500a, 0x500a, 0x500a, 0x500a, 0x500a, 0x500a, 0x500a, 0x500a, 
  0x500a, 0x500a, 0x500a, 0x500a, 0x500a, 0x500a, 0x500a, 0x500a, 0x500a, 0x500a, 0x500a, 0x500a, 
  0x500a, 0x500a, 0x500a, 0x500a, 0x500a, 0x500a, 0x500a, 0x500a, 0x500a, 0x500a, 0x500a, 0x58ab, 
  0x58cb, 0x50ca, 0x30e6, 0x28c5, 0x3927, 0x500a, 0x500a, 0x500a, 0x500a, 0x500a, 0x500a, 0x500a, 
  0x500a, 0x500a, 0x500a, 0x500a, 0x500a, 0x500a, 0x500a, 0x500a, 0x500a, 0x500a, 0x500a, 0x500a, 
  0x500a, 0x500a, 0x500a, 0x500a, 0x500a, 0x500a, 0x500a, 0x500a, 0x500a, 0x500a, 0x500a, 0x500a, 
  0x500a, 0x500a, 0x500a, 0x500a, 0x500a, 0x500a, 0x500a, 0x500a, 0x500a, 0x500a, 0x500a, 0x500a, 
  0x500a, 0x500a, 0x500a, 0x500a, 0x500a, 0x500a, 0x500a, 0x500a, 0x500a, 0x500a, 0x500a, 0x500a, 
  0x500a, 0x500a, 0x500a, 0x500a, 0x500a, 0x500a, 0x500a, 0x500a, 0x500a, 0x500a, 0x500a, 0x500a, 
  0x500a, 0x500a, 0x500a, 0x500a, 0x4829, 0x4849, 0x4028, 0x2024, 0x1023, 0x1844, 0x1844, 0x1844, 
  0x1844, 0x1844, 0x1823, 0x626c, 0x3927, 0x1823, 0x1823, 0x1823, 0x1823, 0x1823, 0x500a, 0x500a, 
  0x500a, 0x500a, 0x500a, 0x500a, 0x500a, 0x500a, 0x500a, 0x500a, 0x500a, 0x500a, 0x500a, 0x500a, 
  0x500a, 0x500a, 0x500a, 0x500a, 0x500a, 0x500a, 0x500a, 0x500a, 0x500a, 0x500a, 0x500a, 0x500a, 
  0x500a, 0x500a, 0x500a, 0x500a, 0x500a, 0x500a, 0x500a, 0x500a, 0x500a, 0x500a, 0x500a, 0x500a, 
  0x500a, 0x500a, 0x500a, 0x500a, 0x500a, 0x500a, 0x500a, 0x500a, 0x500a, 0x500a, 0x500a, 0x500a, 
  0x500a, 0x500a, 0x500a, 0x500a, 0x500a, 0x500a, 0x500a, 0x500a, 0x500a, 0x500a, 0x500a, 0x500a, 
  0x500a, 0x500a, 0x500a, 0x500a, 0x500a, 0x500a, 0x500a, 0x500a, 0x500a, 0x4829, 0x4829, 0x4028, 
  0x2024, 0x1823, 0x2044, 0x500a, 0x500a, 0x500a, 0x500a, 0x500a, 0x500a, 0x500a, 0x500a, 0x500a, 
  0x500a, 0x500a, 0x500a, 0x500a, 0x500a, 0x500a, 0x500a, 0x500a, 0x500a, 0x500a, 0x500a, 0x500a, 
  0x500a, 0x500a, 0x500a, 0x500a, 0x500a, 0x500a, 0x500a, 0x500a, 0x500a, 0x500a, 0x500a, 0x500a, 
  0x500a, 0x500a, 0x500a, 0x500a, 0x500a, 0x500a, 0x500a, 0x500a, 0x500a, 0x500a, 0x500a, 0x500a, 
  0x500a, 0x500a, 0x500a, 0x500a, 0x500a, 0x500a, 0x500a, 0x500a, 0x500a, 0x500a, 0x500a, 0x500a, 
  0x500a, 0x500a, 0x500a, 0x500a, 0x500a, 0x500a, 0x500a, 0x500a, 0x500a, 0x500a, 0x500a, 0x500a, 
  0x500a, 0x500a, 0x4829, 0x4849, 0x4028, 0x2024, 0x1023, 0x1844, 0x500a, 0x500a, 0x500a, 0x500a, 
  0x500a, 0x500a, 0x500a, 0x500a, 0x500a, 0x500a, 0x500a, 0x500a, 0x500a, 0x500a, 0x500a, 0x500a, 
  0x500a, 0x500a, 0x500a, 0x500a, 0x500a, 0x500a, 0x500a, 0x500a, 0x500a, 0x500a, 0x500a, 0x500a, 
  0x500a, 0x500a, 0x500a, 0x500a, 0x500a, 0x500a, 0x500a, 0x500a, 0x500a, 0x500a, 0x500a, 0x500a, 
  0x500a, 0x500a, 0x500a, 0x500a, 0x500a, 0x500a, 0x500a, 0x500a, 0x500a, 0x500a, 0x500a, 0x500a, 
  0x500a, 0x500a, 0x500a, 0x500a, 0x500a, 0x500a, 0x500a, 0x500a, 0x500a, 0x500a, 0x500a, 0x500a, 
  0x500a, 0x500a, 0x500a, 0x500a, 0x500a, 0x500a, 0x500a, 0x58cb, 0x58cb, 0x50ca, 0x30c6, 0x28c5, 
  0x3927, 0x500a, 0x500a, 0x500a, 0x500a, 0x500a, 0x500a, 0x500a, 0x500a, 0x500a, 0x500a, 0x500a, 
  0x500a, 0x500a, 0x500a, 0x500a, 0x500a, 0x500a, 0x500a, 0x500a, 0x500a, 0x500a, 0x500a, 0x500a, 
  0x500a, 0x500a, 0x500a, 0x500a, 0x500a, 0x500a, 0x500a, 0x500a, 0x500a, 0x500a, 0x500a, 0x500a, 
  0x500a, 0x500a, 0x500a, 0x500a, 0x500a, 0x500a, 0x500a, 0x500a, 0x500a, 0x500a, 0x500a, 0x500a, 
  0x500a, 0x500a, 0x500a, 0x500a, 0x500a, 0x500a, 0x500a, 0x500a, 0x500a, 0x500a, 0x500a, 0x500a, 
  0x500a, 0x500a, 0x500a, 0x500a, 0x500a, 0x500a, 0x500a, 0x500a, 0x500a, 0x500a, 0x500a, 0x500a, 
  0x4849, 0x4829, 0x4028, 0x1824, 0x1022, 0x1823, 0x1823, 0x1824, 0x1824, 0x1823, 0x1823, 0x626c, 
  0x3927, 0x1823, 0x1823, 0x1823, 0x1823, 0x1823, 0x500a, 0x500a, 0x500a, 0x500a, 0x500a, 0x500a, 
  0x500a, 0x500a, 0x500a, 0x500a, 0x500a, 0x500a, 0x500a, 0x500a, 0x500a, 0x500a, 0x500a, 0x500a, 
  0x500a, 0x500a, 0x500a, 0x500a, 0x500a, 0x500a, 0x500a, 0x500a, 0x500a, 0x500a, 0x500a, 0x500a, 
  0x500a, 0x500a, 0x500a, 0x500a, 0x500a, 0x500a, 0x500a, 0x500a, 0x500a, 0x500a, 0x500a, 0x500a, 
  0x500a, 0x500a, 0x500a, 0x500a, 0x500a, 0x500a, 0x500a, 0x500a, 0x500a, 0x500a, 0x500a, 0x500a, 
  0x500a, 0x500a, 0x500a, 0x500a, 0x500a, 0x500a, 0x500a, 0x500a, 0x500a, 0x500a, 0x500a, 0x500a, 
  0x500a, 0x500a, 0x500a, 0x500a, 0x500a, 0x4829, 0x4829, 0x4028, 0x2024, 0x1823, 0x2044, 0x500a, 
  0x500a, 0x500a, 0x500a, 0x500a, 0x500a, 0x500a, 0x500a, 0x500a, 0x500a, 0x500a, 0x500a, 0x500a, 
  0x500a, 0x500a, 0x500a, 0x500a, 0x500a, 0x500a, 0x500a, 0x500a, 0x500a, 0x500a, 0x500a, 0x500a, 
  0x500a, 0x500a, 0x500a, 0x500a, 0x500a, 0x500a, 0x500a, 0x500a, 0x500a, 0x500a, 0x500a, 0x500a, 
  0x500a, 0x500a, 0x500a, 0x500a, 0x500a, 0x500a, 0x500a, 0x500a, 0x500a, 0x500a, 0x500a, 0x500a, 
  0x500a, 0x500a, 0x500a, 0x500a, 0x500a, 0x500a, 0x500a, 0x500a, 0x500a, 0x500a, 0x500a, 0x500a, 
  0x500a, 0x500a, 0x500a, 0x500a, 0x500a, 0x500a, 0x500a, 0x500a, 0x500a, 0x500a, 0x4829, 0x4849, 
  0x4027, 0x2024, 0x1023, 0x1844, 0x500a, 0x500a, 0x500a, 0x500a, 0x500a, 0x500a, 0x500a, 0x500a, 
  0x500a, 0x500a, 0x500a, 0x500a, 0x500a, 0x500a, 0x500a, 0x500a, 0x500a, 0x500a, 0x500a, 0x500a, 
  0x500a, 0x500a, 0x500a, 0x500a, 0x500a, 0x500a, 0x500a, 0x500a, 0x500a, 0x500a, 0x500a, 0x500a, 
  0x500a, 0x500a, 0x500a, 0x500a, 0x500a, 0x500a, 0x500a, 0x500a, 0x500a, 0x500a, 0x500a, 0x500a, 
  0x500a, 0x500a, 0x500a, 0x500a, 0x500a, 0x500a, 0x500a, 0x500a, 0x500a, 0x500a, 0x500a, 0x500a, 
  0x500a, 0x500a, 0x500a, 0x500a, 0x500a, 0x500a, 0x500a, 0x500a, 0x500a, 0x500a, 0x500a, 0x500a, 
  0x500a, 0x500a, 0x500a, 0x58cb, 0x58cb, 0x50ca, 0x30c6, 0x28c5, 0x3107, 0x500a, 0x500a, 0x500a, 
  0x500a, 0x500a, 0x500a, 0x500a, 0x500a, 0x500a, 0x500a, 0x500a, 0x500a, 0x500a, 0x500a, 0x500a, 
  0x500a, 0x500a, 0x500a, 0x500a, 0x500a, 0x500a, 0x500a, 0x500a, 0x500a, 0x500a, 0x500a, 0x500a, 
  0x500a, 0x500a, 0x500a, 0x500a, 0x500a, 0x500a, 0x500a, 0x500a, 0x500a, 0x500a, 0x500a, 0x500a, 
  0x500a, 0x500a, 0x500a, 0x500a, 0x500a, 0x500a, 0x500a, 0x500a, 0x500a, 0x500a, 0x500a, 0x500a, 
  0x500a, 0x500a, 0x500a, 0x500a, 0x500a, 0x500a, 0x500a, 0x500a, 0x500a, 0x500a, 0x500a, 0x500a, 
  0x500a, 0x500a, 0x500a, 0x500a, 0x500a, 0x500a, 0x500a, 0x500a, 0x4849, 0x4829, 0x4028, 0x1824, 
  0x1022, 0x1823, 0x1823, 0x1823, 0x1823, 0x1823, 0x1823, 0x626c, 0x3927, 0x1823, 0x1823, 0x1823, 
  0x1823, 0x1823, 0x500a, 0x500a, 0x500a, 0x500a, 0x500a, 0x500a, 0x500a, 0x500a, 0x500a, 0x500a, 
  0x500a, 0x500a, 0x500a, 0x500a, 0x500a, 0x500a, 0x500a, 0x500a, 0x500a, 0x500a, 0x500a, 0x500a, 
  0x500a, 0x500a, 0x500a, 0x500a, 0x500a, 0x500a, 0x500a, 0x500a, 0x500a, 0x500a, 0x500a, 0x500a, 
  0x500a, 0x500a, 0x500a, 0x500a, 0x500a, 0x500a, 0x500a, 0x500a, 0x500a, 0x500a, 0x500a, 0x500a, 
  0x500a, 0x500a, 0x500a, 0x500a, 0x500a, 0x500a, 0x500a, 0x500a, 0x500a, 0x500a, 0x500a, 0x500a, 
  0x500a, 0x500a, 0x500a, 0x500a, 0x500a, 0x500a, 0x500a, 0x500a, 0x500a, 0x500a, 0x500a, 0x500a, 
  0x500a, 0x4829, 0x4829, 0x4028, 0x2024, 0x1823, 0x2044, 0x500a, 0x500a, 0x500a, 0x500a, 0x500a, 
  0x500a, 0x500a, 0x500a, 0x500a, 0x500a, 0x500a, 0x500a, 0x500a, 0x500a, 0x500a, 0x500a, 0x500a, 
  0x500a, 0x500a, 0x500a, 0x500a, 0x500a, 0x500a, 0x500a, 0x500a, 0x500a, 0x500a, 0x500a, 0x500a, 
  0x500a, 0x500a, 0x500a, 0x500a, 0x500a, 0x500a, 0x500a, 0x500a, 0x500a, 0x500a, 0x500a, 0x500a, 
  0x500a, 0x500a, 0x500a, 0x500a, 0x500a, 0x500a, 0x500a, 0x500a, 0x500a, 0x500a, 0x500a, 0x500a, 
  0x500a, 0x500a, 0x500a, 0x500a, 0x500a, 0x500a, 0x500a, 0x500a, 0x500a, 0x500a, 0x500a, 0x500a, 
  0x500a, 0x500a, 0x500a, 0x500a, 0x500a, 0x500a, 0x4829, 0x4829, 0x4047, 0x2024, 0x1023, 0x1844, 
  0x500a, 0x500a, 0x500a, 0x500a, 0x500a, 0x500a, 0x500a, 0x500a, 0x500a, 0x500a, 0x500a, 0x500a, 
  0x500a, 0x500a, 0x500a, 0x500a, 0x500a, 0x500a, 0x500a, 0x500a, 0x500a, 0x500a, 0x500a, 0x500a, 
  0x500a, 0x500a, 0x500a, 0x500a, 0x500a, 0x500a, 0x500a, 0x500a, 0x500a, 0x500a, 0x500a, 0x500a, 
  0x500a, 0x500a, 0x500a, 0x500a, 0x500a, 0x500a, 0x500a, 0x500a, 0x500a, 0x500a, 0x500a, 0x500a, 
  0x500a, 0x500a, 0x500a, 0x500a, 0x500a, 0x500a, 0x500a, 0x500a, 0x500a, 0x500a, 0x500a, 0x500a, 
  0x500a, 0x500a, 0x500a, 0x500a, 0x500a, 0x500a, 0x500a, 0x500a, 0x500a, 0x500a, 0x500a, 0x58cb, 
  0x58cb, 0x50ca, 0x30c6, 0x28c5, 0x3107, 0x500a, 0x500a, 0x500a, 0x500a, 0x500a, 0x500a, 0x500a, 
  0x500a, 0x500a, 0x500a, 0x500a, 0x500a, 0x500a, 0x500a, 0x500a, 0x500a, 0x500a, 0x500a, 0x500a, 
  0x500a, 0x500a, 0x500a, 0x500a, 0x500a, 0x500a, 0x500a, 0x500a, 0x500a, 0x500a, 0x500a, 0x500a, 
  0x500a, 0x500a, 0x500a, 0x500a, 0x500a, 0x500a, 0x500a, 0x500a, 0x500a, 0x500a, 0x500a, 0x500a, 
  0x500a, 0x500a, 0x500a, 0x500a, 0x500a, 0x500a, 0x500a, 0x500a, 0x500a, 0x500a, 0x500a, 0x500a, 
  0x500a, 0x500a, 0x500a, 0x500a, 0x500a, 0x500a, 0x500a, 0x500a, 0x500a, 0x500a, 0x500a, 0x500a, 
  0x500a, 0x500a, 0x500a, 0x500a, 0x4829, 0x4829, 0x4028, 0x1824, 0x1022, 0x1823, 0x1823, 0x1823, 
  0x1823, 0x1823, 0x1823, 0x626c, 0x3927, 0x1823, 0x1823, 0x1823, 0x1823, 0x1823, 0x500a, 0x500a, 
  0x500a, 0x500a, 0x500a, 0x500a, 0x500a, 0x500a, 0x500a, 0x500a, 0x500a, 0x500a, 0x500a, 0x500a, 
  0x500a, 0x500a, 0x500a, 0x500a, 0x500a, 0x500a, 0x500a, 0x500a, 0x500a, 0x500a, 0x500a, 0x500a, 
  0x500a, 0x500a, 0x500a, 0x500a, 0x500a, 0x500a, 0x500a, 0x500a, 0x500a, 0x500a, 0x500a, 0x500a, 
  0x500a, 0x500a, 0x500a, 0x500a, 0x500a, 0x500a, 0x500a, 0x500a, 0x500a, 0x500a, 0x500a, 0x500a, 
  0x500a, 0x500a, 0x500a, 0x500a, 0x500a, 0x500a, 0x500a, 0x500a, 0x500a, 0x500a, 0x500a, 0x500a, 
  0x500a, 0x500a, 0x500a, 0x500a, 0x500a, 0x500a, 0x500a, 0x500a, 0x500a, 0x4829, 0x4829, 0x4028, 
  0x2024, 0x1823, 0x2044, 0x500a, 0x500a, 0x500a, 0x500a, 0x500a, 0x500a, 0x500a, 0x500a, 0x500a, 
  0x500a, 0x500a, 0x500a, 0x500a, 0x500a, 0x500a, 0x500a, 0x500a, 0x500a, 0x500a, 0x500a, 0x500a, 
  0x500a, 0x500a, 0x500a, 0x500a, 0x500a, 0x500a, 0x500a, 0x500a, 0x500a, 0x500a, 0x500a, 0x500a, 
  0x500a, 0x500a, 0x500a, 0x500a, 0x500a, 0x500a, 0x500a, 0x500a, 0x500a, 0x500a, 0x500a, 0x500a, 
  0x500a, 0x500a, 0x500a, 0x500a, 0x500a, 0x500a, 0x500a, 0x500a, 0x500a, 0x500a, 0x500a, 0x500a, 
  0x500a, 0x500a, 0x500a, 0x500a, 0x500a, 0x500a, 0x500a, 0x500a, 0x500a, 0x500a, 0x500a, 0x500a, 
  0x500a, 0x500a, 0x4829, 0x4849, 0x4027, 0x2024, 0x1023, 0x1844, 0x500a, 0x500a, 0x500a, 0x500a, 
  0x500a, 0x500a, 0x500a, 0x500a, 0x500a, 0x500a, 0x500a, 0x500a, 0x500a, 0x500a, 0x500a, 0x500a, 
  0x500a, 0x500a, 0x500a, 0x500a, 0x500a, 0x500a, 0x500a, 0x500a, 0x500a, 0x500a, 0x500a, 0x500a, 
  0x500a, 0x500a, 0x500a, 0x500a, 0x500a, 0x500a, 0x500a, 0x500a, 0x500a, 0x500a, 0x500a, 0x500a, 
  0x500a, 0x500a, 0x500a, 0x500a, 0x500a, 0x500a, 0x500a, 0x500a, 0x500a, 0x500a, 0x500a, 0x500a, 
  0x500a, 0x500a, 0x500a, 0x500a, 0x500a, 0x500a, 0x500a, 0x500a, 0x500a, 0x500a, 0x500a, 0x500a, 
  0x500a, 0x500a, 0x500a, 0x500a, 0x500a, 0x500a, 0x500a, 0x58ab, 0x58ab, 0x50ca, 0x30c6, 0x28c5, 
  0x3107, 0x500a, 0x500a, 0x500a, 0x500a, 0x500a, 0x500a, 0x500a, 0x500a, 0x500a, 0x500a, 0x500a, 
  0x500a, 0x500a, 0x500a, 0x500a, 0x500a, 0x500a, 0x500a, 0x500a, 0x500a, 0x500a, 0x500a, 0x500a, 
  0x500a, 0x500a, 0x500a, 0x500a, 0x500a, 0x500a, 0x500a, 0x500a, 0x500a, 0x500a, 0x500a, 0x500a, 
  0x500a, 0x500a, 0x500a, 0x500a, 0x500a, 0x500a, 0x500a, 0x500a, 0x500a, 0x500a, 0x500a, 0x500a, 
  0x500a, 0x500a, 0x500a, 0x500a, 0x500a, 0x500a, 0x500a, 0x500a, 0x500a, 0x500a, 0x500a, 0x500a, 
  0x500a, 0x500a, 0x500a, 0x500a, 0x500a, 0x500a, 0x500a, 0x500a, 0x500a, 0x500a, 0x500a, 0x500a, 
  0x4829, 0x4829, 0x4028, 0x1823, 0x1022, 0x1823, 0x1823, 0x1823, 0x1823, 0x1823, 0x1823, 0x626c, 
  0x3927, 0x1823, 0x1823, 0x1823, 0x1823, 0x1823, 0x500a, 0x500a, 0x500a, 0x500a, 0x500a, 0x500a, 
  0x5009, 0x500a, 0x500a, 0x500a, 0x500a, 0x500a, 0x500a, 0x500a, 0x500a, 0x500a, 0x500a, 0x500a, 
  0x500a, 0x500a, 0x500a, 0x500a, 0x500a, 0x500a, 0x500a, 0x500a, 0x500a, 0x500a, 0x500a, 0x500a, 
  0x500a, 0x500a, 0x500a, 0x500a, 0x500a, 0x500a, 0x500a, 0x500a, 0x500a, 0x500a, 0x500a, 0x500a, 
  0x500a, 0x500a, 0x500a, 0x500a, 0x500a, 0x500a, 0x500a, 0x500a, 0x500a, 0x500a, 0x500a, 0x500a, 
  0x500a, 0x500a, 0x500a, 0x500a, 0x500a, 0x500a, 0x500a, 0x500a, 0x500a, 0x500a, 0x500a, 0x500a, 
  0x500a, 0x5009, 0x500a, 0x500a, 0x500a, 0x4829, 0x4829, 0x4028, 0x2024, 0x1823, 0x2044, 0x500a, 
  0x500a, 0x500a, 0x500a, 0x500a, 0x500a, 0x500a, 0x500a, 0x500a, 0x500a, 0x500a, 0x500a, 0x500a, 
  0x500a, 0x500a, 0x500a, 0x500a, 0x500a, 0x500a, 0x500a, 0x500a, 0x500a, 0x500a, 0x500a, 0x500a, 
  0x500a, 0x500a, 0x500a, 0x500a, 0x500a, 0x500a, 0x500a, 0x500a, 0x500a, 0x500a, 0x500a, 0x500a, 
  0x500a, 0x500a, 0x500a, 0x500a, 0x500a, 0x500a, 0x500a, 0x500a, 0x500a, 0x500a, 0x500a, 0x500a, 
  0x500a, 0x500a, 0x500a, 0x500a, 0x500a, 0x500a, 0x500a, 0x500a, 0x500a, 0x500a, 0x500a, 0x500a, 
  0x500a, 0x5009, 0x5009, 0x500a, 0x500a, 0x500a, 0x500a, 0x500a, 0x500a, 0x500a, 0x4829, 0x4829, 
  0x4027, 0x2024, 0x1023, 0x1844, 0x500a, 0x500a, 0x500a, 0x500a, 0x500a, 0x500a, 0x500a, 0x500a, 
  0x500a, 0x500a, 0x500a, 0x500a, 0x500a, 0x500a, 0x500a, 0x500a, 0x500a, 0x500a, 0x500a, 0x500a, 
  0x500a, 0x500a, 0x500a, 0x500a, 0x500a, 0x500a, 0x500a, 0x500a, 0x500a, 0x500a, 0x500a, 0x500a, 
  0x500a, 0x500a, 0x500a, 0x500a, 0x500a, 0x500a, 0x500a, 0x500a, 0x500a, 0x500a, 0x500a, 0x500a, 
  0x500a, 0x500a, 0x500a, 0x500a, 0x5009, 0x500a, 0x500a, 0x500a, 0x500a, 0x500a, 0x500a, 0x500a, 
  0x500a, 0x500a, 0x500a, 0x500a, 0x500a, 0x500a, 0x500a, 0x500a, 0x500a, 0x500a, 0x500a, 0x500a, 
  0x500a, 0x500a, 0x500a, 0x58ab, 0x58ab, 0x50a9, 0x30c6, 0x28c5, 0x3107, 0x500a, 0x500a, 0x500a, 
  0x500a, 0x500a, 0x500a, 0x500a, 0x500a, 0x500a, 0x500a, 0x500a, 0x500a, 0x500a, 0x500a, 0x500a, 
  0x500a, 0x500a, 0x500a, 0x500a, 0x500a, 0x500a, 0x500a, 0x500a, 0x500a, 0x500a, 0x500a, 0x500a, 
  0x500a, 0x500a, 0x500a, 0x500a, 0x5009, 0x500a, 0x500a, 0x500a, 0x500a, 0x500a, 0x500a, 0x500a, 
  0x500a, 0x500a, 0x500a, 0x500a, 0x500a, 0x500a, 0x500a, 0x500a, 0x500a, 0x500a, 0x500a, 0x500a, 
  0x500a, 0x500a, 0x500a, 0x500a, 0x500a, 0x500a, 0x500a, 0x500a, 0x500a, 0x500a, 0x500a, 0x500a, 
  0x500a, 0x500a, 0x500a, 0x500a, 0x500a, 0x500a, 0x500a, 0x500a, 0x4829, 0x4829, 0x4028, 0x1823, 
  0x1022, 0x1823, 0x1823, 0x1823, 0x1823, 0x1823, 0x1823, 0x626c, 0x3927, 0x1823, 0x1823, 0x1823, 
  0x1823, 0x1823, 0x500a, 0x5009, 0x500a, 0x500a, 0x500a, 0x500a, 0x500a, 0x5009, 0x500a, 0x500a, 
  0x5009, 0x500a, 0x500a, 0x500a, 0x500a, 0x5009, 0x500a, 0x5009, 0x500a, 0x5009, 0x500a, 0x500a, 
  0x500a, 0x500a, 0x5009, 0x500a, 0x500a, 0x500a, 0x500a, 0x500a, 0x5009, 0x5009, 0x5009, 0x500a, 
  0x500a, 0x500a, 0x5009, 0x500a, 0x500a, 0x500a, 0x500a, 0x500a, 0x5009, 0x5009, 0x500a, 0x500a, 
  0x5009, 0x500a, 0x500a, 0x500a, 0x500a, 0x500a, 0x500a, 0x5009, 0x500a, 0x500a, 0x500a, 0x5009, 
  0x5009, 0x5009, 0x500a, 0x500a, 0x500a, 0x5009, 0x500a, 0x500a, 0x500a, 0x500a, 0x500a, 0x500a, 
  0x5009, 0x4829, 0x4829, 0x4028, 0x2024, 0x1823, 0x2044, 0x500a, 0x500a, 0x500a, 0x5009, 0x500a, 
  0x500a, 0x500a, 0x500a, 0x500a, 0x500a, 0x500a, 0x500a, 0x500a, 0x5009, 0x5009, 0x500a, 0x5009, 
  0x500a, 0x500a, 0x500a, 0x500a, 0x500a, 0x5009, 0x500a, 0x5009, 0x5009, 0x500a, 0x5009, 0x500a, 
  0x500a, 0x500a, 0x5009, 0x500a, 0x5009, 0x500a, 0x500a, 0x500a, 0x500a, 0x500a, 0x5009, 0x500a, 
  0x500a, 0x500a, 0x5009, 0x500a, 0x5009, 0x500a, 0x500a, 0x5009, 0x500a, 0x500a, 0x500a, 0x500a, 
  0x500a, 0x5009, 0x500a, 0x500a, 0x500a, 0x5009, 0x500a, 0x500a, 0x500a, 0x500a, 0x500a, 0x500a, 
  0x500a, 0x500a, 0x5009, 0x5009, 0x500a, 0x500a, 0x4829, 0x4829, 0x4048, 0x2024, 0x1023, 0x1844, 
  0x5009, 0x5009, 0x5009, 0x5009, 0x5009, 0x5009, 0x5009, 0x5009, 0x500a, 0x500a, 0x5009, 0x500a, 
  0x5009, 0x500a, 0x500a, 0x500a, 0x500a, 0x500a, 0x5009, 0x500a, 0x500a, 0x500a, 0x500a, 0x500a, 
  0x500a, 0x500a, 0x500a, 0x5009, 0x500a, 0x5009, 0x500a, 0x500a, 0x500a, 0x500a, 0x500a, 0x5009, 
  0x500a, 0x5009, 0x5009, 0x500a, 0x5009, 0x500a, 0x500a, 0x5009, 0x500a, 0x500a, 0x500a, 0x500a, 
  0x5009, 0x500a, 0x5009, 0x500a, 0x500a, 0x500a, 0x500a, 0x500a, 0x500a, 0x500a, 0x500a, 0x5009, 
  0x500a, 0x500a, 0x500a, 0x500a, 0x500a, 0x500a, 0x500a, 0x500a, 0x500a, 0x500a, 0x500a, 0x58ab, 
  0x58ab, 0x50a9, 0x30c6, 0x28c5, 0x3107, 0x5009, 0x500a, 0x500a, 0x5009, 0x500a, 0x5009, 0x500a, 
  0x500a, 0x500a, 0x500a, 0x500a, 0x500a, 0x5009, 0x500a, 0x500a, 0x5009, 0x5009, 0x500a, 0x500a, 
  0x500a, 0x500a, 0x500a, 0x500a, 0x500a, 0x500a, 0x500a, 0x5009, 0x500a, 0x500a, 0x500a, 0x500a, 
  0x500a, 0x5009, 0x500a, 0x500a, 0x500a, 0x500a, 0x500a, 0x500a, 0x500a, 0x500a, 0x500a, 0x5009, 
  0x500a, 0x5009, 0x500a, 0x500a, 0x500a, 0x500a, 0x5009, 0x500a, 0x500a, 0x500a, 0x500a, 0x500a, 
  0x5009, 0x5009, 0x5009, 0x500a, 0x500a, 0x500a, 0x5009, 0x500a, 0x500a, 0x500a, 0x500a, 0x500a, 
  0x5009, 0x5009, 0x500a, 0x500a, 0x4828, 0x4828, 0x4028, 0x1803, 0x1002, 0x1823, 0x1823, 0x1823, 
  0x1823, 0x1823, 0x1823, 0x626c, 0x3927, 0x1823, 0x1823, 0x1823, 0x1823, 0x1823, 0x5009, 0x5009, 
  0x5009, 0x5009, 0x5009, 0x5009, 0x5009, 0x5009, 0x5009, 0x5009, 0x5009, 0x5009, 0x500a, 0x5009, 
  0x5009, 0x5009, 0x5009, 0x5009, 0x5009, 0x5009, 0x5009, 0x500a, 0x5009, 0x500a, 0x5009, 0x500a, 
  0x5009, 0x5009, 0x5009, 0x5009, 0x5009, 0x5009, 0x5009, 0x5009, 0x5009, 0x5009, 0x5009, 0x5009, 
  0x5009, 0x500a, 0x5009, 0x5009, 0x5009, 0x5009, 0x5009, 0x5009, 0x500a, 0x500a, 0x5009, 0x5009, 
  0x5009, 0x500a, 0x5009, 0x5009, 0x500a, 0x5009, 0x5009, 0x5009, 0x5009, 0x5009, 0x5009, 0x5009, 
  0x5009, 0x5009, 0x500a, 0x500a, 0x5009, 0x5009, 0x5009, 0x5009, 0x500a, 0x4829, 0x4829, 0x4028, 
  0x2024, 0x1823, 0x2044, 0x5009, 0x5009, 0x5009, 0x5009, 0x5009, 0x5009, 0x5009, 0x5009, 0x5009, 
  0x5009, 0x5009, 0x5009, 0x5009, 0x5009, 0x5009, 0x500a, 0x5009, 0x5009, 0x5009, 0x5009, 0x500a, 
  0x5009, 0x5009, 0x5009, 0x5009, 0x5009, 0x5009, 0x5009, 0x5009, 0x5009, 0x5009, 0x500a, 0x5009, 
  0x5009, 0x5009, 0x5009, 0x5009, 0x5009, 0x5009, 0x5009, 0x5009, 0x5009, 0x5009, 0x5009, 0x5009, 
  0x500a, 0x5009, 0x5009, 0x5009, 0x5009, 0x5009, 0x5009, 0x5009, 0x5009, 0x5009, 0x5009, 0x5009, 
  0x5009, 0x5009, 0x5009, 0x5009, 0x5009, 0x5009, 0x5009, 0x5009, 0x5009, 0x5009, 0x500a, 0x5009, 
  0x5009, 0x5009, 0x4829, 0x4829, 0x4048, 0x2024, 0x1023, 0x1844, 0x5009, 0x5009, 0x5009, 0x5009, 
  0x5009, 0x5009, 0x500a, 0x500a, 0x5009, 0x500a, 0x5009, 0x500a, 0x5009, 0x5009, 0x5009, 0x5009, 
  0x5009, 0x5009, 0x5009, 0x5009, 0x5009, 0x5009, 0x5009, 0x500a, 0x5009, 0x5009, 0x5009, 0x5009, 
  0x5009, 0x5009, 0x5009, 0x500a, 0x5009, 0x500a, 0x5009, 0x5009, 0x5009, 0x5009, 0x5009, 0x500a, 
  0x5009, 0x5009, 0x500a, 0x5009, 0x5009, 0x5009, 0x5009, 0x5009, 0x5009, 0x5009, 0x5009, 0x5009, 
  0x5009, 0x5009, 0x5009, 0x500a, 0x5009, 0x5009, 0x5009, 0x5009, 0x500a, 0x5009, 0x5009, 0x5009, 
  0x5009, 0x5009, 0x5009, 0x5009, 0x5009, 0x500a, 0x500a, 0x58ab, 0x58ab, 0x50a9, 0x30c6, 0x20c5, 
  0x30e6, 0x5009, 0x5009, 0x5009, 0x5009, 0x5009, 0x5009, 0x5009, 0x5009, 0x5009, 0x5009, 0x5009, 
  0x5009, 0x500a, 0x5009, 0x5009, 0x5009, 0x5009, 0x5009, 0x500a, 0x5009, 0x500a, 0x5009, 0x5009, 
  0x5009, 0x5009, 0x5009, 0x5009, 0x5009, 0x5009, 0x5009, 0x5009, 0x5009, 0x5009, 0x5009, 0x5009, 
  0x5009, 0x500a, 0x500a, 0x500a, 0x5009, 0x500a, 0x5009, 0x5009, 0x5009, 0x5009, 0x5009, 0x500a, 
  0x5009, 0x500a, 0x5009, 0x500a, 0x5009, 0x5009, 0x5009, 0x5009, 0x5009, 0x5009, 0x5009, 0x5009, 
  0x5009, 0x5009, 0x5009, 0x5009, 0x5009, 0x500a, 0x5009, 0x5009, 0x5009, 0x5009, 0x5009, 0x5009, 
  0x4829, 0x4828, 0x4027, 0x1803, 0x1002, 0x1823, 0x1823, 0x1823, 0x1823, 0x1823, 0x1803, 0x626c, 
  0x3927, 0x1823, 0x1823, 0x1823, 0x1823, 0x1823, 0x5009, 0x5009, 0x5009, 0x5009, 0x5009, 0x5009, 
  0x5009, 0x5009, 0x5009, 0x5009, 0x5009, 0x5009, 0x5009, 0x5009, 0x5009, 0x5009, 0x5009, 0x5009, 
  0x5009, 0x5009, 0x5009, 0x5009, 0x5009, 0x5009, 0x5009, 0x5009, 0x5009, 0x5009, 0x5009, 0x5009, 
  0x5009, 0x5009, 0x5009, 0x5009, 0x5009, 0x5009, 0x5009, 0x5009, 0x5009, 0x5009, 0x5009, 0x5009, 
  0x5009, 0x5009, 0x5009, 0x5009, 0x5009, 0x5009, 0x5009, 0x5009, 0x5009, 0x5009, 0x5009, 0x5009, 
  0x5009, 0x5009, 0x5009, 0x5009, 0x5009, 0x5009, 0x5009, 0x5009, 0x5009, 0x5009, 0x5009, 0x5009, 
  0x5009, 0x5009, 0x5009, 0x5009, 0x5009, 0x4829, 0x4829, 0x4028, 0x2024, 0x1823, 0x2044, 0x5009, 
  0x5009, 0x5009, 0x5009, 0x5009, 0x5009, 0x5009, 0x5009, 0x5009, 0x5009, 0x5009, 0x5009, 0x5009, 
  0x5009, 0x5009, 0x5009, 0x5009, 0x5009, 0x5009, 0x5009, 0x5009, 0x5009, 0x5009, 0x5009, 0x5009, 
  0x5009, 0x5009, 0x5009, 0x5009, 0x5009, 0x5009, 0x5009, 0x5009, 0x5009, 0x5009, 0x5009, 0x5009, 
  0x5009, 0x5009, 0x5009, 0x5009, 0x5009, 0x5009, 0x5009, 0x5009, 0x5009, 0x5009, 0x5009, 0x5009, 
  0x5009, 0x5009, 0x5009, 0x5009, 0x5009, 0x5009, 0x5009, 0x5009, 0x5009, 0x5009, 0x5009, 0x5009, 
  0x5009, 0x5009, 0x5009, 0x5009, 0x5009, 0x5009, 0x5009, 0x5009, 0x5009, 0x5009, 0x4829, 0x4829, 
  0x4028, 0x2024, 0x1023, 0x1844, 0x5009, 0x5009, 0x5009, 0x5009, 0x5009, 0x5009, 0x5009, 0x5009, 
  0x5009, 0x5009, 0x5009, 0x5009, 0x5009, 0x5009, 0x5009, 0x5009, 0x5009, 0x5009, 0x5009, 0x5009, 
  0x5009, 0x5009, 0x5009, 0x5009, 0x5009, 0x5009, 0x5009, 0x5009, 0x5009, 0x5009, 0x5009, 0x5009, 
  0x5009, 0x5009, 0x5009, 0x5009, 0x5009, 0x5009, 0x5009, 0x5009, 0x5009, 0x5009, 0x5009, 0x5009, 
  0x5009, 0x5009, 0x5009, 0x5009, 0x5009, 0x5009, 0x5009, 0x5009, 0x5009, 0x5009, 0x5009, 0x5009, 
  0x5009, 0x5009, 0x5009, 0x5009, 0x5009, 0x5009, 0x5009, 0x5009, 0x5009, 0x5009, 0x5009, 0x5009, 
  0x5009, 0x5009, 0x5009, 0x58ab, 0x58ab, 0x50a9, 0x28c6, 0x20a5, 0x30e6, 0x5009, 0x5009, 0x5009, 
  0x5009, 0x5009, 0x5009, 0x5009, 0x5009, 0x5009, 0x5009, 0x5009, 0x5009, 0x5009, 0x5009, 0x5009, 
  0x5009, 0x5009, 0x5009, 0x5009, 0x5009, 0x5009, 0x5009, 0x5009, 0x5009, 0x5009, 0x5009, 0x5009, 
  0x5009, 0x5009, 0x5009, 0x5009, 0x5009, 0x5009, 0x5009, 0x5009, 0x5009, 0x5009, 0x5009, 0x5009, 
  0x5009, 0x5009, 0x5009, 0x5009, 0x5009, 0x5009, 0x5009, 0x5009, 0x5009, 0x5009, 0x5009, 0x5009, 
  0x5009, 0x5009, 0x5009, 0x5009, 0x5009, 0x5009, 0x5009, 0x5009, 0x5009, 0x5009, 0x5009, 0x5009, 
  0x5009, 0x5009, 0x5009, 0x5009, 0x5009, 0x5009, 0x5009, 0x5009, 0x4828, 0x4828, 0x4028, 0x1803, 
  0x1002, 0x1803, 0x1823, 0x1823, 0x1823, 0x1823, 0x1803, 0x626c, 0x3927, 0x1823, 0x1823, 0x1823, 
  0x1823, 0x1823, 0x5009, 0x5009, 0x5009, 0x5009, 0x5009, 0x5009, 0x5009, 0x5009, 0x5009, 0x5009, 
  0x5009, 0x5009, 0x5009, 0x5009, 0x5009, 0x5009, 0x5009, 0x5009, 0x5009, 0x5009, 0x5009, 0x5009, 
  0x5009, 0x5009, 0x5009, 0x5009, 0x5009, 0x5009, 0x5009, 0x5009, 0x5009, 0x5009, 0x5009, 0x5009, 
  0x5009, 0x5009, 0x5009, 0x5009, 0x5009, 0x5009, 0x5009, 0x5009, 0x5009, 0x5009, 0x5009, 0x5009, 
  0x5009, 0x5009, 0x5009, 0x5009, 0x5009, 0x5009, 0x5009, 0x5009, 0x5009, 0x5009, 0x5009, 0x5009, 
  0x5009, 0x5009, 0x5009, 0x5009, 0x5009, 0x5009, 0x5009, 0x5009, 0x5009, 0x5009, 0x5009, 0x5009, 
  0x5009, 0x4829, 0x4829, 0x4028, 0x2024, 0x1823, 0x2044, 0x5009, 0x5009, 0x5009, 0x5009, 0x5009, 
  0x5009, 0x5009, 0x5009, 0x5009, 0x5009, 0x5009, 0x5009, 0x5009, 0x5009, 0x5009, 0x5009, 0x5009, 
  0x5009, 0x5009, 0x5009, 0x5009, 0x5009, 0x5009, 0x5009, 0x5009, 0x5009, 0x5009, 0x5009, 0x5009, 
  0x5009, 0x5009, 0x5009, 0x5009, 0x5009, 0x5009, 0x5009, 0x5009, 0x5009, 0x5009, 0x5009, 0x5009, 
  0x5009, 0x5009, 0x5009, 0x5009, 0x5009, 0x5009, 0x5009, 0x5009, 0x5009, 0x5009, 0x5009, 0x5009, 
  0x5009, 0x5009, 0x5009, 0x5009, 0x5009, 0x5009, 0x5009, 0x5009, 0x5009, 0x5009, 0x5009, 0x5009, 
  0x5009, 0x5009, 0x5009, 0x5009, 0x5009, 0x5009, 0x4829, 0x4829, 0x4027, 0x2024, 0x1023, 0x1844, 
  0x5009, 0x5009, 0x5009, 0x5009, 0x5009, 0x5009, 0x5009, 0x5009, 0x5009, 0x5009, 0x5009, 0x5009, 
  0x5009, 0x5009, 0x5009, 0x5009, 0x5009, 0x5009, 0x5009, 0x5009, 0x5009, 0x5009, 0x5009, 0x5009, 
  0x5009, 0x5009, 0x5009, 0x5009, 0x5009, 0x5009, 0x5009, 0x5009, 0x5009, 0x5009, 0x5009, 0x5009, 
  0x5009, 0x5009, 0x5009, 0x5009, 0x5009, 0x5009, 0x5009, 0x5009, 0x5009, 0x5009, 0x5009, 0x5009, 
  0x5009, 0x5009, 0x5009, 0x5009, 0x5009, 0x5009, 0x5009, 0x5009, 0x5009, 0x5009, 0x5009, 0x5009, 
  0x5009, 0x5009, 0x5009, 0x5009, 0x5009, 0x5009, 0x5009, 0x5009, 0x5009, 0x5009, 0x5009, 0x58aa, 
  0x58aa, 0x48a9, 0x28a6, 0x20a5, 0x30e6, 0x5009, 0x5009, 0x5009, 0x5009, 0x5009, 0x5009, 0x5009, 
  0x5009, 0x5009, 0x5009, 0x5009, 0x5009, 0x5009, 0x5009, 0x5009, 0x5009, 0x5009, 0x5009, 0x5009, 
  0x5009, 0x5009, 0x5009, 0x5009, 0x5009, 0x5009, 0x5009, 0x5009, 0x5009, 0x5009, 0x5009, 0x5009, 
  0x5009, 0x5009, 0x5009, 0x5009, 0x5009, 0x5009, 0x5009, 0x5009, 0x5009, 0x5009, 0x5009, 0x5009, 
  0x5009, 0x5009, 0x5009, 0x5009, 0x5009, 0x5009, 0x5009, 0x5009, 0x5009, 0x5009, 0x5009, 0x5009, 
  0x5009, 0x5009, 0x5009, 0x5009, 0x5009, 0x5009, 0x5009, 0x5009, 0x5009, 0x5009, 0x5009, 0x5009, 
  0x5009, 0x5009, 0x5009, 0x5009, 0x4828, 0x4828, 0x4027, 0x1803, 0x1002, 0x1003, 0x1003, 0x1803, 
  0x1803, 0x1803, 0x1003, 0x626c, 0x3927, 0x1823, 0x1823, 0x1823, 0x1823, 0x1823, 0x5009, 0x5009, 
  0x5009, 0x5009, 0x5009, 0x5009, 0x5009, 0x5009, 0x5009, 0x5009, 0x5009, 0x5009, 0x5009, 0x5009, 
  0x5009, 0x5009, 0x5009, 0x5009, 0x5009, 0x5009, 0x5009, 0x5009, 0x5009, 0x5009, 0x5009, 0x5009, 
  0x5009, 0x5009, 0x5009, 0x5009, 0x5009, 0x5009, 0x5009, 0x5009, 0x5009, 0x5009, 0x5009, 0x5009, 
  0x5009, 0x5009, 0x5009, 0x5009, 0x5009, 0x5009, 0x5009, 0x5009, 0x5009, 0x5009, 0x5009, 0x5009, 
  0x5009, 0x5009, 0x5009, 0x5009, 0x5009, 0x5009, 0x5009, 0x5009, 0x5009, 0x5009, 0x5009, 0x5009, 
  0x5009, 0x5009, 0x5009, 0x5009, 0x5009, 0x5009, 0x5009, 0x5009, 0x5009, 0x4829, 0x4829, 0x4028, 
  0x2024, 0x1823, 0x2064, 0x5009, 0x5009, 0x5009, 0x5009, 0x5009, 0x5009, 0x5009, 0x5009, 0x5009, 
  0x5009, 0x5009, 0x5009, 0x5009, 0x5009, 0x5009, 0x5009, 0x5009, 0x5009, 0x5009, 0x5009, 0x5009, 
  0x5009, 0x5009, 0x5009, 0x5009, 0x5009, 0x5009, 0x5009, 0x5009, 0x5009, 0x5009, 0x5009, 0x5009, 
  0x5009, 0x5009, 0x5009, 0x5009, 0x5009, 0x5009, 0x5009, 0x5009, 0x5009, 0x5009, 0x5009, 0x5009, 
  0x5009, 0x5009, 0x5009, 0x5009, 0x5009, 0x5009, 0x5009, 0x5009, 0x5009, 0x5009, 0x5009, 0x5009, 
  0x5009, 0x5009, 0x5009, 0x5009, 0x5009, 0x5009, 0x5009, 0x5009, 0x5009, 0x5009, 0x5009, 0x5009, 
  0x5009, 0x5009, 0x4829, 0x4829, 0x4028, 0x2024, 0x1023, 0x1844, 0x5009, 0x5009, 0x5009, 0x5009, 
  0x5009, 0x5009, 0x5009, 0x5009, 0x5009, 0x5009, 0x5009, 0x5009, 0x5009, 0x5009, 0x5009, 0x5009, 
  0x5009, 0x5009, 0x5009, 0x5009, 0x5009, 0x5009, 0x5009, 0x5009, 0x5009, 0x5009, 0x5009, 0x5009, 
  0x5009, 0x5009, 0x5009, 0x5009, 0x5009, 0x5009, 0x5009, 0x5009, 0x5009, 0x5009, 0x5009, 0x5009, 
  0x5009, 0x5009, 0x5009, 0x5009, 0x5009, 0x5009, 0x5009, 0x5009, 0x5009, 0x5009, 0x5009, 0x5009, 
  0x5009, 0x5009, 0x5009, 0x5009, 0x5009, 0x5009, 0x5009, 0x5009, 0x5009, 0x5009, 0x5009, 0x5009, 
  0x5009, 0x5009, 0x5009, 0x5009, 0x5009, 0x5009, 0x5009, 0x58aa, 0x58aa, 0x48a9, 0x28a5, 0x20a5, 
  0x30e6, 0x5009, 0x5009, 0x5009, 0x5009, 0x5009, 0x5009, 0x5009, 0x5009, 0x5009, 0x5009, 0x5009, 
  0x5009, 0x5009, 0x5009, 0x5009, 0x5009, 0x5009, 0x5009, 0x5009, 0x5009, 0x5009, 0x5009, 0x5009, 
  0x5009, 0x5009, 0x5009, 0x5009, 0x5009, 0x5009, 0x5009, 0x5009, 0x5009, 0x5009, 0x5009, 0x5009, 
  0x5009, 0x5009, 0x5009, 0x5009, 0x5009, 0x5009, 0x5009, 0x5009, 0x5009, 0x5009, 0x5009, 0x5009, 
  0x5009, 0x5009, 0x5009, 0x5009, 0x5009, 0x5009, 0x5009, 0x5009, 0x5009, 0x5009, 0x5009, 0x5009, 
  0x5009, 0x5009, 0x5009, 0x5009, 0x5009, 0x5009, 0x5009, 0x5009, 0x5009, 0x5009, 0x5009, 0x5009, 
  0x4828, 0x4828, 0x4027, 0x1803, 0x1002, 0x1003, 0x1003, 0x1803, 0x1803, 0x1803, 0x1003, 0x626c, 
  0x3927, 0x1823, 0x1823, 0x1823, 0x1823, 0x1823, 0x5009, 0x5009, 0x5009, 0x5009, 0x5009, 0x5009, 
  0x5009, 0x5009, 0x5009, 0x5009, 0x5009, 0x5009, 0x5009, 0x5009, 0x5009, 0x5009, 0x5009, 0x5009, 
  0x5009, 0x5009, 0x5009, 0x5009, 0x5009, 0x5009, 0x5009, 0x5009, 0x5009, 0x5009, 0x5009, 0x5009, 
  0x5009, 0x5009, 0x5009, 0x5009, 0x5009, 0x5009, 0x5009, 0x5009, 0x5009, 0x5009, 0x5009, 0x5009, 
  0x5009, 0x5009, 0x5009, 0x5009, 0x5009, 0x5009, 0x5009, 0x5009, 0x5009, 0x5009, 0x5009, 0x5009, 
  0x5009, 0x5009, 0x5009, 0x5009, 0x5009, 0x5009, 0x5009, 0x5009, 0x5009, 0x5009, 0x5009, 0x5009, 
  0x5009, 0x5009, 0x5009, 0x5009, 0x5009, 0x4829, 0x4829, 0x4028, 0x2044, 0x1843, 0x2064, 0x5009, 
  0x5009, 0x5009, 0x5009, 0x5009, 0x5009, 0x5009, 0x5009, 0x5009, 0x5009, 0x5009, 0x5009, 0x5009, 
  0x5009, 0x5009, 0x5009, 0x5009, 0x5009, 0x5009, 0x5009, 0x5009, 0x5009, 0x5009, 0x5009, 0x5009, 
  0x5009, 0x5009, 0x5009, 0x5009, 0x5009, 0x5009, 0x5009, 0x5009, 0x5009, 0x5009, 0x5009, 0x5009, 
  0x5009, 0x5009, 0x5009, 0x5009, 0x5009, 0x5009, 0x5009, 0x5009, 0x5009, 0x5009, 0x5009, 0x5009, 
  0x5009, 0x5009, 0x5009, 0x5009, 0x5009, 0x5009, 0x5009, 0x5009, 0x5009, 0x5009, 0x5009, 0x5009, 
  0x5009, 0x5009, 0x5009, 0x5009, 0x5009, 0x5009, 0x5009, 0x5009, 0x5009, 0x5009, 0x4829, 0x4829, 
  0x4027, 0x2024, 0x1023, 0x1844, 0x5009, 0x5009, 0x5009, 0x5009, 0x5009, 0x5009, 0x5009, 0x5009, 
  0x5009, 0x5009, 0x5009, 0x5009, 0x5009, 0x5009, 0x5009, 0x5009, 0x5009, 0x5009, 0x5009, 0x5009, 
  0x5009, 0x5009, 0x5009, 0x5009, 0x5009, 0x5009, 0x5009, 0x5009, 0x5009, 0x5009, 0x5009, 0x5009, 
  0x5009, 0x5009, 0x5009, 0x5009, 0x5009, 0x5009, 0x5009, 0x5009, 0x5009, 0x5009, 0x5009, 0x5009, 
  0x5009, 0x5009, 0x5009, 0x5009, 0x5009, 0x5009, 0x5009, 0x5009, 0x5009, 0x5009, 0x5009, 0x5009, 
  0x5009, 0x5009, 0x5009, 0x5009, 0x5009, 0x5009, 0x5009, 0x5009, 0x5009, 0x5009, 0x5009, 0x5009, 
  0x5009, 0x5009, 0x5009, 0x50aa, 0x50aa, 0x48a9, 0x28a5, 0x20a5, 0x30e6, 0x5009, 0x5009, 0x5009, 
  0x5009, 0x5009, 0x5009, 0x5009, 0x5009, 0x5009, 0x5009, 0x5009, 0x5009, 0x5009, 0x5009, 0x5009, 
  0x5009, 0x5009, 0x5009, 0x5009, 0x5009, 0x5009, 0x5009, 0x5009, 0x5009, 0x5009, 0x5009, 0x5009, 
  0x5009, 0x5009, 0x5009, 0x5009, 0x5009, 0x5009, 0x5009, 0x5009, 0x5009, 0x5009, 0x5009, 0x5009, 
  0x5009, 0x5009, 0x5009, 0x5009, 0x5009, 0x5009, 0x5009, 0x5009, 0x5009, 0x5009, 0x5009, 0x5009, 
  0x5009, 0x5009, 0x5009, 0x5009, 0x5009, 0x5009, 0x5009, 0x5009, 0x5009, 0x5009, 0x5009, 0x5009, 
  0x5009, 0x5009, 0x5009, 0x5009, 0x5009, 0x5009, 0x5009, 0x5009, 0x4828, 0x4828, 0x4027, 0x1803, 
  0x1002, 0x1003, 0x1003, 0x1003, 0x1003, 0x1003, 0x1003, 0x626c, 0x3927, 0x1823, 0x1823, 0x1823, 
  0x1823, 0x1823, 0x5009, 0x5009, 0x5009, 0x5009, 0x5009, 0x5009, 0x5009, 0x5009, 0x5009, 0x5009, 
  0x5009, 0x5009, 0x5009, 0x5009, 0x5009, 0x5009, 0x5009, 0x5009, 0x5009, 0x5009, 0x5009, 0x5009, 
  0x5009, 0x5009, 0x5009, 0x5009, 0x5009, 0x5009, 0x5009, 0x5009, 0x5009, 0x5009, 0x5009, 0x5009, 
  0x5009, 0x5009, 0x5009, 0x5009, 0x5009, 0x5009, 0x5009, 0x5009, 0x5009, 0x5009, 0x5009, 0x5009, 
  0x5009, 0x5009, 0x5009, 0x5009, 0x5009, 0x5009, 0x5009, 0x5009, 0x5009, 0x5009, 0x5009, 0x5009, 
  0x5009, 0x5009, 0x5009, 0x5009, 0x5009, 0x5009, 0x5009, 0x5009, 0x5009, 0x5009, 0x5009, 0x5009, 
  0x5009, 0x4829, 0x4829, 0x4028, 0x2044, 0x1843, 0x2064, 0x5009, 0x5009, 0x5009, 0x5009, 0x5009, 
  0x5009, 0x5009, 0x5009, 0x5009, 0x5009, 0x5009, 0x5009, 0x5009, 0x5009, 0x5009, 0x5009, 0x5009, 
  0x5009, 0x5009, 0x5009, 0x5009, 0x5009, 0x5009, 0x5009, 0x5009, 0x5009, 0x5009, 0x5009, 0x5009, 
  0x5009, 0x5009, 0x5009, 0x5009, 0x5009, 0x5009, 0x5009, 0x5009, 0x5009, 0x5009, 0x5009, 0x5009, 
  0x5009, 0x5009, 0x5009, 0x5009, 0x5009, 0x5009, 0x5009, 0x5009, 0x5009, 0x5009, 0x5009, 0x5009, 
  0x5009, 0x5009, 0x5009, 0x5009, 0x5009, 0x5009, 0x5009, 0x5009, 0x5009, 0x5009, 0x5009, 0x5009, 
  0x5009, 0x5009, 0x5009, 0x5009, 0x5009, 0x5009, 0x4829, 0x4829, 0x4027, 0x2024, 0x1023, 0x1844, 
  0x5009, 0x5009, 0x5009, 0x5009, 0x5009, 0x5009, 0x5009, 0x5009, 0x5009, 0x5009, 0x5009, 0x5009, 
  0x5009, 0x5009, 0x5009, 0x5009, 0x5009, 0x5009, 0x5009, 0x5009, 0x5009, 0x5009, 0x5009, 0x5009, 
  0x5009, 0x5009, 0x5009, 0x5009, 0x5009, 0x5009, 0x5009, 0x5009, 0x5009, 0x5009, 0x5009, 0x5009, 
  0x5009, 0x5009, 0x5009, 0x5009, 0x5009, 0x5009, 0x5009, 0x5009, 0x5009, 0x5009, 0x5009, 0x5009, 
  0x5009, 0x5009, 0x5009, 0x5009, 0x5009, 0x5009, 0x5009, 0x5009, 0x5009, 0x5009, 0x5009, 0x5009, 
  0x5009, 0x5009, 0x5009, 0x5009, 0x5009, 0x5009, 0x5009, 0x5009, 0x5009, 0x5009, 0x5009, 0x508a, 
  0x508a, 0x4889, 0x28a5, 0x20a5, 0x30e6, 0x5009, 0x5009, 0x5009, 0x5009, 0x5009, 0x5009, 0x5009, 
  0x5009, 0x5009, 0x5009, 0x5009, 0x5009, 0x5009, 0x5009, 0x5009, 0x5009, 0x5009, 0x5009, 0x5009, 
  0x5009, 0x5009, 0x5009, 0x5009, 0x5009, 0x5009, 0x5009, 0x5009, 0x5009, 0x5009, 0x5009, 0x5009, 
  0x5009, 0x5009, 0x5009, 0x5009, 0x5009, 0x5009, 0x5009, 0x5009, 0x5009, 0x5009, 0x5009, 0x5009, 
  0x5009, 0x5009, 0x5009, 0x5009, 0x5009, 0x5009, 0x5009, 0x5009, 0x5009, 0x5009, 0x5009, 0x5009, 
  0x5009, 0x5009, 0x5009, 0x5009, 0x5009, 0x5009, 0x5009, 0x5009, 0x5009, 0x5009, 0x5009, 0x5009, 
  0x5009, 0x5009, 0x5009, 0x5009, 0x4828, 0x4828, 0x4027, 0x1803, 0x1002, 0x1003, 0x1003, 0x1003, 
  0x1003, 0x1003, 0x1003, 0x626c, 0x3927, 0x1824, 0x1823, 0x1823, 0x1823, 0x1823, 0x5009, 0x4809, 
  0x5009, 0x5009, 0x5009, 0x5009, 0x5009, 0x5009, 0x5009, 0x5009, 0x5009, 0x5009, 0x5009, 0x5009, 
  0x5009, 0x5009, 0x5009, 0x5009, 0x5009, 0x5009, 0x5009, 0x5009, 0x5009, 0x5009, 0x4809, 0x5009, 
  0x5009, 0x5009, 0x5009, 0x5009, 0x5009, 0x5009, 0x5009, 0x5009, 0x5009, 0x5009, 0x4809, 0x5009, 
  0x5009, 0x5009, 0x5009, 0x5009, 0x5009, 0x5009, 0x5009, 0x5009, 0x5009, 0x5009, 0x5009, 0x5009, 
  0x5009, 0x5009, 0x5009, 0x5009, 0x5009, 0x5009, 0x5009, 0x5009, 0x5009, 0x5009, 0x5009, 0x5009, 
  0x5009, 0x5009, 0x5009, 0x5009, 0x5009, 0x5009, 0x5009, 0x5009, 0x5009, 0x4849, 0x4829, 0x4048, 
  0x2044, 0x1843, 0x2064, 0x5009, 0x5009, 0x5009, 0x5009, 0x5009, 0x5009, 0x5009, 0x5009, 0x5009, 
  0x5009, 0x5009, 0x5009, 0x5009, 0x5009, 0x5009, 0x5009, 0x5009, 0x5009, 0x5009, 0x5009, 0x5009, 
  0x5009, 0x5009, 0x5009, 0x5009, 0x5009, 0x5009, 0x5009, 0x5009, 0x5009, 0x5009, 0x5009, 0x5009, 
  0x5009, 0x5009, 0x5009, 0x5009, 0x5009, 0x5009, 0x5009, 0x5009, 0x5009, 0x5009, 0x5009, 0x5009, 
  0x5009, 0x5009, 0x5009, 0x5009, 0x5009, 0x5009, 0x5009, 0x5009, 0x5009, 0x5009, 0x5009, 0x5009, 
  0x5009, 0x5009, 0x4809, 0x5009, 0x5009, 0x4809, 0x5009, 0x5009, 0x5009, 0x5009, 0x5009, 0x5009, 
  0x5009, 0x5009, 0x4849, 0x4829, 0x4027, 0x2024, 0x1023, 0x1844, 0x5009, 0x5009, 0x5009, 0x5009, 
  0x5009, 0x5009, 0x5009, 0x5009, 0x5009, 0x5009, 0x5009, 0x5009, 0x5009, 0x5009, 0x5009, 0x5009, 
  0x5009, 0x5009, 0x5009, 0x5009, 0x5009, 0x5009, 0x5009, 0x5009, 0x5009, 0x4809, 0x5009, 0x5009, 
  0x5009, 0x5009, 0x5009, 0x5009, 0x5009, 0x5009, 0x5009, 0x5009, 0x5009, 0x5009, 0x5009, 0x5009, 
  0x5009, 0x5009, 0x5009, 0x5009, 0x5009, 0x5009, 0x5009, 0x4809, 0x5009, 0x5009, 0x5009, 0x5009, 
  0x5009, 0x5009, 0x5009, 0x5009, 0x5009, 0x5009, 0x5009, 0x5009, 0x5009, 0x5009, 0x5009, 0x5009, 
  0x5009, 0x5009, 0x5009, 0x5009, 0x5009, 0x5009, 0x5009, 0x508a, 0x508a, 0x4889, 0x28a5, 0x20a4, 
  0x30e6, 0x5009, 0x5009, 0x5009, 0x5009, 0x5009, 0x5009, 0x5009, 0x5009, 0x5009, 0x5009, 0x5009, 
  0x5009, 0x5009, 0x5009, 0x5009, 0x5009, 0x5009, 0x5009, 0x5009, 0x5009, 0x5009, 0x5009, 0x5009, 
  0x5009, 0x5009, 0x5009, 0x4809, 0x5009, 0x5009, 0x5009, 0x5009, 0x5009, 0x5009, 0x5009, 0x5009, 
  0x5009, 0x5009, 0x5009, 0x5009, 0x5009, 0x5009, 0x5009, 0x5009, 0x5009, 0x5009, 0x5009, 0x5009, 
  0x5009, 0x5009, 0x4809, 0x5009, 0x5009, 0x5009, 0x5009, 0x5009, 0x5009, 0x5009, 0x5009, 0x5009, 
  0x5009, 0x5009, 0x4809, 0x5009, 0x5009, 0x5009, 0x5009, 0x5009, 0x5009, 0x5009, 0x5009, 0x5009, 
  0x4828, 0x4828, 0x4027, 0x1803, 0x1002, 0x1003, 0x1003, 0x1003, 0x1003, 0x1003, 0x1003, 0x626c, 
  0x3927, 0x1824, 0x1823, 0x1823, 0x1823, 0x1823, 0x5009, 0x5009, 0x5009, 0x5009, 0x5009, 0x5009, 
  0x5009, 0x5009, 0x5009, 0x5009, 0x5009, 0x5009, 0x5009, 0x5009, 0x5009, 0x5009, 0x5009, 0x5009, 
  0x5009, 0x4809, 0x5009, 0x4809, 0x5009, 0x5009, 0x5009, 0x5009, 0x4809, 0x5009, 0x5009, 0x5009, 
  0x5009, 0x5009, 0x4809, 0x5009, 0x4809, 0x4809, 0x5009, 0x5009, 0x5009, 0x5009, 0x5009, 0x5009, 
  0x5009, 0x5009, 0x5009, 0x5009, 0x5009, 0x5009, 0x5009, 0x5009, 0x5009, 0x5009, 0x5009, 0x5009, 
  0x5009, 0x5009, 0x5009, 0x5009, 0x5009, 0x4809, 0x5009, 0x4809, 0x5009, 0x5009, 0x4809, 0x4809, 
  0x5009, 0x4809, 0x5009, 0x4809, 0x5009, 0x4829, 0x4849, 0x4048, 0x2044, 0x1843, 0x2064, 0x5009, 
  0x5009, 0x4809, 0x4809, 0x5009, 0x5009, 0x5009, 0x5009, 0x5009, 0x5009, 0x5009, 0x5009, 0x5009, 
  0x5009, 0x5009, 0x5009, 0x5009, 0x5009, 0x4809, 0x5009, 0x5009, 0x5009, 0x5009, 0x5009, 0x4809, 
  0x5009, 0x5009, 0x5009, 0x5009, 0x5009, 0x5009, 0x5009, 0x5009, 0x5009, 0x5009, 0x5009, 0x5009, 
  0x4809, 0x4809, 0x5009, 0x5009, 0x5009, 0x5009, 0x4809, 0x5009, 0x5009, 0x4809, 0x5009, 0x5009, 
  0x5009, 0x4809, 0x4809, 0x5009, 0x5009, 0x4809, 0x5009, 0x4809, 0x5009, 0x5009, 0x5009, 0x5009, 
  0x5009, 0x5009, 0x4809, 0x5009, 0x5009, 0x5009, 0x5009, 0x5009, 0x5009, 0x4809, 0x4829, 0x4829, 
  0x4028, 0x2024, 0x1023, 0x1844, 0x5009, 0x5009, 0x4809, 0x5009, 0x5009, 0x5009, 0x5009, 0x5009, 
  0x5009, 0x4809, 0x5009, 0x5009, 0x5009, 0x5009, 0x5009, 0x5009, 0x5009, 0x5009, 0x5009, 0x4809, 
  0x5009, 0x5009, 0x5009, 0x4809, 0x5009, 0x4809, 0x5009, 0x5009, 0x5009, 0x5009, 0x5009, 0x4809, 
  0x5009, 0x4809, 0x5009, 0x4809, 0x5009, 0x5009, 0x5009, 0x5009, 0x5009, 0x5009, 0x4809, 0x5009, 
  0x5009, 0x5009, 0x5009, 0x5009, 0x5009, 0x4809, 0x5009, 0x5009, 0x5009, 0x5009, 0x5009, 0x5009, 
  0x5009, 0x5009, 0x5009, 0x5009, 0x5009, 0x5009, 0x5009, 0x5009, 0x5009, 0x5009, 0x5009, 0x5009, 
  0x5009, 0x5009, 0x5009, 0x508a, 0x508a, 0x4889, 0x28a5, 0x20a4, 0x30e6, 0x5009, 0x5009, 0x5009, 
  0x5009, 0x4809, 0x5009, 0x5009, 0x4809, 0x5009, 0x5009, 0x5009, 0x5009, 0x4809, 0x5009, 0x5009, 
  0x4809, 0x5009, 0x5009, 0x5009, 0x5009, 0x5009, 0x5009, 0x5009, 0x5009, 0x5009, 0x5009, 0x5009, 
  0x5009, 0x5009, 0x5009, 0x5009, 0x5009, 0x5009, 0x5009, 0x5009, 0x5009, 0x5009, 0x5009, 0x5009, 
  0x5009, 0x5009, 0x5009, 0x5009, 0x5009, 0x4809, 0x5009, 0x4809, 0x5009, 0x5009, 0x5009, 0x5009, 
  0x4809, 0x5009, 0x5009, 0x5009, 0x5009, 0x5009, 0x4809, 0x5009, 0x4809, 0x4809, 0x5009, 0x5009, 
  0x5009, 0x5009, 0x5009, 0x5009, 0x5009, 0x5009, 0x5009, 0x5009, 0x4828, 0x4028, 0x4027, 0x1803, 
  0x1002, 0x1003, 0x1003, 0x1003, 0x1003, 0x1003, 0x1003, 0x626c, 0x3927, 0x1824, 0x1823, 0x1823, 
  0x1823, 0x1823, 0x4809, 0x5009, 0x4809, 0x4809, 0x4809, 0x5009, 0x4809, 0x4809, 0x4809, 0x5009, 
  0x4809, 0x4809, 0x4809, 0x4809, 0x4809, 0x4809, 0x4809, 0x5009, 0x4809, 0x4809, 0x5009, 0x4809, 
  0x4809, 0x4809, 0x4809, 0x5009, 0x4809, 0x5009, 0x4809, 0x4809, 0x5009, 0x4809, 0x5009, 0x4809, 
  0x4809, 0x5009, 0x4809, 0x4809, 0x4809, 0x4809, 0x5009, 0x4809, 0x4809, 0x4809, 0x5009, 0x4809, 
  0x4809, 0x4809, 0x5009, 0x4809, 0x4809, 0x4809, 0x4809, 0x4809, 0x4809, 0x4809, 0x4809, 0x4809, 
  0x4809, 0x4809, 0x5009, 0x4809, 0x4809, 0x4809, 0x4809, 0x4809, 0x4809, 0x4809, 0x4809, 0x4809, 
  0x4809, 0x4849, 0x4849, 0x4048, 0x2044, 0x1023, 0x1844, 0x4809, 0x4809, 0x4809, 0x4809, 0x5009, 
  0x4809, 0x4809, 0x4809, 0x4809, 0x4809, 0x4809, 0x4809, 0x4809, 0x5009, 0x4809, 0x4809, 0x4809, 
  0x4809, 0x4809, 0x4809, 0x5009, 0x4809, 0x4809, 0x4809, 0x4809, 0x4809, 0x4809, 0x4809, 0x4809, 
  0x4809, 0x4809, 0x4809, 0x4809, 0x5009, 0x4809, 0x4809, 0x5009, 0x4809, 0x5009, 0x4809, 0x4809, 
  0x4809, 0x5009, 0x4809, 0x4809, 0x4809, 0x4809, 0x4809, 0x4809, 0x4809, 0x4809, 0x4809, 0x4809, 
  0x4809, 0x4809, 0x4809, 0x4809, 0x4809, 0x5009, 0x4809, 0x4809, 0x5009, 0x5009, 0x4809, 0x4809, 
  0x4809, 0x4809, 0x4809, 0x4809, 0x4809, 0x4809, 0x4829, 0x4829, 0x4028, 0x2024, 0x1023, 0x1844, 
  0x4809, 0x4809, 0x5009, 0x4809, 0x4809, 0x5009, 0x4809, 0x4809, 0x4809, 0x4809, 0x4809, 0x4809, 
  0x4809, 0x4809, 0x4809, 0x4809, 0x4809, 0x4809, 0x4809, 0x5009, 0x4809, 0x4809, 0x5009, 0x4809, 
  0x4809, 0x4809, 0x4809, 0x4809, 0x4809, 0x4809, 0x4809, 0x4809, 0x4809, 0x4809, 0x5009, 0x4809, 
  0x4809, 0x4809, 0x4809, 0x4809, 0x5009, 0x4809, 0x4809, 0x4809, 0x4809, 0x4809, 0x4809, 0x4809, 
  0x4809, 0x4809, 0x4809, 0x5009, 0x5009, 0x4809, 0x4809, 0x4809, 0x4809, 0x4809, 0x4809, 0x4809, 
  0x4809, 0x4809, 0x5009, 0x4809, 0x4809, 0x4809, 0x4809, 0x4809, 0x4809, 0x4809, 0x4809, 0x508a, 
  0x508a, 0x4889, 0x28a5, 0x20a4, 0x30c6, 0x4809, 0x4809, 0x5009, 0x4809, 0x4809, 0x4809, 0x4809, 
  0x4809, 0x5009, 0x4809, 0x4809, 0x4809, 0x4809, 0x4809, 0x5009, 0x5009, 0x5009, 0x4809, 0x4809, 
  0x4809, 0x4809, 0x5009, 0x4809, 0x4809, 0x4809, 0x4809, 0x5009, 0x4809, 0x4809, 0x4809, 0x5009, 
  0x4809, 0x4809, 0x4809, 0x5009, 0x4809, 0x4809, 0x4809, 0x4809, 0x4809, 0x4809, 0x4809, 0x5009, 
  0x4809, 0x4809, 0x5009, 0x4809, 0x4809, 0x4809, 0x4809, 0x5009, 0x4809, 0x5009, 0x4809, 0x4809, 
  0x5009, 0x4809, 0x5009, 0x4809, 0x4809, 0x5009, 0x4809, 0x4809, 0x4809, 0x4809, 0x5009, 0x4809, 
  0x4809, 0x4809, 0x5009, 0x4809, 0x4828, 0x4828, 0x4027, 0x1803, 0x1002, 0x1003, 0x1003, 0x1003, 
  0x1003, 0x1003, 0x1003, 0x626c, 0x3927, 0x1824, 0x1823, 0x1823, 0x1823, 0x1823, 0x4809, 0x4809, 
  0x4809, 0x4809, 0x4809, 0x4809, 0x4809, 0x4809, 0x4809, 0x4809, 0x4809, 0x4809, 0x4809, 0x4809, 
  0x4809, 0x4809, 0x4809, 0x4809, 0x4809, 0x4809, 0x4809, 0x4809, 0x4809, 0x4809, 0x4809, 0x4809, 
  0x4809, 0x4809, 0x4809, 0x4809, 0x4809, 0x4809, 0x4809, 0x4809, 0x4809, 0x4809, 0x4809, 0x4809, 
  0x4809, 0x4809, 0x4809, 0x4809, 0x4809, 0x4809, 0x4809, 0x4809, 0x4809, 0x4809, 0x4809, 0x4809, 
  0x4809, 0x4809, 0x4809, 0x4809, 0x4809, 0x4809, 0x4809, 0x4809, 0x4809, 0x4809, 0x4809, 0x4809, 
  0x4809, 0x4809, 0x4809, 0x4809, 0x4809, 0x4809, 0x4809, 0x4809, 0x4809, 0x4849, 0x4849, 0x4028, 
  0x1824, 0x1023, 0x1824, 0x4809, 0x4809, 0x4809, 0x4809, 0x4809, 0x4809, 0x4809, 0x4809, 0x4809, 
  0x4809, 0x4809, 0x4809, 0x4809, 0x4809, 0x4809, 0x4809, 0x4809, 0x4809, 0x4809, 0x4809, 0x4809, 
  0x4809, 0x4809, 0x4809, 0x4809, 0x4809, 0x4809, 0x4809, 0x4809, 0x4809, 0x4809, 0x4809, 0x4809, 
  0x4809, 0x4809, 0x4809, 0x4809, 0x4809, 0x4809, 0x4809, 0x4809, 0x4809, 0x4809, 0x4809, 0x4809, 
  0x4809, 0x4809, 0x4809, 0x4809, 0x4809, 0x4809, 0x4809, 0x4809, 0x4809, 0x4809, 0x4809, 0x4809, 
  0x4809, 0x4809, 0x4809, 0x4809, 0x4809, 0x4809, 0x4809, 0x4809, 0x4809, 0x4809, 0x4809, 0x4809, 
  0x4809, 0x4809, 0x4849, 0x4829, 0x4028, 0x2024, 0x1023, 0x1844, 0x4809, 0x4809, 0x4809, 0x4809, 
  0x4809, 0x4809, 0x4809, 0x4809, 0x4809, 0x4809, 0x4809, 0x4809, 0x4809, 0x4809, 0x4809, 0x4809, 
  0x4809, 0x4809, 0x4809, 0x4809, 0x4809, 0x4809, 0x4809, 0x4809, 0x4809, 0x4809, 0x4809, 0x4809, 
  0x4809, 0x4809, 0x4809, 0x4809, 0x4809, 0x4809, 0x4809, 0x4809, 0x4809, 0x4809, 0x4809, 0x4809, 
  0x4809, 0x4809, 0x4809, 0x4809, 0x4809, 0x4809, 0x4809, 0x4809, 0x4809, 0x4809, 0x4809, 0x4809, 
  0x4809, 0x4809, 0x4809, 0x4809, 0x4809, 0x4809, 0x4809, 0x4809, 0x4809, 0x4809, 0x4809, 0x4809, 
  0x4809, 0x4809, 0x4809, 0x4809, 0x4809, 0x4809, 0x4809, 0x508a, 0x508a, 0x4889, 0x2885, 0x20a4, 
  0x28c6, 0x4809, 0x4809, 0x4809, 0x4809, 0x4809, 0x4809, 0x4809, 0x4809, 0x4809, 0x4809, 0x4809, 
  0x4809, 0x4809, 0x4809, 0x4809, 0x4809, 0x4809, 0x4809, 0x4809, 0x4809, 0x4809, 0x4809, 0x4809, 
  0x4809, 0x4809, 0x4809, 0x4809, 0x4809, 0x4809, 0x4809, 0x4809, 0x4809, 0x4809, 0x4809, 0x4809, 
  0x4809, 0x4809, 0x4809, 0x4809, 0x4809, 0x4809, 0x4809, 0x4809, 0x4809, 0x4809, 0x4809, 0x4809, 
  0x4809, 0x4809, 0x4809, 0x4809, 0x4809, 0x4809, 0x4809, 0x4809, 0x4809, 0x4809, 0x4809, 0x4809, 
  0x4809, 0x4809, 0x4809, 0x4809, 0x4809, 0x4809, 0x4809, 0x4809, 0x4809, 0x4809, 0x4809, 0x4809, 
  0x4828, 0x4028, 0x3827, 0x1803, 0x1002, 0x1003, 0x1003, 0x1003, 0x1003, 0x1003, 0x1003, 0x626c, 
  0x3927, 0x1844, 0x1824, 0x1824, 0x1824, 0x1844, 0x4809, 0x4809, 0x4809, 0x4809, 0x4809, 0x4809, 
  0x4809, 0x4809, 0x4809, 0x4809, 0x4809, 0x4809, 0x4809, 0x4809, 0x4809, 0x4809, 0x4809, 0x4809, 
  0x4809, 0x4809, 0x4809, 0x4809, 0x4809, 0x4809, 0x4809, 0x4809, 0x4809, 0x4809, 0x4809, 0x4809, 
  0x4809, 0x4809, 0x4809, 0x4809, 0x4809, 0x4809, 0x4809, 0x4809, 0x4809, 0x4809, 0x4809, 0x4809, 
  0x4809, 0x4809, 0x4809, 0x4809, 0x4809, 0x4809, 0x4809, 0x4809, 0x4809, 0x4809, 0x4809, 0x4809, 
  0x4809, 0x4809, 0x4809, 0x4809, 0x4809, 0x4809, 0x4809, 0x4809, 0x4809, 0x4809, 0x4809, 0x4809, 
  0x4809, 0x4809, 0x4809, 0x4809, 0x4809, 0x4829, 0x4849, 0x4027, 0x1824, 0x1022, 0x1823, 0x4809, 
  0x4809, 0x4809, 0x4809, 0x4809, 0x4809, 0x4809, 0x4809, 0x4809, 0x4809, 0x4809, 0x4809, 0x4809, 
  0x4809, 0x4809, 0x4809, 0x4809, 0x4809, 0x4809, 0x4809, 0x4809, 0x4809, 0x4809, 0x4809, 0x4809, 
  0x4809, 0x4809, 0x4809, 0x4809, 0x4809, 0x4809, 0x4809, 0x4809, 0x4809, 0x4809, 0x4809, 0x4809, 
  0x4809, 0x4809, 0x4809, 0x4809, 0x4809, 0x4809, 0x4809, 0x4809, 0x4809, 0x4809, 0x4809, 0x4809, 
  0x4809, 0x4809, 0x4809, 0x4809, 0x4809, 0x4809, 0x4809, 0x4809, 0x4809, 0x4809, 0x4809, 0x4809, 
  0x4809, 0x4809, 0x4809, 0x4809, 0x4809, 0x4809, 0x4809, 0x4809, 0x4809, 0x4809, 0x4829, 0x4829, 
  0x4028, 0x2024, 0x1023, 0x1844, 0x4809, 0x4809, 0x4809, 0x4809, 0x4809, 0x4809, 0x4809, 0x4809, 
  0x4809, 0x4809, 0x4809, 0x4809, 0x4809, 0x4809, 0x4809, 0x4809, 0x4809, 0x4809, 0x4809, 0x4809, 
  0x4809, 0x4809, 0x4809, 0x4809, 0x4809, 0x4809, 0x4809, 0x4809, 0x4809, 0x4809, 0x4809, 0x4809, 
  0x4809, 0x4809, 0x4809, 0x4809, 0x4809, 0x4809, 0x4809, 0x4809, 0x4809, 0x4809, 0x4809, 0x4809, 
  0x4809, 0x4809, 0x4809, 0x4809, 0x4809, 0x4809, 0x4809, 0x4809, 0x4809, 0x4809, 0x4809, 0x4809, 
  0x4809, 0x4809, 0x4809, 0x4809, 0x4809, 0x4809, 0x4809, 0x4809, 0x4809, 0x4809, 0x4809, 0x4809, 
  0x4809, 0x4809, 0x4809, 0x508a, 0x508a, 0x4889, 0x2885, 0x2084, 0x28c6, 0x4809, 0x4809, 0x4809, 
  0x4809, 0x4809, 0x4809, 0x4809, 0x4809, 0x4809, 0x4809, 0x4809, 0x4809, 0x4809, 0x4809, 0x4809, 
  0x4809, 0x4809, 0x4809, 0x4809, 0x4809, 0x4809, 0x4809, 0x4809, 0x4809, 0x4809, 0x4809, 0x4809, 
  0x4809, 0x4809, 0x4809, 0x4809, 0x4809, 0x4809, 0x4809, 0x4809, 0x4809, 0x4809, 0x4809, 0x4809, 
  0x4809, 0x4809, 0x4809, 0x4809, 0x4809, 0x4809, 0x4809, 0x4809, 0x4809, 0x4809, 0x4809, 0x4809, 
  0x4809, 0x4809, 0x4809, 0x4809, 0x4809, 0x4809, 0x4809, 0x4809, 0x4809, 0x4809, 0x4809, 0x4809, 
  0x4809, 0x4809, 0x4809, 0x4809, 0x4809, 0x4809, 0x4809, 0x4809, 0x4828, 0x4828, 0x3827, 0x1803, 
  0x1002, 0x1003, 0x1003, 0x1003, 0x1003, 0x1003, 0x1003, 0x626c, 0x3927, 0x1844, 0x1824, 0x1824, 
  0x1824, 0x1844, 0x4809, 0x4809, 0x4809, 0x4809, 0x4809, 0x4809, 0x4809, 0x4809, 0x4809, 0x4809, 
  0x4809, 0x4809, 0x4809, 0x4809, 0x4809, 0x4809, 0x4809, 0x4809, 0x4809, 0x4809, 0x4809, 0x4809, 
  0x4809, 0x4809, 0x4809, 0x4809, 0x4809, 0x4809, 0x4809, 0x4809, 0x4809, 0x4809, 0x4809, 0x4809, 
  0x4809, 0x4809, 0x4809, 0x4809, 0x4809, 0x4809, 0x4809, 0x4809, 0x4809, 0x4809, 0x4809, 0x4809, 
  0x4809, 0x4809, 0x4809, 0x4809, 0x4809, 0x4809, 0x4809, 0x4809, 0x4809, 0x4809, 0x4809, 0x4809, 
  0x4809, 0x4809, 0x4809, 0x4809, 0x4809, 0x4809, 0x4809, 0x4809, 0x4809, 0x4809, 0x4809, 0x4809, 
  0x4809, 0x4828, 0x4828, 0x4027, 0x1823, 0x1002, 0x1823, 0x4809, 0x4809, 0x4809, 0x4809, 0x4809, 
  0x4809, 0x4809, 0x4809, 0x4809, 0x4809, 0x4809, 0x4809, 0x4809, 0x4809, 0x4809, 0x4809, 0x4809, 
  0x4809, 0x4809, 0x4809, 0x4809, 0x4809, 0x4809, 0x4809, 0x4809, 0x4809, 0x4809, 0x4809, 0x4809, 
  0x4809, 0x4809, 0x4809, 0x4809, 0x4809, 0x4809, 0x4809, 0x4809, 0x4809, 0x4809, 0x4809, 0x4809, 
  0x4809, 0x4809, 0x4809, 0x4809, 0x4809, 0x4809, 0x4809, 0x4809, 0x4809, 0x4809, 0x4809, 0x4809, 
  0x4809, 0x4809, 0x4809, 0x4809, 0x4809, 0x4809, 0x4809, 0x4809, 0x4809, 0x4809, 0x4809, 0x4809, 
  0x4809, 0x4809, 0x4809, 0x4809, 0x4809, 0x4809, 0x4829, 0x4829, 0x4028, 0x2024, 0x1023, 0x1844, 
  0x4809, 0x4809, 0x4809, 0x4809, 0x4809, 0x4809, 0x4809, 0x4809, 0x4809, 0x4809, 0x4809, 0x4809, 
  0x4809, 0x4809, 0x4809, 0x4809, 0x4809, 0x4809, 0x4809, 0x4809, 0x4809, 0x4809, 0x4809, 0x4809, 
  0x4809, 0x4809, 0x4809, 0x4809, 0x4809, 0x4809, 0x4809, 0x4809, 0x4809, 0x4809, 0x4809, 0x4809, 
  0x4809, 0x4809, 0x4809, 0x4809, 0x4809, 0x4809, 0x4809, 0x4809, 0x4809, 0x4809, 0x4809, 0x4809, 
  0x4809, 0x4809, 0x4809, 0x4809, 0x4809, 0x4809, 0x4809, 0x4809, 0x4809, 0x4809, 0x4809, 0x4809, 
  0x4809, 0x4809, 0x4809, 0x4809, 0x4809, 0x4809, 0x4809, 0x4809, 0x4809, 0x4809, 0x4809, 0x508a, 
  0x508a, 0x4889, 0x2885, 0x2084, 0x28c6, 0x4809, 0x4809, 0x4809, 0x4809, 0x4809, 0x4809, 0x4809, 
  0x4809, 0x4809, 0x4809, 0x4809, 0x4809, 0x4809, 0x4809, 0x4809, 0x4809, 0x4809, 0x4809, 0x4809, 
  0x4809, 0x4809, 0x4809, 0x4809, 0x4809, 0x4809, 0x4809, 0x4809, 0x4809, 0x4809, 0x4809, 0x4809, 
  0x4809, 0x4809, 0x4809, 0x4809, 0x4809, 0x4809, 0x4809, 0x4809, 0x4809, 0x4809, 0x4809, 0x4809, 
  0x4809, 0x4809, 0x4809, 0x4809, 0x4809, 0x4809, 0x4809, 0x4809, 0x4809, 0x4809, 0x4809, 0x4809, 
  0x4809, 0x4809, 0x4809, 0x4809, 0x4809, 0x4809, 0x4809, 0x4809, 0x4809, 0x4809, 0x4809, 0x4809, 
  0x4809, 0x4809, 0x4809, 0x4809, 0x4828, 0x4828, 0x3827, 0x1803, 0x1002, 0x1003, 0x1003, 0x1003, 
  0x1003, 0x1003, 0x1003, 0x626c, 0x3927, 0x1844, 0x1844, 0x1844, 0x1844, 0x1844, 0x4809, 0x4809, 
  0x4809, 0x4809, 0x4809, 0x4809, 0x4809, 0x4809, 0x4809, 0x4809, 0x4809, 0x4809, 0x4809, 0x4809, 
  0x4809, 0x4809, 0x4809, 0x4809, 0x4809, 0x4809, 0x4809, 0x4809, 0x4809, 0x4809, 0x4809, 0x4809, 
  0x4809, 0x4809, 0x4809, 0x4809, 0x4809, 0x4809, 0x4809, 0x4809, 0x4809, 0x4809, 0x4809, 0x4809, 
  0x4809, 0x4809, 0x4809, 0x4809, 0x4809, 0x4809, 0x4809, 0x4809, 0x4809, 0x4809, 0x4809, 0x4809, 
  0x4809, 0x4809, 0x4809, 0x4809, 0x4809, 0x4809, 0x4809, 0x4809, 0x4809, 0x4809, 0x4809, 0x4809, 
  0x4809, 0x4809, 0x4809, 0x4809, 0x4809, 0x4809, 0x4809, 0x4809, 0x4809, 0x4828, 0x4828, 0x3827, 
  0x1803, 0x1002, 0x1823, 0x4809, 0x4809, 0x4809, 0x4809, 0x4809, 0x4809, 0x4809, 0x4809, 0x4809, 
  0x4809, 0x4809, 0x4809, 0x4809, 0x4809, 0x4809, 0x4809, 0x4809, 0x4809, 0x4809, 0x4809, 0x4809, 
  0x4809, 0x4809, 0x4809, 0x4809, 0x4809, 0x4809, 0x4809, 0x4809, 0x4809, 0x4809, 0x4809, 0x4809, 
  0x4809, 0x4809, 0x4809, 0x4809, 0x4809, 0x4809, 0x4809, 0x4809, 0x4809, 0x4809, 0x4809, 0x4809, 
  0x4809, 0x4809, 0x4809, 0x4809, 0x4809, 0x4809, 0x4809, 0x4809, 0x4809, 0x4809, 0x4809, 0x4809, 
  0x4809, 0x4809, 0x4809, 0x4809, 0x4809, 0x4809, 0x4809, 0x4809, 0x4809, 0x4809, 0x4809, 0x4809, 
  0x4809, 0x4809, 0x4829, 0x4829, 0x4028, 0x2024, 0x1023, 0x1844, 0x4809, 0x4809, 0x4809, 0x4809, 
  0x4809, 0x4809, 0x4809, 0x4809, 0x4809, 0x4809, 0x4809, 0x4809, 0x4809, 0x4809, 0x4809, 0x4809, 
  0x4809, 0x4809, 0x4809, 0x4809, 0x4809, 0x4809, 0x4809, 0x4809, 0x4809, 0x4809, 0x4809, 0x4809, 
  0x4809, 0x4809, 0x4809, 0x4809, 0x4809, 0x4809, 0x4809, 0x4809, 0x4809, 0x4809, 0x4809, 0x4809, 
  0x4809, 0x4809, 0x4809, 0x4809, 0x4809, 0x4809, 0x4809, 0x4809, 0x4809, 0x4809, 0x4809, 0x4809, 
  0x4809, 0x4809, 0x4809, 0x4809, 0x4809, 0x4809, 0x4809, 0x4809, 0x4809, 0x4809, 0x4809, 0x4809, 
  0x4809, 0x4809, 0x4809, 0x4809, 0x4809, 0x4809, 0x4809, 0x508a, 0x508a, 0x4889, 0x2885, 0x2084, 
  0x28c6, 0x4809, 0x4809, 0x4809, 0x4809, 0x4809, 0x4809, 0x4809, 0x4809, 0x4809, 0x4809, 0x4809, 
  0x4809, 0x4809, 0x4809, 0x4809, 0x4809, 0x4809, 0x4809, 0x4809, 0x4809, 0x4809, 0x4809, 0x4809, 
  0x4809, 0x4809, 0x4809, 0x4809, 0x4809, 0x4809, 0x4809, 0x4809, 0x4809, 0x4809, 0x4809, 0x4809, 
  0x4809, 0x4809, 0x4809, 0x4809, 0x4809, 0x4809, 0x4809, 0x4809, 0x4809, 0x4809, 0x4809, 0x4809, 
  0x4809, 0x4809, 0x4809, 0x4809, 0x4809, 0x4809, 0x4809, 0x4809, 0x4809, 0x4809, 0x4809, 0x4809, 
  0x4809, 0x4809, 0x4809, 0x4809, 0x4809, 0x4809, 0x4809, 0x4809, 0x4809, 0x4809, 0x4809, 0x4809, 
  0x4828, 0x4828, 0x4027, 0x1803, 0x1002, 0x1003, 0x1003, 0x1003, 0x1003, 0x1003, 0x1003, 0x626c, 
  0x3927, 0x1844, 0x1844, 0x1844, 0x1844, 0x1844, 0x4809, 0x4809, 0x4809, 0x4809, 0x4809, 0x4809, 
  0x4809, 0x4809, 0x4809, 0x4809, 0x4809, 0x4809, 0x4809, 0x4809, 0x4809, 0x4809, 0x4809, 0x4809, 
  0x4809, 0x4809, 0x4809, 0x4809, 0x4809, 0x4809, 0x4809, 0x4809, 0x4809, 0x4809, 0x4809, 0x4809, 
  0x4809, 0x4809, 0x4809, 0x4809, 0x4809, 0x4809, 0x4809, 0x4809, 0x4809, 0x4809, 0x4809, 0x4809, 
  0x4808, 0x4809, 0x4809, 0x4809, 0x4809, 0x4809, 0x4809, 0x4809, 0x4809, 0x4809, 0x4809, 0x4809, 
  0x4809, 0x4809, 0x4809, 0x4809, 0x4809, 0x4809, 0x4809, 0x4809, 0x4809, 0x4809, 0x4809, 0x4809, 
  0x4809, 0x4809, 0x4809, 0x4809, 0x4809, 0x4828, 0x4828, 0x3827, 0x1803, 0x1002, 0x1823, 0x4809, 
  0x4809, 0x4809, 0x4809, 0x4809, 0x4809, 0x4809, 0x4809, 0x4809, 0x4809, 0x4809, 0x4809, 0x4809, 
  0x4809, 0x4809, 0x4809, 0x4809, 0x4808, 0x4809, 0x4809, 0x4809, 0x4809, 0x4809, 0x4809, 0x4809, 
  0x4808, 0x4809, 0x4809, 0x4809, 0x4809, 0x4809, 0x4808, 0x4809, 0x4808, 0x4809, 0x4808, 0x4809, 
  0x4809, 0x4809, 0x4809, 0x4809, 0x4809, 0x4809, 0x4809, 0x4809, 0x4809, 0x4809, 0x4809, 0x4809, 
  0x4809, 0x4809, 0x4809, 0x4809, 0x4809, 0x4809, 0x4809, 0x4809, 0x4809, 0x4809, 0x4809, 0x4809, 
  0x4809, 0x4809, 0x4809, 0x4809, 0x4809, 0x4809, 0x4809, 0x4809, 0x4809, 0x4809, 0x4829, 0x4849, 
  0x4027, 0x2024, 0x1023, 0x1844, 0x4809, 0x4809, 0x4809, 0x4809, 0x4809, 0x4809, 0x4809, 0x4809, 
  0x4809, 0x4809, 0x4809, 0x4809, 0x4809, 0x4809, 0x4809, 0x4809, 0x4809, 0x4809, 0x4809, 0x4809, 
  0x4809, 0x4809, 0x4809, 0x4809, 0x4808, 0x4809, 0x4809, 0x4809, 0x4809, 0x4809, 0x4809, 0x4809, 
  0x4809, 0x4808, 0x4809, 0x4809, 0x4809, 0x4809, 0x4809, 0x4809, 0x4809, 0x4809, 0x4809, 0x4809, 
  0x4809, 0x4809, 0x4809, 0x4809, 0x4809, 0x4809, 0x4809, 0x4809, 0x4809, 0x4809, 0x4809, 0x4809, 
  0x4809, 0x4809, 0x4809, 0x4809, 0x4809, 0x4809, 0x4809, 0x4809, 0x4809, 0x4809, 0x4809, 0x4809, 
  0x4809, 0x4809, 0x4809, 0x508a, 0x508a, 0x4889, 0x2885, 0x2084, 0x28c6, 0x4809, 0x4809, 0x4809, 
  0x4809, 0x4809, 0x4809, 0x4809, 0x4809, 0x4809, 0x4808, 0x4809, 0x4809, 0x4809, 0x4809, 0x4809, 
  0x4808, 0x4809, 0x4809, 0x4809, 0x4809, 0x4809, 0x4809, 0x4809, 0x4809, 0x4809, 0x4809, 0x4809, 
  0x4809, 0x4809, 0x4809, 0x4809, 0x4809, 0x4809, 0x4809, 0x4809, 0x4809, 0x4809, 0x4809, 0x4809, 
  0x4809, 0x4809, 0x4809, 0x4809, 0x4809, 0x4809, 0x4809, 0x4809, 0x4809, 0x4809, 0x4809, 0x4809, 
  0x4809, 0x4809, 0x4809, 0x4809, 0x4809, 0x4809, 0x4809, 0x4809, 0x4809, 0x4809, 0x4809, 0x4809, 
  0x4809, 0x4809, 0x4809, 0x4809, 0x4808, 0x4809, 0x4809, 0x4809, 0x4828, 0x4828, 0x4027, 0x1803, 
  0x1002, 0x1003, 0x1003, 0x1003, 0x1003, 0x1003, 0x1003, 0x626c, 0x3928, 0x1844, 0x1844, 0x1844, 
  0x1844, 0x1844, 0x4809, 0x4809, 0x4809, 0x4809, 0x4809, 0x4809, 0x4809, 0x4809, 0x4809, 0x4809, 
  0x4809, 0x4808, 0x4808, 0x4809, 0x4808, 0x4809, 0x4809, 0x4809, 0x4808, 0x4808, 0x4809, 0x4809, 
  0x4809, 0x4809, 0x4808, 0x4809, 0x4808, 0x4808, 0x4808, 0x4808, 0x4809, 0x4809, 0x4809, 0x4809, 
  0x4809, 0x4808, 0x4808, 0x4809, 0x4809, 0x4809, 0x4809, 0x4808, 0x4808, 0x4809, 0x4808, 0x4808, 
  0x4809, 0x4808, 0x4809, 0x4808, 0x4808, 0x4808, 0x4809, 0x4809, 0x4809, 0x4809, 0x4808, 0x4808, 
  0x4808, 0x4809, 0x4808, 0x4808, 0x4809, 0x4809, 0x4808, 0x4808, 0x4809, 0x4809, 0x4808, 0x4808, 
  0x4809, 0x4828, 0x4828, 0x3827, 0x1803, 0x1002, 0x1823, 0x4809, 0x4809, 0x4808, 0x4809, 0x4809, 
  0x4808, 0x4809, 0x4808, 0x4808, 0x4809, 0x4809, 0x4808, 0x4808, 0x4809, 0x4809, 0x4809, 0x4809, 
  0x4809, 0x4809, 0x4808, 0x4808, 0x4809, 0x4808, 0x4808, 0x4808, 0x4809, 0x4808, 0x4808, 0x4808, 
  0x4809, 0x4809, 0x4808, 0x4809, 0x4809, 0x4809, 0x4809, 0x4809, 0x4809, 0x4809, 0x4809, 0x4809, 
  0x4809, 0x4809, 0x4808, 0x4809, 0x4808, 0x4808, 0x4809, 0x4808, 0x4808, 0x4808, 0x4808, 0x4808, 
  0x4808, 0x4808, 0x4809, 0x4809, 0x4809, 0x4808, 0x4808, 0x4809, 0x4809, 0x4809, 0x4809, 0x4809, 
  0x4808, 0x4809, 0x4809, 0x4808, 0x4808, 0x4808, 0x4829, 0x4829, 0x4027, 0x1824, 0x1023, 0x1844, 
  0x4809, 0x4809, 0x4809, 0x4808, 0x4809, 0x4809, 0x4808, 0x4808, 0x4809, 0x4808, 0x4809, 0x4809, 
  0x4809, 0x4809, 0x4809, 0x4809, 0x4809, 0x4809, 0x4808, 0x4809, 0x4809, 0x4808, 0x4808, 0x4809, 
  0x4808, 0x4808, 0x4808, 0x4809, 0x4809, 0x4809, 0x4809, 0x4809, 0x4809, 0x4809, 0x4809, 0x4808, 
  0x4809, 0x4809, 0x4808, 0x4809, 0x4808, 0x4809, 0x4808, 0x4809, 0x4809, 0x4809, 0x4808, 0x4808, 
  0x4809, 0x4809, 0x4809, 0x4809, 0x4809, 0x4809, 0x4809, 0x4809, 0x4809, 0x4808, 0x4809, 0x4809, 
  0x4809, 0x4809, 0x4808, 0x4808, 0x4808, 0x4808, 0x4808, 0x4808, 0x4808, 0x4809, 0x4808, 0x508a, 
  0x508a, 0x4889, 0x2885, 0x2084, 0x28c6, 0x4808, 0x4808, 0x4808, 0x4809, 0x4808, 0x4808, 0x4809, 
  0x4809, 0x4809, 0x4809, 0x4809, 0x4809, 0x4809, 0x4809, 0x4809, 0x4809, 0x4808, 0x4809, 0x4809, 
  0x4808, 0x4809, 0x4809, 0x4809, 0x4808, 0x4808, 0x4809, 0x4809, 0x4809, 0x4809, 0x4809, 0x4809, 
  0x4809, 0x4809, 0x4809, 0x4809, 0x4809, 0x4808, 0x4808, 0x4809, 0x4808, 0x4809, 0x4809, 0x4809, 
  0x4808, 0x4808, 0x4809, 0x4809, 0x4809, 0x4809, 0x4808, 0x4809, 0x4808, 0x4808, 0x4808, 0x4808, 
  0x4809, 0x4809, 0x4809, 0x4809, 0x4809, 0x4808, 0x4808, 0x4809, 0x4809, 0x4809, 0x4809, 0x4808, 
  0x4808, 0x4809, 0x4808, 0x4808, 0x4828, 0x4028, 0x4027, 0x1803, 0x1002, 0x1003, 0x1003, 0x1003, 
  0x1003, 0x1003, 0x1003, 0x626c, 0x3928, 0x1844, 0x1844, 0x1844, 0x1844, 0x1844, 0x4808, 0x4808, 
  0x4808, 0x4808, 0x4808, 0x4808, 0x4808, 0x4809, 0x4808, 0x4808, 0x4808, 0x4808, 0x4808, 0x4809, 
  0x4808, 0x4808, 0x4808, 0x4808, 0x4809, 0x4808, 0x4808, 0x4808, 0x4808, 0x4808, 0x4808, 0x4808, 
  0x4808, 0x4808, 0x4808, 0x4808, 0x4808, 0x4808, 0x4808, 0x4808, 0x4808, 0x4808, 0x4808, 0x4808, 
  0x4809, 0x4808, 0x4808, 0x4808, 0x4808, 0x4808, 0x4808, 0x4808, 0x4808, 0x4808, 0x4808, 0x4808, 
  0x4808, 0x4809, 0x4809, 0x4808, 0x4808, 0x4808, 0x4808, 0x4809, 0x4808, 0x4808, 0x4808, 0x4808, 
  0x4809, 0x4808, 0x4808, 0x4808, 0x4808, 0x4808, 0x4808, 0x4808, 0x4808, 0x4828, 0x4828, 0x3827, 
  0x1803, 0x1002, 0x1823, 0x4808, 0x4808, 0x4808, 0x4808, 0x4808, 0x4808, 0x4808, 0x4808, 0x4808, 
  0x4808, 0x4808, 0x4808, 0x4808, 0x4808, 0x4808, 0x4808, 0x4808, 0x4808, 0x4808, 0x4808, 0x4808, 
  0x4808, 0x4808, 0x4808, 0x4808, 0x4808, 0x4808, 0x4808, 0x4808, 0x4809, 0x4808, 0x4808, 0x4808, 
  0x4808, 0x4808, 0x4808, 0x4808, 0x4808, 0x4808, 0x4808, 0x4808, 0x4808, 0x4808, 0x4808, 0x4808, 
  0x4808, 0x4808, 0x4808, 0x4808, 0x4808, 0x4808, 0x4808, 0x4808, 0x4808, 0x4808, 0x4808, 0x4809, 
  0x4808, 0x4808, 0x4808, 0x4808, 0x4808, 0x4808, 0x4808, 0x4808, 0x4808, 0x4809, 0x4808, 0x4808, 
  0x4808, 0x4808, 0x4829, 0x4829, 0x4027, 0x2024, 0x1023, 0x1844, 0x4808, 0x4808, 0x4808, 0x4808, 
  0x4808, 0x4808, 0x4808, 0x4808, 0x4808, 0x4808, 0x4808, 0x4808, 0x4808, 0x4808, 0x4808, 0x4808, 
  0x4808, 0x4808, 0x4808, 0x4808, 0x4808, 0x4808, 0x4808, 0x4808, 0x4808, 0x4808, 0x4808, 0x4808, 
  0x4808, 0x4808, 0x4808, 0x4808, 0x4808, 0x4808, 0x4808, 0x4808, 0x4808, 0x4808, 0x4808, 0x4808, 
  0x4808, 0x4809, 0x4809, 0x4808, 0x4808, 0x4808, 0x4808, 0x4808, 0x4808, 0x4808, 0x4808, 0x4808, 
  0x4808, 0x4808, 0x4808, 0x4809, 0x4808, 0x4808, 0x4809, 0x4808, 0x4808, 0x4808, 0x4808, 0x4808, 
  0x4808, 0x4808, 0x4808, 0x4808, 0x4808, 0x4808, 0x4808, 0x508a, 0x508a, 0x4889, 0x2885, 0x2084, 
  0x28a5, 0x4808, 0x4808, 0x4808, 0x4808, 0x4808, 0x4808, 0x4808, 0x4809, 0x4808, 0x4808, 0x4808, 
  0x4808, 0x4808, 0x4808, 0x4808, 0x4809, 0x4808, 0x4808, 0x4808, 0x4808, 0x4808, 0x4808, 0x4808, 
  0x4808, 0x4808, 0x4808, 0x4808, 0x4808, 0x4808, 0x4808, 0x4808, 0x4808, 0x4809, 0x4808, 0x4808, 
  0x4808, 0x4808, 0x4808, 0x4809, 0x4808, 0x4808, 0x4808, 0x4808, 0x4809, 0x4808, 0x4808, 0x4808, 
  0x4808, 0x4808, 0x4808, 0x4808, 0x4808, 0x4808, 0x4808, 0x4808, 0x4808, 0x4808, 0x4808, 0x4808, 
  0x4808, 0x4808, 0x4808, 0x4808, 0x4809, 0x4808, 0x4808, 0x4808, 0x4808, 0x4808, 0x4808, 0x4808, 
  0x4828, 0x4828, 0x4027, 0x1803, 0x1002, 0x1003, 0x1003, 0x1003, 0x1003, 0x1003, 0x1003, 0x626c, 
  0x3948, 0x1844, 0x1844, 0x1844, 0x1844, 0x1844, 0x4808, 0x4808, 0x4808, 0x4808, 0x4808, 0x4808, 
  0x4808, 0x4808, 0x4808, 0x4808, 0x4808, 0x4808, 0x4808, 0x4808, 0x4808, 0x4808, 0x4808, 0x4808, 
  0x4808, 0x4808, 0x4808, 0x4808, 0x4808, 0x4808, 0x4808, 0x4808, 0x4808, 0x4808, 0x4808, 0x4808, 
  0x4808, 0x4808, 0x4808, 0x4808, 0x4808, 0x4808, 0x4808, 0x4808, 0x4808, 0x4808, 0x4808, 0x4808, 
  0x4808, 0x4808, 0x4808, 0x4808, 0x4808, 0x4808, 0x4808, 0x4808, 0x4808, 0x4808, 0x4808, 0x4808, 
  0x4808, 0x4808, 0x4808, 0x4808, 0x4808, 0x4808, 0x4808, 0x4808, 0x4808, 0x4808, 0x4808, 0x4808, 
  0x4808, 0x4808, 0x4808, 0x4808, 0x4808, 0x4828, 0x4828, 0x3827, 0x1803, 0x1002, 0x1823, 0x4808, 
  0x4808, 0x4808, 0x4808, 0x4808, 0x4808, 0x4808, 0x4808, 0x4808, 0x4808, 0x4808, 0x4808, 0x4808, 
  0x4808, 0x4808, 0x4808, 0x4808, 0x4808, 0x4808, 0x4808, 0x4808, 0x4808, 0x4808, 0x4808, 0x4808, 
  0x4808, 0x4808, 0x4808, 0x4808, 0x4808, 0x4808, 0x4808, 0x4808, 0x4808, 0x4808, 0x4808, 0x4808, 
  0x4808, 0x4808, 0x4808, 0x4808, 0x4808, 0x4808, 0x4808, 0x4808, 0x4808, 0x4808, 0x4808, 0x4808, 
  0x4808, 0x4808, 0x4808, 0x4808, 0x4808, 0x4808, 0x4808, 0x4808, 0x4808, 0x4808, 0x4808, 0x4808, 
  0x4808, 0x4808, 0x4808, 0x4808, 0x4808, 0x4808, 0x4808, 0x4808, 0x4808, 0x4808, 0x4829, 0x4829, 
  0x4027, 0x2024, 0x1023, 0x1844, 0x4808, 0x4808, 0x4808, 0x4808, 0x4808, 0x4808, 0x4808, 0x4808, 
  0x4808, 0x4808, 0x4808, 0x4808, 0x4808, 0x4808, 0x4808, 0x4808, 0x4808, 0x4808, 0x4808, 0x4808, 
  0x4808, 0x4808, 0x4808, 0x4808, 0x4808, 0x4808, 0x4808, 0x4808, 0x4808, 0x4808, 0x4808, 0x4808, 
  0x4808, 0x4808, 0x4808, 0x4808, 0x4808, 0x4808, 0x4808, 0x4808, 0x4808, 0x4808, 0x4808, 0x4808, 
  0x4808, 0x4808, 0x4808, 0x4808, 0x4808, 0x4808, 0x4808, 0x4808, 0x4808, 0x4808, 0x4808, 0x4808, 
  0x4808, 0x4808, 0x4808, 0x4808, 0x4808, 0x4808, 0x4808, 0x4808, 0x4808, 0x4808, 0x4808, 0x4808, 
  0x4808, 0x4808, 0x4808, 0x508a, 0x508a, 0x4889, 0x2885, 0x2084, 0x28a5, 0x4808, 0x4808, 0x4808, 
  0x4808, 0x4808, 0x4808, 0x4808, 0x4808, 0x4808, 0x4808, 0x4808, 0x4808, 0x4808, 0x4808, 0x4808, 
  0x4808, 0x4808, 0x4808, 0x4808, 0x4808, 0x4808, 0x4808, 0x4808, 0x4808, 0x4808, 0x4808, 0x4808, 
  0x4808, 0x4808, 0x4808, 0x4808, 0x4808, 0x4808, 0x4808, 0x4808, 0x4808, 0x4808, 0x4808, 0x4808, 
  0x4808, 0x4808, 0x4808, 0x4808, 0x4808, 0x4808, 0x4808, 0x4808, 0x4808, 0x4808, 0x4808, 0x4808, 
  0x4808, 0x4808, 0x4808, 0x4808, 0x4808, 0x4808, 0x4808, 0x4808, 0x4808, 0x4808, 0x4808, 0x4808, 
  0x4808, 0x4808, 0x4808, 0x4808, 0x4808, 0x4808, 0x4808, 0x4808, 0x4828, 0x4828, 0x4027, 0x1803, 
  0x1002, 0x1003, 0x1003, 0x1003, 0x1003, 0x1003, 0x1003, 0x626c, 0x3948, 0x1844, 0x2044, 0x2044, 
  0x1844, 0x1844, 0x4808, 0x4808, 0x4808, 0x4808, 0x4808, 0x4808, 0x4808, 0x4808, 0x4808, 0x4808, 
  0x4808, 0x4808, 0x4808, 0x4808, 0x4808, 0x4808, 0x4808, 0x4808, 0x4808, 0x4808, 0x4808, 0x4808, 
  0x4808, 0x4808, 0x4808, 0x4808, 0x4808, 0x4808, 0x4808, 0x4808, 0x4808, 0x4808, 0x4808, 0x4808, 
  0x4808, 0x4808, 0x4808, 0x4808, 0x4808, 0x4808, 0x4808, 0x4808, 0x4808, 0x4808, 0x4808, 0x4808, 
  0x4808, 0x4808, 0x4808, 0x4808, 0x4808, 0x4808, 0x4808, 0x4808, 0x4808, 0x4808, 0x4808, 0x4808, 
  0x4808, 0x4808, 0x4808, 0x4808, 0x4808, 0x4808, 0x4808, 0x4808, 0x4808, 0x4808, 0x4808, 0x4808, 
  0x4808, 0x4828, 0x4028, 0x3827, 0x1803, 0x1002, 0x1823, 0x4808, 0x4808, 0x4808, 0x4808, 0x4808, 
  0x4808, 0x4808, 0x4808, 0x4808, 0x4808, 0x4808, 0x4808, 0x4808, 0x4808, 0x4808, 0x4808, 0x4808, 
  0x4808, 0x4808, 0x4808, 0x4808, 0x4808, 0x4808, 0x4808, 0x4808, 0x4808, 0x4808, 0x4808, 0x4808, 
  0x4808, 0x4808, 0x4808, 0x4808, 0x4808, 0x4808, 0x4808, 0x4808, 0x4808, 0x4808, 0x4808, 0x4808, 
  0x4808, 0x4808, 0x4808, 0x4808, 0x4808, 0x4808, 0x4808, 0x4808, 0x4808, 0x4808, 0x4808, 0x4808, 
  0x4808, 0x4808, 0x4808, 0x4808, 0x4808, 0x4808, 0x4808, 0x4808, 0x4808, 0x4808, 0x4808, 0x4808, 
  0x4808, 0x4808, 0x4808, 0x4808, 0x4808, 0x4808, 0x4829, 0x4829, 0x4028, 0x2024, 0x1023, 0x1844, 
  0x4808, 0x4808, 0x4808, 0x4808, 0x4808, 0x4808, 0x4808, 0x4808, 0x4808, 0x4808, 0x4808, 0x4808, 
  0x4808, 0x4808, 0x4808, 0x4808, 0x4808, 0x4808, 0x4808, 0x4808, 0x4808, 0x4808, 0x4808, 0x4808, 
  0x4808, 0x4808, 0x4808, 0x4808, 0x4808, 0x4808, 0x4808, 0x4808, 0x4808, 0x4808, 0x4808, 0x4808, 
  0x4808, 0x4808, 0x4808, 0x4808, 0x4808, 0x4808, 0x4808, 0x4808, 0x4808, 0x4808, 0x4808, 0x4808, 
  0x4808, 0x4808, 0x4808, 0x4808, 0x4808, 0x4808, 0x4808, 0x4808, 0x4808, 0x4808, 0x4808, 0x4808, 
  0x4808, 0x4808, 0x4808, 0x4808, 0x4808, 0x4808, 0x4808, 0x4808, 0x4808, 0x4808, 0x4808, 0x508a, 
  0x508a, 0x4888, 0x2885, 0x2084, 0x28a5, 0x4808, 0x4808, 0x4808, 0x4808, 0x4808, 0x4808, 0x4808, 
  0x4808, 0x4808, 0x4808, 0x4808, 0x4808, 0x4808, 0x4808, 0x4808, 0x4808, 0x4808, 0x4808, 0x4808, 
  0x4808, 0x4808, 0x4808, 0x4808, 0x4808, 0x4808, 0x4808, 0x4808, 0x4808, 0x4808, 0x4808, 0x4808, 
  0x4808, 0x4808, 0x4808, 0x4808, 0x4808, 0x4808, 0x4808, 0x4808, 0x4808, 0x4808, 0x4808, 0x4808, 
  0x4808, 0x4808, 0x4808, 0x4808, 0x4808, 0x4808, 0x4808, 0x4808, 0x4808, 0x4808, 0x4808, 0x4808, 
  0x4808, 0x4808, 0x4808, 0x4808, 0x4808, 0x4808, 0x4808, 0x4808, 0x4808, 0x4808, 0x4808, 0x4808, 
  0x4808, 0x4808, 0x4808, 0x4808, 0x4028, 0x4828, 0x4027, 0x1803, 0x1002, 0x1003, 0x1003, 0x1003, 
  0x1003, 0x1003, 0x1003, 0x626c, 0x3948, 0x2064, 0x2064, 0x2064, 0x2064, 0x2064, 0x4808, 0x4808, 
  0x4808, 0x4808, 0x4808, 0x4808, 0x4808, 0x4808, 0x4808, 0x4808, 0x4808, 0x4808, 0x4808, 0x4808, 
  0x4808, 0x4808, 0x4808, 0x4808, 0x4808, 0x4808, 0x4808, 0x4808, 0x4808, 0x4808, 0x4808, 0x4808, 
  0x4808, 0x4808, 0x4808, 0x4808, 0x4808, 0x4808, 0x4808, 0x4808, 0x4808, 0x4808, 0x4808, 0x4808, 
  0x4808, 0x4808, 0x4808, 0x4808, 0x4808, 0x4808, 0x4808, 0x4808, 0x4808, 0x4808, 0x4808, 0x4808, 
  0x4808, 0x4808, 0x4808, 0x4808, 0x4808, 0x4808, 0x4808, 0x4808, 0x4808, 0x4808, 0x4808, 0x4808, 
  0x4808, 0x4808, 0x4808, 0x4808, 0x4808, 0x4808, 0x4808, 0x4808, 0x4808, 0x4828, 0x4828, 0x3827, 
  0x1803, 0x1002, 0x1823, 0x4808, 0x4808, 0x4808, 0x4808, 0x4808, 0x4808, 0x4808, 0x4808, 0x4808, 
  0x4808, 0x4808, 0x4808, 0x4808, 0x4808, 0x4808, 0x4808, 0x4808, 0x4808, 0x4808, 0x4808, 0x4808, 
  0x4808, 0x4808, 0x4808, 0x4808, 0x4808, 0x4808, 0x4808, 0x4808, 0x4808, 0x4808, 0x4808, 0x4808, 
  0x4808, 0x4808, 0x4808, 0x4808, 0x4808, 0x4808, 0x4808, 0x4808, 0x4808, 0x4808, 0x4808, 0x4808, 
  0x4808, 0x4808, 0x4808, 0x4808, 0x4808, 0x4808, 0x4808, 0x4808, 0x4808, 0x4808, 0x4808, 0x4808, 
  0x4808, 0x4808, 0x4808, 0x4808, 0x4808, 0x4808, 0x4808, 0x4808, 0x4808, 0x4808, 0x4808, 0x4808, 
  0x4808, 0x4808, 0x4829, 0x4829, 0x4027, 0x1824, 0x1023, 0x1844, 0x4808, 0x4808, 0x4808, 0x4808, 
  0x4808, 0x4808, 0x4808, 0x4808, 0x4808, 0x4808, 0x4808, 0x4808, 0x4808, 0x4808, 0x4808, 0x4808, 
  0x4808, 0x4808, 0x4808, 0x4808, 0x4808, 0x4808, 0x4808, 0x4808, 0x4808, 0x4808, 0x4808, 0x4808, 
  0x4808, 0x4808, 0x4808, 0x4808, 0x4808, 0x4808, 0x4808, 0x4808, 0x4808, 0x4808, 0x4808, 0x4808, 
  0x4808, 0x4808, 0x4808, 0x4808, 0x4808, 0x4808, 0x4808, 0x4808, 0x4808, 0x4808, 0x4808, 0x4808, 
  0x4808, 0x4808, 0x4808, 0x4808, 0x4808, 0x4808, 0x4808, 0x4808, 0x4808, 0x4808, 0x4808, 0x4808, 
  0x4808, 0x4808, 0x4808, 0x4808, 0x4808, 0x4808, 0x4808, 0x508a, 0x508a, 0x4888, 0x2885, 0x2084, 
  0x28a5, 0x4808, 0x4808, 0x4808, 0x4808, 0x4808, 0x4808, 0x4808, 0x4808, 0x4808, 0x4808, 0x4808, 
  0x4808, 0x4808, 0x4808, 0x4808, 0x4808, 0x4808, 0x4808, 0x4808, 0x4808, 0x4808, 0x4808, 0x4808, 
  0x4808, 0x4808, 0x4808, 0x4808, 0x4808, 0x4808, 0x4808, 0x4808, 0x4808, 0x4808, 0x4808, 0x4808, 
  0x4808, 0x4808, 0x4808, 0x4808, 0x4808, 0x4808, 0x4808, 0x4808, 0x4808, 0x4808, 0x4808, 0x4808, 
  0x4808, 0x4808, 0x4808, 0x4808, 0x4808, 0x4808, 0x4808, 0x4808, 0x4808, 0x4808, 0x4808, 0x4808, 
  0x4808, 0x4808, 0x4808, 0x4808, 0x4808, 0x4808, 0x4808, 0x4808, 0x4808, 0x4808, 0x4808, 0x4808, 
  0x4028, 0x4828, 0x3827, 0x1803, 0x1002, 0x1003, 0x1003, 0x1003, 0x1003, 0x1003, 0x1003, 0x626c, 
  0x4148, 0x2085, 0x2085, 0x2085, 0x2085, 0x2085, 0x4808, 0x4808, 0x4808, 0x4808, 0x4808, 0x4808, 
  0x4808, 0x4808, 0x4808, 0x4808, 0x4808, 0x4808, 0x4808, 0x4808, 0x4808, 0x4808, 0x4808, 0x4808, 
  0x4808, 0x4808, 0x4808, 0x4808, 0x4808, 0x4808, 0x4808, 0x4808, 0x4808, 0x4808, 0x4808, 0x4808, 
  0x4808, 0x4808, 0x4808, 0x4808, 0x4808, 0x4808, 0x4808, 0x4808, 0x4808, 0x4808, 0x4808, 0x4808, 
  0x4808, 0x4808, 0x4808, 0x4808, 0x4808, 0x4808, 0x4808, 0x4808, 0x4808, 0x4808, 0x4808, 0x4808, 
  0x4808, 0x4808, 0x4808, 0x4808, 0x4808, 0x4808, 0x4808, 0x4808, 0x4808, 0x4808, 0x4808, 0x4808, 
  0x4808, 0x4808, 0x4808, 0x4808, 0x4808, 0x4028, 0x4828, 0x3827, 0x1803, 0x1002, 0x1823, 0x4808, 
  0x4808, 0x4808, 0x4808, 0x4808, 0x4808, 0x4808, 0x4808, 0x4808, 0x4808, 0x4808, 0x4808, 0x4808, 
  0x4808, 0x4808, 0x4808, 0x4808, 0x4808, 0x4808, 0x4808, 0x4808, 0x4808, 0x4808, 0x4808, 0x4808, 
  0x4808, 0x4808, 0x4808, 0x4808, 0x4808, 0x4808, 0x4808, 0x4808, 0x4808, 0x4808, 0x4808, 0x4808, 
  0x4808, 0x4808, 0x4808, 0x4808, 0x4808, 0x4808, 0x4808, 0x4808, 0x4808, 0x4808, 0x4808, 0x4808, 
  0x4808, 0x4808, 0x4808, 0x4808, 0x4808, 0x4808, 0x4808, 0x4808, 0x4808, 0x4808, 0x4808, 0x4808, 
  0x4808, 0x4808, 0x4808, 0x4808, 0x4808, 0x4808, 0x4808, 0x4808, 0x4808, 0x4808, 0x4829, 0x4829, 
  0x4027, 0x1824, 0x1023, 0x1844, 0x4808, 0x4808, 0x4808, 0x4808, 0x4808, 0x4808, 0x4808, 0x4808, 
  0x4808, 0x4808, 0x4808, 0x4808, 0x4808, 0x4808, 0x4808, 0x4808, 0x4808, 0x4808, 0x4808, 0x4808, 
  0x4808, 0x4808, 0x4808, 0x4808, 0x4808, 0x4808, 0x4808, 0x4808, 0x4808, 0x4808, 0x4808, 0x4808, 
  0x4808, 0x4808, 0x4808, 0x4808, 0x4808, 0x4808, 0x4808, 0x4808, 0x4808, 0x4808, 0x4808, 0x4808, 
  0x4808, 0x4808, 0x4808, 0x4808, 0x4808, 0x4808, 0x4808, 0x4808, 0x4808, 0x4808, 0x4808, 0x4808, 
  0x4808, 0x4808, 0x4808, 0x4808, 0x4808, 0x4808, 0x4808, 0x4808, 0x4808, 0x4808, 0x4808, 0x4808, 
  0x4808, 0x4808, 0x4808, 0x508a, 0x508a, 0x4888, 0x2885, 0x2084, 0x28a5, 0x4808, 0x4808, 0x4808, 
  0x4808, 0x4808, 0x4808, 0x4808, 0x4808, 0x4808, 0x4808, 0x4808, 0x4808, 0x4808, 0x4808, 0x4808, 
  0x4808, 0x4808, 0x4808, 0x4808, 0x4808, 0x4808, 0x4808, 0x4808, 0x4808, 0x4808, 0x4808, 0x4808, 
  0x4808, 0x4808, 0x4808, 0x4808, 0x4808, 0x4808, 0x4808, 0x4808, 0x4808, 0x4808, 0x4808, 0x4808, 
  0x4808, 0x4808, 0x4808, 0x4808, 0x4808, 0x4808, 0x4808, 0x4808, 0x4808, 0x4808, 0x4808, 0x4808, 
  0x4808, 0x4808, 0x4808, 0x4808, 0x4808, 0x4808, 0x4808, 0x4808, 0x4808, 0x4808, 0x4808, 0x4808, 
  0x4808, 0x4808, 0x4808, 0x4808, 0x4808, 0x4808, 0x4808, 0x4808, 0x4828, 0x4828, 0x4027, 0x1803, 
  0x1002, 0x1003, 0x1003, 0x1003, 0x1003, 0x1003, 0x1003, 0x626c, 0x4168, 0x28a5, 0x28a5, 0x28a5, 
  0x28a5, 0x28a5, 0x4808, 0x4808, 0x4808, 0x4808, 0x4808, 0x4808, 0x4808, 0x4808, 0x4808, 0x4808, 
  0x4808, 0x4808, 0x4808, 0x4808, 0x4808, 0x4808, 0x4808, 0x4808, 0x4808, 0x4808, 0x4808, 0x4808, 
  0x4808, 0x4808, 0x4808, 0x4808, 0x4808, 0x4808, 0x4808, 0x4808, 0x4808, 0x4808, 0x4808, 0x4808, 
  0x4808, 0x4808, 0x4808, 0x4808, 0x4808, 0x4808, 0x4808, 0x4808, 0x4808, 0x4808, 0x4808, 0x4808, 
  0x4808, 0x4808, 0x4808, 0x4808, 0x4808, 0x4808, 0x4808, 0x4808, 0x4808, 0x4808, 0x4808, 0x4808, 
  0x4808, 0x4808, 0x4808, 0x4808, 0x4808, 0x4808, 0x4808, 0x4808, 0x4808, 0x4808, 0x4808, 0x4808, 
  0x4808, 0x4028, 0x4828, 0x3827, 0x1803, 0x1002, 0x1823, 0x4808, 0x4808, 0x4808, 0x4808, 0x4808, 
  0x4808, 0x4808, 0x4808, 0x4808, 0x4808, 0x4808, 0x4808, 0x4808, 0x4808, 0x4808, 0x4808, 0x4808, 
  0x4808, 0x4808, 0x4808, 0x4808, 0x4808, 0x4808, 0x4808, 0x4808, 0x4808, 0x4808, 0x4808, 0x4808, 
  0x4808, 0x4808, 0x4808, 0x4808, 0x4808, 0x4808, 0x4808, 0x4808, 0x4808, 0x4808, 0x4808, 0x4808, 
  0x4808, 0x4808, 0x4808, 0x4808, 0x4808, 0x4808, 0x4808, 0x4808, 0x4808, 0x4808, 0x4808, 0x4808, 
  0x4808, 0x4808, 0x4808, 0x4808, 0x4808, 0x4808, 0x4808, 0x4808, 0x4808, 0x4808, 0x4808, 0x4808, 
  0x4808, 0x4808, 0x4808, 0x4808, 0x4808, 0x4808, 0x4829, 0x4849, 0x4027, 0x1824, 0x1023, 0x1844, 
  0x4808, 0x4808, 0x4808, 0x4808, 0x4808, 0x4808, 0x4808, 0x4808, 0x4808, 0x4808, 0x4808, 0x4808, 
  0x4808, 0x4808, 0x4808, 0x4808, 0x4808, 0x4808, 0x4808, 0x4808, 0x4808, 0x4808, 0x4808, 0x4808, 
  0x4808, 0x4808, 0x4808, 0x4808, 0x4808, 0x4808, 0x4808, 0x4808, 0x4808, 0x4808, 0x4808, 0x4808, 
  0x4808, 0x4808, 0x4808, 0x4808, 0x4808, 0x4808, 0x4808, 0x4808, 0x4808, 0x4808, 0x4808, 0x4808, 
  0x4808, 0x4808, 0x4808, 0x4808, 0x4808, 0x4808, 0x4808, 0x4808, 0x4808, 0x4808, 0x4808, 0x4808, 
  0x4808, 0x4808, 0x4808, 0x4808, 0x4808, 0x4808, 0x4808, 0x4808, 0x4808, 0x4808, 0x4808, 0x508a, 
  0x508a, 0x4888, 0x2885, 0x2084, 0x28a5, 0x4808, 0x4808, 0x4808, 0x4808, 0x4808, 0x4808, 0x4808, 
  0x4808, 0x4808, 0x4808, 0x4808, 0x4808, 0x4808, 0x4808, 0x4808, 0x4808, 0x4808, 0x4808, 0x4808, 
  0x4808, 0x4808, 0x4808, 0x4808, 0x4808, 0x4808, 0x4808, 0x4808, 0x4808, 0x4808, 0x4808, 0x4808, 
  0x4808, 0x4808, 0x4808, 0x4808, 0x4808, 0x4808, 0x4808, 0x4808, 0x4808, 0x4808, 0x4808, 0x4808, 
  0x4808, 0x4808, 0x4808, 0x4808, 0x4808, 0x4808, 0x4808, 0x4808, 0x4808, 0x4808, 0x4808, 0x4808, 
  0x4808, 0x4808, 0x4808, 0x4808, 0x4808, 0x4808, 0x4808, 0x4808, 0x4808, 0x4808, 0x4808, 0x4808, 
  0x4808, 0x4808, 0x4808, 0x4808, 0x4828, 0x4028, 0x4027, 0x1803, 0x1002, 0x1003, 0x1003, 0x1003, 
  0x1003, 0x1003, 0x1003, 0x626c, 0x4168, 0x28a5, 0x28a5, 0x28a5, 0x28a5, 0x28a5, 0x4808, 0x4808, 
  0x4808, 0x4808, 0x4808, 0x4808, 0x4808, 0x4808, 0x4808, 0x4808, 0x4808, 0x4808, 0x4808, 0x4808, 
  0x4808, 0x4808, 0x4808, 0x4808, 0x4808, 0x4808, 0x4808, 0x4808, 0x4808, 0x4808, 0x4808, 0x4808, 
  0x4808, 0x4808, 0x4808, 0x4808, 0x4808, 0x4808, 0x4808, 0x4808, 0x4808, 0x4808, 0x4808, 0x4808, 
  0x4808, 0x4808, 0x4808, 0x4808, 0x4808, 0x4808, 0x4808, 0x4808, 0x4808, 0x4808, 0x4808, 0x4808, 
  0x4808, 0x4808, 0x4808, 0x4808, 0x4808, 0x4808, 0x4808, 0x4808, 0x4808, 0x4808, 0x4808, 0x4808, 
  0x4808, 0x4808, 0x4808, 0x4808, 0x4808, 0x4808, 0x4808, 0x4808, 0x4808, 0x4828, 0x4828, 0x3827, 
  0x1803, 0x1002, 0x1823, 0x4808, 0x4808, 0x4808, 0x4808, 0x4808, 0x4808, 0x4808, 0x4808, 0x4808, 
  0x4808, 0x4808, 0x4808, 0x4808, 0x4808, 0x4808, 0x4808, 0x4808, 0x4808, 0x4808, 0x4808, 0x4808, 
  0x4808, 0x4808, 0x4808, 0x4808, 0x4808, 0x4808, 0x4808, 0x4808, 0x4808, 0x4808, 0x4808, 0x4808, 
  0x4808, 0x4808, 0x4808, 0x4808, 0x4808, 0x4808, 0x4808, 0x4808, 0x4808, 0x4808, 0x4808, 0x4808, 
  0x4808, 0x4808, 0x4808, 0x4808, 0x4808, 0x4808, 0x4808, 0x4808, 0x4808, 0x4808, 0x4808, 0x4808, 
  0x4808, 0x4808, 0x4808, 0x4808, 0x4808, 0x4808, 0x4808, 0x4808, 0x4808, 0x4808, 0x4808, 0x4808, 
  0x4808, 0x4808, 0x4829, 0x4829, 0x4028, 0x1824, 0x1023, 0x1844, 0x4808, 0x4808, 0x4808, 0x4808, 
  0x4808, 0x4808, 0x4808, 0x4808, 0x4808, 0x4808, 0x4808, 0x4808, 0x4808, 0x4808, 0x4808, 0x4808, 
  0x4808, 0x4808, 0x4808, 0x4808, 0x4808, 0x4808, 0x4808, 0x4808, 0x4808, 0x4808, 0x4808, 0x4808, 
  0x4808, 0x4808, 0x4808, 0x4808, 0x4808, 0x4808, 0x4808, 0x4808, 0x4808, 0x4808, 0x4808, 0x4808, 
  0x4808, 0x4808, 0x4808, 0x4808, 0x4808, 0x4808, 0x4808, 0x4808, 0x4808, 0x4808, 0x4808, 0x4808, 
  0x4808, 0x4808, 0x4808, 0x4808, 0x4808, 0x4808, 0x4808, 0x4808, 0x4808, 0x4808, 0x4808, 0x4808, 
  0x4808, 0x4808, 0x4808, 0x4808, 0x4808, 0x4808, 0x4808, 0x508a, 0x508a, 0x4888, 0x2885, 0x2084, 
  0x28a5, 0x4808, 0x4808, 0x4808, 0x4808, 0x4808, 0x4808, 0x4808, 0x4808, 0x4808, 0x4808, 0x4808, 
  0x4808, 0x4808, 0x4808, 0x4808, 0x4808, 0x4808, 0x4808, 0x4808, 0x4808, 0x4808, 0x4808, 0x4808, 
  0x4808, 0x4808, 0x4808, 0x4808, 0x4808, 0x4808, 0x4808, 0x4808, 0x4808, 0x4808, 0x4808, 0x4808, 
  0x4808, 0x4808, 0x4808, 0x4808, 0x4808, 0x4808, 0x4808, 0x4808, 0x4808, 0x4808, 0x4808, 0x4808, 
  0x4808, 0x4808, 0x4808, 0x4808, 0x4808, 0x4808, 0x4808, 0x4808, 0x4808, 0x4808, 0x4808, 0x4808, 
  0x4808, 0x4808, 0x4808, 0x4808, 0x4808, 0x4808, 0x4808, 0x4808, 0x4808, 0x4808, 0x4808, 0x4808, 
  0x4828, 0x4828, 0x4027, 0x1803, 0x1002, 0x1003, 0x1003, 0x1003, 0x1003, 0x1003, 0x1003, 0x626c, 
  0x4189, 0x28c6, 0x28c6, 0x28c6, 0x28c6, 0x28c6, 0x4808, 0x4808, 0x4808, 0x4808, 0x4808, 0x4808, 
  0x4808, 0x4808, 0x4808, 0x4808, 0x4808, 0x4808, 0x4808, 0x4808, 0x4808, 0x4808, 0x4808, 0x4808, 
  0x4808, 0x4808, 0x4808, 0x4808, 0x4808, 0x4808, 0x4808, 0x4008, 0x4808, 0x4808, 0x4808, 0x4808, 
  0x4808, 0x4808, 0x4808, 0x4008, 0x4808, 0x4808, 0x4008, 0x4808, 0x4808, 0x4808, 0x4808, 0x4808, 
  0x4808, 0x4808, 0x4808, 0x4808, 0x4808, 0x4808, 0x4808, 0x4008, 0x4808, 0x4808, 0x4008, 0x4808, 
  0x4808, 0x4008, 0x4008, 0x4808, 0x4808, 0x4808, 0x4808, 0x4808, 0x4008, 0x4808, 0x4808, 0x4808, 
  0x4808, 0x4008, 0x4808, 0x4808, 0x4808, 0x4828, 0x4828, 0x3827, 0x1803, 0x1002, 0x1823, 0x4808, 
  0x4808, 0x4808, 0x4808, 0x4808, 0x4808, 0x4808, 0x4008, 0x4808, 0x4808, 0x4808, 0x4808, 0x4008, 
  0x4808, 0x4808, 0x4808, 0x4008, 0x4808, 0x4808, 0x4808, 0x4808, 0x4808, 0x4808, 0x4008, 0x4808, 
  0x4808, 0x4808, 0x4808, 0x4008, 0x4808, 0x4808, 0x4808, 0x4808, 0x4808, 0x4808, 0x4008, 0x4808, 
  0x4808, 0x4008, 0x4808, 0x4808, 0x4808, 0x4808, 0x4808, 0x4008, 0x4808, 0x4808, 0x4808, 0x4808, 
  0x4808, 0x4808, 0x4808, 0x4808, 0x4008, 0x4808, 0x4808, 0x4808, 0x4808, 0x4808, 0x4808, 0x4008, 
  0x4808, 0x4808, 0x4808, 0x4008, 0x4808, 0x4008, 0x4808, 0x4808, 0x4008, 0x4808, 0x4829, 0x4829, 
  0x4027, 0x1824, 0x1023, 0x1844, 0x4808, 0x4808, 0x4808, 0x4808, 0x4808, 0x4008, 0x4808, 0x4808, 
  0x4808, 0x4808, 0x4808, 0x4008, 0x4008, 0x4808, 0x4808, 0x4808, 0x4808, 0x4808, 0x4808, 0x4808, 
  0x4808, 0x4808, 0x4808, 0x4808, 0x4808, 0x4808, 0x4808, 0x4008, 0x4808, 0x4808, 0x4808, 0x4808, 
  0x4008, 0x4808, 0x4008, 0x4808, 0x4808, 0x4008, 0x4808, 0x4808, 0x4808, 0x4808, 0x4808, 0x4008, 
  0x4808, 0x4808, 0x4808, 0x4808, 0x4808, 0x4808, 0x4808, 0x4808, 0x4808, 0x4008, 0x4808, 0x4808, 
  0x4808, 0x4008, 0x4808, 0x4808, 0x4808, 0x4808, 0x4808, 0x4808, 0x4808, 0x4808, 0x4808, 0x4808, 
  0x4808, 0x4808, 0x4808, 0x508a, 0x508a, 0x4888, 0x2885, 0x2084, 0x28a5, 0x4808, 0x4808, 0x4808, 
  0x4808, 0x4808, 0x4808, 0x4808, 0x4808, 0x4808, 0x4808, 0x4808, 0x4808, 0x4008, 0x4808, 0x4808, 
  0x4808, 0x4808, 0x4808, 0x4808, 0x4808, 0x4808, 0x4808, 0x4008, 0x4808, 0x4808, 0x4808, 0x4808, 
  0x4808, 0x4808, 0x4808, 0x4808, 0x4808, 0x4808, 0x4808, 0x4808, 0x4808, 0x4808, 0x4808, 0x4808, 
  0x4808, 0x4808, 0x4808, 0x4808, 0x4808, 0x4808, 0x4808, 0x4808, 0x4808, 0x4808, 0x4808, 0x4008, 
  0x4808, 0x4808, 0x4808, 0x4808, 0x4808, 0x4808, 0x4808, 0x4008, 0x4808, 0x4808, 0x4008, 0x4808, 
  0x4808, 0x4808, 0x4808, 0x4808, 0x4808, 0x4808, 0x4808, 0x4808, 0x4828, 0x4828, 0x3827, 0x1803, 
  0x1002, 0x1003, 0x1003, 0x1003, 0x1003, 0x1003, 0x1003, 0x626c, 0x4189, 0x28c6, 0x28c6, 0x28c6, 
  0x28c6, 0x28c6, 0x4008, 0x4808, 0x4008, 0x4008, 0x4008, 0x4008, 0x4008, 0x4008, 0x4008, 0x4008, 
  0x4008, 0x4008, 0x4008, 0x4008, 0x4008, 0x4008, 0x4008, 0x4808, 0x4008, 0x4008, 0x4008, 0x4808, 
  0x4808, 0x4808, 0x4008, 0x4808, 0x4008, 0x4008, 0x4808, 0x4008, 0x4008, 0x4008, 0x4008, 0x4808, 
  0x4008, 0x4808, 0x4008, 0x4808, 0x4808, 0x4808, 0x4008, 0x4008, 0x4008, 0x4008, 0x4008, 0x4808, 
  0x4008, 0x4008, 0x4008, 0x4008, 0x4808, 0x4008, 0x4808, 0x4008, 0x4008, 0x4008, 0x4008, 0x4008, 
  0x4808, 0x4008, 0x4008, 0x4008, 0x4808, 0x4008, 0x4808, 0x4808, 0x4008, 0x4008, 0x4008, 0x4008, 
  0x4808, 0x4828, 0x4828, 0x3827, 0x1803, 0x1002, 0x1823, 0x4008, 0x4808, 0x4008, 0x4008, 0x4008, 
  0x4008, 0x4808, 0x4008, 0x4008, 0x4008, 0x4008, 0x4808, 0x4808, 0x4008, 0x4008, 0x4008, 0x4808, 
  0x4808, 0x4808, 0x4808, 0x4808, 0x4808, 0x4008, 0x4008, 0x4008, 0x4008, 0x4008, 0x4008, 0x4808, 
  0x4808, 0x4008, 0x4008, 0x4008, 0x4008, 0x4808, 0x4808, 0x4808, 0x4008, 0x4008, 0x4008, 0x4008, 
  0x4808, 0x4008, 0x4008, 0x4008, 0x4008, 0x4008, 0x4008, 0x4008, 0x4008, 0x4008, 0x4008, 0x4008, 
  0x4808, 0x4008, 0x4008, 0x4008, 0x4008, 0x4008, 0x4008, 0x4008, 0x4008, 0x4008, 0x4808, 0x4008, 
  0x4008, 0x4008, 0x4808, 0x4808, 0x4008, 0x4808, 0x4829, 0x4829, 0x4027, 0x1824, 0x1023, 0x1844, 
  0x4008, 0x4008, 0x4008, 0x4008, 0x4008, 0x4008, 0x4008, 0x4008, 0x4008, 0x4008, 0x4808, 0x4808, 
  0x4008, 0x4008, 0x4008, 0x4808, 0x4008, 0x4008, 0x4008, 0x4008, 0x4008, 0x4808, 0x4008, 0x4008, 
  0x4008, 0x4008, 0x4808, 0x4808, 0x4008, 0x4008, 0x4008, 0x4008, 0x4808, 0x4808, 0x4808, 0x4008, 
  0x4808, 0x4008, 0x4808, 0x4008, 0x4808, 0x4008, 0x4008, 0x4808, 0x4008, 0x4808, 0x4808, 0x4808, 
  0x4808, 0x4008, 0x4008, 0x4008, 0x4008, 0x4808, 0x4008, 0x4008, 0x4808, 0x4008, 0x4808, 0x4808, 
  0x4808, 0x4008, 0x4008, 0x4808, 0x4008, 0x4008, 0x4008, 0x4008, 0x4808, 0x4008, 0x4808, 0x508a, 
  0x508a, 0x4888, 0x2885, 0x2084, 0x28a5, 0x4808, 0x4008, 0x4008, 0x4008, 0x4008, 0x4808, 0x4808, 
  0x4808, 0x4008, 0x4808, 0x4808, 0x4008, 0x4008, 0x4008, 0x4008, 0x4008, 0x4808, 0x4808, 0x4008, 
  0x4008, 0x4808, 0x4808, 0x4808, 0x4008, 0x4008, 0x4008, 0x4808, 0x4008, 0x4008, 0x4008, 0x4008, 
  0x4008, 0x4008, 0x4008, 0x4008, 0x4008, 0x4008, 0x4008, 0x4008, 0x4008, 0x4008, 0x4008, 0x4808, 
  0x4008, 0x4008, 0x4008, 0x4808, 0x4808, 0x4808, 0x4008, 0x4808, 0x4008, 0x4008, 0x4808, 0x4008, 
  0x4008, 0x4008, 0x4008, 0x4808, 0x4008, 0x4808, 0x4008, 0x4808, 0x4808, 0x4808, 0x4008, 0x4008, 
  0x4008, 0x4008, 0x4008, 0x4808, 0x4828, 0x4028, 0x3827, 0x1803, 0x1002, 0x1003, 0x1003, 0x1003, 
  0x1003, 0x1003, 0x1003, 0x626c, 0x4189, 0x28c6, 0x28c6, 0x28c6, 0x28c6, 0x28c6, 0x4008, 0x4008, 
  0x4008, 0x4008, 0x4008, 0x4008, 0x4008, 0x4008, 0x4008, 0x4008, 0x4008, 0x4008, 0x4008, 0x4008, 
  0x4008, 0x4008, 0x4008, 0x4008, 0x4008, 0x4008, 0x4008, 0x4008, 0x4008, 0x4008, 0x4008, 0x4008, 
  0x4008, 0x4008, 0x4008, 0x4008, 0x4008, 0x4008, 0x4008, 0x4008, 0x4008, 0x4008, 0x4008, 0x4008, 
  0x4008, 0x4008, 0x4008, 0x4008, 0x4008, 0x4008, 0x4008, 0x4008, 0x4008, 0x4008, 0x4008, 0x4008, 
  0x4008, 0x4008, 0x4008, 0x4808, 0x4008, 0x4008, 0x4008, 0x4008, 0x4008, 0x4008, 0x4008, 0x4008, 
  0x4008, 0x4008, 0x4008, 0x4008, 0x4008, 0x4008, 0x4008, 0x4008, 0x4008, 0x4828, 0x4828, 0x3827, 
  0x1803, 0x1002, 0x1823, 0x4008, 0x4008, 0x4008, 0x4008, 0x4008, 0x4008, 0x4008, 0x4008, 0x4008, 
  0x4008, 0x4008, 0x4008, 0x4008, 0x4008, 0x4008, 0x4008, 0x4008, 0x4008, 0x4808, 0x4008, 0x4008, 
  0x4008, 0x4008, 0x4008, 0x4008, 0x4008, 0x4008, 0x4008, 0x4008, 0x4008, 0x4008, 0x4008, 0x4008, 
  0x4008, 0x4008, 0x4008, 0x4008, 0x4008, 0x4008, 0x4008, 0x4008, 0x4008, 0x4008, 0x4008, 0x4008, 
  0x4008, 0x4008, 0x4008, 0x4008, 0x4008, 0x4008, 0x4008, 0x4008, 0x4008, 0x4008, 0x4008, 0x4008, 
  0x4008, 0x4008, 0x4008, 0x4008, 0x4808, 0x4008, 0x4008, 0x4008, 0x4008, 0x4008, 0x4008, 0x4008, 
  0x4008, 0x4008, 0x4829, 0x4829, 0x4027, 0x1824, 0x1023, 0x1844, 0x4008, 0x4008, 0x4008, 0x4008, 
  0x4008, 0x4008, 0x4008, 0x4008, 0x4008, 0x4008, 0x4008, 0x4808, 0x4008, 0x4008, 0x4008, 0x4008, 
  0x4008, 0x4008, 0x4008, 0x4008, 0x4008, 0x4008, 0x4008, 0x4008, 0x4008, 0x4008, 0x4008, 0x4008, 
  0x4008, 0x4008, 0x4008, 0x4008, 0x4008, 0x4808, 0x4008, 0x4008, 0x4008, 0x4008, 0x4008, 0x4008, 
  0x4008, 0x4008, 0x4008, 0x4008, 0x4008, 0x4008, 0x4008, 0x4008, 0x4008, 0x4008, 0x4008, 0x4008, 
  0x4008, 0x4008, 0x4008, 0x4008, 0x4008, 0x4008, 0x4008, 0x4008, 0x4008, 0x4008, 0x4008, 0x4008, 
  0x4008, 0x4008, 0x4008, 0x4008, 0x4008, 0x4008, 0x4008, 0x508a, 0x508a, 0x4888, 0x2885, 0x2084, 
  0x28a5, 0x4008, 0x4008, 0x4008, 0x4008, 0x4008, 0x4008, 0x4008, 0x4008, 0x4008, 0x4008, 0x4008, 
  0x4008, 0x4008, 0x4008, 0x4008, 0x4008, 0x4008, 0x4008, 0x4008, 0x4008, 0x4008, 0x4008, 0x4008, 
  0x4808, 0x4008, 0x4008, 0x4008, 0x4008, 0x4008, 0x4008, 0x4008, 0x4008, 0x4008, 0x4008, 0x4008, 
  0x4008, 0x4008, 0x4008, 0x4008, 0x4008, 0x4008, 0x4008, 0x4008, 0x4008, 0x4008, 0x4008, 0x4008, 
  0x4008, 0x4008, 0x4008, 0x4008, 0x4008, 0x4008, 0x4008, 0x4008, 0x4008, 0x4008, 0x4008, 0x4008, 
  0x4008, 0x4008, 0x4008, 0x4008, 0x4008, 0x4008, 0x4008, 0x4008, 0x4008, 0x4008, 0x4008, 0x4008, 
  0x4028, 0x4828, 0x3827, 0x1803, 0x1002, 0x1003, 0x1003, 0x1003, 0x1003, 0x1003, 0x1003, 0x626c, 
  0x4189, 0x28c6, 0x28c6, 0x28c6, 0x28c6, 0x28c6, 0x4008, 0x4008, 0x4008, 0x4008, 0x4008, 0x4008, 
  0x4008, 0x4008, 0x4008, 0x4008, 0x4008, 0x4008, 0x4008, 0x4008, 0x4008, 0x4008, 0x4008, 0x4008, 
  0x4008, 0x4008, 0x4008, 0x4008, 0x4008, 0x4008, 0x4008, 0x4008, 0x4008, 0x4008, 0x4008, 0x4008, 
  0x4008, 0x4008, 0x4008, 0x4008, 0x4008, 0x4008, 0x4008, 0x4008, 0x4008, 0x4008, 0x4008, 0x4008, 
  0x4008, 0x4008, 0x4008, 0x4008, 0x4008, 0x4008, 0x4008, 0x4008, 0x4008, 0x4008, 0x4008, 0x4008, 
  0x4008, 0x4008, 0x4008, 0x4008, 0x4008, 0x4008, 0x4008, 0x4008, 0x4008, 0x4008, 0x4008, 0x4008, 
  0x4008, 0x4008, 0x4008, 0x4008, 0x4008, 0x4828, 0x4828, 0x3827, 0x1803, 0x1002, 0x1823, 0x4008, 
  0x4008, 0x4008, 0x4008, 0x4008, 0x4008, 0x4008, 0x4008, 0x4008, 0x4008, 0x4008, 0x4008, 0x4008, 
  0x4008, 0x4008, 0x4008, 0x4008, 0x4008, 0x4008, 0x4008, 0x4008, 0x4008, 0x4008, 0x4008, 0x4008, 
  0x4008, 0x4008, 0x4008, 0x4008, 0x4008, 0x4008, 0x4008, 0x4008, 0x4008, 0x4008, 0x4008, 0x4008, 
  0x4008, 0x4008, 0x4008, 0x4008, 0x4008, 0x4008, 0x4008, 0x4008, 0x4008, 0x4008, 0x4008, 0x4008, 
  0x4008, 0x4008, 0x4008, 0x4008, 0x4008, 0x4008, 0x4008, 0x4008, 0x4008, 0x4008, 0x4008, 0x4008, 
  0x4008, 0x4008, 0x4008, 0x4008, 0x4008, 0x4008, 0x4008, 0x4008, 0x4008, 0x4008, 0x4829, 0x4829, 
  0x4027, 0x1824, 0x1023, 0x1844, 0x4008, 0x4008, 0x4008, 0x4008, 0x4008, 0x4008, 0x4008, 0x4008, 
  0x4008, 0x4008, 0x4008, 0x4008, 0x4008, 0x4008, 0x4008, 0x4008, 0x4008, 0x4008, 0x4008, 0x4008, 
  0x4008, 0x4008, 0x4008, 0x4008, 0x4008, 0x4008, 0x4008, 0x4008, 0x4008, 0x4008, 0x4008, 0x4008, 
  0x4008, 0x4008, 0x4008, 0x4008, 0x4008, 0x4008, 0x4008, 0x4008, 0x4008, 0x4008, 0x4008, 0x4008, 
  0x4008, 0x4008, 0x4008, 0x4008, 0x4008, 0x4008, 0x4008, 0x4008, 0x4008, 0x4008, 0x4008, 0x4008, 
  0x4008, 0x4008, 0x4008, 0x4008, 0x4008, 0x4008, 0x4008, 0x4008, 0x4008, 0x4008, 0x4008, 0x4008, 
  0x4008, 0x4008, 0x4008, 0x508a, 0x508a, 0x4888, 0x2885, 0x2084, 0x28a5, 0x4008, 0x4008, 0x4008, 
  0x4008, 0x4008, 0x4008, 0x4008, 0x4008, 0x4008, 0x4008, 0x4008, 0x4008, 0x4008, 0x4008, 0x4008, 
  0x4008, 0x4008, 0x4008, 0x4008, 0x4008, 0x4008, 0x4008, 0x4008, 0x4008, 0x4008, 0x4008, 0x4008, 
  0x4008, 0x4008, 0x4008, 0x4008, 0x4008, 0x4008, 0x4008, 0x4008, 0x4008, 0x4008, 0x4008, 0x4008, 
  0x4008, 0x4008, 0x4008, 0x4008, 0x4008, 0x4008, 0x4008, 0x4008, 0x4008, 0x4008, 0x4008, 0x4008, 
  0x4008, 0x4008, 0x4008, 0x4008, 0x4008, 0x4008, 0x4008, 0x4008, 0x4008, 0x4008, 0x4008, 0x4008, 
  0x4008, 0x4008, 0x4008, 0x4008, 0x4008, 0x4008, 0x4008, 0x4008, 0x4828, 0x4028, 0x3827, 0x1803, 
  0x1002, 0x1003, 0x1003, 0x1003, 0x1003, 0x1003, 0x1023, 0x626c, 0x4189, 0x28c6, 0x28c6, 0x28c6, 
  0x28c6, 0x28c6, 0x4008, 0x4008, 0x4008, 0x4008, 0x4008, 0x4008, 0x4008, 0x4008, 0x4008, 0x4008, 
  0x4008, 0x4008, 0x4008, 0x4008, 0x4008, 0x4008, 0x4008, 0x4008, 0x4008, 0x4008, 0x4008, 0x4008, 
  0x4008, 0x4008, 0x4008, 0x4008, 0x4008, 0x4008, 0x4008, 0x4008, 0x4008, 0x4008, 0x4008, 0x4008, 
  0x4008, 0x4008, 0x4008, 0x4008, 0x4008, 0x4008, 0x4008, 0x4008, 0x4008, 0x4008, 0x4008, 0x4008, 
  0x4008, 0x4008, 0x4008, 0x4008, 0x4008, 0x4008, 0x4008, 0x4008, 0x4008, 0x4008, 0x4008, 0x4008, 
  0x4008, 0x4008, 0x4008, 0x4008, 0x4008, 0x4008, 0x4008, 0x4008, 0x4008, 0x4008, 0x4008, 0x4008, 
  0x4008, 0x4828, 0x4828, 0x3827, 0x1803, 0x1002, 0x1823, 0x4008, 0x4008, 0x4008, 0x4008, 0x4008, 
  0x4008, 0x4008, 0x4008, 0x4008, 0x4008, 0x4008, 0x4008, 0x4008, 0x4008, 0x4008, 0x4008, 0x4008, 
  0x4008, 0x4008, 0x4008, 0x4008, 0x4008, 0x4008, 0x4008, 0x4008, 0x4008, 0x4008, 0x4008, 0x4008, 
  0x4008, 0x4008, 0x4008, 0x4008, 0x4008, 0x4008, 0x4008, 0x4008, 0x4008, 0x4008, 0x4008, 0x4008, 
  0x4008, 0x4008, 0x4008, 0x4008, 0x4008, 0x4008, 0x4008, 0x4008, 0x4008, 0x4008, 0x4008, 0x4008, 
  0x4008, 0x4008, 0x4008, 0x4008, 0x4008, 0x4008, 0x4008, 0x4008, 0x4008, 0x4008, 0x4008, 0x4008, 
  0x4008, 0x4008, 0x4008, 0x4008, 0x4008, 0x4008, 0x4829, 0x4829, 0x4027, 0x1824, 0x1023, 0x1844, 
  0x4008, 0x4008, 0x4008, 0x4008, 0x4008, 0x4008, 0x4008, 0x4008, 0x4008, 0x4008, 0x4008, 0x4008, 
  0x4008, 0x4008, 0x4008, 0x4008, 0x4008, 0x4008, 0x4008, 0x4008, 0x4008, 0x4008, 0x4008, 0x4008, 
  0x4008, 0x4008, 0x4008, 0x4008, 0x4008, 0x4008, 0x4008, 0x4008, 0x4008, 0x4008, 0x4008, 0x4008, 
  0x4008, 0x4008, 0x4008, 0x4008, 0x4008, 0x4008, 0x4008, 0x4008, 0x4008, 0x4008, 0x4008, 0x4008, 
  0x4008, 0x4008, 0x4008, 0x4008, 0x4008, 0x4008, 0x4008, 0x4008, 0x4008, 0x4008, 0x4008, 0x4008, 
  0x4008, 0x4008, 0x4008, 0x4008, 0x4008, 0x4008, 0x4008, 0x4008, 0x4008, 0x4008, 0x4008, 0x508a, 
  0x508a, 0x4888, 0x2885, 0x2084, 0x28a5, 0x4008, 0x4008, 0x4008, 0x4008, 0x4008, 0x4008, 0x4008, 
  0x4008, 0x4008, 0x4008, 0x4008, 0x4008, 0x4008, 0x4008, 0x4008, 0x4008, 0x4008, 0x4008, 0x4008, 
  0x4008, 0x4008, 0x4008, 0x4008, 0x4008, 0x4008, 0x4008, 0x4008, 0x4008, 0x4008, 0x4008, 0x4008, 
  0x4008, 0x4008, 0x4008, 0x4008, 0x4008, 0x4008, 0x4008, 0x4008, 0x4008, 0x4008, 0x4008, 0x4008, 
  0x4008, 0x4008, 0x4008, 0x4008, 0x4008, 0x4008, 0x4008, 0x4008, 0x4008, 0x4008, 0x4008, 0x4008, 
  0x4008, 0x4008, 0x4008, 0x4008, 0x4008, 0x4008, 0x4008, 0x4008, 0x4008, 0x4008, 0x4008, 0x4008, 
  0x4008, 0x4008, 0x4008, 0x4008, 0x4828, 0x4828, 0x4028, 0x1803, 0x1002, 0x1823, 0x1023, 0x1023, 
  0x1023, 0x1023, 0x1823, 0x626c, 0x49a9, 0x28c6, 0x28c6, 0x28c6, 0x28c6, 0x28c6, 0x4008, 0x4008, 
  0x4008, 0x4008, 0x4008, 0x4008, 0x4008, 0x4008, 0x4008, 0x4008, 0x4008, 0x4008, 0x4008, 0x4008, 
  0x4008, 0x4008, 0x4008, 0x4008, 0x4008, 0x4008, 0x4008, 0x4008, 0x4008, 0x4008, 0x4008, 0x4008, 
  0x4008, 0x4008, 0x4008, 0x4008, 0x4008, 0x4008, 0x4008, 0x4008, 0x4008, 0x4008, 0x4008, 0x4008, 
  0x4008, 0x4008, 0x4008, 0x4008, 0x4008, 0x4008, 0x4008, 0x4008, 0x4008, 0x4008, 0x4008, 0x4008, 
  0x4008, 0x4008, 0x4008, 0x4008, 0x4008, 0x4008, 0x4008, 0x4008, 0x4008, 0x4008, 0x4008, 0x4008, 
  0x4008, 0x4008, 0x4008, 0x4008, 0x4008, 0x4008, 0x4008, 0x4008, 0x4008, 0x4828, 0x4828, 0x3827, 
  0x1803, 0x1002, 0x1803, 0x4008, 0x4008, 0x4008, 0x4008, 0x4008, 0x4008, 0x4008, 0x4008, 0x4008, 
  0x4008, 0x4008, 0x4008, 0x4008, 0x4008, 0x4008, 0x4008, 0x4008, 0x4008, 0x4008, 0x4008, 0x4008, 
  0x4008, 0x4008, 0x4008, 0x4008, 0x4008, 0x4008, 0x4008, 0x4008, 0x4008, 0x4008, 0x4008, 0x4008, 
  0x4008, 0x4008, 0x4008, 0x4008, 0x4008, 0x4008, 0x4008, 0x4008, 0x4008, 0x4008, 0x4008, 0x4008, 
  0x4008, 0x4008, 0x4008, 0x4008, 0x4008, 0x4008, 0x4008, 0x4008, 0x4008, 0x4008, 0x4008, 0x4008, 
  0x4008, 0x4008, 0x4008, 0x4008, 0x4008, 0x4008, 0x4008, 0x4008, 0x4008, 0x4008, 0x4008, 0x4008, 
  0x4008, 0x4008, 0x4829, 0x4829, 0x4027, 0x1824, 0x1023, 0x1844, 0x4008, 0x4008, 0x4008, 0x4008, 
  0x4008, 0x4008, 0x4008, 0x4008, 0x4008, 0x4008, 0x4008, 0x4008, 0x4008, 0x4008, 0x4008, 0x4008, 
  0x4008, 0x4008, 0x4008, 0x4008, 0x4008, 0x4008, 0x4008, 0x4008, 0x4008, 0x4008, 0x4008, 0x4008, 
  0x4008, 0x4008, 0x4008, 0x4008, 0x4008, 0x4008, 0x4008, 0x4008, 0x4008, 0x4008, 0x4008, 0x4008, 
  0x4008, 0x4008, 0x4008, 0x4008, 0x4008, 0x4008, 0x4008, 0x4008, 0x4008, 0x4008, 0x4008, 0x4008, 
  0x4008, 0x4008, 0x4008, 0x4008, 0x4008, 0x4008, 0x4008, 0x4008, 0x4008, 0x4008, 0x4008, 0x4008, 
  0x4008, 0x4008, 0x4008, 0x4008, 0x4008, 0x4008, 0x4008, 0x508a, 0x508a, 0x4868, 0x2885, 0x1884, 
  0x28a5, 0x4008, 0x4008, 0x4008, 0x4008, 0x4008, 0x4008, 0x4008, 0x4008, 0x4008, 0x4008, 0x4008, 
  0x4008, 0x4008, 0x4008, 0x4008, 0x4008, 0x4008, 0x4008, 0x4008, 0x4008, 0x4008, 0x4008, 0x4008, 
  0x4008, 0x4008, 0x4008, 0x4008, 0x4008, 0x4008, 0x4008, 0x4008, 0x4008, 0x4008, 0x4008, 0x4008, 
  0x4008, 0x4008, 0x4008, 0x4008, 0x4008, 0x4008, 0x4008, 0x4008, 0x4008, 0x4008, 0x4008, 0x4008, 
  0x4008, 0x4008, 0x4008, 0x4008, 0x4008, 0x4008, 0x4008, 0x4008, 0x4008, 0x4008, 0x4008, 0x4008, 
  0x4008, 0x4008, 0x4008, 0x4008, 0x4008, 0x4008, 0x4008, 0x4008, 0x4008, 0x4008, 0x4008, 0x4008, 
  0x4828, 0x4828, 0x4027, 0x1803, 0x1002, 0x1823, 0x1023, 0x1023, 0x1023, 0x1023, 0x1823, 0x626c, 
  0x49a9, 0x28c6, 0x28c6, 0x28c6, 0x28c6, 0x28c6, 0x4008, 0x4008, 0x4008, 0x4008, 0x4008, 0x4008, 
  0x4008, 0x4008, 0x4008, 0x4008, 0x4008, 0x4008, 0x4008, 0x4008, 0x4008, 0x4008, 0x4008, 0x4008, 
  0x4008, 0x4008, 0x4008, 0x4008, 0x4008, 0x4008, 0x4008, 0x4008, 0x4008, 0x4008, 0x4008, 0x4008, 
  0x4008, 0x4008, 0x4008, 0x4008, 0x4008, 0x4008, 0x4008, 0x4008, 0x4008, 0x4008, 0x4008, 0x4008, 
  0x4008, 0x4008, 0x4008, 0x4008, 0x4008, 0x4008, 0x4008, 0x4008, 0x4008, 0x4008, 0x4008, 0x4008, 
  0x4008, 0x4008, 0x4008, 0x4008, 0x4008, 0x4008, 0x4008, 0x4008, 0x4008, 0x4008, 0x4008, 0x4008, 
  0x4008, 0x4008, 0x4008, 0x4008, 0x4008, 0x4028, 0x4028, 0x3827, 0x1803, 0x1002, 0x1803, 0x4008, 
  0x4008, 0x4008, 0x4008, 0x4008, 0x4008, 0x4008, 0x4008, 0x4008, 0x4008, 0x4008, 0x4008, 0x4008, 
  0x4008, 0x4008, 0x4008, 0x4008, 0x4008, 0x4008, 0x4008, 0x4008, 0x4008, 0x4008, 0x4008, 0x4008, 
  0x4008, 0x4008, 0x4008, 0x4008, 0x4008, 0x4008, 0x4008, 0x4008, 0x4008, 0x4008, 0x4008, 0x4008, 
  0x4008, 0x4008, 0x4008, 0x4008, 0x4008, 0x4008, 0x4008, 0x4008, 0x4008, 0x4008, 0x4008, 0x4008, 
  0x4008, 0x4008, 0x4008, 0x4008, 0x4008, 0x4008, 0x4008, 0x4008, 0x4008, 0x4008, 0x4008, 0x4008, 
  0x4008, 0x4008, 0x4008, 0x4008, 0x4008, 0x4008, 0x4008, 0x4008, 0x4008, 0x4008, 0x4829, 0x4829, 
  0x4027, 0x1824, 0x1023, 0x1844, 0x4008, 0x4008, 0x4008, 0x4008, 0x4008, 0x4008, 0x4008, 0x4008, 
  0x4008, 0x4008, 0x4008, 0x4008, 0x4008, 0x4008, 0x4008, 0x4008, 0x4008, 0x4008, 0x4008, 0x4008, 
  0x4008, 0x4008, 0x4008, 0x4008, 0x4008, 0x4008, 0x4008, 0x4008, 0x4008, 0x4008, 0x4008, 0x4008, 
  0x4008, 0x4008, 0x4008, 0x4008, 0x4008, 0x4008, 0x4008, 0x4008, 0x4008, 0x4008, 0x4008, 0x4008, 
  0x4008, 0x4008, 0x4008, 0x4008, 0x4008, 0x4008, 0x4008, 0x4008, 0x4008, 0x4008, 0x4008, 0x4008, 
  0x4008, 0x4008, 0x4008, 0x4008, 0x4008, 0x4008, 0x4008, 0x4008, 0x4008, 0x4008, 0x4008, 0x4008, 
  0x4008, 0x4008, 0x4008, 0x506a, 0x506a, 0x4868, 0x2885, 0x1884, 0x28a5, 0x4008, 0x4008, 0x4008, 
  0x4008, 0x4008, 0x4008, 0x4008, 0x4008, 0x4008, 0x4008, 0x4008, 0x4008, 0x4008, 0x4008, 0x4008, 
  0x4008, 0x4008, 0x4008, 0x4008, 0x4008, 0x4008, 0x4008, 0x4008, 0x4008, 0x4008, 0x4008, 0x4008, 
  0x4008, 0x4008, 0x4008, 0x4008, 0x4008, 0x4008, 0x4008, 0x4008, 0x4008, 0x4008, 0x4008, 0x4008, 
  0x4008, 0x4008, 0x4008, 0x4008, 0x4008, 0x4008, 0x4008, 0x4008, 0x4008, 0x4008, 0x4008, 0x4008, 
  0x4008, 0x4008, 0x4008, 0x4008, 0x4008, 0x4008, 0x4008, 0x4008, 0x4008, 0x4008, 0x4008, 0x4008, 
  0x4008, 0x4008, 0x4008, 0x4008, 0x4008, 0x4008, 0x4008, 0x4008, 0x4828, 0x4828, 0x4028, 0x1803, 
  0x1002, 0x1823, 0x1823, 0x1823, 0x1823, 0x1823, 0x1823, 0x628d, 0x49a9, 0x28c6, 0x28c6, 0x28c6, 
  0x28c6, 0x28c6, 0x4008, 0x4008, 0x4008, 0x4008, 0x4008, 0x4008, 0x4008, 0x4008, 0x4008, 0x4008, 
  0x4008, 0x4008, 0x4008, 0x4008, 0x4008, 0x4008, 0x4007, 0x4008, 0x4008, 0x4008, 0x4008, 0x4008, 
  0x4008, 0x4008, 0x4008, 0x4007, 0x4008, 0x4008, 0x4008, 0x4008, 0x4008, 0x4008, 0x4008, 0x4008, 
  0x4008, 0x4008, 0x4008, 0x4008, 0x4008, 0x4008, 0x4008, 0x4008, 0x4008, 0x4007, 0x4008, 0x4008, 
  0x4008, 0x4008, 0x4008, 0x4008, 0x4008, 0x4008, 0x4008, 0x4008, 0x4008, 0x4008, 0x4008, 0x4008, 
  0x4008, 0x4008, 0x4008, 0x4007, 0x4008, 0x4008, 0x4007, 0x4008, 0x4008, 0x4007, 0x4008, 0x4008, 
  0x4008, 0x4828, 0x4828, 0x3827, 0x1803, 0x1002, 0x1003, 0x4008, 0x4008, 0x4008, 0x4008, 0x4008, 
  0x4008, 0x4008, 0x4008, 0x4008, 0x4008, 0x4008, 0x4008, 0x4008, 0x4008, 0x4008, 0x4008, 0x4008, 
  0x4008, 0x4008, 0x4008, 0x4008, 0x4008, 0x4008, 0x4008, 0x4008, 0x4008, 0x4008, 0x4007, 0x4008, 
  0x4008, 0x4008, 0x4008, 0x4008, 0x4008, 0x4008, 0x4008, 0x4008, 0x4008, 0x4008, 0x4008, 0x4008, 
  0x4008, 0x4008, 0x4008, 0x4008, 0x4008, 0x4008, 0x4008, 0x4008, 0x4008, 0x4008, 0x4008, 0x4007, 
  0x4007, 0x4008, 0x4008, 0x4008, 0x4008, 0x4008, 0x4008, 0x4008, 0x4008, 0x4008, 0x4008, 0x4008, 
  0x4008, 0x4008, 0x4008, 0x4008, 0x4008, 0x4008, 0x4829, 0x4829, 0x4028, 0x1824, 0x1023, 0x1844, 
  0x4007, 0x4008, 0x4007, 0x4008, 0x4008, 0x4008, 0x4008, 0x4008, 0x4008, 0x4008, 0x4008, 0x4008, 
  0x4008, 0x4008, 0x4008, 0x4008, 0x4008, 0x4008, 0x4008, 0x4008, 0x4008, 0x4008, 0x4008, 0x4008, 
  0x4007, 0x4008, 0x4008, 0x4008, 0x4007, 0x4008, 0x4008, 0x4008, 0x4008, 0x4008, 0x4008, 0x4008, 
  0x4008, 0x4008, 0x4008, 0x4008, 0x4007, 0x4008, 0x4008, 0x4008, 0x4008, 0x4008, 0x4008, 0x4008, 
  0x4008, 0x4008, 0x4008, 0x4008, 0x4008, 0x4008, 0x4008, 0x4008, 0x4008, 0x4008, 0x4008, 0x4008, 
  0x4008, 0x4008, 0x4008, 0x4008, 0x4008, 0x4008, 0x4008, 0x4008, 0x4008, 0x4008, 0x4008, 0x506a, 
  0x506a, 0x4888, 0x2085, 0x1884, 0x28a5, 0x4008, 0x4008, 0x4008, 0x4008, 0x4008, 0x4008, 0x4008, 
  0x4008, 0x4007, 0x4008, 0x4008, 0x4008, 0x4007, 0x4008, 0x4008, 0x4008, 0x4008, 0x4008, 0x4007, 
  0x4008, 0x4008, 0x4008, 0x4008, 0x4008, 0x4008, 0x4008, 0x4008, 0x4008, 0x4008, 0x4008, 0x4008, 
  0x4008, 0x4008, 0x4008, 0x4008, 0x4008, 0x4008, 0x4008, 0x4008, 0x4008, 0x4008, 0x4007, 0x4008, 
  0x4008, 0x4008, 0x4008, 0x4008, 0x4008, 0x4008, 0x4008, 0x4007, 0x4008, 0x4008, 0x4008, 0x4008, 
  0x4008, 0x4008, 0x4008, 0x4008, 0x4008, 0x4008, 0x4008, 0x4008, 0x4008, 0x4008, 0x4008, 0x4008, 
  0x4008, 0x4007, 0x4008, 0x4008, 0x4828, 0x4828, 0x4028, 0x1803, 0x1002, 0x1823, 0x1823, 0x1823, 
  0x1823, 0x1823, 0x1823, 0x628d, 0x49a9, 0x28c6, 0x28c6, 0x28c6, 0x28c6, 0x28c6, 0x4008, 0x4007, 
  0x4007, 0x4007, 0x4007, 0x4008, 0x4007, 0x4008, 0x4007, 0x4007, 0x4008, 0x4007, 0x4007, 0x4007, 
  0x4007, 0x4007, 0x4008, 0x4007, 0x4008, 0x4008, 0x4007, 0x4008, 0x4007, 0x4008, 0x4008, 0x4007, 
  0x4007, 0x4008, 0x4007, 0x4008, 0x4007, 0x4008, 0x4008, 0x4007, 0x4007, 0x4007, 0x4008, 0x4008, 
  0x4008, 0x4007, 0x4008, 0x4008, 0x4008, 0x4007, 0x4007, 0x4007, 0x4007, 0x4007, 0x4007, 0x4007, 
  0x4008, 0x4008, 0x4007, 0x4007, 0x4007, 0x4008, 0x4007, 0x4008, 0x4007, 0x4008, 0x4008, 0x4008, 
  0x4008, 0x4007, 0x4007, 0x4008, 0x4008, 0x4008, 0x4008, 0x4008, 0x4008, 0x4828, 0x4828, 0x3827, 
  0x1803, 0x1002, 0x1003, 0x4008, 0x4008, 0x4007, 0x4008, 0x4008, 0x4007, 0x4008, 0x4007, 0x4008, 
  0x4008, 0x4007, 0x4008, 0x4008, 0x4007, 0x4007, 0x4007, 0x4008, 0x4008, 0x4008, 0x4007, 0x4007, 
  0x4007, 0x4008, 0x4008, 0x4008, 0x4008, 0x4008, 0x4007, 0x4007, 0x4008, 0x4007, 0x4008, 0x4007, 
  0x4008, 0x4008, 0x4008, 0x4008, 0x4008, 0x4007, 0x4007, 0x4007, 0x4008, 0x4007, 0x4007, 0x4007, 
  0x4007, 0x4008, 0x4008, 0x4008, 0x4007, 0x4007, 0x4008, 0x4007, 0x4007, 0x4007, 0x4007, 0x4008, 
  0x4007, 0x4008, 0x4007, 0x4008, 0x4007, 0x4008, 0x4007, 0x4007, 0x4007, 0x4008, 0x4008, 0x4007, 
  0x4008, 0x4008, 0x4829, 0x4829, 0x4027, 0x1824, 0x1023, 0x1844, 0x4007, 0x4008, 0x4007, 0x4007, 
  0x4008, 0x4007, 0x4007, 0x4008, 0x4007, 0x4008, 0x4008, 0x4008, 0x4007, 0x4007, 0x4008, 0x4008, 
  0x4008, 0x4008, 0x4008, 0x4007, 0x4007, 0x4008, 0x4008, 0x4007, 0x4008, 0x4007, 0x4007, 0x4007, 
  0x4007, 0x4007, 0x4007, 0x4007, 0x4008, 0x4007, 0x4008, 0x4007, 0x4008, 0x4007, 0x4008, 0x4008, 
  0x4008, 0x4007, 0x4008, 0x4008, 0x4008, 0x4008, 0x4008, 0x4008, 0x4008, 0x4007, 0x4008, 0x4007, 
  0x4008, 0x4007, 0x4007, 0x4007, 0x4007, 0x4007, 0x4007, 0x4008, 0x4007, 0x4007, 0x4008, 0x4008, 
  0x4008, 0x4007, 0x4007, 0x4007, 0x4007, 0x4008, 0x4008, 0x506a, 0x506a, 0x4888, 0x2085, 0x1884, 
  0x28a5, 0x4007, 0x4007, 0x4008, 0x4008, 0x4007, 0x4008, 0x4008, 0x4008, 0x4007, 0x4007, 0x4008, 
  0x4007, 0x4008, 0x4008, 0x4007, 0x4007, 0x4008, 0x4007, 0x4008, 0x4008, 0x4007, 0x4008, 0x4007, 
  0x4008, 0x4008, 0x4008, 0x4007, 0x4007, 0x4007, 0x4007, 0x4008, 0x4007, 0x4008, 0x4007, 0x4007, 
  0x4008, 0x4007, 0x4007, 0x4007, 0x4007, 0x4007, 0x4008, 0x4007, 0x4008, 0x4008, 0x4007, 0x4008, 
  0x4007, 0x4008, 0x4008, 0x4007, 0x4007, 0x4008, 0x4007, 0x4008, 0x4007, 0x4008, 0x4008, 0x4007, 
  0x4007, 0x4007, 0x4008, 0x4008, 0x4008, 0x4007, 0x4008, 0x4008, 0x4008, 0x4007, 0x4007, 0x4007, 
  0x4828, 0x4828, 0x4027, 0x1803, 0x1002, 0x1823, 0x1823, 0x1823, 0x1823, 0x1823, 0x1823, 0x628d, 
  0x49a9, 0x28c6, 0x28c6, 0x28c6, 0x28c6, 0x28c6, 0x4007, 0x4007, 0x4007, 0x4007, 0x4007, 0x4007, 
  0x4007, 0x4008, 0x4007, 0x4007, 0x4007, 0x4007, 0x4007, 0x4007, 0x4007, 0x4007, 0x4007, 0x4007, 
  0x4007, 0x4007, 0x4007, 0x4007, 0x4007, 0x4007, 0x4007, 0x4007, 0x4007, 0x4007, 0x4007, 0x4007, 
  0x4007, 0x4008, 0x4007, 0x4007, 0x4007, 0x4007, 0x4007, 0x4007, 0x4007, 0x4007, 0x4007, 0x4007, 
  0x4007, 0x4007, 0x4007, 0x4007, 0x4007, 0x4008, 0x4007, 0x4007, 0x4007, 0x4007, 0x4007, 0x4007, 
  0x4007, 0x4007, 0x4007, 0x4007, 0x4007, 0x4007, 0x4007, 0x4007, 0x4007, 0x4007, 0x4007, 0x4007, 
  0x4007, 0x4007, 0x4007, 0x4007, 0x4007, 0x4828, 0x4828, 0x3827, 0x1803, 0x1002, 0x1003, 0x4007, 
  0x4007, 0x4007, 0x4007, 0x4007, 0x4007, 0x4007, 0x4007, 0x4007, 0x4007, 0x4007, 0x4007, 0x4007, 
  0x4007, 0x4007, 0x4007, 0x4007, 0x4007, 0x4007, 0x4007, 0x4007, 0x4007, 0x4007, 0x4007, 0x4007, 
  0x4007, 0x4007, 0x4007, 0x4007, 0x4007, 0x4007, 0x4007, 0x4007, 0x4007, 0x4007, 0x4007, 0x4008, 
  0x4007, 0x4007, 0x4007, 0x4007, 0x4007, 0x4007, 0x4007, 0x4007, 0x4007, 0x4007, 0x4007, 0x4007, 
  0x4007, 0x4007, 0x4007, 0x4007, 0x4007, 0x4007, 0x4007, 0x4007, 0x4007, 0x4007, 0x4007, 0x4007, 
  0x4007, 0x4007, 0x4007, 0x4007, 0x4007, 0x4007, 0x4007, 0x4007, 0x4007, 0x4007, 0x4829, 0x4829, 
  0x4028, 0x1824, 0x1023, 0x1844, 0x4007, 0x4007, 0x4007, 0x4007, 0x4007, 0x4007, 0x4007, 0x4007, 
  0x4007, 0x4007, 0x4007, 0x4007, 0x4007, 0x4007, 0x4007, 0x4007, 0x4007, 0x4007, 0x4007, 0x4007, 
  0x4007, 0x4007, 0x4007, 0x4008, 0x4007, 0x4007, 0x4007, 0x4007, 0x4007, 0x4007, 0x4007, 0x4007, 
  0x4007, 0x4007, 0x4007, 0x4007, 0x4007, 0x4007, 0x4007, 0x4007, 0x4007, 0x4007, 0x4007, 0x4007, 
  0x4007, 0x4007, 0x4007, 0x4007, 0x4007, 0x4007, 0x4007, 0x4007, 0x4007, 0x4007, 0x4007, 0x4007, 
  0x4007, 0x4007, 0x4007, 0x4007, 0x4007, 0x4007, 0x4007, 0x4007, 0x4007, 0x4007, 0x4007, 0x4007, 
  0x4007, 0x4007, 0x4008, 0x506a, 0x506a, 0x4868, 0x2085, 0x1884, 0x28a5, 0x4007, 0x4007, 0x4007, 
  0x4007, 0x4007, 0x4007, 0x4007, 0x4007, 0x4007, 0x4007, 0x4007, 0x4007, 0x4007, 0x4007, 0x4007, 
  0x4007, 0x4007, 0x4007, 0x4007, 0x4007, 0x4007, 0x4007, 0x4007, 0x4007, 0x4007, 0x4007, 0x4007, 
  0x4007, 0x4007, 0x4007, 0x4007, 0x4007, 0x4008, 0x4007, 0x4007, 0x4007, 0x4007, 0x4007, 0x4007, 
  0x4007, 0x4007, 0x4007, 0x4007, 0x4007, 0x4007, 0x4007, 0x4007, 0x4007, 0x4007, 0x4007, 0x4007, 
  0x4007, 0x4007, 0x4007, 0x4007, 0x4007, 0x4008, 0x4007, 0x4007, 0x4007, 0x4007, 0x4007, 0x4007, 
  0x4007, 0x4007, 0x4007, 0x4007, 0x4007, 0x4007, 0x4007, 0x4007, 0x4828, 0x4829, 0x4027, 0x1823, 
  0x1002, 0x1823, 0x1823, 0x1823, 0x1823, 0x1823, 0x1823, 0x628d, 0x49a9, 0x28c6, 0x28c6, 0x28c6, 
  0x28c6, 0x28c6, 0x4007, 0x4007, 0x4007, 0x4007, 0x4007, 0x4007, 0x4007, 0x4007, 0x4007, 0x4007, 
  0x4007, 0x4007, 0x4007, 0x4007, 0x4007, 0x4007, 0x4007, 0x4007, 0x4007, 0x4007, 0x4007, 0x4007, 
  0x4007, 0x4007, 0x4007, 0x4007, 0x4007, 0x4007, 0x4007, 0x4007, 0x4007, 0x4007, 0x4007, 0x4007, 
  0x4007, 0x4007, 0x4007, 0x4007, 0x4007, 0x4007, 0x4007, 0x4007, 0x4007, 0x4007, 0x4007, 0x4007, 
  0x4007, 0x4007, 0x4007, 0x4007, 0x4007, 0x4007, 0x4007, 0x4007, 0x4007, 0x4007, 0x4007, 0x4007, 
  0x4007, 0x4007, 0x4007, 0x4007, 0x4007, 0x4007, 0x4007, 0x4007, 0x4007, 0x4007, 0x4007, 0x4007, 
  0x4007, 0x4828, 0x4028, 0x3827, 0x1803, 0x1002, 0x1003, 0x4007, 0x4007, 0x4007, 0x4007, 0x4007, 
  0x4007, 0x4007, 0x4007, 0x4007, 0x4007, 0x4007, 0x4007, 0x4007, 0x4007, 0x4007, 0x4007, 0x4007, 
  0x4007, 0x4007, 0x4007, 0x4007, 0x4007, 0x4007, 0x4007, 0x4007, 0x4007, 0x4007, 0x4007, 0x4007, 
  0x4007, 0x4007, 0x4007, 0x4007, 0x4007, 0x4007, 0x4007, 0x4007, 0x4007, 0x4007, 0x4007, 0x4007, 
  0x4007, 0x4007, 0x4007, 0x4007, 0x4007, 0x4007, 0x4007, 0x4007, 0x4007, 0x4007, 0x4007, 0x4007, 
  0x4007, 0x4007, 0x4007, 0x4007, 0x4007, 0x4007, 0x4007, 0x4007, 0x4007, 0x4007, 0x4007, 0x4007, 
  0x4007, 0x4007, 0x4007, 0x4007, 0x4007, 0x4007, 0x4829, 0x4829, 0x4028, 0x1824, 0x1023, 0x1824, 
  0x4007, 0x4007, 0x4007, 0x4007, 0x4007, 0x4007, 0x4007, 0x4007, 0x4007, 0x4007, 0x4007, 0x4007, 
  0x4007, 0x4007, 0x4007, 0x4007, 0x4007, 0x4007, 0x4007, 0x4007, 0x4007, 0x4007, 0x4007, 0x4007, 
  0x4007, 0x4007, 0x4007, 0x4007, 0x4007, 0x4007, 0x4007, 0x4007, 0x4007, 0x4007, 0x4007, 0x4007, 
  0x4007, 0x4007, 0x4007, 0x4007, 0x4007, 0x4007, 0x4007, 0x4007, 0x4007, 0x4007, 0x4007, 0x4007, 
  0x4007, 0x4007, 0x4007, 0x4007, 0x4007, 0x4007, 0x4007, 0x4007, 0x4007, 0x4007, 0x4007, 0x4007, 
  0x4007, 0x4007, 0x4007, 0x4007, 0x4007, 0x4007, 0x4007, 0x4007, 0x4007, 0x4007, 0x4007, 0x508a, 
  0x506a, 0x4868, 0x2085, 0x1884, 0x28a5, 0x4007, 0x4007, 0x4007, 0x4007, 0x4007, 0x4007, 0x4007, 
  0x4007, 0x4007, 0x4007, 0x4007, 0x4007, 0x4007, 0x4007, 0x4007, 0x4007, 0x4007, 0x4007, 0x4007, 
  0x4007, 0x4007, 0x4007, 0x4007, 0x4007, 0x4007, 0x4007, 0x4007, 0x4007, 0x4007, 0x4007, 0x4007, 
  0x4007, 0x4007, 0x4007, 0x4007, 0x4007, 0x4007, 0x4007, 0x4007, 0x4007, 0x4007, 0x4007, 0x4007, 
  0x4007, 0x4007, 0x4007, 0x4007, 0x4007, 0x4007, 0x4007, 0x4007, 0x4007, 0x4007, 0x4007, 0x4007, 
  0x4007, 0x4007, 0x4007, 0x4007, 0x4007, 0x4007, 0x4007, 0x4007, 0x4007, 0x4007, 0x4007, 0x4007, 
  0x4007, 0x4007, 0x4007, 0x4007, 0x4828, 0x4828, 0x4027, 0x1803, 0x1002, 0x1823, 0x1823, 0x1823, 
  0x1823, 0x1823, 0x1823, 0x62ad, 0x49a9, 0x28c6, 0x28c6, 0x28c6, 0x28c6, 0x28c6, 0x4007, 0x4007, 
  0x4007, 0x4007, 0x4007, 0x4007, 0x4007, 0x4007, 0x4007, 0x4007, 0x4007, 0x4007, 0x4007, 0x4007, 
  0x4007, 0x4007, 0x4007, 0x4007, 0x4007, 0x4007, 0x4007, 0x4007, 0x4007, 0x4007, 0x4007, 0x4007, 
  0x4007, 0x4007, 0x4007, 0x4007, 0x4007, 0x4007, 0x4007, 0x4007, 0x4007, 0x4007, 0x4007, 0x4007, 
  0x4007, 0x4007, 0x4007, 0x4007, 0x4007, 0x4007, 0x4007, 0x4007, 0x4007, 0x4007, 0x4007, 0x4007, 
  0x4007, 0x4007, 0x4007, 0x4007, 0x4007, 0x4007, 0x4007, 0x4007, 0x4007, 0x4007, 0x4007, 0x4007, 
  0x4007, 0x4007, 0x4007, 0x4007, 0x4007, 0x4007, 0x4007, 0x4007, 0x4007, 0x4828, 0x4028, 0x3827, 
  0x1803, 0x1002, 0x1003, 0x4007, 0x4007, 0x4007, 0x4007, 0x4007, 0x4007, 0x4007, 0x4007, 0x4007, 
  0x4007, 0x4007, 0x4007, 0x4007, 0x4007, 0x4007, 0x4007, 0x4007, 0x4007, 0x4007, 0x4007, 0x4007, 
  0x4007, 0x4007, 0x4007, 0x4007, 0x4007, 0x4007, 0x4007, 0x4007, 0x4007, 0x4007, 0x4007, 0x4007, 
  0x4007, 0x4007, 0x4007, 0x4007, 0x4007, 0x4007, 0x4007, 0x4007, 0x4007, 0x4007, 0x4007, 0x4007, 
  0x4007, 0x4007, 0x4007, 0x4007, 0x4007, 0x4007, 0x4007, 0x4007, 0x4007, 0x4007, 0x4007, 0x4007, 
  0x4007, 0x4007, 0x4007, 0x4007, 0x4007, 0x4007, 0x4007, 0x4007, 0x4007, 0x4007, 0x4007, 0x4007, 
  0x4007, 0x4007, 0x4829, 0x4829, 0x4028, 0x1824, 0x1023, 0x1824, 0x4007, 0x4007, 0x4007, 0x4007, 
  0x4007, 0x4007, 0x4007, 0x4007, 0x4007, 0x4007, 0x4007, 0x4007, 0x4007, 0x4007, 0x4007, 0x4007, 
  0x4007, 0x4007, 0x4007, 0x4007, 0x4007, 0x4007, 0x4007, 0x4007, 0x4007, 0x4007, 0x4007, 0x4007, 
  0x4007, 0x4007, 0x4007, 0x4007, 0x4007, 0x4007, 0x4007, 0x4007, 0x4007, 0x4007, 0x4007, 0x4007, 
  0x4007, 0x4007, 0x4007, 0x4007, 0x4007, 0x4007, 0x4007, 0x4007, 0x4007, 0x4007, 0x4007, 0x4007, 
  0x4007, 0x4007, 0x4007, 0x4007, 0x4007, 0x4007, 0x4007, 0x4007, 0x4007, 0x4007, 0x4007, 0x4007, 
  0x4007, 0x4007, 0x4007, 0x4007, 0x4007, 0x4007, 0x4007, 0x508a, 0x506a, 0x4868, 0x2885, 0x1884, 
  0x28a5, 0x4007, 0x4007, 0x4007, 0x4007, 0x4007, 0x4007, 0x4007, 0x4007, 0x4007, 0x4007, 0x4007, 
  0x4007, 0x4007, 0x4007, 0x4007, 0x4007, 0x4007, 0x4007, 0x4007, 0x4007, 0x4007, 0x4007, 0x4007, 
  0x4007, 0x4007, 0x4007, 0x4007, 0x4007, 0x4007, 0x4007, 0x4007, 0x4007, 0x4007, 0x4007, 0x4007, 
  0x4007, 0x4007, 0x4007, 0x4007, 0x4007, 0x4007, 0x4007, 0x4007, 0x4007, 0x4007, 0x4007, 0x4007, 
  0x4007, 0x4007, 0x4007, 0x4007, 0x4007, 0x4007, 0x4007, 0x4007, 0x4007, 0x4007, 0x4007, 0x4007, 
  0x4007, 0x4007, 0x4007, 0x4007, 0x4007, 0x4007, 0x4007, 0x4007, 0x4007, 0x4007, 0x4007, 0x4007, 
  0x4828, 0x4828, 0x4028, 0x1823, 0x1022, 0x1823, 0x1823, 0x1823, 0x1823, 0x1823, 0x1823, 0x6aad, 
  0x49a9, 0x28c6, 0x28c6, 0x28c6, 0x28c6, 0x28c6, 0x4007, 0x4007, 0x4007, 0x4007, 0x4007, 0x4007, 
  0x4007, 0x4007, 0x4007, 0x4007, 0x4007, 0x4007, 0x4007, 0x4007, 0x4007, 0x4007, 0x4007, 0x4007, 
  0x4007, 0x4007, 0x4007, 0x4007, 0x4007, 0x4007, 0x4007, 0x4007, 0x4007, 0x4007, 0x4007, 0x4007, 
  0x4007, 0x4007, 0x4007, 0x4007, 0x4007, 0x4007, 0x4007, 0x4007, 0x4007, 0x4007, 0x4007, 0x4007, 
  0x4007, 0x4007, 0x4007, 0x4007, 0x4007, 0x4007, 0x4007, 0x4007, 0x4007, 0x4007, 0x4007, 0x4007, 
  0x4007, 0x4007, 0x4007, 0x4007, 0x4007, 0x4007, 0x4007, 0x4007, 0x4007, 0x4007, 0x4007, 0x4007, 
  0x4007, 0x4007, 0x4007, 0x4007, 0x4007, 0x4828, 0x4828, 0x3827, 0x1803, 0x1002, 0x1003, 0x4007, 
  0x4007, 0x4007, 0x4007, 0x4007, 0x4007, 0x4007, 0x4007, 0x4007, 0x4007, 0x4007, 0x4007, 0x4007, 
  0x4007, 0x4007, 0x4007, 0x4007, 0x4007, 0x4007, 0x4007, 0x4007, 0x4007, 0x4007, 0x4007, 0x4007, 
  0x4007, 0x4007, 0x4007, 0x4007, 0x4007, 0x4007, 0x4007, 0x4007, 0x4007, 0x4007, 0x4007, 0x4007, 
  0x4007, 0x4007, 0x4007, 0x4007, 0x4007, 0x4007, 0x4007, 0x4007, 0x4007, 0x4007, 0x4007, 0x4007, 
  0x4007, 0x4007, 0x4007, 0x4007, 0x4007, 0x4007, 0x4007, 0x4007, 0x4007, 0x4007, 0x4007, 0x4007, 
  0x4007, 0x4007, 0x4007, 0x4007, 0x4007, 0x4007, 0x4007, 0x4007, 0x4007, 0x4007, 0x4829, 0x4829, 
  0x4028, 0x1824, 0x1023, 0x1824, 0x4007, 0x4007, 0x4007, 0x4007, 0x4007, 0x4007, 0x4007, 0x4007, 
  0x4007, 0x4007, 0x4007, 0x4007, 0x4007, 0x4007, 0x4007, 0x4007, 0x4007, 0x4007, 0x4007, 0x4007, 
  0x4007, 0x4007, 0x4007, 0x4007, 0x4007, 0x4007, 0x4007, 0x4007, 0x4007, 0x4007, 0x4007, 0x4007, 
  0x4007, 0x4007, 0x4007, 0x4007, 0x4007, 0x4007, 0x4007, 0x4007, 0x4007, 0x4007, 0x4007, 0x4007, 
  0x4007, 0x4007, 0x4007, 0x4007, 0x4007, 0x4007, 0x4007, 0x4007, 0x4007, 0x4007, 0x4007, 0x4007, 
  0x4007, 0x4007, 0x4007, 0x4007, 0x4007, 0x4007, 0x4007, 0x4007, 0x4007, 0x4007, 0x4007, 0x4007, 
  0x4007, 0x4007, 0x4007, 0x506a, 0x506a, 0x4868, 0x2085, 0x1884, 0x28a5, 0x4007, 0x4007, 0x4007, 
  0x4007, 0x4007, 0x4007, 0x4007, 0x4007, 0x4007, 0x4007, 0x4007, 0x4007, 0x4007, 0x4007, 0x4007, 
  0x4007, 0x4007, 0x4007, 0x4007, 0x4007, 0x4007, 0x4007, 0x4007, 0x4007, 0x4007, 0x4007, 0x4007, 
  0x4007, 0x4007, 0x4007, 0x4007, 0x4007, 0x4007, 0x4007, 0x4007, 0x4007, 0x4007, 0x4007, 0x4007, 
  0x4007, 0x4007, 0x4007, 0x4007, 0x4007, 0x4007, 0x4007, 0x4007, 0x4007, 0x4007, 0x4007, 0x4007, 
  0x4007, 0x4007, 0x4007, 0x4007, 0x4007, 0x4007, 0x4007, 0x4007, 0x4007, 0x4007, 0x4007, 0x4007, 
  0x4007, 0x4007, 0x4007, 0x4007, 0x4007, 0x4007, 0x4007, 0x4007, 0x4828, 0x4828, 0x4028, 0x1823, 
  0x1022, 0x1823, 0x1823, 0x1823, 0x1823, 0x1823, 0x1823, 0x6aad, 0x49a9, 0x28c6, 0x28c6, 0x28c6, 
  0x28c6, 0x28c6, 0x4007, 0x4007, 0x4007, 0x4007, 0x4007, 0x4007, 0x4007, 0x4007, 0x4007, 0x4007, 
  0x4007, 0x4007, 0x4007, 0x4007, 0x4007, 0x4007, 0x4007, 0x4007, 0x4007, 0x4007, 0x4007, 0x4007, 
  0x4007, 0x4007, 0x4007, 0x4007, 0x4007, 0x4007, 0x4007, 0x4007, 0x4007, 0x4007, 0x4007, 0x4007, 
  0x4007, 0x4007, 0x4007, 0x4007, 0x4007, 0x4007, 0x4007, 0x4007, 0x4007, 0x4007, 0x4007, 0x4007, 
  0x4007, 0x4007, 0x4007, 0x4007, 0x4007, 0x4007, 0x4007, 0x4007, 0x4007, 0x4007, 0x4007, 0x4007, 
  0x4007, 0x4007, 0x4007, 0x4007, 0x4007, 0x4007, 0x4007, 0x4007, 0x4007, 0x4007, 0x4007, 0x4007, 
  0x4007, 0x4828, 0x4028, 0x3827, 0x1803, 0x1002, 0x1003, 0x4007, 0x4007, 0x4007, 0x4007, 0x4007, 
  0x4007, 0x4007, 0x4007, 0x4007, 0x4007, 0x4007, 0x4007, 0x4007, 0x4007, 0x4007, 0x4007, 0x4007, 
  0x4007, 0x4007, 0x4007, 0x4007, 0x4007, 0x4007, 0x4007, 0x4007, 0x4007, 0x4007, 0x4007, 0x4007, 
  0x4007, 0x4007, 0x4007, 0x4007, 0x4007, 0x4007, 0x4007, 0x4007, 0x4007, 0x4007, 0x4007, 0x4007, 
  0x4007, 0x4007, 0x4007, 0x4007, 0x4007, 0x4007, 0x4007, 0x4007, 0x4007, 0x4007, 0x4007, 0x4007, 
  0x4007, 0x4007, 0x4007, 0x4007, 0x4007, 0x4007, 0x4007, 0x4007, 0x4007, 0x4007, 0x4007, 0x4007, 
  0x4007, 0x4007, 0x4007, 0x4007, 0x4007, 0x4007, 0x4829, 0x4829, 0x4028, 0x1824, 0x1023, 0x1824, 
  0x4007, 0x4007, 0x4007, 0x4007, 0x4007, 0x4007, 0x4007, 0x4007, 0x4007, 0x4007, 0x4007, 0x4007, 
  0x4007, 0x4007, 0x4007, 0x4007, 0x4007, 0x4007, 0x4007, 0x4007, 0x4007, 0x4007, 0x4007, 0x4007, 
  0x4007, 0x4007, 0x4007, 0x4007, 0x4007, 0x4007, 0x4007, 0x4007, 0x4007, 0x4007, 0x4007, 0x4007, 
  0x4007, 0x4007, 0x4007, 0x4007, 0x4007, 0x4007, 0x4007, 0x4007, 0x4007, 0x4007, 0x4007, 0x4007, 
  0x4007, 0x4007, 0x4007, 0x4007, 0x4007, 0x4007, 0x4007, 0x4007, 0x4007, 0x4007, 0x4007, 0x4007, 
  0x4007, 0x4007, 0x4007, 0x4007, 0x4007, 0x4007, 0x4007, 0x4007, 0x4007, 0x4007, 0x4007, 0x506a, 
  0x506a, 0x4868, 0x2085, 0x1884, 0x28a5, 0x4007, 0x4007, 0x4007, 0x4007, 0x4007, 0x4007, 0x4007, 
  0x4007, 0x4007, 0x4007, 0x4007, 0x4007, 0x4007, 0x4007, 0x4007, 0x4007, 0x4007, 0x4007, 0x4007, 
  0x4007, 0x4007, 0x4007, 0x4007, 0x4007, 0x4007, 0x4007, 0x4007, 0x4007, 0x4007, 0x4007, 0x4007, 
  0x4007, 0x4007, 0x4007, 0x4007, 0x4007, 0x4007, 0x4007, 0x4007, 0x4007, 0x4007, 0x4007, 0x4007, 
  0x4007, 0x4007, 0x4007, 0x4007, 0x4007, 0x4007, 0x4007, 0x4007, 0x4007, 0x4007, 0x4007, 0x4007, 
  0x4007, 0x4007, 0x4007, 0x4007, 0x4007, 0x4007, 0x4007, 0x4007, 0x4007, 0x4007, 0x4007, 0x4007, 
  0x4007, 0x4007, 0x4007, 0x4007, 0x4828, 0x4828, 0x4028, 0x1824, 0x1022, 0x1824, 0x1824, 0x1823, 
  0x1823, 0x1824, 0x1844, 0x6aad, 0x49a9, 0x28c6, 0x28c6, 0x28c6, 0x28c6, 0x28c6, 0x4007, 0x4007, 
  0x4007, 0x4007, 0x4007, 0x4007, 0x4007, 0x4007, 0x4007, 0x4007, 0x4007, 0x4007, 0x4007, 0x4007, 
  0x4007, 0x4007, 0x4007, 0x4007, 0x4007, 0x4007, 0x4007, 0x4007, 0x4007, 0x4007, 0x4007, 0x4007, 
  0x4007, 0x4007, 0x4007, 0x4007, 0x4007, 0x4007, 0x4007, 0x4007, 0x4007, 0x4007, 0x4007, 0x4007, 
  0x4007, 0x4007, 0x4007, 0x4007, 0x4007, 0x4007, 0x4007, 0x4007, 0x4007, 0x4007, 0x4007, 0x4007, 
  0x4007, 0x4007, 0x4007, 0x4007, 0x4007, 0x4007, 0x4007, 0x4007, 0x4007, 0x4007, 0x4007, 0x4007, 
  0x4007, 0x4007, 0x4007, 0x4007, 0x4007, 0x4007, 0x4007, 0x4007, 0x4007, 0x4828, 0x4828, 0x3827, 
  0x1803, 0x1002, 0x1003, 0x4007, 0x4007, 0x4007, 0x4007, 0x4007, 0x4007, 0x4007, 0x4007, 0x4007, 
  0x4007, 0x4007, 0x4007, 0x4007, 0x4007, 0x4007, 0x4007, 0x4007, 0x4007, 0x4007, 0x4007, 0x4007, 
  0x4007, 0x4007, 0x4007, 0x4007, 0x4007, 0x4007, 0x4007, 0x4007, 0x4007, 0x4007, 0x4007, 0x4007, 
  0x4007, 0x4007, 0x4007, 0x4007, 0x4007, 0x4007, 0x4007, 0x4007, 0x4007, 0x4007, 0x4007, 0x4007, 
  0x4007, 0x4007, 0x4007, 0x4007, 0x4007, 0x4007, 0x4007, 0x4007, 0x4007, 0x4007, 0x4007, 0x4007, 
  0x4007, 0x4007, 0x4007, 0x4007, 0x4007, 0x4007, 0x4007, 0x4007, 0x4007, 0x4007, 0x4007, 0x4007, 
  0x4007, 0x4007, 0x4829, 0x4829, 0x3827, 0x1824, 0x1023, 0x1824, 0x4007, 0x4007, 0x4007, 0x4007, 
  0x4007, 0x4007, 0x4007, 0x4007, 0x4007, 0x4007, 0x4007, 0x4007, 0x4007, 0x4007, 0x4007, 0x4007, 
  0x4007, 0x4007, 0x4007, 0x4007, 0x4007, 0x4007, 0x4007, 0x4007, 0x4007, 0x4007, 0x4007, 0x4007, 
  0x4007, 0x4007, 0x4007, 0x4007, 0x4007, 0x4007, 0x4007, 0x4007, 0x4007, 0x4007, 0x4007, 0x4007, 
  0x4007, 0x4007, 0x4007, 0x4007, 0x4007, 0x4007, 0x4007, 0x4007, 0x4007, 0x4007, 0x4007, 0x4007, 
  0x4007, 0x4007, 0x4007, 0x4007, 0x4007, 0x4007, 0x4007, 0x4007, 0x4007, 0x4007, 0x4007, 0x4007, 
  0x4007, 0x4007, 0x4007, 0x4007, 0x4007, 0x4007, 0x4007, 0x506a, 0x506a, 0x4868, 0x2085, 0x1884, 
  0x28a5, 0x4007, 0x4007, 0x4007, 0x4007, 0x4007, 0x4007, 0x4007, 0x4007, 0x4007, 0x4007, 0x4007, 
  0x4007, 0x4007, 0x4007, 0x4007, 0x4007, 0x4007, 0x4007, 0x4007, 0x4007, 0x4007, 0x4007, 0x4007, 
  0x4007, 0x4007, 0x4007, 0x4007, 0x4007, 0x4007, 0x4007, 0x4007, 0x4007, 0x4007, 0x4007, 0x4007, 
  0x4007, 0x4007, 0x4007, 0x4007, 0x4007, 0x4007, 0x4007, 0x4007, 0x4007, 0x4007, 0x4007, 0x4007, 
  0x4007, 0x4007, 0x4007, 0x4007, 0x4007, 0x4007, 0x4007, 0x4007, 0x4007, 0x4007, 0x4007, 0x4007, 
  0x4007, 0x4007, 0x4007, 0x4007, 0x4007, 0x4007, 0x4007, 0x4007, 0x4007, 0x4007, 0x4007, 0x4007, 
  0x4829, 0x4829, 0x4028, 0x1824, 0x1023, 0x1844, 0x1844, 0x1844, 0x1824, 0x1844, 0x1844, 0x6aad, 
  0x49a9, 0x28c6, 0x28c6, 0x28c6, 0x28c6, 0x28c6, 0x4007, 0x4007, 0x4007, 0x4007, 0x4007, 0x4007, 
  0x4007, 0x4007, 0x4007, 0x4007, 0x4007, 0x4007, 0x4007, 0x4007, 0x4007, 0x4007, 0x4007, 0x4007, 
  0x4007, 0x4007, 0x4007, 0x4007, 0x4007, 0x4007, 0x4007, 0x4007, 0x4007, 0x4007, 0x4007, 0x4007, 
  0x4007, 0x4007, 0x4007, 0x4007, 0x4007, 0x4007, 0x4007, 0x4007, 0x4007, 0x4007, 0x4007, 0x4007, 
  0x4007, 0x4007, 0x4007, 0x4007, 0x4007, 0x4007, 0x4007, 0x4007, 0x4007, 0x4007, 0x4007, 0x4007, 
  0x4007, 0x4007, 0x4007, 0x4007, 0x4007, 0x4007, 0x4007, 0x4007, 0x4007, 0x4007, 0x4007, 0x4007, 
  0x4007, 0x4007, 0x4007, 0x4007, 0x4007, 0x4028, 0x4028, 0x3827, 0x1803, 0x1002, 0x1003, 0x4007, 
  0x4007, 0x4007, 0x4007, 0x4007, 0x4007, 0x4007, 0x4007, 0x4007, 0x4007, 0x4007, 0x4007, 0x4007, 
  0x4007, 0x4007, 0x4007, 0x4007, 0x4007, 0x4007, 0x4007, 0x4007, 0x4007, 0x4007, 0x4007, 0x4007, 
  0x4007, 0x4007, 0x4007, 0x4007, 0x4007, 0x4007, 0x4007, 0x4007, 0x4007, 0x4007, 0x4007, 0x4007, 
  0x4007, 0x4007, 0x4007, 0x4007, 0x4007, 0x4007, 0x4007, 0x4007, 0x4007, 0x4007, 0x4007, 0x4007, 
  0x4007, 0x4007, 0x4007, 0x4007, 0x4007, 0x4007, 0x4007, 0x4007, 0x4007, 0x4007, 0x4007, 0x4007, 
  0x4007, 0x4007, 0x4007, 0x4007, 0x4007, 0x4007, 0x4007, 0x4007, 0x4007, 0x4007, 0x4829, 0x4829, 
  0x4028, 0x1824, 0x1023, 0x1824, 0x4007, 0x4007, 0x4007, 0x4007, 0x4007, 0x4007, 0x4007, 0x4007, 
  0x4007, 0x4007, 0x4007, 0x4007, 0x4007, 0x4007, 0x4007, 0x4007, 0x4007, 0x4007, 0x4007, 0x4007, 
  0x4007, 0x4007, 0x4007, 0x4007, 0x4007, 0x4007, 0x4007, 0x4007, 0x4007, 0x4007, 0x4007, 0x4007, 
  0x4007, 0x4007, 0x4007, 0x4007, 0x4007, 0x4007, 0x4007, 0x4007, 0x4007, 0x4007, 0x4007, 0x4007, 
  0x4007, 0x4007, 0x4007, 0x4007, 0x4007, 0x4007, 0x4007, 0x4007, 0x4007, 0x4007, 0x4007, 0x4007, 
  0x4007, 0x4007, 0x4007, 0x4007, 0x4007, 0x4007, 0x4007, 0x4007, 0x4007, 0x4007, 0x4007, 0x4007, 
  0x4007, 0x4007, 0x4007, 0x506a, 0x506a, 0x4868, 0x2085, 0x1884, 0x28a5, 0x4007, 0x4007, 0x4007, 
  0x4007, 0x4007, 0x4007, 0x4007, 0x4007, 0x4007, 0x4007, 0x4007, 0x4007, 0x4007, 0x4007, 0x4007, 
  0x4007, 0x4007, 0x4007, 0x4007, 0x4007, 0x4007, 0x4007, 0x4007, 0x4007, 0x4007, 0x4007, 0x4007, 
  0x4007, 0x4007, 0x4007, 0x4007, 0x4007, 0x4007, 0x4007, 0x4007, 0x4007, 0x4007, 0x4007, 0x4007, 
  0x4007, 0x4007, 0x4007, 0x4007, 0x4007, 0x4007, 0x4007, 0x4007, 0x4007, 0x4007, 0x4007, 0x4007, 
  0x4007, 0x4007, 0x4007, 0x4007, 0x4007, 0x4007, 0x4007, 0x4007, 0x4007, 0x4007, 0x4007, 0x4007, 
  0x4007, 0x4007, 0x4007, 0x4007, 0x4007, 0x4007, 0x4007, 0x4007, 0x4829, 0x4829, 0x4048, 0x2044, 
  0x1043, 0x1844, 0x1844, 0x1844, 0x1844, 0x1844, 0x1844, 0x6aad, 0x49a9, 0x28c6, 0x28c6, 0x28c6, 
  0x28c6, 0x28c6, 0x4007, 0x3807, 0x4007, 0x4007, 0x4007, 0x4007, 0x4007, 0x4007, 0x4007, 0x4007, 
  0x4007, 0x4007, 0x4007, 0x4007, 0x4007, 0x4007, 0x4007, 0x4007, 0x4007, 0x4007, 0x4007, 0x4007, 
  0x3807, 0x4007, 0x4007, 0x4007, 0x4007, 0x4007, 0x4007, 0x4007, 0x4007, 0x4007, 0x4007, 0x4007, 
  0x4007, 0x4007, 0x4007, 0x4007, 0x4007, 0x4007, 0x4007, 0x4007, 0x4007, 0x4007, 0x4007, 0x4007, 
  0x4007, 0x4007, 0x4007, 0x4007, 0x4007, 0x4007, 0x4007, 0x4007, 0x4007, 0x4007, 0x4007, 0x4007, 
  0x4007, 0x3807, 0x4007, 0x4007, 0x4007, 0x4007, 0x4007, 0x4007, 0x4007, 0x4007, 0x4007, 0x4007, 
  0x4007, 0x4828, 0x4828, 0x3827, 0x1803, 0x1002, 0x1003, 0x4007, 0x4007, 0x4007, 0x4007, 0x4007, 
  0x4007, 0x4007, 0x4007, 0x4007, 0x4007, 0x4007, 0x4007, 0x4007, 0x4007, 0x4007, 0x4007, 0x4007, 
  0x4007, 0x4007, 0x4007, 0x4007, 0x4007, 0x4007, 0x4007, 0x3807, 0x4007, 0x4007, 0x4007, 0x4007, 
  0x4007, 0x4007, 0x4007, 0x4007, 0x4007, 0x3807, 0x4007, 0x4007, 0x4007, 0x4007, 0x4007, 0x4007, 
  0x4007, 0x4007, 0x4007, 0x4007, 0x4007, 0x4007, 0x4007, 0x4007, 0x4007, 0x4007, 0x4007, 0x4007, 
  0x4007, 0x3807, 0x4007, 0x4007, 0x4007, 0x4007, 0x4007, 0x4007, 0x4007, 0x4007, 0x4007, 0x4007, 
  0x4007, 0x4007, 0x3807, 0x4007, 0x4007, 0x4007, 0x4829, 0x4829, 0x4027, 0x1824, 0x1023, 0x1824, 
  0x4007, 0x4007, 0x4007, 0x4007, 0x4007, 0x4007, 0x4007, 0x4007, 0x4007, 0x4007, 0x4007, 0x4007, 
  0x4007, 0x4007, 0x4007, 0x4007, 0x4007, 0x4007, 0x4007, 0x4007, 0x4007, 0x4007, 0x4007, 0x4007, 
  0x4007, 0x4007, 0x4007, 0x4007, 0x4007, 0x4007, 0x4007, 0x4007, 0x4007, 0x4007, 0x4007, 0x4007, 
  0x4007, 0x4007, 0x4007, 0x4007, 0x4007, 0x4007, 0x4007, 0x4007, 0x4007, 0x4007, 0x4007, 0x4007, 
  0x4007, 0x4007, 0x4007, 0x4007, 0x4007, 0x4007, 0x4007, 0x4007, 0x4007, 0x4007, 0x4007, 0x4007, 
  0x4007, 0x4007, 0x4007, 0x4007, 0x4007, 0x4007, 0x4007, 0x4007, 0x4007, 0x4007, 0x4007, 0x506a, 
  0x508a, 0x4068, 0x2885, 0x1884, 0x28a5, 0x4007, 0x4007, 0x4007, 0x4007, 0x4007, 0x4007, 0x4007, 
  0x4007, 0x4007, 0x4007, 0x4007, 0x4007, 0x4007, 0x4007, 0x4007, 0x4007, 0x4007, 0x4007, 0x4007, 
  0x4007, 0x4007, 0x4007, 0x4007, 0x4007, 0x4007, 0x4007, 0x3807, 0x4007, 0x4007, 0x4007, 0x4007, 
  0x4007, 0x4007, 0x4007, 0x4007, 0x4007, 0x4007, 0x4007, 0x4007, 0x4007, 0x4007, 0x4007, 0x4007, 
  0x4007, 0x4007, 0x4007, 0x4007, 0x3807, 0x4007, 0x4007, 0x4007, 0x4007, 0x4007, 0x4007, 0x4007, 
  0x4007, 0x4007, 0x4007, 0x4007, 0x4007, 0x4007, 0x4007, 0x4007, 0x4007, 0x4007, 0x4007, 0x4007, 
  0x4007, 0x4007, 0x4007, 0x4007, 0x4849, 0x4849, 0x4048, 0x2044, 0x1843, 0x2064, 0x2064, 0x2064, 
  0x1864, 0x2064, 0x2064, 0x6ace, 0x49a9, 0x28c6, 0x28c6, 0x28c6, 0x28c6, 0x28c6, 0x4007, 0x3807, 
  0x4007, 0x4007, 0x3807, 0x3807, 0x3807, 0x3807, 0x4007, 0x4007, 0x4007, 0x3807, 0x4007, 0x4007, 
  0x3807, 0x4007, 0x3807, 0x3807, 0x4007, 0x4007, 0x4007, 0x3807, 0x3807, 0x3807, 0x3807, 0x3807, 
  0x4007, 0x4007, 0x3807, 0x4007, 0x4007, 0x4007, 0x4007, 0x3807, 0x4007, 0x3807, 0x3807, 0x4007, 
  0x3807, 0x4007, 0x4007, 0x3807, 0x3807, 0x4007, 0x3807, 0x4007, 0x3807, 0x4007, 0x4007, 0x4007, 
  0x3807, 0x3807, 0x4007, 0x4007, 0x3807, 0x3807, 0x3807, 0x4007, 0x3807, 0x3807, 0x4007, 0x4007, 
  0x3807, 0x4007, 0x4007, 0x3807, 0x4007, 0x4007, 0x4007, 0x4007, 0x4007, 0x4828, 0x4828, 0x3827, 
  0x1803, 0x1002, 0x1003, 0x3807, 0x4007, 0x4007, 0x3807, 0x4007, 0x3807, 0x4007, 0x4007, 0x3807, 
  0x4007, 0x4007, 0x3807, 0x3807, 0x4007, 0x4007, 0x4007, 0x4007, 0x3807, 0x4007, 0x4007, 0x4007, 
  0x4007, 0x4007, 0x3807, 0x3807, 0x4007, 0x4007, 0x3807, 0x4007, 0x4007, 0x4007, 0x4007, 0x3807, 
  0x4007, 0x3807, 0x3807, 0x4007, 0x3807, 0x4007, 0x4007, 0x4007, 0x3807, 0x3807, 0x3807, 0x3807, 
  0x3807, 0x3807, 0x3807, 0x4007, 0x4007, 0x3807, 0x4007, 0x4007, 0x4007, 0x4007, 0x4007, 0x4007, 
  0x4007, 0x3807, 0x3807, 0x4007, 0x4007, 0x4007, 0x3807, 0x4007, 0x3807, 0x3807, 0x3807, 0x4007, 
  0x4007, 0x3807, 0x4829, 0x4829, 0x4028, 0x1824, 0x1023, 0x1824, 0x3807, 0x3807, 0x3807, 0x3807, 
  0x4007, 0x4007, 0x4007, 0x4007, 0x4007, 0x3807, 0x3807, 0x3807, 0x4007, 0x4007, 0x4007, 0x3807, 
  0x4007, 0x3807, 0x3807, 0x4007, 0x4007, 0x3807, 0x4007, 0x3807, 0x4007, 0x3807, 0x4007, 0x4007, 
  0x4007, 0x3807, 0x4007, 0x4007, 0x4007, 0x4007, 0x3807, 0x4007, 0x3807, 0x4007, 0x4007, 0x4007, 
  0x3807, 0x4007, 0x4007, 0x3807, 0x4007, 0x4007, 0x4007, 0x4007, 0x3807, 0x4007, 0x4007, 0x4007, 
  0x4007, 0x3807, 0x3807, 0x4007, 0x3807, 0x3807, 0x4007, 0x3807, 0x4007, 0x3807, 0x3807, 0x4007, 
  0x3807, 0x4007, 0x4007, 0x4007, 0x4007, 0x3807, 0x4007, 0x506a, 0x506a, 0x4868, 0x2085, 0x1864, 
  0x28a5, 0x3807, 0x4007, 0x4007, 0x4007, 0x3807, 0x4007, 0x4007, 0x4007, 0x3807, 0x3807, 0x4007, 
  0x3807, 0x3807, 0x3807, 0x4007, 0x3807, 0x3807, 0x4007, 0x3807, 0x4007, 0x4007, 0x3807, 0x4007, 
  0x4007, 0x4007, 0x4007, 0x3807, 0x4007, 0x4007, 0x3807, 0x3807, 0x3807, 0x3807, 0x4007, 0x4007, 
  0x4007, 0x3807, 0x4007, 0x4007, 0x3807, 0x4007, 0x3807, 0x3807, 0x4007, 0x4007, 0x4007, 0x3807, 
  0x3807, 0x3807, 0x3807, 0x3807, 0x4007, 0x4007, 0x3807, 0x4007, 0x4007, 0x4007, 0x4007, 0x3807, 
  0x4007, 0x3807, 0x3807, 0x4007, 0x3807, 0x4007, 0x4007, 0x3807, 0x3807, 0x4007, 0x3807, 0x4007, 
  0x4849, 0x4849, 0x4048, 0x2044, 0x1843, 0x2064, 0x2064, 0x2064, 0x2064, 0x2064, 0x2085, 0x6ace, 
  0x49a9, 0x28c6, 0x28c6, 0x28c6, 0x28c6, 0x28c6, 0x3807, 0x3807, 0x3807, 0x3807, 0x3807, 0x3807, 
  0x3807, 0x3807, 0x3807, 0x3807, 0x3807, 0x4007, 0x3807, 0x3807, 0x3807, 0x3807, 0x3807, 0x3807, 
  0x3807, 0x3807, 0x3807, 0x3807, 0x3807, 0x3807, 0x3807, 0x3807, 0x3807, 0x3807, 0x3807, 0x3807, 
  0x3807, 0x3807, 0x3807, 0x3807, 0x4007, 0x3807, 0x3807, 0x3807, 0x3807, 0x3807, 0x3807, 0x3807, 
  0x3807, 0x3807, 0x3807, 0x3807, 0x3807, 0x3807, 0x3807, 0x3807, 0x3807, 0x3807, 0x3807, 0x3807, 
  0x3807, 0x3807, 0x3807, 0x3807, 0x3807, 0x3807, 0x3807, 0x3807, 0x3807, 0x3807, 0x3807, 0x3807, 
  0x3807, 0x3807, 0x3807, 0x3807, 0x3807, 0x4828, 0x4828, 0x3827, 0x1803, 0x1002, 0x1003, 0x3807, 
  0x3807, 0x3807, 0x3807, 0x4007, 0x3807, 0x3807, 0x3807, 0x3807, 0x3807, 0x3807, 0x4007, 0x3807, 
  0x3807, 0x3807, 0x4007, 0x3807, 0x3807, 0x3807, 0x3807, 0x3807, 0x3807, 0x3807, 0x3807, 0x3807, 
  0x3807, 0x3807, 0x3807, 0x3807, 0x3807, 0x3807, 0x3807, 0x3807, 0x4007, 0x3807, 0x3807, 0x3807, 
  0x3807, 0x3807, 0x3807, 0x3807, 0x4007, 0x3807, 0x3807, 0x3807, 0x3807, 0x3807, 0x3807, 0x3807, 
  0x3807, 0x3807, 0x3807, 0x3807, 0x4007, 0x3807, 0x3807, 0x3807, 0x3807, 0x4007, 0x3807, 0x3807, 
  0x3807, 0x3807, 0x4007, 0x3807, 0x3807, 0x3807, 0x3807, 0x4007, 0x3807, 0x3807, 0x4829, 0x4829, 
  0x4027, 0x1824, 0x1023, 0x1824, 0x3807, 0x3807, 0x3807, 0x3807, 0x4007, 0x3807, 0x4007, 0x3807, 
  0x3807, 0x3807, 0x4007, 0x4007, 0x4007, 0x4007, 0x3807, 0x3807, 0x3807, 0x3807, 0x3807, 0x3807, 
  0x3807, 0x4007, 0x3807, 0x3807, 0x3807, 0x3807, 0x3807, 0x3807, 0x3807, 0x3807, 0x3807, 0x3807, 
  0x3807, 0x3807, 0x3807, 0x3807, 0x3807, 0x3807, 0x3807, 0x3807, 0x3807, 0x3807, 0x3807, 0x3807, 
  0x3807, 0x3807, 0x4007, 0x3807, 0x4007, 0x3807, 0x3807, 0x4007, 0x3807, 0x3807, 0x3807, 0x3807, 
  0x3807, 0x3807, 0x3807, 0x3807, 0x3807, 0x3807, 0x3807, 0x4007, 0x3807, 0x3807, 0x3807, 0x3807, 
  0x3807, 0x3807, 0x3807, 0x506a, 0x508a, 0x4868, 0x2865, 0x1864, 0x2885, 0x3807, 0x3807, 0x3807, 
  0x3807, 0x3807, 0x3807, 0x4007, 0x3807, 0x3807, 0x3807, 0x3807, 0x3807, 0x4007, 0x3807, 0x3807, 
  0x3807, 0x3807, 0x3807, 0x3807, 0x3807, 0x4007, 0x3807, 0x3807, 0x3807, 0x3807, 0x3807, 0x3807, 
  0x3807, 0x3807, 0x3807, 0x3807, 0x3807, 0x3807, 0x3807, 0x3807, 0x3807, 0x4007, 0x3807, 0x3807, 
  0x3807, 0x3807, 0x3807, 0x3807, 0x3807, 0x3807, 0x3807, 0x3807, 0x3807, 0x3807, 0x3807, 0x3807, 
  0x3807, 0x3807, 0x3807, 0x3807, 0x3807, 0x3807, 0x3807, 0x3807, 0x4007, 0x3807, 0x3807, 0x3807, 
  0x3807, 0x3807, 0x3807, 0x3807, 0x3807, 0x3807, 0x3807, 0x3807, 0x4849, 0x4849, 0x4868, 0x2065, 
  0x1863, 0x2085, 0x2085, 0x2085, 0x2085, 0x2085, 0x2085, 0x6ace, 0x49a9, 0x28c6, 0x28c6, 0x28c6, 
  0x28c6, 0x28c6, 0x3807, 0x3807, 0x3807, 0x3807, 0x3807, 0x3807, 0x3807, 0x3807, 0x3807, 0x3807, 
  0x3807, 0x3807, 0x3807, 0x3807, 0x3807, 0x3807, 0x3807, 0x3807, 0x3807, 0x3807, 0x3807, 0x3807, 
  0x3807, 0x3807, 0x3807, 0x3807, 0x3807, 0x3807, 0x3807, 0x3807, 0x3807, 0x3807, 0x3807, 0x3807, 
  0x3807, 0x3807, 0x3807, 0x4007, 0x3807, 0x3807, 0x3807, 0x3807, 0x3807, 0x3807, 0x3807, 0x3807, 
  0x3807, 0x3807, 0x3807, 0x3807, 0x3807, 0x3807, 0x3807, 0x3807, 0x3807, 0x3807, 0x3807, 0x3807, 
  0x3807, 0x3807, 0x3807, 0x3807, 0x3807, 0x3807, 0x3807, 0x3807, 0x3807, 0x3807, 0x3807, 0x3807, 
  0x3807, 0x4828, 0x4828, 0x3827, 0x1803, 0x1002, 0x1003, 0x3807, 0x3807, 0x3807, 0x3807, 0x3807, 
  0x3807, 0x3807, 0x3807, 0x3807, 0x3807, 0x3807, 0x3807, 0x3807, 0x3807, 0x3807, 0x3807, 0x3807, 
  0x3807, 0x3807, 0x3807, 0x3807, 0x3807, 0x3807, 0x3807, 0x3807, 0x3807, 0x3807, 0x3807, 0x3807, 
  0x3807, 0x3807, 0x3807, 0x3807, 0x3807, 0x3807, 0x3807, 0x3807, 0x3807, 0x3807, 0x3807, 0x3807, 
  0x3807, 0x3807, 0x3807, 0x3807, 0x3807, 0x3807, 0x3807, 0x3807, 0x3807, 0x3807, 0x3807, 0x3807, 
  0x3807, 0x3807, 0x3807, 0x3807, 0x3807, 0x3807, 0x3807, 0x3807, 0x3807, 0x3807, 0x3807, 0x3807, 
  0x3807, 0x3807, 0x3807, 0x3807, 0x3807, 0x3807, 0x4829, 0x4829, 0x4027, 0x1824, 0x1023, 0x1824, 
  0x3807, 0x3807, 0x3807, 0x3807, 0x3807, 0x3807, 0x3807, 0x3807, 0x3807, 0x3807, 0x3807, 0x3807, 
  0x3807, 0x3807, 0x3807, 0x3807, 0x3807, 0x3807, 0x3807, 0x3807, 0x3807, 0x3807, 0x3807, 0x3807, 
  0x3807, 0x3807, 0x3807, 0x3807, 0x3807, 0x3807, 0x3807, 0x3807, 0x3807, 0x3807, 0x3807, 0x3807, 
  0x3807, 0x3807, 0x3807, 0x3807, 0x3807, 0x3807, 0x3807, 0x3807, 0x3807, 0x3807, 0x3807, 0x3807, 
  0x3807, 0x3807, 0x3807, 0x3807, 0x3807, 0x3807, 0x3807, 0x3807, 0x3807, 0x3807, 0x3807, 0x3807, 
  0x3807, 0x3807, 0x3807, 0x3807, 0x3807, 0x3807, 0x3807, 0x3807, 0x3807, 0x3807, 0x3807, 0x506a, 
  0x506a, 0x4868, 0x2065, 0x1864, 0x2885, 0x3807, 0x3807, 0x3807, 0x3807, 0x3807, 0x3807, 0x3807, 
  0x3807, 0x3807, 0x3807, 0x3807, 0x3807, 0x3807, 0x3807, 0x3807, 0x3807, 0x3807, 0x3807, 0x3807, 
  0x3807, 0x3807, 0x3807, 0x3807, 0x3807, 0x3807, 0x3807, 0x3807, 0x3807, 0x3807, 0x3807, 0x3807, 
  0x3807, 0x3807, 0x3807, 0x3807, 0x3807, 0x3807, 0x3807, 0x3807, 0x3807, 0x3807, 0x3807, 0x3807, 
  0x3807, 0x3807, 0x3807, 0x3807, 0x3807, 0x3807, 0x3807, 0x3807, 0x3807, 0x3807, 0x3807, 0x3807, 
  0x3807, 0x3807, 0x3807, 0x3807, 0x3807, 0x3807, 0x3807, 0x4007, 0x3807, 0x3807, 0x3807, 0x3807, 
  0x3807, 0x3807, 0x3807, 0x3807, 0x4869, 0x5069, 0x4869, 0x2065, 0x1864, 0x2085, 0x2085, 0x2085, 
  0x2085, 0x2085, 0x2085, 0x6ace, 0x49a9, 0x28c6, 0x28c6, 0x28c6, 0x28c6, 0x28c6, 0x3807, 0x3807, 
  0x3807, 0x3807, 0x3807, 0x3807, 0x3807, 0x3807, 0x3807, 0x3807, 0x3807, 0x3807, 0x3807, 0x3807, 
  0x3807, 0x3807, 0x3807, 0x3807, 0x3807, 0x3807, 0x3807, 0x3807, 0x3807, 0x3807, 0x3807, 0x3807, 
  0x3807, 0x3807, 0x3807, 0x3807, 0x3807, 0x3807, 0x3807, 0x3807, 0x3807, 0x3807, 0x3807, 0x3807, 
  0x3807, 0x3807, 0x3807, 0x3807, 0x3807, 0x3807, 0x3807, 0x3807, 0x3807, 0x3807, 0x3807, 0x3807, 
  0x3807, 0x3807, 0x3807, 0x3807, 0x3807, 0x3807, 0x3807, 0x3807, 0x3807, 0x3807, 0x3807, 0x3807, 
  0x3807, 0x3807, 0x3807, 0x3807, 0x3807, 0x3807, 0x3807, 0x3807, 0x3807, 0x4828, 0x4028, 0x3827, 
  0x1803, 0x1002, 0x1003, 0x3807, 0x3807, 0x3807, 0x3807, 0x3807, 0x3807, 0x3807, 0x3807, 0x3807, 
  0x3807, 0x3807, 0x3807, 0x3807, 0x3807, 0x3807, 0x3807, 0x3807, 0x3807, 0x3807, 0x3807, 0x3807, 
  0x3807, 0x3807, 0x3807, 0x3807, 0x3807, 0x3807, 0x3807, 0x3807, 0x3807, 0x3807, 0x3807, 0x3807, 
  0x3807, 0x3807, 0x3807, 0x3807, 0x3807, 0x3807, 0x3807, 0x3807, 0x3807, 0x3807, 0x3807, 0x3807, 
  0x3807, 0x3807, 0x3807, 0x3807, 0x3807, 0x3807, 0x3807, 0x3807, 0x3807, 0x3807, 0x3807, 0x3807, 
  0x3807, 0x3807, 0x3807, 0x3807, 0x3807, 0x3807, 0x3807, 0x3807, 0x3807, 0x3807, 0x3807, 0x3807, 
  0x3807, 0x3807, 0x4829, 0x4829, 0x4028, 0x1824, 0x1023, 0x1824, 0x3807, 0x3807, 0x3807, 0x3807, 
  0x3807, 0x3807, 0x3807, 0x3807, 0x3807, 0x3807, 0x3807, 0x3807, 0x3807, 0x3807, 0x3807, 0x3807, 
  0x3807, 0x3807, 0x3807, 0x3807, 0x3807, 0x3807, 0x3807, 0x3807, 0x3807, 0x3807, 0x3807, 0x3807, 
  0x3807, 0x3807, 0x3807, 0x3807, 0x3807, 0x3807, 0x3807, 0x3807, 0x3807, 0x3807, 0x3807, 0x3807, 
  0x3807, 0x3807, 0x3807, 0x3807, 0x3807, 0x3807, 0x3807, 0x3807, 0x3807, 0x3807, 0x3807, 0x3807, 
  0x3807, 0x3807, 0x3807, 0x3807, 0x3807, 0x3807, 0x3807, 0x3807, 0x3807, 0x3807, 0x3807, 0x3807, 
  0x3807, 0x3807, 0x3807, 0x3807, 0x3807, 0x3807, 0x3807, 0x506a, 0x506a, 0x4868, 0x2865, 0x1864, 
  0x2885, 0x3807, 0x3807, 0x3807, 0x3807, 0x3807, 0x3807, 0x3807, 0x3807, 0x3807, 0x3807, 0x3807, 
  0x3807, 0x3807, 0x3807, 0x3807, 0x3807, 0x3807, 0x3807, 0x3807, 0x3807, 0x3807, 0x3807, 0x3807, 
  0x3807, 0x3807, 0x3807, 0x3807, 0x3807, 0x3807, 0x3807, 0x3807, 0x3807, 0x3807, 0x3807, 0x3807, 
  0x3807, 0x3807, 0x3807, 0x3807, 0x3807, 0x3807, 0x3807, 0x3807, 0x3807, 0x3807, 0x3807, 0x3807, 
  0x3807, 0x3807, 0x3807, 0x3807, 0x3807, 0x3807, 0x3807, 0x3807, 0x3807, 0x3807, 0x3807, 0x3807, 
  0x3807, 0x3807, 0x3807, 0x3807, 0x3807, 0x3807, 0x3807, 0x3807, 0x3807, 0x3807, 0x3807, 0x3807, 
  0x5069, 0x506a, 0x4868, 0x2065, 0x1864, 0x2085, 0x2085, 0x2085, 0x2085, 0x2085, 0x2085, 0x6ace, 
  0x4989, 0x28c6, 0x28c6, 0x28c6, 0x28c6, 0x28c6, 0x3807, 0x3807, 0x3807, 0x3807, 0x3807, 0x3807, 
  0x3807, 0x3807, 0x3807, 0x3807, 0x3807, 0x3807, 0x3807, 0x3807, 0x3807, 0x3807, 0x3807, 0x3807, 
  0x3807, 0x3807, 0x3807, 0x3807, 0x3807, 0x3807, 0x3807, 0x3807, 0x3807, 0x3807, 0x3807, 0x3807, 
  0x3807, 0x3807, 0x3807, 0x3807, 0x3807, 0x3807, 0x3807, 0x3807, 0x3807, 0x3807, 0x3807, 0x3807, 
  0x3807, 0x3807, 0x3807, 0x3807, 0x3807, 0x3807, 0x3807, 0x3807, 0x3807, 0x3807, 0x3807, 0x3807, 
  0x3807, 0x3807, 0x3807, 0x3807, 0x3807, 0x3807, 0x3807, 0x3807, 0x3807, 0x3807, 0x3807, 0x3807, 
  0x3807, 0x3807, 0x3807, 0x3807, 0x3807, 0x4828, 0x4828, 0x3827, 0x1803, 0x1002, 0x1003, 0x3807, 
  0x3807, 0x3807, 0x3807, 0x3807, 0x3807, 0x3807, 0x3807, 0x3807, 0x3807, 0x3807, 0x3807, 0x3807, 
  0x3807, 0x3807, 0x3807, 0x3807, 0x3807, 0x3807, 0x3807, 0x3807, 0x3807, 0x3807, 0x3807, 0x3807, 
  0x3807, 0x3807, 0x3807, 0x3807, 0x3807, 0x3807, 0x3807, 0x3807, 0x3807, 0x3807, 0x3807, 0x3807, 
  0x3807, 0x3807, 0x3807, 0x3807, 0x3807, 0x3807, 0x3807, 0x3807, 0x3807, 0x3807, 0x3807, 0x3807, 
  0x3807, 0x3807, 0x3807, 0x3807, 0x3807, 0x3807, 0x3807, 0x3807, 0x3807, 0x3807, 0x3807, 0x3807, 
  0x3807, 0x3807, 0x3807, 0x3807, 0x3807, 0x3807, 0x3807, 0x3807, 0x3807, 0x3807, 0x4829, 0x4829, 
  0x4027, 0x1824, 0x1023, 0x1824, 0x3807, 0x3807, 0x3807, 0x3807, 0x3807, 0x3807, 0x3807, 0x3807, 
  0x3807, 0x3807, 0x3807, 0x3807, 0x3807, 0x3807, 0x3807, 0x3807, 0x3807, 0x3807, 0x3807, 0x3807, 
  0x3807, 0x3807, 0x3807, 0x3807, 0x3807, 0x3807, 0x3807, 0x3807, 0x3807, 0x3807, 0x3807, 0x3807, 
  0x3807, 0x3807, 0x3807, 0x3807, 0x3807, 0x3807, 0x3807, 0x3807, 0x3807, 0x3807, 0x3807, 0x3807, 
  0x3807, 0x3807, 0x3807, 0x3807, 0x3807, 0x3807, 0x3807, 0x3807, 0x3807, 0x3807, 0x3807, 0x3807, 
  0x3807, 0x3807, 0x3807, 0x3807, 0x3807, 0x3807, 0x3807, 0x3807, 0x3807, 0x3807, 0x3807, 0x3807, 
  0x3807, 0x3807, 0x3807, 0x506a, 0x506a, 0x4868, 0x2064, 0x1864, 0x2885, 0x3807, 0x3807, 0x3807, 
  0x3807, 0x3807, 0x3807, 0x3807, 0x3807, 0x3807, 0x3807, 0x3807, 0x3807, 0x3807, 0x3807, 0x3807, 
  0x3807, 0x3807, 0x3807, 0x3807, 0x3807, 0x3807, 0x3807, 0x3807, 0x3807, 0x3807, 0x3807, 0x3807, 
  0x3807, 0x3807, 0x3807, 0x3807, 0x3807, 0x3807, 0x3807, 0x3807, 0x3807, 0x3807, 0x3807, 0x3807, 
  0x3807, 0x3807, 0x3807, 0x3807, 0x3807, 0x3807, 0x3807, 0x3807, 0x3807, 0x3807, 0x3807, 0x3807, 
  0x3807, 0x3807, 0x3807, 0x3807, 0x3807, 0x3807, 0x3807, 0x3807, 0x3807, 0x3807, 0x3807, 0x3807, 
  0x3807, 0x3807, 0x3807, 0x3807, 0x3807, 0x3807, 0x3807, 0x3807, 0x5069, 0x506a, 0x4869, 0x2065, 
  0x1864, 0x28a5, 0x28a5, 0x28a5, 0x28a5, 0x28a5, 0x28a5, 0x6ace, 0x4189, 0x28c6, 0x28c6, 0x28c6, 
  0x28c6, 0x28c6, 0x3826, 0x3806, 0x3807, 0x3807, 0x3807, 0x3807, 0x3807, 0x3807, 0x3807, 0x3807, 
  0x3807, 0x3807, 0x3807, 0x3807, 0x3807, 0x3806, 0x3807, 0x3807, 0x3807, 0x3807, 0x3807, 0x3807, 
  0x3807, 0x3806, 0x3807, 0x3807, 0x3807, 0x3807, 0x3807, 0x3807, 0x3807, 0x3806, 0x3807, 0x3807, 
  0x3807, 0x3807, 0x3806, 0x3807, 0x3806, 0x3807, 0x3807, 0x3807, 0x3807, 0x3807, 0x3807, 0x3807, 
  0x3807, 0x3807, 0x3806, 0x3807, 0x3806, 0x3807, 0x3807, 0x3807, 0x3807, 0x3807, 0x3807, 0x3807, 
  0x3807, 0x3807, 0x3806, 0x3807, 0x3807, 0x3806, 0x3807, 0x3807, 0x3807, 0x3806, 0x3807, 0x3806, 
  0x4007, 0x4828, 0x4828, 0x3827, 0x1803, 0x1002, 0x1003, 0x3006, 0x3807, 0x3807, 0x3807, 0x3807, 
  0x3807, 0x3807, 0x3807, 0x3807, 0x3807, 0x3807, 0x3807, 0x3807, 0x3807, 0x3807, 0x3807, 0x3807, 
  0x3807, 0x3807, 0x3807, 0x3807, 0x3807, 0x3807, 0x3807, 0x3807, 0x3807, 0x3807, 0x3807, 0x3807, 
  0x3807, 0x3806, 0x3807, 0x3807, 0x3807, 0x3807, 0x3807, 0x3807, 0x3807, 0x3807, 0x3807, 0x3807, 
  0x3807, 0x3807, 0x3807, 0x3807, 0x3807, 0x3807, 0x3807, 0x3807, 0x3807, 0x3807, 0x3807, 0x3807, 
  0x3807, 0x3807, 0x3807, 0x3807, 0x3807, 0x3807, 0x3807, 0x3807, 0x3807, 0x3807, 0x3806, 0x3807, 
  0x3807, 0x3807, 0x3807, 0x3807, 0x3806, 0x4007, 0x4849, 0x4849, 0x4028, 0x1824, 0x1023, 0x1824, 
  0x3006, 0x3807, 0x3807, 0x3807, 0x3806, 0x3807, 0x3807, 0x3807, 0x3807, 0x3807, 0x3807, 0x3807, 
  0x3807, 0x3806, 0x3807, 0x3807, 0x3807, 0x3807, 0x3807, 0x3807, 0x3807, 0x3807, 0x3807, 0x3807, 
  0x3806, 0x3807, 0x3807, 0x3807, 0x3807, 0x3807, 0x3807, 0x3807, 0x3807, 0x3807, 0x3806, 0x3807, 
  0x3807, 0x3807, 0x3807, 0x3807, 0x3807, 0x3807, 0x3807, 0x3807, 0x3807, 0x3807, 0x3806, 0x3807, 
  0x3807, 0x3807, 0x3807, 0x3807, 0x3807, 0x3807, 0x3807, 0x3807, 0x3807, 0x3807, 0x3807, 0x3807, 
  0x3807, 0x3807, 0x3807, 0x3807, 0x3807, 0x3807, 0x3807, 0x3807, 0x3807, 0x3806, 0x4027, 0x506a, 
  0x506a, 0x4868, 0x2065, 0x1864, 0x2885, 0x3026, 0x3807, 0x3807, 0x3807, 0x3807, 0x3807, 0x3807, 
  0x3807, 0x3807, 0x3807, 0x3807, 0x3807, 0x3807, 0x3806, 0x3807, 0x3807, 0x3807, 0x3807, 0x3807, 
  0x3807, 0x3807, 0x3807, 0x3806, 0x3807, 0x3807, 0x3807, 0x3806, 0x3807, 0x3807, 0x3807, 0x3807, 
  0x3807, 0x3807, 0x3807, 0x3807, 0x3807, 0x3807, 0x3807, 0x3807, 0x3807, 0x3806, 0x3807, 0x3807, 
  0x3807, 0x3807, 0x3807, 0x3807, 0x3807, 0x3806, 0x3807, 0x3807, 0x3807, 0x3807, 0x3807, 0x3807, 
  0x3807, 0x3806, 0x3807, 0x3807, 0x3807, 0x3807, 0x3806, 0x3807, 0x3806, 0x3807, 0x3807, 0x3807, 
  0x3807, 0x3807, 0x3807, 0x4027, 0x506a, 0x506a, 0x4869, 0x2865, 0x1864, 0x28a5, 0x28a5, 0x28a5, 
  0x28a5, 0x28a5, 0x28a5, 0x72ee, 0x4189, 0x28c6, 0x28c6, 0x28c6, 0x28c6, 0x28c6, 0x3066, 0x3807, 
  0x3806, 0x3807, 0x3807, 0x3807, 0x3806, 0x3806, 0x3807, 0x3806, 0x3807, 0x3806, 0x3806, 0x3806, 
  0x3806, 0x3807, 0x3807, 0x3806, 0x3806, 0x3806, 0x3806, 0x3806, 0x3807, 0x3806, 0x3807, 0x3806, 
  0x3807, 0x3806, 0x3807, 0x3806, 0x3806, 0x3807, 0x3807, 0x3807, 0x3807, 0x3807, 0x3806, 0x3806, 
  0x3807, 0x3806, 0x3807, 0x3807, 0x3807, 0x3807, 0x3807, 0x3807, 0x3807, 0x3807, 0x3806, 0x3807, 
  0x3806, 0x3806, 0x3806, 0x3807, 0x3807, 0x3807, 0x3806, 0x3807, 0x3807, 0x3806, 0x3806, 0x3807, 
  0x3806, 0x3807, 0x3806, 0x3806, 0x3807, 0x3807, 0x3807, 0x3806, 0x4008, 0x4828, 0x4828, 0x3827, 
  0x1803, 0x1002, 0x1003, 0x2005, 0x3806, 0x3806, 0x3806, 0x3806, 0x3807, 0x3807, 0x3806, 0x3806, 
  0x3806, 0x3806, 0x3806, 0x3807, 0x3806, 0x3806, 0x3806, 0x3806, 0x3806, 0x3806, 0x3806, 0x3807, 
  0x3807, 0x3806, 0x3806, 0x3807, 0x3807, 0x3807, 0x3806, 0x3807, 0x3807, 0x3807, 0x3807, 0x3807, 
  0x3807, 0x3807, 0x3807, 0x3807, 0x3806, 0x3807, 0x3807, 0x3806, 0x3807, 0x3807, 0x3806, 0x3806, 
  0x3807, 0x3807, 0x3807, 0x3806, 0x3807, 0x3807, 0x3807, 0x3807, 0x3807, 0x3807, 0x3807, 0x3807, 
  0x3806, 0x3806, 0x3807, 0x3806, 0x3807, 0x3806, 0x3806, 0x3807, 0x3807, 0x3806, 0x3806, 0x3807, 
  0x3806, 0x4028, 0x4829, 0x4829, 0x4028, 0x1824, 0x1023, 0x1824, 0x2825, 0x3806, 0x3807, 0x3806, 
  0x3806, 0x3806, 0x3807, 0x3806, 0x3806, 0x3807, 0x3806, 0x3806, 0x3806, 0x3807, 0x3806, 0x3807, 
  0x3807, 0x3806, 0x3807, 0x3807, 0x3806, 0x3807, 0x3806, 0x3806, 0x3806, 0x3807, 0x3807, 0x3806, 
  0x3806, 0x3806, 0x3807, 0x3807, 0x3806, 0x3806, 0x3806, 0x3806, 0x3806, 0x3806, 0x3806, 0x3806, 
  0x3806, 0x3806, 0x3807, 0x3806, 0x3807, 0x3807, 0x3807, 0x3806, 0x3807, 0x3806, 0x3807, 0x3807, 
  0x3806, 0x3807, 0x3806, 0x3807, 0x3807, 0x3806, 0x3807, 0x3807, 0x3807, 0x3806, 0x3806, 0x3806, 
  0x3806, 0x3807, 0x3807, 0x3806, 0x3806, 0x3807, 0x4848, 0x5069, 0x5069, 0x4868, 0x2064, 0x1864, 
  0x2885, 0x3046, 0x3806, 0x3807, 0x3807, 0x3806, 0x3807, 0x3806, 0x3806, 0x3807, 0x3806, 0x3807, 
  0x3806, 0x3806, 0x3806, 0x3807, 0x3806, 0x3807, 0x3806, 0x3806, 0x3807, 0x3807, 0x3807, 0x3806, 
  0x3806, 0x3806, 0x3806, 0x3807, 0x3806, 0x3807, 0x3807, 0x3807, 0x3806, 0x3806, 0x3807, 0x3806, 
  0x3807, 0x3806, 0x3806, 0x3806, 0x3806, 0x3807, 0x3807, 0x3806, 0x3806, 0x3806, 0x3806, 0x3806, 
  0x3807, 0x3806, 0x3807, 0x3806, 0x3807, 0x3806, 0x3807, 0x3806, 0x3806, 0x3807, 0x3807, 0x3807, 
  0x3807, 0x3807, 0x3806, 0x3806, 0x3807, 0x3806, 0x3807, 0x3807, 0x3806, 0x3806, 0x3806, 0x4848, 
  0x506a, 0x506a, 0x4869, 0x2885, 0x1884, 0x28a5, 0x28a5, 0x28a5, 0x28a5, 0x28a5, 0x28a5, 0x730f, 
  0x4168, 0x28c6, 0x28c6, 0x28c6, 0x28c6, 0x28c6, 0x28c6, 0x3826, 0x3806, 0x3806, 0x3806, 0x3806, 
  0x3806, 0x3806, 0x3807, 0x3807, 0x3806, 0x3806, 0x3806, 0x3806, 0x3806, 0x3806, 0x3806, 0x3806, 
  0x3806, 0x3806, 0x3806, 0x3806, 0x3806, 0x3806, 0x3806, 0x3807, 0x3806, 0x3806, 0x3806, 0x3806, 
  0x3806, 0x3806, 0x3807, 0x3806, 0x3806, 0x3806, 0x3806, 0x3807, 0x3806, 0x3806, 0x3806, 0x3806, 
  0x3806, 0x3806, 0x3806, 0x3807, 0x3806, 0x3806, 0x3806, 0x3806, 0x3806, 0x3807, 0x3806, 0x3806, 
  0x3806, 0x3806, 0x3806, 0x3806, 0x3807, 0x3806, 0x3806, 0x3806, 0x3806, 0x3806, 0x3806, 0x3806, 
  0x3806, 0x3806, 0x3806, 0x3807, 0x4828, 0x4828, 0x4828, 0x3827, 0x1803, 0x1002, 0x1003, 0x1003, 
  0x3006, 0x3806, 0x3806, 0x3806, 0x3806, 0x3806, 0x3806, 0x3806, 0x3806, 0x3807, 0x3806, 0x3806, 
  0x3806, 0x3806, 0x3806, 0x3806, 0x3806, 0x3806, 0x3806, 0x3806, 0x3806, 0x3806, 0x3806, 0x3806, 
  0x3806, 0x3806, 0x3806, 0x3806, 0x3806, 0x3806, 0x3806, 0x3806, 0x3806, 0x3806, 0x3806, 0x3806, 
  0x3806, 0x3806, 0x3806, 0x3806, 0x3806, 0x3806, 0x3806, 0x3806, 0x3806, 0x3807, 0x3806, 0x3806, 
  0x3806, 0x3807, 0x3806, 0x3806, 0x3806, 0x3806, 0x3806, 0x3806, 0x3806, 0x3806, 0x3806, 0x3806, 
  0x3806, 0x3807, 0x3806, 0x3806, 0x3806, 0x3806, 0x3806, 0x3806, 0x3807, 0x4829, 0x4829, 0x4829, 
  0x4027, 0x1824, 0x1023, 0x1824, 0x1824, 0x3006, 0x3806, 0x3806, 0x3806, 0x3806, 0x3806, 0x3807, 
  0x3806, 0x3806, 0x3806, 0x3806, 0x3806, 0x3806, 0x3806, 0x3806, 0x3806, 0x3806, 0x3806, 0x3806, 
  0x3806, 0x3806, 0x3806, 0x3806, 0x3806, 0x3806, 0x3806, 0x3806, 0x3806, 0x3806, 0x3806, 0x3806, 
  0x3806, 0x3806, 0x3806, 0x3806, 0x3806, 0x3806, 0x3806, 0x3806, 0x3806, 0x3806, 0x3806, 0x3806, 
  0x3806, 0x3806, 0x3806, 0x3806, 0x3806, 0x3806, 0x3807, 0x3806, 0x3806, 0x3806, 0x3806, 0x3806, 
  0x3806, 0x3806, 0x3806, 0x3806, 0x3806, 0x3806, 0x3806, 0x3806, 0x3806, 0x3806, 0x3806, 0x3806, 
  0x3806, 0x3807, 0x5069, 0x5069, 0x5069, 0x4068, 0x2064, 0x1864, 0x2885, 0x2885, 0x3826, 0x3806, 
  0x3806, 0x3806, 0x3806, 0x3806, 0x3806, 0x3806, 0x3806, 0x3806, 0x3806, 0x3806, 0x3807, 0x3806, 
  0x3806, 0x3806, 0x3807, 0x3806, 0x3806, 0x3806, 0x3806, 0x3806, 0x3806, 0x3806, 0x3806, 0x3806, 
  0x3806, 0x3806, 0x3806, 0x3806, 0x3806, 0x3806, 0x3807, 0x3807, 0x3806, 0x3806, 0x3806, 0x3806, 
  0x3806, 0x3806, 0x3806, 0x3806, 0x3806, 0x3806, 0x3806, 0x3806, 0x3806, 0x3806, 0x3806, 0x3807, 
  0x3806, 0x3806, 0x3806, 0x3806, 0x3806, 0x3806, 0x3807, 0x3806, 0x3806, 0x3806, 0x3806, 0x3807, 
  0x3806, 0x3806, 0x3806, 0x3806, 0x3806, 0x3806, 0x3807, 0x508a, 0x506a, 0x506a, 0x4869, 0x2085, 
  0x1884, 0x28a5, 0x28a5, 0x28a5, 0x28a5, 0x28a5, 0x28a5, 0x7b2f, 0x4168, 0x28c6, 0x28c6, 0x28c6, 
  0x28c6, 0x28c6, 0x28c6, 0x30a6, 0x3826, 0x3806, 0x3806, 0x3806, 0x3806, 0x3806, 0x3806, 0x3806, 
  0x3806, 0x3806, 0x3806, 0x3806, 0x3806, 0x3806, 0x3806, 0x3806, 0x3806, 0x3806, 0x3806, 0x3806, 
  0x3806, 0x3806, 0x3806, 0x3806, 0x3806, 0x3806, 0x3806, 0x3806, 0x3806, 0x3806, 0x3806, 0x3806, 
  0x3806, 0x3806, 0x3806, 0x3806, 0x3806, 0x3806, 0x3806, 0x3806, 0x3806, 0x3806, 0x3806, 0x3806, 
  0x3806, 0x3806, 0x3806, 0x3806, 0x3806, 0x3806, 0x3806, 0x3806, 0x3806, 0x3806, 0x3806, 0x3806, 
  0x3806, 0x3806, 0x3806, 0x3806, 0x3806, 0x3806, 0x3806, 0x3806, 0x3806, 0x3806, 0x3807, 0x4028, 
  0x4828, 0x4828, 0x4028, 0x3026, 0x1003, 0x1002, 0x1003, 0x1003, 0x1823, 0x3006, 0x3806, 0x3806, 
  0x3806, 0x3806, 0x3806, 0x3806, 0x3806, 0x3806, 0x3806, 0x3806, 0x3806, 0x3806, 0x3806, 0x3806, 
  0x3806, 0x3806, 0x3806, 0x3806, 0x3806, 0x3806, 0x3806, 0x3806, 0x3806, 0x3806, 0x3806, 0x3806, 
  0x3806, 0x3806, 0x3806, 0x3806, 0x3806, 0x3806, 0x3806, 0x3806, 0x3806, 0x3806, 0x3806, 0x3806, 
  0x3806, 0x3806, 0x3806, 0x3806, 0x3806, 0x3806, 0x3806, 0x3806, 0x3806, 0x3806, 0x3806, 0x3806, 
  0x3806, 0x3806, 0x3806, 0x3806, 0x3806, 0x3806, 0x3806, 0x3806, 0x3806, 0x3806, 0x3806, 0x3806, 
  0x3806, 0x3806, 0x3806, 0x3807, 0x4828, 0x4829, 0x4829, 0x4829, 0x3827, 0x1823, 0x1023, 0x1844, 
  0x1824, 0x2024, 0x3806, 0x3806, 0x3806, 0x3806, 0x3806, 0x3806, 0x3806, 0x3806, 0x3806, 0x3806, 
  0x3806, 0x3806, 0x3806, 0x3806, 0x3806, 0x3806, 0x3806, 0x3806, 0x3806, 0x3806, 0x3806, 0x3806, 
  0x3806, 0x3806, 0x3806, 0x3806, 0x3806, 0x3806, 0x3806, 0x3806, 0x3806, 0x3806, 0x3806, 0x3806, 
  0x3806, 0x3806, 0x3806, 0x3806, 0x3806, 0x3806, 0x3806, 0x3806, 0x3806, 0x3806, 0x3806, 0x3806, 
  0x3806, 0x3806, 0x3806, 0x3806, 0x3806, 0x3806, 0x3806, 0x3806, 0x3806, 0x3806, 0x3806, 0x3806, 
  0x3806, 0x3806, 0x3806, 0x3806, 0x3806, 0x3806, 0x3806, 0x3806, 0x4027, 0x4869, 0x5069, 0x5069, 
  0x5069, 0x4068, 0x2064, 0x1864, 0x2885, 0x2885, 0x2885, 0x3806, 0x3806, 0x3806, 0x3806, 0x3806, 
  0x3806, 0x3806, 0x3806, 0x3806, 0x3806, 0x3806, 0x3806, 0x3806, 0x3806, 0x3806, 0x3806, 0x3806, 
  0x3806, 0x3806, 0x3806, 0x3806, 0x3806, 0x3806, 0x3806, 0x3806, 0x3806, 0x3806, 0x3806, 0x3806, 
  0x3806, 0x3806, 0x3806, 0x3806, 0x3806, 0x3806, 0x3806, 0x3806, 0x3806, 0x3806, 0x3806, 0x3806, 
  0x3806, 0x3806, 0x3806, 0x3806, 0x3806, 0x3806, 0x3806, 0x3806, 0x3806, 0x3806, 0x3806, 0x3806, 
  0x3806, 0x3806, 0x3806, 0x3806, 0x3806, 0x3806, 0x3806, 0x3806, 0x3806, 0x3806, 0x3806, 0x3806, 
  0x3806, 0x4027, 0x4869, 0x506a, 0x508a, 0x506a, 0x4088, 0x2084, 0x1884, 0x28a5, 0x28a5, 0x28a5, 
  0x28a5, 0x28a5, 0x28a5, 0x8370, 0x3948, 0x28c6, 0x28c6, 0x28c6, 0x28c6, 0x28c6, 0x28c6, 0x28c6, 
  0x28c6, 0x3887, 0x4027, 0x3807, 0x3807, 0x4027, 0x4027, 0x4047, 0x4027, 0x4048, 0x4047, 0x4027, 
  0x4028, 0x4027, 0x4047, 0x4027, 0x4027, 0x4028, 0x4027, 0x4027, 0x4027, 0x4027, 0x4047, 0x4028, 
  0x4028, 0x4027, 0x4027, 0x4027, 0x4027, 0x4027, 0x4027, 0x4027, 0x4027, 0x4027, 0x4027, 0x4027, 
  0x4027, 0x4027, 0x4027, 0x4027, 0x4048, 0x4048, 0x4028, 0x4028, 0x4028, 0x4028, 0x4028, 0x4027, 
  0x4027, 0x4027, 0x4027, 0x4027, 0x4027, 0x4027, 0x4027, 0x4027, 0x4027, 0x4027, 0x4027, 0x4027, 
  0x4027, 0x4027, 0x3807, 0x3807, 0x3807, 0x4008, 0x4828, 0x4828, 0x4828, 0x4028, 0x4028, 0x2805, 
  0x1002, 0x1002, 0x1003, 0x1003, 0x1823, 0x1823, 0x3026, 0x3807, 0x3807, 0x3807, 0x4027, 0x4027, 
  0x4027, 0x4027, 0x4027, 0x4027, 0x4027, 0x4027, 0x4027, 0x4027, 0x4027, 0x4027, 0x4027, 0x4027, 
  0x4027, 0x4027, 0x4027, 0x4027, 0x4027, 0x4027, 0x4027, 0x4027, 0x4027, 0x4027, 0x4027, 0x4027, 
  0x4027, 0x4027, 0x4027, 0x4027, 0x4027, 0x4027, 0x4027, 0x4027, 0x4027, 0x4027, 0x4027, 0x4027, 
  0x4027, 0x4027, 0x4027, 0x4027, 0x4027, 0x4027, 0x4027, 0x4027, 0x4027, 0x4027, 0x4027, 0x4027, 
  0x4027, 0x4027, 0x4027, 0x4027, 0x4027, 0x4027, 0x4027, 0x3807, 0x3807, 0x3807, 0x4028, 0x4829, 
  0x4829, 0x4829, 0x4829, 0x4828, 0x2825, 0x1023, 0x1823, 0x1844, 0x1844, 0x1824, 0x2024, 0x3026, 
  0x3807, 0x3807, 0x3807, 0x4027, 0x4027, 0x4027, 0x4027, 0x4027, 0x4027, 0x4027, 0x4027, 0x4027, 
  0x4027, 0x4027, 0x4027, 0x4027, 0x4027, 0x4027, 0x4027, 0x4027, 0x4027, 0x4027, 0x4027, 0x4027, 
  0x4027, 0x4027, 0x4027, 0x4027, 0x4027, 0x4027, 0x4027, 0x4027, 0x4027, 0x4047, 0x4027, 0x4027, 
  0x4027, 0x4027, 0x4027, 0x4047, 0x4027, 0x4027, 0x4027, 0x4027, 0x4047, 0x4047, 0x4047, 0x4027, 
  0x4027, 0x4027, 0x4027, 0x4027, 0x4027, 0x4027, 0x4047, 0x4027, 0x4027, 0x4027, 0x4027, 0x4027, 
  0x3807, 0x3807, 0x4027, 0x4848, 0x506a, 0x506a, 0x5069, 0x5069, 0x4869, 0x3066, 0x1864, 0x2064, 
  0x2885, 0x2885, 0x2085, 0x2885, 0x3866, 0x4027, 0x3807, 0x3807, 0x4027, 0x4027, 0x4047, 0x4027, 
  0x4027, 0x4047, 0x4027, 0x4027, 0x4027, 0x4047, 0x4027, 0x4027, 0x4027, 0x4027, 0x4047, 0x4027, 
  0x4027, 0x4027, 0x4047, 0x4027, 0x4027, 0x4027, 0x4027, 0x4027, 0x4027, 0x4027, 0x4027, 0x4047, 
  0x4027, 0x4047, 0x4027, 0x4027, 0x4027, 0x4027, 0x4027, 0x4027, 0x4027, 0x4027, 0x4027, 0x4027, 
  0x4027, 0x4027, 0x4027, 0x4027, 0x4027, 0x4027, 0x4027, 0x4027, 0x4027, 0x4027, 0x4027, 0x4027, 
  0x4027, 0x4027, 0x4027, 0x4027, 0x4027, 0x3807, 0x3807, 0x4027, 0x4848, 0x506a, 0x506a, 0x508a, 
  0x508a, 0x4869, 0x3066, 0x2084, 0x2084, 0x28a5, 0x28a5, 0x28a5, 0x28a5, 0x28a5, 0x28a5, 0x8391, 
  0x3927, 0x28c6, 0x28c6, 0x28c6, 0x28c6, 0x28c6, 0x28c6, 0x28c6, 0x28c6, 0x30c6, 0x48c9, 0x50aa, 
  0x508a, 0x508a, 0x508a, 0x508a, 0x508a, 0x508a, 0x508a, 0x508a, 0x508a, 0x508a, 0x508a, 0x508a, 
  0x508a, 0x508a, 0x50aa, 0x508a, 0x50aa, 0x58aa, 0x58aa, 0x508a, 0x50aa, 0x508a, 0x508a, 0x508a, 
  0x508a, 0x508a, 0x508a, 0x508a, 0x506a, 0x506a, 0x5069, 0x5069, 0x4849, 0x4849, 0x5049, 0x504a, 
  0x586b, 0x606c, 0x686d, 0x688e, 0x686e, 0x604c, 0x502b, 0x482a, 0x4809, 0x4828, 0x4008, 0x4028, 
  0x4028, 0x4028, 0x4028, 0x4828, 0x4828, 0x4828, 0x4828, 0x4828, 0x4828, 0x4828, 0x4828, 0x4828, 
  0x4828, 0x4828, 0x4828, 0x4828, 0x4828, 0x4028, 0x3006, 0x1803, 0x1002, 0x1003, 0x1003, 0x1003, 
  0x1823, 0x1823, 0x1824, 0x3827, 0x4829, 0x4828, 0x4828, 0x4828, 0x4828, 0x4828, 0x4828, 0x4828, 
  0x4828, 0x4828, 0x4828, 0x4828, 0x4828, 0x4828, 0x4828, 0x4828, 0x4828, 0x4828, 0x4828, 0x4828, 
  0x4828, 0x4828, 0x4828, 0x4828, 0x4828, 0x4828, 0x4828, 0x4828, 0x4828, 0x4828, 0x4828, 0x4828, 
  0x4828, 0x4829, 0x4829, 0x4829, 0x4829, 0x4829, 0x4829, 0x4828, 0x4829, 0x4829, 0x4829, 0x4829, 
  0x4829, 0x4829, 0x4829, 0x4829, 0x4828, 0x4829, 0x4829, 0x4829, 0x4829, 0x4829, 0x4829, 0x4828, 
  0x4829, 0x4829, 0x4829, 0x4829, 0x4829, 0x4829, 0x4829, 0x4829, 0x4829, 0x4829, 0x4829, 0x3827, 
  0x1823, 0x1023, 0x1823, 0x1844, 0x1844, 0x1824, 0x1824, 0x2024, 0x4048, 0x4849, 0x4829, 0x4829, 
  0x4829, 0x4829, 0x4829, 0x4829, 0x4829, 0x4829, 0x4829, 0x4829, 0x4849, 0x4849, 0x4829, 0x4829, 
  0x4829, 0x4829, 0x4849, 0x4829, 0x4829, 0x4829, 0x4829, 0x4829, 0x4829, 0x4829, 0x4829, 0x4829, 
  0x4829, 0x4829, 0x4849, 0x4849, 0x5069, 0x506a, 0x508a, 0x508a, 0x508a, 0x508a, 0x508a, 0x508a, 
  0x508a, 0x508a, 0x508a, 0x508a, 0x508a, 0x508a, 0x508a, 0x508a, 0x508a, 0x506a, 0x506a, 0x506a, 
  0x506a, 0x506a, 0x506a, 0x506a, 0x506a, 0x506a, 0x508a, 0x506a, 0x506a, 0x506a, 0x508a, 0x506a, 
  0x506a, 0x5069, 0x5069, 0x5069, 0x4068, 0x2064, 0x1864, 0x2084, 0x2085, 0x2085, 0x2085, 0x2085, 
  0x2886, 0x4088, 0x506a, 0x5069, 0x5069, 0x5069, 0x4869, 0x5069, 0x5069, 0x4869, 0x5069, 0x5069, 
  0x5069, 0x5069, 0x5069, 0x5069, 0x5069, 0x5069, 0x5069, 0x5069, 0x5049, 0x506a, 0x5069, 0x5069, 
  0x5069, 0x5069, 0x5069, 0x5069, 0x5069, 0x5049, 0x5049, 0x5049, 0x5049, 0x5049, 0x5049, 0x5049, 
  0x5049, 0x5049, 0x5049, 0x5049, 0x5049, 0x4849, 0x4849, 0x4849, 0x4849, 0x4849, 0x4849, 0x4849, 
  0x4849, 0x4849, 0x4829, 0x4828, 0x4828, 0x4828, 0x4828, 0x4828, 0x4828, 0x4828, 0x4828, 0x4829, 
  0x4849, 0x4849, 0x4869, 0x5069, 0x506a, 0x508a, 0x508a, 0x508a, 0x5089, 0x3888, 0x2084, 0x1884, 
  0x20a5, 0x28a5, 0x28a5, 0x28a5, 0x28a5, 0x28a5, 0x28a5, 0x8bd2, 0x3107, 0x28c6, 0x28c6, 0x28c6, 
  0x28c6, 0x28c6, 0x28c6, 0x28c6, 0x28c6, 0x28c6, 0x30c7, 0x48a9, 0x50aa, 0x508a, 0x508a, 0x508a, 
  0x508a, 0x508a, 0x508a, 0x508a, 0x508a, 0x508a, 0x508a, 0x508a, 0x508a, 0x508a, 0x50aa, 0x50aa, 
  0x50aa, 0x58aa, 0x58aa, 0x58aa, 0x508a, 0x508a, 0x508a, 0x508a, 0x508a, 0x508a, 0x508a, 0x508a, 
  0x506a, 0x506a, 0x5069, 0x5049, 0x4849, 0x4849, 0x5049, 0x504a, 0x586b, 0x606c, 0x606d, 0x686e, 
  0x606d, 0x604c, 0x502b, 0x482a, 0x4829, 0x4828, 0x4828, 0x4028, 0x4028, 0x4028, 0x4028, 0x4828, 
  0x4028, 0x4828, 0x4828, 0x4828, 0x4828, 0x4828, 0x4828, 0x4808, 0x4828, 0x4828, 0x4028, 0x4028, 
  0x4028, 0x3026, 0x1803, 0x1002, 0x1002, 0x1003, 0x1003, 0x1003, 0x1823, 0x1823, 0x1823, 0x2024, 
  0x3827, 0x4028, 0x4828, 0x4828, 0x4828, 0x4828, 0x4828, 0x4828, 0x4828, 0x4828, 0x4828, 0x4828, 
  0x4828, 0x4828, 0x4828, 0x4828, 0x4828, 0x4828, 0x4828, 0x4828, 0x4828, 0x4828, 0x4828, 0x4828, 
  0x4828, 0x4828, 0x4828, 0x4828, 0x4828, 0x4828, 0x4828, 0x4828, 0x4828, 0x4829, 0x4829, 0x4828, 
  0x4829, 0x4829, 0x4829, 0x4828, 0x4829, 0x4829, 0x4828, 0x4829, 0x4829, 0x4829, 0x4829, 0x4829, 
  0x4829, 0x4829, 0x4829, 0x4829, 0x4829, 0x4829, 0x4829, 0x4829, 0x4829, 0x4829, 0x4829, 0x4829, 
  0x4829, 0x4829, 0x4829, 0x4829, 0x4829, 0x4828, 0x3827, 0x2024, 0x1023, 0x1023, 0x1844, 0x1844, 
  0x1844, 0x1824, 0x1824, 0x1824, 0x2825, 0x4028, 0x4848, 0x4829, 0x4829, 0x4829, 0x4829, 0x4829, 
  0x4829, 0x4829, 0x4829, 0x4849, 0x4849, 0x4829, 0x4829, 0x4829, 0x4829, 0x4829, 0x4829, 0x4829, 
  0x4829, 0x4829, 0x4829, 0x4849, 0x4829, 0x4829, 0x4829, 0x4829, 0x4829, 0x4829, 0x4849, 0x4849, 
  0x5049, 0x506a, 0x508a, 0x508a, 0x508a, 0x508a, 0x508a, 0x508a, 0x508a, 0x508a, 0x508a, 0x508a, 
  0x508a, 0x508a, 0x508a, 0x508a, 0x508a, 0x506a, 0x506a, 0x506a, 0x506a, 0x506a, 0x506a, 0x506a, 
  0x506a, 0x506a, 0x506a, 0x506a, 0x506a, 0x506a, 0x506a, 0x506a, 0x506a, 0x5069, 0x4869, 0x4067, 
  0x2865, 0x1864, 0x1864, 0x2885, 0x2085, 0x2085, 0x2085, 0x2085, 0x2085, 0x3086, 0x4889, 0x4869, 
  0x5069, 0x5069, 0x5069, 0x5069, 0x4869, 0x5069, 0x5069, 0x5069, 0x5069, 0x5069, 0x5069, 0x5069, 
  0x5069, 0x5069, 0x5069, 0x5069, 0x5069, 0x5069, 0x5069, 0x506a, 0x5069, 0x5069, 0x5069, 0x5049, 
  0x5069, 0x5049, 0x5049, 0x5049, 0x5049, 0x5049, 0x5049, 0x5049, 0x5049, 0x5049, 0x5049, 0x4849, 
  0x4849, 0x5049, 0x4849, 0x4849, 0x4849, 0x4849, 0x4849, 0x4849, 0x4849, 0x4849, 0x4829, 0x4828, 
  0x4828, 0x4828, 0x4028, 0x4828, 0x4028, 0x4828, 0x4828, 0x4829, 0x4849, 0x4849, 0x4869, 0x506a, 
  0x508a, 0x508a, 0x508a, 0x4889, 0x4088, 0x2885, 0x1884, 0x2084, 0x28a5, 0x28a5, 0x28a5, 0x28a5, 
  0x28a5, 0x28a5, 0x28a5, 0x9413, 0x30e6, 0x28c6, 0x28c6, 0x28c6, 0x28c6, 0x28c6, 0x28c6, 0x28c6, 
  0x28c6, 0x28c6, 0x28c6, 0x30c6, 0x40c8, 0x4088, 0x4889, 0x4889, 0x4889, 0x4889, 0x4889, 0x4889, 
  0x4889, 0x48a9, 0x48a9, 0x48a9, 0x48a9, 0x48a9, 0x48a9, 0x48a9, 0x48a9, 0x48a9, 0x48a9, 0x48a9, 
  0x48a9, 0x48a9, 0x4889, 0x4889, 0x4889, 0x4889, 0x4889, 0x4889, 0x4868, 0x4868, 0x4068, 0x4048, 
  0x4048, 0x4048, 0x4048, 0x4849, 0x504a, 0x586b, 0x588c, 0x606d, 0x586d, 0x504b, 0x482a, 0x4029, 
  0x4008, 0x3807, 0x3827, 0x3807, 0x3807, 0x3807, 0x3807, 0x3827, 0x3827, 0x3827, 0x3827, 0x3827, 
  0x3827, 0x3827, 0x3827, 0x3827, 0x3827, 0x3827, 0x3827, 0x3026, 0x2805, 0x1803, 0x1002, 0x1002, 
  0x1003, 0x1003, 0x1003, 0x1003, 0x1823, 0x1823, 0x1823, 0x1823, 0x1824, 0x2825, 0x3026, 0x3827, 
  0x3827, 0x3827, 0x3827, 0x3827, 0x3827, 0x3827, 0x3827, 0x3827, 0x3827, 0x3827, 0x3827, 0x3827, 
  0x3827, 0x3827, 0x3827, 0x3827, 0x3827, 0x3827, 0x3827, 0x3827, 0x3827, 0x3827, 0x3827, 0x3827, 
  0x3827, 0x3827, 0x3827, 0x3827, 0x3827, 0x3827, 0x3827, 0x3827, 0x3827, 0x3827, 0x3827, 0x3827, 
  0x3827, 0x3827, 0x3827, 0x3827, 0x3827, 0x3827, 0x3827, 0x3827, 0x3827, 0x3827, 0x3827, 0x3827, 
  0x3827, 0x3827, 0x3827, 0x3827, 0x3827, 0x3827, 0x3827, 0x3827, 0x3827, 0x3827, 0x3827, 0x3827, 
  0x3827, 0x2825, 0x1823, 0x1023, 0x1823, 0x1843, 0x1844, 0x1844, 0x1844, 0x1824, 0x1824, 0x1824, 
  0x1824, 0x2044, 0x3046, 0x3827, 0x3827, 0x4027, 0x4047, 0x4027, 0x4027, 0x4027, 0x4027, 0x4027, 
  0x4047, 0x4027, 0x4027, 0x4027, 0x4027, 0x4027, 0x4027, 0x3827, 0x4027, 0x4027, 0x4027, 0x4027, 
  0x4027, 0x3827, 0x4027, 0x4027, 0x4027, 0x4027, 0x4027, 0x4048, 0x4068, 0x4868, 0x4889, 0x4889, 
  0x4889, 0x4889, 0x4889, 0x4888, 0x4888, 0x4888, 0x4888, 0x4889, 0x4888, 0x4888, 0x4889, 0x4888, 
  0x4888, 0x4868, 0x4868, 0x4868, 0x4868, 0x4068, 0x4068, 0x4088, 0x4068, 0x4068, 0x4088, 0x4068, 
  0x4068, 0x4068, 0x4068, 0x4068, 0x4068, 0x4067, 0x3066, 0x2064, 0x1864, 0x2064, 0x2085, 0x2885, 
  0x2085, 0x2085, 0x2085, 0x2085, 0x2085, 0x2085, 0x2885, 0x3887, 0x3867, 0x4068, 0x4068, 0x4068, 
  0x4068, 0x4068, 0x4068, 0x4068, 0x4068, 0x4068, 0x4068, 0x4068, 0x4048, 0x4068, 0x4048, 0x4068, 
  0x4048, 0x4068, 0x4068, 0x4068, 0x4068, 0x4068, 0x4048, 0x4068, 0x4068, 0x4048, 0x4048, 0x4048, 
  0x4048, 0x4048, 0x4048, 0x4048, 0x4048, 0x4048, 0x4048, 0x4048, 0x4048, 0x4048, 0x4048, 0x4048, 
  0x4048, 0x4048, 0x4048, 0x4048, 0x4048, 0x4047, 0x4027, 0x3827, 0x3827, 0x3827, 0x3827, 0x3827, 
  0x3827, 0x3827, 0x3827, 0x3827, 0x4047, 0x4048, 0x4068, 0x4068, 0x4068, 0x4088, 0x4088, 0x3086, 
  0x2085, 0x2084, 0x2084, 0x28a5, 0x28a5, 0x28a5, 0x28a5, 0x28a5, 0x28a5, 0x28a5, 0x28a5, 0x9c33, 
  0x28c6, 0x28c6, 0x28c6, 0x28c6, 0x28c6, 0x28c6, 0x28c6, 0x28c6, 0x28c6, 0x28c6, 0x28c6, 0x28c6, 
  0x30c6, 0x30c6, 0x30c6, 0x28a6, 0x28a5, 0x28a5, 0x28a5, 0x28a5, 0x28a5, 0x28a5, 0x28a5, 0x28a5, 
  0x28a5, 0x28a5, 0x28a5, 0x28a6, 0x28a6, 0x28c6, 0x30a6, 0x28a5, 0x28a5, 0x28a5, 0x28a5, 0x28a5, 
  0x2885, 0x2885, 0x2885, 0x2885, 0x2885, 0x2065, 0x2064, 0x2064, 0x2044, 0x2044, 0x2044, 0x2845, 
  0x3066, 0x3868, 0x4089, 0x408a, 0x406a, 0x3848, 0x2827, 0x2005, 0x1804, 0x1803, 0x1803, 0x1803, 
  0x1803, 0x1803, 0x1803, 0x1803, 0x1803, 0x1803, 0x1803, 0x1803, 0x1803, 0x1803, 0x1803, 0x1803, 
  0x1803, 0x1803, 0x1803, 0x1003, 0x1002, 0x1002, 0x1003, 0x1003, 0x1003, 0x1003, 0x1003, 0x1003, 
  0x1823, 0x1823, 0x1823, 0x1823, 0x1823, 0x1823, 0x1824, 0x1824, 0x1823, 0x1823, 0x1823, 0x1823, 
  0x1823, 0x1823, 0x1823, 0x1823, 0x1823, 0x1823, 0x1823, 0x1823, 0x1823, 0x1823, 0x1823, 0x1823, 
  0x1823, 0x1823, 0x1823, 0x1823, 0x1823, 0x1823, 0x1823, 0x1823, 0x1823, 0x1823, 0x1823, 0x1823, 
  0x1823, 0x1823, 0x1823, 0x1823, 0x1823, 0x1823, 0x1823, 0x1823, 0x1823, 0x1823, 0x1823, 0x1823, 
  0x1823, 0x1823, 0x1823, 0x1823, 0x1823, 0x1823, 0x1823, 0x1823, 0x1823, 0x1823, 0x1823, 0x1823, 
  0x1824, 0x1824, 0x1824, 0x1824, 0x1824, 0x1823, 0x1823, 0x1823, 0x1823, 0x1823, 0x1823, 0x1823, 
  0x1844, 0x1844, 0x1844, 0x1844, 0x1844, 0x1824, 0x1824, 0x1824, 0x1824, 0x1824, 0x1844, 0x2044, 
  0x2024, 0x2024, 0x1824, 0x2024, 0x2024, 0x1824, 0x1824, 0x1824, 0x1824, 0x1824, 0x1824, 0x1824, 
  0x1824, 0x1824, 0x1824, 0x1824, 0x1824, 0x1824, 0x1824, 0x1824, 0x1824, 0x1824, 0x1824, 0x1824, 
  0x1824, 0x1824, 0x1824, 0x2044, 0x2044, 0x2085, 0x2885, 0x28a5, 0x28a5, 0x2885, 0x2885, 0x2885, 
  0x2885, 0x2885, 0x2885, 0x2885, 0x2885, 0x2885, 0x2885, 0x2885, 0x2885, 0x2885, 0x2885, 0x2885, 
  0x2885, 0x2885, 0x2085, 0x2885, 0x2085, 0x2885, 0x2085, 0x2085, 0x2885, 0x2085, 0x2085, 0x2065, 
  0x2064, 0x2064, 0x2064, 0x2064, 0x2084, 0x2885, 0x2885, 0x2885, 0x2885, 0x2885, 0x2085, 0x2085, 
  0x2085, 0x2085, 0x2085, 0x2885, 0x2885, 0x2865, 0x2065, 0x2065, 0x2065, 0x2064, 0x2064, 0x2064, 
  0x2064, 0x2064, 0x2064, 0x2064, 0x2064, 0x2064, 0x2064, 0x2064, 0x2064, 0x2064, 0x2064, 0x2065, 
  0x2065, 0x2064, 0x2064, 0x2064, 0x2064, 0x2064, 0x2044, 0x2044, 0x2044, 0x2044, 0x2064, 0x2044, 
  0x2044, 0x2044, 0x2044, 0x2064, 0x2044, 0x2044, 0x2044, 0x2044, 0x2044, 0x2044, 0x2044, 0x2044, 
  0x2044, 0x1844, 0x1823, 0x1823, 0x1823, 0x1803, 0x1803, 0x1803, 0x1803, 0x1803, 0x1823, 0x1823, 
  0x1824, 0x2044, 0x2064, 0x2065, 0x2085, 0x2085, 0x2084, 0x2084, 0x2084, 0x20a5, 0x28a5, 0x28a5, 
  0x28a5, 0x28a5, 0x28a5, 0x28a5, 0x28a5, 0x28a5, 0x28a5, 0xa454, 0x28c6, 0x28c6, 0x28c6, 0x28c6, 
  0x28c6, 0x28c6, 0x28c6, 0x28c6, 0x28c6, 0x28c6, 0x28c6, 0x28c6, 0x28c6, 0x28c6, 0x28c6, 0x28c6, 
  0x28c6, 0x30c6, 0x30e6, 0x30e6, 0x30e6, 0x30e6, 0x30e6, 0x30e6, 0x30e6, 0x30e6, 0x30e6, 0x30e6, 
  0x30e6, 0x3107, 0x3107, 0x30e6, 0x30e6, 0x30e6, 0x30c6, 0x30c6, 0x30c6, 0x28c6, 0x28c6, 0x28a6, 
  0x28a5, 0x2885, 0x2085, 0x2085, 0x2064, 0x2064, 0x2045, 0x2866, 0x3888, 0x48aa, 0x50ac, 0x50ad, 
  0x488c, 0x406a, 0x2828, 0x2006, 0x1804, 0x1003, 0x1003, 0x1003, 0x1003, 0x1003, 0x1003, 0x1003, 
  0x1003, 0x1003, 0x1003, 0x1003, 0x1003, 0x1003, 0x1003, 0x1003, 0x1003, 0x1003, 0x1003, 0x1003, 
  0x1003, 0x1003, 0x1003, 0x1003, 0x1003, 0x1003, 0x1003, 0x1003, 0x1823, 0x1823, 0x1823, 0x1823, 
  0x1823, 0x1823, 0x1823, 0x1823, 0x1823, 0x1823, 0x1823, 0x1823, 0x1823, 0x1823, 0x1823, 0x1823, 
  0x1823, 0x1823, 0x1823, 0x1823, 0x1823, 0x1823, 0x1823, 0x1823, 0x1823, 0x1823, 0x1823, 0x1823, 
  0x1823, 0x1823, 0x1823, 0x1823, 0x1823, 0x1823, 0x1823, 0x1823, 0x1823, 0x1823, 0x1823, 0x1823, 
  0x1823, 0x1823, 0x1823, 0x1823, 0x1823, 0x1823, 0x1823, 0x1823, 0x1823, 0x1823, 0x1823, 0x1823, 
  0x1823, 0x1823, 0x1823, 0x1823, 0x1823, 0x1823, 0x1823, 0x1823, 0x1824, 0x1824, 0x1844, 0x1844, 
  0x1824, 0x1823, 0x1823, 0x1824, 0x1824, 0x1824, 0x1824, 0x1824, 0x1844, 0x1844, 0x1844, 0x1844, 
  0x1844, 0x1824, 0x1824, 0x1824, 0x1824, 0x1824, 0x1844, 0x1844, 0x1844, 0x1844, 0x1844, 0x1844, 
  0x1844, 0x1844, 0x1844, 0x1844, 0x1844, 0x1844, 0x1844, 0x1844, 0x1824, 0x1824, 0x1824, 0x1824, 
  0x1824, 0x1824, 0x1844, 0x1844, 0x1844, 0x1844, 0x1844, 0x1844, 0x1844, 0x1844, 0x2044, 0x2064, 
  0x2065, 0x28a5, 0x28c6, 0x30c6, 0x28c6, 0x28c6, 0x28c6, 0x28a5, 0x28a5, 0x28a5, 0x28a5, 0x28a5, 
  0x28a5, 0x28a5, 0x28a5, 0x28a5, 0x28a5, 0x28a5, 0x28a5, 0x28a5, 0x28a5, 0x28a5, 0x28a5, 0x28a5, 
  0x28a5, 0x28a5, 0x28a5, 0x28a5, 0x28a5, 0x28a5, 0x28a5, 0x28a5, 0x28a5, 0x2885, 0x2885, 0x2885, 
  0x2885, 0x2885, 0x2885, 0x2885, 0x2885, 0x2885, 0x2085, 0x2085, 0x2085, 0x2085, 0x2085, 0x2085, 
  0x2085, 0x2085, 0x2085, 0x2085, 0x2085, 0x2085, 0x2085, 0x2085, 0x2085, 0x2085, 0x2085, 0x2085, 
  0x2085, 0x2085, 0x2085, 0x2085, 0x2085, 0x2085, 0x2085, 0x2085, 0x2085, 0x2085, 0x2085, 0x2085, 
  0x2085, 0x2085, 0x2065, 0x2065, 0x2065, 0x2065, 0x2065, 0x2065, 0x2065, 0x2065, 0x2065, 0x2064, 
  0x2064, 0x2064, 0x2064, 0x2064, 0x2064, 0x2064, 0x2064, 0x2064, 0x2064, 0x2044, 0x1844, 0x1823, 
  0x1823, 0x1003, 0x1003, 0x1003, 0x1003, 0x1003, 0x1823, 0x1823, 0x1844, 0x1864, 0x2065, 0x2085, 
  0x28a5, 0x28a5, 0x28a5, 0x28a5, 0x28a5, 0x28a5, 0x28a5, 0x28a5, 0x28a5, 0x28a5, 0x28a5, 0x28a5, 
  0x28a5, 0x28a5, 0x28a5, 0xa474, 0x28c6, 0x28c6, 0x28c6, 0x28c6, 0x28c6, 0x28c6, 0x28c6, 0x28c6, 
  0x28c6, 0x28c6, 0x28c6, 0x28c6, 0x28c6, 0x28c6, 0x28c6, 0x28c6, 0x28c6, 0x30c6, 0x30e6, 0x30e6, 
  0x30e6, 0x30e6, 0x30e6, 0x30e6, 0x30e6, 0x30e6, 0x30e6, 0x30e6, 0x30e6, 0x3107, 0x3107, 0x30e6, 
  0x30e6, 0x30e6, 0x30c6, 0x30c6, 0x30c6, 0x28c6, 0x28c6, 0x28a6, 0x28a5, 0x2885, 0x2085, 0x2085, 
  0x2064, 0x2064, 0x2045, 0x2866, 0x3888, 0x48aa, 0x50ac, 0x50ad, 0x488c, 0x386a, 0x2828, 0x2006, 
  0x1804, 0x1003, 0x1003, 0x1003, 0x1003, 0x1003, 0x1003, 0x1003, 0x1003, 0x1003, 0x1003, 0x1003, 
  0x1003, 0x1003, 0x1003, 0x1003, 0x1003, 0x1003, 0x1003, 0x1003, 0x1003, 0x1003, 0x1003, 0x1003, 
  0x1003, 0x1003, 0x1003, 0x1003, 0x1823, 0x1823, 0x1823, 0x1823, 0x1823, 0x1823, 0x1823, 0x1823, 
  0x1823, 0x1823, 0x1823, 0x1823, 0x1823, 0x1823, 0x1823, 0x1823, 0x1823, 0x1823, 0x1823, 0x1823, 
  0x1823, 0x1823, 0x1823, 0x1823, 0x1823, 0x1823, 0x1823, 0x1823, 0x1823, 0x1823, 0x1823, 0x1823, 
  0x1823, 0x1823, 0x1823, 0x1823, 0x1823, 0x1823, 0x1823, 0x1823, 0x1823, 0x1823, 0x1823, 0x1823, 
  0x1823, 0x1823, 0x1823, 0x1823, 0x1823, 0x1823, 0x1823, 0x1823, 0x1823, 0x1823, 0x1823, 0x1823, 
  0x1823, 0x1823, 0x1823, 0x1823, 0x1824, 0x1824, 0x1844, 0x1844, 0x1824, 0x1823, 0x1823, 0x1824, 
  0x1824, 0x1824, 0x1824, 0x1824, 0x1844, 0x1844, 0x1844, 0x1844, 0x1844, 0x1824, 0x1824, 0x1824, 
  0x1824, 0x1824, 0x1844, 0x1844, 0x1844, 0x1844, 0x1844, 0x1844, 0x1844, 0x1844, 0x1844, 0x1844, 
  0x1844, 0x1844, 0x1844, 0x1844, 0x1824, 0x1824, 0x1824, 0x1824, 0x1824, 0x1824, 0x1844, 0x1844, 
  0x1844, 0x1844, 0x1844, 0x1844, 0x1844, 0x1844, 0x2044, 0x2064, 0x2065, 0x28a5, 0x28c6, 0x30c6, 
  0x28c6, 0x28c6, 0x28c6, 0x28a5, 0x28a5, 0x28a5, 0x28a5, 0x28a5, 0x28a5, 0x28a5, 0x28a5, 0x28a5, 
  0x28a5, 0x28a5, 0x28a5, 0x28a5, 0x28a5, 0x28a5, 0x28a5, 0x28a5, 0x28a5, 0x28a5, 0x28a5, 0x28a5, 
  0x28a5, 0x28a5, 0x28a5, 0x28a5, 0x28a5, 0x28a5, 0x2885, 0x2885, 0x2885, 0x2885, 0x2885, 0x2885, 
  0x2885, 0x2885, 0x2085, 0x2085, 0x2085, 0x2085, 0x2085, 0x2085, 0x2085, 0x2085, 0x2085, 0x2085, 
  0x2085, 0x2085, 0x2085, 0x2085, 0x2085, 0x2085, 0x2085, 0x2085, 0x2085, 0x2085, 0x2085, 0x2085, 
  0x2085, 0x2085, 0x2085, 0x2085, 0x2085, 0x2085, 0x2085, 0x2085, 0x2085, 0x2085, 0x2065, 0x2065, 
  0x2065, 0x2065, 0x2065, 0x2065, 0x2065, 0x2065, 0x2065, 0x2064, 0x2064, 0x2064, 0x2064, 0x2064, 
  0x2064, 0x2064, 0x2064, 0x2064, 0x2064, 0x2044, 0x1844, 0x1823, 0x1823, 0x1003, 0x1003, 0x1003, 
  0x1003, 0x1003, 0x1823, 0x1823, 0x1844, 0x1864, 0x2065, 0x2085, 0x28a5, 0x28a5, 0x28a5, 0x28a5, 
  0x28a5, 0x28a5, 0x28a5, 0x28a5, 0x28a5, 0x28a5, 0x28a5, 0x28a5, 0x28a5, 0x28a5, 0x28a5, 0xa495, 
  0x28a6, 0x28c6, 0x28c6, 0x28c6, 0x28c6, 0x28c6, 0x28c6, 0x28c6, 0x28c6, 0x28c6, 0x28c6, 0x28c6, 
  0x28c6, 0x28c6, 0x28c6, 0x28c6, 0x28c6, 0x30c6, 0x30e6, 0x30e6, 0x30e6, 0x30e6, 0x30e6, 0x30e6, 
  0x30e6, 0x30e6, 0x30e6, 0x30e6, 0x30e6, 0x3107, 0x3107, 0x30e6, 0x30e6, 0x30e6, 0x30c6, 0x30c6, 
  0x30c6, 0x28c6, 0x28c6, 0x28a6, 0x28a5, 0x2885, 0x2085, 0x2085, 0x2064, 0x2064, 0x2045, 0x2866, 
  0x3887, 0x48aa, 0x50ac, 0x50ad, 0x488c, 0x386a, 0x2828, 0x2006, 0x1804, 0x1003, 0x1003, 0x1003, 
  0x1003, 0x1003, 0x1003, 0x1003, 0x1003, 0x1003, 0x1003, 0x1003, 0x1003, 0x1003, 0x1003, 0x1003, 
  0x1003, 0x1003, 0x1003, 0x1003, 0x1003, 0x1003, 0x1003, 0x1003, 0x1003, 0x1003, 0x1003, 0x1003, 
  0x1823, 0x1823, 0x1823, 0x1823, 0x1823, 0x1823, 0x1823, 0x1823, 0x1823, 0x1823, 0x1823, 0x1823, 
  0x1823, 0x1823, 0x1823, 0x1823, 0x1823, 0x1823, 0x1823, 0x1823, 0x1823, 0x1823, 0x1823, 0x1823, 
  0x1823, 0x1823, 0x1823, 0x1823, 0x1823, 0x1823, 0x1823, 0x1823, 0x1823, 0x1823, 0x1823, 0x1823, 
  0x1823, 0x1823, 0x1823, 0x1823, 0x1823, 0x1823, 0x1823, 0x1823, 0x1823, 0x1823, 0x1823, 0x1823, 
  0x1823, 0x1823, 0x1823, 0x1823, 0x1823, 0x1823, 0x1823, 0x1823, 0x1823, 0x1823, 0x1823, 0x1823, 
  0x1824, 0x1824, 0x1844, 0x1844, 0x1824, 0x1823, 0x1823, 0x1824, 0x1824, 0x1824, 0x1824, 0x1824, 
  0x1844, 0x1844, 0x1844, 0x1844, 0x1844, 0x1824, 0x1824, 0x1824, 0x1824, 0x1824, 0x1844, 0x1844, 
  0x1844, 0x1844, 0x1844, 0x1844, 0x1844, 0x1844, 0x1844, 0x1844, 0x1844, 0x1844, 0x1844, 0x1844, 
  0x1824, 0x1824, 0x1824, 0x1824, 0x1824, 0x1824, 0x1824, 0x1844, 0x1844, 0x1844, 0x1844, 0x1844, 
  0x1844, 0x1844, 0x2044, 0x2064, 0x2065, 0x28a5, 0x28c6, 0x30c6, 0x28c6, 0x28c6, 0x28a6, 0x28a5, 
  0x28a5, 0x28a5, 0x28a5, 0x28a5, 0x28a5, 0x28a5, 0x28a5, 0x28a5, 0x28a5, 0x28a5, 0x28a5, 0x28a5, 
  0x28a5, 0x28a5, 0x28a5, 0x28a5, 0x28a5, 0x28a5, 0x28a5, 0x28a5, 0x28a5, 0x28a5, 0x28a5, 0x28a5, 
  0x28a5, 0x2885, 0x2885, 0x2885, 0x2885, 0x2885, 0x2885, 0x2885, 0x2885, 0x2885, 0x2085, 0x2085, 
  0x2085, 0x2085, 0x2085, 0x2085, 0x2085, 0x2085, 0x2085, 0x2085, 0x2085, 0x2085, 0x2085, 0x2085, 
  0x2085, 0x2085, 0x2085, 0x2085, 0x2085, 0x2085, 0x2085, 0x2085, 0x2085, 0x2085, 0x2085, 0x2085, 
  0x2085, 0x2085, 0x2085, 0x2085, 0x2085, 0x2085, 0x2065, 0x2065, 0x2065, 0x2065, 0x2065, 0x2065, 
  0x2065, 0x2065, 0x2065, 0x2064, 0x2064, 0x2064, 0x2064, 0x2064, 0x2064, 0x2064, 0x2064, 0x2064, 
  0x2044, 0x2044, 0x1844, 0x1823, 0x1823, 0x1003, 0x1003, 0x1003, 0x1003, 0x1003, 0x1823, 0x1823, 
  0x1844, 0x1864, 0x2085, 0x2085, 0x28a5, 0x28a5, 0x28a5, 0x28a5, 0x28a5, 0x28a5, 0x28a5, 0x28a5, 
  0x28a5, 0x28a5, 0x28a5, 0x28a5, 0x28a5, 0x28a5, 0x28a5, 0xa495, 0x28c6, 0x28c6, 0x28c6, 0x28c6, 
  0x28c6, 0x28c6, 0x28c6, 0x28c6, 0x28c6, 0x28c6, 0x28c6, 0x28c6, 0x28c6, 0x28c6, 0x28c6, 0x28c6, 
  0x28c6, 0x30c6, 0x30e6, 0x30e6, 0x30e6, 0x30e6, 0x30e6, 0x30e6, 0x30e6, 0x30e6, 0x30e6, 0x30e6, 
  0x3107, 0x3107, 0x3107, 0x30e6, 0x30e6, 0x30e6, 0x30c6, 0x30c6, 0x30c6, 0x28c6, 0x28c6, 0x28a6, 
  0x28a6, 0x28a5, 0x2085, 0x2085, 0x2064, 0x2064, 0x2045, 0x2865, 0x3867, 0x4089, 0x50ab, 0x50ac, 
  0x488c, 0x406a, 0x3028, 0x2006, 0x1804, 0x1003, 0x1003, 0x1003, 0x1003, 0x1003, 0x1003, 0x1003, 
  0x1003, 0x1003, 0x1003, 0x1003, 0x1003, 0x1003, 0x1003, 0x1003, 0x1003, 0x1003, 0x1003, 0x1003, 
  0x1003, 0x1003, 0x1003, 0x1003, 0x1003, 0x1003, 0x1003, 0x1003, 0x1823, 0x1823, 0x1823, 0x1823, 
  0x1823, 0x1823, 0x1823, 0x1823, 0x1823, 0x1823, 0x1823, 0x1823, 0x1823, 0x1823, 0x1823, 0x1823, 
  0x1823, 0x1823, 0x1823, 0x1823, 0x1823, 0x1823, 0x1823, 0x1823, 0x1823, 0x1823, 0x1823, 0x1823, 
  0x1823, 0x1823, 0x1823, 0x1823, 0x1823, 0x1823, 0x1823, 0x1823, 0x1823, 0x1823, 0x1823, 0x1823, 
  0x1823, 0x1823, 0x1823, 0x1823, 0x1823, 0x1823, 0x1823, 0x1823, 0x1823, 0x1823, 0x1823, 0x1823, 
  0x1823, 0x1823, 0x1823, 0x1823, 0x1823, 0x1823, 0x1823, 0x1823, 0x1824, 0x1824, 0x1844, 0x1844, 
  0x1824, 0x1823, 0x1823, 0x1824, 0x1824, 0x1824, 0x1824, 0x1824, 0x1844, 0x1844, 0x1844, 0x1844, 
  0x1844, 0x1824, 0x1824, 0x1824, 0x1824, 0x1824, 0x1844, 0x1844, 0x1844, 0x1844, 0x1844, 0x1844, 
  0x1844, 0x1844, 0x1844, 0x1844, 0x1844, 0x1844, 0x1844, 0x1844, 0x1824, 0x1824, 0x1824, 0x1824, 
  0x1824, 0x1824, 0x1824, 0x1844, 0x1844, 0x1844, 0x1844, 0x1844, 0x1844, 0x1844, 0x2044, 0x2064, 
  0x2085, 0x28a5, 0x28c6, 0x28c6, 0x28c6, 0x28c6, 0x28a6, 0x28a5, 0x28a5, 0x28a5, 0x28a5, 0x28a5, 
  0x28a5, 0x28a5, 0x28a5, 0x28a5, 0x28a5, 0x28a5, 0x28a5, 0x28a5, 0x28a5, 0x28a5, 0x28a5, 0x28a5, 
  0x28a5, 0x28a5, 0x28a5, 0x28a5, 0x28a5, 0x28a5, 0x28a5, 0x28a5, 0x2885, 0x2885, 0x2885, 0x2885, 
  0x2885, 0x2885, 0x2885, 0x2885, 0x2085, 0x2085, 0x2085, 0x2085, 0x2085, 0x2085, 0x2085, 0x2085, 
  0x2085, 0x2085, 0x2085, 0x2085, 0x2085, 0x2085, 0x2085, 0x2085, 0x2085, 0x2085, 0x2085, 0x2085, 
  0x2085, 0x2085, 0x2085, 0x2085, 0x2085, 0x2085, 0x2085, 0x2085, 0x2085, 0x2085, 0x2085, 0x2085, 
  0x2085, 0x2085, 0x2065, 0x2065, 0x2065, 0x2065, 0x2065, 0x2065, 0x2065, 0x2065, 0x2065, 0x2064, 
  0x2064, 0x2064, 0x2064, 0x2064, 0x2064, 0x2064, 0x2064, 0x2064, 0x2044, 0x1844, 0x1823, 0x1823, 
  0x1823, 0x1003, 0x1003, 0x1003, 0x1003, 0x1003, 0x1823, 0x1824, 0x1844, 0x2064, 0x2085, 0x20a5, 
  0x28a5, 0x28a5, 0x28a5, 0x28a5, 0x28a5, 0x28a5, 0x28a5, 0x28a5, 0x28a5, 0x28a5, 0x28a5, 0x28a5, 
  0x28a5, 0x28a5, 0x28a5, 0xa495, 0x3107, 0x30e6, 0x30e6, 0x28e6, 0x28c6, 0x30e6, 0x3107, 0x3948, 
  0x4189, 0x49a9, 0x49ea, 0x520b, 0x5a2b, 0x5a2b, 0x5a4c, 0x5a4c, 0x5a4c, 0x5a4c, 0x5a4c, 0x5a4c, 
  0x5a4c, 0x5a6c, 0x626c, 0x626c, 0x626c, 0x626c, 0x626c, 0x628d, 0x628d, 0x628d, 0x628d, 0x626c, 
  0x626c, 0x626c, 0x624c, 0x624c, 0x5a4c, 0x5a4c, 0x5a4c, 0x5a2c, 0x5a2c, 0x5a2b, 0x5a2b, 0x520b, 
  0x520b, 0x51eb, 0x51ea, 0x51eb, 0x59eb, 0x61ec, 0x61ed, 0x69ed, 0x61ee, 0x61cd, 0x59ac, 0x51ac, 
  0x51ab, 0x518b, 0x518b, 0x518b, 0x498a, 0x498a, 0x4189, 0x4189, 0x4189, 0x4189, 0x4189, 0x4189, 
  0x4189, 0x4189, 0x4189, 0x4189, 0x4189, 0x4189, 0x4189, 0x4189, 0x4189, 0x4189, 0x4189, 0x4189, 
  0x4189, 0x4189, 0x4189, 0x4189, 0x4189, 0x4189, 0x4189, 0x4189, 0x4189, 0x4189, 0x4189, 0x41a9, 
  0x49a9, 0x49a9, 0x49a9, 0x49a9, 0x49a9, 0x49a9, 0x49a9, 0x49a9, 0x41a9, 0x49a9, 0x49a9, 0x41a9, 
  0x49a9, 0x49a9, 0x49a9, 0x49a9, 0x49a9, 0x49a9, 0x49a9, 0x49a9, 0x49a9, 0x49a9, 0x49a9, 0x49a9, 
  0x49a9, 0x49a9, 0x49a9, 0x49a9, 0x49a9, 0x49a9, 0x49a9, 0x49a9, 0x49a9, 0x49a9, 0x49a9, 0x49a9, 
  0x49a9, 0x49a9, 0x49a9, 0x49a9, 0x49a9, 0x49a9, 0x49a9, 0x49a9, 0x49a9, 0x49a9, 0x49a9, 0x49a9, 
  0x49a9, 0x49a9, 0x49a9, 0x49a9, 0x49a9, 0x49a9, 0x49a9, 0x49aa, 0x49aa, 0x49a9, 0x49a9, 0x49aa, 
  0x49aa, 0x49aa, 0x49aa, 0x49aa, 0x49aa, 0x49aa, 0x49aa, 0x49aa, 0x49aa, 0x49aa, 0x49aa, 0x49aa, 
  0x49aa, 0x49aa, 0x49aa, 0x49aa, 0x49aa, 0x49aa, 0x49aa, 0x49aa, 0x49aa, 0x49aa, 0x49aa, 0x49ca, 
  0x49ca, 0x49ca, 0x49ca, 0x49aa, 0x49aa, 0x49aa, 0x49aa, 0x49aa, 0x49aa, 0x49aa, 0x49aa, 0x49aa, 
  0x49aa, 0x49aa, 0x49aa, 0x49aa, 0x49ca, 0x49ca, 0x51ca, 0x51ea, 0x520b, 0x5a2b, 0x5a2c, 0x5a4c, 
  0x5a2c, 0x5a2b, 0x5a2b, 0x5a2b, 0x5a2b, 0x5a2b, 0x5a2b, 0x5a2b, 0x5a2b, 0x5a2b, 0x5a2b, 0x5a2b, 
  0x5a2b, 0x5a2b, 0x5a2b, 0x5a2b, 0x5a2b, 0x5a2b, 0x5a2b, 0x5a2b, 0x5a2b, 0x5a2b, 0x5a2b, 0x5a0b, 
  0x5a0b, 0x5a0b, 0x5a0b, 0x5a0b, 0x520b, 0x520b, 0x520b, 0x520b, 0x520b, 0x520b, 0x520b, 0x520b, 
  0x520b, 0x520b, 0x520b, 0x520b, 0x520b, 0x520b, 0x520b, 0x520b, 0x520b, 0x520b, 0x520b, 0x520b, 
  0x520b, 0x520b, 0x520b, 0x51eb, 0x51eb, 0x51eb, 0x51eb, 0x51eb, 0x51eb, 0x51eb, 0x51ea, 0x51ea, 
  0x51eb, 0x51eb, 0x51eb, 0x51eb, 0x51eb, 0x51eb, 0x51eb, 0x51eb, 0x51eb, 0x51eb, 0x51ea, 0x51ea, 
  0x51ea, 0x51ea, 0x51ea, 0x51ea, 0x51ea, 0x51ea, 0x51ea, 0x51ea, 0x51ea, 0x51ea, 0x51ea, 0x51ea, 
  0x51ea, 0x51ea, 0x51ca, 0x49ca, 0x49ca, 0x49a9, 0x49a9, 0x49a9, 0x41a9, 0x49a9, 0x49a9, 0x49ca, 
  0x49ca, 0x51ea, 0x51eb, 0x520b, 0x520b, 0x522b, 0x5a2b, 0x5a2c, 0x5a4c, 0x5a4c, 0x5a4c, 0x5a6c, 
  0x626c, 0x628d, 0x6aad, 0x6ace, 0x72ee, 0x730f, 0x730f, 0x7b2f, 0x7b50, 0x7b50, 0x7b50, 0xc599, 
  
};
}