#include <Arduino.h>
#include "res.h"
// Boot.png | 320x240 | RGB565 (16-bit)
namespace robot::screen::res {
const uint16_t boot_image[] PROGMEM = {
  0x0000, 0x0000, 0x0000, 0x0800, 0x40c6, 0x3086, 0x0000, 0x0000, 0x0000, 0x0000, 0x0000, 0x0000, 
  0x0000, 0x0000, 0x0000, 0x0000, 0x0000, 0x0000, 0x0000, 0x0000, 0x0000, 0x0000, 0x0000, 0x0000, 
  0x0000, 0x0000, 0x0000, 0x0000, 0x0000, 0x0000, 0x0000, 0x0000, 0x0000, 0x0000, 0x0000, 0x0000, 
  0x0000, 0x0000, 0x0000, 0x0000, 0x0000, 0x0000, 0x0000, 0x0000, 0x0000, 0x0000, 0x0000, 0x0000, 
  0x0000, 0x0000, 0x0000, 0x0000, 0x0000, 0x0000, 0x0000, 0x0000, 0x0000, 0x1822, 0x30a6, 0x1022, 
  0x0000, 0x0000, 0x0000, 0x0000, 0x0000, 0x0000, 0x0000, 0x0000, 0x0000, 0x0000, 0x0000, 0x0000, 
  0x0000, 0x0000, 0x0000, 0x0000, 0x0000, 0x0000, 0x0000, 0x0000, 0x0000, 0x0000, 0x0000, 0x0000, 
  0x0000, 0x0000, 0x0000, 0x0000, 0x0000, 0x0000, 0x0000, 0x0000, 0x0000, 0x0000, 0x0000, 0x0000, 
  0x0000, 0x0000, 0x0000, 0x0000, 0x0000, 0x0800, 0x2845, 0x5069, 0x586a, 0x3847, 0x0801, 0x0000, 
  0x0000, 0x0000, 0x0000, 0x0000, 0x0000, 0x0000, 0x0000, 0x0000, 0x0000, 0x0000, 0x0000, 0x0000, 
  0x0000, 0x0000, 0x0000, 0x0000, 0x0800, 0x48a6, 0x796c, 0x2844, 0x0800, 0x0000, 0x0000, 0x0000, 
  0x0000, 0x0000, 0x0000, 0x0000, 0x0000, 0x0000, 0x0000, 0x0000, 0x0000, 0x0000, 0x0000, 0x0000, 
  0x0000, 0x0000, 0x0000, 0x0000, 0x0000, 0x0000, 0x0000, 0x0000, 0x0000, 0x0000, 0x0000, 0x0000, 
  0x0000, 0x0000, 0x0000, 0x0000, 0x0000, 0x0000, 0x0000, 0x0000, 0x0000, 0x0000, 0x0000, 0x0000, 
  0x0000, 0x0000, 0x0000, 0x0000, 0x0000, 0x0000, 0x0000, 0x5aeb, 0x5269, 0x0000, 0x0000, 0x0000, 
  0x0000, 0x0000, 0x0000, 0x0000, 0x0000, 0x0000, 0x0000, 0x0000, 0x0000, 0x0000, 0x0000, 0x0000, 
  0x0000, 0x0000, 0x0000, 0x0000, 0x0000, 0x0000, 0x0000, 0x0000, 0x0000, 0x0000, 0x0000, 0x0000, 
  0x0000, 0x0000, 0x0000, 0x0000, 0x0000, 0x0000, 0x0020, 0x39e7, 0x18e3, 0x0020, 0x0000, 0x0000, 
  0x0000, 0x0000, 0x0000, 0x0000, 0x0000, 0x0000, 0x0000, 0x0000, 0x0000, 0x0000, 0x0000, 0x0000, 
  0x0000, 0x0000, 0x0000, 0x0000, 0x0000, 0x0000, 0x0000, 0x0000, 0x0000, 0x0000, 0x0000, 0x0000, 
  0x0000, 0x0000, 0x0000, 0x0000, 0x0000, 0x0000, 0x0000, 0x0000, 0x0000, 0x0000, 0x0000, 0x0000, 
  0x0000, 0x0000, 0x0000, 0x0000, 0x0000, 0x0000, 0x0000, 0x0000, 0x0000, 0x0000, 0x0000, 0x0000, 
  0x0000, 0x0000, 0x0000, 0x0000, 0x0000, 0x0000, 0x0000, 0x0000, 0x0000, 0x0000, 0x0000, 0x0000, 
  0x0000, 0x0000, 0x0000, 0x0000, 0x0000, 0x0000, 0x0000, 0x0000, 0x0000, 0x0000, 0x0000, 0x0000, 
  0x0000, 0x0000, 0x0000, 0x0000, 0x0000, 0x0000, 0x0000, 0x0000, 0x0000, 0x0000, 0x0000, 0x0000, 
  0x0000, 0x1823, 0x50e9, 0x2043, 0x0000, 0x0000, 0x0000, 0x0000, 0x0000, 0x0000, 0x0000, 0x0000, 
  0x0000, 0x0000, 0x0000, 0x0000, 0x0000, 0x0000, 0x0000, 0x0000, 0x0000, 0x0000, 0x1001, 0x5129, 
  0x3085, 0x0000, 0x0000, 0x0000, 0x0000, 0x0000, 0x0000, 0x0000, 0x0000, 0x0000, 0x0000, 0x0000, 
  0x0000, 0x0000, 0x0000, 0x0000, 0x0000, 0x0000, 0x0000, 0x0000, 0x0000, 0x0000, 0x0000, 0x0000, 
  0x0000, 0x0000, 0x0000, 0x0000, 0x0000, 0x0000, 0x0000, 0x0000, 0x0000, 0x0000, 0x0000, 0x0000, 
  0x0000, 0x0000, 0x0000, 0x0000, 0x0000, 0x0000, 0x0000, 0x0000, 0x0000, 0x0000, 0x0000, 0x0000, 
  0x0000, 0x0000, 0x0000, 0x0000, 0x2043, 0x3085, 0x1001, 0x0000, 0x0000, 0x0000, 0x0000, 0x0000, 
  0x0000, 0x0000, 0x0000, 0x0000, 0x0000, 0x0000, 0x0000, 0x0000, 0x0000, 0x0000, 0x0000, 0x0000, 
  0x0000, 0x0000, 0x0000, 0x0000, 0x0000, 0x0000, 0x0000, 0x0000, 0x0000, 0x0000, 0x0000, 0x0000, 
  0x0000, 0x0000, 0x0000, 0x0000, 0x0000, 0x0000, 0x0000, 0x0000, 0x0000, 0x0000, 0x0000, 0x0000, 
  0x1021, 0x4888, 0x588b, 0x588b, 0x3066, 0x0800, 0x0000, 0x0000, 0x0000, 0x0000, 0x0000, 0x0000, 
  0x0000, 0x0000, 0x0000, 0x0000, 0x0000, 0x0000, 0x0000, 0x0000, 0x0000, 0x0000, 0x0000, 0x1822, 
  0x712b, 0x690b, 0x1002, 0x0000, 0x0000, 0x0000, 0x0000, 0x0000, 0x0000, 0x0000, 0x0000, 0x0000, 
  0x0000, 0x0000, 0x0000, 0x0000, 0x0000, 0x0000, 0x0000, 0x0000, 0x0000, 0x0000, 0x0000, 0x0000, 
  0x0000, 0x0000, 0x0000, 0x0000, 0x0000, 0x0000, 0x0000, 0x0000, 0x0000, 0x0000, 0x0000, 0x0000, 
  0x0000, 0x0000, 0x0000, 0x0000, 0x0000, 0x0000, 0x0000, 0x0000, 0x0000, 0x0000, 0x0000, 0x0000, 
  0x0000, 0x0841, 0x6b6d, 0x2124, 0x0000, 0x0000, 0x0000, 0x0000, 0x0000, 0x0000, 0x0000, 0x0000, 
  0x0000, 0x0000, 0x0000, 0x0000, 0x0000, 0x0000, 0x0000, 0x0000, 0x0000, 0x0000, 0x0000, 0x0000, 
  0x0000, 0x0000, 0x0000, 0x0000, 0x0000, 0x0000, 0x0000, 0x0000, 0x0000, 0x0000, 0x0000, 0x0000, 
  0x0000, 0x1061, 0x4207, 0x18c2, 0x0000, 0x0000, 0x0000, 0x0000, 0x0000, 0x0000, 0x0000, 0x0000, 
  0x0000, 0x0000, 0x0000, 0x0000, 0x0000, 0x0000, 0x0000, 0x0000, 0x0000, 0x0000, 0x0000, 0x0000, 
  0x0000, 0x0000, 0x0000, 0x0000, 0x0000, 0x0000, 0x0000, 0x0000, 0x0000, 0x0000, 0x0000, 0x0000, 
  0x0000, 0x0000, 0x0000, 0x0000, 0x0000, 0x0000, 0x0000, 0x0000, 0x0000, 0x0000, 0x0000, 0x0000, 
  0x0000, 0x0000, 0x0000, 0x0000, 0x0000, 0x0000, 0x0000, 0x0000, 0x0000, 0x0000, 0x0000, 0x0000, 
  0x0000, 0x0000, 0x0000, 0x0000, 0x0000, 0x0000, 0x0000, 0x0000, 0x0000, 0x0000, 0x0000, 0x0000, 
  0x0000, 0x0000, 0x0000, 0x0000, 0x0000, 0x0000, 0x0000, 0x0000, 0x0000, 0x0000, 0x0000, 0x0000, 
  0x0000, 0x0000, 0x0000, 0x0000, 0x0000, 0x0000, 0x0000, 0x0801, 0x3086, 0x50e9, 0x1822, 0x0000, 
  0x0000, 0x0000, 0x0000, 0x0000, 0x0000, 0x0000, 0x0000, 0x0000, 0x0000, 0x0000, 0x0000, 0x0000, 
  0x0000, 0x0000, 0x0000, 0x0000, 0x0800, 0x1021, 0x5109, 0x3085, 0x0800, 0x0000, 0x0000, 0x0000, 
  0x0000, 0x0000, 0x0000, 0x0000, 0x0000, 0x0000, 0x0000, 0x0000, 0x0000, 0x0000, 0x0000, 0x0000, 
  0x0000, 0x0000, 0x0000, 0x0000, 0x0000, 0x0000, 0x0000, 0x0000, 0x0000, 0x0000, 0x0000, 0x0000, 
  0x0000, 0x0000, 0x0000, 0x0000, 0x0000, 0x0000, 0x0000, 0x0000, 0x0000, 0x0000, 0x0000, 0x0000, 
  0x0000, 0x0000, 0x0000, 0x0000, 0x0000, 0x0000, 0x0000, 0x0000, 0x0000, 0x0000, 0x0000, 0x2064, 
  0x3085, 0x0801, 0x0000, 0x0000, 0x0000, 0x0000, 0x0000, 0x0000, 0x0000, 0x0000, 0x0000, 0x0000, 
  0x0000, 0x0000, 0x0000, 0x0000, 0x0000, 0x0000, 0x0000, 0x0000, 0x0000, 0x0000, 0x0000, 0x0000, 
  0x0000, 0x0000, 0x0000, 0x0000, 0x0000, 0x0000, 0x0000, 0x0000, 0x0000, 0x0000, 0x0000, 0x0000, 
  0x0000, 0x0000, 0x0000, 0x0000, 0x0000, 0x0000, 0x0800, 0x2845, 0x58aa, 0x606b, 0x58ab, 0x2845, 
  0x0800, 0x0000, 0x0000, 0x0000, 0x0000, 0x0000, 0x0000, 0x0000, 0x0000, 0x0000, 0x0000, 0x0000, 
  0x0000, 0x0000, 0x0000, 0x0000, 0x0020, 0x0800, 0x3044, 0x898e, 0x50c8, 0x1001, 0x0000, 0x0000, 
  0x0000, 0x0000, 0x0000, 0x0000, 0x0000, 0x0000, 0x0000, 0x0000, 0x0000, 0x0000, 0x0000, 0x0000, 
  0x0000, 0x0000, 0x0000, 0x0000, 0x0000, 0x0000, 0x0000, 0x0000, 0x0000, 0x0000, 0x0000, 0x0000, 
  0x0000, 0x0000, 0x0000, 0x0000, 0x0000, 0x0000, 0x0000, 0x0000, 0x0000, 0x0000, 0x0000, 0x0000, 
  0x0000, 0x0000, 0x0000, 0x0000, 0x0000, 0x0000, 0x0000, 0x0000, 0x2124, 0x738d, 0x1061, 0x0000, 
  0x0000, 0x0000, 0x0000, 0x0000, 0x0000, 0x0000, 0x0000, 0x0000, 0x0000, 0x0000, 0x0000, 0x0000, 
  0x0000, 0x0000, 0x0000, 0x0000, 0x0000, 0x0000, 0x0000, 0x0000, 0x0000, 0x0000, 0x0000, 0x0000, 
  0x0000, 0x0000, 0x0000, 0x0000, 0x0000, 0x0000, 0x0000, 0x0000, 0x2124, 0x5aca, 0x0000, 0x0000, 
  0x0000, 0x0000, 0x0000, 0x0000, 0x0000, 0x0000, 0x0000, 0x0000, 0x0000, 0x0000, 0x0000, 0x0000, 
  0x0000, 0x0000, 0x0000, 0x0000, 0x0000, 0x0000, 0x0000, 0x0000, 0x0000, 0x0000, 0x0000, 0x0000, 
  0x0000, 0x0000, 0x0000, 0x0000, 0x0000, 0x0000, 0x0000, 0x0000, 0x0000, 0x0000, 0x0000, 0x0000, 
  0x0000, 0x0000, 0x0000, 0x0000, 0x0000, 0x0000, 0x0000, 0x0000, 0x0000, 0x0000, 0x0000, 0x0000, 
  0x0000, 0x0000, 0x0000, 0x0000, 0x0000, 0x0000, 0x0000, 0x0000, 0x0000, 0x0000, 0x0000, 0x0000, 
  0x0000, 0x0000, 0x0000, 0x0000, 0x0000, 0x0000, 0x0000, 0x0000, 0x0000, 0x0000, 0x0000, 0x0000, 
  0x0000, 0x0000, 0x0000, 0x0000, 0x0000, 0x0000, 0x0000, 0x0000, 0x0000, 0x0000, 0x0000, 0x0000, 
  0x0000, 0x0000, 0x1001, 0x40a7, 0x48c8, 0x1001, 0x0000, 0x0000, 0x0000, 0x0000, 0x0000, 0x0000, 
  0x0000, 0x0000, 0x0000, 0x0000, 0x0000, 0x0000, 0x0000, 0x0000, 0x0000, 0x0000, 0x0000, 0x0000, 
  0x1822, 0x58ea, 0x2864, 0x0800, 0x0000, 0x0000, 0x0000, 0x0000, 0x0000, 0x0000, 0x0000, 0x0000, 
  0x0000, 0x0000, 0x0000, 0x0000, 0x0000, 0x0000, 0x0000, 0x0000, 0x0000, 0x0000, 0x0000, 0x0000, 
  0x0000, 0x0000, 0x0000, 0x0000, 0x0000, 0x0000, 0x0000, 0x0000, 0x0000, 0x0000, 0x0000, 0x0000, 
  0x0000, 0x0000, 0x0000, 0x0000, 0x0000, 0x0000, 0x0000, 0x0000, 0x0000, 0x0000, 0x0000, 0x0000, 
  0x0000, 0x0000, 0x0000, 0x0000, 0x0000, 0x0801, 0x30a5, 0x2885, 0x0800, 0x0000, 0x0000, 0x0000, 
  0x0000, 0x0000, 0x0000, 0x0000, 0x0000, 0x0000, 0x0000, 0x0000, 0x0000, 0x0000, 0x0000, 0x0000, 
  0x0000, 0x0000, 0x0000, 0x0000, 0x0000, 0x0000, 0x0000, 0x0000, 0x0000, 0x0000, 0x0000, 0x0000, 
  0x0000, 0x0000, 0x0000, 0x0000, 0x0000, 0x0000, 0x0000, 0x0000, 0x0000, 0x0000, 0x0000, 0x0000, 
  0x0000, 0x1822, 0x48a9, 0x608c, 0x608c, 0x60cb, 0x2043, 0x0000, 0x0000, 0x0000, 0x0000, 0x0000, 
  0x0000, 0x0000, 0x0000, 0x0000, 0x0000, 0x0000, 0x0000, 0x0000, 0x0000, 0x0000, 0x0000, 0x0020, 
  0x0801, 0x48c8, 0x91cf, 0x3065, 0x0800, 0x0000, 0x0000, 0x0000, 0x0000, 0x0000, 0x0000, 0x0000, 
  0x0000, 0x0000, 0x0000, 0x0000, 0x0000, 0x0000, 0x0000, 0x0000, 0x0000, 0x0000, 0x0000, 0x0000, 
  0x0000, 0x0000, 0x0000, 0x0000, 0x0000, 0x0000, 0x0000, 0x0000, 0x0000, 0x0000, 0x0000, 0x0000, 
  0x0000, 0x0000, 0x0000, 0x0000, 0x0000, 0x0000, 0x0000, 0x0000, 0x0000, 0x0000, 0x0000, 0x0000, 
  0x0000, 0x0000, 0x0020, 0x4a28, 0x528a, 0x0841, 0x0000, 0x0000, 0x0000, 0x0000, 0x0000, 0x0000, 
  0x0000, 0x0000, 0x0000, 0x0000, 0x0000, 0x0000, 0x0000, 0x0000, 0x0000, 0x0000, 0x0000, 0x0000, 
  0x0000, 0x0000, 0x0000, 0x0000, 0x0000, 0x0000, 0x0000, 0x0000, 0x0000, 0x0000, 0x0000, 0x0000, 
  0x0000, 0x0000, 0x0000, 0x41e6, 0x39c6, 0x0000, 0x0000, 0x0000, 0x0000, 0x0000, 0x0000, 0x0000, 
  0x0000, 0x0000, 0x0000, 0x0000, 0x0000, 0x0000, 0x0000, 0x0000, 0x0000, 0x0000, 0x0000, 0x0000, 
  0x0000, 0x0000, 0x0000, 0x0000, 0x0000, 0x0000, 0x0000, 0x0000, 0x0000, 0x0000, 0x0000, 0x0000, 
  0x0000, 0x0000, 0x0000, 0x0000, 0x0000, 0x0000, 0x0000, 0x0000, 0x0000, 0x0000, 0x0000, 0x0000, 
  0x0000, 0x0000, 0x0000, 0x0000, 0x0000, 0x0000, 0x0000, 0x0000, 0x0000, 0x0000, 0x0000, 0x0000, 
  0x0000, 0x0000, 0x0000, 0x0000, 0x0000, 0x0000, 0x0000, 0x0000, 0x0000, 0x0000, 0x0000, 0x0000, 
  0x0000, 0x0000, 0x0000, 0x0000, 0x0000, 0x0000, 0x0000, 0x0000, 0x0000, 0x0000, 0x0000, 0x0000, 
  0x0000, 0x0000, 0x0000, 0x0000, 0x0000, 0x0000, 0x0000, 0x0000, 0x0000, 0x2043, 0x50e9, 0x3866, 
  0x0800, 0x0000, 0x0000, 0x0000, 0x0000, 0x0000, 0x0000, 0x0000, 0x0000, 0x0000, 0x0000, 0x0000, 
  0x0000, 0x0000, 0x0000, 0x0000, 0x0000, 0x0000, 0x0000, 0x0000, 0x58ca, 0x2844, 0x0000, 0x0000, 
  0x0000, 0x0000, 0x0000, 0x0000, 0x0000, 0x0000, 0x0000, 0x0000, 0x0000, 0x0000, 0x0000, 0x0000, 
  0x0000, 0x0000, 0x0000, 0x0000, 0x0000, 0x0000, 0x0000, 0x0000, 0x0000, 0x0000, 0x0000, 0x0000, 
  0x0000, 0x0000, 0x0000, 0x0000, 0x0000, 0x0000, 0x0000, 0x0000, 0x0000, 0x0000, 0x0000, 0x0000, 
  0x0000, 0x0000, 0x0000, 0x0000, 0x0000, 0x0000, 0x0000, 0x0000, 0x0000, 0x0000, 0x0000, 0x0000, 
  0x0821, 0x38a6, 0x2064, 0x0000, 0x0000, 0x0000, 0x0000, 0x0000, 0x0000, 0x0000, 0x0000, 0x0000, 
  0x0000, 0x0000, 0x0000, 0x0000, 0x0000, 0x0000, 0x0000, 0x0000, 0x0000, 0x0000, 0x0000, 0x0000, 
  0x0000, 0x0000, 0x0000, 0x0000, 0x0000, 0x0000, 0x0000, 0x0000, 0x0000, 0x0000, 0x0000, 0x0000, 
  0x0000, 0x0000, 0x0000, 0x0000, 0x0000, 0x0000, 0x0000, 0x0800, 0x3866, 0x608b, 0x686c, 0x688c, 
  0x50aa, 0x1822, 0x0000, 0x0000, 0x0000, 0x0000, 0x0000, 0x0000, 0x0000, 0x0000, 0x0000, 0x0000, 
  0x0000, 0x0000, 0x0000, 0x0000, 0x0000, 0x0000, 0x0000, 0x1001, 0x714c, 0x796c, 0x2023, 0x0000, 
  0x0000, 0x0000, 0x0000, 0x0000, 0x0000, 0x0000, 0x0000, 0x0000, 0x0000, 0x0000, 0x0000, 0x0000, 
  0x0000, 0x0000, 0x0000, 0x0000, 0x0000, 0x0000, 0x0000, 0x0000, 0x0000, 0x0000, 0x0000, 0x0000, 
  0x0000, 0x0000, 0x0000, 0x0000, 0x0000, 0x0000, 0x0000, 0x0000, 0x0000, 0x0000, 0x0000, 0x0000, 
  0x0000, 0x0000, 0x0000, 0x0000, 0x0000, 0x0000, 0x0000, 0x0000, 0x0000, 0x0020, 0x6b6c, 0x31a6, 
  0x0020, 0x0000, 0x0000, 0x0000, 0x0000, 0x0000, 0x0000, 0x0000, 0x0000, 0x0000, 0x0000, 0x0000, 
  0x0000, 0x0000, 0x0000, 0x0000, 0x0000, 0x0000, 0x0000, 0x0000, 0x0000, 0x0000, 0x0000, 0x0000, 
  0x0000, 0x0000, 0x0000, 0x0000, 0x0000, 0x0000, 0x0000, 0x0000, 0x0000, 0x0861, 0x4a48, 0x20e3, 
  0x0000, 0x0000, 0x0000, 0x0000, 0x0000, 0x0000, 0x0000, 0x0000, 0x0000, 0x0000, 0x0000, 0x0000, 
  0x0000, 0x0000, 0x0000, 0x0000, 0x0000, 0x0000, 0x0000, 0x0000, 0x0000, 0x0000, 0x0000, 0x0000, 
  0x0000, 0x0000, 0x0000, 0x0000, 0x0000, 0x0000, 0x0000, 0x0000, 0x0000, 0x0000, 0x0000, 0x0000, 
  0x0000, 0x0000, 0x0000, 0x0000, 0x0000, 0x0000, 0x0000, 0x0000, 0x0000, 0x0000, 0x0000, 0x0000, 
  0x0000, 0x0000, 0x0000, 0x0000, 0x0000, 0x0000, 0x0000, 0x0000, 0x0000, 0x0000, 0x0000, 0x0000, 
  0x0000, 0x0000, 0x0000, 0x0000, 0x0000, 0x0000, 0x0000, 0x0000, 0x0000, 0x0000, 0x0000, 0x0000, 
  0x0000, 0x0000, 0x0000, 0x0000, 0x0000, 0x0000, 0x0000, 0x0000, 0x0000, 0x0000, 0x0000, 0x0000, 
  0x0000, 0x0000, 0x0000, 0x0800, 0x3065, 0x50c9, 0x2823, 0x0000, 0x0000, 0x0000, 0x0000, 0x0000, 
  0x0000, 0x0000, 0x0000, 0x0000, 0x0000, 0x0000, 0x0000, 0x0000, 0x0000, 0x0000, 0x0000, 0x0000, 
  0x0000, 0x0000, 0x0000, 0x0000, 0x2845, 0x0000, 0x0000, 0x0000, 0x0000, 0x0000, 0x0000, 0x0000, 
  0x0000, 0x0000, 0x0000, 0x0000, 0x0000, 0x0000, 0x0000, 0x0000, 0x0000, 0x0000, 0x0000, 0x0000, 
  0x0000, 0x0000, 0x0000, 0x0000, 0x0000, 0x0000, 0x0000, 0x0000, 0x0000, 0x0000, 0x0000, 0x0000, 
  0x0000, 0x0000, 0x0000, 0x0000, 0x0000, 0x0000, 0x0000, 0x0000, 0x0000, 0x0000, 0x0000, 0x0000, 
  0x0000, 0x0000, 0x0000, 0x0000, 0x0000, 0x0000, 0x0000, 0x1022, 0x38a6, 0x1843, 0x0000, 0x0000, 
  0x0000, 0x0000, 0x0000, 0x0000, 0x0000, 0x0000, 0x0000, 0x0000, 0x0000, 0x0000, 0x0000, 0x0000, 
  0x0000, 0x0000, 0x0000, 0x0000, 0x0000, 0x0000, 0x0000, 0x0000, 0x0000, 0x0000, 0x0000, 0x0000, 
  0x0000, 0x0000, 0x0000, 0x0000, 0x0000, 0x0000, 0x0000, 0x0000, 0x0000, 0x0000, 0x0000, 0x0000, 
  0x0000, 0x0000, 0x1822, 0x4888, 0x606b, 0x686c, 0x688c, 0x48a8, 0x1001, 0x0000, 0x0000, 0x0000, 
  0x0000, 0x0000, 0x0000, 0x0000, 0x0000, 0x0000, 0x0000, 0x0000, 0x0000, 0x0000, 0x0000, 0x0000, 
  0x0000, 0x0800, 0x2023, 0x79ac, 0x5909, 0x0801, 0x0000, 0x0000, 0x0000, 0x0000, 0x0000, 0x0000, 
  0x0000, 0x0000, 0x0000, 0x0000, 0x0000, 0x0000, 0x0000, 0x0000, 0x0000, 0x0000, 0x0000, 0x0000, 
  0x0000, 0x0000, 0x0000, 0x0000, 0x0000, 0x0000, 0x0000, 0x0000, 0x0000, 0x0000, 0x0000, 0x0000, 
  0x0000, 0x0000, 0x0000, 0x0000, 0x0000, 0x0000, 0x0000, 0x0000, 0x0000, 0x0000, 0x0000, 0x0000, 
  0x0000, 0x0000, 0x0000, 0x0000, 0x2103, 0x630b, 0x18a2, 0x0000, 0x0000, 0x0000, 0x0000, 0x0000, 
  0x0000, 0x0000, 0x0000, 0x0000, 0x0000, 0x0000, 0x0000, 0x0000, 0x0000, 0x0000, 0x0000, 0x0000, 
  0x0000, 0x0000, 0x0000, 0x0000, 0x0000, 0x0000, 0x0000, 0x0000, 0x0000, 0x0000, 0x0000, 0x0000, 
  0x0000, 0x0000, 0x0000, 0x0000, 0x2124, 0x5aca, 0x0820, 0x0000, 0x0000, 0x0000, 0x0000, 0x0000, 
  0x0000, 0x0000, 0x0000, 0x0000, 0x0000, 0x0000, 0x0000, 0x0000, 0x0000, 0x0000, 0x0000, 0x0000, 
  0x0000, 0x0000, 0x0000, 0x0000, 0x0000, 0x0000, 0x0000, 0x0000, 0x0000, 0x0000, 0x0000, 0x0000, 
  0x0000, 0x0000, 0x0000, 0x0000, 0x0000, 0x0000, 0x0000, 0x0000, 0x0000, 0x0000, 0x0000, 0x0000, 
  0x0000, 0x0000, 0x0000, 0x0000, 0x0000, 0x0000, 0x0000, 0x0000, 0x0000, 0x0000, 0x0000, 0x0000, 
  0x0000, 0x0000, 0x0000, 0x0000, 0x0000, 0x0000, 0x0000, 0x0000, 0x0000, 0x0000, 0x0000, 0x0000, 
  0x0000, 0x0000, 0x0000, 0x0000, 0x0000, 0x0000, 0x0000, 0x0000, 0x0000, 0x0000, 0x0000, 0x0000, 
  0x0000, 0x0000, 0x0000, 0x0000, 0x0000, 0x0000, 0x0000, 0x0000, 0x0000, 0x0000, 0x1022, 0x40a7, 
  0x48a8, 0x1822, 0x0000, 0x0000, 0x0000, 0x0000, 0x0000, 0x0000, 0x0000, 0x0000, 0x0000, 0x0000, 
  0x0000, 0x0000, 0x0000, 0x0000, 0x0000, 0x0000, 0x0000, 0x0000, 0x0000, 0x0000, 0x0000, 0x0000, 
  0x0000, 0x0000, 0x0000, 0x0000, 0x0000, 0x0000, 0x0000, 0x0000, 0x0000, 0x0000, 0x0000, 0x0000, 
  0x0000, 0x0000, 0x0000, 0x0000, 0x0000, 0x0000, 0x0000, 0x0000, 0x0000, 0x0000, 0x0000, 0x0000, 
  0x0000, 0x0000, 0x0000, 0x0000, 0x0000, 0x0000, 0x0000, 0x0000, 0x0000, 0x0000, 0x0000, 0x0000, 
  0x0000, 0x0000, 0x0000, 0x0000, 0x0000, 0x0000, 0x0000, 0x0000, 0x0000, 0x0000, 0x0000, 0x0000, 
  0x0000, 0x0000, 0x1822, 0x30c6, 0x1022, 0x0000, 0x0000, 0x0000, 0x0000, 0x0000, 0x0000, 0x0000, 
  0x0000, 0x0000, 0x0000, 0x0000, 0x0000, 0x0000, 0x0000, 0x0000, 0x0000, 0x0000, 0x0000, 0x0000, 
  0x0000, 0x0000, 0x0000, 0x0000, 0x0000, 0x0000, 0x0000, 0x0000, 0x0000, 0x0000, 0x0000, 0x0000, 
  0x0000, 0x0000, 0x0000, 0x0000, 0x0000, 0x0000, 0x0000, 0x0000, 0x1001, 0x3846, 0x584a, 0x604b, 
  0x604c, 0x688c, 0x3886, 0x0800, 0x0000, 0x0000, 0x0000, 0x0000, 0x0000, 0x0000, 0x0000, 0x0000, 
  0x0000, 0x0000, 0x0000, 0x0000, 0x0000, 0x0000, 0x0000, 0x0000, 0x0800, 0x40a6, 0x796d, 0x2844, 
  0x0000, 0x0000, 0x0000, 0x0000, 0x0000, 0x0000, 0x0000, 0x0000, 0x0000, 0x0000, 0x0000, 0x0000, 
  0x0000, 0x0000, 0x0000, 0x0000, 0x0000, 0x0000, 0x0000, 0x0000, 0x0000, 0x0000, 0x0000, 0x0000, 
  0x0000, 0x0000, 0x0000, 0x0000, 0x0000, 0x0000, 0x0000, 0x0000, 0x0000, 0x0000, 0x0000, 0x0000, 
  0x0000, 0x0000, 0x0000, 0x0000, 0x0000, 0x0000, 0x0000, 0x0000, 0x0000, 0x0000, 0x0000, 0x31a6, 
  0x630b, 0x0000, 0x0000, 0x0000, 0x0000, 0x0000, 0x0000, 0x0000, 0x0000, 0x0000, 0x0000, 0x0000, 
  0x0000, 0x0000, 0x0000, 0x0000, 0x0000, 0x0000, 0x0000, 0x0000, 0x0000, 0x0000, 0x0000, 0x0000, 
  0x0000, 0x0000, 0x0000, 0x0000, 0x0000, 0x0000, 0x0000, 0x0000, 0x0000, 0x0000, 0x0020, 0x4207, 
  0x4a48, 0x0020, 0x0000, 0x0000, 0x0000, 0x0000, 0x0000, 0x0000, 0x0000, 0x0000, 0x0000, 0x0000, 
  0x0000, 0x0000, 0x0000, 0x0000, 0x0000, 0x0000, 0x0000, 0x0000, 0x0000, 0x0000, 0x0000, 0x0000, 
  0x0000, 0x0000, 0x0000, 0x0000, 0x0000, 0x0000, 0x0000, 0x0000, 0x0000, 0x0000, 0x0000, 0x0000, 
  0x0000, 0x0000, 0x0000, 0x0000, 0x0000, 0x0000, 0x0000, 0x0000, 0x0000, 0x0000, 0x0000, 0x0000, 
  0x0000, 0x0000, 0x0000, 0x0000, 0x0000, 0x0000, 0x0000, 0x0000, 0x0000, 0x0000, 0x0000, 0x0000, 
  0x0000, 0x0000, 0x0000, 0x0000, 0x0000, 0x0000, 0x0000, 0x0000, 0x0000, 0x0000, 0x0000, 0x0000, 
  0x0000, 0x0000, 0x0000, 0x0000, 0x0000, 0x0000, 0x0000, 0x0000, 0x0000, 0x0000, 0x0000, 0x0000, 
  0x0000, 0x0000, 0x0000, 0x0000, 0x0000, 0x2044, 0x58ca, 0x4067, 0x1001, 0x0000, 0x0000, 0x0000, 
  0x0000, 0x0000, 0x0000, 0x0000, 0x0000, 0x0000, 0x0000, 0x0000, 0x0000, 0x0000, 0x0000, 0x0000, 
  0x0000, 0x0000, 0x0000, 0x0000, 0x0000, 0x0000, 0x0000, 0x0000, 0x0000, 0x0000, 0x0000, 0x0000, 
  0x0000, 0x0000, 0x0000, 0x0000, 0x0000, 0x0000, 0x0000, 0x0000, 0x0000, 0x0000, 0x0000, 0x0000, 
  0x0000, 0x0000, 0x0000, 0x0000, 0x0000, 0x0000, 0x0000, 0x0000, 0x0000, 0x0000, 0x0000, 0x0000, 
  0x0000, 0x0000, 0x0000, 0x0000, 0x0000, 0x0000, 0x0000, 0x0000, 0x0000, 0x0000, 0x0000, 0x0000, 
  0x0000, 0x0000, 0x0000, 0x0000, 0x0000, 0x0000, 0x0000, 0x0000, 0x0800, 0x2043, 0x38a6, 0x1001, 
  0x0000, 0x0000, 0x0000, 0x0000, 0x0000, 0x0000, 0x0000, 0x0000, 0x0000, 0x0000, 0x0000, 0x0000, 
  0x0000, 0x0000, 0x0000, 0x0000, 0x0000, 0x0000, 0x0000, 0x0000, 0x0000, 0x0000, 0x0000, 0x0000, 
  0x0000, 0x0000, 0x0000, 0x0000, 0x0000, 0x0000, 0x0000, 0x0000, 0x0000, 0x0000, 0x0000, 0x0000, 
  0x0000, 0x0000, 0x0800, 0x2024, 0x5049, 0x602a, 0x604b, 0x604b, 0x60ab, 0x2864, 0x0000, 0x0000, 
  0x0000, 0x0000, 0x0000, 0x0000, 0x0000, 0x0000, 0x0000, 0x0000, 0x0000, 0x0000, 0x0000, 0x0000, 
  0x0000, 0x0000, 0x0000, 0x1001, 0x590a, 0x6109, 0x1802, 0x0000, 0x0000, 0x0000, 0x0000, 0x0000, 
  0x0000, 0x0000, 0x0000, 0x0000, 0x0000, 0x0000, 0x0000, 0x0000, 0x0000, 0x0000, 0x0000, 0x0000, 
  0x0000, 0x0000, 0x0000, 0x0000, 0x0000, 0x0000, 0x0000, 0x0000, 0x0000, 0x0000, 0x0000, 0x0000, 
  0x0000, 0x0000, 0x0000, 0x0000, 0x0000, 0x0000, 0x0000, 0x0000, 0x0000, 0x0000, 0x0000, 0x0000, 
  0x0000, 0x0000, 0x0000, 0x0000, 0x0000, 0x0020, 0x5aeb, 0x39e7, 0x0000, 0x0000, 0x0000, 0x0000, 
  0x0000, 0x0000, 0x0000, 0x0000, 0x0000, 0x0000, 0x0000, 0x0000, 0x0000, 0x0000, 0x0000, 0x0000, 
  0x0000, 0x0000, 0x0000, 0x0000, 0x0000, 0x0000, 0x0000, 0x0000, 0x0000, 0x0000, 0x0000, 0x0000, 
  0x0000, 0x0000, 0x0000, 0x0000, 0x0000, 0x1082, 0x5aeb, 0x18a2, 0x0000, 0x0000, 0x0000, 0x0000, 
  0x0000, 0x0000, 0x0000, 0x0000, 0x0000, 0x0000, 0x0000, 0x0000, 0x0000, 0x0000, 0x0000, 0x0000, 
  0x0000, 0x0000, 0x0000, 0x0000, 0x0000, 0x0000, 0x0000, 0x0000, 0x0000, 0x0000, 0x0000, 0x0000, 
  0x0000, 0x0000, 0x0000, 0x0000, 0x0000, 0x0000, 0x0000, 0x0000, 0x0000, 0x0000, 0x0000, 0x0000, 
  0x0000, 0x0000, 0x0000, 0x0000, 0x0000, 0x0000, 0x0000, 0x0000, 0x0000, 0x0000, 0x0000, 0x0000, 
  0x0000, 0x0000, 0x0000, 0x0000, 0x0000, 0x0000, 0x0000, 0x0000, 0x0000, 0x0000, 0x0000, 0x0000, 
  0x0000, 0x0000, 0x0000, 0x0000, 0x0000, 0x0000, 0x0000, 0x0000, 0x0000, 0x0000, 0x0000, 0x0000, 
  0x0000, 0x0000, 0x0000, 0x0000, 0x0000, 0x0000, 0x0000, 0x0000, 0x0000, 0x0000, 0x0000, 0x1001, 
  0x4087, 0x60ca, 0x3866, 0x0801, 0x0000, 0x0000, 0x0000, 0x0000, 0x0000, 0x0000, 0x0000, 0x0000, 
  0x0000, 0x0000, 0x0000, 0x0000, 0x0000, 0x0000, 0x0000, 0x0000, 0x0000, 0x0000, 0x0000, 0x0000, 
  0x0000, 0x0000, 0x0000, 0x0000, 0x0000, 0x0000, 0x0000, 0x0000, 0x0000, 0x0000, 0x0000, 0x0000, 
  0x0000, 0x0000, 0x0000, 0x0000, 0x0000, 0x0000, 0x0000, 0x0000, 0x0000, 0x0000, 0x0000, 0x0000, 
  0x0000, 0x0000, 0x0000, 0x0000, 0x0000, 0x0000, 0x0000, 0x0000, 0x0000, 0x0000, 0x0000, 0x0000, 
  0x0000, 0x0000, 0x0000, 0x0000, 0x0000, 0x0000, 0x0000, 0x0000, 0x0000, 0x0000, 0x0000, 0x0000, 
  0x0000, 0x0000, 0x0000, 0x0800, 0x2885, 0x30a6, 0x0800, 0x0000, 0x0000, 0x0000, 0x0000, 0x0000, 
  0x0000, 0x0000, 0x0000, 0x0000, 0x0000, 0x0000, 0x0000, 0x0000, 0x0000, 0x0000, 0x0000, 0x0000, 
  0x0000, 0x0000, 0x0000, 0x0000, 0x0000, 0x0000, 0x0000, 0x0000, 0x0000, 0x0000, 0x0000, 0x0000, 
  0x0000, 0x0000, 0x0000, 0x0000, 0x0000, 0x0000, 0x0000, 0x0020, 0x0000, 0x1021, 0x4068, 0x602b, 
  0x682b, 0x682c, 0x684c, 0x60cb, 0x1843, 0x0000, 0x0000, 0x0000, 0x0000, 0x0000, 0x0000, 0x0000, 
  0x0000, 0x0000, 0x0000, 0x0000, 0x0000, 0x0000, 0x0000, 0x0000, 0x0000, 0x0800, 0x1823, 0x718c, 
  0x48c7, 0x0800, 0x0000, 0x0000, 0x0000, 0x0000, 0x0000, 0x0000, 0x0000, 0x0000, 0x0000, 0x0000, 
  0x0000, 0x0000, 0x0000, 0x0000, 0x0000, 0x0000, 0x0000, 0x0000, 0x0000, 0x0000, 0x0000, 0x0000, 
  0x0000, 0x0000, 0x0000, 0x0000, 0x0000, 0x0000, 0x0000, 0x0000, 0x0000, 0x0000, 0x0000, 0x0000, 
  0x0000, 0x0000, 0x0000, 0x0000, 0x0000, 0x0000, 0x0000, 0x0000, 0x0000, 0x0000, 0x0000, 0x0000, 
  0x18c2, 0x736d, 0x18e3, 0x0000, 0x0000, 0x0000, 0x0000, 0x0000, 0x0000, 0x0000, 0x0000, 0x0000, 
  0x0000, 0x0000, 0x0000, 0x0000, 0x0000, 0x0000, 0x0000, 0x0000, 0x0000, 0x0000, 0x0000, 0x0000, 
  0x0000, 0x0000, 0x0000, 0x0000, 0x0000, 0x0000, 0x0000, 0x0000, 0x0000, 0x0000, 0x0000, 0x0000, 
  0x2124, 0x630c, 0x1081, 0x0000, 0x0000, 0x0000, 0x0000, 0x0000, 0x0000, 0x0000, 0x0000, 0x0000, 
  0x0000, 0x0000, 0x0000, 0x0000, 0x0000, 0x0000, 0x0000, 0x0000, 0x0000, 0x0000, 0x0000, 0x0000, 
  0x0000, 0x0000, 0x0000, 0x0000, 0x0000, 0x0000, 0x0000, 0x0000, 0x0000, 0x0000, 0x0020, 0x0000, 
  0x0000, 0x0000, 0x0000, 0x0000, 0x0000, 0x0000, 0x0000, 0x0000, 0x0000, 0x0000, 0x0000, 0x0000, 
  0x0000, 0x0000, 0x0000, 0x0000, 0x0000, 0x0000, 0x0000, 0x0000, 0x0000, 0x0000, 0x0000, 0x0000, 
  0x0000, 0x0000, 0x0000, 0x0000, 0x0000, 0x0000, 0x0000, 0x0000, 0x0000, 0x0000, 0x0000, 0x0000, 
  0x0000, 0x0000, 0x0000, 0x0000, 0x0000, 0x0000, 0x0000, 0x0000, 0x0000, 0x0000, 0x0000, 0x0000, 
  0x0000, 0x0000, 0x0000, 0x0000, 0x0000, 0x0000, 0x1822, 0x50a8, 0x60cb, 0x3065, 0x0800, 0x0000, 
  0x0000, 0x0000, 0x0000, 0x0000, 0x0000, 0x0000, 0x0000, 0x0000, 0x0000, 0x0000, 0x0000, 0x0000, 
  0x0000, 0x0000, 0x0000, 0x0000, 0x0000, 0x0000, 0x0000, 0x0000, 0x0000, 0x0000, 0x0000, 0x0000, 
  0x0000, 0x0000, 0x0000, 0x0000, 0x0000, 0x0000, 0x0000, 0x0000, 0x0000, 0x0000, 0x0000, 0x0000, 
  0x0000, 0x0000, 0x0000, 0x0000, 0x0000, 0x0000, 0x0000, 0x0000, 0x0000, 0x0000, 0x0000, 0x0000, 
  0x0000, 0x0000, 0x0000, 0x0000, 0x0000, 0x0000, 0x0000, 0x0000, 0x0000, 0x0000, 0x0000, 0x0000, 
  0x0000, 0x0000, 0x0000, 0x0000, 0x0000, 0x0000, 0x0000, 0x0000, 0x0000, 0x0000, 0x0801, 0x38c6, 
  0x2884, 0x0000, 0x0000, 0x0000, 0x0000, 0x0000, 0x0000, 0x0000, 0x0000, 0x0000, 0x0000, 0x0000, 
  0x0000, 0x0000, 0x0000, 0x0000, 0x0000, 0x0000, 0x0000, 0x0000, 0x0000, 0x0000, 0x0000, 0x0000, 
  0x0000, 0x0000, 0x0000, 0x0000, 0x0000, 0x0000, 0x0000, 0x0000, 0x0000, 0x0000, 0x0000, 0x0000, 
  0x0000, 0x0000, 0x0000, 0x0801, 0x3066, 0x604b, 0x682c, 0x700c, 0x682c, 0x684d, 0x50a9, 0x1001, 
  0x0000, 0x0000, 0x0000, 0x0000, 0x0000, 0x0000, 0x0000, 0x0000, 0x0000, 0x0000, 0x0000, 0x0000, 
  0x0000, 0x0000, 0x0000, 0x0000, 0x0800, 0x38a6, 0x798d, 0x3044, 0x0800, 0x0000, 0x0000, 0x0000, 
  0x0000, 0x0000, 0x0000, 0x0000, 0x0000, 0x0000, 0x0000, 0x0000, 0x0000, 0x0000, 0x0000, 0x0000, 
  0x0000, 0x0000, 0x0000, 0x0000, 0x0000, 0x0000, 0x0000, 0x0000, 0x0000, 0x0000, 0x0000, 0x0000, 
  0x0000, 0x0000, 0x0000, 0x0000, 0x0000, 0x0000, 0x0000, 0x0000, 0x0000, 0x0000, 0x0000, 0x0000, 
  0x0000, 0x0000, 0x0000, 0x0000, 0x0000, 0x0000, 0x0000, 0x39e7, 0x738d, 0x0840, 0x0000, 0x0000, 
  0x0000, 0x0000, 0x0000, 0x0000, 0x0000, 0x0000, 0x0000, 0x0000, 0x0000, 0x0000, 0x0000, 0x0000, 
  0x0000, 0x0000, 0x0000, 0x0000, 0x0000, 0x0000, 0x0000, 0x0000, 0x0000, 0x0000, 0x0000, 0x0000, 
  0x0000, 0x0000, 0x0000, 0x0000, 0x0000, 0x0000, 0x0000, 0x4a48, 0x5aeb, 0x0000, 0x0000, 0x0000, 
  0x0000, 0x0000, 0x0000, 0x0000, 0x0000, 0x0000, 0x0000, 0x0000, 0x0000, 0x0000, 0x0000, 0x0000, 
  0x0000, 0x0000, 0x0000, 0x0000, 0x0000, 0x0000, 0x0000, 0x0000, 0x0000, 0x0000, 0x0000, 0x0000, 
  0x0000, 0x0000, 0x0000, 0x0020, 0x0800, 0x1863, 0x1062, 0x0000, 0x0000, 0x0000, 0x0000, 0x0000, 
  0x0000, 0x0000, 0x0000, 0x0000, 0x0000, 0x0000, 0x0000, 0x0000, 0x0000, 0x0000, 0x0000, 0x0000, 
  0x0000, 0x0000, 0x0000, 0x0000, 0x0000, 0x0000, 0x0000, 0x0000, 0x0000, 0x0000, 0x0000, 0x0000, 
  0x0000, 0x0000, 0x0000, 0x0000, 0x0000, 0x0000, 0x0000, 0x0000, 0x0000, 0x0000, 0x0000, 0x0000, 
  0x0000, 0x0000, 0x0000, 0x0000, 0x0000, 0x0000, 0x0000, 0x0000, 0x0000, 0x0000, 0x0000, 0x0000, 
  0x0800, 0x2845, 0x58ca, 0x58ca, 0x2844, 0x0000, 0x0000, 0x0000, 0x0000, 0x0000, 0x0000, 0x0000, 
  0x0000, 0x0000, 0x0000, 0x0000, 0x0000, 0x0000, 0x0000, 0x0000, 0x0000, 0x0000, 0x0000, 0x0000, 
  0x0000, 0x0000, 0x0000, 0x0000, 0x0000, 0x0000, 0x0000, 0x0000, 0x0000, 0x0000, 0x0000, 0x0000, 
  0x0000, 0x0000, 0x0000, 0x0000, 0x0000, 0x0000, 0x0000, 0x0000, 0x0000, 0x0000, 0x0000, 0x0000, 
  0x0000, 0x0000, 0x0000, 0x0000, 0x0000, 0x0000, 0x0000, 0x0000, 0x0000, 0x0000, 0x0000, 0x0000, 
  0x0000, 0x0000, 0x0000, 0x0000, 0x0000, 0x0000, 0x0000, 0x0000, 0x0000, 0x0000, 0x0000, 0x0000, 
  0x0000, 0x0000, 0x0000, 0x0000, 0x0000, 0x1021, 0x38c7, 0x1843, 0x0000, 0x0000, 0x0000, 0x0000, 
  0x0000, 0x0000, 0x0000, 0x0000, 0x0000, 0x0000, 0x0000, 0x0000, 0x0000, 0x0000, 0x0000, 0x0000, 
  0x0000, 0x0000, 0x0000, 0x0000, 0x0000, 0x0000, 0x0000, 0x0000, 0x0000, 0x0000, 0x0000, 0x0000, 
  0x0000, 0x0000, 0x0000, 0x0000, 0x0000, 0x0000, 0x0000, 0x0000, 0x0000, 0x0800, 0x2043, 0x58ab, 
  0x702d, 0x700d, 0x702d, 0x702d, 0x706d, 0x4088, 0x0000, 0x0000, 0x0000, 0x0000, 0x0000, 0x0000, 
  0x0000, 0x0000, 0x0000, 0x0000, 0x0000, 0x0000, 0x0000, 0x0000, 0x0000, 0x0020, 0x0800, 0x1802, 
  0x614a, 0x694b, 0x1001, 0x0000, 0x0000, 0x0000, 0x0000, 0x0000, 0x0000, 0x0000, 0x0000, 0x0000, 
  0x0000, 0x0000, 0x0000, 0x0000, 0x0000, 0x0000, 0x0000, 0x0000, 0x0000, 0x0000, 0x0000, 0x0000, 
  0x0000, 0x0000, 0x0000, 0x0000, 0x0000, 0x0000, 0x0000, 0x0000, 0x0000, 0x0000, 0x0000, 0x0000, 
  0x0000, 0x0000, 0x0000, 0x0000, 0x0000, 0x0000, 0x0000, 0x0000, 0x0000, 0x0000, 0x0000, 0x0000, 
  0x0000, 0x0020, 0x5aca, 0x4a48, 0x0000, 0x0000, 0x0000, 0x0000, 0x0000, 0x0000, 0x0000, 0x0000, 
  0x0000, 0x0000, 0x0000, 0x0000, 0x0000, 0x0000, 0x0000, 0x0000, 0x0000, 0x0000, 0x0000, 0x0000, 
  0x0000, 0x0000, 0x0000, 0x0000, 0x0000, 0x0000, 0x0000, 0x0000, 0x0000, 0x0000, 0x0000, 0x0000, 
  0x0000, 0x1061, 0x632c, 0x3186, 0x0000, 0x0000, 0x0000, 0x0000, 0x0000, 0x0000, 0x0000, 0x0000, 
  0x0000, 0x0000, 0x0000, 0x0000, 0x0000, 0x0000, 0x0000, 0x0000, 0x0000, 0x0000, 0x0000, 0x0000, 
  0x0000, 0x0000, 0x0000, 0x0000, 0x0000, 0x0000, 0x0000, 0x0000, 0x0000, 0x0000, 0x0000, 0x0821, 
  0x30e5, 0x1883, 0x0000, 0x0000, 0x0000, 0x0000, 0x0000, 0x0000, 0x0000, 0x0000, 0x0000, 0x0000, 
  0x0000, 0x0000, 0x0000, 0x0000, 0x0000, 0x0000, 0x0000, 0x0000, 0x0000, 0x0000, 0x0000, 0x0000, 
  0x0000, 0x0000, 0x0000, 0x0000, 0x0000, 0x0000, 0x0000, 0x0000, 0x0000, 0x0000, 0x0000, 0x0000, 
  0x0000, 0x0000, 0x0000, 0x0000, 0x0000, 0x0000, 0x0000, 0x0000, 0x0000, 0x0000, 0x0000, 0x0000, 
  0x0000, 0x0000, 0x0000, 0x0000, 0x0000, 0x0000, 0x0000, 0x1001, 0x4087, 0x588a, 0x50a8, 0x1022, 
  0x0000, 0x0000, 0x0000, 0x0000, 0x0000, 0x0000, 0x0000, 0x0000, 0x0000, 0x0000, 0x0000, 0x0000, 
  0x0000, 0x0000, 0x0000, 0x0000, 0x0000, 0x0000, 0x0000, 0x0000, 0x0000, 0x0000, 0x0000, 0x0000, 
  0x0000, 0x0000, 0x0000, 0x0000, 0x0000, 0x0000, 0x0000, 0x0000, 0x0000, 0x0000, 0x0000, 0x0000, 
  0x0000, 0x0000, 0x0000, 0x0000, 0x0000, 0x0000, 0x0000, 0x0000, 0x0000, 0x0000, 0x0000, 0x0000, 
  0x0000, 0x0000, 0x0000, 0x0000, 0x0000, 0x0000, 0x0000, 0x0000, 0x0000, 0x0000, 0x0000, 0x0000, 
  0x0000, 0x0000, 0x0000, 0x0000, 0x0000, 0x0000, 0x0000, 0x0000, 0x0000, 0x0000, 0x0000, 0x0000, 
  0x1022, 0x38c6, 0x1022, 0x0000, 0x0000, 0x0000, 0x0000, 0x0000, 0x0000, 0x0000, 0x0000, 0x0000, 
  0x0000, 0x0000, 0x0000, 0x0000, 0x0000, 0x0000, 0x0000, 0x0000, 0x0000, 0x0000, 0x0000, 0x0000, 
  0x0000, 0x0000, 0x0000, 0x0000, 0x0000, 0x0000, 0x0000, 0x0000, 0x0000, 0x0000, 0x0000, 0x0000, 
  0x0000, 0x0000, 0x0000, 0x0000, 0x0801, 0x4067, 0x684d, 0x702d, 0x700d, 0x702d, 0x702d, 0x708d, 
  0x3866, 0x0000, 0x0000, 0x0000, 0x0000, 0x0000, 0x0000, 0x0000, 0x0000, 0x0000, 0x0000, 0x0000, 
  0x0000, 0x0000, 0x0000, 0x0000, 0x0000, 0x0800, 0x2823, 0x798c, 0x40a6, 0x0800, 0x0000, 0x0000, 
  0x0000, 0x0000, 0x0000, 0x0000, 0x0000, 0x0000, 0x0000, 0x0000, 0x0000, 0x0000, 0x0000, 0x0000, 
  0x0000, 0x0000, 0x0000, 0x0000, 0x0000, 0x0000, 0x0000, 0x0000, 0x0000, 0x0000, 0x0000, 0x0000, 
  0x0000, 0x0000, 0x0000, 0x0000, 0x0000, 0x0000, 0x0000, 0x0000, 0x0000, 0x0000, 0x0000, 0x0000, 
  0x0000, 0x0000, 0x0000, 0x0000, 0x0000, 0x0000, 0x0000, 0x0000, 0x1061, 0x632c, 0x2104, 0x0000, 
  0x0000, 0x0000, 0x0000, 0x0000, 0x0000, 0x0000, 0x0000, 0x0000, 0x0000, 0x0000, 0x0000, 0x0000, 
  0x0000, 0x0000, 0x0000, 0x0000, 0x0000, 0x0000, 0x0000, 0x0000, 0x0000, 0x0000, 0x0000, 0x0000, 
  0x0000, 0x0000, 0x0000, 0x0000, 0x0000, 0x0000, 0x0000, 0x0000, 0x2103, 0x738d, 0x20e3, 0x0000, 
  0x0000, 0x0000, 0x0000, 0x0000, 0x0000, 0x0000, 0x0000, 0x0000, 0x0000, 0x0000, 0x0000, 0x0000, 
  0x0000, 0x0000, 0x0000, 0x0000, 0x0000, 0x0000, 0x0000, 0x0000, 0x0000, 0x0000, 0x0000, 0x0000, 
  0x0000, 0x0000, 0x0000, 0x0000, 0x0000, 0x0000, 0x1021, 0x3906, 0x1042, 0x0000, 0x0000, 0x0000, 
  0x0000, 0x0000, 0x0000, 0x0000, 0x0000, 0x0000, 0x0000, 0x0000, 0x0000, 0x0000, 0x0000, 0x0000, 
  0x0000, 0x0000, 0x0000, 0x0000, 0x0000, 0x0000, 0x0000, 0x0000, 0x0000, 0x0000, 0x0000, 0x0000, 
  0x0000, 0x0000, 0x0000, 0x0000, 0x0000, 0x0000, 0x0000, 0x0000, 0x0000, 0x0000, 0x0000, 0x0000, 
  0x0000, 0x0000, 0x0000, 0x0000, 0x0000, 0x0000, 0x0000, 0x0000, 0x0000, 0x0000, 0x0000, 0x0000, 
  0x0000, 0x0000, 0x1823, 0x4869, 0x586a, 0x4067, 0x1001, 0x0000, 0x0000, 0x0000, 0x0000, 0x0000, 
  0x0000, 0x0000, 0x0000, 0x0000, 0x0000, 0x0000, 0x0000, 0x0000, 0x0000, 0x0000, 0x0000, 0x0000, 
  0x0000, 0x0000, 0x0000, 0x0000, 0x0000, 0x0000, 0x0000, 0x0000, 0x0000, 0x0000, 0x0000, 0x0000, 
  0x0000, 0x0000, 0x0000, 0x0000, 0x0000, 0x0000, 0x0000, 0x0000, 0x0000, 0x0000, 0x0000, 0x0000, 
  0x0000, 0x0000, 0x0000, 0x0000, 0x0000, 0x0000, 0x0000, 0x0000, 0x0000, 0x0000, 0x0000, 0x0000, 
  0x0000, 0x0000, 0x0000, 0x0000, 0x0000, 0x0000, 0x0000, 0x0000, 0x0000, 0x0000, 0x0000, 0x0000, 
  0x0000, 0x0000, 0x0000, 0x0000, 0x0000, 0x0000, 0x0800, 0x2063, 0x30a6, 0x1001, 0x0000, 0x0000, 
  0x0000, 0x0000, 0x0000, 0x0000, 0x0000, 0x0000, 0x0000, 0x0000, 0x0000, 0x0000, 0x0000, 0x0000, 
  0x0000, 0x0000, 0x0000, 0x0000, 0x0000, 0x0000, 0x0000, 0x0000, 0x0000, 0x0000, 0x0000, 0x0000, 
  0x0000, 0x0000, 0x0000, 0x0000, 0x0000, 0x0000, 0x0000, 0x0000, 0x0000, 0x0000, 0x0800, 0x2845, 
  0x604c, 0x702d, 0x702d, 0x700d, 0x702d, 0x702e, 0x688d, 0x2844, 0x0000, 0x0000, 0x0000, 0x0000, 
  0x0000, 0x0000, 0x0000, 0x0000, 0x0000, 0x0000, 0x0000, 0x0000, 0x0000, 0x0000, 0x0000, 0x0000, 
  0x1000, 0x40a8, 0x694b, 0x2023, 0x0000, 0x0000, 0x0000, 0x0000, 0x0000, 0x0000, 0x0000, 0x0000, 
  0x0000, 0x0000, 0x0000, 0x0000, 0x0000, 0x0000, 0x0000, 0x0000, 0x0000, 0x0000, 0x0000, 0x0000, 
  0x0000, 0x0000, 0x0000, 0x0000, 0x0000, 0x0000, 0x0000, 0x0000, 0x0000, 0x0000, 0x0000, 0x0000, 
  0x0000, 0x0000, 0x0000, 0x0000, 0x0000, 0x0000, 0x0000, 0x0000, 0x0000, 0x0000, 0x0000, 0x0000, 
  0x0000, 0x0000, 0x0000, 0x31a6, 0x630c, 0x0861, 0x0000, 0x0000, 0x0000, 0x0000, 0x0000, 0x0000, 
  0x0000, 0x0000, 0x0000, 0x0000, 0x0000, 0x0000, 0x0000, 0x0000, 0x0000, 0x0000, 0x0000, 0x0000, 
  0x0000, 0x0000, 0x0000, 0x0000, 0x0000, 0x0000, 0x0000, 0x0000, 0x0000, 0x0000, 0x0000, 0x0000, 
  0x0000, 0x0000, 0x0000, 0x4a28, 0x5289, 0x0020, 0x0000, 0x0000, 0x0000, 0x0000, 0x0000, 0x0000, 
  0x0000, 0x0000, 0x0000, 0x0000, 0x0000, 0x0000, 0x0000, 0x0000, 0x0000, 0x0000, 0x0000, 0x0000, 
  0x0000, 0x0000, 0x0000, 0x0000, 0x0000, 0x0000, 0x0000, 0x0000, 0x0000, 0x0000, 0x0000, 0x0020, 
  0x0800, 0x3084, 0x4107, 0x0800, 0x0000, 0x0000, 0x0000, 0x0000, 0x0000, 0x0000, 0x0000, 0x0000, 
  0x0000, 0x0000, 0x0000, 0x0000, 0x0000, 0x0000, 0x0000, 0x0000, 0x0000, 0x0000, 0x0000, 0x0000, 
  0x0000, 0x0000, 0x0000, 0x0000, 0x0000, 0x0000, 0x0000, 0x0000, 0x0000, 0x0000, 0x0000, 0x0000, 
  0x0000, 0x0000, 0x0000, 0x0000, 0x0000, 0x0000, 0x0000, 0x0000, 0x0000, 0x0000, 0x0000, 0x0000, 
  0x0000, 0x0000, 0x0000, 0x0000, 0x0000, 0x0000, 0x0000, 0x0000, 0x0801, 0x3046, 0x5069, 0x5069, 
  0x3046, 0x0800, 0x0000, 0x0000, 0x0000, 0x0000, 0x0000, 0x0000, 0x0000, 0x0000, 0x0000, 0x0000, 
  0x0000, 0x0000, 0x0000, 0x0000, 0x0000, 0x0000, 0x0000, 0x0000, 0x0000, 0x0000, 0x0000, 0x0000, 
  0x0000, 0x0000, 0x0000, 0x0000, 0x0000, 0x0000, 0x0000, 0x0000, 0x0000, 0x0000, 0x0000, 0x0000, 
  0x0000, 0x0000, 0x0000, 0x0000, 0x0000, 0x0000, 0x0000, 0x0000, 0x0000, 0x0000, 0x0000, 0x0000, 
  0x0000, 0x0000, 0x0000, 0x0000, 0x0000, 0x0000, 0x0000, 0x0000, 0x0000, 0x0000, 0x0000, 0x0000, 
  0x0000, 0x0000, 0x0000, 0x0000, 0x0000, 0x0000, 0x0000, 0x0000, 0x0000, 0x0000, 0x0000, 0x0000, 
  0x0000, 0x0800, 0x2865, 0x2885, 0x0801, 0x0000, 0x0000, 0x0000, 0x0000, 0x0000, 0x0000, 0x0000, 
  0x0000, 0x0000, 0x0000, 0x0000, 0x0000, 0x0000, 0x0000, 0x0000, 0x0000, 0x0000, 0x0000, 0x0000, 
  0x0000, 0x0000, 0x0000, 0x0000, 0x0000, 0x0000, 0x0000, 0x0000, 0x0000, 0x0000, 0x0000, 0x0000, 
  0x0000, 0x0000, 0x0000, 0x0000, 0x0000, 0x1823, 0x506a, 0x702e, 0x700e, 0x780e, 0x780e, 0x702e, 
  0x702e, 0x688c, 0x2023, 0x0000, 0x0000, 0x0000, 0x0000, 0x0000, 0x0000, 0x0000, 0x0000, 0x0820, 
  0x0820, 0x0000, 0x0000, 0x0000, 0x0000, 0x0000, 0x0000, 0x1021, 0x5129, 0x5109, 0x0801, 0x0000, 
  0x0000, 0x0000, 0x0000, 0x0000, 0x0000, 0x0000, 0x0000, 0x0000, 0x0000, 0x0000, 0x0000, 0x0000, 
  0x0000, 0x0000, 0x0000, 0x0000, 0x0000, 0x0000, 0x0000, 0x0000, 0x0000, 0x0000, 0x0000, 0x0000, 
  0x0000, 0x0000, 0x0000, 0x0000, 0x0000, 0x0000, 0x0000, 0x0000, 0x0000, 0x0000, 0x0000, 0x0000, 
  0x0000, 0x0000, 0x0000, 0x0000, 0x0000, 0x0000, 0x0000, 0x0000, 0x0000, 0x0020, 0x5269, 0x4a49, 
  0x0000, 0x0000, 0x0000, 0x0000, 0x0000, 0x0000, 0x0000, 0x0000, 0x0000, 0x0000, 0x0000, 0x0000, 
  0x0000, 0x0000, 0x0000, 0x0000, 0x0000, 0x0000, 0x0000, 0x0000, 0x0000, 0x0000, 0x0000, 0x0000, 
  0x0000, 0x0000, 0x0000, 0x0000, 0x0000, 0x0000, 0x0000, 0x0000, 0x0000, 0x0020, 0x5aca, 0x39c6, 
  0x0000, 0x0000, 0x0000, 0x0000, 0x0000, 0x0000, 0x0000, 0x0000, 0x0000, 0x0000, 0x0000, 0x0000, 
  0x0000, 0x0000, 0x0000, 0x0000, 0x0000, 0x0000, 0x0000, 0x0000, 0x0000, 0x0000, 0x0000, 0x0000, 
  0x0000, 0x0000, 0x0000, 0x0000, 0x0000, 0x0000, 0x0000, 0x0800, 0x4907, 0x38c5, 0x0800, 0x0000, 
  0x0000, 0x0000, 0x0000, 0x0000, 0x0000, 0x0000, 0x0000, 0x0000, 0x0000, 0x0000, 0x0000, 0x0000, 
  0x0000, 0x0000, 0x0000, 0x0000, 0x0000, 0x0000, 0x0000, 0x0000, 0x0000, 0x0000, 0x0000, 0x0000, 
  0x0000, 0x0000, 0x0000, 0x0000, 0x0000, 0x0000, 0x0000, 0x0000, 0x0000, 0x0000, 0x0000, 0x0000, 
  0x0000, 0x0000, 0x0000, 0x0000, 0x0000, 0x0000, 0x0000, 0x0000, 0x0000, 0x0000, 0x0000, 0x0000, 
  0x0000, 0x0000, 0x0000, 0x1022, 0x4888, 0x504a, 0x5069, 0x2844, 0x0000, 0x0000, 0x0000, 0x0000, 
  0x0000, 0x0000, 0x0000, 0x0000, 0x0000, 0x0000, 0x0000, 0x0000, 0x0000, 0x0000, 0x0000, 0x0000, 
  0x0000, 0x0000, 0x0000, 0x0000, 0x0000, 0x0000, 0x0000, 0x0000, 0x0000, 0x0000, 0x0000, 0x0000, 
  0x0000, 0x0000, 0x0000, 0x0000, 0x0000, 0x0000, 0x0000, 0x0000, 0x0000, 0x0000, 0x0000, 0x0000, 
  0x0000, 0x0000, 0x0000, 0x0000, 0x0000, 0x0000, 0x0000, 0x0000, 0x0000, 0x0000, 0x0000, 0x0000, 
  0x0000, 0x0000, 0x0000, 0x0000, 0x0000, 0x0000, 0x0000, 0x0000, 0x0000, 0x0000, 0x0000, 0x0000, 
  0x0000, 0x0000, 0x0000, 0x0000, 0x0000, 0x0000, 0x0000, 0x0000, 0x0801, 0x28a5, 0x2885, 0x0800, 
  0x0000, 0x0000, 0x0000, 0x0000, 0x0000, 0x0000, 0x0000, 0x0000, 0x0000, 0x0000, 0x0000, 0x0000, 
  0x0000, 0x0000, 0x0000, 0x0000, 0x0000, 0x0000, 0x0000, 0x0000, 0x0000, 0x0000, 0x0000, 0x0000, 
  0x0000, 0x0000, 0x0000, 0x0000, 0x0000, 0x0000, 0x0000, 0x0000, 0x0000, 0x0000, 0x0000, 0x0801, 
  0x3867, 0x684d, 0x780e, 0x780e, 0x780e, 0x780e, 0x780e, 0x782e, 0x606b, 0x1822, 0x0000, 0x0000, 
  0x0000, 0x0000, 0x0000, 0x0000, 0x0000, 0x0000, 0x1042, 0x1862, 0x0000, 0x0000, 0x0000, 0x0000, 
  0x0000, 0x0800, 0x1842, 0x5949, 0x30a5, 0x0000, 0x0000, 0x0000, 0x0000, 0x0000, 0x0000, 0x0000, 
  0x0000, 0x0000, 0x0000, 0x0000, 0x0000, 0x0000, 0x0000, 0x0000, 0x0000, 0x0000, 0x0000, 0x0000, 
  0x0000, 0x0000, 0x0000, 0x0000, 0x0000, 0x0000, 0x0000, 0x0000, 0x0000, 0x0000, 0x0000, 0x0000, 
  0x0000, 0x0000, 0x0000, 0x0000, 0x0000, 0x0000, 0x0000, 0x0000, 0x0000, 0x0000, 0x0000, 0x0000, 
  0x0000, 0x0000, 0x0000, 0x0000, 0x1081, 0x7bce, 0x2104, 0x0000, 0x0000, 0x0000, 0x0000, 0x0000, 
  0x0000, 0x0000, 0x0000, 0x0000, 0x0000, 0x0000, 0x0000, 0x0000, 0x0000, 0x0000, 0x0000, 0x0000, 
  0x0000, 0x0000, 0x0000, 0x0000, 0x0000, 0x0000, 0x0000, 0x0000, 0x0000, 0x0000, 0x0000, 0x0000, 
  0x0000, 0x0000, 0x0000, 0x0000, 0x10a2, 0x7bae, 0x18e3, 0x0000, 0x0000, 0x0000, 0x0000, 0x0000, 
  0x0000, 0x0000, 0x0000, 0x0000, 0x0000, 0x0000, 0x0000, 0x0000, 0x0000, 0x0000, 0x0000, 0x0000, 
  0x0000, 0x0000, 0x0000, 0x0000, 0x0000, 0x0000, 0x0000, 0x0000, 0x0000, 0x0000, 0x0000, 0x0000, 
  0x0000, 0x0800, 0x1821, 0x6189, 0x2043, 0x0800, 0x0000, 0x0000, 0x0000, 0x0000, 0x0000, 0x0000, 
  0x0000, 0x0000, 0x0000, 0x0000, 0x0000, 0x0000, 0x0000, 0x0000, 0x0000, 0x0000, 0x0000, 0x0000, 
  0x0000, 0x0000, 0x0000, 0x0000, 0x0000, 0x0000, 0x0000, 0x0000, 0x0000, 0x0000, 0x0000, 0x0000, 
  0x0000, 0x0000, 0x0000, 0x0000, 0x0000, 0x0000, 0x0000, 0x0000, 0x0000, 0x0000, 0x0000, 0x0000, 
  0x0000, 0x0000, 0x0000, 0x0000, 0x0000, 0x0000, 0x0000, 0x0000, 0x0000, 0x0000, 0x2023, 0x5089, 
  0x5849, 0x4848, 0x2023, 0x0000, 0x0000, 0x0000, 0x0000, 0x0000, 0x0000, 0x0000, 0x0000, 0x0000, 
  0x0000, 0x0000, 0x0000, 0x0000, 0x0000, 0x0000, 0x0000, 0x0000, 0x0000, 0x0000, 0x0000, 0x0000, 
  0x0000, 0x0000, 0x0000, 0x0000, 0x0000, 0x0000, 0x0000, 0x0000, 0x0000, 0x0000, 0x0800, 0x3045, 
  0x0000, 0x0000, 0x0000, 0x0000, 0x0000, 0x0000, 0x0000, 0x0000, 0x0000, 0x0000, 0x0000, 0x0000, 
  0x0000, 0x0000, 0x0000, 0x0000, 0x0000, 0x0000, 0x0000, 0x0000, 0x0000, 0x0000, 0x0000, 0x0000, 
  0x0000, 0x0000, 0x0000, 0x0000, 0x0000, 0x0000, 0x0000, 0x0000, 0x0000, 0x0000, 0x0000, 0x0000, 
  0x0000, 0x0000, 0x0000, 0x0801, 0x38c7, 0x2063, 0x0020, 0x0000, 0x0000, 0x0000, 0x0000, 0x0000, 
  0x0000, 0x0000, 0x0000, 0x0000, 0x0000, 0x0000, 0x0000, 0x0000, 0x0000, 0x0000, 0x0000, 0x0000, 
  0x0000, 0x0000, 0x0000, 0x0000, 0x0000, 0x0000, 0x0000, 0x0000, 0x0000, 0x0000, 0x0000, 0x0000, 
  0x0000, 0x0000, 0x0000, 0x0000, 0x0000, 0x0000, 0x2043, 0x608c, 0x784f, 0x800f, 0x800f, 0x800f, 
  0x800e, 0x800f, 0x802f, 0x506a, 0x1001, 0x0000, 0x0000, 0x0000, 0x0000, 0x0000, 0x0000, 0x0000, 
  0x0800, 0x28a4, 0x2083, 0x0000, 0x0000, 0x0000, 0x0000, 0x0000, 0x0000, 0x2084, 0x5148, 0x1842, 
  0x0000, 0x0000, 0x0000, 0x0000, 0x0000, 0x0000, 0x0000, 0x0000, 0x0000, 0x0000, 0x0000, 0x0000, 
  0x0000, 0x0000, 0x0000, 0x0000, 0x0000, 0x0000, 0x0000, 0x0000, 0x0000, 0x0000, 0x0000, 0x0000, 
  0x0000, 0x0000, 0x0000, 0x0000, 0x0000, 0x0000, 0x0000, 0x0000, 0x0000, 0x0000, 0x0000, 0x0000, 
  0x0000, 0x0000, 0x0000, 0x0000, 0x0000, 0x0000, 0x0000, 0x0000, 0x0000, 0x0000, 0x0000, 0x2944, 
  0x630c, 0x10a2, 0x0000, 0x0000, 0x0000, 0x0000, 0x0000, 0x0000, 0x0000, 0x0000, 0x0000, 0x0000, 
  0x0000, 0x0000, 0x0000, 0x0000, 0x0000, 0x0000, 0x0000, 0x0000, 0x0000, 0x0000, 0x0000, 0x0000, 
  0x0000, 0x0000, 0x0000, 0x0000, 0x0000, 0x0000, 0x0000, 0x0000, 0x0000, 0x0000, 0x0000, 0x3185, 
  0x62eb, 0x1082, 0x0000, 0x0000, 0x0000, 0x0000, 0x0000, 0x0000, 0x0000, 0x0000, 0x0000, 0x0000, 
  0x0000, 0x0000, 0x0000, 0x0000, 0x0000, 0x0000, 0x0000, 0x0000, 0x0000, 0x0000, 0x0000, 0x0000, 
  0x0000, 0x0000, 0x0000, 0x0000, 0x0000, 0x0000, 0x0000, 0x0000, 0x0800, 0x2884, 0x69cb, 0x2063, 
  0x0000, 0x0000, 0x0000, 0x0000, 0x0000, 0x0000, 0x0000, 0x0000, 0x0000, 0x0000, 0x0000, 0x0000, 
  0x0000, 0x0000, 0x0000, 0x0000, 0x0000, 0x0000, 0x0000, 0x0000, 0x0000, 0x0000, 0x0000, 0x0000, 
  0x0000, 0x0000, 0x0000, 0x0000, 0x0000, 0x0000, 0x0000, 0x0000, 0x0000, 0x0000, 0x0000, 0x0000, 
  0x0000, 0x0000, 0x0000, 0x0000, 0x0000, 0x0000, 0x0000, 0x0000, 0x0000, 0x0000, 0x0000, 0x0000, 
  0x0000, 0x0000, 0x0000, 0x0000, 0x0801, 0x3066, 0x506a, 0x584a, 0x4068, 0x1022, 0x0000, 0x0000, 
  0x0000, 0x0000, 0x0000, 0x0000, 0x0000, 0x0000, 0x0000, 0x0000, 0x0000, 0x0000, 0x0000, 0x0000, 
  0x0000, 0x0000, 0x0000, 0x0000, 0x0000, 0x0000, 0x0000, 0x0000, 0x0000, 0x0000, 0x0000, 0x0000, 
  0x0000, 0x0000, 0x0000, 0x0000, 0x0000, 0x0801, 0x50c9, 0x688b, 0x0000, 0x0000, 0x0000, 0x0000, 
  0x0000, 0x0000, 0x0000, 0x0000, 0x0000, 0x0000, 0x0000, 0x0000, 0x0000, 0x0000, 0x0000, 0x0000, 
  0x0000, 0x0000, 0x0000, 0x0000, 0x0000, 0x0000, 0x0000, 0x0000, 0x0000, 0x0000, 0x0000, 0x0000, 
  0x0000, 0x0000, 0x0000, 0x0000, 0x0000, 0x0000, 0x0000, 0x0000, 0x0000, 0x0000, 0x1022, 0x40e8, 
  0x1822, 0x0000, 0x0000, 0x0000, 0x0000, 0x0000, 0x0000, 0x0000, 0x0000, 0x0000, 0x0000, 0x0000, 
  0x0000, 0x0000, 0x0000, 0x0000, 0x0000, 0x0000, 0x0000, 0x0000, 0x0000, 0x0000, 0x0000, 0x0000, 
  0x0800, 0x2083, 0x0820, 0x0000, 0x0000, 0x0000, 0x0000, 0x0000, 0x0000, 0x0000, 0x0000, 0x0000, 
  0x1021, 0x5089, 0x786f, 0x802f, 0x8010, 0x800f, 0x800f, 0x800f, 0x800f, 0x804e, 0x4868, 0x1001, 
  0x0000, 0x0000, 0x0000, 0x0000, 0x0000, 0x0000, 0x0000, 0x1001, 0x38e6, 0x1842, 0x0800, 0x0000, 
  0x0000, 0x0000, 0x0000, 0x0800, 0x38e6, 0x30c5, 0x0800, 0x0000, 0x0000, 0x0000, 0x0000, 0x0000, 
  0x0000, 0x0000, 0x0000, 0x0000, 0x0000, 0x0000, 0x0000, 0x0000, 0x0000, 0x0000, 0x0000, 0x0000, 
  0x0000, 0x0000, 0x0000, 0x0000, 0x0000, 0x0000, 0x0000, 0x0000, 0x0000, 0x0000, 0x0000, 0x0000, 
  0x0000, 0x0000, 0x0000, 0x0000, 0x0000, 0x0000, 0x0000, 0x0000, 0x0000, 0x0000, 0x0000, 0x0000, 
  0x0000, 0x0000, 0x0000, 0x0000, 0x0000, 0x0000, 0x5289, 0x528a, 0x0000, 0x0000, 0x0000, 0x0000, 
  0x0000, 0x0000, 0x0000, 0x0000, 0x0000, 0x0000, 0x0000, 0x0000, 0x0000, 0x0000, 0x0000, 0x0000, 
  0x0000, 0x0000, 0x0000, 0x0000, 0x0000, 0x0000, 0x0000, 0x0000, 0x0000, 0x0000, 0x0000, 0x0000, 
  0x0000, 0x0000, 0x0000, 0x0000, 0x0000, 0x0000, 0x52aa, 0x52aa, 0x0020, 0x0000, 0x0000, 0x0000, 
  0x0000, 0x0000, 0x0000, 0x0000, 0x0000, 0x0000, 0x0000, 0x0000, 0x0000, 0x0000, 0x0000, 0x0000, 
  0x0000, 0x0000, 0x0000, 0x0000, 0x0000, 0x0000, 0x0000, 0x0000, 0x0000, 0x0000, 0x0000, 0x0000, 
  0x0000, 0x0000, 0x0000, 0x0801, 0x48c7, 0x618a, 0x1001, 0x0020, 0x0000, 0x0000, 0x0000, 0x0000, 
  0x0000, 0x0000, 0x0000, 0x0000, 0x0000, 0x0000, 0x0000, 0x0000, 0x0000, 0x0000, 0x0000, 0x0000, 
  0x0000, 0x0000, 0x0000, 0x0000, 0x0000, 0x0000, 0x0000, 0x0000, 0x0000, 0x0000, 0x0000, 0x0000, 
  0x0000, 0x0000, 0x0000, 0x0000, 0x0000, 0x0000, 0x0000, 0x0000, 0x0000, 0x0000, 0x0000, 0x0000, 
  0x0000, 0x0000, 0x0000, 0x0000, 0x0000, 0x0000, 0x0000, 0x0000, 0x0000, 0x0000, 0x0000, 0x1822, 
  0x4888, 0x584a, 0x586b, 0x3887, 0x0801, 0x0000, 0x0000, 0x0000, 0x0000, 0x0000, 0x0000, 0x0000, 
  0x0000, 0x0000, 0x0000, 0x0000, 0x0000, 0x0000, 0x0000, 0x0000, 0x0000, 0x0000, 0x0000, 0x0000, 
  0x0000, 0x0000, 0x0000, 0x0000, 0x0000, 0x0000, 0x0000, 0x0000, 0x0000, 0x0000, 0x0000, 0x0000, 
  0x1822, 0x710c, 0x684c, 0x6009, 0x0000, 0x0000, 0x0000, 0x0000, 0x0000, 0x0000, 0x0000, 0x0000, 
  0x0000, 0x0000, 0x0000, 0x0000, 0x0000, 0x0000, 0x0000, 0x0000, 0x0000, 0x0000, 0x0000, 0x0000, 
  0x0000, 0x0000, 0x0000, 0x0000, 0x0000, 0x0000, 0x0000, 0x0000, 0x0000, 0x0000, 0x0000, 0x0000, 
  0x0000, 0x0000, 0x0000, 0x0000, 0x0800, 0x2064, 0x38e8, 0x1001, 0x0000, 0x0000, 0x0000, 0x0000, 
  0x0000, 0x0000, 0x0000, 0x0000, 0x0000, 0x0000, 0x0000, 0x0000, 0x0000, 0x0000, 0x0000, 0x0000, 
  0x0000, 0x0000, 0x0000, 0x0000, 0x0000, 0x0000, 0x0000, 0x0801, 0x30c6, 0x1042, 0x0000, 0x0000, 
  0x0000, 0x0000, 0x0000, 0x0000, 0x0000, 0x0000, 0x0800, 0x3066, 0x70ad, 0x804f, 0x8030, 0x802f, 
  0x802f, 0x880f, 0x882f, 0x8830, 0x804f, 0x4067, 0x0800, 0x0000, 0x0000, 0x0000, 0x0000, 0x0000, 
  0x0000, 0x0800, 0x2043, 0x40e6, 0x1001, 0x0000, 0x0000, 0x0000, 0x0000, 0x0020, 0x1041, 0x38e6, 
  0x1842, 0x0000, 0x0000, 0x0000, 0x0000, 0x0000, 0x0000, 0x0000, 0x0000, 0x0000, 0x0000, 0x0000, 
  0x0000, 0x0000, 0x0000, 0x0000, 0x0000, 0x0000, 0x0000, 0x0000, 0x0000, 0x0000, 0x0000, 0x0000, 
  0x0000, 0x0000, 0x0000, 0x0000, 0x0000, 0x0000, 0x0000, 0x0000, 0x0000, 0x0000, 0x0000, 0x0000, 
  0x0000, 0x0000, 0x0000, 0x0000, 0x0000, 0x0000, 0x0000, 0x0000, 0x0000, 0x0000, 0x0000, 0x0000, 
  0x0841, 0x5aeb, 0x2104, 0x0000, 0x0000, 0x0000, 0x0000, 0x0000, 0x0000, 0x0000, 0x0000, 0x0000, 
  0x0000, 0x0000, 0x0000, 0x0000, 0x0000, 0x0000, 0x0000, 0x0000, 0x0000, 0x0000, 0x0000, 0x0000, 
  0x0000, 0x0000, 0x0000, 0x0000, 0x0000, 0x0000, 0x0000, 0x0000, 0x0000, 0x0000, 0x0000, 0x0000, 
  0x10a2, 0x6b4c, 0x3185, 0x0000, 0x0000, 0x0000, 0x0000, 0x0000, 0x0000, 0x0000, 0x0000, 0x0000, 
  0x0000, 0x0000, 0x0000, 0x0000, 0x0000, 0x0000, 0x0000, 0x0000, 0x0000, 0x0000, 0x0000, 0x0000, 
  0x0000, 0x0000, 0x0000, 0x0000, 0x0000, 0x0000, 0x0000, 0x0000, 0x0000, 0x0000, 0x1021, 0x6129, 
  0x5928, 0x0800, 0x0000, 0x0000, 0x0000, 0x0000, 0x0000, 0x0000, 0x0000, 0x0000, 0x0000, 0x0000, 
  0x0000, 0x0000, 0x0000, 0x0000, 0x0000, 0x0000, 0x0000, 0x0000, 0x0000, 0x0000, 0x0000, 0x0000, 
  0x0000, 0x0000, 0x0000, 0x0000, 0x0000, 0x0000, 0x0000, 0x0000, 0x0000, 0x0000, 0x0000, 0x0000, 
  0x0000, 0x0000, 0x0000, 0x0000, 0x0000, 0x0000, 0x0000, 0x0000, 0x0000, 0x0000, 0x0000, 0x0821, 
  0x0000, 0x0000, 0x0000, 0x0000, 0x0000, 0x0800, 0x2844, 0x588a, 0x584a, 0x506a, 0x3066, 0x0000, 
  0x0000, 0x0000, 0x0000, 0x0000, 0x0000, 0x0000, 0x0000, 0x0000, 0x0000, 0x0000, 0x0000, 0x0000, 
  0x0000, 0x0000, 0x0000, 0x0000, 0x0000, 0x0000, 0x0000, 0x0000, 0x0000, 0x0000, 0x0000, 0x0000, 
  0x0000, 0x0000, 0x0000, 0x0000, 0x0000, 0x0000, 0x0800, 0x2844, 0x80ee, 0x682a, 0x6029, 0x6009, 
  0x0000, 0x0000, 0x0000, 0x0000, 0x0000, 0x0000, 0x0000, 0x0000, 0x0000, 0x0000, 0x0000, 0x0000, 
  0x0000, 0x0000, 0x0000, 0x0000, 0x0000, 0x0000, 0x0000, 0x0000, 0x0000, 0x0000, 0x0000, 0x0000, 
  0x0000, 0x0000, 0x0000, 0x0000, 0x0000, 0x0000, 0x0000, 0x0000, 0x0000, 0x0000, 0x0000, 0x0800, 
  0x2885, 0x30a6, 0x0801, 0x0000, 0x0000, 0x0000, 0x0000, 0x0000, 0x0000, 0x0000, 0x0000, 0x0000, 
  0x0000, 0x0000, 0x0000, 0x0000, 0x0000, 0x0000, 0x0000, 0x0000, 0x0000, 0x0000, 0x0000, 0x0000, 
  0x0000, 0x0000, 0x1822, 0x4908, 0x1822, 0x0000, 0x0000, 0x0000, 0x0000, 0x0000, 0x0000, 0x0000, 
  0x0000, 0x2023, 0x60ab, 0x804f, 0x802f, 0x802f, 0x882f, 0x882f, 0x882f, 0x8830, 0x8830, 0x808f, 
  0x3045, 0x0800, 0x0000, 0x0000, 0x0000, 0x0000, 0x0000, 0x0000, 0x0801, 0x38c6, 0x38a5, 0x0800, 
  0x0000, 0x0000, 0x0000, 0x0000, 0x0000, 0x0821, 0x28c4, 0x1021, 0x0000, 0x0000, 0x0000, 0x0000, 
  0x0000, 0x0000, 0x0000, 0x0000, 0x0000, 0x0000, 0x0000, 0x0000, 0x0000, 0x0000, 0x0000, 0x0000, 
  0x0000, 0x0000, 0x0000, 0x0000, 0x0000, 0x0000, 0x0000, 0x0000, 0x0000, 0x0000, 0x0000, 0x0000, 
  0x0000, 0x0000, 0x0000, 0x0000, 0x0000, 0x0000, 0x0000, 0x0000, 0x0000, 0x0000, 0x0000, 0x0000, 
  0x0000, 0x0000, 0x0000, 0x0000, 0x0000, 0x0000, 0x0000, 0x2924, 0x6b6d, 0x1081, 0x0000, 0x0000, 
  0x0000, 0x0000, 0x0000, 0x0000, 0x0000, 0x0000, 0x0000, 0x0000, 0x0000, 0x0000, 0x0000, 0x0000, 
  0x0000, 0x0000, 0x0000, 0x0000, 0x0000, 0x0000, 0x0000, 0x0000, 0x0000, 0x0000, 0x0000, 0x0000, 
  0x0000, 0x0000, 0x0000, 0x0000, 0x0000, 0x0000, 0x0000, 0x20e3, 0x7bce, 0x10a2, 0x0000, 0x0000, 
  0x0000, 0x0000, 0x0000, 0x0000, 0x0000, 0x0000, 0x0000, 0x0000, 0x0000, 0x0000, 0x0000, 0x0000, 
  0x0000, 0x0000, 0x0000, 0x0000, 0x0000, 0x0000, 0x0000, 0x0000, 0x0000, 0x0000, 0x0000, 0x0000, 
  0x0000, 0x0000, 0x0000, 0x0000, 0x0000, 0x2043, 0x698b, 0x3885, 0x0800, 0x0000, 0x0000, 0x0000, 
  0x0000, 0x0000, 0x0000, 0x0000, 0x0000, 0x0000, 0x0000, 0x0000, 0x0000, 0x0000, 0x0000, 0x0000, 
  0x0000, 0x0000, 0x0000, 0x0000, 0x0000, 0x0000, 0x0000, 0x0000, 0x0000, 0x0000, 0x0000, 0x0000, 
  0x0000, 0x0000, 0x0000, 0x0000, 0x0000, 0x0000, 0x0000, 0x0000, 0x0000, 0x0000, 0x0000, 0x0000, 
  0x0000, 0x0000, 0x0000, 0x0000, 0x0000, 0x0800, 0x1041, 0x0820, 0x0000, 0x0000, 0x0000, 0x0000, 
  0x1001, 0x4067, 0x584a, 0x584a, 0x506a, 0x2044, 0x0000, 0x0000, 0x0000, 0x0000, 0x0000, 0x0000, 
  0x0000, 0x0000, 0x0000, 0x0000, 0x0000, 0x0000, 0x0000, 0x0000, 0x0000, 0x0000, 0x0000, 0x0000, 
  0x0000, 0x0000, 0x0000, 0x0000, 0x0000, 0x0000, 0x0000, 0x0000, 0x0000, 0x0000, 0x0000, 0x0000, 
  0x0000, 0x0800, 0x5088, 0x88ce, 0x680a, 0x6009, 0x5809, 0x6009, 0x0000, 0x0000, 0x0000, 0x0000, 
  0x0000, 0x0000, 0x0000, 0x0000, 0x0000, 0x0000, 0x0000, 0x0000, 0x0000, 0x0000, 0x0000, 0x0000, 
  0x0000, 0x0000, 0x0000, 0x0000, 0x0000, 0x0000, 0x0000, 0x0000, 0x0000, 0x0000, 0x0000, 0x0000, 
  0x0000, 0x0000, 0x0000, 0x0000, 0x0000, 0x0000, 0x0801, 0x38a7, 0x2885, 0x0800, 0x0000, 0x0000, 
  0x0000, 0x0000, 0x0000, 0x0000, 0x0000, 0x0000, 0x0000, 0x0000, 0x0000, 0x0000, 0x0000, 0x0000, 
  0x0000, 0x0000, 0x0000, 0x0000, 0x0000, 0x0000, 0x0000, 0x0000, 0x0801, 0x2844, 0x610b, 0x2043, 
  0x0000, 0x0000, 0x0000, 0x0000, 0x0000, 0x0000, 0x0000, 0x1001, 0x4068, 0x786e, 0x802f, 0x882f, 
  0x882f, 0x882f, 0x882f, 0x882f, 0x9030, 0x9030, 0x788e, 0x2824, 0x0800, 0x0000, 0x0000, 0x0000, 
  0x0000, 0x0000, 0x0000, 0x2022, 0x5108, 0x2863, 0x0800, 0x0000, 0x0000, 0x0000, 0x0000, 0x0000, 
  0x0821, 0x1882, 0x0000, 0x0000, 0x0000, 0x0000, 0x0000, 0x0000, 0x0000, 0x0000, 0x0000, 0x0000, 
  0x0000, 0x0000, 0x0000, 0x0000, 0x0000, 0x0000, 0x0000, 0x0000, 0x0000, 0x0000, 0x0000, 0x0000, 
  0x0000, 0x0000, 0x0000, 0x0000, 0x0000, 0x0000, 0x0000, 0x0000, 0x0000, 0x0000, 0x0000, 0x0000, 
  0x0000, 0x0000, 0x0000, 0x0000, 0x0000, 0x0000, 0x0000, 0x0000, 0x0000, 0x0000, 0x0000, 0x0000, 
  0x0000, 0x0020, 0x4207, 0x5acb, 0x0020, 0x0000, 0x0000, 0x0000, 0x0000, 0x0000, 0x0000, 0x0000, 
  0x0000, 0x0000, 0x0000, 0x0000, 0x0000, 0x0000, 0x0000, 0x0000, 0x0000, 0x0000, 0x0000, 0x0000, 
  0x0000, 0x0000, 0x0000, 0x0000, 0x0000, 0x0000, 0x0000, 0x0000, 0x0000, 0x0000, 0x0000, 0x0000, 
  0x0000, 0x0000, 0x4207, 0x5acb, 0x0020, 0x0000, 0x0000, 0x0000, 0x0000, 0x0000, 0x0000, 0x0000, 
  0x0000, 0x0000, 0x0000, 0x0000, 0x0000, 0x0000, 0x0000, 0x0000, 0x0000, 0x0000, 0x0000, 0x0000, 
  0x0000, 0x0000, 0x0000, 0x0000, 0x0000, 0x0000, 0x0000, 0x0000, 0x0000, 0x0000, 0x0000, 0x0800, 
  0x3886, 0x796d, 0x2844, 0x0800, 0x0000, 0x0000, 0x0000, 0x0000, 0x0000, 0x0000, 0x0000, 0x0000, 
  0x0000, 0x0000, 0x0000, 0x0000, 0x0000, 0x0000, 0x0000, 0x0000, 0x0000, 0x0000, 0x0000, 0x0000, 
  0x0000, 0x0000, 0x0000, 0x0000, 0x0000, 0x0000, 0x0000, 0x0000, 0x0000, 0x0000, 0x0000, 0x0000, 
  0x0000, 0x0000, 0x0000, 0x0000, 0x0000, 0x0000, 0x0000, 0x0000, 0x0000, 0x0000, 0x0000, 0x0000, 
  0x0821, 0x1042, 0x0800, 0x0000, 0x0000, 0x0000, 0x0000, 0x1823, 0x4868, 0x5849, 0x582a, 0x4868, 
  0x1823, 0x0000, 0x0000, 0x0000, 0x0000, 0x0000, 0x0000, 0x0000, 0x0000, 0x0000, 0x0000, 0x0000, 
  0x0000, 0x0000, 0x0000, 0x0000, 0x0000, 0x0000, 0x0000, 0x0000, 0x0000, 0x0000, 0x0000, 0x0000, 
  0x0000, 0x0000, 0x0000, 0x0000, 0x0000, 0x0000, 0x0000, 0x0000, 0x1001, 0x68eb, 0x88ae, 0x680a, 
  0x5829, 0x5809, 0x6009, 0x600a, 0x0000, 0x0000, 0x0000, 0x0000, 0x0000, 0x0000, 0x0000, 0x0000, 
  0x0000, 0x0000, 0x0000, 0x0000, 0x0000, 0x0000, 0x0000, 0x0000, 0x0000, 0x0000, 0x0000, 0x0000, 
  0x0000, 0x0000, 0x0000, 0x0000, 0x0000, 0x0000, 0x0000, 0x0000, 0x0000, 0x0000, 0x0000, 0x0000, 
  0x0000, 0x1022, 0x38a7, 0x2044, 0x0000, 0x0000, 0x0000, 0x0000, 0x0000, 0x0000, 0x0000, 0x0000, 
  0x0000, 0x0000, 0x0000, 0x0000, 0x0000, 0x0000, 0x0000, 0x0000, 0x0000, 0x0000, 0x0000, 0x0000, 
  0x0000, 0x0000, 0x0000, 0x1001, 0x4887, 0x68ec, 0x2043, 0x0000, 0x0000, 0x0000, 0x0000, 0x0000, 
  0x0000, 0x0000, 0x2844, 0x608c, 0x804e, 0x802f, 0x884f, 0x882f, 0x884f, 0x884f, 0x884f, 0x9030, 
  0x9050, 0x70ad, 0x2023, 0x0000, 0x0000, 0x0000, 0x0000, 0x0000, 0x0000, 0x0800, 0x3085, 0x5108, 
  0x1821, 0x0000, 0x0000, 0x0000, 0x0000, 0x0000, 0x0000, 0x0000, 0x0000, 0x0000, 0x0000, 0x0000, 
  0x0000, 0x0000, 0x0000, 0x0000, 0x0000, 0x0000, 0x0000, 0x0000, 0x0000, 0x0000, 0x0000, 0x0000, 
  0x0000, 0x0000, 0x0000, 0x0000, 0x0000, 0x0000, 0x0000, 0x0000, 0x0000, 0x0000, 0x0000, 0x0000, 
  0x0000, 0x0000, 0x0000, 0x0000, 0x0000, 0x0000, 0x0000, 0x0000, 0x0000, 0x0000, 0x0000, 0x0000, 
  0x0000, 0x0000, 0x0000, 0x0000, 0x0000, 0x0000, 0x0000, 0x0000, 0x0000, 0x528a, 0x39c7, 0x0000, 
  0x0000, 0x0000, 0x0000, 0x0000, 0x0000, 0x0000, 0x0000, 0x0000, 0x0000, 0x0000, 0x0000, 0x0000, 
  0x0000, 0x0000, 0x0000, 0x0000, 0x0000, 0x0000, 0x0000, 0x0000, 0x0000, 0x0000, 0x0000, 0x0000, 
  0x0000, 0x0000, 0x0000, 0x0000, 0x0000, 0x0000, 0x0000, 0x0000, 0x0000, 0x5aeb, 0x4208, 0x0000, 
  0x0000, 0x0000, 0x0000, 0x0000, 0x0000, 0x0000, 0x0000, 0x0000, 0x0000, 0x0000, 0x0000, 0x0000, 
  0x0000, 0x0000, 0x0000, 0x0000, 0x0000, 0x0000, 0x0000, 0x0000, 0x0000, 0x0000, 0x0000, 0x0000, 
  0x0000, 0x0000, 0x0000, 0x0000, 0x0000, 0x0000, 0x1001, 0x612a, 0x716c, 0x1802, 0x0000, 0x0000, 
  0x0000, 0x0000, 0x0000, 0x0000, 0x0000, 0x0000, 0x0000, 0x0000, 0x0000, 0x0000, 0x0000, 0x0000, 
  0x0000, 0x0000, 0x0000, 0x0000, 0x0000, 0x0000, 0x0000, 0x0000, 0x0000, 0x0000, 0x0000, 0x0000, 
  0x0000, 0x0000, 0x0000, 0x0000, 0x0000, 0x0000, 0x0000, 0x0000, 0x0000, 0x0000, 0x0000, 0x0000, 
  0x0000, 0x0000, 0x0000, 0x0000, 0x0000, 0x0000, 0x0000, 0x1021, 0x1862, 0x0000, 0x0000, 0x0000, 
  0x0000, 0x0801, 0x3046, 0x586a, 0x582a, 0x584a, 0x4868, 0x1002, 0x0000, 0x0000, 0x0000, 0x0000, 
  0x0000, 0x0000, 0x0000, 0x0000, 0x0000, 0x0000, 0x0000, 0x0000, 0x0000, 0x0000, 0x0000, 0x0000, 
  0x0000, 0x0000, 0x0000, 0x0000, 0x0000, 0x0000, 0x0000, 0x0000, 0x0000, 0x0000, 0x0000, 0x0000, 
  0x0000, 0x0000, 0x0000, 0x2043, 0x814d, 0x808e, 0x6009, 0x5809, 0x5828, 0x6029, 0x684c, 0x78cd, 
  0x0000, 0x0000, 0x0000, 0x0000, 0x0000, 0x0000, 0x0000, 0x0000, 0x0000, 0x0000, 0x0000, 0x0000, 
  0x0000, 0x0000, 0x0000, 0x0000, 0x0000, 0x0000, 0x0000, 0x0000, 0x0000, 0x0000, 0x0000, 0x0000, 
  0x0000, 0x0000, 0x0000, 0x0000, 0x0000, 0x0000, 0x0000, 0x0800, 0x2043, 0x40c7, 0x1022, 0x0000, 
  0x0000, 0x0000, 0x0000, 0x0000, 0x0000, 0x0000, 0x0000, 0x0000, 0x0000, 0x0000, 0x0000, 0x0000, 
  0x0000, 0x0000, 0x0000, 0x0000, 0x0000, 0x0000, 0x0000, 0x0000, 0x0000, 0x0800, 0x2023, 0x58aa, 
  0x68cc, 0x2043, 0x0000, 0x0000, 0x0000, 0x0000, 0x0000, 0x0000, 0x1822, 0x5069, 0x786f, 0x802f, 
  0x882f, 0x882f, 0x884f, 0x884f, 0x904f, 0x9050, 0x9050, 0x9050, 0x68ab, 0x1802, 0x0000, 0x0000, 
  0x0000, 0x0000, 0x0000, 0x0000, 0x1001, 0x48c7, 0x48e7, 0x0800, 0x0000, 0x0000, 0x0000, 0x0000, 
  0x0000, 0x0000, 0x0000, 0x0000, 0x0000, 0x0000, 0x0000, 0x0000, 0x0000, 0x0000, 0x0000, 0x0000, 
  0x0000, 0x0000, 0x0000, 0x0000, 0x0000, 0x0000, 0x0000, 0x0000, 0x0000, 0x0000, 0x0000, 0x0000, 
  0x0000, 0x0000, 0x0000, 0x0000, 0x0000, 0x0000, 0x0000, 0x0000, 0x0000, 0x0000, 0x0000, 0x0000, 
  0x0000, 0x0000, 0x0000, 0x0000, 0x0000, 0x0000, 0x0000, 0x0000, 0x0000, 0x0000, 0x0000, 0x0000, 
  0x0000, 0x0000, 0x0000, 0x18c2, 0x630b, 0x18c2, 0x0020, 0x0000, 0x0000, 0x0000, 0x0000, 0x0000, 
  0x0000, 0x0000, 0x0000, 0x0000, 0x0000, 0x0000, 0x0000, 0x0000, 0x0000, 0x0000, 0x0000, 0x0000, 
  0x0000, 0x0000, 0x0000, 0x0000, 0x0000, 0x0000, 0x0000, 0x0000, 0x0000, 0x0000, 0x0000, 0x0000, 
  0x0000, 0x0000, 0x0000, 0x18c2, 0x7bce, 0x18e3, 0x0000, 0x0000, 0x0000, 0x0000, 0x0000, 0x0000, 
  0x0000, 0x0000, 0x0000, 0x0000, 0x0000, 0x0000, 0x0000, 0x0000, 0x0000, 0x0000, 0x0000, 0x0000, 
  0x0000, 0x0000, 0x0000, 0x0000, 0x0000, 0x0000, 0x0000, 0x0000, 0x0000, 0x0000, 0x0000, 0x0000, 
  0x0800, 0x2023, 0x794d, 0x50c8, 0x1001, 0x0020, 0x0000, 0x0000, 0x0000, 0x0000, 0x0000, 0x0000, 
  0x0000, 0x0000, 0x0000, 0x0000, 0x0000, 0x0000, 0x0000, 0x0000, 0x0000, 0x0000, 0x0000, 0x0000, 
  0x0000, 0x0000, 0x0000, 0x0000, 0x0000, 0x0000, 0x0000, 0x0000, 0x0000, 0x0000, 0x0000, 0x0000, 
  0x0000, 0x0000, 0x0000, 0x0000, 0x0000, 0x0000, 0x0000, 0x0000, 0x0000, 0x0000, 0x0000, 0x0000, 
  0x0000, 0x0000, 0x1862, 0x1862, 0x0000, 0x0000, 0x0000, 0x0000, 0x1822, 0x4868, 0x602a, 0x584a, 
  0x586a, 0x3846, 0x0801, 0x0000, 0x0000, 0x0000, 0x0000, 0x0000, 0x0000, 0x0000, 0x0000, 0x0000, 
  0x0000, 0x0000, 0x0000, 0x0000, 0x0000, 0x0000, 0x0000, 0x0000, 0x0000, 0x0000, 0x0000, 0x0000, 
  0x0000, 0x0000, 0x0000, 0x0000, 0x0000, 0x0000, 0x0000, 0x0000, 0x0000, 0x0000, 0x3065, 0x892f, 
  0x702b, 0x6009, 0x5809, 0x5829, 0x6029, 0x706c, 0x58a9, 0x1002, 0x0000, 0x0000, 0x0000, 0x0000, 
  0x0000, 0x0000, 0x0000, 0x0000, 0x0000, 0x0000, 0x0000, 0x0000, 0x0840, 0x0000, 0x0000, 0x0000, 
  0x0000, 0x0000, 0x0000, 0x0000, 0x0000, 0x0000, 0x0000, 0x0000, 0x0000, 0x0000, 0x0000, 0x0000, 
  0x0000, 0x0000, 0x0000, 0x2864, 0x4108, 0x1021, 0x0000, 0x0000, 0x0000, 0x0000, 0x0000, 0x0000, 
  0x0000, 0x0000, 0x0000, 0x0000, 0x0000, 0x0000, 0x0000, 0x0000, 0x0000, 0x0000, 0x0000, 0x0000, 
  0x0000, 0x0000, 0x0000, 0x0000, 0x0000, 0x3045, 0x688b, 0x70cd, 0x2844, 0x0000, 0x0000, 0x0000, 
  0x0000, 0x0000, 0x0801, 0x3846, 0x688d, 0x804f, 0x802f, 0x884f, 0x884f, 0x884f, 0x904f, 0x904f, 
  0x904f, 0x9050, 0x9090, 0x60ab, 0x1021, 0x0020, 0x0000, 0x0000, 0x0000, 0x0000, 0x0800, 0x2023, 
  0x5929, 0x2864, 0x0800, 0x0000, 0x0000, 0x0000, 0x0000, 0x0000, 0x0000, 0x0000, 0x0000, 0x0000, 
  0x0000, 0x0000, 0x0000, 0x0000, 0x0000, 0x0000, 0x0000, 0x0000, 0x0000, 0x0000, 0x0000, 0x0000, 
  0x0000, 0x0000, 0x0000, 0x0000, 0x0000, 0x0000, 0x0000, 0x0000, 0x0000, 0x0000, 0x0000, 0x0000, 
  0x0000, 0x0000, 0x0000, 0x0000, 0x0000, 0x0000, 0x0000, 0x0000, 0x0000, 0x0000, 0x0000, 0x0000, 
  0x0000, 0x0000, 0x0000, 0x0000, 0x0000, 0x0000, 0x0000, 0x0000, 0x0000, 0x0000, 0x2124, 0x5aeb, 
  0x1082, 0x0000, 0x0000, 0x0000, 0x0000, 0x0000, 0x0000, 0x0000, 0x0000, 0x0000, 0x0000, 0x0000, 
  0x0000, 0x0000, 0x0000, 0x0000, 0x0000, 0x0000, 0x0000, 0x0000, 0x0000, 0x0000, 0x0000, 0x0000, 
  0x0000, 0x0000, 0x0000, 0x0000, 0x0000, 0x0000, 0x0000, 0x0000, 0x0000, 0x0000, 0x2945, 0x7bae, 
  0x1082, 0x0000, 0x0000, 0x0000, 0x0000, 0x0000, 0x0000, 0x0000, 0x0000, 0x0000, 0x0000, 0x0000, 
  0x0000, 0x0000, 0x0000, 0x0000, 0x0000, 0x0000, 0x0000, 0x0000, 0x0000, 0x0000, 0x0000, 0x0000, 
  0x0000, 0x0000, 0x0000, 0x0000, 0x0000, 0x0000, 0x0000, 0x0800, 0x3865, 0x89cf, 0x4066, 0x0800, 
  0x0820, 0x0000, 0x0000, 0x0000, 0x0000, 0x0000, 0x0000, 0x0000, 0x0000, 0x0000, 0x0000, 0x0000, 
  0x0000, 0x0000, 0x0000, 0x0000, 0x0000, 0x0000, 0x0000, 0x0000, 0x0000, 0x0000, 0x0000, 0x0000, 
  0x0000, 0x0000, 0x0000, 0x0000, 0x0000, 0x0000, 0x0000, 0x0000, 0x0000, 0x0000, 0x0000, 0x0000, 
  0x0000, 0x0000, 0x0000, 0x0000, 0x0000, 0x0000, 0x0000, 0x0000, 0x0821, 0x28a4, 0x1041, 0x0020, 
  0x0000, 0x0020, 0x0800, 0x2844, 0x5869, 0x602a, 0x602a, 0x586a, 0x3045, 0x0800, 0x0000, 0x0000, 
  0x0000, 0x0000, 0x0000, 0x0000, 0x0000, 0x0000, 0x0000, 0x0000, 0x0000, 0x0000, 0x0000, 0x0000, 
  0x0000, 0x0000, 0x0000, 0x0000, 0x0000, 0x0000, 0x0000, 0x0000, 0x0000, 0x0000, 0x0000, 0x0000, 
  0x0000, 0x0000, 0x0000, 0x0000, 0x0800, 0x48a7, 0x890e, 0x702a, 0x5829, 0x5829, 0x5829, 0x602a, 
  0x68ac, 0x3865, 0x0800, 0x0000, 0x0000, 0x0000, 0x0000, 0x0000, 0x0000, 0x0000, 0x0000, 0x0000, 
  0x0000, 0x0000, 0x1041, 0x1082, 0x0000, 0x0000, 0x0000, 0x0000, 0x0000, 0x0000, 0x0000, 0x0000, 
  0x0000, 0x0000, 0x0000, 0x0000, 0x0000, 0x0000, 0x0000, 0x0000, 0x0000, 0x0800, 0x38c6, 0x38c6, 
  0x0801, 0x0000, 0x0000, 0x0000, 0x0000, 0x0000, 0x0000, 0x0000, 0x0000, 0x0000, 0x0000, 0x0000, 
  0x0000, 0x0000, 0x0000, 0x0000, 0x0000, 0x0000, 0x0000, 0x0000, 0x0000, 0x0000, 0x0000, 0x1001, 
  0x4888, 0x788d, 0x70ad, 0x2845, 0x0000, 0x0000, 0x0000, 0x0000, 0x0000, 0x2044, 0x608c, 0x804f, 
  0x802f, 0x882f, 0x884f, 0x884f, 0x884f, 0x8850, 0x9050, 0x9050, 0x9070, 0x90b0, 0x50a9, 0x0801, 
  0x0020, 0x0800, 0x0000, 0x0000, 0x0000, 0x0800, 0x3886, 0x58e9, 0x1821, 0x0000, 0x0000, 0x0000, 
  0x0000, 0x0000, 0x0000, 0x0000, 0x0000, 0x0000, 0x0000, 0x0000, 0x0000, 0x0000, 0x0000, 0x0000, 
  0x0000, 0x0000, 0x0000, 0x0000, 0x0000, 0x0000, 0x0000, 0x0000, 0x0000, 0x0000, 0x0000, 0x0000, 
  0x0000, 0x0000, 0x0000, 0x0000, 0x0000, 0x0000, 0x0000, 0x0000, 0x0000, 0x0000, 0x0000, 0x0000, 
  0x0000, 0x0000, 0x0000, 0x0000, 0x0000, 0x0000, 0x0000, 0x0000, 0x0000, 0x0000, 0x0000, 0x0000, 
  0x0000, 0x0000, 0x0000, 0x0000, 0x0000, 0x4a69, 0x4a69, 0x0000, 0x0000, 0x0000, 0x0000, 0x0000, 
  0x0000, 0x0000, 0x0000, 0x0000, 0x0000, 0x0000, 0x0000, 0x0000, 0x0000, 0x0000, 0x0000, 0x0000, 
  0x0000, 0x0000, 0x0000, 0x0000, 0x0000, 0x0000, 0x0000, 0x0000, 0x0000, 0x0000, 0x0000, 0x0000, 
  0x0000, 0x0000, 0x0000, 0x0000, 0x0020, 0x5aca, 0x5aaa, 0x0000, 0x0000, 0x0000, 0x0000, 0x0000, 
  0x0000, 0x0000, 0x0000, 0x0000, 0x0000, 0x0000, 0x0000, 0x0000, 0x0000, 0x0000, 0x0000, 0x0000, 
  0x0000, 0x0000, 0x0000, 0x0000, 0x0000, 0x0000, 0x0000, 0x0000, 0x0000, 0x0000, 0x0000, 0x0000, 
  0x0000, 0x0000, 0x1001, 0x60e9, 0x918f, 0x2844, 0x0800, 0x0000, 0x0000, 0x0000, 0x0000, 0x0000, 
  0x0000, 0x0000, 0x0000, 0x0000, 0x0000, 0x0000, 0x0000, 0x0000, 0x0000, 0x0000, 0x0000, 0x0000, 
  0x0000, 0x0000, 0x0000, 0x0000, 0x0000, 0x0000, 0x0000, 0x0000, 0x0000, 0x0000, 0x0000, 0x0000, 
  0x0000, 0x0000, 0x0000, 0x0000, 0x0000, 0x0000, 0x0000, 0x0000, 0x0000, 0x0000, 0x0000, 0x0000, 
  0x0000, 0x0000, 0x0000, 0x1862, 0x28a4, 0x0820, 0x0020, 0x0020, 0x0020, 0x1021, 0x4046, 0x602a, 
  0x602a, 0x604b, 0x5889, 0x2023, 0x0000, 0x0000, 0x0000, 0x0000, 0x0000, 0x0000, 0x0000, 0x0000, 
  0x0000, 0x0000, 0x0000, 0x0000, 0x0000, 0x0000, 0x0000, 0x0000, 0x0000, 0x0000, 0x0000, 0x0000, 
  0x0000, 0x0000, 0x0000, 0x0000, 0x0000, 0x0000, 0x0000, 0x0000, 0x0000, 0x0000, 0x0000, 0x1002, 
  0x690b, 0x888e, 0x6029, 0x5829, 0x5829, 0x602a, 0x688b, 0x50a8, 0x1822, 0x0020, 0x0000, 0x0000, 
  0x0000, 0x0000, 0x0000, 0x0000, 0x0000, 0x0000, 0x0000, 0x0000, 0x0000, 0x1862, 0x2083, 0x0000, 
  0x0000, 0x0000, 0x0000, 0x0000, 0x0000, 0x0000, 0x0000, 0x0000, 0x0000, 0x0000, 0x0000, 0x0000, 
  0x0000, 0x0000, 0x0000, 0x0000, 0x1021, 0x4908, 0x30a5, 0x0800, 0x0000, 0x0000, 0x0000, 0x0000, 
  0x0000, 0x0000, 0x0000, 0x0000, 0x0000, 0x0000, 0x0000, 0x0000, 0x0000, 0x0000, 0x0000, 0x0000, 
  0x0000, 0x0000, 0x0000, 0x0000, 0x0000, 0x0000, 0x2023, 0x60ab, 0x786d, 0x786e, 0x4047, 0x0000, 
  0x0000, 0x0000, 0x0000, 0x1002, 0x4869, 0x786e, 0x802f, 0x802f, 0x802f, 0x882f, 0x8850, 0x884f, 
  0x904f, 0x9070, 0x9070, 0x9070, 0x88b0, 0x4067, 0x0801, 0x0020, 0x0020, 0x0020, 0x0000, 0x0000, 
  0x1001, 0x48e8, 0x40c7, 0x0800, 0x0000, 0x0000, 0x0000, 0x0000, 0x0000, 0x0000, 0x0000, 0x0000, 
  0x0000, 0x0000, 0x0000, 0x0000, 0x0000, 0x0000, 0x0000, 0x0000, 0x0000, 0x0000, 0x0020, 0x1042, 
  0x1062, 0x0000, 0x0000, 0x0000, 0x0000, 0x0000, 0x0000, 0x0000, 0x0000, 0x0000, 0x0000, 0x0000, 
  0x0000, 0x0000, 0x0000, 0x0000, 0x0000, 0x0000, 0x0000, 0x0000, 0x0000, 0x0000, 0x0000, 0x0000, 
  0x0000, 0x0000, 0x0000, 0x0000, 0x0000, 0x0000, 0x0000, 0x0000, 0x0000, 0x0000, 0x0000, 0x0861, 
  0x5aaa, 0x2124, 0x0000, 0x0000, 0x0000, 0x0000, 0x0000, 0x0000, 0x0000, 0x0000, 0x0000, 0x0000, 
  0x0000, 0x0000, 0x0000, 0x0000, 0x0000, 0x0000, 0x0000, 0x0000, 0x0000, 0x0000, 0x0000, 0x0000, 
  0x0000, 0x0000, 0x0000, 0x0000, 0x0000, 0x0000, 0x0000, 0x0000, 0x0000, 0x0000, 0x0000, 0x18a2, 
  0x7bee, 0x3186, 0x0000, 0x0000, 0x0000, 0x0000, 0x0000, 0x0000, 0x0000, 0x0000, 0x0000, 0x0000, 
  0x0000, 0x0000, 0x0000, 0x0000, 0x0000, 0x0000, 0x0000, 0x0000, 0x0000, 0x0000, 0x0000, 0x0000, 
  0x0000, 0x0000, 0x0000, 0x0000, 0x0000, 0x0000, 0x0000, 0x0000, 0x0800, 0x2823, 0x812e, 0x812d, 
  0x2002, 0x0800, 0x0020, 0x0000, 0x0000, 0x0000, 0x0000, 0x0000, 0x0000, 0x0000, 0x0000, 0x0000, 
  0x0000, 0x0000, 0x0000, 0x0000, 0x0000, 0x0000, 0x0000, 0x0000, 0x0000, 0x0000, 0x0000, 0x0000, 
  0x0000, 0x0000, 0x0000, 0x0000, 0x0000, 0x0000, 0x0000, 0x0000, 0x0000, 0x0000, 0x0000, 0x0000, 
  0x0000, 0x0000, 0x0000, 0x0000, 0x0000, 0x0000, 0x0000, 0x0000, 0x0000, 0x0800, 0x2884, 0x2083, 
  0x0800, 0x0000, 0x0000, 0x0000, 0x2022, 0x5068, 0x6029, 0x602a, 0x604b, 0x5089, 0x1822, 0x0000, 
  0x0000, 0x0000, 0x0000, 0x0000, 0x0000, 0x0000, 0x0000, 0x0000, 0x0000, 0x0000, 0x0000, 0x0000, 
  0x0000, 0x0000, 0x0000, 0x0000, 0x0000, 0x0000, 0x0000, 0x0000, 0x0000, 0x0000, 0x0000, 0x0000, 
  0x0000, 0x0000, 0x0000, 0x0000, 0x0000, 0x0800, 0x2023, 0x790d, 0x804d, 0x702a, 0x602a, 0x604a, 
  0x684b, 0x68ac, 0x2844, 0x0800, 0x0000, 0x0000, 0x0000, 0x0000, 0x0000, 0x0000, 0x0000, 0x0000, 
  0x0000, 0x0000, 0x0000, 0x0800, 0x20a4, 0x20a4, 0x0000, 0x0000, 0x0000, 0x0000, 0x0000, 0x0000, 
  0x0000, 0x0000, 0x0000, 0x0000, 0x0000, 0x0000, 0x0000, 0x0000, 0x0000, 0x0000, 0x0000, 0x1822, 
  0x596a, 0x2043, 0x0000, 0x0000, 0x0000, 0x0000, 0x0000, 0x0000, 0x0000, 0x0000, 0x0000, 0x0000, 
  0x0000, 0x0000, 0x0000, 0x0000, 0x0000, 0x0000, 0x0000, 0x0000, 0x0000, 0x0000, 0x0000, 0x0000, 
  0x0800, 0x3045, 0x708d, 0x704d, 0x784e, 0x508a, 0x0001, 0x0000, 0x0000, 0x0801, 0x3846, 0x688d, 
  0x782f, 0x784e, 0x804e, 0x802f, 0x884f, 0x884f, 0x8850, 0x8850, 0x9050, 0x9070, 0x9050, 0x88cf, 
  0x3845, 0x0800, 0x0000, 0x0000, 0x0000, 0x0000, 0x0800, 0x1842, 0x5949, 0x2023, 0x0800, 0x0000, 
  0x0000, 0x0000, 0x0000, 0x0000, 0x0000, 0x0000, 0x0000, 0x0000, 0x0000, 0x0000, 0x0000, 0x0000, 
  0x0000, 0x0000, 0x0000, 0x0000, 0x0000, 0x1042, 0x38e6, 0x1842, 0x0000, 0x0000, 0x0000, 0x0000, 
  0x0000, 0x0000, 0x0000, 0x0000, 0x0000, 0x0000, 0x0000, 0x0000, 0x0000, 0x0000, 0x0000, 0x0000, 
  0x0000, 0x0000, 0x0000, 0x0000, 0x0000, 0x0000, 0x0000, 0x0000, 0x0000, 0x0000, 0x0000, 0x0000, 
  0x0000, 0x0000, 0x0000, 0x0000, 0x0000, 0x0000, 0x1082, 0x630c, 0x0000, 0x0000, 0x0000, 0x0000, 
  0x0000, 0x0000, 0x0000, 0x0000, 0x0000, 0x0000, 0x0000, 0x0000, 0x0000, 0x0000, 0x0000, 0x0000, 
  0x0000, 0x0000, 0x0000, 0x0000, 0x0000, 0x0000, 0x0000, 0x0000, 0x0000, 0x0000, 0x0000, 0x0000, 
  0x0000, 0x0000, 0x0000, 0x0000, 0x0000, 0x0000, 0x2103, 0x7bcf, 0x0861, 0x0000, 0x0000, 0x0000, 
  0x0000, 0x0000, 0x0000, 0x0000, 0x0000, 0x0000, 0x0000, 0x0000, 0x0000, 0x0000, 0x0000, 0x0000, 
  0x0000, 0x0000, 0x0000, 0x0000, 0x0000, 0x0000, 0x0000, 0x0000, 0x0000, 0x0000, 0x0000, 0x0000, 
  0x0000, 0x0000, 0x0000, 0x0800, 0x4066, 0x9970, 0x68ca, 0x1801, 0x0000, 0x0020, 0x0000, 0x0000, 
  0x0000, 0x0000, 0x0000, 0x0000, 0x0000, 0x0000, 0x0000, 0x0000, 0x0000, 0x0000, 0x0000, 0x0000, 
  0x0000, 0x0000, 0x0000, 0x0000, 0x0000, 0x0000, 0x0000, 0x0000, 0x0000, 0x0000, 0x0000, 0x0000, 
  0x0000, 0x0000, 0x0000, 0x0000, 0x0000, 0x0000, 0x0000, 0x0000, 0x0000, 0x0000, 0x0000, 0x0000, 
  0x0000, 0x0000, 0x0000, 0x0000, 0x1021, 0x30c5, 0x1822, 0x0020, 0x0000, 0x0000, 0x0800, 0x3045, 
  0x5849, 0x6009, 0x602a, 0x604b, 0x4888, 0x0801, 0x0000, 0x0000, 0x0000, 0x0000, 0x0000, 0x0000, 
  0x0000, 0x0000, 0x0000, 0x0000, 0x0000, 0x0000, 0x0000, 0x0000, 0x0000, 0x0000, 0x0000, 0x0000, 
  0x0000, 0x0000, 0x0000, 0x0000, 0x0000, 0x0000, 0x0000, 0x0000, 0x0000, 0x0000, 0x0000, 0x0000, 
  0x0020, 0x2023, 0x790d, 0x704b, 0x784c, 0x804d, 0x804d, 0x80ae, 0x58a9, 0x1001, 0x0000, 0x0000, 
  0x0000, 0x0000, 0x0000, 0x0000, 0x0000, 0x0000, 0x0000, 0x0000, 0x0000, 0x0000, 0x0800, 0x30e5, 
  0x1862, 0x0000, 0x0000, 0x0000, 0x0000, 0x0000, 0x0000, 0x0000, 0x0000, 0x0000, 0x0000, 0x0000, 
  0x0000, 0x0000, 0x0000, 0x0000, 0x0000, 0x0000, 0x2043, 0x5129, 0x1822, 0x0000, 0x0000, 0x0000, 
  0x0000, 0x0000, 0x0000, 0x0000, 0x0000, 0x0000, 0x0000, 0x0000, 0x0000, 0x0000, 0x0000, 0x0000, 
  0x0000, 0x0000, 0x0000, 0x0000, 0x0000, 0x0000, 0x0000, 0x0801, 0x4067, 0x686c, 0x704d, 0x704e, 
  0x608c, 0x1023, 0x0000, 0x0001, 0x2044, 0x586b, 0x704e, 0x782e, 0x782e, 0x802e, 0x804e, 0x804e, 
  0x884f, 0x884f, 0x8850, 0x8870, 0x9070, 0x9070, 0x80ce, 0x3044, 0x0800, 0x0000, 0x0000, 0x0020, 
  0x0000, 0x0000, 0x2884, 0x4908, 0x1021, 0x0000, 0x0000, 0x0000, 0x0000, 0x0000, 0x0000, 0x0000, 
  0x0000, 0x0000, 0x0000, 0x0000, 0x0000, 0x0000, 0x0000, 0x0000, 0x0000, 0x0000, 0x0000, 0x1822, 
  0x5128, 0x38c5, 0x0820, 0x0000, 0x0000, 0x0000, 0x0000, 0x0000, 0x0000, 0x0000, 0x0000, 0x0000, 
  0x0000, 0x0000, 0x0000, 0x0000, 0x0000, 0x0000, 0x0000, 0x0000, 0x0000, 0x0000, 0x0000, 0x0000, 
  0x0000, 0x0000, 0x0000, 0x0000, 0x0000, 0x0000, 0x0000, 0x0000, 0x0000, 0x0000, 0x0000, 0x0000, 
  0x0000, 0x3185, 0x4207, 0x0000, 0x0000, 0x0000, 0x0000, 0x0000, 0x0000, 0x0000, 0x0000, 0x0000, 
  0x0000, 0x0000, 0x0000, 0x0000, 0x0000, 0x0000, 0x0000, 0x0000, 0x0000, 0x0000, 0x0000, 0x0000, 
  0x0000, 0x0000, 0x0000, 0x0000, 0x0000, 0x0000, 0x0000, 0x0000, 0x0000, 0x0000, 0x0000, 0x0000, 
  0x0020, 0x52aa, 0x52aa, 0x0000, 0x0000, 0x0000, 0x0000, 0x0000, 0x0000, 0x0000, 0x0000, 0x0000, 
  0x0000, 0x0000, 0x0000, 0x0000, 0x0000, 0x0000, 0x0000, 0x0000, 0x0000, 0x0000, 0x0000, 0x0000, 
  0x0000, 0x0000, 0x0000, 0x0000, 0x0000, 0x0000, 0x0000, 0x0000, 0x0000, 0x0000, 0x1001, 0x60a9, 
  0x9950, 0x5068, 0x1001, 0x0000, 0x0000, 0x0000, 0x0000, 0x0000, 0x0000, 0x0000, 0x0000, 0x0000, 
  0x0000, 0x0000, 0x0000, 0x0000, 0x0000, 0x0000, 0x0000, 0x0000, 0x0000, 0x0000, 0x0000, 0x0000, 
  0x0000, 0x0000, 0x0000, 0x0000, 0x0000, 0x0000, 0x0000, 0x0000, 0x0000, 0x0000, 0x0000, 0x0000, 
  0x0000, 0x0000, 0x0000, 0x0000, 0x0000, 0x0000, 0x0000, 0x0000, 0x0000, 0x0000, 0x0000, 0x2063, 
  0x38c6, 0x1021, 0x0000, 0x0000, 0x0000, 0x1001, 0x4848, 0x6049, 0x6029, 0x602a, 0x606a, 0x4067, 
  0x0800, 0x0000, 0x0000, 0x0000, 0x0000, 0x0000, 0x0000, 0x0000, 0x0000, 0x0000, 0x0000, 0x0000, 
  0x0000, 0x0000, 0x0000, 0x0000, 0x0000, 0x0000, 0x0000, 0x0000, 0x0000, 0x0000, 0x0000, 0x0000, 
  0x0000, 0x0000, 0x0000, 0x0000, 0x0000, 0x0000, 0x0000, 0x0800, 0x3045, 0x688b, 0x602a, 0x602a, 
  0x602a, 0x702b, 0x70cc, 0x3045, 0x0800, 0x0000, 0x0000, 0x0000, 0x0000, 0x0000, 0x0000, 0x0000, 
  0x0000, 0x0000, 0x0000, 0x0000, 0x0000, 0x1001, 0x4127, 0x1862, 0x0000, 0x0000, 0x0000, 0x0000, 
  0x0000, 0x0000, 0x0000, 0x0000, 0x0000, 0x0000, 0x0000, 0x0000, 0x0000, 0x0000, 0x0000, 0x0000, 
  0x0000, 0x3085, 0x4908, 0x0801, 0x0000, 0x0000, 0x0000, 0x0000, 0x0000, 0x0000, 0x0000, 0x0000, 
  0x0000, 0x0000, 0x0000, 0x0000, 0x0000, 0x0000, 0x0000, 0x0000, 0x0000, 0x0000, 0x0000, 0x0000, 
  0x0000, 0x0000, 0x1802, 0x5069, 0x684d, 0x702d, 0x702e, 0x704d, 0x2845, 0x0001, 0x1023, 0x488a, 
  0x706e, 0x702d, 0x782d, 0x782e, 0x782e, 0x804e, 0x804e, 0x804f, 0x884f, 0x8850, 0x9070, 0x9070, 
  0x8870, 0x78ee, 0x2843, 0x0000, 0x0000, 0x0000, 0x0000, 0x0020, 0x0800, 0x28a5, 0x30c5, 0x0800, 
  0x0000, 0x0000, 0x0000, 0x0000, 0x0000, 0x0000, 0x0000, 0x0000, 0x0000, 0x0000, 0x0000, 0x0000, 
  0x0000, 0x0000, 0x0000, 0x0000, 0x0000, 0x1802, 0x48e7, 0x5929, 0x1822, 0x0000, 0x0000, 0x0000, 
  0x0000, 0x0000, 0x0000, 0x0000, 0x0000, 0x0000, 0x0000, 0x0000, 0x0000, 0x0000, 0x0000, 0x0000, 
  0x0000, 0x0000, 0x0000, 0x0000, 0x0000, 0x0000, 0x0000, 0x0000, 0x0000, 0x0000, 0x0000, 0x0000, 
  0x0000, 0x0000, 0x0000, 0x0000, 0x0000, 0x0000, 0x0000, 0x0020, 0x5289, 0x2924, 0x0000, 0x0000, 
  0x0000, 0x0000, 0x0000, 0x0000, 0x0000, 0x0000, 0x0000, 0x0000, 0x0000, 0x0000, 0x0000, 0x0000, 
  0x0000, 0x0000, 0x0000, 0x0000, 0x0000, 0x0000, 0x0000, 0x0000, 0x0000, 0x0000, 0x0000, 0x0000, 
  0x0000, 0x0000, 0x0000, 0x0000, 0x0000, 0x0000, 0x0000, 0x0840, 0x736d, 0x2965, 0x0020, 0x0000, 
  0x0000, 0x0000, 0x0000, 0x0000, 0x0000, 0x0000, 0x0000, 0x0000, 0x0000, 0x0000, 0x0000, 0x0000, 
  0x0000, 0x0000, 0x0000, 0x0000, 0x0000, 0x0000, 0x0000, 0x0000, 0x0000, 0x0000, 0x0000, 0x0000, 
  0x0000, 0x0000, 0x0000, 0x0000, 0x0800, 0x2022, 0x790c, 0x912f, 0x3865, 0x0820, 0x0020, 0x0000, 
  0x0000, 0x0000, 0x0000, 0x0000, 0x0000, 0x0000, 0x0000, 0x0000, 0x0000, 0x0000, 0x0000, 0x0000, 
  0x0000, 0x0000, 0x0000, 0x0000, 0x0000, 0x0000, 0x0000, 0x0000, 0x0000, 0x0000, 0x0000, 0x0000, 
  0x0000, 0x0000, 0x0000, 0x0000, 0x0000, 0x0000, 0x0000, 0x0000, 0x0000, 0x0000, 0x0000, 0x0000, 
  0x0000, 0x0000, 0x0000, 0x0000, 0x0000, 0x0821, 0x38a6, 0x38a5, 0x0800, 0x0000, 0x0000, 0x0000, 
  0x2064, 0x5869, 0x602a, 0x602a, 0x602a, 0x606a, 0x2844, 0x0000, 0x0000, 0x0000, 0x0000, 0x0000, 
  0x0000, 0x0000, 0x0000, 0x0000, 0x0000, 0x0000, 0x0000, 0x0000, 0x0000, 0x0000, 0x0000, 0x0000, 
  0x0000, 0x0000, 0x0000, 0x0000, 0x0000, 0x0000, 0x0000, 0x0000, 0x0000, 0x0000, 0x0000, 0x0000, 
  0x0000, 0x0000, 0x0800, 0x3887, 0x606a, 0x582a, 0x5829, 0x582a, 0x606b, 0x4888, 0x1002, 0x0000, 
  0x0000, 0x0000, 0x0000, 0x0000, 0x0000, 0x0000, 0x0000, 0x0000, 0x0000, 0x0000, 0x0000, 0x0000, 
  0x1822, 0x4928, 0x1022, 0x0000, 0x0000, 0x0000, 0x0000, 0x0000, 0x0000, 0x0000, 0x0000, 0x0000, 
  0x0000, 0x0000, 0x0000, 0x0000, 0x0000, 0x0000, 0x0000, 0x0801, 0x38a6, 0x48c8, 0x0800, 0x0000, 
  0x0000, 0x0000, 0x0000, 0x0000, 0x0000, 0x0000, 0x0000, 0x0000, 0x0000, 0x0000, 0x0000, 0x0000, 
  0x0000, 0x0000, 0x0000, 0x0000, 0x0000, 0x0000, 0x0000, 0x0000, 0x0000, 0x2023, 0x606b, 0x702d, 
  0x702d, 0x702d, 0x702e, 0x684c, 0x4047, 0x4849, 0x686d, 0x702e, 0x702e, 0x782e, 0x782d, 0x782e, 
  0x782e, 0x804e, 0x804f, 0x804f, 0x884f, 0x906f, 0x8870, 0x8890, 0x78ed, 0x2023, 0x0020, 0x0000, 
  0x0000, 0x0000, 0x0000, 0x0821, 0x28a4, 0x2083, 0x0000, 0x0000, 0x0000, 0x0000, 0x0000, 0x0000, 
  0x0000, 0x0000, 0x0000, 0x0000, 0x0000, 0x0000, 0x0000, 0x0000, 0x0000, 0x0000, 0x0800, 0x1822, 
  0x4887, 0x714c, 0x3886, 0x0801, 0x0000, 0x0000, 0x0000, 0x0000, 0x0000, 0x0000, 0x0000, 0x0000, 
  0x0000, 0x0000, 0x0000, 0x0000, 0x0000, 0x0000, 0x0000, 0x0000, 0x0000, 0x0000, 0x0000, 0x0000, 
  0x0000, 0x0000, 0x0000, 0x0000, 0x0000, 0x0000, 0x0000, 0x0000, 0x0000, 0x0000, 0x0000, 0x0000, 
  0x0000, 0x0000, 0x1081, 0x41e7, 0x18a2, 0x0000, 0x0000, 0x0000, 0x0000, 0x0000, 0x0000, 0x0000, 
  0x0000, 0x0000, 0x0000, 0x0000, 0x0000, 0x0000, 0x0000, 0x0000, 0x0000, 0x0000, 0x0000, 0x0000, 
  0x0000, 0x0000, 0x0000, 0x0000, 0x0000, 0x0000, 0x0000, 0x0000, 0x0000, 0x0000, 0x0000, 0x0000, 
  0x0000, 0x0000, 0x2124, 0x736d, 0x18c2, 0x0000, 0x0000, 0x0000, 0x0000, 0x0000, 0x0000, 0x0000, 
  0x0000, 0x0000, 0x0000, 0x0000, 0x0000, 0x0000, 0x0000, 0x0000, 0x0000, 0x0000, 0x0000, 0x0000, 
  0x0000, 0x0000, 0x0000, 0x0000, 0x0000, 0x0000, 0x0000, 0x0000, 0x0000, 0x0000, 0x0000, 0x0800, 
  0x3865, 0x994f, 0x892e, 0x2843, 0x0800, 0x0020, 0x0000, 0x0000, 0x0000, 0x0000, 0x0000, 0x0000, 
  0x0000, 0x0000, 0x0000, 0x0000, 0x0000, 0x0000, 0x0000, 0x0000, 0x0000, 0x0000, 0x0000, 0x0000, 
  0x0000, 0x0000, 0x0000, 0x0000, 0x0000, 0x0000, 0x0000, 0x0000, 0x0000, 0x0000, 0x0000, 0x0000, 
  0x0000, 0x0000, 0x0000, 0x0000, 0x0000, 0x0000, 0x0000, 0x0000, 0x0000, 0x0000, 0x0000, 0x0000, 
  0x1022, 0x48e8, 0x3085, 0x0000, 0x0000, 0x0000, 0x1021, 0x3846, 0x606a, 0x682a, 0x682a, 0x682b, 
  0x5869, 0x1822, 0x0000, 0x0000, 0x0000, 0x0000, 0x0000, 0x0000, 0x0000, 0x0000, 0x0000, 0x0000, 
  0x0000, 0x0000, 0x0000, 0x0000, 0x0000, 0x0000, 0x0000, 0x0000, 0x0000, 0x0000, 0x0000, 0x0000, 
  0x0000, 0x0000, 0x0000, 0x0000, 0x0000, 0x0000, 0x0000, 0x0000, 0x0000, 0x1021, 0x4067, 0x584a, 
  0x5029, 0x5029, 0x584a, 0x5069, 0x2845, 0x0000, 0x0000, 0x0000, 0x0000, 0x0000, 0x0000, 0x0000, 
  0x0000, 0x0000, 0x0000, 0x0000, 0x0000, 0x0000, 0x0000, 0x2884, 0x4928, 0x1021, 0x0000, 0x0000, 
  0x0000, 0x0000, 0x0000, 0x0000, 0x0000, 0x0000, 0x0000, 0x0000, 0x0000, 0x0000, 0x0000, 0x0000, 
  0x0020, 0x0000, 0x1021, 0x50e9, 0x40a7, 0x0800, 0x0000, 0x0000, 0x0000, 0x0000, 0x0000, 0x0000, 
  0x0000, 0x0000, 0x0000, 0x0000, 0x0000, 0x0000, 0x0000, 0x0000, 0x0000, 0x0000, 0x0000, 0x0000, 
  0x0000, 0x0000, 0x0000, 0x0800, 0x3846, 0x686c, 0x702d, 0x702d, 0x702d, 0x702d, 0x702d, 0x702d, 
  0x704d, 0x702d, 0x704d, 0x704d, 0x782d, 0x782d, 0x782d, 0x784e, 0x784e, 0x804e, 0x804f, 0x804f, 
  0x886f, 0x8870, 0x88b0, 0x68ab, 0x1001, 0x0800, 0x0000, 0x0000, 0x0000, 0x0000, 0x0821, 0x20a3, 
  0x0821, 0x0000, 0x0000, 0x0000, 0x0000, 0x0000, 0x0000, 0x0000, 0x0000, 0x0000, 0x0000, 0x0000, 
  0x0000, 0x0000, 0x0000, 0x0000, 0x0000, 0x1822, 0x50a7, 0x810d, 0x60ea, 0x1822, 0x0000, 0x0000, 
  0x0000, 0x0000, 0x0000, 0x0000, 0x0000, 0x0000, 0x0000, 0x0000, 0x0000, 0x0000, 0x0000, 0x0000, 
  0x0000, 0x0000, 0x0000, 0x0000, 0x0000, 0x0000, 0x0000, 0x0000, 0x0000, 0x0000, 0x0000, 0x0000, 
  0x0000, 0x0000, 0x0000, 0x0000, 0x0000, 0x0000, 0x0000, 0x0000, 0x0000, 0x18c3, 0x3186, 0x0861, 
  0x0000, 0x0000, 0x0000, 0x0000, 0x0000, 0x0000, 0x0000, 0x0000, 0x0000, 0x0000, 0x0000, 0x0000, 
  0x0000, 0x0000, 0x0000, 0x0000, 0x0000, 0x0000, 0x0000, 0x0000, 0x0000, 0x0000, 0x0000, 0x0000, 
  0x0000, 0x0000, 0x0000, 0x0000, 0x0000, 0x0000, 0x0000, 0x0000, 0x0000, 0x39e7, 0x5aeb, 0x0841, 
  0x0000, 0x0000, 0x0000, 0x0000, 0x0000, 0x0000, 0x0000, 0x0000, 0x0000, 0x0000, 0x0000, 0x0000, 
  0x0000, 0x0000, 0x0000, 0x0000, 0x0000, 0x0000, 0x0000, 0x0000, 0x0000, 0x0000, 0x0000, 0x0000, 
  0x0000, 0x0000, 0x0000, 0x0000, 0x0000, 0x0000, 0x1001, 0x58a9, 0xa190, 0x710c, 0x1822, 0x0020, 
  0x0000, 0x0000, 0x0000, 0x0000, 0x0000, 0x0000, 0x0000, 0x0000, 0x0000, 0x0000, 0x0000, 0x0000, 
  0x0000, 0x0000, 0x0000, 0x0000, 0x0000, 0x0000, 0x0000, 0x0000, 0x0000, 0x0000, 0x0000, 0x0000, 
  0x0000, 0x0000, 0x0000, 0x0000, 0x0000, 0x0000, 0x0000, 0x0000, 0x0000, 0x0000, 0x0000, 0x0000, 
  0x0000, 0x0000, 0x0000, 0x0000, 0x0000, 0x0000, 0x0000, 0x2043, 0x5109, 0x2063, 0x0000, 0x0000, 
  0x0000, 0x2043, 0x5889, 0x604a, 0x682a, 0x682b, 0x684b, 0x4868, 0x1001, 0x0000, 0x0000, 0x0000, 
  0x0000, 0x0000, 0x0000, 0x0000, 0x0000, 0x0000, 0x0000, 0x0000, 0x0000, 0x0000, 0x0000, 0x0000, 
  0x0000, 0x0000, 0x0000, 0x0000, 0x0000, 0x0000, 0x0000, 0x0000, 0x0000, 0x0000, 0x0000, 0x0000, 
  0x0000, 0x0000, 0x0000, 0x0800, 0x1822, 0x4887, 0x5049, 0x5028, 0x5029, 0x5049, 0x3866, 0x1001, 
  0x0000, 0x0000, 0x0000, 0x0000, 0x0000, 0x0000, 0x0000, 0x0000, 0x0000, 0x0000, 0x0000, 0x0000, 
  0x0000, 0x0800, 0x38c6, 0x4907, 0x0800, 0x0000, 0x0000, 0x0000, 0x0000, 0x0000, 0x0000, 0x0000, 
  0x0000, 0x0000, 0x0000, 0x0000, 0x0000, 0x0000, 0x0000, 0x0000, 0x0000, 0x1002, 0x614a, 0x3085, 
  0x0800, 0x0000, 0x0000, 0x0000, 0x0000, 0x0000, 0x0000, 0x0000, 0x0000, 0x20a3, 0x0820, 0x0000, 
  0x0000, 0x0000, 0x0000, 0x0000, 0x0000, 0x0000, 0x0000, 0x0000, 0x0000, 0x0000, 0x0801, 0x4888, 
  0x684c, 0x702d, 0x702d, 0x702d, 0x702d, 0x702d, 0x702d, 0x702d, 0x702d, 0x702d, 0x702d, 0x702d, 
  0x702d, 0x702d, 0x782d, 0x784e, 0x784e, 0x804e, 0x804e, 0x884f, 0x886f, 0x8890, 0x58a9, 0x1001, 
  0x0000, 0x0020, 0x0000, 0x0000, 0x0000, 0x0020, 0x0841, 0x0000, 0x0000, 0x0000, 0x0000, 0x0000, 
  0x0000, 0x0000, 0x0000, 0x0000, 0x0000, 0x0000, 0x0000, 0x0000, 0x0000, 0x0000, 0x0000, 0x1802, 
  0x5088, 0x80ed, 0x810e, 0x3865, 0x0800, 0x0000, 0x0000, 0x0000, 0x0000, 0x0000, 0x0000, 0x0000, 
  0x0000, 0x0000, 0x0000, 0x0000, 0x0000, 0x0000, 0x0000, 0x0000, 0x0000, 0x0000, 0x0000, 0x0000, 
  0x0000, 0x0000, 0x0000, 0x0000, 0x0000, 0x0000, 0x0000, 0x0000, 0x0000, 0x0000, 0x0000, 0x0000, 
  0x0000, 0x0000, 0x0000, 0x0020, 0x18e3, 0x18c3, 0x0020, 0x0000, 0x0000, 0x0000, 0x0000, 0x0000, 
  0x0000, 0x0000, 0x0000, 0x0000, 0x0000, 0x0000, 0x0000, 0x0000, 0x0000, 0x0000, 0x0000, 0x0000, 
  0x0000, 0x0000, 0x0000, 0x0000, 0x0000, 0x0000, 0x0000, 0x0000, 0x0000, 0x0000, 0x0000, 0x0000, 
  0x0000, 0x0000, 0x0000, 0x0000, 0x6b6d, 0x39e7, 0x0020, 0x0000, 0x0000, 0x0000, 0x0000, 0x0000, 
  0x0000, 0x0000, 0x0000, 0x0000, 0x0000, 0x0000, 0x0000, 0x0000, 0x0000, 0x0000, 0x0000, 0x0000, 
  0x0000, 0x0000, 0x0000, 0x0000, 0x0000, 0x0000, 0x0000, 0x0000, 0x0000, 0x0000, 0x0000, 0x0000, 
  0x0000, 0x1822, 0x794d, 0x99b1, 0x48a8, 0x0800, 0x0020, 0x0000, 0x0000, 0x0000, 0x0000, 0x0000, 
  0x0000, 0x0000, 0x0000, 0x0000, 0x0000, 0x0000, 0x0000, 0x0000, 0x0000, 0x0000, 0x0000, 0x0000, 
  0x0000, 0x0000, 0x0000, 0x0000, 0x0000, 0x0000, 0x0000, 0x0000, 0x0000, 0x0000, 0x0000, 0x0000, 
  0x0000, 0x0000, 0x0000, 0x0000, 0x0000, 0x0000, 0x0000, 0x0000, 0x0000, 0x0000, 0x0000, 0x0000, 
  0x0000, 0x0801, 0x3086, 0x510a, 0x1843, 0x0000, 0x0000, 0x0821, 0x4066, 0x606a, 0x682a, 0x682b, 
  0x684b, 0x686b, 0x3846, 0x0801, 0x0000, 0x0000, 0x0000, 0x0000, 0x0000, 0x0000, 0x0000, 0x0000, 
  0x0000, 0x0000, 0x0000, 0x0000, 0x0000, 0x0000, 0x0000, 0x0000, 0x0000, 0x0000, 0x0000, 0x0000, 
  0x0000, 0x0000, 0x0000, 0x0000, 0x0000, 0x0000, 0x0000, 0x0000, 0x0000, 0x0000, 0x0000, 0x2043, 
  0x4848, 0x5008, 0x5029, 0x4829, 0x4068, 0x1822, 0x0000, 0x0000, 0x0000, 0x0000, 0x0000, 0x0000, 
  0x0000, 0x0000, 0x0000, 0x0000, 0x0000, 0x0000, 0x0000, 0x1001, 0x0800, 0x40c7, 0x4908, 0x0800, 
  0x0000, 0x0000, 0x0000, 0x0000, 0x0000, 0x0000, 0x0000, 0x0000, 0x0000, 0x0000, 0x0000, 0x0000, 
  0x0000, 0x0000, 0x0000, 0x0000, 0x1842, 0x594a, 0x2863, 0x0820, 0x0000, 0x0000, 0x0000, 0x0000, 
  0x0000, 0x0000, 0x0000, 0x0821, 0x4106, 0x1862, 0x0000, 0x0000, 0x0000, 0x0000, 0x0000, 0x0000, 
  0x0000, 0x0000, 0x0000, 0x0000, 0x0000, 0x1822, 0x588a, 0x702d, 0x702d, 0x702d, 0x702d, 0x702d, 
  0x702d, 0x702d, 0x702d, 0x702d, 0x702d, 0x702d, 0x702d, 0x702d, 0x702d, 0x702d, 0x784d, 0x784e, 
  0x784e, 0x804e, 0x804e, 0x886f, 0x808f, 0x50a9, 0x1001, 0x0000, 0x0000, 0x0000, 0x0000, 0x0000, 
  0x0000, 0x0000, 0x0000, 0x0000, 0x0000, 0x0000, 0x0000, 0x0000, 0x0000, 0x0000, 0x0000, 0x0000, 
  0x0000, 0x0000, 0x0000, 0x0000, 0x0000, 0x1802, 0x5048, 0x806d, 0x88ae, 0x60aa, 0x1822, 0x0020, 
  0x0000, 0x0000, 0x0000, 0x0000, 0x0000, 0x0000, 0x0000, 0x0000, 0x0000, 0x0000, 0x0000, 0x0000, 
  0x0000, 0x0000, 0x0000, 0x0000, 0x0000, 0x0000, 0x0000, 0x0000, 0x0000, 0x0000, 0x0000, 0x0000, 
  0x0000, 0x0000, 0x0000, 0x0000, 0x0000, 0x0000, 0x0000, 0x0000, 0x0000, 0x0000, 0x0000, 0x0020, 
  0x0841, 0x0000, 0x0000, 0x0000, 0x0000, 0x0000, 0x0000, 0x0000, 0x0000, 0x0000, 0x0000, 0x0000, 
  0x0000, 0x0000, 0x0000, 0x0000, 0x0000, 0x0000, 0x0000, 0x0000, 0x0000, 0x0000, 0x0000, 0x0000, 
  0x0000, 0x0000, 0x0000, 0x0000, 0x0000, 0x0000, 0x0000, 0x0000, 0x0000, 0x0000, 0x10a2, 0x5289, 
  0x18c3, 0x0000, 0x0000, 0x0000, 0x0000, 0x0000, 0x0000, 0x0000, 0x0000, 0x0000, 0x0000, 0x0000, 
  0x0000, 0x0000, 0x0000, 0x0000, 0x0000, 0x0000, 0x0000, 0x0000, 0x0000, 0x0000, 0x0000, 0x0000, 
  0x0000, 0x0000, 0x0000, 0x0000, 0x0000, 0x0000, 0x0000, 0x0800, 0x3044, 0x896e, 0x896e, 0x3865, 
  0x0800, 0x0000, 0x0000, 0x0000, 0x0000, 0x0000, 0x0000, 0x0000, 0x0000, 0x0000, 0x0000, 0x0000, 
  0x0000, 0x0000, 0x0000, 0x0000, 0x0000, 0x0000, 0x0000, 0x0000, 0x0000, 0x0000, 0x0000, 0x0000, 
  0x0000, 0x0000, 0x0000, 0x0000, 0x0000, 0x0000, 0x0000, 0x0000, 0x0000, 0x0000, 0x0000, 0x0000, 
  0x0000, 0x0000, 0x0000, 0x0000, 0x0000, 0x0000, 0x0000, 0x0000, 0x1021, 0x40a7, 0x48e9, 0x1822, 
  0x0000, 0x0000, 0x1822, 0x4868, 0x604a, 0x684a, 0x682a, 0x682a, 0x604a, 0x3045, 0x0000, 0x0000, 
  0x0000, 0x0000, 0x0000, 0x0000, 0x0000, 0x0000, 0x0000, 0x0000, 0x0000, 0x0000, 0x0000, 0x0000, 
  0x0000, 0x0000, 0x0000, 0x0000, 0x0000, 0x0000, 0x0000, 0x0000, 0x0000, 0x0000, 0x0000, 0x0000, 
  0x0000, 0x0000, 0x0000, 0x0000, 0x0000, 0x0800, 0x2844, 0x4848, 0x4828, 0x4828, 0x4848, 0x2825, 
  0x0801, 0x0000, 0x0000, 0x0000, 0x0000, 0x0000, 0x0000, 0x0000, 0x0000, 0x0000, 0x0000, 0x0000, 
  0x0000, 0x0800, 0x2023, 0x5069, 0x50e9, 0x40c7, 0x0800, 0x0000, 0x0000, 0x0000, 0x0000, 0x0000, 
  0x0000, 0x0000, 0x0000, 0x0000, 0x0000, 0x0000, 0x0000, 0x0000, 0x0000, 0x0000, 0x0000, 0x2043, 
  0x5129, 0x1021, 0x0000, 0x0000, 0x0000, 0x0000, 0x0000, 0x0000, 0x0000, 0x0000, 0x1022, 0x5148, 
  0x1822, 0x0000, 0x0000, 0x0000, 0x0000, 0x0000, 0x0000, 0x0000, 0x0000, 0x0000, 0x0000, 0x0800, 
  0x2845, 0x688c, 0x702d, 0x702d, 0x702c, 0x702c, 0x702d, 0x702d, 0x702d, 0x702d, 0x702c, 0x702d, 
  0x702d, 0x702d, 0x702d, 0x704d, 0x704d, 0x784d, 0x784e, 0x784e, 0x804e, 0x804e, 0x806f, 0x788e, 
  0x4887, 0x0800, 0x0000, 0x0000, 0x0000, 0x0000, 0x0000, 0x0000, 0x0000, 0x0000, 0x0000, 0x0000, 
  0x0000, 0x0000, 0x0000, 0x0000, 0x0000, 0x0000, 0x0000, 0x0000, 0x0000, 0x0000, 0x0800, 0x1822, 
  0x5069, 0x888e, 0x884e, 0x788d, 0x3846, 0x0800, 0x0000, 0x0000, 0x0000, 0x0000, 0x0000, 0x0000, 
  0x0000, 0x0000, 0x0000, 0x0000, 0x0000, 0x0000, 0x0000, 0x0000, 0x0000, 0x0000, 0x0000, 0x0000, 
  0x0000, 0x0000, 0x0000, 0x0000, 0x0000, 0x0000, 0x0000, 0x0000, 0x0000, 0x0000, 0x0000, 0x0000, 
  0x0000, 0x0000, 0x0000, 0x0000, 0x0000, 0x0000, 0x0000, 0x0000, 0x0000, 0x0000, 0x0000, 0x0000, 
  0x0000, 0x0000, 0x0000, 0x0000, 0x0000, 0x0000, 0x0000, 0x0000, 0x0000, 0x0000, 0x0000, 0x0000, 
  0x0000, 0x0000, 0x0000, 0x0000, 0x0000, 0x0000, 0x0000, 0x0000, 0x0000, 0x0000, 0x0000, 0x0000, 
  0x0000, 0x0000, 0x0000, 0x0000, 0x0000, 0x2124, 0x5289, 0x0000, 0x0000, 0x0000, 0x0000, 0x0000, 
  0x0000, 0x0000, 0x0000, 0x0000, 0x0000, 0x0000, 0x0000, 0x0000, 0x0000, 0x0000, 0x0000, 0x0000, 
  0x0000, 0x0000, 0x0000, 0x0000, 0x0000, 0x0000, 0x0000, 0x0000, 0x0000, 0x0000, 0x0000, 0x0000, 
  0x0000, 0x0000, 0x1001, 0x4887, 0x890e, 0x68eb, 0x1822, 0x0000, 0x0000, 0x0000, 0x0000, 0x0000, 
  0x0000, 0x0000, 0x0000, 0x0000, 0x0000, 0x0000, 0x0000, 0x0000, 0x0000, 0x0000, 0x0000, 0x0000, 
  0x0000, 0x0000, 0x0000, 0x0000, 0x0000, 0x0000, 0x0000, 0x0000, 0x0000, 0x0000, 0x0000, 0x0000, 
  0x0000, 0x0000, 0x0000, 0x0000, 0x0000, 0x0000, 0x0000, 0x0000, 0x0000, 0x0000, 0x0000, 0x0000, 
  0x0000, 0x0000, 0x0800, 0x2043, 0x4888, 0x40a8, 0x1022, 0x0000, 0x0801, 0x3045, 0x586a, 0x604a, 
  0x684a, 0x684a, 0x604a, 0x5889, 0x2023, 0x0000, 0x0000, 0x0000, 0x0000, 0x0000, 0x0000, 0x0000, 
  0x0000, 0x0000, 0x0000, 0x0000, 0x0000, 0x0000, 0x0000, 0x0000, 0x0000, 0x0000, 0x0000, 0x0000, 
  0x0000, 0x0000, 0x0000, 0x0000, 0x0000, 0x0000, 0x0000, 0x0000, 0x0000, 0x0000, 0x0000, 0x0000, 
  0x1021, 0x3846, 0x4847, 0x4827, 0x4828, 0x3847, 0x1022, 0x0000, 0x0000, 0x0000, 0x0000, 0x0000, 
  0x0000, 0x0000, 0x0000, 0x0000, 0x0000, 0x0000, 0x0000, 0x0020, 0x1021, 0x3846, 0x604a, 0x5809, 
  0x3886, 0x0000, 0x0000, 0x0000, 0x0000, 0x0000, 0x0000, 0x0000, 0x0000, 0x0000, 0x0000, 0x0000, 
  0x0000, 0x0000, 0x0000, 0x0000, 0x0000, 0x0000, 0x2864, 0x48e8, 0x0800, 0x0000, 0x0000, 0x0000, 
  0x0000, 0x0000, 0x0000, 0x0020, 0x0000, 0x1802, 0x698a, 0x1822, 0x0000, 0x0000, 0x0000, 0x0000, 
  0x0000, 0x0000, 0x0000, 0x0000, 0x0000, 0x0000, 0x0800, 0x4087, 0x686c, 0x702c, 0x702d, 0x702c, 
  0x702c, 0x702d, 0x702d, 0x702d, 0x702d, 0x702c, 0x702c, 0x702d, 0x702d, 0x702d, 0x702d, 0x702d, 
  0x784d, 0x784d, 0x784d, 0x784e, 0x804e, 0x806e, 0x808e, 0x4066, 0x0800, 0x0000, 0x0020, 0x0000, 
  0x0000, 0x0000, 0x0000, 0x0000, 0x0000, 0x0000, 0x0000, 0x0000, 0x0000, 0x0000, 0x0000, 0x0000, 
  0x0000, 0x0000, 0x0000, 0x0000, 0x0000, 0x1802, 0x5888, 0x886e, 0x884f, 0x884f, 0x608a, 0x1802, 
  0x0000, 0x0000, 0x0000, 0x0000, 0x0000, 0x0000, 0x0000, 0x0000, 0x0000, 0x0000, 0x0000, 0x0000, 
  0x0000, 0x0000, 0x0000, 0x0000, 0x0000, 0x0000, 0x0000, 0x0000, 0x0000, 0x0000, 0x0000, 0x0000, 
  0x0000, 0x0000, 0x0000, 0x0000, 0x0000, 0x0000, 0x0000, 0x0000, 0x0000, 0x0000, 0x0000, 0x0000, 
  0x0000, 0x0000, 0x0000, 0x0000, 0x0000, 0x0000, 0x0000, 0x0000, 0x0000, 0x0000, 0x0000, 0x0000, 
  0x0000, 0x0000, 0x0000, 0x0000, 0x0000, 0x0000, 0x0000, 0x0000, 0x0000, 0x0000, 0x0000, 0x0000, 
  0x0000, 0x0000, 0x0000, 0x0000, 0x0000, 0x0000, 0x0000, 0x0000, 0x0000, 0x0000, 0x0000, 0x0000, 
  0x39a6, 0x31a6, 0x0000, 0x0000, 0x0000, 0x0000, 0x0000, 0x0000, 0x0000, 0x0000, 0x0000, 0x0000, 
  0x0000, 0x0000, 0x0000, 0x0000, 0x0000, 0x0000, 0x0000, 0x0000, 0x0000, 0x0000, 0x0000, 0x0000, 
  0x0000, 0x0000, 0x0000, 0x0000, 0x0000, 0x0000, 0x0000, 0x0000, 0x0000, 0x1001, 0x5889, 0x78ed, 
  0x50a8, 0x1001, 0x0000, 0x0000, 0x0000, 0x0000, 0x0000, 0x0000, 0x0000, 0x0000, 0x0000, 0x0000, 
  0x0000, 0x0000, 0x0000, 0x0000, 0x0000, 0x0000, 0x0000, 0x0000, 0x0000, 0x0000, 0x0000, 0x0000, 
  0x0000, 0x0000, 0x0000, 0x0000, 0x0000, 0x0000, 0x0000, 0x0000, 0x0000, 0x0000, 0x0000, 0x0000, 
  0x0000, 0x0000, 0x0000, 0x0000, 0x0000, 0x0000, 0x0000, 0x0000, 0x0000, 0x1001, 0x3866, 0x4868, 
  0x4088, 0x1022, 0x0000, 0x1843, 0x4888, 0x602a, 0x604a, 0x602a, 0x604a, 0x604a, 0x4888, 0x1001, 
  0x0000, 0x0000, 0x0000, 0x0000, 0x0000, 0x0000, 0x0000, 0x0000, 0x0000, 0x0000, 0x0000, 0x0000, 
  0x0000, 0x0000, 0x0000, 0x0000, 0x0000, 0x0000, 0x0000, 0x0000, 0x0000, 0x0000, 0x0000, 0x0000, 
  0x0000, 0x0000, 0x0000, 0x0000, 0x0000, 0x0000, 0x0000, 0x1802, 0x4047, 0x4827, 0x4827, 0x4868, 
  0x2824, 0x0800, 0x0000, 0x0000, 0x0000, 0x0000, 0x0000, 0x0000, 0x0000, 0x0000, 0x0000, 0x0000, 
  0x0000, 0x0000, 0x0000, 0x1823, 0x5068, 0x582a, 0x600a, 0x5809, 0x0000, 0x0000, 0x0000, 0x0000, 
  0x0000, 0x0000, 0x0000, 0x0000, 0x0000, 0x0000, 0x0000, 0x0000, 0x0000, 0x0000, 0x0000, 0x0000, 
  0x0800, 0x30c5, 0x38c7, 0x0800, 0x0020, 0x0000, 0x0000, 0x0000, 0x0000, 0x0000, 0x0000, 0x0800, 
  0x2823, 0x798d, 0x2843, 0x0000, 0x0000, 0x0000, 0x0000, 0x0000, 0x0000, 0x0000, 0x0000, 0x0000, 
  0x0000, 0x0801, 0x5068, 0x704c, 0x702c, 0x702d, 0x702d, 0x702c, 0x702c, 0x702c, 0x702d, 0x702d, 
  0x702d, 0x704d, 0x704d, 0x704d, 0x704d, 0x704d, 0x704d, 0x702d, 0x784d, 0x784d, 0x784e, 0x784e, 
  0x806e, 0x78ae, 0x3845, 0x0000, 0x0000, 0x0000, 0x0000, 0x0000, 0x0000, 0x0000, 0x0000, 0x0000, 
  0x0000, 0x0000, 0x0000, 0x0000, 0x0000, 0x0000, 0x0000, 0x0000, 0x0000, 0x0000, 0x0000, 0x1802, 
  0x5088, 0x888e, 0x982f, 0x9050, 0x886e, 0x4047, 0x0801, 0x0000, 0x0000, 0x0000, 0x0000, 0x0000, 
  0x0000, 0x0000, 0x0000, 0x0000, 0x0000, 0x0000, 0x0000, 0x0000, 0x0000, 0x0000, 0x0000, 0x0000, 
  0x0000, 0x0000, 0x0000, 0x0000, 0x0000, 0x0000, 0x0000, 0x0000, 0x0000, 0x0000, 0x0000, 0x0000, 
  0x0000, 0x0000, 0x0000, 0x0000, 0x0000, 0x0000, 0x0000, 0x0000, 0x0000, 0x0000, 0x0000, 0x0000, 
  0x0000, 0x0000, 0x0000, 0x0000, 0x0000, 0x0000, 0x0000, 0x0000, 0x0000, 0x0000, 0x0000, 0x0000, 
  0x0000, 0x0000, 0x0000, 0x0000, 0x0000, 0x0000, 0x0000, 0x0000, 0x0000, 0x0000, 0x0000, 0x0000, 
  0x0000, 0x0000, 0x0000, 0x0000, 0x0000, 0x0000, 0x0000, 0x39e7, 0x18e3, 0x0000, 0x0000, 0x0000, 
  0x0000, 0x0000, 0x0000, 0x0000, 0x0000, 0x0000, 0x0000, 0x0000, 0x0000, 0x0000, 0x0000, 0x0000, 
  0x0000, 0x0000, 0x0000, 0x0000, 0x0000, 0x0000, 0x0000, 0x0000, 0x0000, 0x0000, 0x0000, 0x0000, 
  0x0000, 0x0000, 0x0000, 0x0000, 0x2023, 0x60aa, 0x70ec, 0x3866, 0x0800, 0x0000, 0x0000, 0x0000, 
  0x0000, 0x0000, 0x0000, 0x0000, 0x0000, 0x0000, 0x0000, 0x0000, 0x0000, 0x0000, 0x0000, 0x0000, 
  0x0000, 0x0000, 0x0000, 0x0000, 0x0000, 0x0000, 0x0000, 0x0000, 0x0000, 0x0000, 0x0000, 0x0000, 
  0x0000, 0x0000, 0x0000, 0x0000, 0x0000, 0x0000, 0x0000, 0x0000, 0x0000, 0x0000, 0x0000, 0x0000, 
  0x0000, 0x0000, 0x0000, 0x0000, 0x1823, 0x3867, 0x4848, 0x4068, 0x1022, 0x0800, 0x3065, 0x5849, 
  0x602a, 0x602a, 0x6049, 0x604a, 0x604a, 0x4066, 0x0801, 0x0000, 0x0000, 0x0000, 0x0000, 0x0000, 
  0x0000, 0x0000, 0x0000, 0x0000, 0x0000, 0x0000, 0x1862, 0x1021, 0x0000, 0x0000, 0x0000, 0x0000, 
  0x0000, 0x0000, 0x0000, 0x0000, 0x0000, 0x0000, 0x0000, 0x0000, 0x0000, 0x0000, 0x0000, 0x0000, 
  0x0000, 0x0000, 0x2823, 0x4047, 0x4827, 0x4848, 0x4067, 0x1822, 0x0000, 0x0000, 0x0000, 0x0000, 
  0x0000, 0x0000, 0x0000, 0x0000, 0x0000, 0x0000, 0x0000, 0x0000, 0x0000, 0x0800, 0x3045, 0x5849, 
  0x600a, 0x6009, 0x602a, 0x600a, 0x0000, 0x0000, 0x0000, 0x0000, 0x0000, 0x0000, 0x0000, 0x0000, 
  0x0000, 0x0000, 0x0000, 0x0000, 0x0000, 0x0000, 0x0000, 0x0800, 0x38e6, 0x30a5, 0x0800, 0x0000, 
  0x0000, 0x0000, 0x0000, 0x0000, 0x0000, 0x0000, 0x0000, 0x3064, 0x91cf, 0x3064, 0x0000, 0x0000, 
  0x0000, 0x0000, 0x0000, 0x0000, 0x0000, 0x0000, 0x0000, 0x0000, 0x1823, 0x588a, 0x702d, 0x702d, 
  0x702d, 0x702d, 0x702d, 0x702d, 0x702d, 0x702d, 0x704c, 0x704c, 0x704d, 0x704d, 0x704d, 0x704d, 
  0x704d, 0x704d, 0x704d, 0x784d, 0x784e, 0x784e, 0x784e, 0x804e, 0x788d, 0x3045, 0x0800, 0x0000, 
  0x0000, 0x0000, 0x0000, 0x0000, 0x0000, 0x0000, 0x0000, 0x0000, 0x0000, 0x0000, 0x0000, 0x0000, 
  0x0000, 0x0000, 0x0000, 0x0000, 0x0000, 0x1822, 0x5088, 0x88af, 0x9850, 0x984f, 0x984f, 0x708c, 
  0x2823, 0x0000, 0x0000, 0x0000, 0x0000, 0x0000, 0x0000, 0x0000, 0x0000, 0x0000, 0x0000, 0x0000, 
  0x0000, 0x0000, 0x0000, 0x0000, 0x0000, 0x0000, 0x0000, 0x0000, 0x0000, 0x0000, 0x0000, 0x0000, 
  0x0000, 0x0000, 0x0000, 0x0000, 0x0000, 0x0000, 0x0000, 0x0000, 0x0000, 0x0000, 0x0000, 0x0000, 
  0x0000, 0x0000, 0x0000, 0x0000, 0x0000, 0x0000, 0x0000, 0x0020, 0x0000, 0x0000, 0x0000, 0x0000, 
  0x0000, 0x0000, 0x0000, 0x0000, 0x0000, 0x0000, 0x0000, 0x0000, 0x0000, 0x0000, 0x0000, 0x0000, 
  0x0000, 0x0000, 0x0000, 0x0000, 0x0000, 0x0000, 0x0000, 0x0000, 0x0000, 0x0000, 0x0000, 0x0000, 
  0x0000, 0x1081, 0x39e7, 0x0861, 0x0000, 0x0000, 0x0000, 0x0000, 0x0000, 0x0000, 0x0000, 0x0000, 
  0x0000, 0x0000, 0x0000, 0x0000, 0x0000, 0x0000, 0x0000, 0x0000, 0x0000, 0x0000, 0x0000, 0x0000, 
  0x0000, 0x0000, 0x0000, 0x0000, 0x0000, 0x0000, 0x0000, 0x0000, 0x0000, 0x0000, 0x0800, 0x3045, 
  0x68aa, 0x60cb, 0x2044, 0x0000, 0x0000, 0x0000, 0x0000, 0x0000, 0x0000, 0x0000, 0x0000, 0x0000, 
  0x0000, 0x0000, 0x0000, 0x0000, 0x0000, 0x0000, 0x0000, 0x0000, 0x0000, 0x0000, 0x0000, 0x0000, 
  0x0000, 0x0000, 0x0000, 0x0000, 0x0000, 0x0000, 0x0000, 0x0000, 0x0000, 0x0000, 0x0000, 0x0000, 
  0x0000, 0x0000, 0x0000, 0x0000, 0x0000, 0x0000, 0x0000, 0x0000, 0x0000, 0x0000, 0x0800, 0x2843, 
  0x4047, 0x4828, 0x4848, 0x2024, 0x2823, 0x4868, 0x5849, 0x5829, 0x5849, 0x602a, 0x604a, 0x5849, 
  0x2845, 0x0000, 0x0000, 0x0000, 0x0000, 0x0000, 0x0000, 0x0000, 0x0000, 0x0000, 0x0000, 0x0000, 
  0x0821, 0x30c4, 0x1862, 0x0000, 0x0000, 0x0000, 0x0000, 0x0000, 0x0000, 0x0000, 0x0000, 0x0000, 
  0x0000, 0x0000, 0x0000, 0x0000, 0x0000, 0x0000, 0x0000, 0x0000, 0x0801, 0x3045, 0x4868, 0x4848, 
  0x4868, 0x2845, 0x0800, 0x0000, 0x0000, 0x0000, 0x0000, 0x0000, 0x0000, 0x0000, 0x0000, 0x0000, 
  0x0000, 0x0000, 0x0000, 0x0000, 0x1022, 0x4868, 0x582a, 0x6009, 0x600a, 0x600a, 0x600a, 0x600a, 
  0x0000, 0x0000, 0x0000, 0x0000, 0x0000, 0x0000, 0x0000, 0x0000, 0x0000, 0x0000, 0x0000, 0x0000, 
  0x0000, 0x0000, 0x0800, 0x4127, 0x2864, 0x0800, 0x0020, 0x0000, 0x0000, 0x0000, 0x0000, 0x0000, 
  0x0000, 0x0800, 0x3845, 0x9970, 0x4086, 0x0800, 0x0000, 0x0000, 0x0000, 0x0000, 0x0000, 0x0000, 
  0x0000, 0x0000, 0x0000, 0x2845, 0x686c, 0x702d, 0x702c, 0x702d, 0x702d, 0x702d, 0x702d, 0x702d, 
  0x702d, 0x702d, 0x704d, 0x704d, 0x704d, 0x704d, 0x704d, 0x704d, 0x704d, 0x784d, 0x704e, 0x784e, 
  0x784e, 0x784e, 0x786e, 0x70ad, 0x2844, 0x0000, 0x0000, 0x0000, 0x0000, 0x0000, 0x0000, 0x0000, 
  0x0000, 0x0000, 0x0000, 0x0000, 0x0000, 0x0000, 0x0000, 0x0000, 0x0000, 0x0000, 0x0800, 0x1802, 
  0x5068, 0x88ae, 0x904f, 0x906f, 0x9850, 0x906f, 0x5088, 0x0801, 0x0000, 0x0000, 0x0000, 0x0000, 
  0x0000, 0x0000, 0x0000, 0x0000, 0x0000, 0x0000, 0x0000, 0x0000, 0x0000, 0x0000, 0x0000, 0x0000, 
  0x0000, 0x0000, 0x0000, 0x0000, 0x0000, 0x0000, 0x0841, 0x18e3, 0x2965, 0x4207, 0x5aca, 0x6b6d, 
  0x8410, 0x94b2, 0xa514, 0xad54, 0xad55, 0xad55, 0xa534, 0x9cf3, 0x9492, 0x840f, 0x6b6d, 0x52aa, 
  0x4208, 0x3186, 0x18e3, 0x0820, 0x0000, 0x0000, 0x0000, 0x0000, 0x0000, 0x0000, 0x0000, 0x0000, 
  0x0000, 0x0000, 0x0000, 0x0000, 0x0000, 0x0000, 0x0000, 0x0000, 0x0000, 0x0000, 0x0000, 0x0000, 
  0x0000, 0x0000, 0x0000, 0x0000, 0x0000, 0x0000, 0x0000, 0x0000, 0x0000, 0x1082, 0x0020, 0x0000, 
  0x0000, 0x0000, 0x0000, 0x0000, 0x0000, 0x0000, 0x0000, 0x0000, 0x0000, 0x0000, 0x0000, 0x0000, 
  0x0000, 0x0000, 0x0000, 0x0000, 0x0000, 0x0000, 0x0000, 0x0000, 0x0000, 0x0000, 0x0000, 0x0000, 
  0x0000, 0x0000, 0x0000, 0x0000, 0x0000, 0x1001, 0x4087, 0x68cb, 0x50c9, 0x1002, 0x0000, 0x0000, 
  0x0000, 0x0000, 0x0000, 0x0000, 0x0000, 0x0000, 0x0000, 0x0000, 0x0000, 0x0000, 0x0000, 0x0000, 
  0x0000, 0x0000, 0x0000, 0x0000, 0x0000, 0x0000, 0x0000, 0x0000, 0x0000, 0x0000, 0x0000, 0x0000, 
  0x0000, 0x0000, 0x0000, 0x0000, 0x0000, 0x0000, 0x0000, 0x0000, 0x0000, 0x0000, 0x0000, 0x0000, 
  0x0000, 0x0000, 0x0000, 0x0000, 0x0000, 0x1001, 0x3846, 0x4827, 0x4827, 0x4828, 0x4828, 0x4848, 
  0x5028, 0x5029, 0x5829, 0x5849, 0x5849, 0x5849, 0x4868, 0x1822, 0x0000, 0x0000, 0x0000, 0x0000, 
  0x0000, 0x0000, 0x0000, 0x0000, 0x0000, 0x0000, 0x0800, 0x1842, 0x4126, 0x0821, 0x0000, 0x0000, 
  0x0000, 0x0000, 0x0000, 0x0000, 0x0000, 0x0000, 0x0000, 0x0000, 0x0000, 0x0000, 0x0000, 0x0000, 
  0x0000, 0x0000, 0x0000, 0x1001, 0x4066, 0x5048, 0x5048, 0x4067, 0x1022, 0x0000, 0x0000, 0x0000, 
  0x0000, 0x0000, 0x0000, 0x0000, 0x0000, 0x0000, 0x0000, 0x0000, 0x0000, 0x0000, 0x0800, 0x2844, 
  0x586a, 0x582a, 0x602a, 0x600a, 0x602a, 0x602a, 0x602a, 0x602a, 0x0000, 0x0000, 0x0000, 0x0000, 
  0x0000, 0x0000, 0x0000, 0x0000, 0x0000, 0x0000, 0x0000, 0x0000, 0x0000, 0x0800, 0x3906, 0x2063, 
  0x0000, 0x0000, 0x0000, 0x0000, 0x0000, 0x0000, 0x0000, 0x0000, 0x0800, 0x4065, 0xa170, 0x58c9, 
  0x0800, 0x0000, 0x0000, 0x0000, 0x0000, 0x0000, 0x0000, 0x0000, 0x0000, 0x0800, 0x3887, 0x684d, 
  0x782e, 0x782d, 0x702d, 0x702d, 0x702d, 0x702d, 0x702d, 0x702d, 0x702d, 0x702d, 0x704d, 0x704d, 
  0x704d, 0x704d, 0x704d, 0x704d, 0x704d, 0x784d, 0x784d, 0x784e, 0x784e, 0x786e, 0x708d, 0x2023, 
  0x0000, 0x0000, 0x0000, 0x0000, 0x0000, 0x0000, 0x0000, 0x0000, 0x0000, 0x0000, 0x0000, 0x0000, 
  0x0000, 0x0000, 0x0000, 0x0000, 0x0000, 0x1802, 0x5889, 0x888e, 0x906f, 0x904f, 0x904f, 0x9050, 
  0x78ad, 0x2844, 0x0800, 0x0000, 0x0000, 0x0000, 0x0000, 0x0000, 0x0000, 0x0000, 0x0000, 0x0000, 
  0x0000, 0x0000, 0x0000, 0x0000, 0x0000, 0x0000, 0x0000, 0x0000, 0x0020, 0x2103, 0x5aeb, 0x8430, 
  0xa514, 0xce59, 0xe73c, 0xf7be, 0xffdf, 0xf7bf, 0xffde, 0xffdf, 0xffdf, 0xffdf, 0xffdf, 0xffdf, 
  0xffde, 0xffde, 0xffdf, 0xffdf, 0xffdf, 0xffdf, 0xffdf, 0xffdf, 0xffdf, 0xffdf, 0xf7be, 0xdedb, 
  0xbdd7, 0x9491, 0x6b4d, 0x39c6, 0x0020, 0x0000, 0x0000, 0x0000, 0x0000, 0x0000, 0x0000, 0x0000, 
  0x0000, 0x0000, 0x0000, 0x0000, 0x0000, 0x0000, 0x0000, 0x0000, 0x0000, 0x0000, 0x0000, 0x0000, 
  0x0000, 0x0000, 0x0000, 0x0000, 0x0000, 0x0000, 0x0000, 0x0000, 0x0000, 0x0000, 0x0000, 0x0000, 
  0x0000, 0x0000, 0x0000, 0x0000, 0x0000, 0x0000, 0x0000, 0x0000, 0x0000, 0x0000, 0x0000, 0x0000, 
  0x0000, 0x0000, 0x0000, 0x0000, 0x0000, 0x0000, 0x0000, 0x0000, 0x0000, 0x0000, 0x0000, 0x0000, 
  0x1822, 0x50a8, 0x60cb, 0x3066, 0x0801, 0x0000, 0x0000, 0x0000, 0x0000, 0x0000, 0x0000, 0x0000, 
  0x0000, 0x0000, 0x0000, 0x0000, 0x0000, 0x0000, 0x0000, 0x0000, 0x0000, 0x0000, 0x0000, 0x0000, 
  0x0000, 0x0000, 0x0000, 0x0000, 0x0000, 0x0000, 0x0000, 0x0000, 0x0000, 0x0000, 0x0000, 0x0000, 
  0x0000, 0x0000, 0x0000, 0x0000, 0x0000, 0x0000, 0x0000, 0x0000, 0x0000, 0x0000, 0x0000, 0x0000, 
  0x1822, 0x3846, 0x4007, 0x4007, 0x4807, 0x4808, 0x4828, 0x4828, 0x5028, 0x5029, 0x5829, 0x5829, 
  0x5849, 0x4066, 0x1001, 0x0000, 0x0000, 0x0000, 0x0000, 0x0000, 0x0000, 0x0000, 0x0000, 0x0000, 
  0x0000, 0x0800, 0x38e5, 0x38c5, 0x0800, 0x0000, 0x0000, 0x0000, 0x0000, 0x0000, 0x0000, 0x0000, 
  0x0000, 0x0000, 0x0000, 0x0000, 0x0000, 0x0000, 0x0000, 0x0000, 0x0000, 0x0000, 0x1822, 0x4087, 
  0x4848, 0x5089, 0x2844, 0x0800, 0x0000, 0x0000, 0x0000, 0x0000, 0x0000, 0x0000, 0x0000, 0x0000, 
  0x0000, 0x0000, 0x0000, 0x0000, 0x0000, 0x0801, 0x4068, 0x604a, 0x602a, 0x602a, 0x602a, 0x602a, 
  0x602a, 0x602a, 0x602b, 0x606b, 0x0000, 0x0000, 0x0000, 0x0000, 0x0000, 0x0000, 0x0000, 0x0000, 
  0x0000, 0x0000, 0x0000, 0x0000, 0x0821, 0x3106, 0x1041, 0x0000, 0x0000, 0x0000, 0x0000, 0x0000, 
  0x0000, 0x0020, 0x0020, 0x0800, 0x4867, 0xb111, 0x710b, 0x0800, 0x0000, 0x0000, 0x0000, 0x0000, 
  0x0000, 0x0000, 0x0000, 0x0000, 0x1001, 0x5069, 0x704e, 0x782d, 0x782d, 0x782d, 0x702d, 0x702d, 
  0x702d, 0x702d, 0x702d, 0x702d, 0x704d, 0x704d, 0x704d, 0x704d, 0x704d, 0x704d, 0x704d, 0x704d, 
  0x784e, 0x784e, 0x782e, 0x784e, 0x784e, 0x688d, 0x2023, 0x0000, 0x0000, 0x0000, 0x0000, 0x0000, 
  0x0000, 0x0000, 0x0000, 0x0000, 0x0000, 0x0000, 0x0000, 0x0000, 0x0000, 0x0000, 0x0000, 0x1802, 
  0x5889, 0x806e, 0x9050, 0x904f, 0x904f, 0x906f, 0x888f, 0x5088, 0x1001, 0x0000, 0x0000, 0x0000, 
  0x0000, 0x0000, 0x0000, 0x0000, 0x0000, 0x0000, 0x0000, 0x0000, 0x0000, 0x0000, 0x0000, 0x0000, 
  0x20e3, 0x5aeb, 0x8c71, 0xce59, 0xf79d, 0xffdf, 0xffdf, 0xffdf, 0xffdf, 0xffdf, 0xffdf, 0xffdf, 
  0xffdf, 0xffdf, 0xffdf, 0xffdf, 0xffdf, 0xffdf, 0xffdf, 0xffdf, 0xffdf, 0xffdf, 0xffdf, 0xffdf, 
  0xffdf, 0xffdf, 0xffdf, 0xffdf, 0xffdf, 0xffdf, 0xffdf, 0xffff, 0xffdf, 0xffdf, 0xffdf, 0xffdf, 
  0xf79e, 0xc618, 0x736d, 0x3186, 0x0020, 0x0000, 0x0000, 0x0000, 0x0000, 0x0000, 0x0000, 0x0000, 
  0x0000, 0x0000, 0x0000, 0x0000, 0x0000, 0x0000, 0x0000, 0x0000, 0x0000, 0x0000, 0x0000, 0x0000, 
  0x0000, 0x0000, 0x0000, 0x0000, 0x0000, 0x0000, 0x0000, 0x0000, 0x0000, 0x0000, 0x0000, 0x0000, 
  0x0000, 0x0000, 0x0000, 0x0000, 0x0000, 0x0000, 0x0000, 0x0000, 0x0000, 0x0000, 0x0000, 0x0000, 
  0x0000, 0x0000, 0x0000, 0x0000, 0x0000, 0x0020, 0x0000, 0x2023, 0x5088, 0x50a8, 0x2023, 0x0000, 
  0x0000, 0x0000, 0x0000, 0x0000, 0x0000, 0x0000, 0x0000, 0x0000, 0x0000, 0x0000, 0x0000, 0x0000, 
  0x0000, 0x0000, 0x0000, 0x0000, 0x0000, 0x0000, 0x0000, 0x0000, 0x0000, 0x0000, 0x0000, 0x0000, 
  0x0000, 0x0000, 0x0000, 0x0000, 0x0000, 0x0000, 0x0000, 0x0000, 0x0000, 0x0000, 0x0000, 0x0000, 
  0x0000, 0x0000, 0x0000, 0x0000, 0x0000, 0x0000, 0x0800, 0x2824, 0x3827, 0x4007, 0x4007, 0x4007, 
  0x4808, 0x4808, 0x4808, 0x4828, 0x5028, 0x5029, 0x5029, 0x5048, 0x3045, 0x0000, 0x0000, 0x0000, 
  0x0000, 0x0000, 0x0000, 0x0000, 0x0000, 0x0000, 0x0000, 0x0800, 0x1021, 0x4927, 0x2863, 0x0020, 
  0x0000, 0x0000, 0x0000, 0x0000, 0x0000, 0x0000, 0x0000, 0x0000, 0x0000, 0x0000, 0x0000, 0x0000, 
  0x0000, 0x0000, 0x0000, 0x0000, 0x0000, 0x2044, 0x4888, 0x4868, 0x3866, 0x1022, 0x0000, 0x0000, 
  0x0000, 0x0000, 0x0000, 0x0000, 0x0000, 0x0000, 0x0000, 0x0000, 0x0000, 0x0000, 0x0000, 0x0000, 
  0x2044, 0x586a, 0x602b, 0x602a, 0x602a, 0x602a, 0x602a, 0x602a, 0x682b, 0x684b, 0x588a, 0x2023, 
  0x0000, 0x0000, 0x0000, 0x0000, 0x0000, 0x0000, 0x0000, 0x0000, 0x0000, 0x0000, 0x0000, 0x0821, 
  0x20a3, 0x0820, 0x0020, 0x0000, 0x0000, 0x0000, 0x0000, 0x0000, 0x0000, 0x0020, 0x0801, 0x5068, 
  0xb111, 0x910e, 0x1001, 0x0020, 0x0000, 0x0000, 0x0000, 0x0000, 0x0000, 0x0000, 0x0000, 0x1822, 
  0x588b, 0x784d, 0x782d, 0x782e, 0x782d, 0x782d, 0x702d, 0x702d, 0x702d, 0x702d, 0x702d, 0x704d, 
  0x704d, 0x704d, 0x704d, 0x704d, 0x704d, 0x704d, 0x784d, 0x784d, 0x784e, 0x784e, 0x784e, 0x784e, 
  0x68ac, 0x1822, 0x0000, 0x0000, 0x0000, 0x0000, 0x0000, 0x0000, 0x0000, 0x0000, 0x0000, 0x0000, 
  0x0000, 0x0000, 0x0000, 0x0000, 0x0000, 0x1822, 0x4867, 0x80ae, 0x884f, 0x902f, 0x904f, 0x9050, 
  0x906f, 0x78ad, 0x3065, 0x0000, 0x0000, 0x0000, 0x0000, 0x0000, 0x0000, 0x0000, 0x0000, 0x0000, 
  0x0000, 0x0000, 0x0000, 0x0000, 0x0861, 0x4228, 0x7bef, 0xd69a, 0xffdf, 0xffdf, 0xf7bf, 0xffdf, 
  0xffdf, 0xffdf, 0xffdf, 0xffdf, 0xffdf, 0xffdf, 0xffdf, 0xffdf, 0xffdf, 0xffdf, 0xffdf, 0xffdf, 
  0xffdf, 0xffdf, 0xffdf, 0xffdf, 0xffdf, 0xffdf, 0xffdf, 0xffdf, 0xffdf, 0xffdf, 0xffdf, 0xffdf, 
  0xffdf, 0xffdf, 0xffdf, 0xffdf, 0xffdf, 0xffdf, 0xffdf, 0xffdf, 0xffdf, 0xffdf, 0xffdf, 0xffdf, 
  0xd6ba, 0x8430, 0x39e7, 0x0020, 0x0000, 0x0000, 0x0000, 0x0000, 0x0000, 0x0000, 0x0000, 0x0000, 
  0x0000, 0x0000, 0x0000, 0x0000, 0x0000, 0x0000, 0x0000, 0x0000, 0x0000, 0x0000, 0x0000, 0x0000, 
  0x0000, 0x0000, 0x0000, 0x0000, 0x0000, 0x0000, 0x0000, 0x0000, 0x0000, 0x0000, 0x0000, 0x0000, 
  0x0000, 0x0000, 0x0000, 0x0000, 0x0000, 0x0000, 0x0000, 0x0000, 0x0000, 0x0000, 0x0000, 0x0000, 
  0x0000, 0x0800, 0x2844, 0x5087, 0x3866, 0x0801, 0x0000, 0x0000, 0x0000, 0x0000, 0x0000, 0x0000, 
  0x0000, 0x0000, 0x0000, 0x0000, 0x0000, 0x0000, 0x0000, 0x0000, 0x0000, 0x0000, 0x0000, 0x0000, 
  0x0000, 0x0000, 0x0000, 0x0000, 0x0000, 0x0000, 0x0000, 0x0000, 0x0000, 0x0000, 0x0000, 0x0000, 
  0x0000, 0x0000, 0x0000, 0x0000, 0x0000, 0x0000, 0x0000, 0x0000, 0x0000, 0x0000, 0x0000, 0x0000, 
  0x0000, 0x0821, 0x2845, 0x4027, 0x4007, 0x4007, 0x4007, 0x4007, 0x4807, 0x4808, 0x4828, 0x4828, 
  0x4828, 0x5028, 0x4867, 0x2023, 0x0000, 0x0000, 0x0000, 0x0000, 0x0000, 0x0000, 0x0000, 0x0000, 
  0x0000, 0x0000, 0x0000, 0x1842, 0x4106, 0x1021, 0x0000, 0x0000, 0x0000, 0x0000, 0x0000, 0x0000, 
  0x0000, 0x0000, 0x0000, 0x0000, 0x0000, 0x0000, 0x0000, 0x0000, 0x0000, 0x0000, 0x0000, 0x0801, 
  0x2865, 0x4868, 0x4087, 0x2844, 0x0800, 0x0000, 0x0000, 0x0000, 0x0000, 0x0000, 0x0000, 0x0000, 
  0x0000, 0x0000, 0x0000, 0x0000, 0x0000, 0x0000, 0x0801, 0x3847, 0x586b, 0x602a, 0x602a, 0x602a, 
  0x602a, 0x602a, 0x602a, 0x602b, 0x604b, 0x4087, 0x0801, 0x0000, 0x0000, 0x0000, 0x0000, 0x0000, 
  0x0000, 0x0000, 0x0000, 0x0000, 0x0000, 0x0000, 0x0000, 0x0020, 0x0000, 0x0000, 0x0000, 0x0000, 
  0x0000, 0x0000, 0x0000, 0x0000, 0x0020, 0x0801, 0x5088, 0xb0f2, 0xa131, 0x1823, 0x0020, 0x0000, 
  0x0000, 0x0000, 0x0000, 0x0000, 0x0000, 0x0000, 0x2023, 0x686c, 0x782e, 0x782e, 0x782e, 0x782d, 
  0x782d, 0x782d, 0x702d, 0x704d, 0x702d, 0x702d, 0x702d, 0x704d, 0x704d, 0x704d, 0x704d, 0x704d, 
  0x704d, 0x784e, 0x784e, 0x784d, 0x784e, 0x784e, 0x784e, 0x608b, 0x1022, 0x0000, 0x0000, 0x0000, 
  0x0000, 0x0000, 0x0000, 0x0000, 0x0000, 0x0000, 0x0000, 0x0000, 0x0000, 0x0000, 0x0000, 0x1002, 
  0x5068, 0x786e, 0x884f, 0x882f, 0x882f, 0x882f, 0x906f, 0x888f, 0x60aa, 0x1802, 0x0000, 0x0000, 
  0x0000, 0x0000, 0x0000, 0x0000, 0x0000, 0x0000, 0x0000, 0x0000, 0x0000, 0x0020, 0x2965, 0x9492, 
  0xdedb, 0xf7be, 0xf7de, 0xffdf, 0xf7df, 0xffdf, 0xffdf, 0xffdf, 0xffdf, 0xffdf, 0xffdf, 0xffdf, 
  0xffdf, 0xffdf, 0xffdf, 0xffdf, 0xffdf, 0xffdf, 0xffdf, 0xffdf, 0xffdf, 0xffdf, 0xffdf, 0xffdf, 
  0xffdf, 0xffdf, 0xffdf, 0xffdf, 0xffdf, 0xffdf, 0xffdf, 0xffdf, 0xffdf, 0xffdf, 0xffdf, 0xffdf, 
  0xffdf, 0xffdf, 0xffff, 0xffff, 0xffdf, 0xffdf, 0xffdf, 0xffdf, 0xffdf, 0xffdf, 0xffde, 0xce79, 
  0x83ef, 0x3186, 0x0020, 0x0000, 0x0000, 0x0000, 0x0000, 0x0000, 0x0000, 0x0000, 0x0000, 0x0000, 
  0x0000, 0x0000, 0x0000, 0x0000, 0x0000, 0x0000, 0x0000, 0x0000, 0x0000, 0x0000, 0x0000, 0x0000, 
  0x0000, 0x0000, 0x0000, 0x0000, 0x0000, 0x0000, 0x0000, 0x0000, 0x0000, 0x0000, 0x0000, 0x0000, 
  0x0000, 0x0000, 0x0000, 0x0000, 0x0000, 0x0000, 0x0000, 0x0000, 0x0800, 0x2864, 0x4887, 0x2844, 
  0x0800, 0x0000, 0x0000, 0x0000, 0x0000, 0x0000, 0x0000, 0x0000, 0x0000, 0x0000, 0x0000, 0x0000, 
  0x0000, 0x0000, 0x0000, 0x0000, 0x0000, 0x0000, 0x0000, 0x0000, 0x0000, 0x0000, 0x0000, 0x0000, 
  0x0000, 0x0000, 0x0000, 0x0000, 0x0000, 0x0000, 0x0000, 0x0000, 0x0000, 0x0000, 0x0000, 0x0000, 
  0x0000, 0x0000, 0x0000, 0x0000, 0x0000, 0x0000, 0x0000, 0x0000, 0x1822, 0x3045, 0x3806, 0x4007, 
  0x4007, 0x4007, 0x4007, 0x4007, 0x4007, 0x4828, 0x4828, 0x4828, 0x4828, 0x4067, 0x1001, 0x0000, 
  0x0000, 0x0000, 0x0000, 0x0000, 0x0000, 0x0000, 0x0000, 0x0000, 0x0000, 0x0000, 0x2884, 0x38e5, 
  0x0800, 0x0000, 0x0000, 0x0000, 0x0000, 0x0000, 0x0000, 0x0000, 0x0000, 0x0000, 0x0000, 0x0000, 
  0x0000, 0x0000, 0x0000, 0x0000, 0x0000, 0x0000, 0x0801, 0x3066, 0x4068, 0x3066, 0x1001, 0x0000, 
  0x0000, 0x0000, 0x0000, 0x0000, 0x0000, 0x0000, 0x0000, 0x0000, 0x0000, 0x0000, 0x0000, 0x0000, 
  0x0000, 0x1823, 0x506a, 0x582b, 0x602a, 0x602b, 0x602a, 0x602a, 0x602a, 0x602a, 0x602b, 0x588b, 
  0x2844, 0x0800, 0x0000, 0x0000, 0x0000, 0x0000, 0x0000, 0x0000, 0x0000, 0x0000, 0x0000, 0x0000, 
  0x0000, 0x0000, 0x0000, 0x0000, 0x0000, 0x0000, 0x0000, 0x0000, 0x0000, 0x0020, 0x0000, 0x0020, 
  0x1000, 0x5889, 0xb0f2, 0xb112, 0x3826, 0x0800, 0x0000, 0x0000, 0x0000, 0x0000, 0x0000, 0x0000, 
  0x0000, 0x3045, 0x706d, 0x782e, 0x782e, 0x782e, 0x784e, 0x784e, 0x782d, 0x782d, 0x702d, 0x704d, 
  0x704d, 0x704d, 0x704d, 0x704d, 0x704d, 0x704d, 0x784d, 0x704e, 0x784e, 0x784e, 0x784e, 0x784e, 
  0x784e, 0x784e, 0x608b, 0x1822, 0x0000, 0x0000, 0x0000, 0x0000, 0x0000, 0x0000, 0x0000, 0x0000, 
  0x0000, 0x0000, 0x0000, 0x0000, 0x0000, 0x0801, 0x4067, 0x706d, 0x882f, 0x882f, 0x882f, 0x882f, 
  0x884f, 0x884f, 0x80af, 0x4066, 0x0800, 0x0000, 0x0000, 0x0000, 0x0000, 0x0000, 0x0000, 0x0000, 
  0x0000, 0x0000, 0x0000, 0x0000, 0x528a, 0xbdf7, 0xf7be, 0xf7de, 0xffdf, 0xffdf, 0xffdf, 0xffdf, 
  0xffdf, 0xffdf, 0xffdf, 0xffdf, 0xffdf, 0xffdf, 0xffdf, 0xffdf, 0xffdf, 0xffdf, 0xffdf, 0xffdf, 
  0xffdf, 0xffdf, 0xffdf, 0xffdf, 0xffdf, 0xffdf, 0xffdf, 0xffdf, 0xffdf, 0xffdf, 0xffdf, 0xffdf, 
  0xffdf, 0xffdf, 0xffdf, 0xffdf, 0xffdf, 0xffdf, 0xffdf, 0xffdf, 0xffdf, 0xffdf, 0xffdf, 0xffff, 
  0xffdf, 0xffdf, 0xffdf, 0xffdf, 0xffdf, 0xffdf, 0xffdf, 0xffdf, 0xffdf, 0xffde, 0xc617, 0x630c, 
  0x0861, 0x0000, 0x0000, 0x0000, 0x0000, 0x0000, 0x0000, 0x0000, 0x0000, 0x0000, 0x0000, 0x0000, 
  0x0000, 0x0000, 0x0000, 0x0000, 0x0000, 0x0000, 0x0000, 0x0000, 0x0000, 0x0000, 0x0000, 0x0000, 
  0x0000, 0x0000, 0x0000, 0x0000, 0x0000, 0x0000, 0x0000, 0x0000, 0x0000, 0x0000, 0x0000, 0x0000, 
  0x0000, 0x0000, 0x0020, 0x0801, 0x3065, 0x4086, 0x1822, 0x0000, 0x0000, 0x0000, 0x0000, 0x0000, 
  0x0000, 0x0000, 0x0000, 0x0000, 0x0000, 0x0000, 0x0000, 0x0000, 0x0000, 0x0000, 0x0000, 0x0000, 
  0x0000, 0x0000, 0x0000, 0x0000, 0x0000, 0x0000, 0x0000, 0x0000, 0x0000, 0x0000, 0x0000, 0x0000, 
  0x0000, 0x0000, 0x0000, 0x0000, 0x0000, 0x0000, 0x0000, 0x0000, 0x0000, 0x0000, 0x0000, 0x0000, 
  0x0000, 0x0000, 0x0800, 0x2043, 0x3826, 0x3826, 0x3806, 0x3807, 0x4007, 0x4007, 0x4007, 0x4007, 
  0x4027, 0x4027, 0x4828, 0x4828, 0x3045, 0x0800, 0x0000, 0x0000, 0x0000, 0x0000, 0x0000, 0x0000, 
  0x0000, 0x0000, 0x0000, 0x0000, 0x0800, 0x38e5, 0x2883, 0x0800, 0x0000, 0x0000, 0x0000, 0x0000, 
  0x0000, 0x0000, 0x0000, 0x0000, 0x0000, 0x0000, 0x0000, 0x0000, 0x0000, 0x0000, 0x0000, 0x0000, 
  0x0000, 0x1822, 0x3886, 0x3887, 0x2023, 0x0000, 0x0000, 0x0000, 0x0000, 0x0000, 0x0000, 0x0000, 
  0x0000, 0x0000, 0x0000, 0x0000, 0x0000, 0x0000, 0x0000, 0x0800, 0x3066, 0x586a, 0x602a, 0x602b, 
  0x602a, 0x600a, 0x602a, 0x602b, 0x602b, 0x684b, 0x5089, 0x2023, 0x0000, 0x0000, 0x0000, 0x0000, 
  0x0000, 0x0000, 0x0000, 0x0000, 0x0000, 0x0000, 0x0000, 0x0000, 0x0000, 0x0000, 0x0000, 0x0000, 
  0x0000, 0x0000, 0x0000, 0x0000, 0x0000, 0x0000, 0x0020, 0x1001, 0x68aa, 0xb8f2, 0xb0f2, 0x50a9, 
  0x0800, 0x0000, 0x0000, 0x0000, 0x0000, 0x0000, 0x0000, 0x0800, 0x4087, 0x786e, 0x782e, 0x782e, 
  0x782e, 0x784e, 0x784e, 0x784e, 0x784e, 0x784e, 0x704e, 0x704e, 0x704d, 0x704d, 0x704d, 0x704e, 
  0x704d, 0x704e, 0x784e, 0x784e, 0x784e, 0x784e, 0x784e, 0x784e, 0x786e, 0x58ab, 0x1002, 0x0000, 
  0x0000, 0x0000, 0x0000, 0x0000, 0x0000, 0x0000, 0x0000, 0x0000, 0x0000, 0x0000, 0x0000, 0x0801, 
  0x3866, 0x70ad, 0x804f, 0x802f, 0x882f, 0x882f, 0x882f, 0x884f, 0x886f, 0x68ac, 0x2023, 0x0000, 
  0x0000, 0x0000, 0x0000, 0x0000, 0x0000, 0x0000, 0x0000, 0x0000, 0x0000, 0x0020, 0x5aca, 0xd6ba, 
  0xf7be, 0xffdf, 0xffdf, 0xffdf, 0xffdf, 0xffdf, 0xffdf, 0xffdf, 0xffdf, 0xffdf, 0xffdf, 0xffdf, 
  0xffdf, 0xffdf, 0xffdf, 0xffdf, 0xffdf, 0xffdf, 0xffdf, 0xffdf, 0xffdf, 0xffdf, 0xffdf, 0xffdf, 
  0xffdf, 0xffdf, 0xffdf, 0xffdf, 0xffdf, 0xffdf, 0xffdf, 0xffdf, 0xffdf, 0xffdf, 0xffdf, 0xffdf, 
  0xffdf, 0xffdf, 0xffdf, 0xffdf, 0xffdf, 0xffdf, 0xffdf, 0xffdf, 0xffdf, 0xffdf, 0xffdf, 0xffdf, 
  0xffdf, 0xffdf, 0xffdf, 0xffdf, 0xffdf, 0xffdf, 0xffdf, 0xf7de, 0xf79d, 0x94b2, 0x2124, 0x0020, 
  0x0000, 0x0000, 0x0000, 0x0000, 0x0000, 0x0000, 0x0000, 0x0000, 0x0000, 0x0000, 0x0000, 0x0000, 
  0x0000, 0x0000, 0x0000, 0x0000, 0x0000, 0x0000, 0x0000, 0x0000, 0x0000, 0x0000, 0x0000, 0x0000, 
  0x0000, 0x0000, 0x0000, 0x0000, 0x0000, 0x0000, 0x0000, 0x0000, 0x0000, 0x0000, 0x1001, 0x3085, 
  0x3064, 0x1001, 0x0000, 0x0000, 0x0000, 0x0000, 0x0000, 0x0000, 0x0000, 0x0000, 0x0000, 0x0000, 
  0x0000, 0x0000, 0x0000, 0x0000, 0x0000, 0x0000, 0x0000, 0x0000, 0x0000, 0x0000, 0x0000, 0x0000, 
  0x0000, 0x0000, 0x0000, 0x0000, 0x0000, 0x0000, 0x0000, 0x0000, 0x0000, 0x0000, 0x0000, 0x0000, 
  0x0000, 0x0000, 0x0000, 0x0000, 0x0000, 0x0000, 0x0000, 0x0000, 0x0000, 0x0821, 0x2844, 0x3025, 
  0x3825, 0x3806, 0x3806, 0x3826, 0x3806, 0x3807, 0x4007, 0x4027, 0x4027, 0x4008, 0x4048, 0x2044, 
  0x0000, 0x0000, 0x0000, 0x0000, 0x0000, 0x0000, 0x0000, 0x0000, 0x0000, 0x0000, 0x0000, 0x0821, 
  0x30c5, 0x1041, 0x0000, 0x0000, 0x0000, 0x0000, 0x0000, 0x0000, 0x0000, 0x0000, 0x0000, 0x0000, 
  0x0000, 0x0000, 0x0000, 0x0000, 0x0000, 0x0000, 0x0000, 0x0000, 0x2043, 0x3887, 0x3065, 0x0801, 
  0x0000, 0x0000, 0x0000, 0x0000, 0x0000, 0x0000, 0x0000, 0x0000, 0x0000, 0x0000, 0x0000, 0x0000, 
  0x0000, 0x0000, 0x1022, 0x4869, 0x602b, 0x602b, 0x602b, 0x602b, 0x602a, 0x682a, 0x682b, 0x684b, 
  0x606b, 0x4067, 0x0801, 0x0000, 0x0000, 0x0000, 0x0000, 0x0000, 0x0000, 0x0000, 0x0000, 0x0000, 
  0x0000, 0x0000, 0x0000, 0x0000, 0x0000, 0x0000, 0x0000, 0x0000, 0x0000, 0x0000, 0x0000, 0x0000, 
  0x0000, 0x0020, 0x1001, 0x70ab, 0xb8d2, 0xb0b2, 0x68ab, 0x0801, 0x0000, 0x0000, 0x0000, 0x0000, 
  0x0000, 0x0000, 0x1001, 0x5869, 0x806f, 0x802e, 0x782e, 0x784e, 0x784e, 0x784e, 0x784e, 0x784e, 
  0x784e, 0x784e, 0x704e, 0x704d, 0x704d, 0x704d, 0x704e, 0x704e, 0x784e, 0x704e, 0x784e, 0x784e, 
  0x784e, 0x784e, 0x784e, 0x786e, 0x58aa, 0x1001, 0x0000, 0x0000, 0x0000, 0x0000, 0x0000, 0x0000, 
  0x0000, 0x0000, 0x0000, 0x0000, 0x0000, 0x1001, 0x3846, 0x686d, 0x802f, 0x802f, 0x882f, 0x882f, 
  0x882f, 0x884f, 0x884f, 0x808e, 0x4087, 0x0800, 0x0000, 0x0000, 0x0000, 0x0000, 0x0000, 0x0000, 
  0x0000, 0x0000, 0x0000, 0x0000, 0x3185, 0xb5b6, 0xffde, 0xffdf, 0xffdf, 0xffdf, 0xffdf, 0xffdf, 
  0xffdf, 0xffdf, 0xffdf, 0xffdf, 0xffdf, 0xffdf, 0xffdf, 0xffdf, 0xffdf, 0xffdf, 0xffdf, 0xffdf, 
  0xffdf, 0xffdf, 0xffdf, 0xffdf, 0xffdf, 0xffdf, 0xffdf, 0xffdf, 0xffdf, 0xffdf, 0xffdf, 0xffdf, 
  0xffdf, 0xffdf, 0xffdf, 0xffdf, 0xffdf, 0xffdf, 0xffdf, 0xffdf, 0xffdf, 0xffdf, 0xffdf, 0xffdf, 
  0xffdf, 0xffdf, 0xffdf, 0xffdf, 0xffdf, 0xffdf, 0xffdf, 0xffdf, 0xffdf, 0xffdf, 0xffdf, 0xffdf, 
  0xffdf, 0xffdf, 0xffdf, 0xffdf, 0xffde, 0xffde, 0xf7be, 0xb5b6, 0x4a69, 0x0820, 0x0000, 0x0000, 
  0x0000, 0x0000, 0x0000, 0x0000, 0x0000, 0x0000, 0x0000, 0x0000, 0x0000, 0x0000, 0x0000, 0x0000, 
  0x0000, 0x0000, 0x0000, 0x0000, 0x0000, 0x0000, 0x0000, 0x0000, 0x0000, 0x0000, 0x0000, 0x0000, 
  0x0000, 0x0000, 0x0000, 0x0000, 0x0000, 0x1022, 0x2864, 0x2043, 0x0000, 0x0000, 0x0000, 0x0000, 
  0x0000, 0x0000, 0x0000, 0x0000, 0x0000, 0x0000, 0x0000, 0x0000, 0x0000, 0x0000, 0x0000, 0x0000, 
  0x0000, 0x0000, 0x0000, 0x0000, 0x0000, 0x0000, 0x0000, 0x0000, 0x0000, 0x0000, 0x0000, 0x0000, 
  0x0000, 0x0000, 0x0000, 0x0000, 0x0000, 0x0000, 0x0000, 0x0000, 0x0000, 0x0000, 0x0000, 0x0000, 
  0x0000, 0x0000, 0x0000, 0x0000, 0x1002, 0x2844, 0x3025, 0x3005, 0x3806, 0x3806, 0x3826, 0x3826, 
  0x3826, 0x3806, 0x3807, 0x4027, 0x4027, 0x3846, 0x1022, 0x0000, 0x0000, 0x0000, 0x0000, 0x0000, 
  0x0000, 0x0000, 0x0000, 0x0000, 0x0000, 0x0000, 0x1041, 0x20c4, 0x0800, 0x0000, 0x0000, 0x0000, 
  0x0000, 0x0000, 0x0000, 0x0000, 0x0000, 0x0000, 0x0000, 0x0000, 0x0000, 0x0000, 0x0000, 0x0000, 
  0x0000, 0x0000, 0x0801, 0x3085, 0x38a7, 0x1843, 0x0000, 0x0000, 0x0000, 0x0000, 0x0000, 0x0000, 
  0x0000, 0x0000, 0x0000, 0x0000, 0x0000, 0x0000, 0x0000, 0x0000, 0x0801, 0x2845, 0x584a, 0x602b, 
  0x602b, 0x602b, 0x602b, 0x682b, 0x602b, 0x684b, 0x604b, 0x506a, 0x2844, 0x0000, 0x0000, 0x0000, 
  0x0000, 0x0000, 0x0000, 0x0000, 0x0000, 0x0000, 0x0000, 0x0000, 0x0000, 0x0000, 0x0000, 0x0000, 
  0x0000, 0x0000, 0x0000, 0x0000, 0x0000, 0x0000, 0x0020, 0x0000, 0x0800, 0x1001, 0x70ab, 0xb0b1, 
  0xb092, 0x78ed, 0x1822, 0x0000, 0x0000, 0x0000, 0x0000, 0x0000, 0x0000, 0x1822, 0x688c, 0x804f, 
  0x802f, 0x802e, 0x784e, 0x784e, 0x784e, 0x784e, 0x784e, 0x784e, 0x784e, 0x784e, 0x704e, 0x704e, 
  0x704e, 0x704e, 0x704e, 0x786e, 0x784e, 0x784e, 0x784e, 0x784e, 0x784e, 0x784e, 0x784f, 0x608b, 
  0x1001, 0x0000, 0x0000, 0x0000, 0x0000, 0x0000, 0x0000, 0x0000, 0x0000, 0x0000, 0x0000, 0x1001, 
  0x3846, 0x708d, 0x784f, 0x802f, 0x802f, 0x882f, 0x882f, 0x882f, 0x882f, 0x804f, 0x70ac, 0x2023, 
  0x0000, 0x0000, 0x0000, 0x0000, 0x0000, 0x0000, 0x0000, 0x0000, 0x0000, 0x0000, 0x0841, 0x738e, 
  0xef7d, 0xffdf, 0xffdf, 0xffdf, 0xffdf, 0xffdf, 0xffdf, 0xffdf, 0xffdf, 0xffdf, 0xffdf, 0xffdf, 
  0xffdf, 0xffdf, 0xffdf, 0xffdf, 0xffdf, 0xffdf, 0xffdf, 0xffdf, 0xffdf, 0xffdf, 0xffdf, 0xffdf, 
  0xffdf, 0xffdf, 0xffdf, 0xffdf, 0xffdf, 0xffdf, 0xffdf, 0xffdf, 0xffdf, 0xffdf, 0xffdf, 0xffdf, 
  0xffdf, 0xffdf, 0xffdf, 0xffdf, 0xffdf, 0xffdf, 0xffdf, 0xffdf, 0xffdf, 0xffdf, 0xffdf, 0xffdf, 
  0xffdf, 0xffdf, 0xffdf, 0xffdf, 0xffdf, 0xffdf, 0xffdf, 0xffdf, 0xffdf, 0xffdf, 0xffdf, 0xffdf, 
  0xffdf, 0xffdf, 0xffdf, 0xffdf, 0xffbf, 0xc638, 0x632c, 0x1082, 0x0000, 0x0000, 0x0000, 0x0000, 
  0x0000, 0x0000, 0x0000, 0x0000, 0x0000, 0x0000, 0x0000, 0x0000, 0x0000, 0x0000, 0x0000, 0x0000, 
  0x0000, 0x0000, 0x0000, 0x0000, 0x0000, 0x0000, 0x0000, 0x0000, 0x0000, 0x0000, 0x0000, 0x0000, 
  0x1022, 0x2064, 0x1001, 0x0000, 0x0000, 0x0000, 0x0000, 0x0000, 0x0000, 0x0000, 0x0000, 0x0000, 
  0x0000, 0x0000, 0x0000, 0x0000, 0x0000, 0x0000, 0x0000, 0x0000, 0x0000, 0x0000, 0x0000, 0x0000, 
  0x0000, 0x0000, 0x0000, 0x0000, 0x0000, 0x0000, 0x0000, 0x0000, 0x0000, 0x0000, 0x0000, 0x0000, 
  0x0000, 0x0000, 0x0000, 0x0000, 0x0000, 0x0000, 0x0000, 0x0000, 0x0000, 0x0000, 0x0000, 0x1022, 
  0x2824, 0x3005, 0x3005, 0x3005, 0x3005, 0x3026, 0x3806, 0x3806, 0x3806, 0x3806, 0x3807, 0x3827, 
  0x2845, 0x0801, 0x0000, 0x0000, 0x0000, 0x0000, 0x0000, 0x0000, 0x0000, 0x0000, 0x0000, 0x0000, 
  0x0000, 0x0020, 0x1041, 0x0000, 0x0000, 0x0000, 0x0000, 0x0000, 0x0000, 0x0000, 0x0000, 0x0000, 
  0x0000, 0x0000, 0x0000, 0x0000, 0x0000, 0x0000, 0x0000, 0x0000, 0x0000, 0x1022, 0x38a6, 0x2864, 
  0x0801, 0x0000, 0x0000, 0x0000, 0x0000, 0x0000, 0x0000, 0x0000, 0x0000, 0x0000, 0x0000, 0x0000, 
  0x0000, 0x0000, 0x0000, 0x1022, 0x4067, 0x582a, 0x602a, 0x600b, 0x602b, 0x602b, 0x602b, 0x602b, 
  0x602b, 0x606b, 0x4068, 0x1002, 0x0000, 0x0000, 0x0000, 0x0000, 0x0000, 0x0000, 0x0000, 0x0000, 
  0x0000, 0x0000, 0x0000, 0x0000, 0x0000, 0x0000, 0x0000, 0x0000, 0x0000, 0x0000, 0x0000, 0x0000, 
  0x0000, 0x0000, 0x0000, 0x0000, 0x1001, 0x70ab, 0xb072, 0xb052, 0x90cf, 0x2023, 0x0000, 0x0000, 
  0x0000, 0x0000, 0x0000, 0x0000, 0x2044, 0x708d, 0x802f, 0x804f, 0x802f, 0x804e, 0x784e, 0x784e, 
  0x784e, 0x784e, 0x784e, 0x784e, 0x784e, 0x786e, 0x704e, 0x784e, 0x784e, 0x704e, 0x786e, 0x786e, 
  0x786e, 0x786e, 0x784e, 0x784f, 0x784e, 0x786f, 0x608b, 0x1002, 0x0000, 0x0000, 0x0000, 0x0000, 
  0x0000, 0x0000, 0x0000, 0x0000, 0x0000, 0x0801, 0x3866, 0x688c, 0x784f, 0x802f, 0x802e, 0x802f, 
  0x882f, 0x882f, 0x882f, 0x802f, 0x808f, 0x4888, 0x1001, 0x0000, 0x0000, 0x0000, 0x0000, 0x0000, 
  0x0000, 0x0000, 0x0000, 0x0000, 0x0000, 0x0820, 0x9491, 0xffdf, 0xffdf, 0xffdf, 0xffdf, 0xffdf, 
  0xffdf, 0xffdf, 0xffdf, 0xffdf, 0xffdf, 0xffdf, 0xffdf, 0xffdf, 0xffdf, 0xffdf, 0xffdf, 0xffdf, 
  0xffdf, 0xffdf, 0xffdf, 0xffdf, 0xffdf, 0xffdf, 0xffdf, 0xffdf, 0xffdf, 0xffdf, 0xffdf, 0xffdf, 
  0xffdf, 0xffdf, 0xffdf, 0xffdf, 0xffdf, 0xffdf, 0xffdf, 0xffdf, 0xffdf, 0xffdf, 0xffdf, 0xffdf, 
  0xffdf, 0xffdf, 0xffdf, 0xffdf, 0xffdf, 0xffdf, 0xffdf, 0xffdf, 0xffdf, 0xffdf, 0xffdf, 0xffdf, 
  0xffdf, 0xffdf, 0xffdf, 0xffdf, 0xffdf, 0xffdf, 0xffdf, 0xffdf, 0xffdf, 0xffdf, 0xffdf, 0xffdf, 
  0xffdf, 0xffdf, 0xffdf, 0xdefb, 0x6b6d, 0x10a2, 0x0000, 0x0000, 0x0000, 0x0000, 0x0000, 0x0000, 
  0x0000, 0x0000, 0x0000, 0x0000, 0x0000, 0x0000, 0x0000, 0x0000, 0x0000, 0x0000, 0x0000, 0x0000, 
  0x0000, 0x0000, 0x0000, 0x0000, 0x0000, 0x0000, 0x0000, 0x1022, 0x1822, 0x0800, 0x0020, 0x0000, 
  0x0000, 0x0000, 0x0000, 0x0000, 0x0000, 0x0000, 0x0000, 0x0000, 0x0000, 0x0000, 0x0000, 0x0000, 
  0x0000, 0x0000, 0x0000, 0x0000, 0x0000, 0x0000, 0x0000, 0x0000, 0x0000, 0x0000, 0x0000, 0x0000, 
  0x0000, 0x0000, 0x0000, 0x0000, 0x0000, 0x0000, 0x0000, 0x0000, 0x0000, 0x0000, 0x0000, 0x0000, 
  0x0000, 0x0000, 0x0000, 0x0000, 0x0000, 0x0801, 0x1823, 0x2824, 0x2805, 0x2804, 0x3005, 0x3005, 
  0x3005, 0x3005, 0x3005, 0x3806, 0x3806, 0x3806, 0x3846, 0x2023, 0x0000, 0x0000, 0x0000, 0x0000, 
  0x0000, 0x0000, 0x0000, 0x0000, 0x0000, 0x0000, 0x0000, 0x0000, 0x0000, 0x0000, 0x0000, 0x0000, 
  0x0000, 0x0000, 0x0000, 0x0000, 0x0000, 0x0000, 0x0000, 0x0000, 0x0000, 0x0000, 0x0000, 0x0000, 
  0x0000, 0x0000, 0x0000, 0x0000, 0x1843, 0x28a5, 0x1021, 0x0000, 0x0000, 0x0000, 0x0000, 0x0000, 
  0x0000, 0x0000, 0x0000, 0x0000, 0x0000, 0x0000, 0x0000, 0x0000, 0x0000, 0x0800, 0x2023, 0x5049, 
  0x582a, 0x582a, 0x602a, 0x602b, 0x600b, 0x602b, 0x682b, 0x602b, 0x586b, 0x2845, 0x0800, 0x0000, 
  0x0000, 0x0000, 0x0000, 0x0000, 0x0000, 0x0000, 0x0000, 0x0000, 0x0000, 0x0000, 0x0000, 0x0000, 
  0x0000, 0x0000, 0x0000, 0x0000, 0x0000, 0x0000, 0x0000, 0x0000, 0x0000, 0x0000, 0x0020, 0x1001, 
  0x68ab, 0xb071, 0xb051, 0xa891, 0x3866, 0x0020, 0x0000, 0x0000, 0x0000, 0x0000, 0x0800, 0x3046, 
  0x788e, 0x804f, 0x802f, 0x802f, 0x802f, 0x784e, 0x784e, 0x784e, 0x784e, 0x786e, 0x786e, 0x786e, 
  0x786e, 0x786e, 0x786e, 0x786e, 0x786e, 0x786e, 0x786e, 0x786e, 0x784e, 0x784e, 0x804e, 0x804f, 
  0x784f, 0x68ac, 0x1002, 0x0000, 0x0000, 0x0000, 0x0000, 0x0000, 0x0000, 0x0000, 0x0000, 0x0801, 
  0x3066, 0x688c, 0x784e, 0x802e, 0x802f, 0x802f, 0x802f, 0x802f, 0x882f, 0x882f, 0x804f, 0x70ad, 
  0x2844, 0x0800, 0x0000, 0x0000, 0x0000, 0x0000, 0x0000, 0x0000, 0x0000, 0x0000, 0x0000, 0x0000, 
  0x10a2, 0xbdb6, 0xffde, 0xffdf, 0xffdf, 0xffdf, 0xffdf, 0xffdf, 0xffdf, 0xffdf, 0xffdf, 0xffdf, 
  0xffdf, 0xffdf, 0xffdf, 0xffdf, 0xffdf, 0xffdf, 0xffdf, 0xffdf, 0xffdf, 0xffdf, 0xffdf, 0xffdf, 
  0xffdf, 0xffdf, 0xffdf, 0xffdf, 0xffdf, 0xffdf, 0xffdf, 0xffdf, 0xffdf, 0xffdf, 0xffdf, 0xffdf, 
  0xffdf, 0xffdf, 0xffdf, 0xffdf, 0xffdf, 0xffdf, 0xffdf, 0xffdf, 0xffdf, 0xffdf, 0xffdf, 0xffdf, 
  0xffdf, 0xffdf, 0xffdf, 0xffdf, 0xffdf, 0xffdf, 0xffdf, 0xffdf, 0xffdf, 0xffdf, 0xffdf, 0xffdf, 
  0xffdf, 0xffdf, 0xffdf, 0xffdf, 0xffdf, 0xffdf, 0xffdf, 0xffdf, 0xffdf, 0xffdf, 0xffdf, 0xffdf, 
  0xffdf, 0xe71b, 0x8410, 0x10a2, 0x0020, 0x0000, 0x0000, 0x0000, 0x0000, 0x0000, 0x0000, 0x0000, 
  0x0000, 0x0000, 0x0000, 0x0000, 0x0000, 0x0000, 0x0000, 0x0000, 0x0000, 0x0000, 0x0000, 0x0000, 
  0x0000, 0x0000, 0x1021, 0x1021, 0x0000, 0x0000, 0x0000, 0x0000, 0x0000, 0x0000, 0x0000, 0x0000, 
  0x0000, 0x0000, 0x0000, 0x0000, 0x0000, 0x0000, 0x0000, 0x0000, 0x0000, 0x0000, 0x0000, 0x0000, 
  0x0000, 0x0000, 0x0000, 0x0000, 0x0000, 0x0000, 0x0000, 0x0000, 0x0000, 0x0000, 0x0000, 0x0000, 
  0x0000, 0x0000, 0x0000, 0x0000, 0x0000, 0x0000, 0x0000, 0x0000, 0x0000, 0x0000, 0x0000, 0x0000, 
  0x0801, 0x1823, 0x2004, 0x2824, 0x2804, 0x2804, 0x2804, 0x2805, 0x3005, 0x3005, 0x3025, 0x3025, 
  0x3026, 0x3025, 0x1022, 0x0000, 0x0000, 0x0000, 0x0000, 0x0000, 0x0000, 0x0000, 0x0000, 0x0000, 
  0x0000, 0x0000, 0x0000, 0x0000, 0x0000, 0x0000, 0x0000, 0x0000, 0x0000, 0x0000, 0x0000, 0x0000, 
  0x0000, 0x0000, 0x0000, 0x0000, 0x0000, 0x0000, 0x0000, 0x0000, 0x0000, 0x0000, 0x0800, 0x2083, 
  0x2084, 0x0800, 0x0000, 0x0000, 0x0000, 0x0000, 0x0000, 0x0000, 0x0000, 0x0000, 0x0000, 0x0000, 
  0x0000, 0x0000, 0x0000, 0x0000, 0x0801, 0x3045, 0x504a, 0x582a, 0x582a, 0x602a, 0x602a, 0x602b, 
  0x602b, 0x602b, 0x604c, 0x4889, 0x1802, 0x0000, 0x0000, 0x0000, 0x0000, 0x0000, 0x0000, 0x0000, 
  0x0000, 0x0000, 0x0000, 0x0000, 0x0000, 0x0000, 0x0000, 0x0000, 0x0000, 0x0000, 0x0000, 0x0000, 
  0x0000, 0x0000, 0x0000, 0x0000, 0x0000, 0x0000, 0x1001, 0x68eb, 0xb072, 0xb052, 0xa872, 0x588a, 
  0x0820, 0x0000, 0x0000, 0x0000, 0x0000, 0x0801, 0x4068, 0x808f, 0x802f, 0x804f, 0x804f, 0x804f, 
  0x804e, 0x784e, 0x784e, 0x786e, 0x786e, 0x786e, 0x786e, 0x786e, 0x786e, 0x786e, 0x786e, 0x786e, 
  0x786e, 0x786e, 0x786e, 0x786e, 0x806e, 0x804f, 0x804f, 0x784e, 0x708d, 0x2023, 0x0000, 0x0000, 
  0x0000, 0x0000, 0x0000, 0x0000, 0x0000, 0x0801, 0x3866, 0x688c, 0x784d, 0x802e, 0x802e, 0x802e, 
  0x802f, 0x802f, 0x802e, 0x882f, 0x804f, 0x808f, 0x58aa, 0x1001, 0x0000, 0x0000, 0x0000, 0x0000, 
  0x0000, 0x0000, 0x0000, 0x0000, 0x0000, 0x0000, 0x0000, 0x1082, 0xc618, 0xffdf, 0xffdf, 0xffdf, 
  0xffdf, 0xffdf, 0xffdf, 0xffdf, 0xffdf, 0xffdf, 0xffdf, 0xffdf, 0xffdf, 0xffdf, 0xffdf, 0xffdf, 
  0xffdf, 0xffdf, 0xffdf, 0xffdf, 0xffdf, 0xffdf, 0xffdf, 0xffdf, 0xffdf, 0xffdf, 0xffdf, 0xffdf, 
  0xffdf, 0xffdf, 0xffdf, 0xffdf, 0xffdf, 0xffdf, 0xffdf, 0xffdf, 0xffdf, 0xffdf, 0xffdf, 0xffdf, 
  0xffdf, 0xffdf, 0xffdf, 0xffdf, 0xffdf, 0xffdf, 0xffdf, 0xffdf, 0xffdf, 0xffdf, 0xffdf, 0xffdf, 
  0xffdf, 0xffdf, 0xffdf, 0xffdf, 0xffdf, 0xffdf, 0xffdf, 0xffdf, 0xffdf, 0xffdf, 0xffdf, 0xffdf, 
  0xffdf, 0xffdf, 0xffdf, 0xffdf, 0xffdf, 0xffdf, 0xffdf, 0xffdf, 0xffdf, 0xffdf, 0xffde, 0xef7d, 
  0x8430, 0x10a2, 0x0000, 0x0000, 0x0000, 0x0000, 0x0000, 0x0000, 0x0000, 0x0000, 0x0000, 0x0000, 
  0x0000, 0x0000, 0x0000, 0x0000, 0x0000, 0x0000, 0x0000, 0x0000, 0x0000, 0x0821, 0x0800, 0x0000, 
  0x0000, 0x0000, 0x0000, 0x0000, 0x0000, 0x0000, 0x0000, 0x0000, 0x0000, 0x0000, 0x0000, 0x0000, 
  0x0000, 0x0000, 0x0000, 0x0000, 0x0000, 0x0000, 0x0000, 0x0000, 0x0000, 0x0000, 0x0000, 0x0000, 
  0x0000, 0x0000, 0x0000, 0x0000, 0x0000, 0x0000, 0x0000, 0x0000, 0x0000, 0x0000, 0x0000, 0x0000, 
  0x0000, 0x0000, 0x0000, 0x0000, 0x0000, 0x0000, 0x0000, 0x0821, 0x1823, 0x2003, 0x2003, 0x2004, 
  0x2804, 0x2804, 0x2804, 0x2804, 0x2805, 0x2805, 0x3025, 0x3025, 0x2824, 0x0801, 0x0000, 0x0000, 
  0x0000, 0x0000, 0x0000, 0x0000, 0x0000, 0x0000, 0x0000, 0x0000, 0x0000, 0x0000, 0x0000, 0x0000, 
  0x0000, 0x0000, 0x0000, 0x0000, 0x0000, 0x0000, 0x0000, 0x0000, 0x0000, 0x0000, 0x0000, 0x0000, 
  0x0000, 0x0000, 0x0000, 0x0000, 0x0000, 0x0821, 0x28a4, 0x1021, 0x0000, 0x0000, 0x0000, 0x0000, 
  0x0000, 0x0000, 0x0000, 0x0000, 0x0000, 0x0000, 0x0000, 0x0000, 0x0000, 0x0000, 0x0000, 0x1022, 
  0x4067, 0x584a, 0x582a, 0x602a, 0x602a, 0x602a, 0x602a, 0x602b, 0x602b, 0x586b, 0x3046, 0x0800, 
  0x0000, 0x0000, 0x0000, 0x0000, 0x0000, 0x0000, 0x0000, 0x0000, 0x0000, 0x0000, 0x0000, 0x0000, 
  0x0000, 0x0000, 0x0000, 0x0000, 0x0000, 0x0000, 0x0000, 0x0000, 0x0000, 0x0000, 0x0000, 0x0000, 
  0x0000, 0x0800, 0x68ab, 0xa892, 0xb051, 0xb051, 0x80ae, 0x1022, 0x0000, 0x0000, 0x0020, 0x0000, 
  0x0801, 0x4888, 0x786f, 0x802f, 0x804f, 0x804f, 0x804f, 0x804e, 0x784e, 0x786f, 0x786e, 0x786e, 
  0x786e, 0x786e, 0x786e, 0x786e, 0x786e, 0x786e, 0x786e, 0x786e, 0x786e, 0x786f, 0x786f, 0x786f, 
  0x804f, 0x804f, 0x804f, 0x806e, 0x3025, 0x0000, 0x0000, 0x0000, 0x0000, 0x0000, 0x0000, 0x0801, 
  0x3886, 0x68ac, 0x786e, 0x784e, 0x802e, 0x804e, 0x804e, 0x804e, 0x804e, 0x804f, 0x804f, 0x804f, 
  0x808e, 0x4047, 0x0801, 0x0000, 0x0000, 0x0000, 0x0000, 0x0000, 0x0000, 0x0000, 0x0000, 0x0000, 
  0x0000, 0x0000, 0x0000, 0x9cd3, 0xffdf, 0xffdf, 0xffdf, 0xffdf, 0xffdf, 0xffdf, 0xffdf, 0xffdf, 
  0xffdf, 0xffdf, 0xffdf, 0xffdf, 0xffdf, 0xffdf, 0xffdf, 0xffdf, 0xffdf, 0xffdf, 0xffdf, 0xffdf, 
  0xffdf, 0xffdf, 0xffdf, 0xffdf, 0xffdf, 0xffdf, 0xffdf, 0xffdf, 0xffdf, 0xffdf, 0xffdf, 0xffdf, 
  0xffdf, 0xffdf, 0xffdf, 0xffdf, 0xffdf, 0xffdf, 0xffdf, 0xffdf, 0xffdf, 0xffdf, 0xffdf, 0xffdf, 
  0xffdf, 0xffff, 0xffff, 0xffdf, 0xffff, 0xffdf, 0xffdf, 0xffdf, 0xffdf, 0xffdf, 0xffdf, 0xffdf, 
  0xffdf, 0xffdf, 0xffdf, 0xffdf, 0xffdf, 0xffdf, 0xffdf, 0xffdf, 0xffdf, 0xffdf, 0xffdf, 0xffdf, 
  0xffdf, 0xffdf, 0xffdf, 0xffdf, 0xffdf, 0xffdf, 0xffdf, 0xffde, 0xffde, 0xe71b, 0x736d, 0x1082, 
  0x0000, 0x0000, 0x0000, 0x0000, 0x0000, 0x0000, 0x0000, 0x0000, 0x0000, 0x0000, 0x0000, 0x0000, 
  0x0000, 0x0000, 0x0000, 0x0000, 0x0000, 0x0000, 0x0000, 0x0000, 0x0000, 0x0000, 0x0000, 0x0000, 
  0x0000, 0x0000, 0x0000, 0x0000, 0x0000, 0x0000, 0x0000, 0x0000, 0x0000, 0x0000, 0x0000, 0x0000, 
  0x0000, 0x0000, 0x0000, 0x0000, 0x0000, 0x0000, 0x0000, 0x0000, 0x0000, 0x0000, 0x0000, 0x0000, 
  0x0000, 0x0000, 0x0000, 0x0000, 0x0000, 0x0000, 0x0000, 0x0000, 0x0000, 0x0000, 0x0000, 0x0000, 
  0x0000, 0x0000, 0x0821, 0x1002, 0x1803, 0x1803, 0x1803, 0x2003, 0x2004, 0x2004, 0x2804, 0x2804, 
  0x2804, 0x2824, 0x2825, 0x1823, 0x0800, 0x0000, 0x0000, 0x0000, 0x0000, 0x0000, 0x0000, 0x0000, 
  0x0000, 0x0000, 0x0000, 0x0000, 0x0000, 0x0000, 0x0000, 0x0000, 0x0000, 0x0000, 0x0000, 0x0000, 
  0x0000, 0x0000, 0x0000, 0x0000, 0x0000, 0x0000, 0x0000, 0x0000, 0x0000, 0x0000, 0x0000, 0x0000, 
  0x1062, 0x2083, 0x0821, 0x0000, 0x0000, 0x0000, 0x0000, 0x0000, 0x0000, 0x0000, 0x0000, 0x0000, 
  0x0000, 0x0000, 0x0000, 0x0000, 0x0000, 0x0000, 0x2044, 0x4849, 0x582a, 0x582a, 0x582a, 0x602a, 
  0x602a, 0x602a, 0x602a, 0x602b, 0x506a, 0x2044, 0x0000, 0x0000, 0x0000, 0x0000, 0x0000, 0x0000, 
  0x0000, 0x0000, 0x0000, 0x0000, 0x0000, 0x0000, 0x0000, 0x0000, 0x0000, 0x0000, 0x0000, 0x0000, 
  0x0000, 0x0000, 0x0000, 0x0000, 0x0000, 0x0000, 0x0000, 0x0000, 0x1001, 0x68ab, 0xa872, 0xb033, 
  0xb053, 0x98d1, 0x2844, 0x0020, 0x0020, 0x0020, 0x0020, 0x1021, 0x50aa, 0x806f, 0x8050, 0x804f, 
  0x804f, 0x804f, 0x804f, 0x784f, 0x784f, 0x786f, 0x786f, 0x786f, 0x786e, 0x786e, 0x786e, 0x786e, 
  0x786e, 0x786e, 0x786e, 0x786e, 0x786e, 0x786f, 0x786f, 0x804f, 0x804f, 0x806f, 0x788e, 0x3846, 
  0x0000, 0x0000, 0x0000, 0x0000, 0x0000, 0x0801, 0x3886, 0x70ad, 0x806e, 0x804e, 0x804e, 0x804e, 
  0x804e, 0x804e, 0x804e, 0x804e, 0x804e, 0x804f, 0x804f, 0x70ac, 0x2023, 0x0000, 0x0000, 0x0000, 
  0x0000, 0x0000, 0x0000, 0x0000, 0x0000, 0x0000, 0x0000, 0x0000, 0x0000, 0x0000, 0x6b2c, 0xffdf, 
  0xffdf, 0xffdf, 0xffdf, 0xffdf, 0xffdf, 0xffdf, 0xffdf, 0xffdf, 0xffdf, 0xffdf, 0xffdf, 0xffdf, 
  0xffdf, 0xffdf, 0xffdf, 0xffdf, 0xffdf, 0xffdf, 0xffdf, 0xffdf, 0xffdf, 0xffdf, 0xffdf, 0xffdf, 
  0xffdf, 0xffdf, 0xffdf, 0xffdf, 0xffdf, 0xffdf, 0xffdf, 0xffdf, 0xffdf, 0xffdf, 0xffdf, 0xffdf, 
  0xffdf, 0xffdf, 0xffdf, 0xffdf, 0xffdf, 0xffdf, 0xffdf, 0xffdf, 0xffdf, 0xffff, 0xffff, 0xffdf, 
  0xffdf, 0xffff, 0xffdf, 0xffdf, 0xffdf, 0xffdf, 0xffdf, 0xffdf, 0xffdf, 0xffdf, 0xffdf, 0xffdf, 
  0xffdf, 0xffdf, 0xffdf, 0xffdf, 0xffdf, 0xffdf, 0xffdf, 0xffdf, 0xffdf, 0xffdf, 0xffdf, 0xffdf, 
  0xffdf, 0xffdf, 0xffdf, 0xffdf, 0xffdf, 0xffff, 0xffdf, 0xe71c, 0x5acb, 0x0840, 0x0000, 0x0000, 
  0x0000, 0x0000, 0x0000, 0x0000, 0x0000, 0x0000, 0x0000, 0x0000, 0x0000, 0x0000, 0x0000, 0x0000, 
  0x0000, 0x0000, 0x0000, 0x0000, 0x0000, 0x0000, 0x0000, 0x0000, 0x0000, 0x0000, 0x0000, 0x0000, 
  0x0000, 0x0000, 0x0000, 0x0000, 0x0000, 0x0000, 0x0000, 0x0000, 0x0000, 0x0000, 0x0000, 0x0000, 
  0x0000, 0x0000, 0x0000, 0x0000, 0x0000, 0x0000, 0x0000, 0x0000, 0x0000, 0x0000, 0x0000, 0x0000, 
  0x0000, 0x0000, 0x0000, 0x0000, 0x0000, 0x0000, 0x0000, 0x0000, 0x0000, 0x0821, 0x1002, 0x1802, 
  0x1822, 0x1822, 0x1823, 0x1823, 0x2023, 0x2023, 0x2023, 0x2024, 0x2004, 0x2024, 0x1002, 0x0000, 
  0x0000, 0x0000, 0x0000, 0x0000, 0x0000, 0x0000, 0x0000, 0x0000, 0x0000, 0x0000, 0x0000, 0x0000, 
  0x0000, 0x0000, 0x0000, 0x0000, 0x0000, 0x0000, 0x0000, 0x0000, 0x0000, 0x0000, 0x0000, 0x0000, 
  0x0000, 0x0000, 0x0000, 0x0000, 0x0000, 0x0000, 0x0000, 0x20a3, 0x1062, 0x0000, 0x0000, 0x0000, 
  0x0000, 0x0000, 0x0000, 0x0000, 0x0000, 0x0000, 0x0000, 0x0000, 0x0000, 0x0000, 0x0000, 0x0000, 
  0x0821, 0x3866, 0x584a, 0x582a, 0x582a, 0x602a, 0x582a, 0x602a, 0x602a, 0x602b, 0x586b, 0x3867, 
  0x1021, 0x0000, 0x0000, 0x0000, 0x0000, 0x0000, 0x0000, 0x0000, 0x0000, 0x0000, 0x0000, 0x0000, 
  0x0000, 0x0000, 0x0000, 0x0000, 0x0000, 0x0000, 0x0000, 0x0000, 0x0000, 0x0000, 0x0000, 0x0000, 
  0x0000, 0x0000, 0x0020, 0x1001, 0x588a, 0xa852, 0xb052, 0xb052, 0xa8b2, 0x4887, 0x0000, 0x0020, 
  0x0020, 0x0020, 0x1823, 0x608b, 0x806f, 0x804f, 0x804f, 0x884f, 0x804f, 0x804f, 0x804f, 0x804f, 
  0x786f, 0x784f, 0x784f, 0x786e, 0x786e, 0x786e, 0x786e, 0x786e, 0x786e, 0x786e, 0x786e, 0x786e, 
  0x786e, 0x786f, 0x786f, 0x806f, 0x806f, 0x786e, 0x4048, 0x0801, 0x0001, 0x0000, 0x0000, 0x1002, 
  0x3867, 0x70ad, 0x806e, 0x804e, 0x804e, 0x804e, 0x804e, 0x804e, 0x804e, 0x804e, 0x804e, 0x804f, 
  0x804f, 0x808e, 0x5089, 0x1001, 0x0000, 0x0000, 0x0000, 0x0000, 0x0000, 0x0000, 0x0000, 0x0000, 
  0x0000, 0x0000, 0x0000, 0x0000, 0x0000, 0x2124, 0xef7d, 0xffdf, 0xffff, 0xffdf, 0xffdf, 0xffdf, 
  0xffdf, 0xffdf, 0xffdf, 0xffdf, 0xffdf, 0xffdf, 0xffdf, 0xffdf, 0xffdf, 0xffdf, 0xffdf, 0xffdf, 
  0xffdf, 0xffdf, 0xffdf, 0xffdf, 0xffdf, 0xffdf, 0xffdf, 0xffdf, 0xffdf, 0xffdf, 0xffdf, 0xffdf, 
  0xffdf, 0xffff, 0xffdf, 0xffdf, 0xffdf, 0xffdf, 0xffdf, 0xffdf, 0xffdf, 0xffdf, 0xffdf, 0xffdf, 
  0xffdf, 0xffdf, 0xffdf, 0xffdf, 0xffdf, 0xffff, 0xffff, 0xffff, 0xffdf, 0xffdf, 0xffff, 0xffdf, 
  0xffdf, 0xffdf, 0xffdf, 0xffdf, 0xffdf, 0xffdf, 0xffdf, 0xffdf, 0xffdf, 0xffdf, 0xffdf, 0xffdf, 
  0xffdf, 0xffdf, 0xffdf, 0xffdf, 0xffdf, 0xffdf, 0xffdf, 0xffdf, 0xffdf, 0xffdf, 0xffdf, 0xffdf, 
  0xffdf, 0xffff, 0xffff, 0xffff, 0xffdf, 0xce79, 0x526a, 0x0000, 0x0000, 0x0000, 0x0000, 0x0000, 
  0x0000, 0x0000, 0x0000, 0x0000, 0x0000, 0x0000, 0x0000, 0x0000, 0x0000, 0x0000, 0x0000, 0x0000, 
  0x0000, 0x0000, 0x0000, 0x0000, 0x0000, 0x0000, 0x0000, 0x0000, 0x0000, 0x0000, 0x0000, 0x0000, 
  0x0000, 0x0000, 0x0000, 0x0000, 0x0000, 0x0000, 0x0000, 0x0000, 0x0000, 0x0000, 0x0000, 0x0000, 
  0x0000, 0x0000, 0x0000, 0x0000, 0x0000, 0x0000, 0x0000, 0x0000, 0x0000, 0x0000, 0x0000, 0x0000, 
  0x0000, 0x0000, 0x0000, 0x0000, 0x0821, 0x0801, 0x1001, 0x1002, 0x1002, 0x1822, 0x1822, 0x1823, 
  0x1823, 0x1823, 0x2003, 0x2003, 0x1823, 0x0801, 0x0000, 0x0000, 0x0000, 0x0000, 0x0000, 0x0000, 
  0x0000, 0x0000, 0x0000, 0x0000, 0x0000, 0x0000, 0x0000, 0x0000, 0x0000, 0x0000, 0x0000, 0x0000, 
  0x0000, 0x0000, 0x0000, 0x0000, 0x0000, 0x0000, 0x0000, 0x0000, 0x0000, 0x0000, 0x0000, 0x0000, 
  0x0000, 0x0841, 0x18a3, 0x0820, 0x0000, 0x0000, 0x0000, 0x0000, 0x0000, 0x0000, 0x0000, 0x0000, 
  0x0000, 0x0000, 0x0000, 0x0000, 0x0000, 0x0000, 0x0000, 0x1823, 0x4868, 0x584a, 0x582a, 0x582a, 
  0x582a, 0x582a, 0x602a, 0x604a, 0x604b, 0x588a, 0x2865, 0x0800, 0x0000, 0x0000, 0x0000, 0x0000, 
  0x0000, 0x0000, 0x0000, 0x0000, 0x0000, 0x0000, 0x0000, 0x0000, 0x0000, 0x0000, 0x0000, 0x0000, 
  0x0000, 0x0000, 0x0000, 0x0000, 0x0000, 0x0000, 0x0000, 0x0000, 0x0000, 0x0000, 0x1001, 0x688b, 
  0xa071, 0xa852, 0xb052, 0xa852, 0x70cd, 0x1001, 0x0000, 0x0000, 0x0000, 0x2043, 0x68ad, 0x8070, 
  0x804f, 0x804f, 0x806f, 0x804f, 0x804f, 0x806f, 0x806f, 0x806f, 0x786f, 0x784f, 0x786f, 0x786e, 
  0x786e, 0x786e, 0x786e, 0x786e, 0x786e, 0x786e, 0x786e, 0x786e, 0x786f, 0x786f, 0x786f, 0x804f, 
  0x786e, 0x584a, 0x1001, 0x1060, 0x1061, 0x1823, 0x4089, 0x708d, 0x786f, 0x804f, 0x804e, 0x804e, 
  0x804e, 0x804e, 0x804e, 0x804f, 0x804f, 0x804f, 0x804f, 0x806f, 0x78ad, 0x2844, 0x0000, 0x0000, 
  0x0000, 0x0000, 0x0000, 0x0000, 0x0000, 0x0000, 0x0000, 0x0000, 0x1061, 0x1082, 0x0000, 0x0000, 
  0x0000, 0x94b2, 0xffdf, 0xffff, 0xffff, 0xffdf, 0xffff, 0xffff, 0xffdf, 0xffdf, 0xffdf, 0xffdf, 
  0xffdf, 0xffdf, 0xffdf, 0xffdf, 0xffdf, 0xffdf, 0xffdf, 0xffdf, 0xffdf, 0xffdf, 0xffdf, 0xffdf, 
  0xffdf, 0xffdf, 0xffdf, 0xffdf, 0xffdf, 0xffdf, 0xffdf, 0xffff, 0xffdf, 0xffdf, 0xffdf, 0xffdf, 
  0xffdf, 0xffdf, 0xffdf, 0xffdf, 0xffdf, 0xffdf, 0xffdf, 0xffdf, 0xffdf, 0xffdf, 0xffdf, 0xffdf, 
  0xffdf, 0xffdf, 0xffdf, 0xffdf, 0xffff, 0xffdf, 0xffdf, 0xffdf, 0xffdf, 0xffdf, 0xffdf, 0xffdf, 
  0xffdf, 0xffdf, 0xffdf, 0xffdf, 0xffdf, 0xffdf, 0xffdf, 0xffdf, 0xffdf, 0xffdf, 0xffdf, 0xffdf, 
  0xffdf, 0xffdf, 0xffdf, 0xffdf, 0xffdf, 0xffdf, 0xffdf, 0xffdf, 0xffdf, 0xffdf, 0xffff, 0xffff, 
  0xffdf, 0xffdf, 0xffdf, 0xad55, 0x39c7, 0x0000, 0x0000, 0x0000, 0x0000, 0x0000, 0x0000, 0x0000, 
  0x0000, 0x0000, 0x0000, 0x0000, 0x0000, 0x0000, 0x0000, 0x0000, 0x0000, 0x0000, 0x0000, 0x0000, 
  0x0000, 0x0000, 0x0000, 0x0000, 0x0000, 0x0000, 0x0000, 0x0000, 0x0000, 0x0000, 0x0000, 0x0000, 
  0x0000, 0x0000, 0x0000, 0x0000, 0x0000, 0x0000, 0x0000, 0x0000, 0x0000, 0x0000, 0x0000, 0x0000, 
  0x0000, 0x0000, 0x0000, 0x0000, 0x0000, 0x0000, 0x0000, 0x0000, 0x0000, 0x0000, 0x0000, 0x0801, 
  0x0801, 0x0801, 0x0801, 0x1001, 0x1001, 0x1002, 0x1802, 0x1802, 0x1802, 0x1803, 0x1823, 0x1822, 
  0x0800, 0x0000, 0x0000, 0x0000, 0x0000, 0x0000, 0x0000, 0x0000, 0x0000, 0x0000, 0x0000, 0x0000, 
  0x0000, 0x0000, 0x0000, 0x0000, 0x0000, 0x0000, 0x0000, 0x0000, 0x0000, 0x0000, 0x0000, 0x0000, 
  0x0000, 0x0000, 0x0000, 0x0000, 0x0000, 0x0000, 0x0000, 0x0000, 0x0861, 0x1061, 0x0000, 0x0000, 
  0x0000, 0x0000, 0x0000, 0x0000, 0x0000, 0x0000, 0x0000, 0x0000, 0x0000, 0x0000, 0x0000, 0x0000, 
  0x0000, 0x0000, 0x2845, 0x5049, 0x582a, 0x582a, 0x582a, 0x582a, 0x582a, 0x602a, 0x584b, 0x604b, 
  0x4889, 0x1002, 0x0000, 0x0000, 0x0000, 0x0000, 0x0000, 0x0000, 0x0000, 0x0000, 0x0000, 0x0000, 
  0x0000, 0x0000, 0x0000, 0x0000, 0x0000, 0x0000, 0x0000, 0x0000, 0x0000, 0x0000, 0x0000, 0x0000, 
  0x0000, 0x0000, 0x0000, 0x0000, 0x0000, 0x0800, 0x68ab, 0xa072, 0xa852, 0xa852, 0xa852, 0x90d0, 
  0x2023, 0x0020, 0x0000, 0x0020, 0x2844, 0x70ad, 0x8070, 0x886f, 0x886f, 0x806f, 0x886f, 0x806f, 
  0x806f, 0x806f, 0x806f, 0x806f, 0x786f, 0x786f, 0x786f, 0x786e, 0x786e, 0x786e, 0x786e, 0x786e, 
  0x786e, 0x786e, 0x786e, 0x786f, 0x786f, 0x786f, 0x784f, 0x804f, 0x788e, 0x4067, 0x1821, 0x40e4, 
  0x714a, 0x80ef, 0x788f, 0x806f, 0x804f, 0x804e, 0x804e, 0x804e, 0x806e, 0x806e, 0x806f, 0x804f, 
  0x884f, 0x806f, 0x808f, 0x5889, 0x1002, 0x0000, 0x0000, 0x0000, 0x0000, 0x0000, 0x0000, 0x0000, 
  0x0000, 0x0000, 0x0000, 0x2904, 0x1061, 0x0000, 0x0000, 0x0000, 0x2965, 0xf79e, 0xffff, 0xffff, 
  0xffff, 0xffdf, 0xffdf, 0xffdf, 0xffdf, 0xffdf, 0xffdf, 0xffdf, 0xffdf, 0xffdf, 0xffdf, 0xffdf, 
  0xffff, 0xffdf, 0xffff, 0xffff, 0xffdf, 0xffdf, 0xffdf, 0xffdf, 0xffdf, 0xffdf, 0xffdf, 0xffdf, 
  0xffff, 0xffff, 0xffdf, 0xffff, 0xffdf, 0xffdf, 0xffdf, 0xffdf, 0xffdf, 0xffdf, 0xffdf, 0xffdf, 
  0xffdf, 0xffdf, 0xffdf, 0xffdf, 0xffdf, 0xffdf, 0xffdf, 0xffdf, 0xffdf, 0xffff, 0xffff, 0xffdf, 
  0xffdf, 0xffdf, 0xffdf, 0xffdf, 0xffff, 0xffff, 0xffff, 0xffff, 0xffff, 0xffdf, 0xffdf, 0xffdf, 
  0xffdf, 0xffdf, 0xffdf, 0xffdf, 0xffdf, 0xffdf, 0xffdf, 0xffdf, 0xffdf, 0xffdf, 0xffdf, 0xffdf, 
  0xffdf, 0xffdf, 0xffdf, 0xffdf, 0xffdf, 0xffdf, 0xffdf, 0xffdf, 0xffdf, 0xffdf, 0xffdf, 0xffdf, 
  0xffdf, 0xa513, 0x2104, 0x0000, 0x0000, 0x0000, 0x0000, 0x0000, 0x0000, 0x0000, 0x0000, 0x0000, 
  0x0000, 0x0000, 0x0000, 0x0000, 0x0000, 0x0000, 0x0000, 0x0000, 0x0000, 0x0000, 0x0000, 0x0000, 
  0x0000, 0x0000, 0x0000, 0x0000, 0x0000, 0x0000, 0x0000, 0x0000, 0x0000, 0x0000, 0x0000, 0x0000, 
  0x0000, 0x0000, 0x0000, 0x0000, 0x0000, 0x0000, 0x0000, 0x0000, 0x0000, 0x0000, 0x0000, 0x0000, 
  0x0000, 0x0000, 0x0000, 0x0000, 0x0000, 0x0000, 0x0000, 0x0000, 0x0800, 0x0800, 0x0800, 0x0800, 
  0x0801, 0x0801, 0x0801, 0x1021, 0x1021, 0x1001, 0x0801, 0x0000, 0x0000, 0x0000, 0x0000, 0x0000, 
  0x0000, 0x0000, 0x0000, 0x0000, 0x0000, 0x0000, 0x0000, 0x0000, 0x0000, 0x0000, 0x0000, 0x0000, 
  0x0000, 0x0000, 0x0000, 0x0000, 0x0000, 0x0000, 0x0000, 0x0000, 0x0000, 0x0000, 0x0000, 0x0000, 
  0x0000, 0x0000, 0x0000, 0x0861, 0x0841, 0x0000, 0x0000, 0x0000, 0x0000, 0x0000, 0x0000, 0x0000, 
  0x0000, 0x0000, 0x0000, 0x0000, 0x0000, 0x0000, 0x0000, 0x0000, 0x0801, 0x3867, 0x5049, 0x582a, 
  0x582a, 0x582a, 0x582a, 0x582a, 0x582a, 0x582b, 0x586a, 0x3065, 0x0800, 0x0000, 0x0000, 0x0000, 
  0x0000, 0x0000, 0x0000, 0x0000, 0x0000, 0x0000, 0x0000, 0x0000, 0x0000, 0x0000, 0x0000, 0x0000, 
  0x0000, 0x0000, 0x0000, 0x2823, 0x0000, 0x0000, 0x0000, 0x0000, 0x0000, 0x0000, 0x0000, 0x0000, 
  0x0800, 0x68ab, 0xa072, 0xa832, 0xa852, 0xa852, 0xa0b1, 0x4867, 0x0800, 0x0000, 0x0800, 0x3045, 
  0x808f, 0x806f, 0x886f, 0x886f, 0x886f, 0x886f, 0x886f, 0x806f, 0x806f, 0x806f, 0x806f, 0x806f, 
  0x806f, 0x786f, 0x786e, 0x786e, 0x786e, 0x786f, 0x786e, 0x786e, 0x786e, 0x786e, 0x786f, 0x786f, 
  0x786f, 0x786f, 0x786f, 0x804f, 0x786f, 0x786e, 0x78ad, 0x812c, 0x890e, 0x78ae, 0x806f, 0x804f, 
  0x804f, 0x804f, 0x806e, 0x806e, 0x886f, 0x886f, 0x806f, 0x886f, 0x806f, 0x78ae, 0x3866, 0x0000, 
  0x0000, 0x0000, 0x0000, 0x0000, 0x0000, 0x0000, 0x0000, 0x0000, 0x0000, 0x1042, 0x3945, 0x1061, 
  0x0000, 0x0000, 0x0000, 0x0000, 0x8c50, 0xffff, 0xffdf, 0xffff, 0xffff, 0xffdf, 0xffdf, 0xffdf, 
  0xffdf, 0xffdf, 0xffdf, 0xffdf, 0xffdf, 0xffdf, 0xffdf, 0xffdf, 0xffdf, 0xffff, 0xffff, 0xffff, 
  0xffff, 0xffff, 0xffff, 0xffdf, 0xffdf, 0xffdf, 0xffdf, 0xffff, 0xffdf, 0xffdf, 0xffdf, 0xffdf, 
  0xffff, 0xffdf, 0xffdf, 0xffbf, 0xef5d, 0xdedb, 0xce59, 0xb5b6, 0xa4f4, 0x9472, 0x8430, 0x7bcf, 
  0x738e, 0x738d, 0x6b6d, 0x73ae, 0x7bef, 0x9472, 0xa514, 0xbdf7, 0xe6fc, 0xffdf, 0xffff, 0xffdf, 
  0xffdf, 0xffdf, 0xffff, 0xffff, 0xffff, 0xffdf, 0xffdf, 0xffdf, 0xffdf, 0xffdf, 0xffdf, 0xffdf, 
  0xffdf, 0xffdf, 0xffdf, 0xffdf, 0xffdf, 0xffdf, 0xffdf, 0xffdf, 0xffdf, 0xffdf, 0xffdf, 0xffdf, 
  0xffdf, 0xffdf, 0xffdf, 0xffdf, 0xffdf, 0xffdf, 0xffdf, 0xffdf, 0xffdf, 0xffdf, 0xf7be, 0xdefb, 
  0xdedb, 0xdedb, 0xdefb, 0xdefb, 0xe71b, 0xe71c, 0xe71c, 0xe71c, 0xe71c, 0xe71c, 0xe71b, 0xe71c, 
  0xe71c, 0xe71c, 0xdefb, 0xdefb, 0xdefb, 0xdefb, 0xe71c, 0xe71c, 0xe71c, 0xe71c, 0xe71c, 0xe71c, 
  0xe71c, 0xe71c, 0xe71c, 0xe71c, 0xe71c, 0xe71c, 0xe71c, 0xe71c, 0xe71c, 0xe71c, 0xe71c, 0xe71c, 
  0xdf1c, 0xdf1c, 0xe71c, 0xe71c, 0xe71c, 0xe71c, 0xe71c, 0xe71c, 0xe71c, 0xe71c, 0xe71c, 0xe71c, 
  0xe71c, 0xe71c, 0xe71c, 0xe71c, 0xe71c, 0xe71c, 0xe73c, 0xe73c, 0xe73c, 0xe71c, 0xe71c, 0xe71c, 
  0xe71c, 0xe71c, 0xe71c, 0xdefb, 0xe71b, 0xe71c, 0xe71c, 0xe71c, 0xe71c, 0xe73c, 0xe73c, 0xe73c, 
  0xe73c, 0xe73c, 0xe73c, 0xe75c, 0xe75c, 0xe73c, 0xe73c, 0xc638, 0x18c3, 0x0000, 0x0000, 0x0000, 
  0x0000, 0x0000, 0x0000, 0x0000, 0x0000, 0x0000, 0x0000, 0x0000, 0x0000, 0x0000, 0x0000, 0x0000, 
  0x0000, 0x0000, 0x0000, 0x0000, 0x0000, 0x0000, 0x0000, 0x0000, 0x0000, 0x0000, 0x0000, 0x0000, 
  0x0000, 0x0000, 0x0000, 0x1823, 0x4848, 0x500a, 0x5029, 0x582a, 0x580a, 0x582a, 0x582a, 0x582a, 
  0x584a, 0x4888, 0x1823, 0x0000, 0x0000, 0x0000, 0x0000, 0x0000, 0x0000, 0x0000, 0x0000, 0x0000, 
  0x0000, 0x0000, 0x0000, 0x0000, 0x0000, 0x0000, 0x0000, 0x0000, 0x0000, 0x0800, 0x4846, 0x98b0, 
  0x0000, 0x0000, 0x0000, 0x0000, 0x0000, 0x0000, 0x0000, 0x0801, 0x60aa, 0xa072, 0xa833, 0xa853, 
  0xa852, 0xa072, 0x60aa, 0x0801, 0x0000, 0x0820, 0x3846, 0x80af, 0x8850, 0x8870, 0x886f, 0x886f, 
  0x888f, 0x888f, 0x808f, 0x808f, 0x808f, 0x808f, 0x808f, 0x808f, 0x808f, 0x806f, 0x786f, 0x786f, 
  0x786f, 0x786f, 0x786f, 0x786f, 0x786f, 0x786f, 0x786f, 0x786f, 0x786f, 0x786f, 0x786f, 0x804f, 
  0x804f, 0x784e, 0x788e, 0x78ad, 0x788e, 0x806f, 0x804f, 0x804f, 0x804f, 0x806f, 0x806f, 0x886f, 
  0x886f, 0x886f, 0x886f, 0x808f, 0x68ab, 0x2023, 0x0000, 0x0000, 0x0000, 0x0000, 0x0000, 0x0000, 
  0x0000, 0x0000, 0x0000, 0x0000, 0x28c4, 0x3926, 0x0800, 0x0000, 0x0000, 0x0000, 0x0000, 0x0020, 
  0xe71b, 0xffdf, 0xffff, 0xffff, 0xffdf, 0xffdf, 0xffdf, 0xffdf, 0xffdf, 0xffdf, 0xffdf, 0xffdf, 
  0xffdf, 0xffdf, 0xffdf, 0xffdf, 0xffff, 0xffff, 0xffff, 0xffff, 0xffff, 0xffff, 0xffff, 0xffff, 
  0xffff, 0xffff, 0xffdf, 0xffdf, 0xf79e, 0xd6ba, 0xa535, 0x8c71, 0x6b4d, 0x4208, 0x2104, 0x0821, 
  0x0000, 0x0000, 0x0000, 0x0020, 0x0000, 0x0000, 0x0000, 0x0000, 0x0000, 0x0000, 0x0000, 0x0000, 
  0x0000, 0x0000, 0x0000, 0x0020, 0x0000, 0x0841, 0x39c7, 0x73ae, 0xad75, 0xef7d, 0xffdf, 0xffdf, 
  0xffff, 0xffff, 0xffff, 0xffdf, 0xffdf, 0xffdf, 0xffdf, 0xffdf, 0xffdf, 0xffdf, 0xffdf, 0xffdf, 
  0xffdf, 0xffdf, 0xffdf, 0xffdf, 0xffdf, 0xffdf, 0xffdf, 0xffdf, 0xffdf, 0xffdf, 0xffdf, 0xffdf, 
  0xffdf, 0xffdf, 0xffdf, 0xffdf, 0xffdf, 0xffdf, 0xffdf, 0xffdf, 0xffdf, 0xffdf, 0xffdf, 0xf7df, 
  0xf7de, 0xffdf, 0xffdf, 0xffdf, 0xffdf, 0xffdf, 0xffdf, 0xf7df, 0xffdf, 0xffdf, 0xffdf, 0xffdf, 
  0xffdf, 0xffdf, 0xffdf, 0xffdf, 0xffdf, 0xffdf, 0xffdf, 0xffdf, 0xffdf, 0xffdf, 0xffdf, 0xffdf, 
  0xffde, 0xffde, 0xffdf, 0xffdf, 0xffdf, 0xffdf, 0xffdf, 0xffdf, 0xffdf, 0xffdf, 0xffdf, 0xffdf, 
  0xffdf, 0xffdf, 0xffdf, 0xf7df, 0xffdf, 0xffdf, 0xffdf, 0xffdf, 0xffdf, 0xffdf, 0xffdf, 0xffdf, 
  0xffdf, 0xffde, 0xffdf, 0xffde, 0xffde, 0xffde, 0xffdf, 0xffde, 0xffdf, 0xffdf, 0xffdf, 0xffdf, 
  0xffdf, 0xffdf, 0xffdf, 0xffdf, 0xffdf, 0xffdf, 0xffdf, 0xffdf, 0xffff, 0xffff, 0xffff, 0xffff, 
  0xffff, 0xffdf, 0xc639, 0x10a2, 0x0000, 0x0000, 0x0000, 0x0000, 0x0000, 0x0000, 0x0000, 0x0000, 
  0x0000, 0x0000, 0x0000, 0x0000, 0x0000, 0x0000, 0x0000, 0x0000, 0x0000, 0x0000, 0x0000, 0x0000, 
  0x0000, 0x0000, 0x0000, 0x0000, 0x0000, 0x0000, 0x0000, 0x0000, 0x0000, 0x0801, 0x2845, 0x5049, 
  0x5009, 0x580a, 0x582a, 0x5829, 0x582a, 0x582a, 0x582a, 0x584a, 0x3867, 0x0801, 0x0000, 0x0000, 
  0x0000, 0x0000, 0x0000, 0x0000, 0x0000, 0x0000, 0x0000, 0x0000, 0x0000, 0x0000, 0x0000, 0x0000, 
  0x0000, 0x0000, 0x0000, 0x0000, 0x1801, 0x6089, 0xa0b0, 0xa091, 0x0000, 0x0000, 0x0000, 0x0000, 
  0x0000, 0x0000, 0x0800, 0x60aa, 0xa073, 0xa053, 0xa852, 0xa052, 0xa072, 0x80cf, 0x1802, 0x0020, 
  0x0800, 0x4067, 0x806f, 0x8850, 0x8870, 0x8870, 0x886f, 0x886f, 0x888f, 0x888f, 0x808f, 0x808f, 
  0x808f, 0x808f, 0x808f, 0x808f, 0x808f, 0x808f, 0x808f, 0x806f, 0x786f, 0x786f, 0x786f, 0x786f, 
  0x786f, 0x786f, 0x786f, 0x786f, 0x786f, 0x786f, 0x786f, 0x806f, 0x804f, 0x804f, 0x786e, 0x806f, 
  0x806f, 0x804f, 0x804f, 0x804f, 0x806f, 0x806f, 0x806f, 0x886f, 0x886f, 0x886f, 0x80af, 0x5088, 
  0x1001, 0x0000, 0x0000, 0x0000, 0x0000, 0x0000, 0x0000, 0x0000, 0x0000, 0x0000, 0x1041, 0x4987, 
  0x20a3, 0x0000, 0x0000, 0x0000, 0x0000, 0x0000, 0x0000, 0x2124, 0xffdf, 0xffff, 0xffff, 0xffdf, 
  0xffdf, 0xffdf, 0xffdf, 0xffdf, 0xffdf, 0xffff, 0xffdf, 0xffdf, 0xffdf, 0xffdf, 0xffdf, 0xffdf, 
  0xffdf, 0xffff, 0xffff, 0xffff, 0xffff, 0xffff, 0xffdf, 0xffdf, 0xdefb, 0xad35, 0x6b6d, 0x31a6, 
  0x18e3, 0x0841, 0x0020, 0x0000, 0x0020, 0x0000, 0x0000, 0x0000, 0x0000, 0x0000, 0x0000, 0x0000, 
  0x0000, 0x0000, 0x0000, 0x0000, 0x0000, 0x0000, 0x0000, 0x0000, 0x0000, 0x0000, 0x0000, 0x0000, 
  0x0000, 0x0000, 0x0000, 0x0000, 0x0020, 0x1082, 0x4a69, 0xad35, 0xef3d, 0xffdf, 0xffdf, 0xffdf, 
  0xffdf, 0xffdf, 0xffdf, 0xffdf, 0xffff, 0xffdf, 0xffdf, 0xffdf, 0xffdf, 0xffdf, 0xffdf, 0xffdf, 
  0xffdf, 0xffdf, 0xffdf, 0xffdf, 0xffdf, 0xffdf, 0xffdf, 0xffdf, 0xffdf, 0xffdf, 0xffdf, 0xffdf, 
  0xffdf, 0xffdf, 0xffdf, 0xffdf, 0xffdf, 0xffdf, 0xffdf, 0xffdf, 0xf7df, 0xf7df, 0xffdf, 0xffdf, 
  0xffdf, 0xffdf, 0xffdf, 0xffdf, 0xffdf, 0xffdf, 0xffdf, 0xffdf, 0xffdf, 0xffdf, 0xffdf, 0xffdf, 
  0xffdf, 0xffdf, 0xffdf, 0xffdf, 0xffdf, 0xffdf, 0xffdf, 0xffdf, 0xffdf, 0xffdf, 0xffdf, 0xffdf, 
  0xffdf, 0xffdf, 0xffdf, 0xffdf, 0xffdf, 0xffdf, 0xffdf, 0xffdf, 0xffdf, 0xffdf, 0xffdf, 0xffdf, 
  0xffdf, 0xffdf, 0xffdf, 0xffdf, 0xffdf, 0xffdf, 0xffdf, 0xffdf, 0xffdf, 0xffdf, 0xffdf, 0xffdf, 
  0xffdf, 0xffdf, 0xffdf, 0xffdf, 0xffdf, 0xffdf, 0xffdf, 0xffdf, 0xffdf, 0xffdf, 0xffdf, 0xffdf, 
  0xffdf, 0xffdf, 0xffdf, 0xffff, 0xffff, 0xffff, 0xffff, 0xffdf, 0xffff, 0xad55, 0x1082, 0x0000, 
  0x0000, 0x0000, 0x0000, 0x0000, 0x0000, 0x0000, 0x0000, 0x0000, 0x0000, 0x0000, 0x0000, 0x0000, 
  0x0000, 0x0000, 0x0000, 0x0000, 0x0000, 0x0000, 0x0000, 0x0000, 0x0000, 0x0000, 0x0000, 0x0000, 
  0x0000, 0x0000, 0x0000, 0x0000, 0x1002, 0x3847, 0x5029, 0x580a, 0x5809, 0x580a, 0x582a, 0x582a, 
  0x582a, 0x582a, 0x5069, 0x2844, 0x0000, 0x0000, 0x0000, 0x0000, 0x0000, 0x0000, 0x0000, 0x0000, 
  0x0000, 0x0000, 0x0000, 0x0000, 0x0000, 0x0000, 0x0000, 0x0000, 0x0000, 0x0000, 0x0800, 0x2823, 
  0x80ad, 0xa091, 0xa091, 0xa091, 0x0000, 0x0000, 0x0000, 0x0000, 0x0000, 0x0800, 0x68cb, 0xa092, 
  0xa053, 0xa072, 0xa052, 0xa072, 0x90b1, 0x3045, 0x0800, 0x0800, 0x4067, 0x808f, 0x9050, 0x8870, 
  0x8870, 0x886f, 0x886f, 0x888f, 0x888f, 0x888f, 0x808f, 0x808f, 0x808f, 0x808f, 0x808f, 0x808f, 
  0x808f, 0x808f, 0x808f, 0x808f, 0x786f, 0x786f, 0x786f, 0x786f, 0x786f, 0x786f, 0x786f, 0x786f, 
  0x786f, 0x786f, 0x786f, 0x806f, 0x804f, 0x806f, 0x804f, 0x804f, 0x806f, 0x804f, 0x804f, 0x806f, 
  0x806f, 0x886f, 0x806f, 0x886f, 0x8070, 0x78ce, 0x3044, 0x0800, 0x0000, 0x0000, 0x0000, 0x0000, 
  0x0000, 0x0000, 0x0000, 0x0000, 0x0000, 0x2084, 0x59a9, 0x1862, 0x0020, 0x0000, 0x0000, 0x0000, 
  0x0000, 0x0000, 0x0000, 0x5aeb, 0xffdf, 0xffff, 0xffff, 0xffdf, 0xffdf, 0xffdf, 0xffdf, 0xffdf, 
  0xffdf, 0xffdf, 0xffdf, 0xffdf, 0xffdf, 0xffdf, 0xffdf, 0xffdf, 0xffff, 0xffff, 0xffff, 0xffdf, 
  0xffdf, 0xf79e, 0x9492, 0x39c7, 0x0841, 0x0020, 0x0000, 0x0000, 0x0000, 0x0000, 0x0000, 0x0000, 
  0x0000, 0x0000, 0x0000, 0x0000, 0x0000, 0x0000, 0x0000, 0x0000, 0x0000, 0x0000, 0x0000, 0x0000, 
  0x0000, 0x0000, 0x0000, 0x0000, 0x0000, 0x0000, 0x0000, 0x0000, 0x0000, 0x0000, 0x0000, 0x0000, 
  0x0000, 0x0000, 0x0000, 0x0000, 0x1082, 0x6b6d, 0xc638, 0xffdf, 0xffdf, 0xffdf, 0xffdf, 0xffdf, 
  0xffdf, 0xffdf, 0xffdf, 0xffdf, 0xffdf, 0xffdf, 0xffdf, 0xffdf, 0xffdf, 0xffdf, 0xffdf, 0xffdf, 
  0xffdf, 0xffdf, 0xffdf, 0xffdf, 0xffdf, 0xffdf, 0xffdf, 0xffdf, 0xffdf, 0xffdf, 0xffdf, 0xffdf, 
  0xffdf, 0xffdf, 0xffdf, 0xffdf, 0xffdf, 0xffdf, 0xffdf, 0xffdf, 0xffdf, 0xffdf, 0xffdf, 0xffdf, 
  0xffdf, 0xffdf, 0xffdf, 0xffdf, 0xffdf, 0xffdf, 0xffdf, 0xffdf, 0xffdf, 0xffdf, 0xffdf, 0xffdf, 
  0xffdf, 0xffdf, 0xffdf, 0xffdf, 0xffdf, 0xffdf, 0xffdf, 0xffdf, 0xffdf, 0xffdf, 0xffdf, 0xffdf, 
  0xffdf, 0xffdf, 0xffdf, 0xffdf, 0xffdf, 0xffdf, 0xffdf, 0xffdf, 0xffdf, 0xffdf, 0xffdf, 0xffdf, 
  0xffdf, 0xffdf, 0xffdf, 0xffdf, 0xffdf, 0xffdf, 0xffdf, 0xffdf, 0xffdf, 0xffdf, 0xffdf, 0xffdf, 
  0xffdf, 0xffdf, 0xffdf, 0xffdf, 0xffdf, 0xffdf, 0xffdf, 0xffdf, 0xffdf, 0xffdf, 0xffdf, 0xffff, 
  0xffff, 0xffff, 0xffff, 0xffff, 0x94b2, 0x0020, 0x0000, 0x0000, 0x0000, 0x0000, 0x0000, 0x0000, 
  0x0000, 0x0000, 0x0000, 0x0000, 0x0000, 0x0000, 0x0000, 0x0000, 0x0000, 0x0000, 0x0000, 0x0000, 
  0x0000, 0x0000, 0x0000, 0x0000, 0x0000, 0x0000, 0x0000, 0x0000, 0x0000, 0x0000, 0x0000, 0x2023, 
  0x4849, 0x500a, 0x5809, 0x582a, 0x5829, 0x582a, 0x582a, 0x582a, 0x504a, 0x4889, 0x1022, 0x0000, 
  0x0000, 0x0000, 0x0000, 0x0000, 0x0000, 0x0000, 0x0000, 0x0000, 0x0000, 0x0000, 0x0000, 0x0000, 
  0x0000, 0x0000, 0x0000, 0x0000, 0x0000, 0x0801, 0x4867, 0x90af, 0xa070, 0xa090, 0xa091, 0xa090, 
  0x0000, 0x0000, 0x0000, 0x0000, 0x0801, 0x58aa, 0xa092, 0xa052, 0xa072, 0xa052, 0xa072, 0x9871, 
  0x588a, 0x0801, 0x0800, 0x4868, 0x8870, 0x9070, 0x9070, 0x9070, 0x886f, 0x888f, 0x888f, 0x8890, 
  0x888f, 0x808f, 0x808f, 0x808f, 0x808f, 0x808f, 0x808f, 0x808f, 0x808f, 0x808f, 0x808f, 0x808f, 
  0x806f, 0x786f, 0x786f, 0x786f, 0x786f, 0x786f, 0x786f, 0x786f, 0x786f, 0x786f, 0x786f, 0x786f, 
  0x786f, 0x806f, 0x806f, 0x806f, 0x806f, 0x806f, 0x806f, 0x806f, 0x886f, 0x886f, 0x886f, 0x80b0, 
  0x60aa, 0x1822, 0x0000, 0x0000, 0x0000, 0x0000, 0x0000, 0x0000, 0x0000, 0x0000, 0x0000, 0x0000, 
  0x3927, 0x4148, 0x0801, 0x0000, 0x0000, 0x0000, 0x0000, 0x0000, 0x0000, 0x0000, 0x0000, 0x8c71, 
  0xffdf, 0xffff, 0xffff, 0xffff, 0xffdf, 0xffdf, 0xffdf, 0xffff, 0xffdf, 0xffdf, 0xffdf, 0xffdf, 
  0xffdf, 0xffdf, 0xffdf, 0xffdf, 0xffff, 0xffff, 0xffdf, 0xffff, 0xa534, 0x18e3, 0x0000, 0x0000, 
  0x0000, 0x0000, 0x0000, 0x0000, 0x0000, 0x0000, 0x0000, 0x0000, 0x0000, 0x0000, 0x0000, 0x0000, 
  0x0000, 0x0000, 0x0000, 0x0000, 0x0000, 0x0000, 0x0000, 0x0000, 0x0000, 0x0000, 0x0000, 0x0000, 
  0x0000, 0x0000, 0x0000, 0x0000, 0x0000, 0x0000, 0x0000, 0x0000, 0x0000, 0x0000, 0x0000, 0x0000, 
  0x0020, 0x0000, 0x0020, 0x3186, 0x9cf3, 0xef9d, 0xffdf, 0xffdf, 0xffdf, 0xffdf, 0xffdf, 0xffdf, 
  0xffdf, 0xffdf, 0xffdf, 0xffdf, 0xffdf, 0xffdf, 0xffdf, 0xffdf, 0xffdf, 0xffdf, 0xffdf, 0xffdf, 
  0xffdf, 0xffdf, 0xffdf, 0xffdf, 0xffdf, 0xffdf, 0xffdf, 0xffdf, 0xffdf, 0xffdf, 0xffdf, 0xffdf, 
  0xffdf, 0xffdf, 0xffdf, 0xffdf, 0xffdf, 0xffdf, 0xffdf, 0xffdf, 0xffdf, 0xffdf, 0xffdf, 0xffdf, 
  0xffdf, 0xffdf, 0xffdf, 0xffdf, 0xffdf, 0xffdf, 0xffdf, 0xffdf, 0xffdf, 0xffdf, 0xffdf, 0xffdf, 
  0xffdf, 0xffdf, 0xffdf, 0xffdf, 0xffdf, 0xffdf, 0xffdf, 0xffdf, 0xffdf, 0xffdf, 0xffdf, 0xffdf, 
  0xffdf, 0xffdf, 0xffdf, 0xffdf, 0xffdf, 0xffdf, 0xffdf, 0xffdf, 0xffdf, 0xffdf, 0xffdf, 0xffdf, 
  0xffdf, 0xffdf, 0xffdf, 0xffdf, 0xffdf, 0xffdf, 0xffdf, 0xffdf, 0xffdf, 0xffdf, 0xffdf, 0xffdf, 
  0xffdf, 0xffdf, 0xffdf, 0xffdf, 0xffff, 0xffff, 0xffff, 0xffff, 0xffff, 0xffff, 0xffdf, 0x73ae, 
  0x0020, 0x0000, 0x0000, 0x0000, 0x0000, 0x0000, 0x0000, 0x0000, 0x0000, 0x0000, 0x0000, 0x0000, 
  0x0000, 0x0000, 0x0000, 0x0000, 0x0000, 0x0000, 0x0000, 0x0000, 0x0000, 0x0000, 0x0000, 0x0000, 
  0x0000, 0x0000, 0x0000, 0x0000, 0x0000, 0x0821, 0x3046, 0x502a, 0x5009, 0x580a, 0x580a, 0x580a, 
  0x582a, 0x580a, 0x582a, 0x506a, 0x3046, 0x0801, 0x0000, 0x0000, 0x0000, 0x0000, 0x0000, 0x0000, 
  0x0000, 0x0000, 0x0000, 0x0000, 0x0000, 0x0000, 0x0000, 0x0000, 0x0000, 0x0000, 0x0000, 0x0000, 
  0x1822, 0x688b, 0xa091, 0xa071, 0xa091, 0xa090, 0xa090, 0xa090, 0x0000, 0x0000, 0x0000, 0x0800, 
  0x58aa, 0x9871, 0x9872, 0xa072, 0xa071, 0x9871, 0xa071, 0x78ae, 0x1002, 0x0801, 0x5089, 0x9090, 
  0x9070, 0x9070, 0x9070, 0x9070, 0x8870, 0x888f, 0x888f, 0x888f, 0x888f, 0x8890, 0x8090, 0x8090, 
  0x808f, 0x808f, 0x808f, 0x808f, 0x808f, 0x808f, 0x808f, 0x806f, 0x808f, 0x788f, 0x808f, 0x786f, 
  0x786f, 0x786f, 0x786f, 0x786f, 0x786f, 0x806f, 0x806f, 0x806f, 0x806f, 0x806f, 0x806f, 0x806f, 
  0x806f, 0x806f, 0x806f, 0x886f, 0x886f, 0x8090, 0x80af, 0x4067, 0x0800, 0x0000, 0x0000, 0x0000, 
  0x0000, 0x0000, 0x0000, 0x0000, 0x0000, 0x0020, 0x1863, 0x5189, 0x28a4, 0x0800, 0x0000, 0x0000, 
  0x0000, 0x0000, 0x0000, 0x0000, 0x0000, 0x0000, 0x0000, 0xb595, 0xffdf, 0xffff, 0xffff, 0xffff, 
  0xffdf, 0xffdf, 0xffdf, 0xffdf, 0xffdf, 0xffdf, 0xffdf, 0xffdf, 0xffdf, 0xffdf, 0xffdf, 0xffdf, 
  0xffff, 0xffdf, 0xffff, 0x738e, 0x0020, 0x0000, 0x0000, 0x0000, 0x0000, 0x0000, 0x0000, 0x0000, 
  0x0000, 0x0000, 0x0000, 0x0000, 0x0000, 0x0000, 0x0000, 0x0000, 0x0000, 0x0000, 0x0000, 0x0000, 
  0x0000, 0x0000, 0x0000, 0x0000, 0x0000, 0x0000, 0x0000, 0x0000, 0x0000, 0x0000, 0x0000, 0x0000, 
  0x0000, 0x0000, 0x0000, 0x0000, 0x0000, 0x0000, 0x0000, 0x0000, 0x0000, 0x0000, 0x0000, 0x0000, 
  0x0000, 0x1082, 0x738e, 0xe71c, 0xffdf, 0xffdf, 0xffdf, 0xffdf, 0xffdf, 0xffdf, 0xffdf, 0xffdf, 
  0xffdf, 0xffdf, 0xffdf, 0xffdf, 0xffdf, 0xffdf, 0xffdf, 0xffdf, 0xffdf, 0xffdf, 0xffdf, 0xffdf, 
  0xffdf, 0xffdf, 0xffdf, 0xffdf, 0xffdf, 0xffdf, 0xffdf, 0xffdf, 0xffdf, 0xffdf, 0xffdf, 0xffdf, 
  0xffdf, 0xffdf, 0xffdf, 0xffdf, 0xffdf, 0xffdf, 0xffdf, 0xffdf, 0xffdf, 0xffdf, 0xffdf, 0xffdf, 
  0xffdf, 0xffdf, 0xffdf, 0xffdf, 0xffdf, 0xffdf, 0xffdf, 0xffdf, 0xffdf, 0xffdf, 0xffdf, 0xffdf, 
  0xffdf, 0xffdf, 0xffdf, 0xffdf, 0xffdf, 0xffdf, 0xffdf, 0xffdf, 0xffdf, 0xffdf, 0xffdf, 0xffdf, 
  0xffdf, 0xffdf, 0xffdf, 0xffdf, 0xffdf, 0xffdf, 0xffdf, 0xffdf, 0xffdf, 0xffdf, 0xffdf, 0xffdf, 
  0xffdf, 0xffdf, 0xffdf, 0xffdf, 0xffdf, 0xffdf, 0xffdf, 0xffdf, 0xffdf, 0xffdf, 0xffdf, 0xffdf, 
  0xffff, 0xffdf, 0xffdf, 0xffdf, 0xffff, 0xef5d, 0x5aeb, 0x0020, 0x0000, 0x0000, 0x0000, 0x0000, 
  0x0000, 0x0000, 0x0000, 0x0000, 0x0000, 0x0000, 0x0000, 0x0000, 0x0000, 0x0000, 0x0000, 0x0000, 
  0x0000, 0x0000, 0x0000, 0x0000, 0x0000, 0x0000, 0x0000, 0x0000, 0x0000, 0x0000, 0x0000, 0x0000, 
  0x1022, 0x3867, 0x5009, 0x5009, 0x5009, 0x500a, 0x580a, 0x580a, 0x582a, 0x582a, 0x4869, 0x1823, 
  0x0000, 0x0000, 0x0000, 0x0000, 0x0000, 0x0000, 0x0000, 0x0000, 0x0000, 0x0000, 0x0000, 0x0000, 
  0x0000, 0x0000, 0x0000, 0x0000, 0x0000, 0x0000, 0x0800, 0x2824, 0x80ae, 0x9891, 0xa090, 0xa090, 
  0xa090, 0xa090, 0xa090, 0xa0b0, 0x0000, 0x0000, 0x0800, 0x58c9, 0x98b1, 0x9872, 0x9872, 0x9871, 
  0x9871, 0x9871, 0x90b0, 0x3045, 0x0800, 0x5089, 0x8870, 0x9070, 0x9070, 0x9070, 0x9070, 0x9070, 
  0x8890, 0x888f, 0x888f, 0x888f, 0x888f, 0x8890, 0x8090, 0x8090, 0x808f, 0x808f, 0x808f, 0x808f, 
  0x808f, 0x808f, 0x808f, 0x808f, 0x806f, 0x806f, 0x786f, 0x806f, 0x786f, 0x786f, 0x786f, 0x786f, 
  0x786f, 0x806f, 0x806f, 0x806f, 0x806f, 0x806f, 0x806f, 0x806f, 0x806f, 0x886f, 0x8870, 0x886f, 
  0x8090, 0x70cd, 0x2024, 0x0000, 0x0000, 0x0000, 0x0000, 0x0000, 0x0000, 0x0000, 0x0000, 0x0000, 
  0x0000, 0x2885, 0x59ca, 0x1842, 0x0000, 0x0000, 0x0000, 0x0000, 0x0000, 0x0000, 0x0000, 0x0000, 
  0x0000, 0x0000, 0x0000, 0xc638, 0xffdf, 0xffdf, 0xffdf, 0xffdf, 0xffdf, 0xffdf, 0xffdf, 0xffdf, 
  0xffdf, 0xffdf, 0xffdf, 0xffdf, 0xffdf, 0xffdf, 0xffdf, 0xffdf, 0xffff, 0xffdf, 0xad75, 0x0020, 
  0x0000, 0x0000, 0x0000, 0x0000, 0x0000, 0x0000, 0x0000, 0x0000, 0x0000, 0x0000, 0x0000, 0x0000, 
  0x0000, 0x0000, 0x0000, 0x0000, 0x0000, 0x0000, 0x0000, 0x0000, 0x0000, 0x0000, 0x0000, 0x0000, 
  0x0000, 0x0000, 0x0000, 0x0000, 0x0000, 0x0000, 0x0000, 0x0000, 0x0000, 0x0000, 0x0000, 0x0000, 
  0x0000, 0x0000, 0x0000, 0x0000, 0x0000, 0x0000, 0x0000, 0x0000, 0x0000, 0x0000, 0x0020, 0x18c3, 
  0x738e, 0xe71c, 0xf7df, 0xffdf, 0xffdf, 0xffdf, 0xffdf, 0xffdf, 0xffdf, 0xffdf, 0xffdf, 0xffdf, 
  0xffdf, 0xffdf, 0xffdf, 0xffdf, 0xffdf, 0xffdf, 0xffdf, 0xffdf, 0xffdf, 0xffdf, 0xffdf, 0xffdf, 
  0xffdf, 0xffdf, 0xffdf, 0xffdf, 0xffdf, 0xffdf, 0xffdf, 0xffdf, 0xffdf, 0xffdf, 0xffdf, 0xffdf, 
  0xffdf, 0xffdf, 0xffdf, 0xffdf, 0xffdf, 0xffdf, 0xffdf, 0xffdf, 0xffdf, 0xffdf, 0xffdf, 0xffdf, 
  0xffdf, 0xffdf, 0xffdf, 0xffdf, 0xffdf, 0xffdf, 0xffdf, 0xffdf, 0xffdf, 0xffdf, 0xffdf, 0xffdf, 
  0xffdf, 0xffdf, 0xffdf, 0xffdf, 0xffdf, 0xffdf, 0xffdf, 0xffdf, 0xffdf, 0xffdf, 0xffdf, 0xffdf, 
  0xffdf, 0xffdf, 0xffdf, 0xffdf, 0xffdf, 0xffdf, 0xffdf, 0xffdf, 0xffdf, 0xffdf, 0xffdf, 0xffdf, 
  0xffdf, 0xffdf, 0xffdf, 0xffdf, 0xffdf, 0xffdf, 0xffdf, 0xffdf, 0xffdf, 0xffdf, 0xffdf, 0xffdf, 
  0xe71c, 0x39c7, 0x0020, 0x0000, 0x0000, 0x0000, 0x0000, 0x0000, 0x0000, 0x0000, 0x0000, 0x0000, 
  0x0000, 0x0000, 0x0000, 0x0000, 0x0000, 0x0000, 0x0000, 0x0000, 0x0000, 0x0000, 0x0000, 0x0000, 
  0x0000, 0x0000, 0x0000, 0x0000, 0x0000, 0x0000, 0x0000, 0x2044, 0x4849, 0x5029, 0x5029, 0x580a, 
  0x580a, 0x582a, 0x580a, 0x580a, 0x504a, 0x3046, 0x0801, 0x0000, 0x0000, 0x0000, 0x0000, 0x0000, 
  0x0000, 0x0000, 0x0000, 0x0000, 0x0000, 0x0000, 0x0000, 0x0000, 0x0000, 0x0000, 0x0000, 0x0000, 
  0x0000, 0x0800, 0x4047, 0x908f, 0xa071, 0xa070, 0xa071, 0xa090, 0xa090, 0x9890, 0xa0b0, 0x98b0, 
  0x0000, 0x0800, 0x50a9, 0x9891, 0xa072, 0x9872, 0x9871, 0x9871, 0x9891, 0x9871, 0x60aa, 0x1001, 
  0x5089, 0x9090, 0x9071, 0x9070, 0x9070, 0x9070, 0x9070, 0x9090, 0x8890, 0x8890, 0x888f, 0x8890, 
  0x8890, 0x8890, 0x888f, 0x888f, 0x808f, 0x808f, 0x808f, 0x808f, 0x808f, 0x808f, 0x808f, 0x808f, 
  0x806f, 0x806f, 0x806f, 0x806f, 0x806f, 0x786f, 0x806f, 0x8070, 0x806f, 0x806f, 0x806f, 0x806f, 
  0x806f, 0x806f, 0x806f, 0x886f, 0x886f, 0x886f, 0x8870, 0x888f, 0x608a, 0x1002, 0x0000, 0x0000, 
  0x0000, 0x0000, 0x0000, 0x0000, 0x0000, 0x0000, 0x0000, 0x0801, 0x4929, 0x5149, 0x0800, 0x0000, 
  0x0000, 0x0000, 0x0000, 0x0000, 0x0000, 0x0000, 0x0000, 0x0000, 0x0000, 0x0000, 0x0000, 0xce59, 
  0xffdf, 0xffdf, 0xffdf, 0xffdf, 0xffdf, 0xffdf, 0xffdf, 0xffdf, 0xffdf, 0xffdf, 0xffff, 0xffdf, 
  0xffdf, 0xffdf, 0xffdf, 0xffdf, 0xffff, 0xffdf, 0x3186, 0x0000, 0x0000, 0x0000, 0x0000, 0x0000, 
  0x0000, 0x0000, 0x0000, 0x0000, 0x0000, 0x0000, 0x0000, 0x0000, 0x0000, 0x0000, 0x0000, 0x0000, 
  0x0000, 0x0000, 0x0000, 0x0000, 0x0000, 0x0000, 0x0000, 0x0000, 0x0000, 0x0000, 0x0000, 0x0000, 
  0x0000, 0x0000, 0x0000, 0x0000, 0x0000, 0x0000, 0x0000, 0x0000, 0x0000, 0x0000, 0x0000, 0x0000, 
  0x0000, 0x0000, 0x0000, 0x0000, 0x0000, 0x0000, 0x0000, 0x0020, 0x3186, 0xa513, 0xffde, 0xffdf, 
  0xffdf, 0xffdf, 0xffdf, 0xffdf, 0xffdf, 0xffdf, 0xffdf, 0xffdf, 0xffdf, 0xffdf, 0xffdf, 0xffdf, 
  0xffdf, 0xffdf, 0xffdf, 0xffdf, 0xffdf, 0xffdf, 0xffdf, 0xffdf, 0xffdf, 0xffdf, 0xffdf, 0xffdf, 
  0xffdf, 0xffdf, 0xffdf, 0xffdf, 0xffdf, 0xffdf, 0xffdf, 0xffdf, 0xffdf, 0xffdf, 0xffdf, 0xffdf, 
  0xffdf, 0xffdf, 0xffdf, 0xffdf, 0xffdf, 0xffdf, 0xffdf, 0xffdf, 0xffdf, 0xffdf, 0xffdf, 0xffdf, 
  0xffdf, 0xffdf, 0xffdf, 0xffdf, 0xffdf, 0xffdf, 0xffdf, 0xffdf, 0xffdf, 0xffdf, 0xffdf, 0xffdf, 
  0xffdf, 0xffdf, 0xffdf, 0xffdf, 0xffdf, 0xffdf, 0xffdf, 0xffdf, 0xffdf, 0xffdf, 0xffdf, 0xffdf, 
  0xffdf, 0xffdf, 0xffdf, 0xffdf, 0xffdf, 0xffdf, 0xffdf, 0xffdf, 0xffdf, 0xffdf, 0xffdf, 0xffdf, 
  0xffdf, 0xffdf, 0xffdf, 0xffdf, 0xffdf, 0xffdf, 0xffdf, 0xce79, 0x2104, 0x0000, 0x0000, 0x0000, 
  0x0000, 0x0000, 0x0000, 0x0000, 0x0000, 0x0000, 0x0000, 0x0000, 0x0000, 0x0000, 0x0000, 0x0000, 
  0x0000, 0x0000, 0x0000, 0x0000, 0x0000, 0x0000, 0x0000, 0x0000, 0x0000, 0x0000, 0x0000, 0x0000, 
  0x0000, 0x0801, 0x3046, 0x4829, 0x4829, 0x5009, 0x5009, 0x500a, 0x580a, 0x5829, 0x580a, 0x4849, 
  0x2023, 0x0000, 0x0000, 0x0000, 0x0000, 0x0000, 0x0000, 0x0000, 0x0000, 0x0000, 0x0000, 0x0000, 
  0x0000, 0x0000, 0x0000, 0x0000, 0x0000, 0x0000, 0x0000, 0x0000, 0x1001, 0x6069, 0x9870, 0xa071, 
  0xa070, 0xa070, 0x9890, 0xa090, 0xa090, 0x9890, 0x9890, 0x98b0, 0x0800, 0x4888, 0x98d1, 0xa072, 
  0xa071, 0x9871, 0x9891, 0x9891, 0x9871, 0x80cf, 0x2003, 0x588a, 0x9090, 0x9071, 0x9070, 0x9070, 
  0x9070, 0x9070, 0x9090, 0x9090, 0x8890, 0x8890, 0x888f, 0x8890, 0x8890, 0x8890, 0x888f, 0x888f, 
  0x888f, 0x808f, 0x8090, 0x8090, 0x8090, 0x8090, 0x808f, 0x808f, 0x8070, 0x806f, 0x808f, 0x806f, 
  0x806f, 0x8070, 0x8070, 0x8070, 0x806f, 0x806f, 0x806f, 0x806f, 0x806f, 0x886f, 0x886f, 0x8850, 
  0x8850, 0x8870, 0x808f, 0x4047, 0x0801, 0x0000, 0x0000, 0x0000, 0x0000, 0x0000, 0x0000, 0x0000, 
  0x0000, 0x0000, 0x1823, 0x596b, 0x38c6, 0x0800, 0x0000, 0x0000, 0x0000, 0x0000, 0x0000, 0x0000, 
  0x0000, 0x0000, 0x0000, 0x0000, 0x0000, 0x0000, 0x0000, 0xc638, 0xffdf, 0xffdf, 0xffdf, 0xffdf, 
  0xffdf, 0xffdf, 0xffdf, 0xffdf, 0xffdf, 0xffff, 0xffdf, 0xffff, 0xffdf, 0xffdf, 0xffdf, 0xffff, 
  0xffdf, 0xdedb, 0x0000, 0x0000, 0x0000, 0x0000, 0x0000, 0x0000, 0x0000, 0x0000, 0x0000, 0x0000, 
  0x0000, 0x0000, 0x0000, 0x0000, 0x0000, 0x0000, 0x0000, 0x0000, 0x0000, 0x0000, 0x0000, 0x0000, 
  0x0000, 0x0000, 0x0000, 0x0000, 0x0000, 0x0000, 0x0000, 0x0000, 0x0000, 0x0000, 0x0000, 0x0000, 
  0x0000, 0x0000, 0x0000, 0x0000, 0x0000, 0x0000, 0x0000, 0x0000, 0x0000, 0x0000, 0x0000, 0x0000, 
  0x0000, 0x0000, 0x1082, 0x8c70, 0xf7be, 0xffde, 0xffdf, 0xffdf, 0xffdf, 0xffdf, 0xffdf, 0xffdf, 
  0xffdf, 0xffdf, 0xffdf, 0xffdf, 0xffdf, 0xffdf, 0xffdf, 0xffdf, 0xffdf, 0xffdf, 0xffdf, 0xffdf, 
  0xffdf, 0xffdf, 0xffdf, 0xffdf, 0xffdf, 0xffdf, 0xffdf, 0xffdf, 0xffdf, 0xffdf, 0xffdf, 0xffdf, 
  0xffdf, 0xffdf, 0xffdf, 0xffdf, 0xffdf, 0xffdf, 0xffdf, 0xffdf, 0xffdf, 0xffdf, 0xffdf, 0xffdf, 
  0xffdf, 0xffdf, 0xffdf, 0xffdf, 0xffdf, 0xffdf, 0xffdf, 0xffdf, 0xffdf, 0xffdf, 0xffdf, 0xffdf, 
  0xffdf, 0xffdf, 0xffdf, 0xffdf, 0xffdf, 0xffdf, 0xffdf, 0xffdf, 0xffdf, 0xffdf, 0xffdf, 0xffdf, 
  0xffdf, 0xffdf, 0xffdf, 0xffdf, 0xffdf, 0xffdf, 0xffdf, 0xffdf, 0xffdf, 0xffdf, 0xffdf, 0xffdf, 
  0xffdf, 0xffdf, 0xffdf, 0xffdf, 0xffdf, 0xffdf, 0xffdf, 0xffdf, 0xffdf, 0xffdf, 0xffdf, 0xffdf, 
  0xffdf, 0xf7de, 0xad75, 0x1082, 0x0000, 0x0000, 0x0000, 0x0000, 0x0000, 0x0000, 0x0000, 0x0000, 
  0x0000, 0x0000, 0x0000, 0x0000, 0x0000, 0x0000, 0x0000, 0x0000, 0x0000, 0x0000, 0x0000, 0x0000, 
  0x0000, 0x0000, 0x0000, 0x0000, 0x0000, 0x0000, 0x0000, 0x0000, 0x1823, 0x40a8, 0x3847, 0x3026, 
  0x4828, 0x5029, 0x5809, 0x582a, 0x582a, 0x584a, 0x3847, 0x1002, 0x0000, 0x0000, 0x0000, 0x0000, 
  0x0000, 0x0000, 0x0000, 0x0000, 0x0000, 0x0000, 0x0000, 0x0000, 0x0000, 0x0000, 0x0000, 0x0000, 
  0x0000, 0x0000, 0x0800, 0x2023, 0x708c, 0xa071, 0x9870, 0xa071, 0xa090, 0xa090, 0x9891, 0x9890, 
  0x98b0, 0x98b0, 0x98b0, 0x98b0, 0x48a8, 0x98d1, 0xa092, 0xa092, 0x9891, 0x9891, 0x9871, 0x9871, 
  0x9090, 0x4047, 0x588a, 0x9091, 0x9071, 0x9071, 0x9070, 0x9070, 0x9090, 0x9090, 0x9090, 0x9090, 
  0x8890, 0x8890, 0x8890, 0x8890, 0x8890, 0x8890, 0x888f, 0x888f, 0x8890, 0x8890, 0x8090, 0x8090, 
  0x8090, 0x8070, 0x8090, 0x806f, 0x808f, 0x808f, 0x808f, 0x806f, 0x806f, 0x806f, 0x806f, 0x806f, 
  0x806f, 0x806f, 0x806f, 0x806f, 0x806f, 0x8850, 0x8850, 0x886f, 0x8870, 0x70ad, 0x2823, 0x0800, 
  0x0000, 0x0000, 0x0000, 0x0000, 0x0000, 0x0000, 0x0000, 0x0000, 0x0800, 0x30a6, 0x71ed, 0x2043, 
  0x0000, 0x0000, 0x0000, 0x0000, 0x0000, 0x0000, 0x0000, 0x0000, 0x0000, 0x0000, 0x0000, 0x0000, 
  0x0000, 0x0000, 0x0000, 0xb596, 0xffdf, 0xffdf, 0xffdf, 0xffdf, 0xffdf, 0xffdf, 0xffdf, 0xffdf, 
  0xffdf, 0xffdf, 0xffdf, 0xffdf, 0xffdf, 0xffdf, 0xffdf, 0xffdf, 0xffdf, 0xbdd7, 0x0000, 0x0000, 
  0x0000, 0x0000, 0x0000, 0x0000, 0x0000, 0x0000, 0x0000, 0x0000, 0x0000, 0x0000, 0x0000, 0x0000, 
  0x0000, 0x0000, 0x0000, 0x0000, 0x0000, 0x0000, 0x0000, 0x0000, 0x0000, 0x0000, 0x0000, 0x0000, 
  0x0000, 0x0000, 0x0000, 0x0000, 0x0000, 0x0000, 0x0000, 0x0000, 0x0000, 0x0000, 0x0000, 0x0000, 
  0x0000, 0x0000, 0x0000, 0x0000, 0x0000, 0x0000, 0x0000, 0x0000, 0x0861, 0x630c, 0xef7d, 0xf7be, 
  0xffdf, 0xffdf, 0xffdf, 0xffdf, 0xffdf, 0xffdf, 0xffdf, 0xffdf, 0xffdf, 0xffdf, 0xffdf, 0xffdf, 
  0xffdf, 0xffdf, 0xffdf, 0xffdf, 0xffdf, 0xffdf, 0xffdf, 0xffdf, 0xffdf, 0xffdf, 0xffdf, 0xffdf, 
  0xffdf, 0xffdf, 0xffdf, 0xffdf, 0xffdf, 0xffdf, 0xffdf, 0xffdf, 0xffdf, 0xffdf, 0xffdf, 0xffdf, 
  0xffdf, 0xffdf, 0xffdf, 0xffdf, 0xffdf, 0xffdf, 0xffdf, 0xffdf, 0xffdf, 0xffdf, 0xffdf, 0xffdf, 
  0xffdf, 0xffdf, 0xffdf, 0xffdf, 0xffdf, 0xffdf, 0xffdf, 0xffdf, 0xffdf, 0xffdf, 0xffdf, 0xffdf, 
  0xffdf, 0xffdf, 0xffdf, 0xffdf, 0xffdf, 0xffdf, 0xffdf, 0xffdf, 0xffdf, 0xffdf, 0xffdf, 0xffdf, 
  0xffdf, 0xffdf, 0xffdf, 0xffdf, 0xffdf, 0xffdf, 0xffdf, 0xffdf, 0xffdf, 0xffdf, 0xffdf, 0xffdf, 
  0xffdf, 0xffdf, 0xffdf, 0xffff, 0xffdf, 0xffdf, 0xffdf, 0xffdf, 0xf7be, 0x9492, 0x0000, 0x0020, 
  0x0000, 0x0000, 0x0000, 0x0000, 0x0000, 0x0000, 0x0000, 0x0000, 0x0000, 0x0000, 0x0000, 0x0000, 
  0x0000, 0x0000, 0x0000, 0x0000, 0x0000, 0x0000, 0x0000, 0x0000, 0x0000, 0x0000, 0x0000, 0x0000, 
  0x0000, 0x0000, 0x0800, 0x2885, 0x40c7, 0x1823, 0x0801, 0x2023, 0x5049, 0x582a, 0x582a, 0x582a, 
  0x504a, 0x2824, 0x0000, 0x0000, 0x0000, 0x0000, 0x0000, 0x0000, 0x0000, 0x0000, 0x0000, 0x0000, 
  0x0000, 0x0000, 0x0000, 0x0000, 0x0000, 0x0000, 0x0000, 0x0000, 0x0000, 0x0800, 0x3846, 0x88af, 
  0x9871, 0x9870, 0x9870, 0x9890, 0x9890, 0x9890, 0x9890, 0x98b0, 0x98b0, 0x98b0, 0x98b0, 0xa0b0, 
  0x98d1, 0xa092, 0xa091, 0x9891, 0x9891, 0x9891, 0x9890, 0x9870, 0x70ac, 0x68aa, 0x9091, 0x9091, 
  0x9071, 0x9070, 0x9070, 0x9070, 0x9090, 0x9090, 0x9090, 0x8890, 0x8890, 0x8890, 0x8890, 0x8890, 
  0x888f, 0x888f, 0x888f, 0x888f, 0x8890, 0x8090, 0x8090, 0x8090, 0x8090, 0x8090, 0x8070, 0x8070, 
  0x808f, 0x808f, 0x808f, 0x808f, 0x808f, 0x808f, 0x806f, 0x806f, 0x806f, 0x806f, 0x806f, 0x8870, 
  0x884f, 0x884f, 0x8850, 0x8870, 0x608a, 0x1802, 0x0000, 0x0000, 0x0000, 0x0000, 0x0000, 0x0000, 
  0x0000, 0x0020, 0x0800, 0x1001, 0x61ab, 0x596a, 0x1002, 0x0000, 0x0000, 0x0000, 0x0000, 0x0000, 
  0x0000, 0x0000, 0x0000, 0x0000, 0x0000, 0x0000, 0x0000, 0x0000, 0x0000, 0x0000, 0x0000, 0x9491, 
  0xffdf, 0xffdf, 0xffdf, 0xffdf, 0xffdf, 0xffdf, 0xffdf, 0xffdf, 0xffdf, 0xffdf, 0xffdf, 0xffdf, 
  0xffdf, 0xffdf, 0xffdf, 0xffdf, 0xffdf, 0xb5b6, 0x0000, 0x0000, 0x0000, 0x0000, 0x0000, 0x0000, 
  0x0000, 0x0000, 0x0000, 0x0000, 0x0000, 0x0000, 0x0000, 0x0000, 0x0000, 0x0000, 0x0000, 0x0000, 
  0x0000, 0x0000, 0x0000, 0x0000, 0x0000, 0x0000, 0x0000, 0x0000, 0x0000, 0x0000, 0x0000, 0x0000, 
  0x0000, 0x0000, 0x0000, 0x0000, 0x0000, 0x0000, 0x0000, 0x0000, 0x0000, 0x0000, 0x0000, 0x0000, 
  0x0000, 0x0000, 0x0000, 0x4a69, 0xc638, 0xffdf, 0xffdf, 0xffdf, 0xffdf, 0xffdf, 0xffdf, 0xffdf, 
  0xffdf, 0xffdf, 0xffdf, 0xffdf, 0xffdf, 0xffdf, 0xffdf, 0xffdf, 0xffdf, 0xffdf, 0xffdf, 0xffdf, 
  0xffdf, 0xffdf, 0xffdf, 0xffdf, 0xffdf, 0xffdf, 0xffdf, 0xffdf, 0xffdf, 0xffdf, 0xffdf, 0xffdf, 
  0xffdf, 0xffdf, 0xffdf, 0xffdf, 0xffdf, 0xffdf, 0xffdf, 0xffdf, 0xffdf, 0xffdf, 0xffdf, 0xffdf, 
  0xffdf, 0xffdf, 0xffdf, 0xffdf, 0xffdf, 0xffdf, 0xffdf, 0xffdf, 0xffdf, 0xffdf, 0xffdf, 0xffdf, 
  0xffdf, 0xffdf, 0xffdf, 0xffdf, 0xffdf, 0xffdf, 0xffdf, 0xffdf, 0xffdf, 0xffdf, 0xffdf, 0xffdf, 
  0xffdf, 0xffdf, 0xffdf, 0xffdf, 0xffdf, 0xffdf, 0xffdf, 0xffdf, 0xffdf, 0xffdf, 0xffdf, 0xffdf, 
  0xffdf, 0xffdf, 0xffdf, 0xffdf, 0xffff, 0xffdf, 0xffdf, 0xffdf, 0xffdf, 0xffdf, 0xffdf, 0xffdf, 
  0xffdf, 0xffdf, 0xffdf, 0xf7be, 0x634d, 0x0020, 0x0000, 0x0000, 0x0000, 0x0000, 0x0000, 0x0000, 
  0x0000, 0x0000, 0x0000, 0x0000, 0x0000, 0x0000, 0x0000, 0x0000, 0x0000, 0x0000, 0x0000, 0x0000, 
  0x0000, 0x0000, 0x0000, 0x0000, 0x0000, 0x0000, 0x0000, 0x0000, 0x0000, 0x0821, 0x28c4, 0x1863, 
  0x0820, 0x0820, 0x2024, 0x586a, 0x582a, 0x582a, 0x584b, 0x4888, 0x1822, 0x0000, 0x0000, 0x0000, 
  0x0000, 0x0000, 0x0000, 0x0000, 0x0000, 0x0000, 0x0000, 0x0000, 0x0000, 0x0000, 0x0000, 0x0000, 
  0x0000, 0x0000, 0x0000, 0x0000, 0x1001, 0x588a, 0x9890, 0xa070, 0xa070, 0xa090, 0x9890, 0x9890, 
  0x9890, 0x98b0, 0x9890, 0x9890, 0x98b0, 0xa0b0, 0xa0b0, 0xa0b0, 0xa092, 0x9892, 0x9891, 0x9891, 
  0x9891, 0x9891, 0x9090, 0x9090, 0x88af, 0x9091, 0x9071, 0x9091, 0x9071, 0x9091, 0x9070, 0x9090, 
  0x9090, 0x8890, 0x9090, 0x8890, 0x8890, 0x8890, 0x8890, 0x8890, 0x8890, 0x888f, 0x888f, 0x888f, 
  0x8890, 0x8890, 0x8890, 0x8090, 0x8090, 0x8090, 0x8090, 0x8090, 0x8070, 0x8090, 0x8090, 0x8090, 
  0x8090, 0x808f, 0x8090, 0x8870, 0x8870, 0x886f, 0x8850, 0x8850, 0x8850, 0x8870, 0x808f, 0x3847, 
  0x0800, 0x0800, 0x0000, 0x0000, 0x0000, 0x0000, 0x0000, 0x0000, 0x0000, 0x0000, 0x2864, 0x79ed, 
  0x38a6, 0x0800, 0x0000, 0x0000, 0x0000, 0x0000, 0x0000, 0x0000, 0x0000, 0x0000, 0x0000, 0x0000, 
  0x0000, 0x0000, 0x0000, 0x0000, 0x0000, 0x0000, 0x0000, 0x632c, 0xffdf, 0xffdf, 0xffdf, 0xffdf, 
  0xffdf, 0xffdf, 0xffdf, 0xffdf, 0xffdf, 0xffdf, 0xffdf, 0xffdf, 0xffdf, 0xffdf, 0xffdf, 0xffdf, 
  0xffff, 0xdedb, 0x0000, 0x0000, 0x0000, 0x0000, 0x0000, 0x0000, 0x0000, 0x0000, 0x0000, 0x0000, 
  0x0000, 0x0000, 0x0000, 0x0000, 0x0000, 0x0000, 0x0000, 0x0000, 0x0000, 0x0000, 0x0000, 0x0000, 
  0x0000, 0x0000, 0x0000, 0x0000, 0x0000, 0x0000, 0x0000, 0x0000, 0x0000, 0x0000, 0x0000, 0x0000, 
  0x0000, 0x0000, 0x0000, 0x0000, 0x0000, 0x0000, 0x0000, 0x0000, 0x0000, 0x3185, 0xbdd7, 0xffdf, 
  0xffdf, 0xffdf, 0xffdf, 0xffdf, 0xffdf, 0xffdf, 0xffdf, 0xffdf, 0xffdf, 0xffdf, 0xffdf, 0xffdf, 
  0xffdf, 0xffdf, 0xffdf, 0xffdf, 0xffdf, 0xffdf, 0xffdf, 0xffdf, 0xffdf, 0xffdf, 0xffdf, 0xffdf, 
  0xffdf, 0xffdf, 0xffdf, 0xffdf, 0xffdf, 0xffdf, 0xffdf, 0xffdf, 0xffdf, 0xffdf, 0xffdf, 0xffdf, 
  0xffdf, 0xffdf, 0xffdf, 0xffdf, 0xffdf, 0xffdf, 0xffdf, 0xffdf, 0xffdf, 0xffdf, 0xffdf, 0xffdf, 
  0xffdf, 0xffdf, 0xffdf, 0xffdf, 0xffdf, 0xffdf, 0xffdf, 0xffdf, 0xffdf, 0xffdf, 0xffdf, 0xffdf, 
  0xffdf, 0xffdf, 0xffdf, 0xffdf, 0xffdf, 0xffdf, 0xffdf, 0xffdf, 0xffdf, 0xffdf, 0xffdf, 0xffdf, 
  0xffdf, 0xffdf, 0xffdf, 0xffdf, 0xffdf, 0xffdf, 0xffdf, 0xffdf, 0xffdf, 0xffdf, 0xffdf, 0xffdf, 
  0xffdf, 0xffdf, 0xffdf, 0xffdf, 0xffdf, 0xffff, 0xffdf, 0xffdf, 0xffdf, 0xffdf, 0xe71c, 0x39c7, 
  0x0020, 0x0000, 0x0000, 0x0000, 0x0000, 0x0000, 0x0000, 0x0000, 0x0000, 0x0000, 0x0000, 0x0000, 
  0x0000, 0x0000, 0x0000, 0x0000, 0x0000, 0x0000, 0x0000, 0x0000, 0x0000, 0x0000, 0x0000, 0x0000, 
  0x0000, 0x0000, 0x0000, 0x0000, 0x0020, 0x0841, 0x0020, 0x0020, 0x0821, 0x3045, 0x606a, 0x604b, 
  0x604b, 0x606b, 0x3846, 0x0801, 0x0000, 0x0000, 0x0000, 0x0000, 0x0000, 0x0000, 0x0000, 0x0000, 
  0x0000, 0x0000, 0x0000, 0x0000, 0x0000, 0x0000, 0x0000, 0x0000, 0x0000, 0x0000, 0x0000, 0x2003, 
  0x78ac, 0xa071, 0xa071, 0xa070, 0xa090, 0xa090, 0x9890, 0x9891, 0x9890, 0x9890, 0x9890, 0x9890, 
  0xa090, 0xa090, 0xa090, 0xa0b0, 0xa091, 0x9891, 0x9891, 0x98b1, 0x9891, 0x9090, 0x9090, 0x9890, 
  0x9091, 0x9091, 0x9091, 0x9091, 0x9091, 0x9090, 0x9090, 0x9090, 0x9090, 0x9090, 0x9090, 0x9090, 
  0x8890, 0x8890, 0x8890, 0x8890, 0x8890, 0x8890, 0x888f, 0x888f, 0x8890, 0x8890, 0x8890, 0x8890, 
  0x8890, 0x8090, 0x8090, 0x8090, 0x8090, 0x8090, 0x8090, 0x8090, 0x8090, 0x808f, 0x8890, 0x8870, 
  0x886f, 0x8870, 0x8850, 0x8870, 0x8870, 0x78ae, 0x2824, 0x0800, 0x0000, 0x0000, 0x0000, 0x0000, 
  0x0000, 0x0000, 0x0020, 0x0000, 0x1001, 0x50e8, 0x79ce, 0x2023, 0x0000, 0x0000, 0x0000, 0x0000, 
  0x0000, 0x0000, 0x0000, 0x0000, 0x0000, 0x0000, 0x0000, 0x0000, 0x0000, 0x0000, 0x0000, 0x0000, 
  0x0000, 0x0000, 0x0000, 0x39c7, 0xffdf, 0xffdf, 0xffdf, 0xffdf, 0xffdf, 0xffdf, 0xffdf, 0xffdf, 
  0xffdf, 0xffdf, 0xffdf, 0xffdf, 0xffdf, 0xffdf, 0xffdf, 0xffdf, 0xffdf, 0xf7be, 0x0820, 0x0000, 
  0x0000, 0x0000, 0x0000, 0x0000, 0x0000, 0x0000, 0x0000, 0x0000, 0x0000, 0x0000, 0x0000, 0x0000, 
  0x0000, 0x0000, 0x0000, 0x0000, 0x0000, 0x0000, 0x0000, 0x0000, 0x0000, 0x0000, 0x0000, 0x0000, 
  0x0000, 0x0000, 0x0000, 0x0000, 0x0000, 0x0000, 0x0000, 0x0000, 0x0000, 0x0000, 0x0000, 0x0000, 
  0x0000, 0x0000, 0x0000, 0x1082, 0x7bae, 0xf7be, 0xffdf, 0xffdf, 0xffdf, 0xffdf, 0xffdf, 0xffdf, 
  0xffdf, 0xffdf, 0xffdf, 0xffdf, 0xffdf, 0xffdf, 0xffdf, 0xffdf, 0xffdf, 0xffdf, 0xffdf, 0xffdf, 
  0xffdf, 0xffdf, 0xffdf, 0xffdf, 0xffdf, 0xffdf, 0xffdf, 0xffdf, 0xffdf, 0xffdf, 0xffdf, 0xffdf, 
  0xffdf, 0xffdf, 0xffdf, 0xffdf, 0xffdf, 0xffdf, 0xffdf, 0xffdf, 0xffdf, 0xffdf, 0xffdf, 0xffdf, 
  0xffdf, 0xffdf, 0xffdf, 0xffdf, 0xffdf, 0xffdf, 0xffdf, 0xffdf, 0xffdf, 0xffdf, 0xffdf, 0xffdf, 
  0xffdf, 0xffdf, 0xffdf, 0xffdf, 0xffdf, 0xffdf, 0xffdf, 0xffdf, 0xffdf, 0xffdf, 0xffdf, 0xffdf, 
  0xffdf, 0xffdf, 0xffdf, 0xffdf, 0xffdf, 0xffdf, 0xffdf, 0xffdf, 0xffdf, 0xffdf, 0xffdf, 0xffdf, 
  0xffdf, 0xffdf, 0xffdf, 0xffdf, 0xffdf, 0xffdf, 0xffdf, 0xffff, 0xffff, 0xffdf, 0xffdf, 0xffdf, 
  0xffdf, 0xffff, 0xffdf, 0xffdf, 0xffdf, 0xd6bb, 0x2945, 0x0020, 0x0000, 0x0000, 0x0000, 0x0000, 
  0x0000, 0x0000, 0x0000, 0x0000, 0x0000, 0x0000, 0x0000, 0x0000, 0x0000, 0x0000, 0x0000, 0x0000, 
  0x0000, 0x0000, 0x0000, 0x0000, 0x0000, 0x0000, 0x0000, 0x0000, 0x0000, 0x0000, 0x0000, 0x0000, 
  0x0000, 0x0000, 0x0020, 0x0820, 0x3025, 0x584a, 0x604b, 0x606c, 0x586a, 0x2824, 0x0800, 0x0020, 
  0x0000, 0x0000, 0x0000, 0x0000, 0x0000, 0x0000, 0x0000, 0x0000, 0x0000, 0x0000, 0x0000, 0x0000, 
  0x0000, 0x0000, 0x0000, 0x0000, 0x0000, 0x0800, 0x3024, 0x80ae, 0xa071, 0xa070, 0xa090, 0x9890, 
  0xa090, 0x9890, 0x9890, 0x9890, 0x9890, 0x9890, 0x9890, 0xa090, 0xa0b0, 0xa090, 0xa090, 0xa890, 
  0x9891, 0x98b1, 0x98b1, 0x98b1, 0x90b1, 0x9090, 0x9090, 0x9090, 0x9091, 0x9091, 0x9091, 0x9091, 
  0x9091, 0x9090, 0x9091, 0x9090, 0x9090, 0x9090, 0x9090, 0x9090, 0x9090, 0x9090, 0x9090, 0x9090, 
  0x9090, 0x8890, 0x8890, 0x8890, 0x8890, 0x8890, 0x8890, 0x8890, 0x8890, 0x8890, 0x8890, 0x8890, 
  0x8890, 0x8870, 0x8890, 0x8890, 0x8890, 0x8890, 0x8870, 0x8890, 0x8870, 0x8870, 0x8850, 0x8890, 
  0x588a, 0x1802, 0x0020, 0x0000, 0x0000, 0x0000, 0x0000, 0x0000, 0x0000, 0x0020, 0x0820, 0x1822, 
  0x798d, 0x612b, 0x1001, 0x0000, 0x0000, 0x0000, 0x0000, 0x0000, 0x0000, 0x0000, 0x0000, 0x0000, 
  0x0000, 0x0000, 0x0000, 0x0000, 0x0000, 0x0000, 0x0000, 0x0000, 0x0000, 0x0000, 0x0000, 0x1082, 
  0xffdf, 0xffdf, 0xffdf, 0xffdf, 0xffdf, 0xffdf, 0xffdf, 0xffdf, 0xffdf, 0xffdf, 0xffdf, 0xffdf, 
  0xffdf, 0xffdf, 0xffdf, 0xffff, 0xffdf, 0xffdf, 0x39e7, 0x0000, 0x0000, 0x0000, 0x0000, 0x0000, 
  0x0000, 0x0000, 0x0000, 0x0000, 0x0000, 0x0000, 0x0000, 0x0000, 0x0000, 0x0000, 0x0000, 0x0000, 
  0x0000, 0x0000, 0x0000, 0x0000, 0x0000, 0x0000, 0x0000, 0x0000, 0x0000, 0x0000, 0x0000, 0x0000, 
  0x0000, 0x0000, 0x0000, 0x0000, 0x0000, 0x0000, 0x0000, 0x0000, 0x0000, 0x0000, 0x4a48, 0xdefb, 
  0xffdf, 0xffdf, 0xffdf, 0xffdf, 0xffdf, 0xffdf, 0xffdf, 0xffdf, 0xffdf, 0xffdf, 0xffdf, 0xffdf, 
  0xffdf, 0xffdf, 0xffdf, 0xffdf, 0xffdf, 0xffdf, 0xffdf, 0xffdf, 0xffdf, 0xffdf, 0xffdf, 0xffdf, 
  0xffdf, 0xffdf, 0xffdf, 0xffdf, 0xffdf, 0xffdf, 0xffdf, 0xffdf, 0xffdf, 0xffdf, 0xffdf, 0xffdf, 
  0xffdf, 0xffdf, 0xffdf, 0xffdf, 0xffdf, 0xffdf, 0xffdf, 0xffdf, 0xffdf, 0xffdf, 0xffdf, 0xffdf, 
  0xffdf, 0xffdf, 0xffdf, 0xffdf, 0xffdf, 0xffdf, 0xffdf, 0xffdf, 0xffdf, 0xffdf, 0xffdf, 0xffdf, 
  0xffdf, 0xffdf, 0xffdf, 0xffdf, 0xffdf, 0xffdf, 0xffdf, 0xffdf, 0xffdf, 0xffdf, 0xffdf, 0xffdf, 
  0xffdf, 0xffdf, 0xffdf, 0xffdf, 0xffdf, 0xffdf, 0xffdf, 0xffdf, 0xffdf, 0xffdf, 0xffdf, 0xffdf, 
  0xffdf, 0xffdf, 0xffff, 0xffff, 0xffff, 0xffff, 0xffff, 0xffdf, 0xffdf, 0xffdf, 0xffdf, 0xffdf, 
  0xa535, 0x10a2, 0x0000, 0x0000, 0x0000, 0x0000, 0x0000, 0x0000, 0x0000, 0x0000, 0x0000, 0x0000, 
  0x0000, 0x0000, 0x0000, 0x0000, 0x0000, 0x0000, 0x0000, 0x0000, 0x0000, 0x0000, 0x0000, 0x0000, 
  0x0000, 0x0000, 0x0000, 0x0000, 0x0000, 0x0000, 0x0000, 0x0000, 0x0000, 0x0800, 0x1001, 0x4047, 
  0x584a, 0x604b, 0x606b, 0x4068, 0x1001, 0x0800, 0x0000, 0x0000, 0x0000, 0x0000, 0x0000, 0x0000, 
  0x0000, 0x0000, 0x0000, 0x0000, 0x0000, 0x0000, 0x0000, 0x0000, 0x0000, 0x0000, 0x0000, 0x0000, 
  0x0801, 0x4868, 0x90af, 0xa070, 0xa070, 0xa070, 0xa070, 0xa090, 0xa090, 0xa090, 0x9890, 0x9890, 
  0x9890, 0x9890, 0xa090, 0xa090, 0xa090, 0xa090, 0xa090, 0xa890, 0x9891, 0x98b1, 0x98b0, 0x9890, 
  0x90b1, 0x90b0, 0x9090, 0x9090, 0x9091, 0x90b1, 0x9091, 0x9091, 0x9091, 0x9090, 0x9091, 0x9090, 
  0x9090, 0x9090, 0x9090, 0x9090, 0x9090, 0x9090, 0x9090, 0x9090, 0x9090, 0x9090, 0x8890, 0x8890, 
  0x8890, 0x8890, 0x8890, 0x8890, 0x8890, 0x8890, 0x8890, 0x8890, 0x8890, 0x8890, 0x8890, 0x8890, 
  0x8890, 0x8890, 0x8890, 0x9070, 0x8890, 0x8870, 0x88af, 0x4047, 0x0801, 0x0000, 0x0000, 0x0000, 
  0x0000, 0x0000, 0x0000, 0x0000, 0x0820, 0x0820, 0x3084, 0x8a10, 0x40a7, 0x0800, 0x0000, 0x0000, 
  0x0000, 0x0000, 0x0000, 0x0000, 0x0000, 0x0000, 0x0000, 0x0000, 0x0000, 0x0000, 0x0000, 0x0000, 
  0x0000, 0x0000, 0x0000, 0x0000, 0x0000, 0x0000, 0x0000, 0x0000, 0xce99, 0xffdf, 0xffdf, 0xffdf, 
  0xffdf, 0xffdf, 0xffdf, 0xffdf, 0xffdf, 0xffdf, 0xffdf, 0xffdf, 0xffdf, 0xffdf, 0xffdf, 0xffdf, 
  0xffff, 0xffdf, 0x6b6d, 0x0000, 0x0000, 0x0000, 0x0000, 0x0000, 0x0000, 0x0000, 0x0000, 0x0000, 
  0x0000, 0x0000, 0x0000, 0x0000, 0x0000, 0x0000, 0x0000, 0x0000, 0x0000, 0x0000, 0x0000, 0x0000, 
  0x0000, 0x0000, 0x0000, 0x0000, 0x0000, 0x0000, 0x0000, 0x0000, 0x0000, 0x0000, 0x0000, 0x0000, 
  0x0000, 0x0000, 0x0000, 0x0000, 0x10a2, 0x9cf3, 0xffde, 0xffdf, 0xffdf, 0xffdf, 0xffdf, 0xffdf, 
  0xffdf, 0xffdf, 0xffdf, 0xffdf, 0xffdf, 0xffdf, 0xffdf, 0xffdf, 0xffdf, 0xffdf, 0xffdf, 0xffdf, 
  0xffdf, 0xffdf, 0xffdf, 0xffdf, 0xffdf, 0xffdf, 0xffdf, 0xffdf, 0xffdf, 0xffdf, 0xffdf, 0xffdf, 
  0xffdf, 0xffdf, 0xffdf, 0xffdf, 0xffdf, 0xffdf, 0xffdf, 0xffdf, 0xffdf, 0xffdf, 0xffdf, 0xffdf, 
  0xffdf, 0xffdf, 0xffdf, 0xffdf, 0xffdf, 0xffdf, 0xffdf, 0xffdf, 0xffdf, 0xffdf, 0xffdf, 0xffdf, 
  0xffdf, 0xffdf, 0xffff, 0xffdf, 0xffdf, 0xffdf, 0xffdf, 0xffdf, 0xffdf, 0xffdf, 0xffdf, 0xffdf, 
  0xffdf, 0xffff, 0xffff, 0xffff, 0xffdf, 0xffdf, 0xffdf, 0xffdf, 0xffdf, 0xffdf, 0xffdf, 0xffdf, 
  0xffdf, 0xffdf, 0xffdf, 0xffdf, 0xffdf, 0xffdf, 0xffdf, 0xffdf, 0xffdf, 0xffdf, 0xffdf, 0xffff, 
  0xffff, 0xffff, 0xffdf, 0xef5d, 0xc638, 0xa534, 0x8410, 0x5aab, 0x0021, 0x0000, 0x0000, 0x0000, 
  0x0000, 0x0000, 0x0000, 0x0000, 0x0000, 0x0000, 0x0000, 0x0000, 0x0000, 0x0000, 0x0000, 0x0000, 
  0x0000, 0x0000, 0x0000, 0x0000, 0x0000, 0x0000, 0x0000, 0x0000, 0x0000, 0x0000, 0x0000, 0x0000, 
  0x0000, 0x0000, 0x0000, 0x0000, 0x0800, 0x1002, 0x4848, 0x602b, 0x602c, 0x506a, 0x2824, 0x0800, 
  0x0000, 0x0000, 0x0000, 0x0000, 0x0000, 0x0000, 0x0000, 0x0000, 0x0000, 0x0000, 0x0000, 0x0000, 
  0x0000, 0x0000, 0x0000, 0x0000, 0x0000, 0x0000, 0x0000, 0x1002, 0x68ab, 0x9890, 0xa070, 0xa070, 
  0xa070, 0xa090, 0xa090, 0xa090, 0xa090, 0xa090, 0x9890, 0x9890, 0xa090, 0xa090, 0xa090, 0xa090, 
  0xa090, 0xa0b0, 0xa890, 0xa0f0, 0x98b1, 0x98b1, 0x98b0, 0x98b0, 0x90b1, 0x90b1, 0x90b1, 0x90b1, 
  0x9091, 0x90b1, 0x90b1, 0x90b1, 0x9091, 0x9091, 0x9090, 0x9090, 0x9090, 0x9090, 0x9090, 0x9090, 
  0x9090, 0x9090, 0x9090, 0x9090, 0x9090, 0x9090, 0x9090, 0x9090, 0x8890, 0x8890, 0x8890, 0x8890, 
  0x8890, 0x8890, 0x8890, 0x8890, 0x8870, 0x8890, 0x8890, 0x8890, 0x8890, 0x8870, 0x9070, 0x9090, 
  0x8870, 0x788e, 0x2824, 0x0800, 0x0000, 0x0000, 0x0000, 0x0000, 0x0000, 0x0020, 0x0020, 0x0820, 
  0x1001, 0x5109, 0x8a30, 0x2864, 0x0000, 0x0000, 0x0000, 0x0000, 0x0000, 0x0000, 0x0000, 0x0000, 
  0x0000, 0x0000, 0x0000, 0x0000, 0x0000, 0x0000, 0x0000, 0x0000, 0x0000, 0x0000, 0x0000, 0x0000, 
  0x0000, 0x0000, 0x0000, 0x0020, 0x8430, 0xffdf, 0xffdf, 0xffdf, 0xffdf, 0xffdf, 0xffdf, 0xffdf, 
  0xffdf, 0xffdf, 0xffdf, 0xffdf, 0xffdf, 0xffdf, 0xffdf, 0xffdf, 0xffdf, 0xffdf, 0xb5b6, 0x0000, 
  0x0000, 0x0000, 0x0000, 0x0000, 0x0000, 0x0000, 0x0000, 0x0000, 0x0000, 0x0000, 0x0000, 0x0000, 
  0x0000, 0x0000, 0x0000, 0x0000, 0x0000, 0x0000, 0x0000, 0x0000, 0x0000, 0x0000, 0x0000, 0x0000, 
  0x0000, 0x0000, 0x0000, 0x0000, 0x0000, 0x0000, 0x0000, 0x0000, 0x0000, 0x0000, 0x0000, 0x4a69, 
  0xdedb, 0xf7be, 0xffdf, 0xffdf, 0xffdf, 0xffdf, 0xffdf, 0xffdf, 0xffdf, 0xffdf, 0xffdf, 0xffdf, 
  0xffdf, 0xffdf, 0xffdf, 0xffdf, 0xffdf, 0xffdf, 0xffdf, 0xffdf, 0xffdf, 0xffdf, 0xffdf, 0xffdf, 
  0xffdf, 0xffdf, 0xffdf, 0xffdf, 0xffdf, 0xffdf, 0xffdf, 0xffdf, 0xffdf, 0xffdf, 0xffdf, 0xffdf, 
  0xffdf, 0xffdf, 0xffdf, 0xffdf, 0xffdf, 0xffdf, 0xffdf, 0xffdf, 0xffdf, 0xffdf, 0xffdf, 0xffdf, 
  0xffdf, 0xffdf, 0xffdf, 0xffdf, 0xffdf, 0xffdf, 0xffdf, 0xffdf, 0xffdf, 0xffdf, 0xffdf, 0xffdf, 
  0xffdf, 0xffdf, 0xffdf, 0xffdf, 0xffdf, 0xffdf, 0xffdf, 0xffdf, 0xffdf, 0xffdf, 0xffdf, 0xffff, 
  0xffdf, 0xffdf, 0xffdf, 0xffdf, 0xffdf, 0xffdf, 0xffdf, 0xffdf, 0xffdf, 0xffdf, 0xffdf, 0xf7df, 
  0xef7e, 0xe71c, 0xce79, 0xb596, 0x94b2, 0x73ae, 0x630b, 0x528a, 0x39e7, 0x2124, 0x0861, 0x0000, 
  0x0020, 0x0020, 0x0000, 0x0000, 0x0000, 0x0000, 0x0000, 0x0000, 0x0000, 0x0000, 0x0000, 0x0000, 
  0x0000, 0x0000, 0x0000, 0x0000, 0x0000, 0x0000, 0x0000, 0x0000, 0x0000, 0x0000, 0x0000, 0x0000, 
  0x0000, 0x0000, 0x0000, 0x0000, 0x0000, 0x0000, 0x0000, 0x0000, 0x0000, 0x0000, 0x0800, 0x0800, 
  0x2003, 0x504a, 0x602c, 0x604d, 0x4849, 0x1002, 0x0800, 0x0000, 0x0000, 0x0000, 0x0000, 0x0000, 
  0x0000, 0x0000, 0x0000, 0x0000, 0x0000, 0x0000, 0x0000, 0x0000, 0x0000, 0x0000, 0x0000, 0x0000, 
  0x0000, 0x0800, 0x2823, 0x80ad, 0xa070, 0xa070, 0xa070, 0xa070, 0xa070, 0xa090, 0xa090, 0xa090, 
  0xa090, 0x9890, 0x9890, 0xa090, 0xa090, 0xa090, 0xa090, 0xa090, 0xa090, 0xa890, 0x98af, 0x3865, 
  0x98b1, 0x98b1, 0x98b1, 0x98b1, 0x98b1, 0x98b1, 0x90b1, 0x90b1, 0x90b1, 0x9091, 0x98b1, 0x90b1, 
  0x98b1, 0x9891, 0x9090, 0x9090, 0x9090, 0x9890, 0x9090, 0x9070, 0x9070, 0x9070, 0x9070, 0x9070, 
  0x9090, 0x9090, 0x9090, 0x9090, 0x9090, 0x8890, 0x8890, 0x8890, 0x8890, 0x8890, 0x8890, 0x8890, 
  0x8890, 0x8890, 0x8890, 0x8890, 0x9070, 0x9070, 0x9090, 0x90b0, 0x688b, 0x1001, 0x0800, 0x0000, 
  0x0000, 0x0000, 0x0000, 0x0000, 0x0000, 0x0020, 0x0800, 0x1843, 0x79cd, 0x79cd, 0x1001, 0x0000, 
  0x0000, 0x0000, 0x0000, 0x0000, 0x0000, 0x0000, 0x0000, 0x0000, 0x0000, 0x0000, 0x0000, 0x0000, 
  0x0000, 0x0000, 0x0000, 0x0000, 0x0000, 0x0000, 0x0000, 0x0000, 0x0000, 0x0000, 0x0000, 0x0000, 
  0x528a, 0xffde, 0xffdf, 0xffdf, 0xffdf, 0xffdf, 0xffdf, 0xffdf, 0xffdf, 0xffdf, 0xffdf, 0xffdf, 
  0xffdf, 0xffdf, 0xffdf, 0xffff, 0xffdf, 0xffdf, 0xef7d, 0x0000, 0x0000, 0x0000, 0x0000, 0x0000, 
  0x0000, 0x0000, 0x0000, 0x0000, 0x0000, 0x0000, 0x0000, 0x0000, 0x0000, 0x0000, 0x0000, 0x0000, 
  0x0000, 0x0000, 0x0000, 0x0000, 0x0000, 0x0000, 0x0000, 0x0000, 0x0000, 0x0000, 0x0000, 0x0000, 
  0x0000, 0x0000, 0x0000, 0x0000, 0x0000, 0x2103, 0x9492, 0xf7be, 0xffde, 0xffdf, 0xffdf, 0xffdf, 
  0xffdf, 0xffdf, 0xffdf, 0xffdf, 0xffdf, 0xffdf, 0xffdf, 0xffdf, 0xffdf, 0xffdf, 0xffdf, 0xffdf, 
  0xffdf, 0xffdf, 0xffdf, 0xffdf, 0xffdf, 0xffdf, 0xffdf, 0xffdf, 0xffdf, 0xffdf, 0xffdf, 0xffdf, 
  0xffdf, 0xffdf, 0xffdf, 0xffdf, 0xffdf, 0xffdf, 0xffdf, 0xffff, 0xffdf, 0xffdf, 0xffdf, 0xffdf, 
  0xffdf, 0xffdf, 0xffdf, 0xffdf, 0xffdf, 0xffdf, 0xffdf, 0xffdf, 0xffdf, 0xffdf, 0xffdf, 0xffdf, 
  0xffdf, 0xffdf, 0xffdf, 0xffdf, 0xffdf, 0xffdf, 0xffdf, 0xffdf, 0xffdf, 0xffdf, 0xffdf, 0xffdf, 
  0xffdf, 0xffdf, 0xffdf, 0xffdf, 0xffdf, 0xffdf, 0xffdf, 0xffdf, 0xf79e, 0xe71c, 0xce7a, 0xbdd7, 
  0xa534, 0x94b2, 0x8430, 0x738e, 0x5aaa, 0x39e7, 0x2104, 0x0861, 0x0020, 0x0000, 0x0020, 0x0020, 
  0x0020, 0x0020, 0x0020, 0x0020, 0x0020, 0x0000, 0x0000, 0x0000, 0x0000, 0x0000, 0x0000, 0x0000, 
  0x0000, 0x0000, 0x0000, 0x0000, 0x0000, 0x0000, 0x0000, 0x0000, 0x0000, 0x0000, 0x0000, 0x0000, 
  0x0000, 0x0000, 0x0000, 0x0000, 0x0000, 0x0000, 0x0000, 0x0000, 0x0000, 0x0000, 0x0000, 0x0000, 
  0x0000, 0x0000, 0x0000, 0x0000, 0x0000, 0x0000, 0x0801, 0x3046, 0x606c, 0x604c, 0x588c, 0x3067, 
  0x0000, 0x0000, 0x0000, 0x0000, 0x0000, 0x0000, 0x0000, 0x0000, 0x0000, 0x0000, 0x0000, 0x0000, 
  0x0000, 0x0000, 0x0000, 0x0000, 0x0000, 0x0000, 0x0000, 0x0000, 0x0801, 0x4067, 0x90af, 0xa050, 
  0xa070, 0xa070, 0xa070, 0xa070, 0xa090, 0xa090, 0xa090, 0xa090, 0xa090, 0xa090, 0xa090, 0xa08f, 
  0xa08f, 0xa090, 0xa090, 0xa890, 0xa890, 0x90ee, 0x2844, 0x0800, 0x98b1, 0x98b1, 0x98b1, 0x98b1, 
  0x98b1, 0x98b1, 0x98b1, 0x90b1, 0x90b1, 0x98b1, 0x98b1, 0x98b1, 0x98b1, 0x9891, 0x9891, 0x9891, 
  0x9891, 0x9891, 0x9870, 0x9870, 0x9870, 0x9871, 0x9871, 0x9870, 0x9071, 0x9071, 0x9090, 0x9090, 
  0x9090, 0x9090, 0x9090, 0x9090, 0x9090, 0x8891, 0x8891, 0x9091, 0x9090, 0x9090, 0x9091, 0x9091, 
  0x9091, 0x9071, 0x88b0, 0x4868, 0x0801, 0x0000, 0x0000, 0x0000, 0x0000, 0x0000, 0x0000, 0x0000, 
  0x0020, 0x0801, 0x3064, 0xa291, 0x48e8, 0x0800, 0x0000, 0x0000, 0x0000, 0x0000, 0x0000, 0x0000, 
  0x0000, 0x0000, 0x0000, 0x0000, 0x0000, 0x0000, 0x0000, 0x0000, 0x0000, 0x0000, 0x0000, 0x0000, 
  0x0000, 0x0000, 0x0000, 0x0000, 0x0000, 0x0000, 0x0000, 0x0000, 0x18c3, 0xe73c, 0xf7de, 0xffdf, 
  0xffdf, 0xffdf, 0xffdf, 0xffdf, 0xffdf, 0xffdf, 0xffdf, 0xffdf, 0xffdf, 0xffdf, 0xffdf, 0xffdf, 
  0xffff, 0xffdf, 0xffdf, 0x4208, 0x0000, 0x0000, 0x0000, 0x0000, 0x0000, 0x0000, 0x0000, 0x0000, 
  0x0000, 0x0000, 0x0000, 0x0000, 0x0000, 0x0000, 0x0000, 0x0000, 0x0000, 0x0000, 0x0000, 0x0000, 
  0x0000, 0x0000, 0x0000, 0x0000, 0x0000, 0x0000, 0x0000, 0x0000, 0x0000, 0x0000, 0x0000, 0x0000, 
  0x39a6, 0xd699, 0xf7be, 0xffde, 0xffdf, 0xffdf, 0xffdf, 0xffdf, 0xffdf, 0xffdf, 0xffdf, 0xffdf, 
  0xffdf, 0xffdf, 0xffdf, 0xffdf, 0xffdf, 0xffdf, 0xffdf, 0xffdf, 0xffdf, 0xffdf, 0xffdf, 0xffdf, 
  0xffdf, 0xffdf, 0xffdf, 0xffdf, 0xffdf, 0xffdf, 0xffdf, 0xffdf, 0xffdf, 0xffdf, 0xffdf, 0xffdf, 
  0xffdf, 0xffdf, 0xffff, 0xffdf, 0xffdf, 0xffdf, 0xffdf, 0xffdf, 0xffdf, 0xffdf, 0xffdf, 0xffdf, 
  0xffdf, 0xffdf, 0xffdf, 0xffdf, 0xffdf, 0xffdf, 0xffdf, 0xffdf, 0xffdf, 0xffdf, 0xffdf, 0xffdf, 
  0xffdf, 0xffdf, 0xffdf, 0xffdf, 0xffdf, 0xffdf, 0xffdf, 0xffdf, 0xffdf, 0xffdf, 0xffdf, 0xffdf, 
  0x94d3, 0x4248, 0x31a6, 0x2124, 0x18c3, 0x0861, 0x0040, 0x0020, 0x0020, 0x0020, 0x0020, 0x0020, 
  0x0020, 0x0020, 0x0020, 0x0020, 0x0020, 0x0020, 0x0020, 0x0020, 0x0020, 0x0020, 0x0000, 0x0000, 
  0x0000, 0x0000, 0x0000, 0x0000, 0x0000, 0x0000, 0x0000, 0x0000, 0x0000, 0x0000, 0x0000, 0x0000, 
  0x0000, 0x0000, 0x0000, 0x0000, 0x0000, 0x0000, 0x0000, 0x0000, 0x0000, 0x0000, 0x0000, 0x0000, 
  0x0000, 0x0000, 0x0000, 0x0000, 0x0000, 0x0000, 0x0000, 0x0000, 0x0000, 0x0000, 0x0000, 0x0000, 
  0x0000, 0x1001, 0x5069, 0x686d, 0x686d, 0x50aa, 0x1803, 0x0000, 0x0000, 0x0000, 0x0000, 0x0000, 
  0x0000, 0x0000, 0x0000, 0x0000, 0x0000, 0x0000, 0x0000, 0x0000, 0x0000, 0x0000, 0x0000, 0x0000, 
  0x0000, 0x0000, 0x0000, 0x1001, 0x60aa, 0x9890, 0xa070, 0xa070, 0xa850, 0xa070, 0xa070, 0xa070, 
  0xa090, 0xa090, 0xa090, 0xa08f, 0xa08f, 0xa08f, 0xa08f, 0xa08f, 0xa08f, 0xa090, 0xa890, 0xa890, 
  0x90ee, 0x2022, 0x0000, 0x0000, 0x98b1, 0x98b1, 0x98b1, 0x98b1, 0x98b1, 0x98b0, 0x98b1, 0x98b0, 
  0x98b1, 0x98b1, 0x98b1, 0x98b1, 0x9891, 0x9891, 0x9891, 0x9891, 0x9871, 0x9871, 0x9871, 0x9871, 
  0x9851, 0x9851, 0x9851, 0x9850, 0x9870, 0x9870, 0x9070, 0x9090, 0x9090, 0x9090, 0x9090, 0x9091, 
  0x9091, 0x9091, 0x9091, 0x9091, 0x9091, 0x9091, 0x9091, 0x9091, 0x9091, 0x80cf, 0x3025, 0x0800, 
  0x0000, 0x0000, 0x0000, 0x0000, 0x0000, 0x0000, 0x0820, 0x0820, 0x0801, 0x594a, 0x9270, 0x2844, 
  0x0000, 0x0000, 0x0000, 0x0000, 0x0000, 0x0000, 0x0000, 0x0000, 0x0000, 0x0000, 0x0000, 0x0000, 
  0x0000, 0x0000, 0x0000, 0x0000, 0x0000, 0x0000, 0x0000, 0x0000, 0x0000, 0x0000, 0x0000, 0x0000, 
  0x0000, 0x0000, 0x0000, 0x0000, 0x0000, 0xce38, 0xf7df, 0xffdf, 0xffdf, 0xffdf, 0xffdf, 0xffdf, 
  0xffdf, 0xffdf, 0xffdf, 0xffdf, 0xffdf, 0xffdf, 0xffdf, 0xffdf, 0xffff, 0xffdf, 0xffdf, 0x9492, 
  0x0000, 0x0000, 0x0000, 0x0000, 0x0000, 0x0000, 0x0000, 0x0000, 0x0000, 0x0000, 0x0000, 0x0000, 
  0x0000, 0x0000, 0x0000, 0x0000, 0x0000, 0x0000, 0x0000, 0x0000, 0x0000, 0x0000, 0x0000, 0x0000, 
  0x0000, 0x0000, 0x0000, 0x0000, 0x0000, 0x0000, 0x0020, 0x7bef, 0xef5d, 0xffde, 0xf7be, 0xffdf, 
  0xffdf, 0xffdf, 0xffdf, 0xffdf, 0xffdf, 0xffdf, 0xffdf, 0xffdf, 0xffdf, 0xffdf, 0xffdf, 0xffdf, 
  0xffdf, 0xffdf, 0xffdf, 0xffdf, 0xffdf, 0xffdf, 0xffdf, 0xffdf, 0xffdf, 0xffdf, 0xffff, 0xffdf, 
  0xffff, 0xffff, 0xffff, 0xffff, 0xffdf, 0xffdf, 0xffff, 0xffff, 0xffff, 0xffff, 0xffff, 0xffff, 
  0xffdf, 0xffdf, 0xffdf, 0xffdf, 0xffdf, 0xffdf, 0xffdf, 0xffdf, 0xffdf, 0xffdf, 0xffdf, 0xffdf, 
  0xffdf, 0xffdf, 0xffdf, 0xffdf, 0xffdf, 0xffdf, 0xffdf, 0xffdf, 0xffdf, 0xffdf, 0xffdf, 0xffdf, 
  0xffdf, 0xffdf, 0xffdf, 0xffdf, 0xffdf, 0xffdf, 0xffdf, 0xd69a, 0x0861, 0x0020, 0x0000, 0x0000, 
  0x0000, 0x0020, 0x0000, 0x0000, 0x0000, 0x0000, 0x0000, 0x0000, 0x0000, 0x0000, 0x0000, 0x0000, 
  0x0000, 0x0000, 0x0000, 0x0000, 0x0000, 0x0000, 0x0000, 0x0000, 0x0000, 0x0000, 0x0000, 0x0000, 
  0x0000, 0x0000, 0x0000, 0x0000, 0x0000, 0x0000, 0x0000, 0x0000, 0x0000, 0x0000, 0x0000, 0x0000, 
  0x0000, 0x0000, 0x0000, 0x0000, 0x0000, 0x0000, 0x0000, 0x0000, 0x0000, 0x0000, 0x0000, 0x0000, 
  0x0000, 0x0000, 0x0000, 0x0000, 0x0000, 0x0000, 0x0000, 0x0800, 0x2023, 0x60ab, 0x706e, 0x68ad, 
  0x3067, 0x0801, 0x0000, 0x0000, 0x0000, 0x0000, 0x0000, 0x0000, 0x0000, 0x0000, 0x0000, 0x0000, 
  0x0000, 0x0000, 0x0000, 0x0000, 0x0000, 0x0000, 0x0000, 0x0000, 0x0800, 0x0800, 0x2824, 0x78cd, 
  0xa070, 0xa850, 0xa050, 0xa850, 0xa870, 0xa070, 0xa070, 0xa070, 0xa070, 0xa06f, 0xa090, 0xa090, 
  0xa08f, 0xa08f, 0xa090, 0xa090, 0xa890, 0xa870, 0xa890, 0x80ed, 0x1822, 0x0000, 0x0000, 0x0000, 
  0x98b1, 0x98b1, 0x98b1, 0x98b1, 0x98b1, 0x98b1, 0x98b0, 0x98b1, 0x98b1, 0x9891, 0x9891, 0x9891, 
  0x9891, 0xa091, 0xa091, 0xa091, 0x9871, 0x9891, 0x908f, 0x888e, 0x888f, 0x9870, 0x9850, 0x9850, 
  0x9851, 0x9871, 0x9870, 0x9870, 0x9890, 0x9090, 0x9091, 0x9091, 0x9091, 0x9091, 0x9091, 0x9891, 
  0x9091, 0x9891, 0x9091, 0x90b1, 0x70cc, 0x2003, 0x0000, 0x0000, 0x0000, 0x0000, 0x0000, 0x0000, 
  0x0000, 0x0000, 0x0020, 0x2063, 0x822f, 0x7a0d, 0x1001, 0x0800, 0x0000, 0x0000, 0x0000, 0x0000, 
  0x0000, 0x0000, 0x0000, 0x0000, 0x0000, 0x0000, 0x0000, 0x0000, 0x0000, 0x0000, 0x0000, 0x0000, 
  0x0000, 0x0000, 0x0000, 0x0000, 0x0000, 0x0000, 0x0000, 0x0000, 0x0000, 0x0000, 0x0000, 0x0000, 
  0x0000, 0x7bcf, 0xf7be, 0xffdf, 0xffdf, 0xffdf, 0xffdf, 0xffdf, 0xffdf, 0xffdf, 0xffdf, 0xffdf, 
  0xffdf, 0xffdf, 0xffdf, 0xffdf, 0xffdf, 0xffdf, 0xffdf, 0xd69a, 0x0020, 0x0000, 0x0000, 0x0000, 
  0x0000, 0x0000, 0x0000, 0x0000, 0x0000, 0x0000, 0x0000, 0x0000, 0x0000, 0x0000, 0x0000, 0x0000, 
  0x0000, 0x0000, 0x0000, 0x0000, 0x0000, 0x0000, 0x0000, 0x0000, 0x0000, 0x0000, 0x0000, 0x0000, 
  0x0000, 0x2104, 0xbdd7, 0xf7be, 0xf7be, 0xffdf, 0xffdf, 0xffdf, 0xffdf, 0xffdf, 0xffdf, 0xffdf, 
  0xffdf, 0xffdf, 0xffdf, 0xffdf, 0xffdf, 0xffdf, 0xffdf, 0xffdf, 0xffdf, 0xffdf, 0xffdf, 0xffdf, 
  0xffdf, 0xffdf, 0xffdf, 0xffdf, 0xffff, 0xffff, 0xffff, 0xffff, 0xffff, 0xffff, 0xffff, 0xffdf, 
  0xffdf, 0xffff, 0xffff, 0xffff, 0xffff, 0xffff, 0xffdf, 0xffdf, 0xffdf, 0xffdf, 0xffdf, 0xffdf, 
  0xef5d, 0xce7a, 0xad75, 0x8430, 0x6b2c, 0xdefc, 0xffdf, 0xffdf, 0xffdf, 0xffdf, 0xffdf, 0xffdf, 
  0xffdf, 0xffdf, 0xffdf, 0xffdf, 0xffdf, 0xffdf, 0xffdf, 0xffdf, 0xffdf, 0xffdf, 0xffdf, 0xffdf, 
  0xffdf, 0xffff, 0xffdf, 0x5aeb, 0x0020, 0x0000, 0x0000, 0x0000, 0x0000, 0x0000, 0x0000, 0x0000, 
  0x0000, 0x0000, 0x0000, 0x0000, 0x0000, 0x0000, 0x0000, 0x0000, 0x0000, 0x0000, 0x0000, 0x0000, 
  0x0000, 0x0000, 0x0000, 0x0000, 0x0000, 0x0000, 0x0000, 0x0000, 0x0000, 0x0000, 0x0000, 0x0000, 
  0x0000, 0x0000, 0x0000, 0x0000, 0x0000, 0x0000, 0x0000, 0x0000, 0x0000, 0x0000, 0x0000, 0x0000, 
  0x0000, 0x0000, 0x0000, 0x0000, 0x0000, 0x0000, 0x0000, 0x0000, 0x0000, 0x0000, 0x0000, 0x0000, 
  0x0000, 0x0000, 0x0800, 0x2845, 0x68ac, 0x708d, 0x58ab, 0x1823, 0x0000, 0x0000, 0x0000, 0x0000, 
  0x0000, 0x0000, 0x0000, 0x0000, 0x0000, 0x0000, 0x0000, 0x0000, 0x0000, 0x0000, 0x0000, 0x0000, 
  0x0000, 0x0020, 0x0020, 0x0000, 0x0800, 0x4066, 0x90af, 0xa050, 0xa850, 0xa850, 0xa850, 0xa850, 
  0xa870, 0xa870, 0xa870, 0xa870, 0xa06f, 0xa06f, 0xa06f, 0xa06f, 0xa08f, 0xa090, 0xa090, 0xa890, 
  0xa8b0, 0xa0b0, 0x70cb, 0x1801, 0x0000, 0x0000, 0x0000, 0x0000, 0x98b1, 0x98b1, 0x98b1, 0x98b1, 
  0x98b1, 0x98b1, 0x98b1, 0x98b1, 0x98b1, 0x98b1, 0xa091, 0xa091, 0xa091, 0xa091, 0xa090, 0x90b0, 
  0x688b, 0x3025, 0x1801, 0x0800, 0x1001, 0x2803, 0x586a, 0x9070, 0xa051, 0xa051, 0x9871, 0x9871, 
  0x9891, 0x9890, 0x9891, 0x9891, 0x9891, 0x9891, 0x9891, 0x9891, 0x9891, 0x9891, 0x90b0, 0x5089, 
  0x1001, 0x0000, 0x0020, 0x0000, 0x0000, 0x0000, 0x0000, 0x0000, 0x0000, 0x0800, 0x38c6, 0xa2f2, 
  0x48e7, 0x0800, 0x0020, 0x0000, 0x0000, 0x0000, 0x0000, 0x0000, 0x0000, 0x0000, 0x0000, 0x0000, 
  0x0000, 0x0000, 0x0000, 0x0000, 0x0000, 0x0000, 0x0000, 0x0000, 0x0000, 0x0000, 0x0000, 0x0000, 
  0x0000, 0x0000, 0x0000, 0x0000, 0x0000, 0x0000, 0x0000, 0x0000, 0x0000, 0x2965, 0xf7de, 0xffdf, 
  0xffdf, 0xffdf, 0xffdf, 0xffdf, 0xffdf, 0xffdf, 0xffdf, 0xffdf, 0xffdf, 0xffdf, 0xffdf, 0xffdf, 
  0xffdf, 0xffff, 0xffff, 0xffdf, 0x39c7, 0x0000, 0x0000, 0x0000, 0x0000, 0x0000, 0x0000, 0x0000, 
  0x0000, 0x0000, 0x0000, 0x0000, 0x0000, 0x0000, 0x0000, 0x0000, 0x0000, 0x0000, 0x0000, 0x0000, 
  0x0000, 0x0000, 0x0000, 0x0000, 0x0000, 0x0000, 0x0000, 0x0000, 0x39e7, 0xdefb, 0xf7be, 0xf7be, 
  0xf7df, 0xffdf, 0xffdf, 0xffdf, 0xffdf, 0xffdf, 0xffdf, 0xffdf, 0xffdf, 0xffdf, 0xffdf, 0xffdf, 
  0xffdf, 0xffdf, 0xffdf, 0xffdf, 0xffdf, 0xffdf, 0xffdf, 0xffdf, 0xffdf, 0xffdf, 0xffdf, 0xffdf, 
  0xffdf, 0xffdf, 0xffdf, 0xffdf, 0xffff, 0xffff, 0xffff, 0xffff, 0xffdf, 0xffff, 0xffdf, 0xffdf, 
  0xffdf, 0xef9e, 0xd69a, 0xad75, 0x9471, 0x738e, 0x4228, 0x1082, 0x0020, 0x0020, 0x0000, 0x0000, 
  0x5aca, 0xffdf, 0xffdf, 0xffdf, 0xffdf, 0xffdf, 0xffdf, 0xffdf, 0xffdf, 0xffdf, 0xffdf, 0xffdf, 
  0xffdf, 0xffdf, 0xffdf, 0xffdf, 0xffdf, 0xffdf, 0xffdf, 0xffdf, 0xffdf, 0xffdf, 0xdefb, 0x0841, 
  0x0000, 0x0000, 0x0000, 0x0000, 0x0000, 0x0000, 0x0000, 0x0000, 0x0000, 0x0000, 0x0000, 0x0000, 
  0x0000, 0x0000, 0x0000, 0x0000, 0x0000, 0x0000, 0x0000, 0x0000, 0x0000, 0x0000, 0x0000, 0x0000, 
  0x0000, 0x0000, 0x0000, 0x0000, 0x0000, 0x0000, 0x0000, 0x0000, 0x0000, 0x0000, 0x0000, 0x0000, 
  0x0000, 0x0000, 0x0000, 0x0000, 0x0000, 0x0000, 0x0000, 0x0000, 0x0000, 0x0000, 0x0000, 0x0000, 
  0x0000, 0x0000, 0x0000, 0x0000, 0x0000, 0x0000, 0x0000, 0x0000, 0x0800, 0x0801, 0x3847, 0x708c, 
  0x68ac, 0x3887, 0x0801, 0x0000, 0x0000, 0x0000, 0x0000, 0x0000, 0x0000, 0x0000, 0x0000, 0x0000, 
  0x0000, 0x0000, 0x0000, 0x0000, 0x0000, 0x0000, 0x0000, 0x0000, 0x0000, 0x0000, 0x0800, 0x1001, 
  0x5889, 0xa0b0, 0xa850, 0xa850, 0xa850, 0xa850, 0xa850, 0xa850, 0xa850, 0xa870, 0xa070, 0xa870, 
  0xa850, 0xa070, 0xa06f, 0xa06f, 0xa090, 0xa090, 0xa890, 0xa890, 0xa0b0, 0x68ca, 0x1001, 0x0000, 
  0x0000, 0x0000, 0x0000, 0x0000, 0x98b1, 0x98b1, 0x98b1, 0x98b1, 0x98b1, 0x98b1, 0x98b1, 0x98b1, 
  0x98b1, 0x98b1, 0xa091, 0xa091, 0xa091, 0x98f1, 0x608b, 0x2823, 0x0800, 0x0000, 0x0000, 0x0000, 
  0x0020, 0x0020, 0x0800, 0x4067, 0x9870, 0xa051, 0x9871, 0xa071, 0x9891, 0x9891, 0x9891, 0x9891, 
  0x9891, 0x9891, 0x9891, 0xa091, 0x98b1, 0x88ef, 0x3866, 0x0800, 0x0000, 0x0000, 0x0000, 0x0000, 
  0x0000, 0x0000, 0x0000, 0x0000, 0x0801, 0x618a, 0x9a90, 0x2864, 0x0000, 0x0000, 0x0820, 0x0000, 
  0x0000, 0x0000, 0x0000, 0x0000, 0x0000, 0x0000, 0x0000, 0x0000, 0x0000, 0x0000, 0x0000, 0x0000, 
  0x0000, 0x0000, 0x0000, 0x0020, 0x0000, 0x0000, 0x0000, 0x0000, 0x0000, 0x0000, 0x0000, 0x0000, 
  0x0000, 0x0000, 0x0000, 0x0000, 0x0000, 0x0841, 0xd6ba, 0xf7df, 0xffdf, 0xffdf, 0xffdf, 0xffdf, 
  0xffdf, 0xffdf, 0xffdf, 0xffdf, 0xffdf, 0xffdf, 0xffdf, 0xffdf, 0xffdf, 0xffdf, 0xffff, 0xffdf, 
  0x73ae, 0x0000, 0x0000, 0x0000, 0x0000, 0x0000, 0x0000, 0x0000, 0x0000, 0x0000, 0x0000, 0x0000, 
  0x0000, 0x0000, 0x0000, 0x0000, 0x0000, 0x0000, 0x0000, 0x0000, 0x0000, 0x0000, 0x0000, 0x0000, 
  0x0000, 0x0000, 0x0000, 0x632c, 0xef5d, 0xf7bf, 0xffdf, 0xffdf, 0xffdf, 0xffdf, 0xffdf, 0xffdf, 
  0xffdf, 0xffdf, 0xffdf, 0xffdf, 0xffdf, 0xffdf, 0xffdf, 0xffdf, 0xffdf, 0xffdf, 0xffdf, 0xffdf, 
  0xffdf, 0xffdf, 0xffff, 0xffdf, 0xffdf, 0xffdf, 0xffdf, 0xffdf, 0xffdf, 0xffdf, 0xffdf, 0xffdf, 
  0xffdf, 0xffdf, 0xffff, 0xef9e, 0xce59, 0x9cd3, 0x73ae, 0x5aeb, 0x39c7, 0x18c3, 0x0020, 0x0000, 
  0x0020, 0x0020, 0x0000, 0x0000, 0x0000, 0x0000, 0x0000, 0x0020, 0xce79, 0xffdf, 0xffdf, 0xffdf, 
  0xffdf, 0xffdf, 0xffdf, 0xffdf, 0xffdf, 0xffdf, 0xffff, 0xffdf, 0xffdf, 0xffdf, 0xffdf, 0xffdf, 
  0xffdf, 0xffdf, 0xffdf, 0xffdf, 0xffdf, 0xffdf, 0x632c, 0x0000, 0x0000, 0x0000, 0x0000, 0x0000, 
  0x0000, 0x0000, 0x0000, 0x0000, 0x0000, 0x0000, 0x0000, 0x0000, 0x0000, 0x0000, 0x0000, 0x0000, 
  0x0000, 0x0000, 0x0000, 0x0000, 0x0000, 0x0000, 0x0000, 0x0000, 0x0000, 0x0000, 0x0000, 0x0000, 
  0x0000, 0x0000, 0x0000, 0x0000, 0x0000, 0x0000, 0x0000, 0x0000, 0x0000, 0x0000, 0x0000, 0x0000, 
  0x0000, 0x0000, 0x0000, 0x0000, 0x0000, 0x0000, 0x0000, 0x0000, 0x0000, 0x0000, 0x0000, 0x0000, 
  0x0000, 0x0000, 0x0000, 0x0020, 0x1001, 0x4888, 0x708c, 0x60ab, 0x2044, 0x0000, 0x0000, 0x0000, 
  0x0000, 0x0000, 0x0000, 0x0000, 0x0000, 0x0000, 0x0000, 0x0000, 0x0000, 0x0000, 0x0000, 0x0000, 
  0x0000, 0x0000, 0x0000, 0x0000, 0x0020, 0x0000, 0x1802, 0x70cb, 0xa890, 0xa850, 0xa851, 0xa850, 
  0xa850, 0xa850, 0xa070, 0xa090, 0x808e, 0x6049, 0x4847, 0x686b, 0xa06f, 0xa870, 0xa070, 0xa070, 
  0xa090, 0xa890, 0xa890, 0xa0d0, 0x68aa, 0x1001, 0x0000, 0x0000, 0x0000, 0x0000, 0x0000, 0x0000, 
  0x98b1, 0x98b1, 0x98b1, 0x98b1, 0x98b1, 0x98b1, 0x98b1, 0x98b1, 0xa091, 0xa0b1, 0xa091, 0xa0b1, 
  0x78cd, 0x2824, 0x0800, 0x0000, 0x0000, 0x0000, 0x0000, 0x0000, 0x0000, 0x0020, 0x0000, 0x0800, 
  0x4868, 0xa051, 0xa051, 0xa071, 0xa091, 0x9891, 0x9891, 0x9891, 0xa091, 0xa091, 0xa091, 0x98b1, 
  0x70cc, 0x2023, 0x0800, 0x0000, 0x0000, 0x0000, 0x0000, 0x0000, 0x0000, 0x0000, 0x0800, 0x1022, 
  0x8a90, 0x71ed, 0x1001, 0x0800, 0x0000, 0x0000, 0x0000, 0x0000, 0x0000, 0x0000, 0x0000, 0x0000, 
  0x0000, 0x0000, 0x0000, 0x0000, 0x0000, 0x0000, 0x0000, 0x0000, 0x0000, 0x1862, 0x1041, 0x0000, 
  0x0000, 0x0000, 0x0000, 0x0000, 0x0000, 0x0000, 0x0000, 0x0000, 0x0000, 0x0000, 0x0000, 0x0000, 
  0x0000, 0x0000, 0x9491, 0xffde, 0xffdf, 0xffdf, 0xffdf, 0xffdf, 0xffdf, 0xffdf, 0xffdf, 0xffdf, 
  0xffdf, 0xffdf, 0xffdf, 0xffdf, 0xffdf, 0xffdf, 0xffdf, 0xffdf, 0xce59, 0x0000, 0x0000, 0x0000, 
  0x0000, 0x0000, 0x0000, 0x0000, 0x0000, 0x0000, 0x0000, 0x0000, 0x0000, 0x0000, 0x0000, 0x0000, 
  0x0000, 0x0000, 0x0000, 0x0000, 0x0000, 0x0000, 0x0000, 0x0000, 0x0000, 0x0020, 0x8430, 0xf7be, 
  0xf7be, 0xffdf, 0xffdf, 0xffdf, 0xffdf, 0xffdf, 0xffdf, 0xffdf, 0xffdf, 0xffdf, 0xffdf, 0xffdf, 
  0xffdf, 0xffdf, 0xffdf, 0xffdf, 0xffdf, 0xffdf, 0xffff, 0xffdf, 0xffff, 0xffff, 0xffdf, 0xffdf, 
  0xffdf, 0xffdf, 0xffdf, 0xffdf, 0xf7bf, 0xdedb, 0xad75, 0x8c72, 0x5aeb, 0x3186, 0x18c3, 0x0020, 
  0x0000, 0x0020, 0x0020, 0x0020, 0x0020, 0x0000, 0x0000, 0x0000, 0x0000, 0x0000, 0x0000, 0x0000, 
  0x0000, 0x0000, 0x0000, 0x39c6, 0xffdf, 0xffdf, 0xffdf, 0xffdf, 0xffdf, 0xffdf, 0xffdf, 0xffdf, 
  0xffdf, 0xffdf, 0xffdf, 0xffdf, 0xffdf, 0xffdf, 0xffdf, 0xffdf, 0xffdf, 0xffdf, 0xffdf, 0xffdf, 
  0xffdf, 0xdedb, 0x1081, 0x0000, 0x0000, 0x0000, 0x0000, 0x0000, 0x0000, 0x0000, 0x0000, 0x0000, 
  0x0000, 0x0000, 0x0000, 0x0000, 0x0000, 0x0000, 0x0000, 0x0000, 0x0000, 0x0000, 0x0000, 0x0000, 
  0x0000, 0x0000, 0x0000, 0x0000, 0x0000, 0x0000, 0x0000, 0x0000, 0x0000, 0x0000, 0x0000, 0x0000, 
  0x0000, 0x0000, 0x0000, 0x0000, 0x0000, 0x0000, 0x0000, 0x0000, 0x0000, 0x0000, 0x0000, 0x0000, 
  0x0000, 0x0000, 0x0000, 0x0000, 0x0000, 0x0000, 0x0000, 0x0000, 0x0000, 0x0000, 0x0000, 0x1802, 
  0x58ca, 0x70ac, 0x4888, 0x1002, 0x0000, 0x0000, 0x0000, 0x0000, 0x0000, 0x0000, 0x0000, 0x0000, 
  0x0000, 0x0000, 0x0000, 0x0000, 0x0000, 0x0000, 0x0000, 0x0000, 0x0000, 0x0000, 0x0000, 0x0000, 
  0x0800, 0x2843, 0x88ae, 0xa870, 0xa871, 0xa850, 0xa850, 0xa870, 0xa850, 0x988f, 0x606a, 0x2824, 
  0x0801, 0x0820, 0x0821, 0x3845, 0xa08f, 0xa86f, 0xa870, 0xa870, 0xa890, 0xa890, 0xa0d0, 0x5888, 
  0x0800, 0x0000, 0x0000, 0x0000, 0x0000, 0x0000, 0x0000, 0x0000, 0x98b1, 0x98b1, 0x98b1, 0x98b1, 
  0x98b1, 0x98b1, 0xa0b1, 0xa091, 0xa091, 0xa091, 0x90d0, 0x4867, 0x0800, 0x0000, 0x0000, 0x0000, 
  0x0000, 0x0000, 0x0000, 0x0000, 0x0000, 0x0000, 0x0020, 0x0000, 0x0801, 0x80af, 0xa071, 0xa071, 
  0xa091, 0xa091, 0xa091, 0xa091, 0xa091, 0xa091, 0x98d1, 0x58c9, 0x0801, 0x0000, 0x0000, 0x0000, 
  0x0000, 0x0000, 0x0000, 0x0000, 0x0000, 0x0820, 0x28a5, 0xa333, 0x40e7, 0x0800, 0x0000, 0x0000, 
  0x0000, 0x0000, 0x0000, 0x0000, 0x0000, 0x0000, 0x0000, 0x0000, 0x0000, 0x0000, 0x0000, 0x0000, 
  0x0000, 0x0000, 0x0000, 0x0821, 0x20a3, 0x1061, 0x0000, 0x0000, 0x0000, 0x0000, 0x0000, 0x0000, 
  0x0000, 0x0000, 0x0000, 0x0000, 0x0000, 0x0000, 0x0000, 0x0000, 0x0000, 0x0000, 0x5289, 0xffde, 
  0xffdf, 0xffdf, 0xffdf, 0xffdf, 0xffdf, 0xffdf, 0xffdf, 0xffdf, 0xffdf, 0xffdf, 0xffdf, 0xffdf, 
  0xffdf, 0xffdf, 0xffdf, 0xffff, 0xffdf, 0x18e3, 0x0000, 0x0000, 0x0000, 0x0000, 0x0000, 0x0000, 
  0x0000, 0x0000, 0x0000, 0x0000, 0x0000, 0x0000, 0x0000, 0x0000, 0x0000, 0x0000, 0x0000, 0x0000, 
  0x0000, 0x0000, 0x0000, 0x0000, 0x0861, 0xa534, 0xffbe, 0xffde, 0xf7be, 0xffdf, 0xffdf, 0xffdf, 
  0xffdf, 0xffdf, 0xffdf, 0xffdf, 0xffdf, 0xffdf, 0xffdf, 0xffdf, 0xffdf, 0xffdf, 0xffdf, 0xffdf, 
  0xffdf, 0xffdf, 0xffff, 0xffff, 0xffdf, 0xffdf, 0xffdf, 0xffdf, 0xef7e, 0xa514, 0x632d, 0x4208, 
  0x1081, 0x0020, 0x0020, 0x0020, 0x0020, 0x0020, 0x0000, 0x0000, 0x0000, 0x0000, 0x0000, 0x0000, 
  0x0000, 0x0000, 0x0000, 0x0000, 0x0000, 0x0000, 0x0000, 0x0000, 0x0000, 0x0000, 0x0000, 0xb5b6, 
  0xffdf, 0xffdf, 0xffdf, 0xffdf, 0xffdf, 0xffdf, 0xffdf, 0xffdf, 0xffdf, 0xffdf, 0xffdf, 0xffdf, 
  0xffdf, 0xffdf, 0xffdf, 0xffdf, 0xffdf, 0xffdf, 0xffdf, 0xffdf, 0xffdf, 0x73ae, 0x0000, 0x0000, 
  0x0000, 0x0000, 0x0000, 0x0000, 0x0000, 0x0000, 0x0000, 0x0000, 0x0000, 0x0000, 0x0000, 0x0000, 
  0x0000, 0x0000, 0x0000, 0x0000, 0x0000, 0x0000, 0x0000, 0x0000, 0x0000, 0x0000, 0x0000, 0x0000, 
  0x0000, 0x0000, 0x0000, 0x0000, 0x0000, 0x0000, 0x0000, 0x0000, 0x0000, 0x0000, 0x0000, 0x0000, 
  0x0000, 0x0000, 0x0000, 0x0000, 0x0000, 0x0000, 0x0000, 0x0000, 0x0000, 0x0000, 0x0000, 0x0000, 
  0x0000, 0x0000, 0x0000, 0x0000, 0x0000, 0x0000, 0x2843, 0x68ec, 0x68cc, 0x2845, 0x0800, 0x0000, 
  0x0000, 0x0000, 0x0000, 0x0000, 0x0000, 0x0000, 0x0000, 0x0000, 0x0000, 0x0000, 0x0000, 0x0000, 
  0x0000, 0x0000, 0x0000, 0x0000, 0x0000, 0x0000, 0x0800, 0x0800, 0x4867, 0x98b0, 0xa870, 0xa871, 
  0xa870, 0xa871, 0xa871, 0x98cf, 0x5888, 0x1802, 0x0000, 0x0000, 0x0000, 0x0820, 0x0820, 0x608a, 
  0xa870, 0xa850, 0xa870, 0xa870, 0xa870, 0xa0cf, 0x4866, 0x0800, 0x0000, 0x0000, 0x0000, 0x0000, 
  0x0000, 0x0000, 0x0000, 0x0000, 0x98b0, 0x98b0, 0x98b1, 0x98b1, 0x98b1, 0xa0b1, 0xa0b1, 0xa0b1, 
  0xa0b1, 0x80ed, 0x2023, 0x0000, 0x0000, 0x0000, 0x0000, 0x0000, 0x0000, 0x0000, 0x0000, 0x0000, 
  0x0000, 0x0000, 0x0000, 0x0000, 0x0000, 0x4868, 0xa091, 0xa871, 0xa091, 0xa092, 0xa091, 0xa091, 
  0xa091, 0x90ef, 0x3886, 0x0800, 0x0000, 0x0000, 0x0000, 0x0000, 0x0000, 0x0000, 0x0000, 0x0020, 
  0x0801, 0x596a, 0x9af2, 0x2063, 0x0800, 0x0000, 0x0000, 0x0000, 0x0000, 0x0000, 0x0000, 0x0000, 
  0x0000, 0x0000, 0x0000, 0x0000, 0x0000, 0x0000, 0x0000, 0x0000, 0x0000, 0x0000, 0x2083, 0x30e5, 
  0x0821, 0x0000, 0x0000, 0x0000, 0x0000, 0x0000, 0x0000, 0x0000, 0x0000, 0x0000, 0x0000, 0x0000, 
  0x0000, 0x0000, 0x0000, 0x0000, 0x0000, 0x0000, 0x0841, 0xef9d, 0xffdf, 0xffdf, 0xffdf, 0xffdf, 
  0xffdf, 0xffdf, 0xffdf, 0xffdf, 0xffdf, 0xffdf, 0xffdf, 0xffdf, 0xffdf, 0xffdf, 0xffdf, 0xffff, 
  0xffff, 0x6b4d, 0x0000, 0x0000, 0x0000, 0x0000, 0x0000, 0x0000, 0x0000, 0x0000, 0x0000, 0x0000, 
  0x0000, 0x0000, 0x0000, 0x0000, 0x0000, 0x0000, 0x0000, 0x0000, 0x0000, 0x0000, 0x0000, 0x1082, 
  0xbdf7, 0xffdf, 0xffdf, 0xffdf, 0xffdf, 0xffdf, 0xffdf, 0xffdf, 0xffdf, 0xffdf, 0xffdf, 0xffdf, 
  0xffdf, 0xffdf, 0xffdf, 0xffdf, 0xffdf, 0xffdf, 0xffdf, 0xffdf, 0xffff, 0xffff, 0xffdf, 0xffdf, 
  0xffdf, 0xffff, 0xef7e, 0x8410, 0x18c3, 0x0020, 0x0020, 0x0020, 0x0020, 0x0000, 0x0000, 0x0000, 
  0x0000, 0x0000, 0x0000, 0x0000, 0x0000, 0x0000, 0x0000, 0x0000, 0x0000, 0x0000, 0x0000, 0x0000, 
  0x0000, 0x0000, 0x0000, 0x0000, 0x0000, 0x0000, 0x2124, 0xffbe, 0xffdf, 0xffdf, 0xffdf, 0xffdf, 
  0xffdf, 0xffdf, 0xffdf, 0xffdf, 0xffdf, 0xffdf, 0xffdf, 0xffdf, 0xffdf, 0xffdf, 0xffdf, 0xffdf, 
  0xffdf, 0xffdf, 0xffdf, 0xffdf, 0xef5d, 0x1081, 0x0000, 0x0000, 0x0000, 0x0000, 0x0000, 0x0000, 
  0x0000, 0x0000, 0x0000, 0x0000, 0x0000, 0x0000, 0x0000, 0x0000, 0x0000, 0x0000, 0x0000, 0x0000, 
  0x0000, 0x0000, 0x0000, 0x0000, 0x0000, 0x0000, 0x0000, 0x0000, 0x0000, 0x0000, 0x0000, 0x0000, 
  0x0000, 0x0000, 0x0000, 0x0000, 0x0000, 0x0000, 0x0000, 0x0000, 0x0000, 0x0000, 0x0000, 0x0000, 
  0x0000, 0x0000, 0x0000, 0x0000, 0x0000, 0x0000, 0x0000, 0x0000, 0x0000, 0x0000, 0x0000, 0x0000, 
  0x0800, 0x3845, 0x70ed, 0x50e9, 0x1002, 0x0000, 0x0000, 0x0000, 0x0000, 0x0000, 0x0000, 0x0000, 
  0x0000, 0x0000, 0x0000, 0x0000, 0x0000, 0x0000, 0x0000, 0x0000, 0x0000, 0x0000, 0x0000, 0x0000, 
  0x0000, 0x0800, 0x1021, 0x6069, 0xa070, 0xa871, 0xa870, 0xa871, 0xa891, 0x98cf, 0x5888, 0x1822, 
  0x0800, 0x0000, 0x0000, 0x0020, 0x0000, 0x0020, 0x2002, 0x988f, 0xa850, 0xa870, 0xa870, 0xa870, 
  0x98cf, 0x4066, 0x0800, 0x0000, 0x0000, 0x0000, 0x0000, 0x0000, 0x0000, 0x0000, 0x0000, 0x0000, 
  0x98b0, 0x98b0, 0x98b0, 0x98b1, 0xa0b1, 0xa0b1, 0xa091, 0xa0d1, 0x68aa, 0x1001, 0x0000, 0x0000, 
  0x0000, 0x0000, 0x0000, 0x0000, 0x0000, 0x0000, 0x0000, 0x0000, 0x0000, 0x0000, 0x0000, 0x0000, 
  0x0020, 0x2023, 0xa091, 0xa872, 0xa892, 0xa892, 0xa891, 0xa0b1, 0x78ed, 0x2043, 0x0000, 0x0000, 
  0x0000, 0x0000, 0x0000, 0x0000, 0x0000, 0x0000, 0x0000, 0x1002, 0x8ab0, 0x720d, 0x1001, 0x0000, 
  0x0000, 0x0000, 0x0000, 0x0000, 0x0000, 0x0000, 0x0000, 0x0000, 0x0000, 0x0000, 0x0000, 0x0000, 
  0x0000, 0x0000, 0x0000, 0x0000, 0x0801, 0x38e6, 0x28a4, 0x0000, 0x0000, 0x0000, 0x0000, 0x0000, 
  0x0000, 0x0000, 0x0000, 0x0000, 0x0000, 0x0000, 0x0000, 0x0000, 0x0000, 0x0000, 0x0000, 0x0000, 
  0x0000, 0x0000, 0x0000, 0xad75, 0xffde, 0xffdf, 0xffdf, 0xffdf, 0xffdf, 0xffdf, 0xffdf, 0xffdf, 
  0xffdf, 0xffdf, 0xffdf, 0xffdf, 0xffdf, 0xffdf, 0xffdf, 0xffdf, 0xffdf, 0xb5b6, 0x0000, 0x0000, 
  0x0000, 0x0000, 0x0000, 0x0000, 0x0000, 0x0000, 0x0000, 0x0000, 0x0000, 0x0000, 0x0000, 0x0000, 
  0x0000, 0x0000, 0x0000, 0x0000, 0x0000, 0x0000, 0x18c3, 0xd6ba, 0xffdf, 0xffdf, 0xffdf, 0xffdf, 
  0xffdf, 0xffdf, 0xffdf, 0xffdf, 0xffdf, 0xffdf, 0xffdf, 0xffdf, 0xffdf, 0xffdf, 0xffdf, 0xffdf, 
  0xffdf, 0xffdf, 0xffdf, 0xffdf, 0xffff, 0xffff, 0xffff, 0xffff, 0xffdf, 0xce9a, 0x2945, 0x0000, 
  0x0000, 0x0000, 0x0000, 0x0000, 0x0000, 0x0000, 0x0000, 0x0000, 0x0000, 0x0000, 0x0000, 0x0000, 
  0x0000, 0x0000, 0x0000, 0x0000, 0x0000, 0x0000, 0x0000, 0x0000, 0x0000, 0x0000, 0x0000, 0x0000, 
  0x0000, 0x0000, 0x9491, 0xffde, 0xffdf, 0xffdf, 0xffdf, 0xffdf, 0xffdf, 0xffdf, 0xffdf, 0xffdf, 
  0xffdf, 0xffdf, 0xffdf, 0xffdf, 0xffdf, 0xffdf, 0xffdf, 0xffdf, 0xffdf, 0xffdf, 0xffff, 0xffdf, 
  0x8c51, 0x0000, 0x0000, 0x0000, 0x0000, 0x0000, 0x0000, 0x0000, 0x0000, 0x0000, 0x0000, 0x0000, 
  0x0000, 0x0000, 0x0000, 0x0000, 0x0000, 0x0000, 0x0000, 0x0000, 0x0000, 0x0000, 0x0000, 0x0000, 
  0x0000, 0x0000, 0x0000, 0x0000, 0x0000, 0x0000, 0x0000, 0x0000, 0x0000, 0x0000, 0x0000, 0x0000, 
  0x0000, 0x0000, 0x0000, 0x0000, 0x0000, 0x0000, 0x0000, 0x0000, 0x0000, 0x0000, 0x0000, 0x0000, 
  0x0000, 0x0000, 0x0000, 0x0000, 0x0000, 0x0000, 0x0000, 0x1001, 0x4888, 0x692c, 0x3065, 0x0000, 
  0x0000, 0x0000, 0x0000, 0x0000, 0x0000, 0x0000, 0x0000, 0x0000, 0x0000, 0x0000, 0x0000, 0x0000, 
  0x0000, 0x0000, 0x0000, 0x0000, 0x0000, 0x0000, 0x0000, 0x0000, 0x0800, 0x2023, 0x788b, 0xa86f, 
  0xa850, 0xa871, 0xa071, 0xa0d0, 0x5888, 0x1822, 0x0000, 0x0000, 0x0000, 0x0000, 0x0000, 0x0000, 
  0x0020, 0x1000, 0x706b, 0xa850, 0xa850, 0xa870, 0xa870, 0x98cf, 0x3845, 0x0020, 0x0000, 0x0000, 
  0x0000, 0x0000, 0x0000, 0x0000, 0x0000, 0x0000, 0x0000, 0x0000, 0x98b0, 0x98b0, 0x98b0, 0x98b0, 
  0x98b1, 0xa0b0, 0x98f0, 0x5087, 0x0800, 0x0000, 0x0000, 0x0000, 0x0000, 0x0000, 0x0000, 0x0000, 
  0x0000, 0x0000, 0x0000, 0x0000, 0x0000, 0x0000, 0x0000, 0x0000, 0x0000, 0x0801, 0x90b0, 0xa872, 
  0xa872, 0xa892, 0xa0d2, 0x60ca, 0x1001, 0x0000, 0x0000, 0x0000, 0x0000, 0x0000, 0x0000, 0x0020, 
  0x0000, 0x0001, 0x28a5, 0xa333, 0x4908, 0x0800, 0x0000, 0x0000, 0x0000, 0x0000, 0x0000, 0x0000, 
  0x0000, 0x0000, 0x0000, 0x0000, 0x0000, 0x0000, 0x0000, 0x0000, 0x0000, 0x0000, 0x0800, 0x2064, 
  0x4107, 0x1021, 0x0000, 0x0000, 0x0000, 0x0000, 0x0000, 0x0000, 0x0000, 0x0000, 0x0000, 0x0000, 
  0x0000, 0x0000, 0x0000, 0x0000, 0x0000, 0x0000, 0x0000, 0x0000, 0x0000, 0x0000, 0x0000, 0x632c, 
  0xffde, 0xffdf, 0xffdf, 0xffdf, 0xffdf, 0xffdf, 0xffdf, 0xffdf, 0xffdf, 0xffdf, 0xffdf, 0xffdf, 
  0xffdf, 0xffdf, 0xffdf, 0xffff, 0xffdf, 0xffde, 0x10a2, 0x0000, 0x0000, 0x0000, 0x0000, 0x0000, 
  0x0000, 0x0000, 0x0000, 0x0000, 0x0000, 0x0000, 0x0000, 0x0000, 0x0000, 0x0000, 0x0000, 0x0000, 
  0x0000, 0x2104, 0xdedb, 0xffde, 0xffdf, 0xffdf, 0xffdf, 0xffdf, 0xffdf, 0xffdf, 0xffdf, 0xffdf, 
  0xffdf, 0xffdf, 0xffdf, 0xffdf, 0xffdf, 0xffdf, 0xffdf, 0xffdf, 0xffdf, 0xffdf, 0xffff, 0xffff, 
  0xffff, 0xffff, 0xffdf, 0xffdf, 0x94b2, 0x0841, 0x0000, 0x0000, 0x0000, 0x0000, 0x0000, 0x0000, 
  0x0000, 0x0000, 0x0000, 0x0000, 0x0000, 0x0000, 0x0000, 0x0000, 0x0000, 0x0000, 0x0000, 0x0000, 
  0x0000, 0x0000, 0x0000, 0x0000, 0x0000, 0x0000, 0x0000, 0x0000, 0x0000, 0x2124, 0xef7d, 0xffdf, 
  0xffdf, 0xffdf, 0xffdf, 0xffdf, 0xffdf, 0xffdf, 0xffdf, 0xffdf, 0xffdf, 0xffdf, 0xffdf, 0xffdf, 
  0xffdf, 0xffdf, 0xffdf, 0xffdf, 0xffdf, 0xffdf, 0xffdf, 0xe71c, 0x18c3, 0x0000, 0x0000, 0x0000, 
  0x0000, 0x0000, 0x1082, 0x0000, 0x0000, 0x0000, 0x0000, 0x0000, 0x0000, 0x0000, 0x0000, 0x0000, 
  0x0000, 0x0000, 0x0000, 0x0000, 0x0000, 0x0000, 0x0000, 0x0000, 0x0000, 0x0000, 0x0000, 0x0000, 
  0x0000, 0x0000, 0x0000, 0x0000, 0x0000, 0x0000, 0x0000, 0x0000, 0x0000, 0x0000, 0x0000, 0x0000, 
  0x0000, 0x0000, 0x0000, 0x0000, 0x0000, 0x0000, 0x0000, 0x0000, 0x0000, 0x0000, 0x0000, 0x0000, 
  0x0000, 0x0000, 0x1022, 0x58ea, 0x58ca, 0x1822, 0x0000, 0x0000, 0x0000, 0x0000, 0x0000, 0x0000, 
  0x0000, 0x0000, 0x0000, 0x0000, 0x0000, 0x0000, 0x0000, 0x0000, 0x0000, 0x0000, 0x0000, 0x0000, 
  0x0000, 0x0000, 0x0000, 0x0821, 0x3024, 0x886d, 0xa02f, 0xa850, 0xa871, 0x98b0, 0x68aa, 0x2002, 
  0x0000, 0x0000, 0x0000, 0x0000, 0x0000, 0x0000, 0x0000, 0x0000, 0x0801, 0x4847, 0xa070, 0xa850, 
  0xa870, 0xa890, 0x910e, 0x2823, 0x0000, 0x0000, 0x0000, 0x0000, 0x0000, 0x0000, 0x0000, 0x0000, 
  0x0000, 0x0000, 0x0000, 0x0000, 0x98b0, 0x98b0, 0x98b0, 0xa0b1, 0xa0b0, 0x90cf, 0x4066, 0x0800, 
  0x0000, 0x0000, 0x0000, 0x0000, 0x0000, 0x0000, 0x0000, 0x0000, 0x0000, 0x0000, 0x0000, 0x0000, 
  0x0000, 0x0000, 0x0000, 0x0000, 0x0000, 0x0800, 0x78cd, 0xa872, 0xa872, 0x98b0, 0x4867, 0x0800, 
  0x0020, 0x0000, 0x0000, 0x0000, 0x0000, 0x0000, 0x0000, 0x0000, 0x0801, 0x5149, 0x8ab1, 0x1842, 
  0x0800, 0x0000, 0x0000, 0x0000, 0x0000, 0x0000, 0x0000, 0x0000, 0x0000, 0x0000, 0x0000, 0x0000, 
  0x0000, 0x0000, 0x0000, 0x0000, 0x0000, 0x1001, 0x40a7, 0x38a5, 0x0800, 0x0000, 0x0000, 0x0000, 
  0x0000, 0x0000, 0x0000, 0x0000, 0x0000, 0x0000, 0x0000, 0x0000, 0x0000, 0x0000, 0x0000, 0x0000, 
  0x0000, 0x0000, 0x0000, 0x0000, 0x0000, 0x0000, 0x0000, 0x10a2, 0xffde, 0xffde, 0xffdf, 0xffdf, 
  0xffdf, 0xffdf, 0xffdf, 0xffdf, 0xffdf, 0xffdf, 0xffdf, 0xffdf, 0xffdf, 0xffff, 0xffff, 0xffff, 
  0xffff, 0xffdf, 0x6b2c, 0x0000, 0x0000, 0x0000, 0x0000, 0x0000, 0x0000, 0x0000, 0x0000, 0x0000, 
  0x0000, 0x0000, 0x0000, 0x0000, 0x0000, 0x0000, 0x0000, 0x0000, 0x2104, 0xdefb, 0xf7be, 0xffdf, 
  0xffdf, 0xffdf, 0xffdf, 0xffdf, 0xffdf, 0xffdf, 0xffdf, 0xffdf, 0xffdf, 0xffdf, 0xffdf, 0xffdf, 
  0xffdf, 0xffdf, 0xffdf, 0xffdf, 0xffdf, 0xffff, 0xffff, 0xffdf, 0xffdf, 0xffdf, 0xef7d, 0x5aec, 
  0x0000, 0x0000, 0x0000, 0x0000, 0x0000, 0x0000, 0x0000, 0x0000, 0x0000, 0x0000, 0x0000, 0x0000, 
  0x0000, 0x0000, 0x0000, 0x0000, 0x0000, 0x0000, 0x0000, 0x0000, 0x0000, 0x0000, 0x0000, 0x0000, 
  0x0000, 0x0000, 0x0000, 0x0000, 0x0000, 0x8c51, 0xffde, 0xffdf, 0xffdf, 0xffdf, 0xffdf, 0xffdf, 
  0xffdf, 0xffdf, 0xffdf, 0xffdf, 0xffdf, 0xffdf, 0xffdf, 0xffdf, 0xffdf, 0xffdf, 0xffdf, 0xffdf, 
  0xffdf, 0xffdf, 0xffdf, 0x738e, 0x0000, 0x0000, 0x0000, 0x0000, 0x0000, 0x1082, 0xad34, 0x0000, 
  0x0000, 0x0000, 0x0000, 0x0000, 0x0000, 0x0000, 0x0000, 0x0000, 0x0000, 0x0000, 0x0000, 0x0000, 
  0x0000, 0x0000, 0x0000, 0x0000, 0x0000, 0x0000, 0x0000, 0x0000, 0x0000, 0x0000, 0x0000, 0x0000, 
  0x0000, 0x0000, 0x0000, 0x0000, 0x0000, 0x0000, 0x0000, 0x0000, 0x0000, 0x0000, 0x0000, 0x0000, 
  0x0000, 0x0000, 0x0000, 0x0000, 0x0000, 0x0000, 0x0000, 0x0000, 0x0800, 0x2043, 0x610b, 0x4087, 
  0x0801, 0x0000, 0x0000, 0x0000, 0x0000, 0x0000, 0x0000, 0x0000, 0x0000, 0x0000, 0x0000, 0x0000, 
  0x0000, 0x0000, 0x0000, 0x0000, 0x0000, 0x0000, 0x0000, 0x0000, 0x0800, 0x0820, 0x1001, 0x5047, 
  0x986e, 0xa02f, 0xa050, 0xa070, 0x708b, 0x2823, 0x0800, 0x0000, 0x0000, 0x0000, 0x0000, 0x0000, 
  0x0000, 0x0000, 0x0000, 0x0800, 0x3825, 0xa0b0, 0xb050, 0xb070, 0xa870, 0x80cc, 0x1802, 0x0800, 
  0x0000, 0x0000, 0x0000, 0x0000, 0x0000, 0x0000, 0x0000, 0x0000, 0x0000, 0x0000, 0x0000, 0x0000, 
  0x98b0, 0xa0b0, 0xa0b1, 0x9890, 0x90ef, 0x3845, 0x0800, 0x0000, 0x0000, 0x0000, 0x0000, 0x0000, 
  0x0000, 0x0000, 0x0000, 0x0000, 0x0000, 0x0000, 0x0000, 0x0000, 0x0000, 0x0000, 0x0000, 0x0000, 
  0x0000, 0x0800, 0x60aa, 0xa892, 0x80ce, 0x2824, 0x0800, 0x0020, 0x0000, 0x0000, 0x0000, 0x0000, 
  0x0000, 0x0000, 0x0000, 0x1021, 0x7a8e, 0x7a2d, 0x0801, 0x0000, 0x0000, 0x0000, 0x0000, 0x0000, 
  0x0000, 0x0000, 0x0000, 0x0000, 0x0000, 0x0000, 0x0000, 0x0000, 0x0000, 0x0000, 0x0000, 0x0800, 
  0x2864, 0x5129, 0x2023, 0x0000, 0x0000, 0x0000, 0x0000, 0x0000, 0x0000, 0x0000, 0x0000, 0x0000, 
  0x0000, 0x0000, 0x0000, 0x0000, 0x0000, 0x0000, 0x0000, 0x0000, 0x0000, 0x0000, 0x0000, 0x0000, 
  0x0000, 0x0000, 0x0000, 0x0000, 0xc617, 0xffde, 0xffdf, 0xffdf, 0xffdf, 0xffdf, 0xffdf, 0xffdf, 
  0xffdf, 0xffdf, 0xffdf, 0xffdf, 0xffdf, 0xffdf, 0xffdf, 0xffdf, 0xffdf, 0xffff, 0xbe17, 0x0020, 
  0x0000, 0x0000, 0x0000, 0x0000, 0x0000, 0x0000, 0x0000, 0x0000, 0x0000, 0x0000, 0x0000, 0x0000, 
  0x0000, 0x0000, 0x0000, 0x20e3, 0xe71c, 0xffde, 0xffdf, 0xffdf, 0xffdf, 0xffdf, 0xffdf, 0xffdf, 
  0xffdf, 0xffdf, 0xffdf, 0xffdf, 0xffdf, 0xffdf, 0xffdf, 0xffdf, 0xffdf, 0xffdf, 0xffdf, 0xffdf, 
  0xffdf, 0xffdf, 0xffff, 0xffff, 0xffdf, 0xe71c, 0x2945, 0x0020, 0x0000, 0x0000, 0x0000, 0x0000, 
  0x0000, 0x0000, 0x0000, 0x0000, 0x0000, 0x0000, 0x0000, 0x0000, 0x0000, 0x0000, 0x0000, 0x0000, 
  0x0000, 0x0000, 0x0000, 0x0000, 0x0000, 0x0000, 0x0000, 0x0000, 0x0000, 0x0000, 0x0000, 0x0000, 
  0x1082, 0xe6fb, 0xffde, 0xffdf, 0xffdf, 0xffdf, 0xffdf, 0xffdf, 0xffdf, 0xffdf, 0xffdf, 0xffdf, 
  0xffdf, 0xffdf, 0xffdf, 0xffdf, 0xffdf, 0xffdf, 0xffdf, 0xffdf, 0xffdf, 0xffdf, 0xef5d, 0x1082, 
  0x0000, 0x0000, 0x0000, 0x0000, 0x0000, 0x6b6d, 0xf79d, 0x2103, 0x0000, 0x0000, 0x0000, 0x0000, 
  0x0000, 0x0000, 0x0000, 0x0000, 0x0000, 0x0000, 0x0000, 0x0000, 0x0000, 0x0000, 0x0000, 0x0000, 
  0x0000, 0x0000, 0x0000, 0x0000, 0x0000, 0x0000, 0x0000, 0x0000, 0x0000, 0x0000, 0x0000, 0x0000, 
  0x0000, 0x0000, 0x0000, 0x0000, 0x0000, 0x0000, 0x0000, 0x0000, 0x0000, 0x0000, 0x0000, 0x0000, 
  0x0000, 0x0000, 0x0000, 0x0800, 0x3085, 0x592a, 0x2023, 0x0000, 0x0000, 0x0000, 0x0000, 0x0000, 
  0x0000, 0x0000, 0x0000, 0x0000, 0x0000, 0x0000, 0x0000, 0x0000, 0x0000, 0x0000, 0x0000, 0x0000, 
  0x0000, 0x0000, 0x0000, 0x0821, 0x1022, 0x1822, 0x686a, 0xa04f, 0xa030, 0x9870, 0x808d, 0x3825, 
  0x0800, 0x0000, 0x0000, 0x0000, 0x0000, 0x0000, 0x0000, 0x0000, 0x0000, 0x0000, 0x0000, 0x2823, 
  0x98cf, 0xb070, 0xa870, 0xa890, 0x78ac, 0x1802, 0x0000, 0x0000, 0x0000, 0x0000, 0x0000, 0x0000, 
  0x0000, 0x0000, 0x0000, 0x0000, 0x0000, 0x0000, 0x0000, 0x0000, 0x98b0, 0xa0b0, 0xa0b0, 0x90ee, 
  0x3825, 0x0800, 0x0000, 0x0000, 0x0000, 0x0000, 0x0000, 0x0000, 0x0000, 0x0000, 0x0000, 0x0000, 
  0x0000, 0x0000, 0x0000, 0x0000, 0x0000, 0x0000, 0x0000, 0x0000, 0x0000, 0x0000, 0x40a6, 0x60aa, 
  0x1822, 0x0000, 0x0000, 0x0000, 0x0000, 0x0000, 0x0000, 0x0000, 0x0000, 0x0820, 0x1863, 0x8b51, 
  0x4968, 0x0800, 0x0000, 0x0000, 0x0000, 0x0000, 0x0000, 0x0000, 0x0000, 0x0000, 0x0000, 0x0000, 
  0x0000, 0x0000, 0x0000, 0x0000, 0x0000, 0x0000, 0x1001, 0x5108, 0x5109, 0x1001, 0x0000, 0x0000, 
  0x0000, 0x0000, 0x0000, 0x0000, 0x0000, 0x0000, 0x0000, 0x0000, 0x0000, 0x0000, 0x0000, 0x0000, 
  0x0000, 0x0000, 0x0000, 0x0000, 0x0000, 0x0000, 0x0000, 0x0000, 0x0000, 0x0000, 0x0000, 0x0000, 
  0x6b6d, 0xffde, 0xffdf, 0xffdf, 0xffdf, 0xffdf, 0xffdf, 0xffdf, 0xffdf, 0xffdf, 0xffdf, 0xffdf, 
  0xffdf, 0xffdf, 0xffdf, 0xffff, 0xffff, 0xffdf, 0xf7de, 0x2104, 0x0000, 0x0000, 0x0000, 0x0000, 
  0x0000, 0x0000, 0x0000, 0x0000, 0x0000, 0x0000, 0x0000, 0x0000, 0x0000, 0x0000, 0x2104, 0xdeba, 
  0xffde, 0xffdf, 0xffdf, 0xffdf, 0xffdf, 0xffdf, 0xffdf, 0xffdf, 0xffdf, 0xffdf, 0xffdf, 0xffdf, 
  0xffdf, 0xffdf, 0xffdf, 0xffdf, 0xffdf, 0xffdf, 0xffdf, 0xffdf, 0xffdf, 0xffdf, 0xffff, 0xffdf, 
  0xc618, 0x2104, 0x0000, 0x0000, 0x0000, 0x0000, 0x0000, 0x0000, 0x0000, 0x0000, 0x0000, 0x0000, 
  0x0000, 0x0000, 0x0000, 0x0000, 0x0000, 0x0000, 0x0000, 0x0000, 0x0000, 0x0000, 0x0000, 0x0000, 
  0x0000, 0x0000, 0x0000, 0x0000, 0x0000, 0x0000, 0x0000, 0x0000, 0x7bce, 0xffde, 0xffdf, 0xffdf, 
  0xffdf, 0xffdf, 0xffdf, 0xffdf, 0xffdf, 0xffdf, 0xffdf, 0xffdf, 0xffdf, 0xffdf, 0xffdf, 0xffdf, 
  0xffdf, 0xffdf, 0xffdf, 0xffdf, 0xffdf, 0xf7df, 0x8410, 0x0000, 0x0000, 0x0000, 0x0000, 0x0000, 
  0x0820, 0xe71c, 0xffdf, 0x6b4d, 0x0000, 0x0000, 0x0000, 0x0000, 0x0000, 0x0000, 0x0000, 0x0000, 
  0x0000, 0x0000, 0x0000, 0x0000, 0x0000, 0x0000, 0x0000, 0x0000, 0x0000, 0x0000, 0x0000, 0x0000, 
  0x0000, 0x0000, 0x0000, 0x0000, 0x0000, 0x0000, 0x0000, 0x0000, 0x0000, 0x0000, 0x0000, 0x0000, 
  0x0000, 0x0000, 0x0000, 0x0000, 0x0000, 0x0000, 0x0000, 0x0000, 0x0000, 0x0000, 0x0801, 0x40c7, 
  0x48c7, 0x1001, 0x0000, 0x0000, 0x0000, 0x0000, 0x0000, 0x0000, 0x0000, 0x0000, 0x0000, 0x0000, 
  0x0000, 0x0000, 0x0000, 0x0000, 0x0000, 0x0000, 0x0000, 0x0000, 0x0000, 0x0800, 0x1022, 0x1022, 
  0x2824, 0x808d, 0xa871, 0xa050, 0x90ae, 0x5047, 0x1001, 0x0000, 0x0000, 0x0000, 0x0000, 0x0000, 
  0x0000, 0x0000, 0x0000, 0x0000, 0x0000, 0x0800, 0x1802, 0x88ce, 0xb070, 0xb071, 0xa8b1, 0x70ab, 
  0x1801, 0x0000, 0x0000, 0x0000, 0x0000, 0x0000, 0x0000, 0x0000, 0x0000, 0x0000, 0x0000, 0x0000, 
  0x0000, 0x0000, 0x0000, 0x0000, 0x98b0, 0x98b0, 0x90ee, 0x3044, 0x0820, 0x0000, 0x0000, 0x0000, 
  0x0000, 0x0000, 0x0000, 0x0000, 0x0000, 0x0000, 0x0000, 0x0000, 0x0000, 0x0000, 0x0000, 0x0000, 
  0x0000, 0x0000, 0x0000, 0x0000, 0x0000, 0x0000, 0x0800, 0x0800, 0x0000, 0x0000, 0x0000, 0x0000, 
  0x0000, 0x0000, 0x0000, 0x0020, 0x0800, 0x41a7, 0xa433, 0x28a4, 0x0800, 0x0000, 0x0000, 0x0000, 
  0x0000, 0x0000, 0x0000, 0x0000, 0x0000, 0x0000, 0x0000, 0x0000, 0x0000, 0x0000, 0x0000, 0x0000, 
  0x0800, 0x3065, 0x69ab, 0x30a6, 0x0000, 0x0000, 0x0000, 0x0000, 0x0000, 0x0000, 0x0000, 0x0000, 
  0x0000, 0x0000, 0x0000, 0x0000, 0x0000, 0x0000, 0x0000, 0x0000, 0x0000, 0x0000, 0x0000, 0x0000, 
  0x0000, 0x0000, 0x0000, 0x0000, 0x0000, 0x0000, 0x0000, 0x0000, 0x2945, 0xf7bd, 0xffde, 0xffdf, 
  0xffdf, 0xffdf, 0xffdf, 0xffdf, 0xffdf, 0xffdf, 0xffdf, 0xffdf, 0xffdf, 0xffdf, 0xffff, 0xffff, 
  0xffff, 0xffff, 0xffdf, 0x73ae, 0x0000, 0x0000, 0x0000, 0x0000, 0x0000, 0x0000, 0x0000, 0x0000, 
  0x0000, 0x0000, 0x0000, 0x0000, 0x0000, 0x18a2, 0xc618, 0xffdf, 0xffdf, 0xffdf, 0xffdf, 0xffdf, 
  0xffdf, 0xffdf, 0xffdf, 0xffdf, 0xffdf, 0xffdf, 0xffdf, 0xffdf, 0xffdf, 0xffdf, 0xffdf, 0xffdf, 
  0xffdf, 0xffdf, 0xffdf, 0xffdf, 0xffdf, 0xffff, 0xffdf, 0xb596, 0x10a2, 0x0020, 0x0000, 0x0000, 
  0x0000, 0x0000, 0x0000, 0x0000, 0x0000, 0x0000, 0x0000, 0x0000, 0x0000, 0x0000, 0x0000, 0x0000, 
  0x0000, 0x0000, 0x0000, 0x0000, 0x0000, 0x0000, 0x0000, 0x0000, 0x0000, 0x0000, 0x0000, 0x0000, 
  0x0000, 0x0000, 0x0000, 0x0861, 0xdeba, 0xffdf, 0xffff, 0xffdf, 0xffdf, 0xffdf, 0xffdf, 0xffdf, 
  0xffdf, 0xffdf, 0xffdf, 0xffdf, 0xffdf, 0xffdf, 0xffdf, 0xffdf, 0xffdf, 0xffdf, 0xffdf, 0xffdf, 
  0xffdf, 0xe73c, 0x18e3, 0x0000, 0x0000, 0x0000, 0x0000, 0x0000, 0x630c, 0xffdf, 0xffdf, 0xce79, 
  0x0000, 0x0000, 0x0000, 0x0000, 0x0000, 0x0000, 0x0000, 0x0000, 0x0000, 0x0000, 0x0000, 0x0000, 
  0x0000, 0x0000, 0x0000, 0x0000, 0x0000, 0x0000, 0x0000, 0x0000, 0x0000, 0x0000, 0x0000, 0x0000, 
  0x0000, 0x0000, 0x0000, 0x0000, 0x0000, 0x0000, 0x0000, 0x0000, 0x0000, 0x0000, 0x0000, 0x0000, 
  0x0000, 0x0000, 0x0000, 0x0000, 0x0000, 0x1842, 0x4907, 0x2884, 0x0800, 0x0000, 0x0000, 0x0000, 
  0x0000, 0x0000, 0x0000, 0x0000, 0x0000, 0x0000, 0x0000, 0x0000, 0x0000, 0x0000, 0x0000, 0x0000, 
  0x0000, 0x0000, 0x0000, 0x0000, 0x0801, 0x1022, 0x1822, 0x3825, 0x98cf, 0xa891, 0x98b0, 0x5889, 
  0x1802, 0x0000, 0x0000, 0x0000, 0x0000, 0x0000, 0x0000, 0x0000, 0x0000, 0x0000, 0x0000, 0x0000, 
  0x0000, 0x1021, 0x80ac, 0xb071, 0xb071, 0xa8d1, 0x68ca, 0x0801, 0x0000, 0x0000, 0x0000, 0x0000, 
  0x0000, 0x0000, 0x0000, 0x0000, 0x0000, 0x0000, 0x0000, 0x0000, 0x0000, 0x0000, 0x0000, 0x0000, 
  0x98b0, 0x90cf, 0x3845, 0x0800, 0x0000, 0x0000, 0x0000, 0x0000, 0x0000, 0x0000, 0x0000, 0x0000, 
  0x0000, 0x0000, 0x0000, 0x0000, 0x0000, 0x0000, 0x0000, 0x0000, 0x0000, 0x0000, 0x0000, 0x0000, 
  0x0000, 0x0000, 0x0000, 0x0000, 0x0000, 0x0000, 0x0000, 0x0000, 0x0000, 0x0000, 0x0000, 0x0800, 
  0x72ed, 0x8b90, 0x0800, 0x0000, 0x0000, 0x0000, 0x0000, 0x0000, 0x0000, 0x0000, 0x0000, 0x0000, 
  0x0000, 0x0000, 0x0000, 0x0000, 0x0000, 0x0000, 0x0000, 0x2043, 0x610a, 0x694b, 0x1822, 0x0000, 
  0x0000, 0x0000, 0x0000, 0x0000, 0x0000, 0x0000, 0x0000, 0x0000, 0x0000, 0x0000, 0x0000, 0x0000, 
  0x0000, 0x0000, 0x0000, 0x0000, 0x0000, 0x0000, 0x0000, 0x0000, 0x0000, 0x0000, 0x0000, 0x0000, 
  0x0000, 0x0000, 0x0000, 0x0000, 0x0020, 0xd699, 0xffde, 0xffdf, 0xffdf, 0xffdf, 0xffdf, 0xffdf, 
  0xffdf, 0xffdf, 0xffdf, 0xffdf, 0xffdf, 0xffdf, 0xffff, 0xffff, 0xffff, 0xffff, 0xffdf, 0xce79, 
  0x0000, 0x0000, 0x0000, 0x0000, 0x0000, 0x0000, 0x0000, 0x0000, 0x0000, 0x0000, 0x0000, 0x0000, 
  0x18c3, 0xbdd7, 0xffdf, 0xffdf, 0xffdf, 0xffdf, 0xffdf, 0xffdf, 0xffdf, 0xffdf, 0xffdf, 0xffdf, 
  0xffdf, 0xffdf, 0xffdf, 0xffdf, 0xffdf, 0xffdf, 0xffdf, 0xffdf, 0xffdf, 0xffdf, 0xffdf, 0xffdf, 
  0xffff, 0xffdf, 0x94b2, 0x0020, 0x0020, 0x0000, 0x0000, 0x0000, 0x0000, 0x0000, 0x0000, 0x0000, 
  0x0000, 0x0000, 0x0000, 0x0000, 0x0000, 0x0000, 0x0000, 0x0000, 0x0000, 0x0000, 0x0000, 0x0000, 
  0x0000, 0x0000, 0x0000, 0x0000, 0x0000, 0x0000, 0x0000, 0x0000, 0x0000, 0x0000, 0x0000, 0x62eb, 
  0xffdf, 0xffff, 0xffff, 0xffdf, 0xffdf, 0xffdf, 0xffdf, 0xffdf, 0xffdf, 0xffdf, 0xffff, 0xffdf, 
  0xffdf, 0xffdf, 0xffdf, 0xffdf, 0xffdf, 0xffdf, 0xffdf, 0xffdf, 0xffdf, 0x9492, 0x0000, 0x0000, 
  0x0000, 0x0000, 0x0000, 0x0861, 0xd69a, 0xffdf, 0xffff, 0xf7be, 0x39c7, 0x0000, 0x0000, 0x0000, 
  0x0000, 0x0000, 0x0000, 0x0000, 0x0000, 0x0000, 0x0000, 0x0000, 0x0000, 0x0000, 0x0000, 0x0000, 
  0x0000, 0x0000, 0x0000, 0x0000, 0x0000, 0x0000, 0x0000, 0x0000, 0x0000, 0x0000, 0x0000, 0x0000, 
  0x0000, 0x0000, 0x0000, 0x0000, 0x0000, 0x0000, 0x0000, 0x0000, 0x0000, 0x0000, 0x0000, 0x0000, 
  0x2884, 0x4107, 0x1001, 0x0000, 0x0000, 0x0000, 0x0000, 0x0000, 0x0000, 0x0000, 0x0000, 0x0000, 
  0x0000, 0x0000, 0x0000, 0x0000, 0x0000, 0x0000, 0x0000, 0x0000, 0x0000, 0x0000, 0x0800, 0x1022, 
  0x1822, 0x1802, 0x5889, 0xa0f2, 0xa0d1, 0x78ec, 0x2023, 0x0000, 0x0000, 0x0000, 0x0000, 0x0000, 
  0x0000, 0x0000, 0x0000, 0x0000, 0x0000, 0x0000, 0x0000, 0x0020, 0x1821, 0x78cc, 0xb091, 0xb071, 
  0xa8f1, 0x60c9, 0x0800, 0x0000, 0x0000, 0x0000, 0x0000, 0x0000, 0x0000, 0x0000, 0x0000, 0x0000, 
  0x0000, 0x0000, 0x0000, 0x0000, 0x0821, 0x0000, 0x0000, 0x0000, 0x98b0, 0x58a8, 0x0800, 0x0000, 
  0x0000, 0x0000, 0x0000, 0x0000, 0x0000, 0x0000, 0x0000, 0x0000, 0x0000, 0x0000, 0x0000, 0x0000, 
  0x0000, 0x0821, 0x28e4, 0x0000, 0x0000, 0x0000, 0x0000, 0x0000, 0x0000, 0x0000, 0x0000, 0x0000, 
  0x0000, 0x0000, 0x0000, 0x0000, 0x0000, 0x0000, 0x1861, 0x9c52, 0x5a4a, 0x0000, 0x0000, 0x0000, 
  0x0000, 0x0000, 0x0000, 0x0000, 0x0000, 0x0000, 0x0000, 0x0000, 0x0000, 0x0000, 0x0000, 0x0000, 
  0x0000, 0x0800, 0x4046, 0x814d, 0x48a8, 0x0801, 0x0000, 0x0000, 0x0000, 0x0000, 0x0000, 0x0000, 
  0x0000, 0x0000, 0x0000, 0x0000, 0x0000, 0x0000, 0x0000, 0x0000, 0x0000, 0x0000, 0x0000, 0x0000, 
  0x0000, 0x0000, 0x0000, 0x0000, 0x0000, 0x0000, 0x0000, 0x0000, 0x0000, 0x0000, 0x0000, 0x0000, 
  0x0000, 0x8c71, 0xffde, 0xffdf, 0xffdf, 0xffdf, 0xffdf, 0xffdf, 0xffdf, 0xffdf, 0xffdf, 0xffdf, 
  0xffdf, 0xffdf, 0xffdf, 0xffdf, 0xffdf, 0xffdf, 0xffdf, 0xf79e, 0x2945, 0x0000, 0x0000, 0x0000, 
  0x0000, 0x0000, 0x0000, 0x0000, 0x0000, 0x0000, 0x0000, 0x0000, 0xa4f3, 0xffdf, 0xffdf, 0xffdf, 
  0xffff, 0xffdf, 0xffdf, 0xffdf, 0xffdf, 0xffdf, 0xffdf, 0xffdf, 0xffdf, 0xffdf, 0xffdf, 0xffdf, 
  0xffdf, 0xffdf, 0xffdf, 0xffdf, 0xffdf, 0xffdf, 0xffdf, 0xffff, 0xffff, 0x8410, 0x0020, 0x0000, 
  0x0000, 0x0000, 0x0000, 0x0000, 0x0000, 0x0000, 0x0000, 0x0000, 0x0000, 0x0000, 0x0000, 0x0000, 
  0x0000, 0x0000, 0x0000, 0x0000, 0x0000, 0x0000, 0x0000, 0x0000, 0x0000, 0x0000, 0x0000, 0x0000, 
  0x0000, 0x0000, 0x0000, 0x0000, 0x0000, 0x0000, 0x0000, 0xd679, 0xffdf, 0xffdf, 0xffff, 0xffdf, 
  0xffdf, 0xffdf, 0xffdf, 0xffdf, 0xffdf, 0xffdf, 0xffdf, 0xffdf, 0xffdf, 0xffdf, 0xffdf, 0xffdf, 
  0xffdf, 0xffdf, 0xffdf, 0xffdf, 0xffdf, 0x2104, 0x0000, 0x0000, 0x0000, 0x0000, 0x0000, 0x526a, 
  0xffdf, 0xffff, 0xffff, 0xffde, 0x9cd2, 0x0000, 0x0000, 0x0000, 0x0000, 0x0000, 0x0000, 0x0000, 
  0x0000, 0x0000, 0x0000, 0x0000, 0x0000, 0x0000, 0x0000, 0x0000, 0x0000, 0x0000, 0x0000, 0x0000, 
  0x0000, 0x0000, 0x0000, 0x0000, 0x0000, 0x0000, 0x0000, 0x0000, 0x0000, 0x0000, 0x0000, 0x0000, 
  0x0000, 0x0000, 0x0000, 0x0000, 0x0000, 0x0000, 0x0800, 0x30c5, 0x2884, 0x0800, 0x0000, 0x0000, 
  0x0000, 0x0000, 0x0000, 0x0000, 0x0000, 0x0000, 0x0000, 0x0000, 0x0000, 0x0000, 0x0000, 0x0000, 
  0x0000, 0x0000, 0x0000, 0x0000, 0x0000, 0x1001, 0x1823, 0x1822, 0x2003, 0x78cc, 0xb133, 0x9910, 
  0x4087, 0x1001, 0x0000, 0x0000, 0x0000, 0x0000, 0x0000, 0x0000, 0x0000, 0x0000, 0x0000, 0x0000, 
  0x0000, 0x0000, 0x0800, 0x1001, 0x6869, 0xb091, 0xb091, 0xa912, 0x4887, 0x0800, 0x0000, 0x0000, 
  0x0000, 0x0000, 0x0000, 0x0000, 0x0000, 0x0000, 0x0000, 0x0000, 0x0000, 0x0000, 0x0800, 0x1062, 
  0x0000, 0x0000, 0x0000, 0x0000, 0x68aa, 0x0801, 0x0020, 0x0000, 0x0000, 0x0000, 0x0000, 0x0000, 
  0x0000, 0x0000, 0x0000, 0x0000, 0x0000, 0x0000, 0x0000, 0x0000, 0x2063, 0x5168, 0x0821, 0x0000, 
  0x0000, 0x0000, 0x0000, 0x0000, 0x0000, 0x0000, 0x0000, 0x0000, 0x0000, 0x0000, 0x0000, 0x0020, 
  0x0000, 0x3965, 0xa4b3, 0x20e4, 0x0000, 0x0000, 0x0000, 0x0000, 0x0000, 0x0000, 0x0000, 0x0000, 
  0x0000, 0x0000, 0x0000, 0x0000, 0x0000, 0x0000, 0x0000, 0x0800, 0x1822, 0x60a9, 0x70eb, 0x2844, 
  0x0800, 0x0000, 0x0000, 0x0000, 0x0000, 0x0000, 0x0000, 0x0000, 0x0000, 0x0000, 0x0000, 0x0000, 
  0x0000, 0x0000, 0x0000, 0x0000, 0x0000, 0x0000, 0x0000, 0x0000, 0x0000, 0x0000, 0x0000, 0x0000, 
  0x0000, 0x0000, 0x0000, 0x0000, 0x0000, 0x0000, 0x0000, 0x0000, 0x0000, 0x3186, 0xffde, 0xffdf, 
  0xffff, 0xffdf, 0xffdf, 0xffdf, 0xffdf, 0xffdf, 0xffdf, 0xffdf, 0xffdf, 0xffdf, 0xffff, 0xffdf, 
  0xffdf, 0xffff, 0xffdf, 0xffde, 0x73ae, 0x0000, 0x0000, 0x0000, 0x0000, 0x0000, 0x0000, 0x0000, 
  0x0000, 0x0000, 0x0000, 0x7bef, 0xffde, 0xffde, 0xffdf, 0xffdf, 0xffdf, 0xffdf, 0xffdf, 0xffdf, 
  0xffdf, 0xffdf, 0xffdf, 0xffdf, 0xffdf, 0xffdf, 0xffdf, 0xffdf, 0xffdf, 0xffdf, 0xffdf, 0xffdf, 
  0xffdf, 0xffdf, 0xffff, 0xffdf, 0x738e, 0x0000, 0x0020, 0x0000, 0x0000, 0x0000, 0x0000, 0x0000, 
  0x0000, 0x0000, 0x0000, 0x0000, 0x0000, 0x0000, 0x0000, 0x0000, 0x0000, 0x0000, 0x0000, 0x0000, 
  0x0000, 0x0000, 0x0000, 0x0000, 0x0000, 0x0000, 0x0000, 0x0000, 0x0000, 0x0000, 0x0000, 0x0000, 
  0x0000, 0x0000, 0x4208, 0xffff, 0xffdf, 0xffff, 0xffdf, 0xffdf, 0xffdf, 0xffdf, 0xffdf, 0xffdf, 
  0xffdf, 0xffdf, 0xffdf, 0xffdf, 0xffdf, 0xffdf, 0xffdf, 0xffdf, 0xffdf, 0xffff, 0xffff, 0xffdf, 
  0x94b2, 0x0000, 0x0000, 0x0000, 0x0000, 0x0000, 0x0000, 0xbdf7, 0xffdf, 0xffdf, 0xffff, 0xffdf, 
  0xef7d, 0x0841, 0x0000, 0x0000, 0x0000, 0x0000, 0x0000, 0x0000, 0x0000, 0x0000, 0x0000, 0x0000, 
  0x0000, 0x0000, 0x0000, 0x0000, 0x0000, 0x0000, 0x0000, 0x0000, 0x0000, 0x0000, 0x0000, 0x0000, 
  0x0000, 0x0000, 0x0000, 0x0000, 0x0000, 0x0000, 0x0000, 0x0000, 0x0000, 0x0000, 0x0000, 0x0000, 
  0x0000, 0x0821, 0x30c5, 0x1841, 0x0000, 0x0000, 0x0000, 0x0000, 0x0000, 0x0000, 0x0000, 0x0000, 
  0x0000, 0x0000, 0x0000, 0x0000, 0x0000, 0x0000, 0x0000, 0x0000, 0x0000, 0x0000, 0x0000, 0x0800, 
  0x1822, 0x1823, 0x1803, 0x3846, 0x9110, 0xa152, 0x60ab, 0x1802, 0x0020, 0x0000, 0x0000, 0x0000, 
  0x0000, 0x0000, 0x0000, 0x0000, 0x0000, 0x0000, 0x0000, 0x0000, 0x0020, 0x0800, 0x1000, 0x6889, 
  0xb090, 0xb092, 0xa111, 0x3845, 0x0800, 0x0000, 0x0000, 0x0000, 0x0000, 0x0000, 0x0000, 0x0000, 
  0x0000, 0x0000, 0x0000, 0x0000, 0x0000, 0x1041, 0x1062, 0x0000, 0x0000, 0x0000, 0x0000, 0x0000, 
  0x1822, 0x0000, 0x0000, 0x0000, 0x0000, 0x0000, 0x0000, 0x0000, 0x0000, 0x0000, 0x0000, 0x0000, 
  0x0000, 0x0000, 0x0800, 0x30a5, 0x5989, 0x0800, 0x0000, 0x0000, 0x0000, 0x0000, 0x0000, 0x0000, 
  0x0000, 0x0000, 0x0000, 0x0000, 0x0000, 0x0000, 0x0000, 0x0000, 0x5269, 0x7bae, 0x0821, 0x0000, 
  0x0000, 0x0000, 0x0000, 0x0000, 0x0000, 0x0000, 0x0000, 0x0000, 0x0000, 0x0000, 0x0000, 0x0000, 
  0x0000, 0x0000, 0x1001, 0x4045, 0x78cb, 0x5888, 0x1001, 0x0000, 0x0000, 0x0000, 0x0000, 0x0000, 
  0x0000, 0x0000, 0x0000, 0x0000, 0x0000, 0x0000, 0x0000, 0x0000, 0x0000, 0x0000, 0x0000, 0x0000, 
  0x0000, 0x0000, 0x0000, 0x0000, 0x0000, 0x0000, 0x0000, 0x0000, 0x0000, 0x0000, 0x0000, 0x0000, 
  0x0000, 0x0000, 0x0000, 0x0000, 0x0000, 0x0020, 0xdefb, 0xffdf, 0xffff, 0xffdf, 0xffdf, 0xffdf, 
  0xffdf, 0xffdf, 0xffdf, 0xffdf, 0xffdf, 0xffdf, 0xffff, 0xffdf, 0xffdf, 0xffdf, 0xffff, 0xffff, 
  0xd6ba, 0x0000, 0x0000, 0x0000, 0x0000, 0x0000, 0x0000, 0x0000, 0x0000, 0x0000, 0x52aa, 0xf7be, 
  0xffde, 0xffdf, 0xffdf, 0xffdf, 0xffdf, 0xffdf, 0xffdf, 0xffdf, 0xffdf, 0xffdf, 0xffdf, 0xffdf, 
  0xffdf, 0xffdf, 0xffdf, 0xffdf, 0xffdf, 0xffdf, 0xffdf, 0xffdf, 0xffdf, 0xffdf, 0xf7be, 0x634d, 
  0x0000, 0x0020, 0x0000, 0x0000, 0x0000, 0x0000, 0x0000, 0x0000, 0x0000, 0x0000, 0x0000, 0x0000, 
  0x0000, 0x0000, 0x0000, 0x0000, 0x0000, 0x0000, 0x0000, 0x0000, 0x0000, 0x0000, 0x0000, 0x0000, 
  0x0000, 0x0000, 0x0000, 0x0000, 0x0000, 0x0000, 0x0000, 0x0000, 0x0000, 0x0000, 0xa4f4, 0xffdf, 
  0xffdf, 0xffdf, 0xffdf, 0xffdf, 0xffdf, 0xffdf, 0xffdf, 0xffdf, 0xffdf, 0xffdf, 0xffdf, 0xffdf, 
  0xffdf, 0xffdf, 0xffdf, 0xffdf, 0xffdf, 0xffdf, 0xffdf, 0xef7e, 0x2124, 0x0000, 0x0000, 0x0000, 
  0x0000, 0x0000, 0x39e7, 0xf7be, 0xffdf, 0xffff, 0xffdf, 0xffdf, 0xffdf, 0x5acb, 0x0000, 0x0000, 
  0x0000, 0x0000, 0x0000, 0x0000, 0x0000, 0x0000, 0x0000, 0x0000, 0x0000, 0x0000, 0x0000, 0x0000, 
  0x0000, 0x0000, 0x0000, 0x0000, 0x0000, 0x0000, 0x0000, 0x0000, 0x0000, 0x0000, 0x0000, 0x0000, 
  0x0000, 0x0000, 0x0000, 0x0000, 0x0000, 0x0000, 0x0000, 0x0000, 0x1041, 0x2083, 0x0800, 0x0000, 
  0x0000, 0x0000, 0x0000, 0x0000, 0x0000, 0x0000, 0x0000, 0x0000, 0x0000, 0x0000, 0x0000, 0x0000, 
  0x0000, 0x0000, 0x0000, 0x0000, 0x0000, 0x0000, 0x1001, 0x1823, 0x1823, 0x2003, 0x5068, 0xa131, 
  0x810d, 0x2824, 0x0800, 0x0000, 0x0000, 0x0000, 0x0000, 0x0000, 0x0000, 0x0000, 0x0000, 0x0000, 
  0x0000, 0x0000, 0x0000, 0x0020, 0x0000, 0x0800, 0x5848, 0xa8b0, 0xb091, 0x98cf, 0x3044, 0x0820, 
  0x0000, 0x0000, 0x0000, 0x0000, 0x0000, 0x0000, 0x0000, 0x0000, 0x0000, 0x0000, 0x0000, 0x0000, 
  0x1042, 0x1883, 0x0000, 0x0000, 0x0000, 0x0000, 0x0000, 0x0000, 0x0800, 0x0820, 0x0020, 0x0000, 
  0x0000, 0x0000, 0x0000, 0x0000, 0x0000, 0x0000, 0x0000, 0x0000, 0x0000, 0x0800, 0x48e7, 0x5949, 
  0x0800, 0x0000, 0x0000, 0x0000, 0x0000, 0x0000, 0x0000, 0x0000, 0x0000, 0x0000, 0x0000, 0x0000, 
  0x0000, 0x0000, 0x0841, 0x736d, 0x5a8a, 0x0000, 0x0000, 0x0000, 0x0000, 0x0000, 0x0000, 0x0000, 
  0x0000, 0x0000, 0x0000, 0x0000, 0x0000, 0x0000, 0x0000, 0x0000, 0x0800, 0x2023, 0x70aa, 0x78ec, 
  0x3845, 0x0800, 0x0000, 0x0000, 0x0000, 0x0000, 0x0000, 0x0000, 0x0000, 0x0000, 0x0000, 0x0000, 
  0x0000, 0x0000, 0x0000, 0x0000, 0x0000, 0x0000, 0x0000, 0x0000, 0x0000, 0x0000, 0x0000, 0x0000, 
  0x0000, 0x0000, 0x0000, 0x0000, 0x0000, 0x0000, 0x0000, 0x0000, 0x0000, 0x0000, 0x0000, 0x0000, 
  0x0000, 0x0000, 0x9cd2, 0xffdf, 0xffdf, 0xffdf, 0xffdf, 0xffdf, 0xffdf, 0xffdf, 0xffdf, 0xffdf, 
  0xffdf, 0xffdf, 0xffdf, 0xffdf, 0xffdf, 0xffff, 0xffff, 0xffff, 0xffdf, 0x2945, 0x0000, 0x0000, 
  0x0000, 0x0000, 0x0000, 0x0000, 0x0000, 0x2104, 0xe71b, 0xffdf, 0xffdf, 0xffdf, 0xffdf, 0xffdf, 
  0xffdf, 0xffdf, 0xffdf, 0xffdf, 0xffdf, 0xffdf, 0xffdf, 0xffdf, 0xffdf, 0xffdf, 0xffdf, 0xffdf, 
  0xffdf, 0xffdf, 0xffdf, 0xffdf, 0xffdf, 0xf7be, 0x6b6d, 0x0020, 0x0000, 0x0000, 0x0000, 0x0000, 
  0x0000, 0x0000, 0x0000, 0x0000, 0x0000, 0x0000, 0x0000, 0x0000, 0x0000, 0x0000, 0x0000, 0x0000, 
  0x0000, 0x0000, 0x0000, 0x0000, 0x0000, 0x0000, 0x0000, 0x0000, 0x0000, 0x0000, 0x0000, 0x0000, 
  0x0000, 0x0000, 0x0000, 0x0000, 0x0000, 0x2945, 0xf79e, 0xffdf, 0xffdf, 0xffdf, 0xffdf, 0xffdf, 
  0xffdf, 0xffdf, 0xffdf, 0xffdf, 0xffdf, 0xffdf, 0xffdf, 0xffdf, 0xffdf, 0xffdf, 0xffdf, 0xffff, 
  0xffff, 0xffff, 0xffff, 0x9492, 0x0000, 0x0000, 0x0000, 0x0000, 0x0000, 0x0000, 0xbdf7, 0xffde, 
  0xffdf, 0xffdf, 0xffdf, 0xffdf, 0xffdf, 0xb596, 0x0000, 0x0000, 0x0000, 0x0000, 0x0000, 0x0000, 
  0x0000, 0x0000, 0x0000, 0x0000, 0x0000, 0x0000, 0x0000, 0x0000, 0x0000, 0x0000, 0x0000, 0x0000, 
  0x0000, 0x0000, 0x0000, 0x0000, 0x0000, 0x0000, 0x0000, 0x0000, 0x0000, 0x0000, 0x0000, 0x0000, 
  0x0000, 0x0000, 0x0000, 0x0841, 0x1041, 0x0000, 0x0000, 0x0000, 0x0000, 0x0000, 0x0000, 0x0000, 
  0x0000, 0x0000, 0x0000, 0x0000, 0x0000, 0x0000, 0x0000, 0x0000, 0x0000, 0x0000, 0x0000, 0x0000, 
  0x0800, 0x1802, 0x2023, 0x1823, 0x2004, 0x60ac, 0x9150, 0x4888, 0x1001, 0x0020, 0x0000, 0x0000, 
  0x0000, 0x0000, 0x0000, 0x0000, 0x0000, 0x0000, 0x0000, 0x0000, 0x0000, 0x0000, 0x0000, 0x0820, 
  0x0800, 0x4046, 0xa8b0, 0xb091, 0x88ae, 0x2023, 0x0000, 0x0000, 0x0000, 0x0000, 0x0000, 0x0000, 
  0x0000, 0x0000, 0x0000, 0x0000, 0x0000, 0x0000, 0x0000, 0x2083, 0x1883, 0x0000, 0x0000, 0x0000, 
  0x0000, 0x0000, 0x0000, 0x0000, 0x2865, 0x30c5, 0x0820, 0x0000, 0x0000, 0x0000, 0x0000, 0x0000, 
  0x0000, 0x0000, 0x0000, 0x0000, 0x0800, 0x596a, 0x40c7, 0x0800, 0x0000, 0x0000, 0x0000, 0x0000, 
  0x0000, 0x0000, 0x0000, 0x0000, 0x0000, 0x0000, 0x0000, 0x0000, 0x0020, 0x18a2, 0x8c30, 0x2945, 
  0x0000, 0x0000, 0x0000, 0x0000, 0x0000, 0x0000, 0x0000, 0x0000, 0x0000, 0x0000, 0x0000, 0x0000, 
  0x0000, 0x0000, 0x0000, 0x1001, 0x5888, 0x90ee, 0x70ab, 0x1822, 0x0000, 0x0000, 0x0000, 0x0000, 
  0x0000, 0x0000, 0x0000, 0x0000, 0x0000, 0x0000, 0x0000, 0x0000, 0x0000, 0x0000, 0x0000, 0x0000, 
  0x0000, 0x0000, 0x0000, 0x0000, 0x0000, 0x0000, 0x0801, 0x1001, 0x0801, 0x0801, 0x0000, 0x0000, 
  0x0000, 0x0000, 0x0000, 0x0000, 0x0000, 0x0000, 0x0000, 0x0000, 0x0000, 0x0000, 0x4a48, 0xffde, 
  0xffdf, 0xffdf, 0xffdf, 0xffdf, 0xffdf, 0xffdf, 0xffff, 0xffdf, 0xffdf, 0xffdf, 0xffdf, 0xffdf, 
  0xffdf, 0xffff, 0xffff, 0xffff, 0xffdf, 0x8c51, 0x0000, 0x0000, 0x0000, 0x0000, 0x0000, 0x0000, 
  0x0861, 0xd6ba, 0xffdf, 0xffdf, 0xffdf, 0xffdf, 0xffdf, 0xffdf, 0xffdf, 0xffdf, 0xffdf, 0xffdf, 
  0xffdf, 0xffdf, 0xffdf, 0xffdf, 0xffdf, 0xffdf, 0xffdf, 0xffdf, 0xffdf, 0xffdf, 0xffdf, 0xffdf, 
  0xffdf, 0x6b6d, 0x0020, 0x0000, 0x0000, 0x0000, 0x0000, 0x0000, 0x0000, 0x0000, 0x0000, 0x0000, 
  0x0000, 0x0000, 0x0000, 0x0000, 0x0000, 0x0000, 0x0000, 0x0000, 0x0000, 0x0000, 0x0000, 0x0000, 
  0x0000, 0x0000, 0x0000, 0x0000, 0x0000, 0x0000, 0x0000, 0x0000, 0x0000, 0x0000, 0x0000, 0x0000, 
  0x0000, 0x8c71, 0xffde, 0xffdf, 0xffdf, 0xffdf, 0xffdf, 0xffdf, 0xffdf, 0xffdf, 0xffdf, 0xffdf, 
  0xffdf, 0xffdf, 0xffdf, 0xffdf, 0xffff, 0xffdf, 0xffdf, 0xffff, 0xffff, 0xffdf, 0xf7be, 0x18e3, 
  0x0000, 0x0000, 0x0000, 0x0000, 0x0000, 0x39e7, 0xffbe, 0xffdf, 0xffdf, 0xffdf, 0xffdf, 0xffdf, 
  0xffdf, 0xf79e, 0x1082, 0x0000, 0x0000, 0x0000, 0x0000, 0x0000, 0x0000, 0x0000, 0x0000, 0x0000, 
  0x0000, 0x0000, 0x0000, 0x0000, 0x0000, 0x0000, 0x0000, 0x0000, 0x0000, 0x0000, 0x0000, 0x0000, 
  0x0000, 0x0000, 0x0000, 0x0000, 0x0000, 0x0000, 0x0000, 0x0000, 0x0000, 0x0000, 0x0820, 0x0020, 
  0x0000, 0x0000, 0x0000, 0x0000, 0x0000, 0x0000, 0x0000, 0x0000, 0x0000, 0x0000, 0x0000, 0x0000, 
  0x0000, 0x0000, 0x0000, 0x0000, 0x0000, 0x0000, 0x0000, 0x0801, 0x1803, 0x1823, 0x1803, 0x3025, 
  0x896f, 0x70eb, 0x2023, 0x0000, 0x0000, 0x0000, 0x0000, 0x0000, 0x0000, 0x0000, 0x0000, 0x0000, 
  0x0000, 0x0000, 0x0000, 0x0000, 0x0000, 0x0000, 0x0020, 0x0800, 0x4066, 0xa0b0, 0xb091, 0x80cc, 
  0x2022, 0x0000, 0x0000, 0x0000, 0x0000, 0x0000, 0x0000, 0x0000, 0x0000, 0x0000, 0x0000, 0x0000, 
  0x0000, 0x0800, 0x28c4, 0x1842, 0x0000, 0x0000, 0x0000, 0x0000, 0x0000, 0x0000, 0x0000, 0x0000, 
  0x40a7, 0x0800, 0x0000, 0x0000, 0x0000, 0x0000, 0x0000, 0x0000, 0x0000, 0x0000, 0x0000, 0x1001, 
  0x618a, 0x3084, 0x0800, 0x0000, 0x0000, 0x0000, 0x0000, 0x0000, 0x0000, 0x0000, 0x0000, 0x0000, 
  0x0000, 0x0000, 0x0000, 0x0000, 0x39c6, 0x62eb, 0x0841, 0x0000, 0x0000, 0x0000, 0x0000, 0x0000, 
  0x0000, 0x0000, 0x0000, 0x0000, 0x0000, 0x0000, 0x0000, 0x0000, 0x0000, 0x0800, 0x3024, 0x80cc, 
  0x910e, 0x5088, 0x0800, 0x0000, 0x0000, 0x0000, 0x0000, 0x0000, 0x0000, 0x0000, 0x0000, 0x0000, 
  0x0000, 0x0000, 0x0000, 0x0000, 0x0000, 0x0000, 0x0000, 0x0000, 0x0000, 0x0000, 0x0000, 0x0000, 
  0x0801, 0x1002, 0x1802, 0x1022, 0x1021, 0x0821, 0x0000, 0x0000, 0x0000, 0x0000, 0x0000, 0x0000, 
  0x0000, 0x0000, 0x0000, 0x0000, 0x0000, 0x0000, 0x0000, 0xe73c, 0xffdf, 0xffdf, 0xffff, 0xffdf, 
  0xffdf, 0xffdf, 0xffff, 0xffdf, 0xffdf, 0xffdf, 0xffdf, 0xffdf, 0xffff, 0xffff, 0xffff, 0xffff, 
  0xffdf, 0xce79, 0x0000, 0x0000, 0x0000, 0x0000, 0x0000, 0x0000, 0x8430, 0xffdf, 0xffdf, 0xffdf, 
  0xffdf, 0xffdf, 0xffdf, 0xffdf, 0xffdf, 0xffdf, 0xffdf, 0xffdf, 0xffdf, 0xffdf, 0xffdf, 0xffdf, 
  0xffdf, 0xffdf, 0xffdf, 0xffdf, 0xffdf, 0xffdf, 0xffff, 0xffff, 0x5aeb, 0x0020, 0x0000, 0x0000, 
  0x0000, 0x0000, 0x0000, 0x0000, 0x0000, 0x0000, 0x0000, 0x0000, 0x0000, 0x0000, 0x0000, 0x0000, 
  0x0000, 0x0000, 0x0000, 0x0000, 0x0000, 0x0000, 0x0000, 0x0000, 0x0000, 0x0000, 0x0000, 0x0000, 
  0x0000, 0x0000, 0x0000, 0x0000, 0x0000, 0x0000, 0x0000, 0x0000, 0x1082, 0xef5d, 0xffdf, 0xffdf, 
  0xffdf, 0xffdf, 0xffdf, 0xffdf, 0xffdf, 0xffdf, 0xffdf, 0xffdf, 0xffdf, 0xffdf, 0xffdf, 0xffdf, 
  0xffdf, 0xffdf, 0xffff, 0xffff, 0xffff, 0xffdf, 0x9492, 0x0000, 0x0000, 0x0000, 0x0000, 0x0000, 
  0x0000, 0xbdd7, 0xffdf, 0xffdf, 0xffdf, 0xffdf, 0xffdf, 0xffdf, 0xffdf, 0xffde, 0x8430, 0x0000, 
  0x0000, 0x0000, 0x0000, 0x0000, 0x0000, 0x0000, 0x0000, 0x0000, 0x0000, 0x0000, 0x0000, 0x0000, 
  0x0000, 0x0000, 0x0000, 0x0000, 0x0000, 0x0000, 0x0000, 0x0000, 0x0000, 0x0000, 0x0000, 0x0000, 
  0x0000, 0x0000, 0x0000, 0x0000, 0x0000, 0x0000, 0x0000, 0x0000, 0x0000, 0x0000, 0x0000, 0x0000, 
  0x0000, 0x0000, 0x0000, 0x0000, 0x0000, 0x0000, 0x0000, 0x0000, 0x0000, 0x0000, 0x0000, 0x0000, 
  0x0000, 0x0800, 0x1822, 0x2024, 0x1803, 0x2003, 0x50a9, 0x81af, 0x3866, 0x0801, 0x0000, 0x0000, 
  0x0000, 0x0000, 0x0000, 0x0000, 0x0000, 0x0000, 0x0000, 0x0000, 0x0000, 0x0000, 0x0000, 0x0000, 
  0x0000, 0x0000, 0x0800, 0x4046, 0xa0d0, 0xb0d1, 0x70ab, 0x1801, 0x0800, 0x0000, 0x0000, 0x0000, 
  0x0000, 0x0000, 0x0000, 0x0000, 0x0000, 0x0000, 0x0000, 0x0000, 0x1042, 0x30c5, 0x0821, 0x0000, 
  0x0000, 0x0000, 0x0000, 0x0000, 0x0000, 0x0000, 0x0000, 0x0000, 0x0000, 0x0000, 0x0000, 0x0000, 
  0x0000, 0x0000, 0x0000, 0x0000, 0x0000, 0x0000, 0x1842, 0x61aa, 0x2043, 0x0800, 0x0000, 0x0000, 
  0x0000, 0x0000, 0x0000, 0x0000, 0x0000, 0x0000, 0x0000, 0x0000, 0x0000, 0x0020, 0x0020, 0x4a48, 
  0x5269, 0x0000, 0x0000, 0x0000, 0x0000, 0x0000, 0x0000, 0x0000, 0x0000, 0x0000, 0x0000, 0x0000, 
  0x0000, 0x0000, 0x0000, 0x0000, 0x1802, 0x5868, 0x990f, 0x80ee, 0x3045, 0x0000, 0x0000, 0x0000, 
  0x0000, 0x0000, 0x0000, 0x0000, 0x0000, 0x0000, 0x0000, 0x0000, 0x0000, 0x0000, 0x0000, 0x0000, 
  0x0000, 0x0000, 0x0000, 0x0000, 0x0000, 0x0000, 0x0801, 0x1022, 0x2023, 0x2003, 0x2004, 0x1823, 
  0x1022, 0x0000, 0x0000, 0x0000, 0x0000, 0x0000, 0x0000, 0x0000, 0x0000, 0x0000, 0x0000, 0x0000, 
  0x0000, 0x0000, 0x0020, 0x9cf3, 0xffdf, 0xffdf, 0xffff, 0xffff, 0xffdf, 0xffff, 0xffff, 0xffff, 
  0xffff, 0xffff, 0xffff, 0xffff, 0xffff, 0xffff, 0xffff, 0xffff, 0xffdf, 0x5aeb, 0x0000, 0x0000, 
  0x0000, 0x0000, 0x0000, 0x31a6, 0xffdf, 0xffdf, 0xffdf, 0xffdf, 0xffdf, 0xffdf, 0xffdf, 0xffdf, 
  0xffdf, 0xffdf, 0xffdf, 0xffdf, 0xffdf, 0xffdf, 0xffdf, 0xffdf, 0xffdf, 0xffdf, 0xffdf, 0xffdf, 
  0xffff, 0xffff, 0xffdf, 0x6b6e, 0x0020, 0x0000, 0x0000, 0x0000, 0x0000, 0x0000, 0x0000, 0x0000, 
  0x0000, 0x0000, 0x0000, 0x0000, 0x0000, 0x0000, 0x0000, 0x0000, 0x0000, 0x0000, 0x0000, 0x0000, 
  0x0000, 0x0000, 0x0000, 0x0000, 0x0000, 0x0000, 0x0000, 0x0000, 0x0000, 0x0000, 0x0000, 0x0000, 
  0x0000, 0x0000, 0x0000, 0x0000, 0x7bcf, 0xffdf, 0xffdf, 0xffdf, 0xffdf, 0xffdf, 0xffdf, 0xffdf, 
  0xffdf, 0xffdf, 0xffdf, 0xffdf, 0xffdf, 0xffdf, 0xffdf, 0xffdf, 0xffdf, 0xffdf, 0xffff, 0xffff, 
  0xffdf, 0xef9e, 0x2945, 0x0000, 0x0000, 0x0000, 0x0000, 0x0000, 0x2945, 0xffdf, 0xffdf, 0xffdf, 
  0xffdf, 0xffdf, 0xffdf, 0xffdf, 0xffdf, 0xffdf, 0xce79, 0x0841, 0x0000, 0x0000, 0x0000, 0x0000, 
  0x0000, 0x0000, 0x0000, 0x0000, 0x0000, 0x0000, 0x0000, 0x0000, 0x0000, 0x0000, 0x0000, 0x0000, 
  0x0000, 0x0000, 0x0000, 0x0000, 0x0000, 0x0000, 0x0000, 0x0000, 0x0000, 0x0000, 0x0000, 0x0000, 
  0x0000, 0x0000, 0x0000, 0x0000, 0x0000, 0x0000, 0x0000, 0x0000, 0x0000, 0x0000, 0x0000, 0x0000, 
  0x0000, 0x0000, 0x0000, 0x0000, 0x0000, 0x0000, 0x0000, 0x0000, 0x1001, 0x2024, 0x2024, 0x2003, 
  0x2024, 0x694c, 0x714b, 0x1802, 0x0000, 0x0020, 0x0000, 0x0000, 0x0000, 0x0000, 0x0000, 0x0000, 
  0x0000, 0x0000, 0x0000, 0x0000, 0x0000, 0x0000, 0x0000, 0x0000, 0x0000, 0x0800, 0x3825, 0x98ef, 
  0xa8d1, 0x60aa, 0x0801, 0x0000, 0x0000, 0x0000, 0x0000, 0x0000, 0x0000, 0x0000, 0x0000, 0x0000, 
  0x0000, 0x0000, 0x0000, 0x2063, 0x30e5, 0x0800, 0x0000, 0x0000, 0x0000, 0x0000, 0x0000, 0x0000, 
  0x0000, 0x0000, 0x0000, 0x0000, 0x0000, 0x0000, 0x0000, 0x0000, 0x0000, 0x0000, 0x0000, 0x0000, 
  0x0000, 0x1843, 0x61aa, 0x1842, 0x0000, 0x0000, 0x0000, 0x0000, 0x0000, 0x0000, 0x0000, 0x0000, 
  0x0000, 0x0000, 0x0000, 0x0000, 0x0000, 0x1061, 0x630b, 0x2103, 0x0000, 0x0000, 0x0000, 0x0000, 
  0x0000, 0x0000, 0x0000, 0x0000, 0x0000, 0x0000, 0x0000, 0x0000, 0x0000, 0x0000, 0x0800, 0x3025, 
  0x788c, 0x98af, 0x68ab, 0x1822, 0x0000, 0x0000, 0x0000, 0x0000, 0x0000, 0x0000, 0x0000, 0x0000, 
  0x0000, 0x0000, 0x0000, 0x0000, 0x0000, 0x0000, 0x0000, 0x0000, 0x0000, 0x0000, 0x0000, 0x0000, 
  0x0000, 0x1802, 0x2004, 0x2804, 0x2804, 0x2825, 0x2825, 0x1822, 0x0000, 0x0800, 0x0821, 0x1001, 
  0x0801, 0x0000, 0x0000, 0x0000, 0x0000, 0x0000, 0x0000, 0x0000, 0x0000, 0x0000, 0x0000, 0x528a, 
  0xffde, 0xffdf, 0xffff, 0xffff, 0xffff, 0xffdf, 0xffff, 0xffdf, 0xffdf, 0xffff, 0xffff, 0xffff, 
  0xffff, 0xffff, 0xffff, 0xffdf, 0xc618, 0x0000, 0x0000, 0x0000, 0x0000, 0x0000, 0x1082, 0xd6ba, 
  0xffdf, 0xffff, 0xffdf, 0xffdf, 0xffdf, 0xffdf, 0xffdf, 0xffdf, 0xffdf, 0xffdf, 0xffdf, 0xffdf, 
  0xffdf, 0xffdf, 0xffdf, 0xffdf, 0xffdf, 0xffdf, 0xffff, 0xffdf, 0xffdf, 0xf7df, 0x73ae, 0x0020, 
  0x0000, 0x0000, 0x0000, 0x0000, 0x0000, 0x0000, 0x0000, 0x0000, 0x0000, 0x0000, 0x0000, 0x0000, 
  0x0000, 0x0000, 0x0000, 0x0000, 0x0000, 0x0000, 0x0000, 0x0000, 0x0000, 0x0000, 0x0000, 0x0000, 
  0x0000, 0x0000, 0x0000, 0x0000, 0x0000, 0x0000, 0x0000, 0x0000, 0x0000, 0x0000, 0x0000, 0x0841, 
  0xd6ba, 0xffde, 0xffdf, 0xffdf, 0xffdf, 0xffdf, 0xffdf, 0xffdf, 0xffdf, 0xffdf, 0xffdf, 0xffdf, 
  0xffdf, 0xffdf, 0xffdf, 0xffdf, 0xffff, 0xffff, 0xffff, 0xffdf, 0xffdf, 0x9cd3, 0x0000, 0x0000, 
  0x0000, 0x0000, 0x0000, 0x0000, 0x9cd3, 0xffdf, 0xffdf, 0xffdf, 0xffdf, 0xffdf, 0xffdf, 0xffdf, 
  0xffdf, 0xffdf, 0xf7be, 0x4228, 0x0000, 0x0000, 0x0000, 0x0000, 0x0000, 0x0000, 0x0000, 0x0000, 
  0x0000, 0x0000, 0x0000, 0x0000, 0x0000, 0x0000, 0x0000, 0x0000, 0x0000, 0x0000, 0x0000, 0x0000, 
  0x0000, 0x0000, 0x0000, 0x0000, 0x0000, 0x0000, 0x0000, 0x0000, 0x0000, 0x0000, 0x0000, 0x0000, 
  0x0000, 0x0000, 0x0000, 0x0000, 0x0000, 0x0000, 0x0000, 0x0000, 0x0000, 0x0000, 0x0000, 0x0000, 
  0x0000, 0x0000, 0x0800, 0x1822, 0x2824, 0x2824, 0x2823, 0x4066, 0x818d, 0x3865, 0x0801, 0x0000, 
  0x0020, 0x0000, 0x0000, 0x0000, 0x0000, 0x0000, 0x0000, 0x0000, 0x0000, 0x0000, 0x0000, 0x0000, 
  0x0000, 0x0000, 0x0000, 0x0000, 0x0800, 0x3845, 0x98cf, 0xa0f0, 0x5067, 0x0801, 0x0000, 0x0000, 
  0x0000, 0x0000, 0x0000, 0x0000, 0x0000, 0x0000, 0x0000, 0x0000, 0x0000, 0x0800, 0x30a4, 0x30a5, 
  0x0800, 0x0000, 0x0000, 0x0000, 0x0000, 0x0000, 0x0000, 0x0000, 0x0000, 0x0000, 0x0000, 0x0000, 
  0x0000, 0x0000, 0x0000, 0x0000, 0x0000, 0x0000, 0x0000, 0x0000, 0x2884, 0x5148, 0x1001, 0x0000, 
  0x0000, 0x0000, 0x0000, 0x0000, 0x0000, 0x0000, 0x0000, 0x0000, 0x0000, 0x0000, 0x0000, 0x0000, 
  0x1082, 0x5269, 0x1082, 0x0020, 0x0000, 0x0000, 0x0000, 0x0000, 0x0000, 0x0000, 0x0000, 0x0000, 
  0x0000, 0x0000, 0x0000, 0x0000, 0x0000, 0x1002, 0x6089, 0x906e, 0x888e, 0x4847, 0x0801, 0x0000, 
  0x0000, 0x0000, 0x0000, 0x0000, 0x0000, 0x0000, 0x0000, 0x0000, 0x0000, 0x0000, 0x0000, 0x0000, 
  0x0000, 0x0000, 0x0000, 0x0000, 0x0000, 0x0000, 0x0000, 0x1002, 0x2804, 0x3005, 0x2805, 0x2805, 
  0x3807, 0x3847, 0x1822, 0x0800, 0x1021, 0x1822, 0x1802, 0x1001, 0x0800, 0x0000, 0x0000, 0x0000, 
  0x0000, 0x0000, 0x0000, 0x0000, 0x0000, 0x0000, 0x0000, 0x1082, 0xf7be, 0xffdf, 0xffff, 0xffdf, 
  0xffff, 0xffdf, 0xffdf, 0xffff, 0xffdf, 0xffff, 0xffff, 0xffff, 0xffff, 0xffff, 0xffff, 0xffdf, 
  0x2965, 0x0000, 0x0000, 0x0000, 0x0000, 0x0000, 0x8c51, 0xffdf, 0xffdf, 0xffdf, 0xffdf, 0xffdf, 
  0xffdf, 0xffdf, 0xffdf, 0xffdf, 0xffdf, 0xffdf, 0xffdf, 0xffdf, 0xffdf, 0xffdf, 0xffdf, 0xffdf, 
  0xffdf, 0xffff, 0xffff, 0xffdf, 0xffdf, 0x8410, 0x0000, 0x0000, 0x0000, 0x0000, 0x0000, 0x0000, 
  0x0000, 0x0000, 0x0000, 0x0000, 0x0000, 0x0000, 0x0000, 0x0000, 0x0000, 0x0000, 0x0000, 0x0000, 
  0x0000, 0x0000, 0x0000, 0x0000, 0x0000, 0x0000, 0x0000, 0x0000, 0x0000, 0x0000, 0x0000, 0x0000, 
  0x0000, 0x1061, 0x0000, 0x0000, 0x0000, 0x0000, 0x0000, 0x4a69, 0xffde, 0xffdf, 0xffdf, 0xffdf, 
  0xffdf, 0xffdf, 0xffdf, 0xffdf, 0xffdf, 0xffdf, 0xffdf, 0xffdf, 0xffdf, 0xffdf, 0xffdf, 0xffdf, 
  0xffdf, 0xffff, 0xffff, 0xffdf, 0xf7bf, 0x2945, 0x0000, 0x0000, 0x0000, 0x0000, 0x0000, 0x31a6, 
  0xf79e, 0xffdf, 0xffdf, 0xffdf, 0xffdf, 0xffdf, 0xffdf, 0xffdf, 0xffdf, 0xffdf, 0xf7df, 0x9cb3, 
  0x0000, 0x0000, 0x0000, 0x0000, 0x0000, 0x0000, 0x0000, 0x0000, 0x0000, 0x0000, 0x0000, 0x0000, 
  0x0000, 0x0000, 0x0000, 0x0000, 0x0000, 0x0000, 0x0000, 0x0000, 0x0000, 0x0000, 0x0000, 0x0000, 
  0x0000, 0x0000, 0x0000, 0x0000, 0x0000, 0x0000, 0x0000, 0x0000, 0x0000, 0x0000, 0x0000, 0x0000, 
  0x0000, 0x0000, 0x0000, 0x0000, 0x0000, 0x0000, 0x0000, 0x0000, 0x0000, 0x1001, 0x2004, 0x2824, 
  0x2824, 0x2804, 0x58e9, 0x612a, 0x1822, 0x0020, 0x0000, 0x0000, 0x0000, 0x0000, 0x0000, 0x0000, 
  0x0000, 0x0000, 0x0000, 0x0000, 0x0000, 0x0000, 0x0000, 0x0000, 0x0000, 0x0000, 0x0000, 0x0800, 
  0x3865, 0x90ce, 0x9910, 0x3845, 0x0800, 0x0020, 0x0000, 0x0000, 0x0000, 0x0000, 0x0000, 0x0000, 
  0x0000, 0x0000, 0x0000, 0x0020, 0x1001, 0x40e6, 0x2863, 0x0800, 0x0000, 0x0000, 0x0000, 0x0000, 
  0x0000, 0x0000, 0x0000, 0x0000, 0x0000, 0x0000, 0x0000, 0x0000, 0x0000, 0x0000, 0x0000, 0x0000, 
  0x0000, 0x0000, 0x0000, 0x2084, 0x4107, 0x0800, 0x0020, 0x0000, 0x0000, 0x0000, 0x0000, 0x0000, 
  0x0000, 0x0000, 0x0000, 0x0000, 0x0000, 0x0020, 0x0020, 0x20e4, 0x4208, 0x0000, 0x0000, 0x0000, 
  0x0000, 0x0000, 0x0000, 0x0000, 0x0000, 0x0000, 0x0000, 0x0000, 0x0000, 0x0000, 0x0000, 0x0800, 
  0x4045, 0x80cd, 0x988f, 0x78ac, 0x3044, 0x0820, 0x0000, 0x0000, 0x0000, 0x0000, 0x0000, 0x0000, 
  0x0000, 0x0000, 0x0000, 0x0000, 0x0000, 0x0000, 0x0000, 0x0000, 0x0000, 0x0000, 0x0000, 0x0000, 
  0x0000, 0x0801, 0x2024, 0x3006, 0x3006, 0x3005, 0x3005, 0x4027, 0x4848, 0x1823, 0x1021, 0x1823, 
  0x2003, 0x1802, 0x1802, 0x0801, 0x0000, 0x0000, 0x0000, 0x0000, 0x0000, 0x0000, 0x0000, 0x0000, 
  0x0000, 0x0000, 0x0000, 0x0000, 0xb5b6, 0xffdf, 0xffdf, 0xffff, 0xffff, 0xffdf, 0xffdf, 0xffdf, 
  0xffdf, 0xffff, 0xffff, 0xffff, 0xffff, 0xffff, 0xffff, 0x9cd3, 0x0000, 0x0000, 0x0000, 0x0000, 
  0x0000, 0x2104, 0xffbe, 0xffdf, 0xffdf, 0xffdf, 0xffdf, 0xffdf, 0xffdf, 0xffdf, 0xffdf, 0xffdf, 
  0xffdf, 0xffdf, 0xffdf, 0xffdf, 0xffdf, 0xffdf, 0xffdf, 0xffff, 0xffff, 0xffff, 0xffff, 0xffdf, 
  0x9cf3, 0x0000, 0x0000, 0x0000, 0x0000, 0x0000, 0x0000, 0x0000, 0x0000, 0x0000, 0x0000, 0x0000, 
  0x0000, 0x0000, 0x0000, 0x0000, 0x0000, 0x0000, 0x0000, 0x0000, 0x0000, 0x0000, 0x0000, 0x0000, 
  0x0000, 0x0000, 0x0000, 0x0000, 0x0000, 0x0020, 0x0841, 0x4a28, 0xa4f3, 0x4228, 0x0000, 0x0000, 
  0x0000, 0x0000, 0x0000, 0xb5b6, 0xffde, 0xffdf, 0xffdf, 0xffdf, 0xffdf, 0xffdf, 0xffdf, 0xffdf, 
  0xffdf, 0xffdf, 0xffdf, 0xffdf, 0xffdf, 0xffdf, 0xffdf, 0xffdf, 0xffff, 0xffff, 0xffff, 0xffdf, 
  0xad55, 0x0000, 0x0000, 0x0000, 0x0000, 0x0000, 0x0000, 0xa514, 0xffdf, 0xffdf, 0xffdf, 0xffdf, 
  0xffdf, 0xffdf, 0xffdf, 0xffdf, 0xffdf, 0xffdf, 0xffdf, 0xef7d, 0x0841, 0x0000, 0x0000, 0x0000, 
  0x0000, 0x0000, 0x0000, 0x0000, 0x0000, 0x0000, 0x0000, 0x0000, 0x0000, 0x0000, 0x0000, 0x0000, 
  0x0000, 0x0000, 0x0000, 0x0000, 0x0000, 0x0000, 0x0000, 0x0000, 0x0000, 0x0000, 0x0000, 0x0000, 
  0x0000, 0x0000, 0x0000, 0x0000, 0x0000, 0x0000, 0x0000, 0x0000, 0x0000, 0x0000, 0x0000, 0x0000, 
  0x0000, 0x0000, 0x0000, 0x0000, 0x1822, 0x2824, 0x2805, 0x2824, 0x3025, 0x6129, 0x38a5, 0x0800, 
  0x0000, 0x0020, 0x0020, 0x0000, 0x0000, 0x0000, 0x0000, 0x0000, 0x0000, 0x0000, 0x0000, 0x0000, 
  0x0000, 0x0000, 0x0000, 0x0000, 0x0000, 0x0000, 0x0800, 0x3844, 0x98ef, 0x90ee, 0x3044, 0x0800, 
  0x0000, 0x0000, 0x0000, 0x0000, 0x0000, 0x0000, 0x0000, 0x0000, 0x0000, 0x0000, 0x0020, 0x1822, 
  0x48e7, 0x2043, 0x0000, 0x0000, 0x0000, 0x0000, 0x0000, 0x0000, 0x0000, 0x0000, 0x0000, 0x0000, 
  0x0000, 0x0000, 0x0000, 0x0000, 0x0000, 0x0000, 0x0000, 0x0000, 0x0000, 0x0000, 0x20a4, 0x28c5, 
  0x0800, 0x0000, 0x0000, 0x0000, 0x0000, 0x0000, 0x0000, 0x0000, 0x0000, 0x0000, 0x0000, 0x0821, 
  0x1862, 0x0820, 0x2924, 0x2924, 0x0000, 0x0000, 0x0000, 0x0000, 0x0000, 0x0000, 0x0000, 0x0000, 
  0x0000, 0x0000, 0x0000, 0x0000, 0x0000, 0x0800, 0x2022, 0x708a, 0xa0f0, 0x98ef, 0x58a9, 0x0801, 
  0x0020, 0x0000, 0x0000, 0x0000, 0x0000, 0x0000, 0x0000, 0x0000, 0x0000, 0x0000, 0x0000, 0x0000, 
  0x0000, 0x0000, 0x0000, 0x0000, 0x0000, 0x0000, 0x0000, 0x0800, 0x2023, 0x3026, 0x3806, 0x3806, 
  0x3006, 0x3025, 0x4028, 0x4869, 0x2824, 0x2023, 0x2824, 0x2024, 0x2023, 0x1823, 0x0801, 0x0000, 
  0x0000, 0x0000, 0x0000, 0x0000, 0x0000, 0x0000, 0x0000, 0x0000, 0x0000, 0x0000, 0x0000, 0x0000, 
  0x630b, 0xffdf, 0xffdf, 0xffff, 0xffff, 0xffff, 0xffdf, 0xffdf, 0xffdf, 0xffff, 0xffff, 0xffff, 
  0xffff, 0xffff, 0xe73c, 0x18e3, 0x0000, 0x0000, 0x0000, 0x0000, 0x0020, 0xbdd7, 0xffdf, 0xffff, 
  0xffdf, 0xffdf, 0xffdf, 0xffdf, 0xffdf, 0xffdf, 0xffdf, 0xffdf, 0xffdf, 0xffdf, 0xffdf, 0xffdf, 
  0xffdf, 0xffdf, 0xffdf, 0xffff, 0xffff, 0xffff, 0xffdf, 0xbe18, 0x0021, 0x0000, 0x0000, 0x0000, 
  0x0000, 0x0000, 0x0000, 0x0000, 0x0000, 0x0000, 0x0000, 0x0000, 0x0000, 0x0000, 0x0000, 0x0000, 
  0x0000, 0x0000, 0x0000, 0x0000, 0x0000, 0x0000, 0x0000, 0x0000, 0x0000, 0x0000, 0x0020, 0x0000, 
  0x2965, 0x7bef, 0xe73c, 0xffdf, 0xd6ba, 0x0000, 0x0000, 0x0000, 0x0000, 0x0000, 0x3186, 0xffde, 
  0xffdf, 0xffdf, 0xffdf, 0xffdf, 0xffdf, 0xffdf, 0xffdf, 0xffdf, 0xffdf, 0xffdf, 0xffdf, 0xffdf, 
  0xffdf, 0xffdf, 0xffdf, 0xffdf, 0xffff, 0xffff, 0xffff, 0xffdf, 0x39c7, 0x0000, 0x0000, 0x0000, 
  0x0000, 0x0000, 0x18e3, 0xf7be, 0xffdf, 0xffdf, 0xffdf, 0xffdf, 0xffdf, 0xffdf, 0xffdf, 0xffdf, 
  0xffdf, 0xffdf, 0xffdf, 0xf7de, 0x528a, 0x0000, 0x0000, 0x0000, 0x0000, 0x0000, 0x0000, 0x0000, 
  0x0000, 0x0000, 0x0000, 0x0000, 0x0000, 0x0000, 0x0000, 0x0000, 0x0000, 0x0000, 0x0000, 0x0000, 
  0x0000, 0x0000, 0x0000, 0x0000, 0x0000, 0x0000, 0x0000, 0x0000, 0x0000, 0x0000, 0x0000, 0x0000, 
  0x0000, 0x0000, 0x0000, 0x0000, 0x0000, 0x0000, 0x0000, 0x0000, 0x0000, 0x0000, 0x0801, 0x2024, 
  0x2825, 0x2804, 0x2824, 0x4067, 0x5929, 0x1822, 0x0800, 0x0000, 0x0000, 0x0000, 0x0000, 0x0000, 
  0x0000, 0x0000, 0x0000, 0x0000, 0x0000, 0x0000, 0x0000, 0x0000, 0x0000, 0x0000, 0x0000, 0x0000, 
  0x0020, 0x0800, 0x4045, 0xa12f, 0x810d, 0x2023, 0x0000, 0x0000, 0x0000, 0x0000, 0x0000, 0x0000, 
  0x0000, 0x0000, 0x0000, 0x0000, 0x0000, 0x0800, 0x1842, 0x4907, 0x1822, 0x0000, 0x0000, 0x0000, 
  0x0000, 0x0000, 0x0000, 0x0000, 0x0000, 0x0000, 0x0000, 0x0000, 0x0000, 0x0000, 0x0000, 0x0000, 
  0x0000, 0x0000, 0x0000, 0x0000, 0x0000, 0x18a3, 0x1862, 0x0000, 0x0000, 0x0000, 0x0000, 0x0000, 
  0x0000, 0x0000, 0x0000, 0x0000, 0x0000, 0x0000, 0x1883, 0x28e4, 0x0821, 0x20e3, 0x0861, 0x0000, 
  0x0000, 0x0000, 0x0000, 0x0000, 0x0000, 0x0000, 0x0000, 0x0000, 0x0000, 0x0000, 0x0000, 0x0000, 
  0x1001, 0x5087, 0x98ce, 0xa8f1, 0x90ef, 0x3865, 0x0800, 0x0000, 0x0000, 0x0000, 0x0000, 0x0000, 
  0x0000, 0x0000, 0x0000, 0x0000, 0x0000, 0x0000, 0x0000, 0x0000, 0x0000, 0x0000, 0x0000, 0x0000, 
  0x0000, 0x0000, 0x1822, 0x3045, 0x4027, 0x3807, 0x3806, 0x3806, 0x3806, 0x4828, 0x5069, 0x3826, 
  0x3026, 0x3025, 0x3025, 0x2825, 0x2023, 0x0000, 0x0000, 0x0000, 0x0000, 0x0000, 0x0000, 0x0000, 
  0x0000, 0x0000, 0x0000, 0x0000, 0x0000, 0x0000, 0x0000, 0x0000, 0x2104, 0xf79e, 0xffff, 0xffff, 
  0xffff, 0xffff, 0xffdf, 0xffdf, 0xffff, 0xffff, 0xffff, 0xffff, 0xffff, 0xffff, 0x6b4d, 0x0000, 
  0x0000, 0x0000, 0x0000, 0x0000, 0x5aab, 0xffdf, 0xffdf, 0xffdf, 0xffdf, 0xffdf, 0xffdf, 0xffdf, 
  0xffdf, 0xffdf, 0xffdf, 0xffdf, 0xffdf, 0xffdf, 0xffdf, 0xffdf, 0xffdf, 0xffdf, 0xffdf, 0xffff, 
  0xffff, 0xffdf, 0xd6ba, 0x1082, 0x0000, 0x0000, 0x0000, 0x0000, 0x0000, 0x0000, 0x0000, 0x0000, 
  0x0000, 0x0000, 0x0000, 0x0000, 0x0000, 0x0000, 0x0000, 0x0000, 0x0000, 0x0000, 0x0000, 0x0000, 
  0x0000, 0x0000, 0x0000, 0x0000, 0x0000, 0x0000, 0x52aa, 0xbdf7, 0xf7be, 0xffdf, 0xffff, 0xffff, 
  0x73ae, 0x0000, 0x0000, 0x0000, 0x0000, 0x0000, 0x9cd2, 0xffdf, 0xffdf, 0xffdf, 0xffdf, 0xffdf, 
  0xffdf, 0xffdf, 0xffdf, 0xffdf, 0xffdf, 0xffdf, 0xffdf, 0xffdf, 0xffdf, 0xffdf, 0xffdf, 0xffff, 
  0xffff, 0xffff, 0xffff, 0xad55, 0x0000, 0x0000, 0x0000, 0x0000, 0x0000, 0x0000, 0x8c71, 0xffde, 
  0xffdf, 0xffdf, 0xffdf, 0xffdf, 0xffdf, 0xffdf, 0xffdf, 0xffdf, 0xffdf, 0xffdf, 0xffdf, 0xffdf, 
  0xad55, 0x0000, 0x0000, 0x0000, 0x0000, 0x0000, 0x0000, 0x0000, 0x0000, 0x0000, 0x0000, 0x0000, 
  0x0000, 0x0000, 0x0000, 0x0000, 0x0000, 0x0000, 0x0000, 0x0000, 0x0000, 0x0000, 0x0000, 0x0000, 
  0x0000, 0x0000, 0x0000, 0x0000, 0x0000, 0x0000, 0x0000, 0x0000, 0x0000, 0x0000, 0x0000, 0x0000, 
  0x0000, 0x0000, 0x0000, 0x0000, 0x0000, 0x1022, 0x2844, 0x2824, 0x2824, 0x2824, 0x48e8, 0x38c6, 
  0x0800, 0x0000, 0x0000, 0x0000, 0x0000, 0x0000, 0x0000, 0x0000, 0x0000, 0x0000, 0x0000, 0x0000, 
  0x0000, 0x0000, 0x0000, 0x0000, 0x0000, 0x0000, 0x0000, 0x0000, 0x0820, 0x4065, 0xa171, 0x790d, 
  0x1802, 0x0800, 0x0000, 0x0000, 0x0000, 0x0000, 0x0000, 0x0000, 0x0000, 0x0000, 0x0000, 0x0000, 
  0x0000, 0x2063, 0x48e7, 0x1001, 0x0000, 0x0000, 0x0000, 0x0000, 0x0000, 0x0000, 0x0000, 0x0000, 
  0x0000, 0x0000, 0x0000, 0x0000, 0x0000, 0x0000, 0x0800, 0x3846, 0x0000, 0x0000, 0x0000, 0x0000, 
  0x0841, 0x0841, 0x0020, 0x0000, 0x0000, 0x0000, 0x0000, 0x0000, 0x0000, 0x0000, 0x0000, 0x0000, 
  0x0821, 0x4167, 0x28c4, 0x0000, 0x0020, 0x0000, 0x0000, 0x0000, 0x0000, 0x0000, 0x0000, 0x0000, 
  0x0000, 0x0000, 0x0000, 0x0000, 0x0000, 0x0020, 0x0800, 0x2823, 0x80cc, 0xa8d0, 0xa0f0, 0x70cb, 
  0x1822, 0x0800, 0x0000, 0x0000, 0x0000, 0x0000, 0x0000, 0x0000, 0x0000, 0x0000, 0x0000, 0x0000, 
  0x0000, 0x0000, 0x0000, 0x0000, 0x0000, 0x0000, 0x0000, 0x0000, 0x1001, 0x2845, 0x4027, 0x4027, 
  0x4007, 0x4007, 0x4006, 0x4006, 0x4848, 0x5049, 0x4027, 0x3826, 0x3026, 0x3026, 0x3045, 0x1843, 
  0x0000, 0x0000, 0x0000, 0x0000, 0x0000, 0x0000, 0x0000, 0x0000, 0x0000, 0x0000, 0x0000, 0x0000, 
  0x0000, 0x0000, 0x0000, 0x0000, 0x0000, 0xbdf7, 0xffff, 0xffff, 0xffff, 0xffff, 0xffff, 0xffff, 
  0xffff, 0xffff, 0xffff, 0xffff, 0xffdf, 0xd6bb, 0x0861, 0x0000, 0x0000, 0x0000, 0x0000, 0x18c3, 
  0xe6fc, 0xffdf, 0xffdf, 0xffdf, 0xffdf, 0xffdf, 0xffdf, 0xffdf, 0xffdf, 0xffdf, 0xffdf, 0xffdf, 
  0xffdf, 0xffdf, 0xffdf, 0xffdf, 0xffdf, 0xffdf, 0xffdf, 0xffff, 0xffff, 0xe73c, 0x2124, 0x0000, 
  0x0000, 0x0000, 0x0000, 0x0000, 0x0000, 0x0000, 0x0000, 0x0000, 0x0000, 0x0000, 0x0000, 0x0000, 
  0x0000, 0x0000, 0x0000, 0x0000, 0x0000, 0x0000, 0x0000, 0x0000, 0x0000, 0x0000, 0x0000, 0x3186, 
  0x8430, 0xe73c, 0xffdf, 0xffdf, 0xffff, 0xffff, 0xffff, 0xf7be, 0x10a2, 0x0000, 0x0000, 0x0000, 
  0x0000, 0x1082, 0xe73c, 0xffdf, 0xffdf, 0xffdf, 0xffdf, 0xffdf, 0xffdf, 0xffdf, 0xffdf, 0xffdf, 
  0xffdf, 0xffdf, 0xffdf, 0xffdf, 0xffdf, 0xffdf, 0xffdf, 0xffff, 0xffff, 0xffff, 0xffdf, 0x39c7, 
  0x0000, 0x0000, 0x0000, 0x0000, 0x0000, 0x18c3, 0xdefb, 0xffde, 0xffdf, 0xffdf, 0xffdf, 0xffdf, 
  0xffdf, 0xffdf, 0xffdf, 0xffdf, 0xffdf, 0xffdf, 0xffdf, 0xffdf, 0xf7de, 0x10a2, 0x0000, 0x0000, 
  0x0000, 0x0000, 0x0000, 0x0000, 0x0000, 0x0000, 0x0000, 0x0000, 0x0000, 0x0000, 0x0000, 0x0000, 
  0x0000, 0x0000, 0x0000, 0x0000, 0x0000, 0x0000, 0x0000, 0x0000, 0x0000, 0x0000, 0x0000, 0x0000, 
  0x0000, 0x0000, 0x0000, 0x0000, 0x0000, 0x0000, 0x0000, 0x0000, 0x0000, 0x0000, 0x0000, 0x0800, 
  0x2043, 0x3025, 0x2805, 0x2824, 0x3045, 0x48e8, 0x2063, 0x0000, 0x0000, 0x0000, 0x0000, 0x0000, 
  0x0000, 0x0000, 0x0000, 0x0000, 0x0000, 0x0000, 0x0000, 0x0000, 0x0000, 0x0000, 0x0000, 0x0000, 
  0x0000, 0x0000, 0x0000, 0x0800, 0x4065, 0xa170, 0x68ea, 0x1002, 0x0800, 0x0000, 0x0000, 0x0000, 
  0x0000, 0x0000, 0x0000, 0x0000, 0x0000, 0x0000, 0x0000, 0x0800, 0x38a5, 0x40c6, 0x0800, 0x0000, 
  0x0000, 0x0000, 0x0000, 0x0000, 0x0000, 0x0000, 0x0000, 0x0000, 0x0000, 0x0000, 0x0000, 0x0000, 
  0x0000, 0x1001, 0x5068, 0x704c, 0x0000, 0x0000, 0x0000, 0x0000, 0x0020, 0x0000, 0x0000, 0x0000, 
  0x0000, 0x0000, 0x0000, 0x0000, 0x0000, 0x0000, 0x0020, 0x28a4, 0x51a8, 0x1041, 0x0000, 0x0000, 
  0x0000, 0x0000, 0x0000, 0x0000, 0x0000, 0x0000, 0x0000, 0x0000, 0x0000, 0x0000, 0x0000, 0x0020, 
  0x0000, 0x1001, 0x5088, 0xa0ef, 0xa8d1, 0x98f0, 0x58a8, 0x1001, 0x0000, 0x0000, 0x0000, 0x0000, 
  0x0000, 0x0000, 0x0000, 0x0000, 0x0000, 0x0000, 0x0000, 0x0000, 0x0000, 0x0000, 0x0000, 0x0000, 
  0x0000, 0x0000, 0x0800, 0x2023, 0x3867, 0x4008, 0x4807, 0x4007, 0x4007, 0x4007, 0x4007, 0x4828, 
  0x4828, 0x4026, 0x3826, 0x3826, 0x3827, 0x3066, 0x1022, 0x0000, 0x0000, 0x0000, 0x0000, 0x0000, 
  0x0000, 0x0000, 0x0000, 0x0000, 0x0000, 0x0000, 0x0000, 0x0000, 0x0000, 0x0000, 0x0000, 0x0000, 
  0x0000, 0x7bef, 0xffdf, 0xffdf, 0xffff, 0xffff, 0xffff, 0xffff, 0xffff, 0xffff, 0xffff, 0xffff, 
  0xffff, 0x52aa, 0x0000, 0x0000, 0x0000, 0x0000, 0x0000, 0x8c50, 0xffdf, 0xffdf, 0xffdf, 0xffdf, 
  0xffdf, 0xffdf, 0xffdf, 0xffdf, 0xffdf, 0xffdf, 0xffdf, 0xffdf, 0xffdf, 0xffdf, 0xffdf, 0xffff, 
  0xffdf, 0xffdf, 0xffdf, 0xffdf, 0xf7df, 0x52aa, 0x0000, 0x0000, 0x0000, 0x0000, 0x0000, 0x0000, 
  0x0000, 0x0000, 0x0000, 0x0000, 0x0000, 0x0000, 0x0000, 0x0000, 0x0000, 0x0000, 0x0000, 0x0000, 
  0x0000, 0x0000, 0x0000, 0x0000, 0x1081, 0x630c, 0xbdf7, 0xffdf, 0xffdf, 0xffdf, 0xffff, 0xffff, 
  0xffff, 0xffff, 0xffff, 0x9cf3, 0x0000, 0x0000, 0x0000, 0x0000, 0x0000, 0x6b6d, 0xffdf, 0xffdf, 
  0xffdf, 0xffdf, 0xffdf, 0xffff, 0xffff, 0xffdf, 0xffdf, 0xffdf, 0xffdf, 0xffdf, 0xffdf, 0xffdf, 
  0xffdf, 0xffdf, 0xffff, 0xffff, 0xffff, 0xffff, 0xbdf7, 0x0000, 0x0000, 0x0000, 0x0000, 0x0000, 
  0x0000, 0x7bce, 0xffdf, 0xffdf, 0xffdf, 0xffdf, 0xffdf, 0xffdf, 0xffdf, 0xffdf, 0xffdf, 0xffdf, 
  0xffdf, 0xffdf, 0xffdf, 0xffdf, 0xffde, 0x6b4d, 0x0000, 0x0000, 0x0000, 0x0000, 0x0000, 0x0000, 
  0x0000, 0x0000, 0x0000, 0x0000, 0x0000, 0x0000, 0x0000, 0x0000, 0x0000, 0x0000, 0x0000, 0x0000, 
  0x0000, 0x0000, 0x0000, 0x0000, 0x0000, 0x0000, 0x0000, 0x0000, 0x0000, 0x0000, 0x0000, 0x0000, 
  0x0000, 0x0000, 0x0000, 0x0000, 0x0000, 0x0000, 0x1022, 0x2865, 0x2825, 0x2804, 0x2824, 0x3886, 
  0x38c6, 0x0801, 0x0000, 0x0000, 0x0000, 0x0000, 0x0000, 0x0000, 0x0000, 0x0000, 0x0000, 0x0000, 
  0x0000, 0x0000, 0x0000, 0x0000, 0x0000, 0x0000, 0x0000, 0x0000, 0x0000, 0x0020, 0x0800, 0x4066, 
  0x9970, 0x50a9, 0x0801, 0x0000, 0x0000, 0x0000, 0x0000, 0x0000, 0x0000, 0x0000, 0x0000, 0x0000, 
  0x0000, 0x0000, 0x0800, 0x40c7, 0x30a4, 0x0000, 0x0000, 0x0000, 0x0000, 0x0000, 0x0000, 0x0000, 
  0x0000, 0x0000, 0x0000, 0x0000, 0x0000, 0x0000, 0x0000, 0x0000, 0x2823, 0x606a, 0x700c, 0x700b, 
  0x0000, 0x0000, 0x0000, 0x0000, 0x0000, 0x0000, 0x0000, 0x0000, 0x0000, 0x0000, 0x0000, 0x0000, 
  0x0000, 0x1021, 0x5169, 0x5168, 0x0800, 0x0000, 0x0000, 0x0000, 0x0000, 0x0000, 0x0000, 0x0000, 
  0x0000, 0x0000, 0x0000, 0x0000, 0x0000, 0x0000, 0x0000, 0x0800, 0x2823, 0x80ad, 0xa8d1, 0xa8d1, 
  0x890e, 0x2844, 0x0800, 0x0020, 0x0000, 0x0000, 0x0000, 0x0000, 0x0000, 0x0000, 0x0000, 0x0000, 
  0x0000, 0x0000, 0x0000, 0x0000, 0x0000, 0x0000, 0x0000, 0x0000, 0x0000, 0x1022, 0x3866, 0x4828, 
  0x4808, 0x4807, 0x4807, 0x4807, 0x4807, 0x4007, 0x4007, 0x4807, 0x4027, 0x4027, 0x4027, 0x4047, 
  0x3065, 0x0000, 0x0000, 0x0000, 0x0000, 0x0000, 0x0000, 0x0000, 0x0000, 0x0000, 0x0000, 0x0000, 
  0x0000, 0x0000, 0x0000, 0x0000, 0x0000, 0x0000, 0x0000, 0x0000, 0x0000, 0x18e3, 0xffdf, 0xffdf, 
  0xffff, 0xffff, 0xffff, 0xffff, 0xffff, 0xffff, 0xffff, 0xffff, 0xc618, 0x0020, 0x0000, 0x0000, 
  0x0000, 0x0000, 0x18e3, 0xef7d, 0xffdf, 0xffdf, 0xffdf, 0xffdf, 0xffdf, 0xffdf, 0xffdf, 0xffdf, 
  0xffdf, 0xffdf, 0xffdf, 0xffdf, 0xffdf, 0xffdf, 0xffff, 0xffff, 0xffff, 0xffff, 0xffff, 0xffff, 
  0x7bcf, 0x0000, 0x0000, 0x0000, 0x0000, 0x0000, 0x0000, 0x0000, 0x0000, 0x0000, 0x0000, 0x0000, 
  0x0000, 0x0000, 0x0000, 0x0000, 0x0000, 0x0000, 0x0000, 0x0000, 0x0000, 0x0861, 0x3186, 0x9492, 
  0xf79e, 0xf7de, 0xffdf, 0xffdf, 0xffdf, 0xffff, 0xffff, 0xffff, 0xffff, 0xffdf, 0xffdf, 0x3186, 
  0x0000, 0x0000, 0x0000, 0x0000, 0x0000, 0xd69a, 0xffdf, 0xffdf, 0xffff, 0xffdf, 0xffdf, 0xffdf, 
  0xffdf, 0xffdf, 0xffdf, 0xffdf, 0xffdf, 0xffdf, 0xffdf, 0xffdf, 0xffdf, 0xffdf, 0xffdf, 0xffff, 
  0xffff, 0xffdf, 0x39c7, 0x0000, 0x0000, 0x0000, 0x0000, 0x0000, 0x0861, 0xef7d, 0xffdf, 0xffdf, 
  0xffdf, 0xffdf, 0xffdf, 0xffdf, 0xffdf, 0xffdf, 0xffdf, 0xffdf, 0xffdf, 0xffdf, 0xffdf, 0xffdf, 
  0xffde, 0xc638, 0x0000, 0x0000, 0x0000, 0x0000, 0x0000, 0x0000, 0x0000, 0x0000, 0x0000, 0x0000, 
  0x0000, 0x0000, 0x0000, 0x0000, 0x0000, 0x0000, 0x0000, 0x0000, 0x0000, 0x0000, 0x0000, 0x0000, 
  0x0000, 0x0000, 0x0000, 0x0000, 0x0000, 0x0000, 0x0000, 0x0000, 0x0000, 0x0000, 0x0000, 0x0000, 
  0x0000, 0x2063, 0x3066, 0x2804, 0x2804, 0x3025, 0x38a6, 0x2084, 0x0000, 0x0000, 0x0000, 0x0000, 
  0x0000, 0x0000, 0x0000, 0x0000, 0x0000, 0x0000, 0x0000, 0x0000, 0x0000, 0x0000, 0x0000, 0x0000, 
  0x0000, 0x0000, 0x0000, 0x0000, 0x0000, 0x0800, 0x4867, 0xa150, 0x4887, 0x0800, 0x0000, 0x0000, 
  0x0000, 0x0000, 0x0000, 0x0000, 0x0000, 0x0000, 0x0000, 0x0000, 0x0020, 0x1021, 0x48e7, 0x2063, 
  0x0000, 0x0000, 0x0000, 0x0000, 0x0000, 0x0000, 0x0000, 0x0000, 0x0000, 0x0000, 0x0000, 0x0000, 
  0x0000, 0x0000, 0x0800, 0x3846, 0x704c, 0x700b, 0x700b, 0x700b, 0x0000, 0x0000, 0x0000, 0x0000, 
  0x0000, 0x0000, 0x0000, 0x0000, 0x0000, 0x0000, 0x0000, 0x0000, 0x2043, 0x71ac, 0x3085, 0x0800, 
  0x0000, 0x0000, 0x0000, 0x0000, 0x0000, 0x0000, 0x0000, 0x0000, 0x0000, 0x0000, 0x0000, 0x0000, 
  0x0000, 0x0820, 0x1001, 0x5868, 0x90ae, 0xa891, 0xa0f1, 0x60ca, 0x1802, 0x0000, 0x0000, 0x0000, 
  0x0000, 0x0000, 0x0000, 0x0000, 0x0000, 0x0000, 0x0000, 0x0000, 0x0000, 0x0000, 0x0000, 0x0000, 
  0x0000, 0x0000, 0x0000, 0x0801, 0x3045, 0x4828, 0x4828, 0x4808, 0x4808, 0x4808, 0x4807, 0x4808, 
  0x4807, 0x4807, 0x4807, 0x4007, 0x4027, 0x4028, 0x4047, 0x2024, 0x0000, 0x0000, 0x0000, 0x0000, 
  0x0000, 0x0000, 0x0000, 0x0000, 0x0000, 0x0000, 0x0000, 0x0000, 0x0000, 0x0000, 0x0000, 0x0000, 
  0x0000, 0x0000, 0x0000, 0x0000, 0x0000, 0x0000, 0xce79, 0xffdf, 0xffff, 0xffff, 0xffff, 0xffff, 
  0xffff, 0xffff, 0xffff, 0xffdf, 0x3186, 0x0000, 0x0000, 0x0000, 0x0000, 0x0000, 0x9491, 0xffdf, 
  0xffdf, 0xffdf, 0xffdf, 0xffdf, 0xffdf, 0xffdf, 0xffdf, 0xffdf, 0xffdf, 0xffdf, 0xffdf, 0xffdf, 
  0xffdf, 0xffdf, 0xffdf, 0xffff, 0xffff, 0xffff, 0xffdf, 0xa514, 0x0021, 0x0000, 0x0000, 0x0000, 
  0x0000, 0x0000, 0x0000, 0x0000, 0x0000, 0x0000, 0x0000, 0x0000, 0x0000, 0x0000, 0x0000, 0x0000, 
  0x0000, 0x0000, 0x0000, 0x0841, 0x6b6d, 0xbdf7, 0xf7be, 0xffdf, 0xffdf, 0xffdf, 0xffdf, 0xffdf, 
  0xffdf, 0xffdf, 0xffff, 0xffff, 0xffff, 0xffdf, 0xb5d7, 0x0000, 0x0000, 0x0000, 0x0000, 0x0000, 
  0x4208, 0xffdf, 0xffdf, 0xffdf, 0xffdf, 0xffdf, 0xffff, 0xffdf, 0xffdf, 0xffdf, 0xffdf, 0xffdf, 
  0xffdf, 0xffdf, 0xffdf, 0xffdf, 0xffdf, 0xffff, 0xffdf, 0xffff, 0xffdf, 0xb5b6, 0x0000, 0x0000, 
  0x0000, 0x0000, 0x0000, 0x0000, 0x7bef, 0xffdf, 0xffdf, 0xffdf, 0xffdf, 0xffdf, 0xffdf, 0xffdf, 
  0xffdf, 0xffdf, 0xffdf, 0xffdf, 0xffdf, 0xffdf, 0xffdf, 0xffdf, 0xffdf, 0xf7be, 0x2124, 0x0000, 
  0x0000, 0x0000, 0x0000, 0x0000, 0x0000, 0x0000, 0x0000, 0x0000, 0x0000, 0x0000, 0x0000, 0x0000, 
  0x0000, 0x0000, 0x0000, 0x0000, 0x0000, 0x0000, 0x0000, 0x0000, 0x0000, 0x0000, 0x0000, 0x0000, 
  0x0000, 0x0000, 0x0000, 0x0000, 0x0000, 0x0000, 0x0000, 0x0800, 0x28a5, 0x3065, 0x2804, 0x2804, 
  0x2825, 0x3086, 0x1022, 0x0000, 0x0000, 0x0000, 0x0000, 0x0000, 0x0000, 0x0000, 0x0000, 0x0000, 
  0x0000, 0x0000, 0x0000, 0x0000, 0x0000, 0x0000, 0x0000, 0x0000, 0x0000, 0x0000, 0x0000, 0x0820, 
  0x1000, 0x5087, 0x994f, 0x4066, 0x0800, 0x0020, 0x0000, 0x0000, 0x0000, 0x0000, 0x0000, 0x0000, 
  0x0000, 0x0000, 0x0000, 0x0020, 0x1821, 0x48e7, 0x1842, 0x0020, 0x0000, 0x0000, 0x0000, 0x0000, 
  0x0000, 0x0000, 0x0000, 0x0000, 0x0000, 0x0000, 0x0000, 0x0000, 0x0000, 0x1001, 0x5068, 0x682b, 
  0x700b, 0x700b, 0x700b, 0x700b, 0x0000, 0x0000, 0x0000, 0x0000, 0x0000, 0x0000, 0x0000, 0x0000, 
  0x0000, 0x0000, 0x0801, 0x5129, 0x614b, 0x1822, 0x0000, 0x0000, 0x0000, 0x0000, 0x0000, 0x0000, 
  0x0000, 0x0000, 0x0000, 0x0000, 0x0000, 0x0000, 0x0000, 0x0020, 0x0800, 0x3044, 0x888c, 0xa070, 
  0xa071, 0x88ef, 0x3865, 0x0800, 0x0000, 0x0000, 0x0000, 0x0000, 0x0000, 0x0000, 0x0000, 0x0000, 
  0x0000, 0x0000, 0x0000, 0x0000, 0x0000, 0x0000, 0x0000, 0x0000, 0x0000, 0x0800, 0x2044, 0x4868, 
  0x5029, 0x5009, 0x5008, 0x5008, 0x5008, 0x4808, 0x4808, 0x4808, 0x4808, 0x4808, 0x4807, 0x4828, 
  0x4828, 0x4047, 0x1822, 0x0000, 0x0000, 0x0000, 0x0000, 0x0000, 0x0000, 0x0000, 0x0000, 0x0000, 
  0x0000, 0x0000, 0x0000, 0x0000, 0x0000, 0x0000, 0x0000, 0x0000, 0x0000, 0x0000, 0x0000, 0x0000, 
  0x0000, 0x0000, 0x738e, 0xffdf, 0xffdf, 0xffff, 0xffff, 0xffff, 0xffff, 0xffff, 0xffff, 0x9492, 
  0x0000, 0x0000, 0x0000, 0x0000, 0x0000, 0x18e3, 0xf79e, 0xffdf, 0xffdf, 0xffdf, 0xffdf, 0xffdf, 
  0xffdf, 0xffdf, 0xffdf, 0xffdf, 0xffdf, 0xffdf, 0xffdf, 0xffdf, 0xffdf, 0xffdf, 0xffff, 0xffff, 
  0xffff, 0xffdf, 0xce7a, 0x1082, 0x0000, 0x0000, 0x0000, 0x0000, 0x0000, 0x0000, 0x0000, 0x0000, 
  0x0000, 0x0000, 0x0000, 0x0000, 0x0000, 0x0000, 0x0000, 0x0000, 0x0000, 0x3186, 0x9cd2, 0xef5d, 
  0xffbf, 0xffde, 0xffdf, 0xffdf, 0xffdf, 0xffdf, 0xffdf, 0xffdf, 0xffdf, 0xffdf, 0xffff, 0xffff, 
  0xffff, 0xffdf, 0x4208, 0x0000, 0x0000, 0x0000, 0x0000, 0x0000, 0xc618, 0xffde, 0xffdf, 0xffdf, 
  0xffdf, 0xffdf, 0xffff, 0xffdf, 0xffff, 0xffdf, 0xffdf, 0xffdf, 0xffdf, 0xffdf, 0xffdf, 0xffdf, 
  0xffdf, 0xffff, 0xffff, 0xffff, 0xffdf, 0x4208, 0x0000, 0x0000, 0x0000, 0x0000, 0x0000, 0x18c3, 
  0xe73c, 0xffdf, 0xffdf, 0xffdf, 0xffdf, 0xffdf, 0xffdf, 0xffdf, 0xffdf, 0xffdf, 0xffdf, 0xffdf, 
  0xffdf, 0xffdf, 0xffff, 0xffff, 0xffdf, 0xffbe, 0x8c71, 0x0000, 0x0000, 0x0000, 0x0000, 0x0000, 
  0x0000, 0x0000, 0x0000, 0x0000, 0x0000, 0x0000, 0x0000, 0x0000, 0x0000, 0x0000, 0x0000, 0x0000, 
  0x0000, 0x0000, 0x0000, 0x0000, 0x0000, 0x0000, 0x0000, 0x0000, 0x0000, 0x0000, 0x0000, 0x0000, 
  0x0000, 0x0000, 0x1842, 0x38a6, 0x3025, 0x2804, 0x2804, 0x2825, 0x2064, 0x0000, 0x0000, 0x0000, 
  0x0000, 0x0000, 0x0000, 0x0000, 0x0000, 0x0000, 0x0000, 0x0000, 0x0000, 0x0000, 0x0000, 0x0000, 
  0x0000, 0x0000, 0x0000, 0x0000, 0x0000, 0x0000, 0x0020, 0x1001, 0x58c9, 0x814d, 0x2844, 0x0800, 
  0x0020, 0x0000, 0x0000, 0x0000, 0x0000, 0x0000, 0x0000, 0x0000, 0x0000, 0x0000, 0x0800, 0x2042, 
  0x38c6, 0x1021, 0x0000, 0x0000, 0x0000, 0x0000, 0x0000, 0x0000, 0x0000, 0x0000, 0x0000, 0x0000, 
  0x0000, 0x0000, 0x0000, 0x0000, 0x2023, 0x606a, 0x700b, 0x700b, 0x700b, 0x700b, 0x700b, 0x700b, 
  0x0000, 0x0000, 0x0000, 0x0000, 0x0000, 0x0000, 0x0000, 0x0000, 0x0800, 0x2844, 0x716c, 0x48e8, 
  0x0801, 0x0000, 0x0000, 0x0000, 0x0000, 0x0000, 0x0000, 0x0000, 0x0000, 0x0000, 0x0000, 0x0000, 
  0x0000, 0x0020, 0x0800, 0x1821, 0x5868, 0xa0d0, 0xa870, 0xa0b0, 0x70cc, 0x1822, 0x0800, 0x0000, 
  0x0000, 0x0000, 0x0000, 0x0000, 0x0000, 0x0000, 0x0000, 0x0000, 0x0000, 0x0000, 0x0000, 0x0000, 
  0x0000, 0x0000, 0x0000, 0x0000, 0x1021, 0x3846, 0x5049, 0x5809, 0x5029, 0x5009, 0x5009, 0x5008, 
  0x5008, 0x4808, 0x4808, 0x4808, 0x4808, 0x4828, 0x4828, 0x4027, 0x3046, 0x0801, 0x0000, 0x0000, 
  0x0000, 0x0000, 0x0000, 0x0000, 0x0000, 0x0000, 0x0000, 0x0000, 0x0000, 0x0000, 0x0000, 0x0000, 
  0x0000, 0x0000, 0x0000, 0x0000, 0x0000, 0x0000, 0x0000, 0x0000, 0x0000, 0x0000, 0x2945, 0xffdf, 
  0xffff, 0xffff, 0xffff, 0xffff, 0xffff, 0xffff, 0xef7d, 0x18c3, 0x0000, 0x0000, 0x0000, 0x0000, 
  0x0000, 0xa514, 0xffde, 0xffdf, 0xffdf, 0xffdf, 0xffdf, 0xffdf, 0xffdf, 0xffdf, 0xffdf, 0xffdf, 
  0xffdf, 0xffdf, 0xffdf, 0xffdf, 0xffdf, 0xffdf, 0xffff, 0xffff, 0xffdf, 0xef7d, 0x4208, 0x0000, 
  0x0000, 0x0000, 0x0000, 0x0000, 0x0000, 0x0000, 0x0000, 0x0000, 0x0000, 0x0000, 0x0000, 0x0000, 
  0x0000, 0x0000, 0x0861, 0x5aeb, 0xbdf7, 0xffdf, 0xffdf, 0xffdf, 0xffdf, 0xffdf, 0xffdf, 0xffdf, 
  0xffdf, 0xffdf, 0xffdf, 0xffff, 0xffff, 0xffff, 0xffff, 0xffff, 0xffdf, 0xd6bb, 0x0000, 0x0000, 
  0x0000, 0x0000, 0x0000, 0x2124, 0xffde, 0xffde, 0xffdf, 0xffff, 0xffdf, 0xffdf, 0xffff, 0xffdf, 
  0xffdf, 0xffdf, 0xffdf, 0xffdf, 0xffdf, 0xffdf, 0xffdf, 0xffdf, 0xffdf, 0xffff, 0xffff, 0xffdf, 
  0xbe18, 0x0000, 0x0000, 0x0000, 0x0000, 0x0000, 0x0000, 0x31a6, 0xf7be, 0xffdf, 0xffdf, 0xffdf, 
  0xffdf, 0xffdf, 0xffdf, 0xffdf, 0xffdf, 0xffdf, 0xffdf, 0xffdf, 0xffdf, 0xffdf, 0xffdf, 0xffdf, 
  0xffdf, 0xffde, 0xdeda, 0x0841, 0x0000, 0x0000, 0x0000, 0x0000, 0x0000, 0x0000, 0x0000, 0x0000, 
  0x0000, 0x0000, 0x0000, 0x0000, 0x0000, 0x0000, 0x0000, 0x0000, 0x0000, 0x0000, 0x0000, 0x0000, 
  0x0000, 0x0000, 0x0000, 0x0000, 0x0000, 0x0000, 0x0000, 0x0000, 0x0800, 0x2042, 0x40c7, 0x2804, 
  0x2824, 0x2003, 0x1823, 0x1042, 0x0000, 0x0000, 0x0000, 0x0000, 0x0000, 0x0000, 0x0000, 0x0000, 
  0x0000, 0x0000, 0x0000, 0x0000, 0x0000, 0x0000, 0x0000, 0x0000, 0x0000, 0x0000, 0x0000, 0x0000, 
  0x0000, 0x0800, 0x1021, 0x60e9, 0x814d, 0x2823, 0x0000, 0x0000, 0x0000, 0x0000, 0x0000, 0x0000, 
  0x0000, 0x0000, 0x0000, 0x0000, 0x0000, 0x0800, 0x2043, 0x38a5, 0x0800, 0x0000, 0x0000, 0x0000, 
  0x0000, 0x0000, 0x0000, 0x0000, 0x0000, 0x0000, 0x0000, 0x0000, 0x0000, 0x0000, 0x0800, 0x3025, 
  0x684a, 0x700b, 0x700b, 0x700b, 0x700b, 0x700b, 0x700b, 0x700b, 0x0000, 0x0000, 0x0000, 0x0000, 
  0x0000, 0x0000, 0x0000, 0x1001, 0x50e9, 0x798d, 0x2024, 0x0800, 0x0020, 0x0000, 0x0000, 0x0000, 
  0x0000, 0x0000, 0x0000, 0x0000, 0x0000, 0x0000, 0x0000, 0x0000, 0x0020, 0x0800, 0x3045, 0x88ee, 
  0xa891, 0xa891, 0x98d1, 0x5068, 0x0821, 0x0000, 0x0000, 0x0000, 0x0000, 0x0000, 0x0000, 0x0000, 
  0x0000, 0x0000, 0x0000, 0x0000, 0x0000, 0x0000, 0x0000, 0x0000, 0x0000, 0x0000, 0x0801, 0x2845, 
  0x5049, 0x5829, 0x5809, 0x5809, 0x5809, 0x5009, 0x5009, 0x5009, 0x5008, 0x5008, 0x5008, 0x5008, 
  0x4808, 0x4828, 0x4848, 0x2844, 0x0000, 0x0000, 0x0000, 0x0000, 0x0000, 0x0000, 0x0000, 0x0000, 
  0x0000, 0x0000, 0x0000, 0x0000, 0x0000, 0x0000, 0x0000, 0x0000, 0x0000, 0x0000, 0x0000, 0x0000, 
  0x0000, 0x0000, 0x0000, 0x0000, 0x0000, 0x0000, 0x0000, 0xce59, 0xffdf, 0xffff, 0xffff, 0xffff, 
  0xffff, 0xffff, 0x73ae, 0x0000, 0x0000, 0x0000, 0x0000, 0x0000, 0x2945, 0xf7be, 0xffdf, 0xffdf, 
  0xffdf, 0xffdf, 0xffdf, 0xffdf, 0xffdf, 0xffdf, 0xffdf, 0xffdf, 0xffdf, 0xffdf, 0xffdf, 0xffdf, 
  0xffdf, 0xffff, 0xffff, 0xffff, 0xffdf, 0x7bcf, 0x0000, 0x0000, 0x0000, 0x0000, 0x0000, 0x0000, 
  0x0000, 0x0000, 0x0000, 0x0000, 0x0000, 0x0000, 0x0000, 0x0020, 0x2944, 0x8c71, 0xe73c, 0xffdf, 
  0xffdf, 0xffdf, 0xffff, 0xffdf, 0xffdf, 0xffdf, 0xffdf, 0xffdf, 0xffdf, 0xffdf, 0xffdf, 0xffff, 
  0xffff, 0xffff, 0xffff, 0xffff, 0xffdf, 0x5acb, 0x0000, 0x0000, 0x0000, 0x0000, 0x0000, 0x8c51, 
  0xffde, 0xffdf, 0xffdf, 0xffff, 0xffff, 0xffdf, 0xffff, 0xffdf, 0xffdf, 0xffdf, 0xffdf, 0xffdf, 
  0xffdf, 0xffdf, 0xffdf, 0xffdf, 0xffdf, 0xffff, 0xffdf, 0xffdf, 0x39c7, 0x0000, 0x0000, 0x0000, 
  0x0000, 0x0000, 0x0000, 0x0000, 0xbdf7, 0xffdf, 0xffdf, 0xffdf, 0xffdf, 0xffdf, 0xffdf, 0xffdf, 
  0xffdf, 0xffdf, 0xffdf, 0xffdf, 0xffdf, 0xffdf, 0xffdf, 0xffdf, 0xffdf, 0xffdf, 0xf7be, 0x4208, 
  0x0000, 0x0000, 0x0000, 0x0000, 0x0000, 0x0000, 0x0000, 0x0000, 0x0000, 0x0000, 0x0000, 0x0000, 
  0x0000, 0x0000, 0x0000, 0x0000, 0x0000, 0x0000, 0x0000, 0x0000, 0x0000, 0x0000, 0x0000, 0x0000, 
  0x0000, 0x0000, 0x0000, 0x0820, 0x30c5, 0x3085, 0x2804, 0x2804, 0x2003, 0x0801, 0x0000, 0x0000, 
  0x0000, 0x0000, 0x0000, 0x0000, 0x0000, 0x0000, 0x0000, 0x0000, 0x0000, 0x0000, 0x0000, 0x0000, 
  0x0000, 0x0000, 0x0000, 0x0000, 0x0000, 0x0000, 0x0000, 0x0000, 0x0020, 0x1001, 0x610a, 0x794c, 
  0x1822, 0x0000, 0x0000, 0x0000, 0x0000, 0x0000, 0x0000, 0x0000, 0x0000, 0x0000, 0x0000, 0x0000, 
  0x0820, 0x2884, 0x2884, 0x0000, 0x0000, 0x0000, 0x0000, 0x0000, 0x0000, 0x0000, 0x0000, 0x0000, 
  0x0000, 0x0000, 0x0000, 0x0000, 0x0000, 0x0801, 0x4067, 0x682b, 0x680b, 0x700b, 0x700b, 0x700b, 
  0x700b, 0x700b, 0x700c, 0x682b, 0x0000, 0x0000, 0x0000, 0x0000, 0x0000, 0x0000, 0x3044, 0x818d, 
  0x60ea, 0x1001, 0x0000, 0x0000, 0x0000, 0x0000, 0x0000, 0x0000, 0x0000, 0x0000, 0x0000, 0x0000, 
  0x0000, 0x0000, 0x0000, 0x0000, 0x1001, 0x688a, 0xa8b1, 0xb091, 0xa8b2, 0x88ee, 0x2824, 0x0800, 
  0x0000, 0x0020, 0x0000, 0x0000, 0x0000, 0x0000, 0x0000, 0x0000, 0x0000, 0x0000, 0x0000, 0x0000, 
  0x0000, 0x0000, 0x0000, 0x0000, 0x0000, 0x2043, 0x4868, 0x582a, 0x582a, 0x580a, 0x5809, 0x5809, 
  0x5809, 0x5809, 0x5809, 0x5009, 0x5009, 0x5029, 0x5029, 0x5029, 0x5029, 0x4088, 0x1822, 0x0000, 
  0x0000, 0x0000, 0x0000, 0x0000, 0x0000, 0x0000, 0x0000, 0x0000, 0x0000, 0x0000, 0x0000, 0x0000, 
  0x0000, 0x0000, 0x0000, 0x0000, 0x0000, 0x0000, 0x0000, 0x0000, 0x0000, 0x0000, 0x0000, 0x0000, 
  0x0000, 0x0000, 0x0000, 0x738e, 0xffdf, 0xffff, 0xffff, 0xffff, 0xffff, 0xd6db, 0x1082, 0x0000, 
  0x0000, 0x0000, 0x0000, 0x0000, 0xa534, 0xf7be, 0xffdf, 0xffdf, 0xffdf, 0xffdf, 0xffdf, 0xffdf, 
  0xffdf, 0xffdf, 0xffdf, 0xffdf, 0xffdf, 0xffdf, 0xffdf, 0xffdf, 0xffdf, 0xffff, 0xffff, 0xffdf, 
  0xad76, 0x0020, 0x0000, 0x0000, 0x0000, 0x0000, 0x0000, 0x0000, 0x0000, 0x0000, 0x0000, 0x0000, 
  0x0000, 0x0821, 0x7bae, 0xbdd7, 0xf7be, 0xffdf, 0xffff, 0xffff, 0xffff, 0xffff, 0xffdf, 0xffff, 
  0xffdf, 0xffdf, 0xffdf, 0xffdf, 0xffdf, 0xffdf, 0xffdf, 0xffff, 0xffff, 0xffff, 0xffff, 0xffdf, 
  0xe71c, 0x1082, 0x0000, 0x0000, 0x0000, 0x0000, 0x10a2, 0xe73c, 0xffdf, 0xffdf, 0xffdf, 0xffdf, 
  0xffdf, 0xffff, 0xffdf, 0xffdf, 0xffdf, 0xffdf, 0xffdf, 0xffdf, 0xffdf, 0xffdf, 0xffdf, 0xffdf, 
  0xffdf, 0xffdf, 0xffdf, 0xb596, 0x0000, 0x0000, 0x0000, 0x0000, 0x0000, 0x0000, 0x0000, 0x0000, 
  0x4208, 0xffde, 0xffdf, 0xffdf, 0xffdf, 0xffdf, 0xffdf, 0xffdf, 0xffdf, 0xffdf, 0xffdf, 0xffdf, 
  0xffdf, 0xffdf, 0xffdf, 0xffdf, 0xffdf, 0xffdf, 0xffde, 0x9471, 0x0000, 0x0000, 0x0000, 0x0000, 
  0x0000, 0x0000, 0x0000, 0x0000, 0x0000, 0x0000, 0x0000, 0x0000, 0x0000, 0x0000, 0x0000, 0x0000, 
  0x0000, 0x0000, 0x0000, 0x0000, 0x0000, 0x0000, 0x0000, 0x0000, 0x0000, 0x0000, 0x0800, 0x28e4, 
  0x2063, 0x2023, 0x2024, 0x1001, 0x0000, 0x0000, 0x0000, 0x0000, 0x0000, 0x0000, 0x0000, 0x0000, 
  0x0000, 0x0000, 0x0000, 0x0000, 0x0000, 0x0000, 0x0000, 0x0000, 0x0000, 0x0000, 0x0000, 0x0000, 
  0x0000, 0x0000, 0x0000, 0x0000, 0x0801, 0x716b, 0x612a, 0x1001, 0x0000, 0x0000, 0x0000, 0x0000, 
  0x0000, 0x0000, 0x0000, 0x0000, 0x0000, 0x0000, 0x0000, 0x0000, 0x30c5, 0x2063, 0x0000, 0x0000, 
  0x0000, 0x0000, 0x0000, 0x0000, 0x0000, 0x0000, 0x0000, 0x0000, 0x0000, 0x0000, 0x0000, 0x0000, 
  0x2023, 0x5869, 0x682b, 0x700b, 0x700b, 0x700b, 0x700b, 0x700b, 0x700b, 0x700b, 0x606a, 0x2824, 
  0x0000, 0x0000, 0x0000, 0x0000, 0x1001, 0x58c8, 0x91af, 0x4087, 0x0800, 0x0000, 0x0000, 0x0000, 
  0x0000, 0x0000, 0x0000, 0x0000, 0x0000, 0x0000, 0x0000, 0x0000, 0x0000, 0x0000, 0x0800, 0x2824, 
  0x80cc, 0xa890, 0xa891, 0xa8d1, 0x68ca, 0x1001, 0x0000, 0x0000, 0x0000, 0x0000, 0x0000, 0x0000, 
  0x0000, 0x0000, 0x0000, 0x0000, 0x0000, 0x0000, 0x0000, 0x0000, 0x0000, 0x0000, 0x0000, 0x1021, 
  0x3846, 0x584a, 0x602a, 0x600a, 0x600a, 0x580a, 0x5829, 0x5809, 0x5809, 0x5809, 0x5829, 0x5829, 
  0x5829, 0x5029, 0x5029, 0x5049, 0x4067, 0x1001, 0x0000, 0x0000, 0x0000, 0x0000, 0x0000, 0x0000, 
  0x0000, 0x0000, 0x0000, 0x0000, 0x0000, 0x0000, 0x0000, 0x0000, 0x0000, 0x0000, 0x0000, 0x0000, 
  0x0000, 0x0000, 0x0000, 0x0000, 0x0000, 0x0000, 0x0000, 0x0000, 0x0000, 0x0000, 0x0000, 0x3185, 
  0xffde, 0xffff, 0xffff, 0xffff, 0xffff, 0x630c, 0x0000, 0x0000, 0x0000, 0x0000, 0x0000, 0x2965, 
  0xf7be, 0xffde, 0xffdf, 0xffdf, 0xffdf, 0xffdf, 0xffdf, 0xffdf, 0xffdf, 0xffdf, 0xffdf, 0xffdf, 
  0xffdf, 0xffdf, 0xffdf, 0xffdf, 0xffff, 0xffdf, 0xffdf, 0xe71c, 0x18e3, 0x0000, 0x0000, 0x0000, 
  0x0000, 0x0000, 0x0000, 0x0000, 0x0000, 0x0000, 0x0000, 0x0000, 0x0000, 0x10a2, 0x4a48, 0x4208, 
  0x4208, 0x4208, 0x39c7, 0x31a6, 0x2945, 0x18e3, 0x5aab, 0xffdf, 0xffdf, 0xffdf, 0xffdf, 0xffdf, 
  0xffdf, 0xffdf, 0xffdf, 0xffdf, 0xffff, 0xffff, 0xffdf, 0xffdf, 0x8c51, 0x0000, 0x0000, 0x0000, 
  0x0000, 0x0000, 0x630c, 0xffdf, 0xffdf, 0xffff, 0xffdf, 0xffdf, 0xffdf, 0xffdf, 0xffdf, 0xffdf, 
  0xffdf, 0xffdf, 0xffdf, 0xffdf, 0xffdf, 0xffdf, 0xffdf, 0xffdf, 0xffdf, 0xffdf, 0xffdf, 0x4208, 
  0x0000, 0x0000, 0x0000, 0x0000, 0x0000, 0x0000, 0x0000, 0x0000, 0x0000, 0xc5f7, 0xffdf, 0xffdf, 
  0xffdf, 0xffdf, 0xffdf, 0xffdf, 0xffdf, 0xffdf, 0xffdf, 0xffdf, 0xffdf, 0xffdf, 0xffdf, 0xffdf, 
  0xffdf, 0xffdf, 0xffde, 0xef7d, 0x0820, 0x0000, 0x0000, 0x0000, 0x0000, 0x0000, 0x0000, 0x0000, 
  0x0000, 0x0000, 0x0000, 0x0000, 0x0000, 0x0000, 0x0000, 0x0000, 0x0000, 0x0000, 0x0000, 0x0000, 
  0x0000, 0x0000, 0x0000, 0x0000, 0x0000, 0x0841, 0x20c4, 0x1001, 0x1822, 0x1823, 0x0801, 0x0000, 
  0x0020, 0x0000, 0x0000, 0x0000, 0x0000, 0x0000, 0x0000, 0x0000, 0x0000, 0x0000, 0x0000, 0x0000, 
  0x0000, 0x0000, 0x0000, 0x0000, 0x0000, 0x0000, 0x0000, 0x0000, 0x0000, 0x0000, 0x0020, 0x1021, 
  0x694a, 0x5909, 0x1001, 0x0000, 0x0000, 0x0000, 0x0000, 0x0000, 0x0000, 0x0000, 0x0000, 0x0000, 
  0x0000, 0x0020, 0x0800, 0x30a4, 0x1862, 0x0000, 0x0000, 0x0000, 0x0000, 0x0000, 0x0000, 0x0000, 
  0x0000, 0x0000, 0x0000, 0x0000, 0x0000, 0x0000, 0x0800, 0x3045, 0x606b, 0x680b, 0x680b, 0x700b, 
  0x700b, 0x700b, 0x700b, 0x700b, 0x680b, 0x5049, 0x1802, 0x0000, 0x0000, 0x0000, 0x0800, 0x3865, 
  0x816d, 0x710c, 0x1822, 0x0800, 0x0000, 0x0000, 0x0000, 0x0000, 0x0000, 0x0000, 0x0000, 0x0000, 
  0x0000, 0x0000, 0x0000, 0x0000, 0x0800, 0x1001, 0x5868, 0x988e, 0xa090, 0xa890, 0x90ce, 0x3865, 
  0x0000, 0x0000, 0x0000, 0x0000, 0x0000, 0x0000, 0x0000, 0x0000, 0x0000, 0x0000, 0x0000, 0x0000, 
  0x0000, 0x0000, 0x0000, 0x0000, 0x0000, 0x0800, 0x2844, 0x5849, 0x602a, 0x602a, 0x602a, 0x602a, 
  0x602a, 0x602a, 0x5829, 0x580a, 0x582a, 0x580a, 0x5829, 0x582a, 0x5829, 0x5829, 0x5049, 0x3845, 
  0x0000, 0x0000, 0x0000, 0x0000, 0x0000, 0x0000, 0x0000, 0x0000, 0x0000, 0x0000, 0x0000, 0x0000, 
  0x0000, 0x0000, 0x0000, 0x0000, 0x0000, 0x0000, 0x0000, 0x0000, 0x0000, 0x0000, 0x0000, 0x0000, 
  0x0000, 0x0000, 0x0000, 0x0000, 0x0000, 0x0000, 0x0000, 0x0840, 0xd6ba, 0xffff, 0xffff, 0xffff, 
  0xce9a, 0x0000, 0x0000, 0x0000, 0x0000, 0x0000, 0x0000, 0xa514, 0xffde, 0xffdf, 0xffdf, 0xffdf, 
  0xffdf, 0xffdf, 0xffdf, 0xffdf, 0xffdf, 0xffdf, 0xffdf, 0xffdf, 0xffdf, 0xffdf, 0xffdf, 0xffdf, 
  0xffff, 0xffff, 0xffff, 0x630c, 0x0000, 0x0000, 0x0000, 0x0000, 0x0000, 0x0000, 0x0000, 0x0000, 
  0x0000, 0x0000, 0x0000, 0x0000, 0x0000, 0x0000, 0x0000, 0x0000, 0x0000, 0x0000, 0x0000, 0x0000, 
  0x0000, 0x20e3, 0xe71b, 0xffdf, 0xffdf, 0xffdf, 0xffdf, 0xffdf, 0xffdf, 0xffdf, 0xffdf, 0xffdf, 
  0xffff, 0xffff, 0xffdf, 0xf79e, 0x10a2, 0x0000, 0x0000, 0x0000, 0x0000, 0x0020, 0xce59, 0xffdf, 
  0xffdf, 0xffff, 0xffff, 0xffdf, 0xffdf, 0xffdf, 0xffdf, 0xffdf, 0xffdf, 0xffdf, 0xffdf, 0xffdf, 
  0xffdf, 0xffdf, 0xffdf, 0xffdf, 0xffdf, 0xffdf, 0xbdf7, 0x0020, 0x0000, 0x0000, 0x0000, 0x0000, 
  0x0000, 0x0000, 0x0000, 0x0000, 0x0000, 0x4a49, 0xffde, 0xffdf, 0xffdf, 0xffdf, 0xffdf, 0xffdf, 
  0xffdf, 0xffdf, 0xffdf, 0xffdf, 0xffdf, 0xffdf, 0xffdf, 0xffdf, 0xffdf, 0xffdf, 0xffdf, 0xffdf, 
  0x528a, 0x0000, 0x0000, 0x0000, 0x0000, 0x0000, 0x0000, 0x0000, 0x0000, 0x0000, 0x0000, 0x0000, 
  0x0000, 0x0000, 0x0000, 0x0000, 0x0000, 0x0000, 0x0000, 0x0000, 0x0000, 0x0000, 0x0000, 0x0000, 
  0x0841, 0x1862, 0x0800, 0x1022, 0x1021, 0x0000, 0x0000, 0x0000, 0x0000, 0x0000, 0x0000, 0x0000, 
  0x0000, 0x0000, 0x0000, 0x0000, 0x0000, 0x0000, 0x0000, 0x0000, 0x0000, 0x0000, 0x0000, 0x0000, 
  0x0000, 0x0000, 0x0000, 0x0000, 0x0000, 0x0000, 0x1841, 0x696a, 0x48c6, 0x0800, 0x0000, 0x0000, 
  0x0000, 0x0000, 0x0000, 0x0000, 0x0000, 0x0000, 0x0000, 0x0000, 0x0000, 0x0821, 0x28a4, 0x1021, 
  0x0000, 0x0000, 0x0000, 0x0000, 0x0000, 0x0000, 0x0000, 0x0000, 0x0000, 0x0000, 0x0000, 0x0000, 
  0x0000, 0x1021, 0x4868, 0x684b, 0x680b, 0x680b, 0x680b, 0x700b, 0x700b, 0x700b, 0x700b, 0x682b, 
  0x4047, 0x0801, 0x0000, 0x0000, 0x0000, 0x1821, 0x60ea, 0x914f, 0x4887, 0x0801, 0x0000, 0x0000, 
  0x0000, 0x0000, 0x0000, 0x0000, 0x0000, 0x0000, 0x0000, 0x0000, 0x0000, 0x0000, 0x0000, 0x0800, 
  0x3024, 0x888c, 0xa06f, 0xa06f, 0xa0af, 0x70cb, 0x1822, 0x0000, 0x0000, 0x0000, 0x0000, 0x0000, 
  0x0000, 0x0000, 0x0000, 0x0000, 0x0000, 0x0000, 0x0000, 0x0000, 0x0000, 0x0000, 0x0000, 0x0800, 
  0x2023, 0x5048, 0x602b, 0x602b, 0x600a, 0x600a, 0x602a, 0x600a, 0x600a, 0x602a, 0x602a, 0x602a, 
  0x602a, 0x582a, 0x5829, 0x5829, 0x582a, 0x5069, 0x2023, 0x0000, 0x0000, 0x0000, 0x0000, 0x0000, 
  0x0000, 0x0000, 0x0000, 0x0000, 0x0000, 0x0000, 0x0000, 0x0000, 0x0000, 0x0000, 0x0000, 0x0000, 
  0x0000, 0x0000, 0x0000, 0x0000, 0x0000, 0x0000, 0x0000, 0x0000, 0x0000, 0x0000, 0x0000, 0x0000, 
  0x0000, 0x0000, 0x0000, 0x0020, 0x840f, 0xffff, 0xffff, 0xffdf, 0x39c7, 0x0000, 0x0000, 0x0000, 
  0x0000, 0x0000, 0x31a6, 0xf7be, 0xffdf, 0xffdf, 0xffdf, 0xffdf, 0xffdf, 0xffdf, 0xffdf, 0xffdf, 
  0xffdf, 0xffdf, 0xffdf, 0xffdf, 0xffdf, 0xffdf, 0xffff, 0xffff, 0xffff, 0xffff, 0xa534, 0x0000, 
  0x0000, 0x0000, 0x0000, 0x0000, 0x0000, 0x0000, 0x0000, 0x0000, 0x0000, 0x0000, 0x0000, 0x0000, 
  0x0000, 0x0000, 0x0000, 0x0000, 0x0000, 0x0000, 0x0000, 0x0000, 0x0000, 0x9492, 0xffdf, 0xffdf, 
  0xffdf, 0xffdf, 0xffdf, 0xffdf, 0xffdf, 0xffdf, 0xffff, 0xffdf, 0xffff, 0xffff, 0xffdf, 0x9492, 
  0x0000, 0x0000, 0x0000, 0x0000, 0x0000, 0x526a, 0xffdf, 0xffff, 0xffff, 0xffff, 0xffff, 0xffff, 
  0xffff, 0xffdf, 0xffdf, 0xffdf, 0xffdf, 0xffdf, 0xffdf, 0xffdf, 0xffdf, 0xffdf, 0xffdf, 0xffdf, 
  0xffdf, 0xf7be, 0x31c6, 0x0000, 0x0000, 0x0000, 0x0000, 0x0000, 0x0000, 0x0000, 0x0000, 0x0000, 
  0x0000, 0x0000, 0xce58, 0xffdf, 0xffdf, 0xffdf, 0xffdf, 0xffdf, 0xffdf, 0xffdf, 0xffdf, 0xffdf, 
  0xffdf, 0xffdf, 0xffdf, 0xffdf, 0xffdf, 0xffdf, 0xffdf, 0xffde, 0xb595, 0x0000, 0x0000, 0x0000, 
  0x0000, 0x0000, 0x0000, 0x0000, 0x0000, 0x0000, 0x0000, 0x0000, 0x0000, 0x0000, 0x0000, 0x0000, 
  0x0000, 0x0000, 0x0000, 0x0000, 0x0000, 0x0000, 0x0000, 0x1041, 0x0841, 0x0000, 0x0821, 0x0821, 
  0x0000, 0x0000, 0x0000, 0x0000, 0x0000, 0x0000, 0x0000, 0x0000, 0x0000, 0x0000, 0x0000, 0x0000, 
  0x0000, 0x0000, 0x0000, 0x0000, 0x0000, 0x0000, 0x0000, 0x0000, 0x0000, 0x0000, 0x0000, 0x0000, 
  0x0000, 0x1822, 0x696a, 0x3064, 0x0800, 0x0000, 0x0000, 0x0000, 0x0000, 0x0000, 0x0000, 0x0000, 
  0x0000, 0x0000, 0x0000, 0x0000, 0x0820, 0x1882, 0x0800, 0x0000, 0x0000, 0x0000, 0x0000, 0x0000, 
  0x0000, 0x0000, 0x0000, 0x0000, 0x0000, 0x0000, 0x0000, 0x0000, 0x2023, 0x5869, 0x602b, 0x682b, 
  0x680b, 0x680b, 0x700b, 0x700b, 0x700b, 0x700c, 0x684b, 0x3845, 0x0800, 0x0000, 0x0000, 0x0000, 
  0x3064, 0x894e, 0x812d, 0x2023, 0x0000, 0x0000, 0x0000, 0x0000, 0x0000, 0x0000, 0x0000, 0x0000, 
  0x0000, 0x0000, 0x0000, 0x0000, 0x0000, 0x0000, 0x1001, 0x5868, 0x988e, 0xa06f, 0xa06f, 0x90af, 
  0x4887, 0x0801, 0x0000, 0x0000, 0x0000, 0x0000, 0x0000, 0x0000, 0x0000, 0x0000, 0x0000, 0x0000, 
  0x0000, 0x0000, 0x0000, 0x0000, 0x0000, 0x0000, 0x1001, 0x4067, 0x604a, 0x682b, 0x682b, 0x680b, 
  0x682a, 0x602a, 0x602a, 0x602a, 0x602a, 0x602a, 0x602a, 0x602a, 0x602a, 0x602a, 0x582a, 0x582a, 
  0x4868, 0x1822, 0x0000, 0x0000, 0x0000, 0x0000, 0x0000, 0x0000, 0x0000, 0x0000, 0x0000, 0x0000, 
  0x0000, 0x0000, 0x0000, 0x0000, 0x0000, 0x0000, 0x0000, 0x0000, 0x0000, 0x0000, 0x0000, 0x0000, 
  0x0000, 0x0000, 0x0020, 0x0000, 0x0000, 0x0000, 0x0000, 0x0000, 0x0000, 0x0000, 0x0000, 0x0000, 
  0x3186, 0xffff, 0xffff, 0x9cf3, 0x0000, 0x0000, 0x0000, 0x0000, 0x0000, 0x0000, 0xb5d6, 0xffde, 
  0xffdf, 0xffdf, 0xffdf, 0xffdf, 0xffdf, 0xffdf, 0xffdf, 0xffdf, 0xffdf, 0xffdf, 0xffdf, 0xffdf, 
  0xffdf, 0xffdf, 0xffdf, 0xffff, 0xffff, 0xe73d, 0x2104, 0x0000, 0x0000, 0x0000, 0x0000, 0x0000, 
  0x0000, 0x0000, 0x0000, 0x0000, 0x0000, 0x0000, 0x0000, 0x0000, 0x0000, 0x0000, 0x0000, 0x0000, 
  0x0000, 0x0000, 0x0000, 0x0000, 0x4a49, 0xffde, 0xffdf, 0xffdf, 0xffff, 0xffdf, 0xffdf, 0xffdf, 
  0xffdf, 0xffdf, 0xffff, 0xffff, 0xffff, 0xffff, 0xffdf, 0x3186, 0x0000, 0x0000, 0x0000, 0x0000, 
  0x0000, 0xc618, 0xffdf, 0xffdf, 0xffdf, 0xffff, 0xffff, 0xffdf, 0xffff, 0xffdf, 0xffdf, 0xffdf, 
  0xffdf, 0xffdf, 0xffdf, 0xffdf, 0xffdf, 0xffff, 0xffdf, 0xffdf, 0xffdf, 0xb5b6, 0x0000, 0x0000, 
  0x0000, 0x0000, 0x0000, 0x0000, 0x0000, 0x0000, 0x0000, 0x0000, 0x0000, 0x0000, 0x6b6d, 0xffdf, 
  0xffdf, 0xffdf, 0xffff, 0xffff, 0xffdf, 0xffdf, 0xffdf, 0xffdf, 0xffdf, 0xffdf, 0xffdf, 0xffdf, 
  0xffdf, 0xffdf, 0xffdf, 0xffdf, 0xf7be, 0x10a2, 0x0000, 0x0000, 0x0000, 0x0000, 0x0000, 0x0000, 
  0x0000, 0x0000, 0x0000, 0x0000, 0x0000, 0x0000, 0x0000, 0x0000, 0x0000, 0x0000, 0x0000, 0x0000, 
  0x0000, 0x0000, 0x0840, 0x0020, 0x0000, 0x0000, 0x0000, 0x0000, 0x0000, 0x0000, 0x0000, 0x0000, 
  0x0000, 0x0000, 0x0000, 0x0000, 0x0000, 0x0000, 0x0000, 0x0000, 0x0000, 0x0000, 0x0000, 0x0000, 
  0x0000, 0x0000, 0x0000, 0x0000, 0x0000, 0x0000, 0x0000, 0x0000, 0x1822, 0x616a, 0x2843, 0x0000, 
  0x0000, 0x0000, 0x0000, 0x0000, 0x0000, 0x0000, 0x0000, 0x0000, 0x0000, 0x0000, 0x0000, 0x0820, 
  0x1061, 0x0000, 0x0000, 0x0000, 0x0000, 0x0000, 0x0000, 0x0000, 0x0000, 0x0000, 0x0000, 0x0000, 
  0x0000, 0x0000, 0x0000, 0x3065, 0x606a, 0x680b, 0x680b, 0x680b, 0x680b, 0x680b, 0x680b, 0x702b, 
  0x700b, 0x606b, 0x2824, 0x0000, 0x0000, 0x0000, 0x0000, 0x0000, 0x9150, 0x68eb, 0x1002, 0x0000, 
  0x0000, 0x0000, 0x0000, 0x0000, 0x0000, 0x0000, 0x0000, 0x0000, 0x0000, 0x0000, 0x0000, 0x0000, 
  0x0800, 0x3024, 0x808c, 0xa08f, 0xa06f, 0xa08f, 0x78ac, 0x2823, 0x0800, 0x0000, 0x0000, 0x0000, 
  0x0000, 0x0000, 0x0000, 0x0000, 0x0000, 0x0000, 0x0000, 0x0000, 0x0000, 0x0000, 0x0000, 0x0000, 
  0x0800, 0x2844, 0x606a, 0x682b, 0x700b, 0x700b, 0x682b, 0x682b, 0x682a, 0x682a, 0x682a, 0x682a, 
  0x602a, 0x602a, 0x602a, 0x602a, 0x602a, 0x602a, 0x584a, 0x4047, 0x1001, 0x0000, 0x0000, 0x0000, 
  0x0000, 0x0000, 0x0000, 0x0000, 0x0000, 0x0000, 0x0000, 0x0000, 0x0000, 0x0000, 0x0000, 0x0000, 
  0x0000, 0x0000, 0x0000, 0x0000, 0x0000, 0x0000, 0x0000, 0x0000, 0x0000, 0x0841, 0x1082, 0x0000, 
  0x0000, 0x0000, 0x0000, 0x0000, 0x0000, 0x0000, 0x0000, 0x0000, 0x0861, 0xe71b, 0xf7be, 0x2104, 
  0x0000, 0x0000, 0x0000, 0x0000, 0x0000, 0x3186, 0xf7be, 0xffde, 0xffdf, 0xffdf, 0xffdf, 0xffdf, 
  0xffdf, 0xffdf, 0xffdf, 0xffdf, 0xffdf, 0xffdf, 0xffdf, 0xffdf, 0xffdf, 0xffff, 0xffff, 0xffff, 
  0xffff, 0x5aeb, 0x0000, 0x0000, 0x0000, 0x0000, 0x0000, 0x0000, 0x0000, 0x0000, 0x0000, 0x0000, 
  0x0000, 0x0000, 0x0000, 0x0000, 0x0000, 0x0000, 0x0000, 0x0000, 0x0000, 0x0000, 0x0000, 0x1062, 
  0xce59, 0xffdf, 0xffdf, 0xffdf, 0xffdf, 0xffdf, 0xffdf, 0xffdf, 0xffdf, 0xffdf, 0xffff, 0xffff, 
  0xffdf, 0xffdf, 0xb5b6, 0x0000, 0x0000, 0x0000, 0x0000, 0x0000, 0x3186, 0xffde, 0xffff, 0xffff, 
  0xffdf, 0xffff, 0xffff, 0xffdf, 0xffff, 0xffdf, 0xffdf, 0xffdf, 0xffdf, 0xffdf, 0xffdf, 0xffdf, 
  0xffdf, 0xffff, 0xffdf, 0xffdf, 0xffdf, 0x4228, 0x0000, 0x0000, 0x0000, 0x0000, 0x0000, 0x0000, 
  0x0000, 0x0000, 0x0000, 0x0000, 0x0000, 0x0000, 0x1082, 0xf7be, 0xffdf, 0xffff, 0xffff, 0xffdf, 
  0xffdf, 0xffdf, 0xffdf, 0xffff, 0xffdf, 0xffdf, 0xffdf, 0xffdf, 0xffdf, 0xffdf, 0xffff, 0xffdf, 
  0xffde, 0x7bcf, 0x0000, 0x0000, 0x0000, 0x0000, 0x0000, 0x0000, 0x0000, 0x0000, 0x0000, 0x0000, 
  0x0000, 0x0000, 0x0000, 0x0000, 0x0000, 0x0000, 0x0000, 0x0000, 0x0000, 0x0020, 0x0000, 0x0000, 
  0x0000, 0x0000, 0x0000, 0x0000, 0x0000, 0x0000, 0x0000, 0x0000, 0x0000, 0x0000, 0x0000, 0x0000, 
  0x0000, 0x0000, 0x0000, 0x0000, 0x0000, 0x0000, 0x0000, 0x0000, 0x0000, 0x0000, 0x0000, 0x0000, 
  0x0000, 0x0000, 0x0000, 0x2042, 0x616a, 0x1822, 0x0000, 0x0000, 0x0000, 0x0000, 0x0000, 0x0000, 
  0x0000, 0x0000, 0x0000, 0x0000, 0x0000, 0x0000, 0x0020, 0x0841, 0x0000, 0x0000, 0x0000, 0x0000, 
  0x0000, 0x0000, 0x0000, 0x0000, 0x0000, 0x0000, 0x0000, 0x0000, 0x0000, 0x0801, 0x4067, 0x604b, 
  0x600b, 0x680b, 0x680b, 0x680b, 0x680b, 0x682b, 0x682b, 0x682b, 0x584a, 0x1822, 0x0000, 0x0000, 
  0x0000, 0x0000, 0x0020, 0x0000, 0x4066, 0x0800, 0x0000, 0x0000, 0x0000, 0x0000, 0x0000, 0x0000, 
  0x0000, 0x0000, 0x0000, 0x0000, 0x0000, 0x0000, 0x0020, 0x1821, 0x6069, 0x988f, 0xa06f, 0xa06f, 
  0x98af, 0x5889, 0x1001, 0x0000, 0x0000, 0x0000, 0x0000, 0x0000, 0x0000, 0x0000, 0x0000, 0x0000, 
  0x0000, 0x0000, 0x0000, 0x0000, 0x0000, 0x0000, 0x0000, 0x1823, 0x588a, 0x704c, 0x702c, 0x702b, 
  0x702b, 0x702b, 0x702b, 0x702b, 0x682b, 0x682b, 0x682b, 0x682b, 0x682b, 0x682b, 0x602b, 0x604a, 
  0x602b, 0x584a, 0x3045, 0x0800, 0x0000, 0x0000, 0x0000, 0x0000, 0x0000, 0x0000, 0x0000, 0x0000, 
  0x0000, 0x0000, 0x0000, 0x0000, 0x0000, 0x0000, 0x0000, 0x0000, 0x0000, 0x0000, 0x0000, 0x0000, 
  0x0000, 0x0000, 0x0000, 0x0000, 0x0820, 0x1082, 0x0000, 0x0000, 0x0000, 0x0000, 0x0000, 0x0000, 
  0x0000, 0x0000, 0x0000, 0x0000, 0x0000, 0xa513, 0x7bcf, 0x0020, 0x0000, 0x0000, 0x0000, 0x0000, 
  0x0000, 0xad55, 0xffdf, 0xffff, 0xffdf, 0xffdf, 0xffdf, 0xffdf, 0xffdf, 0xffdf, 0xffdf, 0xffdf, 
  0xffdf, 0xffdf, 0xffdf, 0xffdf, 0xffdf, 0xffff, 0xffff, 0xffff, 0xc639, 0x0000, 0x0000, 0x0000, 
  0x0000, 0x0000, 0x0000, 0x0000, 0x0000, 0x0000, 0x0000, 0x0000, 0x0000, 0x0000, 0x0000, 0x0000, 
  0x0000, 0x0000, 0x0000, 0x0000, 0x0000, 0x0000, 0x0000, 0x9471, 0xffde, 0xffdf, 0xffdf, 0xffdf, 
  0xffdf, 0xffdf, 0xffdf, 0xffdf, 0xffdf, 0xffdf, 0xffff, 0xffff, 0xffff, 0xffdf, 0x528a, 0x0000, 
  0x0000, 0x0000, 0x0000, 0x0000, 0x9cd3, 0xffdf, 0xffff, 0xffff, 0xffdf, 0xffff, 0xffff, 0xffdf, 
  0xffff, 0xffdf, 0xffdf, 0xffdf, 0xffdf, 0xffdf, 0xffdf, 0xffdf, 0xffff, 0xffff, 0xffdf, 0xffdf, 
  0xb596, 0x0000, 0x0000, 0x0000, 0x0000, 0x0000, 0x0000, 0x0000, 0x0000, 0x0000, 0x0000, 0x0000, 
  0x0000, 0x0000, 0x0000, 0x8c71, 0xffde, 0xffff, 0xffff, 0xffdf, 0xffdf, 0xffdf, 0xffdf, 0xffff, 
  0xffdf, 0xffdf, 0xffdf, 0xffdf, 0xffdf, 0xffdf, 0xffdf, 0xffdf, 0xffdf, 0xc638, 0x0020, 0x0000, 
  0x0000, 0x0000, 0x0000, 0x0000, 0x0000, 0x0000, 0x0000, 0x0000, 0x0000, 0x0000, 0x0000, 0x0000, 
  0x0000, 0x0000, 0x0000, 0x0000, 0x0000, 0x0000, 0x0000, 0x0000, 0x0000, 0x0000, 0x0000, 0x0000, 
  0x0000, 0x0000, 0x0000, 0x0000, 0x0000, 0x0000, 0x0000, 0x0000, 0x0000, 0x0000, 0x0000, 0x0000, 
  0x0000, 0x0000, 0x0000, 0x0000, 0x0000, 0x0000, 0x0000, 0x0000, 0x0000, 0x0000, 0x2863, 0x5128, 
  0x1001, 0x0000, 0x0000, 0x0000, 0x0000, 0x0000, 0x0000, 0x0000, 0x0000, 0x0000, 0x0000, 0x0000, 
  0x0000, 0x0000, 0x0000, 0x0000, 0x0000, 0x0000, 0x0000, 0x0000, 0x0000, 0x0000, 0x0000, 0x0000, 
  0x0000, 0x0000, 0x0000, 0x0000, 0x1823, 0x5069, 0x602b, 0x680b, 0x600b, 0x680b, 0x680b, 0x680b, 
  0x682b, 0x700b, 0x684b, 0x4867, 0x0801, 0x0000, 0x0000, 0x0000, 0x0000, 0x0000, 0x0000, 0x1001, 
  0x0000, 0x0000, 0x0000, 0x0000, 0x0000, 0x0000, 0x0000, 0x0000, 0x0000, 0x0000, 0x0000, 0x0000, 
  0x0000, 0x0800, 0x3845, 0x808d, 0xa070, 0xa070, 0x9890, 0x90ee, 0x3865, 0x0800, 0x0000, 0x0000, 
  0x0000, 0x0000, 0x0000, 0x0000, 0x0000, 0x0000, 0x0000, 0x0000, 0x0000, 0x0000, 0x0000, 0x0000, 
  0x0000, 0x0801, 0x4066, 0x686c, 0x782c, 0x702c, 0x702b, 0x702b, 0x702b, 0x702b, 0x702b, 0x702b, 
  0x682b, 0x682b, 0x682b, 0x682b, 0x682b, 0x682b, 0x684b, 0x604b, 0x586a, 0x2023, 0x0000, 0x0000, 
  0x0000, 0x0000, 0x0000, 0x0000, 0x0000, 0x0000, 0x0000, 0x0000, 0x0000, 0x0000, 0x0000, 0x0000, 
  0x0000, 0x0000, 0x0000, 0x0000, 0x0000, 0x0000, 0x0000, 0x0000, 0x0000, 0x0000, 0x0020, 0x0840, 
  0x0840, 0x0000, 0x0000, 0x0000, 0x0000, 0x0000, 0x0000, 0x0000, 0x0000, 0x0000, 0x0000, 0x0000, 
  0x0000, 0x4a69, 0x20e3, 0x0000, 0x0000, 0x0000, 0x0000, 0x0000, 0x2945, 0xf7be, 0xffdf, 0xffdf, 
  0xffdf, 0xffdf, 0xffdf, 0xffdf, 0xffdf, 0xffdf, 0xffdf, 0xffdf, 0xffdf, 0xffdf, 0xffdf, 0xffdf, 
  0xffdf, 0xffff, 0xffff, 0xffdf, 0x2945, 0x0000, 0x0000, 0x0000, 0x0000, 0x0000, 0x0000, 0x0000, 
  0x0000, 0x0000, 0x0000, 0x0000, 0x0000, 0x0000, 0x0000, 0x0000, 0x0000, 0x0000, 0x0000, 0x0000, 
  0x0000, 0x0000, 0x2945, 0xef7d, 0xffde, 0xffdf, 0xffdf, 0xffdf, 0xffdf, 0xffdf, 0xffdf, 0xffdf, 
  0xffdf, 0xffdf, 0xffff, 0xffff, 0xffff, 0xdefb, 0x0020, 0x0000, 0x0000, 0x0000, 0x0000, 0x0841, 
  0xef5d, 0xffdf, 0xffdf, 0xffff, 0xffdf, 0xffff, 0xffff, 0xffff, 0xffdf, 0xffdf, 0xffdf, 0xffdf, 
  0xffdf, 0xffdf, 0xffdf, 0xffff, 0xffff, 0xffff, 0xffdf, 0xffdf, 0x39c7, 0x0000, 0x0000, 0x0000, 
  0x0000, 0x0000, 0x0000, 0x0000, 0x0000, 0x0000, 0x0000, 0x0000, 0x0000, 0x0000, 0x0000, 0x31a6, 
  0xf79e, 0xffdf, 0xffff, 0xffff, 0xffdf, 0xffdf, 0xffdf, 0xffdf, 0xffdf, 0xffdf, 0xffdf, 0xffdf, 
  0xffdf, 0xffdf, 0xffdf, 0xffdf, 0xffdf, 0xf7de, 0x2945, 0x0000, 0x0000, 0x0000, 0x0000, 0x0000, 
  0x0000, 0x0000, 0x0000, 0x0000, 0x0000, 0x0000, 0x0000, 0x0000, 0x0000, 0x0000, 0x0000, 0x0000, 
  0x0000, 0x0000, 0x0000, 0x0000, 0x0000, 0x0000, 0x0000, 0x0000, 0x0000, 0x0000, 0x0000, 0x0000, 
  0x0000, 0x0000, 0x0000, 0x0000, 0x0000, 0x0000, 0x0000, 0x0000, 0x0000, 0x0000, 0x0000, 0x0000, 
  0x0000, 0x0000, 0x0000, 0x0000, 0x0000, 0x2884, 0x40e6, 0x1001, 0x0000, 0x0000, 0x0000, 0x0000, 
  0x0000, 0x0000, 0x0000, 0x0000, 0x0000, 0x0000, 0x0000, 0x0000, 0x0000, 0x0000, 0x0000, 0x0000, 
  0x0000, 0x0000, 0x0000, 0x0000, 0x0000, 0x0000, 0x0000, 0x0000, 0x0000, 0x0000, 0x0000, 0x3045, 
  0x584a, 0x600b, 0x602b, 0x600b, 0x680b, 0x682b, 0x682b, 0x680b, 0x682b, 0x684b, 0x3845, 0x0800, 
  0x0000, 0x0000, 0x0000, 0x0000, 0x0000, 0x0000, 0x1823, 0x4848, 0x0000, 0x0000, 0x0000, 0x0000, 
  0x0000, 0x0000, 0x0000, 0x0000, 0x0000, 0x0000, 0x0020, 0x0000, 0x1801, 0x608a, 0x9890, 0xa070, 
  0xa070, 0xa0b0, 0x70eb, 0x1822, 0x0000, 0x0000, 0x0000, 0x0000, 0x0000, 0x0000, 0x0000, 0x0000, 
  0x0000, 0x0000, 0x0000, 0x0000, 0x0000, 0x0000, 0x0000, 0x0800, 0x2843, 0x606a, 0x702c, 0x780c, 
  0x782c, 0x782c, 0x702c, 0x702b, 0x702b, 0x702b, 0x702b, 0x702b, 0x702b, 0x702b, 0x702b, 0x702b, 
  0x702b, 0x684b, 0x684b, 0x5068, 0x1021, 0x0000, 0x0000, 0x0000, 0x0000, 0x0000, 0x0000, 0x0000, 
  0x0000, 0x0000, 0x0000, 0x0000, 0x0000, 0x0000, 0x0000, 0x0000, 0x0000, 0x0000, 0x0000, 0x0000, 
  0x0000, 0x0000, 0x0000, 0x0000, 0x0000, 0x0020, 0x1061, 0x0020, 0x0000, 0x0000, 0x0000, 0x0000, 
  0x0000, 0x0000, 0x0000, 0x0000, 0x0000, 0x0000, 0x0000, 0x0000, 0x0000, 0x0000, 0x0000, 0x0000, 
  0x0000, 0x0000, 0x0000, 0x0000, 0x9cd2, 0xffde, 0xffdf, 0xffff, 0xffdf, 0xffdf, 0xffdf, 0xffdf, 
  0xffdf, 0xffdf, 0xffdf, 0xffdf, 0xffdf, 0xffdf, 0xffdf, 0xffdf, 0xffff, 0xffff, 0xffff, 0x94b3, 
  0x0000, 0x0000, 0x0000, 0x0000, 0x0000, 0x0000, 0x0000, 0x0000, 0x0000, 0x0000, 0x0000, 0x0000, 
  0x0000, 0x0000, 0x0000, 0x0000, 0x0000, 0x0000, 0x0000, 0x0000, 0x0000, 0x0020, 0xd679, 0xffde, 
  0xffdf, 0xffdf, 0xffdf, 0xffdf, 0xffdf, 0xffdf, 0xffdf, 0xffdf, 0xffdf, 0xffff, 0xffff, 0xffff, 
  0xffff, 0x6b4d, 0x0000, 0x0000, 0x0000, 0x0000, 0x0000, 0x62eb, 0xffdf, 0xffdf, 0xffdf, 0xffdf, 
  0xffdf, 0xffff, 0xffff, 0xffdf, 0xffdf, 0xffdf, 0xffdf, 0xffdf, 0xffdf, 0xffdf, 0xffdf, 0xffff, 
  0xffff, 0xffdf, 0xffdf, 0xb5b6, 0x0000, 0x0000, 0x0000, 0x0000, 0x0000, 0x0000, 0x0000, 0x0000, 
  0x0000, 0x0000, 0x0000, 0x0000, 0x0000, 0x0000, 0x0000, 0x0000, 0xb596, 0xffdf, 0xffdf, 0xffdf, 
  0xffdf, 0xffdf, 0xffdf, 0xffdf, 0xffdf, 0xffdf, 0xffdf, 0xffdf, 0xffdf, 0xffdf, 0xffdf, 0xffdf, 
  0xffdf, 0xffde, 0x8c50, 0x0000, 0x0000, 0x0000, 0x0000, 0x0000, 0x0000, 0x0000, 0x0000, 0x0000, 
  0x0000, 0x0000, 0x0000, 0x0000, 0x0000, 0x0000, 0x0000, 0x0000, 0x0000, 0x0000, 0x0000, 0x0000, 
  0x0000, 0x0000, 0x0000, 0x0000, 0x0000, 0x0000, 0x0000, 0x0000, 0x0000, 0x0000, 0x0000, 0x0000, 
  0x0000, 0x0000, 0x0000, 0x0000, 0x0000, 0x0000, 0x0000, 0x0000, 0x0000, 0x0000, 0x0000, 0x0000, 
  0x28a5, 0x30a5, 0x0800, 0x0000, 0x0000, 0x0000, 0x0000, 0x0000, 0x0000, 0x0000, 0x0000, 0x0000, 
  0x0000, 0x0000, 0x0000, 0x0000, 0x0000, 0x0000, 0x0000, 0x0000, 0x0000, 0x0000, 0x0000, 0x0000, 
  0x0000, 0x0000, 0x0000, 0x0000, 0x0000, 0x0801, 0x3867, 0x602b, 0x602b, 0x600a, 0x600b, 0x600b, 
  0x680b, 0x680b, 0x680b, 0x682b, 0x606a, 0x2023, 0x0000, 0x0000, 0x0000, 0x0000, 0x0000, 0x0000, 
  0x0800, 0x2845, 0x5049, 0x582a, 0x0000, 0x0000, 0x0000, 0x0000, 0x0000, 0x0000, 0x0000, 0x0000, 
  0x0000, 0x0000, 0x0820, 0x3045, 0x80ac, 0xa04f, 0xa070, 0xa071, 0x90cf, 0x4887, 0x0800, 0x0000, 
  0x0000, 0x0000, 0x0000, 0x0000, 0x0000, 0x0000, 0x0000, 0x0000, 0x0000, 0x0000, 0x0000, 0x0000, 
  0x0000, 0x0000, 0x1002, 0x4848, 0x704c, 0x782c, 0x782c, 0x782c, 0x782c, 0x782c, 0x702c, 0x702c, 
  0x702c, 0x702b, 0x702b, 0x704b, 0x702b, 0x702b, 0x702b, 0x702b, 0x704b, 0x686c, 0x4087, 0x0800, 
  0x0000, 0x0000, 0x0000, 0x0000, 0x0000, 0x0000, 0x0000, 0x0000, 0x0000, 0x0000, 0x0000, 0x0000, 
  0x0000, 0x0000, 0x0000, 0x0000, 0x0000, 0x0000, 0x0000, 0x0000, 0x0000, 0x0000, 0x0000, 0x0000, 
  0x0820, 0x1082, 0x0000, 0x0000, 0x0000, 0x0000, 0x0000, 0x0000, 0x0000, 0x0000, 0x0000, 0x0000, 
  0x0000, 0x0000, 0x0000, 0x0000, 0x0000, 0x0000, 0x0000, 0x0000, 0x0000, 0x0000, 0x0000, 0x3165, 
  0xf79e, 0xffdf, 0xffdf, 0xffdf, 0xffdf, 0xffdf, 0xffdf, 0xffdf, 0xffdf, 0xffdf, 0xffdf, 0xffdf, 
  0xffdf, 0xffdf, 0xffdf, 0xffdf, 0xffff, 0xffff, 0xe73c, 0x18c3, 0x0000, 0x0000, 0x0000, 0x0000, 
  0x0000, 0x0000, 0x0000, 0x0000, 0x0000, 0x0000, 0x0000, 0x0000, 0x0000, 0x0000, 0x0000, 0x0000, 
  0x0000, 0x0000, 0x0000, 0x0000, 0x0000, 0x738d, 0xffdf, 0xffde, 0xffdf, 0xffdf, 0xffdf, 0xffdf, 
  0xffdf, 0xffdf, 0xffdf, 0xffdf, 0xffdf, 0xffff, 0xffff, 0xffdf, 0xe73c, 0x18c3, 0x0000, 0x0000, 
  0x0000, 0x0000, 0x0020, 0xce58, 0xffdf, 0xffdf, 0xffdf, 0xffdf, 0xffdf, 0xffff, 0xffdf, 0xffff, 
  0xffdf, 0xffdf, 0xffdf, 0xffdf, 0xffff, 0xffff, 0xffff, 0xffff, 0xffff, 0xffdf, 0xd6ba, 0x2124, 
  0x0000, 0x0000, 0x0000, 0x0000, 0x0000, 0x0000, 0x0000, 0x0000, 0x0000, 0x0000, 0x0000, 0x0000, 
  0x0000, 0x0000, 0x0000, 0x0000, 0x5289, 0xffdf, 0xffdf, 0xffdf, 0xffdf, 0xffdf, 0xffdf, 0xffdf, 
  0xffdf, 0xffdf, 0xffdf, 0xffdf, 0xffdf, 0xffdf, 0xffdf, 0xffdf, 0xffdf, 0xffdf, 0xdedb, 0x0020, 
  0x0000, 0x0000, 0x0000, 0x0000, 0x0000, 0x0000, 0x0000, 0x0000, 0x0000, 0x0000, 0x0000, 0x0000, 
  0x0000, 0x0000, 0x0000, 0x0000, 0x0000, 0x0000, 0x0000, 0x0000, 0x0000, 0x0000, 0x0000, 0x0000, 
  0x0000, 0x0000, 0x0000, 0x0000, 0x0000, 0x0000, 0x0000, 0x0000, 0x0000, 0x0000, 0x0000, 0x0000, 
  0x0000, 0x0000, 0x0000, 0x0000, 0x0000, 0x0000, 0x0000, 0x30c4, 0x28a4, 0x0820, 0x0000, 0x0000, 
  0x0000, 0x0000, 0x0000, 0x0000, 0x0000, 0x0000, 0x0000, 0x0000, 0x0000, 0x0000, 0x0000, 0x0000, 
  0x0000, 0x0000, 0x0000, 0x0000, 0x0000, 0x0000, 0x0000, 0x0000, 0x0000, 0x0000, 0x0000, 0x0000, 
  0x1822, 0x5089, 0x602a, 0x602a, 0x600a, 0x600a, 0x600a, 0x600a, 0x680a, 0x680b, 0x682b, 0x5068, 
  0x1821, 0x0000, 0x0000, 0x0000, 0x0000, 0x0000, 0x0020, 0x1001, 0x3867, 0x582a, 0x582a, 0x580a, 
  0x0000, 0x0000, 0x0000, 0x0000, 0x0000, 0x0000, 0x0000, 0x0000, 0x0000, 0x1001, 0x5048, 0x906e, 
  0x982f, 0x984f, 0x9870, 0x80ad, 0x2824, 0x0800, 0x0000, 0x0000, 0x0000, 0x0000, 0x0000, 0x0000, 
  0x0000, 0x0000, 0x0000, 0x0000, 0x0000, 0x0000, 0x0000, 0x0000, 0x0801, 0x3825, 0x686b, 0x782d, 
  0x782c, 0x782c, 0x782c, 0x782c, 0x782c, 0x782c, 0x782c, 0x782c, 0x702c, 0x702c, 0x704c, 0x704c, 
  0x704b, 0x704c, 0x704c, 0x704b, 0x686b, 0x3045, 0x0800, 0x0000, 0x0000, 0x0000, 0x0000, 0x0000, 
  0x0000, 0x0000, 0x0000, 0x0000, 0x0000, 0x0000, 0x0000, 0x0000, 0x0000, 0x0000, 0x0000, 0x0000, 
  0x0000, 0x0000, 0x0000, 0x0000, 0x0000, 0x0000, 0x0000, 0x0821, 0x20a3, 0x0000, 0x0000, 0x0000, 
  0x0000, 0x0000, 0x0000, 0x0000, 0x0000, 0x0000, 0x0000, 0x0000, 0x0000, 0x0000, 0x0000, 0x0000, 
  0x0000, 0x0000, 0x0000, 0x0000, 0x0000, 0x0000, 0x0000, 0x9cd3, 0xffdf, 0xffdf, 0xffdf, 0xffdf, 
  0xffdf, 0xffdf, 0xffdf, 0xffdf, 0xffdf, 0xffdf, 0xffdf, 0xffdf, 0xffdf, 0xffdf, 0xffdf, 0xffdf, 
  0xffdf, 0xffdf, 0x9cf4, 0x0000, 0x0000, 0x0000, 0x0000, 0x0000, 0x0000, 0x0000, 0x0000, 0x0000, 
  0x0000, 0x0000, 0x0000, 0x0000, 0x0000, 0x0000, 0x0000, 0x0840, 0x10a2, 0x2924, 0x39e7, 0x632c, 
  0x8c30, 0xef5d, 0xffdf, 0xffdf, 0xffdf, 0xffdf, 0xffdf, 0xffdf, 0xffdf, 0xffdf, 0xffdf, 0xffdf, 
  0xffdf, 0xffff, 0xffff, 0xffdf, 0x8c71, 0x0000, 0x0000, 0x0000, 0x0000, 0x0000, 0x41e7, 0xffde, 
  0xffdf, 0xffdf, 0xffdf, 0xffdf, 0xffdf, 0xffdf, 0xffdf, 0xffdf, 0xffdf, 0xffff, 0xffff, 0xffdf, 
  0xffff, 0xffdf, 0xffdf, 0xffdf, 0xef5d, 0x7bef, 0x1082, 0x0000, 0x0000, 0x0000, 0x0000, 0x0000, 
  0x0000, 0x0000, 0x0000, 0x0000, 0x0000, 0x0000, 0x0000, 0x0000, 0x0000, 0x0000, 0x0000, 0x0000, 
  0x0020, 0xd6ba, 0xffdf, 0xffdf, 0xffdf, 0xffdf, 0xffdf, 0xffdf, 0xffdf, 0xffdf, 0xffdf, 0xffdf, 
  0xffdf, 0xffdf, 0xffdf, 0xffdf, 0xffdf, 0xffdf, 0xf7be, 0x4208, 0x0000, 0x0000, 0x0000, 0x0000, 
  0x0000, 0x0000, 0x0000, 0x0000, 0x0000, 0x0000, 0x0000, 0x0000, 0x0000, 0x0000, 0x0000, 0x0000, 
  0x0000, 0x0000, 0x0000, 0x0000, 0x0000, 0x0000, 0x0000, 0x0000, 0x0000, 0x0000, 0x0000, 0x0000, 
  0x0000, 0x0000, 0x0000, 0x0000, 0x0000, 0x0000, 0x0000, 0x0000, 0x0000, 0x0000, 0x0000, 0x0000, 
  0x0000, 0x0000, 0x30c4, 0x2083, 0x0000, 0x0000, 0x0000, 0x0000, 0x0000, 0x0000, 0x0000, 0x0000, 
  0x0000, 0x0000, 0x0000, 0x0000, 0x0000, 0x0000, 0x0000, 0x0000, 0x0000, 0x0000, 0x0000, 0x0000, 
  0x0000, 0x0000, 0x0000, 0x0000, 0x0000, 0x0000, 0x0000, 0x2844, 0x586a, 0x602a, 0x600a, 0x602a, 
  0x602a, 0x602a, 0x600a, 0x600b, 0x682b, 0x604a, 0x4067, 0x0801, 0x0000, 0x0000, 0x0000, 0x0000, 
  0x0000, 0x0000, 0x1823, 0x4848, 0x582a, 0x582a, 0x580a, 0x582a, 0x0000, 0x0000, 0x0000, 0x0000, 
  0x0000, 0x0000, 0x0000, 0x0000, 0x2023, 0x788c, 0xa04f, 0xa02f, 0x984f, 0x988f, 0x5869, 0x1802, 
  0x0800, 0x0000, 0x0000, 0x0000, 0x0000, 0x0000, 0x0000, 0x0000, 0x0000, 0x0000, 0x0000, 0x0000, 
  0x0000, 0x0000, 0x0800, 0x2003, 0x586a, 0x784d, 0x782d, 0x782d, 0x782c, 0x782c, 0x782c, 0x782c, 
  0x782c, 0x782c, 0x782c, 0x782c, 0x782c, 0x784c, 0x784c, 0x784c, 0x784c, 0x784b, 0x784c, 0x608a, 
  0x2023, 0x0000, 0x0000, 0x0000, 0x0000, 0x0000, 0x0000, 0x0000, 0x0000, 0x0000, 0x0000, 0x0000, 
  0x0000, 0x0000, 0x0000, 0x0000, 0x0000, 0x0000, 0x0000, 0x0000, 0x0000, 0x0000, 0x0000, 0x0000, 
  0x0000, 0x0000, 0x20a3, 0x20c3, 0x0000, 0x0000, 0x0000, 0x0000, 0x0000, 0x0000, 0x0000, 0x0000, 
  0x0000, 0x0000, 0x0000, 0x0000, 0x0000, 0x0000, 0x0000, 0x0000, 0x0000, 0x0000, 0x0000, 0x0000, 
  0x0000, 0x0000, 0x10a2, 0xf79d, 0xffdf, 0xffdf, 0xffdf, 0xffdf, 0xffdf, 0xffdf, 0xffdf, 0xffdf, 
  0xffdf, 0xffdf, 0xffdf, 0xffdf, 0xffdf, 0xffdf, 0xffdf, 0xffdf, 0xffdf, 0xffdf, 0x73ae, 0x0000, 
  0x0000, 0x0000, 0x0000, 0x0000, 0x0000, 0x0000, 0x0000, 0x0000, 0x0020, 0x2104, 0x4228, 0x6b6d, 
  0x8c51, 0x9cf3, 0xbdd7, 0xdedb, 0xef7d, 0xffdf, 0xffdf, 0xffdf, 0xffdf, 0xffdf, 0xffdf, 0xffdf, 
  0xffdf, 0xffdf, 0xffdf, 0xffdf, 0xffdf, 0xffdf, 0xffdf, 0xffdf, 0xffdf, 0xffff, 0xffff, 0xf79e, 
  0x2104, 0x0000, 0x0000, 0x0000, 0x0000, 0x0000, 0xb596, 0xffdf, 0xffdf, 0xffdf, 0xffdf, 0xffdf, 
  0xffdf, 0xffdf, 0xffdf, 0xffdf, 0xffff, 0xffff, 0xffff, 0xffdf, 0xffdf, 0xffdf, 0xf7be, 0x8c51, 
  0x18e3, 0x0020, 0x0000, 0x0000, 0x0000, 0x0000, 0x0000, 0x0000, 0x0000, 0x0000, 0x0000, 0x0000, 
  0x0000, 0x0000, 0x0000, 0x0000, 0x0000, 0x0000, 0x0000, 0x0000, 0x0000, 0x73ae, 0xf7be, 0xffdf, 
  0xffdf, 0xffdf, 0xffdf, 0xffdf, 0xffdf, 0xffdf, 0xffdf, 0xffdf, 0xffdf, 0xffdf, 0xffdf, 0xffdf, 
  0xffdf, 0xffdf, 0xffdf, 0x9491, 0x0000, 0x0000, 0x0000, 0x0000, 0x0000, 0x0000, 0x0000, 0x0000, 
  0x0000, 0x0000, 0x0000, 0x0000, 0x0000, 0x0000, 0x0000, 0x0000, 0x0000, 0x0000, 0x0000, 0x0000, 
  0x0000, 0x0000, 0x0000, 0x0000, 0x0000, 0x0000, 0x0000, 0x0000, 0x0000, 0x0000, 0x0000, 0x0000, 
  0x0000, 0x0000, 0x0000, 0x0000, 0x0000, 0x0000, 0x0000, 0x0000, 0x0000, 0x3105, 0x1862, 0x0000, 
  0x0000, 0x0000, 0x0000, 0x0000, 0x0000, 0x0000, 0x0000, 0x0000, 0x0000, 0x0000, 0x0000, 0x0000, 
  0x0000, 0x0000, 0x0000, 0x0000, 0x0000, 0x0000, 0x0000, 0x0000, 0x0000, 0x0000, 0x0000, 0x0000, 
  0x0000, 0x0801, 0x40a7, 0x586a, 0x602a, 0x602a, 0x602a, 0x602a, 0x602a, 0x602a, 0x602a, 0x602b, 
  0x604a, 0x3045, 0x0800, 0x0000, 0x0000, 0x0000, 0x0000, 0x0000, 0x0000, 0x2844, 0x5049, 0x582a, 
  0x582a, 0x580a, 0x582a, 0x582a, 0x0000, 0x0000, 0x0000, 0x0000, 0x0000, 0x0000, 0x0800, 0x4867, 
  0x988f, 0xa030, 0xa050, 0x984f, 0x88ae, 0x3846, 0x0800, 0x0000, 0x0000, 0x0000, 0x0000, 0x0000, 
  0x0000, 0x0000, 0x0000, 0x0000, 0x0000, 0x0000, 0x0000, 0x0000, 0x0000, 0x1001, 0x4867, 0x786d, 
  0x784d, 0x784d, 0x782d, 0x782c, 0x782c, 0x782c, 0x782c, 0x782c, 0x782c, 0x782c, 0x782c, 0x782c, 
  0x784c, 0x784c, 0x784c, 0x784c, 0x784c, 0x786d, 0x5889, 0x1001, 0x0000, 0x0000, 0x0000, 0x0000, 
  0x0000, 0x0000, 0x0000, 0x0000, 0x0000, 0x0000, 0x0000, 0x0000, 0x0000, 0x0000, 0x0000, 0x0000, 
  0x0000, 0x0000, 0x0000, 0x0000, 0x0000, 0x0000, 0x0000, 0x0000, 0x0000, 0x3946, 0x1883, 0x0000, 
  0x0000, 0x0000, 0x0000, 0x0000, 0x0000, 0x0000, 0x0000, 0x0000, 0x0000, 0x0000, 0x0000, 0x0000, 
  0x0000, 0x0000, 0x0000, 0x0000, 0x0000, 0x0000, 0x0000, 0x0000, 0x0000, 0x0000, 0x8c30, 0xffdf, 
  0xffdf, 0xffdf, 0xffdf, 0xffdf, 0xffdf, 0xffdf, 0xffdf, 0xffdf, 0xffdf, 0xffdf, 0xffdf, 0xffdf, 
  0xffdf, 0xffdf, 0xffdf, 0xffdf, 0xffdf, 0xffdf, 0xe73c, 0x2945, 0x0840, 0x1082, 0x2945, 0x4a69, 
  0x738e, 0x9cd3, 0xbdf7, 0xdefb, 0xf79e, 0xffdf, 0xffdf, 0xffdf, 0xffdf, 0xffdf, 0xffdf, 0xffdf, 
  0xffde, 0xffdf, 0xffdf, 0xffdf, 0xffdf, 0xffdf, 0xffdf, 0xffdf, 0xffdf, 0xffdf, 0xffdf, 0xffdf, 
  0xffdf, 0xffdf, 0xffdf, 0xffdf, 0xffff, 0xffff, 0xffff, 0xad75, 0x0000, 0x0000, 0x0000, 0x0000, 
  0x0000, 0x2104, 0xffbf, 0xffdf, 0xffdf, 0xffdf, 0xffdf, 0xffdf, 0xffdf, 0xffdf, 0xffff, 0xffff, 
  0xffff, 0xffff, 0xffdf, 0xffdf, 0xffdf, 0xad55, 0x2945, 0x0020, 0x0020, 0x0000, 0x0000, 0x0000, 
  0x0000, 0x0000, 0x0000, 0x0000, 0x0000, 0x0000, 0x0000, 0x0000, 0x0000, 0x0000, 0x0000, 0x0000, 
  0x0000, 0x0000, 0x0000, 0x0000, 0x0000, 0x0881, 0xf7bd, 0xffde, 0xffdf, 0xffdf, 0xffdf, 0xffdf, 
  0xffdf, 0xffdf, 0xffdf, 0xffdf, 0xffdf, 0xffdf, 0xffdf, 0xffdf, 0xffdf, 0xffdf, 0xffdf, 0xef7d, 
  0x0820, 0x0000, 0x0000, 0x0000, 0x0000, 0x0000, 0x0000, 0x0000, 0x0000, 0x0000, 0x0000, 0x0000, 
  0x0000, 0x0000, 0x0000, 0x0000, 0x0000, 0x0000, 0x0000, 0x0000, 0x0000, 0x0000, 0x0000, 0x0000, 
  0x0000, 0x0000, 0x0000, 0x0000, 0x0000, 0x0000, 0x0000, 0x0000, 0x0000, 0x0000, 0x0000, 0x0000, 
  0x0000, 0x0000, 0x0000, 0x0800, 0x28c4, 0x1041, 0x0000, 0x0000, 0x0000, 0x0000, 0x0000, 0x0000, 
  0x0000, 0x0000, 0x0000, 0x0000, 0x0000, 0x0000, 0x0000, 0x0000, 0x0000, 0x0000, 0x0000, 0x0000, 
  0x0000, 0x0000, 0x0000, 0x0000, 0x0000, 0x0000, 0x0000, 0x0000, 0x1822, 0x50a9, 0x604a, 0x602a, 
  0x582a, 0x602a, 0x602a, 0x602a, 0x602a, 0x602a, 0x602a, 0x584a, 0x2024, 0x0000, 0x0000, 0x0000, 
  0x0000, 0x0000, 0x0000, 0x1021, 0x3847, 0x582a, 0x580a, 0x582a, 0x582a, 0x582a, 0x580a, 0x582a, 
  0x0000, 0x0000, 0x0000, 0x0000, 0x0800, 0x2823, 0x80ad, 0xa8b1, 0xa871, 0xa870, 0xa090, 0x70cc, 
  0x1802, 0x0000, 0x0000, 0x0000, 0x0000, 0x0000, 0x0000, 0x0000, 0x0000, 0x0000, 0x0000, 0x0000, 
  0x0000, 0x0000, 0x0000, 0x0800, 0x3845, 0x708c, 0x804d, 0x802d, 0x804d, 0x782d, 0x784d, 0x784d, 
  0x782c, 0x782c, 0x784c, 0x784c, 0x782c, 0x784c, 0x784c, 0x784c, 0x784c, 0x784d, 0x784d, 0x784d, 
  0x788c, 0x4887, 0x0800, 0x0000, 0x0000, 0x0000, 0x0000, 0x0000, 0x0000, 0x0000, 0x0000, 0x0000, 
  0x0000, 0x0000, 0x0000, 0x0000, 0x0000, 0x0000, 0x0000, 0x0000, 0x0000, 0x0000, 0x0000, 0x0000, 
  0x0000, 0x0000, 0x0000, 0x1041, 0x4167, 0x1062, 0x0000, 0x0000, 0x0000, 0x0000, 0x0000, 0x0000, 
  0x0000, 0x0000, 0x0000, 0x0000, 0x0000, 0x0000, 0x0000, 0x0000, 0x0000, 0x0000, 0x0000, 0x0000, 
  0x0000, 0x0000, 0x0000, 0x0000, 0x0000, 0x0841, 0xdedb, 0xffdf, 0xffdf, 0xffdf, 0xffdf, 0xffdf, 
  0xffdf, 0xffdf, 0xffdf, 0xffdf, 0xffdf, 0xffdf, 0xffdf, 0xffdf, 0xffdf, 0xffdf, 0xffdf, 0xffdf, 
  0xffdf, 0xffdf, 0xffdf, 0xffdf, 0xffdf, 0xffff, 0xffff, 0xffdf, 0xffdf, 0xffdf, 0xffdf, 0xffdf, 
  0xffdf, 0xffdf, 0xffdf, 0xffdf, 0xffdf, 0xffdf, 0xf7df, 0xffdf, 0xffdf, 0xffdf, 0xffdf, 0xffdf, 
  0xffdf, 0xffdf, 0xffdf, 0xffdf, 0xffdf, 0xffdf, 0xffdf, 0xffdf, 0xffdf, 0xffdf, 0xffdf, 0xffdf, 
  0xffff, 0xffdf, 0xffdf, 0x41e8, 0x0000, 0x0000, 0x0000, 0x0000, 0x0000, 0x8c71, 0xffdf, 0xffff, 
  0xffdf, 0xffdf, 0xffdf, 0xffdf, 0xffff, 0xffdf, 0xffdf, 0xffff, 0xffff, 0xffff, 0xffdf, 0xb5b6, 
  0x2965, 0x0020, 0x0020, 0x0000, 0x0000, 0x0000, 0x0000, 0x0000, 0x0000, 0x0000, 0x0000, 0x0000, 
  0x0000, 0x0000, 0x0000, 0x0000, 0x0000, 0x0000, 0x0000, 0x0000, 0x0000, 0x0000, 0x0000, 0x0000, 
  0x0000, 0x0020, 0x9cd2, 0xf7be, 0xffdf, 0xffdf, 0xffdf, 0xffdf, 0xffdf, 0xffdf, 0xffdf, 0xffdf, 
  0xffdf, 0xffdf, 0xffdf, 0xffdf, 0xffdf, 0xffdf, 0xffdf, 0xf7be, 0x528a, 0x0000, 0x0000, 0x0000, 
  0x0000, 0x0000, 0x0000, 0x0000, 0x0000, 0x0000, 0x0000, 0x0000, 0x0000, 0x0000, 0x0000, 0x0000, 
  0x0000, 0x0000, 0x0000, 0x0000, 0x0000, 0x0000, 0x0000, 0x0000, 0x0000, 0x0000, 0x0000, 0x0000, 
  0x0000, 0x0000, 0x0000, 0x0000, 0x0000, 0x0000, 0x0000, 0x0000, 0x0000, 0x0000, 0x0820, 0x20a3, 
  0x0820, 0x0000, 0x0000, 0x0000, 0x0000, 0x0000, 0x0000, 0x0000, 0x0000, 0x0000, 0x0000, 0x0000, 
  0x0000, 0x0000, 0x0000, 0x0000, 0x0000, 0x0000, 0x0000, 0x0000, 0x0000, 0x0000, 0x0000, 0x0000, 
  0x0000, 0x0000, 0x0000, 0x2844, 0x60aa, 0x602a, 0x582a, 0x582a, 0x582a, 0x5829, 0x582a, 0x602a, 
  0x602a, 0x602b, 0x4868, 0x1002, 0x0000, 0x0000, 0x0000, 0x0000, 0x0000, 0x0000, 0x1823, 0x4868, 
  0x582a, 0x580a, 0x580a, 0x5809, 0x5829, 0x5829, 0x582a, 0x582a, 0x0000, 0x0000, 0x0000, 0x1001, 
  0x4887, 0xa0d0, 0xb071, 0xb071, 0xa892, 0x9910, 0x48a7, 0x0801, 0x0000, 0x0000, 0x0000, 0x0000, 
  0x0000, 0x0000, 0x0000, 0x0000, 0x0000, 0x0000, 0x0000, 0x0000, 0x0000, 0x0000, 0x2023, 0x608b, 
  0x786d, 0x804d, 0x804d, 0x804d, 0x804d, 0x784c, 0x784d, 0x784d, 0x784c, 0x784c, 0x784c, 0x784d, 
  0x784d, 0x784c, 0x784c, 0x784d, 0x784d, 0x804d, 0x806d, 0x70ac, 0x3045, 0x0000, 0x0000, 0x0000, 
  0x0000, 0x0000, 0x0000, 0x0000, 0x0000, 0x0000, 0x0000, 0x0000, 0x0000, 0x0000, 0x0000, 0x0000, 
  0x0000, 0x0000, 0x0000, 0x0000, 0x0000, 0x0000, 0x0000, 0x0000, 0x0000, 0x0000, 0x20a3, 0x4187, 
  0x1062, 0x0020, 0x0000, 0x0000, 0x0000, 0x0000, 0x0000, 0x0000, 0x0000, 0x0000, 0x0000, 0x0000, 
  0x0000, 0x0000, 0x0000, 0x0000, 0x0000, 0x0000, 0x0000, 0x0000, 0x0000, 0x0000, 0x0000, 0x0000, 
  0x0000, 0x4a49, 0xffdf, 0xffdf, 0xffdf, 0xffdf, 0xffdf, 0xffdf, 0xffdf, 0xffdf, 0xffdf, 0xffdf, 
  0xffdf, 0xffdf, 0xffdf, 0xffdf, 0xffdf, 0xffdf, 0xffdf, 0xffdf, 0xffdf, 0xffdf, 0xffdf, 0xffdf, 
  0xffdf, 0xffdf, 0xffdf, 0xffdf, 0xffdf, 0xffdf, 0xffdf, 0xffdf, 0xffdf, 0xffdf, 0xffdf, 0xffdf, 
  0xffdf, 0xffdf, 0xffdf, 0xffdf, 0xffdf, 0xffdf, 0xffdf, 0xffdf, 0xffdf, 0xffdf, 0xffdf, 0xffdf, 
  0xffdf, 0xffdf, 0xffdf, 0xffdf, 0xffdf, 0xffdf, 0xffdf, 0xffff, 0xffff, 0xffdf, 0xbdf7, 0x0000, 
  0x0000, 0x0000, 0x0000, 0x0000, 0x0861, 0xe71c, 0xffff, 0xffff, 0xffff, 0xffff, 0xffff, 0xffff, 
  0xffff, 0xffdf, 0xffdf, 0xffdf, 0xffff, 0xbdf7, 0x4a49, 0x0020, 0x0000, 0x0000, 0x0000, 0x0000, 
  0x0000, 0x0000, 0x0000, 0x0000, 0x0000, 0x0000, 0x0000, 0x0000, 0x0000, 0x0000, 0x0000, 0x0000, 
  0x0000, 0x0000, 0x0000, 0x0000, 0x0000, 0x0000, 0x0000, 0x0000, 0x0000, 0x0000, 0x39e7, 0xf7be, 
  0xf7df, 0xffdf, 0xffdf, 0xffdf, 0xffdf, 0xffdf, 0xffdf, 0xffdf, 0xffdf, 0xffdf, 0xffdf, 0xffdf, 
  0xffdf, 0xffdf, 0xffdf, 0xffdf, 0xad75, 0x0000, 0x0000, 0x0000, 0x0000, 0x0000, 0x0000, 0x0000, 
  0x0000, 0x0000, 0x0000, 0x0000, 0x0000, 0x0000, 0x0000, 0x0000, 0x0000, 0x0000, 0x0000, 0x0000, 
  0x0000, 0x0000, 0x0000, 0x0000, 0x0000, 0x0000, 0x0000, 0x0000, 0x0000, 0x0000, 0x0000, 0x0000, 
  0x0000, 0x0000, 0x0000, 0x0000, 0x0000, 0x0020, 0x1061, 0x0020, 0x0000, 0x0000, 0x0000, 0x0000, 
  0x0000, 0x0000, 0x0000, 0x0000, 0x0000, 0x0000, 0x0000, 0x0000, 0x0000, 0x0000, 0x0000, 0x0000, 
  0x0000, 0x0000, 0x0000, 0x0000, 0x0000, 0x0000, 0x0000, 0x0000, 0x0000, 0x0800, 0x3886, 0x688b, 
  0x582a, 0x582a, 0x5829, 0x5829, 0x582a, 0x582a, 0x582a, 0x602a, 0x604b, 0x3847, 0x0801, 0x0000, 
  0x0000, 0x0000, 0x0000, 0x0000, 0x0800, 0x2844, 0x5049, 0x582a, 0x582a, 0x580a, 0x5829, 0x5829, 
  0x5829, 0x5829, 0x5829, 0x5829, 0x0000, 0x0000, 0x2002, 0x78ab, 0xa8b0, 0xb071, 0xb091, 0xa891, 
  0x910f, 0x2844, 0x0800, 0x0000, 0x0000, 0x0000, 0x0000, 0x0000, 0x0000, 0x0000, 0x0000, 0x0000, 
  0x0000, 0x0000, 0x0000, 0x0000, 0x1001, 0x4888, 0x788d, 0x804e, 0x804d, 0x804d, 0x804d, 0x804d, 
  0x804d, 0x784c, 0x784c, 0x784d, 0x784d, 0x784c, 0x784d, 0x784d, 0x784d, 0x804d, 0x784d, 0x804d, 
  0x806d, 0x806d, 0x70cb, 0x2023, 0x0000, 0x0000, 0x0000, 0x0000, 0x0000, 0x0000, 0x0000, 0x0000, 
  0x0000, 0x0000, 0x0000, 0x0000, 0x0000, 0x0000, 0x0000, 0x0000, 0x0000, 0x0000, 0x0000, 0x0000, 
  0x0000, 0x0000, 0x0000, 0x0000, 0x0800, 0x3966, 0x4187, 0x0000, 0x0020, 0x0000, 0x0000, 0x0000, 
  0x0000, 0x0000, 0x0000, 0x0000, 0x0000, 0x0000, 0x0000, 0x0000, 0x0000, 0x0000, 0x0000, 0x0000, 
  0x0000, 0x0000, 0x0000, 0x0000, 0x0000, 0x0000, 0x0000, 0x0000, 0x0000, 0xad55, 0xffde, 0xffdf, 
  0xffdf, 0xffdf, 0xffdf, 0xffdf, 0xffdf, 0xffdf, 0xffdf, 0xffdf, 0xffdf, 0xffdf, 0xffdf, 0xffdf, 
  0xffdf, 0xffdf, 0xffdf, 0xffdf, 0xffdf, 0xffdf, 0xffdf, 0xffdf, 0xffdf, 0xffdf, 0xffdf, 0xffdf, 
  0xffdf, 0xffdf, 0xffdf, 0xffdf, 0xffdf, 0xffdf, 0xffdf, 0xffdf, 0xffdf, 0xffdf, 0xffdf, 0xffdf, 
  0xffdf, 0xffdf, 0xffdf, 0xffdf, 0xffdf, 0xffdf, 0xffdf, 0xffdf, 0xffdf, 0xffdf, 0xffdf, 0xffdf, 
  0xffdf, 0xffdf, 0xffdf, 0xffff, 0xffff, 0xffdf, 0x4a69, 0x0000, 0x0000, 0x0000, 0x0000, 0x0000, 
  0x528a, 0xffdf, 0xffff, 0xffff, 0xffff, 0xffff, 0xffdf, 0xffdf, 0xffdf, 0xffdf, 0xffdf, 0xd6ba, 
  0x5aeb, 0x0841, 0x0000, 0x0000, 0x0000, 0x0000, 0x0000, 0x0000, 0x0000, 0x0000, 0x0000, 0x0000, 
  0x0000, 0x0000, 0x0000, 0x0000, 0x0000, 0x0000, 0x0000, 0x0000, 0x0000, 0x0000, 0x0000, 0x0000, 
  0x0000, 0x0000, 0x0000, 0x0000, 0x0000, 0x0000, 0x0820, 0xdefb, 0xf7df, 0xffdf, 0xffdf, 0xffdf, 
  0xffdf, 0xffdf, 0xffdf, 0xffdf, 0xffdf, 0xffdf, 0xffdf, 0xffdf, 0xffdf, 0xffdf, 0xffdf, 0xffdf, 
  0xef7d, 0x0020, 0x0000, 0x0000, 0x0000, 0x0000, 0x0000, 0x0000, 0x0000, 0x0000, 0x0000, 0x0000, 
  0x0000, 0x0000, 0x0000, 0x0000, 0x0000, 0x0000, 0x0000, 0x0000, 0x0000, 0x0000, 0x0000, 0x0000, 
  0x0000, 0x0000, 0x0000, 0x0000, 0x0000, 0x0000, 0x0000, 0x0000, 0x0000, 0x0000, 0x0000, 0x0000, 
  0x0000, 0x0020, 0x0000, 0x0000, 0x0000, 0x0000, 0x0000, 0x0000, 0x0000, 0x0000, 0x0000, 0x0000, 
  0x0000, 0x0000, 0x0000, 0x0000, 0x0000, 0x0000, 0x0000, 0x0000, 0x0000, 0x0000, 0x0000, 0x0000, 
  0x0000, 0x0000, 0x0000, 0x0000, 0x1001, 0x50a9, 0x686b, 0x582a, 0x5829, 0x582a, 0x582a, 0x582a, 
  0x5829, 0x582a, 0x582a, 0x586a, 0x2825, 0x0000, 0x0000, 0x0000, 0x0000, 0x0000, 0x0000, 0x1001, 
  0x3046, 0x5029, 0x582a, 0x580a, 0x580a, 0x580a, 0x580a, 0x5829, 0x5829, 0x5829, 0x5829, 0x5829, 
  0x0800, 0x4065, 0x90cf, 0xb050, 0xb050, 0xb071, 0xa8d1, 0x78ec, 0x1802, 0x0000, 0x0000, 0x0000, 
  0x0000, 0x0000, 0x0000, 0x0000, 0x0000, 0x0000, 0x0000, 0x0000, 0x0000, 0x0000, 0x0800, 0x3045, 
  0x70cc, 0x806e, 0x806e, 0x884e, 0x804d, 0x806d, 0x804d, 0x804d, 0x804d, 0x804d, 0x804d, 0x804d, 
  0x804d, 0x804d, 0x804d, 0x804d, 0x804d, 0x804d, 0x804d, 0x806d, 0x808d, 0x5889, 0x1001, 0x0000, 
  0x0000, 0x0000, 0x0000, 0x0000, 0x0000, 0x0000, 0x0000, 0x0000, 0x0000, 0x0000, 0x0000, 0x0000, 
  0x0000, 0x0000, 0x0000, 0x0000, 0x0000, 0x0000, 0x0000, 0x0000, 0x0000, 0x0000, 0x0000, 0x0820, 
  0x5a09, 0x3945, 0x0000, 0x0000, 0x0000, 0x0000, 0x0000, 0x0000, 0x0000, 0x0000, 0x0000, 0x0000, 
  0x0000, 0x0000, 0x0000, 0x0000, 0x0000, 0x0000, 0x0000, 0x0000, 0x0000, 0x0000, 0x0000, 0x0000, 
  0x0000, 0x0000, 0x0000, 0x0000, 0x10a2, 0xf7be, 0xffde, 0xffdf, 0xffdf, 0xffdf, 0xffdf, 0xffdf, 
  0xffdf, 0xffdf, 0xffdf, 0xffdf, 0xffdf, 0xffdf, 0xffdf, 0xffdf, 0xffdf, 0xffdf, 0xffdf, 0xffdf, 
  0xffdf, 0xffdf, 0xffdf, 0xffdf, 0xffdf, 0xffdf, 0xffdf, 0xffdf, 0xffdf, 0xffdf, 0xffdf, 0xffdf, 
  0xffdf, 0xffdf, 0xffdf, 0xffdf, 0xffdf, 0xffdf, 0xffdf, 0xffdf, 0xffdf, 0xffdf, 0xffdf, 0xffdf, 
  0xffdf, 0xffdf, 0xffdf, 0xffdf, 0xffdf, 0xffdf, 0xffdf, 0xffdf, 0xffdf, 0xffdf, 0xffff, 0xffff, 
  0xffdf, 0xce79, 0x0020, 0x0000, 0x0000, 0x0000, 0x0000, 0x0000, 0xce58, 0xffff, 0xffff, 0xffff, 
  0xffff, 0xffff, 0xffdf, 0xffdf, 0xffdf, 0xdedb, 0x630c, 0x0020, 0x0000, 0x0000, 0x0000, 0x0000, 
  0x0000, 0x0000, 0x0000, 0x0000, 0x0000, 0x0000, 0x0000, 0x0000, 0x0000, 0x0000, 0x0000, 0x0000, 
  0x0000, 0x0000, 0x0000, 0x0000, 0x0000, 0x0000, 0x0000, 0x0000, 0x0000, 0x0000, 0x0000, 0x0000, 
  0x0000, 0x0000, 0x0000, 0x9cd3, 0xf7de, 0xffdf, 0xffdf, 0xffdf, 0xffdf, 0xffdf, 0xffdf, 0xffdf, 
  0xffdf, 0xffdf, 0xffdf, 0xffdf, 0xffdf, 0xffdf, 0xffdf, 0xffff, 0xf7df, 0x4a69, 0x0000, 0x0000, 
  0x0000, 0x0000, 0x0000, 0x0000, 0x0000, 0x0000, 0x0000, 0x0000, 0x0000, 0x0000, 0x0000, 0x0000, 
  0x0000, 0x0000, 0x0000, 0x0000, 0x0000, 0x0000, 0x0000, 0x0000, 0x0000, 0x0000, 0x0000, 0x0000, 
  0x0000, 0x0000, 0x0000, 0x0000, 0x0000, 0x0000, 0x0000, 0x0000, 0x0000, 0x0000, 0x0000, 0x0000, 
  0x0000, 0x0000, 0x0000, 0x0000, 0x0000, 0x0000, 0x0000, 0x0000, 0x0000, 0x0000, 0x0000, 0x0000, 
  0x0000, 0x0000, 0x0000, 0x0000, 0x0000, 0x0000, 0x0000, 0x0000, 0x0000, 0x0000, 0x0000, 0x2023, 
  0x60ab, 0x682b, 0x582a, 0x5829, 0x5829, 0x582a, 0x5829, 0x582a, 0x580a, 0x582a, 0x5048, 0x2023, 
  0x0000, 0x0000, 0x0000, 0x0000, 0x0000, 0x0000, 0x1022, 0x4048, 0x500a, 0x580a, 0x580a, 0x582a, 
  0x580a, 0x580a, 0x580a, 0x5829, 0x5809, 0x5809, 0x5809, 0x5809, 0x6889, 0xa890, 0xa870, 0xa851, 
  0xa871, 0x98af, 0x50a8, 0x0801, 0x0000, 0x0000, 0x0000, 0x0000, 0x0000, 0x0000, 0x0000, 0x0000, 
  0x0000, 0x0000, 0x0000, 0x0000, 0x0000, 0x2022, 0x608a, 0x888e, 0x886e, 0x884e, 0x806e, 0x806d, 
  0x806d, 0x806d, 0x806d, 0x806d, 0x804d, 0x804d, 0x804d, 0x804d, 0x804d, 0x806d, 0x804d, 0x804d, 
  0x804d, 0x804d, 0x886e, 0x78ad, 0x4867, 0x0800, 0x0000, 0x0000, 0x0000, 0x0000, 0x0000, 0x0000, 
  0x0000, 0x0000, 0x0000, 0x0000, 0x0000, 0x0000, 0x0000, 0x0000, 0x0000, 0x0000, 0x0000, 0x0000, 
  0x0000, 0x0000, 0x0000, 0x0000, 0x0000, 0x0000, 0x20a3, 0x62ab, 0x1882, 0x0000, 0x0000, 0x0000, 
  0x0000, 0x0000, 0x0000, 0x0000, 0x0000, 0x0000, 0x0000, 0x0000, 0x0000, 0x0000, 0x0000, 0x0000, 
  0x0000, 0x0000, 0x1061, 0x0000, 0x0000, 0x0000, 0x0000, 0x0000, 0x0000, 0x0000, 0x0000, 0x0000, 
  0x632c, 0xffdf, 0xffdf, 0xffdf, 0xffdf, 0xffdf, 0xffdf, 0xffdf, 0xffdf, 0xffdf, 0xffdf, 0xffdf, 
  0xffdf, 0xffdf, 0xffdf, 0xffdf, 0xffdf, 0xffdf, 0xffdf, 0xffdf, 0xffdf, 0xffdf, 0xffdf, 0xffdf, 
  0xffdf, 0xffdf, 0xffdf, 0xffdf, 0xffdf, 0xffdf, 0xffdf, 0xffdf, 0xffdf, 0xffdf, 0xffdf, 0xffdf, 
  0xffdf, 0xffdf, 0xffdf, 0xffdf, 0xffdf, 0xffdf, 0xffdf, 0xffdf, 0xffdf, 0xffdf, 0xffdf, 0xffdf, 
  0xffdf, 0xffdf, 0xffdf, 0xffdf, 0xffdf, 0xffff, 0xffff, 0xffff, 0xffdf, 0x5aec, 0x0000, 0x0000, 
  0x0000, 0x0000, 0x0000, 0x3186, 0xffdf, 0xffff, 0xffff, 0xffff, 0xffff, 0xffdf, 0xffdf, 0xdefb, 
  0x73ae, 0x0020, 0x0000, 0x0000, 0x0000, 0x0000, 0x0000, 0x0000, 0x0000, 0x0000, 0x0000, 0x0000, 
  0x0000, 0x0000, 0x0000, 0x0000, 0x0000, 0x0000, 0x0000, 0x0000, 0x0000, 0x0000, 0x0000, 0x0000, 
  0x0000, 0x0000, 0x0000, 0x0000, 0x0000, 0x0000, 0x0000, 0x0000, 0x0000, 0x0000, 0x0000, 0x5aeb, 
  0xf7be, 0xffdf, 0xffdf, 0xffdf, 0xffdf, 0xffdf, 0xffdf, 0xffdf, 0xffdf, 0xffdf, 0xffdf, 0xffdf, 
  0xffdf, 0xffdf, 0xffdf, 0xffdf, 0xffdf, 0x9492, 0x0000, 0x0000, 0x0000, 0x0000, 0x0000, 0x0000, 
  0x0000, 0x0000, 0x0000, 0x0000, 0x0000, 0x0000, 0x0000, 0x0000, 0x0000, 0x0000, 0x0000, 0x0000, 
  0x0000, 0x0000, 0x0000, 0x0000, 0x0000, 0x0000, 0x0000, 0x0000, 0x0000, 0x0000, 0x0000, 0x0000, 
  0x0000, 0x0000, 0x0000, 0x0000, 0x0000, 0x0000, 0x0000, 0x0000, 0x0000, 0x0000, 0x0000, 0x0000, 
  0x0000, 0x0000, 0x0000, 0x0000, 0x0000, 0x0000, 0x0000, 0x0000, 0x0000, 0x0000, 0x0000, 0x0000, 
  0x0000, 0x0000, 0x0000, 0x0000, 0x0000, 0x0800, 0x3065, 0x70ac, 0x602a, 0x582a, 0x500a, 0x5029, 
  0x5829, 0x5829, 0x582a, 0x580a, 0x582a, 0x4046, 0x1001, 0x0000, 0x0000, 0x0000, 0x0000, 0x0000, 
  0x0000, 0x2024, 0x5049, 0x500a, 0x580a, 0x580a, 0x580a, 0x580a, 0x582a, 0x580a, 0x580a, 0x5809, 
  0x5809, 0x5809, 0x5809, 0x5829, 0xa871, 0xa870, 0xa870, 0xa871, 0x90ce, 0x3024, 0x0000, 0x0000, 
  0x0000, 0x0000, 0x0000, 0x0000, 0x0000, 0x0000, 0x0000, 0x0000, 0x0000, 0x0000, 0x0000, 0x0800, 
  0x4066, 0x78ac, 0x886e, 0x884e, 0x884e, 0x886d, 0x886d, 0x806d, 0x806d, 0x806d, 0x806d, 0x806d, 
  0x806d, 0x806d, 0x806d, 0x806d, 0x886e, 0x804d, 0x804d, 0x804d, 0x804d, 0x804d, 0x78ad, 0x3044, 
  0x0800, 0x0000, 0x0000, 0x0000, 0x0000, 0x0000, 0x0000, 0x0000, 0x0000, 0x0000, 0x0000, 0x0000, 
  0x0000, 0x0000, 0x0000, 0x0000, 0x0000, 0x0000, 0x0000, 0x0000, 0x0000, 0x0000, 0x0000, 0x0000, 
  0x0000, 0x2904, 0x6b0c, 0x1882, 0x0000, 0x0000, 0x0000, 0x0000, 0x0000, 0x0000, 0x0000, 0x0000, 
  0x0000, 0x0000, 0x0000, 0x0000, 0x0000, 0x0000, 0x0000, 0x0000, 0x0820, 0x1882, 0x0800, 0x0000, 
  0x0000, 0x0000, 0x0000, 0x0000, 0x0000, 0x0000, 0x0000, 0x0000, 0xb595, 0xffdf, 0xffdf, 0xffdf, 
  0xffdf, 0xffdf, 0xffdf, 0xffdf, 0xffdf, 0xffdf, 0xffdf, 0xffdf, 0xffdf, 0xffdf, 0xffdf, 0xffdf, 
  0xffdf, 0xffdf, 0xffdf, 0xffdf, 0xffdf, 0xffdf, 0xffdf, 0xffdf, 0xffdf, 0xffdf, 0xffdf, 0xffdf, 
  0xffdf, 0xffdf, 0xffdf, 0xffdf, 0xffdf, 0xffdf, 0xffdf, 0xffdf, 0xffdf, 0xffdf, 0xffdf, 0xffdf, 
  0xffdf, 0xffdf, 0xffdf, 0xffdf, 0xffdf, 0xffdf, 0xffdf, 0xffdf, 0xffdf, 0xffdf, 0xffdf, 0xffdf, 
  0xffdf, 0xffff, 0xffff, 0xffdf, 0xe73d, 0x0841, 0x0000, 0x0000, 0x0000, 0x0000, 0x0000, 0xa534, 
  0xffff, 0xffff, 0xffff, 0xffff, 0xffdf, 0xf7bf, 0x7bf0, 0x18e3, 0x0000, 0x0000, 0x0000, 0x0000, 
  0x0000, 0x0000, 0x0000, 0x0000, 0x0000, 0x0000, 0x0000, 0x0000, 0x0000, 0x0000, 0x0000, 0x0000, 
  0x0000, 0x0000, 0x0000, 0x0000, 0x0000, 0x0000, 0x0000, 0x0000, 0x0000, 0x0000, 0x0000, 0x0000, 
  0x0000, 0x0000, 0x0000, 0x0000, 0x0000, 0x0000, 0x0000, 0x39e7, 0xffde, 0xffdf, 0xffdf, 0xffdf, 
  0xffdf, 0xffdf, 0xffdf, 0xffdf, 0xffdf, 0xffdf, 0xffdf, 0xffdf, 0xffdf, 0xffdf, 0xffdf, 0xffdf, 
  0xffdf, 0xce59, 0x0020, 0x0000, 0x0000, 0x0000, 0x0000, 0x0000, 0x0000, 0x0000, 0x0000, 0x0000, 
  0x0000, 0x0000, 0x0000, 0x0000, 0x0000, 0x0000, 0x0000, 0x0000, 0x0000, 0x0000, 0x0000, 0x0000, 
  0x0000, 0x0000, 0x0000, 0x0000, 0x0000, 0x0000, 0x0000, 0x0000, 0x0000, 0x0000, 0x0000, 0x0000, 
  0x0000, 0x0000, 0x0000, 0x0000, 0x0000, 0x0000, 0x0000, 0x0000, 0x0000, 0x0000, 0x0000, 0x0000, 
  0x0000, 0x0000, 0x0000, 0x0000, 0x0000, 0x0000, 0x0000, 0x0000, 0x0000, 0x0000, 0x0000, 0x0000, 
  0x0800, 0x4087, 0x686c, 0x602a, 0x5809, 0x5009, 0x500a, 0x5029, 0x582a, 0x580a, 0x580a, 0x582a, 
  0x3045, 0x0801, 0x0000, 0x0000, 0x0000, 0x0000, 0x0000, 0x0800, 0x3026, 0x5029, 0x580a, 0x5809, 
  0x580a, 0x580a, 0x582a, 0x582a, 0x582a, 0x5809, 0x580a, 0x5009, 0x5809, 0x5809, 0x5809, 0x5829, 
  0xa871, 0xa871, 0xa8d1, 0x6089, 0x1001, 0x0000, 0x0000, 0x0000, 0x0000, 0x0000, 0x0000, 0x0000, 
  0x0000, 0x0000, 0x0000, 0x0000, 0x0000, 0x0800, 0x2043, 0x68ab, 0x886f, 0x884e, 0x884e, 0x886e, 
  0x886e, 0x886d, 0x886d, 0x806d, 0x806d, 0x806d, 0x806d, 0x806d, 0x806d, 0x806d, 0x886e, 0x886e, 
  0x886d, 0x884d, 0x804d, 0x806e, 0x806e, 0x70ab, 0x2022, 0x0000, 0x0000, 0x0000, 0x0000, 0x0000, 
  0x0000, 0x0000, 0x0000, 0x0000, 0x0000, 0x0000, 0x0000, 0x0000, 0x0000, 0x0000, 0x0000, 0x0000, 
  0x0000, 0x0000, 0x0000, 0x0000, 0x0000, 0x0000, 0x0000, 0x0800, 0x5228, 0x62cb, 0x0800, 0x0000, 
  0x0000, 0x0000, 0x0000, 0x0000, 0x0000, 0x0000, 0x0000, 0x0000, 0x0000, 0x0000, 0x0000, 0x0000, 
  0x0000, 0x0000, 0x0000, 0x1041, 0x1882, 0x0000, 0x0000, 0x0000, 0x0000, 0x0000, 0x0000, 0x0000, 
  0x0000, 0x0000, 0x0000, 0x0000, 0xd699, 0xffdf, 0xffdf, 0xffdf, 0xffdf, 0xffdf, 0xffdf, 0xffdf, 
  0xffdf, 0xffdf, 0xffdf, 0xffdf, 0xffdf, 0xffdf, 0xffdf, 0xffdf, 0xffdf, 0xffdf, 0xffdf, 0xffdf, 
  0xffdf, 0xffdf, 0xffdf, 0xffdf, 0xffdf, 0xffdf, 0xffdf, 0xffdf, 0xffdf, 0xffdf, 0xffdf, 0xffdf, 
  0xffdf, 0xffdf, 0xffdf, 0xffdf, 0xffdf, 0xffdf, 0xffdf, 0xffdf, 0xffdf, 0xffdf, 0xffdf, 0xffdf, 
  0xffdf, 0xffdf, 0xffdf, 0xffdf, 0xffdf, 0xffdf, 0xffdf, 0xffdf, 0xffdf, 0xffff, 0xffff, 0xffdf, 
  0x8410, 0x0000, 0x0000, 0x0000, 0x0000, 0x0000, 0x2104, 0xef7d, 0xffff, 0xffff, 0xffff, 0xffdf, 
  0x9492, 0x18c3, 0x0000, 0x0000, 0x0000, 0x0000, 0x0000, 0x0000, 0x0000, 0x0000, 0x0000, 0x0000, 
  0x0000, 0x0000, 0x0000, 0x0000, 0x0000, 0x0000, 0x0000, 0x0000, 0x0000, 0x0000, 0x0000, 0x0000, 
  0x0000, 0x0000, 0x0000, 0x0000, 0x0000, 0x0000, 0x0000, 0x0000, 0x0000, 0x0000, 0x0000, 0x0000, 
  0x0000, 0x0000, 0x0000, 0x3186, 0xffdf, 0xffdf, 0xffdf, 0xffdf, 0xffdf, 0xffdf, 0xffdf, 0xffdf, 
  0xffdf, 0xffdf, 0xffdf, 0xffdf, 0xffdf, 0xffdf, 0xffff, 0xffff, 0xffdf, 0xf79e, 0x18c3, 0x0000, 
  0x0000, 0x0000, 0x0000, 0x0000, 0x0000, 0x0000, 0x0000, 0x0000, 0x0000, 0x0000, 0x0000, 0x0000, 
  0x0000, 0x0000, 0x0000, 0x0000, 0x0000, 0x0000, 0x0000, 0x0000, 0x0000, 0x0000, 0x0000, 0x0000, 
  0x0000, 0x0000, 0x20a3, 0x0841, 0x0000, 0x0000, 0x0000, 0x0000, 0x0000, 0x0000, 0x0000, 0x0000, 
  0x0000, 0x0000, 0x0000, 0x0000, 0x0000, 0x0000, 0x0000, 0x0000, 0x0000, 0x0000, 0x0000, 0x0000, 
  0x0000, 0x0000, 0x0000, 0x0000, 0x0000, 0x0000, 0x0000, 0x1002, 0x5869, 0x684b, 0x5809, 0x5829, 
  0x5009, 0x500a, 0x580a, 0x5809, 0x5809, 0x580a, 0x5049, 0x2824, 0x0800, 0x0000, 0x0000, 0x0000, 
  0x0020, 0x0000, 0x1022, 0x4048, 0x500a, 0x580a, 0x580a, 0x580a, 0x5009, 0x5009, 0x5009, 0x5009, 
  0x5009, 0x5009, 0x5009, 0x5009, 0x500a, 0x5009, 0x5829, 0x5829, 0xa891, 0xa0d0, 0x4066, 0x0800, 
  0x0000, 0x0000, 0x0000, 0x0000, 0x0000, 0x0000, 0x0000, 0x0000, 0x0000, 0x0000, 0x0000, 0x0000, 
  0x1001, 0x48a8, 0x80ae, 0x886f, 0x886e, 0x884e, 0x886e, 0x886e, 0x886e, 0x886e, 0x806e, 0x806d, 
  0x806d, 0x806d, 0x806d, 0x806d, 0x806d, 0x886e, 0x886e, 0x886e, 0x886d, 0x886e, 0x886e, 0x886e, 
  0x58a9, 0x1001, 0x0000, 0x0000, 0x0000, 0x0000, 0x0000, 0x0000, 0x0000, 0x0000, 0x0000, 0x0000, 
  0x0000, 0x0000, 0x0000, 0x0000, 0x0000, 0x0000, 0x0000, 0x0000, 0x0000, 0x0000, 0x0000, 0x0000, 
  0x0000, 0x0000, 0x0000, 0x62eb, 0x5aaa, 0x0000, 0x0000, 0x0000, 0x0000, 0x0000, 0x0000, 0x0000, 
  0x0000, 0x0000, 0x0000, 0x0000, 0x0000, 0x0000, 0x0000, 0x0000, 0x0000, 0x0000, 0x1862, 0x1883, 
  0x0000, 0x0000, 0x0000, 0x0000, 0x0000, 0x0000, 0x0000, 0x0000, 0x0000, 0x0000, 0x0000, 0x0841, 
  0xe73c, 0xffdf, 0xffdf, 0xffdf, 0xffdf, 0xffdf, 0xffdf, 0xffdf, 0xffdf, 0xffdf, 0xffdf, 0xffdf, 
  0xffdf, 0xffdf, 0xffdf, 0xffdf, 0xffdf, 0xffdf, 0xffdf, 0xffdf, 0xffdf, 0xffdf, 0xffdf, 0xffdf, 
  0xffdf, 0xffdf, 0xffdf, 0xffdf, 0xffdf, 0xffdf, 0xffdf, 0xffdf, 0xffdf, 0xffdf, 0xffdf, 0xffdf, 
  0xffdf, 0xffdf, 0xffdf, 0xffdf, 0xffdf, 0xffdf, 0xffdf, 0xffdf, 0xffdf, 0xffdf, 0xffdf, 0xffdf, 
  0xffdf, 0xffdf, 0xffdf, 0xffdf, 0xffff, 0xffdf, 0xffff, 0xef5d, 0x18e3, 0x0000, 0x0000, 0x0000, 
  0x0000, 0x0000, 0x8410, 0xffff, 0xffff, 0xffff, 0xad75, 0x3186, 0x0020, 0x0020, 0x0000, 0x0000, 
  0x0000, 0x0000, 0x0000, 0x0000, 0x0000, 0x0000, 0x0000, 0x0000, 0x0000, 0x0000, 0x0000, 0x0000, 
  0x0000, 0x0000, 0x0000, 0x0000, 0x0000, 0x0000, 0x0000, 0x0000, 0x0000, 0x0000, 0x0000, 0x0000, 
  0x0000, 0x0000, 0x0000, 0x0000, 0x0000, 0x0000, 0x0000, 0x0000, 0x0000, 0x0000, 0x0000, 0x39c7, 
  0xffdf, 0xffdf, 0xffdf, 0xffdf, 0xffdf, 0xffdf, 0xffdf, 0xffdf, 0xffdf, 0xffdf, 0xffdf, 0xffdf, 
  0xffdf, 0xffff, 0xffff, 0xffff, 0xffdf, 0xffdf, 0x31a6, 0x0000, 0x0000, 0x0000, 0x0000, 0x0000, 
  0x0000, 0x0000, 0x0000, 0x0000, 0x0000, 0x0000, 0x0000, 0x0000, 0x0000, 0x0000, 0x0000, 0x0000, 
  0x0000, 0x0000, 0x0000, 0x0000, 0x0000, 0x0000, 0x0000, 0x0000, 0x1021, 0x28e5, 0x1042, 0x0000, 
  0x0000, 0x0000, 0x0000, 0x0000, 0x0000, 0x0000, 0x0000, 0x0000, 0x0000, 0x0000, 0x0000, 0x0000, 
  0x0000, 0x0000, 0x0000, 0x0000, 0x0000, 0x0000, 0x0000, 0x0000, 0x0000, 0x0000, 0x0000, 0x0000, 
  0x0000, 0x0800, 0x2023, 0x606b, 0x682b, 0x5829, 0x5829, 0x5009, 0x5809, 0x580a, 0x580a, 0x5029, 
  0x502a, 0x4848, 0x1822, 0x0000, 0x0000, 0x0000, 0x0000, 0x0000, 0x0800, 0x2024, 0x4849, 0x580a, 
  0x580a, 0x580a, 0x5009, 0x500a, 0x5009, 0x5009, 0x5009, 0x5009, 0x5009, 0x5009, 0x5009, 0x5009, 
  0x5009, 0x5009, 0x5009, 0x5009, 0x88ee, 0x2023, 0x0000, 0x0000, 0x0000, 0x0000, 0x0000, 0x0000, 
  0x0000, 0x0000, 0x0000, 0x0000, 0x0000, 0x0000, 0x0800, 0x2844, 0x78cd, 0x886e, 0x886f, 0x886e, 
  0x886e, 0x886e, 0x886e, 0x886e, 0x886e, 0x886e, 0x888e, 0x806d, 0x806d, 0x806d, 0x886d, 0x886d, 
  0x886e, 0x886e, 0x886e, 0x886e, 0x886e, 0x886e, 0x808d, 0x50a8, 0x0800, 0x0000, 0x0000, 0x0000, 
  0x0000, 0x0000, 0x0000, 0x0000, 0x0000, 0x0000, 0x0000, 0x0000, 0x0000, 0x0000, 0x0000, 0x0000, 
  0x0000, 0x0000, 0x0000, 0x0000, 0x0000, 0x0000, 0x0000, 0x0000, 0x0000, 0x1061, 0x8c10, 0x3986, 
  0x0000, 0x0000, 0x0000, 0x0000, 0x0000, 0x0000, 0x0000, 0x0000, 0x0000, 0x0000, 0x0000, 0x0000, 
  0x0000, 0x0000, 0x0000, 0x0000, 0x0800, 0x2083, 0x1842, 0x0000, 0x0000, 0x0000, 0x0000, 0x0000, 
  0x0000, 0x0000, 0x0000, 0x0000, 0x0000, 0x0000, 0x0000, 0x0841, 0xe71b, 0xffdf, 0xffdf, 0xffdf, 
  0xffdf, 0xffdf, 0xffdf, 0xffdf, 0xffdf, 0xffdf, 0xffdf, 0xffdf, 0xffdf, 0xffdf, 0xffdf, 0xffdf, 
  0xffdf, 0xffdf, 0xffdf, 0xffdf, 0xffdf, 0xffdf, 0xffdf, 0xffdf, 0xffdf, 0xffdf, 0xffdf, 0xffdf, 
  0xffdf, 0xffdf, 0xffdf, 0xffdf, 0xffdf, 0xffdf, 0xffdf, 0xffdf, 0xffdf, 0xffdf, 0xffdf, 0xffdf, 
  0xffdf, 0xffdf, 0xffdf, 0xffdf, 0xffdf, 0xffdf, 0xffdf, 0xffdf, 0xffdf, 0xffdf, 0xffdf, 0xffdf, 
  0xffff, 0xffdf, 0xffff, 0x9cf3, 0x0000, 0x0000, 0x0000, 0x0000, 0x0000, 0x0020, 0xe71c, 0xffdf, 
  0xc618, 0x2945, 0x0000, 0x0000, 0x0000, 0x0000, 0x0000, 0x0000, 0x0000, 0x0000, 0x0000, 0x0000, 
  0x0000, 0x0000, 0x0000, 0x0000, 0x0000, 0x0000, 0x0000, 0x0000, 0x0000, 0x0000, 0x0000, 0x0000, 
  0x0000, 0x0000, 0x0000, 0x0000, 0x0000, 0x0000, 0x0000, 0x0000, 0x0000, 0x0000, 0x0000, 0x0000, 
  0x0000, 0x0000, 0x0000, 0x0000, 0x0000, 0x0000, 0x0000, 0x4a69, 0xf7df, 0xffdf, 0xffdf, 0xffdf, 
  0xffdf, 0xffdf, 0xffdf, 0xffdf, 0xffdf, 0xffdf, 0xffdf, 0xffdf, 0xffdf, 0xffdf, 0xffdf, 0xffdf, 
  0xffdf, 0xffdf, 0x5aca, 0x0000, 0x0000, 0x0000, 0x0000, 0x0000, 0x0000, 0x0000, 0x0000, 0x0000, 
  0x0000, 0x0000, 0x0000, 0x0000, 0x0000, 0x0000, 0x0000, 0x0000, 0x0000, 0x0000, 0x0000, 0x0000, 
  0x0000, 0x0000, 0x0800, 0x1843, 0x4968, 0x0801, 0x0000, 0x0000, 0x0000, 0x0000, 0x0000, 0x0000, 
  0x0000, 0x0000, 0x0000, 0x0000, 0x0000, 0x0000, 0x0000, 0x0000, 0x0000, 0x0000, 0x0000, 0x0000, 
  0x0000, 0x0000, 0x0000, 0x0000, 0x0000, 0x0000, 0x0000, 0x0000, 0x0800, 0x3045, 0x604a, 0x600b, 
  0x580a, 0x5829, 0x5809, 0x5809, 0x5809, 0x580a, 0x5009, 0x502a, 0x3847, 0x0801, 0x0000, 0x0000, 
  0x0000, 0x0000, 0x0000, 0x0801, 0x3067, 0x502a, 0x500a, 0x500a, 0x500a, 0x5009, 0x5009, 0x5009, 
  0x5009, 0x5009, 0x5009, 0x5009, 0x5009, 0x5009, 0x5009, 0x5009, 0x5009, 0x5009, 0x5009, 0x5029, 
  0x1801, 0x0000, 0x0000, 0x0000, 0x0000, 0x0000, 0x0000, 0x0000, 0x0000, 0x0000, 0x0000, 0x0000, 
  0x0000, 0x1802, 0x608a, 0x888f, 0x886e, 0x906f, 0x906e, 0x886e, 0x886e, 0x886e, 0x886e, 0x886e, 
  0x886e, 0x886e, 0x886e, 0x886d, 0x886d, 0x886d, 0x886d, 0x886e, 0x886e, 0x886e, 0x886e, 0x906e, 
  0x886e, 0x78ac, 0x3865, 0x0800, 0x0000, 0x0000, 0x0000, 0x0000, 0x0000, 0x0000, 0x0000, 0x0000, 
  0x0000, 0x0000, 0x0000, 0x0000, 0x0000, 0x0000, 0x0000, 0x0000, 0x0000, 0x0000, 0x0000, 0x0000, 
  0x0000, 0x0000, 0x0000, 0x0000, 0x20e3, 0x9491, 0x20e3, 0x0000, 0x0000, 0x0000, 0x0000, 0x0000, 
  0x0000, 0x0000, 0x0000, 0x0000, 0x0000, 0x0000, 0x0000, 0x0000, 0x0000, 0x0000, 0x0000, 0x0801, 
  0x28a4, 0x1041, 0x0000, 0x0000, 0x0000, 0x0000, 0x0000, 0x0000, 0x0000, 0x0000, 0x0000, 0x0000, 
  0x0000, 0x0000, 0x0000, 0x0000, 0xce79, 0xffdf, 0xffdf, 0xffdf, 0xffdf, 0xffff, 0xffdf, 0xffdf, 
  0xffdf, 0xffdf, 0xffdf, 0xffdf, 0xffdf, 0xffdf, 0xffdf, 0xffdf, 0xffdf, 0xffdf, 0xffdf, 0xffdf, 
  0xffdf, 0xffdf, 0xffdf, 0xffdf, 0xffdf, 0xffdf, 0xffdf, 0xffdf, 0xffdf, 0xffdf, 0xffdf, 0xffdf, 
  0xffdf, 0xffdf, 0xffdf, 0xffdf, 0xffdf, 0xffdf, 0xffdf, 0xffdf, 0xffdf, 0xffdf, 0xffdf, 0xffdf, 
  0xffdf, 0xffdf, 0xffdf, 0xffdf, 0xffdf, 0xffdf, 0xffdf, 0xffdf, 0xffdf, 0xffdf, 0xf7be, 0x2124, 
  0x0000, 0x0000, 0x0000, 0x0000, 0x0000, 0x528a, 0xbdf7, 0x4229, 0x0020, 0x0000, 0x0000, 0x0000, 
  0x0000, 0x0000, 0x0000, 0x0000, 0x0000, 0x0000, 0x0000, 0x0000, 0x0000, 0x0000, 0x0000, 0x0000, 
  0x0000, 0x0000, 0x0000, 0x0000, 0x0000, 0x0000, 0x0000, 0x0000, 0x0000, 0x0000, 0x0000, 0x0000, 
  0x0000, 0x0000, 0x0000, 0x0000, 0x0000, 0x0000, 0x0000, 0x0000, 0x0000, 0x0000, 0x0000, 0x0000, 
  0x0000, 0x0000, 0x0000, 0x8410, 0xf7df, 0xffdf, 0xffdf, 0xffdf, 0xffdf, 0xffdf, 0xffdf, 0xffdf, 
  0xffdf, 0xffdf, 0xffdf, 0xffdf, 0xffdf, 0xffdf, 0xffdf, 0xffdf, 0xffdf, 0xffdf, 0x7bcf, 0x0000, 
  0x0000, 0x0000, 0x0000, 0x0000, 0x0000, 0x0000, 0x0000, 0x0000, 0x0000, 0x0000, 0x0000, 0x0000, 
  0x0000, 0x0000, 0x0000, 0x0000, 0x0000, 0x0000, 0x0000, 0x0000, 0x0000, 0x0800, 0x3085, 0x40e7, 
  0x0801, 0x0000, 0x0000, 0x0000, 0x0000, 0x0000, 0x0000, 0x0000, 0x0000, 0x0000, 0x0000, 0x0000, 
  0x0000, 0x0000, 0x0000, 0x0000, 0x0000, 0x0000, 0x0000, 0x0000, 0x0000, 0x0000, 0x0000, 0x0000, 
  0x0000, 0x0000, 0x0000, 0x0801, 0x4047, 0x5829, 0x5809, 0x5809, 0x5809, 0x5809, 0x5809, 0x5809, 
  0x580a, 0x580a, 0x5029, 0x2824, 0x0800, 0x0000, 0x0000, 0x0000, 0x0000, 0x0000, 0x1022, 0x4048, 
  0x5029, 0x500a, 0x500a, 0x5009, 0x5029, 0x5009, 0x5009, 0x5009, 0x5009, 0x5009, 0x5009, 0x5009, 
  0x5009, 0x5009, 0x5009, 0x5009, 0x5009, 0x5009, 0x5029, 0x5029, 0x0000, 0x0000, 0x0000, 0x0000, 
  0x0000, 0x0000, 0x0000, 0x0000, 0x0000, 0x0000, 0x0000, 0x0801, 0x4047, 0x808d, 0x886e, 0x904f, 
  0x886e, 0x886e, 0x886e, 0x886e, 0x886e, 0x886e, 0x886e, 0x886e, 0x886e, 0x886e, 0x886e, 0x886e, 
  0x886d, 0x886d, 0x886e, 0x886e, 0x886e, 0x906e, 0x906e, 0x888e, 0x70cc, 0x2023, 0x0000, 0x0000, 
  0x0000, 0x0000, 0x0000, 0x0000, 0x0000, 0x0000, 0x0000, 0x0000, 0x0000, 0x0000, 0x0000, 0x0000, 
  0x0000, 0x0000, 0x0000, 0x0000, 0x0000, 0x0000, 0x0000, 0x0000, 0x0000, 0x0000, 0x0020, 0x5269, 
  0x7bce, 0x1061, 0x0000, 0x0000, 0x0000, 0x0000, 0x0000, 0x0000, 0x0000, 0x0000, 0x0000, 0x0000, 
  0x0000, 0x0000, 0x0000, 0x0000, 0x0000, 0x0000, 0x1822, 0x30a4, 0x0821, 0x0000, 0x0000, 0x0000, 
  0x0000, 0x0000, 0x0000, 0x0000, 0x0000, 0x0000, 0x0000, 0x0000, 0x0000, 0x0000, 0x0000, 0x0000, 
  0x7bce, 0xffde, 0xffdf, 0xffdf, 0xffdf, 0xffdf, 0xffdf, 0xffdf, 0xffdf, 0xffdf, 0xffdf, 0xffdf, 
  0xffdf, 0xffdf, 0xffdf, 0xffdf, 0xffdf, 0xffdf, 0xffdf, 0xffdf, 0xffdf, 0xffdf, 0xffdf, 0xffdf, 
  0xffdf, 0xffdf, 0xffdf, 0xffdf, 0xffdf, 0xffdf, 0xffdf, 0xffdf, 0xffdf, 0xffdf, 0xffdf, 0xffdf, 
  0xffdf, 0xffdf, 0xffdf, 0xffdf, 0xffdf, 0xffdf, 0xffdf, 0xffdf, 0xffdf, 0xffdf, 0xffdf, 0xffdf, 
  0xffdf, 0xffdf, 0xffdf, 0xffdf, 0xffdf, 0xffdf, 0xffdf, 0xce58, 0x2103, 0x0000, 0x0000, 0x0000, 
  0x0000, 0x2104, 0x0020, 0x0000, 0x0000, 0x0000, 0x0000, 0x0000, 0x0000, 0x0000, 0x0000, 0x0000, 
  0x0000, 0x0000, 0x0000, 0x0000, 0x0000, 0x0000, 0x0000, 0x0000, 0x0000, 0x0000, 0x0000, 0x0000, 
  0x0000, 0x0000, 0x0000, 0x0000, 0x0000, 0x0000, 0x0000, 0x0000, 0x0000, 0x0000, 0x0000, 0x0000, 
  0x0000, 0x0000, 0x0000, 0x0000, 0x0000, 0x0000, 0x0000, 0x0000, 0x0000, 0x0000, 0x0000, 0xc618, 
  0xffde, 0xffdf, 0xffdf, 0xffdf, 0xffdf, 0xffdf, 0xffdf, 0xffdf, 0xffdf, 0xffdf, 0xffdf, 0xffdf, 
  0xffdf, 0xffdf, 0xffdf, 0xffdf, 0xffdf, 0xffdf, 0x9492, 0x0000, 0x0000, 0x0000, 0x0000, 0x0000, 
  0x0000, 0x0000, 0x0000, 0x0000, 0x0000, 0x0000, 0x0000, 0x0000, 0x0000, 0x0000, 0x0000, 0x0000, 
  0x0000, 0x0000, 0x0000, 0x0000, 0x0800, 0x40c7, 0x38a6, 0x0800, 0x0000, 0x0000, 0x0000, 0x0000, 
  0x0000, 0x0000, 0x0000, 0x0000, 0x0000, 0x0000, 0x0000, 0x0000, 0x0000, 0x0000, 0x0000, 0x0000, 
  0x0000, 0x0000, 0x0000, 0x0000, 0x0000, 0x0000, 0x0000, 0x0000, 0x0000, 0x0000, 0x1822, 0x5069, 
  0x5809, 0x5009, 0x5008, 0x5009, 0x5009, 0x5009, 0x5809, 0x580a, 0x500a, 0x4848, 0x1803, 0x0000, 
  0x0000, 0x0000, 0x0000, 0x0000, 0x0000, 0x2023, 0x4849, 0x582a, 0x500a, 0x5009, 0x500a, 0x5009, 
  0x5029, 0x5029, 0x5009, 0x5009, 0x5009, 0x5009, 0x5009, 0x5009, 0x5009, 0x5009, 0x5009, 0x5029, 
  0x5009, 0x500a, 0x5029, 0x5029, 0x0000, 0x0000, 0x0000, 0x0000, 0x0000, 0x0000, 0x0000, 0x0000, 
  0x0000, 0x0800, 0x2023, 0x688a, 0x884e, 0x884e, 0x884e, 0x886e, 0x886e, 0x886e, 0x886e, 0x886e, 
  0x886e, 0x886e, 0x886e, 0x886e, 0x886e, 0x886e, 0x886e, 0x886e, 0x886e, 0x888e, 0x886e, 0x906e, 
  0x906e, 0x906e, 0x888e, 0x68aa, 0x1802, 0x0000, 0x0000, 0x0000, 0x0000, 0x0000, 0x0000, 0x0000, 
  0x0000, 0x0000, 0x0000, 0x0000, 0x0000, 0x0000, 0x0000, 0x0000, 0x0000, 0x0000, 0x0000, 0x0000, 
  0x0000, 0x0000, 0x0000, 0x0000, 0x0000, 0x0000, 0x736d, 0x7bae, 0x0020, 0x0000, 0x0000, 0x0000, 
  0x0000, 0x0000, 0x0000, 0x0000, 0x0000, 0x0000, 0x0000, 0x0000, 0x0000, 0x0000, 0x0000, 0x0000, 
  0x0800, 0x1863, 0x2884, 0x0800, 0x0000, 0x0000, 0x0000, 0x0000, 0x0000, 0x0000, 0x0000, 0x0000, 
  0x0000, 0x0000, 0x0000, 0x0000, 0x0000, 0x0000, 0x0000, 0x0000, 0x18c3, 0xf79d, 0xffdf, 0xffdf, 
  0xffff, 0xffdf, 0xffdf, 0xffdf, 0xffdf, 0xffdf, 0xffdf, 0xffdf, 0xffdf, 0xffdf, 0xffdf, 0xffdf, 
  0xffdf, 0xffdf, 0xffdf, 0xffdf, 0xffdf, 0xffdf, 0xffdf, 0xffdf, 0xffdf, 0xffdf, 0xffdf, 0xffdf, 
  0xffdf, 0xffdf, 0xffdf, 0xffdf, 0xffdf, 0xffdf, 0xffdf, 0xffdf, 0xffdf, 0xffdf, 0xffdf, 0xffdf, 
  0xffdf, 0xffdf, 0xffdf, 0xffdf, 0xffdf, 0xffdf, 0xffdf, 0xffdf, 0xffdf, 0xffdf, 0xffdf, 0xffdf, 
  0xffdf, 0xffdf, 0xffdf, 0xffdf, 0xdeda, 0x2124, 0x0000, 0x0000, 0x0000, 0x0000, 0x0000, 0x0000, 
  0x0000, 0x0000, 0x0000, 0x0000, 0x0000, 0x0000, 0x0000, 0x0000, 0x0000, 0x0000, 0x0000, 0x0000, 
  0x0000, 0x0000, 0x0000, 0x0000, 0x0000, 0x0000, 0x0000, 0x0000, 0x0000, 0x0000, 0x0000, 0x0000, 
  0x0000, 0x0000, 0x0000, 0x0000, 0x0000, 0x0000, 0x0000, 0x0000, 0x0000, 0x0000, 0x0000, 0x0000, 
  0x0000, 0x0000, 0x0000, 0x0000, 0x0000, 0x0000, 0x2124, 0xf79e, 0xffdf, 0xffdf, 0xffdf, 0xffdf, 
  0xffdf, 0xffdf, 0xffdf, 0xffdf, 0xffdf, 0xffdf, 0xffdf, 0xffdf, 0xffdf, 0xffdf, 0xffdf, 0xffdf, 
  0xffdf, 0xffdf, 0xa534, 0x0000, 0x0000, 0x0000, 0x0000, 0x0000, 0x0000, 0x0000, 0x0000, 0x0000, 
  0x0000, 0x0000, 0x0000, 0x0000, 0x0000, 0x0000, 0x0000, 0x0000, 0x0000, 0x0000, 0x0000, 0x1021, 
  0x4908, 0x3085, 0x0000, 0x0000, 0x0000, 0x0000, 0x0000, 0x0000, 0x0000, 0x0000, 0x0000, 0x0000, 
  0x0000, 0x0000, 0x0000, 0x0000, 0x0000, 0x0000, 0x0000, 0x0000, 0x0000, 0x0000, 0x0000, 0x0000, 
  0x0000, 0x0000, 0x0000, 0x0000, 0x0000, 0x2824, 0x606a, 0x5829, 0x5009, 0x5009, 0x5009, 0x5009, 
  0x5009, 0x5009, 0x5809, 0x5029, 0x4047, 0x1002, 0x0000, 0x0000, 0x0000, 0x0000, 0x0000, 0x0800, 
  0x2845, 0x504a, 0x582a, 0x5809, 0x580a, 0x500a, 0x5009, 0x5009, 0x5009, 0x5009, 0x5029, 0x5009, 
  0x5029, 0x5009, 0x5009, 0x5009, 0x5009, 0x5009, 0x5029, 0x5029, 0x5009, 0x500a, 0x5029, 0x5029, 
  0x0000, 0x0000, 0x0000, 0x0000, 0x0000, 0x0000, 0x0000, 0x0000, 0x1001, 0x4868, 0x806d, 0x884e, 
  0x884e, 0x904e, 0x886e, 0x886e, 0x886e, 0x886e, 0x886e, 0x886e, 0x886e, 0x886e, 0x886e, 0x888e, 
  0x886e, 0x886e, 0x886e, 0x886e, 0x886e, 0x906e, 0x906e, 0x906e, 0x906e, 0x88ae, 0x5888, 0x1001, 
  0x0000, 0x0000, 0x0000, 0x0000, 0x0000, 0x0000, 0x0000, 0x0000, 0x0000, 0x0000, 0x0000, 0x0000, 
  0x0000, 0x0000, 0x0000, 0x0000, 0x0000, 0x0000, 0x0000, 0x0000, 0x0000, 0x0000, 0x0000, 0x0000, 
  0x1082, 0x9491, 0x4208, 0x0000, 0x0000, 0x0000, 0x0000, 0x0000, 0x0000, 0x0000, 0x0000, 0x0000, 
  0x0000, 0x0000, 0x0000, 0x0000, 0x0000, 0x0000, 0x0000, 0x0800, 0x30a5, 0x28a4, 0x0000, 0x0000, 
  0x0000, 0x0000, 0x0000, 0x0000, 0x0000, 0x0000, 0x0000, 0x0000, 0x0000, 0x0000, 0x0000, 0x0000, 
  0x0000, 0x0000, 0x0000, 0x0000, 0x0000, 0x8c71, 0xffdf, 0xffdf, 0xffdf, 0xffdf, 0xffdf, 0xffdf, 
  0xffdf, 0xffdf, 0xffdf, 0xffdf, 0xffdf, 0xffdf, 0xffdf, 0xffdf, 0xffdf, 0xffff, 0xffff, 0xffdf, 
  0xffdf, 0xffdf, 0xffdf, 0xffdf, 0xffdf, 0xffdf, 0xffdf, 0xffff, 0xffff, 0xffff, 0xffdf, 0xffdf, 
  0xffdf, 0xffdf, 0xffdf, 0xffdf, 0xffdf, 0xffdf, 0xffdf, 0xffdf, 0xffdf, 0xffdf, 0xffdf, 0xffdf, 
  0xffdf, 0xffdf, 0xffdf, 0xffdf, 0xffdf, 0xffdf, 0xffdf, 0xffdf, 0xffdf, 0xffdf, 0xffdf, 0xffdf, 
  0xffdf, 0xe71c, 0x5aca, 0x0000, 0x0000, 0x0000, 0x0000, 0x0000, 0x0000, 0x0000, 0x0000, 0x0000, 
  0x0000, 0x0000, 0x0000, 0x0000, 0x0000, 0x0000, 0x0000, 0x0000, 0x0000, 0x0000, 0x0000, 0x0000, 
  0x0000, 0x0000, 0x0000, 0x0000, 0x0000, 0x0000, 0x0000, 0x0000, 0x0000, 0x0000, 0x0000, 0x0000, 
  0x0000, 0x0000, 0x0000, 0x0000, 0x0000, 0x0000, 0x0000, 0x0000, 0x0000, 0x0000, 0x0000, 0x0000, 
  0x0000, 0x0000, 0x9cd3, 0xf7de, 0xffdf, 0xffdf, 0xffdf, 0xffdf, 0xffdf, 0xffdf, 0xffdf, 0xffdf, 
  0xffdf, 0xffdf, 0xffdf, 0xffdf, 0xffdf, 0xffdf, 0xffdf, 0xffdf, 0xffdf, 0xffdf, 0xa534, 0x0000, 
  0x0000, 0x0000, 0x0000, 0x0000, 0x0000, 0x0000, 0x0000, 0x0000, 0x0000, 0x0000, 0x0000, 0x0000, 
  0x0000, 0x0000, 0x0000, 0x0000, 0x0000, 0x0020, 0x1822, 0x5148, 0x2043, 0x0000, 0x0000, 0x0000, 
  0x0000, 0x0000, 0x0000, 0x0000, 0x0000, 0x0000, 0x0000, 0x0000, 0x0000, 0x0000, 0x0000, 0x0000, 
  0x0000, 0x0000, 0x0000, 0x0000, 0x0000, 0x0000, 0x0000, 0x0000, 0x0000, 0x0000, 0x0000, 0x0800, 
  0x4066, 0x686b, 0x580a, 0x5009, 0x5009, 0x5009, 0x5009, 0x5809, 0x5829, 0x5809, 0x502a, 0x3845, 
  0x0801, 0x0000, 0x0000, 0x0000, 0x0000, 0x0000, 0x1002, 0x4047, 0x502a, 0x582a, 0x580a, 0x5009, 
  0x500a, 0x500a, 0x5009, 0x5009, 0x5009, 0x5009, 0x5029, 0x5029, 0x5009, 0x5009, 0x5009, 0x5009, 
  0x5009, 0x5009, 0x5009, 0x5009, 0x5009, 0x5009, 0x5009, 0x5029, 0x0000, 0x0000, 0x0000, 0x0000, 
  0x0000, 0x0000, 0x0800, 0x3044, 0x708c, 0x886e, 0x904e, 0x904e, 0x886e, 0x884e, 0x886e, 0x886e, 
  0x886e, 0x888e, 0x886e, 0x886e, 0x888e, 0x888e, 0x888e, 0x888e, 0x886e, 0x886e, 0x906e, 0x906e, 
  0x906e, 0x908e, 0x906e, 0x906e, 0x88ce, 0x3865, 0x0800, 0x0000, 0x0000, 0x0000, 0x0000, 0x0000, 
  0x0000, 0x0000, 0x0000, 0x0000, 0x0000, 0x0000, 0x0000, 0x0000, 0x0000, 0x0000, 0x0000, 0x0000, 
  0x0000, 0x0000, 0x0000, 0x0000, 0x0000, 0x0000, 0x0000, 0x2945, 0xa514, 0x2104, 0x0000, 0x0000, 
  0x0000, 0x0000, 0x0000, 0x0000, 0x0000, 0x0000, 0x0000, 0x0000, 0x0000, 0x0000, 0x0000, 0x0000, 
  0x0000, 0x0000, 0x0801, 0x38e6, 0x2063, 0x0000, 0x0000, 0x0000, 0x0000, 0x0000, 0x0000, 0x0000, 
  0x0000, 0x0000, 0x0000, 0x0000, 0x0000, 0x0000, 0x0000, 0x0000, 0x0000, 0x0000, 0x0000, 0x0000, 
  0x0000, 0x0841, 0xc638, 0xffdf, 0xffdf, 0xffdf, 0xffdf, 0xffdf, 0xffdf, 0xffdf, 0xffdf, 0xffdf, 
  0xffff, 0xffdf, 0xffdf, 0xffff, 0xffff, 0xffff, 0xffff, 0xffff, 0xffdf, 0xffdf, 0xffdf, 0xffff, 
  0xffdf, 0xffdf, 0xffdf, 0xffff, 0xffff, 0xffff, 0xffff, 0xffff, 0xffff, 0xffdf, 0xffff, 0xffdf, 
  0xffdf, 0xffdf, 0xffdf, 0xffdf, 0xffdf, 0xffdf, 0xffdf, 0xffdf, 0xffdf, 0xffdf, 0xffdf, 0xffdf, 
  0xffdf, 0xffdf, 0xffdf, 0xffdf, 0xffdf, 0xffdf, 0xffdf, 0xffdf, 0xffdf, 0xffdf, 0xffdf, 0x8430, 
  0x0020, 0x0000, 0x0000, 0x0000, 0x0000, 0x0000, 0x0000, 0x0000, 0x0000, 0x0000, 0x0000, 0x0000, 
  0x0000, 0x0000, 0x0000, 0x0000, 0x0000, 0x0000, 0x0000, 0x0000, 0x0000, 0x0000, 0x0000, 0x0000, 
  0x0000, 0x0000, 0x0000, 0x0000, 0x0000, 0x0000, 0x0000, 0x0000, 0x0000, 0x0000, 0x0000, 0x0000, 
  0x0000, 0x0000, 0x0000, 0x0000, 0x0000, 0x0000, 0x0000, 0x0000, 0x0000, 0x2945, 0xef5d, 0xffde, 
  0xffdf, 0xffdf, 0xffdf, 0xffdf, 0xffdf, 0xffdf, 0xffdf, 0xffdf, 0xffdf, 0xffdf, 0xffdf, 0xffdf, 
  0xffdf, 0xffdf, 0xffdf, 0xffff, 0xffdf, 0xffdf, 0x9cf3, 0x0000, 0x0000, 0x0000, 0x0000, 0x0000, 
  0x0000, 0x0000, 0x0000, 0x0000, 0x0000, 0x0000, 0x0000, 0x0000, 0x0000, 0x0000, 0x0000, 0x0000, 
  0x0000, 0x2063, 0x4927, 0x1021, 0x0000, 0x0000, 0x0000, 0x0000, 0x0000, 0x0000, 0x0000, 0x0000, 
  0x0000, 0x0000, 0x0000, 0x0000, 0x0000, 0x0000, 0x0000, 0x0000, 0x0000, 0x0000, 0x0000, 0x0000, 
  0x0000, 0x0000, 0x0000, 0x0000, 0x0000, 0x0000, 0x1022, 0x58a9, 0x684b, 0x5809, 0x5009, 0x5008, 
  0x5009, 0x5009, 0x5809, 0x5829, 0x5829, 0x5049, 0x2023, 0x0000, 0x0000, 0x0000, 0x0000, 0x0000, 
  0x0000, 0x1823, 0x4849, 0x5029, 0x502a, 0x580a, 0x580a, 0x5009, 0x500a, 0x500a, 0x5009, 0x5009, 
  0x5009, 0x5009, 0x5029, 0x5009, 0x5029, 0x5009, 0x5009, 0x5029, 0x5009, 0x5009, 0x5009, 0x5009, 
  0x5029, 0x5009, 0x5029, 0x5029, 0x0000, 0x0000, 0x0000, 0x0000, 0x0000, 0x1822, 0x5889, 0x888e, 
  0x904e, 0x904e, 0x906e, 0x886e, 0x886e, 0x886e, 0x886e, 0x886e, 0x886e, 0x888e, 0x888e, 0x886e, 
  0x888e, 0x886e, 0x886e, 0x888e, 0x888e, 0x908e, 0x908e, 0x908e, 0x908e, 0x906e, 0x908e, 0x80cd, 
  0x3044, 0x0800, 0x0000, 0x0000, 0x0000, 0x0000, 0x0000, 0x0000, 0x0000, 0x0000, 0x0000, 0x0000, 
  0x0000, 0x0000, 0x0000, 0x0000, 0x0000, 0x0000, 0x0000, 0x0000, 0x0000, 0x0000, 0x0000, 0x0000, 
  0x0000, 0x0000, 0x4a48, 0x9cd2, 0x10a2, 0x0000, 0x0000, 0x0000, 0x0000, 0x0000, 0x0000, 0x0000, 
  0x0000, 0x0000, 0x0000, 0x0000, 0x0000, 0x0000, 0x0000, 0x0000, 0x0000, 0x1822, 0x40e6, 0x1842, 
  0x0000, 0x0000, 0x0000, 0x0000, 0x0000, 0x0000, 0x0000, 0x0000, 0x0000, 0x0000, 0x0000, 0x0000, 
  0x0000, 0x0000, 0x0000, 0x0000, 0x0000, 0x0000, 0x0000, 0x0000, 0x0000, 0x0000, 0x2103, 0xdeda, 
  0xffdf, 0xffdf, 0xffff, 0xffdf, 0xffdf, 0xffff, 0xffff, 0xffff, 0xffff, 0xffdf, 0xffff, 0xffff, 
  0xffff, 0xffff, 0xffff, 0xffff, 0xffff, 0xffdf, 0xffdf, 0xffff, 0xffdf, 0xffff, 0xffff, 0xffff, 
  0xffff, 0xffdf, 0xffdf, 0xffdf, 0xffff, 0xffdf, 0xffdf, 0xffdf, 0xffdf, 0xffdf, 0xffdf, 0xffdf, 
  0xffdf, 0xffdf, 0xffdf, 0xffdf, 0xffdf, 0xffdf, 0xffdf, 0xffdf, 0xffdf, 0xffdf, 0xffdf, 0xffdf, 
  0xffdf, 0xffdf, 0xffdf, 0xffdf, 0xffdf, 0xffdf, 0xffdf, 0xffdf, 0xb595, 0x18e3, 0x0000, 0x0000, 
  0x0000, 0x0000, 0x0000, 0x0000, 0x0000, 0x0000, 0x0000, 0x0000, 0x0000, 0x0000, 0x0000, 0x0000, 
  0x0000, 0x0000, 0x0000, 0x0000, 0x0000, 0x0000, 0x0000, 0x0000, 0x0000, 0x0000, 0x0000, 0x0000, 
  0x0000, 0x0000, 0x0000, 0x0000, 0x0000, 0x0000, 0x0000, 0x0000, 0x0000, 0x0000, 0x0000, 0x0000, 
  0x0000, 0x0000, 0x0000, 0x0000, 0x0020, 0xb575, 0xffde, 0xffdf, 0xffdf, 0xffdf, 0xffdf, 0xffdf, 
  0xffdf, 0xffdf, 0xffdf, 0xffdf, 0xffdf, 0xffdf, 0xffdf, 0xffdf, 0xffdf, 0xffdf, 0xffdf, 0xffff, 
  0xffff, 0xffff, 0x8c51, 0x0000, 0x0000, 0x0000, 0x0000, 0x0000, 0x0000, 0x0000, 0x0000, 0x0000, 
  0x0000, 0x0000, 0x0000, 0x0000, 0x0000, 0x0000, 0x0000, 0x0000, 0x2083, 0x3926, 0x0800, 0x0000, 
  0x0000, 0x0000, 0x0000, 0x0000, 0x0000, 0x0000, 0x0000, 0x0000, 0x0000, 0x0000, 0x0000, 0x0000, 
  0x0000, 0x0000, 0x0000, 0x0000, 0x0000, 0x0000, 0x0000, 0x0000, 0x0000, 0x0000, 0x0000, 0x0000, 
  0x0000, 0x2824, 0x68aa, 0x604a, 0x5809, 0x5009, 0x5809, 0x5809, 0x5809, 0x5009, 0x5029, 0x5029, 
  0x4868, 0x1822, 0x0000, 0x0000, 0x0000, 0x0000, 0x0000, 0x0801, 0x2845, 0x4849, 0x500a, 0x502a, 
  0x502a, 0x500a, 0x5009, 0x5029, 0x5009, 0x5009, 0x5009, 0x5009, 0x5029, 0x5009, 0x5009, 0x5009, 
  0x5029, 0x5009, 0x5009, 0x5009, 0x5009, 0x5009, 0x5009, 0x5009, 0x5009, 0x5029, 0x5029, 0x5029, 
  0x0000, 0x0000, 0x0000, 0x0801, 0x3846, 0x80ad, 0x906e, 0x904f, 0x906e, 0x906e, 0x906e, 0x906e, 
  0x886e, 0x886e, 0x886e, 0x886e, 0x888e, 0x888e, 0x888e, 0x888e, 0x888e, 0x886e, 0x886e, 0x908e, 
  0x908e, 0x908e, 0x906e, 0x906e, 0x908e, 0x90af, 0x70cb, 0x1802, 0x0000, 0x0000, 0x0000, 0x0000, 
  0x0000, 0x0000, 0x0000, 0x0000, 0x0000, 0x0000, 0x0000, 0x0000, 0x0000, 0x0000, 0x0000, 0x0000, 
  0x0000, 0x0000, 0x0000, 0x0000, 0x0000, 0x0000, 0x0000, 0x0000, 0x0840, 0x738d, 0x8c30, 0x0000, 
  0x0000, 0x0000, 0x0000, 0x0000, 0x0000, 0x0000, 0x0000, 0x0000, 0x0000, 0x0000, 0x0000, 0x0000, 
  0x0000, 0x0000, 0x0000, 0x0800, 0x2063, 0x40e6, 0x1001, 0x0000, 0x0000, 0x0000, 0x0000, 0x0000, 
  0x0000, 0x0000, 0x0000, 0x0000, 0x0000, 0x0000, 0x0000, 0x0000, 0x0000, 0x0000, 0x0000, 0x0000, 
  0x0000, 0x0000, 0x0000, 0x0000, 0x0000, 0x0000, 0x0020, 0x18e3, 0xa4f3, 0xffde, 0xffdf, 0xffdf, 
  0xffdf, 0xffdf, 0xffff, 0xffff, 0xffff, 0xffff, 0xffff, 0xffff, 0xffff, 0xffff, 0xffff, 0xffdf, 
  0xffdf, 0xffdf, 0xffdf, 0xffdf, 0xffdf, 0xffdf, 0xffdf, 0xffdf, 0xef7e, 0xdedb, 0xc618, 0xad55, 
  0x94b2, 0x8430, 0x6b4d, 0x9cf4, 0xffdf, 0xffdf, 0xffdf, 0xffdf, 0xffdf, 0xffdf, 0xffdf, 0xffdf, 
  0xffdf, 0xffdf, 0xffdf, 0xffdf, 0xffdf, 0xffdf, 0xffdf, 0xffdf, 0xffdf, 0xffdf, 0xffdf, 0xffdf, 
  0xffdf, 0xffdf, 0xffdf, 0xffdf, 0xffdf, 0xe71c, 0x5aca, 0x0000, 0x0000, 0x0000, 0x0000, 0x0000, 
  0x0000, 0x0000, 0x0000, 0x0000, 0x0000, 0x0000, 0x0000, 0x0000, 0x0000, 0x0000, 0x0000, 0x0000, 
  0x0000, 0x0000, 0x0000, 0x0000, 0x0000, 0x0000, 0x0000, 0x0000, 0x0000, 0x0000, 0x0000, 0x0000, 
  0x0000, 0x0000, 0x0000, 0x0000, 0x0000, 0x0000, 0x0000, 0x0000, 0x0000, 0x0000, 0x0000, 0x0000, 
  0x7bcf, 0xffde, 0xffdf, 0xffdf, 0xffdf, 0xffdf, 0xffdf, 0xffdf, 0xffdf, 0xffdf, 0xffdf, 0xffdf, 
  0xffdf, 0xffdf, 0xffdf, 0xffdf, 0xffdf, 0xffdf, 0xffdf, 0xffff, 0xffdf, 0xffdf, 0x632c, 0x0000, 
  0x0000, 0x0000, 0x0000, 0x0000, 0x0000, 0x0000, 0x0000, 0x0000, 0x0000, 0x0000, 0x0000, 0x0000, 
  0x0000, 0x0000, 0x0820, 0x20a3, 0x20a3, 0x0000, 0x0000, 0x0000, 0x0000, 0x0000, 0x0000, 0x0000, 
  0x0000, 0x0000, 0x0000, 0x0000, 0x0000, 0x0000, 0x0000, 0x0000, 0x0000, 0x0000, 0x0000, 0x0000, 
  0x0000, 0x0000, 0x0000, 0x0000, 0x0000, 0x0000, 0x0000, 0x0800, 0x3866, 0x688b, 0x5829, 0x5009, 
  0x5008, 0x5809, 0x5809, 0x5809, 0x5829, 0x5029, 0x5029, 0x3846, 0x0801, 0x0000, 0x0000, 0x0000, 
  0x0000, 0x0000, 0x1022, 0x4048, 0x5029, 0x5029, 0x580a, 0x502a, 0x502a, 0x502a, 0x5029, 0x5029, 
  0x5009, 0x5009, 0x5009, 0x5009, 0x5029, 0x5009, 0x5009, 0x5009, 0x5009, 0x5009, 0x5009, 0x5009, 
  0x5009, 0x5009, 0x5009, 0x5009, 0x5009, 0x5029, 0x5029, 0x5029, 0x0000, 0x0800, 0x2022, 0x708b, 
  0x886f, 0x906f, 0x906e, 0x906e, 0x906e, 0x906e, 0x906e, 0x886e, 0x886e, 0x886e, 0x886e, 0x886e, 
  0x886e, 0x888e, 0x888e, 0x888e, 0x886e, 0x886e, 0x888e, 0x908e, 0x908e, 0x906e, 0x908e, 0x988f, 
  0x90af, 0x5888, 0x1001, 0x0000, 0x0000, 0x0000, 0x0000, 0x0000, 0x0000, 0x0000, 0x0000, 0x0000, 
  0x0000, 0x0000, 0x0000, 0x0000, 0x0000, 0x0000, 0x0000, 0x0000, 0x0000, 0x0000, 0x0000, 0x0000, 
  0x0000, 0x0000, 0x0000, 0x0841, 0xa513, 0x52aa, 0x0020, 0x0000, 0x0000, 0x0000, 0x0000, 0x0000, 
  0x0000, 0x0000, 0x0000, 0x0000, 0x0000, 0x0000, 0x0000, 0x0000, 0x0000, 0x0000, 0x0800, 0x3085, 
  0x38a5, 0x0800, 0x0000, 0x0000, 0x0000, 0x0000, 0x0000, 0x0000, 0x0000, 0x0000, 0x0000, 0x0000, 
  0x0000, 0x0000, 0x0000, 0x0000, 0x0000, 0x0000, 0x0000, 0x0000, 0x0000, 0x0000, 0x0000, 0x0000, 
  0x0000, 0x0000, 0x0000, 0x0020, 0x0020, 0x4207, 0x9cf3, 0xef3c, 0xffdf, 0xffdf, 0xffdf, 0xffdf, 
  0xffdf, 0xffdf, 0xffdf, 0xffdf, 0xffdf, 0xffdf, 0xffdf, 0xf7be, 0xdefb, 0xbdf7, 0xa514, 0x8410, 
  0x6b4d, 0x4a49, 0x31a6, 0x2124, 0x10a2, 0x0840, 0x0000, 0x0020, 0x0020, 0x0020, 0x5289, 0xf7be, 
  0xffdf, 0xffdf, 0xffdf, 0xffdf, 0xffdf, 0xffdf, 0xffdf, 0xffdf, 0xffdf, 0xffdf, 0xffdf, 0xffdf, 
  0xffdf, 0xffdf, 0xffdf, 0xffdf, 0xffdf, 0xffdf, 0xffdf, 0xffdf, 0xffdf, 0xffdf, 0xffdf, 0xffdf, 
  0xffdf, 0xffdf, 0xf7be, 0xa514, 0x18e3, 0x0000, 0x0000, 0x0000, 0x0000, 0x0000, 0x0000, 0x0000, 
  0x0000, 0x0000, 0x0000, 0x0000, 0x0000, 0x0000, 0x0000, 0x0000, 0x0000, 0x0000, 0x0000, 0x0000, 
  0x0000, 0x0000, 0x0000, 0x0000, 0x0000, 0x0000, 0x0000, 0x0000, 0x0000, 0x0000, 0x0000, 0x0000, 
  0x0000, 0x0000, 0x0000, 0x0000, 0x0000, 0x0000, 0x0000, 0x5acb, 0xf79e, 0xffdf, 0xffdf, 0xffdf, 
  0xffdf, 0xffdf, 0xffdf, 0xffdf, 0xffdf, 0xffdf, 0xffdf, 0xffdf, 0xffdf, 0xffdf, 0xffdf, 0xffdf, 
  0xffdf, 0xffdf, 0xffdf, 0xffff, 0xffff, 0xffdf, 0x4208, 0x0000, 0x0000, 0x0000, 0x0000, 0x0000, 
  0x0000, 0x0000, 0x0000, 0x0000, 0x0000, 0x0000, 0x0000, 0x0000, 0x0000, 0x0800, 0x18a2, 0x0820, 
  0x0000, 0x0020, 0x0000, 0x0000, 0x0000, 0x0000, 0x0000, 0x0000, 0x0000, 0x0000, 0x0000, 0x0000, 
  0x0000, 0x0000, 0x0000, 0x0000, 0x0000, 0x0000, 0x0000, 0x0000, 0x0000, 0x0000, 0x0000, 0x0000, 
  0x0000, 0x0000, 0x1022, 0x50a9, 0x684b, 0x5829, 0x5809, 0x5008, 0x5809, 0x5809, 0x5809, 0x5809, 
  0x5809, 0x5049, 0x2823, 0x0800, 0x0020, 0x0000, 0x0000, 0x0020, 0x0000, 0x2044, 0x4849, 0x500a, 
  0x5809, 0x5029, 0x502a, 0x500a, 0x500a, 0x5029, 0x5029, 0x5029, 0x5029, 0x5029, 0x5029, 0x5029, 
  0x5029, 0x5009, 0x5009, 0x5009, 0x5009, 0x5009, 0x5009, 0x5009, 0x5009, 0x5009, 0x5009, 0x5009, 
  0x5029, 0x5029, 0x5009, 0x5029, 0x1001, 0x4867, 0x808e, 0x904f, 0x906e, 0x906f, 0x906e, 0x906e, 
  0x906e, 0x906e, 0x886e, 0x886e, 0x886d, 0x886e, 0x886e, 0x886e, 0x886e, 0x888e, 0x888e, 0x886e, 
  0x886e, 0x908e, 0x908e, 0x908e, 0x906e, 0x986f, 0x906f, 0x88ce, 0x4087, 0x0800, 0x0000, 0x0000, 
  0x0000, 0x0000, 0x0000, 0x0000, 0x0000, 0x0000, 0x0000, 0x0000, 0x0000, 0x0000, 0x0000, 0x0000, 
  0x0000, 0x0000, 0x0000, 0x0000, 0x0000, 0x0000, 0x0000, 0x0000, 0x0000, 0x0000, 0x2103, 0xa513, 
  0x3186, 0x0020, 0x0000, 0x0000, 0x0000, 0x0000, 0x0000, 0x0000, 0x0000, 0x0000, 0x0000, 0x0000, 
  0x0000, 0x0000, 0x0000, 0x0000, 0x0000, 0x0801, 0x38a6, 0x2884, 0x0000, 0x0000, 0x0000, 0x0000, 
  0x0000, 0x0000, 0x0000, 0x0000, 0x0000, 0x0000, 0x0000, 0x0000, 0x0000, 0x0000, 0x0000, 0x0000, 
  0x0000, 0x0000, 0x0000, 0x0000, 0x0000, 0x0000, 0x0000, 0x0000, 0x0000, 0x0000, 0x0000, 0x0000, 
  0x0000, 0x0020, 0x0020, 0x0020, 0x2124, 0x5289, 0x738e, 0x8410, 0x840f, 0x736d, 0x5aaa, 0x4208, 
  0x3185, 0x18e3, 0x1081, 0x0020, 0x0020, 0x0020, 0x0020, 0x0020, 0x0020, 0x0020, 0x0020, 0x0000, 
  0x0000, 0x0000, 0x0000, 0x0000, 0x0000, 0x3186, 0xe71c, 0xf7bf, 0xffdf, 0xffdf, 0xffdf, 0xffdf, 
  0xffdf, 0xffdf, 0xffdf, 0xffdf, 0xffdf, 0xffdf, 0xffdf, 0xffdf, 0xffdf, 0xffdf, 0xffdf, 0xffdf, 
  0xffdf, 0xffdf, 0xffdf, 0xffdf, 0xffdf, 0xffdf, 0xffdf, 0xffdf, 0xffdf, 0xffdf, 0xffdf, 0xffdf, 
  0xef5d, 0x6b6d, 0x0841, 0x0020, 0x0000, 0x0000, 0x0000, 0x0000, 0x0000, 0x0000, 0x0000, 0x0000, 
  0x0000, 0x0000, 0x0000, 0x0000, 0x0000, 0x0000, 0x0000, 0x0000, 0x0000, 0x0000, 0x0000, 0x0000, 
  0x0000, 0x0000, 0x0000, 0x0000, 0x0000, 0x0000, 0x0000, 0x0000, 0x0000, 0x0000, 0x0000, 0x0000, 
  0x0000, 0x0000, 0x5acb, 0xf79e, 0xffde, 0xffdf, 0xffdf, 0xffdf, 0xffdf, 0xffdf, 0xffdf, 0xffdf, 
  0xffdf, 0xffdf, 0xffdf, 0xffdf, 0xffdf, 0xffdf, 0xffdf, 0xffdf, 0xffdf, 0xffdf, 0xffdf, 0xffdf, 
  0xffdf, 0xf7be, 0x2104, 0x0000, 0x0000, 0x0000, 0x0000, 0x0000, 0x0000, 0x0000, 0x0000, 0x0000, 
  0x0000, 0x0000, 0x0000, 0x0000, 0x0020, 0x1061, 0x0000, 0x0000, 0x0000, 0x0000, 0x0000, 0x0000, 
  0x0000, 0x0000, 0x0000, 0x0000, 0x0000, 0x0000, 0x0000, 0x0000, 0x0000, 0x0000, 0x0000, 0x0000, 
  0x0000, 0x0000, 0x0000, 0x0000, 0x0000, 0x0000, 0x0000, 0x0000, 0x0000, 0x2023, 0x608a, 0x604b, 
  0x5829, 0x5808, 0x5008, 0x5809, 0x5809, 0x5809, 0x5809, 0x5809, 0x4847, 0x1802, 0x0000, 0x0000, 
  0x0000, 0x0000, 0x0000, 0x0801, 0x3046, 0x5029, 0x5009, 0x5009, 0x5009, 0x5809, 0x5009, 0x5029, 
  0x5029, 0x5029, 0x5029, 0x5029, 0x5029, 0x5029, 0x5029, 0x5029, 0x5009, 0x5009, 0x5009, 0x5009, 
  0x5009, 0x5009, 0x5009, 0x5009, 0x5009, 0x5009, 0x5009, 0x5009, 0x5009, 0x5009, 0x5009, 0x5029, 
  0x70ab, 0x906f, 0x904f, 0x904f, 0x906f, 0x906e, 0x906e, 0x906e, 0x906e, 0x888e, 0x886e, 0x888e, 
  0x886d, 0x886e, 0x886d, 0x886e, 0x886e, 0x888e, 0x886e, 0x886e, 0x886e, 0x906d, 0x908e, 0x908e, 
  0x906e, 0x906f, 0x80ee, 0x3045, 0x0800, 0x0000, 0x0000, 0x0000, 0x0000, 0x0000, 0x0000, 0x0000, 
  0x0000, 0x0000, 0x0000, 0x0000, 0x0000, 0x0000, 0x0000, 0x0000, 0x0000, 0x0000, 0x0000, 0x0000, 
  0x0000, 0x0000, 0x0000, 0x0000, 0x0000, 0x39e7, 0xad34, 0x18e3, 0x0000, 0x0000, 0x0000, 0x0000, 
  0x0000, 0x0000, 0x0000, 0x0000, 0x0000, 0x0000, 0x0000, 0x0000, 0x0000, 0x0000, 0x0000, 0x0000, 
  0x1022, 0x40e7, 0x2064, 0x0000, 0x0000, 0x0000, 0x0000, 0x0000, 0x0000, 0x0000, 0x0000, 0x0000, 
  0x0000, 0x0000, 0x0000, 0x0000, 0x0000, 0x0000, 0x0000, 0x0000, 0x0000, 0x0000, 0x0000, 0x0000, 
  0x0000, 0x0000, 0x0000, 0x0000, 0x0000, 0x0000, 0x0000, 0x0000, 0x0000, 0x0000, 0x0000, 0x0000, 
  0x0000, 0x0020, 0x0020, 0x0020, 0x0020, 0x0020, 0x0000, 0x0000, 0x0020, 0x0020, 0x0020, 0x0000, 
  0x0000, 0x0000, 0x0000, 0x0000, 0x0000, 0x0000, 0x0000, 0x0000, 0x0000, 0x0000, 0x0000, 0x0000, 
  0x2104, 0xd6ba, 0xffbf, 0xffdf, 0xffdf, 0xffdf, 0xffdf, 0xffdf, 0xffdf, 0xffdf, 0xffdf, 0xffdf, 
  0xffdf, 0xffdf, 0xffdf, 0xffdf, 0xffdf, 0xffdf, 0xffdf, 0xffdf, 0xffdf, 0xffdf, 0xffdf, 0xffdf, 
  0xffdf, 0xffdf, 0xffdf, 0xffdf, 0xffdf, 0xffdf, 0xffdf, 0xffdf, 0xffde, 0xffdf, 0xe71b, 0x7bef, 
  0x0861, 0x0020, 0x0020, 0x0000, 0x0000, 0x0000, 0x0000, 0x0000, 0x0000, 0x0000, 0x0000, 0x0000, 
  0x0000, 0x0000, 0x0000, 0x0000, 0x0000, 0x0000, 0x0000, 0x0000, 0x0000, 0x0000, 0x0000, 0x0000, 
  0x0000, 0x0000, 0x0000, 0x0000, 0x0000, 0x0000, 0x0000, 0x0000, 0x0820, 0x738e, 0xf7be, 0xffdf, 
  0xffdf, 0xffdf, 0xffdf, 0xffdf, 0xffdf, 0xffdf, 0xffdf, 0xffdf, 0xffdf, 0xffdf, 0xffdf, 0xffdf, 
  0xffdf, 0xffdf, 0xffdf, 0xffdf, 0xffdf, 0xffdf, 0xffdf, 0xffdf, 0xffdf, 0xce59, 0x0000, 0x0000, 
  0x0000, 0x0000, 0x0000, 0x0000, 0x0000, 0x0000, 0x0000, 0x0000, 0x0000, 0x0000, 0x0000, 0x0000, 
  0x0020, 0x0000, 0x0000, 0x0000, 0x0000, 0x0000, 0x0000, 0x0000, 0x0000, 0x0000, 0x0000, 0x0000, 
  0x0000, 0x0000, 0x0000, 0x0000, 0x0000, 0x0000, 0x0000, 0x0000, 0x0000, 0x0000, 0x0000, 0x0000, 
  0x0000, 0x0000, 0x0000, 0x0800, 0x3065, 0x606a, 0x582a, 0x5029, 0x5008, 0x5008, 0x5009, 0x5809, 
  0x5809, 0x5809, 0x5849, 0x4046, 0x1001, 0x0000, 0x0000, 0x0020, 0x0000, 0x0000, 0x1022, 0x4068, 
  0x500a, 0x5009, 0x5029, 0x5029, 0x5009, 0x5009, 0x5029, 0x5029, 0x5029, 0x5029, 0x5029, 0x5029, 
  0x5029, 0x5029, 0x5029, 0x5029, 0x5029, 0x5009, 0x5009, 0x5009, 0x5009, 0x5029, 0x5009, 0x5009, 
  0x5009, 0x5009, 0x5009, 0x5009, 0x5009, 0x5009, 0x5029, 0x5029, 0x904f, 0x904f, 0x904f, 0x906e, 
  0x906e, 0x906e, 0x906e, 0x906e, 0x906e, 0x886e, 0x886e, 0x888e, 0x888d, 0x886d, 0x886e, 0x886d, 
  0x886e, 0x886e, 0x886e, 0x906e, 0x906e, 0x906e, 0x906e, 0x906e, 0x906e, 0x78cc, 0x2023, 0x0000, 
  0x0000, 0x0000, 0x0000, 0x0000, 0x0000, 0x0000, 0x0000, 0x0000, 0x0000, 0x0000, 0x0000, 0x0000, 
  0x0000, 0x0000, 0x0000, 0x0000, 0x0000, 0x0000, 0x0000, 0x0000, 0x0000, 0x0000, 0x0000, 0x0000, 
  0x5aca, 0x94b2, 0x0841, 0x0000, 0x0000, 0x0000, 0x0000, 0x0000, 0x0000, 0x0000, 0x0000, 0x0000, 
  0x0000, 0x0000, 0x0000, 0x0000, 0x0000, 0x0000, 0x0000, 0x2043, 0x4909, 0x1022, 0x0000, 0x0000, 
  0x0000, 0x0000, 0x0000, 0x0000, 0x0000, 0x0000, 0x0000, 0x0000, 0x0000, 0x0000, 0x0000, 0x0000, 
  0x0000, 0x0000, 0x0000, 0x0000, 0x0000, 0x0000, 0x0000, 0x0000, 0x0000, 0x0000, 0x0000, 0x0000, 
  0x0000, 0x0000, 0x0000, 0x0000, 0x0000, 0x0000, 0x0000, 0x0000, 0x0000, 0x0000, 0x0000, 0x0000, 
  0x0000, 0x0000, 0x0000, 0x0000, 0x0000, 0x0000, 0x0000, 0x0000, 0x0000, 0x0000, 0x0000, 0x0000, 
  0x0000, 0x0000, 0x0000, 0x0000, 0x0000, 0x0000, 0x0000, 0x1082, 0xce59, 0xffde, 0xffdf, 0xffdf, 
  0xffdf, 0xffdf, 0xf7df, 0xffdf, 0xffdf, 0xffdf, 0xffdf, 0xffdf, 0xffdf, 0xffdf, 0xffdf, 0xffdf, 
  0xffdf, 0xffdf, 0xffdf, 0xffdf, 0xffdf, 0xffdf, 0xffdf, 0xffdf, 0xffdf, 0xffdf, 0xffdf, 0xffdf, 
  0xffdf, 0xffdf, 0xffdf, 0xffdf, 0xffdf, 0xffdf, 0xffdf, 0xffdf, 0xef7d, 0x8430, 0x31a6, 0x0020, 
  0x0000, 0x0000, 0x0000, 0x0000, 0x0000, 0x0000, 0x0000, 0x0000, 0x0000, 0x0000, 0x0000, 0x0000, 
  0x0000, 0x0000, 0x0000, 0x0000, 0x0000, 0x0000, 0x0000, 0x0000, 0x0000, 0x0000, 0x0000, 0x0000, 
  0x0000, 0x0020, 0x0000, 0x3a07, 0xc638, 0xffdf, 0xffdf, 0xffdf, 0xffdf, 0xffdf, 0xffdf, 0xffdf, 
  0xffdf, 0xffdf, 0xffdf, 0xffdf, 0xffdf, 0xffdf, 0xffdf, 0xffdf, 0xffdf, 0xffdf, 0xffdf, 0xffdf, 
  0xffdf, 0xffdf, 0xffdf, 0xffdf, 0xffdf, 0x8410, 0x0000, 0x0000, 0x0000, 0x0000, 0x0000, 0x0000, 
  0x0000, 0x0000, 0x0000, 0x0000, 0x0000, 0x0000, 0x0000, 0x0000, 0x0000, 0x0000, 0x0000, 0x0000, 
  0x0000, 0x0000, 0x0000, 0x0000, 0x0000, 0x0000, 0x0000, 0x0000, 0x0000, 0x0000, 0x0000, 0x0000, 
  0x0000, 0x0000, 0x0000, 0x0000, 0x0000, 0x0000, 0x0000, 0x0000, 0x0000, 0x0000, 0x1001, 0x4867, 
  0x604a, 0x5809, 0x5028, 0x5008, 0x5008, 0x5009, 0x5809, 0x5809, 0x5809, 0x5849, 0x3025, 0x0800, 
  0x0000, 0x0000, 0x0000, 0x0000, 0x0800, 0x2844, 0x5049, 0x5009, 0x5009, 0x5009, 0x5029, 0x5029, 
  0x5029, 0x5009, 0x5029, 0x5029, 0x5029, 0x5029, 0x5029, 0x5029, 0x5029, 0x5029, 0x5029, 0x5029, 
  0x5009, 0x5009, 0x5009, 0x5009, 0x5009, 0x5029, 0x5029, 0x5029, 0x5029, 0x5029, 0x5029, 0x5029, 
  0x5029, 0x5029, 0x5029, 0x5029, 0x904f, 0x906f, 0x906e, 0x906e, 0x906e, 0x906e, 0x908e, 0x906e, 
  0x906e, 0x888e, 0x888e, 0x886e, 0x886e, 0x888d, 0x886d, 0x886d, 0x886e, 0x888e, 0x906e, 0x906e, 
  0x906e, 0x906e, 0x906e, 0x908e, 0x68ab, 0x1822, 0x0000, 0x0000, 0x0000, 0x0000, 0x0000, 0x0000, 
  0x0000, 0x0000, 0x0000, 0x0000, 0x0000, 0x0000, 0x0000, 0x0000, 0x0000, 0x0000, 0x0000, 0x0000, 
  0x0000, 0x0000, 0x0000, 0x0000, 0x0000, 0x0000, 0x0020, 0x9471, 0x6b2c, 0x0020, 0x0000, 0x0000, 
  0x0000, 0x0000, 0x0000, 0x0000, 0x0000, 0x0000, 0x0000, 0x0000, 0x0000, 0x0000, 0x0000, 0x0000, 
  0x0000, 0x0800, 0x3085, 0x38a7, 0x0801, 0x0000, 0x0000, 0x0000, 0x0000, 0x0000, 0x0000, 0x0000, 
  0x0000, 0x0000, 0x0000, 0x0000, 0x0000, 0x0000, 0x0000, 0x0000, 0x0000, 0x0000, 0x0000, 0x0000, 
  0x0000, 0x0000, 0x0000, 0x0000, 0x0000, 0x0000, 0x0000, 0x0000, 0x0000, 0x0000, 0x0000, 0x0000, 
  0x0000, 0x0000, 0x0000, 0x0000, 0x0000, 0x0000, 0x0000, 0x0000, 0x0000, 0x0000, 0x0000, 0x0000, 
  0x0000, 0x0000, 0x0000, 0x0000, 0x0000, 0x0000, 0x0000, 0x0000, 0x0000, 0x0000, 0x0000, 0x0000, 
  0x0000, 0x0000, 0x0840, 0xbdf7, 0xf7be, 0xffde, 0xffdf, 0xffdf, 0xffdf, 0xffdf, 0xffdf, 0xffdf, 
  0xffdf, 0xffdf, 0xffdf, 0xffdf, 0xffdf, 0xffdf, 0xffdf, 0xffdf, 0xffdf, 0xffdf, 0xffdf, 0xffdf, 
  0xffdf, 0xffdf, 0xffdf, 0xffdf, 0xffdf, 0xffdf, 0xffdf, 0xffdf, 0xffdf, 0xffdf, 0xffdf, 0xffdf, 
  0xffdf, 0xffdf, 0xffdf, 0xffdf, 0xffdf, 0xffdf, 0xffde, 0xc618, 0x7bef, 0x39e7, 0x0840, 0x0000, 
  0x0000, 0x0000, 0x0000, 0x0000, 0x0000, 0x0000, 0x0000, 0x0000, 0x0000, 0x0000, 0x0000, 0x0000, 
  0x0000, 0x0000, 0x0000, 0x0000, 0x0000, 0x0000, 0x0020, 0x0000, 0x0840, 0x5aeb, 0xb5b6, 0xf7be, 
  0xffdf, 0xffdf, 0xffdf, 0xffdf, 0xffdf, 0xffdf, 0xffdf, 0xffdf, 0xffdf, 0xffdf, 0xffdf, 0xffdf, 
  0xffdf, 0xffdf, 0xffdf, 0xffdf, 0xffdf, 0xffdf, 0xffdf, 0xffdf, 0xffdf, 0xffdf, 0xffdf, 0xffdf, 
  0xffdf, 0x2965, 0x0000, 0x0000, 0x0000, 0x0000, 0x0000, 0x0000, 0x0000, 0x0000, 0x0000, 0x0000, 
  0x0000, 0x0000, 0x0000, 0x0000, 0x0000, 0x0000, 0x0000, 0x0000, 0x0000, 0x0000, 0x0000, 0x0000, 
  0x0000, 0x0000, 0x0000, 0x0000, 0x0000, 0x0000, 0x0000, 0x0000, 0x0000, 0x0000, 0x0000, 0x0000, 
  0x0000, 0x0000, 0x0000, 0x0000, 0x0000, 0x1822, 0x5088, 0x602a, 0x5809, 0x5808, 0x5009, 0x5009, 
  0x5009, 0x5829, 0x5809, 0x5809, 0x5048, 0x1822, 0x0000, 0x0000, 0x0000, 0x0000, 0x0000, 0x0801, 
  0x3866, 0x5049, 0x500a, 0x5009, 0x5029, 0x5029, 0x5009, 0x5029, 0x5029, 0x5009, 0x5029, 0x5029, 
  0x5029, 0x5029, 0x5029, 0x5029, 0x5029, 0x5009, 0x5009, 0x5009, 0x5009, 0x5029, 0x5009, 0x5009, 
  0x5029, 0x5029, 0x5029, 0x5029, 0x5029, 0x5029, 0x5029, 0x5029, 0x5029, 0x5029, 0x5029, 0x5029, 
  0x906f, 0x906f, 0x906e, 0x906f, 0x906e, 0x908e, 0x906e, 0x906e, 0x888e, 0x888e, 0x888e, 0x886e, 
  0x886e, 0x888d, 0x886e, 0x886e, 0x906e, 0x908e, 0x906e, 0x906e, 0x906e, 0x906e, 0x90ae, 0x5088, 
  0x0801, 0x0000, 0x0000, 0x0000, 0x0000, 0x0000, 0x0000, 0x0000, 0x0000, 0x0000, 0x0000, 0x0000, 
  0x0000, 0x0000, 0x0000, 0x0000, 0x0000, 0x0000, 0x0000, 0x0000, 0x0000, 0x0000, 0x0000, 0x0000, 
  0x0000, 0x18c2, 0xa513, 0x31c6, 0x0000, 0x0000, 0x0000, 0x0000, 0x0000, 0x0000, 0x0000, 0x0000, 
  0x0000, 0x0000, 0x0000, 0x0000, 0x0000, 0x0000, 0x0000, 0x0000, 0x1001, 0x40c7, 0x2865, 0x0000, 
  0x0000, 0x0000, 0x0000, 0x0000, 0x0000, 0x0000, 0x0000, 0x0000, 0x0000, 0x0000, 0x0000, 0x0000, 
  0x0000, 0x0000, 0x0000, 0x0000, 0x0000, 0x0000, 0x0000, 0x0000, 0x0000, 0x0000, 0x0000, 0x0000, 
  0x0000, 0x0000, 0x0000, 0x0000, 0x0000, 0x0000, 0x0000, 0x0000, 0x0000, 0x0000, 0x0000, 0x0000, 
  0x0000, 0x0000, 0x0000, 0x0000, 0x0000, 0x0000, 0x0000, 0x0000, 0x0000, 0x0000, 0x0000, 0x0000, 
  0x0000, 0x0000, 0x0000, 0x0000, 0x0000, 0x0000, 0x0000, 0x0000, 0x0000, 0x0840, 0xa534, 0xffde, 
  0xffde, 0xffdf, 0xffdf, 0xffdf, 0xffdf, 0xffdf, 0xffdf, 0xffdf, 0xffdf, 0xffdf, 0xffdf, 0xffdf, 
  0xffdf, 0xffdf, 0xffdf, 0xffdf, 0xffdf, 0xffdf, 0xffdf, 0xffdf, 0xffdf, 0xffdf, 0xffdf, 0xffdf, 
  0xffdf, 0xffdf, 0xffdf, 0xffdf, 0xffdf, 0xffdf, 0xffdf, 0xffdf, 0xffdf, 0xffdf, 0xffdf, 0xffdf, 
  0xffdf, 0xffdf, 0xffdf, 0xffdf, 0xffdf, 0xffdf, 0xef7d, 0xc618, 0x8410, 0x528a, 0x31a6, 0x1082, 
  0x0000, 0x0000, 0x0000, 0x0000, 0x0000, 0x0000, 0x0000, 0x0000, 0x0000, 0x0000, 0x0000, 0x0000, 
  0x0861, 0x41e7, 0x6b6d, 0xad75, 0xef3d, 0xffdf, 0xffdf, 0xffdf, 0xffdf, 0xffdf, 0xffdf, 0xffdf, 
  0xffdf, 0xffdf, 0xffdf, 0xffdf, 0xffdf, 0xffdf, 0xffdf, 0xffdf, 0xffdf, 0xffdf, 0xffdf, 0xffdf, 
  0xffdf, 0xffdf, 0xffdf, 0xffdf, 0xffdf, 0xffdf, 0xffff, 0xffdf, 0xce79, 0x0000, 0x0000, 0x0000, 
  0x0000, 0x0000, 0x0000, 0x0000, 0x0000, 0x0000, 0x0000, 0x0000, 0x0000, 0x0000, 0x0000, 0x0000, 
  0x0000, 0x0000, 0x0000, 0x0000, 0x0000, 0x0000, 0x0000, 0x0000, 0x0000, 0x0000, 0x0000, 0x0000, 
  0x0000, 0x0000, 0x0000, 0x0000, 0x0000, 0x0000, 0x0000, 0x0000, 0x0000, 0x0000, 0x0000, 0x0000, 
  0x2844, 0x5889, 0x5829, 0x5809, 0x5029, 0x5028, 0x5028, 0x5829, 0x5809, 0x5829, 0x584a, 0x3846, 
  0x0801, 0x0000, 0x0000, 0x0000, 0x0000, 0x0000, 0x1822, 0x4048, 0x5029, 0x5009, 0x5009, 0x5029, 
  0x5009, 0x5029, 0x5029, 0x5029, 0x5029, 0x5009, 0x5029, 0x5029, 0x5029, 0x5029, 0x5029, 0x5029, 
  0x5029, 0x5029, 0x5009, 0x5009, 0x5008, 0x5029, 0x5029, 0x5029, 0x5029, 0x5029, 0x5029, 0x5009, 
  0x5009, 0x5009, 0x5009, 0x5029, 0x5029, 0x5029, 0x5009, 0x5029, 0x906f, 0x906f, 0x906e, 0x906e, 
  0x908e, 0x908e, 0x906e, 0x908e, 0x888e, 0x888e, 0x888e, 0x888e, 0x886e, 0x886d, 0x886d, 0x906d, 
  0x906e, 0x906e, 0x906e, 0x906e, 0x906e, 0x888d, 0x4066, 0x0800, 0x0000, 0x0000, 0x0000, 0x0000, 
  0x0000, 0x0000, 0x0000, 0x0000, 0x0000, 0x0000, 0x0000, 0x0000, 0x0000, 0x0000, 0x0000, 0x0000, 
  0x0000, 0x0000, 0x0000, 0x0000, 0x0000, 0x0000, 0x0000, 0x0000, 0x31a6, 0xb5b6, 0x18c3, 0x0000, 
  0x0000, 0x0000, 0x0000, 0x0000, 0x0000, 0x0000, 0x0000, 0x0000, 0x0000, 0x0000, 0x0000, 0x0000, 
  0x0000, 0x0000, 0x0000, 0x1822, 0x48e8, 0x2064, 0x0000, 0x0000, 0x0000, 0x0000, 0x0000, 0x0000, 
  0x0000, 0x0000, 0x0000, 0x0000, 0x0000, 0x0000, 0x0000, 0x0000, 0x0000, 0x0000, 0x0000, 0x0000, 
  0x0000, 0x0000, 0x0000, 0x0000, 0x0000, 0x0000, 0x0000, 0x0000, 0x0000, 0x0000, 0x0000, 0x0000, 
  0x0000, 0x0000, 0x0000, 0x0000, 0x0000, 0x0000, 0x0000, 0x0000, 0x0000, 0x0000, 0x0000, 0x0000, 
  0x0000, 0x0000, 0x0000, 0x0000, 0x0000, 0x0000, 0x0000, 0x0000, 0x0000, 0x0000, 0x0000, 0x0000, 
  0x0000, 0x0000, 0x0000, 0x0000, 0x0000, 0x9492, 0xffdf, 0xffdf, 0xffdf, 0xffdf, 0xffdf, 0xffdf, 
  0xffdf, 0xffdf, 0xffdf, 0xffdf, 0xffdf, 0xffdf, 0xffdf, 0xffdf, 0xffdf, 0xffdf, 0xffdf, 0xffdf, 
  0xffdf, 0xffdf, 0xffdf, 0xffdf, 0xffdf, 0xffdf, 0xffdf, 0xffdf, 0xffdf, 0xffdf, 0xffdf, 0xffdf, 
  0xffdf, 0xffdf, 0xffdf, 0xffdf, 0xffdf, 0xffdf, 0xffdf, 0xffdf, 0xffdf, 0xffdf, 0xffdf, 0xffdf, 
  0xffdf, 0xffdf, 0xffdf, 0xffdf, 0xffdf, 0xffdf, 0xffdf, 0xf7be, 0xdedb, 0xbdd7, 0x9cf3, 0x8c51, 
  0x7bef, 0x73ae, 0x73ae, 0x73ae, 0x7bef, 0x9492, 0xad55, 0xdedb, 0xf7bf, 0xffdf, 0xffdf, 0xffdf, 
  0xffdf, 0xffdf, 0xffdf, 0xffdf, 0xffdf, 0xffdf, 0xffdf, 0xffdf, 0xffdf, 0xffdf, 0xffdf, 0xffdf, 
  0xffdf, 0xffdf, 0xffdf, 0xffdf, 0xffdf, 0xffdf, 0xffdf, 0xffdf, 0xffdf, 0xffdf, 0xffdf, 0xffdf, 
  0xffdf, 0xffff, 0xffdf, 0xffdf, 0x5acb, 0x0020, 0x0000, 0x0000, 0x0000, 0x0000, 0x0000, 0x0000, 
  0x0000, 0x0000, 0x0000, 0x0000, 0x0000, 0x0000, 0x0000, 0x0000, 0x0000, 0x0000, 0x0000, 0x0000, 
  0x0000, 0x0000, 0x0000, 0x0000, 0x0000, 0x0000, 0x0000, 0x0000, 0x0000, 0x0000, 0x0000, 0x0000, 
  0x0000, 0x0000, 0x0000, 0x0000, 0x0000, 0x0000, 0x0801, 0x3846, 0x586a, 0x5029, 0x5009, 0x5009, 
  0x5008, 0x5009, 0x5028, 0x5829, 0x5829, 0x504a, 0x3045, 0x0800, 0x0000, 0x0000, 0x0000, 0x0020, 
  0x0800, 0x2024, 0x5049, 0x5029, 0x5009, 0x5009, 0x5009, 0x5009, 0x5029, 0x5029, 0x5029, 0x5029, 
  0x5029, 0x5009, 0x5009, 0x5009, 0x5009, 0x5009, 0x5009, 0x5009, 0x5009, 0x5009, 0x4829, 0x5009, 
  0x5009, 0x5009, 0x5029, 0x5029, 0x5029, 0x5009, 0x5009, 0x5009, 0x5009, 0x5009, 0x5029, 0x5029, 
  0x5029, 0x5009, 0x5009, 0x5009, 0x906e, 0x906e, 0x906e, 0x908e, 0x888e, 0x908e, 0x908e, 0x908e, 
  0x888e, 0x888e, 0x908e, 0x908e, 0x906e, 0x906d, 0x906d, 0x906d, 0x906e, 0x906e, 0x906e, 0x906e, 
  0x80cd, 0x2824, 0x0800, 0x0000, 0x0000, 0x0000, 0x0000, 0x0000, 0x0000, 0x0000, 0x0000, 0x0000, 
  0x0000, 0x0000, 0x0000, 0x0000, 0x0000, 0x0000, 0x0000, 0x0000, 0x0000, 0x0000, 0x0000, 0x0000, 
  0x0000, 0x0000, 0x0000, 0x52aa, 0x9492, 0x1082, 0x0000, 0x0000, 0x0000, 0x0000, 0x0000, 0x0000, 
  0x0000, 0x0000, 0x0000, 0x0000, 0x0000, 0x0000, 0x0000, 0x0000, 0x0000, 0x0000, 0x2043, 0x48e8, 
  0x1822, 0x0000, 0x0000, 0x0000, 0x0000, 0x0000, 0x0000, 0x0000, 0x0000, 0x0000, 0x0000, 0x0000, 
  0x0000, 0x0000, 0x0000, 0x0000, 0x0000, 0x0000, 0x0000, 0x0000, 0x0000, 0x0000, 0x0000, 0x0000, 
  0x0000, 0x0000, 0x0000, 0x0000, 0x0000, 0x0000, 0x0000, 0x0000, 0x0000, 0x0000, 0x0000, 0x0000, 
  0x0000, 0x0000, 0x0000, 0x0000, 0x0000, 0x0000, 0x0000, 0x0000, 0x0000, 0x0000, 0x0000, 0x0000, 
  0x0000, 0x0000, 0x0000, 0x0000, 0x0000, 0x0000, 0x0000, 0x0000, 0x0000, 0x0000, 0x0000, 0x0000, 
  0x7bef, 0xffde, 0xffdf, 0xffdf, 0xffdf, 0xffdf, 0xffdf, 0xffdf, 0xffdf, 0xffdf, 0xffdf, 0xffdf, 
  0xffdf, 0xffdf, 0xffdf, 0xffdf, 0xffdf, 0xffdf, 0xffdf, 0xffdf, 0xffdf, 0xffdf, 0xffdf, 0xffdf, 
  0xffdf, 0xffdf, 0xffdf, 0xffdf, 0xffdf, 0xffdf, 0xffdf, 0xffdf, 0xffdf, 0xffdf, 0xffdf, 0xffdf, 
  0xffdf, 0xffdf, 0xffdf, 0xffdf, 0xffdf, 0xffdf, 0xffdf, 0xffdf, 0xffdf, 0xffdf, 0xffdf, 0xffdf, 
  0xffdf, 0xffdf, 0xffdf, 0xffdf, 0xffde, 0xf7de, 0xf7de, 0xf7df, 0xffdf, 0xffdf, 0xffdf, 0xffdf, 
  0xffdf, 0xffdf, 0xffdf, 0xffdf, 0xffdf, 0xffdf, 0xffdf, 0xffdf, 0xffdf, 0xffdf, 0xffdf, 0xffdf, 
  0xffdf, 0xffdf, 0xffdf, 0xffdf, 0xffdf, 0xffdf, 0xffdf, 0xffdf, 0xffdf, 0xffdf, 0xffdf, 0xffdf, 
  0xffdf, 0xffdf, 0xffdf, 0xffdf, 0xffdf, 0xffdf, 0xffdf, 0xffdf, 0xffdf, 0xffdf, 0xffdf, 0xd6ba, 
  0x0861, 0x0000, 0x0000, 0x0000, 0x0000, 0x0000, 0x0000, 0x0000, 0x0000, 0x0000, 0x0000, 0x0000, 
  0x0000, 0x0000, 0x0000, 0x0000, 0x0000, 0x0000, 0x0000, 0x0000, 0x0000, 0x0000, 0x0000, 0x0000, 
  0x0000, 0x0000, 0x0000, 0x0000, 0x0000, 0x0000, 0x0000, 0x0000, 0x0000, 0x0000, 0x0000, 0x0000, 
  0x0000, 0x1001, 0x4888, 0x5849, 0x5028, 0x5028, 0x5028, 0x5028, 0x5008, 0x5008, 0x5029, 0x5029, 
  0x4868, 0x1822, 0x0020, 0x0000, 0x0000, 0x0000, 0x0000, 0x0821, 0x3046, 0x5029, 0x5029, 0x5009, 
  0x5029, 0x5029, 0x5029, 0x5029, 0x5029, 0x5029, 0x5029, 0x5029, 0x5029, 0x5029, 0x5009, 0x5009, 
  0x5009, 0x5009, 0x4828, 0x4828, 0x4829, 0x4829, 0x4829, 0x5009, 0x5009, 0x5009, 0x5029, 0x5029, 
  0x5029, 0x5009, 0x5009, 0x5009, 0x5009, 0x5009, 0x5029, 0x5009, 0x5029, 0x5009, 0x5029, 0x5029, 
  0x908e, 0x908e, 0x908e, 0x908e, 0x888e, 0x908e, 0x908e, 0x908e, 0x888e, 0x888e, 0x908e, 0x908e, 
  0x908e, 0x906e, 0x906e, 0x906e, 0x908e, 0x906e, 0x906e, 0x78ac, 0x2023, 0x0000, 0x0000, 0x0000, 
  0x0000, 0x0000, 0x0000, 0x0000, 0x0000, 0x0000, 0x0000, 0x0000, 0x0000, 0x0000, 0x0000, 0x0841, 
  0x0000, 0x0000, 0x0000, 0x0000, 0x0000, 0x0000, 0x0000, 0x0000, 0x0000, 0x0020, 0x840f, 0x738e, 
  0x0020, 0x0000, 0x0000, 0x0000, 0x0000, 0x0000, 0x0000, 0x0000, 0x0000, 0x0000, 0x0000, 0x0000, 
  0x0000, 0x0000, 0x0000, 0x0000, 0x0800, 0x3065, 0x3886, 0x1001, 0x0000, 0x0000, 0x0000, 0x0000, 
  0x0000, 0x0000, 0x0000, 0x0000, 0x0000, 0x0000, 0x0000, 0x0000, 0x0000, 0x0000, 0x0000, 0x0000, 
  0x0000, 0x0000, 0x0000, 0x0000, 0x0000, 0x0000, 0x0000, 0x0000, 0x0000, 0x0000, 0x0000, 0x0000, 
  0x0000, 0x0000, 0x0000, 0x0000, 0x0000, 0x0000, 0x0000, 0x0000, 0x0000, 0x0000, 0x0000, 0x0000, 
  0x0000, 0x0000, 0x0000, 0x0000, 0x0000, 0x0000, 0x0000, 0x0000, 0x0000, 0x0000, 0x0000, 0x0000, 
  0x0000, 0x0000, 0x0000, 0x0000, 0x0000, 0x0000, 0x0000, 0x6b4d, 0xf7be, 0xffdf, 0xffdf, 0xffdf, 
  0xffdf, 0xffdf, 0xffdf, 0xffdf, 0xffdf, 0xffdf, 0xffdf, 0xffdf, 0xffdf, 0xffdf, 0xffdf, 0xffdf, 
  0xffdf, 0xffdf, 0xffdf, 0xffdf, 0xffdf, 0xffdf, 0xffdf, 0xffdf, 0xffdf, 0xffdf, 0xffdf, 0xffdf, 
  0xffdf, 0xffdf, 0xffdf, 0xffdf, 0xffdf, 0xffdf, 0xffdf, 0xffdf, 0xffdf, 0xffdf, 0xffdf, 0xffdf, 
  0xffdf, 0xffdf, 0xffdf, 0xffdf, 0xffdf, 0xffdf, 0xffdf, 0xffdf, 0xffdf, 0xffdf, 0xffdf, 0xffdf, 
  0xffdf, 0xffdf, 0xffdf, 0xffdf, 0xffdf, 0xffdf, 0xffdf, 0xffdf, 0xffdf, 0xffdf, 0xffdf, 0xffdf, 
  0xffdf, 0xffdf, 0xffdf, 0xffdf, 0xffdf, 0xffdf, 0xffdf, 0xffdf, 0xffdf, 0xffdf, 0xffdf, 0xffdf, 
  0xffdf, 0xffdf, 0xffdf, 0xffdf, 0xffdf, 0xffdf, 0xffdf, 0xffdf, 0xffdf, 0xffdf, 0xffdf, 0xffdf, 
  0xffdf, 0xffdf, 0xffdf, 0xffdf, 0xffff, 0xffff, 0xffdf, 0x52aa, 0x0000, 0x0000, 0x0000, 0x0000, 
  0x0000, 0x0000, 0x0000, 0x0000, 0x0000, 0x0000, 0x0000, 0x0000, 0x0000, 0x0000, 0x0000, 0x0000, 
  0x0000, 0x0000, 0x0000, 0x0000, 0x0000, 0x0000, 0x0000, 0x0000, 0x0000, 0x0000, 0x0000, 0x0000, 
  0x0000, 0x0000, 0x0000, 0x0000, 0x0000, 0x0000, 0x0000, 0x0000, 0x2023, 0x5068, 0x5029, 0x5008, 
  0x5028, 0x5028, 0x5008, 0x5028, 0x5028, 0x5028, 0x5049, 0x3846, 0x0821, 0x0000, 0x0000, 0x0000, 
  0x0000, 0x0000, 0x1802, 0x4048, 0x5029, 0x5009, 0x5009, 0x5029, 0x5029, 0x5029, 0x5029, 0x5029, 
  0x5029, 0x5029, 0x5009, 0x5029, 0x5029, 0x4829, 0x4809, 0x5009, 0x5009, 0x5008, 0x4828, 0x4828, 
  0x4829, 0x4829, 0x4828, 0x4809, 0x5009, 0x5029, 0x5029, 0x5029, 0x5009, 0x5029, 0x5009, 0x5009, 
  0x5009, 0x5009, 0x4828, 0x4829, 0x5029, 0x5029, 0x5029, 0x4829, 0x888e, 0x888e, 0x908e, 0x908e, 
  0x908e, 0x888e, 0x908e, 0x888e, 0x888e, 0x908e, 0x908e, 0x908e, 0x908e, 0x906e, 0x908e, 0x906e, 
  0x906e, 0x908e, 0x708b, 0x1802, 0x0000, 0x0000, 0x0000, 0x0000, 0x0000, 0x0000, 0x0000, 0x0000, 
  0x0000, 0x0000, 0x0000, 0x0000, 0x0000, 0x0820, 0x1061, 0x0020, 0x0000, 0x0000, 0x0000, 0x0000, 
  0x0000, 0x0000, 0x0000, 0x0000, 0x1081, 0x8c50, 0x5aab, 0x0020, 0x0000, 0x0000, 0x0000, 0x0000, 
  0x0000, 0x0000, 0x0000, 0x0000, 0x0000, 0x0000, 0x0000, 0x0000, 0x0000, 0x0000, 0x0800, 0x0801, 
  0x3886, 0x3085, 0x0800, 0x0000, 0x0000, 0x0000, 0x0000, 0x0000, 0x0000, 0x0000, 0x0000, 0x0000, 
  0x0000, 0x0000, 0x0000, 0x0000, 0x0000, 0x0000, 0x0000, 0x0000, 0x0000, 0x0000, 0x0000, 0x0000, 
  0x0000, 0x0000, 0x0000, 0x0000, 0x0000, 0x0000, 0x0000, 0x0000, 0x0000, 0x0000, 0x0000, 0x0000, 
  0x0000, 0x0000, 0x0000, 0x0000, 0x0000, 0x0000, 0x0000, 0x0000, 0x0000, 0x0000, 0x0000, 0x0000, 
  0x0000, 0x0000, 0x0000, 0x0000, 0x0000, 0x0000, 0x0000, 0x0000, 0x0000, 0x0000, 0x0000, 0x0000, 
  0x0000, 0x0000, 0x630c, 0xffdf, 0xffde, 0xffde, 0xffdf, 0xffdf, 0xffdf, 0xffdf, 0xffdf, 0xffdf, 
  0xffdf, 0xffdf, 0xffdf, 0xffdf, 0xffdf, 0xffdf, 0xffdf, 0xffdf, 0xffdf, 0xffdf, 0xffdf, 0xffdf, 
  0xffdf, 0xffdf, 0xffdf, 0xffdf, 0xffdf, 0xffdf, 0xffdf, 0xffdf, 0xffdf, 0xffdf, 0xffdf, 0xffdf, 
  0xffdf, 0xffdf, 0xffdf, 0xffdf, 0xffdf, 0xffdf, 0xffdf, 0xffdf, 0xffdf, 0xffdf, 0xffdf, 0xffdf, 
  0xffdf, 0xffdf, 0xffdf, 0xffdf, 0xffdf, 0xffdf, 0xffdf, 0xffdf, 0xf7df, 0xffdf, 0xffdf, 0xffdf, 
  0xffdf, 0xffdf, 0xffdf, 0xffdf, 0xffdf, 0xffdf, 0xffdf, 0xffdf, 0xffdf, 0xffdf, 0xffdf, 0xffdf, 
  0xffdf, 0xffdf, 0xffdf, 0xffdf, 0xffdf, 0xffdf, 0xffdf, 0xffdf, 0xffdf, 0xffdf, 0xffdf, 0xffdf, 
  0xffdf, 0xffdf, 0xffdf, 0xffdf, 0xffdf, 0xffdf, 0xffdf, 0xffdf, 0xffdf, 0xffdf, 0xffdf, 0xffdf, 
  0xffdf, 0xffdf, 0xbdf7, 0x0000, 0x0000, 0x0000, 0x0000, 0x0000, 0x0000, 0x0000, 0x0000, 0x0000, 
  0x0000, 0x0000, 0x0000, 0x0000, 0x0000, 0x0000, 0x0000, 0x0000, 0x0000, 0x0000, 0x0000, 0x0000, 
  0x0000, 0x0000, 0x0000, 0x0000, 0x0000, 0x0000, 0x0000, 0x0000, 0x0000, 0x0000, 0x0000, 0x0000, 
  0x0000, 0x0000, 0x0000, 0x2844, 0x5069, 0x5029, 0x5029, 0x5028, 0x5028, 0x5028, 0x5028, 0x5028, 
  0x5029, 0x5048, 0x2844, 0x0800, 0x0000, 0x0000, 0x0000, 0x0000, 0x0000, 0x2044, 0x4868, 0x5009, 
  0x5029, 0x5029, 0x5029, 0x5029, 0x5029, 0x5029, 0x5029, 0x5029, 0x5029, 0x5029, 0x5029, 0x5029, 
  0x4829, 0x4829, 0x4829, 0x4829, 0x4828, 0x4828, 0x4828, 0x5008, 0x5029, 0x4829, 0x4809, 0x4829, 
  0x4829, 0x4829, 0x5009, 0x5029, 0x5029, 0x5009, 0x5009, 0x4809, 0x4809, 0x4809, 0x4809, 0x5009, 
  0x4829, 0x5029, 0x4829, 0x4829, 0x888e, 0x908e, 0x888e, 0x888e, 0x888e, 0x888e, 0x908e, 0x888e, 
  0x908e, 0x908e, 0x908e, 0x908e, 0x908e, 0x906e, 0x906e, 0x906e, 0x908e, 0x6089, 0x1001, 0x0000, 
  0x0000, 0x0000, 0x0000, 0x0000, 0x0000, 0x0000, 0x0000, 0x0000, 0x0000, 0x0000, 0x0000, 0x0000, 
  0x1862, 0x20a3, 0x0000, 0x0000, 0x0000, 0x0000, 0x0000, 0x0000, 0x0000, 0x0000, 0x0000, 0x2104, 
  0x94b2, 0x31a6, 0x0000, 0x0000, 0x0000, 0x0000, 0x0000, 0x0000, 0x0000, 0x0000, 0x0000, 0x0000, 
  0x0000, 0x0000, 0x0000, 0x0000, 0x0000, 0x0000, 0x1822, 0x40c7, 0x2864, 0x0000, 0x0000, 0x0000, 
  0x0000, 0x0000, 0x0000, 0x0000, 0x0000, 0x0000, 0x0000, 0x0000, 0x0000, 0x0000, 0x0000, 0x0000, 
  0x0000, 0x0000, 0x0000, 0x0000, 0x0000, 0x0000, 0x0000, 0x0000, 0x0000, 0x0000, 0x0000, 0x0000, 
  0x0000, 0x0000, 0x0000, 0x0000, 0x0000, 0x0000, 0x0000, 0x0000, 0x0000, 0x0000, 0x0000, 0x0000, 
  0x0000, 0x0000, 0x0000, 0x0000, 0x0000, 0x0000, 0x0000, 0x0000, 0x0000, 0x0000, 0x0000, 0x0000, 
  0x0000, 0x0000, 0x0000, 0x0000, 0x0000, 0x0000, 0x0000, 0x0000, 0x0000, 0x52aa, 0xffbe, 0xffdf, 
  0xffdf, 0xffdf, 0xffdf, 0xffdf, 0xffdf, 0xffdf, 0xffdf, 0xffdf, 0xffdf, 0xffdf, 0xffdf, 0xffdf, 
  0xffdf, 0xffdf, 0xffdf, 0xffdf, 0xffdf, 0xffdf, 0xffdf, 0xffdf, 0xffdf, 0xffdf, 0xffdf, 0xffdf, 
  0xffdf, 0xffdf, 0xffdf, 0xffdf, 0xffdf, 0xffdf, 0xffdf, 0xffdf, 0xffdf, 0xffdf, 0xffdf, 0xffdf, 
  0xffdf, 0xffdf, 0xffdf, 0xffdf, 0xffdf, 0xffdf, 0xffdf, 0xffdf, 0xffdf, 0xffdf, 0xffdf, 0xffdf, 
  0xffdf, 0xffdf, 0xffdf, 0xffdf, 0xffdf, 0xffdf, 0xffdf, 0xffdf, 0xffdf, 0xffdf, 0xffdf, 0xffdf, 
  0xffdf, 0xffdf, 0xffdf, 0xffdf, 0xffdf, 0xffdf, 0xffdf, 0xffdf, 0xffdf, 0xffdf, 0xffdf, 0xffdf, 
  0xffdf, 0xffdf, 0xffdf, 0xffdf, 0xffdf, 0xffdf, 0xffdf, 0xffdf, 0xffdf, 0xffdf, 0xffdf, 0xffdf, 
  0xffdf, 0xffdf, 0xffdf, 0xffdf, 0xffdf, 0xffdf, 0xffdf, 0xffdf, 0xffff, 0xe75d, 0x2965, 0x0000, 
  0x0000, 0x0000, 0x0000, 0x0000, 0x0000, 0x0000, 0x0000, 0x0000, 0x0000, 0x0000, 0x0000, 0x0000, 
  0x0000, 0x0000, 0x0000, 0x0000, 0x0000, 0x0000, 0x0000, 0x0000, 0x0000, 0x0000, 0x0000, 0x0000, 
  0x0000, 0x0000, 0x0000, 0x0000, 0x0000, 0x0000, 0x0000, 0x0000, 0x0000, 0x0821, 0x3866, 0x5049, 
  0x5028, 0x5028, 0x5028, 0x5028, 0x5028, 0x5008, 0x5029, 0x5029, 0x4848, 0x1822, 0x0000, 0x0000, 
  0x0000, 0x0000, 0x0000, 0x0801, 0x3046, 0x5029, 0x5029, 0x5029, 0x5029, 0x5029, 0x5029, 0x5029, 
  0x5029, 0x5029, 0x5029, 0x5029, 0x5029, 0x5029, 0x4829, 0x5029, 0x4829, 0x4829, 0x4829, 0x4808, 
  0x4828, 0x4808, 0x4828, 0x5029, 0x5029, 0x5029, 0x4829, 0x4829, 0x4829, 0x4809, 0x5009, 0x5009, 
  0x5029, 0x4829, 0x4829, 0x4809, 0x4809, 0x4809, 0x4809, 0x4809, 0x4829, 0x4829, 0x4829, 0x3847, 
  0x888e, 0x888e, 0x888e, 0x888e, 0x888e, 0x908e, 0x888e, 0x908e, 0x908e, 0x908e, 0x908e, 0x908e, 
  0x908e, 0x908e, 0x908e, 0x888d, 0x4867, 0x0800, 0x0000, 0x0000, 0x0000, 0x0000, 0x0000, 0x0000, 
  0x0000, 0x0000, 0x0000, 0x0000, 0x0000, 0x0000, 0x0801, 0x30e5, 0x2083, 0x0020, 0x0000, 0x0000, 
  0x0000, 0x0000, 0x0000, 0x0000, 0x0000, 0x0000, 0x4208, 0xa513, 0x18c3, 0x0000, 0x0000, 0x0000, 
  0x0000, 0x0000, 0x0000, 0x0000, 0x0000, 0x0000, 0x0000, 0x0000, 0x0000, 0x0000, 0x0000, 0x0000, 
  0x0800, 0x2043, 0x48e8, 0x1822, 0x0000, 0x0000, 0x0000, 0x0000, 0x0000, 0x0000, 0x0000, 0x0000, 
  0x0000, 0x0000, 0x0000, 0x0000, 0x0000, 0x0000, 0x0000, 0x0000, 0x0000, 0x0000, 0x0000, 0x0000, 
  0x0000, 0x0820, 0x0000, 0x0000, 0x0000, 0x0000, 0x0000, 0x0000, 0x0000, 0x0000, 0x0000, 0x0000, 
  0x0000, 0x0000, 0x0000, 0x0000, 0x0000, 0x0000, 0x0000, 0x0000, 0x0000, 0x0000, 0x0000, 0x0000, 
  0x0000, 0x0000, 0x0000, 0x0000, 0x0000, 0x0000, 0x0000, 0x0000, 0x0000, 0x0000, 0x0000, 0x0000, 
  0x0000, 0x0000, 0x0000, 0x0000, 0x4a69, 0xef7d, 0xffde, 0xffdf, 0xffdf, 0xffdf, 0xffdf, 0xffdf, 
  0xffdf, 0xffdf, 0xffdf, 0xffdf, 0xffdf, 0xffdf, 0xffdf, 0xffdf, 0xffdf, 0xffdf, 0xffdf, 0xffdf, 
  0xf7df, 0x94b2, 0x83f0, 0xf7be, 0xffdf, 0xffdf, 0xffdf, 0xffdf, 0xffdf, 0xffdf, 0xffdf, 0xffdf, 
  0xffdf, 0xffdf, 0xffdf, 0xffdf, 0xffdf, 0xffdf, 0xffdf, 0xffdf, 0xffdf, 0xffdf, 0xffdf, 0xffdf, 
  0xffdf, 0xffdf, 0xffdf, 0xffdf, 0xffdf, 0xffdf, 0xffdf, 0xffdf, 0xffdf, 0xffdf, 0xffdf, 0xffdf, 
  0xffdf, 0xffdf, 0xffdf, 0xffdf, 0xffdf, 0xffdf, 0xffdf, 0xffdf, 0xffdf, 0xffdf, 0xffdf, 0xffdf, 
  0xffdf, 0xffdf, 0xffdf, 0xffdf, 0xffdf, 0xffdf, 0xffdf, 0xffdf, 0xffdf, 0xffdf, 0xffdf, 0xffdf, 
  0xffdf, 0xffdf, 0xffdf, 0xffdf, 0xffdf, 0xffdf, 0xffdf, 0xffdf, 0xffdf, 0xffdf, 0xffdf, 0xffdf, 
  0xffdf, 0xffdf, 0xffff, 0xffdf, 0xffdf, 0x73ae, 0x0000, 0x0000, 0x0000, 0x0000, 0x0000, 0x0000, 
  0x0000, 0x0000, 0x0000, 0x0000, 0x0000, 0x0000, 0x0000, 0x0000, 0x0000, 0x0000, 0x0000, 0x0000, 
  0x0000, 0x0000, 0x0000, 0x0000, 0x0000, 0x0000, 0x0000, 0x0000, 0x0000, 0x0000, 0x0000, 0x0000, 
  0x0000, 0x0000, 0x0000, 0x0000, 0x1022, 0x4867, 0x5028, 0x5028, 0x5028, 0x5028, 0x5028, 0x5028, 
  0x5028, 0x5028, 0x5048, 0x3866, 0x0801, 0x0000, 0x0000, 0x0000, 0x0000, 0x0000, 0x1823, 0x4068, 
  0x5029, 0x5029, 0x5029, 0x5029, 0x5009, 0x5029, 0x5029, 0x5029, 0x5029, 0x5029, 0x5029, 0x5029, 
  0x5029, 0x5029, 0x4828, 0x4828, 0x4829, 0x4829, 0x4808, 0x4808, 0x4828, 0x4828, 0x4828, 0x5009, 
  0x4829, 0x4828, 0x4828, 0x4829, 0x4829, 0x4829, 0x4809, 0x4829, 0x4829, 0x4829, 0x4809, 0x4808, 
  0x4808, 0x4808, 0x4809, 0x4809, 0x4829, 0x4829, 0x4028, 0x3026, 0x908e, 0x908e, 0x888e, 0x888e, 
  0x888e, 0x908e, 0x908e, 0x908e, 0x908e, 0x908e, 0x908f, 0x908e, 0x986e, 0x908f, 0x88ae, 0x4066, 
  0x0800, 0x0000, 0x0000, 0x0000, 0x0000, 0x0000, 0x0000, 0x0000, 0x0000, 0x0000, 0x0000, 0x0000, 
  0x0000, 0x1022, 0x4127, 0x1862, 0x0000, 0x0000, 0x0000, 0x0000, 0x0000, 0x0000, 0x0000, 0x0000, 
  0x0000, 0x5289, 0x8c50, 0x0861, 0x0000, 0x0000, 0x0000, 0x0000, 0x0000, 0x0000, 0x0000, 0x0000, 
  0x0000, 0x0000, 0x0000, 0x0000, 0x0000, 0x0000, 0x0000, 0x0800, 0x3886, 0x40e7, 0x1001, 0x0000, 
  0x0000, 0x0000, 0x0000, 0x0000, 0x0000, 0x0000, 0x0000, 0x0000, 0x0000, 0x0000, 0x0000, 0x0000, 
  0x0000, 0x0000, 0x0000, 0x0000, 0x0000, 0x0000, 0x0000, 0x0821, 0x1062, 0x0000, 0x0000, 0x0000, 
  0x0000, 0x0000, 0x0000, 0x0000, 0x0000, 0x0000, 0x0000, 0x0000, 0x0000, 0x0000, 0x0000, 0x0000, 
  0x0000, 0x0000, 0x0000, 0x0000, 0x0000, 0x0000, 0x0000, 0x0000, 0x0000, 0x0000, 0x0000, 0x0000, 
  0x0000, 0x0000, 0x0000, 0x0000, 0x0000, 0x0000, 0x0000, 0x0000, 0x0000, 0x0000, 0x0000, 0x4208, 
  0xe73c, 0xffde, 0xffde, 0xffdf, 0xffdf, 0xffdf, 0xffdf, 0xffdf, 0xffdf, 0xffdf, 0xffdf, 0xffdf, 
  0xffdf, 0xffdf, 0xffdf, 0xffdf, 0xffdf, 0xffdf, 0xffdf, 0xffdf, 0xc639, 0x10a2, 0x0020, 0x3186, 
  0xdedb, 0xffdf, 0xffdf, 0xffdf, 0xffdf, 0xffdf, 0xffdf, 0xffdf, 0xffdf, 0xffdf, 0xffdf, 0xffdf, 
  0xffdf, 0xffdf, 0xffdf, 0xffdf, 0xffdf, 0xffdf, 0xffdf, 0xffdf, 0xffdf, 0xffdf, 0xffdf, 0xffdf, 
  0xffdf, 0xffdf, 0xffdf, 0xffdf, 0xffdf, 0xffdf, 0xffdf, 0xffdf, 0xffdf, 0xffdf, 0xffdf, 0xffdf, 
  0xffdf, 0xffdf, 0xffdf, 0xffdf, 0xffdf, 0xffdf, 0xffdf, 0xffdf, 0xffdf, 0xffdf, 0xffdf, 0xffdf, 
  0xffdf, 0xffdf, 0xffdf, 0xffdf, 0xffdf, 0xffdf, 0xffdf, 0xffdf, 0xffdf, 0xffdf, 0xffdf, 0xffdf, 
  0xffdf, 0xffdf, 0xffdf, 0xffdf, 0xffdf, 0xffdf, 0xffdf, 0xffdf, 0xffdf, 0xffff, 0xffdf, 0xffff, 
  0x9cf3, 0x0020, 0x0000, 0x0000, 0x0000, 0x0000, 0x0000, 0x0000, 0x0000, 0x0000, 0x0000, 0x0000, 
  0x0000, 0x0000, 0x0000, 0x0000, 0x0000, 0x0000, 0x0000, 0x0000, 0x0000, 0x0000, 0x0000, 0x0000, 
  0x0000, 0x0000, 0x0000, 0x0000, 0x0000, 0x0000, 0x0000, 0x0000, 0x0000, 0x0000, 0x0000, 0x2043, 
  0x4867, 0x4828, 0x5028, 0x4828, 0x5008, 0x5008, 0x5028, 0x5028, 0x5029, 0x4868, 0x2844, 0x0800, 
  0x0000, 0x0000, 0x0000, 0x0000, 0x0000, 0x2844, 0x4869, 0x5029, 0x5029, 0x5029, 0x5029, 0x5029, 
  0x5029, 0x5029, 0x5029, 0x5029, 0x5029, 0x5029, 0x5029, 0x4829, 0x5009, 0x5029, 0x4828, 0x4828, 
  0x4828, 0x4828, 0x4829, 0x4829, 0x4828, 0x4828, 0x4828, 0x4828, 0x4829, 0x4829, 0x4829, 0x4829, 
  0x4829, 0x4829, 0x4809, 0x4828, 0x4828, 0x4828, 0x4828, 0x4808, 0x4808, 0x4808, 0x4808, 0x4829, 
  0x4809, 0x4829, 0x4829, 0x4829, 0x908e, 0x908e, 0x888e, 0x888e, 0x888e, 0x908e, 0x908e, 0x908e, 
  0x908e, 0x908e, 0x908f, 0x908e, 0x986f, 0x88ce, 0x3045, 0x0800, 0x0000, 0x0000, 0x0000, 0x0000, 
  0x0000, 0x0000, 0x0000, 0x0000, 0x0000, 0x0000, 0x0000, 0x0801, 0x30a5, 0x4948, 0x1001, 0x0000, 
  0x0000, 0x0000, 0x0000, 0x0000, 0x0000, 0x0000, 0x0000, 0x0000, 0x73ad, 0x73ae, 0x0000, 0x0000, 
  0x0000, 0x0000, 0x0000, 0x0000, 0x0000, 0x0000, 0x0000, 0x0000, 0x0000, 0x0000, 0x0000, 0x0000, 
  0x0000, 0x0000, 0x1001, 0x40c7, 0x38a6, 0x0801, 0x0020, 0x0000, 0x0000, 0x0000, 0x0000, 0x0000, 
  0x0000, 0x0000, 0x0000, 0x0000, 0x0000, 0x0000, 0x0000, 0x0000, 0x0000, 0x0000, 0x0000, 0x0000, 
  0x0000, 0x0000, 0x1862, 0x1842, 0x0000, 0x0000, 0x0000, 0x0000, 0x0000, 0x0000, 0x0000, 0x0000, 
  0x0000, 0x0000, 0x0000, 0x0000, 0x0000, 0x0000, 0x0000, 0x0000, 0x0000, 0x0000, 0x0000, 0x0000, 
  0x0000, 0x0000, 0x0000, 0x0000, 0x0000, 0x0000, 0x0000, 0x0000, 0x0000, 0x0000, 0x0000, 0x0000, 
  0x0000, 0x0000, 0x0000, 0x0000, 0x0000, 0x0000, 0x39e7, 0xf79e, 0xffde, 0xffdf, 0xffdf, 0xffdf, 
  0xffdf, 0xffdf, 0xffdf, 0xffdf, 0xffdf, 0xffdf, 0xffdf, 0xffdf, 0xffdf, 0xffdf, 0xffdf, 0xffdf, 
  0xffdf, 0xffdf, 0xffdf, 0xdefb, 0x2945, 0x0020, 0x0000, 0x0000, 0x10a2, 0x7bef, 0xf7be, 0xffdf, 
  0xffdf, 0xffdf, 0xffdf, 0xffdf, 0xffdf, 0xffdf, 0xffdf, 0xffdf, 0xffdf, 0xffdf, 0xffdf, 0xffdf, 
  0xffdf, 0xffdf, 0xffdf, 0xffdf, 0xffdf, 0xffdf, 0xffdf, 0xffdf, 0xffdf, 0xffdf, 0xffdf, 0xffdf, 
  0xffdf, 0xffdf, 0xffdf, 0xffdf, 0xffdf, 0xffdf, 0xffdf, 0xffdf, 0xffdf, 0xffdf, 0xffdf, 0xffdf, 
  0xffdf, 0xffdf, 0xffdf, 0xffdf, 0xffdf, 0xffdf, 0xffdf, 0xffdf, 0xffdf, 0xffdf, 0xffdf, 0xffdf, 
  0xffdf, 0xffdf, 0xffdf, 0xffdf, 0xffdf, 0xffdf, 0xffdf, 0xffdf, 0xffdf, 0xffdf, 0xffdf, 0xffdf, 
  0xffdf, 0xffdf, 0xffdf, 0xffdf, 0xffdf, 0xffdf, 0xffdf, 0xc639, 0x0841, 0x0000, 0x0000, 0x0000, 
  0x0000, 0x0000, 0x0000, 0x0000, 0x0000, 0x0000, 0x0000, 0x0000, 0x0000, 0x0000, 0x0000, 0x0000, 
  0x0000, 0x0000, 0x0000, 0x0000, 0x0000, 0x0000, 0x0000, 0x0000, 0x0000, 0x0000, 0x0000, 0x0000, 
  0x0000, 0x0000, 0x0000, 0x0000, 0x0000, 0x0800, 0x2845, 0x4848, 0x4827, 0x4828, 0x4828, 0x4828, 
  0x5028, 0x5028, 0x5028, 0x5028, 0x4047, 0x1822, 0x0000, 0x0000, 0x0000, 0x0000, 0x0000, 0x0800, 
  0x3046, 0x5049, 0x5029, 0x5029, 0x5029, 0x5029, 0x5029, 0x5029, 0x5029, 0x5029, 0x5029, 0x5029, 
  0x5029, 0x5029, 0x5029, 0x4829, 0x5029, 0x5029, 0x5028, 0x4828, 0x4828, 0x4828, 0x4828, 0x4828, 
  0x4828, 0x4828, 0x4828, 0x4828, 0x4829, 0x4829, 0x4829, 0x4829, 0x4829, 0x4828, 0x4828, 0x4828, 
  0x4828, 0x4828, 0x4828, 0x4828, 0x4828, 0x4828, 0x4808, 0x4809, 0x4828, 0x4828, 0x4829, 0x4829, 
  0x90ae, 0x90ae, 0x908e, 0x908e, 0x908e, 0x908e, 0x908e, 0x908e, 0x908f, 0x908f, 0x988f, 0x908f, 
  0x80cd, 0x2023, 0x0000, 0x0000, 0x0000, 0x0000, 0x0000, 0x0000, 0x0000, 0x0000, 0x0000, 0x0000, 
  0x0000, 0x0000, 0x1822, 0x5129, 0x40e6, 0x0800, 0x0000, 0x0000, 0x0000, 0x0000, 0x0000, 0x0000, 
  0x0000, 0x0000, 0x10a2, 0x8430, 0x31a6, 0x0020, 0x0000, 0x0000, 0x0000, 0x0000, 0x0000, 0x0000, 
  0x0000, 0x0000, 0x0000, 0x0000, 0x0000, 0x0000, 0x0000, 0x0000, 0x0000, 0x1822, 0x48c8, 0x2864, 
  0x0000, 0x0000, 0x0000, 0x0000, 0x0000, 0x0000, 0x0000, 0x0000, 0x0000, 0x0000, 0x0000, 0x0000, 
  0x0000, 0x0000, 0x0000, 0x0000, 0x0000, 0x0000, 0x0000, 0x0000, 0x1021, 0x2064, 0x1022, 0x0000, 
  0x0000, 0x0000, 0x0000, 0x0000, 0x0000, 0x0000, 0x0000, 0x0000, 0x0000, 0x0000, 0x0000, 0x0000, 
  0x0000, 0x0000, 0x0000, 0x0000, 0x0000, 0x0000, 0x0000, 0x0000, 0x0000, 0x0000, 0x0000, 0x0000, 
  0x0000, 0x0000, 0x0000, 0x0000, 0x0000, 0x0000, 0x0000, 0x0000, 0x0000, 0x0000, 0x0000, 0x0000, 
  0x0000, 0x3186, 0xef5d, 0xffdf, 0xffdf, 0xffdf, 0xffdf, 0xffdf, 0xffdf, 0xffdf, 0xffdf, 0xffdf, 
  0xffdf, 0xffdf, 0xffdf, 0xffdf, 0xffdf, 0xffdf, 0xffdf, 0xffdf, 0xffdf, 0xffdf, 0xe71c, 0x2124, 
  0x0000, 0x0000, 0x0000, 0x0000, 0x0000, 0x0020, 0x2965, 0xad75, 0xffdf, 0xffdf, 0xffdf, 0xffdf, 
  0xffdf, 0xffdf, 0xffdf, 0xffdf, 0xffdf, 0xffdf, 0xffdf, 0xffdf, 0xffdf, 0xffdf, 0xffdf, 0xffdf, 
  0xffdf, 0xffdf, 0xffdf, 0xffdf, 0xffdf, 0xffdf, 0xffdf, 0xffdf, 0xffdf, 0xffdf, 0xffdf, 0xffdf, 
  0xffdf, 0xffdf, 0xffdf, 0xffdf, 0xffdf, 0xffdf, 0xffdf, 0xffdf, 0xffdf, 0xffdf, 0xffdf, 0xffdf, 
  0xffdf, 0xffdf, 0xffdf, 0xffdf, 0xffdf, 0xffdf, 0xffdf, 0xffdf, 0xffdf, 0xffdf, 0xffdf, 0xffdf, 
  0xffdf, 0xffdf, 0xffdf, 0xffdf, 0xffdf, 0xffdf, 0xffdf, 0xffdf, 0xffdf, 0xffdf, 0xffdf, 0xffdf, 
  0xffdf, 0xffdf, 0xd69a, 0x10a2, 0x0000, 0x0000, 0x0000, 0x0000, 0x0000, 0x0000, 0x0000, 0x0000, 
  0x0000, 0x0000, 0x0000, 0x0000, 0x0000, 0x0000, 0x0000, 0x0000, 0x0000, 0x0000, 0x0000, 0x0000, 
  0x0000, 0x0000, 0x0000, 0x0000, 0x0000, 0x0000, 0x0000, 0x0000, 0x0000, 0x0000, 0x0000, 0x0000, 
  0x1021, 0x3866, 0x4828, 0x4828, 0x4828, 0x4828, 0x4828, 0x4828, 0x4828, 0x4828, 0x4828, 0x3045, 
  0x0801, 0x0000, 0x0000, 0x0000, 0x0000, 0x0000, 0x1822, 0x4067, 0x5029, 0x5029, 0x5029, 0x5029, 
  0x5029, 0x5029, 0x5029, 0x5029, 0x5029, 0x5029, 0x5029, 0x5029, 0x5029, 0x5029, 0x5029, 0x4829, 
  0x5029, 0x5029, 0x4829, 0x4828, 0x4828, 0x4828, 0x4828, 0x4828, 0x4828, 0x4828, 0x4828, 0x4828, 
  0x4828, 0x4829, 0x4829, 0x4829, 0x4828, 0x4828, 0x4828, 0x4828, 0x4828, 0x4828, 0x4828, 0x4828, 
  0x4828, 0x4828, 0x4808, 0x4828, 0x4828, 0x4809, 0x4028, 0x2845, 0x908e, 0x908e, 0x908e, 0x908e, 
  0x908e, 0x908e, 0x908e, 0x908f, 0x988f, 0x988f, 0x988f, 0x80cd, 0x2023, 0x0000, 0x0000, 0x0000, 
  0x0000, 0x0000, 0x0000, 0x0000, 0x0000, 0x0000, 0x0000, 0x0000, 0x0800, 0x3044, 0x698b, 0x2864, 
  0x0800, 0x0000, 0x0000, 0x0000, 0x0000, 0x0000, 0x0000, 0x0000, 0x0000, 0x2924, 0x9cd2, 0x2104, 
  0x0000, 0x0000, 0x0000, 0x0000, 0x0000, 0x0000, 0x0000, 0x0000, 0x0000, 0x0000, 0x0000, 0x0000, 
  0x0000, 0x0000, 0x0000, 0x0000, 0x2023, 0x48e8, 0x2043, 0x0000, 0x0000, 0x0000, 0x0000, 0x0000, 
  0x0000, 0x0000, 0x0000, 0x0000, 0x0000, 0x0000, 0x0000, 0x0000, 0x0000, 0x0000, 0x0000, 0x0000, 
  0x0000, 0x0000, 0x0800, 0x1823, 0x2064, 0x0821, 0x0000, 0x0000, 0x0000, 0x0000, 0x0000, 0x0000, 
  0x0000, 0x0000, 0x0000, 0x0000, 0x0000, 0x0000, 0x0000, 0x0000, 0x0000, 0x0000, 0x0000, 0x0000, 
  0x0000, 0x0000, 0x0000, 0x0000, 0x0000, 0x0000, 0x0000, 0x0000, 0x0000, 0x0000, 0x0000, 0x0000, 
  0x0000, 0x0000, 0x0000, 0x0000, 0x0000, 0x0000, 0x0000, 0x0000, 0x3186, 0xdefb, 0xffdf, 0xffdf, 
  0xffdf, 0xffdf, 0xffdf, 0xffdf, 0xffdf, 0xffdf, 0xffdf, 0xffdf, 0xffdf, 0xffdf, 0xffdf, 0xffdf, 
  0xffdf, 0xffdf, 0xffdf, 0xffdf, 0xffdf, 0xf7bf, 0x39c7, 0x0000, 0x0000, 0x0000, 0x0000, 0x0000, 
  0x0000, 0x0000, 0x0000, 0x0020, 0x5aeb, 0xdedb, 0xffdf, 0xffdf, 0xffdf, 0xffdf, 0xffdf, 0xffdf, 
  0xffdf, 0xffdf, 0xffdf, 0xffdf, 0xffdf, 0xffdf, 0xffdf, 0xffdf, 0xffdf, 0xffdf, 0xffdf, 0xffdf, 
  0xffdf, 0xffdf, 0xffdf, 0xffdf, 0xffdf, 0xffdf, 0xffdf, 0xffdf, 0xffdf, 0xffdf, 0xffdf, 0xffdf, 
  0xffdf, 0xffdf, 0xffdf, 0xffdf, 0xffdf, 0xffdf, 0xffdf, 0xffdf, 0xffdf, 0xffdf, 0xffdf, 0xffdf, 
  0xffdf, 0xffdf, 0xffdf, 0xffdf, 0xffdf, 0xffdf, 0xffdf, 0xffdf, 0xffdf, 0xffdf, 0xffdf, 0xffdf, 
  0xffdf, 0xffff, 0xffdf, 0xffdf, 0xffdf, 0xffdf, 0xffdf, 0xffdf, 0xffdf, 0xd6ba, 0x1904, 0x0000, 
  0x0000, 0x0000, 0x0000, 0x0000, 0x0000, 0x0000, 0x0000, 0x0000, 0x0000, 0x0000, 0x0000, 0x0000, 
  0x0000, 0x0000, 0x0000, 0x0000, 0x0000, 0x0000, 0x0000, 0x0000, 0x0000, 0x0000, 0x0000, 0x0000, 
  0x0000, 0x0000, 0x0000, 0x0000, 0x0000, 0x0000, 0x0000, 0x1822, 0x4067, 0x4828, 0x4828, 0x4828, 
  0x4828, 0x4828, 0x4828, 0x4828, 0x4828, 0x4868, 0x2023, 0x0000, 0x0000, 0x0000, 0x0000, 0x0000, 
  0x0000, 0x2844, 0x4848, 0x5029, 0x5029, 0x5029, 0x5029, 0x5029, 0x5029, 0x5029, 0x5029, 0x5029, 
  0x5029, 0x5029, 0x5029, 0x5029, 0x4829, 0x5029, 0x5029, 0x4829, 0x5029, 0x4829, 0x5029, 0x5028, 
  0x4828, 0x4828, 0x4828, 0x4808, 0x4828, 0x4828, 0x4828, 0x4828, 0x4828, 0x4828, 0x4828, 0x4828, 
  0x4828, 0x4828, 0x4828, 0x4828, 0x4828, 0x4828, 0x4828, 0x4828, 0x4828, 0x4828, 0x4828, 0x4828, 
  0x4828, 0x4047, 0x2023, 0x0000, 0x888e, 0x908e, 0x908e, 0x908e, 0x908e, 0x908e, 0x908e, 0x988f, 
  0x988e, 0x988f, 0x78cc, 0x2022, 0x0800, 0x0000, 0x0000, 0x0000, 0x0000, 0x0000, 0x0000, 0x0000, 
  0x0000, 0x0000, 0x0800, 0x1802, 0x60e9, 0x610a, 0x1021, 0x0000, 0x0000, 0x0000, 0x0000, 0x0000, 
  0x0000, 0x0000, 0x0000, 0x0000, 0x39e7, 0x8c50, 0x1082, 0x0000, 0x0000, 0x0000, 0x0000, 0x0000, 
  0x0000, 0x0000, 0x0000, 0x0000, 0x0000, 0x0000, 0x0000, 0x0000, 0x0000, 0x0000, 0x0800, 0x3065, 
  0x40c7, 0x1001, 0x0000, 0x0000, 0x0000, 0x0000, 0x0000, 0x0000, 0x0000, 0x0000, 0x0000, 0x0000, 
  0x0000, 0x0000, 0x0000, 0x0000, 0x0000, 0x0000, 0x0000, 0x0000, 0x0000, 0x1022, 0x2044, 0x2044, 
  0x0800, 0x0000, 0x0000, 0x0000, 0x0000, 0x0000, 0x0000, 0x0000, 0x0000, 0x0000, 0x0000, 0x0000, 
  0x0000, 0x0000, 0x0000, 0x0000, 0x0000, 0x0000, 0x0000, 0x0000, 0x0000, 0x0000, 0x0000, 0x0000, 
  0x0000, 0x0000, 0x0000, 0x0000, 0x0000, 0x0000, 0x0000, 0x0000, 0x0000, 0x0000, 0x0000, 0x0000, 
  0x0000, 0x0000, 0x0000, 0x31a6, 0xe73c, 0xffde, 0xffdf, 0xffdf, 0xffdf, 0xffdf, 0xffdf, 0xffdf, 
  0xffdf, 0xffdf, 0xffdf, 0xffdf, 0xffdf, 0xffdf, 0xffdf, 0xffdf, 0xffff, 0xffff, 0xffff, 0xffdf, 
  0xf7df, 0x630c, 0x0000, 0x0000, 0x0000, 0x0000, 0x0000, 0x0000, 0x0000, 0x0000, 0x0000, 0x0000, 
  0x0000, 0x0861, 0x7bef, 0xe73c, 0xffdf, 0xffdf, 0xffdf, 0xffdf, 0xffdf, 0xffdf, 0xffdf, 0xffdf, 
  0xffdf, 0xffdf, 0xffdf, 0xffdf, 0xffdf, 0xffdf, 0xffdf, 0xffdf, 0xffdf, 0xffdf, 0xffdf, 0xffdf, 
  0xffdf, 0xffdf, 0xffdf, 0xffdf, 0xffdf, 0xffdf, 0xffdf, 0xffdf, 0xffdf, 0xffdf, 0xffdf, 0xffdf, 
  0xffdf, 0xffdf, 0xffdf, 0xffdf, 0xffdf, 0xffdf, 0xffdf, 0xffdf, 0xffdf, 0xffdf, 0xffdf, 0xffdf, 
  0xffdf, 0xffdf, 0xffdf, 0xffdf, 0xffdf, 0xffdf, 0xffdf, 0xffdf, 0xffff, 0xffff, 0xffff, 0xffff, 
  0xffdf, 0xffdf, 0xffdf, 0xffdf, 0xc659, 0x18c3, 0x0000, 0x0000, 0x0000, 0x0000, 0x0000, 0x0000, 
  0x0000, 0x0000, 0x0000, 0x0000, 0x0000, 0x0000, 0x0000, 0x0000, 0x0000, 0x0000, 0x0000, 0x0000, 
  0x0000, 0x0000, 0x0000, 0x0000, 0x0000, 0x0000, 0x0000, 0x0000, 0x0000, 0x0000, 0x0000, 0x0000, 
  0x0000, 0x0000, 0x2044, 0x4068, 0x4828, 0x4828, 0x4828, 0x4828, 0x4828, 0x4828, 0x4828, 0x5029, 
  0x3847, 0x1002, 0x0000, 0x0000, 0x0000, 0x0000, 0x0000, 0x0801, 0x3046, 0x5029, 0x5029, 0x5029, 
  0x5029, 0x5029, 0x5029, 0x5029, 0x5029, 0x5029, 0x5029, 0x5029, 0x5029, 0x5029, 0x5029, 0x5029, 
  0x4829, 0x4828, 0x4828, 0x4829, 0x5028, 0x5029, 0x4828, 0x4828, 0x4828, 0x4828, 0x4828, 0x4828, 
  0x4828, 0x4828, 0x4828, 0x4828, 0x4828, 0x4828, 0x4828, 0x4828, 0x4828, 0x4828, 0x4828, 0x4828, 
  0x4828, 0x4808, 0x4828, 0x4828, 0x4828, 0x4028, 0x4028, 0x4828, 0x3846, 0x1002, 0x0000, 0x0000, 
  0x908e, 0x908e, 0x908e, 0x908e, 0x908f, 0x908f, 0x988f, 0x988f, 0x988f, 0x70cb, 0x1801, 0x0000, 
  0x0000, 0x0000, 0x0000, 0x0000, 0x0000, 0x0000, 0x0000, 0x0000, 0x0000, 0x0800, 0x4065, 0x896d, 
  0x48a7, 0x0800, 0x0000, 0x0000, 0x0000, 0x0000, 0x0000, 0x0000, 0x0000, 0x0000, 0x0000, 0x6b6d, 
  0x7bef, 0x0000, 0x0000, 0x0000, 0x0000, 0x0000, 0x0000, 0x0000, 0x0000, 0x0000, 0x0000, 0x0000, 
  0x0000, 0x0000, 0x0000, 0x0000, 0x0000, 0x0801, 0x4087, 0x3886, 0x0800, 0x0000, 0x0000, 0x0000, 
  0x0000, 0x0000, 0x0000, 0x0000, 0x0000, 0x0000, 0x0000, 0x0000, 0x0000, 0x0000, 0x0000, 0x0000, 
  0x0000, 0x0000, 0x0000, 0x0801, 0x2044, 0x3045, 0x2024, 0x0000, 0x0000, 0x0000, 0x0000, 0x0000, 
  0x0000, 0x0000, 0x0000, 0x0000, 0x0000, 0x0000, 0x0000, 0x0000, 0x0000, 0x0000, 0x0000, 0x0000, 
  0x0000, 0x0000, 0x0000, 0x0000, 0x0000, 0x0000, 0x0000, 0x0000, 0x0000, 0x0000, 0x0000, 0x0000, 
  0x0000, 0x0000, 0x0000, 0x0000, 0x0000, 0x0000, 0x0000, 0x0000, 0x0000, 0x0000, 0x41e7, 0xef5d, 
  0xffdf, 0xffdf, 0xffdf, 0xffdf, 0xffdf, 0xffdf, 0xffdf, 0xffdf, 0xffdf, 0xffdf, 0xffdf, 0xffdf, 
  0xffdf, 0xffdf, 0xffdf, 0xffff, 0xffff, 0xffff, 0xffdf, 0xffdf, 0x6b6e, 0x0020, 0x0000, 0x0000, 
  0x0000, 0x0000, 0x0000, 0x0000, 0x0000, 0x0000, 0x0000, 0x0000, 0x0000, 0x0000, 0x0000, 0x10a2, 
  0x738e, 0xef5d, 0xffdf, 0xffdf, 0xffdf, 0xffdf, 0xffdf, 0xffdf, 0xffdf, 0xffdf, 0xffdf, 0xffdf, 
  0xffdf, 0xffdf, 0xffdf, 0xffdf, 0xffdf, 0xffdf, 0xffdf, 0xffdf, 0xffdf, 0xffdf, 0xffdf, 0xffdf, 
  0xffdf, 0xffdf, 0xffdf, 0xffdf, 0xffdf, 0xffdf, 0xffdf, 0xffdf, 0xffdf, 0xffdf, 0xffdf, 0xffdf, 
  0xffdf, 0xffdf, 0xffdf, 0xffdf, 0xffdf, 0xffdf, 0xffdf, 0xffdf, 0xffdf, 0xffdf, 0xffdf, 0xffdf, 
  0xffdf, 0xffdf, 0xffff, 0xffff, 0xffff, 0xffff, 0xffff, 0xffff, 0xffff, 0xffdf, 0xffdf, 0xa514, 
  0x0841, 0x0000, 0x0000, 0x0000, 0x0000, 0x0000, 0x0000, 0x0000, 0x0000, 0x0000, 0x0000, 0x0000, 
  0x0000, 0x0000, 0x0000, 0x0000, 0x0000, 0x0000, 0x0000, 0x0000, 0x0000, 0x0000, 0x0000, 0x0000, 
  0x0000, 0x0000, 0x0000, 0x0000, 0x0000, 0x0000, 0x0000, 0x0000, 0x0820, 0x2865, 0x4848, 0x4828, 
  0x4828, 0x4828, 0x4808, 0x4828, 0x4828, 0x5029, 0x4869, 0x2845, 0x0800, 0x0000, 0x0000, 0x0000, 
  0x0000, 0x0000, 0x1022, 0x4067, 0x5029, 0x5029, 0x5029, 0x5029, 0x5029, 0x5029, 0x5029, 0x5029, 
  0x5029, 0x5029, 0x5029, 0x5029, 0x5029, 0x5029, 0x5029, 0x5029, 0x4829, 0x4829, 0x5028, 0x4829, 
  0x4829, 0x4829, 0x4829, 0x4828, 0x4828, 0x4828, 0x4828, 0x4828, 0x4828, 0x4828, 0x4828, 0x4828, 
  0x4828, 0x4828, 0x4828, 0x4828, 0x4828, 0x4828, 0x4828, 0x4828, 0x4828, 0x4828, 0x4828, 0x4828, 
  0x4028, 0x4828, 0x4048, 0x3045, 0x0800, 0x0000, 0x0000, 0x0000, 0x908e, 0x908e, 0x908e, 0x908f, 
  0x988f, 0x988f, 0x988f, 0x988e, 0x68aa, 0x1001, 0x0000, 0x0000, 0x0000, 0x0000, 0x0000, 0x0000, 
  0x0000, 0x0000, 0x0000, 0x0800, 0x2002, 0x70ca, 0x814c, 0x3044, 0x0800, 0x0000, 0x0000, 0x0000, 
  0x0000, 0x0000, 0x0000, 0x0000, 0x0000, 0x0861, 0x7bef, 0x52aa, 0x0020, 0x0000, 0x0000, 0x0000, 
  0x0000, 0x0000, 0x0000, 0x0000, 0x0000, 0x0000, 0x0000, 0x0000, 0x0000, 0x0000, 0x0000, 0x0000, 
  0x1802, 0x48c8, 0x2865, 0x0800, 0x0000, 0x0000, 0x0000, 0x0000, 0x0000, 0x0000, 0x0000, 0x0000, 
  0x0000, 0x0000, 0x0000, 0x0000, 0x0000, 0x0000, 0x0000, 0x0000, 0x0000, 0x0000, 0x1822, 0x3065, 
  0x3046, 0x1822, 0x0000, 0x0000, 0x0000, 0x0000, 0x0000, 0x0000, 0x0000, 0x0000, 0x0000, 0x0000, 
  0x0000, 0x0000, 0x0000, 0x0000, 0x0000, 0x0000, 0x0000, 0x0000, 0x0000, 0x0000, 0x0000, 0x0000, 
  0x0000, 0x0000, 0x0000, 0x0000, 0x0000, 0x0000, 0x0000, 0x0000, 0x0000, 0x0000, 0x0000, 0x0000, 
  0x0000, 0x0000, 0x0000, 0x0000, 0x0000, 0x39e7, 0xe73c, 0xffdf, 0xffdf, 0xffdf, 0xffdf, 0xffdf, 
  0xffdf, 0xffdf, 0xffdf, 0xffdf, 0xffdf, 0xffdf, 0xffdf, 0xffdf, 0xffdf, 0xffdf, 0xffff, 0xffff, 
  0xffff, 0xffff, 0xffdf, 0x8451, 0x0020, 0x0000, 0x0000, 0x0000, 0x0000, 0x0000, 0x0000, 0x0000, 
  0x0000, 0x0000, 0x0000, 0x0000, 0x0000, 0x0000, 0x0000, 0x0000, 0x0000, 0x2124, 0x9492, 0xe73c, 
  0xffdf, 0xffdf, 0xffdf, 0xffdf, 0xffdf, 0xffdf, 0xffdf, 0xffdf, 0xffdf, 0xffdf, 0xffdf, 0xffdf, 
  0xffdf, 0xffdf, 0xffdf, 0xffdf, 0xffdf, 0xffdf, 0xffdf, 0xffdf, 0xffdf, 0xffdf, 0xffdf, 0xffdf, 
  0xffdf, 0xffdf, 0xffdf, 0xffdf, 0xffdf, 0xffdf, 0xffdf, 0xffdf, 0xffdf, 0xffdf, 0xffdf, 0xffdf, 
  0xffdf, 0xffdf, 0xffdf, 0xffdf, 0xffdf, 0xffdf, 0xffff, 0xffff, 0xffdf, 0xffdf, 0xffff, 0xffff, 
  0xffdf, 0xffdf, 0xffdf, 0xffdf, 0xffdf, 0xef7e, 0x630c, 0x0020, 0x0020, 0x0000, 0x0000, 0x0000, 
  0x0000, 0x0000, 0x0000, 0x0000, 0x0000, 0x0000, 0x0000, 0x0000, 0x0000, 0x0000, 0x0000, 0x0000, 
  0x0000, 0x0000, 0x0000, 0x0000, 0x0000, 0x0000, 0x0000, 0x0000, 0x0000, 0x0000, 0x0000, 0x0000, 
  0x0000, 0x0000, 0x0000, 0x1021, 0x3866, 0x4028, 0x4828, 0x4828, 0x4828, 0x4828, 0x4828, 0x5028, 
  0x584a, 0x4868, 0x1822, 0x0000, 0x0000, 0x0000, 0x0000, 0x0000, 0x0000, 0x2043, 0x4848, 0x5029, 
  0x5029, 0x5029, 0x5029, 0x5029, 0x4829, 0x4829, 0x5029, 0x5029, 0x5029, 0x5029, 0x5029, 0x5029, 
  0x5029, 0x5029, 0x5029, 0x5029, 0x5029, 0x5029, 0x4829, 0x4048, 0x3847, 0x3827, 0x4028, 0x4829, 
  0x4828, 0x4828, 0x4828, 0x4828, 0x4828, 0x4828, 0x4828, 0x4828, 0x4828, 0x4828, 0x4828, 0x4828, 
  0x4828, 0x4828, 0x4828, 0x4828, 0x4828, 0x4828, 0x4028, 0x4828, 0x4028, 0x4047, 0x2023, 0x0000, 
  0x0000, 0x0000, 0x0000, 0x0000, 0x908e, 0x908e, 0x908f, 0x988f, 0x986f, 0x986f, 0x988f, 0x6889, 
  0x1001, 0x0000, 0x0000, 0x0000, 0x0000, 0x0000, 0x0000, 0x0000, 0x0000, 0x0000, 0x1001, 0x4066, 
  0x912e, 0x68ea, 0x1822, 0x0800, 0x0000, 0x0000, 0x0000, 0x0000, 0x0000, 0x0000, 0x0000, 0x0020, 
  0x1081, 0x9471, 0x2945, 0x0000, 0x0000, 0x0000, 0x0000, 0x0000, 0x0000, 0x0000, 0x0000, 0x0000, 
  0x0000, 0x0000, 0x0000, 0x0000, 0x0000, 0x0000, 0x0000, 0x2043, 0x48c8, 0x1843, 0x0000, 0x0000, 
  0x0000, 0x0000, 0x0000, 0x0000, 0x0000, 0x0000, 0x0000, 0x0000, 0x0000, 0x0000, 0x0000, 0x0000, 
  0x0000, 0x0000, 0x0000, 0x0000, 0x0801, 0x2844, 0x3846, 0x3046, 0x1022, 0x0000, 0x0000, 0x0000, 
  0x0000, 0x0000, 0x0000, 0x0000, 0x0000, 0x0000, 0x0000, 0x0000, 0x0000, 0x0000, 0x0000, 0x0000, 
  0x0000, 0x0000, 0x0000, 0x0000, 0x0000, 0x0000, 0x0000, 0x0000, 0x0000, 0x0000, 0x0000, 0x0000, 
  0x0000, 0x0000, 0x0000, 0x0000, 0x0000, 0x0000, 0x0000, 0x0000, 0x0000, 0x0000, 0x0000, 0x0000, 
  0x39e7, 0xe73c, 0xffdf, 0xffdf, 0xffdf, 0xffdf, 0xffdf, 0xffdf, 0xffdf, 0xffdf, 0xffdf, 0xffdf, 
  0xffdf, 0xffdf, 0xffdf, 0xffdf, 0xffdf, 0xffff, 0xffff, 0xffff, 0xffff, 0xffff, 0x8c71, 0x0020, 
  0x0000, 0x0000, 0x0000, 0x0000, 0x0000, 0x0000, 0x0000, 0x0000, 0x0000, 0x0000, 0x0000, 0x0000, 
  0x0000, 0x0000, 0x0000, 0x0000, 0x0000, 0x0020, 0x0020, 0x18c3, 0x73af, 0xdefb, 0xffdf, 0xffdf, 
  0xffdf, 0xffdf, 0xffdf, 0xffdf, 0xffdf, 0xffdf, 0xffdf, 0xffdf, 0xffdf, 0xffdf, 0xffdf, 0xffdf, 
  0xffdf, 0xffdf, 0xffdf, 0xffdf, 0xffdf, 0xffdf, 0xffdf, 0xffdf, 0xffdf, 0xffdf, 0xffdf, 0xffdf, 
  0xffdf, 0xffdf, 0xffdf, 0xffdf, 0xffdf, 0xffdf, 0xffdf, 0xffdf, 0xffdf, 0xffdf, 0xffdf, 0xffdf, 
  0xffdf, 0xffdf, 0xffff, 0xffff, 0xffff, 0xffff, 0xffdf, 0xffdf, 0xffff, 0xffdf, 0xffff, 0xffdf, 
  0xa514, 0x2104, 0x0020, 0x0000, 0x0000, 0x0000, 0x0000, 0x0000, 0x0000, 0x0000, 0x0000, 0x0000, 
  0x0000, 0x0000, 0x0000, 0x0000, 0x0000, 0x0000, 0x0000, 0x0000, 0x0000, 0x0000, 0x0000, 0x0000, 
  0x0000, 0x0000, 0x0000, 0x0000, 0x0000, 0x0000, 0x0000, 0x0000, 0x0000, 0x0000, 0x1822, 0x4067, 
  0x4028, 0x4828, 0x4828, 0x4828, 0x4828, 0x4828, 0x5029, 0x608b, 0x3867, 0x0801, 0x0000, 0x0000, 
  0x0000, 0x0000, 0x0000, 0x0800, 0x3065, 0x4848, 0x5029, 0x5009, 0x5029, 0x5029, 0x5029, 0x5029, 
  0x5029, 0x4829, 0x4829, 0x5029, 0x5029, 0x5029, 0x4829, 0x5029, 0x5029, 0x5029, 0x4829, 0x4828, 
  0x4848, 0x3045, 0x1823, 0x0801, 0x0000, 0x0000, 0x0801, 0x3847, 0x4828, 0x4828, 0x4828, 0x4828, 
  0x4828, 0x4828, 0x4828, 0x4828, 0x4828, 0x4828, 0x4828, 0x4828, 0x4828, 0x4828, 0x4828, 0x4828, 
  0x4828, 0x4828, 0x4028, 0x4027, 0x4047, 0x1802, 0x0000, 0x0000, 0x0000, 0x0000, 0x0000, 0x0000, 
  0x908e, 0x908e, 0x988e, 0x988e, 0x988f, 0x988f, 0x6088, 0x1001, 0x0000, 0x0000, 0x0000, 0x0000, 
  0x0000, 0x0000, 0x0000, 0x0020, 0x0800, 0x2023, 0x708a, 0x910e, 0x5088, 0x0801, 0x0000, 0x0000, 
  0x0000, 0x0000, 0x0000, 0x0000, 0x0000, 0x0000, 0x0000, 0x2104, 0x8c50, 0x10a2, 0x0000, 0x0000, 
  0x0000, 0x0000, 0x0000, 0x0000, 0x0000, 0x0000, 0x0000, 0x0000, 0x0000, 0x0000, 0x0000, 0x0000, 
  0x0000, 0x0800, 0x2864, 0x40c7, 0x1002, 0x0000, 0x0000, 0x0000, 0x0000, 0x0000, 0x0000, 0x0000, 
  0x0000, 0x0000, 0x0000, 0x0000, 0x0000, 0x0000, 0x0000, 0x0000, 0x0000, 0x0000, 0x0800, 0x1822, 
  0x3045, 0x3846, 0x3045, 0x1001, 0x0000, 0x0000, 0x0000, 0x0000, 0x0000, 0x0000, 0x0000, 0x0000, 
  0x0000, 0x0000, 0x0000, 0x0000, 0x0000, 0x0000, 0x0000, 0x0000, 0x0000, 0x0000, 0x0000, 0x0000, 
  0x0000, 0x0000, 0x0000, 0x0000, 0x0000, 0x0000, 0x0000, 0x0000, 0x0000, 0x0000, 0x0000, 0x0000, 
  0x0000, 0x0000, 0x0000, 0x0000, 0x0000, 0x0000, 0x0000, 0x31a6, 0xef5d, 0xffdf, 0xffdf, 0xffdf, 
  0xffdf, 0xffdf, 0xffdf, 0xffdf, 0xffdf, 0xffdf, 0xffdf, 0xffdf, 0xffdf, 0xffdf, 0xffdf, 0xffdf, 
  0xffdf, 0xffff, 0xffff, 0xffdf, 0xffdf, 0x8c91, 0x0020, 0x0000, 0x0000, 0x0000, 0x0000, 0x0000, 
  0x0000, 0x0000, 0x0000, 0x0000, 0x0000, 0x0000, 0x0000, 0x0000, 0x0000, 0x0000, 0x0000, 0x0000, 
  0x0000, 0x0000, 0x0000, 0x0000, 0x0020, 0x0840, 0x4a6a, 0xc618, 0xffdf, 0xf7bf, 0xffdf, 0xffdf, 
  0xffdf, 0xffdf, 0xffdf, 0xffdf, 0xffdf, 0xffdf, 0xffdf, 0xffdf, 0xffdf, 0xffdf, 0xffdf, 0xffdf, 
  0xffdf, 0xffdf, 0xffdf, 0xffdf, 0xffdf, 0xffdf, 0xffdf, 0xffdf, 0xffdf, 0xffdf, 0xffdf, 0xffdf, 
  0xffdf, 0xffdf, 0xffdf, 0xffdf, 0xffdf, 0xffdf, 0xffdf, 0xffdf, 0xffdf, 0xffff, 0xffdf, 0xffdf, 
  0xffff, 0xffdf, 0xffdf, 0xffdf, 0xffdf, 0xffdf, 0xbdd7, 0x31a6, 0x0000, 0x0020, 0x0000, 0x0000, 
  0x0000, 0x0000, 0x0000, 0x0000, 0x0000, 0x0000, 0x0000, 0x0000, 0x0000, 0x0000, 0x0000, 0x0000, 
  0x0000, 0x0000, 0x0000, 0x0000, 0x0000, 0x0000, 0x0000, 0x0000, 0x0000, 0x0000, 0x0000, 0x0000, 
  0x0000, 0x0000, 0x0000, 0x0000, 0x0800, 0x2043, 0x4048, 0x4028, 0x4028, 0x4028, 0x4828, 0x4828, 
  0x5028, 0x604b, 0x60aa, 0x2023, 0x0000, 0x0000, 0x0000, 0x0000, 0x0000, 0x0000, 0x1022, 0x4067, 
  0x5029, 0x5009, 0x5029, 0x5009, 0x5029, 0x5029, 0x5029, 0x5029, 0x5029, 0x4829, 0x4829, 0x5029, 
  0x5029, 0x5029, 0x5029, 0x5029, 0x4829, 0x4829, 0x4848, 0x2824, 0x1001, 0x0000, 0x0020, 0x0000, 
  0x0000, 0x0000, 0x0000, 0x2845, 0x4028, 0x4828, 0x4028, 0x4828, 0x4828, 0x4828, 0x4808, 0x4828, 
  0x4028, 0x4028, 0x4828, 0x4828, 0x4828, 0x4828, 0x4828, 0x4828, 0x4028, 0x4028, 0x4027, 0x3045, 
  0x1001, 0x0000, 0x0000, 0x0000, 0x0000, 0x0000, 0x0000, 0x0000, 0x908f, 0x988e, 0x988e, 0x986f, 
  0x988f, 0x6088, 0x0800, 0x0000, 0x0000, 0x0000, 0x0000, 0x0000, 0x0000, 0x0000, 0x0000, 0x1801, 
  0x5867, 0x98ce, 0x90ee, 0x3866, 0x0800, 0x0020, 0x0000, 0x0000, 0x0000, 0x0000, 0x0000, 0x0000, 
  0x0020, 0x0000, 0x3185, 0x73ae, 0x0020, 0x0000, 0x0000, 0x0000, 0x0000, 0x0000, 0x0000, 0x0000, 
  0x0000, 0x0000, 0x0000, 0x0000, 0x0000, 0x0000, 0x0000, 0x0000, 0x0801, 0x3086, 0x38c6, 0x0801, 
  0x0000, 0x0000, 0x0000, 0x0000, 0x0000, 0x0000, 0x0000, 0x0000, 0x0000, 0x0000, 0x0000, 0x0000, 
  0x0000, 0x0000, 0x0000, 0x0000, 0x0000, 0x1021, 0x2844, 0x3026, 0x3046, 0x2844, 0x0801, 0x0000, 
  0x0000, 0x0000, 0x0000, 0x0000, 0x0000, 0x0000, 0x0000, 0x0000, 0x0000, 0x0000, 0x0000, 0x0000, 
  0x0000, 0x0000, 0x0000, 0x0000, 0x0000, 0x0000, 0x0000, 0x0000, 0x0000, 0x0000, 0x0000, 0x0000, 
  0x0000, 0x0000, 0x0000, 0x0000, 0x0000, 0x0000, 0x0000, 0x0000, 0x0000, 0x0000, 0x0000, 0x0000, 
  0x0000, 0x0020, 0x4228, 0xf77d, 0xffdf, 0xffdf, 0xffdf, 0xffdf, 0xffdf, 0xffdf, 0xffdf, 0xffdf, 
  0xffdf, 0xffdf, 0xffdf, 0xffdf, 0xffdf, 0xffdf, 0xffdf, 0xffdf, 0xffdf, 0xffff, 0xf79e, 0xbdd7, 
  0x73ae, 0x0000, 0x0000, 0x0000, 0x0000, 0x0000, 0x0000, 0x0000, 0x0000, 0x0000, 0x0000, 0x0000, 
  0x0000, 0x0000, 0x0000, 0x0000, 0x0000, 0x0000, 0x0000, 0x0000, 0x0000, 0x0000, 0x0000, 0x0000, 
  0x0000, 0x0020, 0x0020, 0x0020, 0x3186, 0x8410, 0xd69a, 0xf7bf, 0xffdf, 0xffdf, 0xffdf, 0xffdf, 
  0xffdf, 0xffdf, 0xffdf, 0xffdf, 0xffdf, 0xffdf, 0xffdf, 0xffdf, 0xffdf, 0xffdf, 0xffdf, 0xffdf, 
  0xffdf, 0xffdf, 0xffdf, 0xffdf, 0xffdf, 0xffdf, 0xffdf, 0xffdf, 0xffdf, 0xffdf, 0xffdf, 0xffdf, 
  0xffdf, 0xffdf, 0xffdf, 0xffdf, 0xffdf, 0xffdf, 0xffdf, 0xffdf, 0xffdf, 0xffdf, 0xffdf, 0xdefc, 
  0x9cd3, 0x2945, 0x0020, 0x0020, 0x0000, 0x0000, 0x0000, 0x0000, 0x0000, 0x0000, 0x0000, 0x0000, 
  0x0000, 0x0000, 0x0000, 0x0000, 0x0000, 0x0000, 0x0000, 0x0000, 0x0000, 0x0000, 0x0000, 0x0000, 
  0x0000, 0x0000, 0x0000, 0x0000, 0x0000, 0x0000, 0x0000, 0x0000, 0x0000, 0x0000, 0x0000, 0x0800, 
  0x2844, 0x4027, 0x4027, 0x4828, 0x4028, 0x4828, 0x4828, 0x5029, 0x688c, 0x4888, 0x0801, 0x0000, 
  0x0000, 0x0000, 0x0000, 0x0000, 0x0800, 0x2043, 0x4848, 0x5029, 0x5029, 0x5029, 0x5029, 0x5009, 
  0x5029, 0x5029, 0x5029, 0x4829, 0x4829, 0x4829, 0x4829, 0x4829, 0x4829, 0x5029, 0x4829, 0x4829, 
  0x4048, 0x2824, 0x0801, 0x0000, 0x0000, 0x0000, 0x0000, 0x0000, 0x0000, 0x0000, 0x0000, 0x2845, 
  0x4028, 0x4028, 0x4028, 0x4028, 0x4028, 0x4028, 0x4028, 0x4028, 0x4028, 0x4028, 0x4028, 0x4828, 
  0x4028, 0x4028, 0x4028, 0x4028, 0x4027, 0x4047, 0x2824, 0x0800, 0x0000, 0x0000, 0x0000, 0x0000, 
  0x0000, 0x0000, 0x0000, 0x0000, 0x988f, 0x988e, 0x988e, 0x988e, 0x6089, 0x0800, 0x0000, 0x0000, 
  0x0000, 0x0000, 0x0000, 0x0000, 0x0000, 0x0800, 0x3845, 0x808c, 0xa8d0, 0x78ec, 0x2023, 0x0800, 
  0x0020, 0x0000, 0x0000, 0x0000, 0x0000, 0x0000, 0x0000, 0x0000, 0x0020, 0x4a48, 0x4a69, 0x0000, 
  0x0000, 0x0000, 0x0000, 0x0000, 0x0000, 0x0000, 0x0000, 0x0000, 0x0000, 0x0000, 0x0000, 0x0000, 
  0x0000, 0x0000, 0x0000, 0x1001, 0x40e7, 0x2885, 0x0000, 0x0000, 0x0000, 0x0000, 0x0000, 0x0000, 
  0x0000, 0x0000, 0x0000, 0x0000, 0x0000, 0x0000, 0x0000, 0x0000, 0x0000, 0x0000, 0x0000, 0x0800, 
  0x2023, 0x3045, 0x3025, 0x3026, 0x2044, 0x0800, 0x0000, 0x0000, 0x0000, 0x0000, 0x0000, 0x0000, 
  0x0000, 0x0000, 0x0000, 0x0000, 0x0000, 0x0000, 0x0000, 0x0000, 0x0000, 0x0000, 0x0000, 0x0000, 
  0x0000, 0x0000, 0x0000, 0x0000, 0x0000, 0x0000, 0x0000, 0x0000, 0x0000, 0x0000, 0x0000, 0x0000, 
  0x0000, 0x0000, 0x0000, 0x0000, 0x0000, 0x0000, 0x0000, 0x0000, 0x0000, 0x4a49, 0xef5d, 0xffdf, 
  0xffdf, 0xffdf, 0xffdf, 0xffdf, 0xffdf, 0xffdf, 0xffdf, 0xffdf, 0xffdf, 0xffdf, 0xffdf, 0xffff, 
  0xffdf, 0xffdf, 0xf79e, 0xdedb, 0xa514, 0x528a, 0x18e3, 0x0000, 0x0000, 0x0000, 0x0000, 0x0000, 
  0x0000, 0x0000, 0x0000, 0x0000, 0x0000, 0x0000, 0x0000, 0x0000, 0x0000, 0x0000, 0x0000, 0x0000, 
  0x0000, 0x0000, 0x0000, 0x0000, 0x0000, 0x0000, 0x0000, 0x0000, 0x0000, 0x0000, 0x0000, 0x0000, 
  0x0000, 0x0020, 0x0820, 0x39c7, 0x8410, 0xc638, 0xf7be, 0xffdf, 0xffdf, 0xffdf, 0xffdf, 0xffdf, 
  0xffdf, 0xffdf, 0xffdf, 0xffdf, 0xffdf, 0xffdf, 0xffdf, 0xffdf, 0xffdf, 0xffdf, 0xffdf, 0xffdf, 
  0xffdf, 0xffdf, 0xffdf, 0xffdf, 0xffdf, 0xffdf, 0xffdf, 0xffdf, 0xffdf, 0xffdf, 0xffdf, 0xffdf, 
  0xffdf, 0xffdf, 0xffdf, 0xffbf, 0xe71c, 0xad55, 0x4a69, 0x10a2, 0x0020, 0x0000, 0x0000, 0x0000, 
  0x0000, 0x0000, 0x0000, 0x0000, 0x0000, 0x0000, 0x0000, 0x0000, 0x0000, 0x0000, 0x0000, 0x0000, 
  0x0000, 0x0000, 0x0000, 0x0000, 0x0000, 0x0000, 0x0000, 0x0000, 0x0000, 0x0000, 0x0000, 0x0000, 
  0x0000, 0x0000, 0x0000, 0x0000, 0x0000, 0x0000, 0x1021, 0x3045, 0x4027, 0x4027, 0x4027, 0x4028, 
  0x4827, 0x4808, 0x604a, 0x60aa, 0x2824, 0x0000, 0x0000, 0x0000, 0x0000, 0x0000, 0x0000, 0x0821, 
  0x3846, 0x4829, 0x5029, 0x5009, 0x5009, 0x5009, 0x5029, 0x5029, 0x5029, 0x4829, 0x4829, 0x4829, 
  0x4829, 0x4829, 0x4829, 0x4829, 0x4829, 0x4828, 0x4048, 0x2844, 0x0801, 0x0000, 0x0000, 0x0000, 
  0x0000, 0x0000, 0x0000, 0x0000, 0x0000, 0x0000, 0x0821, 0x3847, 0x4028, 0x4028, 0x4028, 0x4028, 
  0x4027, 0x4027, 0x4028, 0x4028, 0x4828, 0x4028, 0x4028, 0x4028, 0x4028, 0x4028, 0x4028, 0x4028, 
  0x3847, 0x1802, 0x0000, 0x0000, 0x0000, 0x0000, 0x0000, 0x0000, 0x0000, 0x0000, 0x0000, 0x0000, 
  0x988e, 0x988e, 0x988e, 0x60a9, 0x0801, 0x0020, 0x0000, 0x0000, 0x0000, 0x0000, 0x0000, 0x0000, 
  0x2002, 0x708b, 0xa08f, 0xa0af, 0x60aa, 0x1822, 0x0820, 0x0000, 0x0000, 0x0000, 0x0000, 0x0000, 
  0x0000, 0x0000, 0x0000, 0x0840, 0x632c, 0x2924, 0x0020, 0x0000, 0x0000, 0x0000, 0x0000, 0x0000, 
  0x0000, 0x0000, 0x0000, 0x0000, 0x0000, 0x0000, 0x0000, 0x0000, 0x0000, 0x0000, 0x1822, 0x48e7, 
  0x2043, 0x0000, 0x0000, 0x0000, 0x0000, 0x0000, 0x0000, 0x0000, 0x0000, 0x0000, 0x0000, 0x0000, 
  0x0000, 0x0000, 0x0000, 0x0000, 0x0000, 0x0000, 0x1021, 0x2824, 0x3045, 0x3025, 0x3025, 0x2023, 
  0x0000, 0x0000, 0x0000, 0x0000, 0x0000, 0x0000, 0x0000, 0x0000, 0x0000, 0x0000, 0x0000, 0x0000, 
  0x0000, 0x0000, 0x0000, 0x0000, 0x0000, 0x0000, 0x0000, 0x0000, 0x0000, 0x0000, 0x0000, 0x0000, 
  0x0000, 0x0000, 0x0000, 0x0000, 0x0000, 0x0000, 0x0000, 0x0000, 0x0000, 0x0000, 0x0000, 0x0000, 
  0x0000, 0x0000, 0x0000, 0x0020, 0x52aa, 0xef5c, 0xffdf, 0xffdf, 0xffdf, 0xffdf, 0xffdf, 0xffdf, 
  0xffdf, 0xffdf, 0xffdf, 0xffdf, 0xffdf, 0xffdf, 0xffdf, 0xf79e, 0xa514, 0x632d, 0x2965, 0x0020, 
  0x0020, 0x0000, 0x0000, 0x0000, 0x0000, 0x0000, 0x0000, 0x0000, 0x0000, 0x0000, 0x0000, 0x0000, 
  0x0000, 0x0000, 0x0000, 0x0000, 0x0000, 0x0000, 0x0000, 0x0000, 0x0000, 0x0000, 0x0000, 0x0000, 
  0x0000, 0x0000, 0x0000, 0x0000, 0x0000, 0x0000, 0x0000, 0x0000, 0x0000, 0x0000, 0x0000, 0x0000, 
  0x0020, 0x0020, 0x2124, 0x632c, 0xa534, 0xe71c, 0xffdf, 0xffdf, 0xffdf, 0xffdf, 0xffdf, 0xffdf, 
  0xffdf, 0xffdf, 0xffdf, 0xffdf, 0xffdf, 0xffdf, 0xffdf, 0xffdf, 0xffdf, 0xffdf, 0xffdf, 0xffdf, 
  0xffdf, 0xffdf, 0xffdf, 0xffdf, 0xffdf, 0xffdf, 0xffdf, 0xffdf, 0xe71c, 0xa514, 0x738e, 0x39c7, 
  0x0841, 0x0020, 0x0000, 0x0000, 0x0000, 0x0000, 0x0000, 0x0000, 0x0000, 0x0000, 0x0000, 0x0000, 
  0x0000, 0x0000, 0x0000, 0x0000, 0x0000, 0x0000, 0x0000, 0x0000, 0x0000, 0x0000, 0x0000, 0x0000, 
  0x0000, 0x0000, 0x0000, 0x0000, 0x0000, 0x0000, 0x0000, 0x0000, 0x0000, 0x0000, 0x0000, 0x0000, 
  0x0000, 0x1822, 0x3846, 0x4027, 0x4028, 0x4027, 0x4027, 0x4827, 0x4828, 0x686a, 0x4888, 0x1002, 
  0x0000, 0x0000, 0x0000, 0x0000, 0x0000, 0x0000, 0x1022, 0x4047, 0x4829, 0x5029, 0x5029, 0x5009, 
  0x5029, 0x5029, 0x5029, 0x5029, 0x5029, 0x4829, 0x4829, 0x4829, 0x4829, 0x4829, 0x4829, 0x4828, 
  0x4849, 0x2825, 0x1001, 0x0000, 0x0000, 0x0000, 0x0000, 0x0000, 0x0000, 0x0000, 0x0000, 0x0000, 
  0x0000, 0x0000, 0x1823, 0x4047, 0x4027, 0x4028, 0x4028, 0x4027, 0x4028, 0x4028, 0x4027, 0x4028, 
  0x4028, 0x4028, 0x4028, 0x4028, 0x4027, 0x4027, 0x4028, 0x3046, 0x1001, 0x0000, 0x0000, 0x0000, 
  0x0000, 0x0000, 0x0000, 0x0000, 0x0000, 0x0000, 0x0000, 0x0000, 0x986f, 0x988f, 0x68aa, 0x1000, 
  0x0000, 0x0000, 0x0000, 0x0000, 0x0000, 0x0020, 0x1001, 0x5067, 0x98ae, 0xa850, 0x98ae, 0x50a8, 
  0x0801, 0x0000, 0x0000, 0x0000, 0x0000, 0x0000, 0x0000, 0x0000, 0x0000, 0x0000, 0x18a2, 0x52aa, 
  0x1081, 0x0000, 0x0000, 0x0000, 0x0000, 0x0000, 0x0000, 0x0000, 0x0000, 0x0000, 0x0000, 0x0000, 
  0x0000, 0x0000, 0x0000, 0x0000, 0x0800, 0x2864, 0x48e7, 0x1021, 0x0000, 0x0000, 0x0000, 0x0000, 
  0x0000, 0x0000, 0x0000, 0x0000, 0x0000, 0x0000, 0x0000, 0x0000, 0x0000, 0x0000, 0x0000, 0x0000, 
  0x0800, 0x2043, 0x3025, 0x3026, 0x3025, 0x3025, 0x1822, 0x0000, 0x0000, 0x0000, 0x0000, 0x0000, 
  0x0000, 0x0000, 0x0000, 0x0000, 0x0000, 0x0000, 0x0000, 0x0000, 0x0000, 0x0000, 0x0000, 0x0000, 
  0x0000, 0x0000, 0x0000, 0x0000, 0x0000, 0x0000, 0x0000, 0x0000, 0x0000, 0x0000, 0x0000, 0x0000, 
  0x0000, 0x0000, 0x0000, 0x0000, 0x0000, 0x0000, 0x0000, 0x0000, 0x0000, 0x0000, 0x0000, 0x6b4d, 
  0xffdf, 0xffff, 0xffff, 0xffff, 0xffdf, 0xffff, 0xffdf, 0xffdf, 0xffdf, 0xffdf, 0xffdf, 0xf79e, 
  0xbdf8, 0x7bef, 0x4a69, 0x0841, 0x0020, 0x0020, 0x0020, 0x0000, 0x0020, 0x0000, 0x0000, 0x0000, 
  0x0000, 0x0000, 0x0000, 0x0000, 0x0000, 0x0000, 0x0000, 0x0000, 0x0000, 0x0000, 0x0000, 0x0000, 
  0x0000, 0x0000, 0x0000, 0x0000, 0x0000, 0x0000, 0x0000, 0x0000, 0x0000, 0x0000, 0x0000, 0x0000, 
  0x0000, 0x0000, 0x0000, 0x0000, 0x0000, 0x0000, 0x0000, 0x0000, 0x0000, 0x0000, 0x0000, 0x0000, 
  0x0000, 0x0020, 0x2965, 0x4a6a, 0x8410, 0xbdd7, 0xdefb, 0xf79e, 0xffdf, 0xffdf, 0xffdf, 0xffdf, 
  0xffdf, 0xffdf, 0xffdf, 0xffdf, 0xffdf, 0xffdf, 0xffdf, 0xffdf, 0xffdf, 0xf79e, 0xe71c, 0xc638, 
  0x9cf3, 0x736d, 0x528a, 0x2104, 0x0000, 0x0000, 0x0000, 0x0000, 0x0000, 0x0000, 0x0000, 0x0000, 
  0x0000, 0x0000, 0x0000, 0x0000, 0x0000, 0x0000, 0x0000, 0x0000, 0x0000, 0x0000, 0x0000, 0x0000, 
  0x0000, 0x0000, 0x0000, 0x0000, 0x0000, 0x0000, 0x0000, 0x0000, 0x0000, 0x0000, 0x0000, 0x0000, 
  0x0000, 0x0000, 0x0000, 0x0000, 0x0000, 0x0000, 0x0000, 0x0000, 0x2043, 0x3847, 0x4027, 0x4027, 
  0x4027, 0x4007, 0x4828, 0x582a, 0x58aa, 0x3044, 0x0800, 0x0000, 0x0000, 0x0000, 0x0000, 0x0000, 
  0x0000, 0x2043, 0x4048, 0x5029, 0x5009, 0x5029, 0x5029, 0x5029, 0x5029, 0x5029, 0x4829, 0x4829, 
  0x4809, 0x5029, 0x4829, 0x4829, 0x4829, 0x4829, 0x4849, 0x3846, 0x1022, 0x0000, 0x0000, 0x0000, 
  0x0000, 0x0000, 0x0000, 0x0000, 0x0000, 0x0000, 0x0000, 0x0000, 0x0020, 0x0800, 0x3046, 0x4027, 
  0x4047, 0x4028, 0x4028, 0x4028, 0x4027, 0x4027, 0x4028, 0x4027, 0x4028, 0x4028, 0x4828, 0x4828, 
  0x4028, 0x4047, 0x2844, 0x0800, 0x0000, 0x0000, 0x0000, 0x0000, 0x0000, 0x0000, 0x0000, 0x0000, 
  0x0000, 0x0000, 0x0000, 0x0000, 0x988f, 0x70ab, 0x1001, 0x0000, 0x0000, 0x0000, 0x0020, 0x0000, 
  0x0801, 0x4065, 0x88cd, 0xa06f, 0xa06f, 0x88cd, 0x3044, 0x0000, 0x0000, 0x0000, 0x0000, 0x0000, 
  0x0000, 0x0000, 0x0000, 0x0000, 0x0000, 0x2103, 0x5289, 0x0000, 0x0000, 0x0000, 0x0000, 0x0000, 
  0x0000, 0x0000, 0x0000, 0x0000, 0x0000, 0x0000, 0x0000, 0x0000, 0x0000, 0x0000, 0x0000, 0x1001, 
  0x38a6, 0x38a6, 0x0800, 0x0000, 0x0000, 0x0000, 0x0000, 0x0000, 0x0000, 0x0000, 0x0000, 0x0000, 
  0x0000, 0x0000, 0x0000, 0x0000, 0x0000, 0x0000, 0x0000, 0x1022, 0x3025, 0x3025, 0x3026, 0x3026, 
  0x3045, 0x1001, 0x0000, 0x0000, 0x0000, 0x0000, 0x0000, 0x0000, 0x0000, 0x0000, 0x0000, 0x0000, 
  0x0000, 0x0000, 0x0000, 0x0000, 0x0000, 0x0000, 0x0000, 0x0000, 0x0000, 0x0000, 0x0000, 0x0000, 
  0x0000, 0x0000, 0x0000, 0x0000, 0x0000, 0x0000, 0x0000, 0x0000, 0x0000, 0x0000, 0x0000, 0x0000, 
  0x0000, 0x0000, 0x0000, 0x0000, 0x0000, 0x0000, 0x738e, 0xffdf, 0xffff, 0xffff, 0xffff, 0xffff, 
  0xffff, 0xffdf, 0xffdf, 0xef7d, 0xbdf7, 0x8c71, 0x4228, 0x0020, 0x0020, 0x0020, 0x0020, 0x0000, 
  0x0000, 0x0000, 0x0000, 0x0000, 0x0000, 0x0000, 0x0000, 0x0000, 0x0000, 0x0000, 0x0000, 0x0000, 
  0x0000, 0x0000, 0x0000, 0x0000, 0x0000, 0x0000, 0x0000, 0x0000, 0x0000, 0x0000, 0x0000, 0x0000, 
  0x0000, 0x0000, 0x0000, 0x0000, 0x0000, 0x0000, 0x0000, 0x0000, 0x0000, 0x0000, 0x0000, 0x0000, 
  0x0000, 0x0000, 0x0000, 0x0000, 0x0000, 0x0000, 0x0000, 0x0000, 0x0000, 0x0000, 0x0000, 0x0020, 
  0x0000, 0x0020, 0x0000, 0x0020, 0x18c3, 0x3186, 0x4228, 0x52aa, 0x5aeb, 0x630c, 0x630c, 0x5aeb, 
  0x5acb, 0x4a69, 0x4208, 0x2945, 0x10a2, 0x0020, 0x0000, 0x0020, 0x0020, 0x0000, 0x0020, 0x0000, 
  0x0000, 0x0000, 0x0000, 0x0000, 0x0000, 0x0000, 0x0000, 0x0000, 0x0000, 0x0000, 0x0000, 0x0000, 
  0x0000, 0x0000, 0x0000, 0x0000, 0x0000, 0x0000, 0x0000, 0x0000, 0x0000, 0x0000, 0x0000, 0x0000, 
  0x0000, 0x0000, 0x0000, 0x0000, 0x0000, 0x0000, 0x0000, 0x0000, 0x0000, 0x0000, 0x0000, 0x0000, 
  0x0000, 0x0000, 0x0801, 0x2845, 0x4028, 0x4027, 0x4028, 0x4027, 0x4027, 0x4828, 0x688c, 0x4888, 
  0x0801, 0x0000, 0x0000, 0x0000, 0x0020, 0x0000, 0x0000, 0x0821, 0x3045, 0x4849, 0x5029, 0x5029, 
  0x5028, 0x5029, 0x5028, 0x4829, 0x4829, 0x5029, 0x4829, 0x4809, 0x4809, 0x4809, 0x4829, 0x4828, 
  0x4848, 0x3846, 0x1022, 0x0000, 0x0000, 0x0000, 0x0000, 0x0000, 0x0000, 0x0000, 0x0000, 0x0000, 
  0x0000, 0x0000, 0x0000, 0x0000, 0x0000, 0x2024, 0x4027, 0x4028, 0x4027, 0x4028, 0x4027, 0x4027, 
  0x4028, 0x4028, 0x4027, 0x4028, 0x4028, 0x4027, 0x4028, 0x4028, 0x3846, 0x1802, 0x0000, 0x0000, 
  0x0000, 0x0000, 0x0000, 0x0000, 0x0000, 0x0000, 0x0000, 0x0000, 0x0000, 0x0000, 0x0000, 0x0000, 
  0x80cc, 0x1001, 0x0000, 0x0000, 0x0000, 0x0000, 0x0800, 0x2824, 0x80cc, 0xa08f, 0xa84f, 0xa08f, 
  0x70cb, 0x1002, 0x0000, 0x0000, 0x0000, 0x0000, 0x0000, 0x0000, 0x0000, 0x0000, 0x0020, 0x0000, 
  0x3185, 0x2945, 0x0000, 0x0000, 0x0000, 0x0000, 0x0000, 0x0000, 0x0000, 0x0000, 0x0000, 0x0000, 
  0x0000, 0x0000, 0x0000, 0x0000, 0x0000, 0x0000, 0x1021, 0x4928, 0x2864, 0x0000, 0x0000, 0x0000, 
  0x0000, 0x0000, 0x0000, 0x0000, 0x0000, 0x0000, 0x0000, 0x0000, 0x0000, 0x0000, 0x0000, 0x0000, 
  0x0000, 0x0801, 0x2044, 0x3046, 0x3026, 0x3025, 0x3026, 0x2845, 0x1001, 0x0000, 0x0000, 0x0000, 
  0x0000, 0x0000, 0x0000, 0x0000, 0x0000, 0x0000, 0x0000, 0x0000, 0x0000, 0x0000, 0x0000, 0x0000, 
  0x0000, 0x0000, 0x0000, 0x0000, 0x0000, 0x0000, 0x0000, 0x0000, 0x0000, 0x0000, 0x0000, 0x0000, 
  0x0000, 0x0000, 0x0000, 0x0000, 0x0000, 0x0000, 0x0000, 0x0000, 0x0000, 0x0000, 0x0000, 0x0000, 
  0x0000, 0x73ae, 0xf7be, 0xffff, 0xffff, 0xffff, 0xffff, 0xffff, 0xe73c, 0x9492, 0x4228, 0x18c3, 
  0x0020, 0x0020, 0x0000, 0x0000, 0x0000, 0x0000, 0x0000, 0x0000, 0x0000, 0x0000, 0x0000, 0x0000, 
  0x0000, 0x0000, 0x0000, 0x0000, 0x0000, 0x0000, 0x0000, 0x0000, 0x0000, 0x0000, 0x0000, 0x0000, 
  0x0000, 0x0000, 0x0000, 0x0000, 0x0000, 0x0000, 0x0000, 0x0000, 0x0000, 0x0000, 0x0000, 0x0000, 
  0x0000, 0x0000, 0x0000, 0x0000, 0x0000, 0x0000, 0x0000, 0x0000, 0x0000, 0x0000, 0x0000, 0x0000, 
  0x0000, 0x0000, 0x0000, 0x0000, 0x0000, 0x0000, 0x0000, 0x0000, 0x0000, 0x0000, 0x0000, 0x0000, 
  0x0000, 0x0000, 0x0020, 0x0000, 0x0000, 0x0000, 0x0000, 0x0000, 0x0000, 0x0000, 0x0020, 0x0000, 
  0x0000, 0x0000, 0x0000, 0x0000, 0x0000, 0x0000, 0x0000, 0x0000, 0x0000, 0x0000, 0x0000, 0x0000, 
  0x0000, 0x0000, 0x0000, 0x0000, 0x0000, 0x0000, 0x0000, 0x0000, 0x0000, 0x0000, 0x0000, 0x0000, 
  0x0000, 0x0000, 0x0000, 0x0000, 0x0000, 0x0000, 0x0000, 0x0000, 0x0000, 0x0000, 0x0000, 0x0000, 
  0x0000, 0x0000, 0x0000, 0x0000, 0x0000, 0x0000, 0x0000, 0x0000, 0x0000, 0x0821, 0x3066, 0x4027, 
  0x4027, 0x4047, 0x4027, 0x4027, 0x584a, 0x70ec, 0x2844, 0x0000, 0x0000, 0x0000, 0x0000, 0x0000, 
  0x0000, 0x0000, 0x1022, 0x4067, 0x4829, 0x5029, 0x5029, 0x5029, 0x5008, 0x4828, 0x4828, 0x4829, 
  0x4829, 0x5008, 0x5009, 0x4809, 0x4829, 0x4809, 0x4828, 0x4067, 0x1823, 0x0000, 0x0000, 0x0000, 
  0x0000, 0x0000, 0x0000, 0x0000, 0x0000, 0x0000, 0x0000, 0x0000, 0x0000, 0x0000, 0x0000, 0x0000, 
  0x0801, 0x3847, 0x4028, 0x4028, 0x4027, 0x4027, 0x4027, 0x4027, 0x4028, 0x4028, 0x4027, 0x4027, 
  0x4028, 0x4027, 0x4048, 0x3045, 0x0801, 0x0000, 0x0000, 0x0000, 0x0000, 0x0000, 0x0000, 0x0000, 
  0x0000, 0x0000, 0x0000, 0x0000, 0x0000, 0x0000, 0x0000, 0x0000, 0x2023, 0x0800, 0x0020, 0x0000, 
  0x0000, 0x2022, 0x6069, 0x986e, 0xa82f, 0xa04f, 0xa0af, 0x5888, 0x0801, 0x0000, 0x0000, 0x0000, 
  0x0000, 0x0000, 0x0000, 0x0000, 0x0000, 0x0000, 0x0000, 0x2944, 0x1082, 0x0000, 0x0000, 0x0000, 
  0x0000, 0x0000, 0x0000, 0x0000, 0x0000, 0x0000, 0x0000, 0x0000, 0x0000, 0x0000, 0x0000, 0x0000, 
  0x0000, 0x2043, 0x4908, 0x1842, 0x0000, 0x0000, 0x0000, 0x0000, 0x0000, 0x0000, 0x0000, 0x0000, 
  0x0000, 0x0000, 0x0000, 0x0000, 0x0000, 0x0000, 0x0000, 0x0000, 0x1022, 0x2845, 0x3026, 0x3026, 
  0x3026, 0x3026, 0x2844, 0x0801, 0x0000, 0x0000, 0x0000, 0x0000, 0x0000, 0x0000, 0x0000, 0x0000, 
  0x0000, 0x0000, 0x0000, 0x0000, 0x0000, 0x0000, 0x0000, 0x0000, 0x0000, 0x0000, 0x0000, 0x0000, 
  0x0000, 0x0000, 0x0000, 0x0000, 0x0000, 0x0000, 0x0000, 0x0000, 0x0000, 0x0000, 0x0000, 0x0000, 
  0x0000, 0x0000, 0x0000, 0x0000, 0x0000, 0x0000, 0x0000, 0x0000, 0x8430, 0xffff, 0xffff, 0xffff, 
  0xe73c, 0xa514, 0x630c, 0x2124, 0x0020, 0x0000, 0x0000, 0x0000, 0x0000, 0x0000, 0x0000, 0x0000, 
  0x0000, 0x0000, 0x0000, 0x0000, 0x0000, 0x0000, 0x0000, 0x0000, 0x0000, 0x0000, 0x0000, 0x0000, 
  0x0000, 0x0000, 0x0000, 0x0000, 0x0000, 0x0000, 0x0000, 0x0000, 0x0000, 0x0000, 0x0000, 0x0000, 
  0x0000, 0x0000, 0x0000, 0x0000, 0x0000, 0x0000, 0x0000, 0x0000, 0x0000, 0x0000, 0x0000, 0x0000, 
  0x0000, 0x0000, 0x0000, 0x0000, 0x0000, 0x0000, 0x0000, 0x0000, 0x0000, 0x0000, 0x0000, 0x0000, 
  0x0000, 0x0000, 0x0000, 0x0000, 0x0000, 0x0000, 0x0000, 0x0000, 0x0000, 0x0000, 0x0000, 0x0000, 
  0x0000, 0x0000, 0x0000, 0x0000, 0x0000, 0x0000, 0x0000, 0x0000, 0x0000, 0x0000, 0x0000, 0x0000, 
  0x0000, 0x0000, 0x0000, 0x0000, 0x0000, 0x0000, 0x0000, 0x0000, 0x0000, 0x0000, 0x0000, 0x0000, 
  0x0000, 0x0000, 0x0000, 0x0000, 0x0000, 0x0000, 0x0000, 0x0000, 0x0000, 0x0000, 0x0000, 0x0000, 
  0x0000, 0x0000, 0x0000, 0x0000, 0x0000, 0x0000, 0x0000, 0x0000, 0x0000, 0x0000, 0x0000, 0x0000, 
  0x0000, 0x0000, 0x0000, 0x0020, 0x1822, 0x3846, 0x4007, 0x3827, 0x4027, 0x4027, 0x4028, 0x70cd, 
  0x5089, 0x1002, 0x0000, 0x0000, 0x0000, 0x0801, 0x1021, 0x0820, 0x0000, 0x2044, 0x4848, 0x5009, 
  0x5029, 0x5029, 0x5029, 0x4828, 0x4828, 0x4828, 0x4828, 0x4829, 0x4829, 0x4808, 0x4809, 0x4809, 
  0x4828, 0x4048, 0x2844, 0x0800, 0x0000, 0x0000, 0x0000, 0x0000, 0x0000, 0x0000, 0x0000, 0x0000, 
  0x0000, 0x0000, 0x0000, 0x0000, 0x0000, 0x0000, 0x0000, 0x0000, 0x3045, 0x4027, 0x4027, 0x4028, 
  0x4027, 0x4027, 0x4027, 0x4027, 0x4027, 0x4027, 0x4028, 0x4028, 0x4028, 0x4047, 0x2023, 0x0000, 
  0x0000, 0x0000, 0x0000, 0x0000, 0x0000, 0x0000, 0x0000, 0x0000, 0x0000, 0x0000, 0x0000, 0x0000, 
  0x0000, 0x0000, 0x0000, 0x0000, 0x0800, 0x0000, 0x0801, 0x1823, 0x5068, 0x888e, 0x984e, 0xa02f, 
  0xa04f, 0x90ce, 0x3865, 0x0800, 0x0000, 0x0000, 0x0000, 0x0000, 0x0000, 0x0000, 0x0000, 0x0000, 
  0x0000, 0x0000, 0x10a2, 0x0861, 0x0000, 0x0000, 0x0000, 0x0000, 0x0000, 0x0000, 0x0000, 0x0000, 
  0x0000, 0x0000, 0x0000, 0x0000, 0x0000, 0x0000, 0x0000, 0x0800, 0x2885, 0x4107, 0x1001, 0x0000, 
  0x0000, 0x0000, 0x0000, 0x0000, 0x0000, 0x0000, 0x0000, 0x0000, 0x0000, 0x0000, 0x0000, 0x0000, 
  0x0000, 0x0000, 0x0801, 0x2044, 0x3025, 0x3025, 0x3025, 0x3026, 0x3026, 0x2043, 0x0000, 0x0000, 
  0x0000, 0x0000, 0x0000, 0x0000, 0x0000, 0x0000, 0x0000, 0x0000, 0x0000, 0x0000, 0x0000, 0x0000, 
  0x0000, 0x0000, 0x0000, 0x0000, 0x0000, 0x0000, 0x0000, 0x0000, 0x0000, 0x0000, 0x0000, 0x0000, 
  0x0000, 0x0000, 0x0000, 0x0000, 0x0000, 0x0000, 0x0000, 0x0000, 0x0000, 0x0000, 0x0000, 0x0000, 
  0x0000, 0x0000, 0x0020, 0x94b2, 0xf79d, 0xb5b6, 0x6b4c, 0x3186, 0x0000, 0x0020, 0x0000, 0x0000, 
  0x0000, 0x0000, 0x0000, 0x0000, 0x0000, 0x0000, 0x0000, 0x0000, 0x0000, 0x0000, 0x0000, 0x0000, 
  0x0000, 0x0000, 0x0000, 0x0000, 0x0000, 0x0000, 0x0000, 0x0000, 0x0000, 0x0000, 0x0000, 0x0000, 
  0x0000, 0x0000, 0x0000, 0x0000, 0x0000, 0x0000, 0x0000, 0x0000, 0x0000, 0x0000, 0x0000, 0x0000, 
  0x0000, 0x0000, 0x0000, 0x0000, 0x0000, 0x0000, 0x0000, 0x0000, 0x0000, 0x0000, 0x0000, 0x0000, 
  0x0000, 0x0000, 0x0000, 0x0000, 0x0000, 0x0000, 0x0000, 0x0000, 0x0000, 0x0000, 0x0000, 0x0000, 
  0x0000, 0x0000, 0x0000, 0x0000, 0x0000, 0x0000, 0x0000, 0x0000, 0x0000, 0x0000, 0x0000, 0x0000, 
  0x0000, 0x0000, 0x0000, 0x0000, 0x0000, 0x0000, 0x0000, 0x0000, 0x0000, 0x0000, 0x0000, 0x0000, 
  0x0000, 0x0000, 0x0000, 0x0000, 0x0000, 0x0000, 0x0000, 0x0000, 0x0000, 0x0000, 0x0000, 0x0000, 
  0x0000, 0x0000, 0x0000, 0x0000, 0x0000, 0x0000, 0x0000, 0x0000, 0x0000, 0x0000, 0x0000, 0x0000, 
  0x0000, 0x0000, 0x0000, 0x0000, 0x0000, 0x0000, 0x0000, 0x0000, 0x0000, 0x0000, 0x0000, 0x1823, 
  0x3826, 0x3827, 0x3827, 0x4027, 0x4027, 0x586a, 0x68cb, 0x2824, 0x1001, 0x1003, 0x2044, 0x2045, 
  0x2844, 0x1823, 0x0800, 0x0801, 0x3046, 0x5029, 0x5028, 0x5009, 0x5009, 0x5029, 0x5029, 0x5028, 
  0x5028, 0x5028, 0x4828, 0x4829, 0x4809, 0x4809, 0x4829, 0x4828, 0x3045, 0x0801, 0x0000, 0x0000, 
  0x0000, 0x0000, 0x0000, 0x0000, 0x0000, 0x0000, 0x0000, 0x0000, 0x0000, 0x0000, 0x0000, 0x0000, 
  0x0000, 0x0000, 0x0000, 0x1823, 0x4047, 0x4028, 0x4027, 0x4028, 0x4027, 0x4027, 0x4027, 0x4027, 
  0x4028, 0x4027, 0x4027, 0x4048, 0x3846, 0x1002, 0x0000, 0x0000, 0x0000, 0x0000, 0x0000, 0x0000, 
  0x0000, 0x0000, 0x0000, 0x0000, 0x0000, 0x0000, 0x0000, 0x0000, 0x0000, 0x0000, 0x0000, 0x0000, 
  0x0820, 0x1822, 0x4888, 0x888f, 0x9850, 0x984f, 0x984f, 0x986f, 0x78cc, 0x1802, 0x0000, 0x0000, 
  0x0000, 0x0000, 0x0000, 0x0000, 0x0000, 0x0000, 0x0000, 0x0000, 0x0000, 0x0000, 0x0000, 0x0000, 
  0x0000, 0x0000, 0x0000, 0x0000, 0x0000, 0x0000, 0x0000, 0x0000, 0x0000, 0x0000, 0x0000, 0x0000, 
  0x0000, 0x0000, 0x0801, 0x38c6, 0x38a6, 0x0800, 0x0000, 0x0000, 0x0000, 0x0000, 0x0000, 0x0000, 
  0x0000, 0x0000, 0x0000, 0x0000, 0x0000, 0x0000, 0x0000, 0x0000, 0x0000, 0x1022, 0x2845, 0x3025, 
  0x3025, 0x3025, 0x3026, 0x3045, 0x1843, 0x0000, 0x0000, 0x0000, 0x0000, 0x0000, 0x0000, 0x0000, 
  0x0000, 0x0000, 0x0000, 0x0000, 0x0000, 0x0000, 0x0000, 0x0000, 0x0000, 0x0000, 0x0000, 0x0000, 
  0x0000, 0x0000, 0x0000, 0x0000, 0x0000, 0x0000, 0x0000, 0x0000, 0x0000, 0x0000, 0x0000, 0x0000, 
  0x0000, 0x0000, 0x0000, 0x0000, 0x0000, 0x0000, 0x0000, 0x0000, 0x0000, 0x0000, 0x52aa, 0x4a49, 
  0x0020, 0x0000, 0x0000, 0x0000, 0x0000, 0x0000, 0x0000, 0x0000, 0x0000, 0x0000, 0x0000, 0x0000, 
  0x0000, 0x0000, 0x0000, 0x0000, 0x0000, 0x0000, 0x0000, 0x0000, 0x0000, 0x0000, 0x0000, 0x0000, 
  0x0000, 0x0000, 0x0000, 0x0000, 0x0000, 0x0000, 0x0000, 0x0000, 0x0000, 0x0000, 0x0000, 0x0000, 
  0x0000, 0x0000, 0x0000, 0x0000, 0x0000, 0x0000, 0x0000, 0x0000, 0x0000, 0x0000, 0x0000, 0x0000, 
  0x0000, 0x0000, 0x0000, 0x0000, 0x0000, 0x0000, 0x0000, 0x0000, 0x0000, 0x0000, 0x0000, 0x0000, 
  0x0000, 0x0000, 0x0000, 0x0000, 0x0000, 0x0000, 0x0000, 0x0000, 0x0000, 0x0000, 0x0000, 0x0000, 
  0x0000, 0x0000, 0x0000, 0x0000, 0x0000, 0x0000, 0x0000, 0x0000, 0x0000, 0x0000, 0x0000, 0x0000, 
  0x0000, 0x0000, 0x0000, 0x0000, 0x0000, 0x0000, 0x0000, 0x0000, 0x0000, 0x0000, 0x0000, 0x0000, 
  0x0000, 0x0000, 0x0000, 0x0000, 0x0000, 0x0000, 0x0000, 0x0000, 0x0000, 0x0000, 0x0000, 0x0000, 
  0x0000, 0x0000, 0x0000, 0x0000, 0x0000, 0x0000, 0x0000, 0x0000, 0x0000, 0x0000, 0x0000, 0x0000, 
  0x0000, 0x0000, 0x0000, 0x0000, 0x0000, 0x0000, 0x2024, 0x3826, 0x3826, 0x3826, 0x3827, 0x4028, 
  0x60cc, 0x50c9, 0x1803, 0x2825, 0x4048, 0x4849, 0x3066, 0x1823, 0x0000, 0x0000, 0x1022, 0x4067, 
  0x5028, 0x5028, 0x5008, 0x5008, 0x5009, 0x5009, 0x5029, 0x5029, 0x4829, 0x4828, 0x4828, 0x4828, 
  0x4828, 0x4828, 0x3827, 0x1822, 0x0000, 0x0000, 0x0000, 0x0000, 0x0000, 0x0000, 0x0000, 0x0000, 
  0x0000, 0x0000, 0x0000, 0x0000, 0x0000, 0x0000, 0x0000, 0x0000, 0x0000, 0x0000, 0x0821, 0x3846, 
  0x4027, 0x4028, 0x4027, 0x4028, 0x4027, 0x4027, 0x4027, 0x4027, 0x4047, 0x4027, 0x4048, 0x3045, 
  0x0801, 0x0000, 0x0000, 0x0000, 0x0000, 0x0000, 0x0000, 0x0000, 0x0000, 0x0000, 0x0000, 0x0000, 
  0x0000, 0x0000, 0x0000, 0x0000, 0x0000, 0x0000, 0x0000, 0x0000, 0x50c7, 0x810d, 0x9090, 0x9070, 
  0x984f, 0x9850, 0x986f, 0x6089, 0x1001, 0x0000, 0x0000, 0x0000, 0x0000, 0x0000, 0x0000, 0x0000, 
  0x0000, 0x0000, 0x0000, 0x0000, 0x0000, 0x0000, 0x0000, 0x0000, 0x0000, 0x0000, 0x0000, 0x0000, 
  0x0000, 0x0000, 0x0000, 0x0000, 0x0000, 0x0000, 0x0000, 0x0000, 0x0000, 0x1001, 0x40e7, 0x2064, 
  0x0000, 0x0000, 0x0000, 0x0000, 0x0000, 0x0000, 0x0000, 0x0000, 0x0000, 0x0000, 0x0000, 0x0000, 
  0x0000, 0x0000, 0x0000, 0x0801, 0x2044, 0x3026, 0x3026, 0x3025, 0x3025, 0x3026, 0x3046, 0x1822, 
  0x0000, 0x0000, 0x0000, 0x0000, 0x0000, 0x0000, 0x0000, 0x0000, 0x0000, 0x0000, 0x0000, 0x0000, 
  0x0000, 0x0000, 0x0000, 0x0000, 0x0000, 0x0000, 0x0000, 0x0000, 0x0000, 0x0000, 0x0000, 0x0000, 
  0x0000, 0x0000, 0x0000, 0x0000, 0x0000, 0x0000, 0x0000, 0x0000, 0x0000, 0x0000, 0x0000, 0x0000, 
  0x0000, 0x0000, 0x0000, 0x0000, 0x0000, 0x0000, 0x0000, 0x0020, 0x0000, 0x0000, 0x0000, 0x0000, 
  0x0000, 0x0000, 0x0000, 0x0000, 0x0000, 0x0000, 0x0000, 0x0000, 0x0000, 0x0000, 0x0000, 0x0000, 
  0x0000, 0x0000, 0x0000, 0x0000, 0x0000, 0x0000, 0x0000, 0x0000, 0x0000, 0x0000, 0x0000, 0x0000, 
  0x0000, 0x0000, 0x0000, 0x0000, 0x0000, 0x0000, 0x0000, 0x0000, 0x0000, 0x0000, 0x0000, 0x0000, 
  0x0000, 0x0000, 0x0000, 0x0000, 0x0000, 0x0000, 0x0000, 0x0000, 0x0000, 0x0000, 0x0000, 0x0000, 
  0x0000, 0x0000, 0x0000, 0x0000, 0x0000, 0x0000, 0x0000, 0x0000, 0x0000, 0x0000, 0x0000, 0x0000, 
  0x0000, 0x0000, 0x0000, 0x0000, 0x0000, 0x0000, 0x0000, 0x0000, 0x0000, 0x0000, 0x0000, 0x0000, 
  0x0000, 0x0000, 0x0000, 0x0000, 0x0000, 0x0000, 0x0000, 0x0000, 0x0000, 0x0000, 0x0000, 0x0000, 
  0x0000, 0x0000, 0x0000, 0x0000, 0x0000, 0x0000, 0x0000, 0x0000, 0x0000, 0x0000, 0x0000, 0x0000, 
  0x0000, 0x0000, 0x0000, 0x0000, 0x0000, 0x0000, 0x0000, 0x0000, 0x0000, 0x0000, 0x0000, 0x0000, 
  0x0000, 0x0000, 0x0000, 0x0000, 0x0000, 0x0000, 0x0000, 0x0000, 0x0000, 0x0000, 0x0000, 0x0000, 
  0x0801, 0x2824, 0x3026, 0x3806, 0x3826, 0x3826, 0x586a, 0x68eb, 0x3045, 0x3025, 0x4869, 0x4849, 
  0x3026, 0x1802, 0x0020, 0x0000, 0x0000, 0x2023, 0x4848, 0x5029, 0x5029, 0x5028, 0x5008, 0x5008, 
  0x5009, 0x5008, 0x5029, 0x5029, 0x5028, 0x4828, 0x4828, 0x4828, 0x4848, 0x2824, 0x0800, 0x0000, 
  0x0000, 0x0000, 0x0000, 0x0000, 0x0000, 0x0000, 0x0000, 0x0000, 0x0000, 0x0000, 0x0000, 0x0000, 
  0x0000, 0x0000, 0x0000, 0x0000, 0x0000, 0x0000, 0x2825, 0x4027, 0x4027, 0x4027, 0x4027, 0x4027, 
  0x4027, 0x4027, 0x4027, 0x4027, 0x4027, 0x3847, 0x2024, 0x0800, 0x0000, 0x0000, 0x0000, 0x0000, 
  0x0000, 0x0000, 0x0000, 0x0000, 0x0000, 0x0000, 0x0000, 0x0000, 0x0000, 0x0000, 0x0000, 0x0000, 
  0x0000, 0x0000, 0x0000, 0x0800, 0x908f, 0x908f, 0x988f, 0x9850, 0x9850, 0x88ae, 0x4066, 0x0800, 
  0x0000, 0x0000, 0x0000, 0x0000, 0x0000, 0x0000, 0x0000, 0x0000, 0x0000, 0x0000, 0x0000, 0x0000, 
  0x0000, 0x0000, 0x0000, 0x0000, 0x0000, 0x0000, 0x0000, 0x0000, 0x0000, 0x0000, 0x0000, 0x0000, 
  0x0000, 0x0000, 0x0000, 0x0000, 0x2043, 0x4107, 0x1822, 0x0000, 0x0000, 0x0000, 0x0000, 0x0000, 
  0x0000, 0x0000, 0x0000, 0x0000, 0x0000, 0x0000, 0x0000, 0x0000, 0x0000, 0x0801, 0x2023, 0x3026, 
  0x3026, 0x3005, 0x3025, 0x3026, 0x3026, 0x3045, 0x1021, 0x0000, 0x0000, 0x0000, 0x0000, 0x0000, 
  0x0000, 0x0000, 0x0000, 0x0000, 0x0000, 0x0000, 0x0000, 0x0000, 0x0000, 0x0000, 0x0000, 0x0000, 
  0x0000, 0x0000, 0x0000, 0x0000, 0x0000, 0x0000, 0x0000, 0x0000, 0x0000, 0x0000, 0x0000, 0x0000, 
  0x0000, 0x0000, 0x0000, 0x0000, 0x0000, 0x0000, 0x0000, 0x0000, 0x0000, 0x0000, 0x0000, 0x0000, 
  0x0000, 0x0000, 0x0000, 0x0000, 0x0000, 0x0000, 0x0000, 0x0000, 0x0000, 0x0000, 0x0000, 0x0000, 
  0x0000, 0x0000, 0x0000, 0x0000, 0x0000, 0x0000, 0x0000, 0x0000, 0x0000, 0x0000, 0x0000, 0x0000, 
  0x0000, 0x0000, 0x0000, 0x0000, 0x0000, 0x0000, 0x0000, 0x0000, 0x0000, 0x0000, 0x0000, 0x0000, 
  0x0000, 0x0000, 0x0000, 0x0000, 0x0000, 0x0000, 0x0000, 0x0000, 0x0000, 0x0000, 0x0000, 0x0000, 
  0x0000, 0x0000, 0x0000, 0x0000, 0x0000, 0x0000, 0x0000, 0x0000, 0x0000, 0x0000, 0x0000, 0x0000, 
  0x0000, 0x0000, 0x0000, 0x0000, 0x0000, 0x0000, 0x0000, 0x0000, 0x0000, 0x0000, 0x0000, 0x0000, 
  0x0000, 0x0000, 0x0000, 0x0000, 0x0000, 0x0000, 0x0000, 0x0000, 0x0000, 0x0000, 0x0000, 0x0000, 
  0x0000, 0x0000, 0x0000, 0x0000, 0x0000, 0x0000, 0x0000, 0x0000, 0x0000, 0x0000, 0x0000, 0x0000, 
  0x0000, 0x0000, 0x0000, 0x0000, 0x0000, 0x0000, 0x0000, 0x0000, 0x0000, 0x0000, 0x0000, 0x0000, 
  0x0000, 0x0000, 0x0000, 0x0000, 0x0000, 0x0000, 0x0000, 0x0000, 0x0000, 0x0000, 0x0000, 0x0000, 
  0x0000, 0x0000, 0x0000, 0x0000, 0x0000, 0x0000, 0x0000, 0x1022, 0x3026, 0x3806, 0x3826, 0x3826, 
  0x4048, 0x690c, 0x48a8, 0x2804, 0x4869, 0x4889, 0x2825, 0x0801, 0x0000, 0x0000, 0x0000, 0x0801, 
  0x3045, 0x5049, 0x5808, 0x5028, 0x5008, 0x5009, 0x5008, 0x5008, 0x5028, 0x5028, 0x5028, 0x5028, 
  0x5029, 0x4829, 0x4848, 0x2845, 0x0801, 0x0000, 0x0020, 0x0000, 0x0000, 0x0000, 0x0000, 0x0000, 
  0x0000, 0x0000, 0x0000, 0x0000, 0x0000, 0x0000, 0x0000, 0x0000, 0x0000, 0x0000, 0x0000, 0x0000, 
  0x0000, 0x1822, 0x3847, 0x4028, 0x4027, 0x4027, 0x4027, 0x4027, 0x4027, 0x4027, 0x4027, 0x3827, 
  0x3046, 0x1021, 0x0000, 0x0000, 0x0000, 0x0000, 0x0000, 0x0000, 0x0000, 0x0000, 0x0000, 0x0000, 
  0x0000, 0x0000, 0x0000, 0x0000, 0x0000, 0x0000, 0x0000, 0x0000, 0x0000, 0x0800, 0x0800, 0x3065, 
  0x986f, 0x9870, 0x9850, 0x9850, 0x80cd, 0x2823, 0x0000, 0x0000, 0x0000, 0x0000, 0x0000, 0x0000, 
  0x0000, 0x0000, 0x0000, 0x0000, 0x0000, 0x0000, 0x0000, 0x0000, 0x0000, 0x0000, 0x0000, 0x0000, 
  0x0000, 0x0000, 0x0000, 0x0000, 0x0000, 0x0000, 0x0000, 0x0000, 0x0000, 0x0000, 0x0000, 0x2884, 
  0x38e6, 0x0801, 0x0000, 0x0000, 0x0000, 0x0000, 0x0000, 0x0000, 0x0000, 0x0000, 0x0000, 0x0000, 
  0x0000, 0x0000, 0x0000, 0x0000, 0x1022, 0x2825, 0x3006, 0x3006, 0x3025, 0x3026, 0x3025, 0x3026, 
  0x2844, 0x0801, 0x0000, 0x0000, 0x0000, 0x0000, 0x0000, 0x0000, 0x0000, 0x0000, 0x0000, 0x0000, 
  0x0000, 0x0000, 0x0000, 0x0000, 0x0000, 0x0000, 0x0000, 0x0000, 0x0000, 0x0000, 0x0000, 0x0000, 
  0x0820, 0x0000, 0x0000, 0x0000, 0x0000, 0x0000, 0x0000, 0x0000, 0x0000, 0x0000, 0x0000, 0x0000, 
  0x0000, 0x0000, 0x0000, 0x0000, 0x0000, 0x0000, 0x0000, 0x0000, 0x0000, 0x0000, 0x0000, 0x0000, 
  0x0000, 0x0000, 0x0000, 0x0000, 0x0000, 0x0000, 0x0000, 0x0000, 0x0000, 0x0000, 0x0000, 0x0000, 
  0x0000, 0x0000, 0x0000, 0x0000, 0x0000, 0x0000, 0x0000, 0x0000, 0x0000, 0x0000, 0x0000, 0x0000, 
  0x0000, 0x0000, 0x0000, 0x0000, 0x0000, 0x0000, 0x0000, 0x0000, 0x0000, 0x0000, 0x0000, 0x0000, 
  0x0000, 0x0000, 0x0000, 0x0000, 0x0000, 0x0000, 0x0000, 0x0000, 0x0000, 0x0000, 0x0000, 0x0000, 
  0x0000, 0x0000, 0x0000, 0x0000, 0x0000, 0x0000, 0x0000, 0x0000, 0x0000, 0x0000, 0x0000, 0x0000, 
  0x0000, 0x0000, 0x0000, 0x0000, 0x0000, 0x0000, 0x0000, 0x0000, 0x0000, 0x0000, 0x0000, 0x0000, 
  0x0000, 0x0000, 0x0000, 0x0000, 0x0000, 0x0000, 0x0000, 0x0000, 0x0000, 0x0000, 0x0000, 0x0000, 
  0x0000, 0x0000, 0x0000, 0x0000, 0x0000, 0x0000, 0x0000, 0x0000, 0x0000, 0x0000, 0x0000, 0x0000, 
  0x0000, 0x0000, 0x0000, 0x0000, 0x0000, 0x0000, 0x0000, 0x0000, 0x0000, 0x0000, 0x0000, 0x0000, 
  0x0000, 0x0000, 0x0000, 0x0000, 0x0000, 0x0000, 0x0000, 0x0000, 0x0000, 0x0000, 0x0000, 0x0000, 
  0x0000, 0x0000, 0x1823, 0x3847, 0x3826, 0x3826, 0x3827, 0x508a, 0x592b, 0x2824, 0x3866, 0x4888, 
  0x2844, 0x0801, 0x0000, 0x0000, 0x0000, 0x0000, 0x0801, 0x3867, 0x5829, 0x5029, 0x5028, 0x5008, 
  0x5028, 0x5028, 0x5028, 0x5008, 0x5028, 0x4828, 0x5028, 0x4828, 0x4849, 0x3847, 0x1822, 0x0000, 
  0x0000, 0x0000, 0x0000, 0x0000, 0x0000, 0x0000, 0x0000, 0x0000, 0x0000, 0x0000, 0x0000, 0x0000, 
  0x0000, 0x0000, 0x0000, 0x0000, 0x0000, 0x0000, 0x0000, 0x0000, 0x0821, 0x3026, 0x4027, 0x4027, 
  0x4027, 0x4027, 0x4027, 0x4027, 0x4027, 0x4027, 0x3847, 0x2844, 0x0800, 0x0000, 0x0000, 0x0000, 
  0x0000, 0x0000, 0x0000, 0x0000, 0x0000, 0x0000, 0x0000, 0x0000, 0x0000, 0x0000, 0x0000, 0x0000, 
  0x0000, 0x0000, 0x0000, 0x0000, 0x0000, 0x1001, 0x48a7, 0x796c, 0x986f, 0x9850, 0x9870, 0x68aa, 
  0x1002, 0x0000, 0x0000, 0x0000, 0x0000, 0x0000, 0x0000, 0x0000, 0x0000, 0x0000, 0x0000, 0x0000, 
  0x0000, 0x0000, 0x0000, 0x0000, 0x0000, 0x0000, 0x0000, 0x0000, 0x0000, 0x0000, 0x0000, 0x0000, 
  0x0000, 0x0000, 0x0000, 0x0000, 0x0000, 0x0800, 0x30c5, 0x3085, 0x0800, 0x0000, 0x0000, 0x0000, 
  0x0000, 0x0000, 0x0000, 0x0000, 0x0000, 0x0000, 0x0000, 0x0000, 0x0000, 0x0000, 0x0800, 0x1823, 
  0x2825, 0x3006, 0x3006, 0x3025, 0x3025, 0x3026, 0x3026, 0x2044, 0x0800, 0x0000, 0x0000, 0x0000, 
  0x0000, 0x0000, 0x0000, 0x0000, 0x0000, 0x0000, 0x0000, 0x0000, 0x0000, 0x0000, 0x0000, 0x0000, 
  0x0000, 0x0000, 0x0000, 0x0000, 0x0000, 0x0000, 0x0800, 0x1862, 0x0821, 0x0000, 0x0000, 0x0000, 
  0x0000, 0x0000, 0x0000, 0x0000, 0x0000, 0x0000, 0x0000, 0x0000, 0x0000, 0x0000, 0x0000, 0x0000, 
  0x0000, 0x0000, 0x0000, 0x0000, 0x0000, 0x0000, 0x0000, 0x0000, 0x0000, 0x0000, 0x0000, 0x0000, 
  0x0000, 0x0000, 0x0000, 0x0000, 0x0000, 0x0000, 0x0000, 0x0000, 0x0000, 0x0000, 0x0000, 0x0000, 
  0x0000, 0x0000, 0x0000, 0x0000, 0x0000, 0x0000, 0x0000, 0x0000, 0x0000, 0x0000, 0x0000, 0x0000, 
  0x0000, 0x0000, 0x0000, 0x0000, 0x0000, 0x0000, 0x0000, 0x0000, 0x0000, 0x0000, 0x0000, 0x0000, 
  0x0000, 0x0000, 0x0000, 0x0000, 0x0000, 0x0000, 0x0000, 0x0000, 0x0000, 0x0000, 0x0000, 0x0000, 
  0x0000, 0x0000, 0x0000, 0x0000, 0x0000, 0x0000, 0x0000, 0x0000, 0x0000, 0x0000, 0x0000, 0x0000, 
  0x0000, 0x0000, 0x0000, 0x0000, 0x0000, 0x0000, 0x0000, 0x0000, 0x0000, 0x0000, 0x0000, 0x0000, 
  0x0000, 0x0000, 0x0000, 0x0000, 0x0000, 0x0000, 0x0000, 0x0000, 0x0000, 0x0000, 0x0000, 0x0000, 
  0x0000, 0x0000, 0x0000, 0x0000, 0x0000, 0x0000, 0x0000, 0x0000, 0x0000, 0x0000, 0x0000, 0x0000, 
  0x0000, 0x0000, 0x0000, 0x0000, 0x0000, 0x0000, 0x0000, 0x0000, 0x0000, 0x0000, 0x0000, 0x0000, 
  0x0000, 0x0000, 0x0000, 0x0000, 0x0000, 0x0000, 0x0000, 0x0000, 0x0800, 0x2024, 0x3827, 0x3827, 
  0x3826, 0x4027, 0x50a9, 0x3065, 0x2844, 0x38a7, 0x2044, 0x0801, 0x0000, 0x0000, 0x0000, 0x0000, 
  0x0000, 0x1822, 0x4868, 0x5029, 0x5029, 0x5029, 0x5028, 0x5029, 0x5009, 0x5008, 0x5028, 0x5028, 
  0x5028, 0x4828, 0x4828, 0x4047, 0x2023, 0x0800, 0x0000, 0x0000, 0x0000, 0x0000, 0x0000, 0x0000, 
  0x0000, 0x0000, 0x0000, 0x0000, 0x0000, 0x0000, 0x0000, 0x0000, 0x0000, 0x0000, 0x0000, 0x0000, 
  0x0000, 0x0000, 0x0000, 0x0000, 0x2044, 0x3827, 0x3827, 0x3827, 0x4027, 0x4027, 0x4027, 0x4028, 
  0x4027, 0x3847, 0x1823, 0x0000, 0x0000, 0x0000, 0x0000, 0x0000, 0x0000, 0x0000, 0x0000, 0x0000, 
  0x0000, 0x0000, 0x0000, 0x0000, 0x0000, 0x0000, 0x0000, 0x0000, 0x0000, 0x0000, 0x0000, 0x0800, 
  0x1821, 0x68ea, 0x690a, 0x1822, 0x9850, 0x90af, 0x4867, 0x0800, 0x0000, 0x0000, 0x0000, 0x0000, 
  0x0000, 0x0000, 0x0000, 0x0000, 0x0000, 0x0000, 0x0000, 0x0000, 0x0000, 0x0000, 0x0000, 0x0000, 
  0x0000, 0x0000, 0x0000, 0x0000, 0x0000, 0x0000, 0x0000, 0x0000, 0x0000, 0x0000, 0x0000, 0x0000, 
  0x0800, 0x38e6, 0x2063, 0x0020, 0x0000, 0x0000, 0x0000, 0x0000, 0x0000, 0x0000, 0x0000, 0x0000, 
  0x0000, 0x0000, 0x0000, 0x0000, 0x0000, 0x0801, 0x2824, 0x3006, 0x3006, 0x3006, 0x3005, 0x3025, 
  0x3005, 0x3026, 0x2043, 0x0000, 0x0000, 0x0000, 0x0000, 0x0000, 0x0000, 0x0000, 0x0000, 0x0000, 
  0x0000, 0x0000, 0x0000, 0x0000, 0x0000, 0x0000, 0x0000, 0x0000, 0x0000, 0x0000, 0x0000, 0x0000, 
  0x0000, 0x1021, 0x28a4, 0x1021, 0x0000, 0x0000, 0x0000, 0x0000, 0x0000, 0x0000, 0x0000, 0x0000, 
  0x0000, 0x0000, 0x0000, 0x0000, 0x0000, 0x0000, 0x0000, 0x0000, 0x0000, 0x0000, 0x0000, 0x0000, 
  0x0000, 0x0000, 0x0000, 0x0000, 0x0000, 0x0000, 0x0000, 0x0000, 0x0000, 0x0000, 0x0000, 0x0000, 
  0x0000, 0x0000, 0x0000, 0x0000, 0x0000, 0x0000, 0x0000, 0x0000, 0x0000, 0x0000, 0x0000, 0x0000, 
  0x0000, 0x0000, 0x0000, 0x0000, 0x0000, 0x0000, 0x0000, 0x0000, 0x0000, 0x0000, 0x0000, 0x0000, 
  0x0000, 0x0000, 0x0000, 0x0000, 0x0000, 0x0000, 0x0000, 0x0000, 0x0000, 0x0000, 0x0000, 0x0000, 
  0x0000, 0x0000, 0x0000, 0x0000, 0x0000, 0x0000, 0x0000, 0x0000, 0x0000, 0x0000, 0x0000, 0x0000, 
  0x0000, 0x0000, 0x0000, 0x0000, 0x0000, 0x0000, 0x0000, 0x0000, 0x0000, 0x0800, 0x0800, 0x0000, 
  0x0000, 0x0000, 0x0000, 0x0000, 0x0000, 0x0000, 0x0000, 0x0000, 0x0000, 0x0000, 0x0000, 0x0000, 
  0x0000, 0x0000, 0x0000, 0x0000, 0x0000, 0x0000, 0x0000, 0x0000, 0x0000, 0x0000, 0x0000, 0x0000, 
  0x0000, 0x0000, 0x0000, 0x0000, 0x0000, 0x0000, 0x0000, 0x0000, 0x0000, 0x0000, 0x0000, 0x0000, 
  0x0000, 0x0000, 0x0000, 0x0000, 0x0000, 0x0000, 0x0000, 0x0000, 0x0000, 0x0000, 0x0000, 0x0000, 
  0x0000, 0x0000, 0x0000, 0x0801, 0x3045, 0x4026, 0x4027, 0x4027, 0x4048, 0x3867, 0x2023, 0x2884, 
  0x1843, 0x0800, 0x0000, 0x0000, 0x0000, 0x0000, 0x0000, 0x0000, 0x2044, 0x5049, 0x5029, 0x5029, 
  0x5029, 0x5029, 0x5029, 0x5029, 0x5029, 0x5029, 0x5028, 0x5028, 0x5028, 0x4848, 0x3045, 0x1021, 
  0x0000, 0x0000, 0x0000, 0x0000, 0x0000, 0x0000, 0x0000, 0x0000, 0x0000, 0x0000, 0x0000, 0x0000, 
  0x0000, 0x0000, 0x0000, 0x0000, 0x0000, 0x0000, 0x0000, 0x0000, 0x0000, 0x0000, 0x0000, 0x1022, 
  0x3827, 0x3827, 0x3827, 0x4027, 0x3827, 0x4027, 0x4027, 0x3827, 0x3066, 0x1021, 0x0000, 0x0000, 
  0x0000, 0x0000, 0x0000, 0x0000, 0x0000, 0x0000, 0x0000, 0x0000, 0x0000, 0x0000, 0x0000, 0x0000, 
  0x0000, 0x0000, 0x0000, 0x0000, 0x0000, 0x0000, 0x0800, 0x2043, 0x712c, 0x58c8, 0x1001, 0x0000, 
  0x88ae, 0x3845, 0x0800, 0x0000, 0x0000, 0x0000, 0x0000, 0x0000, 0x0000, 0x0000, 0x0000, 0x0000, 
  0x0000, 0x0000, 0x0000, 0x0000, 0x0000, 0x0000, 0x0000, 0x0000, 0x0000, 0x0000, 0x0000, 0x0000, 
  0x0000, 0x0000, 0x0000, 0x0000, 0x0000, 0x0000, 0x0000, 0x1822, 0x38e6, 0x1042, 0x0000, 0x0000, 
  0x0000, 0x0000, 0x0000, 0x0000, 0x0000, 0x0000, 0x0000, 0x0000, 0x0000, 0x0000, 0x0000, 0x0000, 
  0x1823, 0x3026, 0x3006, 0x3006, 0x3006, 0x3006, 0x3005, 0x3025, 0x3025, 0x1843, 0x0000, 0x0000, 
  0x0000, 0x0000, 0x0000, 0x0000, 0x0000, 0x0000, 0x0000, 0x0000, 0x0000, 0x0000, 0x0000, 0x0000, 
  0x0000, 0x0000, 0x0000, 0x0000, 0x0000, 0x0000, 0x0000, 0x0800, 0x2044, 0x2884, 0x0801, 0x0000, 
  0x0000, 0x0000, 0x0000, 0x0000, 0x0000, 0x0000, 0x0000, 0x0000, 0x0000, 0x0000, 0x0000, 0x0000, 
  0x0000, 0x0000, 0x0000, 0x0000, 0x0000, 0x0000, 0x0000, 0x0000, 0x0000, 0x0000, 0x0000, 0x0000, 
  0x0000, 0x0000, 0x0000, 0x0000, 0x0000, 0x0000, 0x0000, 0x0000, 0x0000, 0x0000, 0x0000, 0x0000, 
  0x0000, 0x0000, 0x0000, 0x0000, 0x0000, 0x0000, 0x0000, 0x0000, 0x0000, 0x0000, 0x0000, 0x0000, 
  0x0000, 0x0000, 0x0000, 0x0000, 0x0000, 0x0000, 0x0000, 0x0000, 0x0000, 0x0000, 0x0000, 0x0000, 
  0x0000, 0x0000, 0x0000, 0x0000, 0x0000, 0x0000, 0x0000, 0x0000, 0x0000, 0x0000, 0x0000, 0x0000, 
  0x0000, 0x0000, 0x0000, 0x0000, 0x0000, 0x0020, 0x0000, 0x0000, 0x0000, 0x0000, 0x0000, 0x0000, 
  0x0000, 0x0000, 0x0000, 0x0000, 0x0801, 0x1001, 0x0801, 0x0801, 0x0801, 0x0801, 0x0800, 0x0000, 
  0x0000, 0x0000, 0x0000, 0x0000, 0x0000, 0x0000, 0x0000, 0x0000, 0x0000, 0x0000, 0x0000, 0x0000, 
  0x0000, 0x0000, 0x0000, 0x0000, 0x0000, 0x0000, 0x0000, 0x0000, 0x0000, 0x0000, 0x0000, 0x0000, 
  0x0000, 0x0000, 0x0000, 0x0000, 0x0000, 0x0000, 0x0000, 0x0000, 0x0000, 0x0000, 0x0000, 0x0000, 
  0x0000, 0x0000, 0x0000, 0x0000, 0x0000, 0x0000, 0x0000, 0x0000, 0x0000, 0x0000, 0x1001, 0x3045, 
  0x3827, 0x3827, 0x3827, 0x3847, 0x2824, 0x1822, 0x1021, 0x0000, 0x0000, 0x0000, 0x0000, 0x0000, 
  0x0000, 0x0000, 0x0821, 0x3845, 0x5049, 0x5829, 0x5029, 0x5029, 0x5029, 0x5029, 0x5029, 0x5028, 
  0x5028, 0x5029, 0x5028, 0x4848, 0x4046, 0x1822, 0x0000, 0x0000, 0x0000, 0x0000, 0x0000, 0x0000, 
  0x0000, 0x0000, 0x0000, 0x0000, 0x0000, 0x0000, 0x0000, 0x0000, 0x0000, 0x0000, 0x0000, 0x0000, 
  0x0000, 0x0000, 0x0000, 0x0000, 0x0000, 0x0000, 0x0821, 0x3046, 0x3827, 0x3827, 0x3827, 0x3827, 
  0x4027, 0x3827, 0x3847, 0x2845, 0x0800, 0x0000, 0x0000, 0x0000, 0x0000, 0x0000, 0x0000, 0x0000, 
  0x0000, 0x0000, 0x0000, 0x0000, 0x0000, 0x0000, 0x0000, 0x0000, 0x0000, 0x0000, 0x0000, 0x0000, 
  0x0000, 0x0800, 0x4085, 0x812c, 0x50a8, 0x0800, 0x0020, 0x0020, 0x1822, 0x0000, 0x0000, 0x0000, 
  0x0000, 0x0000, 0x0000, 0x0000, 0x0000, 0x0000, 0x0000, 0x0000, 0x0000, 0x0000, 0x0000, 0x0000, 
  0x0000, 0x0000, 0x0000, 0x0000, 0x0000, 0x0000, 0x0000, 0x0000, 0x0000, 0x0000, 0x0000, 0x0000, 
  0x0000, 0x0000, 0x1843, 0x38c5, 0x0800, 0x0000, 0x0000, 0x0000, 0x0000, 0x0000, 0x0000, 0x0000, 
  0x0000, 0x0000, 0x0000, 0x0000, 0x0000, 0x0000, 0x0801, 0x2825, 0x3006, 0x3006, 0x3006, 0x3006, 
  0x3006, 0x3006, 0x3005, 0x3025, 0x1822, 0x0000, 0x0000, 0x0000, 0x0000, 0x0000, 0x0000, 0x0000, 
  0x0000, 0x0000, 0x0000, 0x0000, 0x0000, 0x0000, 0x0000, 0x0000, 0x0000, 0x0000, 0x0000, 0x0000, 
  0x0000, 0x0000, 0x1022, 0x3866, 0x3065, 0x0800, 0x0000, 0x0000, 0x0000, 0x0000, 0x0000, 0x0000, 
  0x0000, 0x0000, 0x0000, 0x0000, 0x0000, 0x0000, 0x0000, 0x0000, 0x0000, 0x0000, 0x0000, 0x0000, 
  0x0000, 0x0000, 0x0000, 0x0000, 0x0000, 0x0000, 0x0000, 0x0000, 0x0000, 0x0000, 0x0000, 0x0000, 
  0x0000, 0x0000, 0x0000, 0x0000, 0x0000, 0x0000, 0x0000, 0x0000, 0x0000, 0x0000, 0x0000, 0x0000, 
  0x0000, 0x0000, 0x0000, 0x0000, 0x0000, 0x0000, 0x0000, 0x0000, 0x0000, 0x0000, 0x0000, 0x0000, 
  0x0000, 0x0000, 0x0000, 0x0000, 0x0000, 0x0000, 0x0000, 0x0000, 0x0000, 0x0000, 0x0000, 0x0000, 
  0x0000, 0x0000, 0x0000, 0x0000, 0x0000, 0x0000, 0x0000, 0x0000, 0x0000, 0x0000, 0x0000, 0x1021, 
  0x1041, 0x0000, 0x0000, 0x0000, 0x0000, 0x0000, 0x0000, 0x0000, 0x0000, 0x0000, 0x0801, 0x1002, 
  0x1002, 0x1002, 0x1002, 0x0801, 0x0801, 0x0801, 0x0801, 0x0801, 0x0801, 0x0801, 0x0801, 0x0801, 
  0x0801, 0x0801, 0x0801, 0x0801, 0x0801, 0x0801, 0x0801, 0x0000, 0x0000, 0x0000, 0x0000, 0x0000, 
  0x0000, 0x0000, 0x0000, 0x0000, 0x0000, 0x0000, 0x0000, 0x0000, 0x0800, 0x0800, 0x0800, 0x0800, 
  0x0000, 0x0000, 0x0000, 0x0000, 0x0000, 0x0000, 0x0000, 0x0000, 0x0000, 0x0000, 0x0000, 0x0000, 
  0x0000, 0x0000, 0x0000, 0x0000, 0x0000, 0x1022, 0x3046, 0x3827, 0x3827, 0x3847, 0x3046, 0x1002, 
  0x0000, 0x0000, 0x0000, 0x0000, 0x0000, 0x0000, 0x0000, 0x0020, 0x0000, 0x1022, 0x4067, 0x5029, 
  0x5829, 0x5829, 0x5829, 0x5029, 0x5029, 0x5029, 0x5029, 0x5029, 0x5029, 0x5029, 0x4848, 0x2844, 
  0x0800, 0x0000, 0x0000, 0x0000, 0x0000, 0x0000, 0x0000, 0x0000, 0x0000, 0x0000, 0x0000, 0x0000, 
  0x0000, 0x0000, 0x0000, 0x0000, 0x0000, 0x0000, 0x0000, 0x0000, 0x0000, 0x0000, 0x0000, 0x0000, 
  0x0000, 0x0800, 0x2845, 0x3827, 0x3827, 0x3827, 0x3827, 0x3827, 0x3827, 0x3847, 0x1823, 0x0000, 
  0x0000, 0x0000, 0x0000, 0x0000, 0x0000, 0x0000, 0x0000, 0x0000, 0x0000, 0x0000, 0x0000, 0x0000, 
  0x0000, 0x0000, 0x0000, 0x0000, 0x0000, 0x0000, 0x0000, 0x0000, 0x1001, 0x58a8, 0x812d, 0x4086, 
  0x0800, 0x0000, 0x0000, 0x0000, 0x0000, 0x0000, 0x0000, 0x0000, 0x0000, 0x0000, 0x0000, 0x0000, 
  0x0000, 0x0000, 0x0000, 0x0000, 0x0000, 0x0000, 0x0000, 0x0000, 0x0000, 0x0000, 0x0020, 0x0000, 
  0x0000, 0x0000, 0x0000, 0x0000, 0x0000, 0x0000, 0x0000, 0x0000, 0x0000, 0x2083, 0x2884, 0x0800, 
  0x0000, 0x0000, 0x0000, 0x0000, 0x0000, 0x0000, 0x0000, 0x0000, 0x0000, 0x0000, 0x0000, 0x0000, 
  0x0000, 0x1822, 0x3026, 0x3006, 0x3006, 0x3006, 0x3006, 0x3005, 0x3006, 0x3005, 0x3026, 0x1022, 
  0x0000, 0x0000, 0x0000, 0x0000, 0x0000, 0x0000, 0x0000, 0x0000, 0x0000, 0x0000, 0x0000, 0x0000, 
  0x0000, 0x0000, 0x0000, 0x0000, 0x0000, 0x0000, 0x0000, 0x0000, 0x0800, 0x2844, 0x4067, 0x3045, 
  0x0800, 0x0000, 0x0000, 0x0000, 0x0000, 0x0000, 0x0000, 0x0000, 0x0000, 0x0000, 0x0000, 0x0000, 
  0x0000, 0x0000, 0x0000, 0x0000, 0x0000, 0x0000, 0x0000, 0x0000, 0x0000, 0x0000, 0x0000, 0x0000, 
  0x0000, 0x0000, 0x0000, 0x0000, 0x0000, 0x0000, 0x0000, 0x0000, 0x0000, 0x0000, 0x0000, 0x0000, 
  0x0000, 0x0000, 0x0000, 0x0000, 0x0000, 0x0000, 0x0000, 0x0000, 0x0000, 0x0000, 0x0000, 0x0000, 
  0x0000, 0x0000, 0x0000, 0x0000, 0x0000, 0x0000, 0x0000, 0x0000, 0x0000, 0x0000, 0x0000, 0x0000, 
  0x0000, 0x0000, 0x0000, 0x0000, 0x0000, 0x0000, 0x0000, 0x0000, 0x0000, 0x0000, 0x0000, 0x0000, 
  0x0000, 0x0000, 0x0000, 0x0000, 0x0000, 0x0000, 0x1862, 0x1041, 0x0000, 0x0000, 0x0000, 0x0000, 
  0x0000, 0x0000, 0x0000, 0x0000, 0x0800, 0x1002, 0x1803, 0x1803, 0x1802, 0x1002, 0x1002, 0x1002, 
  0x1002, 0x1002, 0x1001, 0x1001, 0x1001, 0x0801, 0x0801, 0x0801, 0x0801, 0x0801, 0x0801, 0x0801, 
  0x0801, 0x0801, 0x0000, 0x0000, 0x0000, 0x0000, 0x0000, 0x0000, 0x0000, 0x0000, 0x0000, 0x0000, 
  0x0000, 0x0000, 0x0800, 0x0801, 0x0801, 0x0801, 0x0801, 0x0801, 0x0800, 0x0000, 0x0000, 0x0000, 
  0x0000, 0x0000, 0x0000, 0x0000, 0x0000, 0x0000, 0x0000, 0x0000, 0x0000, 0x0000, 0x0000, 0x0800, 
  0x1823, 0x3046, 0x3026, 0x3827, 0x3867, 0x2023, 0x0800, 0x0000, 0x0000, 0x0000, 0x0000, 0x0000, 
  0x0000, 0x0000, 0x0000, 0x0000, 0x2023, 0x4848, 0x5809, 0x5829, 0x5829, 0x5829, 0x5029, 0x5029, 
  0x5029, 0x5029, 0x5009, 0x5029, 0x5029, 0x3846, 0x1001, 0x0000, 0x0000, 0x0000, 0x0000, 0x0000, 
  0x0000, 0x0000, 0x0000, 0x0000, 0x0000, 0x0000, 0x0000, 0x0000, 0x0000, 0x0000, 0x0000, 0x0000, 
  0x0000, 0x0000, 0x0000, 0x0000, 0x0000, 0x0000, 0x0000, 0x0000, 0x0000, 0x1823, 0x3827, 0x3827, 
  0x3827, 0x3826, 0x3827, 0x3827, 0x3046, 0x1021, 0x0000, 0x0000, 0x0000, 0x0000, 0x0000, 0x0000, 
  0x0000, 0x0000, 0x0000, 0x0000, 0x0000, 0x0000, 0x0000, 0x0000, 0x0000, 0x0000, 0x0000, 0x0000, 
  0x0000, 0x0000, 0x0000, 0x2022, 0x70eb, 0x812c, 0x2823, 0x0800, 0x0000, 0x0000, 0x0000, 0x0000, 
  0x0000, 0x0000, 0x0000, 0x0000, 0x0000, 0x0000, 0x0000, 0x0000, 0x0000, 0x0000, 0x0000, 0x0000, 
  0x0000, 0x0000, 0x0000, 0x0000, 0x0821, 0x1062, 0x0000, 0x0000, 0x0000, 0x0000, 0x0000, 0x0000, 
  0x0000, 0x0000, 0x0000, 0x0000, 0x28c4, 0x2083, 0x0000, 0x0000, 0x0000, 0x0000, 0x0000, 0x0000, 
  0x0000, 0x0000, 0x0000, 0x0000, 0x0000, 0x0000, 0x0000, 0x0801, 0x2044, 0x3026, 0x3006, 0x3006, 
  0x3006, 0x3006, 0x3006, 0x3006, 0x3026, 0x2845, 0x1001, 0x0000, 0x0000, 0x0000, 0x0000, 0x0000, 
  0x0000, 0x0000, 0x0000, 0x0000, 0x0000, 0x0000, 0x0000, 0x0000, 0x0000, 0x0000, 0x0000, 0x0000, 
  0x0000, 0x0000, 0x0800, 0x2023, 0x3866, 0x4868, 0x2844, 0x0800, 0x0000, 0x0000, 0x0000, 0x0000, 
  0x0000, 0x0000, 0x0000, 0x0000, 0x0000, 0x0000, 0x0000, 0x0000, 0x0000, 0x0000, 0x0000, 0x0000, 
  0x0000, 0x0000, 0x0000, 0x0000, 0x0000, 0x0000, 0x0000, 0x0000, 0x0000, 0x0000, 0x0000, 0x0000, 
  0x0000, 0x0000, 0x0000, 0x0000, 0x0000, 0x0000, 0x0000, 0x0000, 0x0000, 0x0000, 0x0000, 0x0000, 
  0x0000, 0x0000, 0x0000, 0x0000, 0x0000, 0x0000, 0x0000, 0x0000, 0x0000, 0x0000, 0x0000, 0x0000, 
  0x0000, 0x0000, 0x0000, 0x0000, 0x0000, 0x0000, 0x0000, 0x0000, 0x0000, 0x0000, 0x0000, 0x0000, 
  0x0000, 0x0000, 0x0000, 0x0000, 0x0000, 0x0000, 0x0000, 0x0000, 0x0000, 0x0000, 0x0000, 0x0000, 
  0x0801, 0x2083, 0x1021, 0x0000, 0x0000, 0x0000, 0x0000, 0x0000, 0x0000, 0x0000, 0x0000, 0x1001, 
  0x1803, 0x2004, 0x1803, 0x1803, 0x1803, 0x1803, 0x1802, 0x1002, 0x1002, 0x1002, 0x1002, 0x1002, 
  0x1002, 0x1002, 0x1002, 0x1002, 0x1002, 0x1002, 0x1002, 0x1002, 0x0801, 0x0000, 0x0000, 0x0000, 
  0x0000, 0x0000, 0x0000, 0x0000, 0x0000, 0x0000, 0x0000, 0x0000, 0x0801, 0x1002, 0x1002, 0x1002, 
  0x1002, 0x1002, 0x1002, 0x0801, 0x0000, 0x0000, 0x0000, 0x0000, 0x0000, 0x0000, 0x0000, 0x0000, 
  0x0000, 0x0000, 0x0000, 0x0000, 0x0000, 0x0000, 0x0801, 0x2044, 0x3026, 0x3826, 0x3827, 0x2845, 
  0x0801, 0x0000, 0x0000, 0x0000, 0x0000, 0x0000, 0x0000, 0x0000, 0x0000, 0x0000, 0x0800, 0x3045, 
  0x5829, 0x5829, 0x5829, 0x5829, 0x5829, 0x5829, 0x5829, 0x5029, 0x5029, 0x5029, 0x5028, 0x4047, 
  0x2023, 0x0000, 0x0000, 0x0000, 0x0000, 0x0000, 0x0000, 0x0000, 0x0000, 0x0000, 0x0000, 0x0000, 
  0x0000, 0x0000, 0x0000, 0x0000, 0x0800, 0x20a3, 0x0820, 0x0000, 0x0000, 0x0000, 0x0000, 0x0000, 
  0x0000, 0x0000, 0x0000, 0x0000, 0x1002, 0x3046, 0x3826, 0x3827, 0x3826, 0x3827, 0x3827, 0x2024, 
  0x0801, 0x0000, 0x0000, 0x0000, 0x0000, 0x0000, 0x0000, 0x0000, 0x0000, 0x0000, 0x0000, 0x0000, 
  0x0000, 0x0000, 0x0000, 0x0000, 0x0000, 0x0000, 0x0000, 0x0000, 0x0000, 0x0000, 0x3844, 0x80ec, 
  0x78eb, 0x2023, 0x0000, 0x0000, 0x0000, 0x0000, 0x0000, 0x0000, 0x0000, 0x0000, 0x0000, 0x0000, 
  0x0000, 0x0000, 0x0000, 0x0000, 0x0000, 0x0000, 0x0000, 0x0000, 0x0000, 0x0000, 0x0000, 0x2083, 
  0x20a3, 0x0000, 0x0000, 0x0000, 0x0000, 0x0000, 0x0000, 0x0000, 0x0000, 0x0000, 0x0800, 0x20a4, 
  0x1021, 0x0000, 0x0000, 0x0000, 0x0000, 0x0000, 0x0000, 0x0000, 0x0000, 0x0000, 0x0000, 0x0000, 
  0x0000, 0x0000, 0x1822, 0x2825, 0x3006, 0x3006, 0x3006, 0x3006, 0x3006, 0x3006, 0x3006, 0x3026, 
  0x2825, 0x1001, 0x0000, 0x0000, 0x0000, 0x0000, 0x0000, 0x0000, 0x0000, 0x0000, 0x0000, 0x0000, 
  0x0000, 0x0000, 0x0000, 0x0000, 0x0000, 0x0000, 0x0000, 0x0000, 0x0000, 0x1001, 0x3065, 0x4848, 
  0x4848, 0x2844, 0x0000, 0x0000, 0x0000, 0x0000, 0x0000, 0x0000, 0x0000, 0x0000, 0x0000, 0x0000, 
  0x0000, 0x0000, 0x0000, 0x0000, 0x0000, 0x0000, 0x0000, 0x0000, 0x0000, 0x0000, 0x0000, 0x0000, 
  0x0000, 0x0000, 0x0000, 0x0000, 0x0000, 0x0000, 0x0000, 0x0000, 0x0000, 0x0000, 0x0000, 0x0000, 
  0x0000, 0x0000, 0x0000, 0x0000, 0x0000, 0x0000, 0x0000, 0x0000, 0x0000, 0x0000, 0x0000, 0x0000, 
  0x0000, 0x0000, 0x0000, 0x0000, 0x0000, 0x0000, 0x0000, 0x0841, 0x10a2, 0x0000, 0x0000, 0x0000, 
  0x0000, 0x0000, 0x0000, 0x0000, 0x0000, 0x0000, 0x0000, 0x0000, 0x0000, 0x0000, 0x0000, 0x0000, 
  0x0000, 0x0000, 0x0000, 0x0000, 0x0000, 0x0000, 0x0000, 0x1842, 0x2884, 0x0800, 0x0000, 0x0000, 
  0x0000, 0x0000, 0x0000, 0x0000, 0x0000, 0x0800, 0x1823, 0x2004, 0x2004, 0x2004, 0x2004, 0x2003, 
  0x1803, 0x1803, 0x1803, 0x1802, 0x1802, 0x1802, 0x1802, 0x1802, 0x1802, 0x1802, 0x1802, 0x1802, 
  0x1802, 0x1802, 0x1002, 0x1001, 0x0000, 0x0000, 0x0000, 0x0000, 0x0000, 0x0000, 0x0000, 0x0000, 
  0x0000, 0x0000, 0x1001, 0x1822, 0x1802, 0x1802, 0x1803, 0x1803, 0x1802, 0x1002, 0x0801, 0x0000, 
  0x0000, 0x0000, 0x0000, 0x0000, 0x0000, 0x0000, 0x0000, 0x0000, 0x0000, 0x0000, 0x0000, 0x0000, 
  0x0000, 0x1022, 0x3045, 0x3827, 0x3826, 0x3046, 0x1823, 0x0000, 0x0000, 0x0000, 0x0000, 0x0000, 
  0x0000, 0x0000, 0x0000, 0x0000, 0x0000, 0x0801, 0x3846, 0x5829, 0x5829, 0x5829, 0x5829, 0x5829, 
  0x5829, 0x5829, 0x5829, 0x5029, 0x5029, 0x5049, 0x3045, 0x0801, 0x0000, 0x0000, 0x0000, 0x0000, 
  0x0000, 0x0000, 0x0000, 0x0000, 0x0000, 0x0000, 0x0000, 0x0000, 0x0000, 0x0000, 0x0000, 0x1042, 
  0x30c4, 0x1021, 0x0000, 0x0000, 0x0000, 0x0000, 0x0000, 0x0000, 0x0000, 0x0000, 0x0000, 0x0800, 
  0x3045, 0x3827, 0x3827, 0x3826, 0x3826, 0x3046, 0x1823, 0x0000, 0x0000, 0x0000, 0x0000, 0x0000, 
  0x0000, 0x0000, 0x0000, 0x0000, 0x0000, 0x0000, 0x0000, 0x0000, 0x0000, 0x0000, 0x0000, 0x0000, 
  0x0000, 0x0000, 0x0000, 0x0000, 0x0801, 0x5087, 0x88ed, 0x68aa, 0x1802, 0x0000, 0x0000, 0x0000, 
  0x0000, 0x0000, 0x0000, 0x0000, 0x0000, 0x0000, 0x0000, 0x0000, 0x0000, 0x0000, 0x0000, 0x0000, 
  0x0000, 0x0000, 0x0000, 0x0000, 0x0800, 0x1021, 0x4106, 0x28c4, 0x0000, 0x0000, 0x0000, 0x0000, 
  0x0000, 0x0000, 0x0000, 0x0000, 0x0000, 0x0841, 0x20a3, 0x0800, 0x0000, 0x0000, 0x0000, 0x0000, 
  0x0000, 0x0000, 0x0000, 0x0000, 0x0000, 0x0000, 0x0000, 0x0000, 0x0801, 0x2024, 0x3026, 0x3806, 
  0x3006, 0x3006, 0x3026, 0x3006, 0x3006, 0x3026, 0x3026, 0x2845, 0x0800, 0x0000, 0x0000, 0x0000, 
  0x0000, 0x0000, 0x0000, 0x0000, 0x0000, 0x0000, 0x0000, 0x0000, 0x0000, 0x0000, 0x0000, 0x0000, 
  0x0000, 0x0000, 0x0000, 0x0800, 0x2023, 0x4847, 0x5028, 0x5048, 0x2044, 0x0000, 0x0000, 0x0000, 
  0x0000, 0x0000, 0x0000, 0x0000, 0x0000, 0x0000, 0x0000, 0x0000, 0x0000, 0x0000, 0x0000, 0x0000, 
  0x0000, 0x0000, 0x0000, 0x0000, 0x0000, 0x0000, 0x0000, 0x0000, 0x0000, 0x0000, 0x0000, 0x0000, 
  0x0000, 0x0000, 0x0000, 0x0000, 0x0000, 0x0000, 0x0000, 0x0000, 0x0000, 0x0000, 0x0000, 0x0000, 
  0x0000, 0x0000, 0x0000, 0x0000, 0x0000, 0x0000, 0x0000, 0x0000, 0x0000, 0x0000, 0x0000, 0x0000, 
  0x0000, 0x0020, 0x1082, 0x2944, 0x0000, 0x0000, 0x0000, 0x0000, 0x0000, 0x0000, 0x0000, 0x0000, 
  0x0000, 0x0000, 0x0000, 0x0000, 0x0000, 0x0000, 0x0000, 0x0000, 0x0000, 0x0000, 0x0000, 0x0000, 
  0x0000, 0x0801, 0x2864, 0x2063, 0x0000, 0x0000, 0x0000, 0x0000, 0x0000, 0x0000, 0x0000, 0x0000, 
  0x1022, 0x2825, 0x2805, 0x2805, 0x2804, 0x2004, 0x2004, 0x2004, 0x2003, 0x2003, 0x1803, 0x1803, 
  0x1803, 0x1803, 0x1803, 0x1803, 0x1803, 0x1803, 0x1803, 0x1803, 0x1803, 0x1803, 0x1002, 0x0000, 
  0x0000, 0x0000, 0x0000, 0x0000, 0x0000, 0x0000, 0x0000, 0x0800, 0x1001, 0x1823, 0x1803, 0x1803, 
  0x1803, 0x1803, 0x1803, 0x1803, 0x1002, 0x0000, 0x0020, 0x0000, 0x0000, 0x0000, 0x0000, 0x0000, 
  0x0000, 0x0000, 0x0000, 0x0000, 0x0000, 0x0000, 0x0000, 0x0000, 0x1822, 0x3046, 0x3026, 0x3826, 
  0x2825, 0x0801, 0x0000, 0x0000, 0x0000, 0x0000, 0x0000, 0x0000, 0x0000, 0x0000, 0x0000, 0x0000, 
  0x1822, 0x4847, 0x582a, 0x5829, 0x5809, 0x5829, 0x5829, 0x5809, 0x5829, 0x5829, 0x5829, 0x5049, 
  0x4047, 0x1822, 0x0000, 0x0000, 0x0000, 0x0000, 0x0000, 0x0000, 0x0000, 0x0000, 0x0000, 0x0000, 
  0x0000, 0x0000, 0x0000, 0x0000, 0x0000, 0x0800, 0x30a4, 0x40e6, 0x0800, 0x0000, 0x0000, 0x0000, 
  0x0000, 0x0000, 0x0000, 0x0000, 0x0000, 0x0000, 0x0000, 0x2044, 0x3827, 0x3827, 0x3826, 0x3827, 
  0x3045, 0x0821, 0x0000, 0x0000, 0x0000, 0x0000, 0x0000, 0x0000, 0x0000, 0x0000, 0x0000, 0x0000, 
  0x0000, 0x0000, 0x0000, 0x0000, 0x0000, 0x0000, 0x0000, 0x0000, 0x0000, 0x0000, 0x0000, 0x1822, 
  0x60a9, 0x88cd, 0x50a8, 0x1001, 0x0000, 0x0000, 0x0000, 0x0000, 0x0000, 0x0000, 0x0000, 0x0000, 
  0x0000, 0x0000, 0x0000, 0x0000, 0x0000, 0x0000, 0x0000, 0x0000, 0x0000, 0x0000, 0x0000, 0x0800, 
  0x1821, 0x5148, 0x2063, 0x0000, 0x0000, 0x0000, 0x0000, 0x0000, 0x0000, 0x0000, 0x0000, 0x0000, 
  0x0821, 0x1862, 0x0000, 0x0000, 0x0000, 0x0000, 0x0000, 0x0000, 0x0000, 0x0000, 0x0000, 0x0000, 
  0x0000, 0x0000, 0x0000, 0x1822, 0x3025, 0x3806, 0x3806, 0x3006, 0x3006, 0x3006, 0x3006, 0x3006, 
  0x3026, 0x3026, 0x2845, 0x0800, 0x0000, 0x0000, 0x0000, 0x0000, 0x0000, 0x0000, 0x0000, 0x0000, 
  0x0000, 0x0000, 0x0000, 0x0000, 0x0000, 0x0000, 0x0000, 0x0000, 0x0000, 0x0000, 0x1002, 0x3846, 
  0x5028, 0x5028, 0x5048, 0x2844, 0x0000, 0x0000, 0x0000, 0x0000, 0x0000, 0x0000, 0x0000, 0x0000, 
  0x0000, 0x0000, 0x0000, 0x0000, 0x0000, 0x0000, 0x0000, 0x0000, 0x0000, 0x0000, 0x0000, 0x0000, 
  0x0000, 0x0000, 0x0000, 0x0000, 0x0000, 0x0000, 0x0000, 0x0000, 0x0000, 0x0000, 0x0000, 0x0000, 
  0x0000, 0x0000, 0x0000, 0x0000, 0x0000, 0x0000, 0x0000, 0x0000, 0x0841, 0x0000, 0x0000, 0x0000, 
  0x0000, 0x0000, 0x0000, 0x0000, 0x0000, 0x0000, 0x0000, 0x0000, 0x0020, 0x2103, 0x2944, 0x0020, 
  0x0000, 0x0000, 0x0000, 0x0000, 0x0000, 0x0000, 0x0000, 0x0000, 0x0000, 0x0000, 0x0000, 0x0000, 
  0x0000, 0x0000, 0x0000, 0x0000, 0x0000, 0x0000, 0x0000, 0x0000, 0x1021, 0x38c6, 0x1822, 0x0000, 
  0x0000, 0x0000, 0x0000, 0x0000, 0x0000, 0x0000, 0x0800, 0x2024, 0x3806, 0x3006, 0x3006, 0x3006, 
  0x3005, 0x2804, 0x2004, 0x2004, 0x2004, 0x2004, 0x2004, 0x2004, 0x2003, 0x1803, 0x1803, 0x2003, 
  0x2003, 0x2003, 0x2003, 0x2003, 0x1803, 0x0801, 0x0000, 0x0000, 0x0000, 0x0000, 0x0000, 0x0000, 
  0x0000, 0x0000, 0x1022, 0x2023, 0x2003, 0x2003, 0x2003, 0x2003, 0x2003, 0x2003, 0x2004, 0x1022, 
  0x0000, 0x0000, 0x0000, 0x0000, 0x0000, 0x0000, 0x0000, 0x0000, 0x0000, 0x0000, 0x0000, 0x0000, 
  0x0000, 0x0000, 0x0020, 0x1823, 0x3046, 0x3026, 0x3046, 0x1822, 0x0800, 0x0000, 0x0000, 0x0000, 
  0x0000, 0x0000, 0x0000, 0x0000, 0x0000, 0x0000, 0x0000, 0x1823, 0x5068, 0x5829, 0x5809, 0x5829, 
  0x5829, 0x5829, 0x5829, 0x5829, 0x582a, 0x582a, 0x5069, 0x2844, 0x0801, 0x0000, 0x0000, 0x0000, 
  0x0000, 0x0000, 0x0000, 0x0000, 0x0000, 0x0000, 0x0000, 0x0000, 0x0000, 0x0000, 0x0000, 0x0000, 
  0x0800, 0x4928, 0x38c5, 0x0800, 0x0020, 0x0000, 0x0000, 0x0000, 0x0000, 0x0000, 0x0000, 0x0000, 
  0x0000, 0x0000, 0x1822, 0x3846, 0x3826, 0x3827, 0x3847, 0x2844, 0x0800, 0x0000, 0x0000, 0x0000, 
  0x0000, 0x0000, 0x0000, 0x0000, 0x0000, 0x0000, 0x0000, 0x0000, 0x0000, 0x0000, 0x0000, 0x0000, 
  0x0000, 0x0000, 0x0000, 0x0000, 0x0000, 0x0000, 0x2023, 0x688a, 0x808c, 0x5067, 0x0801, 0x0000, 
  0x0000, 0x0000, 0x0000, 0x0000, 0x0000, 0x0000, 0x0000, 0x0000, 0x0000, 0x0000, 0x0000, 0x0000, 
  0x0000, 0x0000, 0x0000, 0x0000, 0x0000, 0x0000, 0x0800, 0x38a6, 0x5128, 0x1021, 0x0000, 0x0000, 
  0x0000, 0x0000, 0x0000, 0x0000, 0x0000, 0x0000, 0x0000, 0x0020, 0x0820, 0x0000, 0x0000, 0x0000, 
  0x0000, 0x0000, 0x0000, 0x0000, 0x0000, 0x0000, 0x0000, 0x0000, 0x0000, 0x0800, 0x2044, 0x3026, 
  0x3806, 0x3806, 0x3006, 0x3006, 0x3006, 0x3006, 0x3006, 0x3006, 0x3026, 0x2844, 0x0800, 0x0000, 
  0x0000, 0x0000, 0x0000, 0x0000, 0x0000, 0x0000, 0x0000, 0x0000, 0x0000, 0x0000, 0x0000, 0x0000, 
  0x0000, 0x0000, 0x0000, 0x0000, 0x0800, 0x2824, 0x4828, 0x5028, 0x5028, 0x5048, 0x2023, 0x0000, 
  0x0000, 0x0000, 0x0000, 0x0000, 0x0000, 0x0000, 0x0000, 0x0820, 0x0000, 0x0000, 0x0000, 0x0000, 
  0x0000, 0x0000, 0x0000, 0x0000, 0x0000, 0x0000, 0x0000, 0x0000, 0x0000, 0x0000, 0x0000, 0x0000, 
  0x0000, 0x0000, 0x0000, 0x0000, 0x0000, 0x0000, 0x0000, 0x0000, 0x0000, 0x0000, 0x0000, 0x0000, 
  0x0000, 0x0000, 0x1041, 0x1882, 0x0000, 0x0000, 0x0000, 0x0000, 0x0000, 0x0000, 0x0000, 0x0000, 
  0x0000, 0x0000, 0x0000, 0x0020, 0x4228, 0x2124, 0x0000, 0x0000, 0x0000, 0x0000, 0x0000, 0x0000, 
  0x0000, 0x0000, 0x0000, 0x0000, 0x0000, 0x0000, 0x0000, 0x0000, 0x0000, 0x0000, 0x0000, 0x0000, 
  0x0000, 0x0000, 0x0800, 0x2864, 0x40c7, 0x1021, 0x0000, 0x0000, 0x0000, 0x0000, 0x0000, 0x0000, 
  0x0000, 0x1802, 0x3826, 0x3807, 0x3806, 0x3806, 0x3806, 0x3006, 0x3005, 0x2805, 0x2804, 0x2804, 
  0x2804, 0x2004, 0x2004, 0x2004, 0x2004, 0x2004, 0x2004, 0x2004, 0x2004, 0x2004, 0x2004, 0x2023, 
  0x0801, 0x0000, 0x0000, 0x0000, 0x0000, 0x0000, 0x0000, 0x0000, 0x1002, 0x2024, 0x2804, 0x2804, 
  0x2004, 0x2804, 0x2004, 0x2024, 0x2004, 0x2004, 0x1002, 0x0000, 0x0000, 0x0000, 0x0000, 0x0000, 
  0x0000, 0x0000, 0x0000, 0x0000, 0x0000, 0x0000, 0x0000, 0x0000, 0x0000, 0x0801, 0x2844, 0x3026, 
  0x3046, 0x2024, 0x0801, 0x0000, 0x0000, 0x0000, 0x0000, 0x0000, 0x0000, 0x0000, 0x0000, 0x0000, 
  0x0000, 0x0800, 0x3044, 0x5849, 0x5829, 0x5829, 0x5809, 0x5829, 0x5829, 0x5809, 0x5829, 0x5829, 
  0x5849, 0x4046, 0x1001, 0x0000, 0x0000, 0x0000, 0x0000, 0x0000, 0x0000, 0x0000, 0x0000, 0x0000, 
  0x0000, 0x0000, 0x0000, 0x0000, 0x0000, 0x0000, 0x0000, 0x1822, 0x5128, 0x2843, 0x0800, 0x0000, 
  0x0000, 0x0000, 0x0000, 0x0000, 0x0000, 0x0000, 0x0000, 0x0000, 0x0000, 0x1001, 0x3046, 0x3826, 
  0x3827, 0x3046, 0x1823, 0x0000, 0x0000, 0x0000, 0x0000, 0x0000, 0x0000, 0x0000, 0x0000, 0x0000, 
  0x0000, 0x0000, 0x0000, 0x0000, 0x0000, 0x0000, 0x0000, 0x0000, 0x0000, 0x0000, 0x0000, 0x0000, 
  0x0800, 0x3846, 0x706a, 0x788b, 0x4046, 0x0000, 0x0000, 0x0000, 0x0000, 0x0000, 0x0000, 0x0000, 
  0x0000, 0x0000, 0x0000, 0x0000, 0x0000, 0x0000, 0x0000, 0x0000, 0x0000, 0x0000, 0x0000, 0x0000, 
  0x0820, 0x1001, 0x50e8, 0x4908, 0x0800, 0x0000, 0x0000, 0x0000, 0x0000, 0x0000, 0x0000, 0x0000, 
  0x0000, 0x0000, 0x0000, 0x0000, 0x0000, 0x0000, 0x0000, 0x0000, 0x0000, 0x0000, 0x0000, 0x0000, 
  0x0000, 0x0000, 0x0000, 0x0000, 0x1022, 0x3025, 0x3026, 0x3806, 0x3806, 0x3806, 0x3006, 0x3006, 
  0x3006, 0x3006, 0x3026, 0x3026, 0x2844, 0x0800, 0x0000, 0x0000, 0x0000, 0x0000, 0x0000, 0x0000, 
  0x0000, 0x0000, 0x0000, 0x0000, 0x0000, 0x0000, 0x0000, 0x0000, 0x0000, 0x0000, 0x0000, 0x1001, 
  0x3846, 0x5008, 0x5008, 0x5028, 0x5028, 0x2023, 0x0000, 0x0000, 0x0000, 0x0000, 0x0000, 0x0000, 
  0x0000, 0x1042, 0x1862, 0x0000, 0x0000, 0x0000, 0x0000, 0x0000, 0x0000, 0x0000, 0x0000, 0x0000, 
  0x0000, 0x0000, 0x0000, 0x0000, 0x0000, 0x0000, 0x0000, 0x0000, 0x0000, 0x0000, 0x0000, 0x0000, 
  0x0000, 0x0000, 0x0000, 0x0000, 0x0000, 0x0000, 0x0000, 0x0000, 0x0000, 0x1041, 0x1862, 0x0000, 
  0x0000, 0x0000, 0x0000, 0x0000, 0x0000, 0x0000, 0x0000, 0x0000, 0x0000, 0x0000, 0x0841, 0x4228, 
  0x10a2, 0x0000, 0x0000, 0x0000, 0x0000, 0x0000, 0x0000, 0x0000, 0x0000, 0x0000, 0x0000, 0x0000, 
  0x0000, 0x0000, 0x0000, 0x0000, 0x0000, 0x0000, 0x0000, 0x0020, 0x0800, 0x1001, 0x3887, 0x38a6, 
  0x0801, 0x0000, 0x0000, 0x0000, 0x0000, 0x0000, 0x0000, 0x0801, 0x2824, 0x4027, 0x4007, 0x4008, 
  0x4808, 0x4008, 0x3807, 0x3006, 0x3005, 0x2805, 0x2805, 0x2805, 0x2804, 0x2804, 0x2804, 0x2004, 
  0x2004, 0x2804, 0x2804, 0x2004, 0x2004, 0x2004, 0x1823, 0x0800, 0x0000, 0x0000, 0x0000, 0x0000, 
  0x0000, 0x0000, 0x1001, 0x2023, 0x2825, 0x2825, 0x2804, 0x2804, 0x2804, 0x2804, 0x2824, 0x2804, 
  0x2024, 0x1022, 0x0000, 0x0000, 0x0000, 0x0000, 0x0000, 0x0000, 0x0000, 0x0000, 0x0000, 0x0000, 
  0x0000, 0x0000, 0x0000, 0x0000, 0x1021, 0x2845, 0x3046, 0x3045, 0x1022, 0x0000, 0x0000, 0x0000, 
  0x0000, 0x0000, 0x0000, 0x0000, 0x0000, 0x0000, 0x0000, 0x0000, 0x0801, 0x3866, 0x5849, 0x5829, 
  0x5829, 0x5829, 0x582a, 0x5829, 0x6009, 0x5829, 0x582a, 0x5048, 0x2824, 0x0000, 0x0000, 0x0000, 
  0x0000, 0x0000, 0x0000, 0x0000, 0x0000, 0x0000, 0x0000, 0x0000, 0x0000, 0x0000, 0x0000, 0x0000, 
  0x0000, 0x0800, 0x3064, 0x5928, 0x1801, 0x0000, 0x0000, 0x0000, 0x0000, 0x0000, 0x0000, 0x0000, 
  0x0000, 0x0000, 0x0000, 0x0000, 0x0800, 0x2845, 0x3026, 0x3826, 0x2845, 0x1022, 0x0000, 0x0000, 
  0x0000, 0x0000, 0x0000, 0x0000, 0x0000, 0x0000, 0x0000, 0x0000, 0x0000, 0x0000, 0x0000, 0x0000, 
  0x0000, 0x0000, 0x0000, 0x0000, 0x0000, 0x0000, 0x0000, 0x1002, 0x5047, 0x704b, 0x708b, 0x3044, 
  0x0000, 0x0000, 0x0000, 0x0000, 0x0000, 0x0000, 0x0000, 0x0000, 0x0000, 0x0000, 0x0000, 0x0000, 
  0x0000, 0x0000, 0x0000, 0x0000, 0x0000, 0x0000, 0x0000, 0x0800, 0x2823, 0x798c, 0x40a7, 0x0800, 
  0x0000, 0x0000, 0x0000, 0x0000, 0x0000, 0x0000, 0x0000, 0x0000, 0x0000, 0x0000, 0x0000, 0x0000, 
  0x0000, 0x0000, 0x0000, 0x0000, 0x0000, 0x0000, 0x0000, 0x0000, 0x0000, 0x0000, 0x0800, 0x2043, 
  0x3826, 0x3826, 0x3826, 0x3806, 0x3806, 0x3006, 0x3006, 0x3006, 0x3006, 0x3006, 0x3026, 0x2044, 
  0x0800, 0x0000, 0x0000, 0x0000, 0x0000, 0x0000, 0x0000, 0x0000, 0x0000, 0x0000, 0x0000, 0x0000, 
  0x0000, 0x0000, 0x0000, 0x0000, 0x0000, 0x0800, 0x2824, 0x4828, 0x5009, 0x5008, 0x5008, 0x5028, 
  0x2023, 0x0000, 0x0000, 0x0000, 0x0000, 0x0000, 0x0000, 0x0020, 0x2083, 0x1862, 0x0000, 0x0000, 
  0x0000, 0x0000, 0x0000, 0x0000, 0x0000, 0x0000, 0x0000, 0x0000, 0x0000, 0x0000, 0x0000, 0x0000, 
  0x0000, 0x0000, 0x0000, 0x0000, 0x0000, 0x0000, 0x0000, 0x0000, 0x0000, 0x0000, 0x0000, 0x0000, 
  0x0000, 0x0000, 0x0000, 0x0800, 0x2063, 0x1862, 0x0000, 0x0000, 0x0000, 0x0000, 0x0000, 0x0000, 
  0x0000, 0x0000, 0x0000, 0x0000, 0x0000, 0x18c2, 0x5aeb, 0x0861, 0x0000, 0x0000, 0x0000, 0x0000, 
  0x0000, 0x0000, 0x0000, 0x0000, 0x0000, 0x0000, 0x0000, 0x0000, 0x0000, 0x0000, 0x0000, 0x0000, 
  0x0000, 0x0000, 0x0000, 0x0800, 0x2023, 0x48a8, 0x3064, 0x0800, 0x0000, 0x0000, 0x0000, 0x0000, 
  0x0000, 0x0020, 0x1022, 0x3846, 0x4808, 0x4808, 0x4808, 0x5009, 0x5008, 0x4007, 0x3006, 0x3005, 
  0x3005, 0x3005, 0x3005, 0x2805, 0x2805, 0x2805, 0x2805, 0x2804, 0x2805, 0x2805, 0x2805, 0x2805, 
  0x2825, 0x1823, 0x0000, 0x0000, 0x0000, 0x0000, 0x0000, 0x0000, 0x0801, 0x2824, 0x3025, 0x3025, 
  0x3005, 0x3005, 0x2825, 0x2824, 0x2824, 0x2824, 0x2805, 0x2024, 0x1001, 0x0000, 0x0000, 0x0000, 
  0x0000, 0x0000, 0x0000, 0x0000, 0x0000, 0x0000, 0x0000, 0x0000, 0x0000, 0x0000, 0x0000, 0x1022, 
  0x3045, 0x3866, 0x2044, 0x0801, 0x0000, 0x0000, 0x0000, 0x0000, 0x0000, 0x0000, 0x0000, 0x0000, 
  0x0000, 0x0000, 0x0000, 0x1022, 0x4867, 0x5829, 0x582a, 0x582a, 0x5829, 0x582a, 0x5829, 0x5829, 
  0x582a, 0x5829, 0x4046, 0x1001, 0x0000, 0x0000, 0x0000, 0x0000, 0x0000, 0x0000, 0x0000, 0x0000, 
  0x0000, 0x0000, 0x0000, 0x0000, 0x0000, 0x0000, 0x0000, 0x0000, 0x1021, 0x4907, 0x48e7, 0x0801, 
  0x0000, 0x0000, 0x0000, 0x0000, 0x0000, 0x0000, 0x0000, 0x0000, 0x0000, 0x0000, 0x0000, 0x0000, 
  0x1822, 0x3026, 0x3026, 0x2044, 0x0800, 0x0020, 0x0000, 0x0000, 0x0000, 0x0000, 0x0000, 0x0000, 
  0x0000, 0x0000, 0x0000, 0x0000, 0x0000, 0x0000, 0x0000, 0x0000, 0x0000, 0x0000, 0x0000, 0x0000, 
  0x0000, 0x0000, 0x2023, 0x6089, 0x704b, 0x68ab, 0x2023, 0x0000, 0x0000, 0x0000, 0x0000, 0x0000, 
  0x0000, 0x0000, 0x0000, 0x0000, 0x0000, 0x0000, 0x0000, 0x0000, 0x0000, 0x0000, 0x0000, 0x0000, 
  0x0000, 0x0820, 0x0801, 0x4886, 0x918e, 0x3065, 0x0800, 0x0000, 0x0000, 0x0000, 0x0000, 0x0000, 
  0x0000, 0x0000, 0x0000, 0x0000, 0x0000, 0x0000, 0x0000, 0x0000, 0x0000, 0x0000, 0x0000, 0x0000, 
  0x0000, 0x0000, 0x0000, 0x0000, 0x0000, 0x1022, 0x3045, 0x3826, 0x3827, 0x3806, 0x3826, 0x3826, 
  0x3806, 0x3006, 0x3006, 0x3006, 0x3006, 0x3026, 0x2024, 0x0800, 0x0000, 0x0000, 0x0000, 0x0000, 
  0x0000, 0x0000, 0x0000, 0x0000, 0x0000, 0x0000, 0x0000, 0x0000, 0x0000, 0x0000, 0x0000, 0x0000, 
  0x1823, 0x4047, 0x5008, 0x5008, 0x5009, 0x5009, 0x5028, 0x2023, 0x0000, 0x0000, 0x0000, 0x0000, 
  0x0000, 0x0000, 0x1022, 0x30a4, 0x1021, 0x0000, 0x0000, 0x0000, 0x0000, 0x0000, 0x0000, 0x0000, 
  0x0000, 0x0000, 0x0000, 0x0000, 0x0000, 0x0000, 0x0000, 0x0000, 0x0000, 0x0000, 0x0000, 0x0000, 
  0x0000, 0x0000, 0x0000, 0x0000, 0x0000, 0x0000, 0x0000, 0x0000, 0x0000, 0x0000, 0x0801, 0x30c5, 
  0x1842, 0x0000, 0x0000, 0x0000, 0x0000, 0x0000, 0x0000, 0x0000, 0x0000, 0x0000, 0x0000, 0x0000, 
  0x2945, 0x4a49, 0x0000, 0x0000, 0x0000, 0x0000, 0x0000, 0x0000, 0x0000, 0x0000, 0x0000, 0x0000, 
  0x0000, 0x0000, 0x0000, 0x0000, 0x0000, 0x0000, 0x0000, 0x0000, 0x0000, 0x0000, 0x0800, 0x3065, 
  0x48a8, 0x1822, 0x0000, 0x0000, 0x0000, 0x0000, 0x0000, 0x0000, 0x0800, 0x2844, 0x4848, 0x5009, 
  0x5029, 0x5009, 0x4808, 0x4808, 0x3806, 0x3006, 0x3006, 0x3006, 0x3006, 0x3005, 0x3005, 0x3005, 
  0x3005, 0x2805, 0x3005, 0x3005, 0x3005, 0x2805, 0x2805, 0x2824, 0x1002, 0x0000, 0x0000, 0x0000, 
  0x0000, 0x0000, 0x0801, 0x2824, 0x3826, 0x3806, 0x3026, 0x3005, 0x3025, 0x3025, 0x3025, 0x3025, 
  0x3025, 0x3025, 0x2024, 0x0800, 0x0000, 0x0000, 0x0000, 0x0000, 0x0000, 0x0000, 0x0000, 0x0000, 
  0x0000, 0x0000, 0x0000, 0x0000, 0x0000, 0x0000, 0x1843, 0x3066, 0x3065, 0x1022, 0x0000, 0x0000, 
  0x0000, 0x0000, 0x0000, 0x0000, 0x0000, 0x0000, 0x0000, 0x0000, 0x0000, 0x0000, 0x2023, 0x5869, 
  0x5829, 0x6029, 0x582a, 0x582a, 0x600a, 0x5829, 0x5829, 0x5829, 0x4847, 0x2023, 0x0000, 0x0000, 
  0x0000, 0x0000, 0x0000, 0x0000, 0x0000, 0x0000, 0x0000, 0x0000, 0x0000, 0x0000, 0x0000, 0x0000, 
  0x0000, 0x0000, 0x0800, 0x2043, 0x696a, 0x2864, 0x0800, 0x0000, 0x0000, 0x0000, 0x0000, 0x0000, 
  0x0000, 0x0000, 0x0000, 0x0000, 0x0000, 0x0000, 0x0000, 0x1001, 0x3045, 0x3046, 0x1823, 0x0000, 
  0x0000, 0x0000, 0x0000, 0x0000, 0x0000, 0x0000, 0x0000, 0x0000, 0x0000, 0x0000, 0x0000, 0x0000, 
  0x0000, 0x0000, 0x0000, 0x0000, 0x0000, 0x0000, 0x0000, 0x0000, 0x0800, 0x3045, 0x684a, 0x704b, 
  0x608a, 0x1822, 0x0000, 0x0000, 0x0000, 0x0000, 0x0000, 0x0000, 0x0000, 0x0000, 0x0000, 0x0000, 
  0x0000, 0x0000, 0x0000, 0x0000, 0x0000, 0x0000, 0x0000, 0x0020, 0x0020, 0x1822, 0x710b, 0x896e, 
  0x2844, 0x0000, 0x0000, 0x0000, 0x0000, 0x0000, 0x0000, 0x0000, 0x0000, 0x0000, 0x0000, 0x0000, 
  0x0000, 0x0000, 0x0000, 0x0000, 0x0000, 0x0000, 0x0000, 0x0000, 0x0000, 0x0000, 0x0000, 0x0800, 
  0x2043, 0x3846, 0x3827, 0x3827, 0x3827, 0x3806, 0x3806, 0x3806, 0x3806, 0x3826, 0x3026, 0x3026, 
  0x3026, 0x2023, 0x0000, 0x0000, 0x0000, 0x0000, 0x0000, 0x0000, 0x0000, 0x0000, 0x0000, 0x0000, 
  0x0000, 0x0000, 0x0000, 0x0000, 0x0000, 0x0000, 0x0821, 0x3045, 0x5028, 0x5009, 0x5009, 0x5009, 
  0x5009, 0x5028, 0x2023, 0x0000, 0x0000, 0x0000, 0x0000, 0x0000, 0x0801, 0x3065, 0x3085, 0x0800, 
  0x0000, 0x0000, 0x0000, 0x0000, 0x0000, 0x0000, 0x0000, 0x0000, 0x0000, 0x0000, 0x0000, 0x0000, 
  0x0000, 0x0000, 0x0000, 0x0000, 0x0000, 0x0000, 0x0000, 0x0000, 0x0000, 0x0000, 0x0000, 0x0000, 
  0x0000, 0x0000, 0x0000, 0x0000, 0x0000, 0x1842, 0x38c5, 0x1021, 0x0000, 0x0000, 0x0000, 0x0000, 
  0x0000, 0x0000, 0x0000, 0x0000, 0x0000, 0x0000, 0x0000, 0x4228, 0x31a6, 0x0000, 0x0000, 0x0000, 
  0x0000, 0x0000, 0x0000, 0x0000, 0x0000, 0x0000, 0x0000, 0x0000, 0x0000, 0x0000, 0x0000, 0x0000, 
  0x0000, 0x0000, 0x0000, 0x0000, 0x0000, 0x1001, 0x48c8, 0x4087, 0x1001, 0x0000, 0x0000, 0x0000, 
  0x0000, 0x0000, 0x0000, 0x1001, 0x3866, 0x5829, 0x582a, 0x5829, 0x5009, 0x4808, 0x4007, 0x4007, 
  0x3806, 0x3806, 0x3806, 0x3006, 0x3006, 0x3006, 0x3006, 0x3005, 0x3005, 0x3005, 0x3005, 0x3006, 
  0x3006, 0x3006, 0x2024, 0x0801, 0x0000, 0x0000, 0x0000, 0x0000, 0x0801, 0x2044, 0x3827, 0x3806, 
  0x3806, 0x3806, 0x3806, 0x3026, 0x3025, 0x3025, 0x3026, 0x3025, 0x3026, 0x2043, 0x0800, 0x0000, 
  0x0000, 0x0000, 0x0000, 0x0000, 0x0000, 0x0000, 0x0000, 0x0000, 0x0000, 0x0000, 0x0000, 0x0000, 
  0x0000, 0x2064, 0x3865, 0x2044, 0x0800, 0x0000, 0x0000, 0x0000, 0x0000, 0x0000, 0x0000, 0x0000, 
  0x0000, 0x0000, 0x0000, 0x0000, 0x0800, 0x3865, 0x5849, 0x5829, 0x602a, 0x6029, 0x6029, 0x5829, 
  0x582a, 0x582a, 0x5069, 0x2845, 0x0800, 0x0000, 0x0000, 0x0000, 0x0000, 0x0000, 0x0000, 0x0000, 
  0x0000, 0x0000, 0x0000, 0x0000, 0x0000, 0x0000, 0x0000, 0x0000, 0x0000, 0x0800, 0x38a5, 0x614a, 
  0x1801, 0x0000, 0x0000, 0x0000, 0x0000, 0x0000, 0x0000, 0x0000, 0x0000, 0x0000, 0x0000, 0x0000, 
  0x0000, 0x0000, 0x0821, 0x2845, 0x2844, 0x0801, 0x0000, 0x0000, 0x0000, 0x0000, 0x0000, 0x0000, 
  0x0000, 0x0000, 0x0000, 0x0000, 0x0000, 0x0000, 0x0000, 0x0000, 0x0000, 0x0000, 0x0000, 0x0000, 
  0x0000, 0x0000, 0x0000, 0x0800, 0x4887, 0x704a, 0x782c, 0x5889, 0x1001, 0x0000, 0x0000, 0x0000, 
  0x0000, 0x0000, 0x0000, 0x0000, 0x0000, 0x0000, 0x0000, 0x0000, 0x0000, 0x0000, 0x0000, 0x0000, 
  0x0000, 0x0000, 0x0020, 0x0800, 0x3044, 0x890d, 0x790c, 0x2023, 0x0000, 0x0000, 0x0000, 0x0000, 
  0x0000, 0x0000, 0x0000, 0x0000, 0x0000, 0x0000, 0x0000, 0x0000, 0x0000, 0x0000, 0x0000, 0x0000, 
  0x0000, 0x0000, 0x0000, 0x0000, 0x0000, 0x0000, 0x1021, 0x3045, 0x4027, 0x3827, 0x3827, 0x3827, 
  0x3826, 0x3806, 0x3806, 0x3826, 0x3806, 0x3826, 0x3026, 0x3026, 0x1823, 0x0000, 0x0000, 0x0000, 
  0x0000, 0x0000, 0x0000, 0x0000, 0x0000, 0x0000, 0x0000, 0x0000, 0x0000, 0x0000, 0x0000, 0x0000, 
  0x0800, 0x2023, 0x4828, 0x5009, 0x5009, 0x5009, 0x5009, 0x5009, 0x4808, 0x2823, 0x0000, 0x0000, 
  0x0000, 0x0000, 0x0801, 0x2023, 0x4067, 0x2824, 0x0800, 0x0000, 0x0000, 0x0000, 0x0000, 0x0000, 
  0x0000, 0x0000, 0x0000, 0x0000, 0x0000, 0x0000, 0x0000, 0x0000, 0x0000, 0x0000, 0x0000, 0x0000, 
  0x0000, 0x0000, 0x0000, 0x0000, 0x0000, 0x0000, 0x0000, 0x0000, 0x0000, 0x0000, 0x0000, 0x0800, 
  0x2063, 0x38c5, 0x0800, 0x0000, 0x0000, 0x0000, 0x0000, 0x0000, 0x0000, 0x0000, 0x0000, 0x0000, 
  0x0000, 0x0841, 0x5289, 0x2965, 0x0000, 0x0000, 0x0000, 0x0000, 0x0000, 0x0000, 0x0000, 0x0000, 
  0x0000, 0x0000, 0x0000, 0x0000, 0x0000, 0x0000, 0x0000, 0x0000, 0x0000, 0x0000, 0x0000, 0x0000, 
  0x2823, 0x58c9, 0x3065, 0x0800, 0x0000, 0x0000, 0x0000, 0x0000, 0x0000, 0x0000, 0x1822, 0x4848, 
  0x5829, 0x5809, 0x5008, 0x4808, 0x4808, 0x4807, 0x4007, 0x3807, 0x3807, 0x3806, 0x3806, 0x3806, 
  0x3006, 0x3006, 0x3006, 0x3006, 0x3006, 0x3006, 0x3006, 0x3006, 0x2825, 0x2023, 0x0000, 0x0000, 
  0x0000, 0x0000, 0x0801, 0x2023, 0x3826, 0x4007, 0x4007, 0x4007, 0x4006, 0x3806, 0x3806, 0x3806, 
  0x3826, 0x3826, 0x3826, 0x3045, 0x1822, 0x0000, 0x0000, 0x0000, 0x0000, 0x0000, 0x0000, 0x0000, 
  0x0000, 0x0000, 0x0000, 0x0000, 0x0000, 0x0000, 0x0000, 0x0821, 0x2864, 0x3065, 0x1001, 0x0000, 
  0x0000, 0x0000, 0x0000, 0x0000, 0x0000, 0x0000, 0x0000, 0x0000, 0x0000, 0x0000, 0x0000, 0x1021, 
  0x4067, 0x5829, 0x5829, 0x6029, 0x6029, 0x6029, 0x5829, 0x5829, 0x5849, 0x4047, 0x1002, 0x0000, 
  0x0000, 0x0000, 0x0000, 0x0000, 0x0000, 0x0000, 0x0000, 0x0000, 0x0000, 0x0000, 0x0000, 0x0000, 
  0x0000, 0x0000, 0x0000, 0x0020, 0x1021, 0x5909, 0x50e8, 0x1001, 0x0000, 0x0000, 0x0000, 0x0000, 
  0x0000, 0x0000, 0x0000, 0x0000, 0x0000, 0x0000, 0x0000, 0x0000, 0x0000, 0x0000, 0x2063, 0x1843, 
  0x0000, 0x0000, 0x0000, 0x0000, 0x0000, 0x0000, 0x0000, 0x0000, 0x0000, 0x0000, 0x0000, 0x0000, 
  0x0000, 0x0000, 0x0000, 0x0000, 0x0000, 0x0000, 0x0000, 0x0000, 0x0000, 0x0000, 0x1021, 0x5869, 
  0x684a, 0x704b, 0x5068, 0x0801, 0x0000, 0x0000, 0x0000, 0x0000, 0x0000, 0x0000, 0x0000, 0x0000, 
  0x0000, 0x0000, 0x0000, 0x0000, 0x0000, 0x0000, 0x0000, 0x0000, 0x0000, 0x0000, 0x1001, 0x58a8, 
  0x910d, 0x70eb, 0x1802, 0x0000, 0x0000, 0x0000, 0x0000, 0x0000, 0x0000, 0x0000, 0x0000, 0x0000, 
  0x0000, 0x0000, 0x0000, 0x0000, 0x0000, 0x0000, 0x0000, 0x0000, 0x0000, 0x0000, 0x0000, 0x0000, 
  0x0000, 0x1823, 0x3847, 0x3827, 0x3827, 0x3827, 0x3827, 0x3827, 0x3827, 0x3826, 0x3826, 0x3826, 
  0x3826, 0x3806, 0x3026, 0x1822, 0x0000, 0x0000, 0x0000, 0x0000, 0x0000, 0x0000, 0x0000, 0x0000, 
  0x0000, 0x0000, 0x0000, 0x0000, 0x0000, 0x0000, 0x0000, 0x1822, 0x4047, 0x5029, 0x5809, 0x5009, 
  0x5809, 0x5009, 0x5009, 0x5029, 0x2824, 0x0800, 0x0000, 0x0000, 0x0000, 0x1823, 0x3847, 0x4067, 
  0x2022, 0x0000, 0x0000, 0x0000, 0x0000, 0x0000, 0x0000, 0x0000, 0x0000, 0x0000, 0x0000, 0x0000, 
  0x0000, 0x0000, 0x0000, 0x0000, 0x0000, 0x0000, 0x0000, 0x0000, 0x0000, 0x0000, 0x0000, 0x0000, 
  0x0000, 0x0000, 0x0000, 0x0000, 0x0000, 0x0000, 0x0800, 0x3085, 0x2884, 0x0000, 0x0000, 0x0000, 
  0x0000, 0x0000, 0x0000, 0x0000, 0x0000, 0x0000, 0x0000, 0x0000, 0x10a2, 0x630c, 0x1082, 0x0000, 
  0x0000, 0x0000, 0x0000, 0x0000, 0x0000, 0x0000, 0x0000, 0x0000, 0x0000, 0x0000, 0x0000, 0x0000, 
  0x0000, 0x0000, 0x0000, 0x0000, 0x0000, 0x0000, 0x1001, 0x3866, 0x50c8, 0x1822, 0x0000, 0x0000, 
  0x0000, 0x0000, 0x0000, 0x0000, 0x0800, 0x2824, 0x4848, 0x5028, 0x5008, 0x5008, 0x5008, 0x5008, 
  0x5008, 0x4808, 0x3807, 0x3807, 0x3807, 0x3807, 0x3806, 0x3806, 0x3806, 0x3806, 0x3806, 0x3806, 
  0x3006, 0x3006, 0x3006, 0x3025, 0x1803, 0x0020, 0x0000, 0x0000, 0x0801, 0x2043, 0x3826, 0x4007, 
  0x4007, 0x4007, 0x4007, 0x4007, 0x4007, 0x4006, 0x4006, 0x3826, 0x3806, 0x3826, 0x3045, 0x0801, 
  0x0000, 0x0000, 0x0000, 0x0000, 0x0000, 0x0000, 0x0000, 0x0000, 0x0000, 0x0000, 0x0000, 0x0000, 
  0x0000, 0x0000, 0x1021, 0x30a5, 0x2043, 0x0820, 0x0000, 0x0000, 0x0000, 0x0000, 0x0000, 0x0000, 
  0x0000, 0x0000, 0x0000, 0x0000, 0x0000, 0x0000, 0x1822, 0x4867, 0x5829, 0x5829, 0x5829, 0x6029, 
  0x5829, 0x5829, 0x5829, 0x4848, 0x2022, 0x0000, 0x0000, 0x0000, 0x0000, 0x0000, 0x0000, 0x0000, 
  0x0000, 0x0000, 0x0000, 0x0000, 0x0000, 0x0000, 0x0000, 0x0000, 0x0000, 0x0000, 0x0800, 0x2023, 
  0x718c, 0x3885, 0x0800, 0x0000, 0x0000, 0x0000, 0x0000, 0x0000, 0x0000, 0x0000, 0x0000, 0x0000, 
  0x0000, 0x0000, 0x0000, 0x0000, 0x0000, 0x0821, 0x1021, 0x0000, 0x0000, 0x0000, 0x0000, 0x0000, 
  0x0000, 0x0000, 0x0000, 0x0000, 0x0000, 0x0000, 0x0000, 0x0000, 0x0000, 0x0000, 0x0000, 0x0000, 
  0x0000, 0x0000, 0x0000, 0x0000, 0x0000, 0x2023, 0x608a, 0x702b, 0x684b, 0x4046, 0x0801, 0x0000, 
  0x0000, 0x0000, 0x0000, 0x0000, 0x0000, 0x0000, 0x0000, 0x0000, 0x0000, 0x0000, 0x0000, 0x0000, 
  0x0000, 0x0000, 0x0000, 0x0000, 0x0000, 0x2023, 0x78eb, 0x98cf, 0x68cb, 0x1001, 0x0000, 0x0000, 
  0x0000, 0x0000, 0x0000, 0x0000, 0x0000, 0x0000, 0x0000, 0x0000, 0x0000, 0x0000, 0x0000, 0x0000, 
  0x0000, 0x0000, 0x0000, 0x0000, 0x0000, 0x0000, 0x0000, 0x0800, 0x2824, 0x3827, 0x4027, 0x4027, 
  0x3827, 0x3827, 0x3807, 0x3807, 0x3827, 0x3806, 0x3806, 0x3826, 0x3826, 0x3026, 0x1823, 0x0000, 
  0x0000, 0x0000, 0x0000, 0x0000, 0x0000, 0x0000, 0x0000, 0x0000, 0x0000, 0x0000, 0x0000, 0x0000, 
  0x0000, 0x0801, 0x3045, 0x5029, 0x580a, 0x5809, 0x5809, 0x5809, 0x5809, 0x5009, 0x5009, 0x2825, 
  0x0800, 0x0000, 0x0000, 0x1802, 0x3826, 0x4848, 0x4047, 0x1001, 0x0000, 0x0000, 0x0000, 0x0000, 
  0x0000, 0x0000, 0x0000, 0x0000, 0x0000, 0x0000, 0x0000, 0x0000, 0x0000, 0x0000, 0x0000, 0x0000, 
  0x0000, 0x0000, 0x0000, 0x0000, 0x0000, 0x0000, 0x0000, 0x0000, 0x0000, 0x0000, 0x0000, 0x0000, 
  0x0000, 0x1021, 0x40c6, 0x2043, 0x0000, 0x0000, 0x0000, 0x0000, 0x0000, 0x0000, 0x0000, 0x0000, 
  0x0000, 0x0000, 0x0000, 0x3186, 0x5aca, 0x0020, 0x0000, 0x0000, 0x0000, 0x0000, 0x0000, 0x0000, 
  0x0000, 0x0000, 0x0000, 0x0000, 0x0000, 0x0000, 0x0000, 0x0000, 0x0000, 0x0000, 0x0000, 0x0000, 
  0x0000, 0x1001, 0x4867, 0x4887, 0x1021, 0x0000, 0x0000, 0x0000, 0x0000, 0x0000, 0x0000, 0x0801, 
  0x3845, 0x4828, 0x5008, 0x5008, 0x5008, 0x5008, 0x5008, 0x5028, 0x4808, 0x4027, 0x3827, 0x3807, 
  0x3827, 0x3807, 0x3807, 0x3807, 0x3807, 0x3806, 0x3806, 0x3806, 0x3806, 0x3806, 0x2825, 0x1001, 
  0x0000, 0x0000, 0x0800, 0x2023, 0x3846, 0x4027, 0x4027, 0x4027, 0x4007, 0x4007, 0x4007, 0x4007, 
  0x4007, 0x4007, 0x4006, 0x3826, 0x3826, 0x2824, 0x0800, 0x0000, 0x0000, 0x0000, 0x0000, 0x0000, 
  0x0000, 0x0000, 0x0000, 0x0000, 0x0000, 0x0000, 0x0000, 0x0000, 0x0020, 0x1062, 0x28c4, 0x1021, 
  0x0000, 0x0000, 0x0000, 0x0000, 0x0000, 0x0000, 0x0000, 0x0000, 0x0000, 0x0000, 0x0000, 0x0000, 
  0x0000, 0x2043, 0x5068, 0x5829, 0x5829, 0x6009, 0x6009, 0x5829, 0x5829, 0x5048, 0x3025, 0x0800, 
  0x0000, 0x0000, 0x0000, 0x0000, 0x0000, 0x0000, 0x0000, 0x0000, 0x0000, 0x0000, 0x0000, 0x0000, 
  0x0000, 0x0000, 0x0000, 0x0000, 0x0000, 0x0800, 0x3064, 0x714b, 0x3044, 0x0000, 0x0000, 0x0000, 
  0x0000, 0x0000, 0x0000, 0x0000, 0x0000, 0x0000, 0x0000, 0x0000, 0x0000, 0x0000, 0x0000, 0x0000, 
  0x0000, 0x0000, 0x0000, 0x0000, 0x0000, 0x0000, 0x0000, 0x0000, 0x0000, 0x0000, 0x0000, 0x0000, 
  0x0000, 0x0000, 0x0000, 0x0000, 0x0000, 0x0000, 0x0000, 0x0000, 0x0000, 0x0000, 0x0000, 0x0000, 
  0x3064, 0x686a, 0x702b, 0x686b, 0x3045, 0x0800, 0x0000, 0x0000, 0x0000, 0x0000, 0x0000, 0x0000, 
  0x0000, 0x0000, 0x0000, 0x0000, 0x0000, 0x0000, 0x0000, 0x0000, 0x0000, 0x0000, 0x0000, 0x0000, 
  0x4065, 0x90ef, 0x98af, 0x58a9, 0x0801, 0x0000, 0x0000, 0x0000, 0x0000, 0x0000, 0x0000, 0x0000, 
  0x0000, 0x0000, 0x0000, 0x0000, 0x0000, 0x0000, 0x0000, 0x0000, 0x0000, 0x0000, 0x0000, 0x0000, 
  0x0000, 0x0000, 0x1001, 0x3026, 0x4007, 0x4027, 0x4007, 0x4027, 0x4027, 0x3807, 0x3807, 0x3827, 
  0x3827, 0x3826, 0x3826, 0x3826, 0x3026, 0x1823, 0x0000, 0x0000, 0x0000, 0x0000, 0x0000, 0x0000, 
  0x0000, 0x0000, 0x0000, 0x0000, 0x0000, 0x0000, 0x0000, 0x0000, 0x2022, 0x4848, 0x5029, 0x5809, 
  0x5809, 0x5809, 0x5809, 0x5809, 0x5009, 0x5009, 0x3025, 0x0000, 0x0000, 0x1001, 0x3025, 0x4848, 
  0x5029, 0x3846, 0x1001, 0x0000, 0x0000, 0x0000, 0x0000, 0x0000, 0x0000, 0x0000, 0x0000, 0x0000, 
  0x0000, 0x0000, 0x0000, 0x0000, 0x0000, 0x0000, 0x0000, 0x0000, 0x0000, 0x0000, 0x0000, 0x0000, 
  0x0000, 0x0000, 0x0000, 0x0000, 0x0000, 0x0000, 0x0000, 0x0800, 0x2043, 0x48e7, 0x1021, 0x0000, 
  0x0000, 0x0000, 0x0000, 0x0000, 0x0000, 0x0000, 0x0000, 0x0000, 0x0000, 0x0000, 0x4228, 0x5289, 
  0x0000, 0x0000, 0x0000, 0x0000, 0x0000, 0x0000, 0x0000, 0x0000, 0x0000, 0x0000, 0x0000, 0x0000, 
  0x0000, 0x0000, 0x0000, 0x0000, 0x0000, 0x0000, 0x0000, 0x0800, 0x2823, 0x5888, 0x3845, 0x0801, 
  0x0000, 0x0000, 0x0000, 0x0000, 0x0000, 0x0000, 0x1822, 0x4047, 0x5008, 0x5008, 0x5009, 0x5809, 
  0x5809, 0x5809, 0x5028, 0x4808, 0x4007, 0x4027, 0x4007, 0x4007, 0x3807, 0x3807, 0x3807, 0x3807, 
  0x3807, 0x3807, 0x3827, 0x3806, 0x3827, 0x2025, 0x0800, 0x0000, 0x0000, 0x1823, 0x3846, 0x4028, 
  0x4008, 0x4008, 0x4007, 0x4007, 0x4027, 0x4007, 0x4007, 0x4007, 0x4027, 0x4027, 0x4027, 0x4027, 
  0x2023, 0x0800, 0x0000, 0x0000, 0x0000, 0x0000, 0x0000, 0x0000, 0x0000, 0x0000, 0x0000, 0x0000, 
  0x0000, 0x0000, 0x0000, 0x0000, 0x1882, 0x1882, 0x0000, 0x0000, 0x0000, 0x0000, 0x0000, 0x0000, 
  0x0000, 0x0000, 0x0000, 0x0000, 0x0000, 0x0000, 0x0000, 0x0800, 0x3045, 0x5849, 0x5829, 0x6029, 
  0x6029, 0x5829, 0x5829, 0x5829, 0x4047, 0x1822, 0x0000, 0x0000, 0x0000, 0x0000, 0x0000, 0x0000, 
  0x0000, 0x0000, 0x0000, 0x0000, 0x0000, 0x0000, 0x0000, 0x0000, 0x0000, 0x0000, 0x0000, 0x0000, 
  0x1001, 0x58c8, 0x694b, 0x1802, 0x0000, 0x0000, 0x0000, 0x0000, 0x0000, 0x0000, 0x0000, 0x0000, 
  0x0000, 0x0000, 0x0000, 0x0000, 0x0000, 0x0000, 0x0000, 0x0000, 0x0000, 0x0000, 0x0000, 0x0000, 
  0x0000, 0x0000, 0x0000, 0x0000, 0x0000, 0x0000, 0x0000, 0x0000, 0x0000, 0x0000, 0x0000, 0x0000, 
  0x0000, 0x0000, 0x0000, 0x0000, 0x0000, 0x0000, 0x0800, 0x4086, 0x686a, 0x682b, 0x606a, 0x2044, 
  0x0000, 0x0000, 0x0000, 0x0000, 0x0000, 0x0000, 0x0000, 0x0000, 0x0000, 0x0000, 0x0000, 0x0000, 
  0x0000, 0x0000, 0x0000, 0x0000, 0x0000, 0x0000, 0x0000, 0x0000, 0xa0cf, 0x908f, 0x4888, 0x0800, 
  0x0000, 0x0000, 0x0000, 0x0000, 0x0000, 0x0000, 0x0000, 0x0000, 0x0000, 0x0000, 0x0000, 0x0000, 
  0x0000, 0x0000, 0x0000, 0x0000, 0x0000, 0x0000, 0x0000, 0x0000, 0x0800, 0x2023, 0x3827, 0x4007, 
  0x4007, 0x4007, 0x4007, 0x4007, 0x4027, 0x4027, 0x3827, 0x3807, 0x3827, 0x3826, 0x3826, 0x3026, 
  0x1822, 0x0000, 0x0000, 0x0000, 0x0000, 0x0000, 0x0000, 0x0000, 0x0000, 0x0000, 0x0000, 0x0000, 
  0x0000, 0x0000, 0x1001, 0x3846, 0x5829, 0x5809, 0x6009, 0x5809, 0x5809, 0x5809, 0x5809, 0x5809, 
  0x5009, 0x3826, 0x0800, 0x1001, 0x2845, 0x5048, 0x5029, 0x5049, 0x3045, 0x0800, 0x0000, 0x0000, 
  0x0000, 0x0000, 0x0000, 0x0000, 0x0000, 0x0000, 0x0000, 0x0000, 0x0000, 0x0000, 0x0000, 0x0000, 
  0x0000, 0x0000, 0x0000, 0x0000, 0x0000, 0x0000, 0x0000, 0x0000, 0x0000, 0x0000, 0x0000, 0x0000, 
  0x0000, 0x0000, 0x0800, 0x38c6, 0x40e7, 0x0801, 0x0000, 0x0000, 0x0000, 0x0000, 0x0000, 0x0000, 
  0x0000, 0x0000, 0x0000, 0x0000, 0x0861, 0x5acb, 0x3165, 0x0000, 0x0000, 0x0000, 0x0000, 0x0000, 
  0x0000, 0x0000, 0x0000, 0x0000, 0x0000, 0x0000, 0x0000, 0x0000, 0x0000, 0x0000, 0x0000, 0x0000, 
  0x0000, 0x0000, 0x1001, 0x4066, 0x58a9, 0x2823, 0x0800, 0x0000, 0x0000, 0x0000, 0x0000, 0x0000, 
  0x0801, 0x3045, 0x5029, 0x5809, 0x5809, 0x5809, 0x5809, 0x5809, 0x5809, 0x5008, 0x4008, 0x4007, 
  0x4027, 0x4027, 0x4007, 0x4007, 0x4007, 0x4007, 0x3807, 0x4007, 0x4027, 0x3807, 0x3827, 0x3026, 
  0x1823, 0x0000, 0x0000, 0x1022, 0x3046, 0x4027, 0x4028, 0x4008, 0x4028, 0x4007, 0x4007, 0x4007, 
  0x4007, 0x4007, 0x4007, 0x4027, 0x4007, 0x4007, 0x3826, 0x1802, 0x0000, 0x0000, 0x0000, 0x0000, 
  0x0000, 0x0000, 0x0000, 0x0000, 0x0000, 0x0000, 0x0000, 0x0000, 0x0000, 0x0000, 0x0020, 0x1882, 
  0x0820, 0x0000, 0x0000, 0x0000, 0x0000, 0x0000, 0x0000, 0x0000, 0x0000, 0x0000, 0x0000, 0x0000, 
  0x0000, 0x0000, 0x1021, 0x4067, 0x5849, 0x6029, 0x6029, 0x5849, 0x5829, 0x5849, 0x5068, 0x2843, 
  0x0000, 0x0000, 0x0000, 0x0000, 0x0000, 0x0000, 0x0000, 0x0000, 0x0000, 0x0000, 0x0000, 0x0000, 
  0x0000, 0x0000, 0x0000, 0x0000, 0x0000, 0x0000, 0x0820, 0x2843, 0x794b, 0x50e8, 0x0801, 0x0000, 
  0x0000, 0x0000, 0x0000, 0x0000, 0x0000, 0x0000, 0x0000, 0x0000, 0x0000, 0x0000, 0x0000, 0x0000, 
  0x0000, 0x0000, 0x0000, 0x0000, 0x0000, 0x0000, 0x0000, 0x0000, 0x0000, 0x0000, 0x0000, 0x0000, 
  0x0000, 0x0000, 0x0000, 0x0000, 0x0000, 0x0000, 0x0000, 0x0000, 0x0000, 0x0000, 0x0000, 0x0000, 
  0x0000, 0x1021, 0x50a8, 0x686b, 0x686b, 0x5869, 0x1802, 0x0000, 0x0000, 0x0000, 0x0000, 0x0000, 
  0x0000, 0x0000, 0x0000, 0x0000, 0x0000, 0x0000, 0x0000, 0x0000, 0x0000, 0x0000, 0x0000, 0x0000, 
  0x0000, 0x0000, 0x0000, 0x0000, 0x98af, 0x4847, 0x0800, 0x0000, 0x0000, 0x0000, 0x0000, 0x0000, 
  0x0000, 0x0000, 0x0000, 0x0000, 0x0000, 0x0000, 0x0000, 0x0000, 0x1001, 0x2064, 0x0801, 0x0000, 
  0x0000, 0x0000, 0x0000, 0x1001, 0x3045, 0x3827, 0x4007, 0x4007, 0x4006, 0x4007, 0x4007, 0x4007, 
  0x3807, 0x4027, 0x4027, 0x3827, 0x3827, 0x3827, 0x3846, 0x1001, 0x0000, 0x0000, 0x0000, 0x0000, 
  0x0000, 0x0000, 0x0000, 0x0000, 0x0000, 0x0000, 0x0000, 0x0000, 0x0000, 0x2023, 0x4848, 0x5809, 
  0x5809, 0x5809, 0x5809, 0x6009, 0x5809, 0x5809, 0x5809, 0x5809, 0x5028, 0x2003, 0x2824, 0x4848, 
  0x5829, 0x5829, 0x5049, 0x2824, 0x0000, 0x0000, 0x0000, 0x0000, 0x0000, 0x0000, 0x0000, 0x0000, 
  0x0000, 0x0000, 0x0000, 0x0000, 0x0000, 0x0000, 0x0000, 0x0000, 0x0000, 0x0000, 0x0000, 0x0000, 
  0x0000, 0x0000, 0x0000, 0x0000, 0x0000, 0x0000, 0x0000, 0x0000, 0x0000, 0x1001, 0x5108, 0x40a6, 
  0x0800, 0x0000, 0x0000, 0x0000, 0x0000, 0x0000, 0x0000, 0x0000, 0x0000, 0x0000, 0x0000, 0x1061, 
  0x632c, 0x18c3, 0x0000, 0x0000, 0x0000, 0x0000, 0x0000, 0x0000, 0x0000, 0x0000, 0x0000, 0x0000, 
  0x0000, 0x0000, 0x0000, 0x0000, 0x0000, 0x0000, 0x0000, 0x0000, 0x0000, 0x1802, 0x58a9, 0x58a8, 
  0x1822, 0x0000, 0x0020, 0x0000, 0x0000, 0x0000, 0x0000, 0x1002, 0x4047, 0x582a, 0x580a, 0x5809, 
  0x5809, 0x5809, 0x5809, 0x5809, 0x5008, 0x4808, 0x4008, 0x4007, 0x4007, 0x4007, 0x4007, 0x4007, 
  0x4007, 0x4007, 0x4007, 0x4027, 0x4007, 0x3827, 0x3026, 0x1002, 0x0000, 0x1001, 0x2845, 0x4027, 
  0x4008, 0x4008, 0x4808, 0x4808, 0x4008, 0x4008, 0x4007, 0x4007, 0x4027, 0x4007, 0x4007, 0x4027, 
  0x4007, 0x3045, 0x1001, 0x0000, 0x0000, 0x0000, 0x0000, 0x0000, 0x0000, 0x0000, 0x0000, 0x0000, 
  0x0000, 0x0000, 0x0000, 0x0000, 0x0000, 0x0000, 0x0820, 0x0000, 0x0000, 0x0000, 0x0000, 0x0000, 
  0x0000, 0x0000, 0x0000, 0x0000, 0x0000, 0x0000, 0x0000, 0x0000, 0x0000, 0x1822, 0x4868, 0x5829, 
  0x6029, 0x6029, 0x6029, 0x5829, 0x5869, 0x3065, 0x1001, 0x0000, 0x0000, 0x0000, 0x0000, 0x0000, 
  0x0000, 0x0000, 0x0000, 0x0000, 0x0000, 0x0000, 0x0000, 0x0000, 0x0000, 0x0000, 0x0000, 0x0000, 
  0x0000, 0x0800, 0x4066, 0x818d, 0x3865, 0x0800, 0x0000, 0x0000, 0x0000, 0x0000, 0x0000, 0x0000, 
  0x0000, 0x0000, 0x0000, 0x0000, 0x0000, 0x0000, 0x0000, 0x0000, 0x0000, 0x0000, 0x0000, 0x0000, 
  0x0000, 0x0000, 0x0000, 0x0000, 0x0000, 0x0000, 0x0000, 0x0000, 0x0000, 0x0000, 0x0000, 0x0000, 
  0x0000, 0x0000, 0x0000, 0x0000, 0x0000, 0x0000, 0x0000, 0x0000, 0x1822, 0x60a9, 0x686a, 0x686b, 
  0x5088, 0x1022, 0x0000, 0x0000, 0x0000, 0x0000, 0x0000, 0x0000, 0x0000, 0x0000, 0x0000, 0x0000, 
  0x0000, 0x0000, 0x0000, 0x0000, 0x0000, 0x0000, 0x0000, 0x0000, 0x0000, 0x0000, 0x0000, 0x0000, 
  0x3025, 0x0800, 0x0000, 0x0000, 0x0000, 0x0000, 0x0000, 0x0000, 0x0000, 0x0000, 0x0000, 0x0000, 
  0x0000, 0x0000, 0x0000, 0x1822, 0x3866, 0x2043, 0x0020, 0x0000, 0x0000, 0x0000, 0x1823, 0x3847, 
  0x4027, 0x4007, 0x4007, 0x4007, 0x4007, 0x3807, 0x3807, 0x3807, 0x4027, 0x4027, 0x3827, 0x3827, 
  0x3827, 0x3046, 0x1001, 0x0000, 0x0000, 0x0000, 0x0000, 0x0000, 0x0000, 0x0000, 0x0000, 0x0000, 
  0x0000, 0x0000, 0x0000, 0x1001, 0x3846, 0x5829, 0x5809, 0x5809, 0x6009, 0x6009, 0x6009, 0x6009, 
  0x5809, 0x5809, 0x5809, 0x5809, 0x5829, 0x5829, 0x582a, 0x582a, 0x582a, 0x5049, 0x2003, 0x0000, 
  0x0000, 0x0000, 0x0000, 0x0000, 0x0000, 0x0000, 0x0000, 0x0000, 0x0000, 0x0000, 0x0000, 0x0000, 
  0x0000, 0x0000, 0x0000, 0x0000, 0x0000, 0x0000, 0x0000, 0x0000, 0x0000, 0x0000, 0x0000, 0x0000, 
  0x0000, 0x0000, 0x0000, 0x0000, 0x2043, 0x5909, 0x3064, 0x0800, 0x0000, 0x0000, 0x0000, 0x0000, 
  0x0000, 0x0000, 0x0000, 0x0000, 0x0000, 0x0000, 0x3185, 0x6b2c, 0x0020, 0x0000, 0x0000, 0x0000, 
  0x0000, 0x0000, 0x0000, 0x0000, 0x0000, 0x0000, 0x0000, 0x0000, 0x0000, 0x0000, 0x0000, 0x0000, 
  0x0000, 0x0000, 0x0000, 0x0800, 0x3044, 0x68ea, 0x4086, 0x0800, 0x0000, 0x0000, 0x0000, 0x0000, 
  0x0000, 0x0800, 0x2845, 0x5049, 0x580a, 0x600a, 0x600a, 0x5809, 0x5809, 0x5809, 0x5809, 0x5008, 
  0x4808, 0x4008, 0x4008, 0x4007, 0x4007, 0x4007, 0x4007, 0x4007, 0x4007, 0x4027, 0x4027, 0x4007, 
  0x4027, 0x2845, 0x0801, 0x0801, 0x2845, 0x4047, 0x4028, 0x4808, 0x4808, 0x4808, 0x4808, 0x4808, 
  0x4808, 0x4808, 0x4008, 0x4807, 0x4027, 0x4807, 0x4007, 0x4047, 0x2824, 0x0800, 0x0000, 0x0000, 
  0x0000, 0x0000, 0x0000, 0x0000, 0x0000, 0x0000, 0x0000, 0x0000, 0x0000, 0x0000, 0x0000, 0x0000, 
  0x0000, 0x0000, 0x0000, 0x0000, 0x0000, 0x0000, 0x0000, 0x0000, 0x0000, 0x0000, 0x0000, 0x0000, 
  0x0000, 0x0000, 0x0000, 0x0000, 0x2043, 0x5068, 0x5829, 0x5829, 0x6029, 0x5829, 0x5849, 0x4867, 
  0x1822, 0x0000, 0x0000, 0x0000, 0x0000, 0x0000, 0x0000, 0x0000, 0x0000, 0x0000, 0x0000, 0x0000, 
  0x0000, 0x0000, 0x0000, 0x0000, 0x0000, 0x0000, 0x0000, 0x0800, 0x1001, 0x58e9, 0x714c, 0x2023, 
  0x0000, 0x0000, 0x0000, 0x0000, 0x0000, 0x0000, 0x0000, 0x0000, 0x0000, 0x0000, 0x0000, 0x0000, 
  0x0000, 0x0000, 0x0000, 0x0000, 0x0000, 0x0000, 0x0000, 0x0000, 0x0000, 0x0000, 0x0000, 0x0000, 
  0x0000, 0x0000, 0x0000, 0x0000, 0x0000, 0x0000, 0x0000, 0x0000, 0x0000, 0x0000, 0x0000, 0x0000, 
  0x0000, 0x0000, 0x0000, 0x3064, 0x68aa, 0x686a, 0x688b, 0x4888, 0x1001, 0x0000, 0x0000, 0x0000, 
  0x0000, 0x0000, 0x0000, 0x0000, 0x0000, 0x0000, 0x0000, 0x0000, 0x0000, 0x0000, 0x0000, 0x0000, 
  0x0000, 0x0000, 0x0000, 0x0000, 0x0000, 0x0000, 0x0000, 0x0000, 0x0000, 0x0000, 0x0000, 0x0000, 
  0x0000, 0x0000, 0x0000, 0x0000, 0x0000, 0x0000, 0x0000, 0x0000, 0x0000, 0x0801, 0x2844, 0x3847, 
  0x3045, 0x0800, 0x0000, 0x0020, 0x0801, 0x2845, 0x4027, 0x4028, 0x4027, 0x4007, 0x4007, 0x4007, 
  0x4007, 0x4007, 0x4007, 0x4027, 0x3807, 0x3807, 0x3827, 0x3827, 0x3045, 0x1001, 0x0000, 0x0000, 
  0x0000, 0x0000, 0x0000, 0x0000, 0x0000, 0x0000, 0x0000, 0x0000, 0x0000, 0x0000, 0x2023, 0x4848, 
  0x5809, 0x5809, 0x6009, 0x6009, 0x6009, 0x6009, 0x6009, 0x6009, 0x5809, 0x5809, 0x5809, 0x5809, 
  0x5809, 0x5809, 0x5829, 0x582a, 0x4847, 0x1001, 0x0000, 0x0000, 0x0000, 0x0000, 0x0000, 0x0000, 
  0x0000, 0x0000, 0x0000, 0x0000, 0x0000, 0x0000, 0x0000, 0x0000, 0x0000, 0x0000, 0x0000, 0x0000, 
  0x0000, 0x0000, 0x0000, 0x0000, 0x0000, 0x0000, 0x0000, 0x0000, 0x0000, 0x0000, 0x0800, 0x3865, 
  0x58e8, 0x2022, 0x0000, 0x0000, 0x0000, 0x0000, 0x0000, 0x0000, 0x0000, 0x0000, 0x0000, 0x0000, 
  0x0000, 0x5269, 0x4207, 0x0000, 0x0000, 0x0000, 0x0000, 0x0000, 0x0000, 0x0000, 0x0000, 0x0000, 
  0x0000, 0x0000, 0x0000, 0x0000, 0x0000, 0x0000, 0x0000, 0x0000, 0x0000, 0x0000, 0x0801, 0x4867, 
  0x70ca, 0x3024, 0x0800, 0x0000, 0x0020, 0x0000, 0x0000, 0x0000, 0x1001, 0x4046, 0x602a, 0x600a, 
  0x600a, 0x600a, 0x600a, 0x5809, 0x5809, 0x5809, 0x5008, 0x4007, 0x4007, 0x4007, 0x4007, 0x4007, 
  0x4007, 0x4007, 0x4008, 0x4007, 0x4007, 0x4027, 0x4027, 0x3827, 0x2024, 0x1001, 0x2044, 0x3847, 
  0x4028, 0x4028, 0x4808, 0x4808, 0x4808, 0x4808, 0x4808, 0x4808, 0x4808, 0x4808, 0x4808, 0x4808, 
  0x4808, 0x4827, 0x4047, 0x1823, 0x0000, 0x0000, 0x0000, 0x0000, 0x0000, 0x0000, 0x0000, 0x0000, 
  0x0000, 0x0000, 0x0000, 0x0000, 0x0000, 0x0000, 0x0000, 0x0000, 0x0000, 0x0000, 0x0000, 0x0000, 
  0x0000, 0x0000, 0x0000, 0x0000, 0x0000, 0x0000, 0x0000, 0x0000, 0x0000, 0x0000, 0x0800, 0x3045, 
  0x5049, 0x5829, 0x5829, 0x5849, 0x5849, 0x5069, 0x2844, 0x0800, 0x0000, 0x0000, 0x0000, 0x0000, 
  0x0000, 0x0000, 0x0000, 0x0000, 0x0000, 0x0000, 0x0000, 0x0000, 0x0000, 0x0000, 0x0000, 0x0000, 
  0x0000, 0x0000, 0x0800, 0x2022, 0x712b, 0x68ea, 0x1001, 0x0000, 0x0000, 0x0000, 0x0000, 0x0000, 
  0x0000, 0x0000, 0x0000, 0x0000, 0x0000, 0x0000, 0x0000, 0x0000, 0x0000, 0x0000, 0x0000, 0x0000, 
  0x0000, 0x0000, 0x0000, 0x0000, 0x0000, 0x0000, 0x0000, 0x0000, 0x0000, 0x0000, 0x0000, 0x0000, 
  0x0000, 0x0000, 0x0000, 0x0000, 0x0000, 0x0000, 0x0000, 0x0000, 0x0000, 0x0800, 0x4066, 0x686a, 
  0x686b, 0x688b, 0x4086, 0x0800, 0x0000, 0x0000, 0x0000, 0x0000, 0x0000, 0x0000, 0x0000, 0x0000, 
  0x0000, 0x0000, 0x0000, 0x0000, 0x0000, 0x0000, 0x0000, 0x0000, 0x0000, 0x0000, 0x0000, 0x0000, 
  0x0000, 0x0000, 0x0000, 0x0800, 0x0000, 0x0000, 0x0000, 0x0000, 0x0000, 0x0000, 0x0000, 0x0000, 
  0x0000, 0x0000, 0x0000, 0x0000, 0x1002, 0x3846, 0x3847, 0x3827, 0x1022, 0x0000, 0x0000, 0x1022, 
  0x3846, 0x4027, 0x4008, 0x4008, 0x4027, 0x4007, 0x4007, 0x4007, 0x4007, 0x4007, 0x4007, 0x4007, 
  0x4007, 0x3807, 0x3827, 0x3045, 0x0801, 0x0000, 0x0000, 0x0000, 0x0000, 0x0000, 0x0000, 0x0000, 
  0x0000, 0x0000, 0x0000, 0x0000, 0x1022, 0x3846, 0x5829, 0x5809, 0x6009, 0x6009, 0x6009, 0x6009, 
  0x6009, 0x6009, 0x6009, 0x6009, 0x5809, 0x5809, 0x5809, 0x5809, 0x5809, 0x5809, 0x582a, 0x4047, 
  0x0801, 0x0000, 0x0000, 0x0000, 0x0000, 0x0000, 0x0000, 0x0000, 0x0000, 0x0000, 0x0000, 0x0000, 
  0x0000, 0x0000, 0x0000, 0x0000, 0x0000, 0x0000, 0x0000, 0x0000, 0x0000, 0x0000, 0x0000, 0x0000, 
  0x0000, 0x0000, 0x0000, 0x0000, 0x0000, 0x1001, 0x48a7, 0x50c7, 0x1801, 0x0000, 0x0000, 0x0000, 
  0x0000, 0x0000, 0x0000, 0x0000, 0x0000, 0x0000, 0x0000, 0x0840, 0x632c, 0x3165, 0x0000, 0x0000, 
  0x0000, 0x0000, 0x0000, 0x0000, 0x0000, 0x0000, 0x0000, 0x0000, 0x0000, 0x0000, 0x0000, 0x0000, 
  0x0000, 0x0000, 0x0000, 0x0000, 0x0000, 0x1822, 0x58a8, 0x60c9, 0x2022, 0x0000, 0x0000, 0x0000, 
  0x0000, 0x0000, 0x0000, 0x1803, 0x4848, 0x600a, 0x600a, 0x600a, 0x6009, 0x6009, 0x5809, 0x5809, 
  0x5809, 0x5008, 0x4808, 0x4007, 0x4007, 0x4007, 0x4007, 0x4007, 0x4007, 0x4008, 0x4008, 0x4008, 
  0x4008, 0x4027, 0x3827, 0x2023, 0x1822, 0x3846, 0x4028, 0x4828, 0x4828, 0x4828, 0x4808, 0x4808, 
  0x4808, 0x4828, 0x4808, 0x4808, 0x4808, 0x4808, 0x4828, 0x4828, 0x4028, 0x3846, 0x1001, 0x0000, 
  0x0000, 0x0000, 0x0000, 0x0000, 0x0000, 0x0000, 0x0000, 0x0000, 0x0000, 0x0000, 0x0000, 0x0000, 
  0x0000, 0x0000, 0x0000, 0x0000, 0x0000, 0x0000, 0x0000, 0x0000, 0x0000, 0x0000, 0x0000, 0x0000, 
  0x0000, 0x0000, 0x0000, 0x0000, 0x0000, 0x0801, 0x3866, 0x5049, 0x5029, 0x5828, 0x5829, 0x5049, 
  0x3866, 0x1001, 0x0000, 0x0000, 0x0000, 0x0000, 0x0000, 0x0000, 0x0000, 0x0000, 0x0000, 0x0000, 
  0x0000, 0x0000, 0x0000, 0x0000, 0x0000, 0x0000, 0x0000, 0x0000, 0x0000, 0x0800, 0x3865, 0x792c, 
  0x50a7, 0x0800, 0x0020, 0x0000, 0x0000, 0x0000, 0x0000, 0x0000, 0x0000, 0x0000, 0x0000, 0x0000, 
  0x0000, 0x0000, 0x0000, 0x0000, 0x0000, 0x0000, 0x0000, 0x0000, 0x0000, 0x0000, 0x0000, 0x0000, 
  0x0000, 0x0000, 0x0000, 0x0000, 0x0000, 0x0000, 0x0000, 0x0000, 0x0000, 0x0000, 0x0000, 0x0000, 
  0x0000, 0x0000, 0x0000, 0x0000, 0x1001, 0x5087, 0x686a, 0x684a, 0x608a, 0x3865, 0x0000, 0x0000, 
  0x0000, 0x0000, 0x0000, 0x0000, 0x0000, 0x0000, 0x0000, 0x0000, 0x0000, 0x0000, 0x0000, 0x0000, 
  0x0000, 0x0000, 0x0000, 0x0000, 0x0000, 0x0000, 0x0000, 0x0000, 0x0000, 0x0000, 0x1001, 0x4046, 
  0x0000, 0x0000, 0x0000, 0x0000, 0x0000, 0x0000, 0x0000, 0x0000, 0x0000, 0x0000, 0x0800, 0x2024, 
  0x4027, 0x4027, 0x4027, 0x2824, 0x0000, 0x0820, 0x2844, 0x4027, 0x4008, 0x4008, 0x4008, 0x4007, 
  0x4007, 0x4007, 0x4007, 0x4007, 0x4007, 0x4007, 0x4007, 0x4007, 0x3827, 0x3827, 0x3045, 0x0800, 
  0x0000, 0x0000, 0x0000, 0x0000, 0x0000, 0x0000, 0x0000, 0x0000, 0x0000, 0x0000, 0x0800, 0x2824, 
  0x5048, 0x580a, 0x600a, 0x6009, 0x6009, 0x6009, 0x5809, 0x5809, 0x6009, 0x6009, 0x6009, 0x6009, 
  0x5809, 0x5809, 0x5809, 0x5809, 0x580a, 0x5849, 0x3045, 0x0800, 0x0000, 0x0000, 0x0000, 0x0000, 
  0x0000, 0x0000, 0x0000, 0x0000, 0x0000, 0x0000, 0x0000, 0x0000, 0x0000, 0x0000, 0x0000, 0x0000, 
  0x0000, 0x0000, 0x0000, 0x0000, 0x0000, 0x0000, 0x0000, 0x0000, 0x0000, 0x0000, 0x0000, 0x0000, 
  0x2043, 0x58e9, 0x4086, 0x1001, 0x0000, 0x0000, 0x0000, 0x0000, 0x0000, 0x0000, 0x0000, 0x0000, 
  0x0000, 0x0000, 0x0841, 0x738e, 0x2104, 0x0000, 0x0000, 0x0000, 0x0000, 0x0000, 0x0000, 0x0000, 
  0x0000, 0x0000, 0x0000, 0x0000, 0x0000, 0x0000, 0x0000, 0x0000, 0x0000, 0x0000, 0x0000, 0x0000, 
  0x3044, 0x70ca, 0x4886, 0x0801, 0x0000, 0x0000, 0x0000, 0x0020, 0x0000, 0x0800, 0x2825, 0x582a, 
  0x600b, 0x680a, 0x680a, 0x600a, 0x6009, 0x5809, 0x5809, 0x5809, 0x4808, 0x4807, 0x4008, 0x4008, 
  0x4008, 0x4008, 0x4007, 0x4008, 0x4008, 0x4008, 0x4008, 0x4007, 0x4007, 0x3827, 0x2024, 0x3026, 
  0x4028, 0x4028, 0x4828, 0x4808, 0x4808, 0x4808, 0x4808, 0x4808, 0x4808, 0x4808, 0x4808, 0x4808, 
  0x4808, 0x4808, 0x4828, 0x4028, 0x3045, 0x1001, 0x0000, 0x0000, 0x0000, 0x0000, 0x0000, 0x0000, 
  0x0000, 0x0000, 0x0000, 0x0000, 0x0000, 0x0000, 0x0000, 0x0000, 0x0000, 0x0000, 0x0000, 0x0000, 
  0x0000, 0x0000, 0x0000, 0x0000, 0x0000, 0x0000, 0x0000, 0x0000, 0x0000, 0x0000, 0x0000, 0x0000, 
  0x1021, 0x4067, 0x5028, 0x5028, 0x5029, 0x5029, 0x4867, 0x1823, 0x0000, 0x0000, 0x0000, 0x0000, 
  0x0000, 0x0000, 0x0000, 0x0000, 0x0000, 0x0000, 0x0000, 0x0000, 0x0000, 0x0000, 0x0000, 0x0000, 
  0x0000, 0x0000, 0x0000, 0x0000, 0x1001, 0x58c9, 0x792c, 0x3044, 0x0800, 0x0020, 0x0000, 0x0000, 
  0x0000, 0x0000, 0x0000, 0x0000, 0x0000, 0x0000, 0x0000, 0x0000, 0x0000, 0x0000, 0x0000, 0x0000, 
  0x0000, 0x0000, 0x0000, 0x0000, 0x0000, 0x0000, 0x0000, 0x0000, 0x0000, 0x0000, 0x0000, 0x0000, 
  0x0000, 0x0000, 0x0000, 0x0000, 0x0000, 0x0000, 0x0000, 0x0000, 0x0000, 0x0000, 0x0000, 0x1822, 
  0x5089, 0x684b, 0x604a, 0x588a, 0x2023, 0x0000, 0x0000, 0x0000, 0x0000, 0x0000, 0x0000, 0x0000, 
  0x0000, 0x0000, 0x0000, 0x0000, 0x0000, 0x0000, 0x0000, 0x0000, 0x0000, 0x0000, 0x0000, 0x0000, 
  0x0000, 0x0000, 0x0000, 0x0000, 0x0000, 0x1002, 0x5068, 0x682b, 0x0000, 0x0000, 0x0000, 0x0000, 
  0x0000, 0x0000, 0x0000, 0x0000, 0x0000, 0x1021, 0x3046, 0x4028, 0x4027, 0x4028, 0x3026, 0x0800, 
  0x1022, 0x3846, 0x4028, 0x4808, 0x4008, 0x4008, 0x4008, 0x4007, 0x4007, 0x4008, 0x4007, 0x4007, 
  0x4007, 0x4007, 0x4007, 0x4007, 0x3827, 0x2844, 0x0800, 0x0000, 0x0000, 0x0000, 0x0000, 0x0000, 
  0x0000, 0x0000, 0x0000, 0x0000, 0x0000, 0x1021, 0x4047, 0x5829, 0x6009, 0x600a, 0x600a, 0x6009, 
  0x6009, 0x6009, 0x6009, 0x6009, 0x6009, 0x6009, 0x6009, 0x6009, 0x6029, 0x6009, 0x5829, 0x582a, 
  0x5849, 0x2824, 0x0000, 0x0000, 0x0000, 0x0000, 0x0000, 0x0000, 0x0000, 0x0000, 0x0000, 0x0000, 
  0x0000, 0x0000, 0x0000, 0x0000, 0x0000, 0x0000, 0x0000, 0x0000, 0x0000, 0x0000, 0x0000, 0x0000, 
  0x0000, 0x0000, 0x0000, 0x0000, 0x0000, 0x0000, 0x0801, 0x3865, 0x610a, 0x3064, 0x0800, 0x0000, 
  0x0000, 0x0000, 0x0000, 0x0000, 0x0000, 0x0000, 0x0000, 0x0000, 0x0000, 0x2965, 0x528a, 0x0020, 
  0x0000, 0x0000, 0x0000, 0x0000, 0x0000, 0x0000, 0x0000, 0x0000, 0x0000, 0x0000, 0x0000, 0x0000, 
  0x0000, 0x0000, 0x0000, 0x0000, 0x0000, 0x0000, 0x1000, 0x4887, 0x70eb, 0x3845, 0x0800, 0x0020, 
  0x0000, 0x0000, 0x0000, 0x0000, 0x1001, 0x4027, 0x602a, 0x680a, 0x680b, 0x680a, 0x600a, 0x600a, 
  0x600a, 0x5809, 0x5809, 0x4808, 0x4807, 0x4808, 0x4808, 0x4008, 0x4808, 0x4008, 0x4008, 0x4008, 
  0x4008, 0x4008, 0x4808, 0x4008, 0x4007, 0x3827, 0x4027, 0x4808, 0x4828, 0x4828, 0x4828, 0x4808, 
  0x4808, 0x4828, 0x4808, 0x4808, 0x4808, 0x4828, 0x4828, 0x4808, 0x4808, 0x4028, 0x4047, 0x2824, 
  0x0000, 0x0000, 0x0000, 0x0000, 0x0000, 0x0000, 0x0000, 0x0000, 0x0000, 0x0000, 0x0000, 0x0000, 
  0x0000, 0x0000, 0x0000, 0x0000, 0x0000, 0x0000, 0x0000, 0x0000, 0x0000, 0x0000, 0x0000, 0x0000, 
  0x0000, 0x0000, 0x0000, 0x0000, 0x0000, 0x0000, 0x0000, 0x2043, 0x4848, 0x5029, 0x5028, 0x5028, 
  0x4848, 0x2824, 0x0800, 0x0000, 0x0000, 0x0000, 0x0000, 0x0000, 0x0000, 0x0000, 0x0000, 0x0000, 
  0x0000, 0x0000, 0x0000, 0x0000, 0x0000, 0x0000, 0x0000, 0x0000, 0x0000, 0x0000, 0x0800, 0x2023, 
  0x690b, 0x60ca, 0x1001, 0x0800, 0x0020, 0x0000, 0x0000, 0x0000, 0x0000, 0x0000, 0x0000, 0x0000, 
  0x0000, 0x0000, 0x0000, 0x0000, 0x0000, 0x0000, 0x0000, 0x0000, 0x0000, 0x0000, 0x0000, 0x0000, 
  0x0000, 0x0000, 0x0000, 0x0000, 0x0000, 0x0000, 0x0000, 0x0000, 0x0000, 0x0000, 0x0000, 0x0000, 
  0x0000, 0x0000, 0x0000, 0x0000, 0x0000, 0x0800, 0x2824, 0x6089, 0x604a, 0x604a, 0x5088, 0x1802, 
  0x0000, 0x0000, 0x0000, 0x0000, 0x0000, 0x0000, 0x0000, 0x0000, 0x0000, 0x0000, 0x0000, 0x0000, 
  0x0000, 0x0000, 0x0000, 0x0000, 0x0000, 0x0000, 0x0000, 0x0000, 0x0000, 0x0000, 0x0000, 0x0000, 
  0x2023, 0x606a, 0x682b, 0x682b, 0x0000, 0x0000, 0x0000, 0x0000, 0x0000, 0x0000, 0x0000, 0x0000, 
  0x1822, 0x4047, 0x4028, 0x4008, 0x4808, 0x4027, 0x2824, 0x2824, 0x4028, 0x4008, 0x4008, 0x4008, 
  0x4008, 0x4008, 0x4007, 0x4007, 0x4007, 0x4008, 0x4007, 0x4007, 0x4007, 0x4007, 0x4007, 0x4027, 
  0x2824, 0x0000, 0x0000, 0x0000, 0x0000, 0x0000, 0x0000, 0x0000, 0x0000, 0x0000, 0x0000, 0x0800, 
  0x2843, 0x5049, 0x6009, 0x6009, 0x6009, 0x6009, 0x6009, 0x6009, 0x6009, 0x6009, 0x6009, 0x6009, 
  0x6009, 0x6009, 0x6029, 0x600a, 0x6029, 0x602a, 0x602a, 0x5048, 0x1822, 0x0000, 0x0000, 0x0000, 
  0x0000, 0x0000, 0x0000, 0x0000, 0x0000, 0x0000, 0x0000, 0x0000, 0x0000, 0x0000, 0x0000, 0x0000, 
  0x0000, 0x0000, 0x0000, 0x0000, 0x0000, 0x0000, 0x0000, 0x0000, 0x0000, 0x0000, 0x0000, 0x0000, 
  0x0000, 0x1001, 0x50a8, 0x610a, 0x2864, 0x0000, 0x0000, 0x0000, 0x0000, 0x0000, 0x0000, 0x0000, 
  0x0000, 0x1082, 0x2104, 0x1082, 0x39c6, 0x52aa, 0x1082, 0x2104, 0x1082, 0x0000, 0x0000, 0x0000, 
  0x0000, 0x0000, 0x0000, 0x2104, 0x2104, 0x0000, 0x0000, 0x0000, 0x0000, 0x0000, 0x0000, 0x0000, 
  0x1082, 0x3105, 0x69ab, 0x81ee, 0x4127, 0x2104, 0x0020, 0x0000, 0x0000, 0x0000, 0x0000, 0x1822, 
  0x5049, 0x680a, 0x680b, 0x8a10, 0xab94, 0xab93, 0x9290, 0x688b, 0x600a, 0x5809, 0x4808, 0x4808, 
  0x4808, 0x5089, 0x590b, 0x610b, 0x590b, 0x590b, 0x590b, 0x4808, 0x4008, 0x4808, 0x4808, 0x4008, 
  0x4007, 0x4008, 0x4807, 0x5089, 0x82af, 0x9b92, 0x9b92, 0x720e, 0x4828, 0x4828, 0x4828, 0x4828, 
  0x4828, 0x612b, 0x612b, 0x610b, 0x612b, 0x594a, 0x3926, 0x2104, 0x2104, 0x1082, 0x0000, 0x0000, 
  0x0000, 0x3186, 0x630c, 0x840f, 0x528a, 0x2104, 0x0000, 0x0000, 0x0000, 0x0000, 0x0000, 0x0000, 
  0x0000, 0x2104, 0x2104, 0x0000, 0x0000, 0x0000, 0x0000, 0x0000, 0x2104, 0x2104, 0x0000, 0x0000, 
  0x0000, 0x0800, 0x3065, 0x616c, 0x614b, 0x4828, 0x4848, 0x594a, 0x3105, 0x2104, 0x2104, 0x2104, 
  0x2104, 0x2104, 0x2104, 0x0000, 0x0000, 0x0000, 0x0000, 0x0000, 0x0000, 0x0000, 0x0000, 0x0000, 
  0x0000, 0x0000, 0x0000, 0x0000, 0x0000, 0x0800, 0x2844, 0x714d, 0x48a8, 0x0800, 0x0000, 0x0000, 
  0x0000, 0x0000, 0x0000, 0x0000, 0x0000, 0x0000, 0x0000, 0x0000, 0x0000, 0x0000, 0x0000, 0x0000, 
  0x0000, 0x0000, 0x0000, 0x0000, 0x0000, 0x0000, 0x0000, 0x0000, 0x0000, 0x0000, 0x0000, 0x0000, 
  0x0000, 0x0000, 0x0000, 0x0000, 0x0000, 0x0000, 0x0000, 0x0000, 0x0000, 0x0000, 0x0000, 0x0000, 
  0x0800, 0x3045, 0x608a, 0x584a, 0x606a, 0x4868, 0x1001, 0x0000, 0x0000, 0x0000, 0x0000, 0x0000, 
  0x0000, 0x0000, 0x0000, 0x0000, 0x0000, 0x0000, 0x0000, 0x0000, 0x0000, 0x0000, 0x0000, 0x0000, 
  0x0000, 0x0000, 0x0000, 0x0000, 0x0000, 0x0000, 0x0800, 0x2844, 0x686b, 0x700c, 0x702b, 0x682b, 
  0x0000, 0x0000, 0x0000, 0x0000, 0x0000, 0x0000, 0x0800, 0x2824, 0x4028, 0x4808, 0x4808, 0x4828, 
  0x4828, 0x4828, 0x4028, 0x4028, 0x4808, 0x4808, 0x4808, 0x4008, 0x4008, 0x4007, 0x4007, 0x4007, 
  0x4007, 0x4008, 0x4008, 0x4008, 0x4007, 0x4007, 0x4027, 0x2023, 0x0800, 0x0000, 0x0000, 0x0000, 
  0x0000, 0x0000, 0x0000, 0x0000, 0x0000, 0x0000, 0x1822, 0x5067, 0x6029, 0x6009, 0x6009, 0x6009, 
  0x600a, 0x6009, 0x6009, 0x6009, 0x6009, 0x6009, 0x6009, 0x6009, 0x6009, 0x600a, 0x6029, 0x602a, 
  0x602a, 0x604a, 0x4867, 0x1001, 0x0000, 0x0000, 0x0000, 0x0000, 0x0000, 0x0000, 0x0000, 0x0000, 
  0x0000, 0x0000, 0x0000, 0x0000, 0x0000, 0x0000, 0x0000, 0x0000, 0x0000, 0x0000, 0x0000, 0x0000, 
  0x0000, 0x0000, 0x0000, 0x0000, 0x0000, 0x0000, 0x0000, 0x0000, 0x2844, 0x58c9, 0x58c9, 0x1822, 
  0x0000, 0x0000, 0x0000, 0x0000, 0x0000, 0x0000, 0x0000, 0x0000, 0x0000, 0x630c, 0xffff, 0xbdd7, 
  0x39c6, 0x0000, 0x630c, 0xffff, 0xdefb, 0x2104, 0x0000, 0x0000, 0x0000, 0x0000, 0x0000, 0xffff, 
  0xdefb, 0x0000, 0x0000, 0x0000, 0x0000, 0x0000, 0x0000, 0x0800, 0xad14, 0xffff, 0xffff, 0xffff, 
  0xffff, 0xffff, 0xffff, 0xa513, 0x2104, 0x0801, 0x3825, 0x602a, 0x680a, 0x9210, 0xeefd, 0xffff, 
  0xffff, 0xffff, 0xffff, 0xf77e, 0xac14, 0x4808, 0x4808, 0x4808, 0x4808, 0xbd17, 0xffff, 0xffff, 
  0xffff, 0xffff, 0xffff, 0xf77e, 0xa414, 0x4808, 0x4008, 0x4008, 0x4808, 0x4808, 0x9b92, 0xf77e, 
  0xffff, 0xffff, 0xffff, 0xffff, 0xeefd, 0x828f, 0x4828, 0x4828, 0x4828, 0xef1d, 0xffff, 0xffff, 
  0xffff, 0xffff, 0xffff, 0xffff, 0xffff, 0xbe17, 0x0000, 0x0000, 0x9492, 0xffff, 0xffff, 0xffff, 
  0xffff, 0xffff, 0x9cf3, 0x1082, 0x0000, 0x0000, 0x0000, 0x0000, 0x0000, 0xe71b, 0xffff, 0x4208, 
  0x0000, 0x0000, 0x0000, 0x0000, 0xef7d, 0xffff, 0x3186, 0x0000, 0x0801, 0x3886, 0x5048, 0xf79e, 
  0xffff, 0x594a, 0x2023, 0xffff, 0xffff, 0xffff, 0xffff, 0xffff, 0xffff, 0xffff, 0xdefb, 0x0000, 
  0x0000, 0x0000, 0x0000, 0x0000, 0x0000, 0x0000, 0x0000, 0x0000, 0x0000, 0x0000, 0x0000, 0x0000, 
  0x0801, 0x4046, 0x690c, 0x2844, 0x0800, 0x0020, 0x0000, 0x0000, 0x0000, 0x0000, 0x0000, 0x0000, 
  0x0000, 0x0000, 0x0000, 0x0000, 0x0000, 0x0000, 0x0000, 0x0000, 0x0000, 0x0000, 0x0000, 0x0000, 
  0x0000, 0x0000, 0x0000, 0x0000, 0x0000, 0x0000, 0x0000, 0x0000, 0x0000, 0x0000, 0x0000, 0x0000, 
  0x0000, 0x0000, 0x0000, 0x0000, 0x0000, 0x0000, 0x0000, 0x0801, 0x4046, 0x584a, 0x584a, 0x584a, 
  0x3866, 0x0801, 0x0000, 0x0000, 0x0000, 0x0000, 0x0000, 0x0000, 0x0000, 0x0000, 0x0000, 0x0000, 
  0x0000, 0x0000, 0x0000, 0x0000, 0x0000, 0x0000, 0x0000, 0x0000, 0x0000, 0x0000, 0x0000, 0x0000, 
  0x0000, 0x0800, 0x4847, 0x684c, 0x702c, 0x702b, 0x702b, 0x684c, 0x0000, 0x0000, 0x0000, 0x0000, 
  0x0000, 0x1001, 0x3846, 0x4829, 0x4808, 0x4808, 0x4808, 0x4828, 0x4828, 0x4808, 0x4808, 0x4828, 
  0x4808, 0x4808, 0x4808, 0x4008, 0x4808, 0x4808, 0x4007, 0x4007, 0x4007, 0x4008, 0x4007, 0x4007, 
  0x4007, 0x3827, 0x1803, 0x0000, 0x0000, 0x0000, 0x0000, 0x0000, 0x0000, 0x0000, 0x0000, 0x0000, 
  0x0800, 0x3845, 0x6049, 0x600a, 0x6009, 0x6009, 0x6009, 0x6009, 0x6009, 0x6009, 0x6009, 0x6009, 
  0x6009, 0x6009, 0x6009, 0x6009, 0x6029, 0x6029, 0x6029, 0x602a, 0x604a, 0x4046, 0x0800, 0x0000, 
  0x0000, 0x0000, 0x0000, 0x0000, 0x0000, 0x0000, 0x0000, 0x0000, 0x0000, 0x0000, 0x0000, 0x0000, 
  0x0000, 0x0000, 0x0000, 0x0000, 0x0000, 0x0000, 0x0000, 0x0000, 0x0000, 0x0000, 0x0000, 0x0000, 
  0x0000, 0x0000, 0x0801, 0x3865, 0x60ca, 0x4887, 0x0801, 0x0000, 0x0000, 0x0000, 0x0000, 0x0000, 
  0x0000, 0x0000, 0x0000, 0x0000, 0x0000, 0x632c, 0xffff, 0x8410, 0x0000, 0x0000, 0x630c, 0xffff, 
  0xffff, 0xbdf7, 0x0000, 0x0000, 0x0000, 0x0000, 0x0000, 0xffff, 0xdefb, 0x0000, 0x0000, 0x0000, 
  0x0000, 0x0000, 0x1000, 0x4065, 0xcd78, 0xffff, 0xa513, 0x8410, 0x8410, 0x9492, 0xe71b, 0xffff, 
  0xe6fc, 0x4828, 0x680b, 0x680b, 0x9a91, 0xffff, 0xffff, 0xc4f7, 0x9290, 0x8a0f, 0xbc96, 0xeefc, 
  0xffff, 0xb495, 0x4808, 0x4808, 0x4808, 0xbd17, 0xffff, 0xbd17, 0xa414, 0xa414, 0xc598, 0xf77e, 
  0xffff, 0x8b11, 0x4808, 0x4008, 0x4808, 0xa414, 0xffff, 0xf77e, 0xa414, 0x828f, 0x828f, 0xbd17, 
  0xffff, 0xffff, 0x8b11, 0x4828, 0x4828, 0x9b93, 0xa434, 0x8c10, 0xc617, 0xffff, 0xb575, 0x840f, 
  0x840f, 0x630b, 0x0000, 0x630c, 0xffff, 0xdefb, 0x630b, 0x4207, 0x738d, 0xdefb, 0xdefb, 0x0000, 
  0x0000, 0x0000, 0x0000, 0x0000, 0x0000, 0x8410, 0xffff, 0x840f, 0x0000, 0x0000, 0x0000, 0x4208, 
  0xffff, 0xffff, 0x8410, 0x1822, 0x4087, 0x5068, 0x82d0, 0xffff, 0xc618, 0x1001, 0x0000, 0xffff, 
  0xef7d, 0x9cf3, 0x9cf3, 0x9cf3, 0xa4f3, 0xa4f3, 0x9491, 0x0000, 0x0000, 0x0000, 0x0000, 0x0000, 
  0x0000, 0x0000, 0x0000, 0x0000, 0x0000, 0x0000, 0x0000, 0x1802, 0x5088, 0x60ea, 0x2023, 0x0000, 
  0x0020, 0x0000, 0x0000, 0x0000, 0x0000, 0x0000, 0x0000, 0x0000, 0x0000, 0x0000, 0x0000, 0x0000, 
  0x0000, 0x0000, 0x0000, 0x0000, 0x0000, 0x0000, 0x0000, 0x0000, 0x0000, 0x0000, 0x0000, 0x0000, 
  0x0000, 0x0000, 0x0000, 0x0000, 0x0000, 0x0000, 0x0000, 0x0000, 0x0000, 0x0000, 0x0000, 0x0000, 
  0x0000, 0x0000, 0x1002, 0x4848, 0x582a, 0x582a, 0x584a, 0x3025, 0x0800, 0x0000, 0x0000, 0x0000, 
  0x0000, 0x0000, 0x0000, 0x0000, 0x0000, 0x0000, 0x0000, 0x0000, 0x0000, 0x0000, 0x0000, 0x0000, 
  0x0000, 0x0000, 0x0000, 0x0000, 0x0000, 0x0000, 0x0000, 0x0000, 0x1801, 0x5868, 0x702c, 0x702b, 
  0x702c, 0x704c, 0x702c, 0x588a, 0x0000, 0x0000, 0x0000, 0x0000, 0x1822, 0x4848, 0x5009, 0x5009, 
  0x4808, 0x4808, 0x4808, 0x4808, 0x4808, 0x4808, 0x4808, 0x4808, 0x4808, 0x4808, 0x4808, 0x4808, 
  0x4808, 0x4008, 0x4008, 0x4007, 0x4007, 0x4008, 0x4007, 0x4007, 0x3827, 0x1802, 0x0000, 0x0000, 
  0x0000, 0x0000, 0x0000, 0x0000, 0x0000, 0x0000, 0x0000, 0x1822, 0x5068, 0x602a, 0x602a, 0x6009, 
  0x602a, 0x6009, 0x6009, 0x6009, 0x6009, 0x6009, 0x6009, 0x6009, 0x600a, 0x600a, 0x600a, 0x600a, 
  0x6029, 0x6029, 0x602a, 0x5869, 0x3044, 0x0000, 0x0000, 0x0000, 0x0000, 0x0000, 0x0000, 0x0000, 
  0x0000, 0x0000, 0x0000, 0x0000, 0x0000, 0x0000, 0x0000, 0x0000, 0x0000, 0x0000, 0x0000, 0x0000, 
  0x0000, 0x0000, 0x0000, 0x0000, 0x0000, 0x0000, 0x0000, 0x0000, 0x0000, 0x1022, 0x4087, 0x58c9, 
  0x3865, 0x0800, 0x0000, 0x0000, 0x0000, 0x0000, 0x0000, 0x0000, 0x0000, 0x0000, 0x0000, 0x0000, 
  0x2944, 0xad54, 0xffff, 0x8410, 0x0000, 0x0000, 0x630c, 0xffff, 0xffff, 0xffff, 0x8c71, 0x0000, 
  0x0000, 0x0000, 0x0000, 0xffff, 0xdefb, 0x0000, 0x0000, 0x0000, 0x0000, 0x1822, 0x5888, 0x68aa, 
  0xb535, 0xffff, 0x4208, 0x0000, 0x0000, 0x0020, 0x0020, 0xd67a, 0xffff, 0x818f, 0x680b, 0x790d, 
  0xeefd, 0xffff, 0x9af2, 0x600a, 0x600a, 0x5809, 0x5008, 0x610b, 0xef1c, 0xffff, 0x828f, 0x4808, 
  0x4808, 0xbd17, 0xffff, 0x7a0e, 0x4808, 0x4808, 0x4808, 0x828f, 0xffff, 0xc598, 0x4808, 0x4808, 
  0x8b11, 0xffff, 0xeefc, 0x610b, 0x4808, 0x4828, 0x4828, 0x4828, 0x8b11, 0xffff, 0xf77e, 0x50aa, 
  0x4828, 0x4048, 0x1823, 0x0000, 0x8410, 0xffff, 0x630b, 0x0000, 0x0000, 0x0000, 0x0000, 0xa513, 
  0xffff, 0x630b, 0x0000, 0x0000, 0x0000, 0x0000, 0x1082, 0x0000, 0x0000, 0x0000, 0x0000, 0x0000, 
  0x0000, 0x2904, 0xffff, 0xef7d, 0x0000, 0x0000, 0x0000, 0xa513, 0xffff, 0xffff, 0xce19, 0x4888, 
  0x4868, 0x5068, 0xbd37, 0xffff, 0x630c, 0x0000, 0x0000, 0xffff, 0xdefb, 0x0000, 0x0000, 0x0000, 
  0x0000, 0x0000, 0x0000, 0x0000, 0x0000, 0x0000, 0x0000, 0x0000, 0x0000, 0x0000, 0x0000, 0x0000, 
  0x0000, 0x0800, 0x2043, 0x60ca, 0x5088, 0x1001, 0x0000, 0x0020, 0x0000, 0x0000, 0x0000, 0x0000, 
  0x0000, 0x0000, 0x0000, 0x0000, 0x0000, 0x0000, 0x0000, 0x0000, 0x0000, 0x0000, 0x0000, 0x0000, 
  0x0000, 0x0000, 0x0000, 0x0000, 0x0000, 0x0000, 0x0000, 0x0000, 0x0000, 0x0000, 0x0000, 0x0000, 
  0x0000, 0x0000, 0x0000, 0x0000, 0x0000, 0x0000, 0x0000, 0x0000, 0x0000, 0x2023, 0x5048, 0x5829, 
  0x582a, 0x5069, 0x2024, 0x0000, 0x0000, 0x0000, 0x0000, 0x0000, 0x0000, 0x0000, 0x0000, 0x0000, 
  0x0000, 0x0000, 0x0000, 0x0000, 0x0000, 0x0000, 0x0000, 0x0000, 0x0000, 0x0000, 0x0000, 0x0000, 
  0x0000, 0x0000, 0x0000, 0x2823, 0x606a, 0x702c, 0x700c, 0x702c, 0x702c, 0x704c, 0x5069, 0x1022, 
  0x0000, 0x0000, 0x0000, 0x2844, 0x4849, 0x5009, 0x5009, 0x5009, 0x4808, 0x4808, 0x4808, 0x4808, 
  0x4808, 0x4808, 0x4808, 0x4808, 0x4808, 0x4808, 0x4808, 0x4808, 0x4808, 0x4008, 0x4808, 0x4808, 
  0x4008, 0x4007, 0x4027, 0x3826, 0x1002, 0x0000, 0x0000, 0x0000, 0x0000, 0x0000, 0x0000, 0x0000, 
  0x0000, 0x0801, 0x3045, 0x584a, 0x602a, 0x6009, 0x680a, 0x6009, 0x6009, 0x6009, 0x6009, 0x6009, 
  0x600a, 0x600a, 0x600a, 0x600a, 0x600a, 0x600a, 0x600a, 0x602a, 0x602a, 0x602a, 0x5068, 0x2023, 
  0x0000, 0x0000, 0x0000, 0x0000, 0x0000, 0x0000, 0x0000, 0x0000, 0x0000, 0x0000, 0x0000, 0x0000, 
  0x0000, 0x0000, 0x0000, 0x0000, 0x0000, 0x0000, 0x0000, 0x0000, 0x0000, 0x0000, 0x0000, 0x0000, 
  0x0000, 0x0000, 0x0000, 0x0800, 0x2824, 0x5088, 0x58a9, 0x2844, 0x0000, 0x0000, 0x0000, 0x0000, 
  0x0000, 0x0000, 0x0000, 0x0000, 0x0000, 0x0000, 0x0000, 0x4a28, 0x5acb, 0x630c, 0xffff, 0x8410, 
  0x0000, 0x0000, 0x630c, 0xffff, 0x9cf3, 0xdefb, 0xffff, 0x5aeb, 0x0000, 0x0000, 0x0000, 0xffff, 
  0xdefb, 0x0000, 0x0000, 0x0800, 0x2823, 0x68ab, 0x5088, 0x1001, 0xa514, 0xffff, 0x4208, 0x0020, 
  0x0020, 0x0801, 0x3826, 0xd599, 0xffff, 0x8a10, 0x680a, 0xab94, 0xffff, 0xc4f7, 0x600a, 0x600a, 
  0x5809, 0x4808, 0x4828, 0x4808, 0x7a0e, 0xffff, 0xd61a, 0x4808, 0x4808, 0xbd17, 0xffff, 0x7a0e, 
  0x4828, 0x4828, 0x4828, 0x8b11, 0xffff, 0xbd17, 0x4808, 0x4808, 0xd61a, 0xffff, 0x8b11, 0x4808, 
  0x4808, 0x4828, 0x4828, 0x4828, 0x4828, 0xb495, 0xffff, 0xa414, 0x3846, 0x1001, 0x0000, 0x0000, 
  0x8410, 0xffff, 0x630c, 0x0000, 0x0000, 0x0000, 0x0000, 0x9491, 0xffff, 0x8c71, 0x2104, 0x0000, 
  0x0000, 0x0000, 0x0000, 0x0000, 0x0000, 0x0000, 0x0000, 0x0800, 0x1042, 0x1041, 0xc618, 0xffff, 
  0x4208, 0x0000, 0x0000, 0xe71c, 0xffff, 0xde9a, 0xffff, 0x58e9, 0x4888, 0x38e7, 0xffff, 0xffff, 
  0x1082, 0x0000, 0x0000, 0xffff, 0xdefb, 0x0000, 0x0000, 0x0000, 0x0000, 0x0000, 0x0000, 0x0000, 
  0x0000, 0x0000, 0x0000, 0x0000, 0x0000, 0x0000, 0x0000, 0x0000, 0x0801, 0x4066, 0x68cc, 0x3866, 
  0x0800, 0x0000, 0x0000, 0x0000, 0x0000, 0x0000, 0x0000, 0x0000, 0x0000, 0x0000, 0x0000, 0x0000, 
  0x0000, 0x0000, 0x0000, 0x0000, 0x0000, 0x0000, 0x0000, 0x0000, 0x0000, 0x0000, 0x0000, 0x0000, 
  0x0000, 0x0000, 0x0000, 0x0000, 0x0000, 0x0000, 0x0000, 0x0000, 0x0000, 0x0000, 0x0000, 0x0000, 
  0x0000, 0x0000, 0x0000, 0x0800, 0x2845, 0x5049, 0x5029, 0x582a, 0x4868, 0x1823, 0x0000, 0x0000, 
  0x0000, 0x0000, 0x0000, 0x0000, 0x0000, 0x0000, 0x0000, 0x0000, 0x0000, 0x0000, 0x0000, 0x0000, 
  0x0000, 0x0000, 0x0000, 0x0000, 0x0000, 0x0000, 0x0000, 0x0000, 0x0000, 0x0800, 0x3845, 0x704b, 
  0x702c, 0x700c, 0x702c, 0x702c, 0x684c, 0x4868, 0x0801, 0x0000, 0x0000, 0x0800, 0x3065, 0x4829, 
  0x5009, 0x5009, 0x5009, 0x5009, 0x4809, 0x4808, 0x4808, 0x4808, 0x4808, 0x4808, 0x4808, 0x4808, 
  0x4808, 0x4808, 0x4808, 0x4808, 0x4008, 0x4008, 0x4008, 0x4008, 0x4008, 0x4007, 0x3826, 0x1001, 
  0x0000, 0x0000, 0x0000, 0x0000, 0x0000, 0x0000, 0x0000, 0x0000, 0x1822, 0x4868, 0x602a, 0x680a, 
  0x680a, 0x6009, 0x600a, 0x600a, 0x600a, 0x6009, 0x600a, 0x600a, 0x602a, 0x600a, 0x600a, 0x602a, 
  0x600a, 0x600a, 0x600a, 0x6009, 0x602a, 0x5068, 0x1801, 0x0000, 0x0000, 0x0000, 0x0000, 0x0000, 
  0x0000, 0x0000, 0x0000, 0x0000, 0x0000, 0x0000, 0x0000, 0x0000, 0x0000, 0x0000, 0x0000, 0x0000, 
  0x0000, 0x0000, 0x0000, 0x0000, 0x0000, 0x0000, 0x0000, 0x0000, 0x0000, 0x0000, 0x0800, 0x3865, 
  0x5889, 0x58a9, 0x1822, 0x0000, 0x0000, 0x0000, 0x0000, 0x0000, 0x0000, 0x0000, 0x0000, 0x0000, 
  0x0000, 0x0000, 0x7bce, 0x2944, 0x0000, 0x630c, 0xffff, 0x840f, 0x0000, 0x0000, 0x630c, 0xffff, 
  0x7bef, 0x4208, 0xffff, 0xef7d, 0x2104, 0x0000, 0x0000, 0xffff, 0xdefb, 0x0000, 0x0800, 0x4046, 
  0x710c, 0x3025, 0x0801, 0x0000, 0xa513, 0xffff, 0x4208, 0x0000, 0x1001, 0x4848, 0x680b, 0xef1d, 
  0xffff, 0x818e, 0x680a, 0xd599, 0xffff, 0x8a0f, 0x600a, 0x5809, 0x4808, 0x4808, 0x4808, 0x4808, 
  0x4808, 0xf77e, 0xffff, 0x4808, 0x4828, 0xbd17, 0xffff, 0xbd17, 0xa414, 0xa414, 0xbd17, 0xf77e, 
  0xf77e, 0x610b, 0x4808, 0x4808, 0xf77e, 0xffff, 0x4808, 0x4808, 0x4828, 0x4829, 0x4829, 0x4829, 
  0x4829, 0x7a0e, 0xffff, 0xbd97, 0x0801, 0x0000, 0x0000, 0x0000, 0x840f, 0xffff, 0x630b, 0x0000, 
  0x0000, 0x0000, 0x0000, 0x4208, 0xffff, 0xffff, 0xffff, 0xb595, 0x630b, 0x2104, 0x0000, 0x0000, 
  0x0000, 0x0000, 0x0801, 0x2084, 0x1021, 0x0000, 0x738e, 0xffff, 0x9492, 0x0000, 0x3186, 0xffff, 
  0xc5b8, 0xa454, 0xffff, 0x8bb1, 0x1822, 0x630c, 0xffff, 0x9cf3, 0x0000, 0x0000, 0x0000, 0xffff, 
  0xef7d, 0x840f, 0x840f, 0x8410, 0x8410, 0x8410, 0x2104, 0x0000, 0x0000, 0x0000, 0x0000, 0x0000, 
  0x0000, 0x0000, 0x0000, 0x1001, 0x50a9, 0x68eb, 0x3044, 0x0800, 0x0000, 0x0000, 0x0000, 0x0000, 
  0x0000, 0x0000, 0x0000, 0x0000, 0x0000, 0x0000, 0x0000, 0x0000, 0x0000, 0x0000, 0x0000, 0x0000, 
  0x0000, 0x0000, 0x0000, 0x0000, 0x0000, 0x0000, 0x0000, 0x0000, 0x0000, 0x0000, 0x0000, 0x0000, 
  0x0000, 0x0000, 0x0000, 0x0000, 0x0000, 0x0000, 0x0000, 0x0000, 0x0000, 0x0000, 0x0800, 0x3066, 
  0x5049, 0x584a, 0x504a, 0x4068, 0x1002, 0x0000, 0x0000, 0x0000, 0x0000, 0x0000, 0x0000, 0x0000, 
  0x0000, 0x0000, 0x0000, 0x0000, 0x0000, 0x0000, 0x0000, 0x0000, 0x0000, 0x0000, 0x0000, 0x0000, 
  0x0000, 0x0000, 0x0000, 0x0000, 0x1001, 0x5067, 0x704b, 0x702c, 0x700c, 0x702c, 0x702c, 0x704c, 
  0x4047, 0x0800, 0x0000, 0x0000, 0x1022, 0x4047, 0x4829, 0x5009, 0x5009, 0x5009, 0x5008, 0x4809, 
  0x4809, 0x4808, 0x4808, 0x4808, 0x4808, 0x4808, 0x4808, 0x4808, 0x4808, 0x4808, 0x4808, 0x4808, 
  0x4808, 0x4008, 0x4008, 0x4008, 0x4008, 0x3025, 0x0801, 0x0000, 0x0000, 0x0000, 0x0000, 0x0000, 
  0x0000, 0x0000, 0x0800, 0x3065, 0x5849, 0x602a, 0x600a, 0x600a, 0x600a, 0x6029, 0x602a, 0x6009, 
  0x6029, 0x6029, 0x602a, 0x600a, 0x602a, 0x600a, 0x600a, 0x680a, 0x602a, 0x600a, 0x602a, 0x602a, 
  0x4046, 0x1001, 0x0000, 0x0000, 0x0000, 0x0000, 0x0000, 0x0000, 0x0000, 0x0000, 0x0000, 0x0000, 
  0x0000, 0x0000, 0x0000, 0x0000, 0x0000, 0x0000, 0x0000, 0x0000, 0x0000, 0x0000, 0x0000, 0x0000, 
  0x0000, 0x0000, 0x0000, 0x0000, 0x0000, 0x2022, 0x4867, 0x5889, 0x4887, 0x1021, 0x0000, 0x0000, 
  0x0000, 0x0000, 0x0000, 0x0000, 0x0000, 0x0000, 0x0000, 0x0000, 0x0861, 0x6b6d, 0x2103, 0x0000, 
  0x0000, 0x630c, 0xffff, 0x7bef, 0x0000, 0x0000, 0x630c, 0xffff, 0x840f, 0x0000, 0x738e, 0xffff, 
  0xdefb, 0x1082, 0x0000, 0xffff, 0xe6fb, 0x1801, 0x5888, 0x68eb, 0x2002, 0x0000, 0x0000, 0x0000, 
  0xa514, 0xffff, 0xa514, 0x8c10, 0xac34, 0xc497, 0xde1a, 0xffff, 0xeefd, 0x680a, 0x600a, 0xde1a, 
  0xffff, 0x8a0f, 0x5809, 0x5008, 0x4808, 0x4808, 0x4808, 0x4808, 0x4828, 0xef1d, 0xffff, 0x4828, 
  0x4828, 0xbd17, 0xffff, 0xffff, 0xffff, 0xffff, 0xffff, 0xffff, 0xc598, 0x610b, 0x4828, 0x4808, 
  0xffff, 0xf77e, 0x4808, 0x4808, 0x4828, 0x4809, 0x4829, 0x4829, 0x4829, 0x69ac, 0xffff, 0xc617, 
  0x0000, 0x0000, 0x0000, 0x0000, 0x840f, 0xffff, 0x630b, 0x0000, 0x0000, 0x0000, 0x0000, 0x0000, 
  0x2104, 0xbdf7, 0xffff, 0xffff, 0xffff, 0xffff, 0x8410, 0x0000, 0x0000, 0x1842, 0x2884, 0x0821, 
  0x0000, 0x0000, 0x1082, 0xffff, 0xef7d, 0x0000, 0x83f0, 0xffff, 0x9351, 0x618b, 0xffff, 0xc618, 
  0x0000, 0xc618, 0xffff, 0x5289, 0x0000, 0x0000, 0x0000, 0xffff, 0xffff, 0xffff, 0xffff, 0xffff, 
  0xffff, 0xffff, 0x4207, 0x0000, 0x0000, 0x0000, 0x0000, 0x0000, 0x0000, 0x0000, 0x2023, 0x60cb, 
  0x58aa, 0x2023, 0x0000, 0x0000, 0x0000, 0x0000, 0x0000, 0x0000, 0x0000, 0x0000, 0x0000, 0x0000, 
  0x0000, 0x0000, 0x0000, 0x0000, 0x0000, 0x0000, 0x0000, 0x0000, 0x0000, 0x0000, 0x0000, 0x0000, 
  0x0000, 0x0000, 0x0000, 0x0000, 0x0000, 0x0000, 0x0000, 0x0000, 0x0000, 0x0000, 0x0000, 0x0000, 
  0x0000, 0x0000, 0x0000, 0x0000, 0x0000, 0x1001, 0x3867, 0x504a, 0x5029, 0x504a, 0x3867, 0x0801, 
  0x0000, 0x0000, 0x0000, 0x0000, 0x0000, 0x0000, 0x0000, 0x0000, 0x0000, 0x0000, 0x0000, 0x0000, 
  0x0000, 0x0000, 0x0000, 0x0000, 0x0000, 0x0000, 0x0000, 0x0000, 0x0000, 0x0000, 0x0000, 0x1822, 
  0x5869, 0x702c, 0x702c, 0x780c, 0x702c, 0x782c, 0x686b, 0x3846, 0x0000, 0x0000, 0x0000, 0x0000, 
  0x4848, 0x5009, 0x5009, 0x5009, 0x5009, 0x5009, 0x4809, 0x4809, 0x4809, 0x4809, 0x4809, 0x4808, 
  0x4808, 0x4808, 0x4808, 0x4808, 0x4808, 0x4808, 0x4808, 0x4808, 0x4008, 0x4008, 0x4008, 0x4028, 
  0x2825, 0x0800, 0x0000, 0x0000, 0x0000, 0x0000, 0x0000, 0x0000, 0x0000, 0x1822, 0x4868, 0x602a, 
  0x682a, 0x682a, 0x6809, 0x680a, 0x602a, 0x602a, 0x602a, 0x6029, 0x6029, 0x6029, 0x602a, 0x602a, 
  0x602a, 0x602a, 0x680a, 0x602a, 0x602a, 0x602a, 0x5849, 0x3045, 0x0800, 0x0000, 0x0000, 0x0000, 
  0x0000, 0x0000, 0x0000, 0x0000, 0x0000, 0x0000, 0x0000, 0x0000, 0x0000, 0x0000, 0x0000, 0x0000, 
  0x0000, 0x0000, 0x0000, 0x0000, 0x0000, 0x0000, 0x0000, 0x0000, 0x0000, 0x0000, 0x0000, 0x0801, 
  0x3045, 0x5889, 0x6089, 0x3886, 0x0801, 0x0000, 0x0000, 0x0000, 0x0000, 0x0000, 0x0000, 0x0000, 
  0x0000, 0x0000, 0x0000, 0x2945, 0x6b2c, 0x0000, 0x0000, 0x0000, 0x0000, 0x630c, 0xffff, 0x7bef, 
  0x0000, 0x0000, 0x630c, 0xffff, 0x8410, 0x0000, 0x0000, 0xad75, 0xffff, 0x9cf3, 0x0000, 0xffff, 
  0xe71c, 0x68cb, 0x50a9, 0x1001, 0x0000, 0x0000, 0x0000, 0x0000, 0xa514, 0xffff, 0xffff, 0xffff, 
  0xffff, 0xffff, 0xffff, 0xddfa, 0x790d, 0x600a, 0x600a, 0xc517, 0xffff, 0x9311, 0x5008, 0x4808, 
  0x4828, 0x4808, 0x4808, 0x4828, 0x612b, 0xffff, 0xf77e, 0x4828, 0x4828, 0xbd17, 0xffff, 0x9b92, 
  0x7a0e, 0x7a0e, 0x7a0e, 0x9311, 0xf77e, 0xeefd, 0x50aa, 0x4828, 0xef1d, 0xffff, 0x508a, 0x4808, 
  0x4808, 0x4808, 0x4829, 0x4829, 0x3867, 0x628b, 0xffff, 0xb576, 0x0000, 0x0000, 0x0000, 0x0000, 
  0x840f, 0xffff, 0x630b, 0x0000, 0x0000, 0x0000, 0x0000, 0x0000, 0x0000, 0x0000, 0x1082, 0x5289, 
  0xa513, 0xffff, 0xffff, 0x4a09, 0x2064, 0x2884, 0x0801, 0x0000, 0x0000, 0x0000, 0x0000, 0xc617, 
  0xffff, 0x5a2b, 0xde9b, 0xffff, 0x4989, 0x0801, 0xe71c, 0xef7d, 0x3186, 0xffff, 0xef7d, 0x0000, 
  0x0000, 0x0000, 0x0000, 0xffff, 0xef7d, 0x4207, 0x4207, 0x4207, 0x4207, 0x4207, 0x1082, 0x0000, 
  0x0000, 0x0000, 0x0000, 0x0000, 0x0800, 0x2845, 0x60eb, 0x4888, 0x1001, 0x0000, 0x0000, 0x0000, 
  0x0000, 0x0000, 0x0000, 0x0000, 0x0000, 0x0000, 0x0000, 0x0000, 0x0000, 0x0000, 0x0000, 0x0000, 
  0x0000, 0x0000, 0x0000, 0x0000, 0x0000, 0x0000, 0x0000, 0x0000, 0x0000, 0x0000, 0x0000, 0x0000, 
  0x0000, 0x0000, 0x0000, 0x0000, 0x0000, 0x0000, 0x0000, 0x0000, 0x0000, 0x0000, 0x0000, 0x0000, 
  0x1822, 0x4868, 0x5049, 0x5029, 0x4849, 0x3046, 0x0800, 0x0000, 0x0000, 0x0000, 0x0000, 0x0000, 
  0x0000, 0x0000, 0x0000, 0x0000, 0x0000, 0x0000, 0x0000, 0x0000, 0x0000, 0x0000, 0x0000, 0x0000, 
  0x0000, 0x0000, 0x0000, 0x0000, 0x0000, 0x0800, 0x2023, 0x6069, 0x702b, 0x702c, 0x780c, 0x702c, 
  0x702c, 0x688b, 0x2044, 0x0800, 0x0000, 0x0000, 0x0000, 0x0000, 0x5009, 0x5009, 0x5009, 0x4809, 
  0x5009, 0x4809, 0x4809, 0x4809, 0x4809, 0x4809, 0x4809, 0x4808, 0x4808, 0x4808, 0x4808, 0x4808, 
  0x4808, 0x4808, 0x4808, 0x4008, 0x4808, 0x4008, 0x4027, 0x2824, 0x0000, 0x0000, 0x0000, 0x0000, 
  0x0000, 0x0000, 0x0000, 0x0800, 0x3045, 0x606a, 0x682a, 0x682a, 0x682a, 0x682a, 0x6829, 0x6829, 
  0x682a, 0x602a, 0x602a, 0x600a, 0x602a, 0x602a, 0x682a, 0x682a, 0x682a, 0x682a, 0x682a, 0x682a, 
  0x602a, 0x5849, 0x2823, 0x0000, 0x0000, 0x0000, 0x0000, 0x0000, 0x0000, 0x0000, 0x0000, 0x0000, 
  0x0000, 0x0000, 0x0000, 0x0000, 0x0000, 0x0000, 0x0000, 0x0000, 0x0000, 0x0000, 0x0000, 0x0000, 
  0x0000, 0x0000, 0x0000, 0x0000, 0x0000, 0x0000, 0x1001, 0x4867, 0x606a, 0x58a9, 0x2864, 0x0000, 
  0x0000, 0x0000, 0x0000, 0x0000, 0x0000, 0x0000, 0x0000, 0x0000, 0x0000, 0x0000, 0x4a28, 0x4228, 
  0x0000, 0x0000, 0x0000, 0x0000, 0x0000, 0x630c, 0xffff, 0x8410, 0x0000, 0x0000, 0x630c, 0xffff, 
  0x7bef, 0x0000, 0x0000, 0x1082, 0xe6fc, 0xffff, 0x738e, 0xffff, 0xef1d, 0x3865, 0x0800, 0x0000, 
  0x0000, 0x0020, 0x0000, 0x0000, 0xa4f4, 0xffff, 0xab94, 0x9210, 0x9210, 0xf77e, 0xffff, 0x8a0f, 
  0x600a, 0x600a, 0x600a, 0x8a90, 0xffff, 0xd61a, 0x5008, 0x5008, 0x4808, 0x4808, 0x4808, 0x4828, 
  0xa414, 0xffff, 0xbd17, 0x4828, 0x4828, 0xbd17, 0xffff, 0x7a0e, 0x4828, 0x4828, 0x4808, 0x4808, 
  0xbd17, 0xffff, 0x9311, 0x4828, 0xb495, 0xffff, 0xb495, 0x4808, 0x4829, 0x4828, 0x4849, 0x3045, 
  0x0800, 0xd69a, 0xffff, 0x630b, 0x0000, 0x0000, 0x0000, 0x0000, 0x840f, 0xffff, 0x630b, 0x0000, 
  0x0000, 0x0000, 0x0000, 0x0000, 0x0000, 0x0000, 0x0000, 0x0000, 0x0000, 0x840f, 0xffff, 0x9c52, 
  0x2064, 0x0800, 0x0000, 0x0000, 0x0000, 0x0000, 0x0000, 0x738e, 0xffff, 0xd63a, 0xffff, 0xc5f8, 
  0x0000, 0x0000, 0x9491, 0xffff, 0xbe17, 0xffff, 0x9cf3, 0x0000, 0x0000, 0x0000, 0x0000, 0xffff, 
  0xdefb, 0x0000, 0x0000, 0x0000, 0x0000, 0x0000, 0x0000, 0x0000, 0x0000, 0x0000, 0x0000, 0x0801, 
  0x3867, 0x60cb, 0x3866, 0x0800, 0x0000, 0x0000, 0x0000, 0x0000, 0x0000, 0x0000, 0x0000, 0x0000, 
  0x0000, 0x0000, 0x0000, 0x0000, 0x0000, 0x0000, 0x0000, 0x0000, 0x0000, 0x0000, 0x0000, 0x0000, 
  0x0000, 0x0000, 0x0000, 0x0000, 0x0000, 0x0000, 0x0000, 0x0000, 0x0000, 0x0000, 0x0000, 0x0000, 
  0x0000, 0x0000, 0x0000, 0x0000, 0x0000, 0x0000, 0x0800, 0x2023, 0x4849, 0x4829, 0x5029, 0x4869, 
  0x2023, 0x0000, 0x0000, 0x0000, 0x0000, 0x0000, 0x0000, 0x0000, 0x0000, 0x0000, 0x0000, 0x0000, 
  0x0000, 0x0000, 0x0000, 0x0000, 0x0000, 0x0000, 0x0000, 0x0000, 0x0000, 0x0000, 0x0000, 0x0000, 
  0x0800, 0x3045, 0x684a, 0x702b, 0x700b, 0x702c, 0x702c, 0x702c, 0x608a, 0x1822, 0x0000, 0x0000, 
  0x0000, 0x0000, 0x0000, 0x0000, 0x5009, 0x5009, 0x5009, 0x5009, 0x5009, 0x4809, 0x4809, 0x4809, 
  0x4809, 0x4809, 0x4809, 0x4809, 0x4808, 0x4808, 0x4808, 0x4808, 0x4808, 0x4808, 0x4808, 0x4808, 
  0x4008, 0x4027, 0x2003, 0x0000, 0x0000, 0x0000, 0x0000, 0x0000, 0x0000, 0x0000, 0x1822, 0x4848, 
  0x682a, 0x682a, 0x680a, 0x682a, 0x682a, 0x682a, 0x682a, 0x682a, 0x682a, 0x682a, 0x602a, 0x602a, 
  0x682a, 0x682a, 0x682a, 0x682a, 0x602a, 0x682a, 0x682a, 0x602a, 0x5848, 0x2022, 0x0000, 0x0000, 
  0x0000, 0x0000, 0x0000, 0x0000, 0x0000, 0x0000, 0x0000, 0x0000, 0x0000, 0x0000, 0x0000, 0x0000, 
  0x0000, 0x0000, 0x0000, 0x0000, 0x0000, 0x0000, 0x0000, 0x0000, 0x0000, 0x0000, 0x0000, 0x0800, 
  0x0800, 0x2823, 0x5868, 0x604a, 0x58a9, 0x2023, 0x0000, 0x0000, 0x0000, 0x0000, 0x0000, 0x0000, 
  0x0000, 0x0000, 0x0000, 0x0000, 0x0000, 0x6b4c, 0x2103, 0x0000, 0x0000, 0x0000, 0x0000, 0x0000, 
  0x0000, 0x630c, 0xffff, 0x840f, 0x0000, 0x0000, 0x630c, 0xffff, 0x840f, 0x0000, 0x0000, 0x0000, 
  0x3186, 0xf77d, 0xffff, 0xffff, 0xe6fc, 0x0000, 0x0000, 0x0000, 0x0000, 0x0000, 0x0000, 0x2003, 
  0xbd17, 0xffff, 0x9210, 0x680b, 0x680b, 0xab93, 0xffff, 0xeefd, 0x688b, 0x6029, 0x5829, 0x5009, 
  0xde9b, 0xffff, 0xbd17, 0x588a, 0x4809, 0x4808, 0x4808, 0x9b93, 0xffff, 0xf77e, 0x610b, 0x4828, 
  0x4828, 0xbd17, 0xffff, 0x7a2e, 0x5028, 0x5008, 0x5008, 0x4808, 0xde9b, 0xffff, 0x7a0e, 0x4828, 
  0x612b, 0xf77e, 0xffff, 0xa414, 0x4828, 0x4849, 0x2024, 0x1082, 0x9492, 0xffff, 0xdefb, 0x0000, 
  0x0000, 0x0000, 0x0000, 0x0000, 0x840f, 0xffff, 0x630b, 0x0000, 0x0000, 0x0000, 0x0000, 0x8410, 
  0xd699, 0x2104, 0x0000, 0x0000, 0x0800, 0xa514, 0xffff, 0x8c11, 0x0800, 0x0000, 0x0000, 0x0000, 
  0x0000, 0x0000, 0x0801, 0x4108, 0xffff, 0xffff, 0xffff, 0x738e, 0x0000, 0x0000, 0x4208, 0xffff, 
  0xffff, 0xffff, 0x4207, 0x0000, 0x0000, 0x0000, 0x0000, 0xffff, 0xdefb, 0x0000, 0x0000, 0x0000, 
  0x0000, 0x0000, 0x0000, 0x0000, 0x0000, 0x0000, 0x1002, 0x4888, 0x60cb, 0x2044, 0x0000, 0x0000, 
  0x0000, 0x0000, 0x0000, 0x0000, 0x0000, 0x0000, 0x0000, 0x0000, 0x0000, 0x0000, 0x0000, 0x0000, 
  0x0000, 0x0000, 0x0000, 0x0000, 0x0000, 0x0000, 0x0000, 0x0000, 0x0000, 0x0000, 0x0000, 0x0000, 
  0x0000, 0x0000, 0x0000, 0x0000, 0x0000, 0x0000, 0x0000, 0x0000, 0x0000, 0x0000, 0x0000, 0x0000, 
  0x0000, 0x0800, 0x2845, 0x4848, 0x4829, 0x4829, 0x4068, 0x1822, 0x0000, 0x0000, 0x0000, 0x0000, 
  0x0000, 0x0000, 0x0000, 0x0000, 0x0000, 0x0000, 0x0000, 0x0000, 0x0000, 0x0000, 0x0000, 0x0000, 
  0x0000, 0x0000, 0x0000, 0x0000, 0x0000, 0x0000, 0x0000, 0x0801, 0x4046, 0x684b, 0x702b, 0x702b, 
  0x702b, 0x702c, 0x702c, 0x5869, 0x1822, 0x0000, 0x0000, 0x0000, 0x0000, 0x0000, 0x0000, 0x0000, 
  0x5009, 0x5009, 0x5009, 0x5009, 0x5009, 0x4809, 0x4809, 0x4809, 0x4809, 0x4809, 0x4809, 0x4809, 
  0x4808, 0x4808, 0x4808, 0x4808, 0x4808, 0x4808, 0x4008, 0x4808, 0x4027, 0x1823, 0x0000, 0x0000, 
  0x0000, 0x0000, 0x0000, 0x0000, 0x0800, 0x3846, 0x604a, 0x682a, 0x682a, 0x682a, 0x682a, 0x682a, 
  0x682a, 0x682a, 0x682a, 0x682a, 0x682a, 0x682a, 0x682a, 0x682a, 0x682a, 0x682a, 0x682a, 0x682a, 
  0x682a, 0x682a, 0x602a, 0x4847, 0x1001, 0x0000, 0x0000, 0x0000, 0x0000, 0x0000, 0x0000, 0x0000, 
  0x0000, 0x0000, 0x0000, 0x0000, 0x0000, 0x0000, 0x0000, 0x0000, 0x0000, 0x0000, 0x0000, 0x0000, 
  0x0000, 0x0000, 0x0000, 0x0000, 0x0000, 0x0000, 0x0000, 0x1001, 0x4046, 0x6049, 0x606a, 0x5889, 
  0x1022, 0x0000, 0x0000, 0x0000, 0x0000, 0x0000, 0x0000, 0x0000, 0x0000, 0x0000, 0x0000, 0x1082, 
  0x6b6d, 0x18a2, 0x0000, 0x0000, 0x0000, 0x0000, 0x0000, 0x0000, 0x0000, 0x630c, 0xffff, 0x8410, 
  0x0000, 0x0000, 0x630c, 0xffff, 0x840f, 0x0000, 0x0000, 0x0000, 0x2023, 0xa3f3, 0xffff, 0xffff, 
  0xdefb, 0x0000, 0x0000, 0x0000, 0x0020, 0x0800, 0x3026, 0x602b, 0xcd18, 0xffff, 0x9210, 0x600a, 
  0x6009, 0x6009, 0xcd79, 0xffff, 0xd61a, 0x5809, 0x5008, 0x5008, 0x610b, 0xef1c, 0xffff, 0xeefd, 
  0xcd98, 0xbd17, 0xef1d, 0xffff, 0xf77e, 0x9311, 0x5028, 0x5028, 0x4828, 0xbd17, 0xffff, 0xde9b, 
  0xd61a, 0xd61a, 0xd61a, 0xf77e, 0xffff, 0xeefd, 0x4828, 0x5029, 0x4828, 0x8290, 0xf77e, 0xffff, 
  0xef1d, 0xbd97, 0xa4f4, 0xef7d, 0xffff, 0xdefb, 0x2104, 0x0000, 0x0000, 0x0000, 0x0000, 0x0000, 
  0x840f, 0xffff, 0x630b, 0x0000, 0x0000, 0x0000, 0x0000, 0xe6fb, 0xffff, 0xffff, 0xc617, 0xa514, 
  0xc5f8, 0xffff, 0xef7d, 0x2104, 0x0000, 0x0000, 0x0000, 0x0000, 0x0000, 0x1021, 0x3887, 0x38a7, 
  0xc618, 0xffff, 0xffff, 0x2104, 0x0000, 0x0000, 0x0000, 0xef7d, 0xffff, 0xdefb, 0x0000, 0x0000, 
  0x0000, 0x0000, 0x0000, 0xffff, 0xef7d, 0xc617, 0xc617, 0xc617, 0xc617, 0xc617, 0xc617, 0x2104, 
  0x0800, 0x2023, 0x50a9, 0x50a8, 0x1822, 0x0000, 0x0000, 0x0000, 0x0000, 0x0000, 0x0000, 0x0000, 
  0x0000, 0x0000, 0x0000, 0x0000, 0x0000, 0x0000, 0x0000, 0x0000, 0x0000, 0x0000, 0x0000, 0x0000, 
  0x0000, 0x0000, 0x0000, 0x0000, 0x0000, 0x0000, 0x0000, 0x0000, 0x0000, 0x0000, 0x0000, 0x0000, 
  0x0000, 0x0000, 0x0000, 0x0000, 0x0000, 0x0000, 0x0000, 0x0000, 0x1021, 0x3846, 0x4848, 0x4828, 
  0x4829, 0x3866, 0x1001, 0x0000, 0x0000, 0x0000, 0x0000, 0x0000, 0x0000, 0x0000, 0x0000, 0x0000, 
  0x0000, 0x0000, 0x0000, 0x0000, 0x0000, 0x0000, 0x0000, 0x0000, 0x0000, 0x0000, 0x0000, 0x0000, 
  0x0000, 0x0000, 0x1021, 0x5068, 0x682a, 0x682b, 0x682b, 0x702b, 0x702b, 0x702c, 0x4867, 0x1001, 
  0x0000, 0x0000, 0x0000, 0x0000, 0x0000, 0x0000, 0x0000, 0x0000, 0x5009, 0x5009, 0x5009, 0x5009, 
  0x5009, 0x5009, 0x4809, 0x5009, 0x5009, 0x4809, 0x4809, 0x4808, 0x4808, 0x4808, 0x4808, 0x4808, 
  0x4808, 0x4808, 0x4808, 0x4027, 0x1802, 0x0000, 0x0000, 0x0000, 0x0000, 0x0000, 0x0000, 0x1822, 
  0x5048, 0x682b, 0x682a, 0x682a, 0x682a, 0x682a, 0x682a, 0x682a, 0x682a, 0x682a, 0x682a, 0x682a, 
  0x682a, 0x682a, 0x682a, 0x682a, 0x682a, 0x682a, 0x682a, 0x682a, 0x682a, 0x684a, 0x4046, 0x0801, 
  0x0000, 0x0000, 0x0000, 0x0000, 0x0000, 0x0000, 0x0000, 0x0000, 0x0000, 0x0000, 0x0000, 0x0000, 
  0x0000, 0x0000, 0x0000, 0x0000, 0x0000, 0x0000, 0x0000, 0x0000, 0x0000, 0x0000, 0x0000, 0x0000, 
  0x0000, 0x0800, 0x1802, 0x5048, 0x684a, 0x686a, 0x4887, 0x0801, 0x0000, 0x0000, 0x0000, 0x0000, 
  0x0000, 0x0000, 0x0000, 0x0000, 0x0000, 0x0000, 0x2103, 0x632c, 0x0000, 0x0000, 0x0000, 0x0000, 
  0x0000, 0x0000, 0x0000, 0x0000, 0xc618, 0xdefb, 0xffff, 0xdefb, 0xc618, 0xc617, 0xdefb, 0xffff, 
  0x8410, 0x0000, 0x0800, 0x2844, 0x60ca, 0x3045, 0x9472, 0xffff, 0xef7d, 0xc617, 0xc618, 0xc617, 
  0xc618, 0xce19, 0xde1a, 0xde1a, 0xf77e, 0xffff, 0x820f, 0x6009, 0x600a, 0x600a, 0x688b, 0xef1d, 
  0xffff, 0xd61a, 0xd61a, 0xd61a, 0xd61a, 0xde9b, 0xffff, 0xffff, 0xffff, 0xffff, 0xffff, 0xffff, 
  0xde9b, 0xd61a, 0xd61a, 0xd61a, 0xd61a, 0xf77e, 0xffff, 0xffff, 0xffff, 0xffff, 0xffff, 0xffff, 
  0xffff, 0xde9b, 0xd61a, 0xd61a, 0xd61a, 0xd61a, 0xeefd, 0xffff, 0xffff, 0xffff, 0xffff, 0xffff, 
  0xffff, 0xce79, 0xc617, 0xc617, 0xc617, 0xc617, 0xc617, 0xc617, 0xdefb, 0xffff, 0xce79, 0xc617, 
  0xc617, 0xc617, 0xc617, 0xc617, 0xffff, 0xffff, 0xffff, 0xffff, 0xffff, 0xffff, 0xdefb, 0xc618, 
  0xc617, 0xc617, 0xc618, 0xc618, 0xc5f8, 0xce39, 0xd639, 0xc618, 0xdefb, 0xffff, 0xdefb, 0x0000, 
  0x0000, 0x0000, 0x0000, 0xa513, 0xffff, 0xef7d, 0xc617, 0xc617, 0xc617, 0xc617, 0xc617, 0xffff, 
  0xffff, 0xffff, 0xffff, 0xffff, 0xffff, 0xffff, 0xffff, 0xc618, 0xc618, 0xd63a, 0xd63a, 0xc618, 
  0x528a, 0x0000, 0x0000, 0x0000, 0x0000, 0x0000, 0x0000, 0x0000, 0x0000, 0x0000, 0x0000, 0x0000, 
  0x0000, 0x0000, 0x0000, 0x0000, 0x0000, 0x0000, 0x0000, 0x0000, 0x0000, 0x0000, 0x0000, 0x0000, 
  0x0000, 0x0000, 0x0000, 0x0000, 0x0000, 0x0000, 0x0000, 0x0000, 0x0000, 0x0000, 0x0000, 0x0000, 
  0x0000, 0x0000, 0x0000, 0x1822, 0x4067, 0x4848, 0x4828, 0x4828, 0x3046, 0x0801, 0x0000, 0x0000, 
  0x0000, 0x0000, 0x0000, 0x0000, 0x0000, 0x0000, 0x0000, 0x0000, 0x0000, 0x0000, 0x0000, 0x0000, 
  0x0000, 0x0000, 0x0000, 0x0000, 0x0000, 0x0000, 0x0000, 0x0000, 0x0800, 0x2022, 0x5849, 0x682a, 
  0x682a, 0x682a, 0x702b, 0x682b, 0x684b, 0x4867, 0x0801, 0x0000, 0x0000, 0x0000, 0x0000, 0x0000, 
  0x0000, 0x0000, 0x0000, 0x0000, 0x5009, 0x5009, 0x5009, 0x5009, 0x5009, 0x5009, 0x5009, 0x5009, 
  0x4809, 0x5009, 0x4809, 0x4809, 0x4809, 0x4809, 0x4808, 0x4808, 0x4808, 0x4808, 0x3826, 0x1002, 
  0x0000, 0x0000, 0x0000, 0x0000, 0x0000, 0x0800, 0x3024, 0x606a, 0x682a, 0x682a, 0x682a, 0x682a, 
  0x682a, 0x682a, 0x682a, 0x682a, 0x682a, 0x682a, 0x682a, 0x682a, 0x682a, 0x682a, 0x682a, 0x682a, 
  0x682a, 0x682a, 0x682a, 0x682a, 0x684a, 0x3846, 0x0800, 0x0000, 0x0000, 0x0000, 0x0000, 0x0000, 
  0x0000, 0x0000, 0x0000, 0x0000, 0x0000, 0x0000, 0x0000, 0x0000, 0x0000, 0x0000, 0x0000, 0x0000, 
  0x0000, 0x0000, 0x0000, 0x0000, 0x0000, 0x0000, 0x0000, 0x0000, 0x0801, 0x3845, 0x6069, 0x684a, 
  0x686a, 0x3866, 0x0800, 0x0000, 0x0000, 0x0000, 0x0000, 0x0000, 0x0000, 0x0000, 0x0000, 0x0000, 
  0x0000, 0x39c6, 0x5269, 0x0000, 0x0000, 0x0000, 0x0000, 0x0000, 0x0000, 0x0000, 0x0000, 0x0000, 
  0x0000, 0x0000, 0x0000, 0x0000, 0x0000, 0x0000, 0x0000, 0x0000, 0x0000, 0x0800, 0x3886, 0x50a9, 
  0x1802, 0x0000, 0x0000, 0x0000, 0x0000, 0x0000, 0x0000, 0x2824, 0x584a, 0x680b, 0x680b, 0x680b, 
  0x600a, 0x5809, 0x5809, 0x600a, 0x6009, 0x600a, 0x5809, 0x5809, 0x5008, 0x5028, 0x5008, 0x5028, 
  0x5008, 0x5009, 0x5009, 0x5008, 0x5008, 0x5009, 0x5029, 0x5008, 0x5008, 0x4828, 0x4828, 0x4828, 
  0x4828, 0x5028, 0x5029, 0x5029, 0x5028, 0x5028, 0x5029, 0x5028, 0x5029, 0x5029, 0x5029, 0x4828, 
  0x5029, 0x4848, 0x2825, 0x0800, 0x0000, 0x0000, 0x0000, 0x0000, 0x0000, 0x0000, 0x0000, 0x0000, 
  0x0000, 0x0000, 0x0000, 0x0000, 0x0000, 0x0000, 0x0000, 0x0000, 0x0000, 0x0000, 0x0000, 0x0000, 
  0x0800, 0x2044, 0x3866, 0x3866, 0x2023, 0x0000, 0x0000, 0x0000, 0x0000, 0x0000, 0x0800, 0x2044, 
  0x30a6, 0x1022, 0x0000, 0x0000, 0x0000, 0x0000, 0x0000, 0x0000, 0x0000, 0x0000, 0x0000, 0x0000, 
  0x0000, 0x0000, 0x0000, 0x0000, 0x0000, 0x0000, 0x0000, 0x0000, 0x0000, 0x0000, 0x0000, 0x0000, 
  0x0000, 0x0000, 0x1021, 0x4888, 0x60ab, 0x3045, 0x0800, 0x0000, 0x0000, 0x0000, 0x0000, 0x0000, 
  0x0000, 0x0000, 0x0000, 0x0000, 0x0000, 0x0000, 0x0000, 0x0000, 0x0000, 0x0000, 0x0000, 0x0000, 
  0x0000, 0x0000, 0x0000, 0x0000, 0x0000, 0x0000, 0x0000, 0x0000, 0x0000, 0x0000, 0x0000, 0x0000, 
  0x0000, 0x0000, 0x0000, 0x0000, 0x0000, 0x0000, 0x0000, 0x0000, 0x0000, 0x0000, 0x2023, 0x4068, 
  0x4848, 0x4828, 0x4848, 0x2845, 0x0801, 0x0000, 0x0000, 0x0000, 0x0000, 0x0000, 0x0000, 0x0000, 
  0x0000, 0x0000, 0x0000, 0x0000, 0x0000, 0x0000, 0x0000, 0x0000, 0x0000, 0x0000, 0x0000, 0x0000, 
  0x0000, 0x0000, 0x0000, 0x0800, 0x3045, 0x604a, 0x600a, 0x680a, 0x682a, 0x682a, 0x682b, 0x684b, 
  0x3846, 0x0800, 0x0000, 0x0000, 0x0000, 0x0000, 0x0000, 0x0000, 0x0000, 0x0000, 0x0000, 0x0000, 
  0x5009, 0x5009, 0x5009, 0x5009, 0x5009, 0x5009, 0x5009, 0x5009, 0x4809, 0x5009, 0x4809, 0x4809, 
  0x4809, 0x4808, 0x4808, 0x4808, 0x4808, 0x3826, 0x1001, 0x0000, 0x0000, 0x0000, 0x0000, 0x0000, 
  0x1001, 0x4868, 0x684a, 0x702b, 0x682a, 0x682a, 0x682a, 0x682a, 0x682a, 0x682a, 0x682a, 0x682a, 
  0x682a, 0x682a, 0x682a, 0x682a, 0x682a, 0x682a, 0x684a, 0x682a, 0x682a, 0x682a, 0x702a, 0x688a, 
  0x2824, 0x0000, 0x0000, 0x0000, 0x0000, 0x0000, 0x0000, 0x0000, 0x0000, 0x0000, 0x0000, 0x0000, 
  0x0000, 0x0000, 0x0000, 0x0000, 0x0000, 0x0000, 0x0000, 0x0000, 0x0000, 0x0000, 0x0000, 0x0000, 
  0x0000, 0x0000, 0x0000, 0x1801, 0x5068, 0x684a, 0x684a, 0x686a, 0x3044, 0x0800, 0x0000, 0x0000, 
  0x0000, 0x0000, 0x0000, 0x0000, 0x0000, 0x0000, 0x0000, 0x0000, 0x632c, 0x3186, 0x0000, 0x0000, 
  0x0000, 0x0000, 0x0000, 0x0000, 0x0000, 0x0000, 0x0000, 0x0000, 0x0000, 0x0000, 0x0000, 0x0000, 
  0x0000, 0x0000, 0x0000, 0x0000, 0x1002, 0x4888, 0x3886, 0x1001, 0x0000, 0x0000, 0x0000, 0x0000, 
  0x0000, 0x0800, 0x3846, 0x682b, 0x680b, 0x680b, 0x600a, 0x5809, 0x5809, 0x6009, 0x600a, 0x600a, 
  0x5809, 0x5809, 0x5009, 0x5028, 0x5008, 0x5028, 0x5028, 0x5008, 0x5009, 0x5009, 0x5009, 0x5008, 
  0x5008, 0x5009, 0x5029, 0x5008, 0x5008, 0x5029, 0x5028, 0x4808, 0x5028, 0x5028, 0x5029, 0x5029, 
  0x5029, 0x5029, 0x5009, 0x5009, 0x5008, 0x5008, 0x5029, 0x5029, 0x4068, 0x1802, 0x0000, 0x0000, 
  0x0000, 0x0000, 0x0000, 0x0000, 0x0000, 0x0000, 0x0000, 0x0000, 0x0000, 0x0000, 0x0000, 0x0000, 
  0x0000, 0x0000, 0x0000, 0x0000, 0x0000, 0x0000, 0x0000, 0x1022, 0x3867, 0x4067, 0x3867, 0x1823, 
  0x0000, 0x0000, 0x0000, 0x0000, 0x0000, 0x0801, 0x2885, 0x2064, 0x0801, 0x0000, 0x0000, 0x0000, 
  0x0000, 0x0000, 0x0000, 0x0000, 0x0000, 0x0000, 0x0000, 0x0000, 0x0000, 0x0000, 0x0000, 0x0000, 
  0x0000, 0x0000, 0x0000, 0x0000, 0x0000, 0x0000, 0x0000, 0x0000, 0x0000, 0x2844, 0x58aa, 0x58aa, 
  0x2024, 0x0000, 0x0000, 0x0000, 0x0000, 0x0000, 0x0000, 0x0000, 0x0000, 0x0000, 0x0000, 0x0000, 
  0x0000, 0x0000, 0x0000, 0x0000, 0x0000, 0x0000, 0x0000, 0x0000, 0x0000, 0x0000, 0x0000, 0x0000, 
  0x0000, 0x0000, 0x0000, 0x0000, 0x0000, 0x0000, 0x0000, 0x0000, 0x0000, 0x0000, 0x0000, 0x0000, 
  0x0000, 0x0000, 0x0000, 0x0000, 0x0800, 0x2844, 0x4848, 0x4828, 0x4828, 0x4068, 0x2023, 0x0000, 
  0x0000, 0x0000, 0x0000, 0x0000, 0x0000, 0x0000, 0x0000, 0x0000, 0x0000, 0x0000, 0x0000, 0x0000, 
  0x0000, 0x0000, 0x0000, 0x0000, 0x0000, 0x0000, 0x0000, 0x0000, 0x0000, 0x0000, 0x0800, 0x4066, 
  0x604a, 0x680b, 0x682a, 0x682a, 0x682a, 0x682a, 0x606a, 0x2844, 0x0000, 0x0000, 0x0000, 0x0000, 
  0x0000, 0x0000, 0x0000, 0x0000, 0x0000, 0x0000, 0x0000, 0x0000, 0x500a, 0x5009, 0x5009, 0x5009, 
  0x5009, 0x5009, 0x5009, 0x5009, 0x5009, 0x5009, 0x5009, 0x5009, 0x4809, 0x4808, 0x4808, 0x4808, 
  0x3026, 0x0800, 0x0000, 0x0020, 0x0000, 0x0020, 0x0801, 0x3045, 0x606a, 0x682b, 0x682a, 0x682a, 
  0x682a, 0x682a, 0x682a, 0x682a, 0x682a, 0x682a, 0x682a, 0x682a, 0x682a, 0x682a, 0x682a, 0x682a, 
  0x682a, 0x684a, 0x704a, 0x702b, 0x684a, 0x704a, 0x6089, 0x2023, 0x0000, 0x0000, 0x0000, 0x0000, 
  0x0000, 0x0000, 0x0000, 0x0000, 0x0000, 0x0000, 0x0000, 0x0000, 0x0000, 0x0000, 0x0000, 0x0000, 
  0x0000, 0x0000, 0x0000, 0x0000, 0x0000, 0x0000, 0x0000, 0x0000, 0x0000, 0x0800, 0x2824, 0x6069, 
  0x704a, 0x684a, 0x6089, 0x2823, 0x0000, 0x0000, 0x0000, 0x0000, 0x0000, 0x0000, 0x0000, 0x0000, 
  0x0000, 0x0000, 0x1081, 0x6b4c, 0x2104, 0x0000, 0x0000, 0x0000, 0x0000, 0x0000, 0x0000, 0x0000, 
  0x0000, 0x0000, 0x0000, 0x0000, 0x0000, 0x0000, 0x0000, 0x0000, 0x0000, 0x0000, 0x0800, 0x2023, 
  0x48c8, 0x3044, 0x0800, 0x0000, 0x0000, 0x0000, 0x0000, 0x0000, 0x1002, 0x4848, 0x682b, 0x680b, 
  0x680a, 0x6009, 0x5809, 0x5809, 0x6009, 0x600a, 0x600a, 0x5809, 0x5809, 0x5008, 0x5008, 0x5008, 
  0x5028, 0x5008, 0x5029, 0x5029, 0x5009, 0x5009, 0x5009, 0x5008, 0x5009, 0x5029, 0x5029, 0x5029, 
  0x5029, 0x5029, 0x5029, 0x5029, 0x5029, 0x5029, 0x5029, 0x5029, 0x5029, 0x5029, 0x5029, 0x5028, 
  0x5009, 0x5029, 0x4829, 0x3847, 0x1001, 0x0000, 0x0000, 0x0000, 0x0000, 0x0000, 0x0000, 0x0000, 
  0x0000, 0x0000, 0x0000, 0x0000, 0x0000, 0x0000, 0x0000, 0x0000, 0x0000, 0x0000, 0x0000, 0x0000, 
  0x0000, 0x0800, 0x2044, 0x4087, 0x4067, 0x4067, 0x1843, 0x0000, 0x0000, 0x0000, 0x0000, 0x0000, 
  0x1021, 0x20a4, 0x1021, 0x0000, 0x0000, 0x0000, 0x0000, 0x0000, 0x0000, 0x0000, 0x0000, 0x0000, 
  0x0000, 0x0000, 0x0000, 0x0000, 0x0000, 0x0000, 0x0000, 0x0000, 0x0000, 0x0000, 0x0000, 0x0000, 
  0x0000, 0x0000, 0x0000, 0x0801, 0x3866, 0x68ec, 0x50c9, 0x1822, 0x0000, 0x0000, 0x0000, 0x0000, 
  0x0000, 0x0000, 0x0000, 0x0000, 0x0000, 0x0000, 0x0000, 0x0000, 0x0000, 0x0000, 0x0000, 0x0000, 
  0x0000, 0x0000, 0x0000, 0x0000, 0x0000, 0x0000, 0x0000, 0x0000, 0x0000, 0x0000, 0x0000, 0x0000, 
  0x0000, 0x0000, 0x0000, 0x0000, 0x0000, 0x0000, 0x0000, 0x0000, 0x0000, 0x0000, 0x0000, 0x0800, 
  0x2825, 0x4828, 0x4828, 0x4848, 0x4047, 0x1823, 0x0000, 0x0000, 0x0000, 0x0000, 0x0000, 0x0000, 
  0x0000, 0x0000, 0x0000, 0x0000, 0x0000, 0x0000, 0x0000, 0x0000, 0x0000, 0x0000, 0x0000, 0x0000, 
  0x0000, 0x0000, 0x0000, 0x0000, 0x0000, 0x1802, 0x4867, 0x602a, 0x680a, 0x680a, 0x682a, 0x602a, 
  0x602a, 0x6069, 0x2823, 0x0000, 0x0000, 0x0000, 0x0000, 0x0000, 0x0000, 0x0000, 0x0000, 0x0000, 
  0x0000, 0x0000, 0x0000, 0x0000, 0x580a, 0x5009, 0x5009, 0x5009, 0x5009, 0x5009, 0x5009, 0x5009, 
  0x5009, 0x5009, 0x4809, 0x4809, 0x4809, 0x4809, 0x4828, 0x3025, 0x0800, 0x0000, 0x0020, 0x0000, 
  0x0000, 0x2023, 0x5068, 0x684a, 0x682a, 0x702a, 0x702a, 0x702a, 0x682a, 0x682a, 0x682a, 0x682a, 
  0x682a, 0x682a, 0x682a, 0x682a, 0x682a, 0x682a, 0x682a, 0x682a, 0x682a, 0x702a, 0x704a, 0x702b, 
  0x704b, 0x5888, 0x1001, 0x0000, 0x0000, 0x0000, 0x0000, 0x0000, 0x0000, 0x0000, 0x0000, 0x0000, 
  0x0000, 0x0000, 0x0000, 0x0000, 0x0000, 0x0000, 0x0000, 0x0000, 0x0000, 0x0000, 0x0000, 0x0000, 
  0x0000, 0x0000, 0x0000, 0x0000, 0x1001, 0x4046, 0x6849, 0x684a, 0x686a, 0x5088, 0x1802, 0x0000, 
  0x0000, 0x0000, 0x0000, 0x0000, 0x0000, 0x0000, 0x0000, 0x0000, 0x0000, 0x2124, 0x630b, 0x0840, 
  0x0000, 0x0000, 0x0000, 0x0000, 0x0000, 0x0000, 0x0000, 0x0000, 0x0000, 0x0000, 0x0000, 0x0000, 
  0x0000, 0x0000, 0x0000, 0x0000, 0x0000, 0x0800, 0x3065, 0x48a8, 0x1802, 0x0000, 0x0000, 0x0000, 
  0x0000, 0x0000, 0x0800, 0x2024, 0x606b, 0x680b, 0x680b, 0x600a, 0x5809, 0x5809, 0x6009, 0x600a, 
  0x600a, 0x5809, 0x5809, 0x5809, 0x5008, 0x5008, 0x5028, 0x5009, 0x5009, 0x5009, 0x5028, 0x5028, 
  0x5009, 0x5009, 0x5009, 0x5009, 0x5029, 0x5029, 0x5029, 0x5029, 0x5029, 0x5029, 0x5029, 0x5029, 
  0x5029, 0x5029, 0x5029, 0x5029, 0x5029, 0x5029, 0x5029, 0x5029, 0x5029, 0x5028, 0x3045, 0x0800, 
  0x0000, 0x0000, 0x0000, 0x0000, 0x0000, 0x0000, 0x0000, 0x0000, 0x0000, 0x0000, 0x0000, 0x0000, 
  0x0000, 0x0000, 0x0000, 0x0000, 0x0000, 0x0000, 0x0000, 0x0000, 0x1021, 0x3065, 0x4047, 0x4048, 
  0x3867, 0x1822, 0x0000, 0x0000, 0x0000, 0x0000, 0x0000, 0x1042, 0x1862, 0x0000, 0x0000, 0x0000, 
  0x0000, 0x0000, 0x0000, 0x0000, 0x0000, 0x0000, 0x0000, 0x0000, 0x0000, 0x0000, 0x0000, 0x0000, 
  0x0000, 0x0000, 0x0000, 0x0000, 0x0000, 0x0000, 0x0000, 0x0000, 0x0000, 0x0000, 0x1022, 0x48a8, 
  0x68ec, 0x4088, 0x0801, 0x0000, 0x0000, 0x0000, 0x0000, 0x0000, 0x0000, 0x0000, 0x0000, 0x0000, 
  0x0000, 0x0000, 0x0000, 0x0000, 0x0000, 0x0000, 0x0000, 0x0000, 0x0000, 0x0000, 0x0000, 0x0000, 
  0x0000, 0x0000, 0x0000, 0x0000, 0x0000, 0x0000, 0x0000, 0x0000, 0x0000, 0x0000, 0x0000, 0x0000, 
  0x0000, 0x0000, 0x0000, 0x0000, 0x0000, 0x0000, 0x0801, 0x3046, 0x4027, 0x4027, 0x4828, 0x3846, 
  0x1001, 0x0000, 0x0000, 0x0000, 0x0000, 0x0000, 0x0000, 0x0000, 0x0000, 0x0000, 0x0000, 0x0000, 
  0x0000, 0x0000, 0x0000, 0x0000, 0x0000, 0x0000, 0x0000, 0x0000, 0x0000, 0x0000, 0x0000, 0x0800, 
  0x1823, 0x5869, 0x600a, 0x600a, 0x600a, 0x680a, 0x602a, 0x602a, 0x5068, 0x1802, 0x0000, 0x0000, 
  0x0000, 0x0000, 0x0000, 0x0000, 0x0000, 0x0000, 0x0000, 0x0000, 0x0000, 0x0000, 0x0000, 0x0000, 
  0x580a, 0x5809, 0x5009, 0x5009, 0x5009, 0x5009, 0x5009, 0x5009, 0x5009, 0x5009, 0x5009, 0x4809, 
  0x4809, 0x4828, 0x2023, 0x0000, 0x0000, 0x0020, 0x0020, 0x1001, 0x3865, 0x604a, 0x682b, 0x682a, 
  0x702a, 0x702a, 0x702a, 0x702a, 0x682a, 0x682a, 0x682a, 0x682a, 0x682a, 0x682a, 0x682a, 0x682a, 
  0x682a, 0x682a, 0x682a, 0x684a, 0x702a, 0x704a, 0x704b, 0x686a, 0x4867, 0x1001, 0x0000, 0x0000, 
  0x0000, 0x0000, 0x0000, 0x0000, 0x0000, 0x0000, 0x0000, 0x0000, 0x0000, 0x0000, 0x0000, 0x0000, 
  0x0000, 0x0000, 0x0000, 0x0000, 0x0000, 0x0000, 0x0000, 0x0000, 0x0000, 0x0000, 0x0000, 0x2002, 
  0x6048, 0x6849, 0x684a, 0x686a, 0x4866, 0x0801, 0x0000, 0x0000, 0x0000, 0x0000, 0x0000, 0x0000, 
  0x0000, 0x0000, 0x0000, 0x0000, 0x39c7, 0x4207, 0x0000, 0x0000, 0x0000, 0x0000, 0x0000, 0x0000, 
  0x0000, 0x0000, 0x0000, 0x0000, 0x0000, 0x0000, 0x0000, 0x0000, 0x0000, 0x0000, 0x0000, 0x0000, 
  0x1001, 0x4087, 0x3866, 0x1001, 0x0000, 0x0000, 0x0000, 0x0000, 0x0000, 0x0801, 0x3846, 0x602b, 
  0x680b, 0x680b, 0x6009, 0x5809, 0x5809, 0x6009, 0x5809, 0x5809, 0x5809, 0x5809, 0x5809, 0x5008, 
  0x5008, 0x5028, 0x5028, 0x5008, 0x5008, 0x5028, 0x5028, 0x5028, 0x5029, 0x5029, 0x5009, 0x5009, 
  0x5009, 0x5029, 0x5029, 0x5029, 0x5029, 0x5029, 0x5029, 0x5029, 0x5029, 0x5029, 0x5029, 0x5029, 
  0x5009, 0x5029, 0x5029, 0x5029, 0x4828, 0x2023, 0x0800, 0x0000, 0x0000, 0x0000, 0x0000, 0x0000, 
  0x0000, 0x0000, 0x0000, 0x0000, 0x0000, 0x0000, 0x0000, 0x0000, 0x0000, 0x0000, 0x0000, 0x0000, 
  0x0000, 0x0000, 0x0000, 0x1822, 0x3846, 0x4047, 0x4047, 0x3867, 0x1021, 0x0000, 0x0000, 0x0000, 
  0x0000, 0x0020, 0x1041, 0x0820, 0x0000, 0x0000, 0x0000, 0x0000, 0x0000, 0x0000, 0x0000, 0x0000, 
  0x0000, 0x0000, 0x0000, 0x0000, 0x0000, 0x0000, 0x0000, 0x0000, 0x0000, 0x0000, 0x0000, 0x0000, 
  0x0000, 0x0000, 0x0000, 0x0000, 0x0000, 0x2023, 0x5088, 0x58aa, 0x3065, 0x0800, 0x0000, 0x0000, 
  0x0000, 0x0000, 0x0000, 0x0000, 0x0000, 0x0000, 0x0000, 0x0000, 0x0000, 0x0000, 0x0000, 0x0000, 
  0x0000, 0x0000, 0x0000, 0x0000, 0x0000, 0x0000, 0x0000, 0x0000, 0x0000, 0x0000, 0x0000, 0x0000, 
  0x0000, 0x0000, 0x0000, 0x0000, 0x0000, 0x0000, 0x0000, 0x0000, 0x0000, 0x0000, 0x0000, 0x0000, 
  0x0000, 0x1002, 0x3846, 0x4027, 0x4027, 0x4027, 0x3025, 0x0801, 0x0000, 0x0000, 0x0000, 0x0000, 
  0x0000, 0x0000, 0x0000, 0x0000, 0x0000, 0x0000, 0x0000, 0x0000, 0x0000, 0x0000, 0x0000, 0x0000, 
  0x0000, 0x0000, 0x0000, 0x0000, 0x0000, 0x0000, 0x0820, 0x2844, 0x5849, 0x602a, 0x600a, 0x600a, 
  0x600a, 0x602a, 0x602a, 0x4046, 0x1001, 0x0000, 0x0000, 0x0000, 0x0000, 0x0000, 0x0000, 0x0000, 
  0x0000, 0x0000, 0x0000, 0x0000, 0x0000, 0x0000, 0x0000, 0x0000, 0x580a, 0x580a, 0x580a, 0x500a, 
  0x500a, 0x500a, 0x5009, 0x5009, 0x5009, 0x5009, 0x5009, 0x4809, 0x4028, 0x1823, 0x0020, 0x0000, 
  0x0020, 0x0000, 0x1842, 0x5068, 0x682b, 0x682a, 0x702a, 0x702a, 0x702a, 0x702a, 0x702a, 0x702a, 
  0x682a, 0x682a, 0x682a, 0x682a, 0x682a, 0x682a, 0x682a, 0x702a, 0x702a, 0x702a, 0x704a, 0x704a, 
  0x702a, 0x702a, 0x684a, 0x3845, 0x0800, 0x0000, 0x0000, 0x0000, 0x0000, 0x0000, 0x0000, 0x0000, 
  0x0000, 0x0000, 0x0000, 0x0000, 0x0000, 0x0000, 0x0000, 0x0000, 0x0000, 0x0000, 0x0000, 0x0000, 
  0x0000, 0x0000, 0x0000, 0x0000, 0x0000, 0x0800, 0x3845, 0x6869, 0x704a, 0x684a, 0x686a, 0x3845, 
  0x0800, 0x0000, 0x0000, 0x0000, 0x0000, 0x0000, 0x0000, 0x0000, 0x0000, 0x0000, 0x0000, 0x528a, 
  0x2924, 0x0000, 0x0000, 0x0000, 0x0000, 0x0000, 0x0000, 0x0000, 0x0000, 0x0000, 0x0000, 0x0000, 
  0x0000, 0x0000, 0x0000, 0x0000, 0x0000, 0x0000, 0x0000, 0x1823, 0x4087, 0x2844, 0x0800, 0x0000, 
  0x0000, 0x0000, 0x0000, 0x0000, 0x1002, 0x4849, 0x602c, 0x680b, 0x600a, 0x5809, 0x6009, 0x6009, 
  0x600a, 0x600a, 0x5809, 0x5809, 0x5809, 0x5009, 0x5008, 0x5008, 0x5008, 0x5028, 0x5009, 0x5008, 
  0x5008, 0x5008, 0x5009, 0x5028, 0x5029, 0x5029, 0x5029, 0x5009, 0x5029, 0x5009, 0x5029, 0x5029, 
  0x5029, 0x5029, 0x5029, 0x5029, 0x5029, 0x5029, 0x5029, 0x5029, 0x5028, 0x5029, 0x5029, 0x4047, 
  0x1802, 0x0000, 0x0000, 0x0000, 0x0000, 0x0000, 0x0000, 0x0000, 0x0000, 0x0000, 0x0000, 0x0000, 
  0x0000, 0x0000, 0x0000, 0x0000, 0x0000, 0x0000, 0x0000, 0x0000, 0x0000, 0x0800, 0x2824, 0x4047, 
  0x4047, 0x4027, 0x3846, 0x1021, 0x0000, 0x0000, 0x0000, 0x0000, 0x0000, 0x0020, 0x0000, 0x0000, 
  0x0000, 0x0000, 0x0000, 0x0000, 0x0000, 0x0000, 0x0000, 0x0000, 0x0000, 0x0000, 0x0000, 0x0000, 
  0x0000, 0x0000, 0x0000, 0x0000, 0x0000, 0x0000, 0x0000, 0x0000, 0x0000, 0x0000, 0x0000, 0x0800, 
  0x2844, 0x5069, 0x5089, 0x2023, 0x0000, 0x0000, 0x0000, 0x0000, 0x0000, 0x0000, 0x0000, 0x0000, 
  0x0000, 0x0000, 0x0000, 0x0000, 0x0000, 0x0000, 0x0000, 0x0000, 0x0000, 0x0000, 0x0000, 0x0000, 
  0x0000, 0x0000, 0x0000, 0x0000, 0x0000, 0x0000, 0x0000, 0x0000, 0x0000, 0x0000, 0x0000, 0x0000, 
  0x0000, 0x0000, 0x0000, 0x0000, 0x0000, 0x0000, 0x0000, 0x0000, 0x1822, 0x3847, 0x4047, 0x4027, 
  0x4027, 0x2024, 0x0800, 0x0000, 0x0000, 0x0000, 0x0000, 0x0000, 0x0000, 0x0000, 0x0000, 0x0000, 
  0x0000, 0x0000, 0x0000, 0x0000, 0x0000, 0x0000, 0x0000, 0x0000, 0x0000, 0x0000, 0x0000, 0x0000, 
  0x0000, 0x0801, 0x3845, 0x5829, 0x582a, 0x600a, 0x600a, 0x6009, 0x600a, 0x5829, 0x3846, 0x0800, 
  0x0000, 0x0000, 0x0000, 0x0000, 0x0000, 0x0000, 0x0000, 0x0000, 0x0000, 0x0000, 0x0000, 0x0000, 
  0x0000, 0x0000, 0x0000, 0x0000, 0x580a, 0x580a, 0x580a, 0x500a, 0x500a, 0x500a, 0x5009, 0x5009, 
  0x5009, 0x5009, 0x4809, 0x4028, 0x1803, 0x0000, 0x0000, 0x0020, 0x0821, 0x3865, 0x604a, 0x680b, 
  0x700b, 0x700b, 0x682a, 0x682a, 0x682a, 0x682a, 0x702a, 0x682a, 0x682a, 0x682a, 0x682a, 0x682a, 
  0x682a, 0x682a, 0x702a, 0x702a, 0x702a, 0x702a, 0x704a, 0x702b, 0x702a, 0x686a, 0x3044, 0x0000, 
  0x0000, 0x0000, 0x0000, 0x0000, 0x0000, 0x0000, 0x0000, 0x0000, 0x0000, 0x0000, 0x0000, 0x0000, 
  0x0000, 0x0000, 0x0000, 0x0000, 0x0000, 0x0000, 0x0000, 0x0000, 0x0000, 0x0000, 0x0000, 0x0000, 
  0x1001, 0x5047, 0x704a, 0x702a, 0x704a, 0x6089, 0x2043, 0x0000, 0x0000, 0x0000, 0x0000, 0x0000, 
  0x0000, 0x0000, 0x0000, 0x0000, 0x0000, 0x0861, 0x4a49, 0x18c3, 0x0000, 0x0000, 0x0000, 0x0000, 
  0x0000, 0x0000, 0x0000, 0x0000, 0x0000, 0x0000, 0x0000, 0x0000, 0x0000, 0x0000, 0x0000, 0x0000, 
  0x0000, 0x0801, 0x2845, 0x3886, 0x1802, 0x0000, 0x0020, 0x0000, 0x0000, 0x0000, 0x0800, 0x2803, 
  0x584a, 0x680c, 0x600b, 0x600a, 0x5809, 0x6009, 0x5809, 0x5809, 0x5809, 0x5809, 0x5809, 0x5809, 
  0x5008, 0x5009, 0x5009, 0x5008, 0x5008, 0x5008, 0x5008, 0x5008, 0x5008, 0x5029, 0x5028, 0x5028, 
  0x5028, 0x5028, 0x5029, 0x5029, 0x5009, 0x5029, 0x5029, 0x5029, 0x5029, 0x5029, 0x5029, 0x5029, 
  0x5029, 0x5029, 0x5029, 0x5029, 0x5028, 0x5028, 0x3845, 0x1001, 0x0000, 0x0000, 0x0000, 0x0000, 
  0x0000, 0x0000, 0x0000, 0x0000, 0x0000, 0x0000, 0x0000, 0x0000, 0x0000, 0x0000, 0x0000, 0x0000, 
  0x0000, 0x0000, 0x0000, 0x0000, 0x1001, 0x3045, 0x4027, 0x4027, 0x4027, 0x3046, 0x0801, 0x0000, 
  0x0000, 0x0000, 0x0000, 0x0000, 0x0000, 0x0000, 0x0000, 0x0000, 0x0000, 0x0000, 0x0000, 0x0000, 
  0x0000, 0x0000, 0x0000, 0x0000, 0x0000, 0x0000, 0x0000, 0x0000, 0x0000, 0x0000, 0x0000, 0x0000, 
  0x0000, 0x0000, 0x0000, 0x0000, 0x0000, 0x0000, 0x0821, 0x3066, 0x5069, 0x4068, 0x1822, 0x0000, 
  0x0000, 0x0000, 0x0000, 0x0000, 0x0000, 0x0000, 0x0000, 0x0000, 0x0000, 0x0000, 0x0000, 0x0000, 
  0x0000, 0x0000, 0x0000, 0x0000, 0x0000, 0x0000, 0x0000, 0x0000, 0x0000, 0x0000, 0x0000, 0x0000, 
  0x0000, 0x0000, 0x0000, 0x0000, 0x0000, 0x0000, 0x0000, 0x0000, 0x0000, 0x0000, 0x0000, 0x0000, 
  0x0000, 0x0000, 0x0800, 0x2024, 0x3847, 0x4027, 0x4027, 0x3847, 0x1823, 0x0000, 0x0000, 0x0000, 
  0x0000, 0x0000, 0x0000, 0x0000, 0x0000, 0x0000, 0x0000, 0x0000, 0x0000, 0x0000, 0x0000, 0x0000, 
  0x0000, 0x0000, 0x0000, 0x0000, 0x0000, 0x0000, 0x0000, 0x0000, 0x1021, 0x4847, 0x602a, 0x600a, 
  0x600a, 0x600a, 0x6009, 0x600a, 0x5849, 0x3845, 0x0800, 0x0000, 0x0000, 0x0000, 0x0000, 0x0000, 
  0x0000, 0x0000, 0x0000, 0x0000, 0x0000, 0x0000, 0x0000, 0x0000, 0x0000, 0x0000, 0x0000, 0x0000, 
  0x580a, 0x580a, 0x580a, 0x580a, 0x500a, 0x500a, 0x5009, 0x5009, 0x5009, 0x5009, 0x4027, 0x1002, 
  0x0000, 0x0000, 0x0800, 0x2022, 0x5849, 0x682b, 0x700b, 0x682b, 0x700a, 0x700a, 0x682a, 0x682a, 
  0x682a, 0x682a, 0x682a, 0x682a, 0x682a, 0x702a, 0x702a, 0x682a, 0x682a, 0x702a, 0x702a, 0x702a, 
  0x702a, 0x702b, 0x704b, 0x702b, 0x6069, 0x2023, 0x0000, 0x0000, 0x0000, 0x0000, 0x0000, 0x0000, 
  0x0000, 0x0000, 0x0000, 0x0000, 0x0000, 0x0000, 0x0000, 0x0000, 0x0000, 0x0000, 0x0000, 0x0000, 
  0x0000, 0x0000, 0x0000, 0x0000, 0x0000, 0x0000, 0x0800, 0x2823, 0x6869, 0x7029, 0x704a, 0x704b, 
  0x6069, 0x1822, 0x0000, 0x0000, 0x0000, 0x0000, 0x0000, 0x0000, 0x0000, 0x0000, 0x0000, 0x0000, 
  0x2104, 0x630c, 0x0020, 0x0000, 0x0000, 0x0000, 0x0000, 0x0000, 0x0000, 0x0000, 0x0000, 0x0000, 
  0x0000, 0x0000, 0x0000, 0x0000, 0x0000, 0x0000, 0x0000, 0x0000, 0x1001, 0x3066, 0x3065, 0x0801, 
  0x0020, 0x0000, 0x0000, 0x0000, 0x0000, 0x0801, 0x4027, 0x602b, 0x600b, 0x600a, 0x580a, 0x5809, 
  0x600a, 0x600a, 0x5809, 0x5809, 0x5809, 0x5809, 0x5809, 0x5009, 0x5008, 0x5009, 0x5009, 0x5009, 
  0x5008, 0x5008, 0x5008, 0x5008, 0x5008, 0x5008, 0x5028, 0x5028, 0x5028, 0x5028, 0x5028, 0x5029, 
  0x5029, 0x5029, 0x5029, 0x5029, 0x5029, 0x5029, 0x5029, 0x5029, 0x5029, 0x5029, 0x5029, 0x5029, 
  0x5048, 0x2824, 0x0000, 0x0000, 0x0000, 0x0000, 0x0000, 0x0000, 0x0000, 0x0000, 0x0000, 0x0000, 
  0x0000, 0x0000, 0x0000, 0x0000, 0x0000, 0x0000, 0x0000, 0x0000, 0x0000, 0x0000, 0x0800, 0x2023, 
  0x4047, 0x4827, 0x4027, 0x4027, 0x3045, 0x0800, 0x0000, 0x0000, 0x0000, 0x0000, 0x0000, 0x0000, 
  0x0000, 0x0000, 0x0000, 0x0000, 0x0000, 0x0000, 0x0000, 0x0000, 0x0000, 0x0000, 0x0000, 0x0000, 
  0x0000, 0x0000, 0x0000, 0x0000, 0x0000, 0x0000, 0x0000, 0x0000, 0x0000, 0x0000, 0x0000, 0x0000, 
  0x0000, 0x1822, 0x4887, 0x5069, 0x3846, 0x0801, 0x0000, 0x0000, 0x0000, 0x0000, 0x0000, 0x0000, 
  0x0000, 0x0000, 0x0000, 0x0000, 0x0000, 0x0000, 0x0000, 0x0000, 0x0000, 0x0000, 0x0000, 0x0000, 
  0x0000, 0x0000, 0x0000, 0x0000, 0x0000, 0x0000, 0x0000, 0x0000, 0x0000, 0x0000, 0x0000, 0x0000, 
  0x0000, 0x0000, 0x0000, 0x0000, 0x0000, 0x0000, 0x0000, 0x0000, 0x0000, 0x0801, 0x3045, 0x4048, 
  0x4028, 0x4027, 0x3846, 0x1822, 0x0000, 0x0000, 0x0000, 0x0000, 0x0000, 0x0000, 0x0000, 0x0000, 
  0x0000, 0x0000, 0x0000, 0x0000, 0x0000, 0x0000, 0x0000, 0x0000, 0x0000, 0x0000, 0x0000, 0x0000, 
  0x0000, 0x0000, 0x0000, 0x1822, 0x5049, 0x600a, 0x600a, 0x600a, 0x600a, 0x600a, 0x600a, 0x5829, 
  0x2824, 0x0800, 0x0000, 0x0000, 0x0000, 0x0000, 0x0000, 0x0000, 0x0000, 0x0000, 0x0000, 0x0000, 
  0x0000, 0x0000, 0x0000, 0x0000, 0x0000, 0x0000, 0x0000, 0x0000, 0x582a, 0x580a, 0x580a, 0x580a, 
  0x500a, 0x500a, 0x5009, 0x5009, 0x5009, 0x3846, 0x1001, 0x0000, 0x0000, 0x0800, 0x3845, 0x604a, 
  0x682b, 0x682b, 0x700a, 0x682a, 0x680a, 0x680a, 0x682a, 0x702a, 0x682a, 0x682a, 0x682a, 0x682a, 
  0x682a, 0x702a, 0x702a, 0x702a, 0x702a, 0x702a, 0x702a, 0x702a, 0x702b, 0x702b, 0x682a, 0x5869, 
  0x1822, 0x0000, 0x0000, 0x0000, 0x0000, 0x0000, 0x0000, 0x0000, 0x0000, 0x0000, 0x0000, 0x0000, 
  0x0000, 0x0000, 0x0000, 0x0000, 0x0000, 0x0000, 0x0000, 0x0000, 0x0000, 0x0000, 0x0000, 0x0000, 
  0x0000, 0x0800, 0x4066, 0x6849, 0x702a, 0x702a, 0x704a, 0x5068, 0x1001, 0x0000, 0x0000, 0x0000, 
  0x0000, 0x0000, 0x0000, 0x0000, 0x0000, 0x0000, 0x0000, 0x3185, 0x5269, 0x0820, 0x0000, 0x0000, 
  0x0000, 0x0000, 0x0000, 0x0000, 0x0000, 0x0000, 0x0000, 0x0000, 0x0000, 0x0000, 0x0000, 0x0000, 
  0x0000, 0x0000, 0x0000, 0x1823, 0x3887, 0x2844, 0x0800, 0x0000, 0x0000, 0x0000, 0x0000, 0x0020, 
  0x1002, 0x4848, 0x602b, 0x600b, 0x600a, 0x580a, 0x580a, 0x580a, 0x580a, 0x580a, 0x5809, 0x5809, 
  0x5809, 0x5009, 0x5008, 0x5009, 0x5009, 0x5009, 0x5009, 0x5009, 0x5008, 0x5008, 0x5008, 0x5008, 
  0x5008, 0x5008, 0x5008, 0x5028, 0x690b, 0x692b, 0x690b, 0x690c, 0x690c, 0x690c, 0x692c, 0x692c, 
  0x58aa, 0x5029, 0x58aa, 0x692c, 0x690c, 0x692c, 0x692c, 0x614b, 0x30a5, 0x0000, 0x0000, 0x0000, 
  0x0000, 0x0000, 0x2104, 0x2104, 0x0000, 0x0000, 0x0000, 0x0000, 0x0000, 0x1082, 0x2104, 0x1082, 
  0x0000, 0x0000, 0x0000, 0x0000, 0x4208, 0x738e, 0x8390, 0x722d, 0x4828, 0x4828, 0x4048, 0x38c7, 
  0x2104, 0x2104, 0x2104, 0x2104, 0x2104, 0x2104, 0x2104, 0x2104, 0x0000, 0x0000, 0x0000, 0x0000, 
  0x0000, 0x0000, 0x0000, 0x0000, 0x0000, 0x0000, 0x0000, 0x0000, 0x0000, 0x0000, 0x0000, 0x0000, 
  0x0000, 0x0000, 0x0000, 0x0000, 0x0000, 0x0000, 0x0000, 0x0000, 0x2043, 0x4888, 0x508a, 0x2844, 
  0x0800, 0x0000, 0x0000, 0x0000, 0x0000, 0x0000, 0x0000, 0x0000, 0x0000, 0x0000, 0x0000, 0x0000, 
  0x0000, 0x0000, 0x0000, 0x0000, 0x0000, 0x0000, 0x0000, 0x0000, 0x0000, 0x0000, 0x0000, 0x0000, 
  0x0000, 0x0000, 0x0000, 0x0000, 0x0000, 0x0000, 0x0000, 0x0000, 0x0000, 0x0000, 0x0000, 0x0000, 
  0x0000, 0x0000, 0x0000, 0x0000, 0x1001, 0x3046, 0x4027, 0x4027, 0x4028, 0x3046, 0x1021, 0x0000, 
  0x0000, 0x0000, 0x0000, 0x0000, 0x0000, 0x0000, 0x0000, 0x0000, 0x0000, 0x0000, 0x0000, 0x0000, 
  0x0000, 0x0000, 0x0000, 0x0000, 0x0000, 0x0000, 0x0000, 0x0000, 0x0000, 0x0000, 0x2024, 0x584a, 
  0x600a, 0x580a, 0x600a, 0x600a, 0x600a, 0x600a, 0x5849, 0x2823, 0x0000, 0x0000, 0x0000, 0x0000, 
  0x0000, 0x0000, 0x0000, 0x0000, 0x0000, 0x0000, 0x0000, 0x0000, 0x0000, 0x0000, 0x0000, 0x0000, 
  0x0000, 0x0000, 0x0000, 0x0000, 0x582a, 0x582a, 0x582a, 0x580a, 0x580a, 0x5029, 0x500a, 0x5009, 
  0x3045, 0x0800, 0x0000, 0x0000, 0x1822, 0x5848, 0x682b, 0x702b, 0x682b, 0x702b, 0x682a, 0x682a, 
  0x700a, 0x682a, 0x702a, 0x702a, 0x702a, 0x682a, 0x682a, 0x682a, 0x682a, 0x702a, 0x702a, 0x704a, 
  0x702a, 0x702b, 0x702b, 0x702b, 0x702b, 0x704b, 0x5067, 0x1001, 0x0000, 0x0000, 0x0000, 0x0000, 
  0x0000, 0x0000, 0x0000, 0x0000, 0x0000, 0x0000, 0x0000, 0x0000, 0x0000, 0x0000, 0x0000, 0x0000, 
  0x0000, 0x0000, 0x0000, 0x0000, 0x0000, 0x0000, 0x0000, 0x0000, 0x2022, 0x5868, 0x704a, 0x702a, 
  0x702a, 0x686a, 0x4046, 0x0801, 0x0000, 0x0000, 0x0000, 0x0000, 0x0000, 0x0000, 0x0000, 0x0000, 
  0x0000, 0x0000, 0x4207, 0x3185, 0x0000, 0x0000, 0x0000, 0x0000, 0x0000, 0x0000, 0x0000, 0x0000, 
  0x0000, 0x0000, 0x0000, 0x0000, 0x0000, 0x0000, 0x0000, 0x0000, 0x0000, 0x0800, 0x2044, 0x3866, 
  0x1822, 0x0000, 0x0000, 0x0000, 0x0000, 0x0000, 0x0800, 0x2824, 0x5029, 0x600b, 0x600a, 0x600a, 
  0x580a, 0x600a, 0x600a, 0x600a, 0x580a, 0x580a, 0x5809, 0x5809, 0x5009, 0x5009, 0x5009, 0x5009, 
  0x5008, 0x5009, 0x5009, 0x5009, 0x5008, 0x5028, 0x5008, 0x5008, 0x5008, 0x5008, 0x5028, 0x690b, 
  0xffff, 0xffff, 0xffff, 0xffff, 0xffff, 0xffff, 0xffff, 0xffff, 0xac14, 0x5029, 0xac14, 0xffff, 
  0xffff, 0xffff, 0xffff, 0xffff, 0xffff, 0xce79, 0x3186, 0x0000, 0x0000, 0x0000, 0xffff, 0xdefb, 
  0x0000, 0x0000, 0x0000, 0x0000, 0x0000, 0x630c, 0xffff, 0x840f, 0x0000, 0x0000, 0x2104, 0xe71c, 
  0xffff, 0xffff, 0xffff, 0xffff, 0xef1c, 0x8b31, 0x2044, 0x8410, 0xffff, 0xffff, 0xffff, 0xffff, 
  0xffff, 0xffff, 0xffff, 0xffff, 0x2104, 0x0000, 0x0000, 0x0000, 0x0000, 0x0000, 0x0000, 0x0000, 
  0x0000, 0x0000, 0x0000, 0x0000, 0x0000, 0x0000, 0x0000, 0x0000, 0x0000, 0x0000, 0x0000, 0x0000, 
  0x0000, 0x0000, 0x0801, 0x3045, 0x5089, 0x4888, 0x2023, 0x0000, 0x0000, 0x0000, 0x0000, 0x0000, 
  0x0000, 0x0000, 0x0000, 0x0000, 0x0000, 0x0000, 0x0000, 0x0000, 0x0000, 0x0000, 0x0000, 0x0000, 
  0x0000, 0x0000, 0x0000, 0x0000, 0x0000, 0x0000, 0x0000, 0x0000, 0x0000, 0x0000, 0x0000, 0x0000, 
  0x0000, 0x0000, 0x0000, 0x0000, 0x0000, 0x0000, 0x0000, 0x0000, 0x0000, 0x0000, 0x0000, 0x1822, 
  0x3847, 0x4027, 0x4027, 0x4047, 0x2845, 0x0801, 0x0000, 0x0000, 0x0000, 0x0000, 0x0000, 0x0000, 
  0x0000, 0x0000, 0x0000, 0x0000, 0x0000, 0x0000, 0x0000, 0x0000, 0x0000, 0x0000, 0x0000, 0x0000, 
  0x0000, 0x0000, 0x0000, 0x0000, 0x0800, 0x3846, 0x582b, 0x600a, 0x600a, 0x600a, 0x600a, 0x602a, 
  0x600a, 0x4848, 0x1802, 0x0000, 0x0000, 0x0000, 0x0000, 0x0000, 0x0000, 0x0000, 0x0000, 0x0000, 
  0x0000, 0x0000, 0x0000, 0x0000, 0x0000, 0x0000, 0x0000, 0x0000, 0x0000, 0x0000, 0x0000, 0x0000, 
  0x582a, 0x582a, 0x582a, 0x580a, 0x5809, 0x500a, 0x5029, 0x2824, 0x0000, 0x0000, 0x0800, 0x3825, 
  0x684b, 0x700b, 0x700b, 0x700b, 0x702b, 0x702b, 0x702a, 0x682a, 0x682a, 0x682a, 0x682a, 0x702a, 
  0x702a, 0x702a, 0x682a, 0x682a, 0x704a, 0x704a, 0x704b, 0x704b, 0x704b, 0x702b, 0x702b, 0x704b, 
  0x706b, 0x4066, 0x0800, 0x0000, 0x0000, 0x0000, 0x0000, 0x0000, 0x0000, 0x0000, 0x0000, 0x0000, 
  0x0000, 0x0000, 0x0000, 0x0000, 0x0000, 0x0000, 0x0000, 0x0000, 0x0000, 0x0000, 0x0000, 0x0000, 
  0x0000, 0x0000, 0x0800, 0x3845, 0x686a, 0x702a, 0x704a, 0x702a, 0x686a, 0x3044, 0x0800, 0x0000, 
  0x0000, 0x0000, 0x0000, 0x0000, 0x0000, 0x0000, 0x0000, 0x0000, 0x0861, 0x4a49, 0x18c2, 0x0000, 
  0x0000, 0x0000, 0x0000, 0x0000, 0x0000, 0x0000, 0x0000, 0x0000, 0x0000, 0x0000, 0x0000, 0x0000, 
  0x0000, 0x0000, 0x0000, 0x0000, 0x0801, 0x3045, 0x3045, 0x1001, 0x0000, 0x0000, 0x0020, 0x0020, 
  0x0000, 0x0801, 0x3847, 0x582a, 0x600a, 0x600a, 0x600a, 0x600a, 0x600a, 0x580a, 0x580a, 0x580a, 
  0x580a, 0x5809, 0x5809, 0x5809, 0x5009, 0x5009, 0x5809, 0x5009, 0x5009, 0x5009, 0x5009, 0x5009, 
  0x5009, 0x5008, 0x5008, 0x5008, 0x5008, 0x5008, 0x5008, 0x60aa, 0xac14, 0xac14, 0xac14, 0xef1d, 
  0xffff, 0xb496, 0xac14, 0xac14, 0x7a0f, 0x5029, 0xac15, 0xffff, 0xd61a, 0x9411, 0x8410, 0x9491, 
  0xbdf7, 0xffff, 0xef7d, 0x1082, 0x0000, 0x0000, 0xffff, 0xdefb, 0x0000, 0x0000, 0x0000, 0x0000, 
  0x0000, 0x630c, 0xffff, 0x840f, 0x0000, 0x0000, 0xc618, 0xffff, 0xbd17, 0x82af, 0x82af, 0xbd17, 
  0xef1d, 0x8410, 0x0000, 0x4208, 0x840f, 0x840f, 0x9491, 0xffff, 0xdefb, 0x840f, 0x840f, 0x840f, 
  0x1082, 0x0000, 0x0000, 0x0000, 0x0000, 0x0000, 0x0000, 0x0000, 0x0000, 0x0000, 0x0000, 0x0000, 
  0x0000, 0x0000, 0x0000, 0x0000, 0x0000, 0x0000, 0x0000, 0x0000, 0x0000, 0x1021, 0x3867, 0x4888, 
  0x4087, 0x1002, 0x0000, 0x0000, 0x0000, 0x0000, 0x0000, 0x0000, 0x0000, 0x0000, 0x0000, 0x0000, 
  0x0000, 0x0000, 0x0000, 0x0000, 0x0000, 0x0000, 0x0000, 0x0000, 0x0000, 0x0000, 0x0000, 0x0000, 
  0x0000, 0x0000, 0x0000, 0x0000, 0x0000, 0x0000, 0x0000, 0x0000, 0x0000, 0x0000, 0x0000, 0x0000, 
  0x0000, 0x0000, 0x0000, 0x0000, 0x0000, 0x0000, 0x2023, 0x3846, 0x4027, 0x4027, 0x3827, 0x2024, 
  0x0000, 0x0000, 0x0000, 0x0000, 0x0000, 0x0000, 0x0000, 0x0000, 0x0000, 0x0000, 0x0000, 0x0000, 
  0x0000, 0x0000, 0x0000, 0x0000, 0x0000, 0x0000, 0x0000, 0x0000, 0x0000, 0x0000, 0x0000, 0x1001, 
  0x4067, 0x602a, 0x600b, 0x600a, 0x600a, 0x600a, 0x600a, 0x600a, 0x4847, 0x1001, 0x0000, 0x0000, 
  0x0000, 0x0000, 0x0000, 0x0000, 0x0000, 0x0000, 0x0000, 0x0000, 0x0000, 0x0000, 0x0000, 0x0000, 
  0x0000, 0x0000, 0x0000, 0x0000, 0x0000, 0x0000, 0x0000, 0x0000, 0x582a, 0x582a, 0x582a, 0x580a, 
  0x580a, 0x4829, 0x2023, 0x0000, 0x0800, 0x1021, 0x5048, 0x682b, 0x700b, 0x700b, 0x700b, 0x700b, 
  0x700b, 0x680b, 0x680b, 0x680a, 0x682a, 0x682a, 0x682a, 0x702a, 0x702a, 0x702a, 0x702a, 0x704a, 
  0x704a, 0x704b, 0x704b, 0x702b, 0x704b, 0x782b, 0x782b, 0x706a, 0x3844, 0x0800, 0x0000, 0x0000, 
  0x0000, 0x0000, 0x0000, 0x0000, 0x0000, 0x0000, 0x0000, 0x0000, 0x0000, 0x0000, 0x0000, 0x0000, 
  0x0000, 0x0000, 0x0000, 0x0000, 0x0000, 0x0000, 0x0000, 0x0000, 0x0800, 0x1001, 0x5067, 0x704a, 
  0x702a, 0x702a, 0x702b, 0x6069, 0x2023, 0x0000, 0x0000, 0x0000, 0x0000, 0x0000, 0x0000, 0x0000, 
  0x0000, 0x0000, 0x0000, 0x0861, 0x4a28, 0x1061, 0x0000, 0x0000, 0x0000, 0x0000, 0x0000, 0x0000, 
  0x0000, 0x0000, 0x0000, 0x0000, 0x0000, 0x0000, 0x0000, 0x0000, 0x0000, 0x0000, 0x0000, 0x1022, 
  0x3046, 0x2824, 0x0800, 0x0000, 0x0020, 0x0000, 0x0000, 0x0020, 0x1822, 0x5049, 0x600a, 0x600a, 
  0x600a, 0x600a, 0x600a, 0x600a, 0x600a, 0x600a, 0x580a, 0x580a, 0x5809, 0x5809, 0x5809, 0x5809, 
  0x5009, 0x5009, 0x5009, 0x5009, 0x5009, 0x5029, 0x5009, 0x5009, 0x5029, 0x5009, 0x5009, 0x5008, 
  0x5009, 0x5008, 0x5029, 0x5009, 0x5009, 0x5009, 0x5009, 0xd61a, 0xffff, 0x692c, 0x5029, 0x5029, 
  0x5029, 0x5029, 0xac14, 0xffff, 0x8c11, 0x0000, 0x0000, 0x0000, 0x0000, 0xa513, 0xffff, 0x630b, 
  0x0000, 0x0000, 0xffff, 0xdefb, 0x0000, 0x0000, 0x0000, 0x0000, 0x0000, 0x630c, 0xffff, 0x840f, 
  0x0000, 0x0801, 0xffff, 0xffff, 0x4828, 0x4828, 0x4828, 0x4067, 0x3106, 0x0000, 0x0000, 0x0000, 
  0x0000, 0x0000, 0x2104, 0xffff, 0xbdf7, 0x0000, 0x0000, 0x0000, 0x0000, 0x0000, 0x0000, 0x0000, 
  0x0000, 0x0000, 0x0000, 0x0000, 0x0000, 0x0000, 0x0000, 0x0000, 0x0000, 0x0000, 0x0000, 0x0000, 
  0x0000, 0x0000, 0x0000, 0x0000, 0x1822, 0x4087, 0x4868, 0x3065, 0x0801, 0x0020, 0x0000, 0x0000, 
  0x0000, 0x0000, 0x0000, 0x0000, 0x0000, 0x0000, 0x0000, 0x0000, 0x0000, 0x0000, 0x0000, 0x0000, 
  0x0000, 0x0000, 0x0000, 0x0000, 0x0000, 0x0000, 0x0000, 0x0000, 0x0000, 0x0000, 0x0000, 0x0000, 
  0x0000, 0x0000, 0x0000, 0x0000, 0x0000, 0x0000, 0x0000, 0x0000, 0x0000, 0x0000, 0x0000, 0x0000, 
  0x0800, 0x2024, 0x4027, 0x4027, 0x4027, 0x3847, 0x1822, 0x0000, 0x0000, 0x0000, 0x0000, 0x0000, 
  0x0000, 0x0000, 0x0000, 0x0000, 0x0000, 0x0000, 0x0000, 0x0000, 0x0000, 0x0000, 0x0000, 0x0000, 
  0x0000, 0x0000, 0x0000, 0x0000, 0x0000, 0x0000, 0x1802, 0x4848, 0x602a, 0x600a, 0x600a, 0x600a, 
  0x600a, 0x602a, 0x582a, 0x4847, 0x1001, 0x0000, 0x0000, 0x0000, 0x0000, 0x0000, 0x0000, 0x0000, 
  0x0000, 0x0000, 0x0000, 0x0000, 0x0000, 0x0000, 0x0000, 0x0000, 0x0000, 0x0000, 0x0000, 0x0000, 
  0x0000, 0x0000, 0x0000, 0x0000, 0x582a, 0x582a, 0x582a, 0x580a, 0x4848, 0x1802, 0x0000, 0x0800, 
  0x3045, 0x604a, 0x700c, 0x700b, 0x700b, 0x700b, 0x700b, 0x700b, 0x680b, 0x680b, 0x702b, 0x682a, 
  0x682a, 0x682a, 0x702a, 0x702a, 0x702a, 0x702a, 0x702a, 0x704a, 0x704a, 0x704b, 0x704b, 0x704b, 
  0x782b, 0x704a, 0x688a, 0x2823, 0x0000, 0x0000, 0x0000, 0x0000, 0x0000, 0x0000, 0x0000, 0x0000, 
  0x0000, 0x0000, 0x0000, 0x0000, 0x0000, 0x0000, 0x0000, 0x0000, 0x0000, 0x0000, 0x0000, 0x0000, 
  0x0000, 0x0000, 0x0000, 0x0800, 0x2823, 0x6069, 0x702a, 0x702a, 0x702a, 0x702a, 0x5848, 0x1802, 
  0x0000, 0x0000, 0x0000, 0x0000, 0x0000, 0x0000, 0x0000, 0x0000, 0x0020, 0x0000, 0x2945, 0x39c7, 
  0x0000, 0x0000, 0x0000, 0x0000, 0x0000, 0x0000, 0x0000, 0x0000, 0x0000, 0x0000, 0x0000, 0x0000, 
  0x0000, 0x0000, 0x0000, 0x0000, 0x0000, 0x0800, 0x1823, 0x3065, 0x1802, 0x0800, 0x0000, 0x0000, 
  0x0000, 0x0000, 0x0800, 0x2844, 0x582a, 0x600a, 0x600a, 0x600a, 0x600a, 0x600a, 0x600a, 0x600a, 
  0x600a, 0x580a, 0x580a, 0x5809, 0x5809, 0x5809, 0x5809, 0x5809, 0x5809, 0x5809, 0x5029, 0x5029, 
  0x5029, 0x5029, 0x5009, 0x5029, 0x5029, 0x5009, 0x5009, 0x5008, 0x5009, 0x5029, 0x5029, 0x5029, 
  0x5009, 0x5009, 0x5029, 0xd61a, 0xffff, 0x692c, 0x5029, 0x5029, 0x5029, 0x5029, 0xa434, 0xffff, 
  0x8410, 0x0000, 0x0000, 0x0000, 0x0000, 0x840f, 0xffff, 0x840f, 0x0000, 0x0000, 0xffff, 0xdefb, 
  0x0000, 0x0000, 0x0000, 0x0000, 0x0000, 0x630c, 0xffff, 0x8410, 0x1822, 0x3827, 0xf77e, 0xffff, 
  0x9b92, 0x4828, 0x3867, 0x1021, 0x0000, 0x0000, 0x0000, 0x0000, 0x0000, 0x0000, 0x2104, 0xffff, 
  0xbdf7, 0x0000, 0x0000, 0x0000, 0x0000, 0x0000, 0x0000, 0x0000, 0x0000, 0x0000, 0x0000, 0x0000, 
  0x0000, 0x0000, 0x0000, 0x0000, 0x0000, 0x0000, 0x0000, 0x0000, 0x0000, 0x0000, 0x0000, 0x2044, 
  0x4087, 0x4067, 0x2023, 0x0800, 0x0000, 0x0000, 0x0000, 0x0000, 0x0000, 0x0000, 0x0000, 0x0000, 
  0x0000, 0x0000, 0x0000, 0x0000, 0x0000, 0x0000, 0x0000, 0x0000, 0x0000, 0x0000, 0x0000, 0x0000, 
  0x0000, 0x0000, 0x0000, 0x0000, 0x0000, 0x0000, 0x0000, 0x0000, 0x0000, 0x0000, 0x0000, 0x0000, 
  0x0000, 0x0000, 0x0000, 0x0000, 0x0000, 0x0000, 0x0000, 0x1001, 0x3025, 0x3807, 0x4026, 0x4027, 
  0x3846, 0x1002, 0x0000, 0x0000, 0x0000, 0x0000, 0x0000, 0x0000, 0x0000, 0x0000, 0x0000, 0x0000, 
  0x0000, 0x0000, 0x0000, 0x0000, 0x0000, 0x0000, 0x0000, 0x0000, 0x0000, 0x0000, 0x0000, 0x0000, 
  0x0000, 0x2023, 0x5049, 0x582a, 0x600a, 0x600a, 0x600a, 0x582a, 0x602a, 0x582a, 0x3845, 0x0800, 
  0x0000, 0x0000, 0x0000, 0x0000, 0x0000, 0x0000, 0x0000, 0x0000, 0x0000, 0x0000, 0x0000, 0x0000, 
  0x0000, 0x0000, 0x0000, 0x0000, 0x0000, 0x0000, 0x0000, 0x0000, 0x0000, 0x0000, 0x0000, 0x0000, 
  0x600a, 0x582a, 0x582a, 0x4027, 0x1002, 0x0000, 0x1802, 0x5068, 0x682c, 0x700b, 0x700b, 0x700b, 
  0x700b, 0x700b, 0x700b, 0x700b, 0x682a, 0x682a, 0x682a, 0x702a, 0x702a, 0x702a, 0x702a, 0x702a, 
  0x702a, 0x704a, 0x702a, 0x702a, 0x704a, 0x704b, 0x702b, 0x782b, 0x704b, 0x6089, 0x2022, 0x0000, 
  0x0000, 0x0000, 0x0000, 0x0000, 0x0000, 0x0000, 0x0000, 0x0000, 0x0000, 0x0000, 0x0000, 0x0000, 
  0x0000, 0x0000, 0x0000, 0x0000, 0x0000, 0x0000, 0x0000, 0x0000, 0x0000, 0x0000, 0x1001, 0x4046, 
  0x704a, 0x702a, 0x782a, 0x702a, 0x684b, 0x5047, 0x0801, 0x0000, 0x0000, 0x0000, 0x0000, 0x0000, 
  0x0000, 0x0000, 0x0000, 0x0000, 0x0020, 0x4208, 0x2124, 0x0000, 0x0000, 0x0000, 0x0000, 0x0000, 
  0x0000, 0x0000, 0x0000, 0x0000, 0x0000, 0x0000, 0x0000, 0x0000, 0x0000, 0x0000, 0x0000, 0x0000, 
  0x0801, 0x2844, 0x3065, 0x1001, 0x0000, 0x0000, 0x0000, 0x0000, 0x0000, 0x0801, 0x3847, 0x582b, 
  0x600a, 0x600a, 0x600a, 0x600a, 0x600a, 0x600a, 0x600a, 0x600a, 0x602a, 0x582a, 0x580a, 0x5809, 
  0x5809, 0x5809, 0x5809, 0x5809, 0x5809, 0x5809, 0x5029, 0x5029, 0x5029, 0x5809, 0x5029, 0x5029, 
  0x5029, 0x5029, 0x5809, 0x5009, 0x5009, 0x5029, 0x5029, 0x5029, 0x5009, 0x5009, 0x5029, 0xd61a, 
  0xffff, 0x690c, 0x5029, 0x5029, 0x5029, 0x3846, 0x8c11, 0xffff, 0x840f, 0x0000, 0x0000, 0x0000, 
  0x0000, 0xa513, 0xffff, 0x5289, 0x0000, 0x0000, 0xffff, 0xdefb, 0x0000, 0x0000, 0x0000, 0x0000, 
  0x0000, 0x630c, 0xffff, 0x9c12, 0x4028, 0x4808, 0x9b92, 0xffff, 0xffff, 0xe71c, 0xa514, 0x528a, 
  0x0000, 0x0000, 0x0000, 0x0000, 0x0000, 0x0000, 0x2104, 0xffff, 0xbdf7, 0x0000, 0x0000, 0x0000, 
  0x0000, 0x0000, 0x0000, 0x0000, 0x0000, 0x0000, 0x0000, 0x0000, 0x0000, 0x0000, 0x0000, 0x0000, 
  0x0000, 0x0000, 0x0000, 0x0000, 0x0000, 0x0801, 0x2844, 0x4047, 0x3866, 0x1802, 0x0000, 0x0000, 
  0x0000, 0x0000, 0x0000, 0x0000, 0x0000, 0x0000, 0x0000, 0x0000, 0x0000, 0x0000, 0x0000, 0x0000, 
  0x0000, 0x0000, 0x0000, 0x0000, 0x0000, 0x0000, 0x0000, 0x0000, 0x0000, 0x0000, 0x0000, 0x0000, 
  0x0000, 0x0000, 0x0000, 0x0000, 0x0000, 0x0000, 0x0000, 0x0000, 0x0000, 0x0000, 0x0000, 0x0000, 
  0x0000, 0x0000, 0x1001, 0x3026, 0x4007, 0x3826, 0x4027, 0x2845, 0x0801, 0x0000, 0x0000, 0x0000, 
  0x0000, 0x0000, 0x0000, 0x0000, 0x0000, 0x0000, 0x0000, 0x0000, 0x0000, 0x0000, 0x0000, 0x0000, 
  0x0000, 0x0000, 0x0000, 0x0000, 0x0000, 0x0000, 0x0000, 0x0000, 0x3044, 0x5849, 0x582a, 0x582a, 
  0x582a, 0x602a, 0x582a, 0x582a, 0x582a, 0x3045, 0x0000, 0x0000, 0x0000, 0x0000, 0x0000, 0x0000, 
  0x0000, 0x0000, 0x0000, 0x0000, 0x0000, 0x0000, 0x0000, 0x0000, 0x0000, 0x0000, 0x0000, 0x0000, 
  0x0000, 0x0000, 0x0000, 0x0000, 0x0000, 0x0000, 0x0000, 0x0000, 0x602a, 0x582a, 0x4047, 0x0801, 
  0x0800, 0x3044, 0x606b, 0x682b, 0x700c, 0x700b, 0x700b, 0x700b, 0x700b, 0x700b, 0x700a, 0x700a, 
  0x702a, 0x682a, 0x702a, 0x702a, 0x702a, 0x702a, 0x702a, 0x702a, 0x704b, 0x704a, 0x702a, 0x702a, 
  0x704b, 0x782b, 0x782b, 0x706b, 0x5868, 0x1001, 0x0000, 0x0000, 0x0000, 0x0000, 0x0000, 0x0000, 
  0x0000, 0x0000, 0x0000, 0x0000, 0x0000, 0x0000, 0x0000, 0x0000, 0x0000, 0x0000, 0x0000, 0x0000, 
  0x0000, 0x0000, 0x0000, 0x0000, 0x0800, 0x2022, 0x5868, 0x782a, 0x702a, 0x782a, 0x702a, 0x704a, 
  0x4846, 0x0800, 0x0000, 0x0000, 0x0000, 0x0000, 0x0000, 0x0000, 0x0000, 0x0000, 0x0000, 0x0861, 
  0x41e7, 0x18c2, 0x0000, 0x0000, 0x0000, 0x0000, 0x0000, 0x0000, 0x0000, 0x0000, 0x0000, 0x0000, 
  0x0000, 0x0000, 0x0000, 0x0000, 0x0000, 0x0000, 0x0000, 0x1001, 0x3045, 0x2864, 0x0801, 0x0000, 
  0x0000, 0x0000, 0x0000, 0x0000, 0x1822, 0x5049, 0x600b, 0x602a, 0x600a, 0x600a, 0x600a, 0x600a, 
  0x600a, 0x600a, 0x602a, 0x602a, 0x580a, 0x580a, 0x5809, 0x5809, 0x5809, 0x5809, 0x5809, 0x5809, 
  0x5809, 0x5829, 0x5829, 0x5029, 0x5829, 0x5029, 0x5029, 0x5029, 0x5829, 0x5829, 0x5809, 0x5029, 
  0x5009, 0x5029, 0x5029, 0x5029, 0x5029, 0x5029, 0x5029, 0xd61a, 0xffff, 0x692c, 0x5029, 0x5029, 
  0x3045, 0x0800, 0x8410, 0xffff, 0xc617, 0x840f, 0x840f, 0x840f, 0xc617, 0xffff, 0xdefb, 0x2104, 
  0x0000, 0x0000, 0xffff, 0xdefb, 0x0000, 0x0000, 0x0000, 0x0020, 0x0800, 0x6b0d, 0xffff, 0xa414, 
  0x4828, 0x4808, 0x4028, 0x8b31, 0xe71c, 0xffff, 0xffff, 0xffff, 0xdefb, 0x3186, 0x0000, 0x0000, 
  0x0000, 0x0000, 0x2104, 0xffff, 0xbdf7, 0x0000, 0x0000, 0x0000, 0x0000, 0x0000, 0x0000, 0x0000, 
  0x0000, 0x0000, 0x0000, 0x0000, 0x0000, 0x0000, 0x0000, 0x0000, 0x0000, 0x0000, 0x0000, 0x0000, 
  0x1001, 0x3066, 0x4047, 0x3045, 0x0801, 0x0000, 0x0000, 0x0000, 0x0000, 0x0000, 0x0000, 0x0000, 
  0x0000, 0x0000, 0x0000, 0x0000, 0x0000, 0x0000, 0x0000, 0x0000, 0x0000, 0x0000, 0x0000, 0x0000, 
  0x0000, 0x0000, 0x0000, 0x0000, 0x0000, 0x0000, 0x0000, 0x0000, 0x0000, 0x0000, 0x0000, 0x0000, 
  0x0000, 0x0000, 0x0000, 0x0000, 0x0000, 0x0000, 0x0000, 0x0000, 0x0000, 0x1802, 0x3826, 0x3806, 
  0x4006, 0x3827, 0x2824, 0x0800, 0x0000, 0x0000, 0x0000, 0x0000, 0x0000, 0x0000, 0x0000, 0x0000, 
  0x0000, 0x0000, 0x0000, 0x0000, 0x0000, 0x0000, 0x0000, 0x0000, 0x0000, 0x0000, 0x0000, 0x0000, 
  0x0000, 0x0000, 0x0800, 0x3846, 0x5849, 0x5829, 0x582a, 0x582a, 0x5829, 0x582a, 0x582a, 0x5049, 
  0x2823, 0x0000, 0x0000, 0x0000, 0x0000, 0x0000, 0x0000, 0x0000, 0x0000, 0x0000, 0x0000, 0x0000, 
  0x0000, 0x0000, 0x0000, 0x0000, 0x0000, 0x0000, 0x0000, 0x0000, 0x0000, 0x0000, 0x0000, 0x0000, 
  0x0000, 0x0000, 0x0000, 0x0000, 0x582a, 0x3827, 0x0801, 0x1822, 0x4868, 0x682b, 0x700b, 0x700b, 
  0x700b, 0x700b, 0x700b, 0x700b, 0x700b, 0x700b, 0x700b, 0x702b, 0x702a, 0x702a, 0x702a, 0x702a, 
  0x702a, 0x702a, 0x702a, 0x702a, 0x702b, 0x702a, 0x702a, 0x702a, 0x782b, 0x782b, 0x704a, 0x4866, 
  0x1001, 0x0000, 0x0000, 0x0000, 0x0000, 0x0000, 0x0000, 0x0000, 0x0000, 0x0000, 0x0000, 0x0000, 
  0x0000, 0x0000, 0x0000, 0x0000, 0x0000, 0x0000, 0x0000, 0x0000, 0x0000, 0x0000, 0x0000, 0x1000, 
  0x3844, 0x704a, 0x782a, 0x702a, 0x782a, 0x782a, 0x686a, 0x3044, 0x0800, 0x0000, 0x0000, 0x0000, 
  0x0000, 0x0000, 0x0000, 0x0000, 0x0000, 0x0000, 0x10a2, 0x39e7, 0x1082, 0x0000, 0x0000, 0x0000, 
  0x0000, 0x0000, 0x0000, 0x0000, 0x0000, 0x0000, 0x0000, 0x0000, 0x0000, 0x0000, 0x0000, 0x0000, 
  0x0000, 0x0000, 0x1823, 0x3086, 0x2023, 0x0000, 0x0000, 0x0000, 0x0000, 0x0000, 0x0000, 0x3024, 
  0x584a, 0x600a, 0x600a, 0x600a, 0x602a, 0x600a, 0x600a, 0x600a, 0x600a, 0x600a, 0x602a, 0x582a, 
  0x5829, 0x5809, 0x5829, 0x5829, 0x5809, 0x5809, 0x5829, 0x5829, 0x5829, 0x5829, 0x5829, 0x5829, 
  0x5829, 0x5829, 0x5829, 0x5829, 0x5829, 0x5809, 0x5809, 0x5029, 0x5829, 0x5029, 0x5029, 0x5029, 
  0x5029, 0x5029, 0x5809, 0xd61a, 0xffff, 0x692c, 0x4849, 0x2023, 0x0000, 0x0000, 0x8410, 0xffff, 
  0xffff, 0xffff, 0xffff, 0xffff, 0xffff, 0xbdf7, 0x3186, 0x0000, 0x0000, 0x0000, 0xef7d, 0xffff, 
  0x0000, 0x0000, 0x0000, 0x0820, 0x2824, 0x8b31, 0xffff, 0xa414, 0x4808, 0x4828, 0x4028, 0x2845, 
  0x0000, 0x3186, 0x630c, 0xdefc, 0xffff, 0xef7d, 0x1082, 0x0000, 0x0000, 0x0000, 0x2104, 0xffff, 
  0xbdf7, 0x0000, 0x0000, 0x0000, 0x0000, 0x0000, 0x0000, 0x0000, 0x0000, 0x0000, 0x0000, 0x0000, 
  0x0000, 0x0000, 0x0000, 0x0000, 0x0000, 0x0000, 0x0000, 0x1823, 0x3867, 0x3867, 0x2844, 0x0801, 
  0x0000, 0x0000, 0x0000, 0x0000, 0x0000, 0x0000, 0x0000, 0x0000, 0x0000, 0x0000, 0x0000, 0x0000, 
  0x0000, 0x0000, 0x0000, 0x0000, 0x0000, 0x0000, 0x0000, 0x0000, 0x0000, 0x0000, 0x0000, 0x0000, 
  0x0000, 0x0000, 0x0000, 0x0000, 0x0000, 0x0000, 0x0000, 0x0000, 0x0000, 0x0000, 0x0000, 0x0000, 
  0x0000, 0x0000, 0x0000, 0x0000, 0x1823, 0x3827, 0x3806, 0x3806, 0x3826, 0x2023, 0x0000, 0x0000, 
  0x0000, 0x0000, 0x0000, 0x0000, 0x0000, 0x0000, 0x0000, 0x0000, 0x0000, 0x0000, 0x0000, 0x0000, 
  0x0000, 0x0000, 0x0000, 0x0000, 0x0000, 0x0000, 0x0000, 0x0000, 0x0020, 0x1021, 0x4047, 0x5829, 
  0x5829, 0x582a, 0x582a, 0x582a, 0x582a, 0x582a, 0x5069, 0x1802, 0x0000, 0x0000, 0x0000, 0x0000, 
  0x0000, 0x0000, 0x0000, 0x0000, 0x0000, 0x0000, 0x0000, 0x0000, 0x0000, 0x0000, 0x0000, 0x0000, 
  0x0000, 0x0000, 0x0000, 0x0000, 0x0000, 0x0000, 0x0000, 0x0000, 0x0000, 0x0000, 0x0000, 0x0000, 
  0x3046, 0x0801, 0x3065, 0x604a, 0x700b, 0x700b, 0x700b, 0x700b, 0x700b, 0x700b, 0x700b, 0x700b, 
  0x700b, 0x700b, 0x700b, 0x702b, 0x702a, 0x702a, 0x702a, 0x702a, 0x702a, 0x702a, 0x702a, 0x702b, 
  0x702b, 0x702a, 0x782b, 0x782b, 0x782b, 0x706a, 0x3845, 0x0800, 0x0000, 0x0000, 0x0000, 0x0000, 
  0x0000, 0x0000, 0x0000, 0x0000, 0x0000, 0x0000, 0x0000, 0x0000, 0x0000, 0x0000, 0x0000, 0x0000, 
  0x0000, 0x0000, 0x0000, 0x0000, 0x0000, 0x0020, 0x1821, 0x5067, 0x782a, 0x782a, 0x782a, 0x782a, 
  0x784a, 0x6889, 0x2823, 0x0800, 0x0000, 0x0000, 0x0000, 0x0000, 0x0000, 0x0000, 0x0000, 0x0000, 
  0x0000, 0x2104, 0x3186, 0x0000, 0x0000, 0x0000, 0x0000, 0x0000, 0x0000, 0x0000, 0x0000, 0x0000, 
  0x0000, 0x0000, 0x0000, 0x0000, 0x0000, 0x0000, 0x0000, 0x0000, 0x0800, 0x2024, 0x3066, 0x1822, 
  0x0000, 0x0000, 0x0000, 0x0000, 0x0020, 0x1001, 0x4066, 0x604a, 0x600a, 0x600a, 0x602a, 0x600a, 
  0x600a, 0x602a, 0x600a, 0x602a, 0x602a, 0x602a, 0x5809, 0x5809, 0x5809, 0x5809, 0x580a, 0x5809, 
  0x5809, 0x5829, 0x5829, 0x5829, 0x5809, 0x5829, 0x5829, 0x5829, 0x5829, 0x5829, 0x5829, 0x5829, 
  0x5829, 0x5829, 0x5829, 0x5829, 0x5829, 0x5029, 0x5029, 0x5029, 0x5029, 0x5029, 0x580a, 0xd61a, 
  0xffff, 0x594b, 0x1822, 0x0000, 0x0000, 0x0000, 0x840f, 0xffff, 0xa513, 0x4207, 0x4207, 0xe71b, 
  0xffff, 0x738e, 0x0000, 0x0000, 0x0000, 0x0000, 0xd679, 0xffff, 0x3186, 0x0000, 0x1021, 0x3846, 
  0x5029, 0xbd17, 0xffff, 0x9311, 0x4808, 0x4848, 0x2824, 0x0000, 0x0000, 0x0000, 0x0000, 0x0000, 
  0xce79, 0xffff, 0x3186, 0x0000, 0x0000, 0x0000, 0x2104, 0xffff, 0xbdf7, 0x0000, 0x0000, 0x0000, 
  0x0000, 0x0000, 0x0000, 0x0000, 0x0000, 0x0000, 0x0000, 0x0000, 0x0000, 0x0000, 0x0000, 0x0000, 
  0x0000, 0x0801, 0x2844, 0x3867, 0x3867, 0x2043, 0x0000, 0x0000, 0x0000, 0x0000, 0x0000, 0x0000, 
  0x0000, 0x0000, 0x0000, 0x0000, 0x0000, 0x0000, 0x0000, 0x0000, 0x0000, 0x0000, 0x0000, 0x0000, 
  0x0000, 0x0000, 0x0000, 0x0000, 0x0000, 0x0000, 0x0000, 0x0000, 0x0000, 0x0000, 0x0000, 0x0000, 
  0x0000, 0x0000, 0x0000, 0x0000, 0x0000, 0x0000, 0x0000, 0x0000, 0x0000, 0x0000, 0x0800, 0x2824, 
  0x3826, 0x3826, 0x3807, 0x3846, 0x1822, 0x0000, 0x0000, 0x0000, 0x0000, 0x0000, 0x0000, 0x0000, 
  0x0000, 0x0000, 0x0000, 0x0000, 0x0000, 0x0000, 0x0000, 0x0000, 0x0000, 0x0000, 0x0000, 0x0000, 
  0x0000, 0x0000, 0x0000, 0x0000, 0x2023, 0x4848, 0x5829, 0x5829, 0x5829, 0x5829, 0x5829, 0x582a, 
  0x584a, 0x4867, 0x1002, 0x0000, 0x0000, 0x0000, 0x0000, 0x0000, 0x0000, 0x0000, 0x0000, 0x0000, 
  0x0000, 0x0000, 0x0000, 0x0000, 0x0000, 0x0000, 0x0000, 0x0000, 0x0000, 0x0000, 0x0000, 0x0000, 
  0x0000, 0x0000, 0x0000, 0x0000, 0x0000, 0x0000, 0x0000, 0x0000, 0x1802, 0x5068, 0x684b, 0x700b, 
  0x700b, 0x700b, 0x700b, 0x700b, 0x700b, 0x702b, 0x702b, 0x700b, 0x700b, 0x700b, 0x702b, 0x702a, 
  0x702a, 0x702a, 0x702a, 0x702a, 0x702a, 0x702b, 0x702b, 0x702b, 0x782b, 0x782a, 0x782b, 0x782b, 
  0x706a, 0x3024, 0x0800, 0x0000, 0x0000, 0x0000, 0x0000, 0x0000, 0x0000, 0x0000, 0x0000, 0x0000, 
  0x0000, 0x0000, 0x0000, 0x0000, 0x0000, 0x0000, 0x0000, 0x0000, 0x0000, 0x0000, 0x0000, 0x0000, 
  0x0800, 0x2823, 0x6869, 0x782b, 0x782a, 0x784a, 0x782a, 0x784b, 0x6068, 0x1802, 0x0000, 0x0000, 
  0x0000, 0x0000, 0x0000, 0x0000, 0x0000, 0x0000, 0x0000, 0x0000, 0x2965, 0x18e3, 0x0000, 0x0000, 
  0x0000, 0x0000, 0x0000, 0x0000, 0x0000, 0x0000, 0x0000, 0x0000, 0x0000, 0x0000, 0x0000, 0x0000, 
  0x0000, 0x0000, 0x0000, 0x0801, 0x2844, 0x2845, 0x0801, 0x0000, 0x0000, 0x0000, 0x0000, 0x0000, 
  0x2023, 0x5069, 0x602a, 0x600a, 0x600a, 0x600a, 0x602a, 0x600a, 0x600a, 0x600a, 0x600a, 0x600a, 
  0x600a, 0x5809, 0x5829, 0x5809, 0x5809, 0x5809, 0x5809, 0x5809, 0x5829, 0x582a, 0x5829, 0x5829, 
  0x5809, 0x5829, 0x5829, 0x5829, 0x5829, 0x5829, 0x5829, 0x5829, 0x5829, 0x5829, 0x5829, 0x5829, 
  0x5829, 0x5829, 0x5829, 0x5829, 0x5829, 0x5829, 0x5829, 0xd61a, 0xffff, 0x2905, 0x0000, 0x0000, 
  0x0000, 0x0000, 0x840f, 0xffff, 0x840f, 0x0000, 0x0000, 0x3186, 0xffff, 0xffff, 0x3186, 0x0000, 
  0x0000, 0x0000, 0x840f, 0xffff, 0xc617, 0x28a4, 0x4047, 0x5009, 0x718d, 0xffff, 0xffff, 0x610b, 
  0x4848, 0x2024, 0xc618, 0x8410, 0x2104, 0x0000, 0x0000, 0x1082, 0xdefb, 0xffff, 0x3186, 0x0000, 
  0x0000, 0x0000, 0x2104, 0xffff, 0xbdf7, 0x0000, 0x0000, 0x0000, 0x0000, 0x0000, 0x0000, 0x0000, 
  0x0000, 0x0000, 0x0000, 0x0000, 0x0000, 0x0000, 0x0000, 0x0000, 0x0801, 0x2865, 0x4047, 0x3846, 
  0x1802, 0x0000, 0x0000, 0x0000, 0x0000, 0x0000, 0x0000, 0x0000, 0x0000, 0x0000, 0x0000, 0x0000, 
  0x0000, 0x0000, 0x0000, 0x0000, 0x0000, 0x0000, 0x0000, 0x0000, 0x0000, 0x0000, 0x0000, 0x0000, 
  0x0000, 0x0000, 0x0000, 0x0000, 0x0000, 0x0000, 0x0000, 0x0000, 0x0000, 0x0000, 0x0000, 0x0000, 
  0x0000, 0x0000, 0x0000, 0x0000, 0x0000, 0x0801, 0x3025, 0x3806, 0x3826, 0x3827, 0x3046, 0x1002, 
  0x0000, 0x0000, 0x0000, 0x0000, 0x0000, 0x0000, 0x0000, 0x0000, 0x0000, 0x0000, 0x0000, 0x0000, 
  0x0000, 0x0000, 0x0000, 0x0000, 0x0000, 0x0000, 0x0000, 0x0000, 0x0000, 0x0000, 0x0000, 0x2844, 
  0x5069, 0x5829, 0x5829, 0x5809, 0x5809, 0x5829, 0x5829, 0x584a, 0x4067, 0x1001, 0x0000, 0x0000, 
  0x0000, 0x0000, 0x0000, 0x0000, 0x0000, 0x0000, 0x0000, 0x0000, 0x0000, 0x0000, 0x0000, 0x0000, 
  0x0000, 0x0000, 0x0000, 0x0000, 0x0000, 0x0000, 0x0000, 0x0000, 0x0000, 0x0000, 0x0000, 0x0000, 
  0x0000, 0x0000, 0x0000, 0x0000, 0x606a, 0x682b, 0x702b, 0x702b, 0x702b, 0x700b, 0x700b, 0x702b, 
  0x702b, 0x702b, 0x702b, 0x702b, 0x702b, 0x702b, 0x702b, 0x702a, 0x702a, 0x702b, 0x702a, 0x702a, 
  0x702a, 0x702b, 0x702b, 0x702b, 0x782b, 0x782b, 0x702a, 0x6869, 0x2002, 0x0000, 0x0000, 0x0000, 
  0x0000, 0x0000, 0x0000, 0x0000, 0x0000, 0x0000, 0x0000, 0x0000, 0x0000, 0x0000, 0x0000, 0x0000, 
  0x0000, 0x0000, 0x0000, 0x0000, 0x0000, 0x0000, 0x0000, 0x1000, 0x4046, 0x784a, 0x782b, 0x802a, 
  0x802a, 0x782a, 0x786b, 0x5067, 0x1000, 0x0000, 0x0000, 0x0000, 0x0000, 0x0000, 0x0000, 0x0000, 
  0x0000, 0x0000, 0x0020, 0x3165, 0x1061, 0x0000, 0x0000, 0x0000, 0x0000, 0x0000, 0x0000, 0x0000, 
  0x0000, 0x0000, 0x0000, 0x0000, 0x0000, 0x0000, 0x0000, 0x0000, 0x0000, 0x0000, 0x1022, 0x2845, 
  0x1823, 0x0000, 0x0000, 0x0000, 0x0000, 0x0000, 0x0800, 0x3045, 0x604a, 0x682a, 0x682a, 0x602a, 
  0x602a, 0x602a, 0x602a, 0x600a, 0x600a, 0x600a, 0x600a, 0x600a, 0x600a, 0x5809, 0x5829, 0x5809, 
  0x5809, 0x5829, 0x5829, 0x5829, 0x582a, 0x582a, 0x5829, 0x5829, 0x5829, 0x5829, 0x5829, 0x5829, 
  0x5829, 0x5829, 0x5829, 0x5829, 0x5829, 0x5829, 0x5829, 0x5829, 0x5829, 0x5829, 0x5829, 0x5829, 
  0x5829, 0x582a, 0x5049, 0xd61a, 0xffff, 0x2104, 0x0000, 0x0000, 0x0000, 0x0000, 0x840f, 0xffff, 
  0x840f, 0x0000, 0x0000, 0x0000, 0x738e, 0xffff, 0xdefb, 0x1082, 0x0000, 0x0000, 0x1082, 0xe71c, 
  0xffff, 0xeefc, 0xcd98, 0xd61a, 0xffff, 0xffff, 0xa414, 0x4047, 0x1823, 0x2104, 0xdefb, 0xffff, 
  0xef7d, 0xc617, 0xa513, 0xef7d, 0xffff, 0xad75, 0x0000, 0x0000, 0x0000, 0x0000, 0x2104, 0xffff, 
  0xbdf7, 0x0000, 0x0000, 0x0000, 0x0000, 0x0000, 0x0000, 0x0000, 0x0000, 0x0000, 0x0000, 0x0000, 
  0x0000, 0x0000, 0x0000, 0x1022, 0x3046, 0x3846, 0x3045, 0x0801, 0x0000, 0x0000, 0x0000, 0x0000, 
  0x0000, 0x0000, 0x0000, 0x0000, 0x0000, 0x0000, 0x0000, 0x0000, 0x0000, 0x0000, 0x0000, 0x0000, 
  0x0000, 0x0000, 0x0000, 0x0000, 0x0000, 0x0000, 0x0000, 0x0000, 0x0000, 0x0000, 0x0000, 0x0000, 
  0x0000, 0x0000, 0x0000, 0x0000, 0x0000, 0x0000, 0x0000, 0x0000, 0x0000, 0x0000, 0x0000, 0x0000, 
  0x1001, 0x3026, 0x3807, 0x3807, 0x3807, 0x2845, 0x0800, 0x0000, 0x0000, 0x0000, 0x0000, 0x0000, 
  0x0000, 0x0000, 0x0000, 0x0000, 0x0000, 0x0000, 0x0000, 0x0000, 0x0000, 0x0000, 0x0000, 0x0000, 
  0x0000, 0x0000, 0x0000, 0x0000, 0x0000, 0x0821, 0x3045, 0x5049, 0x5829, 0x5829, 0x5829, 0x5809, 
  0x5809, 0x5829, 0x5849, 0x3866, 0x0800, 0x0000, 0x0000, 0x0000, 0x0000, 0x0000, 0x0000, 0x0000, 
  0x0000, 0x0000, 0x0000, 0x0000, 0x0000, 0x0000, 0x0000, 0x0000, 0x0000, 0x0000, 0x0000, 0x0000, 
  0x0000, 0x0000, 0x0000, 0x0000, 0x0000, 0x0000, 0x0000, 0x0000, 0x0000, 0x0000, 0x0000, 0x0000, 
  0x682b, 0x700b, 0x700b, 0x700b, 0x702b, 0x700b, 0x702b, 0x702b, 0x702b, 0x702b, 0x702b, 0x702a, 
  0x702b, 0x702b, 0x702b, 0x702b, 0x702b, 0x702a, 0x702a, 0x702a, 0x702a, 0x702a, 0x702a, 0x702a, 
  0x782b, 0x702b, 0x6048, 0x1802, 0x0000, 0x0000, 0x0000, 0x0000, 0x0000, 0x0000, 0x0000, 0x0000, 
  0x0000, 0x0000, 0x0000, 0x0000, 0x0000, 0x0000, 0x0000, 0x0000, 0x0000, 0x0000, 0x0000, 0x0000, 
  0x0000, 0x0000, 0x1001, 0x5867, 0x784a, 0x782a, 0x782a, 0x782a, 0x782b, 0x786a, 0x4046, 0x1001, 
  0x0000, 0x0020, 0x0000, 0x0000, 0x0000, 0x0000, 0x0000, 0x0000, 0x0000, 0x0000, 0x2965, 0x0861, 
  0x0000, 0x0000, 0x0000, 0x0000, 0x0000, 0x0000, 0x0000, 0x0000, 0x0000, 0x0000, 0x0000, 0x0000, 
  0x0000, 0x0000, 0x0000, 0x0000, 0x0800, 0x1822, 0x2044, 0x1022, 0x0000, 0x0000, 0x0000, 0x0000, 
  0x0000, 0x1001, 0x4067, 0x604a, 0x682b, 0x682a, 0x682a, 0x602a, 0x602a, 0x602a, 0x602a, 0x602a, 
  0x600a, 0x600a, 0x600a, 0x6009, 0x580a, 0x580a, 0x5809, 0x5809, 0x582a, 0x580a, 0x5829, 0x5829, 
  0x582a, 0x582a, 0x5829, 0x5829, 0x5829, 0x5829, 0x5829, 0x5829, 0x5829, 0x5829, 0x5829, 0x5829, 
  0x5829, 0x5829, 0x5829, 0x5829, 0x5829, 0x582a, 0x5829, 0xa393, 0xd61a, 0xd61a, 0xce19, 0xf77e, 
  0xffff, 0xc618, 0xc617, 0xc617, 0xc617, 0xc617, 0xdefb, 0xffff, 0x840f, 0x0000, 0x0000, 0x0000, 
  0x0000, 0xbdf7, 0xffff, 0xd679, 0xc617, 0xc618, 0xc618, 0xe6fc, 0xffff, 0xffff, 0xffff, 0xffff, 
  0xffff, 0xf77e, 0xd61a, 0xce19, 0xc5f8, 0xc618, 0xdefb, 0xffff, 0xffff, 0xffff, 0xffff, 0xffff, 
  0xffff, 0xce79, 0xc617, 0xc617, 0xc617, 0xc617, 0xce79, 0xffff, 0xef7d, 0xc617, 0xc617, 0xc617, 
  0x8410, 0x0000, 0x0000, 0x0000, 0x0000, 0x0000, 0x0000, 0x0000, 0x0000, 0x0000, 0x1823, 0x3046, 
  0x3847, 0x2023, 0x0000, 0x0000, 0x0000, 0x0000, 0x0000, 0x0000, 0x0000, 0x0000, 0x0000, 0x0000, 
  0x0000, 0x0000, 0x0000, 0x0000, 0x0000, 0x0000, 0x0000, 0x0000, 0x0000, 0x0000, 0x0000, 0x0000, 
  0x0000, 0x0000, 0x0000, 0x0000, 0x0000, 0x0000, 0x0000, 0x0000, 0x0000, 0x0000, 0x0000, 0x0000, 
  0x0000, 0x0000, 0x0000, 0x0000, 0x0000, 0x0000, 0x0000, 0x1002, 0x3026, 0x3806, 0x3806, 0x3826, 
  0x2824, 0x0800, 0x0000, 0x0000, 0x0000, 0x0000, 0x0000, 0x0000, 0x0000, 0x0000, 0x0000, 0x0000, 
  0x0000, 0x0000, 0x0000, 0x0000, 0x0000, 0x0000, 0x0000, 0x0000, 0x0000, 0x0000, 0x0000, 0x0000, 
  0x1001, 0x4047, 0x5849, 0x5829, 0x5829, 0x5809, 0x5809, 0x5809, 0x5829, 0x5049, 0x3045, 0x0800, 
  0x0000, 0x0000, 0x0000, 0x0000, 0x0000, 0x0000, 0x0000, 0x0000, 0x0000, 0x0000, 0x0000, 0x0000, 
  0x0000, 0x0000, 0x0000, 0x0000, 0x0000, 0x0000, 0x0000, 0x0000, 0x0000, 0x0000, 0x0000, 0x0000, 
  0x0000, 0x0000, 0x0000, 0x0000, 0x0000, 0x0000, 0x0000, 0x0000, 0x700b, 0x702b, 0x702b, 0x700b, 
  0x702b, 0x700b, 0x700b, 0x702b, 0x702b, 0x702b, 0x702b, 0x702b, 0x702b, 0x702b, 0x702b, 0x702b, 
  0x702b, 0x702b, 0x702b, 0x702b, 0x782a, 0x782a, 0x782b, 0x782b, 0x704a, 0x4846, 0x1001, 0x0000, 
  0x0000, 0x0000, 0x0000, 0x0000, 0x0000, 0x0000, 0x0000, 0x0000, 0x0000, 0x0000, 0x0000, 0x0000, 
  0x0000, 0x0000, 0x0000, 0x0000, 0x0000, 0x0000, 0x0000, 0x0000, 0x0800, 0x2823, 0x6869, 0x782b, 
  0x782a, 0x802a, 0x782a, 0x782b, 0x706a, 0x3044, 0x0800, 0x0000, 0x0000, 0x0000, 0x0000, 0x0000, 
  0x0000, 0x0000, 0x0000, 0x0000, 0x0861, 0x2924, 0x0000, 0x0000, 0x0000, 0x0000, 0x0000, 0x0000, 
  0x0000, 0x0000, 0x0000, 0x0000, 0x0000, 0x0000, 0x0000, 0x0000, 0x0000, 0x0000, 0x0000, 0x0801, 
  0x2044, 0x2043, 0x1001, 0x0000, 0x0000, 0x0000, 0x0000, 0x0000, 0x2023, 0x5869, 0x682b, 0x682a, 
  0x682a, 0x682a, 0x682a, 0x602a, 0x602a, 0x602a, 0x602a, 0x600a, 0x600a, 0x600a, 0x600a, 0x6009, 
  0x580a, 0x580a, 0x5829, 0x5809, 0x582a, 0x582a, 0x582a, 0x5829, 0x582a, 0x582a, 0x5829, 0x5829, 
  0x5829, 0x5829, 0x5829, 0x5829, 0x5829, 0x582a, 0x582a, 0x582a, 0x5829, 0x5829, 0x5829, 0x5829, 
  0x5829, 0x582a, 0x582a, 0x5829, 0x4868, 0x1822, 0x0000, 0x0000, 0x0000, 0x0000, 0x0000, 0x0000, 
  0x0000, 0x0000, 0x0000, 0x0000, 0x0000, 0x0000, 0x0000, 0x0000, 0x0000, 0x0000, 0x0000, 0x0000, 
  0x0000, 0x1822, 0x4848, 0x5009, 0x5009, 0x5009, 0x5009, 0x5009, 0x4829, 0x3847, 0x1002, 0x0000, 
  0x0000, 0x0000, 0x0000, 0x0000, 0x0000, 0x0000, 0x0000, 0x0000, 0x0000, 0x0000, 0x0000, 0x0000, 
  0x0000, 0x0000, 0x0000, 0x0000, 0x0000, 0x0000, 0x0000, 0x0000, 0x0000, 0x0000, 0x0000, 0x0000, 
  0x0000, 0x0000, 0x0000, 0x0000, 0x0800, 0x2044, 0x3046, 0x3846, 0x1823, 0x0000, 0x0000, 0x0000, 
  0x0000, 0x0000, 0x0000, 0x0000, 0x0000, 0x0000, 0x0000, 0x0000, 0x0000, 0x0000, 0x0000, 0x0000, 
  0x0000, 0x0000, 0x0000, 0x0000, 0x0000, 0x0000, 0x0000, 0x0000, 0x0000, 0x0000, 0x0000, 0x0000, 
  0x0000, 0x0000, 0x0000, 0x0000, 0x0000, 0x0000, 0x0000, 0x0000, 0x0000, 0x0000, 0x0000, 0x0000, 
  0x0000, 0x0000, 0x1823, 0x3826, 0x3806, 0x3806, 0x3827, 0x2023, 0x0000, 0x0000, 0x0000, 0x0000, 
  0x0000, 0x0000, 0x0000, 0x0000, 0x0000, 0x0000, 0x0000, 0x0000, 0x0000, 0x0000, 0x0000, 0x0000, 
  0x0000, 0x0000, 0x0000, 0x0000, 0x0000, 0x0000, 0x0000, 0x1822, 0x4848, 0x5829, 0x5829, 0x5829, 
  0x5829, 0x5829, 0x5829, 0x5809, 0x5049, 0x2824, 0x0000, 0x0000, 0x0000, 0x0000, 0x0000, 0x0000, 
  0x0000, 0x0000, 0x0000, 0x0000, 0x0000, 0x0000, 0x0000, 0x0000, 0x0000, 0x0000, 0x0000, 0x0000, 
  0x0000, 0x0000, 0x0000, 0x0000, 0x0000, 0x0000, 0x0000, 0x0000, 0x0000, 0x0000, 0x0000, 0x0000, 
  0x0000, 0x0000, 0x0000, 0x0000, 0x702b, 0x700b, 0x702c, 0x702c, 0x702c, 0x702b, 0x702b, 0x702b, 
  0x702b, 0x702b, 0x702b, 0x702b, 0x702b, 0x702b, 0x702b, 0x782b, 0x782b, 0x782b, 0x782b, 0x782b, 
  0x782b, 0x782b, 0x782b, 0x704a, 0x4046, 0x0800, 0x0000, 0x0000, 0x0000, 0x0000, 0x0000, 0x0000, 
  0x0000, 0x0000, 0x0000, 0x0000, 0x0000, 0x0000, 0x0000, 0x0000, 0x0000, 0x0000, 0x0000, 0x0000, 
  0x0000, 0x0000, 0x0000, 0x1001, 0x5066, 0x786b, 0x802b, 0x802b, 0x782a, 0x784a, 0x804b, 0x6869, 
  0x2023, 0x0000, 0x0000, 0x0000, 0x0000, 0x0000, 0x0000, 0x0000, 0x0000, 0x0000, 0x0000, 0x10a2, 
  0x18c2, 0x0000, 0x0000, 0x0000, 0x0000, 0x0000, 0x0000, 0x0000, 0x0000, 0x0000, 0x0000, 0x0000, 
  0x0000, 0x0000, 0x0000, 0x0000, 0x0000, 0x0000, 0x1021, 0x2044, 0x1823, 0x0801, 0x0000, 0x0000, 
  0x0000, 0x0000, 0x0800, 0x3045, 0x604a, 0x682b, 0x682b, 0x682a, 0x682a, 0x682a, 0x602a, 0x602a, 
  0x602a, 0x602a, 0x602a, 0x600a, 0x600a, 0x600a, 0x600a, 0x602a, 0x602a, 0x580a, 0x580a, 0x580a, 
  0x580a, 0x580a, 0x580a, 0x580a, 0x582a, 0x5829, 0x5829, 0x5829, 0x5829, 0x5829, 0x5829, 0x5829, 
  0x5829, 0x582a, 0x582a, 0x582a, 0x582a, 0x582a, 0x582a, 0x582a, 0x5829, 0x582a, 0x5049, 0x3846, 
  0x0800, 0x0000, 0x0000, 0x0000, 0x0000, 0x0000, 0x0000, 0x0000, 0x0000, 0x0000, 0x0000, 0x0000, 
  0x0000, 0x0000, 0x0000, 0x0000, 0x0000, 0x0000, 0x0000, 0x0800, 0x2844, 0x5049, 0x500a, 0x5009, 
  0x5009, 0x5009, 0x5009, 0x4809, 0x3846, 0x0801, 0x0000, 0x0000, 0x0000, 0x0000, 0x0000, 0x0000, 
  0x0000, 0x0000, 0x0000, 0x0000, 0x0000, 0x0000, 0x0000, 0x0000, 0x0000, 0x0000, 0x0000, 0x0000, 
  0x0000, 0x0000, 0x0000, 0x0000, 0x0000, 0x0000, 0x0000, 0x0000, 0x0000, 0x0020, 0x0000, 0x1021, 
  0x2845, 0x3847, 0x3045, 0x1001, 0x0000, 0x0000, 0x0000, 0x0000, 0x0000, 0x0000, 0x0000, 0x0000, 
  0x0000, 0x0000, 0x0000, 0x0000, 0x0000, 0x0000, 0x0000, 0x0000, 0x0000, 0x0000, 0x0000, 0x0000, 
  0x0000, 0x0000, 0x0000, 0x0000, 0x0000, 0x0000, 0x0000, 0x0000, 0x0000, 0x0000, 0x0000, 0x0000, 
  0x0000, 0x0000, 0x0000, 0x0000, 0x0000, 0x0000, 0x0000, 0x0000, 0x0800, 0x2024, 0x3846, 0x4027, 
  0x3826, 0x3026, 0x1822, 0x0000, 0x0000, 0x0000, 0x0000, 0x0000, 0x0000, 0x0000, 0x0000, 0x0000, 
  0x0000, 0x0000, 0x0000, 0x0000, 0x0000, 0x0000, 0x0000, 0x0000, 0x0000, 0x0000, 0x0000, 0x0000, 
  0x0000, 0x0800, 0x2843, 0x5069, 0x582a, 0x5829, 0x5829, 0x5829, 0x5829, 0x5829, 0x5029, 0x5048, 
  0x2023, 0x0000, 0x0000, 0x0000, 0x0000, 0x0000, 0x0000, 0x0000, 0x0000, 0x0000, 0x0000, 0x0000, 
  0x0000, 0x0000, 0x0000, 0x0000, 0x0000, 0x0000, 0x0000, 0x0000, 0x0000, 0x0000, 0x0000, 0x0000, 
  0x0000, 0x0000, 0x0000, 0x0000, 0x0000, 0x0000, 0x0000, 0x0000, 0x0000, 0x0000, 0x0000, 0x0000, 
  0x702b, 0x702c, 0x702b, 0x702b, 0x702b, 0x702b, 0x702b, 0x702b, 0x702b, 0x702b, 0x702b, 0x702b, 
  0x702b, 0x782b, 0x782b, 0x782b, 0x782b, 0x782b, 0x782b, 0x782b, 0x782b, 0x782b, 0x704a, 0x3044, 
  0x0800, 0x0000, 0x0000, 0x0000, 0x0000, 0x0000, 0x0000, 0x0000, 0x0000, 0x0000, 0x0000, 0x0000, 
  0x0000, 0x0000, 0x0000, 0x0000, 0x0000, 0x0000, 0x0000, 0x0000, 0x0000, 0x0800, 0x2822, 0x708a, 
  0x804b, 0x802b, 0x782a, 0x802a, 0x802a, 0x784a, 0x5888, 0x1801, 0x0000, 0x0000, 0x0000, 0x0000, 
  0x0000, 0x0000, 0x0000, 0x0000, 0x0000, 0x0000, 0x1082, 0x0841, 0x0000, 0x0000, 0x0000, 0x0000, 
  0x0000, 0x0000, 0x0000, 0x0000, 0x0000, 0x0000, 0x0000, 0x0000, 0x0000, 0x0000, 0x0000, 0x0000, 
  0x0000, 0x1022, 0x2044, 0x1823, 0x0000, 0x0000, 0x0000, 0x0000, 0x0000, 0x0821, 0x4867, 0x684b, 
  0x684a, 0x682b, 0x682a, 0x682a, 0x682a, 0x682a, 0x602a, 0x602a, 0x602a, 0x602a, 0x602a, 0x602a, 
  0x602a, 0x602a, 0x600a, 0x5809, 0x582a, 0x580a, 0x580a, 0x580a, 0x580a, 0x580a, 0x580a, 0x580a, 
  0x5809, 0x5829, 0x5829, 0x5829, 0x5829, 0x5829, 0x5829, 0x5829, 0x5829, 0x582a, 0x582a, 0x582a, 
  0x582a, 0x582a, 0x582a, 0x582a, 0x582a, 0x5049, 0x3044, 0x0000, 0x0000, 0x0000, 0x0000, 0x0000, 
  0x0000, 0x0000, 0x0000, 0x0000, 0x0000, 0x0000, 0x0000, 0x0000, 0x0000, 0x0000, 0x0000, 0x0000, 
  0x0000, 0x0000, 0x1001, 0x3846, 0x502a, 0x500a, 0x5009, 0x5009, 0x5009, 0x5009, 0x4829, 0x3046, 
  0x0800, 0x0000, 0x0000, 0x0000, 0x0000, 0x0000, 0x0000, 0x0000, 0x0000, 0x0000, 0x0000, 0x0000, 
  0x0000, 0x0000, 0x0000, 0x0000, 0x0000, 0x0000, 0x0000, 0x0000, 0x0000, 0x0000, 0x0000, 0x0000, 
  0x0000, 0x0000, 0x0000, 0x0000, 0x0000, 0x0800, 0x1822, 0x3866, 0x3847, 0x2845, 0x0801, 0x0000, 
  0x0000, 0x0000, 0x0000, 0x0000, 0x0000, 0x0000, 0x0000, 0x0000, 0x0000, 0x0000, 0x0000, 0x0000, 
  0x0000, 0x0000, 0x0000, 0x0000, 0x0000, 0x0000, 0x0000, 0x0000, 0x0000, 0x0000, 0x0000, 0x0000, 
  0x0000, 0x0000, 0x0000, 0x0000, 0x0000, 0x0000, 0x0000, 0x0000, 0x0000, 0x0000, 0x0000, 0x0000, 
  0x0000, 0x0000, 0x0000, 0x0801, 0x2845, 0x3847, 0x3827, 0x3827, 0x3026, 0x1001, 0x0000, 0x0000, 
  0x0000, 0x0000, 0x0000, 0x0000, 0x0000, 0x0000, 0x0000, 0x0000, 0x0000, 0x0000, 0x0000, 0x0000, 
  0x0000, 0x0000, 0x0000, 0x0000, 0x0000, 0x0000, 0x0000, 0x0000, 0x0000, 0x3045, 0x5049, 0x5029, 
  0x5829, 0x5829, 0x5829, 0x5829, 0x5829, 0x5029, 0x4848, 0x1002, 0x0000, 0x0000, 0x0000, 0x0000, 
  0x0000, 0x0000, 0x0000, 0x0000, 0x0000, 0x0000, 0x0000, 0x0000, 0x0000, 0x0000, 0x0000, 0x0000, 
  0x0000, 0x0000, 0x0000, 0x0000, 0x0000, 0x0000, 0x0000, 0x0000, 0x0000, 0x0000, 0x0000, 0x0000, 
  0x0000, 0x0000, 0x0000, 0x0000, 0x0000, 0x0000, 0x0000, 0x0000, 0x702c, 0x702c, 0x702b, 0x702b, 
  0x702b, 0x702b, 0x702b, 0x702b, 0x702b, 0x702b, 0x702b, 0x782b, 0x784b, 0x782b, 0x782b, 0x784b, 
  0x782b, 0x784b, 0x782b, 0x782b, 0x784b, 0x686a, 0x2023, 0x0000, 0x0000, 0x0000, 0x0000, 0x0000, 
  0x0000, 0x0000, 0x0000, 0x0000, 0x0000, 0x0000, 0x0000, 0x0000, 0x0000, 0x0000, 0x0000, 0x0000, 
  0x0000, 0x0000, 0x0000, 0x0000, 0x0800, 0x4066, 0x806b, 0x802c, 0x802b, 0x802b, 0x804b, 0x784a, 
  0x786b, 0x5067, 0x1001, 0x0000, 0x0020, 0x0000, 0x0000, 0x0000, 0x0000, 0x0000, 0x0000, 0x0000, 
  0x0000, 0x0840, 0x0020, 0x0000, 0x0000, 0x0000, 0x0000, 0x0000, 0x0000, 0x0000, 0x0000, 0x0000, 
  0x0000, 0x0000, 0x0000, 0x0000, 0x0000, 0x0000, 0x0000, 0x0000, 0x1823, 0x2044, 0x1022, 0x0000, 
  0x0000, 0x0000, 0x0000, 0x0000, 0x1822, 0x5069, 0x684b, 0x682b, 0x682b, 0x682b, 0x682a, 0x682a, 
  0x682a, 0x682a, 0x602a, 0x602a, 0x602a, 0x602a, 0x602a, 0x602a, 0x602a, 0x602a, 0x602a, 0x6029, 
  0x582a, 0x582a, 0x580a, 0x580a, 0x580a, 0x580a, 0x580a, 0x580a, 0x5809, 0x5809, 0x5809, 0x5829, 
  0x5829, 0x5829, 0x5809, 0x5829, 0x5829, 0x582a, 0x582a, 0x582a, 0x582a, 0x582a, 0x582a, 0x582a, 
  0x5048, 0x2002, 0x0000, 0x0000, 0x0000, 0x0000, 0x0000, 0x0000, 0x0000, 0x0000, 0x0000, 0x0000, 
  0x0000, 0x0000, 0x0000, 0x0000, 0x0000, 0x0000, 0x0000, 0x0000, 0x0000, 0x1823, 0x4848, 0x5029, 
  0x5009, 0x5809, 0x580a, 0x5009, 0x5009, 0x4829, 0x2825, 0x0800, 0x0000, 0x0000, 0x0000, 0x0000, 
  0x0000, 0x0000, 0x0000, 0x0000, 0x0000, 0x0000, 0x0000, 0x0000, 0x0000, 0x0000, 0x0000, 0x0000, 
  0x0000, 0x0000, 0x0000, 0x0000, 0x0000, 0x0000, 0x0000, 0x0000, 0x0000, 0x0000, 0x0000, 0x0000, 
  0x0800, 0x2023, 0x3846, 0x3846, 0x2844, 0x0800, 0x0000, 0x0000, 0x0000, 0x0000, 0x0000, 0x0000, 
  0x0000, 0x0000, 0x0000, 0x0000, 0x0000, 0x0000, 0x0000, 0x0000, 0x0000, 0x0000, 0x0000, 0x0000, 
  0x0000, 0x0000, 0x0000, 0x0000, 0x0000, 0x0000, 0x0000, 0x0000, 0x0000, 0x0000, 0x0000, 0x0000, 
  0x0000, 0x0000, 0x0000, 0x0000, 0x0000, 0x0000, 0x0000, 0x0000, 0x0000, 0x0000, 0x1021, 0x3066, 
  0x3847, 0x3827, 0x3827, 0x2845, 0x0801, 0x0020, 0x0000, 0x0000, 0x0000, 0x0000, 0x0000, 0x0000, 
  0x0000, 0x0000, 0x0000, 0x0000, 0x0000, 0x630b, 0x630b, 0x0000, 0x0000, 0x0000, 0x0000, 0x0000, 
  0x0000, 0x0000, 0x0000, 0x0801, 0x4067, 0x5029, 0x5029, 0x5029, 0x5829, 0x5829, 0x5829, 0x5809, 
  0x5029, 0x4047, 0x1002, 0x0000, 0x0000, 0x0000, 0x630b, 0x630b, 0x0000, 0xb595, 0x840f, 0x0000, 
  0x0000, 0x0000, 0x0000, 0x0000, 0x0000, 0x0000, 0x0000, 0x0000, 0x0000, 0x0000, 0x0000, 0x0000, 
  0x0000, 0x0000, 0x0000, 0x0000, 0x0000, 0x0000, 0x0000, 0x0000, 0x0000, 0x0000, 0x0000, 0x0000, 
  0x0000, 0x0000, 0x0000, 0x0000, 0x702c, 0x702b, 0x702b, 0x702b, 0x702b, 0x702b, 0x702b, 0x702b, 
  0x702b, 0x782b, 0x782b, 0x784b, 0x784b, 0x784b, 0x782b, 0x782b, 0x782b, 0x782b, 0x782b, 0x782b, 
  0x6069, 0x1802, 0x0000, 0x0000, 0x0000, 0x0000, 0x0000, 0x0000, 0x0000, 0x0000, 0x0000, 0x0000, 
  0x0000, 0x0000, 0x0000, 0x0000, 0x0000, 0x0000, 0x0000, 0x0000, 0x0000, 0x0000, 0x0000, 0x2022, 
  0x6068, 0x804b, 0x882b, 0x802b, 0x804b, 0x802b, 0x804b, 0x786b, 0x4046, 0x0800, 0x0000, 0x0000, 
  0x0000, 0x0000, 0x0000, 0x0000, 0x0000, 0x0000, 0x0000, 0x0000, 0x0020, 0x0000, 0x0000, 0x0000, 
  0x0000, 0x0000, 0x0000, 0x0000, 0x0000, 0x0000, 0x0000, 0x0000, 0x0000, 0x0000, 0x0000, 0x0000, 
  0x0000, 0x0000, 0x0800, 0x1823, 0x2024, 0x0801, 0x0000, 0x0000, 0x0000, 0x0000, 0x0800, 0x3046, 
  0x604b, 0x602b, 0x682a, 0x682b, 0x682b, 0x682b, 0x682b, 0x682b, 0x682b, 0x682b, 0x602a, 0x602a, 
  0x602a, 0x602a, 0x602a, 0x602a, 0x602a, 0x602a, 0x602a, 0x6029, 0x582a, 0x582a, 0x582a, 0x580a, 
  0x582a, 0x580a, 0x580a, 0x5809, 0x582a, 0x580a, 0x5809, 0x5809, 0x5809, 0x5809, 0x5809, 0x580a, 
  0x582a, 0x602a, 0x582a, 0x582a, 0x582a, 0x582a, 0x582a, 0x4848, 0x1802, 0x0000, 0x0000, 0x0000, 
  0x0000, 0x0000, 0x0000, 0x0000, 0x0000, 0x0000, 0x0000, 0x0000, 0x0000, 0x0000, 0x0000, 0x0000, 
  0x0000, 0x0000, 0x0000, 0x0800, 0x3044, 0x5029, 0x5029, 0x5829, 0x5829, 0x5029, 0x5029, 0x5029, 
  0x4829, 0x2024, 0x0800, 0x0000, 0x0000, 0x0000, 0x0000, 0x0000, 0x0000, 0x0000, 0x0000, 0x0000, 
  0x0000, 0x0000, 0x0000, 0x0000, 0x0000, 0x0000, 0x0000, 0x0000, 0x0000, 0x0000, 0x0000, 0x0000, 
  0x0000, 0x0000, 0x0000, 0x0000, 0x0000, 0x0000, 0x0000, 0x0801, 0x2844, 0x3046, 0x3046, 0x1823, 
  0x0000, 0x0000, 0x0000, 0x0000, 0x0000, 0x0000, 0x0000, 0x0000, 0x0000, 0x0000, 0x0000, 0x0000, 
  0x0000, 0x0000, 0x0000, 0x0000, 0x0000, 0x0000, 0x0000, 0x0000, 0x0000, 0x0000, 0x0000, 0x0000, 
  0x0000, 0x0000, 0x0000, 0x0000, 0x0000, 0x0000, 0x0000, 0x0000, 0x0000, 0x0000, 0x0000, 0x0000, 
  0x0000, 0x0000, 0x0000, 0x0000, 0x0000, 0x1822, 0x3066, 0x3846, 0x3827, 0x3846, 0x2024, 0x0800, 
  0x0000, 0x0000, 0x0000, 0x0000, 0x0000, 0x0000, 0x0000, 0x0000, 0x0000, 0x0000, 0x0000, 0x0000, 
  0x0000, 0x840f, 0x840f, 0x0000, 0x0000, 0x0000, 0x0000, 0x0000, 0x0000, 0x0000, 0x1021, 0x4047, 
  0x5029, 0x5829, 0x5829, 0x5029, 0x5029, 0x5829, 0x5029, 0x5029, 0x4047, 0x1001, 0x0000, 0x0000, 
  0x0000, 0x0000, 0x840f, 0x840f, 0x0000, 0x2104, 0x2104, 0x0000, 0x0000, 0x0000, 0x0000, 0x0000, 
  0x0000, 0x0000, 0x0000, 0x0000, 0x0000, 0x0000, 0x0000, 0x0000, 0x0000, 0x0000, 0x0000, 0x0000, 
  0x0000, 0x0000, 0x0000, 0x0000, 0x0000, 0x0000, 0x0000, 0x0000, 0x0000, 0x0000, 0x0000, 0x1823, 
  0x702b, 0x702b, 0x782c, 0x782b, 0x782c, 0x784b, 0x784b, 0x784b, 0x782b, 0x782b, 0x784b, 0x784b, 
  0x784b, 0x784b, 0x784b, 0x782b, 0x782b, 0x784b, 0x784b, 0x5067, 0x1000, 0x0000, 0x0000, 0x0000, 
  0x0000, 0x0000, 0x0000, 0x0000, 0x0000, 0x0000, 0x0000, 0x0000, 0x0000, 0x0000, 0x0000, 0x0000, 
  0x0000, 0x0000, 0x0000, 0x0000, 0x0000, 0x0800, 0x3023, 0x786a, 0x882b, 0x802b, 0x882b, 0x802b, 
  0x804b, 0x804b, 0x708a, 0x3044, 0x0800, 0x0000, 0x0020, 0x0000, 0x0000, 0x0000, 0x0000, 0x0000, 
  0x0000, 0x0000, 0x0000, 0x0000, 0x0000, 0x0000, 0x0000, 0x0000, 0x0000, 0x0000, 0x0000, 0x0000, 
  0x0000, 0x0000, 0x0000, 0x0000, 0x0000, 0x0000, 0x0000, 0x0000, 0x0000, 0x1001, 0x1803, 0x1823, 
  0x0800, 0x0000, 0x0000, 0x0000, 0x0000, 0x0821, 0x4067, 0x604b, 0x682b, 0x682b, 0x682b, 0x682a, 
  0x682b, 0x682b, 0x682a, 0x682a, 0x682a, 0x682a, 0x602a, 0x602a, 0x602a, 0x602a, 0x602a, 0x602a, 
  0x602a, 0x602a, 0x602a, 0x602a, 0x6029, 0x602a, 0x602a, 0x602a, 0x582a, 0x580a, 0x580a, 0x5809, 
  0x580a, 0x600a, 0x602a, 0x600a, 0x580a, 0x580a, 0x580a, 0x600a, 0x602a, 0x582a, 0x602a, 0x582a, 
  0x582a, 0x5829, 0x4046, 0x0800, 0x0000, 0x0000, 0x0000, 0x0000, 0x0000, 0x0000, 0x0000, 0x0000, 
  0x0000, 0x0000, 0x0000, 0x0000, 0x0000, 0x0000, 0x0000, 0x0000, 0x0000, 0x0000, 0x1021, 0x3846, 
  0x5029, 0x5809, 0x5809, 0x5829, 0x5029, 0x5009, 0x5029, 0x4849, 0x2024, 0x0000, 0x0000, 0x0000, 
  0x0000, 0x0000, 0x0000, 0x0000, 0x0000, 0x0000, 0x0000, 0x0000, 0x0000, 0x0000, 0x0000, 0x0000, 
  0x0000, 0x0000, 0x0000, 0x0000, 0x0000, 0x0000, 0x0000, 0x0000, 0x0000, 0x0000, 0x0000, 0x0000, 
  0x0000, 0x0000, 0x1001, 0x2845, 0x3046, 0x2845, 0x1002, 0x0000, 0x0000, 0x0000, 0x0000, 0x0000, 
  0x0000, 0x0000, 0x0000, 0x0000, 0x0000, 0x0000, 0x0000, 0x0000, 0x0000, 0x0000, 0x0000, 0x0000, 
  0x0000, 0x0000, 0x0000, 0x0000, 0x0000, 0x0000, 0x0000, 0x0000, 0x0000, 0x0000, 0x0000, 0x0000, 
  0x0000, 0x0000, 0x0000, 0x0000, 0x0000, 0x0000, 0x0000, 0x0000, 0x0000, 0x0000, 0x0000, 0x0800, 
  0x1823, 0x3846, 0x3826, 0x3826, 0x3846, 0x2023, 0x0000, 0x0000, 0x0000, 0x0000, 0x0000, 0x0000, 
  0x0000, 0x0000, 0x0000, 0x0000, 0x0000, 0x0000, 0x0000, 0x0000, 0x0000, 0x840f, 0x840f, 0x0000, 
  0x0000, 0x0000, 0x0000, 0x0000, 0x0000, 0x630c, 0xb516, 0xb495, 0x690b, 0x5029, 0x5029, 0x5029, 
  0xa393, 0xc517, 0xb496, 0x5129, 0x0800, 0x0000, 0x1082, 0x738e, 0xa513, 0x630b, 0x840f, 0x840f, 
  0x0000, 0x528a, 0x4208, 0x0000, 0x630c, 0x3186, 0x8410, 0xa513, 0x630b, 0x0000, 0x0000, 0x0000, 
  0x4208, 0xa513, 0x9491, 0x3186, 0x630b, 0x0000, 0x0000, 0x0000, 0x0000, 0x0000, 0x0000, 0x0000, 
  0x0000, 0x0000, 0x0000, 0x0000, 0x0000, 0x0801, 0x1823, 0x2804, 0x782b, 0x782b, 0x782c, 0x784b, 
  0x784b, 0x784b, 0x784b, 0x784b, 0x784b, 0x784b, 0x784b, 0x784b, 0x784b, 0x784b, 0x782b, 0x782b, 
  0x802c, 0x786b, 0x4846, 0x1001, 0x0000, 0x0000, 0x0000, 0x0000, 0x0000, 0x0000, 0x0000, 0x0000, 
  0x0000, 0x0000, 0x0000, 0x0000, 0x0000, 0x0000, 0x0000, 0x0000, 0x0000, 0x0000, 0x0000, 0x0000, 
  0x1000, 0x4866, 0x802c, 0x882b, 0x880b, 0x882b, 0x882b, 0x802b, 0x804b, 0x708a, 0x2002, 0x0000, 
  0x0000, 0x0000, 0x0000, 0x0000, 0x0000, 0x0000, 0x0000, 0x0000, 0x0000, 0x0000, 0x0000, 0x0000, 
  0x0000, 0x0000, 0x0000, 0x0000, 0x0000, 0x0000, 0x0000, 0x0000, 0x0000, 0x0000, 0x0000, 0x0000, 
  0x0000, 0x0000, 0x0000, 0x0800, 0x1802, 0x2003, 0x1022, 0x0000, 0x0000, 0x0000, 0x0000, 0x0000, 
  0x2023, 0x5069, 0x682b, 0x682b, 0x682b, 0x682b, 0x682b, 0x682a, 0x682a, 0x682b, 0x682b, 0x682a, 
  0x682a, 0x602a, 0x602a, 0x602a, 0x602a, 0x602a, 0x602a, 0x602a, 0x602a, 0x602a, 0x602a, 0x602a, 
  0x602a, 0x602a, 0x602a, 0x602a, 0x602a, 0x600a, 0x602a, 0x602a, 0x602a, 0x600a, 0x602a, 0x600a, 
  0x580a, 0x580a, 0x600a, 0x582a, 0x602a, 0x602a, 0x602a, 0x582a, 0x5849, 0x3045, 0x0800, 0x0000, 
  0x0000, 0x0000, 0x0000, 0x0000, 0x0000, 0x0000, 0x0000, 0x0000, 0x0000, 0x0000, 0x0000, 0x0000, 
  0x0000, 0x0000, 0x0000, 0x0000, 0x0000, 0x1822, 0x4848, 0x5009, 0x5829, 0x5809, 0x5829, 0x5829, 
  0x5029, 0x5009, 0x4848, 0x1823, 0x0000, 0x0000, 0x0000, 0x0000, 0x0000, 0x0000, 0x0000, 0x0000, 
  0x0000, 0x0000, 0x0000, 0x0000, 0x0000, 0x0000, 0x0000, 0x0000, 0x0000, 0x0000, 0x0000, 0x0000, 
  0x0000, 0x0000, 0x0000, 0x0000, 0x0000, 0x0000, 0x0000, 0x0000, 0x0000, 0x1022, 0x3045, 0x3046, 
  0x2844, 0x0801, 0x0000, 0x0000, 0x0000, 0x0000, 0x0000, 0x0000, 0x0000, 0x0000, 0x0000, 0x0000, 
  0x0000, 0x0000, 0x0000, 0x0000, 0x0000, 0x0000, 0x0000, 0x0000, 0x0000, 0x0000, 0x0000, 0x0000, 
  0x0000, 0x0000, 0x0000, 0x0000, 0x0000, 0x0000, 0x0000, 0x0000, 0x0000, 0x0000, 0x0000, 0x0000, 
  0x0000, 0x0000, 0x0000, 0x0000, 0x0000, 0x0000, 0x0800, 0x2044, 0x3846, 0x3846, 0x3826, 0x3066, 
  0x1822, 0x0000, 0x0000, 0x0000, 0x0000, 0x0000, 0x0000, 0x0000, 0x0000, 0x0000, 0x0000, 0x0000, 
  0x0000, 0x0000, 0x0000, 0x0000, 0x0000, 0x840f, 0x840f, 0x0000, 0x0000, 0x0000, 0x0000, 0x0800, 
  0x9492, 0xd5fa, 0x8a90, 0x9b92, 0xeefd, 0x60aa, 0x5028, 0xbd17, 0xcd98, 0x82af, 0x8b90, 0xdefb, 
  0x0000, 0x0000, 0xa514, 0x9471, 0x528a, 0x8c71, 0xdefb, 0x840f, 0x0000, 0xa513, 0x840f, 0x0000, 
  0xc617, 0xbdf7, 0x630b, 0x630c, 0xef7d, 0x4208, 0x0000, 0x630c, 0xdefb, 0x5289, 0x630c, 0xe71b, 
  0xbdf7, 0x0000, 0x0000, 0x0000, 0x0000, 0x0000, 0x0000, 0x0000, 0x0000, 0x0000, 0x0000, 0x0000, 
  0x0801, 0x2024, 0x2805, 0x2804, 0x782b, 0x782b, 0x784b, 0x784c, 0x784c, 0x784c, 0x784c, 0x784b, 
  0x784b, 0x782b, 0x784b, 0x784b, 0x784b, 0x802b, 0x784b, 0x802c, 0x786b, 0x3024, 0x0800, 0x0000, 
  0x0000, 0x0000, 0x0000, 0x0000, 0x0000, 0x0000, 0x0000, 0x0000, 0x0000, 0x0000, 0x0000, 0x0000, 
  0x0000, 0x0000, 0x0000, 0x0000, 0x0000, 0x0000, 0x0000, 0x2022, 0x688a, 0x884c, 0x880c, 0x882b, 
  0x882b, 0x882b, 0x882b, 0x804c, 0x6089, 0x1802, 0x0000, 0x0000, 0x0000, 0x0000, 0x0000, 0x0000, 
  0x0000, 0x0000, 0x0000, 0x0000, 0x0000, 0x0000, 0x0000, 0x0000, 0x0000, 0x0000, 0x0000, 0x0000, 
  0x0000, 0x0000, 0x0000, 0x0000, 0x0000, 0x0000, 0x0000, 0x0000, 0x0000, 0x0000, 0x0800, 0x1803, 
  0x1803, 0x1002, 0x0000, 0x0000, 0x0000, 0x0000, 0x0800, 0x2844, 0x604a, 0x682b, 0x682b, 0x682b, 
  0x682b, 0x682a, 0x682a, 0x682a, 0x682a, 0x682a, 0x602a, 0x682a, 0x602a, 0x602a, 0x602a, 0x602a, 
  0x602a, 0x602a, 0x602a, 0x602a, 0x602a, 0x602a, 0x602a, 0x602a, 0x602a, 0x6029, 0x6029, 0x6029, 
  0x6029, 0x6029, 0x6029, 0x602a, 0x602a, 0x602a, 0x602a, 0x602a, 0x602a, 0x602a, 0x602a, 0x582a, 
  0x602a, 0x602a, 0x602a, 0x5049, 0x2023, 0x0000, 0x0000, 0x0000, 0x0000, 0x0000, 0x0000, 0x0000, 
  0x0000, 0x0000, 0x0000, 0x0000, 0x0000, 0x0000, 0x0000, 0x0000, 0x0000, 0x0000, 0x0000, 0x0800, 
  0x2844, 0x4848, 0x5029, 0x5829, 0x5829, 0x5829, 0x5829, 0x5809, 0x5029, 0x4848, 0x1022, 0x0000, 
  0x0000, 0x0000, 0x0000, 0x0000, 0x0000, 0x0000, 0x0000, 0x0000, 0x0000, 0x0000, 0x0000, 0x0000, 
  0x0000, 0x0000, 0x0000, 0x0000, 0x0000, 0x0000, 0x0000, 0x0000, 0x0000, 0x0000, 0x0000, 0x0000, 
  0x0000, 0x0000, 0x0000, 0x0800, 0x1823, 0x3046, 0x3046, 0x2024, 0x0800, 0x0000, 0x0000, 0x0000, 
  0x0000, 0x0000, 0x0000, 0x0000, 0x0000, 0x0000, 0x0000, 0x0000, 0x0000, 0x0000, 0x0000, 0x0000, 
  0x0000, 0x0000, 0x0000, 0x0000, 0x0000, 0x0000, 0x0000, 0x0000, 0x0000, 0x0000, 0x0000, 0x0000, 
  0x0000, 0x0000, 0x0000, 0x0000, 0x0000, 0x0000, 0x0000, 0x0000, 0x0000, 0x0000, 0x0000, 0x0000, 
  0x0000, 0x0801, 0x2845, 0x3846, 0x3826, 0x3826, 0x3046, 0x1001, 0x0000, 0x0000, 0x0000, 0x0000, 
  0x0000, 0x0000, 0x0000, 0x0000, 0x0000, 0x0000, 0x0000, 0x0000, 0x0000, 0x0000, 0x0000, 0x0000, 
  0x0000, 0x840f, 0x840f, 0x0000, 0x0000, 0x0000, 0x0800, 0x38c6, 0xf77e, 0x690b, 0x5028, 0x5028, 
  0xb495, 0xac14, 0x5028, 0x692b, 0x4848, 0x2023, 0x0000, 0xe71c, 0x2103, 0x3186, 0xdefb, 0x0000, 
  0x0000, 0x0000, 0xbdf7, 0x840f, 0x0000, 0xa513, 0x840f, 0x0000, 0xc617, 0x630b, 0x0000, 0x0000, 
  0x9491, 0x738d, 0x0000, 0xce79, 0x3186, 0x0000, 0x0000, 0x738d, 0xbdf7, 0x0000, 0x0000, 0x0000, 
  0x0000, 0x0000, 0x0000, 0x0000, 0x0000, 0x0000, 0x0000, 0x1022, 0x2024, 0x2804, 0x2804, 0x2804, 
  0x782b, 0x784b, 0x784c, 0x784c, 0x784c, 0x784c, 0x784c, 0x784c, 0x784c, 0x784c, 0x784c, 0x804c, 
  0x804b, 0x802c, 0x784c, 0x706a, 0x2823, 0x0000, 0x0000, 0x0000, 0x0000, 0x0000, 0x0000, 0x0000, 
  0x0000, 0x0000, 0x0000, 0x0000, 0x0000, 0x0000, 0x0000, 0x0000, 0x0000, 0x0000, 0x0000, 0x0000, 
  0x0000, 0x0800, 0x3844, 0x788c, 0x882d, 0x882c, 0x880c, 0x882b, 0x882b, 0x882b, 0x804c, 0x5868, 
  0x1001, 0x0000, 0x0000, 0x0000, 0x0000, 0x0000, 0x0000, 0x0000, 0x0000, 0x0000, 0x0000, 0x0000, 
  0x0000, 0x0000, 0x0000, 0x0000, 0x0000, 0x0000, 0x0000, 0x0000, 0x0000, 0x0000, 0x0000, 0x0000, 
  0x0000, 0x0000, 0x0000, 0x0000, 0x0000, 0x0801, 0x1803, 0x1803, 0x0801, 0x0000, 0x0000, 0x0000, 
  0x0000, 0x0821, 0x3846, 0x604b, 0x682b, 0x680b, 0x682b, 0x682b, 0x682a, 0x682a, 0x682a, 0x682a, 
  0x682a, 0x602a, 0x602a, 0x602a, 0x602a, 0x602a, 0x602a, 0x602a, 0x602a, 0x602a, 0x602a, 0x602a, 
  0x602a, 0x602a, 0x602a, 0x602a, 0x602a, 0x600a, 0x6029, 0x6029, 0x6029, 0x6029, 0x6029, 0x6029, 
  0x602a, 0x602a, 0x602a, 0x602a, 0x602a, 0x602a, 0x602a, 0x602a, 0x602a, 0x582a, 0x5048, 0x1822, 
  0x0000, 0x0000, 0x0000, 0x0000, 0x0000, 0x0000, 0x0000, 0x0000, 0x0000, 0x0000, 0x0000, 0x0000, 
  0x0000, 0x0000, 0x0000, 0x0000, 0x0000, 0x0000, 0x0821, 0x3846, 0x5029, 0x5829, 0x5829, 0x5829, 
  0x5829, 0x5829, 0x582a, 0x582a, 0x4047, 0x1001, 0x0000, 0x0000, 0x0000, 0x0000, 0x0000, 0x0000, 
  0x0000, 0x0000, 0x0000, 0x0000, 0x0000, 0x0000, 0x0000, 0x0000, 0x0000, 0x0000, 0x0000, 0x0000, 
  0x0000, 0x0000, 0x0000, 0x0000, 0x0000, 0x0000, 0x0000, 0x0000, 0x0000, 0x0000, 0x0800, 0x2043, 
  0x3046, 0x3066, 0x1823, 0x0000, 0x0000, 0x0000, 0x0000, 0x0000, 0x0000, 0x0000, 0x0000, 0x0000, 
  0x0000, 0x0000, 0x0000, 0x0000, 0x0000, 0x0000, 0x0000, 0x0000, 0x0000, 0x0000, 0x0000, 0x0000, 
  0x0000, 0x0000, 0x0000, 0x0000, 0x0000, 0x0000, 0x0000, 0x0000, 0x0000, 0x0000, 0x0000, 0x0000, 
  0x0000, 0x0000, 0x0000, 0x0000, 0x0000, 0x0000, 0x0000, 0x0000, 0x1021, 0x2865, 0x3046, 0x3826, 
  0x3026, 0x2845, 0x0801, 0x0000, 0x0000, 0x0000, 0x0000, 0x0000, 0x0000, 0x0000, 0x0000, 0x0000, 
  0x0000, 0x0000, 0x0000, 0x0000, 0x0000, 0x0000, 0x0000, 0x0000, 0x0000, 0x840f, 0x8410, 0x0000, 
  0x0000, 0x0800, 0x3846, 0x7a2e, 0xd61a, 0x5028, 0x5028, 0x5028, 0x9311, 0xbd17, 0x4828, 0x71ad, 
  0xb516, 0xd67a, 0xdefb, 0xef7d, 0x2103, 0x528a, 0xb575, 0x0000, 0x0000, 0x0000, 0x9491, 0x840f, 
  0x0000, 0xa513, 0x840f, 0x0000, 0xc617, 0x4207, 0x0000, 0x0000, 0x840f, 0x840f, 0x0000, 0xffff, 
  0x0000, 0x0000, 0x0000, 0x4208, 0xc5f7, 0x0000, 0x0000, 0x0000, 0x0000, 0x0000, 0x0000, 0x0000, 
  0x0000, 0x0800, 0x1823, 0x2824, 0x2805, 0x2804, 0x2824, 0x2804, 0x784b, 0x784b, 0x784c, 0x784c, 
  0x784c, 0x784c, 0x784c, 0x784c, 0x784c, 0x784c, 0x784c, 0x784c, 0x804c, 0x784b, 0x6069, 0x2002, 
  0x0000, 0x0000, 0x0000, 0x0000, 0x0000, 0x0000, 0x0000, 0x0000, 0x0000, 0x0000, 0x0000, 0x0000, 
  0x0000, 0x0000, 0x0000, 0x0000, 0x0000, 0x0000, 0x0000, 0x0000, 0x1001, 0x5867, 0x884d, 0x902d, 
  0x880c, 0x882c, 0x882c, 0x882c, 0x882c, 0x806c, 0x4886, 0x0800, 0x0000, 0x0000, 0x0000, 0x0000, 
  0x0000, 0x0000, 0x0000, 0x0000, 0x0000, 0x0000, 0x0000, 0x0000, 0x0000, 0x0000, 0x0000, 0x0000, 
  0x0000, 0x0000, 0x0000, 0x0000, 0x0000, 0x0000, 0x0000, 0x0000, 0x0000, 0x0000, 0x0000, 0x0000, 
  0x1002, 0x1803, 0x1803, 0x0801, 0x0000, 0x0000, 0x0000, 0x0000, 0x1823, 0x5069, 0x682b, 0x682b, 
  0x682b, 0x680b, 0x682b, 0x682b, 0x682a, 0x682a, 0x682a, 0x682b, 0x682a, 0x602a, 0x602a, 0x602a, 
  0x602a, 0x602a, 0x602a, 0x602a, 0x602a, 0x602a, 0x602a, 0x602a, 0x602a, 0x602a, 0x602a, 0x602a, 
  0x602a, 0x602a, 0x602a, 0x602a, 0x6029, 0x6029, 0x6029, 0x602a, 0x602a, 0x602a, 0x602a, 0x602a, 
  0x602a, 0x602a, 0x602a, 0x602a, 0x584a, 0x4047, 0x1001, 0x0000, 0x0000, 0x0000, 0x0000, 0x0000, 
  0x0000, 0x0000, 0x0000, 0x0000, 0x0000, 0x0000, 0x0000, 0x0000, 0x0000, 0x0000, 0x0000, 0x0000, 
  0x0800, 0x1822, 0x4867, 0x5029, 0x5829, 0x5029, 0x5829, 0x5829, 0x5829, 0x502a, 0x5029, 0x3846, 
  0x0801, 0x0000, 0x0000, 0x0000, 0x0000, 0x0000, 0x0000, 0x0000, 0x0000, 0x0000, 0x0000, 0x0000, 
  0x0000, 0x0000, 0x0000, 0x0000, 0x0000, 0x0000, 0x0000, 0x0000, 0x0000, 0x0000, 0x0000, 0x0000, 
  0x0000, 0x0000, 0x0000, 0x0000, 0x0000, 0x0801, 0x2044, 0x2845, 0x2044, 0x1002, 0x0000, 0x0000, 
  0x0000, 0x0000, 0x0000, 0x0000, 0x0000, 0x0000, 0x0000, 0x0000, 0x0000, 0x0000, 0x0000, 0x0000, 
  0x0000, 0x0000, 0x0000, 0x0000, 0x0000, 0x0000, 0x0000, 0x0000, 0x0000, 0x0000, 0x0000, 0x0000, 
  0x0000, 0x0000, 0x0000, 0x0000, 0x0000, 0x0000, 0x0000, 0x0000, 0x0000, 0x0000, 0x0000, 0x0000, 
  0x0000, 0x0000, 0x0000, 0x1022, 0x3046, 0x3026, 0x3025, 0x3026, 0x2024, 0x0000, 0x0000, 0x0000, 
  0x0000, 0x0000, 0x0000, 0x0000, 0x0000, 0x0000, 0x0000, 0x0000, 0x0000, 0x0000, 0x0000, 0x0000, 
  0x0000, 0x0000, 0x0000, 0x0000, 0x0000, 0x840f, 0x8410, 0x0000, 0x1021, 0x4047, 0x4828, 0x718d, 
  0xef1d, 0x5028, 0x4828, 0x4828, 0x9b93, 0xbd17, 0x4047, 0xe71c, 0x4208, 0x1082, 0x0000, 0xe71b, 
  0x2104, 0x4208, 0xce79, 0x0000, 0x0000, 0x0000, 0xa513, 0x840f, 0x0000, 0xa513, 0x840f, 0x0000, 
  0xc617, 0x4207, 0x0000, 0x0000, 0x8410, 0x840f, 0x0000, 0xef7d, 0x1082, 0x0000, 0x0000, 0x528a, 
  0xbdf7, 0x0000, 0x0000, 0x0000, 0x0000, 0x0000, 0x0000, 0x0000, 0x0801, 0x2023, 0x2805, 0x2824, 
  0x2804, 0x2004, 0x2004, 0x2004, 0x784c, 0x784c, 0x784c, 0x784c, 0x784c, 0x784c, 0x784c, 0x784c, 
  0x784c, 0x804c, 0x784c, 0x784c, 0x784c, 0x6068, 0x1001, 0x0000, 0x0000, 0x0000, 0x0000, 0x0000, 
  0x0000, 0x0000, 0x0000, 0x0000, 0x0000, 0x0000, 0x0000, 0x0000, 0x0000, 0x0000, 0x0000, 0x0000, 
  0x0000, 0x0000, 0x0000, 0x2022, 0x706a, 0x882d, 0x882d, 0x880d, 0x882d, 0x882d, 0x882d, 0x884c, 
  0x808c, 0x3845, 0x0800, 0x0000, 0x0000, 0x0000, 0x0000, 0x0000, 0x0000, 0x0000, 0x0000, 0x0000, 
  0x0000, 0x0000, 0x0000, 0x0000, 0x0000, 0x0000, 0x0000, 0x0000, 0x0000, 0x0000, 0x0000, 0x0000, 
  0x0000, 0x0000, 0x0000, 0x0000, 0x0000, 0x0000, 0x0800, 0x1822, 0x2003, 0x1803, 0x0800, 0x0000, 
  0x0000, 0x0000, 0x0800, 0x2845, 0x604a, 0x682b, 0x682b, 0x682b, 0x682b, 0x682b, 0x682b, 0x682b, 
  0x682a, 0x682a, 0x682a, 0x602a, 0x602a, 0x602a, 0x602a, 0x602a, 0x602a, 0x602a, 0x602a, 0x602a, 
  0x602a, 0x602a, 0x602a, 0x602a, 0x602a, 0x602a, 0x602a, 0x602a, 0x602a, 0x602a, 0x602a, 0x602a, 
  0x600a, 0x600a, 0x600a, 0x602a, 0x600a, 0x600a, 0x602a, 0x600a, 0x602a, 0x602a, 0x602a, 0x584a, 
  0x3025, 0x0800, 0x0000, 0x0000, 0x0000, 0x0000, 0x0000, 0x0000, 0x0000, 0x0000, 0x0000, 0x0000, 
  0x0000, 0x0000, 0x0000, 0x0000, 0x0000, 0x0000, 0x0000, 0x0000, 0x2845, 0x5049, 0x5029, 0x5829, 
  0x5829, 0x5829, 0x5829, 0x5829, 0x5849, 0x5049, 0x3045, 0x0800, 0x0000, 0x0000, 0x0000, 0x0000, 
  0x0000, 0x0000, 0x0000, 0x0000, 0x0000, 0x0000, 0x0000, 0x0000, 0x0000, 0x0000, 0x0000, 0x0000, 
  0x0000, 0x0000, 0x0000, 0x0000, 0x0000, 0x0000, 0x0000, 0x0000, 0x0000, 0x0000, 0x0000, 0x0000, 
  0x1022, 0x2845, 0x2825, 0x2044, 0x0800, 0x0000, 0x0000, 0x0000, 0x0000, 0x0000, 0x0000, 0x0000, 
  0x0000, 0x0000, 0x0000, 0x0000, 0x0000, 0x0000, 0x0000, 0x0000, 0x0000, 0x0000, 0x0000, 0x0000, 
  0x0000, 0x0000, 0x0000, 0x0000, 0x0000, 0x0000, 0x0000, 0x0000, 0x0000, 0x0000, 0x0000, 0x0000, 
  0x0000, 0x0000, 0x0000, 0x0000, 0x0000, 0x0000, 0x0000, 0x0000, 0x0000, 0x0000, 0x1823, 0x3046, 
  0x3026, 0x3026, 0x3046, 0x1823, 0x0000, 0x0000, 0x0000, 0x0000, 0x0000, 0x0000, 0x0000, 0x0000, 
  0x0000, 0x0000, 0x0000, 0x0000, 0x0000, 0x0000, 0x0000, 0x0000, 0x0000, 0x0000, 0x0000, 0x0000, 
  0x0000, 0x8410, 0x8410, 0x2023, 0x4847, 0x5028, 0x5008, 0x5028, 0xef1d, 0x7a0e, 0x4828, 0x50a9, 
  0xef1d, 0x832f, 0x1883, 0xef7d, 0x1082, 0x0000, 0x2104, 0xffff, 0x2103, 0x1082, 0xef7d, 0x3186, 
  0x0000, 0x2104, 0xdefb, 0x840f, 0x0000, 0xa513, 0x840f, 0x0000, 0xc617, 0x4207, 0x0000, 0x0000, 
  0x840f, 0x840f, 0x0000, 0x840f, 0x9491, 0x1082, 0x1082, 0xe71b, 0xbdf7, 0x0000, 0x2104, 0x630c, 
  0x0000, 0x0000, 0x630c, 0x3105, 0x2024, 0x5a0b, 0x4108, 0x2024, 0x2024, 0x2004, 0x2004, 0x2004, 
  0x784b, 0x784b, 0x784c, 0x784c, 0x784c, 0x784c, 0x784c, 0x784b, 0x804c, 0x804c, 0x804c, 0x784c, 
  0x5047, 0x0801, 0x0000, 0x0000, 0x0000, 0x0000, 0x0000, 0x0000, 0x0000, 0x0000, 0x0000, 0x0000, 
  0x0000, 0x0000, 0x0000, 0x0000, 0x0000, 0x0000, 0x0000, 0x0000, 0x0000, 0x0800, 0x4045, 0x804c, 
  0x882d, 0x882d, 0x880c, 0x902d, 0x900d, 0x902d, 0x882d, 0x788b, 0x2823, 0x0000, 0x0000, 0x0000, 
  0x0000, 0x0000, 0x0000, 0x0000, 0x0000, 0x0000, 0x0000, 0x0000, 0x0000, 0x0000, 0x0000, 0x0000, 
  0x0000, 0x0000, 0x0000, 0x0000, 0x0000, 0x0000, 0x0000, 0x0000, 0x0000, 0x0000, 0x0000, 0x0000, 
  0x0000, 0x1001, 0x1823, 0x2024, 0x1022, 0x0000, 0x0000, 0x0000, 0x0000, 0x0821, 0x4067, 0x684b, 
  0x682b, 0x682b, 0x682b, 0x682a, 0x682a, 0x682a, 0x682a, 0x682b, 0x682b, 0x682a, 0x602a, 0x602a, 
  0x602a, 0x602a, 0x602a, 0x602a, 0x602a, 0x602a, 0x602a, 0x602a, 0x602a, 0x602a, 0x602a, 0x602a, 
  0x602a, 0x602a, 0x602a, 0x602a, 0x602a, 0x602a, 0x602a, 0x602a, 0x602a, 0x602a, 0x602a, 0x602a, 
  0x600a, 0x602a, 0x600a, 0x602a, 0x602a, 0x602a, 0x5849, 0x2823, 0x0000, 0x0000, 0x0000, 0x0000, 
  0x0000, 0x0000, 0x0000, 0x0000, 0x0000, 0x0000, 0x0000, 0x0000, 0x0000, 0x0000, 0x0000, 0x0000, 
  0x0000, 0x0000, 0x0801, 0x3866, 0x504a, 0x582a, 0x582a, 0x5829, 0x5829, 0x5029, 0x5829, 0x5029, 
  0x5049, 0x2824, 0x0000, 0x0000, 0x0000, 0x0000, 0x0000, 0x0000, 0x0000, 0x0000, 0x0000, 0x0000, 
  0x0000, 0x0000, 0x0000, 0x0000, 0x0000, 0x0000, 0x0000, 0x0000, 0x0000, 0x0000, 0x0000, 0x0000, 
  0x0000, 0x0000, 0x0000, 0x0000, 0x0000, 0x0000, 0x0000, 0x1823, 0x2845, 0x2825, 0x1823, 0x0000, 
  0x0000, 0x0000, 0x0000, 0x0000, 0x0000, 0x0000, 0x0000, 0x0000, 0x0000, 0x0000, 0x0000, 0x0000, 
  0x0000, 0x0000, 0x0000, 0x0000, 0x0000, 0x0000, 0x0000, 0x0000, 0x0000, 0x0000, 0x0000, 0x0000, 
  0x0000, 0x0000, 0x0000, 0x0000, 0x0000, 0x0000, 0x0000, 0x0000, 0x0000, 0x0000, 0x0000, 0x0000, 
  0x0000, 0x0000, 0x0000, 0x0000, 0x0000, 0x2024, 0x3046, 0x3046, 0x3026, 0x3045, 0x1022, 0x0000, 
  0x0000, 0x0000, 0x0000, 0x0000, 0x0000, 0x0000, 0x0000, 0x0000, 0x0000, 0x0000, 0x0000, 0x0000, 
  0x0000, 0x0000, 0x0000, 0x0000, 0x0000, 0x0000, 0x0000, 0x0000, 0x0000, 0x8410, 0xffff, 0xffff, 
  0xffff, 0xffff, 0xa414, 0x4828, 0x718c, 0xef1c, 0xd61a, 0xf77e, 0x9412, 0x0801, 0x0000, 0x7bef, 
  0xdefb, 0xce79, 0xad75, 0xe71b, 0x2103, 0x0000, 0x528a, 0xe6fb, 0xc617, 0xd679, 0x9cf3, 0x840f, 
  0x0000, 0xa513, 0x840f, 0x0000, 0xc617, 0x4207, 0x0000, 0x0000, 0x840f, 0x840f, 0x0000, 0x1082, 
  0xa513, 0xe6fb, 0xbdf7, 0x630c, 0xbdf7, 0x0000, 0x5289, 0xef7d, 0x1082, 0x1082, 0xf77e, 0x6a8d, 
  0x2024, 0xbd97, 0xad15, 0x2024, 0x2024, 0x2004, 0x2004, 0x2004, 0x784b, 0x784b, 0x784b, 0x784b, 
  0x784b, 0x804b, 0x804b, 0x804c, 0x804b, 0x804c, 0x786b, 0x4045, 0x0800, 0x0000, 0x0000, 0x0000, 
  0x0000, 0x0000, 0x0000, 0x0000, 0x0000, 0x0000, 0x0000, 0x0000, 0x0000, 0x0000, 0x0000, 0x0000, 
  0x0000, 0x0000, 0x0000, 0x0000, 0x1021, 0x6068, 0x884d, 0x882d, 0x882d, 0x882c, 0x882d, 0x882d, 
  0x902d, 0x882d, 0x708a, 0x1822, 0x0000, 0x0000, 0x0000, 0x0000, 0x0000, 0x0000, 0x0000, 0x0000, 
  0x0000, 0x0000, 0x0000, 0x0000, 0x0000, 0x0000, 0x0000, 0x0000, 0x0000, 0x0000, 0x0000, 0x0000, 
  0x0000, 0x0000, 0x0000, 0x0000, 0x0000, 0x0000, 0x0000, 0x0000, 0x1022, 0x2023, 0x2023, 0x1022, 
  0x0000, 0x0000, 0x0000, 0x0000, 0x1822, 0x5089, 0x684b, 0x682b, 0x682b, 0x682b, 0x682a, 0x682a, 
  0x682a, 0x682a, 0x682a, 0x682a, 0x682a, 0x602a, 0x602a, 0x602a, 0x602a, 0x602a, 0x602a, 0x602a, 
  0x602a, 0x602a, 0x602a, 0x602a, 0x602a, 0x602a, 0x602a, 0x602a, 0x602a, 0x602a, 0x602a, 0x602a, 
  0x602a, 0x602a, 0x602a, 0x602a, 0x602a, 0x602a, 0x602a, 0x602a, 0x602a, 0x602a, 0x602a, 0x602a, 
  0x602a, 0x5048, 0x2022, 0x0000, 0x0000, 0x0000, 0x0000, 0x0000, 0x0000, 0x0000, 0x0000, 0x0000, 
  0x0000, 0x0000, 0x0000, 0x0000, 0x0000, 0x0000, 0x0000, 0x0000, 0x0000, 0x1823, 0x4868, 0x504a, 
  0x502a, 0x5829, 0x5829, 0x5829, 0x5029, 0x5029, 0x5049, 0x5048, 0x2024, 0x0000, 0x0000, 0x0000, 
  0x0000, 0x0000, 0x0000, 0x0000, 0x0000, 0x0000, 0x0000, 0x0000, 0x0000, 0x0000, 0x0000, 0x0000, 
  0x0000, 0x0000, 0x0000, 0x0000, 0x0000, 0x0000, 0x0000, 0x0000, 0x0000, 0x0000, 0x0000, 0x0000, 
  0x0000, 0x0801, 0x1844, 0x2845, 0x2845, 0x1022, 0x0000, 0x0000, 0x0000, 0x0000, 0x0000, 0x0000, 
  0x0000, 0x0000, 0x0000, 0x0000, 0x0000, 0x0000, 0x0000, 0x0000, 0x0000, 0x0000, 0x0000, 0x0000, 
  0x0000, 0x0000, 0x0000, 0x0000, 0x0000, 0x0000, 0x0000, 0x0000, 0x0000, 0x0000, 0x0000, 0x0000, 
  0x0000, 0x0000, 0x0000, 0x0000, 0x0000, 0x0000, 0x0000, 0x0000, 0x0000, 0x0000, 0x0000, 0x0801, 
  0x2844, 0x3046, 0x3046, 0x3026, 0x2845, 0x0801, 0x0000, 0x0000, 0x0000, 0x0000, 0x0000, 0x0000, 
  0x0000, 0x0000, 0x0000, 0x0000, 0x0000, 0x0000, 0x0000, 0x0000, 0x0000, 0x0000, 0x0000, 0x0000, 
  0x0000, 0x0000, 0x0000, 0x0000, 0x0800, 0x2865, 0x4828, 0x4828, 0x4828, 0x4828, 0x4828, 0x4828, 
  0x4828, 0x4828, 0x592b, 0x38a6, 0x0000, 0x0000, 0x0000, 0x0000, 0x1082, 0x2103, 0x0000, 0x0000, 
  0x0000, 0x0000, 0x0000, 0x0000, 0x2103, 0x0000, 0x0000, 0x0000, 0x0000, 0x0000, 0x0000, 0x0000, 
  0x0000, 0x0000, 0x0000, 0x0000, 0x0000, 0x0000, 0x0000, 0x1082, 0x1082, 0x0000, 0x0000, 0x4208, 
  0xbdf7, 0x0000, 0x0000, 0x0000, 0x0801, 0x1823, 0x3086, 0x2024, 0x2024, 0x2024, 0x2004, 0x2024, 
  0x2004, 0x2004, 0x2004, 0x2004, 0x784b, 0x784b, 0x804b, 0x804b, 0x784b, 0x784c, 0x804b, 0x804b, 
  0x804c, 0x706a, 0x3024, 0x0000, 0x0000, 0x0000, 0x0000, 0x0000, 0x0000, 0x0000, 0x0000, 0x0000, 
  0x0000, 0x0000, 0x0000, 0x0000, 0x0000, 0x0000, 0x0000, 0x0000, 0x0000, 0x0000, 0x0000, 0x2022, 
  0x70aa, 0x882d, 0x882d, 0x882d, 0x882c, 0x882d, 0x882d, 0x882d, 0x884d, 0x6889, 0x1000, 0x0000, 
  0x0000, 0x0000, 0x0000, 0x0000, 0x0000, 0x0000, 0x0000, 0x0000, 0x0000, 0x0000, 0x0000, 0x0000, 
  0x0000, 0x0000, 0x0000, 0x0000, 0x0000, 0x0000, 0x0000, 0x0000, 0x0000, 0x0000, 0x0000, 0x0000, 
  0x0000, 0x0000, 0x0800, 0x1822, 0x2023, 0x1823, 0x0801, 0x0000, 0x0000, 0x0000, 0x0000, 0x2844, 
  0x686b, 0x684b, 0x682b, 0x684b, 0x682b, 0x682a, 0x682a, 0x682b, 0x682a, 0x682a, 0x682a, 0x682a, 
  0x602a, 0x602a, 0x602a, 0x602a, 0x602a, 0x602a, 0x602a, 0x602a, 0x602a, 0x602a, 0x602a, 0x602a, 
  0x602a, 0x602a, 0x602a, 0x602a, 0x602a, 0x602a, 0x602a, 0x602a, 0x602a, 0x602a, 0x602a, 0x602a, 
  0x602a, 0x602a, 0x602a, 0x602a, 0x602a, 0x602a, 0x602a, 0x602a, 0x4848, 0x1001, 0x0000, 0x0000, 
  0x0000, 0x0000, 0x0000, 0x0000, 0x0000, 0x0000, 0x0000, 0x0000, 0x0000, 0x0000, 0x0000, 0x0000, 
  0x0000, 0x0000, 0x0000, 0x0000, 0x2844, 0x5069, 0x582a, 0x5829, 0x582a, 0x5029, 0x5029, 0x5029, 
  0x5029, 0x5049, 0x4848, 0x1822, 0x0000, 0x0000, 0x0000, 0x0000, 0x0000, 0x0000, 0x0000, 0x0000, 
  0x0000, 0x0000, 0x0000, 0x0000, 0x0000, 0x0000, 0x0000, 0x0000, 0x0000, 0x0000, 0x0000, 0x0000, 
  0x0000, 0x0000, 0x0000, 0x0000, 0x0000, 0x0000, 0x0000, 0x0000, 0x0821, 0x2044, 0x2825, 0x2044, 
  0x0801, 0x0000, 0x0000, 0x0000, 0x0000, 0x0000, 0x0000, 0x0000, 0x0000, 0x0000, 0x0000, 0x0000, 
  0x0000, 0x0000, 0x0000, 0x0000, 0x0000, 0x0000, 0x0000, 0x0000, 0x0000, 0x0000, 0x0000, 0x0000, 
  0x0000, 0x0000, 0x0000, 0x0000, 0x0000, 0x0000, 0x0000, 0x0000, 0x0000, 0x0000, 0x0000, 0x0000, 
  0x0000, 0x0000, 0x0000, 0x0000, 0x0000, 0x0000, 0x0821, 0x2845, 0x3046, 0x3046, 0x3026, 0x2845, 
  0x0800, 0x0000, 0x0000, 0x0000, 0x0000, 0x0000, 0x0000, 0x0000, 0x0000, 0x0000, 0x0000, 0x0000, 
  0x0000, 0x0000, 0x0000, 0x0000, 0x0000, 0x0000, 0x0000, 0x0000, 0x0000, 0x0000, 0x0000, 0x1001, 
  0x3866, 0x4828, 0x4828, 0x4828, 0x4828, 0x4828, 0x4828, 0x4828, 0x4028, 0x4048, 0x2824, 0x0000, 
  0x0000, 0x0000, 0x0000, 0x0000, 0x0000, 0x0000, 0x0000, 0x0000, 0x0000, 0x0000, 0x0000, 0x0000, 
  0x0000, 0x0000, 0x0000, 0x0000, 0x0000, 0x0000, 0x0000, 0x0000, 0x0000, 0x0000, 0x0000, 0x0000, 
  0x0000, 0x0000, 0x0000, 0x738e, 0xce79, 0x528a, 0x630c, 0xdefb, 0x630c, 0x0000, 0x0000, 0x0801, 
  0x1824, 0x2024, 0x2024, 0x2024, 0x2024, 0x2024, 0x2004, 0x2024, 0x2004, 0x2024, 0x2004, 0x2004, 
  0x784c, 0x804b, 0x804b, 0x784b, 0x784b, 0x802c, 0x784c, 0x804c, 0x688a, 0x2023, 0x0000, 0x0000, 
  0x0000, 0x0000, 0x0000, 0x0000, 0x0000, 0x0000, 0x0000, 0x0000, 0x0000, 0x0000, 0x0000, 0x0000, 
  0x0000, 0x0000, 0x0000, 0x0000, 0x0000, 0x0800, 0x3044, 0x788b, 0x882d, 0x882d, 0x882d, 0x882d, 
  0x882d, 0x882d, 0x882d, 0x884d, 0x5066, 0x1001, 0x0000, 0x0000, 0x0000, 0x0000, 0x0000, 0x0000, 
  0x0000, 0x0000, 0x0000, 0x0000, 0x0000, 0x0000, 0x0000, 0x0000, 0x0000, 0x0000, 0x0000, 0x0000, 
  0x0000, 0x0000, 0x0000, 0x0000, 0x0000, 0x0000, 0x0000, 0x0000, 0x0000, 0x0821, 0x1823, 0x2024, 
  0x1823, 0x0801, 0x0000, 0x0000, 0x0000, 0x0801, 0x3887, 0x688b, 0x684b, 0x682b, 0x684b, 0x682b, 
  0x682b, 0x682a, 0x682a, 0x682a, 0x682b, 0x682a, 0x602a, 0x682a, 0x602a, 0x602a, 0x602a, 0x602a, 
  0x602a, 0x602a, 0x602a, 0x602a, 0x602a, 0x602a, 0x602a, 0x602a, 0x602a, 0x602a, 0x602a, 0x602a, 
  0x602a, 0x602a, 0x602a, 0x602a, 0x602a, 0x602a, 0x602a, 0x602a, 0x602a, 0x602a, 0x602a, 0x602a, 
  0x602a, 0x602a, 0x582a, 0x4046, 0x0801, 0x0000, 0x0000, 0x0000, 0x0000, 0x0000, 0x0000, 0x0000, 
  0x0000, 0x0000, 0x0000, 0x0000, 0x0000, 0x0000, 0x0000, 0x0000, 0x0000, 0x0000, 0x0801, 0x3867, 
  0x504a, 0x584a, 0x582a, 0x5849, 0x5029, 0x5029, 0x5829, 0x5049, 0x5029, 0x4848, 0x1002, 0x0000, 
  0x0000, 0x0000, 0x0000, 0x0000, 0x0000, 0x0000, 0x0000, 0x0000, 0x0000, 0x0000, 0x0000, 0x0000, 
  0x0000, 0x0000, 0x0000, 0x0000, 0x0000, 0x0000, 0x0000, 0x0000, 0x0000, 0x0000, 0x0000, 0x0000, 
  0x0000, 0x0000, 0x0000, 0x1022, 0x2044, 0x2845, 0x2044, 0x0801, 0x0000, 0x0000, 0x0000, 0x0000, 
  0x0000, 0x0000, 0x0000, 0x0000, 0x0000, 0x0000, 0x0000, 0x0000, 0x0000, 0x0000, 0x0000, 0x0000, 
  0x0000, 0x0000, 0x0000, 0x0000, 0x0000, 0x0000, 0x0000, 0x0000, 0x0000, 0x0000, 0x0000, 0x0000, 
  0x0000, 0x0000, 0x0000, 0x0000, 0x0000, 0x0000, 0x0000, 0x0000, 0x0000, 0x0000, 0x0000, 0x0000, 
  0x0020, 0x1022, 0x2865, 0x3046, 0x3046, 0x3046, 0x2044, 0x0800, 0x0000, 0x0000, 0x0000, 0x0000, 
  0x0000, 0x0000, 0x0000, 0x0000, 0x0000, 0x0000, 0x0000, 0x0000, 0x0000, 0x0000, 0x0000, 0x0000, 
  0x0000, 0x0000, 0x0000, 0x0000, 0x0000, 0x0000, 0x1822, 0x3867, 0x4848, 0x4828, 0x4828, 0x4828, 
  0x4828, 0x4828, 0x4828, 0x4828, 0x4048, 0x2023, 0x0000, 0x0000, 0x0000, 0x0000, 0x0000, 0x0000, 
  0x0000, 0x0000, 0x0000, 0x0000, 0x0000, 0x0000, 0x0000, 0x0000, 0x0000, 0x0000, 0x0000, 0x0000, 
  0x0000, 0x0000, 0x0000, 0x0000, 0x0000, 0x0000, 0x0000, 0x0000, 0x0000, 0x0000, 0x0000, 0x0000, 
  0x630c, 0x9492, 0x9492, 0x4208, 0x0000, 0x0000, 0x1022, 0x2024, 0x2024, 0x2024, 0x2024, 0x2024, 
  0x2024, 0x2024, 0x2004, 0x2004, 0x2024, 0x2024, 0x2024, 0x2004, 0x804c, 0x804c, 0x804b, 0x804c, 
  0x804b, 0x804c, 0x784c, 0x5869, 0x1001, 0x0000, 0x0000, 0x0000, 0x0000, 0x0000, 0x0000, 0x0000, 
  0x0000, 0x0000, 0x0000, 0x0000, 0x0000, 0x0000, 0x0000, 0x0000, 0x0000, 0x0000, 0x0000, 0x0000, 
  0x1000, 0x50a6, 0x888c, 0x884d, 0x884d, 0x884d, 0x884c, 0x882c, 0x884d, 0x882d, 0x806d, 0x4046, 
  0x0800, 0x0000, 0x0000, 0x0000, 0x0000, 0x0000, 0x0000, 0x0000, 0x0000, 0x0000, 0x0000, 0x0000, 
  0x0000, 0x0000, 0x0000, 0x0000, 0x0000, 0x0000, 0x0000, 0x0000, 0x0000, 0x0000, 0x0000, 0x0000, 
  0x0000, 0x0000, 0x0000, 0x0000, 0x1021, 0x1823, 0x2023, 0x1822, 0x0000, 0x0000, 0x0000, 0x0000, 
  0x1842, 0x58a9, 0x686c, 0x684c, 0x684b, 0x684b, 0x682b, 0x682b, 0x682b, 0x682b, 0x682b, 0x602b, 
  0x602b, 0x602a, 0x604a, 0x602a, 0x602a, 0x602a, 0x602a, 0x602a, 0x602a, 0x602a, 0x602a, 0x602a, 
  0x602a, 0x602a, 0x602a, 0x602a, 0x602a, 0x602a, 0x602a, 0x602a, 0x602a, 0x602a, 0x602a, 0x602a, 
  0x602a, 0x602a, 0x602a, 0x602a, 0x602a, 0x602a, 0x602a, 0x602a, 0x602a, 0x584a, 0x3025, 0x0000, 
  0x0000, 0x0000, 0x0000, 0x0000, 0x0000, 0x0000, 0x0000, 0x0000, 0x0000, 0x0000, 0x0000, 0x0000, 
  0x0000, 0x0000, 0x0000, 0x0000, 0x0000, 0x1022, 0x4889, 0x504a, 0x504a, 0x582a, 0x5029, 0x5049, 
  0x5049, 0x5029, 0x5029, 0x5049, 0x4047, 0x1001, 0x0000, 0x0000, 0x0000, 0x0000, 0x0000, 0x0000, 
  0x0000, 0x0000, 0x0000, 0x0000, 0x0000, 0x0000, 0x0000, 0x0000, 0x0000, 0x0000, 0x0000, 0x0000, 
  0x0000, 0x0000, 0x0000, 0x0000, 0x0000, 0x0000, 0x0000, 0x0000, 0x0000, 0x0000, 0x1022, 0x2045, 
  0x2045, 0x1023, 0x0000, 0x0000, 0x0000, 0x0000, 0x0000, 0x0000, 0x0000, 0x0000, 0x0000, 0x0000, 
  0x0000, 0x0000, 0x0000, 0x0000, 0x0000, 0x0000, 0x0000, 0x0000, 0x0000, 0x0000, 0x0000, 0x0000, 
  0x0000, 0x0000, 0x0000, 0x0000, 0x0000, 0x0000, 0x0000, 0x0000, 0x0000, 0x0000, 0x0000, 0x0000, 
  0x0000, 0x0000, 0x0000, 0x0000, 0x0000, 0x0000, 0x0000, 0x0000, 0x1843, 0x3046, 0x3046, 0x2846, 
  0x3046, 0x1843, 0x0000, 0x0000, 0x0000, 0x0000, 0x0000, 0x0000, 0x0000, 0x0000, 0x0000, 0x0000, 
  0x0000, 0x0000, 0x0000, 0x0000, 0x0000, 0x0000, 0x0000, 0x0000, 0x0000, 0x0000, 0x0000, 0x0020, 
  0x0020, 0x2043, 0x4067, 0x4048, 0x4828, 0x4828, 0x4028, 0x4828, 0x4828, 0x4828, 0x4028, 0x4047, 
  0x1002, 0x0000, 0x0000, 0x0000, 0x0000, 0x0000, 0x0000, 0x0000, 0x0000, 0x0000, 0x0000, 0x0000, 
  0x0000, 0x0000, 0x0000, 0x0000, 0x0000, 0x0000, 0x0000, 0x0000, 0x0000, 0x0000, 0x0000, 0x0000, 
  0x0000, 0x0000, 0x0000, 0x0000, 0x0000, 0x0000, 0x0000, 0x0000, 0x0000, 0x0000, 0x0000, 0x0000, 
  0x0000, 0x1823, 0x2024, 0x2024, 0x2024, 0x2024, 0x2024, 0x2024, 0x2024, 0x2024, 0x2024, 0x2024, 
  0x2024, 0x2024, 0x2024, 0x2024, 0x786c, 0x804c, 0x804c, 0x804c, 0x804c, 0x786b, 0x4867, 0x0801, 
  0x0000, 0x0000, 0x0000, 0x0000, 0x0000, 0x0000, 0x0000, 0x0000, 0x0000, 0x0000, 0x0000, 0x0000, 
  0x0000, 0x0000, 0x0000, 0x0000, 0x0000, 0x0000, 0x0000, 0x2042, 0x70ca, 0x888c, 0x886c, 0x884c, 
  0x884d, 0x884c, 0x884d, 0x884d, 0x884d, 0x70ab, 0x3044, 0x0000, 0x0000, 0x0000, 0x0000, 0x0000, 
  0x0000, 0x0000, 0x0000, 0x0000, 0x0000, 0x0000, 0x0000, 0x0000, 0x0000, 0x0000, 0x0000, 0x0000, 
  0x0000, 0x0000, 0x0000, 0x0000, 0x0000, 0x0000, 0x0000, 0x0000, 0x0000, 0x0000, 0x0000, 0x1022, 
  0x1823, 0x1823, 0x1022, 0x0000, 0x0000, 0x0000, 0x0800, 0x3085, 0x60cb, 0x686c, 0x686c, 0x686b, 
  0x684b, 0x684b, 0x684b, 0x684b, 0x684b, 0x684b, 0x684b, 0x604b, 0x604b, 0x604a, 0x604a, 0x604a, 
  0x604a, 0x604a, 0x604a, 0x604a, 0x604a, 0x604a, 0x604a, 0x604a, 0x604a, 0x604a, 0x604b, 0x604b, 
  0x604b, 0x604a, 0x604a, 0x604b, 0x604a, 0x604b, 0x602a, 0x602a, 0x604a, 0x604a, 0x602a, 0x604a, 
  0x604a, 0x604a, 0x602a, 0x602a, 0x5049, 0x2023, 0x0000, 0x0000, 0x0000, 0x0000, 0x0000, 0x0000, 
  0x0000, 0x0000, 0x0000, 0x0000, 0x0000, 0x0000, 0x0000, 0x0000, 0x0000, 0x0000, 0x0000, 0x0000, 
  0x2864, 0x50aa, 0x506a, 0x504a, 0x504a, 0x504a, 0x5049, 0x5049, 0x5049, 0x5049, 0x5049, 0x3066, 
  0x0801, 0x0000, 0x0000, 0x0000, 0x0000, 0x0000, 0x0000, 0x0000, 0x0000, 0x0000, 0x0000, 0x0000, 
  0x0000, 0x0000, 0x0000, 0x0000, 0x0000, 0x0000, 0x0000, 0x0000, 0x0000, 0x0000, 0x0000, 0x0000, 
  0x0000, 0x0000, 0x0000, 0x0000, 0x0000, 0x1843, 0x2045, 0x2044, 0x1021, 0x0000, 0x0000, 0x0000, 
  0x0000, 0x0000, 0x0000, 0x0000, 0x0000, 0x0000, 0x0000, 0x0000, 0x0000, 0x0000, 0x0000, 0x0000, 
  0x0000, 0x0000, 0x0000, 0x0000, 0x0000, 0x0000, 0x0000, 0x0000, 0x0000, 0x0000, 0x0000, 0x0000, 
  0x0000, 0x0000, 0x0000, 0x0000, 0x0000, 0x0000, 0x0000, 0x0000, 0x0000, 0x0000, 0x0000, 0x0000, 
  0x0000, 0x0000, 0x0800, 0x1843, 0x2846, 0x2845, 0x2846, 0x2845, 0x1022, 0x0000, 0x0000, 0x0000, 
  0x0000, 0x0000, 0x0000, 0x0000, 0x0000, 0x0000, 0x0000, 0x0000, 0x0000, 0x0000, 0x0000, 0x0000, 
  0x0000, 0x0000, 0x0000, 0x0000, 0x0000, 0x0000, 0x0000, 0x0820, 0x2064, 0x4068, 0x4048, 0x4048, 
  0x4048, 0x4048, 0x4028, 0x4028, 0x4028, 0x4028, 0x3846, 0x1002, 0x0000, 0x0000, 0x0000, 0x0000, 
  0x0000, 0x0000, 0x0000, 0x0000, 0x0000, 0x0000, 0x0000, 0x0000, 0x0000, 0x0000, 0x0000, 0x0000, 
  0x0000, 0x0000, 0x0000, 0x0000, 0x0000, 0x0000, 0x0000, 0x0000, 0x0000, 0x0000, 0x0000, 0x0000, 
  0x0000, 0x0000, 0x0000, 0x0000, 0x0000, 0x0000, 0x0000, 0x0821, 0x1843, 0x2024, 0x2024, 0x2024, 
  0x2024, 0x2024, 0x2024, 0x2024, 0x2024, 0x2024, 0x2024, 0x2024, 0x2024, 0x2024, 0x2024, 0x2024, 
  
};
}