#include <Arduino.h>
#include "res.h"

namespace robot::screen::res {
    // Dashboard.png | 320x240 | RGB565 (16-bit)
    // Dashboard.png | 320x240 | RGB565 (16-bit)
const uint16_t dashboard[] PROGMEM = {
  0x1803, 0x1803, 0x1803, 0x1803, 0x1803, 0x1803, 0x1803, 0x1803, 0x1803, 0x1803, 0x1803, 0x1803, 
  0x1803, 0x1803, 0x1803, 0x1803, 0x1803, 0x1803, 0x1803, 0x1803, 0x1803, 0x1803, 0x1803, 0x1803, 
  0x1803, 0x1803, 0x1803, 0x1803, 0x1803, 0x1803, 0x1803, 0x1803, 0x1803, 0x1803, 0x1803, 0x1803, 
  0x1803, 0x1803, 0x1803, 0x1803, 0x1803, 0x1803, 0x1803, 0x1803, 0x1803, 0x1803, 0x1803, 0x1803, 
  0x1803, 0x1803, 0x1803, 0x1803, 0x1803, 0x1803, 0x1803, 0x1803, 0x1803, 0x1803, 0x1803, 0x1803, 
  0x1803, 0x1803, 0x1803, 0x1803, 0x1803, 0x1803, 0x1803, 0x1803, 0x1803, 0x1803, 0x1803, 0x1803, 
  0x1803, 0x1803, 0x1803, 0x1803, 0x1803, 0x1803, 0x1803, 0x1803, 0x1803, 0x1803, 0x1803, 0x1803, 
  0x1803, 0x1803, 0x1803, 0x1803, 0x1803, 0x1803, 0x1803, 0x1803, 0x1803, 0x1803, 0x1803, 0x1803, 
  0x1803, 0x1803, 0x1803, 0x1803, 0x1803, 0x1803, 0x1803, 0x1803, 0x1803, 0x1803, 0x1803, 0x1803, 
  0x1803, 0x1803, 0x1803, 0x4133, 0x4133, 0x4133, 0x4133, 0x4133, 0x4133, 0x4133, 0x4133, 0x4133, 
  0x4133, 0x4133, 0x4133, 0x4133, 0x4133, 0x4133, 0x4133, 0x4133, 0x4133, 0x4133, 0x4133, 0x4133, 
  0x4133, 0x4133, 0x4133, 0x4133, 0x4133, 0x4133, 0x4133, 0x4133, 0x4133, 0x4133, 0x4133, 0x4133, 
  0x4133, 0x4133, 0x4133, 0x4133, 0x4133, 0x4133, 0x4133, 0x4133, 0x4133, 0x4133, 0x4133, 0x4133, 
  0x4133, 0x4133, 0x4133, 0x4133, 0x4133, 0x4133, 0x4133, 0x4133, 0x4133, 0x4133, 0x4133, 0x4133, 
  0x4133, 0x4133, 0x4133, 0x4133, 0x4133, 0x4133, 0x4133, 0x4133, 0x4133, 0x4133, 0x4133, 0x4133, 
  0x4133, 0x4133, 0x4133, 0x4133, 0x4133, 0x4133, 0x4133, 0x4133, 0x4133, 0x4133, 0x4133, 0x4133, 
  0x4133, 0x4133, 0x4133, 0x4133, 0x4133, 0x1803, 0x1803, 0x1803, 0x1803, 0x1803, 0x1803, 0x1803, 
  0x1803, 0x1803, 0x1803, 0x1803, 0x1803, 0x1803, 0x1803, 0x1803, 0x1803, 0x1803, 0x1803, 0x1803, 
  0x1803, 0x1803, 0x1803, 0x1803, 0x1803, 0x1803, 0x1803, 0x1803, 0x1803, 0x1803, 0x1803, 0x1803, 
  0x1803, 0x1803, 0x1803, 0x1803, 0x1803, 0x1803, 0x1803, 0x1803, 0x1803, 0x1803, 0x1803, 0x1803, 
  0x1803, 0x1803, 0x1803, 0x1803, 0x1803, 0x1803, 0x1803, 0x1803, 0x1803, 0x1803, 0x1803, 0x1803, 
  0x1803, 0x1803, 0x1803, 0x1803, 0x1803, 0x1803, 0x1803, 0x1803, 0x1803, 0x1803, 0x1803, 0x1803, 
  0x1803, 0x1803, 0x1803, 0x1803, 0x1803, 0x1803, 0x1803, 0x1803, 0x1803, 0x1803, 0x1803, 0x1803, 
  0x1803, 0x1803, 0x1803, 0x1803, 0x1803, 0x1803, 0x1803, 0x1803, 0x1803, 0x1803, 0x1803, 0x1803, 
  0x1803, 0x1803, 0x1803, 0x1803, 0x1803, 0x1803, 0x1803, 0x1803, 0x1803, 0x1803, 0x1803, 0x1803, 
  0x1803, 0x1803, 0x1803, 0x1803, 0x1803, 0x1803, 0x1803, 0x1803, 0x1803, 0x1803, 0x1803, 0x1803, 
  0x1803, 0x1803, 0x1803, 0x1803, 0x1803, 0x1803, 0x1803, 0x1803, 0x1803, 0x1803, 0x1803, 0x1803, 
  0x1803, 0x1803, 0x1803, 0x1803, 0x1803, 0x1803, 0x1803, 0x1803, 0x1803, 0x1803, 0x1803, 0x1803, 
  0x1803, 0x1803, 0x1803, 0x1803, 0x1803, 0x1803, 0x1803, 0x1803, 0x1803, 0x1803, 0x1803, 0x1803, 
  0x1803, 0x1803, 0x1803, 0x1803, 0x1803, 0x1803, 0x1803, 0x1803, 0x1803, 0x1803, 0x1803, 0x1803, 
  0x1803, 0x1803, 0x1803, 0x1803, 0x1803, 0x1803, 0x1803, 0x1803, 0x1803, 0x1803, 0x1803, 0x1803, 
  0x1803, 0x1803, 0x1803, 0x1803, 0x1803, 0x1803, 0x1803, 0x1803, 0x1803, 0x1803, 0x1803, 0x1803, 
  0x1803, 0x1803, 0x1803, 0x1803, 0x1803, 0x1803, 0x1803, 0x1803, 0x1803, 0x1803, 0x1803, 0x1803, 
  0x1803, 0x1803, 0x1803, 0x1803, 0x1803, 0x1803, 0x1803, 0x1803, 0x1803, 0x1803, 0x1803, 0x1803, 
  0x1803, 0x1803, 0x1803, 0x1803, 0x1803, 0x1803, 0x1803, 0x1803, 0x1803, 0x1803, 0x1803, 0x1803, 
  0x1803, 0x1803, 0x1803, 0x1803, 0x1803, 0x1803, 0x1803, 0x1803, 0x1803, 0x1803, 0x1803, 0x4133, 
  0x4133, 0x4133, 0x4133, 0x4133, 0x4133, 0x4133, 0x4133, 0x4133, 0x4133, 0x4133, 0x4133, 0x4133, 
  0x4133, 0x4133, 0x4133, 0x4133, 0x4133, 0x4133, 0x4133, 0x4133, 0x4133, 0x4133, 0x4133, 0x4133, 
  0x4133, 0x4133, 0x4133, 0x4133, 0x4133, 0x4133, 0x4133, 0x4133, 0x4133, 0x4133, 0x4133, 0x4133, 
  0x4133, 0x4133, 0x4133, 0x4133, 0x4133, 0x4133, 0x4133, 0x4133, 0x4133, 0x4133, 0x4133, 0x4133, 
  0x4133, 0x4133, 0x4133, 0x4133, 0x4133, 0x4133, 0x4133, 0x4133, 0x4133, 0x4133, 0x4133, 0x4133, 
  0x4133, 0x4133, 0x4133, 0x4133, 0x4133, 0x4133, 0x4133, 0x4133, 0x4133, 0x4133, 0x4133, 0x4133, 
  0x4133, 0x4133, 0x4133, 0x4133, 0x4133, 0x4133, 0x4133, 0x4133, 0x4133, 0x4133, 0x4133, 0x4133, 
  0x4133, 0x1803, 0x1803, 0x1803, 0x1803, 0x1803, 0x1803, 0x1803, 0x1803, 0x1803, 0x1803, 0x1803, 
  0x1803, 0x1803, 0x1803, 0x1803, 0x1803, 0x1803, 0x1803, 0x1803, 0x1803, 0x1803, 0x1803, 0x1803, 
  0x1803, 0x1803, 0x1803, 0x1803, 0x1803, 0x1803, 0x1803, 0x1803, 0x1803, 0x1803, 0x1803, 0x1803, 
  0x1803, 0x1803, 0x1803, 0x1803, 0x1803, 0x1803, 0x1803, 0x1803, 0x1803, 0x1803, 0x1803, 0x1803, 
  0x1803, 0x1803, 0x1803, 0x1803, 0x1803, 0x1803, 0x1803, 0x1803, 0x1803, 0x1803, 0x1803, 0x1803, 
  0x1803, 0x1803, 0x1803, 0x1803, 0x1803, 0x1803, 0x1803, 0x1803, 0x1803, 0x1803, 0x1803, 0x1803, 
  0x1803, 0x1803, 0x1803, 0x1803, 0x1803, 0x1803, 0x1803, 0x1803, 0x1803, 0x1803, 0x1803, 0x1803, 
  0x1803, 0x1803, 0x1803, 0x1803, 0x1803, 0x1803, 0x1803, 0x1803, 0x1803, 0x1803, 0x1803, 0x1803, 
  0x1803, 0x1803, 0x1803, 0x1803, 0x1803, 0x1803, 0x1803, 0x1803, 0x1803, 0x1803, 0x1803, 0x1803, 
  0x1803, 0x1803, 0x1803, 0x1803, 0x1803, 0x1803, 0x1803, 0x1803, 0x1803, 0x1803, 0x1803, 0x1803, 
  0x1803, 0x1803, 0x1803, 0x1803, 0x1803, 0x1803, 0x1803, 0x1803, 0x1803, 0x1803, 0x1803, 0x1803, 
  0x1803, 0x1803, 0x1803, 0x1803, 0x1803, 0x1803, 0x1803, 0x1803, 0x1803, 0x1803, 0x1803, 0x1803, 
  0x1803, 0x1803, 0x1803, 0x1803, 0x1803, 0x1803, 0x1803, 0x1803, 0x1803, 0x1803, 0x1803, 0x1803, 
  0x1803, 0x1803, 0x1803, 0x1803, 0x1803, 0x1803, 0x1803, 0x1803, 0x1803, 0x1803, 0x1803, 0x1803, 
  0x1803, 0x1803, 0x1803, 0x1803, 0x1803, 0x1803, 0x1803, 0x1803, 0x1803, 0x1803, 0x1803, 0x1803, 
  0x1803, 0x1803, 0x1803, 0x1803, 0x1803, 0x1803, 0x1803, 0x1803, 0x1803, 0x1803, 0x1803, 0x1803, 
  0x1803, 0x1803, 0x1803, 0x1803, 0x1803, 0x1803, 0x1803, 0x1803, 0x1803, 0x1803, 0x1803, 0x1803, 
  0x1803, 0x1803, 0x1803, 0x1803, 0x1803, 0x1803, 0x1803, 0x1803, 0x1803, 0x1803, 0x1803, 0x1803, 
  0x1803, 0x1803, 0x1803, 0x1803, 0x1803, 0x1803, 0x1803, 0x1803, 0x1803, 0x1803, 0x1803, 0x1803, 
  0x1803, 0x1803, 0x1803, 0x1803, 0x1803, 0x1803, 0x1803, 0x4133, 0x4133, 0x4133, 0x4133, 0x4133, 
  0x4133, 0x4133, 0x4133, 0x4133, 0x4133, 0x4133, 0x4133, 0x4133, 0x4133, 0x4133, 0x4133, 0x4133, 
  0x4133, 0x4133, 0x4133, 0x4133, 0x4133, 0x4133, 0x4133, 0x4133, 0x4133, 0x4133, 0x4133, 0x4133, 
  0x4133, 0x4133, 0x4133, 0x4133, 0x4133, 0x4133, 0x4133, 0x4133, 0x4133, 0x4133, 0x4133, 0x4133, 
  0x4133, 0x4133, 0x4133, 0x4133, 0x4133, 0x4133, 0x4133, 0x4133, 0x4133, 0x4133, 0x4133, 0x4133, 
  0x4133, 0x4133, 0x4133, 0x4133, 0x4133, 0x4133, 0x4133, 0x4133, 0x4133, 0x4133, 0x4133, 0x4133, 
  0x4133, 0x4133, 0x4133, 0x4133, 0x4133, 0x4133, 0x4133, 0x4133, 0x4133, 0x4133, 0x4133, 0x4133, 
  0x4133, 0x4133, 0x4133, 0x4133, 0x4133, 0x4133, 0x4133, 0x4133, 0x4133, 0x1803, 0x1804, 0x1803, 
  0x1803, 0x1803, 0x1803, 0x1803, 0x1803, 0x1803, 0x1803, 0x1803, 0x1803, 0x1803, 0x1803, 0x1803, 
  0x1803, 0x1803, 0x1803, 0x1803, 0x1803, 0x1803, 0x1803, 0x1803, 0x1803, 0x1803, 0x1803, 0x1803, 
  0x1803, 0x1803, 0x1803, 0x1803, 0x1803, 0x1803, 0x1803, 0x1803, 0x1803, 0x1803, 0x1803, 0x1803, 
  0x1803, 0x1803, 0x1803, 0x1803, 0x1803, 0x1803, 0x1803, 0x1803, 0x1803, 0x1803, 0x1803, 0x1803, 
  0x1803, 0x1803, 0x1803, 0x1803, 0x1803, 0x1803, 0x1803, 0x1803, 0x1803, 0x1803, 0x1803, 0x1803, 
  0x1803, 0x1803, 0x1803, 0x1803, 0x1803, 0x1803, 0x1803, 0x1803, 0x1803, 0x1803, 0x1803, 0x1803, 
  0x1803, 0x1803, 0x1803, 0x1803, 0x1803, 0x1803, 0x1803, 0x1803, 0x1803, 0x1803, 0x1803, 0x1803, 
  0x1803, 0x1803, 0x1803, 0x1803, 0x1803, 0x1803, 0x1803, 0x1803, 0x1803, 0x1803, 0x1803, 0x1803, 
  0x1803, 0x1803, 0x1803, 0x1803, 0x1803, 0x1803, 0x1803, 0x1803, 0x1803, 0x1803, 0x1803, 0x1803, 
  0x1803, 0x1803, 0x1803, 0x1803, 0x1803, 0x1803, 0x1803, 0x1803, 0x1803, 0x1803, 0x1803, 0x1803, 
  0x1803, 0x1803, 0x1803, 0x1804, 0x1803, 0x1804, 0x1803, 0x1803, 0x1804, 0x1803, 0x1804, 0x1803, 
  0x1803, 0x1804, 0x1804, 0x1803, 0x1803, 0x1804, 0x1804, 0x1804, 0x1803, 0x1804, 0x1803, 0x1803, 
  0x1803, 0x1803, 0x1804, 0x1803, 0x1804, 0x1803, 0x1804, 0x1803, 0x1804, 0x1804, 0x1804, 0x1804, 
  0x1803, 0x1804, 0x1803, 0x1803, 0x1804, 0x1804, 0x1804, 0x1803, 0x1804, 0x1803, 0x1804, 0x1804, 
  0x1803, 0x1804, 0x1803, 0x1803, 0x1804, 0x1803, 0x1803, 0x1804, 0x1803, 0x1803, 0x1803, 0x1804, 
  0x1803, 0x1803, 0x1803, 0x1803, 0x1803, 0x1803, 0x1804, 0x1804, 0x1803, 0x1803, 0x1804, 0x1803, 
  0x1804, 0x1803, 0x1804, 0x1804, 0x1803, 0x1804, 0x1803, 0x1803, 0x1803, 0x1803, 0x1804, 0x1803, 
  0x1803, 0x1804, 0x1804, 0x1804, 0x1803, 0x1803, 0x1803, 0x1804, 0x1803, 0x1804, 0x1804, 0x1803, 
  0x1804, 0x1803, 0x1803, 0x1803, 0x1803, 0x1803, 0x1804, 0x1804, 0x1803, 0x1804, 0x1803, 0x1804, 
  0x1804, 0x1803, 0x1803, 0x4133, 0x4133, 0x4133, 0x4133, 0x4133, 0x4133, 0x4133, 0x4133, 0x4133, 
  0x4133, 0x4133, 0x4133, 0x4133, 0x4133, 0x4133, 0x4133, 0x4133, 0x4133, 0x4133, 0x4133, 0x4133, 
  0x4133, 0x4133, 0x4133, 0x4133, 0x4133, 0x4133, 0x4133, 0x4133, 0x4133, 0x4133, 0x4133, 0x4133, 
  0x4133, 0x4133, 0x4133, 0x4133, 0x4133, 0x4133, 0x4133, 0x4133, 0x4133, 0x4133, 0x4133, 0x4133, 
  0x4133, 0x4133, 0x4133, 0x4133, 0x4133, 0x4133, 0x4133, 0x4133, 0x4133, 0x4133, 0x4133, 0x4133, 
  0x4133, 0x4133, 0x4133, 0x4133, 0x4133, 0x4133, 0x4133, 0x4133, 0x4133, 0x4133, 0x4133, 0x4133, 
  0x4133, 0x4133, 0x4133, 0x4133, 0x4133, 0x4133, 0x4133, 0x4133, 0x4133, 0x4133, 0x4133, 0x4133, 
  0x4133, 0x4133, 0x4133, 0x4133, 0x4133, 0x1803, 0x1803, 0x1804, 0x1804, 0x1804, 0x1803, 0x1804, 
  0x1804, 0x1803, 0x1803, 0x1804, 0x1804, 0x1804, 0x1804, 0x1803, 0x1804, 0x1804, 0x1804, 0x1804, 
  0x1804, 0x1804, 0x1804, 0x1804, 0x1803, 0x1803, 0x1803, 0x1803, 0x1803, 0x1803, 0x1804, 0x1804, 
  0x1803, 0x1803, 0x1804, 0x1803, 0x1803, 0x1804, 0x1804, 0x1803, 0x1804, 0x1803, 0x1804, 0x1803, 
  0x1804, 0x1803, 0x1803, 0x1803, 0x1804, 0x1803, 0x1803, 0x1804, 0x1803, 0x1804, 0x1804, 0x1804, 
  0x1803, 0x1803, 0x1803, 0x1804, 0x1803, 0x1803, 0x1803, 0x1804, 0x1803, 0x1804, 0x1803, 0x1803, 
  0x1804, 0x1803, 0x1804, 0x1803, 0x1803, 0x1804, 0x1804, 0x1803, 0x1803, 0x1804, 0x1804, 0x1804, 
  0x1803, 0x1804, 0x1803, 0x1803, 0x1803, 0x1803, 0x1804, 0x1803, 0x1804, 0x1803, 0x1804, 0x1803, 
  0x1804, 0x1804, 0x1804, 0x1804, 0x1803, 0x1804, 0x1803, 0x1803, 0x1804, 0x1804, 0x1804, 0x1803, 
  0x1804, 0x1803, 0x1804, 0x1804, 0x1803, 0x1804, 0x1803, 0x1803, 0x1804, 0x1803, 0x1803, 0x1804, 
  0x1803, 0x1803, 0x1803, 0x1804, 0x1803, 0x1803, 0x1803, 0x1803, 0x1804, 0x1803, 0x1804, 0x1804, 
  0x1804, 0x1804, 0x1804, 0x1804, 0x1804, 0x1804, 0x1804, 0x1804, 0x1804, 0x1804, 0x1804, 0x1804, 
  0x1803, 0x1803, 0x1804, 0x1804, 0x1804, 0x1804, 0x1803, 0x1804, 0x1804, 0x1804, 0x1804, 0x1804, 
  0x1804, 0x1804, 0x1803, 0x1804, 0x1804, 0x1804, 0x1804, 0x1804, 0x1804, 0x1804, 0x1804, 0x1804, 
  0x1804, 0x1804, 0x1804, 0x1804, 0x1804, 0x1803, 0x1804, 0x1804, 0x1804, 0x1804, 0x1804, 0x1804, 
  0x1804, 0x1804, 0x1804, 0x1804, 0x1804, 0x1804, 0x1804, 0x1804, 0x1804, 0x1804, 0x1804, 0x1804, 
  0x1804, 0x1804, 0x1804, 0x1803, 0x1804, 0x1804, 0x1804, 0x1804, 0x1804, 0x1804, 0x1804, 0x1804, 
  0x1803, 0x1804, 0x1804, 0x1803, 0x1804, 0x1804, 0x1804, 0x1804, 0x1804, 0x1804, 0x1804, 0x1804, 
  0x1804, 0x1804, 0x1804, 0x1804, 0x1804, 0x1804, 0x1804, 0x1804, 0x1804, 0x1804, 0x1804, 0x1804, 
  0x1804, 0x1804, 0x1804, 0x1804, 0x1804, 0x1804, 0x1804, 0x1804, 0x1804, 0x1803, 0x1803, 0x4133, 
  0x4133, 0x4133, 0x4133, 0x4133, 0x4133, 0x4133, 0x4133, 0x4133, 0x4133, 0x4133, 0x4133, 0x4133, 
  0x4133, 0x4133, 0x4133, 0x4133, 0x4133, 0x4133, 0x4133, 0x4133, 0x4133, 0x4133, 0x4133, 0x4133, 
  0x4133, 0x4133, 0x4133, 0x4133, 0x4133, 0x4133, 0x4133, 0x4133, 0x4133, 0x4133, 0x4133, 0x4133, 
  0x4133, 0x4133, 0x4133, 0x4133, 0x4133, 0x4133, 0x4133, 0x4133, 0x4133, 0x4133, 0x4133, 0x4133, 
  0x4133, 0x4133, 0x4133, 0x4133, 0x4133, 0x4133, 0x4133, 0x4133, 0x4133, 0x4133, 0x4133, 0x4133, 
  0x4133, 0x4133, 0x4133, 0x4133, 0x4133, 0x4133, 0x4133, 0x4133, 0x4133, 0x4133, 0x4133, 0x4133, 
  0x4133, 0x4133, 0x4133, 0x4133, 0x4133, 0x4133, 0x4133, 0x4133, 0x4133, 0x4133, 0x4133, 0x4133, 
  0x4133, 0x1803, 0x1804, 0x1804, 0x1804, 0x1804, 0x1804, 0x1804, 0x1804, 0x1804, 0x1804, 0x1804, 
  0x1804, 0x1804, 0x1804, 0x1804, 0x1804, 0x1804, 0x1804, 0x1804, 0x1804, 0x1804, 0x1804, 0x1804, 
  0x1804, 0x1804, 0x1804, 0x1804, 0x1804, 0x1804, 0x1804, 0x1804, 0x1804, 0x1804, 0x1804, 0x1804, 
  0x1804, 0x1804, 0x1804, 0x1804, 0x1804, 0x1804, 0x1804, 0x1804, 0x1804, 0x1804, 0x1803, 0x1804, 
  0x1804, 0x1804, 0x1804, 0x1804, 0x1804, 0x1804, 0x1804, 0x1804, 0x1804, 0x1804, 0x1804, 0x1804, 
  0x1804, 0x1803, 0x1804, 0x1804, 0x1804, 0x1804, 0x1804, 0x1804, 0x1804, 0x1804, 0x1804, 0x1804, 
  0x1804, 0x1804, 0x1804, 0x1804, 0x1803, 0x1803, 0x1804, 0x1804, 0x1804, 0x1804, 0x1803, 0x1804, 
  0x1804, 0x1804, 0x1804, 0x1804, 0x1804, 0x1804, 0x1803, 0x1804, 0x1804, 0x1804, 0x1804, 0x1804, 
  0x1804, 0x1804, 0x1804, 0x1804, 0x1804, 0x1804, 0x1804, 0x1804, 0x1804, 0x1803, 0x1804, 0x1804, 
  0x1804, 0x1804, 0x1804, 0x1804, 0x1804, 0x1804, 0x1804, 0x1804, 0x1804, 0x1804, 0x1804, 0x1804, 
  0x1804, 0x1804, 0x1804, 0x1804, 0x1804, 0x1804, 0x1804, 0x1804, 0x1804, 0x1804, 0x1804, 0x1804, 
  0x1804, 0x1804, 0x1804, 0x1804, 0x1804, 0x1804, 0x1804, 0x1804, 0x1804, 0x1804, 0x1804, 0x1804, 
  0x1804, 0x1804, 0x1804, 0x1804, 0x1804, 0x1804, 0x1804, 0x1804, 0x1804, 0x1804, 0x1804, 0x1804, 
  0x1804, 0x1804, 0x1804, 0x1804, 0x1804, 0x1804, 0x1804, 0x1804, 0x1804, 0x1804, 0x1804, 0x1804, 
  0x1804, 0x1804, 0x1804, 0x1804, 0x1804, 0x1804, 0x1804, 0x1804, 0x1804, 0x1804, 0x1804, 0x1804, 
  0x1804, 0x1804, 0x1804, 0x1804, 0x1804, 0x1804, 0x1804, 0x1804, 0x1804, 0x1804, 0x1804, 0x1804, 
  0x1804, 0x1804, 0x1804, 0x1804, 0x1804, 0x1804, 0x1804, 0x1804, 0x1804, 0x1804, 0x1804, 0x1804, 
  0x1804, 0x1804, 0x1804, 0x1804, 0x1804, 0x1804, 0x1804, 0x1804, 0x1804, 0x1804, 0x1804, 0x1804, 
  0x1804, 0x1804, 0x1804, 0x1804, 0x1804, 0x1804, 0x1804, 0x1804, 0x1804, 0x1804, 0x1804, 0x1804, 
  0x1804, 0x1804, 0x1804, 0x1804, 0x1804, 0x1803, 0x1803, 0x4133, 0x4133, 0x4133, 0x4133, 0x4133, 
  0x4133, 0x4133, 0x4133, 0x4133, 0x4133, 0x4133, 0x4133, 0x4133, 0x4133, 0x4133, 0x4133, 0x4133, 
  0x4133, 0x4133, 0x4133, 0x4133, 0x4133, 0x4133, 0x4133, 0x4133, 0x4133, 0x4133, 0x4133, 0x4133, 
  0x4133, 0x4133, 0x4133, 0x4133, 0x4133, 0x4133, 0x4133, 0x4133, 0x4133, 0x4133, 0x4133, 0x4133, 
  0x4133, 0x4133, 0x4133, 0x4133, 0x4133, 0x4133, 0x4133, 0x4133, 0x4133, 0x4133, 0x4133, 0x4133, 
  0x4133, 0x4133, 0x4133, 0x4133, 0x4133, 0x4133, 0x4133, 0x4133, 0x4133, 0x4133, 0x4133, 0x4133, 
  0x4133, 0x4133, 0x4133, 0x4133, 0x4133, 0x4133, 0x4133, 0x4133, 0x4133, 0x4133, 0x4133, 0x4133, 
  0x4133, 0x4133, 0x4133, 0x4133, 0x4133, 0x4133, 0x4133, 0x4133, 0x4133, 0x1803, 0x1803, 0x1804, 
  0x1804, 0x1804, 0x1804, 0x1804, 0x1804, 0x1804, 0x1804, 0x1804, 0x1804, 0x1804, 0x1804, 0x1804, 
  0x1804, 0x1804, 0x1804, 0x1804, 0x1804, 0x1804, 0x1804, 0x1804, 0x1804, 0x1804, 0x1804, 0x1804, 
  0x1804, 0x1804, 0x1804, 0x1804, 0x1804, 0x1804, 0x1804, 0x1804, 0x1804, 0x1804, 0x1804, 0x1804, 
  0x1804, 0x1804, 0x1804, 0x1804, 0x1804, 0x1804, 0x1804, 0x1804, 0x1804, 0x1804, 0x1804, 0x1804, 
  0x1804, 0x1804, 0x1804, 0x1804, 0x1804, 0x1804, 0x1804, 0x1804, 0x1804, 0x1804, 0x1804, 0x1804, 
  0x1804, 0x1804, 0x1804, 0x1804, 0x1804, 0x1804, 0x1804, 0x1804, 0x1804, 0x1804, 0x1804, 0x1804, 
  0x1804, 0x1804, 0x1804, 0x1804, 0x1804, 0x1804, 0x1804, 0x1804, 0x1804, 0x1804, 0x1804, 0x1804, 
  0x1804, 0x1804, 0x1804, 0x1804, 0x1804, 0x1804, 0x1804, 0x1804, 0x1804, 0x1804, 0x1804, 0x1804, 
  0x1804, 0x1804, 0x1804, 0x1804, 0x1804, 0x1804, 0x1804, 0x1804, 0x1804, 0x1804, 0x1804, 0x1804, 
  0x1804, 0x1804, 0x1804, 0x1804, 0x1804, 0x1804, 0x1804, 0x1804, 0x1804, 0x1804, 0x1804, 0x1804, 
  0x1804, 0x1804, 0x1804, 0x1804, 0x1804, 0x1804, 0x1804, 0x1804, 0x1804, 0x1804, 0x1804, 0x1804, 
  0x1804, 0x1804, 0x1804, 0x1804, 0x1804, 0x1804, 0x1804, 0x1804, 0x1804, 0x1804, 0x1804, 0x1804, 
  0x1804, 0x1804, 0x1804, 0x1804, 0x1804, 0x1804, 0x1804, 0x1804, 0x1804, 0x1804, 0x1804, 0x1804, 
  0x1804, 0x1804, 0x1804, 0x1804, 0x1804, 0x1804, 0x1804, 0x1804, 0x1804, 0x1804, 0x1804, 0x1804, 
  0x1804, 0x1804, 0x1804, 0x1804, 0x1804, 0x1804, 0x1804, 0x1804, 0x1804, 0x1804, 0x1804, 0x1804, 
  0x1804, 0x1804, 0x1804, 0x1804, 0x1804, 0x1804, 0x1804, 0x1804, 0x1804, 0x1804, 0x1804, 0x1804, 
  0x1804, 0x1804, 0x1804, 0x1804, 0x1804, 0x1804, 0x1804, 0x1804, 0x1804, 0x1804, 0x1804, 0x1804, 
  0x1804, 0x1804, 0x1804, 0x1804, 0x1804, 0x1804, 0x1804, 0x1804, 0x1804, 0x1804, 0x1804, 0x1804, 
  0x1804, 0x1804, 0x1804, 0x1804, 0x1804, 0x1804, 0x1804, 0x1804, 0x1804, 0x1804, 0x1804, 0x1804, 
  0x1804, 0x1804, 0x1803, 0x4133, 0x4133, 0x4133, 0x4133, 0x4133, 0x4133, 0x4133, 0x4133, 0x4133, 
  0x4133, 0x4133, 0x4133, 0x4133, 0x4133, 0x4133, 0x4133, 0x4133, 0x4133, 0x4133, 0x4133, 0x4133, 
  0x4133, 0x4133, 0x4133, 0x4133, 0x4133, 0x4133, 0x4133, 0x4133, 0x4133, 0x4133, 0x4133, 0x4133, 
  0x4133, 0x4133, 0x4133, 0x4133, 0x4133, 0x4133, 0x4133, 0x4133, 0x4133, 0x4133, 0x4133, 0x4133, 
  0x4133, 0x4133, 0x4133, 0x4133, 0x4133, 0x4133, 0x4133, 0x4133, 0x4133, 0x4133, 0x4133, 0x4133, 
  0x4133, 0x4133, 0x4133, 0x4133, 0x4133, 0x4133, 0x4133, 0x4133, 0x4133, 0x4133, 0x4133, 0x4133, 
  0x4133, 0x4133, 0x4133, 0x4133, 0x4133, 0x4133, 0x4133, 0x4133, 0x4133, 0x4133, 0x4133, 0x4133, 
  0x4133, 0x4133, 0x4133, 0x4133, 0x4133, 0x1803, 0x1804, 0x1804, 0x1804, 0x1804, 0x1804, 0x1804, 
  0x1804, 0x1804, 0x1804, 0x1804, 0x1804, 0x1804, 0x1804, 0x1804, 0x1804, 0x1804, 0x1804, 0x1804, 
  0x1804, 0x1804, 0x1804, 0x1804, 0x1804, 0x1804, 0x1804, 0x1804, 0x1804, 0x1804, 0x1804, 0x1804, 
  0x1804, 0x1804, 0x1804, 0x1804, 0x1804, 0x1804, 0x1804, 0x1804, 0x1804, 0x1804, 0x1804, 0x1804, 
  0x1804, 0x1804, 0x1804, 0x1804, 0x1804, 0x1804, 0x1804, 0x1804, 0x1804, 0x1804, 0x1804, 0x1804, 
  0x1804, 0x1804, 0x1804, 0x1804, 0x1804, 0x1804, 0x1804, 0x1804, 0x1804, 0x1804, 0x1804, 0x1804, 
  0x1804, 0x1804, 0x1804, 0x1804, 0x1804, 0x1804, 0x1804, 0x1804, 0x1804, 0x1804, 0x1804, 0x1804, 
  0x1804, 0x1804, 0x1804, 0x1804, 0x1804, 0x1804, 0x1804, 0x1804, 0x1804, 0x1804, 0x1804, 0x1804, 
  0x1804, 0x1804, 0x1804, 0x1804, 0x1804, 0x1804, 0x1804, 0x1804, 0x1804, 0x1804, 0x1804, 0x1804, 
  0x1804, 0x1804, 0x1804, 0x1804, 0x1804, 0x1804, 0x1804, 0x1804, 0x1804, 0x1804, 0x1804, 0x1804, 
  0x1804, 0x1804, 0x1804, 0x1804, 0x1804, 0x1804, 0x1804, 0x1804, 0x1804, 0x1804, 0x1804, 0x1804, 
  0x1804, 0x1804, 0x1804, 0x1804, 0x1804, 0x1804, 0x1804, 0x1804, 0x1804, 0x1804, 0x1804, 0x1804, 
  0x1804, 0x1804, 0x1804, 0x1804, 0x1804, 0x1804, 0x1804, 0x1804, 0x1804, 0x1804, 0x1804, 0x1804, 
  0x1804, 0x1804, 0x1804, 0x1804, 0x1804, 0x1804, 0x1804, 0x1804, 0x1804, 0x1804, 0x1804, 0x1804, 
  0x1804, 0x1804, 0x1804, 0x1804, 0x1804, 0x1804, 0x1804, 0x1804, 0x1804, 0x1804, 0x1804, 0x1804, 
  0x1804, 0x1804, 0x1804, 0x1804, 0x1804, 0x1804, 0x1804, 0x1804, 0x1804, 0x1804, 0x1804, 0x1804, 
  0x1804, 0x1804, 0x1804, 0x1804, 0x1804, 0x1804, 0x1804, 0x1804, 0x1804, 0x1804, 0x1804, 0x1804, 
  0x1804, 0x1804, 0x1804, 0x1804, 0x1804, 0x1804, 0x1804, 0x1804, 0x1804, 0x1804, 0x1804, 0x1804, 
  0x1804, 0x1804, 0x1804, 0x1804, 0x1804, 0x1804, 0x1804, 0x1804, 0x1804, 0x1804, 0x1804, 0x1804, 
  0x1804, 0x1804, 0x1804, 0x1804, 0x1804, 0x1804, 0x1804, 0x1804, 0x1804, 0x1804, 0x1803, 0x4133, 
  0x4133, 0x4133, 0x4133, 0x4133, 0x4133, 0x4133, 0x4133, 0x4133, 0x4133, 0x4133, 0x4133, 0x4133, 
  0x4133, 0x4133, 0x4133, 0x4133, 0x4133, 0x4133, 0x4133, 0x4133, 0x4133, 0x4133, 0x4133, 0x4133, 
  0x4133, 0x4133, 0x4133, 0x4133, 0x4133, 0x4133, 0x4133, 0x4133, 0x4133, 0x4133, 0x4133, 0x4133, 
  0x4133, 0x4133, 0x4133, 0x4133, 0x4133, 0x4133, 0x4133, 0x4133, 0x4133, 0x4133, 0x4133, 0x4133, 
  0x4133, 0x4133, 0x4133, 0x4133, 0x4133, 0x4133, 0x4133, 0x4133, 0x4133, 0x4133, 0x4133, 0x4133, 
  0x4133, 0x4133, 0x4133, 0x4133, 0x4133, 0x4133, 0x4133, 0x4133, 0x4133, 0x4133, 0x4133, 0x4133, 
  0x4133, 0x4133, 0x4133, 0x4133, 0x4133, 0x4133, 0x4133, 0x4133, 0x4133, 0x4133, 0x4133, 0x4133, 
  0x4133, 0x1803, 0x1804, 0x1804, 0x1804, 0x1804, 0x1804, 0x1804, 0x1804, 0x1804, 0x1804, 0x1804, 
  0x1804, 0x1804, 0x1804, 0x1804, 0x1804, 0x1804, 0x1804, 0x1804, 0x1804, 0x1804, 0x1804, 0x1804, 
  0x1804, 0x1804, 0x1804, 0x1804, 0x1804, 0x1804, 0x1804, 0x1804, 0x1804, 0x1804, 0x1804, 0x1804, 
  0x1804, 0x1804, 0x1804, 0x1804, 0x1804, 0x1804, 0x1804, 0x1804, 0x1804, 0x1804, 0x1804, 0x1804, 
  0x1804, 0x1804, 0x1804, 0x1804, 0x1804, 0x1804, 0x1804, 0x1804, 0x1804, 0x1804, 0x1804, 0x1804, 
  0x1804, 0x1804, 0x1804, 0x1804, 0x1804, 0x1804, 0x1804, 0x1804, 0x1804, 0x1804, 0x1804, 0x1804, 
  0x1804, 0x1804, 0x1804, 0x1804, 0x1804, 0x1804, 0x1804, 0x1804, 0x1804, 0x1804, 0x1804, 0x1804, 
  0x1804, 0x1804, 0x1804, 0x1804, 0x1804, 0x1804, 0x1804, 0x1804, 0x1804, 0x1804, 0x1804, 0x1804, 
  0x1804, 0x1804, 0x1804, 0x1804, 0x1804, 0x1804, 0x1804, 0x1804, 0x1804, 0x1804, 0x1804, 0x1804, 
  0x1804, 0x1804, 0x1804, 0x1804, 0x1804, 0x1804, 0x1804, 0x1804, 0x1804, 0x1804, 0x1804, 0x1804, 
  0x1804, 0x1804, 0x1804, 0x1804, 0x1804, 0x1804, 0x1804, 0x1804, 0x1804, 0x1804, 0x1804, 0x1804, 
  0x1804, 0x1804, 0x1804, 0x2004, 0x1804, 0x1804, 0x1804, 0x1804, 0x1804, 0x1804, 0x1804, 0x1804, 
  0x1804, 0x1804, 0x1804, 0x1804, 0x1804, 0x1804, 0x1804, 0x1804, 0x1804, 0x1804, 0x1804, 0x1804, 
  0x1804, 0x1804, 0x1804, 0x1804, 0x1804, 0x1804, 0x1804, 0x1804, 0x1804, 0x1804, 0x1804, 0x2004, 
  0x1804, 0x1804, 0x1804, 0x1804, 0x1804, 0x2004, 0x1804, 0x1804, 0x1804, 0x2004, 0x1804, 0x1804, 
  0x1804, 0x1804, 0x1804, 0x1804, 0x1804, 0x1804, 0x1804, 0x1804, 0x1804, 0x1804, 0x1804, 0x1804, 
  0x1804, 0x1804, 0x1804, 0x1804, 0x1804, 0x1804, 0x1804, 0x1804, 0x1804, 0x1804, 0x1804, 0x1804, 
  0x1804, 0x1804, 0x1804, 0x1804, 0x1804, 0x1804, 0x1804, 0x1804, 0x1804, 0x1804, 0x1804, 0x1804, 
  0x1804, 0x2004, 0x1804, 0x1804, 0x1804, 0x1804, 0x1804, 0x1804, 0x1804, 0x1804, 0x1804, 0x1804, 
  0x1804, 0x1804, 0x1804, 0x2004, 0x1804, 0x1804, 0x1804, 0x4133, 0x4133, 0x4133, 0x4133, 0x4133, 
  0x4133, 0x4133, 0x4133, 0x4133, 0x4133, 0x4133, 0x4133, 0x4133, 0x4133, 0x4133, 0x4133, 0x4133, 
  0x4133, 0x4133, 0x4133, 0x4133, 0x4133, 0x4133, 0x4133, 0x4133, 0x4133, 0x4133, 0x4133, 0x4133, 
  0x4133, 0x4133, 0x4133, 0x4133, 0x4133, 0x4133, 0x4133, 0x4133, 0x4133, 0x4133, 0x4133, 0x4133, 
  0x4133, 0x4133, 0x4133, 0x4133, 0x4133, 0x4133, 0x4133, 0x4133, 0x4133, 0x4133, 0x4133, 0x4133, 
  0x4133, 0x4133, 0x4133, 0x4133, 0x4133, 0x4133, 0x4133, 0x4133, 0x4133, 0x4133, 0x4133, 0x4133, 
  0x4133, 0x4133, 0x4133, 0x4133, 0x4133, 0x4133, 0x4133, 0x4133, 0x4133, 0x4133, 0x4133, 0x4133, 
  0x4133, 0x4133, 0x4133, 0x4133, 0x4133, 0x4133, 0x4133, 0x4133, 0x4133, 0x1804, 0x1804, 0x1804, 
  0x1804, 0x1804, 0x1804, 0x1804, 0x1804, 0x1804, 0x1804, 0x1804, 0x1804, 0x1804, 0x1804, 0x1804, 
  0x2004, 0x1804, 0x1804, 0x1804, 0x1804, 0x1804, 0x1804, 0x1804, 0x1804, 0x1804, 0x1804, 0x2004, 
  0x1804, 0x1804, 0x1804, 0x1804, 0x1804, 0x1804, 0x1804, 0x1804, 0x1804, 0x1804, 0x1804, 0x1804, 
  0x1804, 0x1804, 0x1804, 0x1804, 0x1804, 0x1804, 0x1804, 0x1804, 0x1804, 0x1804, 0x1804, 0x1804, 
  0x1804, 0x1804, 0x1804, 0x1804, 0x1804, 0x1804, 0x1804, 0x1804, 0x1804, 0x1804, 0x1804, 0x1804, 
  0x1804, 0x1804, 0x1804, 0x1804, 0x1804, 0x1804, 0x1804, 0x2004, 0x1804, 0x1804, 0x1804, 0x1804, 
  0x1804, 0x1804, 0x1804, 0x1804, 0x1804, 0x1804, 0x1804, 0x1804, 0x1804, 0x1804, 0x1804, 0x1804, 
  0x1804, 0x1804, 0x1804, 0x1804, 0x1804, 0x1804, 0x1804, 0x1804, 0x1804, 0x1804, 0x1804, 0x1804, 
  0x1804, 0x1804, 0x1804, 0x2004, 0x1804, 0x1804, 0x1804, 0x1804, 0x1804, 0x2004, 0x1804, 0x1804, 
  0x1804, 0x2004, 0x1804, 0x1804, 0x1804, 0x1804, 0x1804, 0x1804, 0x1804, 0x1804, 0x1804, 0x1804, 
  0x1804, 0x1804, 0x1804, 0x1804, 0x1804, 0x1804, 0x1804, 0x1804, 0x1804, 0x2004, 0x1804, 0x2004, 
  0x1804, 0x1804, 0x1804, 0x1804, 0x1804, 0x1804, 0x1804, 0x1804, 0x2004, 0x1804, 0x1804, 0x1804, 
  0x1804, 0x2004, 0x1804, 0x2004, 0x2004, 0x1804, 0x1804, 0x1804, 0x1804, 0x1804, 0x1804, 0x1804, 
  0x1804, 0x2004, 0x1804, 0x1804, 0x1804, 0x1804, 0x1804, 0x1804, 0x1804, 0x2004, 0x2004, 0x1804, 
  0x1804, 0x2004, 0x1804, 0x1804, 0x1804, 0x1804, 0x1804, 0x1804, 0x1804, 0x1804, 0x2004, 0x2004, 
  0x2004, 0x1804, 0x1804, 0x2004, 0x1804, 0x2004, 0x1804, 0x1804, 0x2004, 0x1804, 0x1804, 0x2004, 
  0x1804, 0x1804, 0x1804, 0x1804, 0x1804, 0x1804, 0x1804, 0x2004, 0x2004, 0x1804, 0x1804, 0x1804, 
  0x2004, 0x1804, 0x1804, 0x1804, 0x1804, 0x1804, 0x1804, 0x1804, 0x1804, 0x1804, 0x2004, 0x1804, 
  0x2004, 0x1804, 0x1804, 0x1804, 0x1804, 0x1804, 0x2004, 0x1804, 0x1804, 0x2004, 0x1804, 0x2004, 
  0x1804, 0x1804, 0x1804, 0x4133, 0x4133, 0x4133, 0x4133, 0x4133, 0x4133, 0x4133, 0x4133, 0x4133, 
  0x4133, 0x4133, 0x4133, 0x4133, 0x4133, 0x4133, 0x4133, 0x4133, 0x4133, 0x4133, 0x4133, 0x4133, 
  0x4133, 0x4133, 0x4133, 0x4133, 0x4133, 0x4133, 0x4133, 0x4133, 0x4133, 0x4133, 0x4133, 0x4133, 
  0x4133, 0x4133, 0x4133, 0x4133, 0x4133, 0x4133, 0x4133, 0x4133, 0x4133, 0x4133, 0x4133, 0x4133, 
  0x4133, 0x4133, 0x4133, 0x4133, 0x4133, 0x4133, 0x4133, 0x4133, 0x4133, 0x4133, 0x4133, 0x4133, 
  0x4133, 0x4133, 0x4133, 0x4133, 0x4133, 0x4133, 0x4133, 0x4133, 0x4133, 0x4133, 0x4133, 0x4133, 
  0x4133, 0x4133, 0x4133, 0x4133, 0x4133, 0x4133, 0x4133, 0x4133, 0x4133, 0x4133, 0x4133, 0x4133, 
  0x4133, 0x4133, 0x4133, 0x4133, 0x4133, 0x1804, 0x1804, 0x1804, 0x1804, 0x1804, 0x1804, 0x1804, 
  0x2004, 0x2004, 0x1804, 0x1804, 0x1804, 0x1804, 0x1804, 0x1804, 0x2004, 0x1804, 0x1804, 0x1804, 
  0x1804, 0x2004, 0x1804, 0x1804, 0x1804, 0x2004, 0x2004, 0x1804, 0x1804, 0x1804, 0x2004, 0x2004, 
  0x2004, 0x1804, 0x1804, 0x1804, 0x1804, 0x1804, 0x1804, 0x2004, 0x1804, 0x1804, 0x1804, 0x2004, 
  0x1804, 0x1804, 0x1804, 0x2004, 0x2004, 0x1804, 0x1804, 0x1804, 0x1804, 0x1804, 0x1804, 0x1804, 
  0x1804, 0x1804, 0x1804, 0x1804, 0x1804, 0x1804, 0x1804, 0x1804, 0x1804, 0x1804, 0x1804, 0x1804, 
  0x1804, 0x2004, 0x1804, 0x2004, 0x1804, 0x1804, 0x1804, 0x1804, 0x1804, 0x1804, 0x1804, 0x1804, 
  0x2004, 0x1804, 0x1804, 0x1804, 0x1804, 0x2004, 0x1804, 0x2004, 0x2004, 0x1804, 0x1804, 0x1804, 
  0x1804, 0x1804, 0x1804, 0x1804, 0x1804, 0x2004, 0x1804, 0x1804, 0x1804, 0x1804, 0x1804, 0x1804, 
  0x1804, 0x2004, 0x2004, 0x1804, 0x1804, 0x2004, 0x1804, 0x1804, 0x1804, 0x1804, 0x1804, 0x1804, 
  0x1804, 0x1804, 0x2004, 0x2004, 0x2004, 0x1804, 0x1804, 0x2004, 0x2004, 0x2004, 0x2004, 0x1804, 
  0x2004, 0x2004, 0x1804, 0x2004, 0x2004, 0x2004, 0x1804, 0x2004, 0x2004, 0x2004, 0x2004, 0x2004, 
  0x1804, 0x1804, 0x2004, 0x2004, 0x2004, 0x2004, 0x2004, 0x2004, 0x2004, 0x1804, 0x1804, 0x2004, 
  0x2004, 0x1804, 0x2004, 0x1804, 0x2004, 0x2004, 0x1804, 0x1804, 0x2004, 0x2004, 0x2004, 0x2004, 
  0x2004, 0x2004, 0x2004, 0x2004, 0x1804, 0x1804, 0x1804, 0x1804, 0x2004, 0x1804, 0x2004, 0x2004, 
  0x1804, 0x2004, 0x2004, 0x2004, 0x2004, 0x1804, 0x1804, 0x1804, 0x1804, 0x1804, 0x2004, 0x1804, 
  0x2004, 0x1804, 0x2004, 0x2004, 0x2004, 0x1804, 0x1804, 0x2004, 0x2004, 0x1804, 0x2004, 0x2004, 
  0x1804, 0x2004, 0x2004, 0x2004, 0x2004, 0x2004, 0x2004, 0x2004, 0x2004, 0x1804, 0x2004, 0x1804, 
  0x1804, 0x2004, 0x2004, 0x2004, 0x2004, 0x1804, 0x2004, 0x1804, 0x2004, 0x1804, 0x1804, 0x2004, 
  0x1804, 0x2004, 0x1804, 0x2004, 0x2004, 0x1804, 0x2004, 0x2004, 0x1804, 0x1804, 0x1804, 0x4133, 
  0x4133, 0x4133, 0x4133, 0x4133, 0x4133, 0x4133, 0x4133, 0x4133, 0x4133, 0x4133, 0x4133, 0x4133, 
  0x4133, 0x4133, 0x4133, 0x4133, 0x4133, 0x4133, 0x4133, 0x4133, 0x4133, 0x4133, 0x4133, 0x4133, 
  0x4133, 0x4133, 0x4133, 0x4133, 0x4133, 0x4133, 0x4133, 0x4133, 0x4133, 0x4133, 0x4133, 0x4133, 
  0x4133, 0x4133, 0x4133, 0x4133, 0x4133, 0x4133, 0x4133, 0x4133, 0x4133, 0x4133, 0x4133, 0x4133, 
  0x4133, 0x4133, 0x4133, 0x4133, 0x4133, 0x4133, 0x4133, 0x4133, 0x4133, 0x4133, 0x4133, 0x4133, 
  0x4133, 0x4133, 0x4133, 0x4133, 0x4133, 0x4133, 0x4133, 0x4133, 0x4133, 0x4133, 0x4133, 0x4133, 
  0x4133, 0x4133, 0x4133, 0x4133, 0x4133, 0x4133, 0x4133, 0x4133, 0x4133, 0x4133, 0x4133, 0x4133, 
  0x4133, 0x1804, 0x1804, 0x1804, 0x2004, 0x2004, 0x1804, 0x2004, 0x2004, 0x1804, 0x1804, 0x1804, 
  0x2004, 0x2004, 0x2004, 0x2004, 0x2004, 0x1804, 0x2004, 0x1804, 0x1804, 0x1804, 0x2004, 0x2004, 
  0x2004, 0x1804, 0x2004, 0x2004, 0x2004, 0x2004, 0x1804, 0x1804, 0x1804, 0x1804, 0x2004, 0x1804, 
  0x2004, 0x2004, 0x2004, 0x2004, 0x1804, 0x2004, 0x2004, 0x1804, 0x1804, 0x2004, 0x2004, 0x2004, 
  0x2004, 0x1804, 0x2004, 0x1804, 0x1804, 0x2004, 0x2004, 0x1804, 0x2004, 0x1804, 0x2004, 0x2004, 
  0x2004, 0x2004, 0x2004, 0x1804, 0x2004, 0x2004, 0x1804, 0x2004, 0x2004, 0x2004, 0x1804, 0x2004, 
  0x2004, 0x2004, 0x2004, 0x2004, 0x1804, 0x1804, 0x2004, 0x2004, 0x2004, 0x2004, 0x2004, 0x2004, 
  0x2004, 0x1804, 0x1804, 0x2004, 0x2004, 0x1804, 0x2004, 0x1804, 0x2004, 0x2004, 0x1804, 0x1804, 
  0x2004, 0x2004, 0x2004, 0x2004, 0x2004, 0x2004, 0x2004, 0x2004, 0x1804, 0x1804, 0x1804, 0x1804, 
  0x2004, 0x1804, 0x2004, 0x2004, 0x1804, 0x2004, 0x2004, 0x2004, 0x2004, 0x1804, 0x1804, 0x1804, 
  0x1804, 0x1804, 0x2004, 0x1804, 0x2004, 0x2004, 0x2004, 0x2004, 0x2004, 0x2004, 0x2004, 0x2004, 
  0x2004, 0x2004, 0x2004, 0x2004, 0x2004, 0x2004, 0x1804, 0x2004, 0x2004, 0x2004, 0x2004, 0x2004, 
  0x2004, 0x1804, 0x2004, 0x2004, 0x2004, 0x2004, 0x1804, 0x2004, 0x2004, 0x2004, 0x2004, 0x2004, 
  0x2004, 0x2004, 0x2004, 0x2004, 0x2004, 0x2004, 0x2004, 0x2004, 0x2004, 0x2004, 0x2004, 0x2004, 
  0x2004, 0x2004, 0x2004, 0x2004, 0x2004, 0x1804, 0x2004, 0x2004, 0x2004, 0x2004, 0x2004, 0x2004, 
  0x2004, 0x2004, 0x2004, 0x2004, 0x2004, 0x2004, 0x1804, 0x2004, 0x2004, 0x2004, 0x2004, 0x2004, 
  0x2004, 0x2004, 0x2004, 0x2004, 0x2004, 0x2004, 0x2004, 0x2004, 0x2004, 0x2004, 0x1804, 0x2004, 
  0x2004, 0x2004, 0x2004, 0x2004, 0x2004, 0x2004, 0x2004, 0x2004, 0x2004, 0x1804, 0x2004, 0x2004, 
  0x2004, 0x2004, 0x2004, 0x2004, 0x2004, 0x2004, 0x2004, 0x2004, 0x2004, 0x2004, 0x2004, 0x1804, 
  0x1804, 0x2004, 0x2004, 0x2004, 0x1804, 0x1804, 0x1804, 0x4133, 0x4133, 0x4133, 0x4133, 0x4133, 
  0x4133, 0x4133, 0x4133, 0x4133, 0x4133, 0x4133, 0x4133, 0x4133, 0x4133, 0x4133, 0x4133, 0x4133, 
  0x4133, 0x4133, 0x4133, 0x4133, 0x4133, 0x4133, 0x4133, 0x4133, 0x4133, 0x4133, 0x4133, 0x4133, 
  0x4133, 0x4133, 0x4133, 0x4133, 0x4133, 0x4133, 0x4133, 0x4133, 0x4133, 0x4133, 0x4133, 0x4133, 
  0x4133, 0x4133, 0x4133, 0x4133, 0x4133, 0x4133, 0x4133, 0x4133, 0x4133, 0x4133, 0x4133, 0x4133, 
  0x4133, 0x4133, 0x4133, 0x4133, 0x4133, 0x4133, 0x4133, 0x4133, 0x4133, 0x4133, 0x4133, 0x4133, 
  0x4133, 0x4133, 0x4133, 0x4133, 0x4133, 0x4133, 0x4133, 0x4133, 0x4133, 0x4133, 0x4133, 0x4133, 
  0x4133, 0x4133, 0x4133, 0x4133, 0x4133, 0x4133, 0x4133, 0x4133, 0x4133, 0x1804, 0x1804, 0x2004, 
  0x2004, 0x2004, 0x2004, 0x2004, 0x2004, 0x2004, 0x2004, 0x1804, 0x2004, 0x2004, 0x2004, 0x2004, 
  0x2004, 0x2004, 0x2004, 0x2004, 0x2004, 0x2004, 0x2004, 0x2004, 0x2004, 0x2004, 0x2004, 0x2004, 
  0x2004, 0x2004, 0x2004, 0x2004, 0x2004, 0x2004, 0x2004, 0x2004, 0x2004, 0x2004, 0x2004, 0x2004, 
  0x2004, 0x2004, 0x2004, 0x2004, 0x2004, 0x2004, 0x2004, 0x2004, 0x2004, 0x2004, 0x2004, 0x2004, 
  0x1804, 0x2004, 0x2004, 0x2004, 0x2004, 0x2004, 0x2004, 0x2004, 0x2004, 0x2004, 0x2004, 0x2004, 
  0x2004, 0x2004, 0x2004, 0x2004, 0x2004, 0x2004, 0x2004, 0x2004, 0x2004, 0x2004, 0x1804, 0x2004, 
  0x2004, 0x2004, 0x2004, 0x2004, 0x2004, 0x1804, 0x2004, 0x2004, 0x2004, 0x2004, 0x1804, 0x2004, 
  0x2004, 0x2004, 0x2004, 0x2004, 0x2004, 0x2004, 0x2004, 0x2004, 0x2004, 0x2004, 0x2004, 0x2004, 
  0x2004, 0x2004, 0x2004, 0x2004, 0x2004, 0x2004, 0x2004, 0x2004, 0x2004, 0x1804, 0x2004, 0x2004, 
  0x2004, 0x2004, 0x2004, 0x2004, 0x2004, 0x2004, 0x2004, 0x2004, 0x2004, 0x2004, 0x1804, 0x2004, 
  0x2004, 0x2004, 0x2004, 0x2004, 0x2004, 0x2004, 0x2004, 0x2004, 0x2004, 0x2004, 0x1804, 0x2004, 
  0x2004, 0x2004, 0x2004, 0x2004, 0x2004, 0x2004, 0x2004, 0x2004, 0x2004, 0x2004, 0x2004, 0x2004, 
  0x520b, 0xc619, 0xc619, 0xc619, 0xbd97, 0x3908, 0x2004, 0x2004, 0x2004, 0x2004, 0x3908, 0xc5f9, 
  0x2886, 0x2004, 0x2004, 0xc619, 0xc619, 0xc619, 0xc5f9, 0xc619, 0xc5f9, 0x8c12, 0x4989, 0xc619, 
  0xc619, 0xc5f9, 0xc619, 0xc619, 0xc5f9, 0x4989, 0x2886, 0xc5f9, 0xc619, 0xc619, 0xc619, 0xc5f9, 
  0x4989, 0x2004, 0xacf5, 0xc5f9, 0xc619, 0xc619, 0x72ee, 0x2004, 0x2004, 0xbd97, 0x3908, 0x2004, 
  0x2004, 0x2004, 0x4989, 0xad15, 0x2886, 0x2004, 0x2004, 0x2004, 0x2004, 0x2004, 0x2004, 0x2004, 
  0x2004, 0x2004, 0x2004, 0x2004, 0x2004, 0x2004, 0x2004, 0x2004, 0x2004, 0x2004, 0x2004, 0x2004, 
  0x2004, 0x2004, 0x2004, 0x2004, 0x2004, 0x2004, 0x2004, 0x2004, 0x2004, 0x2004, 0x2004, 0x2004, 
  0x2004, 0x2004, 0x1804, 0x4133, 0x4133, 0x4133, 0x4133, 0x4133, 0x4133, 0x4133, 0x4133, 0xbd7b, 
  0xd65c, 0xd65c, 0xd65c, 0x8bb8, 0x5a15, 0x4133, 0x4133, 0x4133, 0x4133, 0x6276, 0xd65c, 0x5194, 
  0x4133, 0x4133, 0x4133, 0x4133, 0x8bb8, 0xd65c, 0xdebd, 0xbd7b, 0x5a15, 0x4133, 0x4133, 0xbd7b, 
  0x5a15, 0x4133, 0x4133, 0x4133, 0x5194, 0xc5dc, 0x4133, 0x4133, 0xd65c, 0xd65c, 0xd65c, 0xd65c, 
  0x8bb8, 0x4133, 0x4133, 0x4133, 0x4133, 0x8bb8, 0xd65c, 0xdebd, 0xbd7b, 0x5a15, 0x4133, 0x4133, 
  0x4133, 0x4133, 0x5a15, 0xd65c, 0x72d6, 0x4133, 0x4133, 0x4133, 0x72f6, 0xd65c, 0xd65c, 0xd65c, 
  0xc5dc, 0x6276, 0x4133, 0x4133, 0x9439, 0xd65c, 0xd65c, 0xd65c, 0xacfa, 0x5a15, 0x4133, 0x4133, 
  0x4133, 0x4133, 0x4133, 0x4133, 0x4133, 0x1804, 0x2004, 0x2004, 0x2004, 0x2004, 0x2004, 0x2004, 
  0x2004, 0x2004, 0x2004, 0x2004, 0x2004, 0x2004, 0x2004, 0x2004, 0x2004, 0x2004, 0x2004, 0x2004, 
  0x2004, 0x2004, 0x2004, 0x2004, 0x2004, 0x2004, 0x2004, 0x2004, 0x2004, 0x2004, 0x2004, 0x2004, 
  0x2004, 0x2004, 0x2004, 0x2004, 0x2004, 0x2004, 0x2004, 0x2004, 0x2004, 0x2004, 0x2004, 0x2004, 
  0x2004, 0x2004, 0x2004, 0x2004, 0x2004, 0xc619, 0x2004, 0x2004, 0x2004, 0x2004, 0x2004, 0x2004, 
  0x2886, 0x9c94, 0xe6fc, 0xd67a, 0x8390, 0x2886, 0x2004, 0x2004, 0x2004, 0x2886, 0x9412, 0xd67a, 
  0xd67a, 0xacf5, 0x3908, 0x2004, 0x2004, 0x2004, 0x730e, 0xc619, 0xd67a, 0xacf5, 0x3908, 0x2004, 
  0x2004, 0x2004, 0x2004, 0x2004, 0x2004, 0x2004, 0x2004, 0x2004, 0x2004, 0x2004, 0x2004, 0x2004, 
  0x2004, 0x2004, 0x2004, 0x2004, 0x2004, 0x2004, 0x2004, 0x2004, 0x2004, 0x2004, 0x2004, 0x2004, 
  0x2004, 0x2004, 0x2004, 0x2004, 0x2004, 0x2004, 0x2004, 0x2004, 0x2004, 0x2004, 0x2004, 0x2004, 
  0x2004, 0x2004, 0x2004, 0x2004, 0x2004, 0x2004, 0x2004, 0x2004, 0x2004, 0x2004, 0x2004, 0x2004, 
  0x2004, 0x2004, 0x2004, 0x2004, 0x2004, 0x2004, 0x2004, 0x2004, 0x2004, 0x2004, 0x2004, 0x2004, 
  0x2004, 0x2004, 0x2004, 0x2004, 0x2004, 0x2004, 0x2004, 0x2004, 0x730e, 0xd67a, 0x59eb, 0x5a0b, 
  0x730e, 0xe6fc, 0x2886, 0x2004, 0x2004, 0x2004, 0xad15, 0xf77e, 0x8390, 0x2004, 0x2004, 0x5a0b, 
  0x5a0b, 0x8390, 0xf77e, 0x59eb, 0x59eb, 0x3908, 0x2886, 0x59eb, 0x5a0b, 0xad15, 0xacf5, 0x5a0b, 
  0x59eb, 0x2886, 0x3908, 0xffff, 0x5a0b, 0x5a0b, 0x5a0b, 0x59eb, 0x2886, 0x2004, 0xe71c, 0x730e, 
  0x5a0b, 0x5a0b, 0xbd77, 0xbd77, 0x2004, 0x9412, 0xc5f9, 0x2004, 0x2004, 0x2004, 0xe6fc, 0x730e, 
  0x2004, 0x2004, 0x2004, 0x2004, 0x2004, 0x2004, 0x2004, 0x2004, 0x2004, 0x2004, 0x2004, 0x2004, 
  0x2004, 0x2004, 0x2004, 0x2004, 0x2004, 0x2004, 0x2004, 0x2004, 0x2004, 0x2004, 0x2004, 0x2004, 
  0x2004, 0x2004, 0x2004, 0x2004, 0x2004, 0x2004, 0x2004, 0x2004, 0x2004, 0x2004, 0x1804, 0x4133, 
  0x4133, 0x4133, 0x4133, 0x4133, 0x4133, 0x4133, 0x4133, 0xef3e, 0x9439, 0x72d6, 0x72d6, 0xbd7b, 
  0xef3e, 0x5a15, 0x4133, 0x4133, 0x4133, 0xbd7b, 0xf79f, 0x8bb8, 0x4133, 0x4133, 0x4133, 0x8bb8, 
  0xe71e, 0x72d6, 0x5a15, 0x9439, 0xf79f, 0x5194, 0x4133, 0xef3e, 0x5a15, 0x4133, 0x4133, 0x4133, 
  0x5a15, 0xe73e, 0x4133, 0x4133, 0xffff, 0x8bb8, 0x72d6, 0x72d6, 0xdebd, 0xa499, 0x4133, 0x4133, 
  0xa499, 0xdebd, 0x72d6, 0x6a76, 0x8bb8, 0xe73e, 0x6276, 0x4133, 0x4133, 0x4133, 0x8bb8, 0xf79f, 
  0xa499, 0x4133, 0x4133, 0x4133, 0x8bb8, 0xdebd, 0x72d6, 0x72d6, 0x8bb8, 0xf79f, 0x72d6, 0x4133, 
  0xbd7b, 0xacfa, 0x72d6, 0x72d6, 0xacfa, 0xf79f, 0x6276, 0x4133, 0x4133, 0x4133, 0x4133, 0x4133, 
  0x4133, 0x1804, 0x1804, 0x2004, 0x2004, 0x2004, 0x2004, 0x2004, 0x2004, 0x2004, 0x2004, 0x2004, 
  0x2004, 0x2004, 0x2004, 0x2004, 0x2004, 0x2004, 0x2004, 0x2004, 0x2004, 0x2004, 0x2004, 0x2004, 
  0x2004, 0x2004, 0x2004, 0x2004, 0x2004, 0x2004, 0x2004, 0x2004, 0x2004, 0x2004, 0x2004, 0x2004, 
  0x2004, 0x2004, 0x2004, 0x2004, 0x2004, 0x2004, 0x2004, 0x2004, 0x2004, 0x2004, 0x2004, 0x2004, 
  0x2004, 0xffff, 0x2004, 0x2004, 0x2004, 0x2004, 0x2004, 0x3908, 0xe6fc, 0x9c74, 0x3908, 0x59eb, 
  0xad15, 0xd67a, 0x2004, 0x2004, 0x2004, 0xe6fc, 0x9c74, 0x5a0b, 0x4989, 0xacf5, 0xe6fc, 0x2886, 
  0x2004, 0x730e, 0xe6fc, 0x5a0b, 0x3908, 0x8390, 0xe6fc, 0x2886, 0x2004, 0x2004, 0x2004, 0x2004, 
  0x2004, 0x2004, 0x2004, 0x2004, 0x2004, 0x2004, 0x2004, 0x2004, 0x2004, 0x2004, 0x2004, 0x2004, 
  0x2004, 0x2004, 0x2004, 0x2004, 0x2004, 0x2004, 0x2004, 0x2004, 0x2004, 0x2004, 0x2004, 0x2004, 
  0x2004, 0x2004, 0x2004, 0x2004, 0x2004, 0x2004, 0x2004, 0x2004, 0x2004, 0x2004, 0x2004, 0x2004, 
  0x2004, 0x2004, 0x2004, 0x2004, 0x2004, 0x2004, 0x2004, 0x2004, 0x2004, 0x2004, 0x2005, 0x2004, 
  0x2004, 0x2004, 0x2004, 0x2004, 0x2005, 0x2004, 0x2004, 0x2005, 0x2004, 0x2004, 0x2004, 0x2004, 
  0x2004, 0x2004, 0x2004, 0x2005, 0x730f, 0xc5f9, 0x2004, 0x2004, 0x2004, 0xad15, 0x72ef, 0x2004, 
  0x2004, 0x2004, 0xe6fc, 0x730f, 0xc5f9, 0x2004, 0x2004, 0x2004, 0x2004, 0x5a0b, 0xe6fc, 0x2004, 
  0x2004, 0x2004, 0x2004, 0x2004, 0x2004, 0x9412, 0x93f2, 0x2004, 0x2004, 0x2004, 0x3908, 0xffff, 
  0x2004, 0x2004, 0x2005, 0x2004, 0x2004, 0x2004, 0xe71c, 0x3908, 0x2005, 0x2004, 0x2886, 0xf77e, 
  0x2004, 0x2886, 0xe6fc, 0x5a0b, 0x2004, 0x8390, 0xbd77, 0x2004, 0x2004, 0x2004, 0x2004, 0x2004, 
  0x2004, 0x2004, 0x2004, 0x2004, 0x2004, 0x2004, 0x2004, 0x2004, 0x2004, 0x2004, 0x2004, 0x2004, 
  0x2004, 0x2004, 0x2004, 0x2004, 0x2004, 0x2004, 0x2004, 0x2004, 0x2004, 0x2004, 0x2004, 0x2004, 
  0x2004, 0x2004, 0x2004, 0x2004, 0x2004, 0x2004, 0x1804, 0x4133, 0x4133, 0x4133, 0x4133, 0x4133, 
  0x4133, 0x4133, 0x4133, 0xef3e, 0x72d6, 0x4133, 0x4133, 0x4133, 0xad1a, 0xacfa, 0x4133, 0x4133, 
  0x4133, 0xf79f, 0x8bb8, 0xd65c, 0x4133, 0x4133, 0x4133, 0xbd7b, 0x8bb8, 0x4133, 0x4133, 0x4133, 
  0x9439, 0x5a15, 0x4133, 0xef3e, 0x5a15, 0x4133, 0x4133, 0x4133, 0x5a15, 0xef3e, 0x4133, 0x4133, 
  0xffff, 0x5a15, 0x4133, 0x4133, 0x8357, 0xc5dc, 0x4133, 0x5a15, 0xe71e, 0x5a15, 0x4133, 0x4133, 
  0x4133, 0x7b57, 0xd65c, 0x4133, 0x4133, 0x4133, 0xdebd, 0x7b57, 0xf79f, 0x4133, 0x4133, 0x4133, 
  0x8bb8, 0xd65c, 0x4133, 0x4133, 0x4133, 0xad1a, 0xacfa, 0x4133, 0xbd7b, 0x8bb8, 0x4133, 0x4133, 
  0x4133, 0x7b57, 0xd65c, 0x4133, 0x4133, 0x4133, 0x4133, 0x4133, 0x4133, 0x1804, 0x2004, 0x2004, 
  0x2005, 0x2004, 0x2004, 0x2004, 0x2004, 0x2004, 0x2004, 0x2004, 0x2004, 0x2004, 0x2004, 0x2004, 
  0x2004, 0x2004, 0x2004, 0x2004, 0x2004, 0x2005, 0x2004, 0x2004, 0x2004, 0x2004, 0x2004, 0x2004, 
  0x2004, 0x2004, 0x2004, 0x2004, 0x2004, 0x2004, 0x2004, 0x2004, 0x2004, 0x2004, 0x2004, 0x2004, 
  0x2004, 0x2004, 0x2004, 0x2004, 0x2004, 0x2004, 0x2004, 0x2005, 0x2004, 0xffff, 0x2004, 0x2004, 
  0x2004, 0x2004, 0x2004, 0xad15, 0xacf5, 0x2004, 0x2005, 0x2004, 0x2004, 0xc5f9, 0x72ef, 0x2004, 
  0x730f, 0xacf5, 0x2005, 0x2004, 0x2004, 0x2004, 0xcdf9, 0x9412, 0x2005, 0xacf5, 0x730f, 0x2005, 
  0x2004, 0x2004, 0x8370, 0x3908, 0x2004, 0x2004, 0x2004, 0x2005, 0x2004, 0x2004, 0x2004, 0x2004, 
  0x2004, 0x2004, 0x2004, 0x2004, 0x2004, 0x2004, 0x2004, 0x2004, 0x2004, 0x2004, 0x2004, 0x2004, 
  0x2004, 0x2004, 0x2004, 0x2004, 0x2004, 0x2004, 0x2004, 0x2004, 0x2004, 0x2004, 0x2004, 0x2004, 
  0x2004, 0x2004, 0x2004, 0x2004, 0x2004, 0x2004, 0x2005, 0x2004, 0x2004, 0x2004, 0x2004, 0x2004, 
  0x2005, 0x2005, 0x2004, 0x2005, 0x2005, 0x2005, 0x2005, 0x2005, 0x2005, 0x2005, 0x2004, 0x2005, 
  0x2005, 0x2005, 0x2005, 0x2005, 0x2004, 0x2005, 0x2005, 0x2005, 0x2005, 0x2005, 0x2005, 0x2005, 
  0x730f, 0xc5f9, 0x2005, 0x2005, 0x3908, 0xe6fc, 0x3908, 0x2004, 0x2004, 0x5a0b, 0xc5f9, 0x2005, 
  0xe71c, 0x5a0b, 0x2005, 0x2004, 0x2005, 0x5a0b, 0xe6fc, 0x2005, 0x2005, 0x2005, 0x2005, 0x2004, 
  0x2005, 0x9412, 0x9412, 0x2004, 0x2005, 0x2004, 0x3908, 0xffff, 0x2005, 0x2005, 0x2005, 0x2004, 
  0x2005, 0x2005, 0xe71c, 0x38e8, 0x2005, 0x2005, 0x3908, 0xffff, 0x2005, 0x2005, 0x5a0b, 0xe6fc, 
  0x3908, 0xe6fc, 0x3908, 0x2005, 0x2005, 0x2005, 0x2004, 0x2004, 0x2005, 0x2005, 0x2005, 0x2005, 
  0x2005, 0x2005, 0x2005, 0x2005, 0x2005, 0x2004, 0x2005, 0x2005, 0x2004, 0x2005, 0x2005, 0x2004, 
  0x2004, 0x2004, 0x2005, 0x2005, 0x2005, 0x2005, 0x2005, 0x2005, 0x2005, 0x2005, 0x2004, 0x2005, 
  0x2005, 0x2004, 0x1804, 0x4133, 0x4133, 0x4133, 0x4133, 0x4133, 0x4133, 0x4133, 0x4133, 0xef3e, 
  0x72d6, 0x4133, 0x4133, 0x4133, 0x5a15, 0xf79f, 0x4133, 0x4133, 0x8bb8, 0xc5dc, 0x4133, 0xf79f, 
  0x5194, 0x4133, 0x4133, 0x9439, 0xdebd, 0x6276, 0x4133, 0x4133, 0x4133, 0x4133, 0x4133, 0xef3e, 
  0x5a15, 0x4133, 0x4133, 0x4133, 0x5a15, 0xef3e, 0x4133, 0x4133, 0xffff, 0x5a15, 0x4133, 0x4133, 
  0xbd7b, 0xacfa, 0x4133, 0x9439, 0xbd7b, 0x4133, 0x4133, 0x4133, 0x4133, 0x4133, 0xf79f, 0x5194, 
  0x4133, 0x6a76, 0xe71e, 0x4133, 0xd65c, 0x72d6, 0x4133, 0x4133, 0x8bb8, 0xd65c, 0x4133, 0x4133, 
  0x4133, 0xbd7b, 0xa499, 0x4133, 0xbd7b, 0x8bb8, 0x4133, 0x4133, 0x4133, 0x4133, 0xf79f, 0x5194, 
  0x4133, 0x4133, 0x4133, 0x4133, 0x4133, 0x1804, 0x2004, 0x2004, 0x2005, 0x2005, 0x2005, 0x2005, 
  0x2005, 0x2005, 0x2005, 0x2004, 0x2005, 0x2005, 0x2005, 0x2005, 0x2005, 0x2005, 0x2005, 0x2005, 
  0x2005, 0x2005, 0x2005, 0x2005, 0x2004, 0x2005, 0x2005, 0x2004, 0x2004, 0x2005, 0x2005, 0x2004, 
  0x2005, 0x2005, 0x2005, 0x2005, 0x2004, 0x2005, 0x2005, 0x2004, 0x2004, 0x2005, 0x2005, 0x2005, 
  0x2004, 0x2005, 0x2005, 0x2005, 0x2004, 0xffff, 0x2005, 0x2005, 0x2005, 0x2005, 0x2005, 0xd67a, 
  0x498a, 0x2005, 0x2004, 0x2004, 0x2005, 0x730f, 0xacf5, 0x2005, 0xce19, 0x628d, 0x2005, 0x2005, 
  0x2005, 0x2005, 0x2004, 0x2005, 0x2005, 0x8390, 0xd67a, 0x498a, 0x2004, 0x2005, 0x2005, 0x2005, 
  0x2005, 0x2005, 0x2005, 0x2005, 0x2005, 0x2005, 0x2005, 0x2005, 0x2005, 0x2005, 0x2004, 0x2004, 
  0x2004, 0x2005, 0x2004, 0x2005, 0x2005, 0x2005, 0x2005, 0x2004, 0x2005, 0x2005, 0x2004, 0x2005, 
  0x2005, 0x2005, 0x2005, 0x2004, 0x2005, 0x2005, 0x2004, 0x2004, 0x2005, 0x2004, 0x2005, 0x2004, 
  0x2005, 0x2005, 0x2005, 0x2004, 0x2005, 0x2005, 0x2005, 0x2005, 0x2005, 0x2005, 0x2005, 0x2005, 
  0x2005, 0x2005, 0x2005, 0x2005, 0x2005, 0x2005, 0x2005, 0x2005, 0x2005, 0x2005, 0x2005, 0x2005, 
  0x2005, 0x2005, 0x2005, 0x2005, 0x2005, 0x2005, 0x2005, 0x2005, 0x730f, 0xffff, 0xe71c, 0xe71c, 
  0xffff, 0xacf5, 0x2005, 0x2005, 0x2005, 0xad15, 0x72ef, 0x2005, 0x93f2, 0x93f2, 0x2005, 0x2005, 
  0x2005, 0x5a0b, 0xe6fc, 0x2005, 0x2005, 0x2005, 0x2005, 0x2005, 0x2005, 0x93f2, 0x93f2, 0x2005, 
  0x2005, 0x2005, 0x3908, 0xffff, 0xe71c, 0xe71c, 0xe6fc, 0xc619, 0x2005, 0x2005, 0xe6fc, 0x8390, 
  0x730f, 0x730f, 0xd67a, 0x9c74, 0x2005, 0x2005, 0x2005, 0xbd77, 0xf77e, 0x93f2, 0x2005, 0x2005, 
  0x2005, 0x2005, 0x2005, 0x2005, 0x2005, 0x2005, 0x2005, 0x2005, 0x2005, 0x2005, 0x2005, 0x2005, 
  0x2005, 0x2005, 0x2005, 0x2005, 0x2005, 0x2005, 0x2005, 0x2005, 0x2005, 0x2005, 0x2005, 0x2005, 
  0x2005, 0x2005, 0x2005, 0x2005, 0x2005, 0x2005, 0x2005, 0x2005, 0x2005, 0x2004, 0x1804, 0x4133, 
  0x4133, 0x4133, 0x4133, 0x4133, 0x4133, 0x4133, 0x4133, 0xef3e, 0x72d6, 0x4133, 0x4133, 0x4133, 
  0x4133, 0xffff, 0x4133, 0x4133, 0xd65c, 0x7b57, 0x4133, 0xad1a, 0xa499, 0x4133, 0x4133, 0x4133, 
  0x8bb8, 0xdebd, 0xef3e, 0xbd7b, 0x5a15, 0x4133, 0x4133, 0xef3e, 0xef3e, 0xef3e, 0xef3e, 0xef3e, 
  0xef3e, 0xef3e, 0x4133, 0x4133, 0xffff, 0xef3e, 0xef3e, 0xf79f, 0xdebd, 0x5a15, 0x4133, 0xa499, 
  0xa499, 0x4133, 0x4133, 0x4133, 0x4133, 0x4133, 0xef3e, 0x5a15, 0x4133, 0xbd7b, 0xacfa, 0x4133, 
  0x9439, 0xbd7b, 0x4133, 0x4133, 0x8bb8, 0xe71e, 0x8bb8, 0x8bb8, 0xa499, 0xef1e, 0x5a15, 0x4133, 
  0xbd7b, 0x8bb8, 0x4133, 0x4133, 0x4133, 0x4133, 0xef3e, 0x5a15, 0x4133, 0x4133, 0x4133, 0x4133, 
  0x4133, 0x1804, 0x2004, 0x2005, 0x2005, 0x2005, 0x2005, 0x2005, 0x2005, 0x2005, 0x2005, 0x2005, 
  0x2005, 0x2005, 0x2005, 0x2005, 0x2005, 0x2005, 0x2005, 0x2005, 0x2005, 0x2005, 0x2005, 0x2005, 
  0x2005, 0x2005, 0x2005, 0x2005, 0x2005, 0x2005, 0x2005, 0x2005, 0x2005, 0x2005, 0x2005, 0x2005, 
  0x2005, 0x2005, 0x2005, 0x2005, 0x2005, 0x2005, 0x2005, 0x2005, 0x2005, 0x2005, 0x2005, 0x2005, 
  0x2005, 0xffff, 0x2005, 0x2005, 0x2005, 0x2005, 0x2005, 0xe71c, 0x3908, 0x2005, 0x2005, 0x2005, 
  0x2005, 0x5a0b, 0xc5f9, 0x2005, 0xce19, 0x5a0b, 0x2005, 0x2005, 0x5a0b, 0x730f, 0x730f, 0x5a0b, 
  0x2005, 0x2005, 0x730f, 0xd67a, 0xe6fc, 0xacf5, 0x3908, 0x2005, 0x2005, 0x2005, 0x2005, 0x2005, 
  0x2005, 0x2005, 0x2005, 0x2005, 0x2005, 0x2005, 0x2005, 0x2005, 0x2005, 0x2005, 0x2005, 0x2005, 
  0x2005, 0x2005, 0x2005, 0x2005, 0x2005, 0x2005, 0x2005, 0x2005, 0x2005, 0x2005, 0x2005, 0x2005, 
  0x2005, 0x2005, 0x2005, 0x2005, 0x2005, 0x2005, 0x2005, 0x2005, 0x2005, 0x2005, 0x2005, 0x2005, 
  0x2005, 0x2005, 0x2005, 0x2005, 0x2005, 0x2005, 0x2005, 0x2005, 0x2005, 0x2005, 0x2005, 0x2005, 
  0x2005, 0x2005, 0x2005, 0x2005, 0x2005, 0x2005, 0x2005, 0x2005, 0x2005, 0x2005, 0x2005, 0x2005, 
  0x2005, 0x2005, 0x2005, 0x2005, 0x730f, 0xc5f9, 0x2005, 0x2005, 0x3908, 0xd67a, 0x8390, 0x2005, 
  0x3086, 0xffff, 0x9412, 0x730f, 0x8390, 0xf77e, 0x2005, 0x2005, 0x2005, 0x5a0b, 0xe6fc, 0x2005, 
  0x2005, 0x2005, 0x2005, 0x2005, 0x2005, 0x93f2, 0x9412, 0x2005, 0x2005, 0x2005, 0x3908, 0xffff, 
  0x38e8, 0x38e8, 0x3908, 0x38e8, 0x2005, 0x2005, 0xe71c, 0xbd77, 0xacf5, 0xe6fc, 0xbd77, 0x2005, 
  0x2005, 0x2005, 0x2005, 0x498a, 0xffff, 0x2005, 0x2005, 0x2005, 0x2005, 0x2005, 0x2005, 0x2005, 
  0x2005, 0x2005, 0x2005, 0x2005, 0x2005, 0x2005, 0x2005, 0x2005, 0x2005, 0x2005, 0x2005, 0x2005, 
  0x2005, 0x2005, 0x2005, 0x2005, 0x2005, 0x2005, 0x2005, 0x2005, 0x2005, 0x2005, 0x2005, 0x2005, 
  0x2005, 0x2005, 0x2005, 0x2005, 0x2005, 0x2005, 0x1804, 0x4133, 0x4133, 0x4133, 0x4133, 0x4133, 
  0x4133, 0x4133, 0x4133, 0xef3e, 0x72d6, 0x4133, 0x4133, 0x4133, 0x5194, 0xf79f, 0x4133, 0x5a15, 
  0xffff, 0x8bb8, 0x8bb8, 0xad1a, 0xd65c, 0x4133, 0x4133, 0x4133, 0x4133, 0x4133, 0x5a15, 0x9439, 
  0xf79f, 0x5194, 0x4133, 0xef3e, 0x72d6, 0x5a15, 0x5a15, 0x5a15, 0x72d6, 0xef3e, 0x4133, 0x4133, 
  0xffff, 0x5a15, 0x4133, 0x5194, 0xa499, 0xd65c, 0x4133, 0x9439, 0xacfa, 0x4133, 0x4133, 0x4133, 
  0x4133, 0x4133, 0xf79f, 0x5a15, 0x4133, 0xef3e, 0xa499, 0x8bb8, 0x9439, 0xf79f, 0x5194, 0x4133, 
  0x8bb8, 0xe71e, 0xbd7b, 0xc5dc, 0xffff, 0x6276, 0x4133, 0x4133, 0xbd7b, 0x8bb8, 0x4133, 0x4133, 
  0x4133, 0x4133, 0xf79f, 0x5a15, 0x4133, 0x4133, 0x4133, 0x4133, 0x4133, 0x1804, 0x2005, 0x2005, 
  0x2005, 0x2005, 0x2005, 0x2005, 0x2005, 0x2005, 0x2005, 0x2005, 0x2005, 0x2005, 0x2005, 0x2005, 
  0x2005, 0x2005, 0x2005, 0x2005, 0x2005, 0x2005, 0x2005, 0x2005, 0x2005, 0x2005, 0x2005, 0x2005, 
  0x2005, 0x2005, 0x2005, 0x2005, 0x2005, 0x2005, 0x2005, 0x2005, 0x2005, 0x2005, 0x2005, 0x2005, 
  0x2005, 0x2005, 0x2005, 0x2005, 0x2005, 0x2005, 0x2005, 0x2005, 0x2005, 0xffff, 0x2005, 0x2005, 
  0x2005, 0x2005, 0x2005, 0xe71c, 0x38e8, 0x2005, 0x2005, 0x2005, 0x2005, 0x628d, 0xc5f9, 0x2005, 
  0xbd97, 0x628d, 0x2005, 0x2005, 0x730f, 0xacf5, 0xc5f9, 0xacf5, 0x2005, 0x2005, 0x2005, 0x2005, 
  0x3908, 0x93f2, 0xf77e, 0x2886, 0x2005, 0x2005, 0x2005, 0x2005, 0x2005, 0x2005, 0x2005, 0x2005, 
  0x2005, 0x2005, 0x2005, 0x2005, 0x2005, 0x2005, 0x2005, 0x2005, 0x2005, 0x2005, 0x2005, 0x2005, 
  0x2005, 0x2005, 0x2005, 0x2005, 0x2005, 0x2005, 0x2005, 0x2005, 0x2005, 0x2005, 0x2005, 0x2005, 
  0x2005, 0x2005, 0x2005, 0x2005, 0x2005, 0x2005, 0x2005, 0x2005, 0x2005, 0x2005, 0x2005, 0x2005, 
  0x2005, 0x2005, 0x2005, 0x2005, 0x2005, 0x2005, 0x2005, 0x2005, 0x2005, 0x2005, 0x2005, 0x2005, 
  0x2005, 0x2005, 0x2005, 0x2005, 0x2005, 0x2005, 0x2005, 0x2005, 0x2005, 0x2005, 0x2005, 0x2005, 
  0x730f, 0xc5f9, 0x2005, 0x2005, 0x2005, 0x628d, 0xbd77, 0x2005, 0x730f, 0xd67a, 0x93f2, 0x9412, 
  0x93f2, 0xd67a, 0x5a0b, 0x2005, 0x2005, 0x5a0b, 0xe6fc, 0x2005, 0x2005, 0x2005, 0x2005, 0x2005, 
  0x2005, 0x93f2, 0x9412, 0x2005, 0x2005, 0x2005, 0x3908, 0xffff, 0x2005, 0x2005, 0x2005, 0x2005, 
  0x2005, 0x2005, 0xe71c, 0x38e8, 0x2005, 0x5a0b, 0xf77e, 0x3086, 0x2005, 0x2005, 0x2005, 0x3908, 
  0xffff, 0x2005, 0x2005, 0x2005, 0x2005, 0x2005, 0x2005, 0x2005, 0x2005, 0x2005, 0x2005, 0x2005, 
  0x2005, 0x2005, 0x2005, 0x2005, 0x2005, 0x2005, 0x2005, 0x2005, 0x2005, 0x2005, 0x2005, 0x2005, 
  0x2005, 0x2005, 0x2005, 0x2005, 0x2005, 0x2005, 0x2005, 0x2005, 0x2005, 0x2005, 0x2005, 0x2005, 
  0x2005, 0x2005, 0x1804, 0x4134, 0x4133, 0x4133, 0x4133, 0x4133, 0x4133, 0x4133, 0x4133, 0xef3e, 
  0x72d6, 0x4133, 0x4133, 0x4133, 0x8bb8, 0xd65c, 0x4133, 0x8bb8, 0xd65c, 0xa499, 0xa499, 0xa499, 
  0xf79f, 0x72d6, 0x4134, 0x6a76, 0x5194, 0x4133, 0x4133, 0x4133, 0xbd7b, 0x8bb8, 0x4133, 0xef3e, 
  0x5a15, 0x4134, 0x4133, 0x4133, 0x5a15, 0xef3e, 0x4134, 0x4133, 0xffff, 0x5a15, 0x4133, 0x4133, 
  0x4133, 0xf79f, 0x5194, 0x72d6, 0xf79f, 0x4133, 0x4133, 0x4133, 0x4133, 0x6a76, 0xe71e, 0x4133, 
  0x72f6, 0xe71e, 0xa499, 0xa499, 0xa499, 0xdebd, 0x9439, 0x4133, 0x8bb8, 0xd65c, 0x4134, 0x4133, 
  0xc5dc, 0xa499, 0x4133, 0x4133, 0xbd7b, 0x8bb8, 0x4133, 0x4133, 0x4133, 0x6a76, 0xe71e, 0x4133, 
  0x4133, 0x4133, 0x4133, 0x4133, 0x4133, 0x2004, 0x2005, 0x2005, 0x2005, 0x2005, 0x2005, 0x2005, 
  0x2005, 0x2005, 0x2005, 0x2005, 0x2005, 0x2005, 0x2005, 0x2005, 0x2005, 0x2005, 0x2005, 0x2005, 
  0x2005, 0x2005, 0x2005, 0x2005, 0x2005, 0x2005, 0x2005, 0x2005, 0x2005, 0x2005, 0x2005, 0x2005, 
  0x2005, 0x2005, 0x2005, 0x2005, 0x2005, 0x2005, 0x2005, 0x2005, 0x2005, 0x2005, 0x2005, 0x2005, 
  0x2005, 0x2005, 0x2005, 0x2005, 0x2005, 0xffff, 0x2005, 0x2005, 0x2005, 0x2005, 0x2005, 0xad16, 
  0x93f2, 0x2005, 0x2005, 0x2005, 0x2005, 0xad15, 0x8390, 0x2005, 0x93f2, 0xacf6, 0x2005, 0x2005, 
  0x2005, 0x2005, 0xad15, 0x9c94, 0x2005, 0x498a, 0x2886, 0x2005, 0x2005, 0x2005, 0xad15, 0x730f, 
  0x2005, 0x2005, 0x2005, 0x2005, 0x2005, 0x2005, 0x2005, 0x2005, 0x2005, 0x2005, 0x2005, 0x2005, 
  0x2005, 0x2005, 0x2005, 0x2005, 0x2005, 0x2005, 0x2005, 0x2005, 0x2005, 0x2005, 0x2005, 0x2005, 
  0x2005, 0x2005, 0x2005, 0x2005, 0x2005, 0x2005, 0x2005, 0x2005, 0x2005, 0x2005, 0x2005, 0x2005, 
  0x2005, 0x2005, 0x2005, 0x2005, 0x2005, 0x2005, 0x2005, 0x2005, 0x2005, 0x2005, 0x2005, 0x2005, 
  0x2005, 0x2005, 0x2005, 0x2005, 0x2005, 0x2005, 0x2005, 0x2005, 0x2005, 0x2005, 0x2005, 0x2005, 
  0x2005, 0x2005, 0x2005, 0x2005, 0x2005, 0x2005, 0x2005, 0x2005, 0x730f, 0xcdf9, 0x2005, 0x2005, 
  0x3086, 0xbd77, 0x9c94, 0x2005, 0xcdf9, 0x72ef, 0x2005, 0x2005, 0x2005, 0x8371, 0xacf5, 0x2005, 
  0x2005, 0x5a0c, 0xe6fc, 0x2005, 0x2005, 0x2005, 0x2005, 0x2005, 0x2005, 0x93f2, 0x9412, 0x2005, 
  0x2005, 0x2005, 0x3908, 0xffff, 0x2005, 0x2005, 0x2005, 0x2005, 0x2005, 0x2005, 0xe71c, 0x3908, 
  0x2005, 0x2005, 0xcdf9, 0x93f2, 0x2005, 0x2005, 0x2005, 0x3908, 0xffff, 0x2005, 0x2005, 0x2005, 
  0x2005, 0x2005, 0x2005, 0x2005, 0x2005, 0x2005, 0x2005, 0x2005, 0x2005, 0x2005, 0x2005, 0x2005, 
  0x2005, 0x2005, 0x2005, 0x2005, 0x2005, 0x2005, 0x2005, 0x2005, 0x2005, 0x2005, 0x2005, 0x2005, 
  0x2005, 0x2005, 0x2005, 0x2005, 0x2005, 0x2005, 0x2005, 0x2005, 0x2005, 0x2005, 0x2004, 0x4134, 
  0x4133, 0x4133, 0x4133, 0x4133, 0x4134, 0x4134, 0x4133, 0xef3e, 0x72d6, 0x4133, 0x4134, 0x72f6, 
  0xf79f, 0x5a15, 0x4133, 0xef3e, 0x72d6, 0x4133, 0x4134, 0x4133, 0xa499, 0xacfa, 0x4133, 0xd65c, 
  0xacfa, 0x4134, 0x4134, 0x5a15, 0xef3e, 0x72d6, 0x4134, 0xef3e, 0x5a15, 0x4133, 0x4134, 0x4133, 
  0x5a15, 0xef3e, 0x4133, 0x4134, 0xffff, 0x5a15, 0x4133, 0x4133, 0x72f6, 0xe71e, 0x4134, 0x4133, 
  0xd65c, 0xa499, 0x4134, 0x4133, 0x5a15, 0xef3e, 0x8bb8, 0x4133, 0xbd7b, 0x8bb8, 0x4134, 0x4134, 
  0x4133, 0x7b57, 0xd65c, 0x4133, 0x8bb8, 0xd65c, 0x4133, 0x4134, 0x5a15, 0xf79f, 0x5a15, 0x4134, 
  0xbd7b, 0x8bb8, 0x4134, 0x4133, 0x72f6, 0xef3e, 0x8bb8, 0x4134, 0x4134, 0x4134, 0x4133, 0x4134, 
  0x4134, 0x1804, 0x2005, 0x2005, 0x2005, 0x2005, 0x2005, 0x2005, 0x2005, 0x2005, 0x2005, 0x2005, 
  0x2005, 0x2005, 0x2005, 0x2005, 0x2005, 0x2005, 0x2005, 0x2005, 0x2005, 0x2005, 0x2005, 0x2005, 
  0x2005, 0x2005, 0x2005, 0x2005, 0x2005, 0x2005, 0x2005, 0x2005, 0x2005, 0x2005, 0x2005, 0x2005, 
  0x2005, 0x2005, 0x2005, 0x2005, 0x2005, 0x2005, 0x2005, 0x2005, 0x2005, 0x2005, 0x2005, 0x2005, 
  0x2005, 0xffff, 0x2005, 0x2005, 0x2005, 0x2005, 0x2005, 0x498a, 0xe6fc, 0x6a8d, 0x2005, 0x2005, 
  0x8391, 0xe6fc, 0x3908, 0x2005, 0x3087, 0xf77e, 0x8391, 0x2005, 0x2005, 0x5a0c, 0xf77e, 0x3908, 
  0x2005, 0xcdf9, 0x9c74, 0x2005, 0x2005, 0x3908, 0xe6fc, 0x5a0b, 0x2005, 0x2005, 0x2005, 0x2005, 
  0x2005, 0x2005, 0x2005, 0x2005, 0x2005, 0x2005, 0x2005, 0x2005, 0x2005, 0x2005, 0x2005, 0x2005, 
  0x2005, 0x2005, 0x2005, 0x2005, 0x2005, 0x2005, 0x2005, 0x2005, 0x2005, 0x2005, 0x2005, 0x2005, 
  0x2005, 0x2005, 0x2005, 0x2005, 0x2005, 0x2005, 0x2005, 0x2005, 0x2005, 0x2005, 0x2005, 0x2005, 
  0x2005, 0x2005, 0x2005, 0x2005, 0x2005, 0x2005, 0x2005, 0x2005, 0x2005, 0x2005, 0x2005, 0x2005, 
  0x2005, 0x2005, 0x2005, 0x2005, 0x2005, 0x2005, 0x2005, 0x2005, 0x2005, 0x2005, 0x2005, 0x2005, 
  0x2005, 0x2005, 0x2005, 0x2005, 0x730f, 0xffff, 0xffff, 0xffff, 0xf77e, 0xcdf9, 0x3087, 0x3908, 
  0xf77e, 0x2005, 0x2005, 0x2005, 0x2005, 0x3087, 0xf77e, 0x3087, 0x2005, 0x5a0c, 0xe6fc, 0x2005, 
  0x2005, 0x2005, 0x2005, 0x2005, 0x2005, 0x93f2, 0x9412, 0x2005, 0x2005, 0x2005, 0x3908, 0xffff, 
  0xffff, 0xffff, 0xffff, 0xffff, 0x5a0c, 0x2005, 0xe71c, 0x3908, 0x2005, 0x2005, 0x3908, 0xf77e, 
  0x3908, 0x2005, 0x2005, 0x3908, 0xffff, 0x2005, 0x2005, 0x2005, 0x2005, 0x2005, 0x2005, 0x2005, 
  0x2005, 0x2005, 0x2005, 0x2005, 0x2005, 0x2005, 0x2005, 0x2005, 0x2005, 0x2005, 0x2005, 0x2005, 
  0x2005, 0x2005, 0x2005, 0x2005, 0x2005, 0x2005, 0x2005, 0x2005, 0x2005, 0x2005, 0x2005, 0x2005, 
  0x2005, 0x2005, 0x2005, 0x2005, 0x2005, 0x2005, 0x2005, 0x4134, 0x4134, 0x4134, 0x4134, 0x4134, 
  0x4134, 0x4134, 0x4134, 0xef3e, 0xffff, 0xffff, 0xf79f, 0xd65c, 0x72d6, 0x4134, 0x6a76, 0xe71e, 
  0x4134, 0x4134, 0x4134, 0x4134, 0x72d7, 0xf79f, 0x4134, 0x5a15, 0xdebd, 0xf79f, 0xdebd, 0xf79f, 
  0x9419, 0x4134, 0x4134, 0xef3e, 0x5a15, 0x4134, 0x4134, 0x4134, 0x5a15, 0xef3e, 0x4134, 0x4134, 
  0xffff, 0xffff, 0xffff, 0xffff, 0xd65c, 0x6a76, 0x4134, 0x4134, 0x5194, 0xbd7b, 0xffff, 0xef3e, 
  0xf79f, 0x9419, 0x4134, 0x5194, 0xffff, 0x5a15, 0x4134, 0x4134, 0x4134, 0x5194, 0xf79f, 0x5194, 
  0x8bb8, 0xd65c, 0x4134, 0x4134, 0x4134, 0xad1a, 0xbd7b, 0x4134, 0xbd7b, 0xffff, 0xffff, 0xffff, 
  0xd65c, 0x7b57, 0x4134, 0x4134, 0x4134, 0x4134, 0x4134, 0x4134, 0x4134, 0x2005, 0x2005, 0x2005, 
  0x2005, 0x2005, 0x2005, 0x2005, 0x2005, 0x2005, 0x2005, 0x2005, 0x2005, 0x2005, 0x2005, 0x2005, 
  0x2005, 0x2005, 0x2005, 0x2005, 0x2005, 0x2005, 0x2005, 0x2005, 0x2005, 0x2005, 0x2005, 0x2005, 
  0x2005, 0x2005, 0x2005, 0x2005, 0x2005, 0x2005, 0x2005, 0x2005, 0x2005, 0x2005, 0x2005, 0x2005, 
  0x2005, 0x2005, 0x2005, 0x2005, 0x2005, 0x2005, 0x2005, 0x2005, 0x2005, 0xffff, 0xffff, 0xffff, 
  0xffff, 0xffff, 0x38e8, 0x2005, 0x5a0c, 0xe6fc, 0xf77e, 0xf77e, 0xcdf9, 0x3908, 0x2005, 0x2005, 
  0x2005, 0x3908, 0xd67a, 0xf77e, 0xe71c, 0xe6fc, 0x628d, 0x2005, 0x2005, 0x3908, 0xd67a, 0xf77e, 
  0xd67a, 0xf77e, 0x8371, 0x2005, 0x2005, 0x2005, 0x2005, 0x2005, 0x2005, 0x2005, 0x2005, 0x2005, 
  0x2005, 0x2005, 0x2005, 0x2005, 0x2005, 0x2005, 0x2005, 0x2005, 0x2005, 0x2005, 0x2005, 0x2005, 
  0x2005, 0x2005, 0x2005, 0x2005, 0x2005, 0x2005, 0x2005, 0x2005, 0x2005, 0x2005, 0x2005, 0x2005, 
  0x2005, 0x2005, 0x2005, 0x2005, 0x2005, 0x2005, 0x2005, 0x2005, 0x2005, 0x2005, 0x2005, 0x2005, 
  0x2005, 0x2005, 0x2005, 0x2005, 0x2005, 0x2005, 0x2005, 0x2005, 0x2005, 0x2005, 0x2005, 0x2005, 
  0x2005, 0x2005, 0x2005, 0x2005, 0x2005, 0x2005, 0x2005, 0x2005, 0x2005, 0x2005, 0x2005, 0x2005, 
  0x2005, 0x2005, 0x2005, 0x2005, 0x2005, 0x2005, 0x2005, 0x2005, 0x2005, 0x2005, 0x2005, 0x2005, 
  0x2005, 0x2005, 0x2005, 0x2005, 0x2005, 0x2005, 0x2005, 0x2005, 0x2005, 0x2005, 0x2005, 0x2005, 
  0x2005, 0x2005, 0x2005, 0x2005, 0x2005, 0x2005, 0x2005, 0x2005, 0x2005, 0x2005, 0x2005, 0x2005, 
  0x2005, 0x2005, 0x2005, 0x2005, 0x2005, 0x2005, 0x2005, 0x2005, 0x2005, 0x2005, 0x2005, 0x2005, 
  0x2005, 0x2005, 0x2005, 0x2005, 0x2005, 0x2005, 0x2005, 0x2005, 0x2005, 0x2005, 0x2005, 0x2005, 
  0x2005, 0x2005, 0x2005, 0x2005, 0x2005, 0x2005, 0x2005, 0x2005, 0x2005, 0x2005, 0x2005, 0x2005, 
  0x2005, 0x2005, 0x2005, 0x2005, 0x2005, 0x2005, 0x2005, 0x2005, 0x2005, 0x2005, 0x2005, 0x2005, 
  0x2005, 0x2005, 0x2005, 0x4134, 0x4134, 0x4134, 0x4134, 0x4134, 0x4134, 0x4134, 0x4134, 0x4134, 
  0x4134, 0x4134, 0x4134, 0x4134, 0x4134, 0x4134, 0x4134, 0x4134, 0x4134, 0x4134, 0x4134, 0x4134, 
  0x4134, 0x4134, 0x4134, 0x4134, 0x4134, 0x5194, 0x5a15, 0x5194, 0x4134, 0x4134, 0x4134, 0x4134, 
  0x4134, 0x4134, 0x4134, 0x4134, 0x4134, 0x4134, 0x4134, 0x4134, 0x4134, 0x4134, 0x4134, 0x4134, 
  0x4134, 0x4134, 0x4134, 0x4134, 0x4134, 0x4134, 0x5194, 0x5a15, 0x4134, 0x4134, 0x4134, 0x4134, 
  0x4134, 0x4134, 0x4134, 0x4134, 0x4134, 0x4134, 0x4134, 0x4134, 0x4134, 0x4134, 0x4134, 0x4134, 
  0x4134, 0x4134, 0x4134, 0x4134, 0x4134, 0x4134, 0x4134, 0x4134, 0x4134, 0x4134, 0x4134, 0x4134, 
  0x4134, 0x4134, 0x4134, 0x4134, 0x4134, 0x2005, 0x2005, 0x2005, 0x2005, 0x2005, 0x2005, 0x2005, 
  0x2005, 0x2005, 0x2005, 0x2005, 0x2005, 0x2005, 0x2005, 0x2005, 0x2005, 0x2005, 0x2005, 0x2005, 
  0x2005, 0x2005, 0x2005, 0x2005, 0x2005, 0x2005, 0x2005, 0x2005, 0x2005, 0x2005, 0x2005, 0x2005, 
  0x2005, 0x2005, 0x2005, 0x2005, 0x2005, 0x2005, 0x2005, 0x2005, 0x2005, 0x2005, 0x2005, 0x2005, 
  0x2005, 0x2005, 0x2005, 0x2005, 0x2005, 0x2005, 0x2005, 0x2005, 0x2005, 0x2005, 0x2005, 0x2005, 
  0x2005, 0x2005, 0x3087, 0x3087, 0x2005, 0x2005, 0x2005, 0x2005, 0x2005, 0x2005, 0x2005, 0x3087, 
  0x38e8, 0x2005, 0x2005, 0x2005, 0x2005, 0x2005, 0x2005, 0x3087, 0x38e8, 0x3087, 0x2005, 0x2005, 
  0x2005, 0x2005, 0x2005, 0x2005, 0x2005, 0x2005, 0x2005, 0x2005, 0x2005, 0x2005, 0x2005, 0x2005, 
  0x2005, 0x2005, 0x2005, 0x2005, 0x2005, 0x2005, 0x2005, 0x2005, 0x2005, 0x2005, 0x2005, 0x2005, 
  0x2005, 0x2005, 0x2005, 0x2005, 0x2005, 0x2005, 0x2005, 0x2005, 0x2005, 0x2005, 0x2005, 0x2005, 
  0x2005, 0x2005, 0x2005, 0x2005, 0x2005, 0x2005, 0x2005, 0x2005, 0x2005, 0x2005, 0x2005, 0x2005, 
  0x2005, 0x2005, 0x2005, 0x2005, 0x2005, 0x2005, 0x2005, 0x2005, 0x2005, 0x2005, 0x2005, 0x2005, 
  0x2005, 0x2005, 0x2005, 0x2005, 0x2005, 0x2005, 0x2005, 0x2005, 0x2005, 0x2005, 0x2005, 0x2005, 
  0x2005, 0x2005, 0x2005, 0x2005, 0x2005, 0x2005, 0x2005, 0x2005, 0x2005, 0x2005, 0x2005, 0x2005, 
  0x2005, 0x2005, 0x2005, 0x2005, 0x2005, 0x2005, 0x2005, 0x2005, 0x2005, 0x2005, 0x2005, 0x2005, 
  0x2005, 0x2005, 0x2005, 0x2005, 0x2005, 0x2005, 0x2005, 0x2005, 0x2005, 0x2005, 0x2005, 0x2005, 
  0x2005, 0x2005, 0x2005, 0x2005, 0x2005, 0x2005, 0x2005, 0x2005, 0x2005, 0x2005, 0x2005, 0x2005, 
  0x2005, 0x2005, 0x2005, 0x2005, 0x2005, 0x2005, 0x2005, 0x2005, 0x2005, 0x2005, 0x2005, 0x2005, 
  0x2005, 0x2005, 0x2005, 0x2005, 0x2005, 0x2005, 0x2005, 0x2005, 0x2005, 0x2005, 0x2005, 0x2005, 
  0x2005, 0x2005, 0x2005, 0x2005, 0x2005, 0x2005, 0x2005, 0x2005, 0x2005, 0x2005, 0x2005, 0x4134, 
  0x4134, 0x4134, 0x4134, 0x4134, 0x4134, 0x4134, 0x4134, 0x4134, 0x4134, 0x4134, 0x4134, 0x4134, 
  0x4134, 0x4134, 0x4134, 0x4134, 0x4134, 0x4134, 0x4134, 0x4134, 0x4134, 0x4134, 0x4134, 0x4134, 
  0x4134, 0x4134, 0x4134, 0x4134, 0x4134, 0x4134, 0x4134, 0x4134, 0x4134, 0x4134, 0x4134, 0x4134, 
  0x4134, 0x4134, 0x4134, 0x4134, 0x4134, 0x4134, 0x4134, 0x4134, 0x4134, 0x4134, 0x4134, 0x4134, 
  0x4134, 0x4134, 0x4134, 0x4134, 0x4134, 0x4134, 0x4134, 0x4134, 0x4134, 0x4134, 0x4134, 0x4134, 
  0x4134, 0x4134, 0x4134, 0x4134, 0x4134, 0x4134, 0x4134, 0x4134, 0x4134, 0x4134, 0x4134, 0x4134, 
  0x4134, 0x4134, 0x4134, 0x4134, 0x4134, 0x4134, 0x4134, 0x4134, 0x4134, 0x4134, 0x4134, 0x4134, 
  0x4134, 0x2005, 0x2005, 0x2005, 0x2005, 0x2005, 0x2005, 0x2005, 0x2005, 0x2005, 0x2005, 0x2005, 
  0x2005, 0x2005, 0x2005, 0x2005, 0x2005, 0x2005, 0x2005, 0x2005, 0x2005, 0x2005, 0x2005, 0x2005, 
  0x2005, 0x2005, 0x2005, 0x2005, 0x2005, 0x2005, 0x2005, 0x2005, 0x2005, 0x2005, 0x2005, 0x2005, 
  0x2005, 0x2005, 0x2005, 0x2005, 0x2005, 0x2005, 0x2005, 0x2005, 0x2005, 0x2005, 0x2005, 0x2005, 
  0x2005, 0x2005, 0x2005, 0x2005, 0x2005, 0x2005, 0x2005, 0x2005, 0x2005, 0x2005, 0x2005, 0x2005, 
  0x2005, 0x2005, 0x2005, 0x2005, 0x2005, 0x2005, 0x2005, 0x2005, 0x2005, 0x2005, 0x2005, 0x2005, 
  0x2005, 0x2005, 0x2005, 0x2005, 0x2005, 0x2005, 0x2005, 0x2005, 0x2005, 0x2005, 0x2005, 0x2005, 
  0x2005, 0x2005, 0x2005, 0x2005, 0x2005, 0x2005, 0x2005, 0x2005, 0x2005, 0x2005, 0x2005, 0x2005, 
  0x2005, 0x2005, 0x2005, 0x2005, 0x2005, 0x2005, 0x2005, 0x2005, 0x2005, 0x2005, 0x2005, 0x2005, 
  0x2005, 0x2005, 0x2005, 0x2005, 0x2005, 0x2005, 0x2005, 0x2005, 0x2005, 0x2005, 0x2005, 0x2005, 
  0x2005, 0x2005, 0x2005, 0x2005, 0x2005, 0x2005, 0x2005, 0x2005, 0x2005, 0x2005, 0x2005, 0x2005, 
  0x2005, 0x2005, 0x2005, 0x2005, 0x2005, 0x2005, 0x2005, 0x2005, 0x2005, 0x2005, 0x2005, 0x2005, 
  0x2005, 0x2005, 0x2005, 0x2005, 0x2005, 0x2005, 0x2005, 0x2005, 0x2005, 0x2005, 0x2005, 0x2005, 
  0x2005, 0x2005, 0x2005, 0x2005, 0x2005, 0x2005, 0x2005, 0x2005, 0x2005, 0x2005, 0x2005, 0x2005, 
  0x2005, 0x2005, 0x2005, 0x2005, 0x2005, 0x2005, 0x2005, 0x2005, 0x2005, 0x2005, 0x2005, 0x2005, 
  0x2005, 0x2005, 0x2005, 0x2005, 0x2005, 0x2005, 0x2005, 0x2005, 0x2005, 0x2005, 0x2005, 0x2005, 
  0x2005, 0x2005, 0x2005, 0x2005, 0x2005, 0x2005, 0x2005, 0x2005, 0x2005, 0x2005, 0x2005, 0x2005, 
  0x2005, 0x2005, 0x2005, 0x2005, 0x2005, 0x2005, 0x2005, 0x2005, 0x2005, 0x2005, 0x2005, 0x2005, 
  0x2005, 0x2005, 0x2005, 0x2005, 0x2005, 0x2005, 0x2005, 0x2005, 0x2005, 0x2005, 0x2005, 0x2005, 
  0x2005, 0x2005, 0x2005, 0x2005, 0x2005, 0x2005, 0x2005, 0x4134, 0x4134, 0x4134, 0x4134, 0x4134, 
  0x4134, 0x4134, 0x4134, 0x4134, 0x4134, 0x4134, 0x4134, 0x4134, 0x4134, 0x4134, 0x4134, 0x4134, 
  0x4134, 0x4134, 0x4134, 0x4134, 0x4134, 0x4134, 0x4134, 0x4134, 0x4134, 0x4134, 0x4134, 0x4134, 
  0x4134, 0x4134, 0x4134, 0x4134, 0x4134, 0x4134, 0x4134, 0x4134, 0x4134, 0x4134, 0x4134, 0x4134, 
  0x4134, 0x4134, 0x4134, 0x4134, 0x4134, 0x4134, 0x4134, 0x4134, 0x4134, 0x4134, 0x4134, 0x4134, 
  0x4134, 0x4134, 0x4134, 0x4134, 0x4134, 0x4134, 0x4134, 0x4134, 0x4134, 0x4134, 0x4134, 0x4134, 
  0x4134, 0x4134, 0x4134, 0x4134, 0x4134, 0x4134, 0x4134, 0x4134, 0x4134, 0x4134, 0x4134, 0x4134, 
  0x4134, 0x4134, 0x4134, 0x4134, 0x4134, 0x4134, 0x4134, 0x4134, 0x4134, 0x2005, 0x2005, 0x2005, 
  0x2005, 0x2005, 0x2005, 0x2005, 0x2005, 0x2005, 0x2005, 0x2005, 0x2005, 0x2005, 0x2005, 0x2005, 
  0x2005, 0x2005, 0x2005, 0x2005, 0x2005, 0x2005, 0x2005, 0x2005, 0x2005, 0x2005, 0x2005, 0x2005, 
  0x2005, 0x2005, 0x2005, 0x2005, 0x2005, 0x2005, 0x2005, 0x2005, 0x2005, 0x2005, 0x2005, 0x2005, 
  0x2005, 0x2005, 0x2005, 0x2005, 0x2005, 0x2005, 0x2005, 0x2005, 0x2005, 0x2005, 0x2005, 0x2005, 
  0x2005, 0x2005, 0x2005, 0x2005, 0x2005, 0x2005, 0x2005, 0x2005, 0x2005, 0x2005, 0x2005, 0x2005, 
  0x2005, 0x2005, 0x2005, 0x2005, 0x2005, 0x2005, 0x2005, 0x2005, 0x2005, 0x2005, 0x2005, 0x2005, 
  0x2005, 0x2005, 0x2005, 0x2005, 0x2005, 0x2005, 0x2005, 0x2005, 0x2005, 0x2005, 0x2005, 0x2005, 
  0x2005, 0x2005, 0x2005, 0x2005, 0x2005, 0x2005, 0x2005, 0x2005, 0x2005, 0x2005, 0x2005, 0x2005, 
  0x2005, 0x2005, 0x2005, 0x2005, 0x2005, 0x2005, 0x2005, 0x2005, 0x2005, 0x2005, 0x2005, 0x2005, 
  0x2005, 0x2005, 0x2005, 0x2005, 0x2005, 0x2005, 0x2005, 0x2005, 0x2005, 0x2005, 0x2005, 0x2005, 
  0x2005, 0x2005, 0x2005, 0x2005, 0x2005, 0x2005, 0x2005, 0x2005, 0x2005, 0x2005, 0x2005, 0x2005, 
  0x2005, 0x2005, 0x2005, 0x2005, 0x2005, 0x2005, 0x2005, 0x2005, 0x2005, 0x2005, 0x2005, 0x2005, 
  0x2005, 0x2005, 0x2005, 0x2005, 0x2005, 0x2005, 0x2005, 0x2005, 0x2005, 0x2005, 0x2005, 0x2005, 
  0x2005, 0x2005, 0x2005, 0x2005, 0x2005, 0x2005, 0x2005, 0x2005, 0x2005, 0x2005, 0x2005, 0x2005, 
  0x2005, 0x2005, 0x2005, 0x2005, 0x2005, 0x2005, 0x2005, 0x2005, 0x2005, 0x2005, 0x2005, 0x2005, 
  0x2005, 0x2005, 0x2005, 0x2005, 0x2005, 0x2005, 0x2005, 0x2005, 0x2005, 0x2005, 0x2005, 0x2005, 
  0x2005, 0x2005, 0x2005, 0x2005, 0x2005, 0x2005, 0x2005, 0x2005, 0x2005, 0x2005, 0x2005, 0x2005, 
  0x2005, 0x2005, 0x2005, 0x2005, 0x2005, 0x2005, 0x2005, 0x2005, 0x2005, 0x2005, 0x2005, 0x2005, 
  0x2005, 0x2005, 0x2005, 0x2005, 0x2005, 0x2005, 0x2005, 0x2005, 0x2005, 0x2005, 0x2005, 0x2005, 
  0x2005, 0x2005, 0x2005, 0x4134, 0x4134, 0x4134, 0x4134, 0x4134, 0x4134, 0x4134, 0x4134, 0x4134, 
  0x4134, 0x4134, 0x4134, 0x4134, 0x4134, 0x4134, 0x4134, 0x4134, 0x4134, 0x4134, 0x4134, 0x4134, 
  0x4134, 0x4134, 0x4134, 0x4134, 0x4134, 0x4134, 0x4134, 0x4134, 0x4134, 0x4134, 0x4134, 0x4134, 
  0x4134, 0x4134, 0x4134, 0x4134, 0x4134, 0x4134, 0x4134, 0x4134, 0x4134, 0x4134, 0x4134, 0x4134, 
  0x4134, 0x4134, 0x4134, 0x4134, 0x4134, 0x4134, 0x4134, 0x4134, 0x4134, 0x4134, 0x4134, 0x4134, 
  0x4134, 0x4134, 0x4134, 0x4134, 0x4134, 0x4134, 0x4134, 0x4134, 0x4134, 0x4134, 0x4134, 0x4134, 
  0x4134, 0x4134, 0x4134, 0x4134, 0x4134, 0x4134, 0x4134, 0x4134, 0x4134, 0x4134, 0x4134, 0x4134, 
  0x4134, 0x4134, 0x4134, 0x4134, 0x4134, 0x2005, 0x2005, 0x2005, 0x2005, 0x2005, 0x2005, 0x2005, 
  0x2005, 0x2005, 0x2005, 0x2005, 0x2005, 0x2005, 0x2005, 0x2005, 0x2005, 0x2005, 0x2005, 0x2005, 
  0x2005, 0x2005, 0x2005, 0x2005, 0x2005, 0x2005, 0x2005, 0x2005, 0x2005, 0x2005, 0x2005, 0x2005, 
  0x2005, 0x2005, 0x2005, 0x2005, 0x2005, 0x2005, 0x2005, 0x2005, 0x2005, 0x2005, 0x2005, 0x2005, 
  0x2005, 0x2005, 0x2005, 0x2005, 0x2005, 0x2005, 0x2005, 0x2005, 0x2005, 0x2005, 0x2005, 0x2005, 
  0x2005, 0x2005, 0x2005, 0x2005, 0x2005, 0x2005, 0x2005, 0x2005, 0x2005, 0x2005, 0x2005, 0x2005, 
  0x2005, 0x2005, 0x2005, 0x2005, 0x2005, 0x2005, 0x2005, 0x2005, 0x2005, 0x2005, 0x2005, 0x2005, 
  0x2005, 0x2005, 0x2005, 0x2005, 0x2005, 0x2005, 0x2005, 0x2005, 0x2005, 0x2005, 0x2005, 0x2005, 
  0x2005, 0x2005, 0x2005, 0x2005, 0x2005, 0x2005, 0x2005, 0x2005, 0x2005, 0x2005, 0x2005, 0x2005, 
  0x2005, 0x2005, 0x2005, 0x2005, 0x2005, 0x2005, 0x2005, 0x2005, 0x2005, 0x2005, 0x2005, 0x2005, 
  0x2005, 0x2005, 0x2005, 0x2005, 0x2005, 0x2005, 0x2005, 0x2005, 0x2006, 0x2006, 0x2005, 0x2006, 
  0x2006, 0x2005, 0x2006, 0x2005, 0x2005, 0x2005, 0x2006, 0x2005, 0x2005, 0x2005, 0x2005, 0x2005, 
  0x2005, 0x2005, 0x2005, 0x2005, 0x2006, 0x2006, 0x2005, 0x2005, 0x2006, 0x2005, 0x2006, 0x2006, 
  0x2006, 0x2005, 0x2005, 0x2005, 0x2005, 0x2006, 0x2006, 0x2005, 0x2005, 0x2005, 0x2005, 0x2005, 
  0x2005, 0x2006, 0x2005, 0x2005, 0x2005, 0x2005, 0x2005, 0x2005, 0x2005, 0x2005, 0x2006, 0x2006, 
  0x2005, 0x2006, 0x2005, 0x2005, 0x2006, 0x2005, 0x2006, 0x2005, 0x2005, 0x2006, 0x2005, 0x2005, 
  0x2005, 0x2005, 0x2005, 0x2005, 0x2006, 0x2005, 0x2005, 0x2005, 0x2006, 0x2005, 0x2005, 0x2005, 
  0x2006, 0x2005, 0x2005, 0x2005, 0x2005, 0x2005, 0x2005, 0x2005, 0x2005, 0x2005, 0x2006, 0x2005, 
  0x2005, 0x2005, 0x2005, 0x2006, 0x2005, 0x2005, 0x2005, 0x2005, 0x2005, 0x2005, 0x2006, 0x2005, 
  0x2005, 0x2005, 0x2006, 0x2005, 0x2005, 0x2005, 0x2005, 0x2006, 0x2005, 0x2005, 0x2005, 0x4134, 
  0x4134, 0x4134, 0x4134, 0x4134, 0x4134, 0x4134, 0x4134, 0x4134, 0x4134, 0x4134, 0x4134, 0x4134, 
  0x4134, 0x4134, 0x4134, 0x4134, 0x4134, 0x4134, 0x4134, 0x4134, 0x4134, 0x4134, 0x4134, 0x4134, 
  0x4134, 0x4134, 0x4134, 0x4134, 0x4134, 0x4134, 0x4134, 0x4134, 0x4134, 0x4134, 0x4134, 0x4134, 
  0x4134, 0x4134, 0x4134, 0x4134, 0x4134, 0x4134, 0x4134, 0x4134, 0x4134, 0x4134, 0x4134, 0x4134, 
  0x4134, 0x4134, 0x4134, 0x4134, 0x4134, 0x4134, 0x4134, 0x4134, 0x4134, 0x4134, 0x4134, 0x4134, 
  0x4134, 0x4134, 0x4134, 0x4134, 0x4134, 0x4134, 0x4134, 0x4134, 0x4134, 0x4134, 0x4134, 0x4134, 
  0x4134, 0x4134, 0x4134, 0x4134, 0x4134, 0x4134, 0x4134, 0x4134, 0x4134, 0x4134, 0x4134, 0x4134, 
  0x4134, 0x2005, 0x2005, 0x2005, 0x2006, 0x2005, 0x2006, 0x2005, 0x2006, 0x2006, 0x2005, 0x2005, 
  0x2005, 0x2005, 0x2006, 0x2006, 0x2006, 0x2005, 0x2005, 0x2005, 0x2005, 0x2005, 0x2005, 0x2006, 
  0x2005, 0x2006, 0x2005, 0x2005, 0x2005, 0x2005, 0x2006, 0x2005, 0x2005, 0x2005, 0x2006, 0x2006, 
  0x2006, 0x2005, 0x2005, 0x2006, 0x2006, 0x2006, 0x2005, 0x2005, 0x2005, 0x2005, 0x2005, 0x2005, 
  0x2006, 0x2005, 0x2005, 0x2006, 0x2005, 0x2005, 0x2005, 0x2005, 0x2005, 0x2005, 0x2005, 0x2006, 
  0x2006, 0x2006, 0x2005, 0x2006, 0x2006, 0x2005, 0x2006, 0x2005, 0x2005, 0x2005, 0x2006, 0x2005, 
  0x2005, 0x2005, 0x2005, 0x2005, 0x2005, 0x2005, 0x2005, 0x2005, 0x2006, 0x2006, 0x2005, 0x2005, 
  0x2006, 0x2005, 0x2006, 0x2006, 0x2006, 0x2005, 0x2005, 0x2005, 0x2005, 0x2006, 0x2006, 0x2005, 
  0x2005, 0x2005, 0x2005, 0x2005, 0x2005, 0x2006, 0x2005, 0x2005, 0x2005, 0x2005, 0x2005, 0x2005, 
  0x2005, 0x2005, 0x2006, 0x2006, 0x2005, 0x2006, 0x2005, 0x2005, 0x2006, 0x2005, 0x2006, 0x2005, 
  0x2005, 0x2006, 0x2005, 0x2005, 0x2006, 0x2006, 0x2006, 0x2006, 0x2006, 0x2006, 0x2006, 0x2006, 
  0x2006, 0x2006, 0x2006, 0x2006, 0x2006, 0x2006, 0x2006, 0x2006, 0x2005, 0x2006, 0x2006, 0x2006, 
  0x2006, 0x2006, 0x2006, 0x2006, 0x2006, 0x2006, 0x2006, 0x2006, 0x2005, 0x2006, 0x2006, 0x2006, 
  0x2006, 0x2006, 0x2006, 0x2006, 0x2006, 0x2006, 0x2005, 0x2006, 0x2006, 0x2006, 0x2006, 0x2006, 
  0x2006, 0x2006, 0x2006, 0x2006, 0x2006, 0x2006, 0x2006, 0x2006, 0x2005, 0x2006, 0x2006, 0x2006, 
  0x2006, 0x2006, 0x2006, 0x2006, 0x2005, 0x2006, 0x2006, 0x2006, 0x2006, 0x2006, 0x2006, 0x2006, 
  0x2006, 0x2006, 0x2006, 0x2006, 0x2006, 0x2006, 0x2006, 0x2006, 0x2006, 0x2006, 0x2006, 0x2006, 
  0x2006, 0x2006, 0x2006, 0x2006, 0x2006, 0x2006, 0x2006, 0x2005, 0x2006, 0x2006, 0x2006, 0x2006, 
  0x2006, 0x2006, 0x2006, 0x2005, 0x2006, 0x2006, 0x2006, 0x2006, 0x2006, 0x2006, 0x2006, 0x2006, 
  0x2006, 0x2006, 0x2006, 0x2006, 0x2005, 0x2005, 0x2005, 0x4134, 0x4134, 0x4134, 0x4134, 0x4134, 
  0x4134, 0x4134, 0x4134, 0x4134, 0x4134, 0x4134, 0x4134, 0x4134, 0x4134, 0x4134, 0x4134, 0x4134, 
  0x4134, 0x4134, 0x4134, 0x4134, 0x4134, 0x4134, 0x4134, 0x4134, 0x4134, 0x4134, 0x4134, 0x4134, 
  0x4134, 0x4134, 0x4134, 0x4134, 0x4134, 0x4134, 0x4134, 0x4134, 0x4134, 0x4134, 0x4134, 0x4134, 
  0x4134, 0x4134, 0x4134, 0x4134, 0x4134, 0x4134, 0x4134, 0x4134, 0x4134, 0x4134, 0x4134, 0x4134, 
  0x4134, 0x4134, 0x4134, 0x4134, 0x4134, 0x4134, 0x4134, 0x4134, 0x4134, 0x4134, 0x4134, 0x4134, 
  0x4134, 0x4134, 0x4134, 0x4134, 0x4134, 0x4134, 0x4134, 0x4134, 0x4134, 0x4134, 0x4134, 0x4134, 
  0x4134, 0x4134, 0x4134, 0x4134, 0x4134, 0x4134, 0x4134, 0x4134, 0x4134, 0x2005, 0x2005, 0x2005, 
  0x2006, 0x2006, 0x2006, 0x2006, 0x2006, 0x2006, 0x2006, 0x2006, 0x2006, 0x2005, 0x2006, 0x2005, 
  0x2006, 0x2006, 0x2006, 0x2006, 0x2006, 0x2006, 0x2006, 0x2006, 0x2006, 0x2006, 0x2006, 0x2006, 
  0x2006, 0x2006, 0x2006, 0x2006, 0x2006, 0x2006, 0x2006, 0x2006, 0x2006, 0x2006, 0x2006, 0x2005, 
  0x2006, 0x2006, 0x2006, 0x2006, 0x2006, 0x2006, 0x2005, 0x2006, 0x2006, 0x2006, 0x2005, 0x2006, 
  0x2005, 0x2006, 0x2006, 0x2005, 0x2006, 0x2006, 0x2006, 0x2006, 0x2006, 0x2006, 0x2006, 0x2006, 
  0x2006, 0x2006, 0x2006, 0x2006, 0x2006, 0x2006, 0x2006, 0x2006, 0x2006, 0x2006, 0x2006, 0x2006, 
  0x2005, 0x2006, 0x2006, 0x2006, 0x2006, 0x2006, 0x2006, 0x2006, 0x2006, 0x2006, 0x2006, 0x2006, 
  0x2005, 0x2006, 0x2006, 0x2006, 0x2006, 0x2006, 0x2006, 0x2006, 0x2006, 0x2006, 0x2005, 0x2006, 
  0x2006, 0x2006, 0x2006, 0x2006, 0x2006, 0x2006, 0x2006, 0x2006, 0x2006, 0x2006, 0x2006, 0x2006, 
  0x2005, 0x2006, 0x2006, 0x2006, 0x2006, 0x2006, 0x2006, 0x2006, 0x2005, 0x2006, 0x2006, 0x2006, 
  0x2006, 0x2006, 0x2006, 0x2006, 0x2006, 0x2006, 0x2006, 0x2006, 0x2006, 0x2006, 0x2006, 0x2006, 
  0x2006, 0x2006, 0x2006, 0x2006, 0x2006, 0x2006, 0x2006, 0x2006, 0x2006, 0x2006, 0x2006, 0x2006, 
  0x2006, 0x2006, 0x2006, 0x2006, 0x2006, 0x2006, 0x2006, 0x2006, 0x2006, 0x2006, 0x2006, 0x2006, 
  0x2006, 0x2006, 0x2006, 0x2006, 0x2006, 0x2006, 0x2006, 0x2006, 0x2006, 0x2006, 0x2006, 0x2006, 
  0x2006, 0x2006, 0x2006, 0x2006, 0x2006, 0x2006, 0x2006, 0x2006, 0x2006, 0x2006, 0x2006, 0x2006, 
  0x2006, 0x2006, 0x2006, 0x2006, 0x2006, 0x2006, 0x2006, 0x2006, 0x2006, 0x2006, 0x2006, 0x2006, 
  0x2006, 0x2006, 0x2006, 0x2006, 0x2006, 0x2006, 0x2006, 0x2006, 0x2006, 0x2006, 0x2006, 0x2006, 
  0x2006, 0x2006, 0x2006, 0x2006, 0x2006, 0x2006, 0x2006, 0x2006, 0x2006, 0x2006, 0x2006, 0x2006, 
  0x2006, 0x2006, 0x2006, 0x2006, 0x2006, 0x2006, 0x2006, 0x2006, 0x2006, 0x2006, 0x2006, 0x2006, 
  0x2006, 0x2005, 0x2005, 0x4134, 0x4134, 0x4134, 0x4134, 0x4134, 0x4134, 0x4134, 0x4134, 0x4134, 
  0x4134, 0x4134, 0x4134, 0x4134, 0x4134, 0x4134, 0x4134, 0x4134, 0x4134, 0x4134, 0x4134, 0x4134, 
  0x4134, 0x4134, 0x4134, 0x4134, 0x4134, 0x4134, 0x4134, 0x4134, 0x4134, 0x4134, 0x4134, 0x4134, 
  0x4134, 0x4134, 0x4134, 0x4134, 0x4134, 0x4134, 0x4134, 0x4134, 0x4134, 0x4134, 0x4134, 0x4134, 
  0x4134, 0x4134, 0x4134, 0x4134, 0x4134, 0x4134, 0x4134, 0x4134, 0x4134, 0x4134, 0x4134, 0x4134, 
  0x4134, 0x4134, 0x4134, 0x4134, 0x4134, 0x4134, 0x4134, 0x4134, 0x4134, 0x4134, 0x4134, 0x4134, 
  0x4134, 0x4134, 0x4134, 0x4134, 0x4134, 0x4134, 0x4134, 0x4134, 0x4134, 0x4134, 0x4134, 0x4134, 
  0x4134, 0x4134, 0x4134, 0x4134, 0x4134, 0x2005, 0x2005, 0x2006, 0x2006, 0x2006, 0x2006, 0x2006, 
  0x2006, 0x2006, 0x2006, 0x2006, 0x2006, 0x2006, 0x2006, 0x2006, 0x2006, 0x2006, 0x2006, 0x2006, 
  0x2006, 0x2006, 0x2006, 0x2006, 0x2006, 0x2006, 0x2006, 0x2006, 0x2006, 0x2006, 0x2006, 0x2006, 
  0x2006, 0x2006, 0x2006, 0x2006, 0x2006, 0x2006, 0x2006, 0x2006, 0x2006, 0x2006, 0x2006, 0x2006, 
  0x2006, 0x2006, 0x2006, 0x2006, 0x2006, 0x2006, 0x2006, 0x2006, 0x2006, 0x2006, 0x2006, 0x2006, 
  0x2006, 0x2006, 0x2006, 0x2006, 0x2006, 0x2006, 0x2006, 0x2006, 0x2006, 0x2006, 0x2006, 0x2006, 
  0x2006, 0x2006, 0x2006, 0x2006, 0x2006, 0x2006, 0x2006, 0x2006, 0x2006, 0x2006, 0x2006, 0x2006, 
  0x2006, 0x2006, 0x2006, 0x2006, 0x2006, 0x2006, 0x2006, 0x2006, 0x2006, 0x2006, 0x2006, 0x2006, 
  0x2006, 0x2006, 0x2006, 0x2006, 0x2006, 0x2006, 0x2006, 0x2006, 0x2006, 0x2006, 0x2006, 0x2006, 
  0x2006, 0x2006, 0x2006, 0x2006, 0x2006, 0x2006, 0x2006, 0x2006, 0x2006, 0x2006, 0x2006, 0x2006, 
  0x2006, 0x2006, 0x2006, 0x2006, 0x2006, 0x2006, 0x2006, 0x2006, 0x2006, 0x2006, 0x2006, 0x2006, 
  0x2006, 0x2006, 0x2006, 0x2006, 0x2006, 0x2006, 0x2006, 0x2006, 0x2006, 0x2006, 0x2006, 0x2006, 
  0x2006, 0x2006, 0x2006, 0x2006, 0x2006, 0x2006, 0x2006, 0x2006, 0x2006, 0x2006, 0x2006, 0x2006, 
  0x2006, 0x2006, 0x2006, 0x2006, 0x2006, 0x2006, 0x2006, 0x2006, 0x2006, 0x2006, 0x2006, 0x2006, 
  0x2006, 0x2006, 0x2006, 0x2006, 0x2006, 0x2006, 0x2006, 0x2006, 0x2006, 0x2006, 0x2006, 0x2006, 
  0x2006, 0x2006, 0x2006, 0x2006, 0x2006, 0x2006, 0x2006, 0x2006, 0x2006, 0x2006, 0x2006, 0x2006, 
  0x2006, 0x2006, 0x2006, 0x2006, 0x2006, 0x2006, 0x2006, 0x2006, 0x2006, 0x2006, 0x2006, 0x2006, 
  0x2006, 0x2006, 0x2006, 0x2006, 0x2006, 0x2006, 0x2006, 0x2006, 0x2006, 0x2006, 0x2006, 0x2006, 
  0x2006, 0x2006, 0x2006, 0x2006, 0x2006, 0x2006, 0x2006, 0x2006, 0x2006, 0x2006, 0x2006, 0x2006, 
  0x2006, 0x2006, 0x2006, 0x2006, 0x2006, 0x2006, 0x2006, 0x2006, 0x2006, 0x2005, 0x2005, 0x4134, 
  0x4134, 0x4134, 0x4134, 0x4134, 0x4134, 0x4134, 0x4134, 0x4134, 0x4134, 0x4134, 0x4134, 0x4134, 
  0x4134, 0x4134, 0x4134, 0x4134, 0x4134, 0x4134, 0x4134, 0x4134, 0x4134, 0x4134, 0x4134, 0x4134, 
  0x4134, 0x4134, 0x4134, 0x4134, 0x4134, 0x4134, 0x4134, 0x4134, 0x4134, 0x4134, 0x4134, 0x4134, 
  0x4134, 0x4134, 0x4134, 0x4134, 0x4134, 0x4134, 0x4134, 0x4134, 0x4134, 0x4134, 0x4134, 0x4134, 
  0x4134, 0x4134, 0x4134, 0x4134, 0x4134, 0x4134, 0x4134, 0x4134, 0x4134, 0x4134, 0x4134, 0x4134, 
  0x4134, 0x4134, 0x4134, 0x4134, 0x4134, 0x4134, 0x4134, 0x4134, 0x4134, 0x4134, 0x4134, 0x4134, 
  0x4134, 0x4134, 0x4134, 0x4134, 0x4134, 0x4134, 0x4134, 0x4134, 0x4134, 0x4134, 0x4134, 0x4134, 
  0x4134, 0x2005, 0x2005, 0x2006, 0x2006, 0x2006, 0x2006, 0x2006, 0x2006, 0x2006, 0x2006, 0x2006, 
  0x2006, 0x2006, 0x2006, 0x2006, 0x2006, 0x2006, 0x2006, 0x2006, 0x2006, 0x2006, 0x2006, 0x2006, 
  0x2006, 0x2006, 0x2006, 0x2006, 0x2006, 0x2006, 0x2006, 0x2006, 0x2006, 0x2006, 0x2006, 0x2006, 
  0x2006, 0x2006, 0x2006, 0x2006, 0x2006, 0x2006, 0x2006, 0x2006, 0x2006, 0x2006, 0x2006, 0x2006, 
  0x2006, 0x2006, 0x2006, 0x2006, 0x2006, 0x2006, 0x2006, 0x2006, 0x2006, 0x2006, 0x2006, 0x2006, 
  0x2006, 0x2006, 0x2006, 0x2006, 0x2006, 0x2006, 0x2006, 0x2006, 0x2006, 0x2006, 0x2006, 0x2006, 
  0x2006, 0x2006, 0x2006, 0x2006, 0x2006, 0x2006, 0x2006, 0x2006, 0x2006, 0x2006, 0x2006, 0x2006, 
  0x2006, 0x2006, 0x2006, 0x2006, 0x2006, 0x2006, 0x2006, 0x2006, 0x2006, 0x2006, 0x2006, 0x2006, 
  0x2006, 0x2006, 0x2006, 0x2006, 0x2006, 0x2006, 0x2006, 0x2006, 0x2006, 0x2006, 0x2006, 0x2006, 
  0x2006, 0x2006, 0x2006, 0x2006, 0x2006, 0x2006, 0x2006, 0x2006, 0x2006, 0x2006, 0x2006, 0x2006, 
  0x2006, 0x2006, 0x2006, 0x2006, 0x2006, 0x2006, 0x2006, 0x2006, 0x2006, 0x2006, 0x2006, 0x2006, 
  0x2006, 0x2006, 0x2006, 0x2006, 0x2006, 0x2006, 0x2006, 0x2006, 0x2006, 0x2006, 0x2006, 0x2006, 
  0x2006, 0x2006, 0x2006, 0x2006, 0x2006, 0x2006, 0x2006, 0x2006, 0x2006, 0x2006, 0x2006, 0x2006, 
  0x2006, 0x2006, 0x2006, 0x2006, 0x2006, 0x2006, 0x2006, 0x2006, 0x2006, 0x2006, 0x2006, 0x2006, 
  0x2006, 0x2006, 0x2006, 0x2006, 0x2006, 0x2006, 0x2006, 0x2006, 0x2006, 0x2006, 0x2006, 0x2006, 
  0x2006, 0x2006, 0x2006, 0x2006, 0x2006, 0x2006, 0x2006, 0x2006, 0x2006, 0x2006, 0x2006, 0x2006, 
  0x2006, 0x2006, 0x2006, 0x2006, 0x2006, 0x2006, 0x2006, 0x2006, 0x2006, 0x2006, 0x2006, 0x2006, 
  0x2006, 0x2006, 0x2006, 0x2006, 0x2006, 0x2006, 0x2006, 0x2006, 0x2006, 0x2006, 0x2006, 0x2006, 
  0x2006, 0x2006, 0x2006, 0x2006, 0x2006, 0x2006, 0x2006, 0x2006, 0x2006, 0x2006, 0x2006, 0x2006, 
  0x2006, 0x2006, 0x2006, 0x2006, 0x2006, 0x2005, 0x2005, 0x4134, 0x4134, 0x4134, 0x4134, 0x4134, 
  0x4134, 0x4134, 0x4134, 0x4134, 0x4134, 0x4134, 0x4134, 0x4134, 0x4134, 0x4134, 0x4134, 0x4134, 
  0x4134, 0x4134, 0x4134, 0x4134, 0x4134, 0x4134, 0x4134, 0x4134, 0x4134, 0x4134, 0x4134, 0x4134, 
  0x4134, 0x4134, 0x4134, 0x4134, 0x4134, 0x4134, 0x4134, 0x4134, 0x4134, 0x4134, 0x4134, 0x4134, 
  0x4134, 0x4134, 0x4134, 0x4134, 0x4134, 0x4134, 0x4134, 0x4134, 0x4134, 0x4134, 0x4134, 0x4134, 
  0x4134, 0x4134, 0x4134, 0x4134, 0x4134, 0x4134, 0x4134, 0x4134, 0x4134, 0x4134, 0x4134, 0x4134, 
  0x4134, 0x4134, 0x4134, 0x4134, 0x4134, 0x4134, 0x4134, 0x4134, 0x4134, 0x4134, 0x4134, 0x4134, 
  0x4134, 0x4134, 0x4134, 0x4134, 0x4134, 0x4134, 0x4134, 0x4134, 0x4134, 0x2005, 0x2006, 0x2006, 
  0x2006, 0x2006, 0x2006, 0x2006, 0x2006, 0x2006, 0x2006, 0x2006, 0x2006, 0x2006, 0x2006, 0x2006, 
  0x2006, 0x2006, 0x2006, 0x2006, 0x2006, 0x2006, 0x2006, 0x2006, 0x2006, 0x2006, 0x2006, 0x2006, 
  0x2006, 0x2006, 0x2006, 0x2006, 0x2006, 0x2006, 0x2006, 0x2006, 0x2006, 0x2006, 0x2006, 0x2006, 
  0x2006, 0x2006, 0x2006, 0x2006, 0x2006, 0x2006, 0x2006, 0x2006, 0x2006, 0x2006, 0x2006, 0x2006, 
  0x2006, 0x2006, 0x2006, 0x2006, 0x2006, 0x2006, 0x2006, 0x2006, 0x2006, 0x2006, 0x2006, 0x2006, 
  0x2006, 0x2006, 0x2006, 0x2006, 0x2006, 0x2006, 0x2006, 0x2006, 0x2006, 0x2006, 0x2006, 0x2006, 
  0x2006, 0x2006, 0x2006, 0x2006, 0x2006, 0x2006, 0x2006, 0x2006, 0x2006, 0x2006, 0x2006, 0x2006, 
  0x2006, 0x2006, 0x2006, 0x2006, 0x2006, 0x2006, 0x2006, 0x2006, 0x2006, 0x2006, 0x2006, 0x2006, 
  0x2006, 0x2006, 0x2006, 0x2006, 0x2006, 0x2006, 0x2006, 0x2006, 0x2006, 0x2006, 0x2006, 0x2006, 
  0x2006, 0x2006, 0x2006, 0x2006, 0x2006, 0x2006, 0x2006, 0x2006, 0x2006, 0x2006, 0x2006, 0x2006, 
  0x2006, 0x2006, 0x2006, 0x2006, 0x2006, 0x2006, 0x2006, 0x2006, 0x2006, 0x2006, 0x2006, 0x2006, 
  0x2006, 0x2006, 0x2006, 0x2006, 0x2006, 0x2006, 0x2006, 0x2006, 0x2006, 0x2006, 0x2006, 0x2006, 
  0x2006, 0x2006, 0x2006, 0x2006, 0x2006, 0x2006, 0x2006, 0x2006, 0x2006, 0x2006, 0x2006, 0x2006, 
  0x2006, 0x2006, 0x2006, 0x2006, 0x2006, 0x2006, 0x2006, 0x2006, 0x2006, 0x2006, 0x2006, 0x2006, 
  0x2006, 0x2006, 0x2006, 0x2006, 0x2006, 0x2006, 0x2006, 0x2006, 0x2006, 0x2006, 0x2006, 0x2006, 
  0x2006, 0x2006, 0x2006, 0x2006, 0x2006, 0x2006, 0x2006, 0x2006, 0x2006, 0x2006, 0x2006, 0x2006, 
  0x2006, 0x2006, 0x2006, 0x2006, 0x2006, 0x2006, 0x2006, 0x2006, 0x2006, 0x2006, 0x2006, 0x2006, 
  0x2006, 0x2006, 0x2006, 0x2006, 0x2006, 0x2006, 0x2006, 0x2006, 0x2006, 0x2006, 0x2006, 0x2006, 
  0x2006, 0x2006, 0x2006, 0x2006, 0x2006, 0x2006, 0x2006, 0x2006, 0x2006, 0x2006, 0x2006, 0x2006, 
  0x2006, 0x2006, 0x2005, 0x4134, 0x4134, 0x4134, 0x4134, 0x4134, 0x4134, 0x4134, 0x4134, 0x4134, 
  0x4134, 0x4134, 0x4134, 0x4134, 0x4134, 0x4134, 0x4134, 0x4134, 0x4134, 0x4134, 0x4134, 0x4134, 
  0x4134, 0x4134, 0x4134, 0x4134, 0x4134, 0x4134, 0x4134, 0x4134, 0x4134, 0x4134, 0x4134, 0x4134, 
  0x4134, 0x4134, 0x4134, 0x4134, 0x4134, 0x4134, 0x4134, 0x4134, 0x4134, 0x4134, 0x4134, 0x4134, 
  0x4134, 0x4134, 0x4134, 0x4134, 0x4134, 0x4134, 0x4134, 0x4134, 0x4134, 0x4134, 0x4134, 0x4134, 
  0x4134, 0x4134, 0x4134, 0x4134, 0x4134, 0x4134, 0x4134, 0x4134, 0x4134, 0x4134, 0x4134, 0x4134, 
  0x4134, 0x4134, 0x4134, 0x4134, 0x4134, 0x4134, 0x4134, 0x4134, 0x4134, 0x4134, 0x4134, 0x4134, 
  0x4134, 0x4134, 0x4134, 0x4134, 0x4134, 0x2005, 0x2006, 0x2006, 0x2006, 0x2006, 0x2006, 0x2006, 
  0x2006, 0x2006, 0x2006, 0x2006, 0x2006, 0x2006, 0x2006, 0x2006, 0x2006, 0x2006, 0x2006, 0x2006, 
  0x2006, 0x2006, 0x2006, 0x2006, 0x2006, 0x2006, 0x2006, 0x2006, 0x2006, 0x2006, 0x2006, 0x2006, 
  0x2006, 0x2006, 0x2006, 0x2006, 0x2006, 0x2006, 0x2006, 0x2006, 0x2006, 0x2006, 0x2006, 0x2006, 
  0x2006, 0x2006, 0x2006, 0x2006, 0x2006, 0x2006, 0x2006, 0x2006, 0x2006, 0x2006, 0x2006, 0x2006, 
  0x2006, 0x2006, 0x2006, 0x2006, 0x2006, 0x2006, 0x2006, 0x2006, 0x2006, 0x2006, 0x2006, 0x2006, 
  0x2006, 0x2006, 0x2006, 0x2006, 0x2006, 0x2006, 0x2006, 0x2006, 0x2006, 0x2006, 0x2006, 0x2006, 
  0x2006, 0x2006, 0x2006, 0x2006, 0x2006, 0x2006, 0x2006, 0x2006, 0x2006, 0x2006, 0x2006, 0x2006, 
  0x2006, 0x2006, 0x2006, 0x2006, 0x2006, 0x2006, 0x2006, 0x2006, 0x2006, 0x2006, 0x2006, 0x2006, 
  0x2006, 0x2006, 0x2006, 0x2006, 0x2006, 0x2006, 0x2006, 0x2006, 0x2006, 0x2006, 0x2006, 0x2006, 
  0x2006, 0x2006, 0x2006, 0x2006, 0x2006, 0x2006, 0x2006, 0x2006, 0x2806, 0x2006, 0x2006, 0x2006, 
  0x2006, 0x2006, 0x2006, 0x2006, 0x2006, 0x2006, 0x2006, 0x2806, 0x2006, 0x2006, 0x2006, 0x2006, 
  0x2006, 0x2006, 0x2806, 0x2006, 0x2006, 0x2006, 0x2006, 0x2006, 0x2006, 0x2006, 0x2006, 0x2006, 
  0x2006, 0x2006, 0x2006, 0x2006, 0x2006, 0x2006, 0x2006, 0x2006, 0x2006, 0x2006, 0x2006, 0x2006, 
  0x2006, 0x2006, 0x2006, 0x2006, 0x2006, 0x2006, 0x2006, 0x2006, 0x2006, 0x2006, 0x2006, 0x2006, 
  0x2006, 0x2006, 0x2006, 0x2006, 0x2006, 0x2006, 0x2006, 0x2006, 0x2006, 0x2006, 0x2006, 0x2006, 
  0x2006, 0x2006, 0x2006, 0x2006, 0x2006, 0x2006, 0x2006, 0x2006, 0x2006, 0x2006, 0x2006, 0x2006, 
  0x2006, 0x2006, 0x2006, 0x2006, 0x2006, 0x2006, 0x2006, 0x2006, 0x2006, 0x2006, 0x2006, 0x2006, 
  0x2006, 0x2006, 0x2006, 0x2806, 0x2006, 0x2006, 0x2006, 0x2006, 0x2006, 0x2006, 0x2006, 0x2006, 
  0x2006, 0x2006, 0x2006, 0x2006, 0x2006, 0x2006, 0x2006, 0x2006, 0x2006, 0x2006, 0x2005, 0x4134, 
  0x4134, 0x4134, 0x4134, 0x4134, 0x4134, 0x4134, 0x4134, 0x4134, 0x4134, 0x4134, 0x4134, 0x4134, 
  0x4134, 0x4134, 0x4134, 0x4134, 0x4134, 0x4134, 0x4134, 0x4134, 0x4134, 0x4134, 0x4134, 0x4134, 
  0x4134, 0x4134, 0x4134, 0x4134, 0x4134, 0x4134, 0x4134, 0x4134, 0x4134, 0x4134, 0x4134, 0x4134, 
  0x4134, 0x4134, 0x4134, 0x4134, 0x4134, 0x4134, 0x4134, 0x4134, 0x4134, 0x4134, 0x4134, 0x4134, 
  0x4134, 0x4134, 0x4134, 0x4134, 0x4134, 0x4134, 0x4134, 0x4134, 0x4134, 0x4134, 0x4134, 0x4134, 
  0x4134, 0x4134, 0x4134, 0x4134, 0x4134, 0x4134, 0x4134, 0x4134, 0x4134, 0x4134, 0x4134, 0x4134, 
  0x4134, 0x4134, 0x4134, 0x4134, 0x4134, 0x4134, 0x4134, 0x4134, 0x4134, 0x4134, 0x4134, 0x4134, 
  0x4134, 0x2005, 0x2006, 0x2006, 0x2006, 0x2006, 0x2006, 0x2006, 0x2006, 0x2006, 0x2006, 0x2006, 
  0x2006, 0x2006, 0x2006, 0x2006, 0x2006, 0x2006, 0x2006, 0x2006, 0x2006, 0x2006, 0x2006, 0x2006, 
  0x2006, 0x2006, 0x2006, 0x2006, 0x2006, 0x2006, 0x2006, 0x2006, 0x2006, 0x2006, 0x2006, 0x2006, 
  0x2006, 0x2006, 0x2006, 0x2006, 0x2006, 0x2006, 0x2006, 0x2006, 0x2006, 0x2006, 0x2006, 0x2006, 
  0x2006, 0x2006, 0x2006, 0x2006, 0x2006, 0x2006, 0x2006, 0x2006, 0x2006, 0x2006, 0x2006, 0x2006, 
  0x2806, 0x2006, 0x2006, 0x2006, 0x2006, 0x2006, 0x2006, 0x2006, 0x2006, 0x2006, 0x2006, 0x2806, 
  0x2006, 0x2006, 0x2006, 0x2006, 0x2006, 0x2006, 0x2806, 0x2006, 0x2006, 0x2006, 0x2006, 0x2006, 
  0x2006, 0x2006, 0x2006, 0x2006, 0x2006, 0x2006, 0x2006, 0x2006, 0x2006, 0x2006, 0x2006, 0x2006, 
  0x2006, 0x2006, 0x2006, 0x2006, 0x2006, 0x2006, 0x2006, 0x2006, 0x2006, 0x2006, 0x2006, 0x2006, 
  0x2006, 0x2006, 0x2006, 0x2006, 0x2006, 0x2006, 0x2006, 0x2006, 0x2006, 0x2006, 0x2006, 0x2006, 
  0x2006, 0x2006, 0x2006, 0x2006, 0x2006, 0x2006, 0x2006, 0x2006, 0x2006, 0x2006, 0x2806, 0x2806, 
  0x2806, 0x2806, 0x2006, 0x2006, 0x2806, 0x2006, 0x2006, 0x2806, 0x2006, 0x2006, 0x2806, 0x2006, 
  0x2006, 0x2006, 0x2006, 0x2006, 0x2006, 0x2006, 0x2006, 0x2806, 0x2006, 0x2806, 0x2006, 0x2806, 
  0x2006, 0x2006, 0x2006, 0x2006, 0x2006, 0x2006, 0x2006, 0x2006, 0x2006, 0x2006, 0x2006, 0x2006, 
  0x2006, 0x2006, 0x2006, 0x2006, 0x2006, 0x2006, 0x2006, 0x2006, 0x2006, 0x2806, 0x2006, 0x2006, 
  0x2006, 0x2006, 0x2006, 0x2806, 0x2006, 0x2006, 0x2006, 0x2006, 0x2006, 0x2006, 0x2006, 0x2806, 
  0x2006, 0x2006, 0x2006, 0x2806, 0x2006, 0x2806, 0x2006, 0x2006, 0x2006, 0x2806, 0x2006, 0x2006, 
  0x2806, 0x2006, 0x2006, 0x2006, 0x2006, 0x2006, 0x2806, 0x2006, 0x2006, 0x2006, 0x2006, 0x2006, 
  0x2006, 0x2806, 0x2806, 0x2006, 0x2006, 0x2006, 0x2006, 0x2006, 0x2006, 0x2006, 0x2006, 0x2006, 
  0x2006, 0x2006, 0x2006, 0x2006, 0x2006, 0x2006, 0x2005, 0x4134, 0x4134, 0x4134, 0x4134, 0x4134, 
  0x4134, 0x4134, 0x4134, 0x4134, 0x4134, 0x4134, 0x4134, 0x4134, 0x4134, 0x4134, 0x4134, 0x4134, 
  0x4134, 0x4134, 0x4134, 0x4134, 0x4134, 0x4134, 0x4134, 0x4134, 0x4134, 0x4134, 0x4134, 0x4134, 
  0x4134, 0x4134, 0x4134, 0x4134, 0x4134, 0x4134, 0x4134, 0x4134, 0x4134, 0x4134, 0x4134, 0x4134, 
  0x4134, 0x4134, 0x4134, 0x4134, 0x4134, 0x4134, 0x4134, 0x4134, 0x4134, 0x4134, 0x4134, 0x4134, 
  0x4134, 0x4134, 0x4134, 0x4134, 0x4134, 0x4134, 0x4134, 0x4134, 0x4134, 0x4134, 0x4134, 0x4134, 
  0x4134, 0x4134, 0x4134, 0x4134, 0x4134, 0x4134, 0x4134, 0x4134, 0x4134, 0x4134, 0x4134, 0x4134, 
  0x4134, 0x4134, 0x4134, 0x4134, 0x4134, 0x4134, 0x4134, 0x4134, 0x4134, 0x2006, 0x2006, 0x2006, 
  0x2806, 0x2806, 0x2006, 0x2806, 0x2006, 0x2806, 0x2006, 0x2006, 0x2006, 0x2006, 0x2006, 0x2006, 
  0x2006, 0x2006, 0x2006, 0x2806, 0x2006, 0x2006, 0x2006, 0x2006, 0x2806, 0x2006, 0x2006, 0x2006, 
  0x2806, 0x2006, 0x2006, 0x2006, 0x2006, 0x2006, 0x2806, 0x2806, 0x2006, 0x2006, 0x2006, 0x2806, 
  0x2006, 0x2006, 0x2806, 0x2806, 0x2006, 0x2006, 0x2806, 0x2006, 0x2006, 0x2006, 0x2006, 0x2006, 
  0x2006, 0x2006, 0x2006, 0x2006, 0x2006, 0x2006, 0x2006, 0x2006, 0x2006, 0x2006, 0x2006, 0x2006, 
  0x2006, 0x2006, 0x2806, 0x2806, 0x2806, 0x2806, 0x2006, 0x2006, 0x2806, 0x2006, 0x2006, 0x2806, 
  0x2006, 0x2006, 0x2806, 0x2006, 0x2006, 0x2006, 0x2006, 0x2006, 0x2006, 0x2006, 0x2006, 0x2806, 
  0x2006, 0x2806, 0x2006, 0x2806, 0x2006, 0x2006, 0x2006, 0x2006, 0x2006, 0x2006, 0x2006, 0x2006, 
  0x2006, 0x2006, 0x2006, 0x2006, 0x2006, 0x2006, 0x2006, 0x2006, 0x2006, 0x2006, 0x2006, 0x2006, 
  0x2006, 0x2806, 0x2006, 0x2006, 0x2006, 0x2006, 0x2006, 0x2806, 0x2006, 0x2006, 0x2006, 0x2006, 
  0x2806, 0x2806, 0x2006, 0x2806, 0x2806, 0x2806, 0x2006, 0x2806, 0x2006, 0x2006, 0x2806, 0x2006, 
  0x2806, 0x2806, 0x2006, 0x2006, 0x2806, 0x2806, 0x2006, 0x2806, 0x2806, 0x2006, 0x2806, 0x2806, 
  0x2006, 0x2806, 0x2006, 0x2806, 0x2006, 0x2806, 0x2006, 0x2806, 0x2806, 0x2006, 0x2806, 0x2806, 
  0x2806, 0x2006, 0x2006, 0x2806, 0x2006, 0x2806, 0x2806, 0x2806, 0x2806, 0x2006, 0x2006, 0x2806, 
  0x2806, 0x2006, 0x2806, 0x2806, 0x2806, 0x2806, 0x2806, 0x2806, 0x2806, 0x2006, 0x2006, 0x2006, 
  0x2006, 0x2006, 0x2006, 0x2806, 0x2806, 0x2006, 0x2806, 0x2806, 0x2006, 0x2806, 0x2806, 0x2806, 
  0x2006, 0x2006, 0x2806, 0x2806, 0x2006, 0x2006, 0x2006, 0x2806, 0x2006, 0x2806, 0x2806, 0x2006, 
  0x2006, 0x2806, 0x2006, 0x2006, 0x2806, 0x2006, 0x2006, 0x2006, 0x2806, 0x2006, 0x2806, 0x2006, 
  0x2806, 0x2006, 0x2806, 0x2006, 0x2806, 0x2806, 0x2806, 0x2806, 0x2006, 0x2806, 0x2806, 0x2806, 
  0x2006, 0x2006, 0x2006, 0x4134, 0x4134, 0x4134, 0x4134, 0x4134, 0x4134, 0x4134, 0x4134, 0x4134, 
  0x4134, 0x4134, 0x4134, 0x4134, 0x4134, 0x4134, 0x4134, 0x4134, 0x4134, 0x4134, 0x4134, 0x4134, 
  0x4134, 0x4134, 0x4134, 0x4134, 0x4134, 0x4134, 0x4134, 0x4134, 0x4134, 0x4134, 0x4134, 0x4134, 
  0x4134, 0x4134, 0x4134, 0x4134, 0x4134, 0x4134, 0x4134, 0x4134, 0x4134, 0x4134, 0x4134, 0x4134, 
  0x4134, 0x4134, 0x4134, 0x4134, 0x4134, 0x4134, 0x4134, 0x4134, 0x4134, 0x4134, 0x4134, 0x4134, 
  0x4134, 0x4134, 0x4134, 0x4134, 0x4134, 0x4134, 0x4134, 0x4134, 0x4134, 0x4134, 0x4134, 0x4134, 
  0x4134, 0x4134, 0x4134, 0x4134, 0x4134, 0x4134, 0x4134, 0x4134, 0x4134, 0x4134, 0x4134, 0x4134, 
  0x4134, 0x4134, 0x4134, 0x4134, 0x4134, 0x2006, 0x2006, 0x2006, 0x2806, 0x2806, 0x2806, 0x2006, 
  0x2806, 0x2806, 0x2806, 0x2006, 0x2006, 0x2806, 0x2806, 0x2806, 0x2806, 0x2806, 0x2006, 0x2806, 
  0x2006, 0x2806, 0x2806, 0x2806, 0x2806, 0x2006, 0x2006, 0x2806, 0x2806, 0x2006, 0x2006, 0x2006, 
  0x2806, 0x2806, 0x2806, 0x2806, 0x2806, 0x2006, 0x2806, 0x2806, 0x2806, 0x2006, 0x2006, 0x2806, 
  0x2006, 0x2806, 0x2006, 0x2806, 0x2806, 0x2006, 0x2006, 0x2806, 0x2006, 0x2806, 0x2806, 0x2006, 
  0x2806, 0x2806, 0x2806, 0x2006, 0x2806, 0x2806, 0x2006, 0x2806, 0x2806, 0x2806, 0x2006, 0x2806, 
  0x2006, 0x2006, 0x2806, 0x2006, 0x2806, 0x2806, 0x2006, 0x2006, 0x2806, 0x2806, 0x2006, 0x2806, 
  0x2806, 0x2006, 0x2806, 0x2806, 0x2006, 0x2806, 0x2006, 0x2806, 0x2006, 0x2806, 0x2006, 0x2806, 
  0x2806, 0x2006, 0x2806, 0x2806, 0x2806, 0x2006, 0x2006, 0x2806, 0x2006, 0x2806, 0x2806, 0x2806, 
  0x2806, 0x2006, 0x2006, 0x2806, 0x2806, 0x2006, 0x2806, 0x2806, 0x2806, 0x2806, 0x2806, 0x2806, 
  0x2806, 0x2006, 0x2006, 0x2006, 0x2006, 0x2006, 0x2006, 0x2806, 0x0841, 0x0821, 0x0821, 0x0821, 
  0x0821, 0x0821, 0x0821, 0x0821, 0x0821, 0x0841, 0x0821, 0x0841, 0x0841, 0x0841, 0x0841, 0x0841, 
  0x0841, 0x0841, 0x0841, 0x0841, 0x0841, 0x0841, 0x0841, 0x0841, 0x0841, 0x0841, 0x0841, 0x0841, 
  0x0820, 0x0020, 0x0820, 0x0820, 0x0841, 0x0841, 0x0841, 0x0841, 0x0841, 0x0841, 0x0841, 0x0841, 
  0x0841, 0x0841, 0x0841, 0x0841, 0x0841, 0x0841, 0x0841, 0x0841, 0x0841, 0x0841, 0x0861, 0x0861, 
  0x0861, 0x0861, 0x0861, 0x0861, 0x0861, 0x1062, 0x1062, 0x1062, 0x1082, 0x1883, 0x10a3, 0x10a2, 
  0x10a2, 0x10a2, 0x10a2, 0x10a2, 0x10a2, 0x10a2, 0x10a2, 0x10a2, 0x1082, 0x1082, 0x1082, 0x1082, 
  0x1082, 0x1082, 0x1082, 0x1082, 0x1082, 0x1082, 0x1082, 0x1082, 0x1082, 0x0861, 0x0861, 0x0861, 
  0x0861, 0x0861, 0x0861, 0x0861, 0x0861, 0x0861, 0x0861, 0x0861, 0x0861, 0x0841, 0x0841, 0x0841, 
  0x0841, 0x0841, 0x0841, 0x0841, 0x0841, 0x0841, 0x0841, 0x0841, 0x0020, 0x0020, 0x0020, 0x0020, 
  0x0020, 0x0020, 0x0020, 0x0020, 0x0000, 0x0020, 0x0000, 0x0000, 0x0020, 0x0000, 0x0000, 0x0000, 
  0x0000, 0x0000, 0x0000, 0x0000, 0x0000, 0x0000, 0x0000, 0x0000, 0x0000, 0x0000, 0x0000, 0x0000, 
  0x0000, 0x0000, 0x0000, 0x0000, 0x0000, 0x0000, 0x0000, 0x0000, 0x0000, 0x0000, 0x0000, 0x0000, 
  0x0000, 0x0000, 0x0000, 0x0000, 0x0000, 0x0841, 0x0841, 0x0861, 0x0841, 0x0861, 0x0861, 0x0841, 
  0x0020, 0x0020, 0x0020, 0x0020, 0x0020, 0x0020, 0x0020, 0x0020, 0x0020, 0x0020, 0x0020, 0x0841, 
  0x0841, 0x0841, 0x0841, 0x0841, 0x0841, 0x0841, 0x0841, 0x0841, 0x0841, 0x0841, 0x0841, 0x0841, 
  0x0841, 0x0841, 0x0861, 0x0861, 0x0861, 0x0861, 0x0861, 0x0861, 0x0861, 0x0861, 0x1082, 0x1082, 
  0x1082, 0x1082, 0x1082, 0x10a2, 0x10a2, 0x10a2, 0x10a2, 0x10a2, 0x10a2, 0x10a2, 0x10a2, 0x10a2, 
  0x10a2, 0x10a2, 0x10a2, 0x10a2, 0x10a2, 0x10a2, 0x10a2, 0x10a2, 0x10a2, 0x10a2, 0x2965, 0x2965, 
  0x2965, 0x2965, 0x2965, 0x2965, 0x2965, 0x2965, 0x2965, 0x2965, 0x2965, 0x2965, 0x2945, 0x2965, 
  0x2945, 0x2945, 0x2945, 0x2945, 0x2945, 0x2945, 0x2945, 0x2945, 0x2945, 0x2124, 0x2124, 0x2124, 
  0x2124, 0x2124, 0x2124, 0x2124, 0x2124, 0x2104, 0x2104, 0x2104, 0x2104, 0x20e3, 0x20e3, 0x20e3, 
  0x20e3, 0x18e3, 0x18e3, 0x18e3, 0x18e3, 0x18c3, 0x18c3, 0x18c3, 0x18c3, 0x18c3, 0x10a2, 0x10a2, 
  0x1082, 0x1082, 0x1082, 0x1082, 0x1082, 0x1082, 0x1082, 0x1082, 0x1062, 0x1062, 0x1062, 0x1061, 
  0x1061, 0x0861, 0x0861, 0x0861, 0x0861, 0x0841, 0x0841, 0x0841, 0x0841, 0x0841, 0x0841, 0x0841, 
  0x0841, 0x0841, 0x0841, 0x0841, 0x0821, 0x0821, 0x0821, 0x0841, 0x0821, 0x0821, 0x0821, 0x0820, 
  0x0820, 0x0821, 0x0820, 0x0820, 0x0820, 0x0820, 0x0020, 0x0020, 0x0020, 0x0020, 0x0020, 0x0020, 
  0x0020, 0x0020, 0x0020, 0x0020, 0x0821, 0x0821, 0x0821, 0x0821, 0x0821, 0x0821, 0x0841, 0x0821, 
  0x0821, 0x0821, 0x0841, 0x0841, 0x0841, 0x0841, 0x0841, 0x0841, 0x0841, 0x0841, 0x0841, 0x0841, 
  0x0841, 0x0841, 0x0841, 0x0841, 0x0841, 0x0841, 0x0841, 0x0821, 0x0020, 0x0820, 0x0820, 0x0841, 
  0x0841, 0x0841, 0x0841, 0x0841, 0x0841, 0x0841, 0x0841, 0x0841, 0x0841, 0x0841, 0x0841, 0x0841, 
  0x0841, 0x0841, 0x0841, 0x0841, 0x0861, 0x0861, 0x0861, 0x0861, 0x0861, 0x0861, 0x0861, 0x0861, 
  0x1061, 0x1062, 0x1062, 0x1082, 0x1082, 0x1083, 0x10a2, 0x10a2, 0x10a2, 0x10a2, 0x10a2, 0x10a2, 
  0x10a2, 0x10a2, 0x10a2, 0x10a2, 0x1082, 0x1082, 0x1082, 0x1082, 0x1082, 0x1082, 0x1082, 0x1082, 
  0x1082, 0x1082, 0x1082, 0x1082, 0x0861, 0x0861, 0x0861, 0x0861, 0x0861, 0x0861, 0x0861, 0x0861, 
  0x0861, 0x0861, 0x0861, 0x0861, 0x0861, 0x0861, 0x0841, 0x0841, 0x0841, 0x0841, 0x0841, 0x0841, 
  0x0841, 0x0841, 0x0841, 0x0841, 0x0020, 0x0020, 0x0020, 0x0020, 0x0020, 0x0020, 0x0020, 0x0020, 
  0x0020, 0x0000, 0x0020, 0x0020, 0x0000, 0x0000, 0x0000, 0x0000, 0x0000, 0x0000, 0x0000, 0x0000, 
  0x0000, 0x0000, 0x0000, 0x0000, 0x0000, 0x0000, 0x0000, 0x0000, 0x0000, 0x0000, 0x0000, 0x0000, 
  0x0000, 0x0000, 0x0000, 0x0000, 0x0000, 0x0000, 0x0000, 0x0000, 0x0000, 0x0000, 0x0000, 0x0000, 
  0x0000, 0x0000, 0x0841, 0x0861, 0x0861, 0x0841, 0x0841, 0x0020, 0x0020, 0x0020, 0x0020, 0x0020, 
  0x0020, 0x0020, 0x0020, 0x0020, 0x0841, 0x0020, 0x0020, 0x0841, 0x0841, 0x0841, 0x0841, 0x0841, 
  0x0841, 0x0841, 0x0841, 0x0841, 0x0841, 0x0841, 0x0861, 0x0841, 0x0861, 0x0861, 0x0861, 0x0861, 
  0x0861, 0x0861, 0x0861, 0x0861, 0x1082, 0x1082, 0x1082, 0x1082, 0x1082, 0x10a2, 0x1082, 0x10a2, 
  0x10a2, 0x10a2, 0x10a2, 0x10a2, 0x10a2, 0x10a2, 0x10a2, 0x10a2, 0x10a2, 0x10a2, 0x10a2, 0x10a2, 
  0x10a2, 0x10a2, 0x10a2, 0x10a2, 0x10a2, 0x10a2, 0x2945, 0x3186, 0x2965, 0x2965, 0x2965, 0x2965, 
  0x2965, 0x2965, 0x2965, 0x2965, 0x2965, 0x2965, 0x2965, 0x2965, 0x2965, 0x2965, 0x2945, 0x2945, 
  0x2945, 0x2945, 0x2945, 0x2945, 0x2124, 0x2945, 0x2124, 0x2124, 0x2124, 0x2124, 0x2124, 0x2124, 
  0x2124, 0x2104, 0x2104, 0x2104, 0x2104, 0x2104, 0x2104, 0x20e3, 0x20e3, 0x18e3, 0x20e3, 0x18e3, 
  0x18e3, 0x18e3, 0x18c3, 0x18c3, 0x18c3, 0x18c3, 0x10a2, 0x10a2, 0x1082, 0x10a2, 0x1082, 0x1082, 
  0x1082, 0x1082, 0x1082, 0x1082, 0x1062, 0x1062, 0x1062, 0x1061, 0x1061, 0x0861, 0x0861, 0x0861, 
  0x0861, 0x0861, 0x0841, 0x0841, 0x0841, 0x0841, 0x0841, 0x0841, 0x0841, 0x0841, 0x0841, 0x0841, 
  0x0841, 0x0821, 0x0821, 0x0821, 0x0821, 0x0821, 0x0821, 0x0820, 0x0820, 0x0820, 0x0820, 0x0020, 
  0x0020, 0x0020, 0x0020, 0x0020, 0x0020, 0x0020, 0x0020, 0x0020, 0x0020, 0x0020, 0x0020, 0x0020, 
  0x0821, 0x0841, 0x0841, 0x0820, 0x0820, 0x0841, 0x0821, 0x0821, 0x0821, 0x0841, 0x0821, 0x0841, 
  0x0841, 0x0841, 0x0841, 0x0841, 0x0841, 0x0841, 0x0841, 0x0841, 0x0841, 0x0841, 0x0841, 0x0841, 
  0x0841, 0x0841, 0x0841, 0x0820, 0x0020, 0x0020, 0x0020, 0x0841, 0x0841, 0x0841, 0x0841, 0x0841, 
  0x0841, 0x0841, 0x0841, 0x0841, 0x0841, 0x0841, 0x0841, 0x0841, 0x0841, 0x0841, 0x0841, 0x0841, 
  0x0841, 0x0861, 0x0861, 0x0861, 0x0861, 0x0861, 0x1061, 0x1061, 0x1062, 0x1062, 0x1082, 0x1082, 
  0x1082, 0x10a2, 0x10a2, 0x10a2, 0x10a2, 0x10a2, 0x10a2, 0x10a2, 0x10a2, 0x10a2, 0x10a2, 0x10a2, 
  0x10a2, 0x1082, 0x1082, 0x1082, 0x1082, 0x1082, 0x1082, 0x1082, 0x1082, 0x1082, 0x1082, 0x1082, 
  0x0861, 0x0861, 0x0861, 0x0861, 0x0861, 0x0861, 0x0861, 0x0861, 0x0861, 0x0861, 0x0861, 0x0861, 
  0x0861, 0x0861, 0x0841, 0x0841, 0x0841, 0x0841, 0x0841, 0x0841, 0x0841, 0x0020, 0x0020, 0x0841, 
  0x0841, 0x0020, 0x0020, 0x0020, 0x0020, 0x0020, 0x0020, 0x0000, 0x0020, 0x0020, 0x0000, 0x0000, 
  0x0000, 0x0000, 0x0000, 0x0000, 0x0000, 0x0000, 0x0000, 0x0000, 0x0000, 0x0000, 0x0000, 0x0000, 
  0x0000, 0x0000, 0x0000, 0x0000, 0x0000, 0x0000, 0x0000, 0x0000, 0x0000, 0x0000, 0x0000, 0x0000, 
  0x0000, 0x0000, 0x0000, 0x0000, 0x0000, 0x0000, 0x0000, 0x0000, 0x0000, 0x0000, 0x0000, 0x0841, 
  0x0841, 0x0020, 0x0020, 0x0020, 0x0020, 0x0020, 0x0020, 0x0020, 0x0020, 0x0020, 0x0020, 0x0841, 
  0x0020, 0x0841, 0x0841, 0x0841, 0x0841, 0x0841, 0x0841, 0x0841, 0x0841, 0x0841, 0x0861, 0x0841, 
  0x0861, 0x0861, 0x0861, 0x0861, 0x0861, 0x0861, 0x0861, 0x0861, 0x0861, 0x0861, 0x1082, 0x1082, 
  0x1082, 0x1082, 0x1082, 0x1082, 0x1082, 0x10a2, 0x10a2, 0x10a2, 0x10a2, 0x10a2, 0x10a2, 0x10a2, 
  0x10a2, 0x10a2, 0x10a2, 0x10a2, 0x10a2, 0x10a2, 0x10a2, 0x10a2, 0x10a2, 0x10a2, 0x10a2, 0x10a2, 
  0x10a2, 0x10a2, 0x18c3, 0x39e7, 0x3186, 0x3186, 0x3186, 0x3186, 0x3186, 0x3186, 0x2965, 0x2965, 
  0x2965, 0x2965, 0x2965, 0x2965, 0x2965, 0x2965, 0x2965, 0x2965, 0x2965, 0x2945, 0x2945, 0x2945, 
  0x2945, 0x2945, 0x2945, 0x2945, 0x2124, 0x2124, 0x2124, 0x2124, 0x2124, 0x2124, 0x2124, 0x2124, 
  0x2104, 0x2104, 0x2104, 0x2104, 0x20e3, 0x20e3, 0x18e3, 0x18e3, 0x18e3, 0x18e3, 0x18e3, 0x18c3, 
  0x18c3, 0x18c3, 0x10a2, 0x10a2, 0x10a2, 0x10a2, 0x1082, 0x1082, 0x1082, 0x1082, 0x1082, 0x1082, 
  0x1062, 0x1062, 0x1062, 0x1062, 0x1061, 0x0861, 0x0861, 0x0861, 0x0861, 0x0841, 0x0841, 0x0841, 
  0x0841, 0x0861, 0x0841, 0x0841, 0x0841, 0x0841, 0x0841, 0x0841, 0x0841, 0x0821, 0x0821, 0x0821, 
  0x0821, 0x0821, 0x0820, 0x0820, 0x0820, 0x0820, 0x0820, 0x0020, 0x0020, 0x0020, 0x0020, 0x0020, 
  0x0020, 0x0020, 0x0020, 0x0020, 0x0020, 0x0020, 0x0020, 0x0020, 0x0841, 0x0841, 0x0841, 0x0841, 
  0x0841, 0x0841, 0x0841, 0x0841, 0x0841, 0x0841, 0x0841, 0x0841, 0x0841, 0x0841, 0x0841, 0x0841, 
  0x0841, 0x0841, 0x0841, 0x0841, 0x0841, 0x0841, 0x0841, 0x0841, 0x0841, 0x0841, 0x0841, 0x0841, 
  0x0841, 0x0821, 0x0841, 0x0841, 0x0821, 0x0821, 0x0841, 0x0841, 0x0841, 0x0841, 0x0841, 0x0841, 
  0x0841, 0x0841, 0x0841, 0x0841, 0x0841, 0x0841, 0x0861, 0x0861, 0x0861, 0x0861, 0x0861, 0x0861, 
  0x0861, 0x1061, 0x1082, 0x1082, 0x1082, 0x1082, 0x1082, 0x1082, 0x1082, 0x18a2, 0x10a2, 0x10a2, 
  0x10a2, 0x10a2, 0x10a2, 0x10a2, 0x10a2, 0x10a2, 0x10a2, 0x10a2, 0x10a2, 0x10a2, 0x1082, 0x1082, 
  0x1082, 0x1082, 0x1082, 0x1082, 0x1082, 0x1082, 0x1082, 0x1082, 0x1082, 0x1082, 0x0861, 0x0861, 
  0x0861, 0x0861, 0x0861, 0x0861, 0x0861, 0x0861, 0x0861, 0x0861, 0x0861, 0x0841, 0x0841, 0x0841, 
  0x0841, 0x0841, 0x0841, 0x0841, 0x0841, 0x0841, 0x0020, 0x0841, 0x0020, 0x0020, 0x0020, 0x0020, 
  0x0020, 0x0000, 0x0000, 0x0020, 0x0020, 0x0020, 0x0020, 0x0000, 0x0020, 0x0000, 0x0000, 0x0000, 
  0x0020, 0x0000, 0x0000, 0x0000, 0x0000, 0x0000, 0x0000, 0x0000, 0x0000, 0x0000, 0x0000, 0x0000, 
  0x0000, 0x0000, 0x0000, 0x0000, 0x0000, 0x0000, 0x0000, 0x0000, 0x0000, 0x0000, 0x0000, 0x0000, 
  0x0000, 0x0000, 0x0000, 0x0000, 0x0000, 0x0000, 0x0000, 0x0000, 0x0020, 0x0020, 0x0020, 0x0020, 
  0x0020, 0x0020, 0x0020, 0x0020, 0x0841, 0x0841, 0x0841, 0x0841, 0x0841, 0x0841, 0x0841, 0x0841, 
  0x0841, 0x0841, 0x0861, 0x0861, 0x0841, 0x0861, 0x0861, 0x0861, 0x0861, 0x0861, 0x0861, 0x0861, 
  0x0861, 0x1082, 0x1082, 0x1082, 0x1082, 0x1082, 0x1082, 0x1082, 0x1082, 0x1082, 0x10a2, 0x10a2, 
  0x10a2, 0x10a2, 0x10a2, 0x18c3, 0x18c3, 0x18c3, 0x18c3, 0x18c3, 0x18c3, 0x18c3, 0x18c3, 0x18c3, 
  0x18c3, 0x18c3, 0x18c3, 0x18c3, 0x18c3, 0x18c3, 0x18c3, 0x18c3, 0x18c3, 0x18c3, 0x18c3, 0x39e7, 
  0x3186, 0x3186, 0x3186, 0x3186, 0x3186, 0x3186, 0x3186, 0x3186, 0x3186, 0x3186, 0x3186, 0x3186, 
  0x3186, 0x3186, 0x2965, 0x2965, 0x2965, 0x2965, 0x2965, 0x2965, 0x2965, 0x2945, 0x2945, 0x2945, 
  0x2945, 0x2945, 0x2945, 0x2945, 0x2124, 0x2124, 0x2124, 0x2124, 0x2124, 0x2104, 0x2104, 0x2104, 
  0x2104, 0x2104, 0x2104, 0x20e3, 0x20e3, 0x18e3, 0x20e3, 0x18e3, 0x18c3, 0x18a2, 0x10a2, 0x10a2, 
  0x10a2, 0x10a2, 0x10a2, 0x1082, 0x1082, 0x1082, 0x1082, 0x1082, 0x1082, 0x1082, 0x1062, 0x1062, 
  0x1061, 0x1061, 0x0861, 0x0861, 0x0861, 0x0861, 0x0861, 0x0841, 0x0841, 0x0841, 0x0841, 0x0841, 
  0x0841, 0x0841, 0x0841, 0x0841, 0x0841, 0x0841, 0x0821, 0x0821, 0x0821, 0x0821, 0x0821, 0x0821, 
  0x0821, 0x0820, 0x0820, 0x0820, 0x0820, 0x0020, 0x0820, 0x0020, 0x0020, 0x0020, 0x0020, 0x0020, 
  0x0020, 0x0020, 0x0020, 0x0020, 0x0841, 0x0841, 0x0841, 0x0841, 0x0841, 0x0841, 0x0841, 0x0841, 
  0x0841, 0x0841, 0x0841, 0x0841, 0x0841, 0x0841, 0x0861, 0x0841, 0x0841, 0x0841, 0x0841, 0x0841, 
  0x0841, 0x0861, 0x0861, 0x0861, 0x0861, 0x0841, 0x0821, 0x0821, 0x0841, 0x0821, 0x0841, 0x0841, 
  0x0841, 0x0841, 0x0841, 0x0841, 0x0841, 0x0841, 0x0841, 0x0841, 0x0841, 0x0841, 0x0841, 0x0861, 
  0x0861, 0x0861, 0x0861, 0x0861, 0x0861, 0x0861, 0x0861, 0x1061, 0x1061, 0x1061, 0x1082, 0x1082, 
  0x1082, 0x1082, 0x1082, 0x1082, 0x10a2, 0x18a3, 0x18c3, 0x18c3, 0x18c3, 0x18c3, 0x18c3, 0x10a2, 
  0x10a2, 0x10a2, 0x10a2, 0x10a2, 0x10a2, 0x10a2, 0x10a2, 0x10a2, 0x1082, 0x1082, 0x1082, 0x1082, 
  0x1082, 0x1082, 0x1082, 0x1082, 0x1082, 0x1082, 0x0861, 0x0861, 0x0861, 0x0861, 0x0861, 0x0861, 
  0x0861, 0x0861, 0x0861, 0x0861, 0x0861, 0x0861, 0x0861, 0x0841, 0x0841, 0x0841, 0x0841, 0x0841, 
  0x0841, 0x0841, 0x0020, 0x0841, 0x0020, 0x0020, 0x0020, 0x0020, 0x0020, 0x0020, 0x0020, 0x0020, 
  0x0020, 0x0020, 0x0020, 0x0020, 0x0020, 0x0020, 0x0020, 0x0000, 0x0000, 0x0000, 0x0000, 0x0000, 
  0x0000, 0x0000, 0x0000, 0x0000, 0x0000, 0x0000, 0x0000, 0x0000, 0x0000, 0x0000, 0x0000, 0x0000, 
  0x0000, 0x0000, 0x0000, 0x0000, 0x0000, 0x0000, 0x0000, 0x0000, 0x0000, 0x0000, 0x0000, 0x0000, 
  0x0000, 0x0000, 0x0000, 0x0000, 0x0000, 0x0020, 0x0020, 0x0020, 0x0020, 0x0020, 0x0020, 0x0020, 
  0x0841, 0x0841, 0x0841, 0x0841, 0x0841, 0x0841, 0x0841, 0x0841, 0x0861, 0x0861, 0x0861, 0x0861, 
  0x0861, 0x0861, 0x1082, 0x0861, 0x1082, 0x1082, 0x1082, 0x1082, 0x1082, 0x1082, 0x1082, 0x1082, 
  0x1082, 0x10a2, 0x10a2, 0x10a2, 0x10a2, 0x10a2, 0x10a2, 0x10a2, 0x10a2, 0x18c3, 0x18c3, 0x18c3, 
  0x18c3, 0x18c3, 0x18c3, 0x18c3, 0x18c3, 0x18c3, 0x18c3, 0x18c3, 0x18c3, 0x18c3, 0x18c3, 0x18c3, 
  0x18c3, 0x18c3, 0x18c3, 0x18c3, 0x18c3, 0x18c3, 0x18c3, 0x39e7, 0x39c7, 0x31a6, 0x31a6, 0x31a6, 
  0x31a6, 0x31a6, 0x31a6, 0x31a6, 0x31a6, 0x31a6, 0x31a6, 0x3186, 0x3186, 0x3186, 0x3186, 0x3186, 
  0x3186, 0x3186, 0x2965, 0x2965, 0x2965, 0x2965, 0x2965, 0x2965, 0x2965, 0x2945, 0x2945, 0x2945, 
  0x2945, 0x2945, 0x2945, 0x2945, 0x2124, 0x2124, 0x2104, 0x2104, 0x2104, 0x2104, 0x2104, 0x2104, 
  0x2104, 0x20e4, 0x20e4, 0x20e3, 0x18c3, 0x18c3, 0x18c3, 0x18a2, 0x10a2, 0x18a2, 0x10a2, 0x1082, 
  0x1082, 0x1082, 0x1082, 0x1082, 0x1082, 0x1082, 0x1082, 0x1062, 0x1062, 0x1061, 0x1061, 0x0861, 
  0x2124, 0x7bcf, 0x9492, 0x9492, 0x9492, 0x9472, 0x9471, 0x9472, 0x9471, 0x9471, 0x8c71, 0x8c71, 
  0x8c71, 0x8c71, 0x8c71, 0x8c71, 0x8c71, 0x8c71, 0x8c71, 0x8c71, 0x8c71, 0x8c71, 0x8c71, 0x8c71, 
  0x6b4d, 0x1082, 0x0020, 0x0020, 0x0020, 0x0020, 0x0020, 0x0020, 0x0020, 0x0020, 0x0020, 0x0820, 
  0x0841, 0x0841, 0x0841, 0x0841, 0x0841, 0x0841, 0x0841, 0x0841, 0x0841, 0x0841, 0x0841, 0x0841, 
  0x0841, 0x0841, 0x0841, 0x0841, 0x0841, 0x0841, 0x0841, 0x0841, 0x0841, 0x0841, 0x0861, 0x0861, 
  0x0841, 0x0841, 0x0821, 0x0841, 0x0841, 0x0841, 0x0841, 0x0841, 0x0841, 0x0841, 0x0841, 0x0841, 
  0x0841, 0x0841, 0x0841, 0x0841, 0x0841, 0x0841, 0x0841, 0x0841, 0x0841, 0x0841, 0x1061, 0x0861, 
  0x1061, 0x1061, 0x1061, 0x1061, 0x1061, 0x1082, 0x1082, 0x1082, 0x1082, 0x1082, 0x1082, 0x1082, 
  0x10a2, 0x18c3, 0x18c3, 0x18c3, 0x18c3, 0x18c3, 0x18c3, 0x18c3, 0x18c3, 0x10a2, 0x10a2, 0x10a2, 
  0x10a2, 0x10a2, 0x10a2, 0x10a2, 0x1082, 0x1082, 0x1082, 0x1082, 0x1082, 0x1082, 0x1082, 0x1082, 
  0x1082, 0x1082, 0x1082, 0x1082, 0x0861, 0x0861, 0x0861, 0x1082, 0x1082, 0x0861, 0x0861, 0x0861, 
  0x0861, 0x0861, 0x0841, 0x0841, 0x0841, 0x0841, 0x0841, 0x0841, 0x0841, 0x0841, 0x0020, 0x0020, 
  0x0020, 0x0020, 0x0841, 0x0020, 0x0020, 0x0020, 0x0020, 0x0020, 0x0020, 0x0020, 0x0020, 0x0020, 
  0x0000, 0x0020, 0x0000, 0x0000, 0x0020, 0x0000, 0x0000, 0x0000, 0x0000, 0x0000, 0x0000, 0x0000, 
  0x0000, 0x0000, 0x0000, 0x0000, 0x0000, 0x0000, 0x0000, 0x0000, 0x0000, 0x0000, 0x0000, 0x0000, 
  0x0000, 0x0000, 0x0000, 0x0000, 0x0000, 0x0000, 0x0000, 0x0000, 0x0000, 0x0000, 0x0000, 0x0000, 
  0x0000, 0x0020, 0x0020, 0x0020, 0x0841, 0x0841, 0x0841, 0x0841, 0x0841, 0x0841, 0x0841, 0x0841, 
  0x0841, 0x0861, 0x0861, 0x0861, 0x0861, 0x0861, 0x0861, 0x1082, 0x0861, 0x1082, 0x1082, 0x1082, 
  0x1082, 0x1082, 0x1082, 0x1082, 0x10a2, 0x1082, 0x10a2, 0x10a2, 0x10a2, 0x10a2, 0x18c3, 0x18c3, 
  0x18c3, 0x18c3, 0x18c3, 0x18c3, 0x18c3, 0x18c3, 0x18c3, 0x18e3, 0x18e3, 0x18c3, 0x18c3, 0x18c3, 
  0x18c3, 0x18c3, 0x18c3, 0x18c3, 0x18c3, 0x18c3, 0x18c3, 0x18e3, 0x18c3, 0x18e3, 0x18e3, 0x18c3, 
  0x18c3, 0x18c3, 0x18c3, 0x4208, 0x39c7, 0x39c7, 0x39c7, 0x39c7, 0x39c7, 0x39c7, 0x39c7, 0x39c7, 
  0x31a6, 0x31a6, 0x31a6, 0x31a6, 0x31a6, 0x31a6, 0x31a6, 0x3186, 0x3186, 0x3186, 0x3186, 0x3186, 
  0x3186, 0x3186, 0x2965, 0x2965, 0x2965, 0x2965, 0x2965, 0x2965, 0x2945, 0x2945, 0x2945, 0x2945, 
  0x2945, 0x2924, 0x2124, 0x2124, 0x2124, 0x2104, 0x2104, 0x2104, 0x2104, 0x2104, 0x20e4, 0x2104, 
  0x18c3, 0x18c3, 0x18c3, 0x18a2, 0x18a2, 0x18a2, 0x18a2, 0x10a2, 0x1082, 0x1082, 0x1082, 0x1082, 
  0x1082, 0x1082, 0x1082, 0x1062, 0x1082, 0x1082, 0x1061, 0x2965, 0xdefb, 0xffff, 0xffff, 0xffff, 
  0xffff, 0xffff, 0xffff, 0xffff, 0xffff, 0xffff, 0xffff, 0xffff, 0xffff, 0xffff, 0xffff, 0xffff, 
  0xffff, 0xffff, 0xffff, 0xffff, 0xffff, 0xffff, 0xffff, 0xffff, 0xffff, 0xd69a, 0x18c3, 0x0820, 
  0x0020, 0x0020, 0x0820, 0x0020, 0x0821, 0x0821, 0x0020, 0x0020, 0x0841, 0x0841, 0x0841, 0x0841, 
  0x0841, 0x0841, 0x0841, 0x0841, 0x0861, 0x0841, 0x0841, 0x0841, 0x0841, 0x0841, 0x0841, 0x0841, 
  0x0841, 0x0861, 0x0841, 0x0841, 0x0861, 0x0841, 0x0861, 0x0841, 0x0821, 0x0821, 0x0821, 0x0821, 
  0x0841, 0x0841, 0x0841, 0x0841, 0x0841, 0x0841, 0x0841, 0x0841, 0x0841, 0x0841, 0x0841, 0x0841, 
  0x0841, 0x0841, 0x0861, 0x0861, 0x0861, 0x1082, 0x1061, 0x1082, 0x1082, 0x1082, 0x1082, 0x1082, 
  0x1082, 0x1082, 0x1082, 0x1082, 0x1082, 0x10a2, 0x10a2, 0x10a2, 0x18a3, 0x18c3, 0x18c3, 0x18c3, 
  0x18c3, 0x18c3, 0x18c3, 0x18c3, 0x18c3, 0x10a2, 0x10a2, 0x10a2, 0x10a2, 0x10a2, 0x10a2, 0x10a2, 
  0x1082, 0x1082, 0x1082, 0x1082, 0x1082, 0x1082, 0x1082, 0x1082, 0x1082, 0x1082, 0x1082, 0x1082, 
  0x1082, 0x0861, 0x0861, 0x1082, 0x0861, 0x0861, 0x0861, 0x0861, 0x0861, 0x0861, 0x0861, 0x0841, 
  0x0841, 0x0841, 0x0841, 0x0841, 0x0841, 0x0841, 0x0020, 0x0841, 0x0020, 0x0841, 0x0020, 0x0020, 
  0x0020, 0x0020, 0x0020, 0x0020, 0x0020, 0x0020, 0x0020, 0x0020, 0x0020, 0x0020, 0x0000, 0x0000, 
  0x0000, 0x0000, 0x0000, 0x0000, 0x0000, 0x0000, 0x0000, 0x0000, 0x0000, 0x0000, 0x0000, 0x0000, 
  0x0000, 0x0000, 0x0000, 0x0000, 0x0000, 0x0000, 0x0000, 0x0000, 0x0000, 0x0000, 0x0000, 0x0000, 
  0x0000, 0x0000, 0x0000, 0x0000, 0x0000, 0x0000, 0x0000, 0x0000, 0x0000, 0x0000, 0x0000, 0x0841, 
  0x0020, 0x0841, 0x0841, 0x0841, 0x0861, 0x0861, 0x0861, 0x0861, 0x0861, 0x0861, 0x0861, 0x0861, 
  0x0861, 0x1082, 0x1082, 0x1082, 0x1082, 0x1082, 0x1082, 0x1082, 0x1082, 0x10a2, 0x10a2, 0x10a2, 
  0x10a2, 0x10a2, 0x10a2, 0x10a2, 0x18c3, 0x18c3, 0x18c3, 0x18c3, 0x18c3, 0x18c3, 0x18c3, 0x18c3, 
  0x18c3, 0x18c3, 0x18e3, 0x18e3, 0x18c3, 0x18e3, 0x18e3, 0x18e3, 0x18e3, 0x18e3, 0x18e3, 0x18e3, 
  0x18e3, 0x18e3, 0x18e3, 0x18e3, 0x18e3, 0x18e3, 0x18e3, 0x18e3, 0x18e3, 0x18e3, 0x18c3, 0x39c7, 
  0x4208, 0x39c7, 0x39c7, 0x39c7, 0x39c7, 0x39c7, 0x39c7, 0x39c7, 0x39c7, 0x39c7, 0x39c7, 0x31a6, 
  0x31a6, 0x31a6, 0x31a6, 0x31a6, 0x3186, 0x3186, 0x3186, 0x3186, 0x3186, 0x3186, 0x3186, 0x3186, 
  0x2965, 0x2965, 0x2965, 0x2965, 0x2965, 0x2945, 0x2945, 0x2945, 0x2945, 0x2924, 0x2924, 0x2124, 
  0x2124, 0x2124, 0x2104, 0x2104, 0x2104, 0x2104, 0x2104, 0x20e4, 0x18c3, 0x18c3, 0x18c3, 0x18c3, 
  0x18a3, 0x18a2, 0x18a2, 0x18a2, 0x10a2, 0x10a2, 0x1082, 0x1082, 0x1082, 0x1082, 0x1082, 0x1082, 
  0x1082, 0x1082, 0x1082, 0xbdd7, 0xffff, 0xd6ba, 0xa534, 0xa534, 0xa534, 0xa534, 0xa534, 0xa534, 
  0xa514, 0xa534, 0xa514, 0xa514, 0xa514, 0xa514, 0xa514, 0xa514, 0xa514, 0xa514, 0xa514, 0xa514, 
  0xa514, 0xa514, 0xa514, 0xad34, 0xef5d, 0xffff, 0x8c30, 0x0020, 0x0020, 0x0820, 0x0820, 0x0020, 
  0x0820, 0x0020, 0x0020, 0x0020, 0x0841, 0x0841, 0x0841, 0x0841, 0x0841, 0x0861, 0x0861, 0x0861, 
  0x0861, 0x0861, 0x0841, 0x0841, 0x0841, 0x0841, 0x0861, 0x0861, 0x0861, 0x0861, 0x0861, 0x0841, 
  0x0841, 0x0861, 0x0841, 0x0841, 0x0821, 0x0821, 0x0821, 0x0821, 0x0841, 0x0841, 0x0841, 0x0841, 
  0x0841, 0x0841, 0x0841, 0x0861, 0x0841, 0x0861, 0x0861, 0x0861, 0x0861, 0x0861, 0x0861, 0x0861, 
  0x0861, 0x1061, 0x1082, 0x1082, 0x1082, 0x1082, 0x1082, 0x1082, 0x1082, 0x1082, 0x1082, 0x1082, 
  0x1082, 0x1082, 0x10a2, 0x10a2, 0x18a2, 0x18c3, 0x18c3, 0x18c3, 0x18c3, 0x18c3, 0x18c3, 0x18c3, 
  0x10a2, 0x10a2, 0x10a2, 0x10a2, 0x10a2, 0x10a2, 0x10a2, 0x10a2, 0x1082, 0x1082, 0x1082, 0x1082, 
  0x1082, 0x1082, 0x1082, 0x1082, 0x1082, 0x1082, 0x1082, 0x0861, 0x0861, 0x0861, 0x1082, 0x0861, 
  0x0861, 0x0861, 0x0861, 0x0861, 0x0861, 0x0841, 0x0841, 0x0841, 0x0841, 0x0841, 0x0841, 0x0841, 
  0x0841, 0x0020, 0x0020, 0x0020, 0x0020, 0x0020, 0x0020, 0x0020, 0x0020, 0x0020, 0x0020, 0x0020, 
  0x0020, 0x0020, 0x0020, 0x0020, 0x0000, 0x0000, 0x0000, 0x0000, 0x0000, 0x0000, 0x0000, 0x0000, 
  0x0000, 0x0000, 0x0000, 0x0000, 0x0000, 0x0000, 0x0000, 0x0000, 0x0000, 0x0000, 0x0000, 0x0000, 
  0x0000, 0x0000, 0x0000, 0x0000, 0x0000, 0x0000, 0x0000, 0x0000, 0x0000, 0x0000, 0x0000, 0x0000, 
  0x0000, 0x0000, 0x0000, 0x0000, 0x0000, 0x0000, 0x0000, 0x0020, 0x0841, 0x0841, 0x0841, 0x0841, 
  0x0861, 0x0861, 0x0861, 0x0861, 0x0861, 0x0861, 0x1082, 0x0861, 0x1082, 0x1082, 0x1082, 0x1082, 
  0x1082, 0x1082, 0x1082, 0x1082, 0x1082, 0x10a2, 0x10a2, 0x10a2, 0x10a2, 0x10a2, 0x18c3, 0x18c3, 
  0x18c3, 0x18c3, 0x18c3, 0x18c3, 0x18c3, 0x18c3, 0x18c3, 0x18c3, 0x18c3, 0x18c3, 0x18e3, 0x18e3, 
  0x18e3, 0x18e3, 0x18e3, 0x18e3, 0x18e3, 0x18e3, 0x18e3, 0x18e3, 0x18e3, 0x18e3, 0x18e3, 0x18e3, 
  0x18e3, 0x18e3, 0x18e3, 0x18e3, 0x18e3, 0x18e3, 0x18e3, 0x2945, 0x528a, 0x39c7, 0x39c7, 0x39c7, 
  0x39c7, 0x39c7, 0x39c7, 0x39c7, 0x39c7, 0x39c7, 0x31a6, 0x31a6, 0x31a6, 0x31a6, 0x31a6, 0x31a6, 
  0x31a6, 0x3186, 0x3186, 0x3186, 0x3186, 0x3186, 0x3186, 0x3186, 0x2965, 0x2965, 0x2965, 0x2965, 
  0x2945, 0x2945, 0x2945, 0x2924, 0x2924, 0x2924, 0x2124, 0x2124, 0x2124, 0x2104, 0x2104, 0x2104, 
  0x2104, 0x2104, 0x2104, 0x18e3, 0x18c3, 0x18c3, 0x18c3, 0x18a3, 0x18a3, 0x18a3, 0x18a2, 0x18a2, 
  0x10a2, 0x10a2, 0x1082, 0x1082, 0x1082, 0x1082, 0x1082, 0x1082, 0x1082, 0x1082, 0x1082, 0xe73c, 
  0xffff, 0x52aa, 0x1061, 0x0861, 0x1061, 0x0841, 0x0841, 0x0841, 0x0841, 0x0841, 0x0841, 0x0841, 
  0x0841, 0x0841, 0x0841, 0x0841, 0x0841, 0x0820, 0x0841, 0x0820, 0x0820, 0x0820, 0x0820, 0x0820, 
  0x738e, 0xffff, 0xbdf7, 0x0020, 0x0020, 0x0020, 0x0820, 0x0020, 0x0020, 0x0020, 0x0020, 0x0020, 
  0x0841, 0x0841, 0x0841, 0x0841, 0x0861, 0x0861, 0x0841, 0x0841, 0x0841, 0x0841, 0x0841, 0x0841, 
  0x0841, 0x0861, 0x0861, 0x0861, 0x0861, 0x0841, 0x0841, 0x0841, 0x0861, 0x0861, 0x0841, 0x0841, 
  0x0841, 0x0841, 0x0841, 0x0841, 0x0841, 0x0841, 0x0841, 0x0841, 0x0841, 0x0841, 0x0841, 0x0841, 
  0x0841, 0x0841, 0x0861, 0x0861, 0x0861, 0x0861, 0x0841, 0x0841, 0x1041, 0x1061, 0x1061, 0x1061, 
  0x1061, 0x1061, 0x1061, 0x1061, 0x1082, 0x1082, 0x1082, 0x1082, 0x1082, 0x1082, 0x1082, 0x10a2, 
  0x18c3, 0x18c3, 0x10a2, 0x10a2, 0x10a2, 0x10a2, 0x10a2, 0x10a2, 0x10a2, 0x10a2, 0x10a2, 0x10a2, 
  0x10a2, 0x1082, 0x1082, 0x1082, 0x1082, 0x1082, 0x1082, 0x1082, 0x1082, 0x1082, 0x1082, 0x1082, 
  0x1082, 0x1082, 0x0861, 0x0861, 0x0861, 0x0861, 0x0861, 0x0861, 0x0861, 0x0861, 0x0861, 0x0861, 
  0x0841, 0x0841, 0x0841, 0x0841, 0x0841, 0x0841, 0x0841, 0x0020, 0x0020, 0x0020, 0x0020, 0x0020, 
  0x0020, 0x0020, 0x0020, 0x0020, 0x0020, 0x0020, 0x0020, 0x0020, 0x0000, 0x0000, 0x0000, 0x0000, 
  0x0000, 0x0000, 0x0000, 0x0000, 0x0000, 0x0000, 0x0000, 0x0000, 0x0000, 0x0000, 0x0000, 0x0000, 
  0x0000, 0x0000, 0x0000, 0x0000, 0x0000, 0x0000, 0x0000, 0x0000, 0x0000, 0x0000, 0x0000, 0x0000, 
  0x0000, 0x0000, 0x0000, 0x0000, 0x0000, 0x0000, 0x0000, 0x0000, 0x0000, 0x0000, 0x0000, 0x0000, 
  0x0000, 0x0000, 0x0000, 0x0000, 0x0020, 0x0841, 0x0841, 0x0841, 0x0841, 0x0841, 0x0861, 0x0861, 
  0x0861, 0x0861, 0x0861, 0x0861, 0x1082, 0x1082, 0x1082, 0x1082, 0x1082, 0x1082, 0x1082, 0x1082, 
  0x1082, 0x10a2, 0x10a2, 0x10a2, 0x10a2, 0x10a2, 0x10a2, 0x18c3, 0x18c3, 0x18c3, 0x18c3, 0x18c3, 
  0x18c3, 0x18c3, 0x18c3, 0x18c3, 0x18c3, 0x18e3, 0x18e3, 0x18e3, 0x18e3, 0x18e3, 0x18e3, 0x18e3, 
  0x18e3, 0x18e3, 0x18e3, 0x18e3, 0x18e3, 0x18e3, 0x18e3, 0x18e3, 0x18e3, 0x18e3, 0x18e3, 0x18e3, 
  0x18e3, 0x18e3, 0x18e3, 0x18e3, 0x4a69, 0x39c7, 0x39c7, 0x39c7, 0x39c7, 0x39c7, 0x39c7, 0x39c7, 
  0x39c7, 0x39c7, 0x31a6, 0x31a6, 0x31a6, 0x31a6, 0x31a6, 0x3186, 0x3186, 0x3186, 0x3186, 0x3186, 
  0x3186, 0x3186, 0x3186, 0x2965, 0x2965, 0x2965, 0x2965, 0x2965, 0x2945, 0x2945, 0x2924, 0x2924, 
  0x2124, 0x2124, 0x2124, 0x2124, 0x2124, 0x2104, 0x2104, 0x2104, 0x2104, 0x20e4, 0x20e4, 0x18c3, 
  0x18c3, 0x18c3, 0x18a2, 0x18a2, 0x18a3, 0x18a2, 0x10a2, 0x1082, 0x1082, 0x1082, 0x1082, 0x1082, 
  0x1082, 0x1082, 0x1082, 0x1082, 0x1082, 0x1062, 0x1061, 0xef5d, 0xffff, 0x4a49, 0x0861, 0x0861, 
  0x0841, 0x0841, 0x0841, 0x0841, 0x0841, 0x0841, 0x0841, 0x0841, 0x0841, 0x0841, 0x0841, 0x0820, 
  0x0820, 0x0820, 0x0820, 0x0820, 0x0820, 0x0820, 0x0820, 0x0820, 0x630c, 0xffff, 0xc618, 0x0020, 
  0x0820, 0x0020, 0x0820, 0x0020, 0x0020, 0x0020, 0x0000, 0x0020, 0x0841, 0x0841, 0x0841, 0x0861, 
  0x0861, 0x0861, 0x0841, 0x0841, 0x0841, 0x0841, 0x0841, 0x0841, 0x0861, 0x0861, 0x0861, 0x0861, 
  0x0861, 0x0841, 0x0861, 0x0861, 0x0861, 0x0841, 0x0841, 0x0841, 0x0841, 0x0841, 0x0841, 0x0841, 
  0x0841, 0x0841, 0x0841, 0x0841, 0x0841, 0x0841, 0x0841, 0x0841, 0x0841, 0x0861, 0x0841, 0x0841, 
  0x0861, 0x0861, 0x0861, 0x0861, 0x0861, 0x1061, 0x1061, 0x1061, 0x1061, 0x1082, 0x1082, 0x1082, 
  0x1082, 0x1082, 0x1082, 0x1082, 0x1082, 0x10a2, 0x10a2, 0x10a2, 0x10a2, 0x10a2, 0x10a2, 0x10a2, 
  0x10a2, 0x10a2, 0x10a2, 0x10a2, 0x10a2, 0x10a2, 0x10a2, 0x1082, 0x1082, 0x1082, 0x1082, 0x1082, 
  0x1082, 0x1082, 0x1082, 0x1082, 0x1082, 0x1082, 0x1082, 0x1082, 0x0861, 0x0861, 0x0861, 0x0861, 
  0x0861, 0x0861, 0x0861, 0x0861, 0x0861, 0x0861, 0x0861, 0x0841, 0x0841, 0x0841, 0x0841, 0x0841, 
  0x0841, 0x0841, 0x0020, 0x0020, 0x0020, 0x0020, 0x0020, 0x0020, 0x0020, 0x0020, 0x0020, 0x0020, 
  0x0020, 0x0020, 0x0020, 0x0000, 0x0000, 0x0000, 0x0000, 0x0000, 0x0000, 0x0000, 0x0000, 0x0000, 
  0x0000, 0x0000, 0x0000, 0x0000, 0x0000, 0x0000, 0x0000, 0x0000, 0x0000, 0x0000, 0x0000, 0x0000, 
  0x0000, 0x0000, 0x0000, 0x0000, 0x0000, 0x0000, 0x0000, 0x0000, 0x0000, 0x0000, 0x0000, 0x0000, 
  0x0000, 0x0000, 0x0000, 0x0000, 0x0000, 0x0000, 0x0000, 0x0000, 0x0000, 0x0000, 0x0000, 0x0000, 
  0x0000, 0x0020, 0x0841, 0x0841, 0x0841, 0x0861, 0x0861, 0x0861, 0x0861, 0x0861, 0x0861, 0x1082, 
  0x1082, 0x1082, 0x1082, 0x1082, 0x1082, 0x1082, 0x1082, 0x1082, 0x10a2, 0x10a2, 0x10a2, 0x10a2, 
  0x10a2, 0x10a2, 0x18c3, 0x18c3, 0x18c3, 0x18c3, 0x18c3, 0x18c3, 0x18c3, 0x18c3, 0x18c3, 0x18c3, 
  0x18c3, 0x18e3, 0x18e3, 0x18e3, 0x18e3, 0x18e3, 0x18e3, 0x18e3, 0x18e3, 0x18e3, 0x18e3, 0x18e3, 
  0x18e3, 0x18e3, 0x18e3, 0x18e3, 0x18e3, 0x18e3, 0x18e3, 0x18e3, 0x18e3, 0x18e3, 0x18e3, 0x18c3, 
  0x4208, 0x39c7, 0x39c7, 0x39c7, 0x39c7, 0x39c7, 0x39c7, 0x39c7, 0x39c7, 0x31a6, 0x31a6, 0x31a6, 
  0x31a6, 0x31a6, 0x31a6, 0x3186, 0x3186, 0x3186, 0x3186, 0x3186, 0x3186, 0x3186, 0x2965, 0x2965, 
  0x2965, 0x2965, 0x2965, 0x2945, 0x2945, 0x2945, 0x2924, 0x2924, 0x2124, 0x2124, 0x2124, 0x2124, 
  0x2104, 0x2104, 0x2104, 0x2104, 0x2104, 0x20e4, 0x18e3, 0x18c3, 0x18c3, 0x18c3, 0x18a2, 0x18a2, 
  0x18a3, 0x18a2, 0x10a2, 0x1082, 0x1082, 0x1082, 0x1082, 0x1082, 0x1082, 0x1082, 0x1082, 0x1082, 
  0x1062, 0x1061, 0x1061, 0xef5d, 0xffff, 0x4a49, 0x0861, 0x0861, 0x0841, 0x0841, 0x0841, 0x0841, 
  0x0841, 0x0841, 0x0841, 0x0841, 0x0841, 0x0841, 0x0841, 0x0820, 0x0820, 0x0820, 0x0820, 0x0820, 
  0x0820, 0x0820, 0x0820, 0x0820, 0x630c, 0xffff, 0xc618, 0x1061, 0x41e8, 0x2124, 0x0821, 0x0020, 
  0x0020, 0x0020, 0x0000, 0x0820, 0x0841, 0x0841, 0x0841, 0x0841, 0x0841, 0x0841, 0x0841, 0x0841, 
  0x0841, 0x0841, 0x0841, 0x0841, 0x0861, 0x0861, 0x0841, 0x0841, 0x0841, 0x0841, 0x0861, 0x0861, 
  0x0841, 0x0841, 0x0841, 0x0841, 0x0841, 0x0841, 0x0841, 0x0841, 0x0841, 0x0841, 0x0841, 0x0841, 
  0x0841, 0x0841, 0x0841, 0x0841, 0x0841, 0x0841, 0x0841, 0x0861, 0x0861, 0x0861, 0x0861, 0x0861, 
  0x0861, 0x1061, 0x1061, 0x1061, 0x1082, 0x1082, 0x1082, 0x1082, 0x1082, 0x1082, 0x1082, 0x1082, 
  0x1082, 0x10a2, 0x10a2, 0x10a2, 0x10a2, 0x10a2, 0x10a2, 0x10a2, 0x10a2, 0x10a2, 0x10a2, 0x10a2, 
  0x10a2, 0x1082, 0x10a2, 0x1082, 0x1082, 0x1082, 0x1082, 0x1082, 0x1082, 0x1082, 0x1082, 0x1082, 
  0x0861, 0x1082, 0x1082, 0x1082, 0x0861, 0x0861, 0x0861, 0x0861, 0x0861, 0x0861, 0x0861, 0x0861, 
  0x0861, 0x0861, 0x0841, 0x0841, 0x0841, 0x0841, 0x0841, 0x0841, 0x0841, 0x0020, 0x0020, 0x0020, 
  0x0020, 0x0020, 0x0020, 0x0020, 0x0020, 0x0020, 0x0020, 0x0020, 0x0020, 0x0020, 0x0000, 0x0000, 
  0x0000, 0x0000, 0x0000, 0x0000, 0x0000, 0x0000, 0x0000, 0x0000, 0x0000, 0x0000, 0x0000, 0x0000, 
  0x0000, 0x0000, 0x0000, 0x0000, 0x0000, 0x0000, 0x0000, 0x0000, 0x0000, 0x0000, 0x0000, 0x0000, 
  0x0000, 0x0000, 0x0000, 0x0000, 0x0000, 0x0000, 0x0000, 0x0000, 0x0000, 0x0000, 0x0000, 0x0000, 
  0x0000, 0x0000, 0x0000, 0x0000, 0x0000, 0x0000, 0x0000, 0x0000, 0x0000, 0x0020, 0x0020, 0x0841, 
  0x0841, 0x0861, 0x0861, 0x0861, 0x0861, 0x0861, 0x0861, 0x1082, 0x1082, 0x1082, 0x1082, 0x1082, 
  0x1082, 0x1082, 0x1082, 0x1082, 0x10a2, 0x10a2, 0x10a2, 0x10a2, 0x10a2, 0x10a2, 0x18c3, 0x18c3, 
  0x18c3, 0x18c3, 0x18c3, 0x18c3, 0x18c3, 0x18c3, 0x18c3, 0x18c3, 0x18e3, 0x18e3, 0x18e3, 0x18e3, 
  0x18e3, 0x18e3, 0x18e3, 0x18e3, 0x18e3, 0x18e3, 0x18e3, 0x18e3, 0x18e3, 0x18e3, 0x18e3, 0x18e3, 
  0x18e3, 0x18e3, 0x18e3, 0x18e3, 0x18e3, 0x18e3, 0x18c3, 0x18c3, 0x4a69, 0x39c7, 0x39c7, 0x39c7, 
  0x39c7, 0x39c7, 0x39c7, 0x39c7, 0x31a6, 0x31a6, 0x31a6, 0x31a6, 0x31a6, 0x31a6, 0x31a6, 0x3186, 
  0x3186, 0x3186, 0x3186, 0x3186, 0x3186, 0x3186, 0x2965, 0x2965, 0x2965, 0x2965, 0x2945, 0x2945, 
  0x2945, 0x2924, 0x2924, 0x2924, 0x2124, 0x2124, 0x2124, 0x2104, 0x2104, 0x2104, 0x2104, 0x2104, 
  0x2104, 0x20e4, 0x18c3, 0x18c3, 0x18c3, 0x18a3, 0x18a3, 0x18a2, 0x18a2, 0x10a2, 0x10a2, 0x1082, 
  0x1082, 0x1082, 0x1082, 0x1082, 0x1082, 0x1082, 0x1082, 0x1082, 0x1062, 0x1061, 0x1061, 0xef5d, 
  0xffff, 0x4a49, 0x0861, 0x0841, 0x0841, 0x0841, 0x0841, 0x0841, 0x0841, 0x0841, 0x0841, 0x0841, 
  0x0841, 0x0841, 0x0841, 0x0820, 0x0820, 0x0820, 0x0820, 0x0820, 0x0820, 0x0820, 0x0820, 0x0821, 
  0x630c, 0xffff, 0xc618, 0x3165, 0xf7be, 0xd6ba, 0x0020, 0x0020, 0x0020, 0x0020, 0x0821, 0x0821, 
  0x0861, 0x0861, 0x0861, 0x0841, 0x0841, 0x0841, 0x0841, 0x0841, 0x0861, 0x0861, 0x0861, 0x0861, 
  0x0861, 0x0861, 0x0841, 0x0841, 0x0841, 0x0841, 0x0861, 0x0841, 0x0841, 0x0841, 0x0841, 0x0841, 
  0x0841, 0x0841, 0x0841, 0x0841, 0x0841, 0x0841, 0x0841, 0x0841, 0x0841, 0x0841, 0x0841, 0x0841, 
  0x0841, 0x0841, 0x0861, 0x0861, 0x0861, 0x0861, 0x0861, 0x0861, 0x0861, 0x1082, 0x1082, 0x1082, 
  0x1082, 0x1082, 0x1082, 0x1082, 0x1082, 0x1082, 0x1082, 0x1082, 0x1082, 0x1082, 0x10a2, 0x10a2, 
  0x10a2, 0x10a2, 0x10a2, 0x10a2, 0x10a2, 0x10a2, 0x10a2, 0x10a2, 0x1082, 0x1082, 0x1082, 0x1082, 
  0x1082, 0x1082, 0x1082, 0x1082, 0x1082, 0x1082, 0x1082, 0x0861, 0x0861, 0x0861, 0x0861, 0x0861, 
  0x0861, 0x0861, 0x0861, 0x0861, 0x0861, 0x0861, 0x0861, 0x0861, 0x0861, 0x0841, 0x0841, 0x0841, 
  0x0841, 0x0841, 0x0841, 0x0841, 0x0841, 0x0020, 0x0020, 0x0020, 0x0020, 0x0020, 0x0020, 0x0020, 
  0x0020, 0x0020, 0x0020, 0x0020, 0x0020, 0x0000, 0x0000, 0x0000, 0x0000, 0x0000, 0x0000, 0x0000, 
  0x0000, 0x0000, 0x0000, 0x0000, 0x0000, 0x0000, 0x0000, 0x0000, 0x0000, 0x0000, 0x0000, 0x0000, 
  0x0000, 0x0000, 0x0000, 0x0000, 0x0000, 0x0000, 0x0000, 0x0000, 0x0000, 0x0000, 0x0000, 0x0000, 
  0x0000, 0x0020, 0x0020, 0x0020, 0x0000, 0x0000, 0x0000, 0x0000, 0x0000, 0x0000, 0x0000, 0x0000, 
  0x0000, 0x0000, 0x0000, 0x0000, 0x0020, 0x0020, 0x0020, 0x0020, 0x0841, 0x0861, 0x0861, 0x0861, 
  0x0861, 0x0861, 0x1082, 0x1082, 0x1082, 0x1082, 0x1082, 0x1082, 0x1082, 0x1082, 0x1082, 0x10a2, 
  0x10a2, 0x10a2, 0x10a2, 0x10a2, 0x10a2, 0x18c3, 0x18c3, 0x18c3, 0x18c3, 0x18c3, 0x18c3, 0x18c3, 
  0x18c3, 0x18c3, 0x18c3, 0x18e3, 0x18e3, 0x18e3, 0x18e3, 0x18e3, 0x18e3, 0x18e3, 0x18e3, 0x18e3, 
  0x18e3, 0x18e3, 0x18e3, 0x18e3, 0x18e3, 0x18e3, 0x18e3, 0x18e3, 0x18e3, 0x18e3, 0x18e3, 0x18e3, 
  0x18e3, 0x18c3, 0x18c3, 0x18c3, 0x4a69, 0x39c7, 0x39c7, 0x39c7, 0x39c7, 0x39c7, 0x39c7, 0x31a6, 
  0x31a6, 0x31a6, 0x31a6, 0x31a6, 0x31a6, 0x3186, 0x3186, 0x3186, 0x3186, 0x3186, 0x3186, 0x3186, 
  0x3186, 0x2965, 0x2965, 0x2965, 0x2965, 0x2945, 0x2945, 0x2945, 0x2924, 0x2924, 0x2924, 0x2124, 
  0x2124, 0x2124, 0x2104, 0x2104, 0x2104, 0x2104, 0x2104, 0x20e4, 0x20e4, 0x20e3, 0x18c3, 0x18c3, 
  0x18a3, 0x18a3, 0x18a3, 0x18a2, 0x10a2, 0x10a2, 0x10a2, 0x1082, 0x1082, 0x1082, 0x1082, 0x1082, 
  0x1082, 0x1082, 0x1082, 0x1062, 0x1061, 0x1061, 0x1061, 0xef5d, 0xffff, 0x4a49, 0x0841, 0x0841, 
  0x0841, 0x0841, 0x0841, 0x0841, 0x0841, 0x0841, 0x0841, 0x0841, 0x0841, 0x0841, 0x0820, 0x0820, 
  0x0820, 0x0820, 0x0820, 0x0820, 0x0820, 0x0820, 0x0820, 0x0820, 0x630c, 0xffff, 0xc618, 0x3165, 
  0xf7be, 0xffff, 0x0020, 0x0020, 0x0020, 0x0821, 0x0821, 0x1002, 0x18a3, 0x0841, 0x0841, 0x0841, 
  0x0841, 0x0841, 0x0861, 0x0861, 0x0861, 0x0861, 0x0841, 0x0841, 0x0841, 0x0841, 0x0841, 0x0841, 
  0x0841, 0x0861, 0x0841, 0x0841, 0x0841, 0x0841, 0x0841, 0x0841, 0x0841, 0x0841, 0x0841, 0x0841, 
  0x0841, 0x0841, 0x0841, 0x0841, 0x0841, 0x0841, 0x0841, 0x0841, 0x0841, 0x0841, 0x0861, 0x0861, 
  0x0861, 0x0861, 0x0861, 0x0861, 0x0861, 0x0861, 0x1082, 0x1082, 0x1082, 0x1082, 0x1082, 0x1082, 
  0x1082, 0x1082, 0x1082, 0x1082, 0x1082, 0x1082, 0x10a2, 0x10a2, 0x10a2, 0x10a2, 0x10a2, 0x10a2, 
  0x10a2, 0x10a2, 0x10a2, 0x1082, 0x1082, 0x1082, 0x1082, 0x1082, 0x1082, 0x1082, 0x1082, 0x1082, 
  0x1082, 0x0861, 0x0861, 0x0861, 0x0861, 0x0861, 0x0861, 0x0861, 0x0861, 0x0861, 0x0861, 0x0861, 
  0x0861, 0x0861, 0x0861, 0x0861, 0x0841, 0x0841, 0x0841, 0x0841, 0x0841, 0x0841, 0x0841, 0x0841, 
  0x0020, 0x0020, 0x0020, 0x0020, 0x0020, 0x0020, 0x0020, 0x0020, 0x0020, 0x0020, 0x0020, 0x0020, 
  0x0020, 0x0000, 0x0000, 0x0000, 0x0000, 0x0000, 0x0000, 0x0000, 0x0000, 0x0000, 0x0000, 0x0000, 
  0x0000, 0x0000, 0x0000, 0x0000, 0x0000, 0x0000, 0x0000, 0x0000, 0x0000, 0x0000, 0x0000, 0x0000, 
  0x0000, 0x0000, 0x0000, 0x0000, 0x0000, 0x0000, 0x0000, 0x0000, 0x0000, 0x0020, 0x0020, 0x0020, 
  0x0000, 0x0000, 0x0000, 0x0000, 0x0000, 0x0000, 0x0000, 0x0000, 0x0000, 0x0000, 0x0000, 0x0020, 
  0x0020, 0x0020, 0x0020, 0x0020, 0x0020, 0x0861, 0x0861, 0x0861, 0x0861, 0x0861, 0x1082, 0x1082, 
  0x1082, 0x1082, 0x1082, 0x1082, 0x1082, 0x1082, 0x1082, 0x10a2, 0x10a2, 0x10a2, 0x10a2, 0x10a2, 
  0x18c3, 0x18c3, 0x18c3, 0x18c3, 0x18c3, 0x18c3, 0x18c3, 0x18c3, 0x18c3, 0x18c3, 0x18c3, 0x18e3, 
  0x18e3, 0x18e3, 0x18e3, 0x18e3, 0x18e3, 0x18e3, 0x18e3, 0x18e3, 0x18e3, 0x18e3, 0x18e3, 0x18e3, 
  0x18e3, 0x18e3, 0x18e3, 0x18e3, 0x18e3, 0x18e3, 0x18e3, 0x18e3, 0x18c3, 0x18c3, 0x18c3, 0x18c3, 
  0x2945, 0x528a, 0x39c7, 0x39c7, 0x39c7, 0x39c7, 0x39c7, 0x31a6, 0x31a6, 0x31a6, 0x31a6, 0x31a6, 
  0x31a6, 0x3186, 0x3186, 0x3186, 0x3186, 0x3186, 0x3186, 0x3186, 0x3186, 0x2965, 0x2965, 0x2965, 
  0x2965, 0x2945, 0x2945, 0x2945, 0x2924, 0x2924, 0x2124, 0x2124, 0x2124, 0x2124, 0x2104, 0x2104, 
  0x2104, 0x2104, 0x2104, 0x20e4, 0x20e4, 0x18c3, 0x18c3, 0x18c3, 0x18a3, 0x18a3, 0x18a3, 0x18a2, 
  0x10a2, 0x10a2, 0x1082, 0x1082, 0x1082, 0x1082, 0x1082, 0x1082, 0x1082, 0x1082, 0x1062, 0x1062, 
  0x1061, 0x1061, 0x1061, 0xef5d, 0xffff, 0x4a49, 0x0841, 0x0841, 0x0841, 0x0841, 0x0841, 0x0841, 
  0x0841, 0x0841, 0x0841, 0x0841, 0x0841, 0x0841, 0x0820, 0x0820, 0x0820, 0x0821, 0x0821, 0x0820, 
  0x0820, 0x0821, 0x0821, 0x0821, 0x630c, 0xffff, 0xc618, 0x3165, 0xf7be, 0xffff, 0x0821, 0x0000, 
  0x0801, 0x0802, 0x1023, 0x1824, 0x2104, 0x1062, 0x0841, 0x0841, 0x0841, 0x0861, 0x0861, 0x0861, 
  0x0861, 0x0861, 0x0841, 0x0841, 0x0841, 0x0841, 0x0841, 0x0861, 0x0861, 0x0861, 0x0841, 0x0820, 
  0x0841, 0x0841, 0x0841, 0x0841, 0x0841, 0x0841, 0x0841, 0x0841, 0x0841, 0x0841, 0x0841, 0x0841, 
  0x0841, 0x0841, 0x0841, 0x0841, 0x0841, 0x0841, 0x0861, 0x0861, 0x0861, 0x0861, 0x0861, 0x0861, 
  0x0861, 0x1082, 0x1082, 0x1082, 0x1082, 0x1082, 0x1082, 0x1082, 0x1082, 0x1082, 0x1082, 0x1082, 
  0x1082, 0x10a2, 0x10a2, 0x1082, 0x10a2, 0x10a2, 0x10a2, 0x1082, 0x1082, 0x1082, 0x1082, 0x1082, 
  0x1082, 0x1082, 0x1082, 0x1082, 0x1082, 0x1082, 0x1082, 0x1082, 0x0861, 0x0861, 0x0861, 0x0861, 
  0x0861, 0x0861, 0x0861, 0x0861, 0x0861, 0x0861, 0x0861, 0x0841, 0x0861, 0x0861, 0x0861, 0x0841, 
  0x0841, 0x0841, 0x0841, 0x0841, 0x0841, 0x0841, 0x0841, 0x0020, 0x0020, 0x0020, 0x0020, 0x0020, 
  0x0020, 0x0020, 0x0020, 0x0020, 0x0020, 0x0020, 0x0020, 0x0020, 0x0000, 0x0000, 0x0000, 0x0000, 
  0x0000, 0x0000, 0x0000, 0x0000, 0x0000, 0x0000, 0x0000, 0x0000, 0x0000, 0x0000, 0x0000, 0x0000, 
  0x0000, 0x0000, 0x0000, 0x0000, 0x0000, 0x0000, 0x0000, 0x0000, 0x0000, 0x0000, 0x0000, 0x0000, 
  0x0000, 0x0000, 0x0000, 0x0020, 0x0020, 0x0020, 0x0020, 0x0020, 0x0020, 0x0000, 0x0000, 0x0000, 
  0x0000, 0x0000, 0x0000, 0x0000, 0x0000, 0x0000, 0x0020, 0x0020, 0x0020, 0x0020, 0x0020, 0x0020, 
  0x0020, 0x0020, 0x0861, 0x0861, 0x1082, 0x1082, 0x1082, 0x1082, 0x1082, 0x1082, 0x1082, 0x1082, 
  0x1082, 0x10a2, 0x10a2, 0x10a2, 0x10a2, 0x10a2, 0x10a2, 0x18c3, 0x18c3, 0x18c3, 0x18c3, 0x18c3, 
  0x18c3, 0x18c3, 0x18c3, 0x18c3, 0x18c3, 0x18c3, 0x18e3, 0x18e3, 0x18e3, 0x18e3, 0x18e3, 0x18e3, 
  0x18e3, 0x18e3, 0x18e3, 0x18e3, 0x18e3, 0x18e3, 0x18e3, 0x18e3, 0x18e3, 0x18e3, 0x18e3, 0x18e3, 
  0x18e3, 0x18e3, 0x18e3, 0x18e3, 0x18c3, 0x18c3, 0x18c3, 0x18c3, 0x18c3, 0x632c, 0x39c7, 0x39c7, 
  0x39c7, 0x39c7, 0x39c7, 0x31a6, 0x31a6, 0x31a6, 0x31a6, 0x31a6, 0x3186, 0x3186, 0x3186, 0x3186, 
  0x3186, 0x3186, 0x3186, 0x3186, 0x2965, 0x2965, 0x2965, 0x2965, 0x2945, 0x2945, 0x2945, 0x2924, 
  0x2924, 0x2124, 0x2124, 0x2124, 0x2124, 0x2104, 0x2104, 0x2104, 0x2104, 0x2104, 0x20e4, 0x20e4, 
  0x20e3, 0x18c3, 0x18c3, 0x18a3, 0x18a2, 0x18a2, 0x18a2, 0x18a2, 0x10a2, 0x1082, 0x1082, 0x1082, 
  0x1082, 0x1082, 0x1082, 0x1082, 0x1082, 0x1082, 0x1062, 0x1061, 0x1061, 0x1061, 0x1061, 0xef5d, 
  0xffff, 0x4a49, 0x0841, 0x0841, 0x0841, 0x0841, 0x0841, 0x0841, 0x0841, 0x0841, 0x0841, 0x0841, 
  0x0841, 0x0841, 0x0820, 0x0820, 0x0820, 0x0821, 0x0821, 0x0820, 0x0820, 0x0821, 0x0821, 0x0821, 
  0x630c, 0xffff, 0xc618, 0x3165, 0xf7be, 0xffff, 0x0801, 0x0821, 0x1022, 0x1004, 0x1805, 0x2808, 
  0x2104, 0x18e3, 0x0861, 0x0861, 0x0861, 0x0861, 0x0861, 0x0861, 0x0861, 0x0861, 0x0841, 0x0841, 
  0x0861, 0x0861, 0x0861, 0x0861, 0x0861, 0x0841, 0x0841, 0x0841, 0x0841, 0x0841, 0x0841, 0x0841, 
  0x0841, 0x0841, 0x0841, 0x0841, 0x0841, 0x0841, 0x0841, 0x0841, 0x0841, 0x0841, 0x0861, 0x0841, 
  0x0841, 0x0861, 0x0861, 0x0861, 0x0861, 0x0861, 0x0861, 0x0861, 0x1082, 0x1082, 0x1082, 0x1082, 
  0x1082, 0x1082, 0x1082, 0x1082, 0x1082, 0x1082, 0x1082, 0x10a2, 0x10a2, 0x10a2, 0x10a2, 0x10a2, 
  0x10a2, 0x1082, 0x1082, 0x1082, 0x1082, 0x1082, 0x1082, 0x1082, 0x1082, 0x1082, 0x1082, 0x1082, 
  0x1082, 0x1082, 0x1082, 0x1082, 0x0861, 0x0861, 0x0861, 0x0861, 0x0861, 0x0861, 0x0861, 0x0861, 
  0x0861, 0x0861, 0x0861, 0x0841, 0x0861, 0x0861, 0x0841, 0x0841, 0x0841, 0x0841, 0x0841, 0x0841, 
  0x0841, 0x0841, 0x0020, 0x0020, 0x0020, 0x0020, 0x0020, 0x0020, 0x0020, 0x0020, 0x0020, 0x0020, 
  0x0020, 0x0020, 0x0020, 0x0000, 0x0000, 0x0000, 0x0000, 0x0000, 0x0000, 0x0000, 0x0000, 0x0000, 
  0x0000, 0x0000, 0x0000, 0x0000, 0x0000, 0x0000, 0x0000, 0x0000, 0x0000, 0x0000, 0x0000, 0x0000, 
  0x0000, 0x0000, 0x0000, 0x0000, 0x0000, 0x0000, 0x0000, 0x0000, 0x0000, 0x0000, 0x0000, 0x0020, 
  0x0020, 0x0020, 0x0000, 0x0020, 0x0020, 0x0020, 0x0000, 0x0000, 0x0000, 0x0000, 0x0000, 0x0000, 
  0x0000, 0x0020, 0x0020, 0x0020, 0x0020, 0x0020, 0x0020, 0x0020, 0x0020, 0x0020, 0x0841, 0x0861, 
  0x1082, 0x1082, 0x1082, 0x1082, 0x1082, 0x1082, 0x1082, 0x1082, 0x1082, 0x10a2, 0x10a2, 0x10a2, 
  0x10a2, 0x10a2, 0x10a2, 0x18c3, 0x18c3, 0x18c3, 0x18c3, 0x18c3, 0x18c3, 0x18c3, 0x18c3, 0x18c3, 
  0x18c3, 0x18e3, 0x18e3, 0x18e3, 0x18e3, 0x18e3, 0x18e3, 0x18e3, 0x18e3, 0x18e3, 0x18e3, 0x18e3, 
  0x18e3, 0x18e3, 0x18e3, 0x18e3, 0x18e3, 0x18e3, 0x18e3, 0x18e3, 0x18e3, 0x18e3, 0x18e3, 0x18c3, 
  0x18c3, 0x18c3, 0x18c3, 0x18c3, 0x18c3, 0x528a, 0x39c7, 0x39c7, 0x39c7, 0x39c7, 0x31a6, 0x31a6, 
  0x31a6, 0x31a6, 0x31a6, 0x3186, 0x3186, 0x3186, 0x3186, 0x3186, 0x3186, 0x3186, 0x3186, 0x2965, 
  0x2965, 0x2965, 0x2965, 0x2965, 0x2945, 0x2945, 0x2945, 0x2924, 0x2924, 0x2124, 0x2124, 0x2124, 
  0x2124, 0x2104, 0x2104, 0x2104, 0x2104, 0x2104, 0x20e4, 0x20e4, 0x18c3, 0x18c3, 0x18c3, 0x18a2, 
  0x18a2, 0x18a2, 0x10a2, 0x10a2, 0x10a2, 0x1082, 0x1082, 0x1082, 0x1082, 0x1082, 0x1082, 0x1082, 
  0x1082, 0x1062, 0x1061, 0x1061, 0x1061, 0x1061, 0x0861, 0xef5d, 0xffff, 0x4a49, 0x0841, 0x0841, 
  0x0841, 0x0841, 0x0841, 0x0841, 0x0841, 0x0841, 0x0841, 0x0841, 0x0841, 0x0841, 0x0820, 0x0820, 
  0x0820, 0x0820, 0x0821, 0x0820, 0x0820, 0x0820, 0x0820, 0x0820, 0x630c, 0xffff, 0xc618, 0x2945, 
  0xef5d, 0xce7a, 0x0821, 0x1022, 0x1804, 0x2007, 0x3009, 0x482d, 0x2104, 0x2104, 0x18c3, 0x0841, 
  0x0841, 0x0841, 0x0841, 0x0861, 0x0861, 0x0861, 0x0841, 0x0861, 0x0861, 0x0861, 0x0861, 0x0861, 
  0x0841, 0x0841, 0x0841, 0x0841, 0x0841, 0x0841, 0x0841, 0x0841, 0x0841, 0x0841, 0x0841, 0x0841, 
  0x0841, 0x0841, 0x0841, 0x0841, 0x0841, 0x0841, 0x0861, 0x0861, 0x0861, 0x0861, 0x0861, 0x0861, 
  0x0861, 0x0861, 0x0861, 0x0861, 0x0861, 0x1082, 0x1082, 0x1082, 0x1082, 0x1082, 0x1082, 0x1082, 
  0x1082, 0x1082, 0x10a2, 0x10a2, 0x10a2, 0x10a2, 0x10a2, 0x10a2, 0x1082, 0x1082, 0x1082, 0x1082, 
  0x1082, 0x1082, 0x1082, 0x1082, 0x1082, 0x1082, 0x1082, 0x1082, 0x1082, 0x1082, 0x1082, 0x1082, 
  0x0861, 0x0861, 0x0861, 0x0861, 0x0861, 0x0861, 0x0861, 0x0861, 0x0861, 0x0841, 0x0841, 0x0841, 
  0x0861, 0x0841, 0x0841, 0x0841, 0x0841, 0x0841, 0x0841, 0x0841, 0x0841, 0x0020, 0x0020, 0x0020, 
  0x0020, 0x0020, 0x0020, 0x0020, 0x0020, 0x0020, 0x0020, 0x0020, 0x0020, 0x0000, 0x0000, 0x0000, 
  0x0000, 0x0000, 0x0000, 0x0000, 0x0000, 0x0000, 0x0000, 0x0000, 0x0000, 0x0000, 0x0000, 0x0000, 
  0x0000, 0x0000, 0x0000, 0x0000, 0x0000, 0x0000, 0x0000, 0x0000, 0x0000, 0x0000, 0x0000, 0x0000, 
  0x0000, 0x0000, 0x0000, 0x0000, 0x0000, 0x0000, 0x0020, 0x0020, 0x0020, 0x0020, 0x0020, 0x0020, 
  0x0020, 0x0020, 0x0000, 0x0000, 0x0000, 0x0000, 0x0000, 0x0000, 0x0020, 0x0020, 0x0020, 0x0020, 
  0x0020, 0x0020, 0x0020, 0x0020, 0x0020, 0x0020, 0x0020, 0x0841, 0x0861, 0x1082, 0x1082, 0x1082, 
  0x1082, 0x1082, 0x1082, 0x1082, 0x10a2, 0x10a2, 0x10a2, 0x10a2, 0x10a2, 0x10a2, 0x18c3, 0x18c3, 
  0x18c3, 0x18c3, 0x18c3, 0x18c3, 0x18c3, 0x18c3, 0x18c3, 0x18c3, 0x18c3, 0x18e3, 0x18e3, 0x18e3, 
  0x18e3, 0x18e3, 0x18e3, 0x18e3, 0x18e3, 0x18e3, 0x18e3, 0x18e3, 0x18e3, 0x18e3, 0x18e3, 0x18e3, 
  0x18e3, 0x18e3, 0x18e3, 0x18e3, 0x18e3, 0x18e3, 0x18e3, 0x18c3, 0x18c3, 0x18c3, 0x18c3, 0x18c3, 
  0x18c3, 0x4228, 0x39c7, 0x39c7, 0x39c7, 0x31a6, 0x31a6, 0x31a6, 0x31a6, 0x31a6, 0x31a6, 0x3186, 
  0x3186, 0x3186, 0x3186, 0x3186, 0x3186, 0x3186, 0x2965, 0x2965, 0x2965, 0x2965, 0x2965, 0x2945, 
  0x2945, 0x2945, 0x2924, 0x2924, 0x2124, 0x2124, 0x2124, 0x2124, 0x2104, 0x2104, 0x2104, 0x2104, 
  0x2104, 0x20e4, 0x20e4, 0x20e3, 0x18c3, 0x18a2, 0x18a2, 0x18a2, 0x18a3, 0x18a3, 0x18a2, 0x10a2, 
  0x1082, 0x1082, 0x1082, 0x1082, 0x1082, 0x1082, 0x1082, 0x1082, 0x1062, 0x1062, 0x1061, 0x1061, 
  0x1061, 0x0861, 0x0861, 0xef5d, 0xffff, 0x4a49, 0x0841, 0x0841, 0x0841, 0x0841, 0x0841, 0x0841, 
  0x0841, 0x0841, 0x0841, 0x0841, 0x0841, 0x0820, 0x0820, 0x0821, 0x0820, 0x0820, 0x0821, 0x0820, 
  0x0820, 0x0821, 0x0820, 0x0820, 0x630c, 0xffff, 0xc618, 0x1062, 0x3166, 0x1063, 0x1003, 0x1805, 
  0x2808, 0x380b, 0x504f, 0x7934, 0x2104, 0x2104, 0x2104, 0x1082, 0x0841, 0x0841, 0x0841, 0x0861, 
  0x0861, 0x0861, 0x0861, 0x0861, 0x1061, 0x1061, 0x0861, 0x0861, 0x0841, 0x0841, 0x0841, 0x0841, 
  0x0841, 0x0841, 0x0841, 0x0841, 0x0841, 0x0841, 0x0841, 0x0841, 0x0841, 0x0841, 0x0841, 0x0841, 
  0x0841, 0x0841, 0x0861, 0x0861, 0x0861, 0x0861, 0x0861, 0x0861, 0x0861, 0x0861, 0x0861, 0x0861, 
  0x0861, 0x1082, 0x1082, 0x1082, 0x1082, 0x1082, 0x1082, 0x1082, 0x1082, 0x10a2, 0x10a2, 0x10a2, 
  0x10a2, 0x10a2, 0x10a2, 0x1082, 0x1082, 0x1082, 0x1082, 0x1082, 0x1082, 0x1082, 0x1082, 0x1082, 
  0x1082, 0x1082, 0x1082, 0x0861, 0x0861, 0x0861, 0x0861, 0x0861, 0x0861, 0x0861, 0x0861, 0x0861, 
  0x0861, 0x0861, 0x0861, 0x0841, 0x0841, 0x0841, 0x0841, 0x0841, 0x0841, 0x0841, 0x0841, 0x0841, 
  0x0841, 0x0841, 0x0841, 0x0841, 0x0020, 0x0020, 0x0020, 0x0020, 0x0020, 0x0020, 0x0020, 0x0020, 
  0x0020, 0x0020, 0x0020, 0x0020, 0x0020, 0x0000, 0x0000, 0x0000, 0x0000, 0x0000, 0x0000, 0x0000, 
  0x0000, 0x0000, 0x0000, 0x0000, 0x0000, 0x0000, 0x0000, 0x0000, 0x0000, 0x0000, 0x0000, 0x0000, 
  0x0000, 0x0000, 0x0000, 0x0000, 0x0000, 0x0000, 0x0000, 0x0000, 0x0000, 0x0000, 0x0000, 0x0000, 
  0x0000, 0x0020, 0x0020, 0x0020, 0x0020, 0x0020, 0x0020, 0x0020, 0x0020, 0x0020, 0x0020, 0x0000, 
  0x0000, 0x0000, 0x0000, 0x0020, 0x0020, 0x0020, 0x0020, 0x0020, 0x0020, 0x0020, 0x0020, 0x0020, 
  0x0020, 0x0020, 0x0020, 0x0020, 0x0841, 0x0861, 0x1082, 0x1082, 0x1082, 0x1082, 0x1082, 0x1082, 
  0x10a2, 0x10a2, 0x10a2, 0x10a2, 0x10a2, 0x10a2, 0x18c3, 0x18c3, 0x18c3, 0x18c3, 0x18c3, 0x18c3, 
  0x18c3, 0x18c3, 0x18c3, 0x18c3, 0x18e3, 0x18e3, 0x18e3, 0x18e3, 0x18e3, 0x18e3, 0x18e3, 0x18e3, 
  0x18e3, 0x18e3, 0x18e3, 0x18e3, 0x18e3, 0x18e3, 0x18e3, 0x18e3, 0x18e3, 0x18e3, 0x18e3, 0x18e3, 
  0x18e3, 0x18e3, 0x18c3, 0x18c3, 0x18c3, 0x18c3, 0x18c3, 0x18c3, 0x18c3, 0x4a69, 0x39e7, 0x39c7, 
  0x31a6, 0x31a6, 0x31a6, 0x31a6, 0x31a6, 0x31a6, 0x31a6, 0x3186, 0x3186, 0x3186, 0x3186, 0x3186, 
  0x3186, 0x3186, 0x2965, 0x2965, 0x2965, 0x2965, 0x2945, 0x2945, 0x2945, 0x2945, 0x2924, 0x2924, 
  0x2124, 0x2124, 0x2124, 0x2104, 0x2104, 0x2104, 0x2104, 0x2104, 0x20e4, 0x20e4, 0x20e3, 0x18e3, 
  0x18a3, 0x18a2, 0x18a2, 0x18a2, 0x18a3, 0x18a2, 0x10a2, 0x1082, 0x1082, 0x1082, 0x1082, 0x1082, 
  0x1082, 0x1082, 0x1082, 0x1082, 0x1062, 0x1061, 0x1061, 0x1061, 0x1061, 0x0861, 0x0861, 0xef5d, 
  0xffff, 0x4a49, 0x0841, 0x0841, 0x0841, 0x0841, 0x0841, 0x0841, 0x0841, 0x0841, 0x0841, 0x0841, 
  0x0820, 0x0820, 0x0820, 0x0821, 0x0821, 0x0821, 0x0821, 0x0820, 0x0820, 0x0821, 0x0821, 0x0020, 
  0x630c, 0xffff, 0xc618, 0x0821, 0x0822, 0x1003, 0x2005, 0x2808, 0x400c, 0x6090, 0x8995, 0xaaf8, 
  0x2104, 0x2104, 0x2104, 0x20e4, 0x1062, 0x0841, 0x0861, 0x0861, 0x0861, 0x0861, 0x0861, 0x1061, 
  0x1061, 0x1061, 0x0861, 0x0841, 0x0841, 0x0841, 0x0841, 0x0841, 0x0841, 0x0841, 0x0841, 0x0841, 
  0x0841, 0x0841, 0x0841, 0x0841, 0x0841, 0x0841, 0x0841, 0x0841, 0x0841, 0x0861, 0x0861, 0x0861, 
  0x0861, 0x0861, 0x0861, 0x0861, 0x0861, 0x0861, 0x0861, 0x0861, 0x1082, 0x1082, 0x1061, 0x1082, 
  0x1082, 0x1082, 0x1082, 0x1082, 0x1082, 0x10a2, 0x10a2, 0x10a2, 0x10a2, 0x10a2, 0x10a2, 0x1082, 
  0x1082, 0x1082, 0x1082, 0x1082, 0x1082, 0x1082, 0x1082, 0x1082, 0x1082, 0x1082, 0x1082, 0x0861, 
  0x0861, 0x0861, 0x0861, 0x0861, 0x0861, 0x0861, 0x0861, 0x0861, 0x0841, 0x0841, 0x0841, 0x0841, 
  0x0841, 0x0841, 0x0841, 0x0841, 0x0841, 0x0841, 0x0841, 0x0841, 0x0841, 0x0841, 0x0841, 0x0020, 
  0x0020, 0x0020, 0x0020, 0x0020, 0x0020, 0x0020, 0x0020, 0x0020, 0x0020, 0x0020, 0x0020, 0x0020, 
  0x0000, 0x0000, 0x0000, 0x0000, 0x0000, 0x0000, 0x0000, 0x0000, 0x0000, 0x0000, 0x0000, 0x0000, 
  0x0000, 0x0000, 0x0000, 0x0000, 0x0000, 0x0000, 0x0000, 0x0000, 0x0000, 0x0000, 0x0000, 0x0000, 
  0x0000, 0x0000, 0x0000, 0x0000, 0x0000, 0x0000, 0x0000, 0x0000, 0x0020, 0x0020, 0x0020, 0x0000, 
  0x0020, 0x0020, 0x0020, 0x0020, 0x0020, 0x0820, 0x0820, 0x0000, 0x0000, 0x0000, 0x0020, 0x0020, 
  0x0020, 0x0020, 0x0020, 0x0020, 0x0020, 0x0020, 0x0020, 0x0020, 0x0020, 0x0020, 0x0020, 0x0020, 
  0x0020, 0x0841, 0x1082, 0x1082, 0x1082, 0x1082, 0x1082, 0x10a2, 0x10a2, 0x10a2, 0x10a2, 0x10a2, 
  0x10a2, 0x18c3, 0x18c3, 0x18c3, 0x18c3, 0x18c3, 0x18c3, 0x18c3, 0x18c3, 0x18c3, 0x18c3, 0x18c3, 
  0x18e3, 0x18e3, 0x18e3, 0x18e3, 0x18e3, 0x18e3, 0x18e3, 0x18e3, 0x18e3, 0x18e3, 0x18e3, 0x18e3, 
  0x18e3, 0x18e3, 0x18e3, 0x18e3, 0x18e3, 0x18e3, 0x18e3, 0x18e3, 0x18e3, 0x18c3, 0x18c3, 0x18c3, 
  0x18c3, 0x18c3, 0x18c3, 0x18c3, 0x18c3, 0x31a6, 0x528a, 0x31a6, 0x31a6, 0x31a6, 0x31a6, 0x31a6, 
  0x31a6, 0x3186, 0x3186, 0x3186, 0x3186, 0x3186, 0x3186, 0x3186, 0x3186, 0x2965, 0x2965, 0x2965, 
  0x2965, 0x2945, 0x2945, 0x2945, 0x2945, 0x2924, 0x2924, 0x2124, 0x2124, 0x2124, 0x2104, 0x2104, 
  0x2104, 0x2104, 0x2104, 0x20e4, 0x20e4, 0x20e3, 0x18e3, 0x18c3, 0x18c3, 0x18c3, 0x18a3, 0x18a3, 
  0x18a2, 0x10a2, 0x10a2, 0x1082, 0x1082, 0x1082, 0x1082, 0x1082, 0x1082, 0x1082, 0x1082, 0x1062, 
  0x1061, 0x1061, 0x1061, 0x1061, 0x0861, 0x0861, 0x0841, 0xe73c, 0xffff, 0x5acb, 0x0841, 0x0841, 
  0x0841, 0x0841, 0x0841, 0x0841, 0x0841, 0x0841, 0x0841, 0x0841, 0x0821, 0x0821, 0x0821, 0x0821, 
  0x0821, 0x0821, 0x0821, 0x0820, 0x0820, 0x0821, 0x0821, 0x0020, 0x7bcf, 0xffff, 0xbdd7, 0x1023, 
  0x1004, 0x2006, 0x3009, 0x482d, 0x68d2, 0x91f6, 0xbb98, 0xed77, 0x2104, 0x2104, 0x2104, 0x20e4, 
  0x18c4, 0x1062, 0x0841, 0x0861, 0x0861, 0x1061, 0x0861, 0x1061, 0x0861, 0x0861, 0x0841, 0x0841, 
  0x0841, 0x0841, 0x0841, 0x0841, 0x0841, 0x0841, 0x0841, 0x0841, 0x0841, 0x0841, 0x0841, 0x0841, 
  0x0841, 0x0841, 0x0841, 0x0841, 0x0861, 0x0861, 0x0861, 0x0861, 0x0861, 0x0861, 0x0861, 0x0861, 
  0x0861, 0x0861, 0x0861, 0x1082, 0x1082, 0x1082, 0x1082, 0x1082, 0x1082, 0x1082, 0x1082, 0x1082, 
  0x10a2, 0x10a2, 0x10a2, 0x10a2, 0x10a2, 0x10a2, 0x10a2, 0x1082, 0x1082, 0x1082, 0x1082, 0x1082, 
  0x1082, 0x1082, 0x1082, 0x1082, 0x0861, 0x1082, 0x0861, 0x0861, 0x0861, 0x0861, 0x0861, 0x0861, 
  0x0861, 0x0861, 0x0861, 0x0841, 0x0841, 0x0841, 0x0841, 0x0841, 0x0841, 0x0841, 0x0841, 0x0841, 
  0x0841, 0x0841, 0x0841, 0x0841, 0x0841, 0x0841, 0x0020, 0x0020, 0x0020, 0x0020, 0x0020, 0x0020, 
  0x0020, 0x0020, 0x0020, 0x0020, 0x0020, 0x0020, 0x0020, 0x0000, 0x0000, 0x0000, 0x0000, 0x0000, 
  0x0000, 0x0000, 0x0000, 0x0000, 0x0000, 0x0000, 0x0000, 0x0000, 0x0000, 0x0000, 0x0000, 0x0000, 
  0x0000, 0x0000, 0x0000, 0x0000, 0x0000, 0x0000, 0x0000, 0x0000, 0x0000, 0x0000, 0x0000, 0x0000, 
  0x0000, 0x0000, 0x0000, 0x0020, 0x0020, 0x0020, 0x0020, 0x0020, 0x0020, 0x0020, 0x0020, 0x0020, 
  0x0020, 0x0820, 0x0821, 0x0821, 0x0000, 0x0000, 0x0020, 0x0020, 0x0020, 0x0020, 0x0020, 0x0020, 
  0x0020, 0x0020, 0x0020, 0x0020, 0x0020, 0x0020, 0x0020, 0x0020, 0x0020, 0x0020, 0x0841, 0x1082, 
  0x1082, 0x1082, 0x10a2, 0x10a2, 0x10a2, 0x10a2, 0x10a2, 0x10a2, 0x18c3, 0x18c3, 0x18c3, 0x18c3, 
  0x18c3, 0x18c3, 0x18c3, 0x18c3, 0x18c3, 0x18c3, 0x18c3, 0x18e3, 0x18e3, 0x18e3, 0x18e3, 0x18e3, 
  0x18e3, 0x18e3, 0x18e3, 0x18e3, 0x18e3, 0x18e3, 0x18e3, 0x18e3, 0x18e3, 0x18e3, 0x18e3, 0x18e3, 
  0x18e3, 0x18e3, 0x18e3, 0x18e3, 0x18e3, 0x18c3, 0x18c3, 0x18c3, 0x18c3, 0x18c3, 0x18c3, 0x18c3, 
  0x18c3, 0x2104, 0x5aeb, 0x31a6, 0x31a6, 0x31a6, 0x31a6, 0x31a6, 0x31a6, 0x3186, 0x3186, 0x3186, 
  0x3186, 0x3186, 0x3186, 0x3186, 0x2965, 0x2965, 0x2965, 0x2965, 0x2965, 0x2945, 0x2945, 0x2924, 
  0x2924, 0x2924, 0x2124, 0x2124, 0x2124, 0x2124, 0x2104, 0x2104, 0x2104, 0x2104, 0x20e4, 0x20e4, 
  0x20e4, 0x18e3, 0x18e3, 0x18c3, 0x18c3, 0x18a3, 0x18a3, 0x18a3, 0x18a2, 0x10a2, 0x1082, 0x1082, 
  0x1082, 0x1082, 0x1082, 0x1082, 0x1082, 0x1082, 0x1062, 0x1062, 0x1061, 0x1061, 0x1061, 0x1061, 
  0x0861, 0x0841, 0x0841, 0xad75, 0xffff, 0xe73c, 0xad34, 0xa514, 0xa514, 0xa514, 0xa514, 0xa514, 
  0xa514, 0xa514, 0xa514, 0xa514, 0xa514, 0xa514, 0xa514, 0xa514, 0xa514, 0xa514, 0xa514, 0xa514, 
  0xa514, 0xa514, 0xa514, 0xad55, 0xef7d, 0xffff, 0x9452, 0x1804, 0x2007, 0x300a, 0x482e, 0x70f2, 
  0x9236, 0xcc17, 0xf5d8, 0xe537, 0x2104, 0x2104, 0x2104, 0x2103, 0x20e4, 0x18a3, 0x1042, 0x0861, 
  0x1061, 0x1061, 0x0861, 0x1061, 0x1061, 0x0861, 0x0841, 0x0841, 0x0841, 0x0841, 0x0841, 0x0841, 
  0x0841, 0x0841, 0x0841, 0x0841, 0x0841, 0x0841, 0x0841, 0x0841, 0x0841, 0x0841, 0x0841, 0x0841, 
  0x0861, 0x0861, 0x0861, 0x0861, 0x0861, 0x0861, 0x0861, 0x0861, 0x0861, 0x0861, 0x0861, 0x1082, 
  0x1082, 0x1082, 0x1082, 0x1082, 0x1082, 0x1082, 0x1082, 0x1082, 0x1082, 0x10a2, 0x10a2, 0x10a2, 
  0x10a2, 0x10a2, 0x1082, 0x1082, 0x1082, 0x1082, 0x1082, 0x1082, 0x1082, 0x1082, 0x1082, 0x0861, 
  0x0861, 0x0861, 0x0861, 0x0861, 0x0861, 0x0861, 0x0861, 0x0861, 0x0861, 0x0861, 0x0861, 0x0841, 
  0x0841, 0x0841, 0x0841, 0x0841, 0x0841, 0x0841, 0x0841, 0x0841, 0x0841, 0x0841, 0x0841, 0x0841, 
  0x0841, 0x0020, 0x0020, 0x0020, 0x0020, 0x0020, 0x0020, 0x0020, 0x0020, 0x0020, 0x0020, 0x0020, 
  0x0020, 0x0020, 0x0000, 0x0000, 0x0000, 0x0000, 0x0000, 0x0000, 0x0000, 0x0000, 0x0000, 0x0000, 
  0x0000, 0x0000, 0x0000, 0x0000, 0x0000, 0x0000, 0x0000, 0x0000, 0x0000, 0x0000, 0x0000, 0x0000, 
  0x0000, 0x0000, 0x0000, 0x0000, 0x0000, 0x0000, 0x0000, 0x0000, 0x0000, 0x0000, 0x0000, 0x0020, 
  0x0020, 0x0020, 0x0020, 0x0020, 0x0020, 0x0020, 0x0020, 0x0820, 0x0820, 0x0821, 0x0821, 0x0841, 
  0x0020, 0x0000, 0x0000, 0x0020, 0x0020, 0x0020, 0x0020, 0x0020, 0x0020, 0x0020, 0x0020, 0x0020, 
  0x0020, 0x0020, 0x0020, 0x0020, 0x0020, 0x0020, 0x0020, 0x0841, 0x1082, 0x1082, 0x10a2, 0x10a2, 
  0x10a2, 0x10a2, 0x10a2, 0x18c3, 0x18c3, 0x18c3, 0x18c3, 0x18c3, 0x18c3, 0x18c3, 0x18c3, 0x18c3, 
  0x18c3, 0x18c3, 0x18e3, 0x18e3, 0x18e3, 0x18e3, 0x18e3, 0x18e3, 0x18e3, 0x18e3, 0x18e3, 0x18e3, 
  0x18e3, 0x18e3, 0x18e3, 0x18e3, 0x18e3, 0x18e3, 0x18e3, 0x18e3, 0x18e3, 0x18e3, 0x18e3, 0x18e3, 
  0x18c3, 0x18c3, 0x18c3, 0x18c3, 0x18c3, 0x18c3, 0x18c3, 0x18c3, 0x18c3, 0x18c3, 0x5aeb, 0x31a6, 
  0x31a6, 0x31a6, 0x31a6, 0x31a6, 0x3186, 0x3186, 0x3186, 0x3186, 0x3186, 0x3186, 0x3186, 0x3186, 
  0x2965, 0x2965, 0x2965, 0x2965, 0x2945, 0x2945, 0x2945, 0x2924, 0x2924, 0x2124, 0x2124, 0x2124, 
  0x2124, 0x2104, 0x2104, 0x2104, 0x2104, 0x2104, 0x20e4, 0x20e4, 0x20e3, 0x18e3, 0x18c3, 0x18c3, 
  0x18a3, 0x18a3, 0x18a3, 0x18a2, 0x10a2, 0x1082, 0x1082, 0x1082, 0x1082, 0x1082, 0x1082, 0x1082, 
  0x1082, 0x1082, 0x1062, 0x1061, 0x1061, 0x1061, 0x1061, 0x0861, 0x0861, 0x0841, 0x0841, 0x3186, 
  0xdefb, 0xffff, 0xffff, 0xffff, 0xffff, 0xffff, 0xffff, 0xffff, 0xffff, 0xffff, 0xffff, 0xffff, 
  0xffff, 0xffff, 0xffff, 0xffff, 0xffff, 0xffff, 0xffff, 0xffff, 0xffff, 0xffff, 0xffff, 0xffff, 
  0xffff, 0xc619, 0x30a7, 0x2808, 0x380b, 0x504f, 0x7133, 0x9a96, 0xe4f7, 0xf5d8, 0xcc77, 0xa317, 
  0x2104, 0x2104, 0x2104, 0x2103, 0x20e4, 0x20e4, 0x1063, 0x1061, 0x1042, 0x1061, 0x1061, 0x1061, 
  0x0861, 0x0841, 0x0841, 0x0841, 0x0841, 0x0841, 0x0841, 0x0841, 0x0841, 0x0841, 0x0841, 0x0841, 
  0x0841, 0x0841, 0x0841, 0x0841, 0x0841, 0x0841, 0x0841, 0x0841, 0x0861, 0x0861, 0x0861, 0x0861, 
  0x0861, 0x0861, 0x0861, 0x0861, 0x0861, 0x0861, 0x0861, 0x0861, 0x1082, 0x1082, 0x1082, 0x1082, 
  0x1082, 0x1082, 0x1082, 0x1082, 0x10a2, 0x10a2, 0x10a2, 0x10a2, 0x10a2, 0x10a2, 0x1082, 0x1082, 
  0x1082, 0x1082, 0x1082, 0x0861, 0x1082, 0x1082, 0x0861, 0x0861, 0x0861, 0x0861, 0x0861, 0x0861, 
  0x0861, 0x0861, 0x0861, 0x0861, 0x0861, 0x0841, 0x0841, 0x0841, 0x0841, 0x0841, 0x0841, 0x0841, 
  0x0841, 0x0841, 0x0841, 0x0841, 0x0841, 0x0841, 0x0841, 0x0841, 0x0020, 0x0020, 0x0020, 0x0020, 
  0x0020, 0x0020, 0x0020, 0x0020, 0x0020, 0x0020, 0x0020, 0x0020, 0x0020, 0x0000, 0x0000, 0x0000, 
  0x0000, 0x0000, 0x0000, 0x0000, 0x0000, 0x0000, 0x0000, 0x0000, 0x0000, 0x0000, 0x0000, 0x0000, 
  0x0000, 0x0000, 0x0000, 0x0000, 0x0000, 0x0000, 0x0000, 0x0000, 0x0000, 0x0000, 0x0000, 0x0000, 
  0x0000, 0x0000, 0x0000, 0x0000, 0x0000, 0x0000, 0x0000, 0x0000, 0x0020, 0x0020, 0x0020, 0x0020, 
  0x0020, 0x0020, 0x0020, 0x0820, 0x0821, 0x0821, 0x0841, 0x0841, 0x0841, 0x0000, 0x0000, 0x0020, 
  0x0020, 0x0020, 0x0020, 0x0020, 0x0020, 0x0020, 0x0020, 0x0020, 0x0020, 0x0020, 0x0020, 0x0020, 
  0x0020, 0x0020, 0x0020, 0x0020, 0x0841, 0x1082, 0x10a2, 0x10a2, 0x10a2, 0x10a2, 0x10a2, 0x18c3, 
  0x18c3, 0x18c3, 0x18c3, 0x18c3, 0x18c3, 0x18c3, 0x18c3, 0x18c3, 0x18c3, 0x18c3, 0x18e3, 0x18e3, 
  0x18e3, 0x18e3, 0x18e3, 0x18e3, 0x18e3, 0x18e3, 0x18e3, 0x18e3, 0x18e3, 0x18e3, 0x18e3, 0x18e3, 
  0x18e3, 0x18e3, 0x18e3, 0x18e3, 0x18e3, 0x18e3, 0x18e3, 0x18c3, 0x18c3, 0x18c3, 0x18c3, 0x18c3, 
  0x18c3, 0x18c3, 0x18c3, 0x18c3, 0x18c3, 0x18c3, 0x4208, 0x31a6, 0x31a6, 0x31a6, 0x31a6, 0x31a6, 
  0x3186, 0x3186, 0x3186, 0x3186, 0x3186, 0x3186, 0x2965, 0x2965, 0x2965, 0x2965, 0x2965, 0x2965, 
  0x2945, 0x2945, 0x2945, 0x2924, 0x2924, 0x2124, 0x2124, 0x2124, 0x2104, 0x2104, 0x2104, 0x2104, 
  0x2104, 0x2104, 0x20e4, 0x20e4, 0x20e3, 0x18e3, 0x18c3, 0x18a3, 0x18a3, 0x18a3, 0x18a2, 0x18a2, 
  0x10a2, 0x1082, 0x1082, 0x1082, 0x1082, 0x1082, 0x1082, 0x1082, 0x1082, 0x1082, 0x1061, 0x1061, 
  0x1061, 0x1061, 0x1061, 0x0861, 0x0861, 0x0841, 0x0841, 0x0841, 0x10a2, 0x5acb, 0x7bcf, 0x7bcf, 
  0x7bcf, 0x7bcf, 0x7bcf, 0x7bcf, 0x7bcf, 0x7bcf, 0x7bcf, 0x7bcf, 0x7bcf, 0x7bcf, 0x7bcf, 0x7bcf, 
  0x7bcf, 0x7bcf, 0x7baf, 0x7baf, 0x7bcf, 0x7baf, 0x7baf, 0x7bb0, 0x5a6c, 0x2046, 0x2809, 0x380b, 
  0x5070, 0x7934, 0xab17, 0xed57, 0xe537, 0xb397, 0x9295, 0x79d2, 0x2104, 0x2104, 0x2104, 0x2103, 
  0x18e3, 0x18e4, 0x20c4, 0x1062, 0x1062, 0x1061, 0x1061, 0x0861, 0x0841, 0x0841, 0x0841, 0x0841, 
  0x0841, 0x0841, 0x0841, 0x0841, 0x0841, 0x0841, 0x0841, 0x0841, 0x0841, 0x0841, 0x0841, 0x0841, 
  0x0841, 0x0841, 0x0841, 0x0861, 0x0861, 0x0861, 0x0861, 0x0861, 0x0861, 0x0861, 0x0861, 0x0861, 
  0x0861, 0x0861, 0x0861, 0x1082, 0x1082, 0x1082, 0x1082, 0x1082, 0x1082, 0x1082, 0x1082, 0x1082, 
  0x10a2, 0x10a2, 0x10a2, 0x10a2, 0x10a2, 0x10a2, 0x1082, 0x1082, 0x1082, 0x1082, 0x0861, 0x0861, 
  0x0861, 0x0861, 0x0861, 0x0861, 0x0861, 0x0861, 0x0861, 0x0861, 0x0861, 0x0861, 0x0841, 0x0841, 
  0x0841, 0x0841, 0x0841, 0x0841, 0x0841, 0x0841, 0x0841, 0x0841, 0x0841, 0x0841, 0x0841, 0x0841, 
  0x0841, 0x0841, 0x0841, 0x0020, 0x0020, 0x0020, 0x0020, 0x0020, 0x0020, 0x0020, 0x0020, 0x0020, 
  0x0020, 0x0020, 0x0020, 0x0020, 0x0000, 0x0000, 0x0000, 0x0000, 0x0000, 0x0000, 0x0000, 0x0000, 
  0x0000, 0x0000, 0x0000, 0x0000, 0x0000, 0x0000, 0x0000, 0x0000, 0x0000, 0x0000, 0x0000, 0x0000, 
  0x0000, 0x0000, 0x0000, 0x0000, 0x0000, 0x0000, 0x0000, 0x0000, 0x0000, 0x0000, 0x0000, 0x0000, 
  0x0020, 0x0020, 0x0020, 0x0000, 0x0020, 0x0020, 0x0020, 0x0020, 0x0020, 0x0020, 0x0820, 0x0821, 
  0x0821, 0x0841, 0x0841, 0x0841, 0x0841, 0x0820, 0x0000, 0x0020, 0x0020, 0x0020, 0x0020, 0x0020, 
  0x0020, 0x0020, 0x0020, 0x0020, 0x0020, 0x0020, 0x0020, 0x0020, 0x0020, 0x0020, 0x0020, 0x0020, 
  0x0020, 0x0841, 0x1082, 0x10a2, 0x10a2, 0x10a2, 0x18c3, 0x18c3, 0x18c3, 0x18c3, 0x18c3, 0x18c3, 
  0x18c3, 0x18c3, 0x18c3, 0x18c3, 0x18c3, 0x18e3, 0x18e3, 0x18e3, 0x18e3, 0x18e3, 0x18e3, 0x18e3, 
  0x18e3, 0x18e3, 0x18e3, 0x18e3, 0x18e3, 0x18e3, 0x18e3, 0x18e3, 0x18e3, 0x18e3, 0x18e3, 0x18e3, 
  0x18e3, 0x18e3, 0x18e3, 0x18c3, 0x18c3, 0x18c3, 0x18c3, 0x18c3, 0x18c3, 0x18c3, 0x18c3, 0x18c3, 
  0x18c3, 0x18c3, 0x4a69, 0x31a6, 0x31a6, 0x31a6, 0x31a6, 0x3186, 0x3186, 0x3186, 0x3186, 0x3186, 
  0x3186, 0x3186, 0x2965, 0x2965, 0x2965, 0x2965, 0x2965, 0x2945, 0x2945, 0x2924, 0x2924, 0x2924, 
  0x2924, 0x2124, 0x2124, 0x2124, 0x2104, 0x2104, 0x2104, 0x2104, 0x2104, 0x20e3, 0x20e3, 0x20e3, 
  0x18e3, 0x18c3, 0x18c3, 0x18a3, 0x18a3, 0x18a3, 0x18a2, 0x10a2, 0x1082, 0x1082, 0x1082, 0x1082, 
  0x1082, 0x1082, 0x1082, 0x1082, 0x1082, 0x1082, 0x1061, 0x1061, 0x1061, 0x1061, 0x0861, 0x0861, 
  0x0861, 0x0841, 0x0841, 0x0841, 0x0841, 0x0841, 0x0841, 0x0841, 0x0841, 0x0841, 0x0841, 0x0841, 
  0x0841, 0x0821, 0x0821, 0x0821, 0x0821, 0x0821, 0x0821, 0x0821, 0x0820, 0x0820, 0x0821, 0x0821, 
  0x0821, 0x0822, 0x1022, 0x1024, 0x2006, 0x2809, 0x380c, 0x5851, 0x7934, 0xc3b6, 0xf597, 0xcc77, 
  0x9ab6, 0x8234, 0x69b1, 0x598e, 0x2104, 0x2104, 0x2104, 0x18e4, 0x1903, 0x1903, 0x20e3, 0x2085, 
  0x1081, 0x1062, 0x1062, 0x0841, 0x0841, 0x0841, 0x0841, 0x0841, 0x0841, 0x0841, 0x0841, 0x0841, 
  0x0841, 0x0841, 0x0841, 0x0841, 0x0841, 0x0841, 0x0841, 0x0841, 0x0841, 0x0841, 0x0841, 0x0861, 
  0x0861, 0x0861, 0x0861, 0x0861, 0x0861, 0x0861, 0x0861, 0x0861, 0x0861, 0x0861, 0x0861, 0x1082, 
  0x1082, 0x1082, 0x1082, 0x1082, 0x1082, 0x1082, 0x1082, 0x1082, 0x10a2, 0x10a2, 0x10a2, 0x10a2, 
  0x10a2, 0x10a2, 0x1082, 0x0861, 0x0861, 0x0861, 0x0861, 0x0861, 0x0861, 0x0861, 0x0861, 0x0861, 
  0x0861, 0x0861, 0x0861, 0x0861, 0x0861, 0x0841, 0x0841, 0x0841, 0x0841, 0x0841, 0x0841, 0x0841, 
  0x0841, 0x0841, 0x0841, 0x0841, 0x0841, 0x0841, 0x0841, 0x0841, 0x0841, 0x0841, 0x0020, 0x0020, 
  0x0020, 0x0020, 0x0020, 0x0020, 0x0020, 0x0020, 0x0020, 0x0020, 0x0020, 0x0020, 0x0020, 0x0000, 
  0x0000, 0x0000, 0x0000, 0x0000, 0x0000, 0x0000, 0x0000, 0x0000, 0x0000, 0x0000, 0x0000, 0x0000, 
  0x0000, 0x0000, 0x0000, 0x0000, 0x0000, 0x0000, 0x0000, 0x0000, 0x0000, 0x0000, 0x0000, 0x0000, 
  0x0000, 0x0000, 0x0000, 0x0000, 0x0000, 0x0000, 0x0000, 0x0000, 0x0020, 0x0020, 0x0020, 0x0000, 
  0x0020, 0x0020, 0x0020, 0x0020, 0x0820, 0x0820, 0x0820, 0x0821, 0x0841, 0x0841, 0x0841, 0x0841, 
  0x0841, 0x0841, 0x0020, 0x0020, 0x0020, 0x0020, 0x0020, 0x0020, 0x0020, 0x0020, 0x0020, 0x0020, 
  0x0020, 0x0020, 0x0020, 0x0020, 0x0020, 0x0020, 0x0020, 0x0020, 0x0020, 0x0020, 0x0861, 0x10a2, 
  0x10a2, 0x10a2, 0x18c3, 0x18c3, 0x18c3, 0x18c3, 0x18c3, 0x18c3, 0x18c3, 0x18c3, 0x18c3, 0x18c3, 
  0x18e3, 0x18e3, 0x18e3, 0x18e3, 0x18e3, 0x18e3, 0x18e3, 0x18e3, 0x18e3, 0x18e3, 0x18e3, 0x18e3, 
  0x18e3, 0x18e3, 0x18e3, 0x18e3, 0x18e3, 0x18e3, 0x18e3, 0x18e3, 0x18e3, 0x18e3, 0x18c3, 0x18c3, 
  0x18c3, 0x18c3, 0x18c3, 0x18c3, 0x18c3, 0x18c3, 0x18c3, 0x18c3, 0x18c3, 0x18c3, 0x39e7, 0x4208, 
  0x31a6, 0x31a6, 0x3186, 0x3186, 0x3186, 0x3186, 0x3186, 0x3186, 0x3186, 0x3186, 0x2965, 0x2965, 
  0x2965, 0x2965, 0x2945, 0x2945, 0x2945, 0x2924, 0x2924, 0x2924, 0x2124, 0x2124, 0x2124, 0x2104, 
  0x2104, 0x2104, 0x2104, 0x2104, 0x20e4, 0x20e3, 0x18e3, 0x18e3, 0x18e3, 0x18c3, 0x18a3, 0x18a3, 
  0x18a3, 0x18a2, 0x10a2, 0x10a2, 0x1082, 0x1082, 0x1082, 0x1082, 0x1082, 0x1082, 0x1082, 0x1082, 
  0x1082, 0x1082, 0x1061, 0x1061, 0x1061, 0x1061, 0x0861, 0x0861, 0x0861, 0x0841, 0x0841, 0x0841, 
  0x0841, 0x0841, 0x0841, 0x0841, 0x0841, 0x0841, 0x0841, 0x0841, 0x0821, 0x0821, 0x0821, 0x0821, 
  0x0821, 0x0821, 0x0820, 0x0820, 0x0820, 0x0821, 0x0821, 0x0821, 0x0822, 0x1023, 0x1824, 0x2027, 
  0x300a, 0x400d, 0x5871, 0x81b4, 0xdc77, 0xe4f7, 0xab56, 0x8a55, 0x71d2, 0x61af, 0x518d, 0x49aa, 
  0x2104, 0x2104, 0x18e3, 0x18e3, 0x18e3, 0x18e3, 0x1903, 0x20a5, 0x1884, 0x1041, 0x0861, 0x0841, 
  0x0841, 0x0840, 0x0841, 0x0841, 0x0841, 0x0841, 0x0841, 0x0841, 0x0841, 0x0841, 0x0841, 0x0841, 
  0x0841, 0x0841, 0x0841, 0x0841, 0x0841, 0x0861, 0x0861, 0x0861, 0x0861, 0x0861, 0x0861, 0x0861, 
  0x0861, 0x0861, 0x0861, 0x0861, 0x0861, 0x0861, 0x0861, 0x1082, 0x1082, 0x1082, 0x1082, 0x1082, 
  0x1082, 0x1082, 0x1082, 0x1082, 0x1082, 0x10a2, 0x10a2, 0x10a2, 0x10a2, 0x10a2, 0x1082, 0x0861, 
  0x0861, 0x0861, 0x0861, 0x0861, 0x0861, 0x0861, 0x0861, 0x0861, 0x0861, 0x0861, 0x0841, 0x0841, 
  0x0861, 0x0841, 0x0841, 0x0841, 0x0841, 0x0841, 0x0841, 0x0841, 0x0841, 0x0841, 0x0841, 0x0841, 
  0x0020, 0x0841, 0x0841, 0x0841, 0x0841, 0x0841, 0x0020, 0x0020, 0x0020, 0x0020, 0x0020, 0x0020, 
  0x0020, 0x0020, 0x0020, 0x0020, 0x0020, 0x0020, 0x0000, 0x0000, 0x0000, 0x0000, 0x0000, 0x0000, 
  0x0000, 0x0000, 0x0000, 0x0000, 0x0000, 0x0000, 0x0000, 0x0000, 0x0000, 0x0000, 0x0000, 0x0000, 
  0x0000, 0x0000, 0x0000, 0x0000, 0x0000, 0x0000, 0x0000, 0x0000, 0x0000, 0x0000, 0x0000, 0x0000, 
  0x0000, 0x0000, 0x0020, 0x0020, 0x0020, 0x0020, 0x0020, 0x0020, 0x0020, 0x0020, 0x0020, 0x0020, 
  0x0820, 0x0820, 0x0821, 0x0841, 0x0841, 0x0841, 0x0841, 0x0841, 0x0841, 0x0841, 0x0841, 0x0000, 
  0x0020, 0x0020, 0x0020, 0x0020, 0x0020, 0x0020, 0x0020, 0x0020, 0x0020, 0x0020, 0x0020, 0x0020, 
  0x0020, 0x0020, 0x0020, 0x0020, 0x0020, 0x0020, 0x0020, 0x0861, 0x10a2, 0x18c3, 0x18c3, 0x18c3, 
  0x18c3, 0x18c3, 0x18c3, 0x18c3, 0x18c3, 0x18c3, 0x18c3, 0x18c3, 0x18e3, 0x18e3, 0x18e3, 0x18e3, 
  0x18e3, 0x18e3, 0x18e3, 0x18e3, 0x18e3, 0x18e3, 0x18e3, 0x18e3, 0x18e3, 0x18e3, 0x18e3, 0x18e3, 
  0x18e3, 0x18e3, 0x18e3, 0x18e3, 0x18e3, 0x18c3, 0x18c3, 0x18c3, 0x18c3, 0x18c3, 0x18c3, 0x18c3, 
  0x18c3, 0x18c3, 0x18c3, 0x18c3, 0x18c3, 0x18c3, 0x18e3, 0x632c, 0x31a6, 0x31a6, 0x3186, 0x3186, 
  0x3186, 0x3186, 0x3186, 0x3186, 0x3186, 0x2965, 0x2965, 0x2965, 0x2965, 0x2965, 0x2945, 0x2945, 
  0x2924, 0x2924, 0x2924, 0x2124, 0x2124, 0x2124, 0x2124, 0x2104, 0x2104, 0x2104, 0x2104, 0x20e4, 
  0x20e4, 0x20e3, 0x18e3, 0x18e3, 0x18c3, 0x18c3, 0x18a3, 0x18a3, 0x18a3, 0x18a2, 0x10a2, 0x1082, 
  0x1082, 0x1082, 0x1082, 0x1082, 0x1082, 0x1082, 0x1082, 0x1082, 0x1062, 0x1062, 0x1061, 0x1061, 
  0x1061, 0x1061, 0x0861, 0x0861, 0x0861, 0x0841, 0x0841, 0x0841, 0x0841, 0x0841, 0x0841, 0x0841, 
  0x0841, 0x0841, 0x0841, 0x0821, 0x0821, 0x0821, 0x0821, 0x0821, 0x0821, 0x0821, 0x0820, 0x0820, 
  0x0800, 0x0821, 0x0821, 0x0822, 0x1023, 0x1805, 0x2007, 0x300a, 0x400d, 0x5870, 0x9a35, 0xecb7, 
  0xcc17, 0x8a75, 0x79f3, 0x69b1, 0x598e, 0x498c, 0x418a, 0x3988, 0x2104, 0x18e3, 0x18e3, 0x18e3, 
  0x18e3, 0x18e3, 0x20e4, 0x18e3, 0x20c5, 0x1043, 0x0841, 0x0841, 0x0841, 0x0841, 0x0841, 0x0841, 
  0x0841, 0x0841, 0x0841, 0x0841, 0x0841, 0x0841, 0x0841, 0x0841, 0x0841, 0x0841, 0x0841, 0x0841, 
  0x0841, 0x0841, 0x0841, 0x0861, 0x0861, 0x0861, 0x0861, 0x0861, 0x0861, 0x0861, 0x0861, 0x0861, 
  0x0861, 0x1082, 0x1082, 0x1082, 0x1082, 0x1082, 0x1082, 0x1082, 0x1082, 0x1082, 0x1082, 0x1082, 
  0x1082, 0x10a2, 0x10a2, 0x10a2, 0x10a2, 0x10a2, 0x0861, 0x0861, 0x0861, 0x0861, 0x0861, 0x0861, 
  0x0861, 0x0861, 0x0861, 0x0861, 0x0861, 0x0841, 0x0841, 0x0841, 0x0841, 0x0841, 0x0841, 0x0841, 
  0x0841, 0x0841, 0x0841, 0x0841, 0x0841, 0x0841, 0x0841, 0x0020, 0x0841, 0x0841, 0x0841, 0x0841, 
  0x0020, 0x0020, 0x0020, 0x0020, 0x0020, 0x0020, 0x0020, 0x0020, 0x0020, 0x0020, 0x0020, 0x0020, 
  0x0020, 0x0000, 0x0000, 0x0000, 0x0000, 0x0000, 0x0000, 0x0000, 0x0000, 0x0000, 0x0000, 0x0000, 
  0x0000, 0x0000, 0x0000, 0x0000, 0x0000, 0x0000, 0x0000, 0x0000, 0x0000, 0x0000, 0x0000, 0x0000, 
  0x0000, 0x0000, 0x0000, 0x0000, 0x0000, 0x0000, 0x0000, 0x0000, 0x0000, 0x0020, 0x0020, 0x0000, 
  0x0000, 0x0020, 0x0020, 0x0020, 0x0020, 0x0020, 0x0020, 0x0820, 0x0820, 0x0820, 0x0841, 0x0841, 
  0x0841, 0x0841, 0x0841, 0x0841, 0x0841, 0x0861, 0x0861, 0x0820, 0x0020, 0x0020, 0x0020, 0x0020, 
  0x0020, 0x0020, 0x0020, 0x0020, 0x0020, 0x0020, 0x0020, 0x0020, 0x0020, 0x0020, 0x0020, 0x0020, 
  0x0020, 0x0020, 0x0020, 0x0020, 0x0861, 0x18a3, 0x18c3, 0x18c3, 0x18c3, 0x18c3, 0x18c3, 0x18c3, 
  0x18c3, 0x18c3, 0x18c3, 0x18e3, 0x18e3, 0x18e3, 0x18e3, 0x18e3, 0x18e3, 0x18e3, 0x18e3, 0x18e3, 
  0x18e3, 0x18e3, 0x18e3, 0x18e3, 0x18e3, 0x18e3, 0x18e3, 0x18e3, 0x18e3, 0x18e3, 0x18e3, 0x18e3, 
  0x18e3, 0x18c3, 0x18c3, 0x18c3, 0x18c3, 0x18c3, 0x18c3, 0x18c3, 0x18c3, 0x18c3, 0x18c3, 0x18c3, 
  0x18c3, 0x18c3, 0x18c3, 0x5aeb, 0x3186, 0x3186, 0x3186, 0x3186, 0x3186, 0x3186, 0x3186, 0x3186, 
  0x2965, 0x2965, 0x2965, 0x2965, 0x2965, 0x2945, 0x2945, 0x2945, 0x2924, 0x2924, 0x2124, 0x2124, 
  0x2124, 0x2124, 0x2104, 0x2104, 0x2104, 0x2104, 0x20e4, 0x20e4, 0x20e4, 0x20e3, 0x20e3, 0x18e3, 
  0x18c3, 0x18a3, 0x18a3, 0x18a2, 0x18a2, 0x10a2, 0x10a2, 0x10a2, 0x1082, 0x1082, 0x1082, 0x1082, 
  0x1082, 0x1082, 0x1082, 0x1082, 0x1062, 0x1061, 0x1061, 0x1061, 0x1061, 0x1061, 0x0861, 0x0861, 
  0x0861, 0x0841, 0x0841, 0x0841, 0x0841, 0x0841, 0x0841, 0x0841, 0x0841, 0x0841, 0x0841, 0x0821, 
  0x0821, 0x0821, 0x0821, 0x0820, 0x0821, 0x0821, 0x0821, 0x0821, 0x0821, 0x0821, 0x0822, 0x1023, 
  0x1805, 0x2807, 0x300a, 0x400d, 0x6091, 0xbb16, 0xdc57, 0xa2f6, 0x7a14, 0x69d1, 0x61af, 0x51ad, 
  0x49aa, 0x4189, 0x3988, 0x3987, 0x18e3, 0x18e3, 0x18e3, 0x18e3, 0x18e3, 0x18e3, 0x18e3, 0x18e3, 
  0x18c4, 0x1864, 0x0822, 0x0821, 0x0841, 0x0841, 0x0841, 0x0841, 0x0841, 0x0841, 0x0841, 0x0841, 
  0x0841, 0x0841, 0x0841, 0x0841, 0x0841, 0x0841, 0x0841, 0x0841, 0x0841, 0x0841, 0x0841, 0x0861, 
  0x0861, 0x0861, 0x0861, 0x0861, 0x0861, 0x0861, 0x0861, 0x0861, 0x1082, 0x1082, 0x1082, 0x1082, 
  0x1082, 0x1082, 0x1082, 0x1082, 0x1082, 0x1082, 0x1082, 0x1082, 0x1082, 0x10a2, 0x10a2, 0x10a2, 
  0x10a2, 0x10a2, 0x0861, 0x0861, 0x0861, 0x0861, 0x0861, 0x0861, 0x0861, 0x0861, 0x0861, 0x0861, 
  0x0841, 0x0841, 0x0841, 0x0841, 0x0841, 0x0841, 0x0841, 0x0841, 0x0841, 0x0841, 0x0841, 0x0841, 
  0x0020, 0x0020, 0x0020, 0x0020, 0x0841, 0x0841, 0x0841, 0x0841, 0x0020, 0x0020, 0x0020, 0x0020, 
  0x0020, 0x0020, 0x0020, 0x0020, 0x0020, 0x0020, 0x0020, 0x0020, 0x0020, 0x0000, 0x0000, 0x0000, 
  0x0000, 0x0000, 0x0000, 0x0000, 0x0000, 0x0000, 0x0000, 0x0000, 0x0000, 0x0000, 0x0000, 0x0000, 
  0x0000, 0x0000, 0x0000, 0x0000, 0x0000, 0x0000, 0x0000, 0x0000, 0x0000, 0x0000, 0x0000, 0x0000, 
  0x0000, 0x0000, 0x0000, 0x0000, 0x0000, 0x0020, 0x0020, 0x0000, 0x0000, 0x0020, 0x0020, 0x0020, 
  0x0020, 0x0020, 0x0820, 0x0820, 0x0820, 0x0841, 0x0841, 0x0841, 0x0841, 0x0841, 0x0841, 0x0841, 
  0x0841, 0x0861, 0x1061, 0x0861, 0x0020, 0x0020, 0x0020, 0x0020, 0x0020, 0x0020, 0x0020, 0x0020, 
  0x0020, 0x0020, 0x0020, 0x0020, 0x0020, 0x0020, 0x0020, 0x0020, 0x0020, 0x0020, 0x0020, 0x0020, 
  0x0000, 0x1061, 0x18c3, 0x18c3, 0x18c3, 0x18c3, 0x18c3, 0x18c3, 0x18c3, 0x18c3, 0x18e3, 0x18e3, 
  0x18e3, 0x18e3, 0x18e3, 0x18e3, 0x18e3, 0x18e3, 0x18e3, 0x18e3, 0x18e3, 0x18e3, 0x18e3, 0x18e3, 
  0x18e3, 0x18e3, 0x18e3, 0x18e3, 0x18e3, 0x18e3, 0x18e3, 0x18e3, 0x18c3, 0x18c3, 0x18c3, 0x18c3, 
  0x18c3, 0x18c3, 0x18c3, 0x18c3, 0x18c3, 0x18c3, 0x18c3, 0x18c3, 0x18c3, 0x18c3, 0x18c3, 0x4228, 
  0x3186, 0x3186, 0x3186, 0x3186, 0x3186, 0x3186, 0x3186, 0x2965, 0x2965, 0x2965, 0x2965, 0x2965, 
  0x2965, 0x2945, 0x2945, 0x2924, 0x2924, 0x2124, 0x2124, 0x2124, 0x2124, 0x2104, 0x2104, 0x2104, 
  0x2104, 0x2104, 0x20e4, 0x20e4, 0x20e4, 0x20e3, 0x18e3, 0x18c3, 0x18a3, 0x18a3, 0x18a3, 0x18a2, 
  0x10a2, 0x10a2, 0x10a2, 0x1082, 0x1082, 0x1082, 0x1082, 0x1082, 0x1082, 0x1082, 0x1082, 0x1062, 
  0x1062, 0x1061, 0x1061, 0x1061, 0x1061, 0x0861, 0x0861, 0x0861, 0x0841, 0x0841, 0x0841, 0x0841, 
  0x0841, 0x0841, 0x0841, 0x0841, 0x0841, 0x0841, 0x0841, 0x0821, 0x0821, 0x0820, 0x0820, 0x0820, 
  0x0821, 0x0821, 0x0821, 0x0821, 0x0821, 0x1022, 0x1023, 0x1825, 0x2807, 0x300a, 0x402d, 0x7112, 
  0xcb99, 0xc397, 0x8234, 0x71d2, 0x61b0, 0x59ae, 0x49ac, 0x41aa, 0x39a8, 0x3988, 0x3187, 0x3186, 
  0x18e3, 0x18e3, 0x18e3, 0x18e3, 0x18e3, 0x18e3, 0x18e3, 0x18e3, 0x10a2, 0x1063, 0x1864, 0x0821, 
  0x0841, 0x0841, 0x0841, 0x0841, 0x0841, 0x0841, 0x0841, 0x0841, 0x0841, 0x0841, 0x0841, 0x0841, 
  0x0841, 0x0841, 0x0841, 0x0841, 0x0861, 0x0861, 0x0861, 0x0861, 0x0861, 0x0861, 0x0861, 0x0861, 
  0x0861, 0x0861, 0x0861, 0x0861, 0x1082, 0x1082, 0x1082, 0x1082, 0x1082, 0x1082, 0x1082, 0x1082, 
  0x1082, 0x1082, 0x10a2, 0x1082, 0x10a2, 0x10a2, 0x10a2, 0x10a2, 0x10a2, 0x10a2, 0x0861, 0x7b50, 
  0x628d, 0x626c, 0x626c, 0x626c, 0x5a4c, 0x5a4c, 0x5a2b, 0x520b, 0x51ea, 0x49ca, 0x49a9, 0x4189, 
  0x4189, 0x4189, 0x4168, 0x4168, 0x4168, 0x4168, 0x4168, 0x4168, 0x4168, 0x4168, 0x4168, 0x4168, 
  0x4168, 0x4168, 0x4168, 0x4168, 0x4168, 0x4168, 0x4168, 0x4168, 0x4168, 0x4168, 0x4168, 0x4148, 
  0x4148, 0x3948, 0x3948, 0x3948, 0x3948, 0x3948, 0x3948, 0x3948, 0x3948, 0x3948, 0x3948, 0x3948, 
  0x3948, 0x3948, 0x3948, 0x3948, 0x3948, 0x3948, 0x3948, 0x3948, 0x3948, 0x3948, 0x3948, 0x3948, 
  0x3948, 0x3948, 0x3948, 0x3948, 0x3948, 0x3948, 0x3948, 0x4148, 0x4148, 0x4148, 0x4148, 0x4148, 
  0x4168, 0x4168, 0x4168, 0x4168, 0x4168, 0x4168, 0x4168, 0x4168, 0x4168, 0x4189, 0x4189, 0x4189, 
  0x4189, 0x4189, 0x4989, 0x4989, 0x4989, 0x4989, 0x4989, 0x4989, 0x4989, 0x49a9, 0x49a9, 0x49a9, 
  0x4989, 0x4989, 0x4189, 0x4189, 0x4168, 0x4168, 0x4168, 0x4168, 0x4168, 0x4168, 0x4168, 0x4168, 
  0x4168, 0x4168, 0x4168, 0x4168, 0x4168, 0x4168, 0x4168, 0x4168, 0x4168, 0x4168, 0x4168, 0x4189, 
  0x4189, 0x4989, 0x49a9, 0x49ca, 0x49ca, 0x49ca, 0x51ea, 0x51ea, 0x51ea, 0x51ea, 0x51ea, 0x51ea, 
  0x51ea, 0x51ea, 0x51ea, 0x51ea, 0x51ea, 0x51ea, 0x51ea, 0x51ea, 0x51ea, 0x51ea, 0x51ea, 0x51ea, 
  0x51ea, 0x51ea, 0x51ea, 0x51ea, 0x51ea, 0x51ea, 0x51ea, 0x51ea, 0x51ea, 0x51ea, 0x51ea, 0x51ea, 
  0x51ea, 0x51ea, 0x51ea, 0x51ea, 0x51ea, 0x51ea, 0x520b, 0x5a4c, 0x626c, 0x628d, 0x628d, 0x628d, 
  0x626c, 0x626c, 0x626c, 0x626c, 0x626c, 0x624c, 0x5a4c, 0x5a4c, 0x5a4c, 0x5a2b, 0x5a0b, 0x51ea, 
  0x49ca, 0x49a9, 0x4168, 0x3948, 0x3107, 0x30e6, 0x30c6, 0x30c6, 0x30c6, 0x30c6, 0x30c6, 0x20e4, 
  0x20e4, 0x20e3, 0x18e3, 0x18c3, 0x18a3, 0x18a3, 0x18a2, 0x18a2, 0x10a2, 0x10a2, 0x1082, 0x1082, 
  0x1082, 0x1082, 0x1082, 0x1082, 0x1082, 0x1082, 0x1062, 0x1062, 0x1061, 0x1061, 0x1061, 0x1061, 
  0x1061, 0x0861, 0x0861, 0x0841, 0x0841, 0x0841, 0x0841, 0x0841, 0x0841, 0x0841, 0x0841, 0x0841, 
  0x0841, 0x0841, 0x0841, 0x0821, 0x0821, 0x0821, 0x0820, 0x0820, 0x0821, 0x0821, 0x0821, 0x0822, 
  0x1022, 0x1824, 0x2006, 0x2808, 0x300a, 0x482e, 0x89d5, 0xc359, 0x9ab6, 0x71d2, 0x69b1, 0x59ae, 
  0x51ac, 0x49aa, 0x41a9, 0x39a8, 0x3187, 0x3186, 0x3186, 0x3186, 0x18e3, 0x18e3, 0x18e3, 0x18e3, 
  0x18e3, 0x18e3, 0x18e3, 0x10a2, 0x1082, 0x1082, 0x1863, 0x1043, 0x0841, 0x0841, 0x0841, 0x0841, 
  0x0841, 0x0841, 0x0841, 0x0841, 0x0841, 0x0841, 0x0841, 0x0841, 0x0841, 0x0861, 0x0861, 0x0861, 
  0x0861, 0x0861, 0x0861, 0x0861, 0x0861, 0x0861, 0x0861, 0x0861, 0x0861, 0x0861, 0x0861, 0x1082, 
  0x1082, 0x1082, 0x1082, 0x1082, 0x1082, 0x1082, 0x1082, 0x1082, 0x1082, 0x1082, 0x10a2, 0x10a2, 
  0x10a2, 0x10a2, 0x10a2, 0x18c3, 0x18c3, 0x1082, 0x0861, 0x626c, 0x1844, 0x1844, 0x1823, 0x1823, 
  0x1823, 0x1823, 0x1823, 0x1823, 0x1823, 0x1823, 0x1823, 0x1823, 0x1823, 0x1823, 0x1823, 0x1823, 
  0x1823, 0x1823, 0x1823, 0x1823, 0x1823, 0x1823, 0x1823, 0x1823, 0x1823, 0x1823, 0x1823, 0x1823, 
  0x1823, 0x1823, 0x1003, 0x1003, 0x1003, 0x1003, 0x1003, 0x1003, 0x1003, 0x1003, 0x1003, 0x1003, 
  0x1003, 0x1003, 0x1003, 0x1003, 0x1003, 0x1003, 0x1003, 0x1003, 0x1003, 0x1003, 0x1003, 0x1003, 
  0x1003, 0x1003, 0x1003, 0x1003, 0x1003, 0x1003, 0x1003, 0x1003, 0x1003, 0x1003, 0x1003, 0x1803, 
  0x1803, 0x1803, 0x1823, 0x1823, 0x1823, 0x1823, 0x1823, 0x1823, 0x1823, 0x1823, 0x1823, 0x1824, 
  0x1824, 0x1844, 0x1844, 0x1844, 0x1844, 0x2044, 0x2044, 0x2044, 0x2044, 0x2044, 0x2044, 0x2064, 
  0x2064, 0x2064, 0x2064, 0x2064, 0x2064, 0x2064, 0x2064, 0x2064, 0x2064, 0x2064, 0x2064, 0x2064, 
  0x2044, 0x2044, 0x1844, 0x1823, 0x1823, 0x1823, 0x1823, 0x1823, 0x1823, 0x1823, 0x1823, 0x1823, 
  0x1823, 0x1823, 0x1823, 0x1823, 0x1823, 0x1823, 0x1823, 0x1823, 0x1823, 0x1823, 0x1823, 0x1823, 
  0x1823, 0x1824, 0x1844, 0x2064, 0x2065, 0x2085, 0x28a5, 0x28a5, 0x28a5, 0x28a5, 0x28a5, 0x28a5, 
  0x28a5, 0x28a5, 0x28a5, 0x28a5, 0x28a5, 0x28a5, 0x28a5, 0x28a5, 0x28a5, 0x28a5, 0x28a5, 0x28a5, 
  0x28a5, 0x28a5, 0x28a5, 0x28a5, 0x28a5, 0x28a5, 0x28a5, 0x20a5, 0x2085, 0x2085, 0x2085, 0x2085, 
  0x2085, 0x2085, 0x20a5, 0x28c6, 0x30e6, 0x3107, 0x3927, 0x3927, 0x3927, 0x3907, 0x3107, 0x3107, 
  0x3107, 0x3107, 0x30e6, 0x30e6, 0x30e6, 0x30e6, 0x30e6, 0x30e6, 0x30c6, 0x30c6, 0x30c6, 0x30c6, 
  0x30c6, 0x30c6, 0x30c6, 0x30c6, 0x30c6, 0x30c6, 0x30c6, 0x20e3, 0x20e3, 0x18e3, 0x18c3, 0x18c3, 
  0x18a2, 0x18a2, 0x18a2, 0x10a2, 0x10a2, 0x10a2, 0x1082, 0x1082, 0x1082, 0x1082, 0x1082, 0x1082, 
  0x1082, 0x1082, 0x1062, 0x1061, 0x1061, 0x1061, 0x1061, 0x1061, 0x0861, 0x0861, 0x0861, 0x0841, 
  0x0841, 0x0841, 0x0841, 0x0841, 0x0841, 0x0841, 0x0841, 0x0841, 0x0841, 0x0841, 0x0841, 0x0821, 
  0x0821, 0x0821, 0x0821, 0x0820, 0x0821, 0x0821, 0x0822, 0x1023, 0x1023, 0x1825, 0x2808, 0x300a, 
  0x508d, 0xa278, 0xb2f9, 0x8214, 0x69d0, 0x59af, 0x59ae, 0x51ac, 0x41aa, 0x41a9, 0x39a7, 0x31a7, 
  0x31a6, 0x3186, 0x3186, 0x3186, 0x18e3, 0x18e3, 0x18e3, 0x18e3, 0x18e3, 0x18e3, 0x18c3, 0x1082, 
  0x1082, 0x1082, 0x1082, 0x1864, 0x1022, 0x0841, 0x0841, 0x0861, 0x0841, 0x0841, 0x0841, 0x0841, 
  0x0841, 0x0841, 0x0861, 0x0861, 0x0861, 0x0861, 0x0861, 0x0861, 0x0861, 0x0861, 0x0861, 0x0861, 
  0x0841, 0x0841, 0x0861, 0x0861, 0x0861, 0x0861, 0x1082, 0x1082, 0x1082, 0x1082, 0x1082, 0x1082, 
  0x1082, 0x1082, 0x1082, 0x1082, 0x1082, 0x1082, 0x10a2, 0x10a2, 0x10a2, 0x10a2, 0x10a2, 0x10a2, 
  0x18c3, 0x1082, 0x0861, 0x626c, 0x1824, 0x1823, 0x1823, 0x1823, 0x1823, 0x1823, 0x1823, 0x1823, 
  0x1823, 0x1823, 0x1823, 0x1823, 0x1823, 0x1823, 0x1823, 0x1823, 0x1823, 0x1823, 0x1823, 0x1823, 
  0x1823, 0x1823, 0x1823, 0x1823, 0x1823, 0x1823, 0x1823, 0x1823, 0x1823, 0x1023, 0x1003, 0x1003, 
  0x1003, 0x1003, 0x1003, 0x1003, 0x1003, 0x1003, 0x1003, 0x1003, 0x1003, 0x1003, 0x1003, 0x1003, 
  0x1003, 0x1003, 0x1003, 0x1003, 0x1003, 0x1003, 0x1003, 0x1003, 0x1003, 0x1003, 0x1003, 0x1003, 
  0x1003, 0x1003, 0x1003, 0x1003, 0x1003, 0x1003, 0x1803, 0x1803, 0x1803, 0x1803, 0x1823, 0x1823, 
  0x1823, 0x1823, 0x1823, 0x1823, 0x1823, 0x1823, 0x1823, 0x1824, 0x1824, 0x1844, 0x1844, 0x1844, 
  0x1844, 0x2044, 0x2044, 0x2044, 0x2044, 0x2044, 0x2044, 0x2064, 0x2064, 0x2064, 0x2064, 0x2064, 
  0x2064, 0x2064, 0x2064, 0x2064, 0x2064, 0x2064, 0x2064, 0x2064, 0x2044, 0x2044, 0x1844, 0x1823, 
  0x1823, 0x1823, 0x1823, 0x1823, 0x1823, 0x1823, 0x1823, 0x1823, 0x1823, 0x1823, 0x1823, 0x1823, 
  0x1823, 0x1823, 0x1823, 0x1823, 0x1823, 0x1823, 0x1823, 0x1823, 0x1823, 0x1823, 0x1844, 0x1844, 
  0x2065, 0x2085, 0x20a5, 0x28a5, 0x28a5, 0x28a5, 0x28a5, 0x28a5, 0x28a5, 0x28a5, 0x28a5, 0x28a5, 
  0x28a5, 0x28a5, 0x28a5, 0x28a5, 0x28a5, 0x28a5, 0x28a5, 0x28a5, 0x28a5, 0x28a5, 0x28a5, 0x28a5, 
  0x28a5, 0x28a5, 0x28a5, 0x2085, 0x2085, 0x2085, 0x2085, 0x2085, 0x2085, 0x2085, 0x2085, 0x28a6, 
  0x30e6, 0x3107, 0x3927, 0x3927, 0x3927, 0x3107, 0x3107, 0x3107, 0x3107, 0x30e6, 0x30e6, 0x30e6, 
  0x30e6, 0x30e6, 0x30e6, 0x30e6, 0x30c6, 0x30c6, 0x30c6, 0x30c6, 0x30c6, 0x30c6, 0x30c6, 0x30c6, 
  0x30c6, 0x30c6, 0x30c6, 0x20e3, 0x18e3, 0x18c3, 0x18c3, 0x18a3, 0x18a2, 0x18a3, 0x18a2, 0x10a2, 
  0x10a2, 0x1082, 0x1082, 0x1082, 0x1082, 0x1082, 0x1082, 0x1082, 0x1082, 0x1062, 0x1062, 0x1061, 
  0x1061, 0x1061, 0x1061, 0x0861, 0x0861, 0x0861, 0x0841, 0x0841, 0x0841, 0x0841, 0x0841, 0x0841, 
  0x0841, 0x0841, 0x0841, 0x0841, 0x0841, 0x0841, 0x0841, 0x0820, 0x0820, 0x0821, 0x0821, 0x0821, 
  0x0821, 0x0822, 0x1023, 0x1824, 0x2006, 0x2827, 0x302a, 0x7133, 0xb29a, 0x9a57, 0x69f0, 0x61cf, 
  0x59ce, 0x51cc, 0x49aa, 0x41a9, 0x39a8, 0x39a7, 0x31a6, 0x31a6, 0x31a6, 0x3186, 0x3186, 0x3186, 
  0x18e3, 0x18e3, 0x18e3, 0x18e3, 0x18e3, 0x18c3, 0x1082, 0x1082, 0x1082, 0x1082, 0x0882, 0x1063, 
  0x1865, 0x0822, 0x0841, 0x0841, 0x0841, 0x0841, 0x0841, 0x0841, 0x0841, 0x0861, 0x0861, 0x0861, 
  0x0861, 0x0861, 0x0861, 0x0861, 0x0861, 0x0861, 0x0861, 0x0861, 0x0861, 0x0861, 0x0861, 0x0861, 
  0x0861, 0x0861, 0x1082, 0x1082, 0x1082, 0x1082, 0x1082, 0x1082, 0x1082, 0x1082, 0x1082, 0x1082, 
  0x1082, 0x1082, 0x10a2, 0x10a2, 0x10a2, 0x10a2, 0x10a2, 0x18c3, 0x18c3, 0x0861, 0x0861, 0x626c, 
  0x1823, 0x1823, 0x1823, 0x1823, 0x1823, 0x1823, 0x1823, 0x1823, 0x1823, 0x1823, 0x1823, 0x1823, 
  0x1823, 0x1823, 0x1823, 0x1823, 0x1823, 0x1823, 0x1823, 0x1823, 0x1823, 0x1823, 0x1823, 0x1823, 
  0x1823, 0x1823, 0x1823, 0x1823, 0x1823, 0x1003, 0x1003, 0x1003, 0x1003, 0x1003, 0x1003, 0x1003, 
  0x1003, 0x1003, 0x1003, 0x1003, 0x1003, 0x1003, 0x1003, 0x1003, 0x1003, 0x1003, 0x1003, 0x1003, 
  0x1003, 0x1003, 0x1003, 0x1003, 0x1003, 0x1003, 0x1003, 0x1003, 0x1003, 0x1003, 0x1003, 0x1003, 
  0x1003, 0x1003, 0x1803, 0x1803, 0x1803, 0x1823, 0x1823, 0x1823, 0x1823, 0x1823, 0x1823, 0x1823, 
  0x1823, 0x1823, 0x1823, 0x1824, 0x1824, 0x1844, 0x1844, 0x1844, 0x1844, 0x2044, 0x2044, 0x2044, 
  0x2044, 0x2044, 0x2044, 0x2064, 0x2064, 0x2064, 0x2064, 0x2064, 0x2064, 0x2064, 0x2064, 0x2064, 
  0x2064, 0x2064, 0x2064, 0x2064, 0x2044, 0x2044, 0x1844, 0x1823, 0x1823, 0x1823, 0x1823, 0x1823, 
  0x1823, 0x1823, 0x1823, 0x1823, 0x1823, 0x1823, 0x1823, 0x1823, 0x1823, 0x1823, 0x1823, 0x1823, 
  0x1823, 0x1823, 0x1823, 0x1823, 0x1823, 0x1823, 0x1824, 0x1844, 0x2064, 0x2085, 0x2085, 0x28a5, 
  0x28a5, 0x28a5, 0x28a5, 0x28a5, 0x28a5, 0x28a5, 0x28a5, 0x28a5, 0x28a5, 0x28a5, 0x28a5, 0x28a5, 
  0x28a5, 0x28a5, 0x28a5, 0x28a5, 0x28a5, 0x28a5, 0x28a5, 0x28a5, 0x28a5, 0x28a5, 0x28a5, 0x2085, 
  0x2085, 0x2085, 0x2085, 0x2085, 0x2085, 0x2085, 0x2085, 0x28a5, 0x28e6, 0x3107, 0x3927, 0x3927, 
  0x3927, 0x3107, 0x3107, 0x3107, 0x3107, 0x30e6, 0x30e6, 0x30e6, 0x30e6, 0x30e6, 0x30e6, 0x30e6, 
  0x30c6, 0x30c6, 0x30c6, 0x30c6, 0x30c6, 0x30c6, 0x30c6, 0x30c6, 0x30c6, 0x30c6, 0x30c6, 0x18e3, 
  0x18c3, 0x18c3, 0x18c3, 0x18a2, 0x18a2, 0x18a2, 0x18a2, 0x10a2, 0x1082, 0x1082, 0x1082, 0x1082, 
  0x1082, 0x1082, 0x1082, 0x1082, 0x1082, 0x1062, 0x1061, 0x1061, 0x1061, 0x1061, 0x1061, 0x0861, 
  0x0861, 0x0841, 0x0841, 0x0841, 0x0841, 0x0841, 0x0841, 0x0841, 0x0841, 0x0841, 0x0841, 0x0841, 
  0x0841, 0x0841, 0x0841, 0x0820, 0x0820, 0x0821, 0x0821, 0x0821, 0x0822, 0x1023, 0x1824, 0x2026, 
  0x2807, 0x404b, 0x89b6, 0xaa7a, 0x7a13, 0x61ef, 0x59ee, 0x51cc, 0x49cb, 0x41ca, 0x41c9, 0x39a8, 
  0x39a7, 0x31a7, 0x3186, 0x3186, 0x3186, 0x3186, 0x3186, 0x3186, 0x18e3, 0x18e3, 0x18e3, 0x18e3, 
  0x18e3, 0x1082, 0x1082, 0x1082, 0x1082, 0x1082, 0x1082, 0x1082, 0x1843, 0x2065, 0x0822, 0x0841, 
  0x0841, 0x0841, 0x0841, 0x0861, 0x0861, 0x0861, 0x0861, 0x0861, 0x0861, 0x0861, 0x0861, 0x0861, 
  0x0861, 0x0861, 0x0861, 0x0861, 0x0861, 0x0861, 0x0861, 0x0861, 0x0861, 0x0861, 0x1082, 0x1082, 
  0x1082, 0x1082, 0x1082, 0x1082, 0x1082, 0x1082, 0x1082, 0x1082, 0x1082, 0x1082, 0x10a2, 0x10a2, 
  0x10a2, 0x10a2, 0x10a2, 0x10a2, 0x10a2, 0x0861, 0x0841, 0x626c, 0x1823, 0x1823, 0x1823, 0x1823, 
  0x1823, 0x1823, 0x1823, 0x1823, 0x1823, 0x1823, 0x1823, 0x1823, 0x1823, 0x1823, 0x1823, 0x1823, 
  0x1823, 0x1823, 0x1823, 0x1823, 0x1823, 0x1823, 0x1823, 0x1823, 0x1823, 0x1823, 0x1823, 0x1823, 
  0x1823, 0x1023, 0x1003, 0x1003, 0x1003, 0x1003, 0x1003, 0x1003, 0x1003, 0x1003, 0x1003, 0x1003, 
  0x1003, 0x1003, 0x1003, 0x1003, 0x1003, 0x1003, 0x1003, 0x1003, 0x1003, 0x1003, 0x1003, 0x1003, 
  0x1003, 0x1003, 0x1003, 0x1003, 0x1003, 0x1003, 0x1003, 0x1003, 0x1003, 0x1003, 0x1803, 0x1803, 
  0x1803, 0x1803, 0x1823, 0x1823, 0x1823, 0x1823, 0x1823, 0x1823, 0x1823, 0x1823, 0x1823, 0x1824, 
  0x1824, 0x1844, 0x1844, 0x1844, 0x1844, 0x2044, 0x2044, 0x2044, 0x2044, 0x2044, 0x2044, 0x2064, 
  0x2064, 0x2064, 0x2064, 0x2064, 0x2064, 0x2064, 0x2064, 0x2064, 0x2064, 0x2064, 0x2064, 0x2064, 
  0x2044, 0x2044, 0x1844, 0x1823, 0x1823, 0x1823, 0x1823, 0x1823, 0x1823, 0x1823, 0x1823, 0x1823, 
  0x1823, 0x1823, 0x1823, 0x1823, 0x1823, 0x1823, 0x1823, 0x1823, 0x1823, 0x1823, 0x1823, 0x1823, 
  0x1823, 0x1823, 0x1844, 0x1844, 0x2064, 0x2085, 0x2085, 0x28a5, 0x28a5, 0x28a5, 0x28a5, 0x28a5, 
  0x28a5, 0x28a5, 0x28a5, 0x28a5, 0x28a5, 0x28a5, 0x28a5, 0x28a5, 0x28a5, 0x28a5, 0x28a5, 0x28a5, 
  0x28a5, 0x28a5, 0x28a5, 0x28a5, 0x28a5, 0x28a5, 0x28a5, 0x2085, 0x2085, 0x2085, 0x2085, 0x2085, 
  0x2085, 0x2085, 0x2085, 0x28a5, 0x30e6, 0x3107, 0x3927, 0x3927, 0x3927, 0x3107, 0x3107, 0x3107, 
  0x3107, 0x30e6, 0x30e6, 0x30e6, 0x30e6, 0x30e6, 0x30e6, 0x30e6, 0x30c6, 0x30c6, 0x30c6, 0x30c6, 
  0x30c6, 0x30c6, 0x30c6, 0x30c6, 0x30c6, 0x30c6, 0x30c6, 0x18c3, 0x18c3, 0x18c3, 0x18a3, 0x18a3, 
  0x18a3, 0x18a2, 0x10a2, 0x10a2, 0x1082, 0x1082, 0x1082, 0x1082, 0x1082, 0x1082, 0x1082, 0x1082, 
  0x1082, 0x1062, 0x1061, 0x1061, 0x1061, 0x1061, 0x0861, 0x0861, 0x0861, 0x0841, 0x0841, 0x0841, 
  0x0841, 0x0841, 0x0841, 0x0841, 0x0841, 0x0841, 0x0841, 0x0841, 0x0841, 0x0841, 0x0820, 0x0820, 
  0x0841, 0x0821, 0x0821, 0x0822, 0x1023, 0x1823, 0x2025, 0x2807, 0x58ae, 0x99f9, 0x9217, 0x69f1, 
  0x59ee, 0x51cd, 0x51cb, 0x49ca, 0x41c9, 0x39c8, 0x39c7, 0x39a7, 0x31a6, 0x31a6, 0x3186, 0x3186, 
  0x3186, 0x3186, 0x3186, 0x2965, 0x18e3, 0x18e3, 0x18e3, 0x18e3, 0x10a2, 0x1082, 0x1082, 0x1082, 
  0x1082, 0x1082, 0x1082, 0x1082, 0x1062, 0x2045, 0x1844, 0x0821, 0x0861, 0x0841, 0x0841, 0x0861, 
  0x0861, 0x0861, 0x0861, 0x0861, 0x0861, 0x0861, 0x0861, 0x0861, 0x0861, 0x0861, 0x0861, 0x0861, 
  0x0861, 0x0861, 0x0861, 0x0861, 0x0861, 0x0861, 0x1082, 0x1082, 0x1082, 0x1082, 0x1082, 0x1082, 
  0x1082, 0x1082, 0x1082, 0x1082, 0x1082, 0x1082, 0x10a2, 0x10a2, 0x10a2, 0x10a2, 0x10a2, 0x10a2, 
  0x10a2, 0x0841, 0x0841, 0x5a4c, 0x1823, 0x1823, 0x1823, 0x1823, 0x1823, 0x1823, 0x1823, 0x1823, 
  0x1823, 0x1823, 0x1823, 0x1823, 0x1823, 0x1823, 0x1823, 0x1823, 0x1823, 0x1823, 0x1823, 0x1823, 
  0x1823, 0x1823, 0x1823, 0x1823, 0x1823, 0x1823, 0x1823, 0x1823, 0x1823, 0x1823, 0x1003, 0x1003, 
  0x1003, 0x1003, 0x1003, 0x1003, 0x1003, 0x1003, 0x1003, 0x1003, 0x1003, 0x1003, 0x1003, 0x1003, 
  0x1003, 0x1003, 0x1003, 0x1003, 0x1003, 0x1003, 0x1003, 0x1003, 0x1003, 0x1003, 0x1003, 0x1003, 
  0x1003, 0x1003, 0x1003, 0x1003, 0x1003, 0x1003, 0x1003, 0x1803, 0x1803, 0x1803, 0x1823, 0x1823, 
  0x1823, 0x1823, 0x1823, 0x1823, 0x1823, 0x1823, 0x1823, 0x1824, 0x1824, 0x1844, 0x1844, 0x1844, 
  0x1844, 0x2044, 0x2044, 0x2044, 0x2044, 0x2044, 0x2044, 0x2064, 0x2064, 0x2064, 0x2064, 0x2064, 
  0x2064, 0x2064, 0x2064, 0x2064, 0x2064, 0x2064, 0x2064, 0x2064, 0x2044, 0x2044, 0x1844, 0x1823, 
  0x1823, 0x1823, 0x1823, 0x1823, 0x1823, 0x1823, 0x1823, 0x1823, 0x1823, 0x1823, 0x1823, 0x1823, 
  0x1823, 0x1823, 0x1823, 0x1823, 0x1823, 0x1823, 0x1823, 0x1823, 0x1823, 0x1824, 0x1844, 0x2044, 
  0x2065, 0x2085, 0x20a5, 0x28a5, 0x28a5, 0x28a5, 0x28a5, 0x28a5, 0x28a5, 0x28a5, 0x28a5, 0x28a5, 
  0x28a5, 0x28a5, 0x28a5, 0x28a5, 0x28a5, 0x28a5, 0x28a5, 0x28a5, 0x28a5, 0x28a5, 0x28a5, 0x28a5, 
  0x28a5, 0x28a5, 0x28a5, 0x20a5, 0x2085, 0x2085, 0x2085, 0x2085, 0x2085, 0x2085, 0x20a5, 0x28a6, 
  0x30e6, 0x3107, 0x3927, 0x3927, 0x3927, 0x3107, 0x3107, 0x3107, 0x3107, 0x3106, 0x30e6, 0x30e6, 
  0x30e6, 0x30e6, 0x30e6, 0x30e6, 0x30c6, 0x30c6, 0x30c6, 0x30c6, 0x30c6, 0x30c6, 0x30c6, 0x30c6, 
  0x30c6, 0x30c6, 0x30e6, 0x18c3, 0x18c3, 0x18c3, 0x18a3, 0x18a3, 0x18a2, 0x18a2, 0x10a2, 0x1082, 
  0x1082, 0x1082, 0x1082, 0x1082, 0x1082, 0x1082, 0x1082, 0x1082, 0x1082, 0x1061, 0x1061, 0x1061, 
  0x1061, 0x1061, 0x0861, 0x0861, 0x0841, 0x0841, 0x0841, 0x0841, 0x0841, 0x0841, 0x0841, 0x0841, 
  0x0841, 0x0841, 0x0841, 0x0841, 0x0841, 0x0841, 0x0821, 0x0821, 0x0821, 0x0822, 0x0822, 0x1023, 
  0x1824, 0x1825, 0x3028, 0x7934, 0x99da, 0x79d5, 0x59ce, 0x59ed, 0x51ec, 0x49ea, 0x49c9, 0x41c9, 
  0x39c8, 0x39a7, 0x31a7, 0x31a6, 0x31a6, 0x3186, 0x3186, 0x3186, 0x3186, 0x3186, 0x3186, 0x2965, 
  0x18e3, 0x18e3, 0x18e3, 0x10a2, 0x1082, 0x1082, 0x1082, 0x1082, 0x1082, 0x1082, 0x1062, 0x1082, 
  0x1082, 0x1063, 0x2867, 0x1022, 0x0841, 0x0841, 0x0841, 0x0841, 0x0861, 0x0861, 0x0861, 0x0861, 
  0x0861, 0x0861, 0x0861, 0x0861, 0x0861, 0x0861, 0x0861, 0x0861, 0x0861, 0x0861, 0x0861, 0x0861, 
  0x0861, 0x1082, 0x1082, 0x1082, 0x1082, 0x1082, 0x1082, 0x1082, 0x1082, 0x1082, 0x1082, 0x1082, 
  0x10a2, 0x10a2, 0x10a2, 0x10a2, 0x10a2, 0x10a2, 0x18c3, 0x18c3, 0x10a2, 0x0841, 0x0841, 0x5a2b, 
  0x1823, 0x1823, 0x1823, 0x1823, 0x1823, 0x1823, 0x1823, 0x1823, 0x1823, 0x1823, 0x1823, 0x1823, 
  0x1823, 0x1823, 0x1823, 0x1823, 0x1823, 0x1823, 0x1823, 0x1823, 0x1823, 0x1823, 0x1823, 0x1823, 
  0x1823, 0x1823, 0x1823, 0x1823, 0x1823, 0x1823, 0x1003, 0x1003, 0x1003, 0x1003, 0x1003, 0x1003, 
  0x1003, 0x1003, 0x1003, 0x1003, 0x1003, 0x1003, 0x1003, 0x1003, 0x1003, 0x1003, 0x1003, 0x1003, 
  0x1003, 0x1003, 0x1003, 0x1003, 0x1003, 0x1003, 0x1003, 0x1003, 0x1003, 0x1003, 0x1003, 0x1003, 
  0x1003, 0x1003, 0x1003, 0x1803, 0x1803, 0x1803, 0x1823, 0x1823, 0x1823, 0x1823, 0x1823, 0x1823, 
  0x1823, 0x1823, 0x1823, 0x1824, 0x1824, 0x1844, 0x1844, 0x1844, 0x1844, 0x2044, 0x2044, 0x2044, 
  0x2044, 0x2044, 0x2044, 0x2064, 0x2064, 0x2064, 0x2064, 0x2064, 0x2064, 0x2064, 0x2064, 0x2064, 
  0x2064, 0x2064, 0x2064, 0x2064, 0x2044, 0x2044, 0x1844, 0x1823, 0x1823, 0x1823, 0x1823, 0x1823, 
  0x1823, 0x1823, 0x1823, 0x1823, 0x1823, 0x1823, 0x1823, 0x1823, 0x1823, 0x1823, 0x1823, 0x1823, 
  0x1823, 0x1823, 0x1823, 0x1823, 0x1823, 0x1824, 0x1844, 0x2064, 0x2065, 0x2085, 0x28a5, 0x28a5, 
  0x28a5, 0x28a5, 0x28a5, 0x28a5, 0x28a5, 0x28a5, 0x28a5, 0x28a5, 0x28a5, 0x28a5, 0x28a5, 0x28a5, 
  0x28a5, 0x28a5, 0x28a5, 0x28a5, 0x28a5, 0x28a5, 0x28a5, 0x28a5, 0x28a5, 0x28a5, 0x28a5, 0x28a5, 
  0x2085, 0x2085, 0x2085, 0x2085, 0x2085, 0x2085, 0x28a5, 0x28a6, 0x30e6, 0x3107, 0x3927, 0x3927, 
  0x3927, 0x3907, 0x3107, 0x3107, 0x3107, 0x3106, 0x30e6, 0x30e6, 0x30e6, 0x30e6, 0x30e6, 0x30e6, 
  0x30c6, 0x30c6, 0x30c6, 0x30c6, 0x30c6, 0x30c6, 0x30c6, 0x30c6, 0x30c6, 0x30c6, 0x3907, 0x18c3, 
  0x18c3, 0x18c3, 0x18a3, 0x18a3, 0x18a2, 0x10a2, 0x10a2, 0x1082, 0x1082, 0x1082, 0x1082, 0x1082, 
  0x1082, 0x1082, 0x1082, 0x1082, 0x1082, 0x1062, 0x1061, 0x1061, 0x1061, 0x0861, 0x0861, 0x0841, 
  0x0841, 0x0841, 0x0841, 0x0841, 0x0841, 0x0841, 0x0841, 0x0841, 0x0841, 0x0841, 0x0841, 0x0841, 
  0x0841, 0x0841, 0x0821, 0x0821, 0x0822, 0x1022, 0x1023, 0x1824, 0x1825, 0x404c, 0x8938, 0x91b8, 
  0x69d0, 0x520c, 0x520b, 0x51eb, 0x49ea, 0x41c9, 0x41c8, 0x39c7, 0x39c7, 0x39c7, 0x31a6, 0x31a6, 
  0x31a6, 0x3186, 0x3186, 0x3186, 0x3186, 0x3186, 0x2965, 0x2965, 0x18e3, 0x18e3, 0x18c3, 0x1082, 
  0x1082, 0x1082, 0x1082, 0x1082, 0x1082, 0x1082, 0x1062, 0x1082, 0x1082, 0x1082, 0x1843, 0x2867, 
  0x1022, 0x0841, 0x0841, 0x0861, 0x0861, 0x0861, 0x0861, 0x0861, 0x0861, 0x0861, 0x0861, 0x0861, 
  0x0861, 0x0861, 0x0861, 0x0861, 0x0861, 0x0861, 0x0861, 0x0861, 0x1082, 0x1082, 0x1082, 0x1082, 
  0x1082, 0x1082, 0x1082, 0x1082, 0x1082, 0x1082, 0x1082, 0x10a2, 0x10a2, 0x10a2, 0x10a2, 0x10a2, 
  0x10a2, 0x10a2, 0x10a2, 0x10a2, 0x1082, 0x0841, 0x0841, 0x520b, 0x1823, 0x1823, 0x1823, 0x1823, 
  0x1823, 0x1823, 0x1823, 0x1823, 0x1823, 0x1823, 0x1823, 0x1823, 0x1823, 0x1823, 0x1823, 0x1823, 
  0x1823, 0x1823, 0x1823, 0x1823, 0x1823, 0x1823, 0x1823, 0x1823, 0x1823, 0x1823, 0x1823, 0x1823, 
  0x1823, 0x1823, 0x1003, 0x1003, 0x1003, 0x1003, 0x1003, 0x1003, 0x1003, 0x1003, 0x1003, 0x1003, 
  0x1003, 0x1003, 0x1003, 0x1003, 0x1003, 0x1003, 0x1003, 0x1003, 0x1003, 0x1003, 0x1003, 0x1003, 
  0x1003, 0x1003, 0x1003, 0x1003, 0x1003, 0x1003, 0x1003, 0x1003, 0x1003, 0x1003, 0x1003, 0x1803, 
  0x1803, 0x1803, 0x1823, 0x1823, 0x1823, 0x1823, 0x1823, 0x1823, 0x1823, 0x1823, 0x1823, 0x1824, 
  0x1824, 0x1844, 0x1844, 0x1844, 0x1844, 0x2044, 0x2044, 0x2044, 0x2044, 0x2044, 0x2044, 0x2064, 
  0x2064, 0x2064, 0x2064, 0x2064, 0x2064, 0x2064, 0x2064, 0x2064, 0x2064, 0x2064, 0x2064, 0x2064, 
  0x2044, 0x2044, 0x1844, 0x1823, 0x1823, 0x1823, 0x1823, 0x1823, 0x1823, 0x1823, 0x1823, 0x1823, 
  0x1823, 0x1823, 0x1823, 0x1823, 0x1823, 0x1823, 0x1823, 0x1823, 0x1823, 0x1823, 0x1823, 0x1823, 
  0x1823, 0x1824, 0x1844, 0x2064, 0x2065, 0x2085, 0x28a5, 0x28a5, 0x28a5, 0x28a5, 0x28a5, 0x28a5, 
  0x28a5, 0x28a5, 0x28a5, 0x28a5, 0x28a5, 0x28a5, 0x28a5, 0x28a5, 0x28a5, 0x28a5, 0x28a5, 0x28a5, 
  0x28a5, 0x28a5, 0x28a5, 0x28a5, 0x28a5, 0x28a5, 0x28a5, 0x28a5, 0x2085, 0x2085, 0x2085, 0x2085, 
  0x2085, 0x2085, 0x28a5, 0x28a6, 0x30e6, 0x3107, 0x3927, 0x3927, 0x3927, 0x3907, 0x3107, 0x3107, 
  0x3107, 0x3106, 0x30e6, 0x30e6, 0x30e6, 0x30e6, 0x30e6, 0x30e6, 0x30c6, 0x30c6, 0x30c6, 0x30c6, 
  0x30c6, 0x30c6, 0x30c6, 0x30c6, 0x30c6, 0x30c6, 0x3948, 0x18c3, 0x18c3, 0x18a3, 0x18a3, 0x18a2, 
  0x10a2, 0x10a2, 0x1082, 0x1082, 0x1082, 0x1082, 0x1082, 0x1082, 0x1082, 0x1082, 0x1082, 0x1082, 
  0x1062, 0x1061, 0x1061, 0x1061, 0x1061, 0x0861, 0x0861, 0x0861, 0x0841, 0x0841, 0x0841, 0x0841, 
  0x0841, 0x0841, 0x0841, 0x0841, 0x0841, 0x0841, 0x0841, 0x0841, 0x0841, 0x0821, 0x0841, 0x0822, 
  0x1022, 0x1023, 0x1023, 0x2006, 0x6090, 0x9139, 0x79b5, 0x59ee, 0x520c, 0x49eb, 0x49ea, 0x41e9, 
  0x41e8, 0x39c8, 0x39c7, 0x39c7, 0x39c7, 0x31a6, 0x31a6, 0x31a6, 0x31a6, 0x3186, 0x3186, 0x3186, 
  0x3186, 0x2965, 0x2965, 0x2965, 0x18e3, 0x18e3, 0x1082, 0x1082, 0x1082, 0x1082, 0x1082, 0x1082, 
  0x1082, 0x1082, 0x1082, 0x1082, 0x1082, 0x1082, 0x1062, 0x2065, 0x2046, 0x0842, 0x0841, 0x0861, 
  0x0861, 0x0841, 0x0841, 0x0861, 0x0861, 0x0861, 0x0861, 0x0861, 0x0861, 0x0861, 0x0861, 0x0861, 
  0x0861, 0x0861, 0x1061, 0x1082, 0x1082, 0x1082, 0x1082, 0x1082, 0x1082, 0x1082, 0x1082, 0x1082, 
  0x1082, 0x1082, 0x1082, 0x10a2, 0x10a2, 0x10a2, 0x10a2, 0x10a2, 0x10a2, 0x10a2, 0x10a2, 0x18c3, 
  0x1082, 0x0841, 0x0841, 0x51ea, 0x1823, 0x1823, 0x1823, 0x1823, 0x1823, 0x1823, 0x1823, 0x1823, 
  0x1823, 0x1823, 0x1823, 0x1823, 0x1823, 0x1823, 0x1823, 0x1823, 0x1823, 0x1823, 0x1823, 0x1823, 
  0x1823, 0x1823, 0x1823, 0x1823, 0x1823, 0x1823, 0x1823, 0x1823, 0x1823, 0x1823, 0x1003, 0x1003, 
  0x1003, 0x1003, 0x1003, 0x1003, 0x1003, 0x1003, 0x1003, 0x1003, 0x1003, 0x1003, 0x1003, 0x1003, 
  0x1003, 0x1003, 0x1003, 0x1003, 0x1003, 0x1003, 0x1003, 0x1003, 0x1003, 0x1003, 0x1003, 0x1003, 
  0x1003, 0x1003, 0x1003, 0x1003, 0x1003, 0x1003, 0x1003, 0x1803, 0x1803, 0x1803, 0x1823, 0x1823, 
  0x1823, 0x1823, 0x1823, 0x1823, 0x1823, 0x1823, 0x1823, 0x1824, 0x1824, 0x1844, 0x1844, 0x1844, 
  0x1844, 0x2044, 0x2044, 0x2044, 0x2044, 0x2044, 0x2044, 0x2064, 0x2064, 0x2064, 0x2064, 0x2064, 
  0x2064, 0x2064, 0x2064, 0x2064, 0x2064, 0x2064, 0x2064, 0x2064, 0x2044, 0x2044, 0x1844, 0x1823, 
  0x1823, 0x1823, 0x1823, 0x1823, 0x1823, 0x1823, 0x1823, 0x1823, 0x1823, 0x1823, 0x1823, 0x1823, 
  0x1823, 0x1823, 0x1823, 0x1823, 0x1823, 0x1823, 0x1823, 0x1823, 0x1823, 0x1823, 0x1844, 0x2044, 
  0x2064, 0x2085, 0x28a5, 0x28a5, 0x28a5, 0x28a5, 0x28a5, 0x28a5, 0x28a5, 0x28a5, 0x28a5, 0x28a5, 
  0x28a5, 0x28a5, 0x28a5, 0x28a5, 0x28a5, 0x28a5, 0x28a5, 0x28a5, 0x28a5, 0x28a5, 0x28a5, 0x28a5, 
  0x28a5, 0x28a5, 0x28a5, 0x28a5, 0x2085, 0x2085, 0x2085, 0x2085, 0x2085, 0x2085, 0x2085, 0x28a5, 
  0x30e6, 0x3107, 0x3927, 0x3927, 0x3927, 0x3907, 0x3107, 0x3107, 0x3107, 0x3106, 0x30e6, 0x30e6, 
  0x30e6, 0x30e6, 0x30e6, 0x30e6, 0x30c6, 0x30c6, 0x30c6, 0x30c6, 0x30c6, 0x30c6, 0x30c6, 0x30c6, 
  0x30c6, 0x30c6, 0x4169, 0x18c3, 0x18a3, 0x18a3, 0x18a3, 0x18a2, 0x10a2, 0x1082, 0x1082, 0x1082, 
  0x1082, 0x1082, 0x1082, 0x1082, 0x1082, 0x1082, 0x1082, 0x1062, 0x1062, 0x1061, 0x1061, 0x1061, 
  0x1061, 0x1061, 0x0861, 0x0861, 0x0841, 0x0841, 0x0841, 0x0841, 0x0841, 0x0841, 0x0841, 0x0841, 
  0x0841, 0x0841, 0x0841, 0x0841, 0x0821, 0x0821, 0x0822, 0x0822, 0x1022, 0x1024, 0x3028, 0x78b5, 
  0x8939, 0x69b1, 0x59ec, 0x520b, 0x4a0a, 0x49ea, 0x41e9, 0x41e8, 0x39c8, 0x39c7, 0x39c7, 0x39c7, 
  0x31a6, 0x31a6, 0x31a6, 0x31a6, 0x3186, 0x3186, 0x3186, 0x3186, 0x3186, 0x2965, 0x2965, 0x2965, 
  0x18e3, 0x1082, 0x1082, 0x1082, 0x1082, 0x1082, 0x1082, 0x1082, 0x1082, 0x1082, 0x1082, 0x1082, 
  0x1082, 0x1062, 0x1062, 0x1062, 0x2867, 0x2025, 0x1042, 0x0861, 0x0842, 0x0841, 0x0841, 0x0861, 
  0x0861, 0x0861, 0x0861, 0x0861, 0x0841, 0x0841, 0x1041, 0x1041, 0x0861, 0x0861, 0x1061, 0x1082, 
  0x1082, 0x1082, 0x1082, 0x1082, 0x1082, 0x1082, 0x1082, 0x1082, 0x1082, 0x1082, 0x1082, 0x10a2, 
  0x10a2, 0x10a2, 0x10a2, 0x10a2, 0x10a2, 0x10a2, 0x18c3, 0x18c3, 0x0861, 0x0841, 0x0841, 0x51ea, 
  0x1823, 0x1823, 0x1823, 0x1823, 0x1823, 0x1823, 0x1823, 0x1823, 0x1823, 0x1823, 0x1823, 0x1823, 
  0x1823, 0x1823, 0x1823, 0x1823, 0x1823, 0x1823, 0x1823, 0x1823, 0x1823, 0x1823, 0x1823, 0x1823, 
  0x1823, 0x1823, 0x1823, 0x1823, 0x1823, 0x1003, 0x1003, 0x1003, 0x1003, 0x1003, 0x1003, 0x1003, 
  0x1003, 0x1003, 0x1003, 0x1003, 0x1003, 0x1003, 0x1003, 0x1003, 0x1003, 0x1003, 0x1003, 0x1003, 
  0x1003, 0x1003, 0x1003, 0x1003, 0x1003, 0x1003, 0x1003, 0x1003, 0x1003, 0x1003, 0x1003, 0x1003, 
  0x1003, 0x1003, 0x1803, 0x1803, 0x1803, 0x1823, 0x1823, 0x1823, 0x1823, 0x1823, 0x1823, 0x1823, 
  0x1823, 0x1823, 0x1823, 0x1824, 0x1824, 0x1844, 0x1844, 0x1844, 0x1844, 0x2044, 0x2044, 0x2044, 
  0x2044, 0x2044, 0x2064, 0x2064, 0x2064, 0x2064, 0x2064, 0x2064, 0x2064, 0x2064, 0x2064, 0x2064, 
  0x2064, 0x2064, 0x2064, 0x2064, 0x2064, 0x2044, 0x1844, 0x1824, 0x1823, 0x1823, 0x1823, 0x1823, 
  0x1823, 0x1823, 0x1823, 0x1823, 0x1823, 0x1823, 0x1823, 0x1823, 0x1823, 0x1823, 0x1823, 0x1823, 
  0x1823, 0x1823, 0x1823, 0x1823, 0x1823, 0x1823, 0x1824, 0x1844, 0x2064, 0x2085, 0x2085, 0x28a5, 
  0x28a5, 0x28a5, 0x28a5, 0x28a5, 0x28a5, 0x28a5, 0x28a5, 0x28a5, 0x28a5, 0x28a5, 0x28a5, 0x28a5, 
  0x28a5, 0x28a5, 0x28a5, 0x28a5, 0x28a5, 0x28a5, 0x28a5, 0x28a5, 0x28a5, 0x28a5, 0x28a5, 0x2085, 
  0x2085, 0x2085, 0x2085, 0x2085, 0x2085, 0x2085, 0x2085, 0x28a5, 0x30e6, 0x3107, 0x3927, 0x3927, 
  0x3927, 0x3107, 0x3107, 0x3107, 0x3107, 0x30e6, 0x30e6, 0x30e6, 0x30e6, 0x30e6, 0x30e6, 0x30e6, 
  0x30c6, 0x30c6, 0x30c6, 0x30c6, 0x30c6, 0x30c6, 0x30c6, 0x30c6, 0x30c6, 0x30c6, 0x49a9, 0x18a3, 
  0x18a2, 0x18a3, 0x18a2, 0x10a2, 0x1082, 0x1082, 0x1082, 0x1082, 0x1082, 0x1082, 0x1082, 0x1082, 
  0x1082, 0x1082, 0x1082, 0x1062, 0x1061, 0x1061, 0x1061, 0x1061, 0x1061, 0x0861, 0x0861, 0x0861, 
  0x0841, 0x0841, 0x0841, 0x0841, 0x0841, 0x0841, 0x0841, 0x0841, 0x0841, 0x0841, 0x0841, 0x0821, 
  0x0821, 0x0821, 0x1022, 0x0823, 0x1004, 0x484d, 0x80b8, 0x7936, 0x61ee, 0x520b, 0x4a0b, 0x4a0a, 
  0x49e9, 0x41e9, 0x41e8, 0x39e8, 0x39c7, 0x39c7, 0x39c7, 0x39c7, 0x31a6, 0x31a6, 0x31a6, 0x3186, 
  0x3186, 0x3186, 0x3186, 0x3186, 0x3186, 0x2965, 0x2965, 0x2945, 0x10a2, 0x1082, 0x1082, 0x1082, 
  0x1082, 0x1082, 0x1082, 0x1082, 0x1082, 0x1082, 0x1082, 0x1082, 0x1082, 0x1062, 0x1082, 0x1063, 
  0x1843, 0x3069, 0x1824, 0x1062, 0x1042, 0x1062, 0x1042, 0x0861, 0x0861, 0x0861, 0x0861, 0x0861, 
  0x0861, 0x0861, 0x0861, 0x0861, 0x0861, 0x1061, 0x1061, 0x1082, 0x1082, 0x1082, 0x1082, 0x1082, 
  0x1082, 0x1082, 0x1082, 0x1082, 0x1082, 0x1082, 0x1082, 0x10a2, 0x10a2, 0x10a2, 0x10a2, 0x10a2, 
  0x10a2, 0x10a2, 0x18c3, 0x18c3, 0x0841, 0x0841, 0x0841, 0x49ca, 0x1823, 0x1823, 0x1823, 0x1823, 
  0x1823, 0x1823, 0x1823, 0x1823, 0x1823, 0x1823, 0x1823, 0x1823, 0x1823, 0x1823, 0x1823, 0x1823, 
  0x1823, 0x1823, 0x1823, 0x1823, 0x1823, 0x1823, 0x1823, 0x1823, 0x1823, 0x1823, 0x1823, 0x1823, 
  0x1823, 0x1003, 0x1003, 0x1003, 0x1003, 0x1003, 0x1003, 0x1003, 0x1003, 0x1003, 0x1003, 0x1003, 
  0x1003, 0x1003, 0x1003, 0x1003, 0x1003, 0x1003, 0x1003, 0x1003, 0x1003, 0x1003, 0x1003, 0x1003, 
  0x1003, 0x1003, 0x1003, 0x1003, 0x1003, 0x1003, 0x1003, 0x1003, 0x1003, 0x1003, 0x1803, 0x1803, 
  0x1803, 0x1823, 0x1823, 0x520a, 0x9c93, 0xc618, 0xc618, 0x9c93, 0x3127, 0x1823, 0x1823, 0x1824, 
  0x1844, 0x1844, 0x1844, 0x1844, 0x2044, 0x2044, 0x2044, 0x2044, 0x2044, 0x2044, 0x2064, 0x2064, 
  0x2064, 0x2064, 0x2064, 0x2064, 0x2064, 0x2064, 0x2064, 0x2064, 0x2064, 0x2064, 0x2064, 0x2064, 
  0x2064, 0x2044, 0x1844, 0x1824, 0x1823, 0x1823, 0x1823, 0x1823, 0x1823, 0x1823, 0x1823, 0x1823, 
  0x1823, 0x1823, 0x1823, 0x1823, 0x1823, 0x1823, 0x1823, 0x1823, 0x1823, 0x1823, 0x1823, 0x1823, 
  0x1823, 0x1823, 0x1823, 0x1844, 0x2064, 0x2064, 0x2085, 0x28a5, 0x28a5, 0x28a5, 0x28a5, 0x28a5, 
  0x28a5, 0x28a5, 0x28a5, 0x28a5, 0x28a5, 0x28a5, 0x28a5, 0x28a5, 0x28a5, 0x28a5, 0x28a5, 0x28a5, 
  0x28a5, 0x28a5, 0x28a5, 0x28a5, 0x28a5, 0x28a5, 0x28a5, 0x2085, 0x2085, 0x2085, 0x2085, 0x2085, 
  0x2085, 0x2085, 0x2085, 0x28a5, 0x28c6, 0x3107, 0x3927, 0x3927, 0x3927, 0x3107, 0x3107, 0x3107, 
  0x3107, 0x30e6, 0x30e6, 0x30e6, 0x30e6, 0x30e6, 0x30e6, 0x30e6, 0x30c6, 0x30c6, 0x30c6, 0x30c6, 
  0x30c6, 0x30c6, 0x30c6, 0x30c6, 0x30c6, 0x30c6, 0x51ca, 0x18a2, 0x18a2, 0x18a2, 0x18a2, 0x10a2, 
  0x1082, 0x1082, 0x1082, 0x1082, 0x1082, 0x1082, 0x1082, 0x1082, 0x1082, 0x1082, 0x1062, 0x1061, 
  0x1061, 0x1061, 0x1061, 0x1061, 0x1061, 0x0861, 0x0861, 0x0861, 0x0841, 0x0841, 0x0841, 0x0841, 
  0x0841, 0x0841, 0x0841, 0x0841, 0x0841, 0x0841, 0x0841, 0x0821, 0x0822, 0x0822, 0x0842, 0x2026, 
  0x6071, 0x88b9, 0x7173, 0x520b, 0x520b, 0x4a0a, 0x4a09, 0x4209, 0x4208, 0x41e8, 0x39e7, 0x39e7, 
  0x39c7, 0x39c7, 0x39c7, 0x31a6, 0x31a6, 0x31a6, 0x31a6, 0x3186, 0x3186, 0x3186, 0x3186, 0x3186, 
  0x2965, 0x2965, 0x2965, 0x2945, 0x1082, 0x1082, 0x1082, 0x1082, 0x1082, 0x1082, 0x1082, 0x1082, 
  0x1082, 0x1082, 0x1082, 0x1082, 0x1082, 0x1082, 0x1062, 0x1062, 0x1062, 0x2046, 0x3869, 0x1043, 
  0x1062, 0x1042, 0x1042, 0x0861, 0x0861, 0x0861, 0x0861, 0x1041, 0x0861, 0x0861, 0x0861, 0x0861, 
  0x1082, 0x1082, 0x1082, 0x1082, 0x1082, 0x1082, 0x1082, 0x1082, 0x1082, 0x1082, 0x1082, 0x1082, 
  0x1082, 0x1082, 0x10a2, 0x10a2, 0x10a2, 0x10a2, 0x10a2, 0x10a2, 0x10a2, 0x18c3, 0x18c3, 0x18c3, 
  0x0841, 0x0841, 0x0841, 0x49a9, 0x1823, 0x1823, 0x1823, 0x1823, 0x1823, 0x1823, 0x1823, 0x1823, 
  0x1823, 0x1823, 0x1823, 0x1823, 0x1823, 0x1823, 0x1823, 0x1823, 0x1823, 0x1823, 0x1823, 0x1823, 
  0x1823, 0x1823, 0x1823, 0x1823, 0x1823, 0x1823, 0x1823, 0x1823, 0x1823, 0x1003, 0x1003, 0x1003, 
  0x1003, 0x1003, 0x1003, 0x1003, 0x1003, 0x1003, 0x1003, 0x1003, 0x1003, 0x1003, 0x1003, 0x1003, 
  0x1003, 0x1003, 0x1003, 0x1003, 0x1003, 0x1003, 0x1003, 0x1003, 0x1003, 0x1003, 0x1003, 0x1003, 
  0x1003, 0x1003, 0x1003, 0x1003, 0x1003, 0x1803, 0x1803, 0x1803, 0x1823, 0x20a5, 0xc618, 0xffff, 
  0xf77e, 0xe71c, 0xe71c, 0xffff, 0xffff, 0x8c11, 0x1824, 0x1824, 0x1844, 0x1844, 0x62ac, 0x8c32, 
  0x28c6, 0x2044, 0x2044, 0x2044, 0x2044, 0x2064, 0x2064, 0x2064, 0x2064, 0x2064, 0x2064, 0x2064, 
  0x2064, 0x2064, 0x2064, 0x2064, 0x2064, 0x9432, 0x62cd, 0x2064, 0x2064, 0x2044, 0x2044, 0x1844, 
  0x1823, 0x1823, 0x1823, 0x1823, 0x1823, 0x1823, 0x1823, 0x1823, 0x1823, 0x1823, 0x1823, 0x1823, 
  0x1823, 0x1823, 0x1823, 0x1823, 0x1823, 0x1823, 0x1823, 0x1823, 0x1823, 0x1823, 0x1823, 0x1824, 
  0x1844, 0x2064, 0x2085, 0x2085, 0x28a5, 0x28a5, 0x28a5, 0x28a5, 0x28a5, 0x28a5, 0x28a5, 0x28a5, 
  0x28a5, 0x28a5, 0x28a5, 0x28a5, 0x28a5, 0x28a5, 0x28a5, 0x28a5, 0x28a5, 0x28a5, 0x28a5, 0x28a5, 
  0x28a5, 0x28a5, 0x28a5, 0x2085, 0x2085, 0x2085, 0x2085, 0x2085, 0x2085, 0x2085, 0x2085, 0x28a5, 
  0x28c6, 0x30e6, 0x3107, 0x3927, 0x3927, 0x3107, 0x3107, 0x3107, 0x3106, 0x30e6, 0x30e6, 0x30e6, 
  0x30e6, 0x30e6, 0x30e6, 0x30c6, 0x30c6, 0x30c6, 0x30c6, 0x30c6, 0x30c6, 0x30c6, 0x30c6, 0x30c6, 
  0x30c6, 0x30c6, 0x51ea, 0x10a2, 0x18a2, 0x18a2, 0x10a2, 0x1082, 0x1082, 0x1082, 0x1082, 0x1082, 
  0x1082, 0x1082, 0x1082, 0x1082, 0x1082, 0x1062, 0x1061, 0x1061, 0x1061, 0x1061, 0x1061, 0x1061, 
  0x0861, 0x0861, 0x0861, 0x0841, 0x0841, 0x0841, 0x0841, 0x0841, 0x0841, 0x0841, 0x0841, 0x0841, 
  0x0821, 0x0841, 0x0841, 0x0822, 0x1022, 0x1022, 0x382a, 0x7877, 0x80b7, 0x61cf, 0x4a0b, 0x522a, 
  0x4a29, 0x4a09, 0x4209, 0x4208, 0x4208, 0x39e7, 0x39e7, 0x39c7, 0x39c7, 0x39c7, 0x39c7, 0x31a6, 
  0x31a6, 0x31a6, 0x3186, 0x3186, 0x3186, 0x3186, 0x3186, 0x2965, 0x2965, 0x2965, 0x2945, 0x2945, 
  0x1082, 0x1082, 0x1082, 0x1082, 0x1082, 0x1082, 0x1082, 0x1082, 0x1082, 0x1082, 0x1082, 0x1082, 
  0x1082, 0x1082, 0x1082, 0x1062, 0x1063, 0x1864, 0x3048, 0x3049, 0x1844, 0x1063, 0x1063, 0x1062, 
  0x1062, 0x0861, 0x0861, 0x0861, 0x0861, 0x0861, 0x0861, 0x1082, 0x1082, 0x1082, 0x1082, 0x1082, 
  0x1082, 0x1082, 0x1082, 0x1082, 0x1082, 0x1082, 0x1082, 0x1082, 0x1082, 0x1082, 0x10a2, 0x10a2, 
  0x10a2, 0x10a2, 0x10a2, 0x10a2, 0x10a2, 0x18c3, 0x18c3, 0x10a2, 0x0841, 0x0841, 0x0020, 0x4189, 
  0x1823, 0x1823, 0x1823, 0x1823, 0x1823, 0x1823, 0x1823, 0x1823, 0x1823, 0x1823, 0x1823, 0x1823, 
  0x1823, 0x1823, 0x1823, 0x1823, 0x1823, 0x1823, 0x1823, 0x1823, 0x1823, 0x1823, 0x1823, 0x1823, 
  0x1823, 0x1823, 0x1823, 0x1823, 0x1003, 0x1003, 0x1003, 0x1003, 0x1003, 0x1003, 0x1003, 0x1003, 
  0x1003, 0x1003, 0x1003, 0x1003, 0x1003, 0x1003, 0x1003, 0x1003, 0x1003, 0x1003, 0x1003, 0x1003, 
  0x1003, 0x1003, 0x1003, 0x1003, 0x1003, 0x1003, 0x1003, 0x1003, 0x1003, 0x1003, 0x1003, 0x1003, 
  0x1803, 0x1803, 0x1823, 0x1823, 0x1823, 0x9c93, 0xffff, 0x9c93, 0x28a5, 0x1823, 0x1823, 0x3927, 
  0xd69a, 0xffff, 0x732e, 0x1844, 0x1844, 0x1844, 0xad15, 0xffff, 0x3947, 0x2044, 0x2044, 0x2044, 
  0x2064, 0x2064, 0x2064, 0x2064, 0x2064, 0x2064, 0x2064, 0x2064, 0x2064, 0x2064, 0x2064, 0x2064, 
  0x2064, 0xffff, 0xad35, 0x2064, 0x2064, 0x2064, 0x2044, 0x1844, 0x1824, 0x1823, 0x1823, 0x1823, 
  0x1823, 0x1823, 0x1823, 0x1823, 0x1823, 0x1823, 0x1823, 0x1823, 0x1823, 0x1823, 0x1823, 0x1823, 
  0x1823, 0x1823, 0x1823, 0x1823, 0x1823, 0x1823, 0x1823, 0x1823, 0x1844, 0x2044, 0x2064, 0x2085, 
  0x2085, 0x28a5, 0x28a5, 0x28a5, 0x28a5, 0x28a5, 0x28a5, 0x28a5, 0x28a5, 0x28a5, 0x28a5, 0x28a5, 
  0x28a5, 0x28a5, 0x28a5, 0x28a5, 0x28a5, 0x28a5, 0x28a5, 0x28a5, 0x28a5, 0x28a5, 0x2085, 0x2085, 
  0x2085, 0x2085, 0x2085, 0x2085, 0x2085, 0x2085, 0x2085, 0x28a5, 0x28c6, 0x30e6, 0x3107, 0x3927, 
  0x3927, 0x3107, 0x3107, 0x3107, 0x30e6, 0x30e6, 0x30e6, 0x30e6, 0x30e6, 0x30e6, 0x30e6, 0x30c6, 
  0x30c6, 0x30c6, 0x30c6, 0x30c6, 0x30c6, 0x30c6, 0x30c6, 0x30c6, 0x30c6, 0x30c6, 0x520b, 0x10a2, 
  0x10a2, 0x18a2, 0x10a2, 0x10a2, 0x1082, 0x1082, 0x1082, 0x1082, 0x1082, 0x1082, 0x1082, 0x1082, 
  0x1082, 0x1062, 0x1061, 0x1061, 0x1061, 0x1061, 0x1061, 0x1061, 0x0861, 0x0841, 0x0861, 0x0841, 
  0x0841, 0x0841, 0x0841, 0x0841, 0x0841, 0x0841, 0x0841, 0x0841, 0x0841, 0x0841, 0x0821, 0x1021, 
  0x1805, 0x502e, 0x8078, 0x7114, 0x5a0c, 0x522a, 0x4a2a, 0x4a29, 0x4a09, 0x4208, 0x4208, 0x41e7, 
  0x39e7, 0x39e7, 0x39c7, 0x39c7, 0x39c7, 0x39c7, 0x31a6, 0x31a6, 0x31a6, 0x3186, 0x3186, 0x3186, 
  0x3186, 0x3186, 0x3186, 0x2965, 0x2965, 0x2965, 0x2945, 0x2124, 0x1082, 0x1082, 0x1082, 0x1082, 
  0x1082, 0x1082, 0x1082, 0x1082, 0x1082, 0x1082, 0x1082, 0x1082, 0x1082, 0x1082, 0x1082, 0x1062, 
  0x1063, 0x1063, 0x2064, 0x402c, 0x2846, 0x1844, 0x1044, 0x1063, 0x1062, 0x1062, 0x1061, 0x0861, 
  0x0861, 0x0861, 0x0861, 0x1082, 0x1082, 0x1082, 0x1082, 0x1082, 0x1082, 0x1082, 0x1082, 0x1082, 
  0x1082, 0x1082, 0x1082, 0x1082, 0x1082, 0x1082, 0x10a2, 0x10a2, 0x10a2, 0x10a2, 0x10a2, 0x10a2, 
  0x18c3, 0x18c3, 0x18c3, 0x1082, 0x0841, 0x0841, 0x0020, 0x4189, 0x1823, 0x1823, 0x1823, 0x1823, 
  0x1823, 0x1823, 0x1823, 0x1823, 0x1823, 0x1823, 0x1823, 0x1823, 0x1823, 0x1823, 0x1823, 0x1823, 
  0x1823, 0x1823, 0x1823, 0x1823, 0x1823, 0x1823, 0x1823, 0x1823, 0x1823, 0x1823, 0x1823, 0x1003, 
  0x1003, 0x1003, 0x1003, 0x1003, 0x1003, 0x1003, 0x1003, 0x1003, 0x1003, 0x1003, 0x1003, 0x1003, 
  0x1003, 0x1003, 0x1003, 0x1003, 0x1003, 0x1003, 0x1003, 0x1003, 0x1003, 0x1003, 0x1003, 0x1003, 
  0x1003, 0x1003, 0x1003, 0x1003, 0x1003, 0x1003, 0x1003, 0x1803, 0x1823, 0x1823, 0x1823, 0x1823, 
  0x1823, 0xffff, 0xc618, 0x1823, 0x1823, 0x1823, 0x1823, 0x1823, 0x28a5, 0xf77e, 0xc618, 0x1844, 
  0x1844, 0x1844, 0xad15, 0xffff, 0x3947, 0x2044, 0x2044, 0x2064, 0x2064, 0x2064, 0x2064, 0x2064, 
  0x2064, 0x2064, 0x2064, 0x2064, 0x2064, 0x2064, 0x2064, 0x2064, 0x2064, 0xffff, 0xad35, 0x2064, 
  0x2064, 0x2064, 0x2044, 0x2044, 0x1844, 0x1823, 0x1823, 0x1823, 0x1823, 0x1823, 0x1823, 0x1823, 
  0x1823, 0x1823, 0x1823, 0x1823, 0x1823, 0x1823, 0x1823, 0x1823, 0x1823, 0x1823, 0x1823, 0x1823, 
  0x1823, 0x1823, 0x1823, 0x1823, 0x1823, 0x1844, 0x2044, 0x2064, 0x2085, 0x28a5, 0x28a5, 0x28a5, 
  0x28a5, 0x28a5, 0x28a5, 0x28a5, 0x28a5, 0x28a5, 0x28a5, 0x28a5, 0x28a5, 0x28a5, 0x28a5, 0x28a5, 
  0x28a5, 0x28a5, 0x28a5, 0x28a5, 0x28a5, 0x2085, 0x2085, 0x2085, 0x2085, 0x2085, 0x2085, 0x2085, 
  0x2085, 0x2085, 0x2085, 0x28a5, 0x28a5, 0x30e6, 0x3107, 0x3107, 0x3907, 0x3107, 0x3107, 0x30e6, 
  0x30e6, 0x30e6, 0x30e6, 0x30e6, 0x30e6, 0x30e6, 0x30c6, 0x30c6, 0x30c6, 0x30c6, 0x30c6, 0x30c6, 
  0x30c6, 0x30c6, 0x30c6, 0x30c6, 0x30c6, 0x30c6, 0x5a2b, 0x1082, 0x1082, 0x10a2, 0x1082, 0x1082, 
  0x1082, 0x1082, 0x1082, 0x1082, 0x1082, 0x1082, 0x1082, 0x1062, 0x1062, 0x1061, 0x1061, 0x1061, 
  0x1061, 0x1061, 0x1061, 0x0861, 0x0861, 0x0861, 0x0841, 0x0841, 0x0841, 0x0841, 0x0841, 0x0841, 
  0x0841, 0x0841, 0x0841, 0x0841, 0x0841, 0x1041, 0x0822, 0x2026, 0x6833, 0x8058, 0x6171, 0x524b, 
  0x4a2a, 0x4a2a, 0x4a49, 0x4a09, 0x4208, 0x4208, 0x4208, 0x39e7, 0x39e7, 0x39e7, 0x39c7, 0x39c7, 
  0x39c7, 0x31a6, 0x31a6, 0x31a6, 0x31a6, 0x3186, 0x3186, 0x3186, 0x3186, 0x3186, 0x2965, 0x2965, 
  0x2965, 0x2945, 0x2124, 0x2104, 0x1082, 0x1082, 0x1082, 0x1082, 0x1082, 0x1082, 0x1082, 0x1082, 
  0x1082, 0x1082, 0x1082, 0x1082, 0x1082, 0x0881, 0x1082, 0x1062, 0x1062, 0x1864, 0x2064, 0x2047, 
  0x506d, 0x2847, 0x2045, 0x1864, 0x1863, 0x1062, 0x1062, 0x1062, 0x1082, 0x1062, 0x1082, 0x1082, 
  0x1082, 0x1082, 0x1082, 0x1082, 0x1082, 0x1082, 0x1082, 0x1082, 0x1082, 0x1082, 0x1082, 0x1082, 
  0x1082, 0x10a2, 0x10a2, 0x10a2, 0x10a2, 0x10a2, 0x10a2, 0x10a2, 0x18c3, 0x18c3, 0x18c3, 0x1082, 
  0x0841, 0x0841, 0x0020, 0x4168, 0x1823, 0x1823, 0x1823, 0x1823, 0x1823, 0x1823, 0x1823, 0x1823, 
  0x1823, 0x1823, 0x1823, 0x1823, 0x1823, 0x1823, 0x1823, 0x1823, 0x1823, 0x1823, 0x1823, 0x1823, 
  0x1823, 0x1823, 0x1823, 0x1823, 0x1823, 0x1823, 0x1003, 0x1003, 0x1003, 0x1003, 0x1003, 0x1003, 
  0x1003, 0x1003, 0x1003, 0x1003, 0x1003, 0x1003, 0x1003, 0x1003, 0x1003, 0x1003, 0x1003, 0x1003, 
  0x1003, 0x1003, 0x1003, 0x1003, 0x1003, 0x1003, 0x1003, 0x1003, 0x1003, 0x1003, 0x1003, 0x1003, 
  0x1003, 0x1003, 0x1003, 0x1823, 0x1823, 0x1823, 0x1823, 0x1823, 0x28a5, 0xffff, 0xad15, 0x1823, 
  0x1823, 0x1823, 0x1823, 0x1823, 0x1823, 0x3927, 0x3927, 0x1844, 0x522b, 0xe71c, 0xf79e, 0xffff, 
  0xe71c, 0xe71c, 0x62cd, 0x2064, 0x2064, 0x2064, 0x83b0, 0xe71c, 0xffff, 0xffff, 0xe71c, 0x9432, 
  0x2064, 0x2064, 0x2064, 0x9cb4, 0xe71c, 0xffff, 0xf79e, 0xe71c, 0xe71c, 0x2064, 0x2064, 0x83b0, 
  0xe71c, 0x3927, 0x1823, 0x1823, 0x1823, 0x1823, 0x9c93, 0xe71c, 0x1823, 0x1823, 0x1823, 0x1823, 
  0x7b90, 0xe71c, 0xffff, 0xffff, 0xd69a, 0x6b0e, 0x1823, 0x1823, 0x1823, 0x1823, 0x1823, 0x1823, 
  0x1823, 0x1823, 0x1844, 0x2044, 0x2064, 0x2085, 0x28a5, 0x28a5, 0x28a5, 0x28a5, 0x28a5, 0x28a5, 
  0x28a5, 0x28a5, 0x28a5, 0x28a5, 0x28a5, 0x28a5, 0x28a5, 0x28a5, 0x28a5, 0x28a5, 0x28a5, 0x28a5, 
  0x28a5, 0x2085, 0x2085, 0x2085, 0x2085, 0x2085, 0x2085, 0x2085, 0x2085, 0x2085, 0x2085, 0x2085, 
  0x28a5, 0x30c6, 0x3107, 0x3107, 0x3107, 0x3107, 0x3107, 0x30e6, 0x30e6, 0x30e6, 0x30e6, 0x30e6, 
  0x30e6, 0x30c6, 0x30c6, 0x30c6, 0x30c6, 0x30c6, 0x30c6, 0x30c6, 0x30c6, 0x30c6, 0x30c6, 0x30c6, 
  0x30c6, 0x30c6, 0x5a2b, 0x1082, 0x1082, 0x10a2, 0x10a2, 0x1082, 0x1082, 0x1082, 0x1082, 0x1082, 
  0x1082, 0x1082, 0x1082, 0x1062, 0x1061, 0x1061, 0x1061, 0x1061, 0x1061, 0x1061, 0x0861, 0x0861, 
  0x0861, 0x0841, 0x0841, 0x0841, 0x0841, 0x0841, 0x0841, 0x0841, 0x0841, 0x0841, 0x0821, 0x0821, 
  0x0821, 0x1023, 0x400b, 0x7837, 0x70b5, 0x59ed, 0x524a, 0x4a69, 0x4a2a, 0x4a29, 0x4a29, 0x4228, 
  0x4228, 0x4208, 0x4208, 0x39e7, 0x39e7, 0x39e7, 0x39c7, 0x39c7, 0x39c7, 0x31a6, 0x31a6, 0x31a6, 
  0x31a6, 0x3186, 0x3186, 0x3186, 0x3186, 0x2965, 0x2965, 0x2965, 0x2965, 0x2945, 0x2104, 0x2104, 
  0x1082, 0x1082, 0x1082, 0x1082, 0x1082, 0x1082, 0x1082, 0x1082, 0x1082, 0x1082, 0x1082, 0x1082, 
  0x1082, 0x1081, 0x1081, 0x1062, 0x1062, 0x1063, 0x1864, 0x2065, 0x382b, 0x486d, 0x2848, 0x2066, 
  0x2045, 0x1863, 0x1063, 0x1062, 0x1061, 0x0862, 0x1082, 0x1082, 0x1082, 0x1082, 0x1082, 0x1082, 
  0x1082, 0x1082, 0x1082, 0x1082, 0x1082, 0x1082, 0x1082, 0x1082, 0x1082, 0x10a2, 0x10a2, 0x10a2, 
  0x10a2, 0x10a2, 0x10a2, 0x18c3, 0x18c3, 0x18c3, 0x18c3, 0x0861, 0x0020, 0x0020, 0x0020, 0x4168, 
  0x1823, 0x1823, 0x1823, 0x1823, 0x1823, 0x1823, 0x1823, 0x1823, 0x1823, 0x1823, 0x1823, 0x1823, 
  0x1823, 0x1823, 0x1823, 0x1823, 0x1823, 0x1823, 0x1823, 0x1823, 0x1823, 0x1823, 0x1823, 0x1823, 
  0x1823, 0x1003, 0x1003, 0x1003, 0x1003, 0x1003, 0x1003, 0x1003, 0x1003, 0x1003, 0x1003, 0x1003, 
  0x1003, 0x1003, 0x1003, 0x1003, 0x1003, 0x1003, 0x1003, 0x1003, 0x1003, 0x1003, 0x1003, 0x1003, 
  0x1003, 0x1003, 0x1003, 0x1003, 0x1003, 0x1003, 0x1003, 0x1003, 0x1003, 0x1003, 0x1803, 0x1823, 
  0x1823, 0x1823, 0x1823, 0x1823, 0x1823, 0xd69a, 0xf77e, 0x41a9, 0x1823, 0x1823, 0x1823, 0x1823, 
  0x1844, 0x1844, 0x1844, 0x1844, 0x3947, 0x9432, 0xd69a, 0xffff, 0x9cb3, 0x9432, 0x49c9, 0x2064, 
  0x2064, 0x9cb4, 0xffff, 0xd69a, 0x9432, 0x83b0, 0xbd97, 0xffff, 0x9cb4, 0x2064, 0x2064, 0x6acd, 
  0x9432, 0xffff, 0xd69a, 0x9432, 0x9432, 0x2064, 0x2064, 0x9432, 0xffff, 0x3927, 0x1823, 0x1823, 
  0x1823, 0x1823, 0xad15, 0xffff, 0x1823, 0x1823, 0x1823, 0x8c11, 0xffff, 0xc618, 0x7b90, 0x7b90, 
  0xe71c, 0xffff, 0x628c, 0x1823, 0x1823, 0x1823, 0x1823, 0x1823, 0x1823, 0x1823, 0x1823, 0x1844, 
  0x2064, 0x2064, 0x2085, 0x28a5, 0x28a5, 0x28a5, 0x28a5, 0x28a5, 0x28a5, 0x28a5, 0x28a5, 0x28a5, 
  0x28a5, 0x28a5, 0x28a5, 0x28a5, 0x28a5, 0x28a5, 0x28a5, 0x28a5, 0x2085, 0x2085, 0x2085, 0x2085, 
  0x2085, 0x2085, 0x2085, 0x2085, 0x2085, 0x2085, 0x2085, 0x2085, 0x28a5, 0x28c6, 0x30e6, 0x3107, 
  0x3107, 0x3107, 0x3106, 0x30e6, 0x30e6, 0x30e6, 0x30e6, 0x30e6, 0x30e6, 0x30c6, 0x30c6, 0x30c6, 
  0x30c6, 0x28c6, 0x28c6, 0x28c6, 0x28c6, 0x28c6, 0x28c6, 0x30c6, 0x28c6, 0x28c6, 0x5a2b, 0x1082, 
  0x1082, 0x10a2, 0x10a2, 0x1082, 0x1082, 0x1082, 0x1082, 0x1082, 0x1082, 0x1082, 0x1062, 0x1062, 
  0x1061, 0x1061, 0x1061, 0x1061, 0x1061, 0x1061, 0x0861, 0x0861, 0x0861, 0x0841, 0x0841, 0x0841, 
  0x0841, 0x0841, 0x0841, 0x0861, 0x0841, 0x0841, 0x0841, 0x0821, 0x2005, 0x5831, 0x7838, 0x7132, 
  0x522c, 0x4a6a, 0x4a49, 0x4a49, 0x4a49, 0x4228, 0x4228, 0x4228, 0x4208, 0x4208, 0x39e7, 0x39e7, 
  0x39e7, 0x39c7, 0x39c7, 0x39c7, 0x39c7, 0x31a6, 0x31a6, 0x31a6, 0x3186, 0x3186, 0x3186, 0x3186, 
  0x3186, 0x2965, 0x2965, 0x2965, 0x2945, 0x2124, 0x2104, 0x2104, 0x1082, 0x1082, 0x1082, 0x1082, 
  0x1082, 0x1082, 0x1082, 0x1082, 0x1082, 0x1082, 0x1082, 0x1082, 0x1082, 0x1082, 0x1082, 0x1062, 
  0x1062, 0x1063, 0x1844, 0x2065, 0x2848, 0x484e, 0x406c, 0x3049, 0x2867, 0x2065, 0x1864, 0x1062, 
  0x1062, 0x1082, 0x0881, 0x1082, 0x1082, 0x1082, 0x1082, 0x1082, 0x1082, 0x1082, 0x1082, 0x1082, 
  0x1082, 0x1082, 0x1082, 0x1082, 0x1082, 0x10a2, 0x10a2, 0x10a2, 0x10a2, 0x10a2, 0x10a2, 0x18c3, 
  0x18c3, 0x18c3, 0x18c3, 0x0861, 0x0020, 0x0020, 0x0020, 0x4168, 0x1823, 0x1823, 0x1823, 0x1823, 
  0x1823, 0x1823, 0x1823, 0x1823, 0x1823, 0x1823, 0x1823, 0x1823, 0x1823, 0x1823, 0x1823, 0x1823, 
  0x1003, 0x1003, 0x1003, 0x1823, 0x1823, 0x1823, 0x1823, 0x1823, 0x1003, 0x1003, 0x1003, 0x1003, 
  0x1003, 0x1003, 0x1003, 0x1003, 0x1003, 0x1003, 0x1003, 0x1003, 0x1003, 0x1003, 0x1003, 0x1003, 
  0x1003, 0x1003, 0x1003, 0x1003, 0x1003, 0x1003, 0x1003, 0x1003, 0x1003, 0x1003, 0x1003, 0x1003, 
  0x1003, 0x1003, 0x1003, 0x1003, 0x1003, 0x1803, 0x1803, 0x1823, 0x1823, 0x1823, 0x1823, 0x1823, 
  0x1823, 0x522a, 0xffff, 0xffff, 0xad15, 0x62ac, 0x3927, 0x1844, 0x1844, 0x1844, 0x1844, 0x2044, 
  0x2044, 0x2044, 0xad35, 0xffff, 0x3947, 0x2064, 0x2064, 0x2064, 0x3948, 0xce19, 0xbd97, 0x2064, 
  0x2064, 0x2064, 0x2064, 0xce19, 0xf79e, 0x30e6, 0x2064, 0x2064, 0x2064, 0xffff, 0xad35, 0x2064, 
  0x2064, 0x2064, 0x2064, 0x9432, 0xffff, 0x3927, 0x1824, 0x1823, 0x1823, 0x1823, 0xad15, 0xffff, 
  0x1823, 0x1823, 0x1823, 0xf77e, 0xd69a, 0x1823, 0x1823, 0x1823, 0x28a5, 0xd69a, 0x7b8f, 0x1823, 
  0x1823, 0x1823, 0x1823, 0x1823, 0x1823, 0x1823, 0x1823, 0x1823, 0x1844, 0x2064, 0x2064, 0x2085, 
  0x28a5, 0x28a5, 0x28a5, 0x28a5, 0x28a5, 0x28a5, 0x28a5, 0x28a5, 0x28a5, 0x28a5, 0x28a5, 0x28a5, 
  0x28a5, 0x28a5, 0x28a5, 0x28a5, 0x2085, 0x2085, 0x2085, 0x2085, 0x2085, 0x2085, 0x2085, 0x2085, 
  0x2085, 0x2085, 0x2085, 0x2085, 0x28a5, 0x28c6, 0x30e6, 0x3107, 0x3107, 0x3107, 0x3106, 0x30e6, 
  0x30e6, 0x30e6, 0x30e6, 0x30e6, 0x30c6, 0x30c6, 0x30c6, 0x28c6, 0x28c6, 0x28c6, 0x28c6, 0x28c6, 
  0x28c6, 0x28c6, 0x28c6, 0x28c6, 0x28c6, 0x28c6, 0x5a2b, 0x1082, 0x1082, 0x10a2, 0x1082, 0x1082, 
  0x1082, 0x1082, 0x1082, 0x1082, 0x1082, 0x1062, 0x1062, 0x1061, 0x1061, 0x1061, 0x1061, 0x1061, 
  0x1061, 0x0861, 0x0861, 0x0861, 0x0841, 0x0841, 0x0841, 0x0841, 0x0841, 0x0841, 0x0841, 0x1042, 
  0x0842, 0x0841, 0x1041, 0x2828, 0x7036, 0x8076, 0x61cf, 0x4a4b, 0x4a69, 0x4a49, 0x4a49, 0x4a49, 
  0x4228, 0x4228, 0x4228, 0x4208, 0x4208, 0x39e7, 0x39e7, 0x39e7, 0x39c7, 0x39c7, 0x39c7, 0x39c7, 
  0x31a6, 0x31a6, 0x31a6, 0x3186, 0x3186, 0x3186, 0x3186, 0x3186, 0x3186, 0x2965, 0x2965, 0x2945, 
  0x2124, 0x2104, 0x2104, 0x2104, 0x1082, 0x1082, 0x1082, 0x1082, 0x1082, 0x1082, 0x1082, 0x1082, 
  0x1082, 0x1082, 0x1082, 0x1082, 0x1082, 0x1082, 0x1082, 0x1062, 0x1062, 0x1063, 0x1864, 0x2066, 
  0x2867, 0x384a, 0x6072, 0x384b, 0x3049, 0x2868, 0x2066, 0x1864, 0x1062, 0x1062, 0x1082, 0x1082, 
  0x1082, 0x1082, 0x1082, 0x1082, 0x1082, 0x1082, 0x1082, 0x1082, 0x1082, 0x1082, 0x1082, 0x1082, 
  0x10a2, 0x10a2, 0x10a2, 0x10a2, 0x10a2, 0x10a2, 0x10a2, 0x10a2, 0x18c3, 0x18c3, 0x18c3, 0x0841, 
  0x0841, 0x0020, 0x0020, 0x4168, 0x1823, 0x1823, 0x1823, 0x1823, 0x1823, 0x1823, 0x1823, 0x1823, 
  0x1823, 0x1823, 0x1823, 0x1823, 0x1823, 0x1823, 0x1823, 0x1003, 0x1003, 0x1003, 0x1003, 0x1003, 
  0x1003, 0x1003, 0x1003, 0x1003, 0x1003, 0x1003, 0x1003, 0x1003, 0x1003, 0x1003, 0x1003, 0x1003, 
  0x1003, 0x1003, 0x1003, 0x1003, 0x1003, 0x1003, 0x1003, 0x1003, 0x1003, 0x1003, 0x1003, 0x1003, 
  0x1003, 0x1003, 0x1003, 0x1003, 0x1003, 0x1003, 0x1003, 0x1003, 0x1003, 0x1003, 0x1003, 0x1003, 
  0x1803, 0x1803, 0x1803, 0x1823, 0x1823, 0x1823, 0x1823, 0x1823, 0x1823, 0x1823, 0x3927, 0xad15, 
  0xffff, 0xffff, 0xffff, 0xc618, 0x732e, 0x1844, 0x1844, 0x2044, 0x2044, 0x2044, 0xad35, 0xffff, 
  0x3948, 0x2064, 0x2064, 0x2064, 0x2064, 0x2064, 0x2064, 0x2064, 0x2064, 0x2064, 0x2064, 0x9432, 
  0xffff, 0x3968, 0x2064, 0x2064, 0x2064, 0xffff, 0xad35, 0x2064, 0x2064, 0x2064, 0x2064, 0x9432, 
  0xffff, 0x3947, 0x1844, 0x1823, 0x1823, 0x1823, 0xad15, 0xffff, 0x1823, 0x1823, 0x1823, 0xffff, 
  0xc618, 0x1823, 0x1823, 0x1823, 0x1823, 0x1823, 0x1823, 0x1823, 0x1823, 0x1823, 0x1823, 0x1823, 
  0x1823, 0x1823, 0x1823, 0x1823, 0x1823, 0x1844, 0x2064, 0x2064, 0x2085, 0x28a5, 0x28a5, 0x28a5, 
  0x28a5, 0x28a5, 0x28a5, 0x28a5, 0x28a5, 0x28a5, 0x28a5, 0x28a5, 0x28a5, 0x28a5, 0x28a5, 0x2085, 
  0x2085, 0x2085, 0x2085, 0x2085, 0x2085, 0x2085, 0x2085, 0x2085, 0x2085, 0x2085, 0x2064, 0x2085, 
  0x2085, 0x28a5, 0x30c6, 0x3106, 0x3107, 0x3107, 0x30e6, 0x30e6, 0x30e6, 0x30e6, 0x30e6, 0x30c6, 
  0x30c6, 0x30c6, 0x30c6, 0x28c6, 0x28c6, 0x28c6, 0x28c6, 0x28c6, 0x28c6, 0x28c6, 0x28c6, 0x28c6, 
  0x28c6, 0x28c6, 0x5a2b, 0x10a2, 0x1082, 0x10a2, 0x1082, 0x1082, 0x1082, 0x1082, 0x1082, 0x1082, 
  0x1082, 0x1062, 0x1062, 0x1061, 0x1061, 0x1061, 0x1061, 0x1061, 0x1061, 0x0861, 0x0861, 0x0841, 
  0x0841, 0x0841, 0x0841, 0x0841, 0x0841, 0x0841, 0x0861, 0x0841, 0x0841, 0x1824, 0x504f, 0x9058, 
  0x7114, 0x520d, 0x528a, 0x5269, 0x4a69, 0x4a49, 0x4a49, 0x4a48, 0x4228, 0x4228, 0x4208, 0x4208, 
  0x4208, 0x39e7, 0x39e7, 0x39c7, 0x39c7, 0x39c7, 0x39c7, 0x31a6, 0x31a6, 0x31a6, 0x31a6, 0x3186, 
  0x3186, 0x3186, 0x3186, 0x3186, 0x2965, 0x2965, 0x2965, 0x2124, 0x2124, 0x2104, 0x2104, 0x2104, 
  0x1082, 0x1082, 0x1082, 0x1082, 0x1082, 0x1082, 0x1082, 0x1082, 0x1082, 0x1082, 0x1082, 0x1082, 
  0x1082, 0x1082, 0x0862, 0x1061, 0x1062, 0x1062, 0x1063, 0x2065, 0x2847, 0x384a, 0x502e, 0x6894, 
  0x484d, 0x386a, 0x2868, 0x2066, 0x1863, 0x1062, 0x1062, 0x1082, 0x1082, 0x1082, 0x1082, 0x1082, 
  0x1082, 0x1082, 0x1082, 0x1082, 0x1082, 0x1082, 0x1082, 0x1082, 0x10a2, 0x10a2, 0x10a2, 0x10a2, 
  0x10a2, 0x10a2, 0x10a2, 0x10a2, 0x18c3, 0x18c3, 0x18c3, 0x0841, 0x0020, 0x0020, 0x0020, 0x4168, 
  0x1823, 0x1823, 0x1823, 0x1823, 0x1823, 0x1823, 0x1823, 0x1823, 0x1823, 0x1823, 0x1823, 0x1823, 
  0x1823, 0x1003, 0x1003, 0x1003, 0x1003, 0x1003, 0x1003, 0x1003, 0x1003, 0x1003, 0x1003, 0x1003, 
  0x1003, 0x1003, 0x1003, 0x1003, 0x1003, 0x1003, 0x1003, 0x1003, 0x1003, 0x1003, 0x1003, 0x1003, 
  0x1003, 0x1003, 0x1003, 0x1003, 0x1003, 0x1003, 0x1003, 0x1003, 0x1003, 0x1003, 0x1003, 0x1003, 
  0x1003, 0x1003, 0x1003, 0x1003, 0x1003, 0x1003, 0x1003, 0x1803, 0x1803, 0x1803, 0x1803, 0x1823, 
  0x1823, 0x1823, 0x1823, 0x1823, 0x1823, 0x1823, 0x1823, 0x1824, 0x28a5, 0x62ac, 0xad15, 0xe71c, 
  0xffff, 0xe71c, 0x3947, 0x2044, 0x2044, 0x2044, 0xad35, 0xffff, 0x3948, 0x2064, 0x2064, 0x2064, 
  0x2064, 0x2064, 0x2064, 0x3968, 0x62cd, 0x734f, 0x9cb4, 0xe71c, 0xffff, 0x3968, 0x2064, 0x2064, 
  0x2064, 0xffff, 0xad35, 0x2064, 0x2064, 0x2064, 0x2064, 0x9432, 0xffff, 0x3947, 0x1844, 0x1824, 
  0x1823, 0x1823, 0xad15, 0xffff, 0x1823, 0x1823, 0x1823, 0xc618, 0xffff, 0xc618, 0x6b0e, 0x4189, 
  0x1823, 0x1823, 0x1823, 0x1823, 0x1823, 0x1823, 0x1823, 0x1823, 0x1823, 0x1823, 0x1823, 0x1823, 
  0x1823, 0x1823, 0x1844, 0x2064, 0x2064, 0x2085, 0x2085, 0x28a5, 0x28a5, 0x28a5, 0x28a5, 0x28a5, 
  0x28a5, 0x28a5, 0x28a5, 0x28a5, 0x28a5, 0x28a5, 0x2085, 0x2085, 0x2085, 0x2085, 0x2085, 0x2085, 
  0x2085, 0x2085, 0x2085, 0x2085, 0x2085, 0x2064, 0x2064, 0x2084, 0x2085, 0x28a5, 0x28c6, 0x30e6, 
  0x30e6, 0x3107, 0x30e6, 0x30e6, 0x30e6, 0x30e6, 0x30e6, 0x30c6, 0x30c6, 0x30c6, 0x28c6, 0x28c6, 
  0x28c6, 0x28c6, 0x28c6, 0x28a6, 0x28a6, 0x28c6, 0x28c6, 0x28c6, 0x28c6, 0x28c6, 0x5a0b, 0x1082, 
  0x1082, 0x1082, 0x1082, 0x1082, 0x1082, 0x1082, 0x1082, 0x1082, 0x1082, 0x1062, 0x1061, 0x1061, 
  0x1061, 0x1061, 0x1061, 0x1061, 0x0861, 0x0861, 0x0861, 0x0841, 0x0841, 0x0841, 0x0861, 0x0841, 
  0x0841, 0x0841, 0x0842, 0x0842, 0x2826, 0x78b5, 0x90b9, 0x61b1, 0x526b, 0x528a, 0x526a, 0x4a6a, 
  0x4a49, 0x4a49, 0x4a49, 0x4228, 0x4228, 0x4228, 0x4208, 0x4208, 0x39e7, 0x39e7, 0x39e7, 0x39c7, 
  0x39c7, 0x39c7, 0x39c7, 0x31a6, 0x31a6, 0x31a6, 0x3186, 0x3186, 0x3186, 0x3186, 0x3186, 0x2965, 
  0x2965, 0x2965, 0x2945, 0x2104, 0x2104, 0x2104, 0x2104, 0x2104, 0x1082, 0x1082, 0x1082, 0x1082, 
  0x1082, 0x1082, 0x1082, 0x1082, 0x1082, 0x1082, 0x1082, 0x1082, 0x1082, 0x1082, 0x0861, 0x0861, 
  0x0861, 0x0862, 0x1063, 0x1864, 0x2866, 0x304a, 0x404d, 0x6033, 0x6893, 0x484e, 0x404c, 0x2887, 
  0x2065, 0x1863, 0x1063, 0x1082, 0x1082, 0x1082, 0x1082, 0x1082, 0x1082, 0x1082, 0x1082, 0x1082, 
  0x1082, 0x10a2, 0x10a2, 0x10a2, 0x10a2, 0x10a2, 0x10a2, 0x10a2, 0x10a2, 0x10a2, 0x10a2, 0x18c3, 
  0x18c3, 0x18c3, 0x10a2, 0x0020, 0x0020, 0x0020, 0x0020, 0x4168, 0x1823, 0x1823, 0x1823, 0x1823, 
  0x1823, 0x1823, 0x1823, 0x1823, 0x1823, 0x1823, 0x1823, 0x1823, 0x1823, 0x1003, 0x1003, 0x1003, 
  0x1003, 0x1003, 0x1003, 0x1003, 0x1003, 0x1003, 0x1003, 0x1003, 0x1003, 0x1003, 0x1003, 0x1003, 
  0x1003, 0x1003, 0x1003, 0x1003, 0x1003, 0x1003, 0x1003, 0x1003, 0x1003, 0x1003, 0x1003, 0x1003, 
  0x1003, 0x1003, 0x1003, 0x1003, 0x1003, 0x1003, 0x1003, 0x1003, 0x1003, 0x1003, 0x1003, 0x1003, 
  0x1003, 0x1003, 0x1003, 0x1803, 0x1803, 0x1823, 0x1823, 0x1823, 0x1823, 0x1823, 0x1823, 0x1823, 
  0x1823, 0x1823, 0x1824, 0x1824, 0x1824, 0x1844, 0x1844, 0x1844, 0x8c32, 0xffff, 0xc619, 0x2044, 
  0x2044, 0x2044, 0xad35, 0xffff, 0x3948, 0x2064, 0x2064, 0x2064, 0x2064, 0x6acd, 0xd69a, 0xffff, 
  0xffff, 0xffff, 0xe71c, 0xd69a, 0xffff, 0x3968, 0x2064, 0x2064, 0x2064, 0xffff, 0xad35, 0x2064, 
  0x2064, 0x2064, 0x2064, 0x9432, 0xffff, 0x3948, 0x2044, 0x1844, 0x1824, 0x1823, 0xad15, 0xffff, 
  0x1823, 0x1823, 0x1823, 0x28a5, 0xad15, 0xf77e, 0xffff, 0xffff, 0xe6fc, 0x8c11, 0x1823, 0x1823, 
  0x1823, 0x1823, 0x1823, 0x1823, 0x1823, 0x1823, 0x1823, 0x1823, 0x1823, 0x1823, 0x1823, 0x1844, 
  0x2044, 0x2064, 0x2085, 0x2085, 0x28a5, 0x28a5, 0x28a5, 0x28a5, 0x28a5, 0x28a5, 0x28a5, 0x28a5, 
  0x28a5, 0x28a5, 0x2085, 0x2085, 0x2085, 0x2085, 0x2085, 0x2085, 0x2085, 0x2085, 0x2085, 0x2085, 
  0x2085, 0x2064, 0x2064, 0x2064, 0x2085, 0x28a5, 0x28c6, 0x30e6, 0x30e6, 0x30e6, 0x30e6, 0x30e6, 
  0x30e6, 0x30e6, 0x30c6, 0x30c6, 0x30c6, 0x30c6, 0x28c6, 0x28c6, 0x28c6, 0x28c6, 0x28a6, 0x28a6, 
  0x28a6, 0x28a6, 0x28a6, 0x28a6, 0x28a6, 0x28a6, 0x5a0b, 0x1082, 0x1082, 0x1082, 0x1082, 0x1082, 
  0x1082, 0x1082, 0x1082, 0x1062, 0x1062, 0x1062, 0x1061, 0x1061, 0x1061, 0x1061, 0x1061, 0x1061, 
  0x0861, 0x0861, 0x0861, 0x0841, 0x0841, 0x0841, 0x0841, 0x0841, 0x0821, 0x0841, 0x1042, 0x48ac, 
  0x90f9, 0x8956, 0x622e, 0x528a, 0x528a, 0x5269, 0x4a69, 0x4a69, 0x4a49, 0x4a49, 0x4228, 0x4228, 
  0x4228, 0x4208, 0x4208, 0x4208, 0x39e7, 0x39e7, 0x39c7, 0x39c7, 0x39c7, 0x39c7, 0x31a6, 0x31a6, 
  0x31a6, 0x31a6, 0x3186, 0x3186, 0x3186, 0x3186, 0x2965, 0x2965, 0x2965, 0x2945, 0x2124, 0x2104, 
  0x2104, 0x2104, 0x2104, 0x2104, 0x1082, 0x1082, 0x1082, 0x1082, 0x1082, 0x1082, 0x1082, 0x1082, 
  0x1082, 0x1082, 0x1082, 0x1082, 0x1082, 0x0861, 0x0861, 0x0861, 0x0861, 0x0862, 0x1062, 0x1864, 
  0x2066, 0x3049, 0x406c, 0x5851, 0x78f7, 0x68d2, 0x506f, 0x384b, 0x3068, 0x2065, 0x1863, 0x1082, 
  0x1082, 0x1082, 0x1082, 0x1082, 0x1082, 0x1082, 0x1082, 0x1082, 0x1082, 0x10a2, 0x10a2, 0x10a2, 
  0x10a2, 0x10a2, 0x10a2, 0x10a2, 0x10a2, 0x10a2, 0x10a2, 0x18c3, 0x18c3, 0x18c3, 0x1082, 0x0020, 
  0x0020, 0x0020, 0x0020, 0x4168, 0x1823, 0x1823, 0x1823, 0x1823, 0x1823, 0x1823, 0x1823, 0x1823, 
  0x1823, 0x1823, 0x1823, 0x1823, 0x1003, 0x1003, 0x1003, 0x1003, 0x1003, 0x1003, 0x1003, 0x1003, 
  0x1003, 0x1003, 0x1003, 0x1003, 0x1003, 0x1003, 0x1003, 0x1003, 0x1003, 0x1003, 0x1003, 0x1003, 
  0x1003, 0x1003, 0x1003, 0x1003, 0x1003, 0x1003, 0x1003, 0x1003, 0x1003, 0x1003, 0x1003, 0x1003, 
  0x1003, 0x1003, 0x1003, 0x1003, 0x1003, 0x1003, 0x1003, 0x1003, 0x1003, 0x1003, 0x1803, 0x1803, 
  0x1803, 0x1823, 0x1823, 0x1823, 0x1823, 0x1823, 0x1823, 0x1823, 0x1823, 0x1824, 0x1824, 0x1824, 
  0x1844, 0x1844, 0x1844, 0x1844, 0x2044, 0xc619, 0xf79e, 0x2044, 0x2044, 0x2064, 0xad35, 0xffff, 
  0x3948, 0x2064, 0x2064, 0x2064, 0x49ca, 0xffff, 0xe71c, 0x83b0, 0x3968, 0x30e6, 0x2064, 0x9432, 
  0xffff, 0x3968, 0x2064, 0x2064, 0x2064, 0xffff, 0xad35, 0x2064, 0x2064, 0x2064, 0x2064, 0x9432, 
  0xffff, 0x3948, 0x2044, 0x1844, 0x1844, 0x1823, 0xad15, 0xffff, 0x1823, 0x1823, 0x1823, 0x1823, 
  0x1823, 0x1823, 0x520a, 0x7b90, 0xe71c, 0xffff, 0x9c93, 0x1823, 0x1823, 0x1823, 0x1823, 0x1823, 
  0x1823, 0x1823, 0x1823, 0x1823, 0x1823, 0x1823, 0x1823, 0x1823, 0x1844, 0x2044, 0x2064, 0x2085, 
  0x2085, 0x28a5, 0x28a5, 0x28a5, 0x28a5, 0x28a5, 0x28a5, 0x28a5, 0x28a5, 0x2085, 0x2085, 0x2085, 
  0x2085, 0x2085, 0x2085, 0x2085, 0x2085, 0x2085, 0x2085, 0x2085, 0x2064, 0x2064, 0x2064, 0x2064, 
  0x2085, 0x2085, 0x28a5, 0x30e6, 0x30e6, 0x30e6, 0x30e6, 0x30e6, 0x30e6, 0x30c6, 0x30c6, 0x30c6, 
  0x30c6, 0x28c6, 0x28c6, 0x28c6, 0x28a6, 0x28a6, 0x28a6, 0x28a6, 0x28a6, 0x28a6, 0x28a6, 0x28a6, 
  0x28a6, 0x28a6, 0x5a0b, 0x1082, 0x1082, 0x1082, 0x1082, 0x1082, 0x1082, 0x1082, 0x1082, 0x1082, 
  0x1062, 0x1061, 0x1062, 0x1061, 0x1061, 0x1061, 0x1061, 0x0861, 0x0861, 0x0861, 0x0861, 0x0861, 
  0x0841, 0x0841, 0x0841, 0x0861, 0x0862, 0x2044, 0x8154, 0xa17a, 0x79f2, 0x5a6c, 0x528a, 0x526a, 
  0x526a, 0x4a89, 0x4a69, 0x4a49, 0x4a49, 0x4228, 0x4228, 0x4228, 0x4208, 0x4208, 0x4208, 0x39e7, 
  0x39e7, 0x39e7, 0x39c7, 0x39c7, 0x39c7, 0x39c7, 0x31a6, 0x31a6, 0x31a6, 0x31a6, 0x3186, 0x3186, 
  0x3186, 0x3186, 0x2965, 0x2965, 0x2965, 0x2124, 0x2124, 0x2104, 0x2104, 0x2104, 0x2104, 0x2104, 
  0x1082, 0x1082, 0x1082, 0x1082, 0x1082, 0x1082, 0x1082, 0x1082, 0x1082, 0x1082, 0x1082, 0x1082, 
  0x0861, 0x0861, 0x0861, 0x0861, 0x0861, 0x0862, 0x1062, 0x1063, 0x1865, 0x2867, 0x384b, 0x5070, 
  0x70f3, 0x99b9, 0x7113, 0x5090, 0x406b, 0x3068, 0x2065, 0x1883, 0x1062, 0x1082, 0x1082, 0x1082, 
  0x1082, 0x1082, 0x1082, 0x1082, 0x1082, 0x10a2, 0x10a2, 0x10a2, 0x10a2, 0x10a2, 0x10a2, 0x10a2, 
  0x10a2, 0x10a2, 0x18c3, 0x18c3, 0x18c3, 0x18c3, 0x1082, 0x0020, 0x0020, 0x0020, 0x0020, 0x4168, 
  0x1823, 0x1823, 0x1823, 0x1823, 0x1823, 0x1823, 0x1823, 0x1823, 0x1823, 0x1823, 0x1823, 0x1003, 
  0x1003, 0x1003, 0x1003, 0x1003, 0x1003, 0x1003, 0x1003, 0x1003, 0x1003, 0x1003, 0x1003, 0x1003, 
  0x1003, 0x1003, 0x1003, 0x1003, 0x1003, 0x1003, 0x1003, 0x1003, 0x1003, 0x1003, 0x1003, 0x1003, 
  0x1003, 0x1003, 0x1003, 0x1003, 0x1003, 0x1003, 0x1003, 0x1003, 0x1003, 0x1003, 0x1003, 0x1003, 
  0x1003, 0x1003, 0x1003, 0x1003, 0x1003, 0x1803, 0x1803, 0x1803, 0x1823, 0x1823, 0x1823, 0x1823, 
  0x1823, 0x1823, 0x1823, 0x1823, 0x62ac, 0xc618, 0x62ac, 0x1844, 0x1844, 0x1844, 0x1844, 0x2044, 
  0x2044, 0xce19, 0xffff, 0x2044, 0x2064, 0x2064, 0xad35, 0xffff, 0x3948, 0x2064, 0x2064, 0x2064, 
  0x9432, 0xffff, 0x49c9, 0x2064, 0x2064, 0x2064, 0x2064, 0x9cb4, 0xffff, 0x3968, 0x2064, 0x2064, 
  0x2064, 0xffff, 0xad35, 0x2064, 0x2064, 0x2064, 0x2064, 0x9432, 0xffff, 0x5a4b, 0x2064, 0x2044, 
  0x1844, 0x1824, 0xc618, 0xffff, 0x1823, 0x1823, 0x1823, 0x1823, 0x1823, 0x1823, 0x1823, 0x1823, 
  0x1823, 0xd69a, 0xffff, 0x1823, 0x1823, 0x1823, 0x1823, 0x1823, 0x1823, 0x1823, 0x1823, 0x1823, 
  0x1823, 0x1823, 0x1823, 0x1823, 0x1823, 0x1844, 0x2044, 0x2064, 0x2085, 0x2085, 0x28a5, 0x28a5, 
  0x28a5, 0x28a5, 0x28a5, 0x28a5, 0x2085, 0x2085, 0x2085, 0x2085, 0x2085, 0x2085, 0x2085, 0x2085, 
  0x2085, 0x2085, 0x2085, 0x2064, 0x2064, 0x2064, 0x2064, 0x2064, 0x2085, 0x2085, 0x28a5, 0x28c6, 
  0x30e6, 0x30e6, 0x30e6, 0x30e6, 0x30e6, 0x30c6, 0x30c6, 0x30c6, 0x28c6, 0x28c6, 0x28c6, 0x28c6, 
  0x28a6, 0x28a6, 0x28a6, 0x28a6, 0x28a6, 0x28a6, 0x28a6, 0x28a6, 0x28a6, 0x28a6, 0x5a0b, 0x1082, 
  0x1082, 0x1082, 0x1082, 0x1082, 0x1082, 0x1082, 0x1082, 0x1082, 0x1082, 0x1061, 0x1062, 0x1061, 
  0x1061, 0x1061, 0x0861, 0x1061, 0x1061, 0x0861, 0x0861, 0x0861, 0x0841, 0x0841, 0x0841, 0x1042, 
  0x48aa, 0xa9d8, 0x99f8, 0x6a6f, 0x528b, 0x52aa, 0x528a, 0x528a, 0x4a89, 0x4a69, 0x4a49, 0x4a49, 
  0x4a49, 0x4228, 0x4228, 0x4228, 0x4208, 0x4208, 0x4208, 0x39e7, 0x39e7, 0x39c7, 0x39c7, 0x39c7, 
  0x39c7, 0x31a6, 0x31a6, 0x31a6, 0x31a6, 0x3186, 0x3186, 0x3186, 0x3186, 0x2965, 0x2965, 0x2965, 
  0x2124, 0x2104, 0x2104, 0x2104, 0x2104, 0x2104, 0x18e3, 0x18e3, 0x1082, 0x1082, 0x1082, 0x1082, 
  0x1082, 0x1082, 0x1082, 0x1082, 0x1082, 0x1082, 0x1061, 0x0861, 0x0882, 0x0882, 0x0861, 0x0861, 
  0x0861, 0x0861, 0x1061, 0x1062, 0x1863, 0x2066, 0x3049, 0x506e, 0x7113, 0x91d8, 0xa239, 0x7954, 
  0x588f, 0x386b, 0x2867, 0x1884, 0x1083, 0x1082, 0x1082, 0x1082, 0x1082, 0x1082, 0x1082, 0x1082, 
  0x10a2, 0x10a2, 0x10a2, 0x10a2, 0x10a2, 0x10a2, 0x10a2, 0x10a2, 0x10a2, 0x10a2, 0x18c3, 0x18c3, 
  0x18c3, 0x18c3, 0x0861, 0x0020, 0x0020, 0x0020, 0x0020, 0x4168, 0x1823, 0x1823, 0x1823, 0x1823, 
  0x1823, 0x1823, 0x1823, 0x1823, 0x1823, 0x1003, 0x1003, 0x1003, 0x1003, 0x1003, 0x1003, 0x1003, 
  0x1003, 0x1003, 0x1003, 0x1003, 0x1003, 0x1003, 0x1003, 0x1003, 0x1003, 0x1003, 0x1003, 0x1003, 
  0x1003, 0x1003, 0x1003, 0x1003, 0x1003, 0x1003, 0x1003, 0x1003, 0x1003, 0x1003, 0x1003, 0x1003, 
  0x1003, 0x1003, 0x1003, 0x1003, 0x1003, 0x1003, 0x1003, 0x1003, 0x1003, 0x1003, 0x1003, 0x1003, 
  0x1803, 0x1803, 0x1803, 0x1823, 0x1823, 0x1823, 0x1823, 0x1823, 0x1823, 0x1823, 0x1823, 0x1824, 
  0x522b, 0xffff, 0xd69a, 0x28c5, 0x1844, 0x1844, 0x2044, 0x2044, 0x5a4b, 0xffff, 0xc619, 0x2064, 
  0x2064, 0x2064, 0x9cb4, 0xffff, 0x3968, 0x2064, 0x2064, 0x2064, 0x9432, 0xffff, 0x5a4b, 0x2064, 
  0x2064, 0x2064, 0x3968, 0xe71c, 0xffff, 0x3968, 0x2064, 0x2064, 0x2064, 0xffff, 0xce19, 0x2064, 
  0x2064, 0x2064, 0x2064, 0x734f, 0xffff, 0x9cb4, 0x2064, 0x2064, 0x2044, 0x732e, 0xffff, 0xffff, 
  0x1823, 0x1823, 0x520a, 0xe71c, 0x8c11, 0x1823, 0x1823, 0x1823, 0x1823, 0xd69a, 0xffff, 0x1823, 
  0x1823, 0x1823, 0x1823, 0x1823, 0x1823, 0x1823, 0x1823, 0x1823, 0x1823, 0x1823, 0x1823, 0x1823, 
  0x1823, 0x1823, 0x1844, 0x2044, 0x2064, 0x2085, 0x2085, 0x28a5, 0x28a5, 0x28a5, 0x28a5, 0x28a5, 
  0x2085, 0x2085, 0x2085, 0x2085, 0x2085, 0x2085, 0x2085, 0x2085, 0x2085, 0x2085, 0x2085, 0x2064, 
  0x2064, 0x2064, 0x2064, 0x2064, 0x2064, 0x2085, 0x28a5, 0x28c6, 0x30e6, 0x30e6, 0x30e6, 0x30e6, 
  0x30c6, 0x30c6, 0x30c6, 0x28c6, 0x28c6, 0x28c6, 0x28a6, 0x28a6, 0x28a6, 0x28a6, 0x28a6, 0x28a5, 
  0x28a5, 0x28a5, 0x28a6, 0x28a6, 0x28a6, 0x28a5, 0x5a0b, 0x1082, 0x1082, 0x1082, 0x1082, 0x1082, 
  0x1082, 0x1082, 0x1082, 0x1082, 0x1062, 0x1062, 0x1061, 0x1061, 0x1061, 0x0861, 0x0861, 0x0861, 
  0x1041, 0x0861, 0x1041, 0x0841, 0x0841, 0x0841, 0x1843, 0x7170, 0xba3a, 0x9255, 0x628d, 0x5aab, 
  0x52aa, 0x52aa, 0x528a, 0x4a8a, 0x4a69, 0x4a69, 0x4a49, 0x4a49, 0x4228, 0x4228, 0x4228, 0x4208, 
  0x4208, 0x4208, 0x39e7, 0x39e7, 0x39c7, 0x39c7, 0x39c7, 0x39c7, 0x31a6, 0x31a6, 0x31a6, 0x31a6, 
  0x3186, 0x3186, 0x3186, 0x3186, 0x2965, 0x2965, 0x2965, 0x2945, 0x2124, 0x2104, 0x2104, 0x2104, 
  0x2104, 0x2104, 0x18e3, 0x18e3, 0x1082, 0x1082, 0x1082, 0x1082, 0x1082, 0x1082, 0x1082, 0x1082, 
  0x1082, 0x1082, 0x1041, 0x1061, 0x0861, 0x0861, 0x0861, 0x0861, 0x0861, 0x0861, 0x1061, 0x1062, 
  0x1063, 0x1864, 0x2848, 0x404c, 0x60b1, 0x91f7, 0xbaf9, 0xaa98, 0x7974, 0x508f, 0x386a, 0x2886, 
  0x1884, 0x1063, 0x1082, 0x1082, 0x1082, 0x1082, 0x1082, 0x10a2, 0x10a2, 0x10a2, 0x10a2, 0x10a2, 
  0x10a2, 0x10a2, 0x10a2, 0x10a2, 0x10a2, 0x10a2, 0x18c3, 0x18c3, 0x18c3, 0x18c3, 0x0841, 0x0020, 
  0x0020, 0x0020, 0x0020, 0x4168, 0x1003, 0x1003, 0x1003, 0x1003, 0x1003, 0x1003, 0x1003, 0x1003, 
  0x1003, 0x1003, 0x1003, 0x1003, 0x1003, 0x1003, 0x1003, 0x1003, 0x1003, 0x1003, 0x1003, 0x1003, 
  0x1003, 0x1003, 0x1003, 0x1003, 0x1003, 0x1003, 0x1003, 0x1003, 0x1003, 0x1003, 0x1003, 0x1003, 
  0x1003, 0x1003, 0x1003, 0x1003, 0x1003, 0x1003, 0x1003, 0x1003, 0x1003, 0x1003, 0x1003, 0x1003, 
  0x1003, 0x1003, 0x1003, 0x1003, 0x1003, 0x1003, 0x1003, 0x1823, 0x1823, 0x1823, 0x1823, 0x1823, 
  0x1823, 0x1823, 0x1823, 0x1823, 0x1823, 0x1823, 0x1823, 0x1824, 0x1824, 0x9c93, 0xffff, 0xe71c, 
  0x8c32, 0x732e, 0x732e, 0xbd97, 0xffff, 0xf77e, 0x3947, 0x2064, 0x2064, 0x2064, 0x6acd, 0xffff, 
  0xe71c, 0x9432, 0x49c9, 0x2064, 0x5a4b, 0xffff, 0xe71c, 0x734f, 0x5a4b, 0x83b0, 0xe71c, 0xe71c, 
  0xffff, 0x3968, 0x2064, 0x2064, 0x2064, 0xce19, 0xffff, 0xad35, 0x83b0, 0x2064, 0x2064, 0x30e6, 
  0xe71c, 0xffff, 0xbdb7, 0x9432, 0xbd97, 0xf77e, 0xc618, 0xffff, 0x1823, 0x1823, 0x28a5, 0xe71c, 
  0xf77e, 0x8c11, 0x520a, 0x628c, 0xc618, 0xffff, 0x9c93, 0x1823, 0x1823, 0x1823, 0x1823, 0x1823, 
  0x1823, 0x1823, 0x1823, 0x1823, 0x1823, 0x1823, 0x1823, 0x1823, 0x1823, 0x1823, 0x1823, 0x1844, 
  0x2044, 0x2064, 0x2085, 0x2085, 0x2085, 0x28a5, 0x28a5, 0x2085, 0x2085, 0x2085, 0x2085, 0x2085, 
  0x2085, 0x2085, 0x2085, 0x2085, 0x2085, 0x2085, 0x2064, 0x2064, 0x2064, 0x2064, 0x2064, 0x2064, 
  0x2064, 0x2085, 0x2085, 0x28a5, 0x30c6, 0x30e6, 0x30e6, 0x30c6, 0x30c6, 0x30c6, 0x30c6, 0x28c6, 
  0x28c6, 0x28c6, 0x28a6, 0x28a6, 0x28a6, 0x28a5, 0x28a5, 0x28a5, 0x28a5, 0x28a5, 0x28a5, 0x28a5, 
  0x28a5, 0x28a5, 0x5a0b, 0x1082, 0x1082, 0x1082, 0x1082, 0x1082, 0x1082, 0x1082, 0x1082, 0x1062, 
  0x1062, 0x1061, 0x1061, 0x1061, 0x1061, 0x1061, 0x1061, 0x0861, 0x1041, 0x0861, 0x0861, 0x0842, 
  0x0862, 0x3887, 0xaa37, 0xba99, 0x8251, 0x5aab, 0x52cb, 0x52aa, 0x52aa, 0x528a, 0x4a69, 0x4a69, 
  0x4a69, 0x4a49, 0x4a49, 0x4228, 0x4228, 0x4228, 0x4208, 0x4208, 0x4208, 0x39e7, 0x39e7, 0x39e7, 
  0x39c7, 0x39c7, 0x39c7, 0x39c7, 0x31a6, 0x31a6, 0x31a6, 0x31a6, 0x3186, 0x3186, 0x3186, 0x3186, 
  0x2965, 0x2965, 0x2945, 0x2124, 0x2124, 0x2104, 0x2104, 0x2104, 0x2104, 0x2104, 0x18e3, 0x18e3, 
  0x1082, 0x1082, 0x1082, 0x1082, 0x1082, 0x1082, 0x1082, 0x1082, 0x1082, 0x0861, 0x0861, 0x0861, 
  0x0861, 0x0861, 0x0861, 0x0861, 0x0861, 0x0861, 0x0861, 0x1062, 0x1062, 0x1863, 0x2046, 0x304a, 
  0x506f, 0x8194, 0xb2f9, 0xdbd8, 0xaad8, 0x7953, 0x486e, 0x3069, 0x2066, 0x1884, 0x1082, 0x1082, 
  0x1082, 0x1082, 0x1082, 0x10a2, 0x10a2, 0x10a2, 0x10a2, 0x10a2, 0x10a2, 0x10a2, 0x10a2, 0x10a2, 
  0x10a2, 0x18c3, 0x18c3, 0x18c3, 0x18c3, 0x18c3, 0x0841, 0x0020, 0x0020, 0x0020, 0x0020, 0x4168, 
  0x1003, 0x1003, 0x1003, 0x1003, 0x1003, 0x1003, 0x1003, 0x1003, 0x1003, 0x1003, 0x1003, 0x1003, 
  0x1003, 0x1003, 0x1003, 0x1003, 0x1003, 0x1003, 0x1003, 0x1003, 0x1003, 0x1003, 0x1003, 0x1003, 
  0x1003, 0x1003, 0x1003, 0x1003, 0x1003, 0x1003, 0x1003, 0x1003, 0x1003, 0x1003, 0x1003, 0x1003, 
  0x1003, 0x1003, 0x1003, 0x1003, 0x1003, 0x1003, 0x1003, 0x1003, 0x1003, 0x1003, 0x1003, 0x1003, 
  0x1003, 0x1003, 0x1823, 0x1823, 0x1823, 0x1823, 0x1823, 0x1823, 0x1823, 0x1823, 0x1823, 0x1823, 
  0x1823, 0x1823, 0x1824, 0x1824, 0x1844, 0x1844, 0x8c32, 0xe71c, 0xffff, 0xffff, 0xffff, 0xffff, 
  0xc619, 0x49c9, 0x2064, 0x2064, 0x2064, 0x2064, 0x2064, 0x9432, 0xffff, 0xffff, 0x9cb4, 0x2064, 
  0x2064, 0x6acd, 0xe71c, 0xffff, 0xffff, 0xffff, 0x9432, 0x9432, 0xffff, 0x3968, 0x2064, 0x2064, 
  0x2064, 0x3968, 0xe71c, 0xffff, 0xffff, 0x30e6, 0x2064, 0x2064, 0x3968, 0xe71c, 0xffff, 0xffff, 
  0xe71c, 0x49c9, 0xad15, 0xffff, 0x1823, 0x1823, 0x1823, 0x3127, 0xc618, 0xffff, 0xffff, 0xffff, 
  0xf77e, 0x8c11, 0x1823, 0x1823, 0x1823, 0x1823, 0x1823, 0x1823, 0x1823, 0x1823, 0x1823, 0x1823, 
  0x1823, 0x1823, 0x1823, 0x1823, 0x1823, 0x1823, 0x1823, 0x1823, 0x1844, 0x2044, 0x2064, 0x2085, 
  0x2085, 0x2085, 0x2085, 0x2085, 0x2085, 0x2085, 0x2085, 0x2085, 0x2085, 0x2085, 0x2085, 0x2085, 
  0x2085, 0x2064, 0x2064, 0x2064, 0x2064, 0x2064, 0x2064, 0x2064, 0x2064, 0x2085, 0x2085, 0x28a5, 
  0x28c6, 0x30c6, 0x30e6, 0x30c6, 0x30c6, 0x30c6, 0x28c6, 0x28c6, 0x28c6, 0x28a6, 0x28a6, 0x28a6, 
  0x28a5, 0x28a5, 0x28a5, 0x28a5, 0x28a5, 0x28a5, 0x28a5, 0x28a5, 0x28a5, 0x28a5, 0x520b, 0x1082, 
  0x1082, 0x1082, 0x1082, 0x1082, 0x1082, 0x1082, 0x1062, 0x1062, 0x1061, 0x1061, 0x1061, 0x1061, 
  0x1061, 0x1061, 0x1061, 0x0861, 0x1041, 0x0861, 0x1042, 0x1042, 0x612e, 0xba79, 0xaa96, 0x728e, 
  0x530b, 0x5aab, 0x52aa, 0x52aa, 0x528a, 0x528a, 0x4a69, 0x4a69, 0x4a49, 0x4a49, 0x4a49, 0x4228, 
  0x4228, 0x4228, 0x4208, 0x4208, 0x4208, 0x39e7, 0x39e7, 0x39c7, 0x39c7, 0x39c7, 0x39c7, 0x31a6, 
  0x31a6, 0x31a6, 0x31a6, 0x3186, 0x3186, 0x3186, 0x3186, 0x2965, 0x2965, 0x2965, 0x2124, 0x2104, 
  0x2124, 0x2104, 0x2104, 0x2104, 0x2104, 0x18e3, 0x18e3, 0x18e3, 0x1082, 0x1082, 0x1082, 0x1082, 
  0x1082, 0x1082, 0x1082, 0x1082, 0x0882, 0x0882, 0x0861, 0x0861, 0x0861, 0x0861, 0x0861, 0x0861, 
  0x0861, 0x0861, 0x0861, 0x0861, 0x1062, 0x1062, 0x1864, 0x2847, 0x404c, 0x68f1, 0xa278, 0xdbf8, 
  0xdc37, 0xaa97, 0x6912, 0x406d, 0x3068, 0x1885, 0x1883, 0x1082, 0x1082, 0x1082, 0x10a2, 0x10a2, 
  0x10a2, 0x10a2, 0x10a2, 0x10a2, 0x10a2, 0x10a2, 0x10a2, 0x10a2, 0x10a2, 0x18c3, 0x18c3, 0x18c3, 
  0x18c3, 0x10a2, 0x0020, 0x0020, 0x0020, 0x0020, 0x0020, 0x3948, 0x1003, 0x1003, 0x1003, 0x1003, 
  0x1003, 0x1003, 0x1003, 0x1003, 0x1003, 0x1003, 0x1003, 0x1003, 0x1003, 0x1003, 0x1003, 0x1003, 
  0x1003, 0x1003, 0x1003, 0x1003, 0x1003, 0x1003, 0x1003, 0x1003, 0x1003, 0x1003, 0x1003, 0x1003, 
  0x1003, 0x1003, 0x1003, 0x1003, 0x1003, 0x1003, 0x1003, 0x1003, 0x1003, 0x1003, 0x1003, 0x1003, 
  0x1003, 0x1003, 0x1003, 0x1003, 0x1003, 0x1003, 0x1003, 0x1003, 0x1003, 0x1803, 0x1823, 0x1823, 
  0x1823, 0x1823, 0x1823, 0x1823, 0x1823, 0x1823, 0x1823, 0x1823, 0x1823, 0x1823, 0x1824, 0x1844, 
  0x1844, 0x1844, 0x2044, 0x2044, 0x49c9, 0x5a4b, 0x49c9, 0x28c6, 0x2064, 0x2064, 0x2064, 0x2064, 
  0x2064, 0x2064, 0x2064, 0x2064, 0x30e6, 0x3968, 0x30e6, 0x2064, 0x2064, 0x2064, 0x2064, 0x5a4b, 
  0x5a4b, 0x30e6, 0x2064, 0x2064, 0x2064, 0x2064, 0x2064, 0x2064, 0x2064, 0x2064, 0x2064, 0x30e6, 
  0x3968, 0x2064, 0x2064, 0x2064, 0x2064, 0x2064, 0x30e6, 0x3968, 0x2064, 0x2044, 0x1844, 0x1824, 
  0x1823, 0x1823, 0x1823, 0x1823, 0x1823, 0x28a5, 0x520a, 0x4188, 0x28a5, 0x1823, 0x1823, 0x1823, 
  0x1823, 0x1823, 0x1823, 0x1823, 0x1823, 0x1823, 0x1823, 0x1823, 0x1823, 0x1823, 0x1823, 0x1823, 
  0x1823, 0x1823, 0x1823, 0x1823, 0x1823, 0x1844, 0x2044, 0x2064, 0x2085, 0x2085, 0x2085, 0x2085, 
  0x2085, 0x2085, 0x2085, 0x2085, 0x2085, 0x2085, 0x2085, 0x2085, 0x2085, 0x2064, 0x2064, 0x2064, 
  0x2064, 0x2064, 0x2064, 0x2064, 0x2064, 0x2064, 0x2085, 0x28a5, 0x28c6, 0x30c6, 0x30e6, 0x30c6, 
  0x30c6, 0x28c6, 0x28c6, 0x28c6, 0x28a6, 0x28a6, 0x28a6, 0x28a5, 0x28a5, 0x28a5, 0x28a5, 0x28a5, 
  0x28a5, 0x28a5, 0x28a5, 0x28a5, 0x28a5, 0x28a5, 0x520b, 0x1082, 0x1062, 0x1082, 0x1082, 0x1082, 
  0x1082, 0x1082, 0x1062, 0x1062, 0x1061, 0x1061, 0x1061, 0x1061, 0x0861, 0x0861, 0x0862, 0x1061, 
  0x0842, 0x0841, 0x2065, 0x8993, 0xba7a, 0x8a93, 0x5aac, 0x5acb, 0x5aaa, 0x52aa, 0x52aa, 0x528a, 
  0x528a, 0x4a69, 0x4a69, 0x4a69, 0x4a49, 0x4a49, 0x4228, 0x4228, 0x4228, 0x4208, 0x4208, 0x4208, 
  0x39e7, 0x39e7, 0x39e7, 0x39c7, 0x39c7, 0x39c7, 0x39c7, 0x31a6, 0x31a6, 0x31a6, 0x3186, 0x3186, 
  0x3186, 0x3186, 0x2965, 0x2965, 0x2965, 0x2945, 0x2124, 0x2104, 0x2104, 0x2104, 0x2104, 0x2104, 
  0x2104, 0x18e3, 0x18e3, 0x18e3, 0x1082, 0x1082, 0x1082, 0x1082, 0x1082, 0x1082, 0x1061, 0x0861, 
  0x0861, 0x0882, 0x0861, 0x0861, 0x0861, 0x0861, 0x0861, 0x0861, 0x0861, 0x0841, 0x0841, 0x0841, 
  0x0861, 0x1062, 0x1063, 0x2046, 0x3049, 0x486e, 0x8995, 0xc378, 0xec96, 0xd3f8, 0x9216, 0x58b0, 
  0x386b, 0x2886, 0x1884, 0x1083, 0x1082, 0x10a2, 0x10a2, 0x10a2, 0x10a2, 0x10a2, 0x10a2, 0x10a2, 
  0x10a2, 0x10a2, 0x10a2, 0x10a2, 0x18c3, 0x18c3, 0x18c3, 0x18c3, 0x18c3, 0x1082, 0x0020, 0x0020, 
  0x0020, 0x0020, 0x0020, 0x3948, 0x1003, 0x1003, 0x1003, 0x1003, 0x1003, 0x1003, 0x1003, 0x1003, 
  0x1003, 0x1003, 0x1003, 0x1003, 0x1003, 0x1003, 0x1003, 0x1003, 0x1003, 0x1003, 0x1003, 0x1003, 
  0x1003, 0x1003, 0x1003, 0x1003, 0x1003, 0x1003, 0x1003, 0x1003, 0x1003, 0x1003, 0x1003, 0x1003, 
  0x1003, 0x1003, 0x1003, 0x1003, 0x1003, 0x1003, 0x1003, 0x1003, 0x1003, 0x1003, 0x1003, 0x1003, 
  0x1003, 0x1003, 0x1003, 0x1003, 0x1803, 0x1823, 0x1823, 0x1823, 0x1823, 0x1823, 0x1823, 0x1823, 
  0x1823, 0x1823, 0x1823, 0x1823, 0x1823, 0x1824, 0x1844, 0x1844, 0x1844, 0x1844, 0x2044, 0x2044, 
  0x2044, 0x2044, 0x2044, 0x2064, 0x2064, 0x2064, 0x2064, 0x2064, 0x2064, 0x2064, 0x2064, 0x2064, 
  0x2064, 0x2064, 0x2064, 0x2064, 0x2064, 0x2064, 0x2064, 0x2064, 0x2064, 0x2064, 0x2064, 0x2064, 
  0x2064, 0x2064, 0x2064, 0x2064, 0x2064, 0x2064, 0x2064, 0x2064, 0x2064, 0x2064, 0x2064, 0x2064, 
  0x2064, 0x2064, 0x2064, 0x2064, 0x2064, 0x2064, 0x2044, 0x1844, 0x1824, 0x1823, 0x1823, 0x1823, 
  0x1823, 0x1823, 0x1823, 0x1823, 0x1823, 0x1823, 0x1823, 0x1823, 0x1823, 0x1823, 0x1823, 0x1823, 
  0x1823, 0x1823, 0x1823, 0x1823, 0x1823, 0x1823, 0x1823, 0x1823, 0x1823, 0x1823, 0x1823, 0x1823, 
  0x1823, 0x1823, 0x1844, 0x2044, 0x2064, 0x2084, 0x2085, 0x2085, 0x2085, 0x2085, 0x2085, 0x2085, 
  0x2085, 0x2085, 0x2085, 0x2085, 0x2064, 0x2064, 0x2064, 0x2064, 0x2064, 0x2064, 0x2064, 0x2064, 
  0x2064, 0x2064, 0x2085, 0x28a5, 0x28c6, 0x28c6, 0x30c6, 0x30c6, 0x30c6, 0x28c6, 0x28c6, 0x28c6, 
  0x28a6, 0x28a6, 0x28a6, 0x28a5, 0x28a5, 0x28a5, 0x28a5, 0x28a5, 0x28a5, 0x28a5, 0x28a5, 0x28a5, 
  0x28a5, 0x28a5, 0x520b, 0x1082, 0x1062, 0x1082, 0x1082, 0x1082, 0x1082, 0x1062, 0x1062, 0x1061, 
  0x1061, 0x1061, 0x1061, 0x1061, 0x1041, 0x1042, 0x0861, 0x0842, 0x0822, 0x48ab, 0x99b8, 0xaa39, 
  0x728f, 0x5acb, 0x5acb, 0x5acb, 0x52aa, 0x52aa, 0x528a, 0x528a, 0x528a, 0x4a69, 0x4a69, 0x4a49, 
  0x4a49, 0x4a49, 0x4228, 0x4228, 0x4228, 0x4208, 0x4208, 0x4208, 0x39e7, 0x39e7, 0x39c7, 0x39c7, 
  0x39c7, 0x39c7, 0x39c7, 0x31a6, 0x31a6, 0x31a6, 0x3186, 0x3186, 0x3186, 0x3186, 0x2965, 0x2965, 
  0x2945, 0x2124, 0x2104, 0x2104, 0x2104, 0x2104, 0x2104, 0x2104, 0x18e3, 0x18e3, 0x18e3, 0x18e3, 
  0x1082, 0x1082, 0x1082, 0x1082, 0x1082, 0x1082, 0x0861, 0x1041, 0x0861, 0x0861, 0x0861, 0x0861, 
  0x0861, 0x0861, 0x0861, 0x0861, 0x0861, 0x0861, 0x0861, 0x0861, 0x0861, 0x0862, 0x1062, 0x1864, 
  0x2046, 0x384b, 0x60b1, 0x9a57, 0xdbf7, 0xecb6, 0xbb38, 0x7994, 0x508e, 0x306a, 0x2085, 0x1883, 
  0x1083, 0x10a2, 0x10a2, 0x10a2, 0x10a2, 0x10a2, 0x10a2, 0x10a2, 0x10a2, 0x10a2, 0x18c3, 0x18c3, 
  0x18c3, 0x18c3, 0x18c3, 0x18c3, 0x18c3, 0x1082, 0x0020, 0x0020, 0x0020, 0x0020, 0x0020, 0x3948, 
  0x1003, 0x1003, 0x1003, 0x1003, 0x1003, 0x1003, 0x1003, 0x1003, 0x1003, 0x1003, 0x1003, 0x1003, 
  0x1003, 0x1003, 0x1003, 0x1003, 0x1003, 0x1003, 0x1003, 0x1003, 0x1003, 0x1003, 0x1003, 0x1003, 
  0x1003, 0x1003, 0x1003, 0x1003, 0x1003, 0x1003, 0x1003, 0x1003, 0x1003, 0x1003, 0x1003, 0x1003, 
  0x1003, 0x1003, 0x1003, 0x1003, 0x1003, 0x1003, 0x1003, 0x1003, 0x1003, 0x1003, 0x1003, 0x1803, 
  0x1823, 0x1823, 0x1823, 0x1823, 0x1823, 0x1823, 0x1823, 0x1823, 0x1823, 0x1823, 0x1823, 0x1823, 
  0x1823, 0x1844, 0x1844, 0x1844, 0x1844, 0x2044, 0x2044, 0x2044, 0x2044, 0x2044, 0x2064, 0x2064, 
  0x2064, 0x2064, 0x2064, 0x2064, 0x2064, 0x2064, 0x2064, 0x2064, 0x2064, 0x2064, 0x2064, 0x2064, 
  0x2064, 0x2064, 0x2064, 0x2064, 0x2064, 0x2064, 0x2064, 0x2064, 0x2064, 0x2064, 0x2064, 0x2064, 
  0x2064, 0x2064, 0x2064, 0x2064, 0x2064, 0x2064, 0x2064, 0x2064, 0x2064, 0x2064, 0x2064, 0x2064, 
  0x2064, 0x2064, 0x2044, 0x2044, 0x1844, 0x1823, 0x1823, 0x1823, 0x1823, 0x1823, 0x1823, 0x1823, 
  0x1823, 0x1823, 0x1823, 0x1823, 0x1823, 0x1823, 0x1823, 0x1823, 0x1823, 0x1823, 0x1823, 0x1823, 
  0x1823, 0x1823, 0x1823, 0x1823, 0x1823, 0x1823, 0x1823, 0x1823, 0x1823, 0x1823, 0x1823, 0x1844, 
  0x2044, 0x2064, 0x2064, 0x2085, 0x2085, 0x2085, 0x2085, 0x2085, 0x2085, 0x2085, 0x2085, 0x2084, 
  0x2064, 0x2064, 0x2064, 0x2064, 0x2064, 0x2064, 0x2064, 0x2064, 0x2064, 0x2064, 0x2064, 0x2085, 
  0x28a5, 0x28c6, 0x30c6, 0x30c6, 0x28c6, 0x28c6, 0x28c6, 0x28a6, 0x28a6, 0x28a6, 0x28a5, 0x28a5, 
  0x28a5, 0x28a5, 0x28a5, 0x28a5, 0x28a5, 0x28a5, 0x28a5, 0x28a5, 0x28a5, 0x28a5, 0x520b, 0x1062, 
  0x1082, 0x1082, 0x1082, 0x1082, 0x1062, 0x1062, 0x1061, 0x1061, 0x1061, 0x1061, 0x1061, 0x1061, 
  0x0861, 0x0861, 0x0842, 0x1844, 0x68f0, 0xa9db, 0x8a55, 0x62cd, 0x5aeb, 0x5acb, 0x5aab, 0x52aa, 
  0x52aa, 0x528a, 0x528a, 0x528a, 0x4a69, 0x4a69, 0x4a49, 0x4a49, 0x4a49, 0x4228, 0x4228, 0x4228, 
  0x4208, 0x4208, 0x4208, 0x39e7, 0x39e7, 0x39c7, 0x39c7, 0x39c7, 0x39c7, 0x39c7, 0x31a6, 0x31a6, 
  0x31a6, 0x3186, 0x3186, 0x3186, 0x3186, 0x3186, 0x2965, 0x2965, 0x2124, 0x2124, 0x2124, 0x2104, 
  0x2104, 0x2104, 0x2104, 0x18e3, 0x18e3, 0x18e3, 0x18e3, 0x18e3, 0x1082, 0x1082, 0x1082, 0x1082, 
  0x1082, 0x1082, 0x0861, 0x0861, 0x0861, 0x0882, 0x0861, 0x0861, 0x0861, 0x0861, 0x0861, 0x0861, 
  0x0861, 0x0861, 0x0861, 0x0861, 0x0861, 0x0861, 0x1042, 0x1043, 0x1845, 0x2848, 0x404d, 0x7113, 
  0xb2b8, 0xdc37, 0xdc18, 0xa257, 0x60f1, 0x406c, 0x2888, 0x2085, 0x1883, 0x1082, 0x1082, 0x10a2, 
  0x10a2, 0x10a2, 0x10a2, 0x10a2, 0x10a2, 0x10a2, 0x18c3, 0x18c3, 0x18c3, 0x18c3, 0x18c3, 0x18c3, 
  0x18c3, 0x0861, 0x0020, 0x0020, 0x0020, 0x0020, 0x0020, 0x3948, 0x1003, 0x1003, 0x1003, 0x1003, 
  0x1003, 0x1003, 0x1003, 0x1003, 0x1003, 0x1003, 0x1003, 0x1003, 0x1003, 0x1003, 0x1003, 0x1003, 
  0x1003, 0x1003, 0x1003, 0x1003, 0x1003, 0x1003, 0x1003, 0x1003, 0x1003, 0x1003, 0x1003, 0x1003, 
  0x1003, 0x1003, 0x1003, 0x1003, 0x1003, 0x1003, 0x1003, 0x1003, 0x1003, 0x1003, 0x1003, 0x1003, 
  0x1003, 0x1003, 0x1003, 0x1003, 0x1003, 0x1003, 0x1803, 0x1823, 0x1823, 0x1823, 0x1823, 0x1823, 
  0x1823, 0x1823, 0x1823, 0x1823, 0x1823, 0x1823, 0x1823, 0x1823, 0x1844, 0x1844, 0x1844, 0x1844, 
  0x2044, 0x2044, 0x2044, 0x2044, 0x2044, 0x2044, 0x2064, 0x2064, 0x2064, 0x2064, 0x2064, 0x2064, 
  0x2064, 0x2064, 0x2064, 0x2064, 0x2064, 0x2064, 0x2064, 0x2064, 0x2064, 0x2064, 0x2064, 0x2064, 
  0x2064, 0x2064, 0x2064, 0x2064, 0x2064, 0x2064, 0x2064, 0x2064, 0x2064, 0x2064, 0x2064, 0x2064, 
  0x2064, 0x2064, 0x2064, 0x2064, 0x2064, 0x2064, 0x2064, 0x2064, 0x2064, 0x2064, 0x2064, 0x2044, 
  0x1844, 0x1824, 0x1823, 0x1823, 0x1823, 0x1823, 0x1823, 0x1823, 0x1823, 0x1823, 0x1823, 0x1823, 
  0x1823, 0x1823, 0x1823, 0x1823, 0x1823, 0x1823, 0x1823, 0x1823, 0x1823, 0x1823, 0x1823, 0x1823, 
  0x1823, 0x1823, 0x1823, 0x1823, 0x1823, 0x1823, 0x1823, 0x1823, 0x1844, 0x1844, 0x2064, 0x2064, 
  0x2085, 0x2085, 0x2085, 0x2085, 0x2085, 0x2085, 0x2085, 0x2064, 0x2064, 0x2064, 0x2064, 0x2064, 
  0x2064, 0x2064, 0x2064, 0x2064, 0x2064, 0x2064, 0x2064, 0x2085, 0x28a5, 0x28c6, 0x28c6, 0x28c6, 
  0x28c6, 0x28c6, 0x28a6, 0x28a6, 0x28a6, 0x28a5, 0x28a5, 0x28a5, 0x28a5, 0x28a5, 0x28a5, 0x28a5, 
  0x28a5, 0x28a5, 0x28a5, 0x28a5, 0x28a5, 0x28a5, 0x520b, 0x1062, 0x1062, 0x1082, 0x1082, 0x1082, 
  0x1062, 0x1062, 0x1061, 0x1061, 0x1061, 0x1061, 0x1061, 0x0861, 0x0842, 0x1043, 0x3048, 0x8116, 
  0xa19a, 0x7a52, 0x62cc, 0x5aec, 0x5aab, 0x5acb, 0x5aab, 0x52aa, 0x52aa, 0x528a, 0x528a, 0x4a69, 
  0x4a69, 0x4a69, 0x4a49, 0x4a49, 0x4228, 0x4228, 0x4228, 0x4208, 0x4208, 0x4208, 0x39e7, 0x39e7, 
  0x39e7, 0x39c7, 0x39c7, 0x39c7, 0x39c7, 0x31a6, 0x31a6, 0x31a6, 0x3186, 0x3186, 0x3186, 0x3186, 
  0x3186, 0x2965, 0x2965, 0x2124, 0x2124, 0x2124, 0x2104, 0x2104, 0x2104, 0x2104, 0x2104, 0x18e3, 
  0x18e3, 0x18e3, 0x18e3, 0x18e3, 0x1082, 0x1082, 0x1082, 0x1061, 0x0861, 0x0861, 0x0861, 0x0861, 
  0x0861, 0x0861, 0x0861, 0x0861, 0x0861, 0x0861, 0x0861, 0x0861, 0x0861, 0x0861, 0x0861, 0x0861, 
  0x0861, 0x0861, 0x0861, 0x0842, 0x1043, 0x2045, 0x3049, 0x484e, 0x7974, 0xb2f8, 0xd3b8, 0xbaf9, 
  0x8194, 0x508f, 0x388a, 0x2086, 0x1884, 0x1083, 0x10a2, 0x10a2, 0x10a2, 0x10a2, 0x10a2, 0x10a2, 
  0x10a2, 0x10a2, 0x10a2, 0x18c3, 0x18c3, 0x18c3, 0x18c3, 0x18c3, 0x18c3, 0x0841, 0x0020, 0x0020, 
  0x0020, 0x0020, 0x0020, 0x3948, 0x1003, 0x1003, 0x1003, 0x1003, 0x1003, 0x1003, 0x1003, 0x1003, 
  0x1003, 0x1003, 0x1003, 0x1003, 0x1003, 0x1003, 0x1003, 0x1003, 0x1003, 0x1003, 0x1003, 0x1003, 
  0x1003, 0x1003, 0x1003, 0x1003, 0x1003, 0x1003, 0x1003, 0x1003, 0x1003, 0x1003, 0x1003, 0x1003, 
  0x1003, 0x1003, 0x1003, 0x1003, 0x1003, 0x1003, 0x1003, 0x1003, 0x1003, 0x1003, 0x1003, 0x1003, 
  0x1003, 0x1803, 0x1803, 0x1823, 0x1823, 0x1823, 0x1823, 0x1823, 0x1823, 0x1823, 0x1823, 0x1823, 
  0x1823, 0x1823, 0x1823, 0x1844, 0x1844, 0x1844, 0x1844, 0x2044, 0x2044, 0x2044, 0x2044, 0x2044, 
  0x2044, 0x2064, 0x2064, 0x2064, 0x2064, 0x2064, 0x2064, 0x2064, 0x2064, 0x2064, 0x2064, 0x2064, 
  0x2064, 0x2064, 0x2064, 0x2064, 0x2064, 0x2064, 0x2064, 0x2064, 0x2064, 0x2064, 0x2064, 0x2064, 
  0x2064, 0x2064, 0x2064, 0x2064, 0x2064, 0x2064, 0x2064, 0x2064, 0x2064, 0x2064, 0x2064, 0x2064, 
  0x2064, 0x2064, 0x2064, 0x2064, 0x2064, 0x2064, 0x2064, 0x2064, 0x2044, 0x1844, 0x1823, 0x1823, 
  0x1823, 0x1823, 0x1823, 0x1823, 0x1823, 0x1823, 0x1823, 0x1823, 0x1823, 0x1823, 0x1823, 0x1823, 
  0x1823, 0x1823, 0x1823, 0x1823, 0x1823, 0x1823, 0x1823, 0x1823, 0x1823, 0x1823, 0x1823, 0x1823, 
  0x1823, 0x1823, 0x1823, 0x1823, 0x1823, 0x1844, 0x1844, 0x2064, 0x2064, 0x2064, 0x2085, 0x2085, 
  0x2085, 0x2085, 0x2064, 0x2064, 0x2064, 0x2064, 0x2064, 0x2064, 0x2064, 0x2064, 0x2064, 0x2064, 
  0x2064, 0x2064, 0x2064, 0x2085, 0x2885, 0x28a5, 0x28c6, 0x28c6, 0x28c6, 0x28c6, 0x28a6, 0x28a6, 
  0x28a5, 0x28a5, 0x28a5, 0x28a5, 0x28a5, 0x28a5, 0x28a5, 0x28a5, 0x28a5, 0x28a5, 0x28a5, 0x28a5, 
  0x28a5, 0x28a5, 0x520b, 0x1062, 0x1082, 0x1082, 0x1082, 0x1062, 0x1062, 0x1061, 0x1061, 0x1062, 
  0x1062, 0x1061, 0x1041, 0x0861, 0x1843, 0x508d, 0x911a, 0x89b6, 0x6a8f, 0x62cc, 0x5aeb, 0x5acb, 
  0x5aab, 0x5aab, 0x52aa, 0x52aa, 0x528a, 0x528a, 0x4a69, 0x4a69, 0x4a69, 0x4a49, 0x4a49, 0x4228, 
  0x4228, 0x4228, 0x4228, 0x4208, 0x4208, 0x39e7, 0x39e7, 0x39e7, 0x39c7, 0x39c7, 0x39c7, 0x39c7, 
  0x31a6, 0x31a6, 0x31a6, 0x31a6, 0x3186, 0x3186, 0x3186, 0x3186, 0x2965, 0x2965, 0x2124, 0x2124, 
  0x2124, 0x2104, 0x2104, 0x2104, 0x2104, 0x2104, 0x18e3, 0x18e3, 0x18e3, 0x18e3, 0x18e3, 0x18e3, 
  0x1082, 0x1082, 0x1082, 0x1061, 0x0861, 0x0861, 0x0861, 0x0861, 0x0861, 0x0861, 0x0861, 0x0861, 
  0x0861, 0x0861, 0x0861, 0x0861, 0x0861, 0x0861, 0x0861, 0x0861, 0x0861, 0x0861, 0x0841, 0x0842, 
  0x1042, 0x1844, 0x2846, 0x382b, 0x588f, 0x8195, 0xaa98, 0xc2da, 0x9a17, 0x60d1, 0x406c, 0x2888, 
  0x20a5, 0x1883, 0x10a2, 0x10a2, 0x10a2, 0x10a2, 0x10a2, 0x10a2, 0x10a2, 0x10a2, 0x10a2, 0x18c3, 
  0x18c3, 0x18c3, 0x18c3, 0x18c3, 0x18c3, 0x0841, 0x0020, 0x0020, 0x0020, 0x0020, 0x0020, 0x3948, 
  0x1003, 0x1003, 0x1003, 0x1003, 0x1003, 0x1003, 0x1003, 0x1003, 0x1003, 0x1003, 0x1003, 0x1003, 
  0x1003, 0x1003, 0x1003, 0x1003, 0x1003, 0x1003, 0x1003, 0x1003, 0x1003, 0x1003, 0x1003, 0x1003, 
  0x1003, 0x1003, 0x1003, 0x1003, 0x1003, 0x1003, 0x1003, 0x1003, 0x1003, 0x1003, 0x1003, 0x1003, 
  0x1003, 0x1003, 0x1003, 0x1003, 0x1003, 0x1003, 0x1003, 0x1003, 0x1823, 0x1823, 0x1823, 0x1823, 
  0x1823, 0x1823, 0x1823, 0x1823, 0x1823, 0x1823, 0x1823, 0x1823, 0x1823, 0x1823, 0x1844, 0x1844, 
  0x1844, 0x1844, 0x2044, 0x2044, 0x2044, 0x2044, 0x2044, 0x2044, 0x2064, 0x2064, 0x2064, 0x2064, 
  0x2064, 0x2064, 0x2064, 0x2064, 0x2064, 0x2064, 0x2064, 0x2064, 0x2064, 0x2064, 0x2064, 0x2064, 
  0x2064, 0x2064, 0x2064, 0x2064, 0x2064, 0x2064, 0x2064, 0x2064, 0x2064, 0x2064, 0x2064, 0x2064, 
  0x2064, 0x2064, 0x2064, 0x2064, 0x2064, 0x2064, 0x2064, 0x2064, 0x2064, 0x2064, 0x2064, 0x2064, 
  0x2064, 0x2064, 0x2064, 0x2064, 0x2044, 0x1844, 0x1824, 0x1823, 0x1823, 0x1823, 0x1823, 0x1823, 
  0x1823, 0x1823, 0x1823, 0x1823, 0x1823, 0x1823, 0x1823, 0x1823, 0x1823, 0x1823, 0x1823, 0x1823, 
  0x1823, 0x1823, 0x1823, 0x1823, 0x1823, 0x1823, 0x1823, 0x1823, 0x1823, 0x1823, 0x1823, 0x1823, 
  0x1823, 0x1823, 0x1844, 0x1844, 0x2064, 0x2064, 0x2064, 0x2084, 0x2084, 0x2064, 0x2064, 0x2064, 
  0x2064, 0x2064, 0x2064, 0x2064, 0x2064, 0x2064, 0x2064, 0x2064, 0x2064, 0x2064, 0x2064, 0x2084, 
  0x2085, 0x28a5, 0x28a6, 0x28c6, 0x28c6, 0x28a6, 0x28a6, 0x28a5, 0x28a5, 0x28a5, 0x28a5, 0x28a5, 
  0x28a5, 0x28a5, 0x2885, 0x2885, 0x2885, 0x2885, 0x2885, 0x2885, 0x2885, 0x2885, 0x51eb, 0x1062, 
  0x1062, 0x1082, 0x1062, 0x1062, 0x1061, 0x1061, 0x1061, 0x1061, 0x1041, 0x0842, 0x0861, 0x2827, 
  0x6854, 0x90d9, 0x81f3, 0x6aad, 0x5b0c, 0x5aeb, 0x5acb, 0x5acb, 0x5acb, 0x52aa, 0x52aa, 0x528a, 
  0x528a, 0x528a, 0x4a69, 0x4a69, 0x4a49, 0x4a49, 0x4228, 0x4228, 0x4228, 0x4228, 0x4208, 0x4208, 
  0x4208, 0x39e7, 0x39e7, 0x39e7, 0x39c7, 0x39c7, 0x39c7, 0x31a6, 0x31a6, 0x31a6, 0x31a6, 0x3186, 
  0x3186, 0x3186, 0x3186, 0x2965, 0x2965, 0x2945, 0x2124, 0x2124, 0x2104, 0x2104, 0x2104, 0x2104, 
  0x2104, 0x2104, 0x18e3, 0x18e3, 0x18e3, 0x18e3, 0x18e3, 0x18c3, 0x1082, 0x1082, 0x0861, 0x0861, 
  0x0861, 0x0861, 0x0861, 0x0861, 0x0861, 0x0861, 0x0861, 0x0861, 0x0861, 0x0861, 0x0861, 0x0861, 
  0x0861, 0x0861, 0x0861, 0x0861, 0x0861, 0x0861, 0x0841, 0x0841, 0x0861, 0x1042, 0x1864, 0x2847, 
  0x384b, 0x5890, 0x8195, 0x9a18, 0xa1fa, 0x7915, 0x488e, 0x388a, 0x2886, 0x1884, 0x18a3, 0x10a3, 
  0x10a2, 0x10a2, 0x10a2, 0x10a2, 0x10a2, 0x18c3, 0x18c3, 0x18c3, 0x18c3, 0x18c3, 0x18c3, 0x18c3, 
  0x18c3, 0x0020, 0x0020, 0x0020, 0x0020, 0x0020, 0x0020, 0x3948, 0x1003, 0x1003, 0x1003, 0x1003, 
  0x1003, 0x1003, 0x1003, 0x1003, 0x1003, 0x1003, 0x1003, 0x1003, 0x1003, 0x1003, 0x1003, 0x1003, 
  0x1003, 0x1003, 0x1003, 0x1003, 0x1003, 0x1003, 0x1003, 0x1003, 0x1003, 0x1003, 0x1003, 0x1003, 
  0x1003, 0x1003, 0x1003, 0x1003, 0x1003, 0x1003, 0x1003, 0x1003, 0x1003, 0x1003, 0x1003, 0x1003, 
  0x1003, 0x1003, 0x1003, 0x1803, 0x1823, 0x1823, 0x1823, 0x1823, 0x1823, 0x1823, 0x1823, 0x1823, 
  0x1823, 0x1823, 0x1823, 0x1823, 0x1823, 0x1844, 0x1844, 0x1844, 0x1844, 0x2044, 0x2044, 0x2044, 
  0x2044, 0x2044, 0x2044, 0x2064, 0x2064, 0x2064, 0x2064, 0x2064, 0x2064, 0x2064, 0x2064, 0x2064, 
  0x2064, 0x2064, 0x2064, 0x2064, 0x2064, 0x2064, 0x2064, 0x2064, 0x2064, 0x2064, 0x2064, 0x2064, 
  0x2064, 0x2064, 0x2064, 0x2064, 0x2064, 0x2064, 0x2064, 0x2064, 0x2064, 0x2064, 0x2064, 0x2064, 
  0x2064, 0x2064, 0x2064, 0x2064, 0x2064, 0x2064, 0x2064, 0x2064, 0x2064, 0x2064, 0x2064, 0x2064, 
  0x2064, 0x2044, 0x1844, 0x1824, 0x1823, 0x1823, 0x1823, 0x1823, 0x1823, 0x1823, 0x1823, 0x1823, 
  0x1823, 0x1823, 0x1823, 0x1823, 0x1823, 0x1823, 0x1823, 0x1823, 0x1823, 0x1823, 0x1823, 0x1823, 
  0x1823, 0x1823, 0x1823, 0x1823, 0x1823, 0x1823, 0x1823, 0x1823, 0x1823, 0x1823, 0x1823, 0x1824, 
  0x1844, 0x2044, 0x2064, 0x2064, 0x2064, 0x2064, 0x2064, 0x2064, 0x2064, 0x2064, 0x2064, 0x2064, 
  0x2064, 0x2064, 0x2064, 0x2064, 0x2064, 0x2064, 0x2064, 0x2064, 0x2085, 0x28a5, 0x28a5, 0x28c6, 
  0x28c6, 0x28a6, 0x28a5, 0x28a5, 0x28a5, 0x28a5, 0x28a5, 0x28a5, 0x2885, 0x2885, 0x2885, 0x2885, 
  0x2885, 0x2885, 0x2885, 0x2885, 0x2885, 0x2885, 0x51eb, 0x1062, 0x1082, 0x1082, 0x1062, 0x1062, 
  0x1061, 0x1061, 0x1061, 0x1061, 0x0862, 0x1042, 0x404b, 0x8057, 0x88f7, 0x6a51, 0x630c, 0x5aeb, 
  0x5aec, 0x5aeb, 0x5acb, 0x5acb, 0x52aa, 0x52aa, 0x528a, 0x528a, 0x528a, 0x4a69, 0x4a69, 0x4a69, 
  0x4a49, 0x4a49, 0x4228, 0x4228, 0x4228, 0x4208, 0x4208, 0x4208, 0x39e7, 0x39e7, 0x39e7, 0x39c7, 
  0x39c7, 0x39c7, 0x39c7, 0x39c7, 0x31a6, 0x31a6, 0x31a6, 0x3186, 0x3186, 0x3186, 0x3186, 0x2965, 
  0x2965, 0x2124, 0x2124, 0x2124, 0x2104, 0x2104, 0x2104, 0x2104, 0x2104, 0x18e3, 0x18e3, 0x18e3, 
  0x18e3, 0x18e3, 0x18c3, 0x18c3, 0x1082, 0x0882, 0x0861, 0x0861, 0x0861, 0x0861, 0x0861, 0x0861, 
  0x0861, 0x0861, 0x0861, 0x0861, 0x0861, 0x0861, 0x0861, 0x0861, 0x0861, 0x0861, 0x0861, 0x0861, 
  0x0861, 0x0861, 0x0861, 0x0861, 0x0841, 0x0842, 0x1043, 0x1845, 0x2848, 0x382c, 0x5890, 0x7153, 
  0x8957, 0x8919, 0x5890, 0x408c, 0x3088, 0x2085, 0x1883, 0x1083, 0x10a2, 0x10a2, 0x10a2, 0x10a2, 
  0x10a2, 0x18c3, 0x18c3, 0x18c3, 0x18c3, 0x18c3, 0x18c3, 0x18c3, 0x10a2, 0x0020, 0x0020, 0x0020, 
  0x0020, 0x0020, 0x0020, 0x3948, 0x1003, 0x1003, 0x1003, 0x1003, 0x1003, 0x1003, 0x1003, 0x1003, 
  0x1003, 0x1003, 0x1003, 0x1003, 0x1003, 0x1003, 0x1003, 0x1003, 0x1003, 0x1003, 0x1003, 0x1003, 
  0x1003, 0x1003, 0x1003, 0x1003, 0x1003, 0x1003, 0x1003, 0x1003, 0x1003, 0x1003, 0x1003, 0x1003, 
  0x1003, 0x1003, 0x1003, 0x1003, 0x1003, 0x1003, 0x1003, 0x1003, 0x1003, 0x1003, 0x1823, 0x1823, 
  0x1823, 0x1823, 0x1823, 0x1823, 0x1823, 0x1823, 0x1823, 0x1823, 0x1823, 0x1823, 0x1823, 0x1823, 
  0x1844, 0x1844, 0x1844, 0x1844, 0x1844, 0x2044, 0x2044, 0x2044, 0x2044, 0x2044, 0x2064, 0x2064, 
  0x2064, 0x2064, 0x2064, 0x2064, 0x2064, 0x2064, 0x2064, 0x2064, 0x2064, 0x2064, 0x2064, 0x2064, 
  0x2064, 0x2064, 0x2064, 0x2064, 0x2064, 0x2064, 0x2064, 0x2064, 0x2064, 0x2064, 0x2064, 0x2064, 
  0x2064, 0x2064, 0x2064, 0x2064, 0x2064, 0x2064, 0x2064, 0x2064, 0x2064, 0x2064, 0x2064, 0x2064, 
  0x2064, 0x2064, 0x2064, 0x2064, 0x2064, 0x2064, 0x2064, 0x2064, 0x2064, 0x2044, 0x1844, 0x1824, 
  0x1823, 0x1823, 0x1823, 0x1823, 0x1823, 0x1823, 0x1823, 0x1823, 0x1823, 0x1823, 0x1823, 0x1823, 
  0x1823, 0x1823, 0x1823, 0x1823, 0x1823, 0x1823, 0x1823, 0x1823, 0x1823, 0x1823, 0x1823, 0x1823, 
  0x1823, 0x1823, 0x1823, 0x1823, 0x1823, 0x1823, 0x1823, 0x1823, 0x1824, 0x1844, 0x2044, 0x2064, 
  0x2064, 0x2064, 0x2064, 0x2064, 0x2064, 0x2064, 0x2064, 0x2064, 0x2064, 0x2064, 0x2064, 0x2064, 
  0x2064, 0x2064, 0x2064, 0x2064, 0x2085, 0x2885, 0x28a5, 0x28a6, 0x28a6, 0x28a6, 0x28a5, 0x28a5, 
  0x28a5, 0x28a5, 0x28a5, 0x28a5, 0x2885, 0x2885, 0x2885, 0x2885, 0x2885, 0x2885, 0x2885, 0x2885, 
  0x2885, 0x2885, 0x51ea, 0x1062, 0x1082, 0x1062, 0x1082, 0x1062, 0x1061, 0x1062, 0x1062, 0x1062, 
  0x1825, 0x6031, 0x8058, 0x7154, 0x6aae, 0x630c, 0x5b0c, 0x5aec, 0x5aeb, 0x5acb, 0x5acb, 0x52aa, 
  0x52aa, 0x528a, 0x528a, 0x528a, 0x4a69, 0x4a69, 0x4a69, 0x4a49, 0x4a49, 0x4a49, 0x4228, 0x4228, 
  0x4208, 0x4208, 0x4208, 0x39e7, 0x39e7, 0x39e7, 0x39c7, 0x39c7, 0x39c7, 0x39c7, 0x39c7, 0x31a6, 
  0x31a6, 0x31a6, 0x3186, 0x3186, 0x3186, 0x3186, 0x2965, 0x2965, 0x2124, 0x2124, 0x2124, 0x2104, 
  0x2104, 0x2104, 0x2104, 0x2104, 0x18e3, 0x18e3, 0x18e3, 0x18e3, 0x18e3, 0x18e3, 0x18c3, 0x18c3, 
  0x1061, 0x0861, 0x0882, 0x0861, 0x0861, 0x0861, 0x0861, 0x0861, 0x0861, 0x0861, 0x0861, 0x0861, 
  0x0861, 0x0861, 0x0861, 0x0861, 0x0861, 0x0861, 0x0861, 0x0861, 0x0861, 0x0861, 0x0861, 0x0861, 
  0x0841, 0x0841, 0x1042, 0x1043, 0x2045, 0x2848, 0x404c, 0x5070, 0x68d2, 0x80b7, 0x7056, 0x486d, 
  0x3089, 0x2886, 0x18a4, 0x1883, 0x18a2, 0x10a2, 0x10a2, 0x10a2, 0x18c3, 0x18c3, 0x18c3, 0x18c3, 
  0x18c3, 0x18c3, 0x18c3, 0x18c3, 0x1082, 0x0020, 0x0020, 0x0020, 0x0020, 0x0020, 0x0020, 0x3948, 
  0x1003, 0x1003, 0x1003, 0x1003, 0x1003, 0x1003, 0x1003, 0x1003, 0x1003, 0x1003, 0x1003, 0x1003, 
  0x1003, 0x1003, 0x1003, 0x1003, 0x1003, 0x1003, 0x1003, 0x1003, 0x1003, 0x1003, 0x1003, 0x1003, 
  0x1003, 0x1003, 0x1003, 0x1003, 0x1003, 0x1003, 0x1003, 0x1003, 0x1003, 0x1003, 0x1003, 0x1003, 
  0x1003, 0x1003, 0x1003, 0x1003, 0x1003, 0x1823, 0x1823, 0x1823, 0x1823, 0x1823, 0x1823, 0x1823, 
  0x1823, 0x1823, 0x1823, 0x1823, 0x1823, 0x1823, 0x1823, 0x1844, 0x1844, 0x1844, 0x1844, 0x2044, 
  0x2044, 0x2044, 0x2044, 0x2044, 0x2044, 0x2064, 0x2064, 0x2064, 0x2064, 0x2064, 0x2064, 0x2064, 
  0x2064, 0x2064, 0x2064, 0x2064, 0x2064, 0x2064, 0x2064, 0x2064, 0x2064, 0x2064, 0x2064, 0x2064, 
  0x2064, 0x2064, 0x2064, 0x2064, 0x2064, 0x2064, 0x2064, 0x2064, 0x2064, 0x2064, 0x2064, 0x2064, 
  0x2064, 0x2064, 0x2064, 0x2064, 0x2064, 0x2064, 0x2064, 0x2064, 0x2064, 0x2064, 0x2064, 0x2064, 
  0x2064, 0x2064, 0x2064, 0x2064, 0x2064, 0x2064, 0x2044, 0x1844, 0x1824, 0x1823, 0x1823, 0x1823, 
  0x1823, 0x1823, 0x1823, 0x1823, 0x1823, 0x1823, 0x1823, 0x1823, 0x1823, 0x1823, 0x1823, 0x1823, 
  0x1823, 0x1823, 0x1823, 0x1823, 0x1823, 0x1823, 0x1823, 0x1823, 0x1823, 0x1823, 0x1823, 0x1823, 
  0x1823, 0x1823, 0x1823, 0x1823, 0x1823, 0x1824, 0x1844, 0x1844, 0x2064, 0x2064, 0x2064, 0x2064, 
  0x2064, 0x2064, 0x2064, 0x2064, 0x2064, 0x2064, 0x2064, 0x2064, 0x2064, 0x2064, 0x2064, 0x2064, 
  0x2064, 0x2085, 0x28a5, 0x28a5, 0x28a6, 0x28a6, 0x28a5, 0x28a5, 0x28a5, 0x28a5, 0x28a5, 0x2885, 
  0x2885, 0x2885, 0x2885, 0x2885, 0x2885, 0x2885, 0x2885, 0x2885, 0x2885, 0x2885, 0x51ea, 0x1062, 
  0x1062, 0x1062, 0x1081, 0x1062, 0x1061, 0x0861, 0x1042, 0x3028, 0x7035, 0x7858, 0x71f2, 0x630d, 
  0x630c, 0x5aeb, 0x5aeb, 0x5aeb, 0x5acb, 0x5acb, 0x52aa, 0x52aa, 0x528a, 0x528a, 0x528a, 0x4a69, 
  0x4a69, 0x4a69, 0x4a49, 0x4a49, 0x4a49, 0x4228, 0x4228, 0x4228, 0x4208, 0x4208, 0x39e7, 0x39e7, 
  0x39e7, 0x39e7, 0x39c7, 0x39c7, 0x39c7, 0x39c7, 0x31a6, 0x31a6, 0x31a6, 0x3186, 0x3186, 0x3186, 
  0x3186, 0x2965, 0x2965, 0x2124, 0x2124, 0x2124, 0x2104, 0x2104, 0x2104, 0x2104, 0x2104, 0x18e3, 
  0x18e3, 0x18e3, 0x18e3, 0x18e3, 0x18e3, 0x18e3, 0x18c3, 0x18c3, 0x1041, 0x0861, 0x0861, 0x0861, 
  0x0861, 0x0861, 0x0861, 0x0861, 0x0861, 0x0861, 0x0861, 0x0861, 0x0861, 0x0861, 0x0861, 0x0861, 
  0x0861, 0x0861, 0x0861, 0x0861, 0x0861, 0x0861, 0x0861, 0x0861, 0x0841, 0x0841, 0x0841, 0x1042, 
  0x1843, 0x2045, 0x3029, 0x402c, 0x482f, 0x5830, 0x8038, 0x6031, 0x388a, 0x28a7, 0x2085, 0x1884, 
  0x18a3, 0x10a3, 0x10a2, 0x10a2, 0x18c3, 0x18c3, 0x18c3, 0x18c3, 0x18c3, 0x18c3, 0x18c3, 0x18c3, 
  0x0861, 0x0020, 0x0020, 0x0020, 0x0020, 0x0020, 0x0020, 0x3948, 0x1003, 0x1003, 0x1003, 0x1003, 
  0x1003, 0x1003, 0x1003, 0x1003, 0x1003, 0x1003, 0x1003, 0x1003, 0x1003, 0x1003, 0x1003, 0x1003, 
  0x1003, 0x1003, 0x1003, 0x1003, 0x1003, 0x1003, 0x1003, 0x1003, 0x1003, 0x1003, 0x1003, 0x1003, 
  0x1003, 0x1003, 0x1003, 0x1003, 0x1003, 0x1003, 0x1003, 0x1003, 0x1003, 0x1003, 0x1003, 0x1003, 
  0x1803, 0x1823, 0x1823, 0x1823, 0x1823, 0x1823, 0x1823, 0x1823, 0x1823, 0x1823, 0x1823, 0x1823, 
  0x1823, 0x1824, 0x1844, 0x1844, 0x1844, 0x1844, 0x2044, 0x2044, 0x2044, 0x2044, 0x2044, 0x2044, 
  0x2064, 0x2064, 0x2064, 0x2064, 0x2064, 0x2064, 0x2064, 0x2064, 0x2064, 0x2064, 0x2064, 0x2064, 
  0x2064, 0x2064, 0x2064, 0x2064, 0x2064, 0x2064, 0x2064, 0x2064, 0x2064, 0x2064, 0x2064, 0x2064, 
  0x2064, 0x2064, 0x2064, 0x2064, 0x2064, 0x2064, 0x2064, 0x2064, 0x2064, 0x2064, 0x2064, 0x2064, 
  0x2064, 0x2064, 0x2064, 0x2064, 0x2064, 0x2064, 0x2064, 0x2064, 0x2064, 0x2064, 0x2064, 0x2064, 
  0x2064, 0x2064, 0x2044, 0x2044, 0x1844, 0x1823, 0x1823, 0x1823, 0x1823, 0x1823, 0x1823, 0x1823, 
  0x1823, 0x1823, 0x1823, 0x1823, 0x1823, 0x1823, 0x1823, 0x1823, 0x1823, 0x1823, 0x1823, 0x1823, 
  0x1823, 0x1823, 0x1823, 0x1823, 0x1823, 0x1823, 0x1823, 0x1823, 0x1823, 0x1823, 0x1823, 0x1823, 
  0x1823, 0x1823, 0x1824, 0x1844, 0x1844, 0x2064, 0x2064, 0x2064, 0x2064, 0x2064, 0x2064, 0x2064, 
  0x2064, 0x2064, 0x2064, 0x2064, 0x2064, 0x2064, 0x1844, 0x2064, 0x2064, 0x2085, 0x28a5, 0x28a5, 
  0x28a5, 0x28a5, 0x28a5, 0x28a5, 0x28a5, 0x28a5, 0x2885, 0x2885, 0x2885, 0x2885, 0x2885, 0x2885, 
  0x2885, 0x2885, 0x2885, 0x2885, 0x2885, 0x2885, 0x51ea, 0x1062, 0x1062, 0x1061, 0x1062, 0x1062, 
  0x1062, 0x1843, 0x482e, 0x7819, 0x78d6, 0x72af, 0x62ed, 0x5b0c, 0x5aeb, 0x5aeb, 0x5aeb, 0x5acb, 
  0x5acb, 0x5acb, 0x52aa, 0x52aa, 0x528a, 0x528a, 0x4a69, 0x4a69, 0x4a69, 0x4a49, 0x4a49, 0x4228, 
  0x4228, 0x4228, 0x4228, 0x4208, 0x4208, 0x4208, 0x39e7, 0x39e7, 0x39e7, 0x39c7, 0x39c7, 0x39c7, 
  0x39c7, 0x31a6, 0x31a6, 0x31a6, 0x3186, 0x3186, 0x3186, 0x3186, 0x2965, 0x2965, 0x2945, 0x2124, 
  0x2124, 0x2104, 0x2104, 0x2104, 0x2104, 0x2104, 0x2104, 0x18e3, 0x18e3, 0x18e3, 0x18e3, 0x18e3, 
  0x18e3, 0x18c3, 0x18c3, 0x18c3, 0x0861, 0x0861, 0x0882, 0x0861, 0x0861, 0x0861, 0x0861, 0x0861, 
  0x0861, 0x0861, 0x0861, 0x0861, 0x0861, 0x0861, 0x0861, 0x0861, 0x0861, 0x0861, 0x0861, 0x0861, 
  0x0861, 0x0861, 0x0861, 0x0861, 0x0841, 0x0841, 0x0841, 0x0842, 0x0842, 0x1043, 0x2045, 0x2828, 
  0x384a, 0x402d, 0x5030, 0x7838, 0x486c, 0x3088, 0x20a5, 0x18a4, 0x18a3, 0x10a3, 0x10a2, 0x10a2, 
  0x18c3, 0x18c3, 0x18c3, 0x18c3, 0x18c3, 0x18c3, 0x18c3, 0x18c3, 0x0861, 0x0020, 0x0000, 0x0000, 
  0x0020, 0x0000, 0x0000, 0x3948, 0x1003, 0x1003, 0x1003, 0x1003, 0x1003, 0x1003, 0x1003, 0x1003, 
  0x1003, 0x1003, 0x1003, 0x1003, 0x1003, 0x1003, 0x1003, 0x1003, 0x1003, 0x1003, 0x1003, 0x1003, 
  0x1003, 0x1003, 0x1003, 0x1003, 0x1003, 0x1003, 0x1003, 0x1003, 0x1003, 0x1003, 0x1003, 0x1003, 
  0x1003, 0x1003, 0x1003, 0x1003, 0x1003, 0x1003, 0x1003, 0x1803, 0x1823, 0x1823, 0x1823, 0x1823, 
  0x1823, 0x1823, 0x1823, 0x1823, 0x1823, 0x1823, 0x1823, 0x1823, 0x1824, 0x1844, 0x1844, 0x1844, 
  0x1844, 0x2044, 0x2044, 0x2044, 0x2044, 0x2044, 0x2044, 0x2064, 0x2064, 0x2064, 0x2064, 0x2064, 
  0x2064, 0x2064, 0x2064, 0x2064, 0x2064, 0x2064, 0x2064, 0x2064, 0x2064, 0x2064, 0x2064, 0x2064, 
  0x2064, 0x2064, 0x2064, 0x2064, 0x2064, 0x2064, 0x2064, 0x2064, 0x2064, 0x2064, 0x2064, 0x2064, 
  0x2064, 0x2064, 0x2064, 0x2064, 0x2064, 0x2064, 0x2064, 0x2064, 0x2064, 0x2064, 0x2064, 0x2064, 
  0x2064, 0x2064, 0x2064, 0x2064, 0x2064, 0x2064, 0x2064, 0x2064, 0x2064, 0x2064, 0x2064, 0x2044, 
  0x1844, 0x1824, 0x1823, 0x1823, 0x1823, 0x1823, 0x1823, 0x1823, 0x1823, 0x1823, 0x1823, 0x1823, 
  0x1823, 0x1823, 0x1823, 0x1823, 0x1823, 0x1823, 0x1823, 0x1823, 0x1823, 0x1823, 0x1823, 0x1823, 
  0x1823, 0x1823, 0x1823, 0x1823, 0x1823, 0x1823, 0x1823, 0x1823, 0x1823, 0x1823, 0x1823, 0x1824, 
  0x1844, 0x1844, 0x2064, 0x2064, 0x2064, 0x2064, 0x2064, 0x2064, 0x2064, 0x2064, 0x2064, 0x2064, 
  0x2064, 0x1844, 0x1844, 0x2064, 0x2064, 0x2085, 0x2885, 0x28a5, 0x28a5, 0x28a5, 0x28a5, 0x28a5, 
  0x28a5, 0x28a5, 0x2885, 0x2885, 0x2885, 0x2885, 0x2085, 0x2085, 0x2085, 0x2085, 0x2885, 0x2885, 
  0x2885, 0x2885, 0x51ea, 0x1061, 0x1062, 0x1062, 0x1062, 0x1061, 0x2826, 0x6834, 0x7859, 0x71b3, 
  0x630e, 0x630c, 0x632b, 0x5b0c, 0x5aeb, 0x5aeb, 0x5acb, 0x5acb, 0x5acb, 0x52aa, 0x52aa, 0x528a, 
  0x528a, 0x528a, 0x4a69, 0x4a69, 0x4a49, 0x4a49, 0x4a49, 0x4228, 0x4228, 0x4228, 0x4208, 0x4208, 
  0x4208, 0x39e7, 0x39e7, 0x39e7, 0x39c7, 0x39c7, 0x39c7, 0x39c7, 0x39c7, 0x31a6, 0x31a6, 0x31a6, 
  0x3186, 0x3186, 0x3186, 0x3186, 0x2965, 0x2945, 0x2124, 0x2124, 0x2124, 0x2104, 0x2104, 0x2104, 
  0x2104, 0x2104, 0x18e3, 0x18e3, 0x18e3, 0x18e3, 0x18e3, 0x18e3, 0x18c3, 0x18c3, 0x18c3, 0x18c3, 
  0x0861, 0x0861, 0x0861, 0x0861, 0x0861, 0x0861, 0x0861, 0x0861, 0x0861, 0x0861, 0x0861, 0x0861, 
  0x0861, 0x0861, 0x0861, 0x0861, 0x0861, 0x0861, 0x0861, 0x0861, 0x0861, 0x0861, 0x0861, 0x0861, 
  0x0861, 0x0861, 0x0841, 0x0841, 0x0842, 0x1042, 0x1044, 0x2045, 0x2848, 0x304a, 0x382b, 0x6012, 
  0x7835, 0x3889, 0x20a6, 0x2084, 0x18a3, 0x10a3, 0x10a3, 0x18a3, 0x18c3, 0x18c3, 0x18c3, 0x18c3, 
  0x18c3, 0x18c3, 0x18c3, 0x18c3, 0x0841, 0x0020, 0x0000, 0x0000, 0x0000, 0x0000, 0x0000, 0x3948, 
  0x1003, 0x1003, 0x1003, 0x1003, 0x1003, 0x1003, 0x1003, 0x1003, 0x1003, 0x1003, 0x1003, 0x1003, 
  0x1003, 0x1003, 0x1003, 0x1003, 0x1003, 0x1003, 0x1003, 0x1003, 0x1003, 0x1003, 0x1003, 0x1003, 
  0x1003, 0x1003, 0x1003, 0x1003, 0x1003, 0x1003, 0x1003, 0x1003, 0x1003, 0x1003, 0x1003, 0x1003, 
  0x1003, 0x1003, 0x1803, 0x1803, 0x1823, 0x1823, 0x1823, 0x1823, 0x1823, 0x1823, 0x1823, 0x1823, 
  0x1823, 0x1823, 0x1823, 0x1824, 0x1844, 0x1844, 0x1844, 0x1844, 0x1844, 0x2044, 0x2044, 0x2044, 
  0x2044, 0x2044, 0x2064, 0x2064, 0x2064, 0x2064, 0x2064, 0x2064, 0x2064, 0x2064, 0x2064, 0x2064, 
  0x2064, 0x2064, 0x2064, 0x2064, 0x2064, 0x2064, 0x2064, 0x2064, 0x2064, 0x2064, 0x2064, 0x2064, 
  0x2064, 0x2064, 0x2064, 0x2064, 0x2064, 0x2064, 0x2064, 0x2064, 0x2064, 0x2064, 0x2064, 0x2064, 
  0x2064, 0x2064, 0x2064, 0x2064, 0x2064, 0x2064, 0x2064, 0x2064, 0x2064, 0x2064, 0x2064, 0x2064, 
  0x2064, 0x2064, 0x2064, 0x2064, 0x2064, 0x2064, 0x2064, 0x2044, 0x2044, 0x1844, 0x1823, 0x1823, 
  0x1823, 0x1823, 0x1823, 0x1823, 0x1823, 0x1823, 0x1823, 0x1823, 0x1823, 0x1823, 0x1823, 0x1823, 
  0x1823, 0x1823, 0x1823, 0x1823, 0x1823, 0x1823, 0x1823, 0x1823, 0x1823, 0x1823, 0x1823, 0x1823, 
  0x1823, 0x1823, 0x1823, 0x1823, 0x1823, 0x1823, 0x1823, 0x1823, 0x1824, 0x1844, 0x1844, 0x2044, 
  0x2064, 0x2064, 0x2064, 0x2064, 0x2064, 0x2064, 0x2064, 0x2044, 0x1844, 0x1844, 0x1844, 0x2044, 
  0x2064, 0x2064, 0x2085, 0x2885, 0x28a5, 0x28a5, 0x28a5, 0x28a5, 0x28a5, 0x2885, 0x2885, 0x2885, 
  0x2885, 0x2085, 0x2085, 0x2085, 0x2085, 0x2085, 0x2085, 0x2085, 0x2085, 0x2085, 0x51ea, 0x1061, 
  0x0862, 0x1061, 0x1062, 0x402b, 0x8036, 0x80b7, 0x7a52, 0x632c, 0x630c, 0x630c, 0x5b0c, 0x5aeb, 
  0x5aeb, 0x5acb, 0x5acb, 0x52aa, 0x52aa, 0x52aa, 0x528a, 0x528a, 0x528a, 0x4a69, 0x4a69, 0x4a49, 
  0x4a49, 0x4a49, 0x4228, 0x4228, 0x4228, 0x4208, 0x4208, 0x4208, 0x39e7, 0x39e7, 0x39e7, 0x39c7, 
  0x39c7, 0x39c7, 0x39c7, 0x39c7, 0x31a6, 0x31a6, 0x31a6, 0x3186, 0x3186, 0x3186, 0x3186, 0x2965, 
  0x2965, 0x2124, 0x2124, 0x2124, 0x2104, 0x2104, 0x2104, 0x2104, 0x2104, 0x2104, 0x18e3, 0x18e3, 
  0x18e3, 0x18e3, 0x18e3, 0x18c3, 0x18c3, 0x18c3, 0x18c3, 0x18c3, 0x0861, 0x0861, 0x0861, 0x0861, 
  0x0861, 0x0861, 0x0861, 0x0861, 0x0861, 0x0861, 0x0861, 0x0861, 0x0861, 0x0861, 0x0861, 0x0861, 
  0x0861, 0x0861, 0x0861, 0x0861, 0x0861, 0x0861, 0x0861, 0x0861, 0x0861, 0x0841, 0x0841, 0x0841, 
  0x0841, 0x0841, 0x1042, 0x1844, 0x2045, 0x2847, 0x3029, 0x3029, 0x6814, 0x5830, 0x2887, 0x2085, 
  0x18a3, 0x18a3, 0x18c2, 0x18a3, 0x18c3, 0x18c3, 0x18c3, 0x18c3, 0x18c3, 0x18c3, 0x18c3, 0x18c3, 
  0x0020, 0x0000, 0x0000, 0x0000, 0x0000, 0x0000, 0x0000, 0x3948, 0x1003, 0x1003, 0x1003, 0x1003, 
  0x1003, 0x1003, 0x1003, 0x1003, 0x1003, 0x1003, 0x1003, 0x1003, 0x1003, 0x1003, 0x1003, 0x1003, 
  0x1003, 0x1003, 0x1003, 0x1003, 0x1003, 0x1003, 0x1003, 0x1003, 0x1003, 0x1003, 0x1003, 0x1003, 
  0x1003, 0x1003, 0x1003, 0x1003, 0x1003, 0x1003, 0x1003, 0x1003, 0x1003, 0x1803, 0x1803, 0x1803, 
  0x1823, 0x1823, 0x1823, 0x1823, 0x1823, 0x1823, 0x1823, 0x1823, 0x1823, 0x1823, 0x1824, 0x1824, 
  0x1844, 0x1844, 0x1844, 0x1844, 0x2044, 0x2044, 0x2044, 0x2044, 0x2044, 0x2064, 0x2064, 0x2064, 
  0x2064, 0x2064, 0x2064, 0x2064, 0x2064, 0x2064, 0x2064, 0x2064, 0x2064, 0x2064, 0x2064, 0x2064, 
  0x2064, 0x2064, 0x2064, 0x2064, 0x2064, 0x2064, 0x2064, 0x2064, 0x2064, 0x2064, 0x2064, 0x2064, 
  0x2064, 0x2064, 0x2064, 0x2064, 0x2064, 0x2064, 0x2064, 0x2064, 0x2064, 0x2064, 0x2064, 0x2064, 
  0x2064, 0x2064, 0x2064, 0x2064, 0x2064, 0x2064, 0x2064, 0x2064, 0x2064, 0x2064, 0x2064, 0x2064, 
  0x2064, 0x2064, 0x2064, 0x2064, 0x2044, 0x1844, 0x1824, 0x1823, 0x1823, 0x1823, 0x1823, 0x1823, 
  0x1823, 0x1823, 0x1823, 0x1823, 0x1823, 0x1823, 0x1823, 0x1823, 0x1823, 0x1823, 0x1823, 0x1823, 
  0x1823, 0x1823, 0x1823, 0x1823, 0x1823, 0x1823, 0x1823, 0x1823, 0x1823, 0x1823, 0x1823, 0x1823, 
  0x1823, 0x1823, 0x1823, 0x1823, 0x1823, 0x1824, 0x1844, 0x1844, 0x2044, 0x2064, 0x2064, 0x2064, 
  0x2064, 0x2064, 0x2064, 0x1844, 0x1844, 0x1844, 0x1844, 0x1844, 0x2064, 0x2064, 0x2085, 0x2885, 
  0x28a5, 0x28a5, 0x28a5, 0x28a5, 0x2885, 0x2885, 0x2885, 0x2885, 0x2085, 0x2085, 0x2085, 0x2085, 
  0x2085, 0x2085, 0x2085, 0x2085, 0x2085, 0x2085, 0x51eb, 0x1061, 0x1041, 0x1845, 0x6031, 0x8819, 
  0x7155, 0x6aee, 0x632d, 0x632c, 0x630c, 0x630c, 0x5aeb, 0x5aeb, 0x5acb, 0x5acb, 0x5acb, 0x52aa, 
  0x52aa, 0x528a, 0x528a, 0x528a, 0x4a69, 0x4a69, 0x4a69, 0x4a49, 0x4a49, 0x4228, 0x4228, 0x4228, 
  0x4228, 0x4208, 0x4208, 0x4208, 0x39e7, 0x39e7, 0x39c7, 0x39c7, 0x39c7, 0x39c7, 0x39c7, 0x31a6, 
  0x31a6, 0x31a6, 0x3186, 0x3186, 0x3186, 0x3186, 0x2965, 0x2965, 0x2124, 0x2124, 0x2124, 0x2124, 
  0x2104, 0x2104, 0x2104, 0x2104, 0x18e3, 0x18e3, 0x18e3, 0x18e3, 0x18e3, 0x18e3, 0x18c3, 0x18c3, 
  0x18c3, 0x18c3, 0x18c3, 0x18c3, 0x0861, 0x0861, 0x0861, 0x0861, 0x0861, 0x0861, 0x0861, 0x0861, 
  0x0861, 0x0861, 0x0861, 0x0861, 0x0861, 0x0861, 0x0861, 0x0861, 0x0861, 0x0861, 0x0861, 0x0861, 
  0x0861, 0x0861, 0x0861, 0x0861, 0x0841, 0x0841, 0x0841, 0x0841, 0x0841, 0x0841, 0x0841, 0x1042, 
  0x1843, 0x1845, 0x2046, 0x2827, 0x382a, 0x7837, 0x406a, 0x2085, 0x18c3, 0x18a3, 0x18a3, 0x18a3, 
  0x18c3, 0x18c3, 0x18c3, 0x18c3, 0x18c3, 0x18c3, 0x18c3, 0x18c3, 0x0020, 0x0000, 0x0000, 0x0000, 
  0x0000, 0x0000, 0x0000, 0x3948, 0x1003, 0x1003, 0x1003, 0x1003, 0x1003, 0x1003, 0x1003, 0x1003, 
  0x1003, 0x1003, 0x1003, 0x1003, 0x1003, 0x1003, 0x1003, 0x1003, 0x1003, 0x1003, 0x1003, 0x1003, 
  0x1003, 0x1003, 0x1003, 0x1003, 0x1003, 0x1003, 0x1003, 0x1003, 0x1003, 0x1003, 0x1003, 0x1003, 
  0x1003, 0x1003, 0x1003, 0x1003, 0x1003, 0x1803, 0x1803, 0x1803, 0x1823, 0x1823, 0x1823, 0x1823, 
  0x1823, 0x1823, 0x1823, 0x1823, 0x1823, 0x1823, 0x1824, 0x1844, 0x1844, 0x1844, 0x1844, 0x2044, 
  0x2044, 0x2044, 0x2044, 0x2044, 0x2064, 0x2064, 0x2064, 0x2064, 0x2064, 0x2064, 0x2064, 0x2064, 
  0x2064, 0x2064, 0x2064, 0x2064, 0x2064, 0x2064, 0x2064, 0x2064, 0x2064, 0x2064, 0x2064, 0x2064, 
  0x2064, 0x2064, 0x2064, 0x2064, 0x2064, 0x2064, 0x2064, 0x2064, 0x2064, 0x2064, 0x2064, 0x2064, 
  0x2064, 0x2064, 0x2064, 0x2064, 0x2064, 0x2064, 0x2064, 0x2064, 0x2064, 0x2064, 0x2064, 0x2064, 
  0x2064, 0x2064, 0x2064, 0x2064, 0x2064, 0x2064, 0x2064, 0x2064, 0x2064, 0x2064, 0x2064, 0x2064, 
  0x2064, 0x2044, 0x1844, 0x1824, 0x1823, 0x1823, 0x1823, 0x1823, 0x1823, 0x1823, 0x1823, 0x1823, 
  0x1823, 0x1823, 0x1823, 0x1823, 0x1823, 0x1823, 0x1823, 0x1823, 0x1823, 0x1823, 0x1823, 0x1823, 
  0x1823, 0x1823, 0x1823, 0x1823, 0x1823, 0x1823, 0x1823, 0x1823, 0x1823, 0x1823, 0x1823, 0x1823, 
  0x1823, 0x1823, 0x1823, 0x1844, 0x1844, 0x1844, 0x2044, 0x2044, 0x2064, 0x2064, 0x2044, 0x1844, 
  0x1844, 0x1844, 0x1844, 0x1844, 0x2044, 0x2064, 0x2065, 0x2085, 0x2885, 0x28a5, 0x28a5, 0x28a5, 
  0x2885, 0x2885, 0x2885, 0x2085, 0x2085, 0x2085, 0x2085, 0x2085, 0x2085, 0x2085, 0x2085, 0x2085, 
  0x2085, 0x2065, 0x59eb, 0x1061, 0x3029, 0x7835, 0x7878, 0x7232, 0x6b2d, 0x632c, 0x630c, 0x632c, 
  0x630c, 0x5aeb, 0x5aeb, 0x5acb, 0x5acb, 0x52aa, 0x52aa, 0x52aa, 0x528a, 0x528a, 0x528a, 0x4a69, 
  0x4a69, 0x4a69, 0x4a49, 0x4a49, 0x4228, 0x4228, 0x4228, 0x4208, 0x4208, 0x4208, 0x39e7, 0x39e7, 
  0x39e7, 0x39e7, 0x39c7, 0x39c7, 0x39c7, 0x39c7, 0x31a6, 0x31a6, 0x31a6, 0x3186, 0x3186, 0x3186, 
  0x3186, 0x2965, 0x2965, 0x2945, 0x2124, 0x2124, 0x2104, 0x2104, 0x2104, 0x2104, 0x2104, 0x2104, 
  0x18e3, 0x18e3, 0x18e3, 0x18e3, 0x18e3, 0x18e3, 0x18c3, 0x18c3, 0x18c3, 0x18c3, 0x18c3, 0x18c3, 
  0x0861, 0x0861, 0x0861, 0x0861, 0x0861, 0x0861, 0x0861, 0x0861, 0x0861, 0x0861, 0x0861, 0x0861, 
  0x0861, 0x0861, 0x0861, 0x0861, 0x0861, 0x0861, 0x0861, 0x0861, 0x0861, 0x0861, 0x0861, 0x0841, 
  0x0841, 0x0841, 0x0841, 0x0841, 0x0841, 0x0841, 0x0841, 0x0842, 0x1042, 0x1023, 0x1845, 0x2045, 
  0x2846, 0x400d, 0x7834, 0x2867, 0x2085, 0x18a3, 0x10a3, 0x18c3, 0x18c3, 0x18c3, 0x18c3, 0x18c3, 
  0x18c3, 0x18c3, 0x18c3, 0x10a2, 0x0000, 0x0000, 0x0000, 0x0000, 0x0000, 0x0000, 0x0000, 0x3948, 
  0x1003, 0x1003, 0x1003, 0x1003, 0x1003, 0x1003, 0x1003, 0x1003, 0x1003, 0x1003, 0x1003, 0x1003, 
  0x1003, 0x1003, 0x1003, 0x1003, 0x1003, 0x1003, 0x1003, 0x1003, 0x1003, 0x1003, 0x1003, 0x1003, 
  0x1003, 0x1003, 0x1003, 0x1003, 0x1003, 0x1003, 0x1003, 0x1003, 0x1003, 0x1003, 0x1003, 0x1003, 
  0x1803, 0x1803, 0x1803, 0x1823, 0x1823, 0x1823, 0x1823, 0x1823, 0x1823, 0x1823, 0x1823, 0x1823, 
  0x1823, 0x1824, 0x1844, 0x1844, 0x1844, 0x1844, 0x2044, 0x2044, 0x2044, 0x2044, 0x2044, 0x2064, 
  0x2064, 0x2064, 0x2064, 0x2064, 0x2064, 0x2064, 0x2064, 0x2064, 0x2064, 0x2064, 0x2064, 0x2064, 
  0x2064, 0x2064, 0x2064, 0x2064, 0x2064, 0x2064, 0x2064, 0x2064, 0x2064, 0x2064, 0x2064, 0x2064, 
  0x2064, 0x2064, 0x2064, 0x2064, 0x2064, 0x2064, 0x2064, 0x2064, 0x2064, 0x2064, 0x2064, 0x2064, 
  0x2064, 0x2064, 0x2064, 0x2064, 0x2064, 0x2064, 0x2064, 0x2064, 0x2064, 0x2064, 0x2064, 0x2064, 
  0x2064, 0x2064, 0x2064, 0x2064, 0x2064, 0x2064, 0x2064, 0x2064, 0x2064, 0x2044, 0x2044, 0x1824, 
  0x1823, 0x1823, 0x1823, 0x1823, 0x1823, 0x1823, 0x1823, 0x1823, 0x1823, 0x1823, 0x1823, 0x1823, 
  0x1823, 0x1823, 0x1823, 0x1823, 0x1823, 0x1823, 0x1823, 0x1823, 0x1823, 0x1823, 0x1823, 0x1823, 
  0x1823, 0x1823, 0x1823, 0x1823, 0x1823, 0x1823, 0x1823, 0x1823, 0x1823, 0x1823, 0x1823, 0x1823, 
  0x1844, 0x1844, 0x1844, 0x2044, 0x2044, 0x2044, 0x1844, 0x1844, 0x1844, 0x1844, 0x1844, 0x1844, 
  0x1844, 0x2064, 0x2064, 0x2085, 0x2885, 0x28a5, 0x28a5, 0x2885, 0x2885, 0x2885, 0x2085, 0x2085, 
  0x2085, 0x2065, 0x2065, 0x2065, 0x2065, 0x2065, 0x2065, 0x2065, 0x2065, 0x2065, 0x59ec, 0x482e, 
  0x8018, 0x78f6, 0x72d0, 0x634d, 0x632d, 0x632c, 0x632c, 0x62ec, 0x5aeb, 0x5aeb, 0x5acb, 0x5acb, 
  0x5acb, 0x52aa, 0x52aa, 0x528a, 0x528a, 0x528a, 0x4a69, 0x4a69, 0x4a69, 0x4a49, 0x4a49, 0x4228, 
  0x4228, 0x4228, 0x4228, 0x4208, 0x4208, 0x4208, 0x39e7, 0x39e7, 0x39e7, 0x39c7, 0x39c7, 0x39c7, 
  0x39c7, 0x31a6, 0x31a6, 0x31a6, 0x3186, 0x3186, 0x3186, 0x3186, 0x3186, 0x2965, 0x2945, 0x2124, 
  0x2124, 0x2124, 0x2104, 0x2104, 0x2104, 0x2104, 0x2104, 0x18e3, 0x18e3, 0x18e3, 0x18e3, 0x18e3, 
  0x18e3, 0x18e3, 0x18c3, 0x18c3, 0x18c3, 0x18c3, 0x18c3, 0x18c3, 0x0861, 0x0861, 0x0861, 0x0861, 
  0x0861, 0x0861, 0x0861, 0x0861, 0x0861, 0x0861, 0x0861, 0x0861, 0x0861, 0x0861, 0x0861, 0x0861, 
  0x0861, 0x0861, 0x0861, 0x0861, 0x0861, 0x0861, 0x0841, 0x0841, 0x0841, 0x0841, 0x0841, 0x0841, 
  0x0841, 0x0841, 0x0841, 0x0841, 0x0842, 0x1042, 0x1043, 0x1843, 0x1825, 0x2024, 0x5810, 0x5810, 
  0x2085, 0x18a3, 0x18a3, 0x18c3, 0x18c3, 0x18c3, 0x18c3, 0x18c3, 0x18c3, 0x18c3, 0x18c3, 0x1082, 
  0x0000, 0x0000, 0x0000, 0x0000, 0x0000, 0x0000, 0x0000, 0x3948, 0x1003, 0x1003, 0x1003, 0x1003, 
  0x1003, 0x1003, 0x1003, 0x1003, 0x1003, 0x1003, 0x1003, 0x1003, 0x1003, 0x1003, 0x1003, 0x1003, 
  0x1003, 0x1003, 0x1003, 0x1003, 0x1003, 0x1003, 0x1003, 0x1003, 0x1003, 0x1003, 0x1003, 0x1003, 
  0x1003, 0x1003, 0x1003, 0x1003, 0x1003, 0x1003, 0x1803, 0x1803, 0x1803, 0x1823, 0x1823, 0x1823, 
  0x1823, 0x1823, 0x1823, 0x1823, 0x1823, 0x1823, 0x1823, 0x1823, 0x1824, 0x1844, 0x1844, 0x1844, 
  0x1844, 0x2044, 0x2044, 0x2044, 0x2044, 0x2044, 0x2064, 0x2064, 0x2064, 0x2064, 0x2064, 0x2064, 
  0x2064, 0x2064, 0x2064, 0x2064, 0x2064, 0x2064, 0x2064, 0x2064, 0x2064, 0x2064, 0x2064, 0x2064, 
  0x2064, 0x2064, 0x2064, 0x2064, 0x2064, 0x2064, 0x2064, 0x2064, 0x2064, 0x2064, 0x2064, 0x2064, 
  0x2064, 0x2064, 0x2064, 0x2064, 0x2064, 0x2064, 0x2064, 0x2064, 0x2064, 0x2064, 0x2064, 0x2064, 
  0x2064, 0x2064, 0x2064, 0x2064, 0x2064, 0x2064, 0x2064, 0x2064, 0x2064, 0x2064, 0x2064, 0x2064, 
  0x2064, 0x2064, 0x2064, 0x2064, 0x2064, 0x2064, 0x2044, 0x1844, 0x1824, 0x1823, 0x1823, 0x1823, 
  0x1823, 0x1823, 0x1823, 0x1823, 0x1823, 0x1823, 0x1823, 0x1823, 0x1823, 0x1823, 0x1823, 0x1823, 
  0x1823, 0x1823, 0x1823, 0x1823, 0x1823, 0x1823, 0x1823, 0x1823, 0x1823, 0x1823, 0x1823, 0x1823, 
  0x1823, 0x1823, 0x1823, 0x1823, 0x1823, 0x1823, 0x1823, 0x1823, 0x1823, 0x1844, 0x1844, 0x1844, 
  0x1844, 0x1844, 0x1844, 0x1844, 0x1844, 0x1844, 0x1844, 0x1844, 0x1844, 0x2044, 0x2064, 0x2085, 
  0x2085, 0x2885, 0x2885, 0x2885, 0x2885, 0x2885, 0x2085, 0x2085, 0x2085, 0x2065, 0x2065, 0x2065, 
  0x2065, 0x2065, 0x2065, 0x2065, 0x2065, 0x2065, 0x61ed, 0x7855, 0x71b3, 0x6b0e, 0x6b2d, 0x632c, 
  0x630c, 0x630c, 0x630c, 0x5aeb, 0x5aeb, 0x5acb, 0x5acb, 0x5acb, 0x52aa, 0x52aa, 0x528a, 0x528a, 
  0x528a, 0x4a69, 0x4a69, 0x4a69, 0x4a49, 0x4a49, 0x4228, 0x4228, 0x4228, 0x4228, 0x4208, 0x4208, 
  0x4208, 0x39e7, 0x39e7, 0x39e7, 0x39c7, 0x39c7, 0x39c7, 0x39c7, 0x39c7, 0x31a6, 0x31a6, 0x31a6, 
  0x3186, 0x3186, 0x3186, 0x3186, 0x2965, 0x2965, 0x2124, 0x2124, 0x2124, 0x2104, 0x2104, 0x2104, 
  0x2104, 0x2104, 0x18e3, 0x18e3, 0x18e3, 0x18e3, 0x18e3, 0x18e3, 0x18c3, 0x18c3, 0x18c3, 0x18c3, 
  0x18c3, 0x18c3, 0x18c3, 0x18c3, 0x0861, 0x0861, 0x0861, 0x0861, 0x0861, 0x0861, 0x0861, 0x0861, 
  0x0861, 0x0861, 0x0861, 0x0861, 0x0861, 0x0861, 0x0861, 0x0861, 0x0861, 0x0861, 0x0861, 0x0861, 
  0x0861, 0x0841, 0x0841, 0x0841, 0x0841, 0x0841, 0x0841, 0x0841, 0x0841, 0x0841, 0x0841, 0x0841, 
  0x0841, 0x0842, 0x1042, 0x1042, 0x1023, 0x1023, 0x2025, 0x6013, 0x484c, 0x18a4, 0x18a3, 0x18c3, 
  0x18c3, 0x18c3, 0x18c3, 0x18c3, 0x18c3, 0x18c3, 0x18c3, 0x0861, 0x0000, 0x0000, 0x0000, 0x0000, 
  0x0000, 0x0000, 0x0000, 0x3948, 0x1003, 0x1003, 0x1003, 0x1003, 0x1003, 0x1003, 0x1003, 0x1003, 
  0x1003, 0x1003, 0x1003, 0x1003, 0x1003, 0x1003, 0x1003, 0x1003, 0x1003, 0x1003, 0x1003, 0x1003, 
  0x1003, 0x1003, 0x1003, 0x1003, 0x1003, 0x1003, 0x1003, 0x1003, 0x1003, 0x1003, 0x1003, 0x1003, 
  0x1003, 0x1003, 0x1803, 0x1803, 0x1823, 0x1823, 0x1823, 0x1823, 0x1823, 0x1823, 0x1823, 0x1823, 
  0x1823, 0x1823, 0x1823, 0x1823, 0x1844, 0x1844, 0x1844, 0x1844, 0x2044, 0x2044, 0x2044, 0x2044, 
  0x2044, 0x2044, 0x2064, 0x2064, 0x2064, 0x2064, 0x2064, 0x2064, 0x2064, 0x2064, 0x2064, 0x2064, 
  0x2064, 0x2064, 0x2064, 0x2064, 0x2064, 0x2064, 0x2064, 0x2064, 0x2064, 0x2064, 0x2064, 0x2064, 
  0x2064, 0x2064, 0x2064, 0x2064, 0x2064, 0x2064, 0x2064, 0x2064, 0x2064, 0x2064, 0x2064, 0x2064, 
  0x2064, 0x2064, 0x2064, 0x2064, 0x2064, 0x2064, 0x2064, 0x2064, 0x2064, 0x2064, 0x2064, 0x2064, 
  0x2064, 0x2064, 0x2064, 0x2064, 0x2064, 0x2064, 0x2064, 0x2064, 0x2064, 0x2064, 0x2064, 0x2064, 
  0x2064, 0x2064, 0x2064, 0x2044, 0x1844, 0x1823, 0x1823, 0x1823, 0x1823, 0x1823, 0x1823, 0x1823, 
  0x1823, 0x1823, 0x1823, 0x1823, 0x1823, 0x1823, 0x1823, 0x1823, 0x1823, 0x1823, 0x1823, 0x1823, 
  0x1823, 0x1823, 0x1823, 0x1823, 0x1823, 0x1823, 0x1823, 0x1823, 0x1823, 0x1823, 0x1823, 0x1823, 
  0x1823, 0x1823, 0x1823, 0x1823, 0x1823, 0x1823, 0x1844, 0x1844, 0x1844, 0x1844, 0x1844, 0x1844, 
  0x1844, 0x1844, 0x1844, 0x1844, 0x1844, 0x2044, 0x2064, 0x2064, 0x2085, 0x2885, 0x2885, 0x2885, 
  0x2885, 0x2085, 0x2085, 0x2085, 0x2065, 0x2065, 0x2065, 0x2065, 0x2065, 0x2065, 0x2065, 0x2065, 
  0x2065, 0x2065, 0x6a0e, 0x6a6f, 0x630d, 0x632c, 0x632c, 0x630c, 0x630c, 0x630c, 0x5aeb, 0x5aeb, 
  0x5acb, 0x5acb, 0x5acb, 0x52aa, 0x52aa, 0x528a, 0x528a, 0x528a, 0x4a69, 0x4a69, 0x4a69, 0x4a49, 
  0x4a49, 0x4a49, 0x4228, 0x4228, 0x4228, 0x4208, 0x4208, 0x4208, 0x39e7, 0x39e7, 0x39e7, 0x39e7, 
  0x39c7, 0x39c7, 0x39c7, 0x39c7, 0x31a6, 0x31a6, 0x31a6, 0x3186, 0x3186, 0x3186, 0x3186, 0x3186, 
  0x2965, 0x2124, 0x2124, 0x2124, 0x2104, 0x2104, 0x2104, 0x2104, 0x2104, 0x2104, 0x18e3, 0x18e3, 
  0x18e3, 0x18e3, 0x18e3, 0x18c3, 0x18c3, 0x18c3, 0x18c3, 0x18c3, 0x18c3, 0x18c3, 0x18c3, 0x18c3, 
  0x0861, 0x0861, 0x0861, 0x0861, 0x0861, 0x0861, 0x0861, 0x0861, 0x0861, 0x0861, 0x0861, 0x0861, 
  0x0861, 0x0861, 0x0861, 0x0861, 0x0861, 0x0861, 0x0861, 0x0861, 0x0841, 0x0841, 0x0841, 0x0841, 
  0x0841, 0x0841, 0x0841, 0x0841, 0x0841, 0x0841, 0x0841, 0x0841, 0x0841, 0x0841, 0x0841, 0x1022, 
  0x1022, 0x1023, 0x1023, 0x3008, 0x6813, 0x3067, 0x18a3, 0x18c3, 0x18c3, 0x18c3, 0x18c3, 0x18c3, 
  0x18c3, 0x18c3, 0x18c3, 0x0841, 0x0000, 0x0000, 0x0000, 0x0000, 0x0000, 0x0000, 0x0000, 0x3948, 
  0x1003, 0x1003, 0x1003, 0x1003, 0x1003, 0x1003, 0x1003, 0x1003, 0x1003, 0x1003, 0x1003, 0x1003, 
  0x1003, 0x1003, 0x1003, 0x1003, 0x1003, 0x1003, 0x1003, 0x1003, 0x1003, 0x1003, 0x1003, 0x1003, 
  0x1003, 0x1003, 0x1003, 0x1003, 0x1003, 0x1003, 0x1003, 0x1003, 0x1003, 0x1803, 0x1803, 0x1823, 
  0x1823, 0x1823, 0x1823, 0x1823, 0x1823, 0x1823, 0x1823, 0x1823, 0x1823, 0x1823, 0x1823, 0x1844, 
  0x1844, 0x1844, 0x1844, 0x2044, 0x2044, 0x2044, 0x2044, 0x2044, 0x2064, 0x2064, 0x2064, 0x2064, 
  0x2064, 0x2064, 0x2064, 0x2064, 0x2064, 0x2064, 0x2064, 0x2064, 0x2064, 0x2064, 0x2064, 0x2064, 
  0x2064, 0x2064, 0x2064, 0x2064, 0x2064, 0x2064, 0x2064, 0x2064, 0x2064, 0x2064, 0x2064, 0x2064, 
  0x2064, 0x2064, 0x2064, 0x2064, 0x2064, 0x2064, 0x2064, 0x2064, 0x2064, 0x2064, 0x2064, 0x2064, 
  0x2064, 0x2064, 0x2064, 0x2064, 0x2064, 0x2064, 0x2064, 0x2064, 0x2064, 0x2064, 0x2064, 0x2064, 
  0x2064, 0x2064, 0x2064, 0x2064, 0x2064, 0x2064, 0x2064, 0x2064, 0x2064, 0x2064, 0x2064, 0x2044, 
  0x1844, 0x1824, 0x1823, 0x1823, 0x1823, 0x1823, 0x1823, 0x1823, 0x1823, 0x1823, 0x1823, 0x1823, 
  0x1823, 0x1823, 0x1823, 0x1823, 0x1823, 0x1823, 0x1823, 0x1823, 0x1823, 0x1823, 0x1823, 0x1823, 
  0x1823, 0x1823, 0x1823, 0x1823, 0x1823, 0x1823, 0x1823, 0x1823, 0x1823, 0x1823, 0x1823, 0x1823, 
  0x1823, 0x1823, 0x1823, 0x1844, 0x1844, 0x1844, 0x1844, 0x1844, 0x1844, 0x1844, 0x1844, 0x1844, 
  0x1844, 0x1844, 0x2044, 0x2064, 0x2085, 0x2885, 0x2885, 0x2885, 0x2885, 0x2085, 0x2085, 0x2065, 
  0x2065, 0x2065, 0x2065, 0x2065, 0x2065, 0x2065, 0x2065, 0x2065, 0x2065, 0x2065, 0x7250, 0x630c, 
  0x632c, 0x632c, 0x632c, 0x630c, 0x630c, 0x5aeb, 0x5aeb, 0x5acb, 0x5acb, 0x5acb, 0x52aa, 0x52aa, 
  0x528a, 0x528a, 0x528a, 0x4a69, 0x4a69, 0x4a69, 0x4a49, 0x4a49, 0x4228, 0x4228, 0x4228, 0x4228, 
  0x4208, 0x4208, 0x4208, 0x39e7, 0x39e7, 0x39e7, 0x39e7, 0x39c7, 0x39c7, 0x39c7, 0x39c7, 0x31a6, 
  0x31a6, 0x31a6, 0x3186, 0x3186, 0x3186, 0x3186, 0x2965, 0x2965, 0x2945, 0x2124, 0x2124, 0x2104, 
  0x2104, 0x2104, 0x2104, 0x2104, 0x2104, 0x2104, 0x18e3, 0x18e3, 0x18e3, 0x18e3, 0x18e3, 0x18c3, 
  0x18c3, 0x18c3, 0x18c3, 0x18c3, 0x18c3, 0x18c3, 0x18c3, 0x10a2, 0x0861, 0x0861, 0x0861, 0x0861, 
  0x0861, 0x0861, 0x0861, 0x0861, 0x0861, 0x0861, 0x0861, 0x0861, 0x0861, 0x0861, 0x0861, 0x0861, 
  0x0861, 0x0861, 0x0861, 0x0861, 0x0841, 0x0841, 0x0841, 0x0841, 0x0841, 0x0841, 0x0841, 0x0841, 
  0x0841, 0x0841, 0x0841, 0x0841, 0x0841, 0x0841, 0x0841, 0x0841, 0x0841, 0x0841, 0x0841, 0x0822, 
  0x480d, 0x5830, 0x1884, 0x18a3, 0x10c3, 0x18c3, 0x18c3, 0x18c3, 0x18c3, 0x18c3, 0x18c3, 0x0841, 
  0x0000, 0x0000, 0x0000, 0x0000, 0x0000, 0x0000, 0x0000, 0x3948, 0x1003, 0x1003, 0x1003, 0x1003, 
  0x1003, 0x1003, 0x1003, 0x1003, 0x1003, 0x1003, 0x1003, 0x1003, 0x1003, 0x1003, 0x1003, 0x1003, 
  0x1003, 0x1003, 0x1003, 0x1003, 0x1003, 0x1003, 0x1003, 0x1003, 0x1003, 0x1003, 0x1003, 0x1003, 
  0x1003, 0x1003, 0x1003, 0x1003, 0x1803, 0x1803, 0x1823, 0x1823, 0x1823, 0x1823, 0x1823, 0x1823, 
  0x1823, 0x1823, 0x1823, 0x1823, 0x1823, 0x1823, 0x1824, 0x1844, 0x1844, 0x1844, 0x2044, 0x2044, 
  0x2044, 0x2044, 0x2044, 0x2044, 0x2064, 0x2064, 0x2064, 0x2064, 0x2064, 0x2064, 0x2064, 0x2064, 
  0x2064, 0x2064, 0x2064, 0x2064, 0x2064, 0x2064, 0x2064, 0x2064, 0x2064, 0x2064, 0x2064, 0x2064, 
  0x2064, 0x2064, 0x2064, 0x2064, 0x2064, 0x2064, 0x2064, 0x2064, 0x2064, 0x2064, 0x2064, 0x2064, 
  0x2064, 0x2064, 0x2064, 0x2064, 0x2064, 0x2064, 0x2064, 0x2064, 0x2064, 0x2064, 0x2064, 0x2064, 
  0x2064, 0x2064, 0x2064, 0x2064, 0x2064, 0x2064, 0x2064, 0x2064, 0x2064, 0x2064, 0x2064, 0x2064, 
  0x2064, 0x2064, 0x2064, 0x2064, 0x2064, 0x2064, 0x2064, 0x2044, 0x2044, 0x1844, 0x1823, 0x1823, 
  0x1823, 0x1823, 0x1823, 0x1823, 0x1823, 0x1823, 0x1823, 0x1823, 0x1823, 0x1823, 0x1823, 0x1823, 
  0x1823, 0x1823, 0x1823, 0x1823, 0x1823, 0x1823, 0x1823, 0x1823, 0x1823, 0x1823, 0x1823, 0x1823, 
  0x1823, 0x1823, 0x1823, 0x1823, 0x1823, 0x1823, 0x1823, 0x1823, 0x1823, 0x1823, 0x1823, 0x1823, 
  0x1824, 0x1844, 0x1844, 0x1844, 0x1844, 0x1844, 0x1844, 0x1844, 0x1844, 0x1844, 0x2044, 0x2064, 
  0x2065, 0x2085, 0x2885, 0x2885, 0x2885, 0x2085, 0x2065, 0x2065, 0x2065, 0x2865, 0x2865, 0x2865, 
  0x2865, 0x2865, 0x2065, 0x2065, 0x2065, 0x2866, 0x7290, 0x62cc, 0x630c, 0x630c, 0x630c, 0x630c, 
  0x5aeb, 0x5aeb, 0x5acb, 0x5acb, 0x5acb, 0x52aa, 0x52aa, 0x52aa, 0x528a, 0x528a, 0x4a69, 0x4a69, 
  0x4a69, 0x4a49, 0x4a49, 0x4a49, 0x4228, 0x4228, 0x4228, 0x4208, 0x4208, 0x4208, 0x39e7, 0x39e7, 
  0x39e7, 0x39e7, 0x39c7, 0x39c7, 0x39c7, 0x39c7, 0x31a6, 0x31a6, 0x31a6, 0x3186, 0x3186, 0x3186, 
  0x3186, 0x3186, 0x2965, 0x2945, 0x2124, 0x2124, 0x2124, 0x2104, 0x2104, 0x2104, 0x2104, 0x2104, 
  0x2104, 0x18e3, 0x18e3, 0x18e3, 0x18e3, 0x18c3, 0x18c3, 0x18c3, 0x18c3, 0x18c3, 0x18c3, 0x18c3, 
  0x18c3, 0x18c3, 0x18c3, 0x10a2, 0x0861, 0x0861, 0x0861, 0x0861, 0x0861, 0x0861, 0x0861, 0x0861, 
  0x0861, 0x0861, 0x0861, 0x0861, 0x0861, 0x0861, 0x0861, 0x0861, 0x0861, 0x0861, 0x0841, 0x0841, 
  0x0841, 0x0841, 0x0841, 0x0841, 0x0841, 0x0841, 0x0841, 0x0841, 0x0841, 0x0841, 0x0841, 0x0841, 
  0x0841, 0x0841, 0x0841, 0x0841, 0x0841, 0x0841, 0x1021, 0x0822, 0x1803, 0x580f, 0x482c, 0x18a3, 
  0x18c3, 0x10c3, 0x18c3, 0x18c3, 0x18c3, 0x18c3, 0x18c3, 0x0020, 0x0000, 0x0000, 0x0000, 0x0000, 
  0x0000, 0x0000, 0x0000, 0x3948, 0x1003, 0x1003, 0x1003, 0x1003, 0x1003, 0x1003, 0x1003, 0x1003, 
  0x1003, 0x1003, 0x1003, 0x1003, 0x1003, 0x1003, 0x1003, 0x1003, 0x1003, 0x1003, 0x1003, 0x1003, 
  0x1003, 0x1003, 0x1003, 0x1003, 0x1003, 0x1003, 0x1003, 0x1003, 0x1003, 0x1003, 0x1003, 0x1803, 
  0x1803, 0x1823, 0x1823, 0x1823, 0x1823, 0x1823, 0x1823, 0x1823, 0x1823, 0x1823, 0x1823, 0x1823, 
  0x1824, 0x1844, 0x1844, 0x1844, 0x1844, 0x2044, 0x2044, 0x2044, 0x2044, 0x2044, 0x2044, 0x2064, 
  0x2064, 0x2064, 0x2064, 0x2064, 0x2064, 0x2064, 0x2064, 0x2064, 0x2064, 0x2064, 0x2064, 0x2064, 
  0x2064, 0x2064, 0x2064, 0x2064, 0x2064, 0x2064, 0x2064, 0x2064, 0x2064, 0x2064, 0x2064, 0x2064, 
  0x2064, 0x2064, 0x2064, 0x2064, 0x2064, 0x2064, 0x2064, 0x2064, 0x2064, 0x2064, 0x2064, 0x2064, 
  0x2064, 0x2064, 0x2064, 0x2064, 0x2064, 0x2064, 0x2064, 0x2064, 0x2064, 0x2064, 0x2064, 0x2064, 
  0x2064, 0x2064, 0x2064, 0x2064, 0x2064, 0x2064, 0x2064, 0x2064, 0x2064, 0x2064, 0x2064, 0x2064, 
  0x2064, 0x2064, 0x2064, 0x2064, 0x2044, 0x1844, 0x1844, 0x1823, 0x1823, 0x1823, 0x1823, 0x1823, 
  0x1823, 0x1823, 0x1823, 0x1823, 0x1823, 0x1823, 0x1823, 0x1823, 0x1823, 0x1823, 0x1823, 0x1823, 
  0x1823, 0x1823, 0x1823, 0x1823, 0x1823, 0x1823, 0x1823, 0x1823, 0x1823, 0x1823, 0x1823, 0x1823, 
  0x1823, 0x1823, 0x1823, 0x1823, 0x1823, 0x1823, 0x1823, 0x1823, 0x1823, 0x1824, 0x1824, 0x1844, 
  0x1844, 0x1844, 0x1844, 0x1824, 0x1824, 0x1824, 0x2044, 0x2044, 0x2065, 0x2085, 0x2885, 0x2885, 
  0x2885, 0x2065, 0x2865, 0x2865, 0x2866, 0x2866, 0x2866, 0x2867, 0x2867, 0x2867, 0x2867, 0x2866, 
  0x2867, 0x2867, 0x7ab1, 0x5aeb, 0x630c, 0x630c, 0x630c, 0x5aeb, 0x5aeb, 0x5acb, 0x5acb, 0x5acb, 
  0x52aa, 0x52aa, 0x52aa, 0x528a, 0x528a, 0x4a69, 0x4a69, 0x4a69, 0x4a49, 0x4a49, 0x4a49, 0x4228, 
  0x4228, 0x4228, 0x4208, 0x4208, 0x4208, 0x39e7, 0x39e7, 0x39e7, 0x39e7, 0x39c7, 0x39c7, 0x39c7, 
  0x39c7, 0x31a6, 0x31a6, 0x31a6, 0x3186, 0x3186, 0x3186, 0x3186, 0x3186, 0x2965, 0x2965, 0x2124, 
  0x2124, 0x2124, 0x2104, 0x2104, 0x2104, 0x2104, 0x2104, 0x2104, 0x2104, 0x18e3, 0x18e3, 0x18e3, 
  0x18e3, 0x18c3, 0x18c3, 0x18c3, 0x18c3, 0x18c3, 0x18c3, 0x18c3, 0x18c3, 0x18c3, 0x18c3, 0x18c3, 
  0x0861, 0x0861, 0x0861, 0x0861, 0x0861, 0x0861, 0x0861, 0x0861, 0x0861, 0x0861, 0x0861, 0x0861, 
  0x0861, 0x0861, 0x0861, 0x0861, 0x0861, 0x0861, 0x0841, 0x0841, 0x0841, 0x0841, 0x0841, 0x0841, 
  0x0841, 0x0841, 0x0841, 0x0841, 0x0841, 0x0841, 0x0841, 0x0841, 0x0841, 0x0841, 0x0841, 0x0841, 
  0x0841, 0x0841, 0x0841, 0x0841, 0x0822, 0x2025, 0x6011, 0x3049, 0x18c2, 0x10c3, 0x18c3, 0x18c3, 
  0x18c3, 0x18c3, 0x18c3, 0x0000, 0x0000, 0x0000, 0x0000, 0x0000, 0x0000, 0x0000, 0x0000, 0x3948, 
  0x1003, 0x1003, 0x1003, 0x1003, 0x1003, 0x1003, 0x1003, 0x1003, 0x1003, 0x1003, 0x1003, 0x1003, 
  0x1003, 0x1003, 0x1003, 0x1003, 0x1003, 0x1003, 0x1003, 0x1003, 0x1003, 0x1003, 0x1003, 0x1003, 
  0x1003, 0x1003, 0x1003, 0x1003, 0x1003, 0x1003, 0x1803, 0x1823, 0x1823, 0x1823, 0x1823, 0x1823, 
  0x1823, 0x1823, 0x1823, 0x1823, 0x1823, 0x1823, 0x1823, 0x1824, 0x1844, 0x1844, 0x1844, 0x1844, 
  0x2044, 0x2044, 0x2044, 0x2044, 0x2044, 0x2044, 0x2064, 0x2064, 0x2064, 0x2064, 0x2064, 0x2064, 
  0x2064, 0x2064, 0x2064, 0x2064, 0x2064, 0x2064, 0x2064, 0x2064, 0x2064, 0x2064, 0x2064, 0x2064, 
  0x2064, 0x2064, 0x2064, 0x2064, 0x2064, 0x2064, 0x2064, 0x2064, 0x2064, 0x2064, 0x2064, 0x2064, 
  0x2064, 0x2064, 0x2064, 0x2064, 0x2064, 0x2064, 0x2064, 0x2064, 0x2064, 0x2064, 0x2064, 0x2064, 
  0x2064, 0x2064, 0x2064, 0x2064, 0x2064, 0x2064, 0x2064, 0x2064, 0x2064, 0x2064, 0x2064, 0x2064, 
  0x2064, 0x2064, 0x2064, 0x2064, 0x2064, 0x2064, 0x2064, 0x2064, 0x2064, 0x2064, 0x2064, 0x2064, 
  0x2064, 0x2044, 0x1844, 0x1824, 0x1823, 0x1823, 0x1823, 0x1823, 0x1823, 0x1823, 0x1823, 0x1823, 
  0x1823, 0x1823, 0x1823, 0x1823, 0x1823, 0x1823, 0x1823, 0x1823, 0x1823, 0x1823, 0x1823, 0x1823, 
  0x1823, 0x1823, 0x1823, 0x1823, 0x1823, 0x1823, 0x1823, 0x1823, 0x1823, 0x1823, 0x1823, 0x1823, 
  0x1823, 0x1823, 0x1823, 0x1823, 0x1823, 0x1823, 0x1823, 0x1824, 0x1824, 0x1824, 0x1824, 0x1824, 
  0x1824, 0x1824, 0x2044, 0x2044, 0x2065, 0x2065, 0x2865, 0x2885, 0x2865, 0x2865, 0x2866, 0x2866, 
  0x3067, 0x3068, 0x3068, 0x3869, 0x3869, 0x3069, 0x3068, 0x3068, 0x3069, 0x3089, 0x82f2, 0x5acb, 
  0x5aeb, 0x630c, 0x5aeb, 0x5aeb, 0x5acb, 0x5acb, 0x5acb, 0x52aa, 0x52aa, 0x52aa, 0x528a, 0x528a, 
  0x4a69, 0x4a69, 0x4a69, 0x4a49, 0x4a49, 0x4a49, 0x4228, 0x4228, 0x4228, 0x4208, 0x4208, 0x4208, 
  0x39e7, 0x39e7, 0x39e7, 0x39c7, 0x39c7, 0x39c7, 0x39c7, 0x39c7, 0x31a6, 0x31a6, 0x31a6, 0x3186, 
  0x3186, 0x3186, 0x3186, 0x3186, 0x2965, 0x2965, 0x2124, 0x2124, 0x2124, 0x2104, 0x2104, 0x2104, 
  0x2104, 0x2104, 0x2104, 0x2104, 0x2104, 0x2104, 0x18e3, 0x18e3, 0x18e3, 0x18e3, 0x18e3, 0x18e3, 
  0x18e3, 0x18e3, 0x18c3, 0x18c3, 0x18c3, 0x18c3, 0x18c3, 0x18c3, 0x0861, 0x0861, 0x0861, 0x0861, 
  0x0861, 0x0861, 0x0861, 0x0861, 0x0861, 0x0861, 0x0861, 0x0861, 0x0861, 0x0861, 0x0861, 0x0861, 
  0x0841, 0x0841, 0x0841, 0x0841, 0x0841, 0x0841, 0x0841, 0x0841, 0x0841, 0x0841, 0x0841, 0x0841, 
  0x0841, 0x0841, 0x0841, 0x0841, 0x0841, 0x0841, 0x0841, 0x0841, 0x0841, 0x0841, 0x0821, 0x0841, 
  0x0841, 0x0822, 0x2807, 0x580f, 0x1885, 0x18a3, 0x18c3, 0x18c3, 0x18c3, 0x18c3, 0x10a2, 0x0000, 
  0x0000, 0x0000, 0x0000, 0x0000, 0x0000, 0x0000, 0x0000, 0x3948, 0x1003, 0x1003, 0x1003, 0x1003, 
  0x1003, 0x1003, 0x1003, 0x1003, 0x1003, 0x1003, 0x1003, 0x1003, 0x1003, 0x1003, 0x1003, 0x1003, 
  0x1003, 0x1003, 0x1003, 0x1003, 0x1003, 0x1003, 0x1003, 0x1003, 0x1003, 0x1003, 0x1003, 0x1003, 
  0x1003, 0x1003, 0x1823, 0x1823, 0x1823, 0x1823, 0x1823, 0x1823, 0x1823, 0x1823, 0x1823, 0x1823, 
  0x1823, 0x1824, 0x1824, 0x1824, 0x1844, 0x1844, 0x1844, 0x2044, 0x2044, 0x2044, 0x2044, 0x2044, 
  0x2044, 0x2064, 0x2064, 0x2064, 0x2064, 0x2064, 0x2064, 0x2064, 0x2064, 0x2064, 0x2064, 0x2064, 
  0x2064, 0x2064, 0x2064, 0x2064, 0x2064, 0x2064, 0x2064, 0x2064, 0x2064, 0x2064, 0x2064, 0x2064, 
  0x2064, 0x2064, 0x2064, 0x2064, 0x2064, 0x2064, 0x2064, 0x2064, 0x2064, 0x2064, 0x2064, 0x2064, 
  0x2064, 0x2064, 0x2064, 0x2064, 0x2064, 0x2064, 0x2064, 0x2064, 0x2064, 0x2064, 0x2064, 0x2064, 
  0x2064, 0x2064, 0x2064, 0x2064, 0x2064, 0x2064, 0x2064, 0x2064, 0x2064, 0x2064, 0x2064, 0x2064, 
  0x2064, 0x2064, 0x2064, 0x2064, 0x2064, 0x2064, 0x2064, 0x2064, 0x2064, 0x2044, 0x1844, 0x1844, 
  0x1823, 0x1823, 0x1823, 0x1823, 0x1823, 0x1823, 0x1823, 0x1823, 0x1823, 0x1823, 0x1823, 0x1823, 
  0x1823, 0x1823, 0x1823, 0x1823, 0x1823, 0x1823, 0x1823, 0x1823, 0x1823, 0x1823, 0x1823, 0x1823, 
  0x1823, 0x1823, 0x1823, 0x1823, 0x1823, 0x1823, 0x1823, 0x1823, 0x1823, 0x1823, 0x1823, 0x1823, 
  0x1823, 0x1823, 0x1823, 0x1823, 0x1823, 0x1824, 0x1824, 0x1824, 0x1824, 0x1824, 0x2044, 0x2044, 
  0x2065, 0x2065, 0x2865, 0x2866, 0x2866, 0x2866, 0x3067, 0x3868, 0x3889, 0x408a, 0x408b, 0x40ab, 
  0x40ab, 0x408b, 0x408b, 0x388b, 0x408b, 0x40ac, 0x8313, 0x5acb, 0x5aeb, 0x5aeb, 0x5aeb, 0x5acb, 
  0x5acb, 0x5acb, 0x52aa, 0x52aa, 0x52aa, 0x528a, 0x528a, 0x4a69, 0x4a69, 0x4a69, 0x4a49, 0x4a49, 
  0x4a49, 0x4228, 0x4228, 0x4228, 0x4208, 0x4208, 0x4208, 0x4208, 0x39e7, 0x39e7, 0x39e7, 0x39c7, 
  0x39c7, 0x39c7, 0x39c7, 0x31a6, 0x31a6, 0x31a6, 0x31a6, 0x3186, 0x3186, 0x3186, 0x3186, 0x3186, 
  0x2965, 0x2945, 0x2124, 0x2124, 0x2124, 0x2124, 0x2124, 0x2104, 0x2104, 0x2104, 0x2104, 0x2104, 
  0x2104, 0x2104, 0x18e3, 0x18e3, 0x18e3, 0x18e3, 0x18e3, 0x18e3, 0x18e3, 0x18c3, 0x18c3, 0x18c3, 
  0x18c3, 0x18c3, 0x18c3, 0x18c3, 0x0861, 0x0861, 0x0861, 0x0861, 0x0861, 0x0861, 0x0861, 0x0861, 
  0x0861, 0x0861, 0x0861, 0x0861, 0x0861, 0x0861, 0x0861, 0x0861, 0x0841, 0x0841, 0x0841, 0x0841, 
  0x0841, 0x0841, 0x0841, 0x0841, 0x0841, 0x0841, 0x0841, 0x0841, 0x0841, 0x0841, 0x0841, 0x0841, 
  0x0841, 0x0841, 0x0841, 0x0841, 0x0841, 0x0841, 0x0841, 0x0841, 0x0821, 0x0821, 0x0821, 0x400b, 
  0x402c, 0x1884, 0x18c3, 0x18c3, 0x18e3, 0x18c3, 0x1082, 0x0000, 0x0000, 0x0000, 0x0000, 0x0000, 
  0x0000, 0x0000, 0x0000, 0x3948, 0x1003, 0x1003, 0x1003, 0x1003, 0x1003, 0x1003, 0x1003, 0x1003, 
  0x1003, 0x1003, 0x1003, 0x1003, 0x1003, 0x1003, 0x1003, 0x1003, 0x1003, 0x1003, 0x1003, 0x1003, 
  0x1003, 0x1003, 0x1003, 0x1003, 0x1003, 0x1003, 0x1003, 0x1003, 0x1803, 0x1823, 0x1823, 0x1823, 
  0x1823, 0x1823, 0x1823, 0x1823, 0x1823, 0x1823, 0x1823, 0x1823, 0x1824, 0x1824, 0x1824, 0x1844, 
  0x1844, 0x1844, 0x1844, 0x2044, 0x2044, 0x2044, 0x2044, 0x2044, 0x2064, 0x2064, 0x2064, 0x2064, 
  0x2064, 0x2064, 0x2064, 0x2064, 0x2064, 0x2064, 0x2064, 0x2064, 0x2064, 0x2064, 0x2064, 0x2064, 
  0x2064, 0x2064, 0x2064, 0x2064, 0x2064, 0x2064, 0x2064, 0x2064, 0x2064, 0x2064, 0x2064, 0x2064, 
  0x2064, 0x2064, 0x2064, 0x2064, 0x2064, 0x2064, 0x2064, 0x2064, 0x2064, 0x2064, 0x2064, 0x2064, 
  0x2064, 0x2064, 0x2064, 0x2064, 0x2064, 0x2064, 0x2064, 0x2064, 0x2064, 0x2064, 0x2064, 0x2064, 
  0x2064, 0x2064, 0x2064, 0x2064, 0x2064, 0x2064, 0x2064, 0x2064, 0x2064, 0x2064, 0x2064, 0x2064, 
  0x2064, 0x2064, 0x2064, 0x2064, 0x2064, 0x2064, 0x2044, 0x1844, 0x1824, 0x1823, 0x1823, 0x1823, 
  0x1823, 0x1823, 0x1823, 0x1823, 0x1823, 0x1823, 0x1823, 0x1823, 0x1823, 0x1823, 0x1823, 0x1823, 
  0x1823, 0x1823, 0x1823, 0x1823, 0x1823, 0x1823, 0x1823, 0x1823, 0x1823, 0x1823, 0x1823, 0x1823, 
  0x1823, 0x1823, 0x1823, 0x1823, 0x1823, 0x1823, 0x1823, 0x1823, 0x1823, 0x1823, 0x1823, 0x1823, 
  0x1823, 0x1823, 0x1824, 0x1824, 0x1824, 0x1824, 0x2024, 0x2044, 0x2045, 0x2865, 0x2866, 0x2866, 
  0x3067, 0x3068, 0x3889, 0x408a, 0x48ac, 0x48cc, 0x50cd, 0x50ed, 0x50ed, 0x50ed, 0x48cd, 0x48cd, 
  0x48cd, 0x50ee, 0x8b53, 0x5acb, 0x5acb, 0x5aeb, 0x5aeb, 0x5acb, 0x5acb, 0x52aa, 0x52aa, 0x52aa, 
  0x528a, 0x528a, 0x4a69, 0x4a69, 0x4a69, 0x4a49, 0x4a49, 0x4a49, 0x4228, 0x4228, 0x4228, 0x4228, 
  0x4208, 0x4208, 0x39e7, 0x39e7, 0x39e7, 0x39e7, 0x39c7, 0x39c7, 0x39c7, 0x39c7, 0x39c7, 0x39c7, 
  0x31a6, 0x31a6, 0x31a6, 0x31a6, 0x3186, 0x3186, 0x3186, 0x3186, 0x2965, 0x2124, 0x2124, 0x2124, 
  0x2124, 0x2124, 0x2124, 0x2104, 0x2104, 0x2104, 0x2104, 0x2104, 0x2104, 0x18e3, 0x18e3, 0x18e3, 
  0x18e3, 0x18e3, 0x18e3, 0x18e3, 0x18c3, 0x18c3, 0x18c3, 0x18c3, 0x18c3, 0x18c3, 0x18c3, 0x18c3, 
  0x0861, 0x0861, 0x0861, 0x0861, 0x0861, 0x0861, 0x0861, 0x0861, 0x0861, 0x0861, 0x0861, 0x0861, 
  0x0861, 0x0861, 0x0841, 0x0841, 0x0841, 0x0841, 0x0841, 0x0841, 0x0841, 0x0841, 0x0841, 0x0841, 
  0x0841, 0x0841, 0x0841, 0x0841, 0x0841, 0x0841, 0x0841, 0x0841, 0x0841, 0x0841, 0x0841, 0x0841, 
  0x0841, 0x0841, 0x0841, 0x0841, 0x0841, 0x0841, 0x0820, 0x0823, 0x500d, 0x2849, 0x18c3, 0x18c3, 
  0x18c3, 0x18c3, 0x0861, 0x0000, 0x0000, 0x0000, 0x0000, 0x0000, 0x0000, 0x0000, 0x0000, 0x3948, 
  0x1003, 0x1003, 0x1003, 0x1003, 0x1003, 0x1003, 0x1003, 0x1003, 0x1003, 0x1003, 0x1003, 0x1003, 
  0x1003, 0x1003, 0x1003, 0x1003, 0x1003, 0x1003, 0x1003, 0x1003, 0x1003, 0x1003, 0x1003, 0x1003, 
  0x1003, 0x1003, 0x1003, 0x1803, 0x1823, 0x1823, 0x1823, 0x1823, 0x1823, 0x1823, 0x1823, 0x1823, 
  0x1823, 0x1823, 0x1823, 0x1824, 0x1824, 0x1844, 0x1844, 0x1844, 0x1844, 0x2044, 0x2044, 0x2044, 
  0x2044, 0x2044, 0x2044, 0x2064, 0x2064, 0x2064, 0x2064, 0x2064, 0x2064, 0x2064, 0x2064, 0x2064, 
  0x2064, 0x2064, 0x2064, 0x2064, 0x2064, 0x2064, 0x2064, 0x2064, 0x2064, 0x2064, 0x2064, 0x2064, 
  0x2064, 0x2064, 0x2064, 0x2064, 0x2064, 0x2064, 0x2064, 0x2064, 0x2064, 0x2064, 0x2064, 0x2064, 
  0x2064, 0x2064, 0x2064, 0x2064, 0x2064, 0x2064, 0x2064, 0x2064, 0x2064, 0x2064, 0x2064, 0x2064, 
  0x2064, 0x2064, 0x2064, 0x2064, 0x2064, 0x2064, 0x2064, 0x2064, 0x2064, 0x2064, 0x2064, 0x2064, 
  0x2064, 0x2064, 0x2064, 0x2064, 0x2064, 0x2064, 0x2064, 0x2064, 0x2064, 0x2064, 0x2064, 0x2064, 
  0x2064, 0x2064, 0x2064, 0x2044, 0x1844, 0x1823, 0x1823, 0x1823, 0x1823, 0x1823, 0x1823, 0x1823, 
  0x1823, 0x1823, 0x1823, 0x1823, 0x1823, 0x1823, 0x1823, 0x1823, 0x1823, 0x1823, 0x1823, 0x1823, 
  0x1823, 0x1823, 0x1823, 0x1823, 0x1823, 0x1823, 0x1823, 0x1823, 0x1823, 0x1823, 0x1823, 0x1823, 
  0x1823, 0x1823, 0x1823, 0x1823, 0x1823, 0x1823, 0x1823, 0x1823, 0x1823, 0x1823, 0x1823, 0x1824, 
  0x1824, 0x1824, 0x2024, 0x2025, 0x2045, 0x2846, 0x3067, 0x3068, 0x3889, 0x408a, 0x48ac, 0x50cd, 
  0x590e, 0x592e, 0x594e, 0x614f, 0x614f, 0x594f, 0x592e, 0x592e, 0x592f, 0x614f, 0x9374, 0x52aa, 
  0x5acb, 0x5acb, 0x5acb, 0x5acb, 0x52aa, 0x52aa, 0x52aa, 0x528a, 0x528a, 0x4a69, 0x4a69, 0x4a69, 
  0x4a49, 0x4a49, 0x4a49, 0x4228, 0x4228, 0x4228, 0x4228, 0x4228, 0x4208, 0x4208, 0x4208, 0x4208, 
  0x4208, 0x39e7, 0x39e7, 0x39e7, 0x39c7, 0x39c7, 0x39c7, 0x39c7, 0x31a6, 0x31a6, 0x31a6, 0x31a6, 
  0x3186, 0x3186, 0x3186, 0x2965, 0x2945, 0x2124, 0x2124, 0x2124, 0x2124, 0x2104, 0x2104, 0x2104, 
  0x2104, 0x2104, 0x2104, 0x2104, 0x18e3, 0x18e3, 0x18e3, 0x18e3, 0x18e3, 0x18e3, 0x18e3, 0x18c3, 
  0x18c3, 0x18c3, 0x18c3, 0x18c3, 0x18c3, 0x18c3, 0x18c3, 0x18c3, 0x0861, 0x0861, 0x0861, 0x0861, 
  0x0861, 0x0861, 0x0861, 0x0861, 0x0861, 0x0861, 0x0861, 0x0861, 0x0861, 0x0861, 0x0841, 0x0841, 
  0x0841, 0x0841, 0x0841, 0x0841, 0x0841, 0x0841, 0x0841, 0x0841, 0x0841, 0x0841, 0x0841, 0x0841, 
  0x0841, 0x0841, 0x0841, 0x0841, 0x0841, 0x0841, 0x0841, 0x0841, 0x0841, 0x0841, 0x0841, 0x0841, 
  0x0841, 0x0841, 0x0841, 0x0840, 0x2006, 0x400c, 0x2866, 0x18c3, 0x18c3, 0x18c3, 0x0841, 0x0000, 
  0x0000, 0x0000, 0x0000, 0x0000, 0x0000, 0x0000, 0x0000, 0x3948, 0x1003, 0x1003, 0x1003, 0x1003, 
  0x1003, 0x1003, 0x1003, 0x1003, 0x1003, 0x1003, 0x1003, 0x1003, 0x1003, 0x1003, 0x1003, 0x1003, 
  0x1003, 0x1003, 0x1003, 0x1003, 0x1003, 0x1003, 0x1003, 0x1003, 0x1003, 0x1003, 0x1003, 0x1823, 
  0x1823, 0x1823, 0x1823, 0x1823, 0x1823, 0x1823, 0x1823, 0x1823, 0x1823, 0x1823, 0x1824, 0x1824, 
  0x1824, 0x1844, 0x1844, 0x1844, 0x2044, 0x2044, 0x2044, 0x2044, 0x2044, 0x2044, 0x2064, 0x2064, 
  0x2064, 0x2064, 0x2064, 0x2064, 0x2064, 0x2064, 0x2064, 0x2064, 0x2064, 0x2064, 0x2064, 0x2064, 
  0x2064, 0x2064, 0x2064, 0x2064, 0x2064, 0x2064, 0x2064, 0x2064, 0x2064, 0x2064, 0x2064, 0x2064, 
  0x2064, 0x2064, 0x2064, 0x2064, 0x2064, 0x2064, 0x2064, 0x2064, 0x2064, 0x2064, 0x2064, 0x2064, 
  0x2064, 0x2064, 0x2064, 0x2064, 0x2064, 0x2064, 0x2064, 0x2064, 0x2064, 0x2064, 0x2064, 0x2064, 
  0x2064, 0x2064, 0x2064, 0x2064, 0x2064, 0x2064, 0x2064, 0x2064, 0x2064, 0x2064, 0x2064, 0x2064, 
  0x2064, 0x2064, 0x2064, 0x2064, 0x2064, 0x2064, 0x2064, 0x2064, 0x2064, 0x2064, 0x2064, 0x2044, 
  0x1844, 0x1824, 0x1823, 0x1823, 0x1823, 0x1823, 0x1823, 0x1823, 0x1823, 0x1823, 0x1823, 0x1823, 
  0x1823, 0x1823, 0x1823, 0x1823, 0x1823, 0x1823, 0x1823, 0x1823, 0x1823, 0x1823, 0x1823, 0x1823, 
  0x1823, 0x1823, 0x1823, 0x1823, 0x1823, 0x1823, 0x1823, 0x1823, 0x1823, 0x1823, 0x1823, 0x1823, 
  0x1823, 0x1823, 0x1823, 0x1823, 0x1823, 0x1823, 0x1823, 0x1824, 0x1824, 0x1824, 0x2024, 0x2025, 
  0x2846, 0x3047, 0x3868, 0x408a, 0x48ab, 0x50cd, 0x590e, 0x612e, 0x616f, 0x618f, 0x69af, 0x69cf, 
  0x69cf, 0x61af, 0x61af, 0x61af, 0x61af, 0x69cf, 0x93b4, 0x52aa, 0x52aa, 0x5acb, 0x5acb, 0x5acb, 
  0x52aa, 0x52aa, 0x528a, 0x528a, 0x528a, 0x4a69, 0x4a69, 0x4a69, 0x4a69, 0x4a49, 0x4a49, 0x4a49, 
  0x4a49, 0x4228, 0x4228, 0x4228, 0x4228, 0x4208, 0x4208, 0x4208, 0x39e7, 0x39e7, 0x39e7, 0x39e7, 
  0x39c7, 0x39c7, 0x39c7, 0x39c7, 0x31a6, 0x31a6, 0x31a6, 0x3186, 0x3186, 0x3186, 0x3186, 0x2945, 
  0x2124, 0x2124, 0x2124, 0x2124, 0x2124, 0x2104, 0x2104, 0x2104, 0x2104, 0x2104, 0x2104, 0x18e3, 
  0x18e3, 0x18e3, 0x18e3, 0x18e3, 0x18e3, 0x18e3, 0x18c3, 0x18c3, 0x18c3, 0x18c3, 0x18c3, 0x18c3, 
  0x18c3, 0x18c3, 0x18c3, 0x18c3, 0x0861, 0x0861, 0x0861, 0x0861, 0x0861, 0x0861, 0x0861, 0x0861, 
  0x0861, 0x0861, 0x0861, 0x0861, 0x0861, 0x0841, 0x0841, 0x0841, 0x0841, 0x0841, 0x0841, 0x0841, 
  0x0841, 0x0841, 0x0841, 0x0841, 0x0841, 0x0841, 0x0841, 0x0841, 0x0841, 0x0841, 0x0841, 0x0841, 
  0x0841, 0x0841, 0x0841, 0x0841, 0x0841, 0x0841, 0x0841, 0x0841, 0x0841, 0x0841, 0x0841, 0x0840, 
  0x0822, 0x2807, 0x380b, 0x20a4, 0x18c3, 0x18c3, 0x0020, 0x0000, 0x0000, 0x0000, 0x0000, 0x0000, 
  0x0000, 0x0000, 0x0000, 0x3948, 0x1003, 0x1003, 0x1003, 0x1003, 0x1003, 0x1003, 0x1003, 0x1003, 
  0x1003, 0x1003, 0x1003, 0x1003, 0x1003, 0x1003, 0x1003, 0x1003, 0x1003, 0x1003, 0x1003, 0x1003, 
  0x1003, 0x1003, 0x1003, 0x1003, 0x1003, 0x1803, 0x1823, 0x1823, 0x1823, 0x1823, 0x1823, 0x1823, 
  0x1823, 0x1823, 0x1823, 0x1823, 0x1823, 0x1824, 0x1824, 0x1824, 0x1844, 0x1844, 0x1844, 0x2044, 
  0x2044, 0x2044, 0x2044, 0x2044, 0x2044, 0x2064, 0x2064, 0x2064, 0x2064, 0x2064, 0x2064, 0x2064, 
  0x2064, 0x2064, 0x2064, 0x2064, 0x2064, 0x2064, 0x2064, 0x2064, 0x2064, 0x2064, 0x2064, 0x2064, 
  0x2064, 0x2064, 0x2064, 0x2064, 0x2064, 0x2064, 0x2064, 0x2064, 0x2064, 0x2064, 0x2064, 0x2064, 
  0x2064, 0x2064, 0x2064, 0x2064, 0x2064, 0x2064, 0x2064, 0x2064, 0x2064, 0x2064, 0x2064, 0x2064, 
  0x2064, 0x2064, 0x2064, 0x2064, 0x2064, 0x2064, 0x2064, 0x2064, 0x2064, 0x2064, 0x2064, 0x2064, 
  0x2064, 0x2064, 0x2064, 0x2064, 0x2064, 0x2064, 0x2064, 0x2064, 0x2064, 0x2064, 0x2064, 0x2064, 
  0x2064, 0x2064, 0x2064, 0x2064, 0x2064, 0x2064, 0x2064, 0x2044, 0x2044, 0x1844, 0x1823, 0x1823, 
  0x1823, 0x1823, 0x1823, 0x1823, 0x1823, 0x1823, 0x1823, 0x1823, 0x1823, 0x1823, 0x1823, 0x1823, 
  0x1823, 0x1823, 0x1823, 0x1823, 0x1823, 0x1823, 0x1823, 0x1823, 0x1823, 0x1823, 0x1823, 0x1823, 
  0x1823, 0x1823, 0x1823, 0x1823, 0x1823, 0x1823, 0x1823, 0x1823, 0x1823, 0x1823, 0x1823, 0x1823, 
  0x1823, 0x1823, 0x1823, 0x1824, 0x1824, 0x2024, 0x2025, 0x2826, 0x3047, 0x3869, 0x408b, 0x50ac, 
  0x58ee, 0x612f, 0x616f, 0x69af, 0x69ef, 0x6a0f, 0x6a2f, 0x6a2f, 0x6a2f, 0x6a2f, 0x6a0f, 0x6a0f, 
  0x6a0f, 0x6a2f, 0x93d3, 0x52aa, 0x5acb, 0x5acb, 0x5acb, 0x5acb, 0x52aa, 0x52aa, 0x52aa, 0x52aa, 
  0x528a, 0x528a, 0x4a69, 0x4a69, 0x4a69, 0x4a49, 0x4a49, 0x4a49, 0x4228, 0x4228, 0x4228, 0x4228, 
  0x4208, 0x4208, 0x4208, 0x39e7, 0x39e7, 0x39e7, 0x39e7, 0x39c7, 0x39c7, 0x39c7, 0x39c7, 0x31a6, 
  0x31a6, 0x31a6, 0x3186, 0x3186, 0x3186, 0x3186, 0x2945, 0x2124, 0x2124, 0x2124, 0x2124, 0x2124, 
  0x2104, 0x2104, 0x2104, 0x2104, 0x2104, 0x2104, 0x2104, 0x18e3, 0x18e3, 0x18e3, 0x18e3, 0x18e3, 
  0x18e3, 0x18c3, 0x18c3, 0x18c3, 0x18c3, 0x18c3, 0x18c3, 0x18c3, 0x18c3, 0x18c3, 0x18c3, 0x18c3, 
  0x0861, 0x0861, 0x0861, 0x0861, 0x0861, 0x0861, 0x0861, 0x0861, 0x0861, 0x0861, 0x0861, 0x0861, 
  0x0841, 0x0841, 0x0841, 0x0841, 0x0841, 0x0841, 0x0841, 0x0841, 0x0841, 0x0841, 0x0841, 0x0841, 
  0x0841, 0x0841, 0x0841, 0x0841, 0x0841, 0x0841, 0x0841, 0x0841, 0x0841, 0x0841, 0x0841, 0x0841, 
  0x0841, 0x0841, 0x0841, 0x0841, 0x0841, 0x0841, 0x0841, 0x0841, 0x0821, 0x0802, 0x3009, 0x3048, 
  0x18e3, 0x18c3, 0x0020, 0x0000, 0x0000, 0x0000, 0x0000, 0x0000, 0x0000, 0x0000, 0x0000, 0x3948, 
  0x1003, 0x1003, 0x1003, 0x1003, 0x1003, 0x1003, 0x1003, 0x1003, 0x1003, 0x1003, 0x1003, 0x1003, 
  0x1003, 0x1003, 0x1003, 0x1003, 0x1003, 0x1003, 0x1003, 0x1003, 0x1003, 0x1003, 0x1003, 0x1003, 
  0x1803, 0x1803, 0x1823, 0x1823, 0x1823, 0x1823, 0x1823, 0x1823, 0x1823, 0x1823, 0x1823, 0x1823, 
  0x1824, 0x1824, 0x1824, 0x1844, 0x1844, 0x1844, 0x2044, 0x2044, 0x2044, 0x2044, 0x2044, 0x2044, 
  0x2064, 0x2064, 0x2064, 0x2064, 0x2064, 0x2064, 0x2064, 0x2064, 0x2064, 0x2064, 0x2064, 0x2064, 
  0x2064, 0x2064, 0x2064, 0x2064, 0x2064, 0x2064, 0x2064, 0x2064, 0x2064, 0x2064, 0x2064, 0x2064, 
  0x2064, 0x2064, 0x2064, 0x2064, 0x2064, 0x2064, 0x2064, 0x2064, 0x2064, 0x2064, 0x2064, 0x2064, 
  0x2064, 0x2064, 0x2064, 0x2064, 0x2064, 0x2064, 0x2064, 0x2064, 0x2064, 0x2064, 0x2064, 0x2064, 
  0x2064, 0x2064, 0x2064, 0x2064, 0x2064, 0x2064, 0x2064, 0x2064, 0x2064, 0x2064, 0x2064, 0x2064, 
  0x2064, 0x2064, 0x2064, 0x2064, 0x2064, 0x2064, 0x2064, 0x2064, 0x2064, 0x2064, 0x2064, 0x2064, 
  0x2064, 0x2064, 0x2064, 0x2064, 0x2044, 0x1844, 0x1844, 0x1823, 0x1823, 0x1823, 0x1823, 0x1823, 
  0x1823, 0x1823, 0x1823, 0x1823, 0x1823, 0x1823, 0x1823, 0x1823, 0x1823, 0x1823, 0x1823, 0x1823, 
  0x1823, 0x1823, 0x1823, 0x1823, 0x1823, 0x1823, 0x1823, 0x1823, 0x1823, 0x1823, 0x1823, 0x1823, 
  0x1823, 0x1823, 0x1823, 0x1823, 0x1823, 0x1823, 0x1823, 0x1823, 0x1823, 0x1823, 0x1823, 0x1824, 
  0x1824, 0x2025, 0x2826, 0x3027, 0x3849, 0x486b, 0x50ad, 0x58ee, 0x614f, 0x69b0, 0x69f0, 0x6a2f, 
  0x6a4f, 0x6a6f, 0x6a6f, 0x6a6e, 0x6a6e, 0x6a6f, 0x6a6f, 0x6a6f, 0x6a6e, 0x6a8e, 0x93f3, 0x52aa, 
  0x5acb, 0x5acb, 0x5acb, 0x5acb, 0x52aa, 0x52aa, 0x528a, 0x528a, 0x528a, 0x4a69, 0x4a69, 0x4a69, 
  0x4a49, 0x4a49, 0x4a49, 0x4228, 0x4228, 0x4228, 0x4228, 0x4208, 0x4208, 0x4208, 0x39e7, 0x39e7, 
  0x39e7, 0x39e7, 0x39c7, 0x39c7, 0x39c7, 0x39c7, 0x31a6, 0x31a6, 0x31a6, 0x3186, 0x3186, 0x3186, 
  0x3186, 0x2965, 0x2124, 0x2124, 0x2124, 0x2124, 0x2124, 0x2104, 0x2104, 0x2104, 0x2104, 0x2104, 
  0x2104, 0x18e3, 0x18e3, 0x18e3, 0x18e3, 0x18e3, 0x18e3, 0x18e3, 0x18c3, 0x18c3, 0x18c3, 0x18c3, 
  0x18c3, 0x18c3, 0x18c3, 0x18c3, 0x18c3, 0x18c3, 0x18c3, 0x10a2, 0x0861, 0x0861, 0x0861, 0x0861, 
  0x0861, 0x0861, 0x0861, 0x0861, 0x0861, 0x0861, 0x0861, 0x0841, 0x0841, 0x0841, 0x0841, 0x0841, 
  0x0841, 0x0841, 0x0841, 0x0841, 0x0841, 0x0841, 0x0841, 0x0841, 0x0841, 0x0841, 0x0841, 0x0841, 
  0x0841, 0x0841, 0x0841, 0x0841, 0x0841, 0x0841, 0x0841, 0x0841, 0x0841, 0x0841, 0x0841, 0x0841, 
  0x0841, 0x0841, 0x0841, 0x0841, 0x0841, 0x0841, 0x1003, 0x380a, 0x2085, 0x18a3, 0x0000, 0x0000, 
  0x0000, 0x0000, 0x0000, 0x0000, 0x0000, 0x0000, 0x0000, 0x3948, 0x1003, 0x1003, 0x1003, 0x1003, 
  0x1003, 0x1003, 0x1003, 0x1003, 0x1003, 0x1003, 0x1003, 0x1003, 0x1003, 0x1003, 0x1003, 0x1003, 
  0x1003, 0x1003, 0x1003, 0x1003, 0x1003, 0x1003, 0x1003, 0x1003, 0x1803, 0x1823, 0x1823, 0x1823, 
  0x1823, 0x1823, 0x1823, 0x1823, 0x1823, 0x1823, 0x1823, 0x1823, 0x1824, 0x1824, 0x1844, 0x1844, 
  0x1844, 0x2044, 0x2044, 0x2044, 0x2044, 0x2044, 0x2044, 0x2064, 0x2064, 0x2064, 0x2064, 0x2064, 
  0x2064, 0x2064, 0x2064, 0x2064, 0x2064, 0x2064, 0x2064, 0x2064, 0x2064, 0x2064, 0x2064, 0x2064, 
  0x2064, 0x2064, 0x2064, 0x2064, 0x2064, 0x2064, 0x2064, 0x2064, 0x2064, 0x2064, 0x2064, 0x2064, 
  0x2064, 0x2064, 0x2064, 0x2064, 0x2064, 0x2064, 0x2064, 0x2064, 0x2064, 0x2064, 0x2064, 0x2064, 
  0x2064, 0x2064, 0x2064, 0x2064, 0x2064, 0x2064, 0x2064, 0x2064, 0x2064, 0x2064, 0x2064, 0x2064, 
  0x2064, 0x2064, 0x2064, 0x2064, 0x2064, 0x2064, 0x2064, 0x2064, 0x2064, 0x2064, 0x2064, 0x2064, 
  0x2064, 0x2064, 0x2064, 0x2064, 0x2064, 0x2064, 0x2064, 0x2064, 0x2064, 0x2064, 0x2064, 0x2064, 
  0x2064, 0x2044, 0x1844, 0x1824, 0x1823, 0x1823, 0x1823, 0x1823, 0x1823, 0x1823, 0x1823, 0x1823, 
  0x1823, 0x1823, 0x1823, 0x1823, 0x1823, 0x1823, 0x1823, 0x1823, 0x1823, 0x1823, 0x1823, 0x1823, 
  0x1823, 0x1823, 0x1823, 0x1823, 0x1823, 0x1823, 0x1823, 0x1823, 0x1823, 0x1823, 0x1823, 0x1823, 
  0x1823, 0x1823, 0x1823, 0x1823, 0x1823, 0x1823, 0x1824, 0x2024, 0x2025, 0x2826, 0x3028, 0x402a, 
  0x486c, 0x58ae, 0x610f, 0x6970, 0x69d0, 0x7210, 0x724f, 0x6a6f, 0x6a8f, 0x6a8e, 0x6aae, 0x6aae, 
  0x6aae, 0x6aae, 0x6a8e, 0x6a8e, 0x6aae, 0x6aae, 0x9413, 0x52aa, 0x52aa, 0x5acb, 0x5acb, 0x52aa, 
  0x52aa, 0x52aa, 0x528a, 0x528a, 0x4a69, 0x4a69, 0x4a69, 0x4a49, 0x4a49, 0x4a49, 0x4228, 0x4228, 
  0x4228, 0x4228, 0x4208, 0x4208, 0x4208, 0x4208, 0x39e7, 0x39e7, 0x39e7, 0x39c7, 0x39c7, 0x39c7, 
  0x39c7, 0x31a6, 0x31a6, 0x31a6, 0x3186, 0x3186, 0x3186, 0x3186, 0x2965, 0x2945, 0x2124, 0x2124, 
  0x2124, 0x2124, 0x2104, 0x2104, 0x2104, 0x2104, 0x2104, 0x2104, 0x18e3, 0x18e3, 0x18e3, 0x18e3, 
  0x18e3, 0x18e3, 0x18e3, 0x18c3, 0x18c3, 0x18c3, 0x18c3, 0x18c3, 0x18c3, 0x18c3, 0x18c3, 0x18c3, 
  0x18c3, 0x18a2, 0x18a2, 0x10a2, 0x0861, 0x0861, 0x0861, 0x0861, 0x0861, 0x0861, 0x0861, 0x0861, 
  0x0861, 0x0861, 0x0861, 0x0841, 0x0841, 0x0841, 0x0841, 0x0841, 0x0841, 0x0841, 0x0841, 0x0841, 
  0x0841, 0x0841, 0x0841, 0x0841, 0x0841, 0x0841, 0x0841, 0x0841, 0x0841, 0x0841, 0x0841, 0x0841, 
  0x0841, 0x0841, 0x0841, 0x0841, 0x0841, 0x0841, 0x0841, 0x0841, 0x0841, 0x0841, 0x0821, 0x0821, 
  0x0841, 0x0841, 0x0821, 0x2005, 0x3008, 0x1863, 0x0000, 0x0000, 0x0000, 0x0000, 0x0000, 0x0000, 
  0x0000, 0x0000, 0x0000, 0x3948, 0x1003, 0x1003, 0x1003, 0x1003, 0x1003, 0x1003, 0x1003, 0x1003, 
  0x1003, 0x1003, 0x1003, 0x1003, 0x1003, 0x1003, 0x1003, 0x1003, 0x1003, 0x1003, 0x1003, 0x1003, 
  0x1003, 0x1003, 0x1003, 0x1803, 0x1823, 0x1823, 0x1823, 0x1823, 0x1823, 0x1823, 0x1823, 0x1823, 
  0x1823, 0x1823, 0x1823, 0x1824, 0x1824, 0x1844, 0x1844, 0x1844, 0x2044, 0x2044, 0x2044, 0x2044, 
  0x2044, 0x2044, 0x2064, 0x2064, 0x2064, 0x2064, 0x2064, 0x2064, 0x2064, 0x2064, 0x2064, 0x2064, 
  0x2064, 0x2064, 0x2064, 0x2064, 0x2064, 0x2064, 0x2064, 0x2064, 0x2064, 0x2064, 0x2064, 0x2064, 
  0x2064, 0x2064, 0x2064, 0x2064, 0x2064, 0x2064, 0x2064, 0x2064, 0x2064, 0x2064, 0x2064, 0x2064, 
  0x2064, 0x2064, 0x2064, 0x2064, 0x2064, 0x2064, 0x2064, 0x2064, 0x2064, 0x2064, 0x2064, 0x2064, 
  0x2064, 0x2064, 0x2064, 0x2064, 0x2064, 0x2064, 0x2064, 0x2064, 0x2064, 0x2064, 0x2064, 0x2064, 
  0x2064, 0x2064, 0x2064, 0x2064, 0x2064, 0x2064, 0x2064, 0x2064, 0x2064, 0x2064, 0x2064, 0x2064, 
  0x2064, 0x2064, 0x2064, 0x2064, 0x2064, 0x2064, 0x2064, 0x2064, 0x2064, 0x2044, 0x1844, 0x1844, 
  0x1823, 0x1823, 0x1823, 0x1823, 0x1823, 0x1823, 0x1823, 0x1823, 0x1823, 0x1823, 0x1823, 0x1823, 
  0x1823, 0x1823, 0x1823, 0x1823, 0x1823, 0x1823, 0x1823, 0x1823, 0x1823, 0x1823, 0x1823, 0x1823, 
  0x1823, 0x1823, 0x1823, 0x1823, 0x1823, 0x1823, 0x1823, 0x1823, 0x1823, 0x1823, 0x1823, 0x1823, 
  0x1824, 0x1824, 0x2025, 0x2026, 0x2807, 0x3809, 0x402b, 0x504d, 0x588f, 0x68d1, 0x6951, 0x71d1, 
  0x7230, 0x7270, 0x728f, 0x6aae, 0x6aae, 0x6aae, 0x6aae, 0x6aae, 0x6aae, 0x6aae, 0x6aae, 0x6aae, 
  0x6aae, 0x6aad, 0x9413, 0x52aa, 0x52aa, 0x52aa, 0x52aa, 0x52aa, 0x528a, 0x528a, 0x528a, 0x4a69, 
  0x4a69, 0x4a69, 0x4a49, 0x4a49, 0x4a49, 0x4228, 0x4228, 0x4228, 0x4228, 0x4208, 0x4208, 0x4208, 
  0x39e7, 0x39e7, 0x39e7, 0x39c7, 0x39c7, 0x39c7, 0x39c7, 0x39c7, 0x31a6, 0x31a6, 0x31a6, 0x3186, 
  0x3186, 0x3186, 0x3186, 0x2965, 0x2945, 0x2124, 0x2124, 0x2124, 0x2124, 0x2104, 0x2104, 0x2104, 
  0x2104, 0x2104, 0x2104, 0x18e3, 0x18e3, 0x18e3, 0x18e3, 0x18e3, 0x18e3, 0x18e3, 0x18c3, 0x18c3, 
  0x18c3, 0x18c3, 0x18c3, 0x18c3, 0x18c3, 0x18c3, 0x18c3, 0x18c3, 0x18c3, 0x10a2, 0x10a2, 0x10a2, 
  0x0861, 0x0861, 0x0861, 0x0861, 0x0861, 0x0861, 0x0861, 0x0861, 0x0861, 0x0841, 0x0841, 0x0841, 
  0x0841, 0x0841, 0x0841, 0x0841, 0x0841, 0x0841, 0x0841, 0x0841, 0x0841, 0x0841, 0x0841, 0x0841, 
  0x0841, 0x0841, 0x0841, 0x0841, 0x0841, 0x0841, 0x0841, 0x0841, 0x0841, 0x0841, 0x0841, 0x0841, 
  0x0841, 0x0841, 0x0841, 0x0841, 0x0841, 0x0841, 0x0821, 0x0821, 0x0841, 0x0821, 0x0821, 0x0821, 
  0x2006, 0x1024, 0x0000, 0x0000, 0x0000, 0x0000, 0x0000, 0x0000, 0x0000, 0x0000, 0x0000, 0x3948, 
  0x1003, 0x1003, 0x1003, 0x1003, 0x1003, 0x1003, 0x1003, 0x1003, 0x1003, 0x1003, 0x1003, 0x1003, 
  0x1003, 0x1003, 0x1003, 0x1003, 0x1003, 0x1003, 0x1003, 0x1003, 0x1003, 0x1003, 0x1003, 0x1803, 
  0x1823, 0x1823, 0x1823, 0x1823, 0x1823, 0x1823, 0x1823, 0x1823, 0x1823, 0x1823, 0x1823, 0x1824, 
  0x1844, 0x1844, 0x1844, 0x2044, 0x2044, 0x2044, 0x2044, 0x2044, 0x2044, 0x2064, 0x2064, 0x2064, 
  0x2064, 0x2064, 0x2064, 0x2064, 0x2064, 0x2064, 0x2064, 0x2064, 0x2064, 0x2064, 0x2064, 0x2064, 
  0x2064, 0x2064, 0x2064, 0x2064, 0x2064, 0x2064, 0x2064, 0x2064, 0x2064, 0x2064, 0x2064, 0x2064, 
  0x2064, 0x2064, 0x2064, 0x2064, 0x2064, 0x2064, 0x2064, 0x2064, 0x2064, 0x2064, 0x2064, 0x2064, 
  0x2064, 0x2064, 0x2064, 0x2064, 0x2064, 0x2064, 0x2064, 0x2064, 0x2064, 0x2064, 0x2064, 0x2064, 
  0x2064, 0x2064, 0x2064, 0x2064, 0x2064, 0x2064, 0x2064, 0x2064, 0x2064, 0x2064, 0x2064, 0x2064, 
  0x2064, 0x2064, 0x2064, 0x2064, 0x2064, 0x2064, 0x2064, 0x2064, 0x2064, 0x2064, 0x2064, 0x2064, 
  0x2064, 0x2064, 0x2064, 0x2064, 0x2064, 0x2064, 0x2044, 0x1844, 0x1824, 0x1823, 0x1823, 0x1823, 
  0x1823, 0x1823, 0x1823, 0x1823, 0x1823, 0x1823, 0x1823, 0x1823, 0x1823, 0x1823, 0x1823, 0x1823, 
  0x1823, 0x1823, 0x1823, 0x1823, 0x1823, 0x1823, 0x1823, 0x1823, 0x1823, 0x1823, 0x1823, 0x1823, 
  0x1823, 0x1823, 0x1823, 0x1823, 0x1823, 0x1823, 0x1824, 0x1824, 0x2025, 0x2025, 0x2807, 0x3008, 
  0x380a, 0x400c, 0x502e, 0x6050, 0x6891, 0x70f2, 0x7172, 0x71f1, 0x7250, 0x728f, 0x72af, 0x6ace, 
  0x6aae, 0x6aae, 0x6aae, 0x6aad, 0x6aad, 0x6aad, 0x6aae, 0x6aae, 0x6aad, 0x6aad, 0x93f2, 0x528a, 
  0x52aa, 0x52aa, 0x52aa, 0x52aa, 0x528a, 0x528a, 0x4a69, 0x4a69, 0x4a69, 0x4a49, 0x4a49, 0x4a49, 
  0x4228, 0x4228, 0x4228, 0x4228, 0x4208, 0x4208, 0x4208, 0x4208, 0x39e7, 0x39e7, 0x39e7, 0x39c7, 
  0x39c7, 0x39c7, 0x39c7, 0x31a6, 0x31a6, 0x31a6, 0x3186, 0x3186, 0x3186, 0x3186, 0x3186, 0x2945, 
  0x2124, 0x2124, 0x2124, 0x2124, 0x2104, 0x2104, 0x2104, 0x2104, 0x2104, 0x2104, 0x18e3, 0x18e3, 
  0x18e3, 0x18e3, 0x18e3, 0x18e3, 0x18e3, 0x18c3, 0x18c3, 0x18c3, 0x18c3, 0x18c3, 0x18c3, 0x18c3, 
  0x18c3, 0x18c3, 0x18c3, 0x18c3, 0x10a2, 0x10a2, 0x10a2, 0x10a2, 0x0861, 0x0861, 0x0861, 0x0861, 
  0x0861, 0x0861, 0x0861, 0x0861, 0x0861, 0x0841, 0x0841, 0x0841, 0x0841, 0x0841, 0x0841, 0x0841, 
  0x0841, 0x0841, 0x0841, 0x0841, 0x0841, 0x0841, 0x0841, 0x0841, 0x0841, 0x0841, 0x0841, 0x0841, 
  0x0841, 0x0841, 0x0841, 0x0841, 0x0841, 0x0841, 0x0841, 0x0841, 0x0821, 0x0821, 0x0841, 0x0841, 
  0x0841, 0x0841, 0x0821, 0x0821, 0x0821, 0x0821, 0x0041, 0x0821, 0x1002, 0x0802, 0x0000, 0x0000, 
  0x0000, 0x0000, 0x0000, 0x0000, 0x0000, 0x0000, 0x0000, 0x3948, 0x1003, 0x1003, 0x1003, 0x1003, 
  0x1003, 0x1003, 0x1003, 0x1003, 0x1003, 0x1003, 0x1003, 0x1003, 0x1003, 0x1003, 0x1003, 0x1003, 
  0x1003, 0x1003, 0x1003, 0x1003, 0x1003, 0x1003, 0x1803, 0x1803, 0x1823, 0x1823, 0x1823, 0x1823, 
  0x1823, 0x1823, 0x1823, 0x1823, 0x1823, 0x1823, 0x1824, 0x1844, 0x1844, 0x1844, 0x1844, 0x2044, 
  0x2044, 0x2044, 0x2044, 0x2044, 0x2064, 0x2064, 0x2064, 0x2064, 0x2064, 0x2064, 0x2064, 0x2064, 
  0x2064, 0x2064, 0x2064, 0x2064, 0x2064, 0x2064, 0x2064, 0x2064, 0x2064, 0x2064, 0x2064, 0x2064, 
  0x2064, 0x2064, 0x2064, 0x2064, 0x2064, 0x2064, 0x2064, 0x2064, 0x2064, 0x2064, 0x2064, 0x2064, 
  0x2064, 0x2064, 0x2064, 0x2064, 0x2064, 0x2064, 0x2064, 0x2064, 0x2064, 0x2064, 0x2064, 0x2064, 
  0x2064, 0x2064, 0x2064, 0x2064, 0x2064, 0x2064, 0x2064, 0x2064, 0x2064, 0x2064, 0x2064, 0x2064, 
  0x2064, 0x2064, 0x2064, 0x2064, 0x2064, 0x2064, 0x2064, 0x2064, 0x2064, 0x2064, 0x2064, 0x2064, 
  0x2064, 0x2064, 0x2064, 0x2064, 0x2064, 0x2064, 0x2064, 0x2064, 0x2064, 0x2064, 0x2064, 0x2064, 
  0x2064, 0x2064, 0x2044, 0x2044, 0x1844, 0x1823, 0x1823, 0x1823, 0x1823, 0x1823, 0x1823, 0x1823, 
  0x1823, 0x1823, 0x1823, 0x1823, 0x1823, 0x1823, 0x1823, 0x1823, 0x1823, 0x1823, 0x1823, 0x1823, 
  0x1823, 0x1823, 0x1823, 0x1823, 0x1823, 0x1823, 0x1823, 0x1823, 0x1823, 0x1823, 0x1823, 0x1823, 
  0x1824, 0x1824, 0x2025, 0x2025, 0x2826, 0x3028, 0x3029, 0x402a, 0x480c, 0x502e, 0x6030, 0x6872, 
  0x70b3, 0x7113, 0x7993, 0x7211, 0x7270, 0x728f, 0x72af, 0x6aae, 0x6aae, 0x6aae, 0x6aad, 0x6aad, 
  0x6aad, 0x6aad, 0x6aad, 0x6aad, 0x6aad, 0x6aad, 0x93f2, 0x528a, 0x528a, 0x52aa, 0x52aa, 0x528a, 
  0x528a, 0x4a69, 0x4a69, 0x4a69, 0x4a69, 0x4a49, 0x4a49, 0x4228, 0x4228, 0x4228, 0x4228, 0x4208, 
  0x4208, 0x4208, 0x39e7, 0x39e7, 0x39e7, 0x39e7, 0x39c7, 0x39c7, 0x39c7, 0x39c7, 0x31a6, 0x31a6, 
  0x31a6, 0x3186, 0x3186, 0x3186, 0x3186, 0x3186, 0x2945, 0x2124, 0x2124, 0x2124, 0x2124, 0x2104, 
  0x2104, 0x2104, 0x2104, 0x2104, 0x2104, 0x2104, 0x18e3, 0x18e3, 0x18e3, 0x18e3, 0x18e3, 0x18e3, 
  0x18c3, 0x18c3, 0x18c3, 0x18c3, 0x18c3, 0x18c3, 0x18c3, 0x18c3, 0x18c3, 0x18c3, 0x18a2, 0x10a2, 
  0x10a2, 0x10a2, 0x10a2, 0x1082, 0x0861, 0x0861, 0x0861, 0x0861, 0x0861, 0x0861, 0x0861, 0x0841, 
  0x0841, 0x0841, 0x0841, 0x0841, 0x0841, 0x0841, 0x0841, 0x0841, 0x0841, 0x0841, 0x0841, 0x0841, 
  0x0841, 0x0841, 0x0841, 0x0841, 0x0841, 0x0841, 0x0841, 0x0841, 0x0841, 0x0841, 0x0841, 0x0841, 
  0x0841, 0x0841, 0x0841, 0x0841, 0x0821, 0x0821, 0x0821, 0x0841, 0x0841, 0x0841, 0x0841, 0x0841, 
  0x0841, 0x0841, 0x0821, 0x0041, 0x0820, 0x0000, 0x0000, 0x0000, 0x0000, 0x0000, 0x0000, 0x0000, 
  0x0000, 0x0000, 0x0000, 0x3948, 0x1003, 0x1003, 0x1003, 0x1003, 0x1003, 0x1003, 0x1003, 0x1003, 
  0x1003, 0x1003, 0x1003, 0x1003, 0x1003, 0x1003, 0x1003, 0x1003, 0x1003, 0x1003, 0x1003, 0x1003, 
  0x1003, 0x1803, 0x1803, 0x1823, 0x1823, 0x1823, 0x1823, 0x1823, 0x1823, 0x1823, 0x1823, 0x1823, 
  0x1823, 0x1823, 0x1844, 0x1844, 0x1844, 0x1844, 0x2044, 0x2044, 0x2044, 0x2044, 0x2044, 0x2044, 
  0x2064, 0x2064, 0x2064, 0x2064, 0x2064, 0x2064, 0x2064, 0x2064, 0x2064, 0x2064, 0x2064, 0x2064, 
  0x2064, 0x2064, 0x2064, 0x2064, 0x2064, 0x2064, 0x2064, 0x2064, 0x2064, 0x2064, 0x2064, 0x2064, 
  0x2064, 0x2064, 0x2064, 0x2064, 0x2064, 0x2064, 0x2064, 0x2064, 0x2064, 0x2064, 0x2064, 0x2064, 
  0x2064, 0x2064, 0x2064, 0x2064, 0x2064, 0x2064, 0x2064, 0x2064, 0x2064, 0x2064, 0x2064, 0x2064, 
  0x2064, 0x2064, 0x2064, 0x2064, 0x2064, 0x2064, 0x2064, 0x2064, 0x2064, 0x2064, 0x2064, 0x2064, 
  0x2064, 0x2064, 0x2064, 0x2064, 0x2064, 0x2064, 0x2064, 0x2064, 0x2064, 0x2064, 0x2064, 0x2064, 
  0x2064, 0x2064, 0x2064, 0x2064, 0x2064, 0x2064, 0x2064, 0x2064, 0x2064, 0x2064, 0x2064, 0x2044, 
  0x1844, 0x1824, 0x1823, 0x1823, 0x1823, 0x1823, 0x1823, 0x1823, 0x1823, 0x1823, 0x1823, 0x1823, 
  0x1823, 0x1823, 0x1823, 0x1823, 0x1823, 0x1823, 0x1823, 0x1823, 0x1823, 0x1823, 0x1823, 0x1823, 
  0x1823, 0x1823, 0x1823, 0x1823, 0x1823, 0x1823, 0x1824, 0x1824, 0x2025, 0x2025, 0x2826, 0x2827, 
  0x3029, 0x382a, 0x402b, 0x482c, 0x502e, 0x582f, 0x6051, 0x6872, 0x70b3, 0x7113, 0x7173, 0x71f2, 
  0x7250, 0x7290, 0x728f, 0x6aae, 0x6aae, 0x6aae, 0x6a8d, 0x6a8d, 0x6a8d, 0x6a8d, 0x6a8d, 0x6a8d, 
  0x6a8d, 0x6a8d, 0x93f2, 0x528a, 0x528a, 0x528a, 0x528a, 0x528a, 0x4a69, 0x4a69, 0x4a69, 0x4a69, 
  0x4a49, 0x4a49, 0x4228, 0x4228, 0x4228, 0x4228, 0x4208, 0x4208, 0x4208, 0x4208, 0x39e7, 0x39e7, 
  0x39e7, 0x39c7, 0x39c7, 0x39c7, 0x39c7, 0x31a6, 0x31a6, 0x31a6, 0x3186, 0x3186, 0x3186, 0x3186, 
  0x3186, 0x2965, 0x2124, 0x2124, 0x2124, 0x2124, 0x2104, 0x2104, 0x2104, 0x2104, 0x2104, 0x2104, 
  0x2104, 0x18e3, 0x18e3, 0x18e3, 0x18e3, 0x18e3, 0x18e3, 0x18e3, 0x18c3, 0x18c3, 0x18c3, 0x18c3, 
  0x18a2, 0x18a2, 0x18a2, 0x18c3, 0x18c3, 0x18c3, 0x10a2, 0x10a2, 0x10a2, 0x10a2, 0x10a2, 0x1082, 
  0x0861, 0x0861, 0x0861, 0x0861, 0x0861, 0x0861, 0x0841, 0x0841, 0x0841, 0x0841, 0x0841, 0x0841, 
  0x0841, 0x0841, 0x0841, 0x0841, 0x0841, 0x0841, 0x0841, 0x0841, 0x0841, 0x0841, 0x0841, 0x0841, 
  0x0841, 0x0841, 0x0841, 0x0841, 0x0841, 0x0841, 0x0841, 0x0841, 0x0841, 0x0841, 0x0841, 0x0821, 
  0x0821, 0x0821, 0x0841, 0x0841, 0x0841, 0x0841, 0x0841, 0x0841, 0x0841, 0x0840, 0x0821, 0x0821, 
  0x0821, 0x0000, 0x0000, 0x0000, 0x0000, 0x0000, 0x0000, 0x0000, 0x0000, 0x0000, 0x0000, 0x3948, 
  0x1003, 0x1003, 0x1003, 0x1003, 0x1003, 0x1003, 0x1003, 0x1003, 0x1003, 0x1003, 0x1003, 0x1003, 
  0x1003, 0x1003, 0x1003, 0x1003, 0x1003, 0x1003, 0x1003, 0x1003, 0x1003, 0x1803, 0x1823, 0x1823, 
  0x1823, 0x1823, 0x1823, 0x1823, 0x1823, 0x1823, 0x1823, 0x1823, 0x1823, 0x1844, 0x1844, 0x1844, 
  0x1844, 0x2044, 0x2044, 0x2044, 0x2044, 0x2044, 0x2044, 0x2064, 0x2064, 0x2064, 0x2064, 0x2064, 
  0x2064, 0x2064, 0x2064, 0x2064, 0x2064, 0x2064, 0x2064, 0x2064, 0x2064, 0x2064, 0x2064, 0x2064, 
  0x2064, 0x2064, 0x2064, 0x2064, 0x2064, 0x2064, 0x2064, 0x2064, 0x2064, 0x2064, 0x2064, 0x2064, 
  0x2064, 0x2064, 0x2064, 0x2064, 0x2064, 0x2064, 0x2064, 0x2064, 0x2064, 0x2064, 0x2064, 0x2064, 
  0x2064, 0x2064, 0x2064, 0x2064, 0x2064, 0x2064, 0x2064, 0x2064, 0x2064, 0x2064, 0x2064, 0x2064, 
  0x2064, 0x2064, 0x2064, 0x2064, 0x2064, 0x2064, 0x2064, 0x2064, 0x2064, 0x2064, 0x2064, 0x2064, 
  0x2064, 0x2064, 0x2064, 0x2064, 0x2064, 0x2064, 0x2064, 0x2064, 0x2064, 0x2064, 0x2064, 0x2064, 
  0x2064, 0x2064, 0x2064, 0x2064, 0x2064, 0x2064, 0x2064, 0x2064, 0x2044, 0x1844, 0x1823, 0x1823, 
  0x1823, 0x1823, 0x1823, 0x1823, 0x1823, 0x1823, 0x1823, 0x1823, 0x1823, 0x1823, 0x1823, 0x1823, 
  0x1823, 0x1823, 0x1823, 0x1823, 0x1823, 0x1823, 0x1823, 0x1823, 0x1823, 0x1823, 0x1823, 0x1823, 
  0x1804, 0x1824, 0x2025, 0x2025, 0x2826, 0x2827, 0x3028, 0x3829, 0x382b, 0x402b, 0x482c, 0x482d, 
  0x502e, 0x5850, 0x6071, 0x6892, 0x68d2, 0x7112, 0x7152, 0x71b2, 0x7211, 0x7250, 0x726f, 0x6a8e, 
  0x6a8e, 0x6a8e, 0x6a8d, 0x6a8d, 0x6a8d, 0x6a8d, 0x6a8e, 0x6a8e, 0x6a8d, 0x6a8d, 0x93f2, 0x4a69, 
  0x528a, 0x528a, 0x528a, 0x528a, 0x4a69, 0x4a69, 0x4a69, 0x4a49, 0x4a49, 0x4228, 0x4228, 0x4228, 
  0x4228, 0x4208, 0x4208, 0x4208, 0x4208, 0x39e7, 0x39e7, 0x39e7, 0x39c7, 0x39c7, 0x39c7, 0x39c7, 
  0x31a6, 0x31a6, 0x31a6, 0x3186, 0x3186, 0x3186, 0x3186, 0x3186, 0x2965, 0x2124, 0x2124, 0x2124, 
  0x2124, 0x2104, 0x2104, 0x2104, 0x2104, 0x2104, 0x2104, 0x2104, 0x18e3, 0x18e3, 0x18e3, 0x18e3, 
  0x18e3, 0x18e3, 0x18e3, 0x18c3, 0x18c3, 0x18c3, 0x18c3, 0x18a2, 0x18a2, 0x18a2, 0x18a2, 0x18c3, 
  0x18c3, 0x10a2, 0x10a2, 0x10a2, 0x10a2, 0x10a2, 0x1082, 0x1082, 0x0861, 0x0861, 0x0861, 0x0861, 
  0x0861, 0x0861, 0x0841, 0x0841, 0x0841, 0x0841, 0x0841, 0x0841, 0x0841, 0x0841, 0x0841, 0x0841, 
  0x0841, 0x0841, 0x0841, 0x0841, 0x0841, 0x0841, 0x0841, 0x0841, 0x0841, 0x0841, 0x0841, 0x0841, 
  0x0841, 0x0841, 0x0841, 0x0841, 0x0841, 0x0841, 0x0841, 0x0841, 0x0841, 0x0841, 0x0841, 0x0841, 
  0x0841, 0x0841, 0x0841, 0x0841, 0x0841, 0x0841, 0x0841, 0x0841, 0x0020, 0x0000, 0x0000, 0x0000, 
  0x0000, 0x0000, 0x0000, 0x0000, 0x0000, 0x0000, 0x0000, 0x3948, 0x1003, 0x1003, 0x1003, 0x1003, 
  0x1003, 0x1003, 0x1003, 0x1003, 0x1003, 0x1003, 0x1003, 0x1003, 0x1003, 0x1003, 0x1003, 0x1003, 
  0x1003, 0x1003, 0x1003, 0x1003, 0x1803, 0x1823, 0x1823, 0x1823, 0x1823, 0x1823, 0x1823, 0x1823, 
  0x1823, 0x1823, 0x1824, 0x1824, 0x1844, 0x1844, 0x1844, 0x1844, 0x1844, 0x2044, 0x2044, 0x2044, 
  0x2044, 0x2044, 0x2064, 0x2064, 0x2064, 0x2064, 0x2064, 0x2064, 0x2064, 0x2064, 0x2064, 0x2064, 
  0x2064, 0x2064, 0x2064, 0x2064, 0x2064, 0x2064, 0x2064, 0x2064, 0x2064, 0x2064, 0x2064, 0x2064, 
  0x2064, 0x2064, 0x2064, 0x2064, 0x2064, 0x2064, 0x2064, 0x2064, 0x2064, 0x2064, 0x2064, 0x2064, 
  0x2064, 0x2064, 0x2064, 0x2064, 0x2064, 0x2064, 0x2064, 0x2064, 0x2064, 0x2064, 0x2064, 0x2064, 
  0x2064, 0x2064, 0x2064, 0x2064, 0x2064, 0x2064, 0x2064, 0x2064, 0x2064, 0x2064, 0x2064, 0x2064, 
  0x2064, 0x2064, 0x2064, 0x2064, 0x2064, 0x2064, 0x2064, 0x2064, 0x2064, 0x2064, 0x2064, 0x2064, 
  0x2064, 0x2064, 0x2064, 0x2064, 0x2064, 0x2064, 0x2064, 0x2064, 0x2064, 0x2064, 0x2064, 0x2064, 
  0x2064, 0x2064, 0x2064, 0x2064, 0x2044, 0x1844, 0x1824, 0x1823, 0x1823, 0x1823, 0x1823, 0x1823, 
  0x1823, 0x1823, 0x1823, 0x1823, 0x1823, 0x1823, 0x1823, 0x1823, 0x1823, 0x1823, 0x1823, 0x1823, 
  0x1823, 0x1823, 0x1823, 0x1823, 0x1823, 0x1823, 0x1824, 0x1824, 0x2005, 0x2025, 0x2826, 0x2827, 
  0x3028, 0x3029, 0x382a, 0x382b, 0x402b, 0x402b, 0x482c, 0x482d, 0x504e, 0x584f, 0x6071, 0x68b1, 
  0x68d1, 0x6911, 0x6951, 0x7191, 0x71d1, 0x7210, 0x724f, 0x6a6f, 0x6a8e, 0x6a8e, 0x6a8e, 0x6a8e, 
  0x6a8d, 0x6a8e, 0x6a8e, 0x6a8e, 0x6a8e, 0x6a8d, 0x93d2, 0x4a69, 0x4a69, 0x528a, 0x528a, 0x4a69, 
  0x4a69, 0x4a69, 0x4a49, 0x4a49, 0x4a49, 0x4228, 0x4228, 0x4228, 0x4208, 0x4208, 0x4208, 0x4208, 
  0x39e7, 0x39e7, 0x39e7, 0x39c7, 0x39c7, 0x39c7, 0x39c7, 0x31a6, 0x31a6, 0x31a6, 0x3186, 0x3186, 
  0x3186, 0x3186, 0x3186, 0x2965, 0x2945, 0x2124, 0x2124, 0x2124, 0x2104, 0x2104, 0x2104, 0x2104, 
  0x2104, 0x2104, 0x18e3, 0x18e3, 0x18e3, 0x18e3, 0x18e3, 0x18e3, 0x18e3, 0x18e3, 0x18c3, 0x18c3, 
  0x18c3, 0x18c3, 0x18c3, 0x18a2, 0x18a2, 0x18a2, 0x18a2, 0x18c3, 0x10a2, 0x10a2, 0x10a2, 0x10a2, 
  0x10a2, 0x1082, 0x1082, 0x1082, 0x0861, 0x0861, 0x0861, 0x0861, 0x0841, 0x0841, 0x0841, 0x0841, 
  0x0841, 0x0841, 0x0841, 0x0841, 0x0841, 0x0841, 0x0841, 0x0841, 0x0841, 0x0841, 0x0841, 0x0841, 
  0x0841, 0x0841, 0x0841, 0x0841, 0x0841, 0x0841, 0x0841, 0x0841, 0x0841, 0x0841, 0x0841, 0x0841, 
  0x0841, 0x0841, 0x0841, 0x0841, 0x0841, 0x0841, 0x0841, 0x0841, 0x0841, 0x0841, 0x0841, 0x0841, 
  0x0841, 0x0841, 0x0841, 0x0841, 0x0020, 0x0000, 0x0000, 0x0000, 0x0000, 0x0000, 0x0000, 0x0000, 
  0x0000, 0x0000, 0x0000, 0x3948, 0x1003, 0x1003, 0x1003, 0x1003, 0x1003, 0x1003, 0x1003, 0x1003, 
  0x1003, 0x1003, 0x1003, 0x1003, 0x1003, 0x1003, 0x1003, 0x1003, 0x1003, 0x1003, 0x1003, 0x1803, 
  0x1823, 0x1823, 0x1823, 0x1823, 0x1823, 0x1823, 0x1823, 0x1823, 0x1823, 0x1824, 0x1824, 0x1844, 
  0x1844, 0x1844, 0x1844, 0x2044, 0x2044, 0x2044, 0x2044, 0x2044, 0x2044, 0x2064, 0x2064, 0x2064, 
  0x2064, 0x2064, 0x2064, 0x2064, 0x2064, 0x2064, 0x2064, 0x2064, 0x2064, 0x2064, 0x2064, 0x2064, 
  0x2064, 0x2064, 0x2064, 0x2064, 0x2064, 0x2064, 0x2064, 0x2064, 0x2064, 0x2064, 0x2064, 0x2064, 
  0x2064, 0x2064, 0x2064, 0x2064, 0x2064, 0x2064, 0x2064, 0x2064, 0x2064, 0x2064, 0x2064, 0x2064, 
  0x2064, 0x2064, 0x2064, 0x2064, 0x2064, 0x2064, 0x2064, 0x2064, 0x2064, 0x2064, 0x2064, 0x2064, 
  0x2064, 0x2064, 0x2064, 0x2064, 0x2064, 0x2064, 0x2064, 0x2064, 0x2064, 0x2064, 0x2064, 0x2064, 
  0x2064, 0x2064, 0x2064, 0x2064, 0x2064, 0x2064, 0x2064, 0x2064, 0x2064, 0x2064, 0x2064, 0x2064, 
  0x2064, 0x2064, 0x2064, 0x2064, 0x2064, 0x2064, 0x2064, 0x2064, 0x2064, 0x2064, 0x2064, 0x2064, 
  0x2064, 0x2044, 0x1844, 0x1824, 0x1823, 0x1823, 0x1823, 0x1823, 0x1823, 0x1823, 0x1823, 0x1823, 
  0x1823, 0x1823, 0x1823, 0x1823, 0x1823, 0x1823, 0x1823, 0x1823, 0x1823, 0x1823, 0x1823, 0x1823, 
  0x1824, 0x1824, 0x2024, 0x2025, 0x2026, 0x2827, 0x3028, 0x3029, 0x382a, 0x382a, 0x382a, 0x382a, 
  0x384a, 0x404a, 0x404b, 0x484c, 0x504e, 0x606f, 0x6891, 0x68d1, 0x68f1, 0x6910, 0x6930, 0x6951, 
  0x6991, 0x71d1, 0x7210, 0x6a4f, 0x6a4f, 0x6a6e, 0x6a6e, 0x6a6e, 0x6a6e, 0x6a6e, 0x6a6e, 0x6a6e, 
  0x6a6e, 0x6a6e, 0x93d2, 0x4a69, 0x4a69, 0x4a69, 0x4a69, 0x4a69, 0x4a69, 0x4a49, 0x4a49, 0x4228, 
  0x4228, 0x4228, 0x4228, 0x4208, 0x4208, 0x4208, 0x4208, 0x39e7, 0x39e7, 0x39e7, 0x39c7, 0x39c7, 
  0x39c7, 0x39c7, 0x31a6, 0x31a6, 0x31a6, 0x3186, 0x3186, 0x3186, 0x3186, 0x3186, 0x3186, 0x2945, 
  0x2124, 0x2124, 0x2124, 0x2104, 0x2104, 0x2104, 0x2104, 0x2104, 0x2104, 0x2104, 0x18e3, 0x18e3, 
  0x18e3, 0x18e3, 0x18e3, 0x18e3, 0x18e3, 0x18c3, 0x18c3, 0x18c3, 0x18c3, 0x18c3, 0x18c3, 0x18c3, 
  0x18a2, 0x18a2, 0x18a2, 0x10a2, 0x10a2, 0x10a2, 0x10a2, 0x10a2, 0x1082, 0x1082, 0x1082, 0x1082, 
  0x0861, 0x0861, 0x0861, 0x0861, 0x0841, 0x0841, 0x0841, 0x0841, 0x0841, 0x0841, 0x0841, 0x0841, 
  0x0841, 0x0841, 0x0841, 0x0841, 0x0841, 0x0841, 0x0841, 0x0841, 0x0841, 0x0841, 0x0841, 0x0841, 
  0x0841, 0x0841, 0x0841, 0x0841, 0x0841, 0x0841, 0x0841, 0x0841, 0x0841, 0x0841, 0x0841, 0x0841, 
  0x0841, 0x0841, 0x0841, 0x0841, 0x0841, 0x0841, 0x0841, 0x0841, 0x0841, 0x0841, 0x0841, 0x0841, 
  0x0020, 0x0000, 0x0000, 0x0000, 0x0000, 0x0000, 0x0000, 0x0000, 0x0000, 0x0000, 0x0000, 0x3948, 
  0x1003, 0x1003, 0x1003, 0x1003, 0x1003, 0x1003, 0x1003, 0x1003, 0x1003, 0x1003, 0x1003, 0x1003, 
  0x1003, 0x1003, 0x1003, 0x1003, 0x1003, 0x1003, 0x1003, 0x1823, 0x1823, 0x1823, 0x1823, 0x1823, 
  0x1823, 0x1823, 0x1823, 0x1823, 0x1824, 0x1824, 0x1844, 0x1844, 0x1844, 0x1844, 0x2044, 0x2044, 
  0x2044, 0x2044, 0x2044, 0x2044, 0x2064, 0x2064, 0x2064, 0x2064, 0x2064, 0x2064, 0x2064, 0x2064, 
  0x2064, 0x2064, 0x2064, 0x2064, 0x2064, 0x2064, 0x2064, 0x2064, 0x2064, 0x2064, 0x2064, 0x2064, 
  0x2064, 0x2064, 0x2064, 0x2064, 0x2064, 0x2064, 0x2064, 0x2064, 0x2064, 0x2064, 0x2064, 0x2064, 
  0x2064, 0x2064, 0x2064, 0x2064, 0x2064, 0x2064, 0x2064, 0x2064, 0x2064, 0x2064, 0x2064, 0x2064, 
  0x2064, 0x2064, 0x2064, 0x2064, 0x2064, 0x2064, 0x2064, 0x2064, 0x2064, 0x2064, 0x2064, 0x2064, 
  0x2064, 0x2064, 0x2064, 0x2064, 0x2064, 0x2064, 0x2064, 0x2064, 0x2064, 0x2064, 0x2064, 0x2064, 
  0x2064, 0x2064, 0x2064, 0x2064, 0x2064, 0x2064, 0x2064, 0x2064, 0x2064, 0x2064, 0x2064, 0x2064, 
  0x2064, 0x2064, 0x2064, 0x2064, 0x2064, 0x2064, 0x2064, 0x2064, 0x2064, 0x2044, 0x2044, 0x1844, 
  0x1823, 0x1823, 0x1823, 0x1823, 0x1823, 0x1823, 0x1823, 0x1823, 0x1823, 0x1823, 0x1823, 0x1823, 
  0x1823, 0x1823, 0x1823, 0x1823, 0x1823, 0x1823, 0x1824, 0x1824, 0x2024, 0x2025, 0x2026, 0x2827, 
  0x3028, 0x3028, 0x3029, 0x382a, 0x382a, 0x384a, 0x3849, 0x3849, 0x3849, 0x3849, 0x404a, 0x484c, 
  0x584e, 0x6070, 0x68b1, 0x68d1, 0x6910, 0x612f, 0x612f, 0x6150, 0x6970, 0x69b1, 0x71f0, 0x7210, 
  0x6a2f, 0x6a4f, 0x6a4e, 0x6a4e, 0x6a4e, 0x6a4e, 0x6a4e, 0x6a4e, 0x6a4e, 0x6a4e, 0x93b2, 0x4a49, 
  0x4a69, 0x4a69, 0x4a69, 0x4a69, 0x4a49, 0x4a49, 0x4a49, 0x4228, 0x4228, 0x4228, 0x4228, 0x4208, 
  0x4208, 0x4208, 0x39e7, 0x39e7, 0x39e7, 0x39c7, 0x39c7, 0x39c7, 0x39c7, 0x31a6, 0x31a6, 0x31a6, 
  0x31a6, 0x3186, 0x3186, 0x3186, 0x3186, 0x3186, 0x2965, 0x2124, 0x2124, 0x2124, 0x2124, 0x2104, 
  0x2104, 0x2104, 0x2104, 0x2104, 0x2104, 0x2104, 0x18e3, 0x18e3, 0x18e3, 0x18e3, 0x18e3, 0x18c3, 
  0x18c3, 0x18c3, 0x18c3, 0x18c3, 0x18c3, 0x18a2, 0x18c3, 0x18c3, 0x18c3, 0x18c3, 0x18a2, 0x10a2, 
  0x10a2, 0x10a2, 0x10a2, 0x1082, 0x1082, 0x1082, 0x1082, 0x1082, 0x0861, 0x0861, 0x0841, 0x0841, 
  0x0841, 0x0841, 0x0841, 0x0841, 0x0841, 0x0841, 0x0841, 0x0841, 0x0841, 0x0841, 0x0841, 0x0841, 
  0x0841, 0x0841, 0x0841, 0x0841, 0x0841, 0x0841, 0x0841, 0x0841, 0x0841, 0x0841, 0x0841, 0x0841, 
  0x0841, 0x0841, 0x0841, 0x0841, 0x0841, 0x0841, 0x0841, 0x0841, 0x0841, 0x0841, 0x0840, 0x0840, 
  0x0840, 0x0841, 0x0841, 0x0841, 0x0841, 0x0841, 0x0821, 0x0020, 0x0020, 0x0000, 0x0000, 0x0000, 
  0x0000, 0x0000, 0x0000, 0x0000, 0x0000, 0x0000, 0x0000, 0x3948, 0x1003, 0x1003, 0x1003, 0x1003, 
  0x1003, 0x1003, 0x1003, 0x1003, 0x1003, 0x1003, 0x1003, 0x1003, 0x1003, 0x1003, 0x1003, 0x1003, 
  0x1003, 0x1803, 0x1823, 0x1823, 0x1823, 0x1823, 0x1823, 0x1823, 0x1823, 0x1823, 0x1823, 0x1824, 
  0x1824, 0x1844, 0x1844, 0x1844, 0x1844, 0x2044, 0x2044, 0x2044, 0x2044, 0x2044, 0x2044, 0x2064, 
  0x2064, 0x2064, 0x2064, 0x2064, 0x2064, 0x2064, 0x2064, 0x2064, 0x2064, 0x2064, 0x2064, 0x2064, 
  0x2064, 0x2064, 0x2064, 0x2064, 0x2064, 0x2064, 0x2064, 0x2064, 0x2064, 0x2064, 0x2064, 0x2064, 
  0x2064, 0x2064, 0x2064, 0x2064, 0x2064, 0x2064, 0x2064, 0x2064, 0x2064, 0x2064, 0x2064, 0x2064, 
  0x2064, 0x2064, 0x2064, 0x2064, 0x2064, 0x2064, 0x2064, 0x2064, 0x2064, 0x2064, 0x2064, 0x2064, 
  0x2064, 0x2064, 0x2064, 0x2064, 0x2064, 0x2064, 0x2064, 0x2064, 0x2064, 0x2064, 0x2064, 0x2064, 
  0x2064, 0x2064, 0x2064, 0x2064, 0x2064, 0x2064, 0x2064, 0x2064, 0x2064, 0x2064, 0x2064, 0x2064, 
  0x2064, 0x2064, 0x2064, 0x2064, 0x2064, 0x2064, 0x2064, 0x2064, 0x2064, 0x2064, 0x2064, 0x2064, 
  0x2064, 0x2064, 0x2064, 0x2064, 0x2064, 0x2064, 0x2044, 0x1844, 0x1824, 0x1823, 0x1823, 0x1823, 
  0x1823, 0x1823, 0x1823, 0x1823, 0x1823, 0x1823, 0x1823, 0x1823, 0x1823, 0x1823, 0x1823, 0x1823, 
  0x1824, 0x1824, 0x1824, 0x2025, 0x2026, 0x2826, 0x2827, 0x3028, 0x3029, 0x3829, 0x3829, 0x3849, 
  0x3049, 0x3048, 0x3048, 0x3047, 0x3047, 0x3048, 0x404a, 0x484c, 0x586f, 0x6891, 0x70b2, 0x68f1, 
  0x6930, 0x612e, 0x592e, 0x592e, 0x614f, 0x6970, 0x69b1, 0x71d0, 0x7210, 0x6a2f, 0x6a2f, 0x6a2f, 
  0x6a2f, 0x6a2f, 0x6a2f, 0x6a2f, 0x6a2f, 0x6a2e, 0x93b2, 0x4a49, 0x4a49, 0x4a69, 0x4a69, 0x4a49, 
  0x4a49, 0x4a49, 0x4228, 0x4228, 0x4228, 0x4228, 0x4208, 0x4208, 0x4208, 0x39e7, 0x39e7, 0x39e7, 
  0x39e7, 0x39c7, 0x39c7, 0x39c7, 0x39c7, 0x31a6, 0x31a6, 0x3186, 0x3186, 0x3186, 0x3186, 0x3186, 
  0x2965, 0x2965, 0x2124, 0x2124, 0x2124, 0x2124, 0x2104, 0x2104, 0x2104, 0x2104, 0x2104, 0x2104, 
  0x18e3, 0x18e3, 0x18e3, 0x18e3, 0x18e3, 0x18e3, 0x18c3, 0x18c3, 0x18c3, 0x18c3, 0x18c3, 0x18a2, 
  0x18a2, 0x18c3, 0x18c3, 0x18c3, 0x18c3, 0x10a2, 0x10a2, 0x10a2, 0x10a2, 0x10a2, 0x1082, 0x1082, 
  0x1082, 0x1082, 0x1082, 0x1082, 0x1082, 0x0841, 0x0841, 0x0841, 0x0841, 0x0841, 0x0841, 0x0841, 
  0x0841, 0x0841, 0x0841, 0x0841, 0x0841, 0x0841, 0x0841, 0x0841, 0x0841, 0x0841, 0x0841, 0x0841, 
  0x0841, 0x0841, 0x0841, 0x0841, 0x0841, 0x0841, 0x0841, 0x0841, 0x0841, 0x0841, 0x0821, 0x0821, 
  0x0841, 0x0841, 0x0841, 0x0841, 0x0841, 0x0841, 0x0840, 0x0840, 0x0841, 0x0021, 0x0020, 0x0841, 
  0x0841, 0x0841, 0x0021, 0x0020, 0x0000, 0x0000, 0x0000, 0x0000, 0x0000, 0x0000, 0x0000, 0x0000, 
  0x0000, 0x0000, 0x0000, 0x3948, 0x1003, 0x1003, 0x1003, 0x1003, 0x1003, 0x1003, 0x1003, 0x1003, 
  0x1003, 0x1003, 0x1003, 0x1003, 0x1003, 0x1003, 0x1003, 0x1003, 0x1003, 0x1823, 0x1823, 0x1823, 
  0x1823, 0x1823, 0x1823, 0x1823, 0x1823, 0x1823, 0x1824, 0x1824, 0x1844, 0x1844, 0x1844, 0x1844, 
  0x2044, 0x2044, 0x2044, 0x2044, 0x2044, 0x2044, 0x2064, 0x2064, 0x2064, 0x2064, 0x2064, 0x2064, 
  0x2064, 0x2064, 0x2064, 0x2064, 0x2064, 0x2064, 0x2064, 0x2064, 0x2064, 0x2064, 0x2064, 0x2064, 
  0x2064, 0x2064, 0x2064, 0x2064, 0x2064, 0x2064, 0x2064, 0x2064, 0x2064, 0x2064, 0x2064, 0x2064, 
  0x2064, 0x2064, 0x2064, 0x2064, 0x2064, 0x2064, 0x2064, 0x2064, 0x2064, 0x2064, 0x2064, 0x2064, 
  0x2064, 0x2064, 0x2064, 0x2064, 0x2064, 0x2064, 0x2064, 0x2064, 0x2064, 0x2064, 0x2064, 0x2064, 
  0x2064, 0x2064, 0x2064, 0x2064, 0x2064, 0x2064, 0x2064, 0x2064, 0x2064, 0x2064, 0x2064, 0x2064, 
  0x2064, 0x2064, 0x2064, 0x2064, 0x2064, 0x2064, 0x2064, 0x2064, 0x2064, 0x2064, 0x2064, 0x2064, 
  0x2064, 0x2064, 0x2064, 0x2064, 0x2064, 0x2064, 0x2064, 0x2064, 0x2064, 0x2064, 0x2064, 0x2064, 
  0x2064, 0x2064, 0x2044, 0x2044, 0x1844, 0x1823, 0x1823, 0x1823, 0x1823, 0x1823, 0x1823, 0x1823, 
  0x1823, 0x1823, 0x1823, 0x1823, 0x1823, 0x1823, 0x1824, 0x1824, 0x2024, 0x2025, 0x2026, 0x2826, 
  0x2827, 0x3028, 0x3028, 0x3029, 0x3049, 0x3049, 0x3048, 0x3048, 0x3047, 0x2847, 0x2846, 0x2846, 
  0x2846, 0x3848, 0x404a, 0x504d, 0x6070, 0x7092, 0x70d3, 0x7111, 0x612f, 0x594d, 0x514d, 0x592d, 
  0x592e, 0x6150, 0x6971, 0x69b1, 0x71d0, 0x71f0, 0x6a10, 0x6a0f, 0x6a0f, 0x6a10, 0x7210, 0x71f0, 
  0x720f, 0x6a0f, 0x9393, 0x4a49, 0x4a49, 0x4a49, 0x4a49, 0x4a49, 0x4a49, 0x4228, 0x4228, 0x4228, 
  0x4208, 0x4208, 0x4208, 0x4208, 0x39e7, 0x39e7, 0x39e7, 0x39c7, 0x39c7, 0x39c7, 0x39c7, 0x31a6, 
  0x31a6, 0x31a6, 0x31a6, 0x3186, 0x3186, 0x3186, 0x3186, 0x3186, 0x2965, 0x2945, 0x2124, 0x2124, 
  0x2124, 0x2104, 0x2104, 0x2104, 0x2104, 0x2104, 0x2104, 0x18e3, 0x18e3, 0x18e3, 0x18e3, 0x18e3, 
  0x18e3, 0x18e3, 0x18c3, 0x18c3, 0x18c3, 0x18c3, 0x18c3, 0x18a2, 0x18a2, 0x18c3, 0x18c3, 0x18a2, 
  0x10a2, 0x10a2, 0x10a2, 0x10a2, 0x10a2, 0x1082, 0x1082, 0x1082, 0x1082, 0x1082, 0x1082, 0x1082, 
  0x10a2, 0x0861, 0x0841, 0x0841, 0x0841, 0x0841, 0x0841, 0x0841, 0x0841, 0x0841, 0x0841, 0x0841, 
  0x0841, 0x0841, 0x0841, 0x0841, 0x0841, 0x0841, 0x0841, 0x0841, 0x0841, 0x0841, 0x0841, 0x0841, 
  0x0841, 0x0841, 0x0841, 0x0841, 0x0821, 0x0821, 0x0821, 0x0821, 0x0841, 0x0841, 0x0841, 0x0841, 
  0x0841, 0x0841, 0x0841, 0x0841, 0x0821, 0x0021, 0x0021, 0x0821, 0x0821, 0x0021, 0x0021, 0x0821, 
  0x0000, 0x0000, 0x0000, 0x0000, 0x0000, 0x0000, 0x0000, 0x0000, 0x0000, 0x0000, 0x0000, 0x3948, 
  0x1003, 0x1003, 0x1003, 0x1003, 0x1003, 0x1003, 0x1003, 0x1003, 0x1003, 0x1003, 0x1003, 0x1003, 
  0x1003, 0x1003, 0x1003, 0x1003, 0x1823, 0x1823, 0x1823, 0x1823, 0x1823, 0x1823, 0x1823, 0x1823, 
  0x1823, 0x1823, 0x1824, 0x1844, 0x1844, 0x1844, 0x1844, 0x2044, 0x2044, 0x2044, 0x2044, 0x2044, 
  0x2044, 0x2064, 0x2064, 0x2064, 0x2064, 0x2064, 0x2064, 0x2064, 0x2064, 0x2064, 0x2064, 0x2064, 
  0x2064, 0x2064, 0x2064, 0x2064, 0x2064, 0x2064, 0x2064, 0x2064, 0x2064, 0x2064, 0x2064, 0x2064, 
  0x2064, 0x2064, 0x2064, 0x2064, 0x2064, 0x2064, 0x2064, 0x2064, 0x2064, 0x2064, 0x2064, 0x2064, 
  0x2064, 0x2064, 0x2064, 0x2064, 0x2064, 0x2064, 0x2064, 0x2064, 0x2064, 0x2064, 0x2064, 0x2064, 
  0x2064, 0x2064, 0x2064, 0x2064, 0x2064, 0x2064, 0x2064, 0x2064, 0x2064, 0x2064, 0x2064, 0x2064, 
  0x2064, 0x2064, 0x2064, 0x2064, 0x2064, 0x2064, 0x2064, 0x2064, 0x2064, 0x2064, 0x2064, 0x2064, 
  0x2064, 0x2064, 0x2064, 0x2064, 0x2064, 0x2064, 0x2064, 0x2064, 0x2064, 0x2064, 0x2064, 0x2064, 
  0x2064, 0x2064, 0x2064, 0x2064, 0x2064, 0x2064, 0x2064, 0x2064, 0x2064, 0x2064, 0x2064, 0x2044, 
  0x1844, 0x1824, 0x1823, 0x1823, 0x1823, 0x1823, 0x1823, 0x1823, 0x1823, 0x1823, 0x1823, 0x1823, 
  0x1824, 0x1824, 0x1824, 0x2025, 0x2025, 0x2826, 0x2827, 0x2827, 0x3028, 0x3048, 0x3048, 0x3048, 
  0x3048, 0x3047, 0x2847, 0x2846, 0x2846, 0x2865, 0x2065, 0x2865, 0x3046, 0x3848, 0x484b, 0x586f, 
  0x6892, 0x78b3, 0x78f3, 0x7131, 0x614f, 0x594d, 0x514c, 0x514c, 0x592d, 0x612f, 0x6950, 0x6971, 
  0x6991, 0x71b1, 0x71d0, 0x71f0, 0x71f0, 0x71d0, 0x71d0, 0x71d0, 0x71d0, 0x71f0, 0x9373, 0x4228, 
  0x4a49, 0x4a49, 0x4a49, 0x4a49, 0x4228, 0x4228, 0x4228, 0x4208, 0x4208, 0x4208, 0x4208, 0x39e7, 
  0x39e7, 0x39e7, 0x39c7, 0x39c7, 0x39c7, 0x39c7, 0x39c7, 0x31a6, 0x31a6, 0x31a6, 0x3186, 0x3186, 
  0x3186, 0x3186, 0x2965, 0x2965, 0x2945, 0x2124, 0x2124, 0x2104, 0x2104, 0x2104, 0x2104, 0x2104, 
  0x2104, 0x2104, 0x18e3, 0x18e3, 0x18e3, 0x18e3, 0x18e3, 0x18e3, 0x18e3, 0x18c3, 0x18c3, 0x18c3, 
  0x18c3, 0x18c3, 0x18a2, 0x18a2, 0x18c3, 0x18c3, 0x18a2, 0x10a2, 0x10a2, 0x10a2, 0x10a2, 0x10a2, 
  0x1082, 0x1082, 0x1082, 0x1082, 0x1082, 0x1082, 0x1082, 0x1082, 0x1082, 0x1082, 0x0841, 0x0841, 
  0x0841, 0x0841, 0x0841, 0x0841, 0x0841, 0x0841, 0x0841, 0x0841, 0x0841, 0x0841, 0x0841, 0x0841, 
  0x0841, 0x0841, 0x0841, 0x0841, 0x0841, 0x0841, 0x0841, 0x0841, 0x0841, 0x0841, 0x0841, 0x0841, 
  0x0821, 0x0821, 0x0821, 0x0821, 0x0841, 0x0841, 0x0841, 0x0841, 0x0841, 0x0841, 0x0841, 0x0020, 
  0x0020, 0x0021, 0x0021, 0x0821, 0x0821, 0x0021, 0x0021, 0x0021, 0x0000, 0x0000, 0x0000, 0x0000, 
  0x0000, 0x0000, 0x0000, 0x0000, 0x0000, 0x0000, 0x0000, 0x3948, 0x1003, 0x1003, 0x1003, 0x1003, 
  0x1003, 0x1003, 0x1003, 0x1003, 0x1003, 0x1003, 0x1003, 0x1003, 0x1003, 0x1003, 0x1003, 0x1803, 
  0x1823, 0x1823, 0x1823, 0x1823, 0x1823, 0x1823, 0x1823, 0x1823, 0x1823, 0x1824, 0x1824, 0x1844, 
  0x1844, 0x1844, 0x1844, 0x2044, 0x2044, 0x2044, 0x2044, 0x2044, 0x2064, 0x2064, 0x2064, 0x2064, 
  0x2064, 0x2064, 0x2064, 0x2064, 0x2064, 0x2064, 0x2064, 0x2064, 0x2064, 0x2064, 0x2064, 0x2064, 
  0x2064, 0x2064, 0x2064, 0x2064, 0x2064, 0x2064, 0x2064, 0x2064, 0x2064, 0x2064, 0x2064, 0x2064, 
  0x2064, 0x2064, 0x2064, 0x2064, 0x2064, 0x2064, 0x2064, 0x2064, 0x2064, 0x2064, 0x2064, 0x2064, 
  0x2064, 0x2064, 0x2064, 0x2064, 0x2064, 0x2064, 0x2064, 0x2064, 0x2064, 0x2064, 0x2064, 0x2064, 
  0x2064, 0x2064, 0x2064, 0x2064, 0x2064, 0x2064, 0x2064, 0x2064, 0x2064, 0x2064, 0x2064, 0x2064, 
  0x2064, 0x2064, 0x2064, 0x2064, 0x2064, 0x2064, 0x2064, 0x2064, 0x2064, 0x2064, 0x2064, 0x2064, 
  0x2064, 0x2064, 0x2064, 0x2064, 0x2064, 0x2064, 0x2064, 0x2064, 0x2064, 0x2064, 0x2064, 0x2064, 
  0x2064, 0x2064, 0x2064, 0x2064, 0x2064, 0x2064, 0x2064, 0x2064, 0x2044, 0x1844, 0x1823, 0x1823, 
  0x1823, 0x1823, 0x1823, 0x1823, 0x1823, 0x1823, 0x1824, 0x1824, 0x1824, 0x2025, 0x2025, 0x2026, 
  0x2826, 0x2827, 0x3028, 0x3048, 0x3048, 0x3048, 0x3048, 0x2847, 0x2847, 0x2866, 0x2866, 0x2065, 
  0x2065, 0x2065, 0x2065, 0x2866, 0x3047, 0x4049, 0x504d, 0x6070, 0x70b3, 0x78d4, 0x7913, 0x7131, 
  0x614e, 0x514c, 0x494b, 0x494b, 0x512c, 0x592e, 0x612f, 0x6950, 0x6971, 0x7191, 0x71b1, 0x71b1, 
  0x71b1, 0x71b1, 0x6991, 0x6991, 0x7191, 0x71b1, 0x9353, 0x4228, 0x4a49, 0x4a49, 0x4a49, 0x4228, 
  0x4228, 0x4228, 0x4228, 0x4208, 0x4208, 0x4208, 0x39e7, 0x39e7, 0x39e7, 0x39e7, 0x39c7, 0x39c7, 
  0x39c7, 0x39c7, 0x31a6, 0x31a6, 0x31a6, 0x3186, 0x3186, 0x3186, 0x3186, 0x2965, 0x2965, 0x2965, 
  0x2124, 0x2124, 0x2124, 0x2104, 0x2104, 0x2104, 0x2104, 0x2104, 0x2104, 0x18e3, 0x18e3, 0x18e3, 
  0x18e3, 0x18e3, 0x18e3, 0x18e3, 0x18c3, 0x18c3, 0x18c3, 0x18c3, 0x18c3, 0x18c3, 0x18a2, 0x18c3, 
  0x18c3, 0x18a2, 0x10a2, 0x10a2, 0x10a2, 0x10a2, 0x10a2, 0x1082, 0x1082, 0x1082, 0x1082, 0x1082, 
  0x1082, 0x1082, 0x1082, 0x1082, 0x1082, 0x1082, 0x0841, 0x0841, 0x0841, 0x0841, 0x0841, 0x0841, 
  0x0841, 0x0841, 0x0841, 0x0841, 0x0841, 0x0841, 0x0841, 0x0841, 0x0841, 0x0841, 0x0841, 0x0841, 
  0x0841, 0x0841, 0x0841, 0x0841, 0x0841, 0x0841, 0x0841, 0x0841, 0x0820, 0x0820, 0x0820, 0x0820, 
  0x0841, 0x0820, 0x0820, 0x0840, 0x0840, 0x0841, 0x0820, 0x0020, 0x0020, 0x0021, 0x0020, 0x0020, 
  0x0021, 0x0021, 0x0020, 0x0020, 0x0000, 0x0000, 0x0000, 0x0000, 0x0000, 0x0000, 0x0000, 0x0000, 
  0x0000, 0x0000, 0x0000, 0x3948, 0x1003, 0x1003, 0x1003, 0x1003, 0x1003, 0x1003, 0x1003, 0x1003, 
  0x1003, 0x1003, 0x1003, 0x1003, 0x1003, 0x1003, 0x1003, 0x1803, 0x1823, 0x1823, 0x1823, 0x1823, 
  0x1823, 0x1823, 0x1823, 0x1823, 0x1824, 0x1824, 0x1844, 0x1844, 0x1844, 0x1844, 0x2044, 0x2044, 
  0x2044, 0x2044, 0x2044, 0x2064, 0x2064, 0x2064, 0x2064, 0x2064, 0x2064, 0x2064, 0x2064, 0x2064, 
  0x2064, 0x2064, 0x2064, 0x2064, 0x2064, 0x2064, 0x2064, 0x2064, 0x2064, 0x2064, 0x2064, 0x2064, 
  0x2064, 0x2064, 0x2064, 0x2064, 0x2064, 0x2064, 0x2064, 0x2064, 0x2064, 0x2064, 0x2064, 0x2064, 
  0x2064, 0x2064, 0x2064, 0x2064, 0x2064, 0x2064, 0x2064, 0x2064, 0x2064, 0x2064, 0x2064, 0x2064, 
  0x2064, 0x2064, 0x2064, 0x2064, 0x2064, 0x2064, 0x2064, 0x2064, 0x2064, 0x2064, 0x2064, 0x2064, 
  0x2064, 0x2064, 0x2064, 0x2064, 0x2064, 0x2064, 0x2064, 0x2064, 0x2064, 0x2064, 0x2064, 0x2064, 
  0x2064, 0x2064, 0x2064, 0x2064, 0x2064, 0x2064, 0x2064, 0x2064, 0x2064, 0x2064, 0x2064, 0x2064, 
  0x2064, 0x2064, 0x2064, 0x2064, 0x2064, 0x2064, 0x2064, 0x2064, 0x2064, 0x2064, 0x2064, 0x2064, 
  0x2064, 0x2064, 0x2064, 0x2064, 0x2044, 0x1844, 0x1824, 0x1823, 0x1823, 0x1823, 0x1823, 0x1823, 
  0x1824, 0x1824, 0x1824, 0x2024, 0x2025, 0x2025, 0x2826, 0x2827, 0x2847, 0x3048, 0x3048, 0x3047, 
  0x2847, 0x2867, 0x2866, 0x2866, 0x2865, 0x2065, 0x2065, 0x2065, 0x2064, 0x2065, 0x2065, 0x2846, 
  0x3848, 0x484a, 0x586e, 0x7091, 0x78b4, 0x80f4, 0x7933, 0x6951, 0x614e, 0x514b, 0x494a, 0x494a, 
  0x494b, 0x512c, 0x592e, 0x6130, 0x6951, 0x6971, 0x7171, 0x7191, 0x7191, 0x6971, 0x6971, 0x6971, 
  0x6971, 0x6991, 0x9354, 0x4228, 0x4228, 0x4a49, 0x4228, 0x4228, 0x4228, 0x4228, 0x4208, 0x4208, 
  0x4208, 0x39e7, 0x39e7, 0x39e7, 0x39c7, 0x39c7, 0x39c7, 0x39c7, 0x39c7, 0x31a6, 0x31a6, 0x31a6, 
  0x3186, 0x3186, 0x3186, 0x3186, 0x3186, 0x2965, 0x2965, 0x2124, 0x2124, 0x2104, 0x2104, 0x2104, 
  0x2104, 0x2104, 0x2104, 0x2104, 0x18e3, 0x18e3, 0x18e3, 0x18e3, 0x18e3, 0x18e3, 0x18e3, 0x18c3, 
  0x18c3, 0x18c3, 0x18c3, 0x18c3, 0x18c3, 0x18c3, 0x18a2, 0x18a2, 0x18a2, 0x18a2, 0x10a2, 0x10a2, 
  0x10a2, 0x10a2, 0x1082, 0x1082, 0x1082, 0x1082, 0x1082, 0x1082, 0x1082, 0x1082, 0x1082, 0x1082, 
  0x1082, 0x1082, 0x0861, 0x0841, 0x0841, 0x0841, 0x0841, 0x0841, 0x0841, 0x0841, 0x0841, 0x0841, 
  0x0841, 0x0841, 0x0841, 0x0841, 0x0841, 0x0841, 0x0841, 0x0841, 0x0841, 0x0841, 0x0841, 0x0841, 
  0x0841, 0x0841, 0x0821, 0x0821, 0x0820, 0x0820, 0x0820, 0x0820, 0x0841, 0x0820, 0x0820, 0x0820, 
  0x0820, 0x0820, 0x0820, 0x0820, 0x0020, 0x0021, 0x0020, 0x0020, 0x0021, 0x0021, 0x0020, 0x0020, 
  0x0000, 0x0000, 0x0000, 0x0000, 0x0000, 0x0000, 0x0000, 0x0000, 0x0000, 0x0000, 0x0000, 0x3948, 
  0x1003, 0x1003, 0x1003, 0x1003, 0x1003, 0x1003, 0x1003, 0x1003, 0x1003, 0x1003, 0x1003, 0x1003, 
  0x1003, 0x1003, 0x1803, 0x1803, 0x1823, 0x1823, 0x1823, 0x1823, 0x1823, 0x1823, 0x1823, 0x1823, 
  0x1824, 0x1844, 0x1844, 0x1844, 0x1844, 0x2044, 0x2044, 0x2044, 0x2044, 0x2044, 0x2064, 0x2064, 
  0x2064, 0x2064, 0x2064, 0x2064, 0x2064, 0x2064, 0x2064, 0x2064, 0x2064, 0x2064, 0x2064, 0x2064, 
  0x2064, 0x2064, 0x2064, 0x2064, 0x2064, 0x2064, 0x2064, 0x2064, 0x2064, 0x2064, 0x2064, 0x2064, 
  0x2064, 0x2064, 0x2064, 0x2064, 0x2064, 0x2064, 0x2064, 0x2064, 0x2064, 0x2064, 0x2064, 0x2064, 
  0x2064, 0x2064, 0x2064, 0x2064, 0x2064, 0x2064, 0x2064, 0x2064, 0x2064, 0x2064, 0x2064, 0x2064, 
  0x2064, 0x2064, 0x2064, 0x2064, 0x2064, 0x2064, 0x2064, 0x2064, 0x2064, 0x2064, 0x2064, 0x2064, 
  0x2064, 0x2064, 0x2064, 0x2064, 0x2064, 0x2064, 0x2064, 0x2064, 0x2064, 0x2064, 0x2064, 0x2064, 
  0x2064, 0x2064, 0x2064, 0x2064, 0x2064, 0x2064, 0x2064, 0x2064, 0x2064, 0x2064, 0x2064, 0x2064, 
  0x2064, 0x2064, 0x2064, 0x2064, 0x2064, 0x2064, 0x2064, 0x2064, 0x2064, 0x2064, 0x2064, 0x2064, 
  0x2064, 0x2044, 0x1844, 0x1824, 0x1823, 0x1823, 0x1824, 0x1824, 0x1824, 0x2024, 0x2025, 0x2025, 
  0x2026, 0x2826, 0x2847, 0x2847, 0x2847, 0x2847, 0x2847, 0x2846, 0x2866, 0x2866, 0x2065, 0x2065, 
  0x2065, 0x2064, 0x2064, 0x2064, 0x2064, 0x2065, 0x2865, 0x3046, 0x3849, 0x484c, 0x606f, 0x7092, 
  0x80d4, 0x8114, 0x7953, 0x6950, 0x594d, 0x514b, 0x494a, 0x4149, 0x494a, 0x512b, 0x592d, 0x592f, 
  0x6130, 0x6951, 0x6951, 0x6971, 0x6971, 0x6951, 0x6951, 0x6951, 0x6951, 0x6971, 0x9334, 0x4208, 
  0x4228, 0x4228, 0x4228, 0x4228, 0x4228, 0x4208, 0x4208, 0x4208, 0x39e7, 0x39e7, 0x39e7, 0x39e7, 
  0x39c7, 0x39c7, 0x39c7, 0x39c7, 0x31a6, 0x31a6, 0x31a6, 0x3186, 0x3186, 0x3186, 0x3186, 0x3186, 
  0x2965, 0x2965, 0x2124, 0x2124, 0x2124, 0x2104, 0x2104, 0x2104, 0x2104, 0x2104, 0x2104, 0x18e3, 
  0x18e3, 0x18e3, 0x18e3, 0x18e3, 0x18e3, 0x18e3, 0x18c3, 0x18c3, 0x18c3, 0x18c3, 0x18c3, 0x18a2, 
  0x18a2, 0x18a2, 0x18c3, 0x18a2, 0x18a2, 0x10a2, 0x10a2, 0x10a2, 0x10a2, 0x1082, 0x1082, 0x1082, 
  0x1082, 0x1082, 0x1082, 0x1082, 0x1082, 0x1082, 0x1082, 0x1082, 0x1082, 0x1082, 0x1082, 0x0841, 
  0x0841, 0x0841, 0x0841, 0x0841, 0x0841, 0x0841, 0x0841, 0x0841, 0x0841, 0x0841, 0x0841, 0x0841, 
  0x0841, 0x0841, 0x0841, 0x0841, 0x0841, 0x0841, 0x0841, 0x0841, 0x0841, 0x0821, 0x0821, 0x0821, 
  0x0841, 0x0841, 0x0841, 0x0841, 0x0841, 0x0020, 0x0820, 0x0820, 0x0820, 0x0820, 0x0821, 0x0820, 
  0x0020, 0x0020, 0x0020, 0x0020, 0x0021, 0x0021, 0x0020, 0x0020, 0x0000, 0x0000, 0x0000, 0x0000, 
  0x0000, 0x0000, 0x0000, 0x0000, 0x0000, 0x0000, 0x0000, 0x3948, 0x1003, 0x1003, 0x1003, 0x1003, 
  0x1003, 0x1003, 0x1003, 0x1003, 0x1003, 0x1003, 0x1003, 0x1003, 0x1003, 0x1803, 0x1803, 0x1803, 
  0x1823, 0x1823, 0x1823, 0x1823, 0x1823, 0x1823, 0x1823, 0x1823, 0x1844, 0x1844, 0x1844, 0x1844, 
  0x2044, 0x2044, 0x2044, 0x2044, 0x2044, 0x2064, 0x2064, 0x2064, 0x2064, 0x2064, 0x2064, 0x2064, 
  0x2064, 0x2064, 0x2064, 0x2064, 0x2064, 0x2064, 0x2064, 0x2064, 0x2064, 0x2064, 0x2064, 0x2064, 
  0x2064, 0x2064, 0x2064, 0x2064, 0x2064, 0x2064, 0x2064, 0x2064, 0x2064, 0x2064, 0x2064, 0x2064, 
  0x2064, 0x2064, 0x2064, 0x2064, 0x2064, 0x2064, 0x2064, 0x2064, 0x2064, 0x2064, 0x2064, 0x2064, 
  0x2064, 0x2064, 0x2064, 0x2064, 0x2064, 0x2064, 0x2064, 0x2064, 0x2064, 0x2064, 0x2064, 0x2064, 
  0x2064, 0x2064, 0x2064, 0x2064, 0x2064, 0x2064, 0x2064, 0x2064, 0x2064, 0x2064, 0x2064, 0x2064, 
  0x2064, 0x2064, 0x2064, 0x2064, 0x2064, 0x2064, 0x2064, 0x2064, 0x2064, 0x2064, 0x2064, 0x2064, 
  0x2064, 0x2064, 0x2064, 0x2064, 0x2064, 0x2064, 0x2064, 0x2064, 0x2064, 0x2064, 0x2064, 0x2064, 
  0x2064, 0x2064, 0x2064, 0x2064, 0x2064, 0x2064, 0x2064, 0x2064, 0x2064, 0x2044, 0x2044, 0x1844, 
  0x1824, 0x1824, 0x1824, 0x1824, 0x2024, 0x2025, 0x2025, 0x2846, 0x2846, 0x2846, 0x2847, 0x2846, 
  0x2846, 0x2846, 0x2866, 0x2865, 0x2065, 0x2065, 0x2065, 0x2064, 0x2064, 0x2064, 0x2064, 0x2064, 
  0x2064, 0x2065, 0x2865, 0x3047, 0x4049, 0x506d, 0x6870, 0x78b3, 0x80f4, 0x8134, 0x7952, 0x696f, 
  0x594c, 0x494a, 0x4149, 0x4149, 0x4149, 0x494a, 0x512c, 0x592e, 0x612f, 0x6130, 0x6951, 0x6951, 
  0x6951, 0x6951, 0x6131, 0x6131, 0x6131, 0x6951, 0x9314, 0x4208, 0x4228, 0x4228, 0x4228, 0x4228, 
  0x4208, 0x4208, 0x4208, 0x39e7, 0x39e7, 0x39e7, 0x39e7, 0x39c7, 0x39c7, 0x39c7, 0x39c7, 0x31a6, 
  0x31a6, 0x31a6, 0x3186, 0x3186, 0x3186, 0x3186, 0x3186, 0x2965, 0x2965, 0x2945, 0x2124, 0x2124, 
  0x2104, 0x2104, 0x2104, 0x2104, 0x2104, 0x2104, 0x18e3, 0x18e3, 0x18e3, 0x18e3, 0x18e3, 0x18e3, 
  0x18e3, 0x18e3, 0x18c3, 0x18c3, 0x18c3, 0x18c3, 0x18c3, 0x18a2, 0x18a2, 0x18c3, 0x18a2, 0x18a2, 
  0x10a2, 0x10a2, 0x10a2, 0x10a2, 0x1082, 0x1082, 0x1082, 0x1082, 0x1082, 0x1082, 0x1082, 0x1082, 
  0x1082, 0x1082, 0x1082, 0x1082, 0x1082, 0x1082, 0x1082, 0x0861, 0x0841, 0x0841, 0x0841, 0x0841, 
  0x0841, 0x0841, 0x0841, 0x0841, 0x0841, 0x0841, 0x0841, 0x0841, 0x0841, 0x0841, 0x0841, 0x0841, 
  0x0841, 0x0841, 0x0841, 0x0841, 0x0841, 0x0821, 0x0821, 0x0821, 0x0840, 0x0840, 0x0841, 0x0820, 
  0x0020, 0x0020, 0x0820, 0x0820, 0x0820, 0x0821, 0x0821, 0x0821, 0x0020, 0x0020, 0x0020, 0x0020, 
  0x0020, 0x0020, 0x0020, 0x0000, 0x0000, 0x0000, 0x0000, 0x0000, 0x0000, 0x0000, 0x0000, 0x0000, 
  0x0000, 0x0000, 0x0000, 0x3948, 0x1003, 0x1003, 0x1003, 0x1003, 0x1003, 0x1003, 0x1003, 0x1003, 
  0x1003, 0x1003, 0x1003, 0x1003, 0x1803, 0x1803, 0x1803, 0x1823, 0x1823, 0x1823, 0x1823, 0x1823, 
  0x1823, 0x1823, 0x1823, 0x1824, 0x1844, 0x1844, 0x1844, 0x2044, 0x2044, 0x2044, 0x2044, 0x2044, 
  0x2044, 0x2064, 0x2064, 0x2064, 0x2064, 0x2064, 0x2064, 0x2064, 0x2064, 0x2064, 0x2064, 0x2064, 
  0x2064, 0x2064, 0x2064, 0x2064, 0x2064, 0x2064, 0x2064, 0x2064, 0x2064, 0x2064, 0x2064, 0x2064, 
  0x2064, 0x2064, 0x2064, 0x2064, 0x2064, 0x2064, 0x2064, 0x2064, 0x2064, 0x2064, 0x2064, 0x2064, 
  0x2064, 0x2064, 0x2064, 0x2064, 0x2064, 0x2064, 0x2064, 0x2064, 0x2064, 0x2064, 0x2064, 0x2064, 
  0x2064, 0x2064, 0x2064, 0x2064, 0x2064, 0x2064, 0x2064, 0x2064, 0x2064, 0x2064, 0x2064, 0x2064, 
  0x2064, 0x2064, 0x2064, 0x2064, 0x2064, 0x2064, 0x2064, 0x2064, 0x2064, 0x2064, 0x2064, 0x2064, 
  0x2064, 0x2064, 0x2064, 0x2064, 0x2064, 0x2064, 0x2064, 0x2064, 0x2064, 0x2064, 0x2064, 0x2064, 
  0x2064, 0x2064, 0x2064, 0x2064, 0x2064, 0x2064, 0x2064, 0x2064, 0x2064, 0x2064, 0x2064, 0x2064, 
  0x2064, 0x2064, 0x2064, 0x2064, 0x2064, 0x2064, 0x2044, 0x2044, 0x2044, 0x1824, 0x2024, 0x2025, 
  0x2045, 0x2045, 0x2846, 0x2846, 0x2846, 0x2846, 0x2846, 0x2846, 0x2846, 0x2065, 0x2065, 0x2065, 
  0x2064, 0x2064, 0x2064, 0x2064, 0x2064, 0x2064, 0x2064, 0x2064, 0x2064, 0x2065, 0x2866, 0x3047, 
  0x404a, 0x586e, 0x7091, 0x80d4, 0x8114, 0x8133, 0x7151, 0x616e, 0x514c, 0x494a, 0x4149, 0x4148, 
  0x4149, 0x414a, 0x492b, 0x512c, 0x592e, 0x612f, 0x6130, 0x6130, 0x6130, 0x6130, 0x6130, 0x5930, 
  0x5930, 0x6131, 0x8b14, 0x4208, 0x4208, 0x4228, 0x4228, 0x4208, 0x4208, 0x4208, 0x4208, 0x39e7, 
  0x39e7, 0x39e7, 0x39c7, 0x39c7, 0x39c7, 0x39c7, 0x31a6, 0x31a6, 0x31a6, 0x3186, 0x3186, 0x3186, 
  0x3186, 0x3186, 0x2965, 0x2965, 0x2945, 0x2124, 0x2124, 0x2104, 0x2104, 0x2104, 0x2104, 0x2104, 
  0x2104, 0x2104, 0x18e3, 0x18e3, 0x18e3, 0x18e3, 0x18e3, 0x18e3, 0x18c3, 0x18c3, 0x18c3, 0x18c3, 
  0x18c3, 0x18c3, 0x18a2, 0x18a2, 0x18a2, 0x18a2, 0x18a2, 0x10a2, 0x10a2, 0x10a2, 0x10a2, 0x1082, 
  0x1082, 0x1082, 0x1082, 0x1082, 0x1082, 0x1082, 0x1082, 0x1082, 0x1082, 0x1082, 0x1082, 0x1082, 
  0x1082, 0x1082, 0x1082, 0x0861, 0x0841, 0x0841, 0x0841, 0x0841, 0x0841, 0x0841, 0x0841, 0x0841, 
  0x0841, 0x0841, 0x0841, 0x0841, 0x0841, 0x0841, 0x0841, 0x0841, 0x0841, 0x0841, 0x0841, 0x0820, 
  0x0820, 0x0841, 0x0841, 0x0841, 0x0840, 0x0840, 0x0841, 0x0020, 0x0020, 0x0020, 0x0820, 0x0820, 
  0x0820, 0x0820, 0x0020, 0x0020, 0x0020, 0x0020, 0x0020, 0x0020, 0x0020, 0x0020, 0x0020, 0x0000, 
  0x0000, 0x0000, 0x0000, 0x0000, 0x0000, 0x0000, 0x0000, 0x0000, 0x0000, 0x0000, 0x0000, 0x3948, 
  0x1003, 0x1003, 0x1003, 0x1003, 0x1003, 0x1003, 0x1003, 0x1003, 0x1003, 0x1003, 0x1003, 0x1823, 
  0x1823, 0x1823, 0x1823, 0x1823, 0x1823, 0x1823, 0x1823, 0x1823, 0x1823, 0x1823, 0x1823, 0x1844, 
  0x1844, 0x1844, 0x2044, 0x2044, 0x2044, 0x2044, 0x2044, 0x2064, 0x2064, 0x2064, 0x2064, 0x2064, 
  0x2064, 0x2064, 0x2064, 0x2064, 0x2064, 0x2064, 0x2064, 0x2064, 0x2064, 0x2064, 0x2064, 0x2064, 
  0x2064, 0x2064, 0x2064, 0x2064, 0x2064, 0x2064, 0x2064, 0x2064, 0x2064, 0x2064, 0x2064, 0x2064, 
  0x2064, 0x2064, 0x2064, 0x2064, 0x2064, 0x2064, 0x2064, 0x2064, 0x2064, 0x2064, 0x2064, 0x2064, 
  0x2064, 0x2064, 0x2064, 0x2064, 0x2064, 0x2064, 0x2064, 0x2064, 0x2064, 0x2064, 0x2064, 0x2064, 
  0x2064, 0x2064, 0x2064, 0x2064, 0x2064, 0x2064, 0x2064, 0x2064, 0x2064, 0x2064, 0x2064, 0x2064, 
  0x2064, 0x2064, 0x2064, 0x2064, 0x2064, 0x2064, 0x2064, 0x2064, 0x2064, 0x2064, 0x2064, 0x2064, 
  0x2064, 0x2064, 0x2064, 0x2064, 0x2064, 0x2064, 0x2064, 0x2064, 0x2064, 0x2064, 0x2064, 0x2064, 
  0x2064, 0x2064, 0x2064, 0x2064, 0x2064, 0x2064, 0x2064, 0x2064, 0x2064, 0x2064, 0x2064, 0x2064, 
  0x2064, 0x2064, 0x2064, 0x2044, 0x2044, 0x2044, 0x2045, 0x2045, 0x2045, 0x2046, 0x2846, 0x2846, 
  0x2846, 0x2865, 0x2065, 0x2065, 0x2065, 0x2065, 0x2064, 0x2064, 0x2064, 0x2064, 0x2064, 0x2064, 
  0x2064, 0x2064, 0x2064, 0x2064, 0x2065, 0x2065, 0x2846, 0x3848, 0x484b, 0x606e, 0x7092, 0x80d4, 
  0x8114, 0x7953, 0x6950, 0x596d, 0x514b, 0x4149, 0x4149, 0x4148, 0x4148, 0x4149, 0x494a, 0x492b, 
  0x512d, 0x592e, 0x592f, 0x592f, 0x592f, 0x592f, 0x592f, 0x592f, 0x592f, 0x5930, 0x8af4, 0x4207, 
  0x4208, 0x4208, 0x4208, 0x4208, 0x4208, 0x4208, 0x39e7, 0x39e7, 0x39e7, 0x39c7, 0x39c7, 0x39c7, 
  0x39c7, 0x31a6, 0x31a6, 0x31a6, 0x3186, 0x3186, 0x3186, 0x3186, 0x3186, 0x2965, 0x2965, 0x2965, 
  0x2124, 0x2104, 0x2104, 0x2104, 0x2104, 0x2104, 0x2104, 0x2104, 0x2104, 0x18e3, 0x18e3, 0x18e3, 
  0x18e3, 0x18e3, 0x18e3, 0x18c3, 0x18c3, 0x18c3, 0x18c3, 0x18c3, 0x18c3, 0x18c3, 0x18c3, 0x18a2, 
  0x18a2, 0x18a2, 0x10a2, 0x10a2, 0x10a2, 0x10a2, 0x1082, 0x1082, 0x1082, 0x1082, 0x1082, 0x1082, 
  0x1082, 0x1082, 0x1082, 0x1082, 0x1082, 0x1082, 0x1082, 0x1082, 0x1082, 0x1082, 0x1082, 0x1082, 
  0x0841, 0x0841, 0x0841, 0x0841, 0x0841, 0x0841, 0x0841, 0x0841, 0x0841, 0x0841, 0x0841, 0x0841, 
  0x0841, 0x0841, 0x0841, 0x0841, 0x0841, 0x0841, 0x0820, 0x0820, 0x0820, 0x0841, 0x0841, 0x0841, 
  0x0841, 0x0021, 0x0021, 0x0020, 0x0020, 0x0020, 0x0020, 0x0820, 0x0820, 0x0020, 0x0020, 0x0020, 
  0x0020, 0x0020, 0x0020, 0x0020, 0x0020, 0x0020, 0x0020, 0x0000, 0x0000, 0x0000, 0x0000, 0x0000, 
  0x0000, 0x0000, 0x0000, 0x0000, 0x0000, 0x0000, 0x0000, 0x3948, 0x1003, 0x1003, 0x1003, 0x1003, 
  0x1003, 0x1003, 0x1003, 0x1003, 0x1003, 0x1003, 0x1823, 0x1823, 0x1823, 0x1823, 0x1823, 0x1823, 
  0x1823, 0x1823, 0x1823, 0x1823, 0x1823, 0x1823, 0x1824, 0x1844, 0x1844, 0x2044, 0x2044, 0x2044, 
  0x2044, 0x2044, 0x2044, 0x2064, 0x2064, 0x2064, 0x2064, 0x2064, 0x2064, 0x2064, 0x2064, 0x2064, 
  0x2064, 0x2064, 0x2064, 0x2064, 0x2064, 0x2064, 0x2064, 0x2064, 0x2064, 0x2064, 0x2064, 0x2064, 
  0x2064, 0x2064, 0x2064, 0x2064, 0x2064, 0x2064, 0x2064, 0x2064, 0x2064, 0x2064, 0x2064, 0x2064, 
  0x2064, 0x2064, 0x2064, 0x2064, 0x2064, 0x2064, 0x2064, 0x2064, 0x2064, 0x2064, 0x2064, 0x2064, 
  0x2064, 0x2064, 0x2064, 0x2064, 0x2064, 0x2064, 0x2064, 0x2064, 0x2064, 0x2064, 0x2064, 0x2064, 
  0x2064, 0x2064, 0x2064, 0x2064, 0x2064, 0x2064, 0x2064, 0x2064, 0x2064, 0x2064, 0x2064, 0x2064, 
  0x2064, 0x2064, 0x2064, 0x2064, 0x2064, 0x2064, 0x2064, 0x2064, 0x2064, 0x2064, 0x2064, 0x2064, 
  0x2064, 0x2064, 0x2064, 0x2064, 0x2064, 0x2064, 0x2064, 0x2064, 0x2064, 0x2064, 0x2064, 0x2064, 
  0x2064, 0x2064, 0x2064, 0x2064, 0x2064, 0x2064, 0x2064, 0x2064, 0x2064, 0x2064, 0x2064, 0x2044, 
  0x2045, 0x2045, 0x2045, 0x2045, 0x2045, 0x2045, 0x2045, 0x2065, 0x2065, 0x2065, 0x2065, 0x2064, 
  0x2064, 0x2064, 0x2064, 0x2064, 0x2064, 0x2064, 0x2064, 0x2064, 0x2064, 0x2064, 0x2064, 0x2064, 
  0x2065, 0x2865, 0x3046, 0x3849, 0x484c, 0x606f, 0x7092, 0x80d4, 0x8114, 0x7152, 0x694f, 0x594c, 
  0x494a, 0x4149, 0x4148, 0x4148, 0x4148, 0x4149, 0x4149, 0x494a, 0x492b, 0x512d, 0x592e, 0x592e, 
  0x592e, 0x512e, 0x512e, 0x512e, 0x512e, 0x512f, 0x8af4, 0x41e8, 0x4208, 0x4208, 0x4208, 0x4208, 
  0x4208, 0x39e7, 0x39e7, 0x39e7, 0x39c7, 0x39c7, 0x39c7, 0x39c7, 0x31a6, 0x31a6, 0x31a6, 0x3186, 
  0x3186, 0x3186, 0x3186, 0x3186, 0x2965, 0x2965, 0x2965, 0x2124, 0x2124, 0x2104, 0x2104, 0x2104, 
  0x2104, 0x2104, 0x2104, 0x18e3, 0x18e3, 0x18e3, 0x18e3, 0x18e3, 0x18e3, 0x18e3, 0x18c3, 0x18c3, 
  0x18c3, 0x18c3, 0x18c3, 0x18c3, 0x18a2, 0x18a2, 0x18c3, 0x18c3, 0x18a2, 0x10a2, 0x10a2, 0x10a2, 
  0x10a2, 0x10a2, 0x1082, 0x1082, 0x1082, 0x1082, 0x1082, 0x1082, 0x1082, 0x1082, 0x1082, 0x1082, 
  0x1082, 0x1082, 0x1082, 0x1082, 0x1082, 0x1082, 0x1082, 0x1082, 0x0861, 0x0841, 0x0841, 0x0841, 
  0x0841, 0x0841, 0x0841, 0x0841, 0x0841, 0x0841, 0x0841, 0x0841, 0x0841, 0x0841, 0x0841, 0x0841, 
  0x0841, 0x0841, 0x0820, 0x0820, 0x0820, 0x0841, 0x0841, 0x0841, 0x0841, 0x0021, 0x0021, 0x0020, 
  0x0020, 0x0020, 0x0020, 0x0820, 0x0020, 0x0020, 0x0820, 0x0020, 0x0020, 0x0020, 0x0020, 0x0020, 
  0x0020, 0x0020, 0x0020, 0x0000, 0x0000, 0x0000, 0x0000, 0x0000, 0x0000, 0x0000, 0x0000, 0x0000, 
  0x0000, 0x0000, 0x0000, 0x3948, 0x1003, 0x1003, 0x1003, 0x1003, 0x1003, 0x1003, 0x1003, 0x1003, 
  0x1003, 0x1823, 0x1823, 0x1823, 0x1823, 0x1823, 0x1823, 0x1823, 0x1823, 0x1823, 0x1823, 0x1823, 
  0x1823, 0x1823, 0x1824, 0x1844, 0x1844, 0x2044, 0x2044, 0x2044, 0x2044, 0x2044, 0x2064, 0x2064, 
  0x2064, 0x2064, 0x2064, 0x2064, 0x2064, 0x2064, 0x2064, 0x2064, 0x2064, 0x2064, 0x2064, 0x2064, 
  0x2064, 0x2064, 0x2064, 0x2064, 0x2064, 0x2064, 0x2064, 0x2064, 0x2064, 0x2064, 0x2064, 0x2064, 
  0x2064, 0x2064, 0x2064, 0x2064, 0x2064, 0x2064, 0x2064, 0x2064, 0x2064, 0x2064, 0x2064, 0x2064, 
  0x2064, 0x2064, 0x2064, 0x2064, 0x2064, 0x2064, 0x2064, 0x2064, 0x2064, 0x2064, 0x2064, 0x2064, 
  0x2064, 0x2064, 0x2064, 0x2064, 0x2064, 0x2064, 0x2064, 0x2064, 0x2064, 0x2064, 0x2064, 0x2064, 
  0x2064, 0x2064, 0x2064, 0x2064, 0x2064, 0x2064, 0x2064, 0x2064, 0x2064, 0x2064, 0x2064, 0x2064, 
  0x2064, 0x2064, 0x2064, 0x2064, 0x2064, 0x2064, 0x2064, 0x2064, 0x2064, 0x2064, 0x2064, 0x2064, 
  0x2064, 0x2064, 0x2064, 0x2064, 0x2064, 0x2064, 0x2064, 0x2064, 0x2064, 0x2064, 0x2064, 0x2064, 
  0x2064, 0x2064, 0x2064, 0x2064, 0x2064, 0x2064, 0x2064, 0x2064, 0x2045, 0x2045, 0x2045, 0x2045, 
  0x2065, 0x2065, 0x2065, 0x2065, 0x2064, 0x2064, 0x2064, 0x2064, 0x2064, 0x2064, 0x2064, 0x2064, 
  0x2064, 0x2064, 0x2064, 0x2064, 0x2064, 0x2064, 0x2064, 0x2064, 0x2065, 0x2865, 0x3047, 0x4049, 
  0x504c, 0x6070, 0x70b3, 0x78f4, 0x7913, 0x7151, 0x614e, 0x514c, 0x494a, 0x4149, 0x4148, 0x4148, 
  0x4148, 0x4148, 0x4149, 0x414a, 0x492a, 0x492b, 0x512c, 0x512d, 0x512d, 0x512d, 0x492c, 0x492c, 
  0x492d, 0x512e, 0x8af4, 0x41e8, 0x4208, 0x4208, 0x4208, 0x4208, 0x39e7, 0x39e7, 0x39e7, 0x39c7, 
  0x39c7, 0x39c7, 0x39c7, 0x31a6, 0x31a6, 0x31a6, 0x3186, 0x3186, 0x3186, 0x3186, 0x3186, 0x2965, 
  0x2965, 0x2965, 0x2945, 0x2124, 0x2124, 0x2104, 0x2104, 0x2104, 0x2104, 0x2104, 0x2104, 0x18e3, 
  0x18e3, 0x18e3, 0x18e3, 0x18e3, 0x18e3, 0x18e3, 0x18c3, 0x18c3, 0x18c3, 0x18c3, 0x18c3, 0x18c3, 
  0x18c3, 0x18c3, 0x18a2, 0x18a2, 0x10a2, 0x10a2, 0x10a2, 0x10a2, 0x10a2, 0x1082, 0x1082, 0x1082, 
  0x1082, 0x1082, 0x1082, 0x1082, 0x1082, 0x1082, 0x1082, 0x1082, 0x1082, 0x1082, 0x1082, 0x1082, 
  0x1082, 0x1082, 0x1082, 0x1082, 0x0861, 0x0841, 0x0841, 0x0841, 0x0841, 0x0841, 0x0841, 0x0841, 
  0x0841, 0x0841, 0x0841, 0x0841, 0x0841, 0x0841, 0x0841, 0x0841, 0x0841, 0x0841, 0x0841, 0x0841, 
  0x0841, 0x0841, 0x0841, 0x0841, 0x0021, 0x0021, 0x0021, 0x0020, 0x0020, 0x0020, 0x0020, 0x0020, 
  0x0020, 0x0020, 0x0020, 0x0020, 0x0020, 0x0020, 0x0020, 0x0020, 0x0020, 0x0020, 0x0020, 0x0000, 
  0x0000, 0x0000, 0x0000, 0x0000, 0x0000, 0x0000, 0x0000, 0x0000, 0x0000, 0x0000, 0x0000, 0x3948, 
  0x1823, 0x1823, 0x1823, 0x1823, 0x1823, 0x1823, 0x1823, 0x1823, 0x1823, 0x1823, 0x1823, 0x1823, 
  0x1823, 0x1823, 0x1823, 0x1823, 0x1823, 0x1823, 0x1823, 0x1823, 0x1823, 0x1824, 0x1844, 0x1844, 
  0x2044, 0x2044, 0x2044, 0x2044, 0x2044, 0x2064, 0x2064, 0x2064, 0x2064, 0x2064, 0x2064, 0x2064, 
  0x2064, 0x2064, 0x2064, 0x2064, 0x2064, 0x2064, 0x2064, 0x2064, 0x2064, 0x2064, 0x2064, 0x2064, 
  0x2064, 0x2064, 0x2064, 0x2064, 0x2064, 0x2064, 0x2064, 0x2064, 0x2064, 0x2064, 0x2064, 0x2064, 
  0x2064, 0x2064, 0x2064, 0x2064, 0x2064, 0x2064, 0x2064, 0x2064, 0x2064, 0x2064, 0x2064, 0x2064, 
  0x2064, 0x2064, 0x2064, 0x2064, 0x2064, 0x2064, 0x2064, 0x2064, 0x2064, 0x2064, 0x2064, 0x2064, 
  0x2064, 0x2064, 0x2064, 0x2064, 0x2064, 0x2064, 0x2064, 0x2064, 0x2064, 0x2064, 0x2064, 0x2064, 
  0x2064, 0x2064, 0x2064, 0x2064, 0x2064, 0x2064, 0x2064, 0x2064, 0x2064, 0x2064, 0x2064, 0x2064, 
  0x2064, 0x2064, 0x2064, 0x2064, 0x2064, 0x2064, 0x2064, 0x2064, 0x2064, 0x2064, 0x2064, 0x2064, 
  0x2064, 0x2064, 0x2064, 0x2064, 0x2064, 0x2064, 0x2064, 0x2064, 0x2064, 0x2064, 0x2064, 0x2064, 
  0x2064, 0x2064, 0x2064, 0x2044, 0x2044, 0x2064, 0x2065, 0x2065, 0x2065, 0x2065, 0x2064, 0x2064, 
  0x2064, 0x2064, 0x2064, 0x2064, 0x2064, 0x2064, 0x2064, 0x2064, 0x2064, 0x2064, 0x2064, 0x2064, 
  0x2064, 0x2064, 0x2064, 0x2064, 0x2065, 0x2866, 0x3047, 0x404a, 0x504d, 0x6070, 0x70b2, 0x78f3, 
  0x7112, 0x6930, 0x594d, 0x514b, 0x4149, 0x4148, 0x4148, 0x3948, 0x3948, 0x4148, 0x4148, 0x4149, 
  0x414a, 0x494a, 0x492b, 0x492c, 0x492c, 0x492b, 0x492b, 0x492b, 0x492c, 0x492c, 0x8af4, 0x41e8, 
  0x41e8, 0x4208, 0x4207, 0x39e7, 0x39e7, 0x39e7, 0x39c7, 0x39c7, 0x39c7, 0x39c7, 0x31a6, 0x31a6, 
  0x31a6, 0x3186, 0x3186, 0x3186, 0x3186, 0x3186, 0x2965, 0x2965, 0x2965, 0x2945, 0x2124, 0x2104, 
  0x2104, 0x2104, 0x2104, 0x2104, 0x2104, 0x18e3, 0x18e3, 0x18e3, 0x18e3, 0x18e3, 0x18e3, 0x18e3, 
  0x18c3, 0x18c3, 0x18c3, 0x18c3, 0x18c3, 0x18c3, 0x18c3, 0x18c3, 0x18a2, 0x18a2, 0x18a2, 0x10a2, 
  0x10a2, 0x10a2, 0x10a2, 0x10a2, 0x1082, 0x1082, 0x1082, 0x1082, 0x1082, 0x1082, 0x1082, 0x1082, 
  0x1082, 0x1082, 0x1082, 0x1082, 0x1082, 0x1082, 0x1082, 0x1082, 0x1082, 0x1082, 0x1082, 0x1082, 
  0x1082, 0x0841, 0x0841, 0x0841, 0x0841, 0x0841, 0x0841, 0x0841, 0x0841, 0x0841, 0x0841, 0x0841, 
  0x0841, 0x0841, 0x0841, 0x0841, 0x0841, 0x0841, 0x0841, 0x0841, 0x0841, 0x0821, 0x0821, 0x0020, 
  0x0020, 0x0020, 0x0020, 0x0020, 0x0020, 0x0020, 0x0020, 0x0020, 0x0020, 0x0020, 0x0021, 0x0020, 
  0x0020, 0x0020, 0x0020, 0x0020, 0x0020, 0x0020, 0x0020, 0x0000, 0x0000, 0x0000, 0x0000, 0x0000, 
  0x0000, 0x0000, 0x0000, 0x0000, 0x0000, 0x0000, 0x0000, 0x3948, 0x1823, 0x1823, 0x1823, 0x1823, 
  0x1823, 0x1823, 0x1823, 0x1823, 0x1823, 0x1823, 0x1823, 0x1823, 0x1823, 0x1823, 0x1823, 0x1823, 
  0x1823, 0x1823, 0x1823, 0x1823, 0x1823, 0x1824, 0x1844, 0x2044, 0x2044, 0x2044, 0x2044, 0x2044, 
  0x2064, 0x2064, 0x2064, 0x2064, 0x2064, 0x2064, 0x2064, 0x2064, 0x2064, 0x2064, 0x2064, 0x2064, 
  0x2064, 0x2064, 0x2064, 0x2064, 0x2064, 0x2064, 0x2064, 0x2064, 0x2064, 0x2064, 0x2064, 0x2064, 
  0x2064, 0x2064, 0x2064, 0x2064, 0x2064, 0x2064, 0x2064, 0x2064, 0x2064, 0x2064, 0x2064, 0x2064, 
  0x2064, 0x2064, 0x2064, 0x2064, 0x2064, 0x2064, 0x2064, 0x2064, 0x2064, 0x2064, 0x2064, 0x2064, 
  0x2064, 0x2064, 0x2064, 0x2064, 0x2064, 0x2064, 0x2064, 0x2064, 0x2064, 0x2064, 0x2064, 0x2064, 
  0x2064, 0x2064, 0x2064, 0x2064, 0x2064, 0x2064, 0x2064, 0x2064, 0x2064, 0x2064, 0x2064, 0x2064, 
  0x2064, 0x2064, 0x2064, 0x2064, 0x2064, 0x2064, 0x2064, 0x2064, 0x2064, 0x2064, 0x2064, 0x2064, 
  0x2064, 0x2064, 0x2064, 0x2064, 0x2064, 0x2064, 0x2064, 0x2064, 0x2064, 0x2064, 0x2064, 0x2064, 
  0x2064, 0x2064, 0x2064, 0x2064, 0x2064, 0x2064, 0x2064, 0x2064, 0x2064, 0x2044, 0x2044, 0x2044, 
  0x2044, 0x2064, 0x2064, 0x2064, 0x2064, 0x2064, 0x2064, 0x2064, 0x2064, 0x2064, 0x2064, 0x2064, 
  0x2064, 0x2064, 0x2064, 0x2064, 0x2064, 0x2064, 0x2064, 0x2064, 0x2064, 0x2064, 0x2064, 0x2064, 
  0x2065, 0x2866, 0x3048, 0x404a, 0x506d, 0x6070, 0x70b2, 0x70f2, 0x6911, 0x612e, 0x514c, 0x494a, 
  0x4149, 0x4148, 0x3948, 0x3948, 0x3948, 0x3948, 0x4148, 0x4148, 0x4149, 0x414a, 0x494a, 0x494b, 
  0x494b, 0x494a, 0x414a, 0x414a, 0x414a, 0x492b, 0x8af4, 0x41c8, 0x41e8, 0x39e8, 0x3a07, 0x39e7, 
  0x39e7, 0x39c7, 0x39c7, 0x39c7, 0x39c7, 0x31a6, 0x31a6, 0x31a6, 0x3186, 0x3186, 0x3186, 0x3186, 
  0x3186, 0x2965, 0x2965, 0x2965, 0x2945, 0x2124, 0x2104, 0x2104, 0x2104, 0x2104, 0x2104, 0x2104, 
  0x2104, 0x18e3, 0x18e3, 0x18e3, 0x18e3, 0x18e3, 0x18e3, 0x18c3, 0x18c3, 0x18c3, 0x18c3, 0x18c3, 
  0x18c3, 0x18c3, 0x18c3, 0x18c3, 0x18a2, 0x18a2, 0x10a2, 0x10a2, 0x10a2, 0x10a2, 0x10a2, 0x1082, 
  0x1082, 0x1082, 0x1082, 0x1082, 0x1082, 0x1082, 0x1082, 0x1082, 0x1082, 0x1082, 0x1082, 0x1082, 
  0x1082, 0x1082, 0x1082, 0x1082, 0x1082, 0x1082, 0x1082, 0x1082, 0x1082, 0x0861, 0x0841, 0x0841, 
  0x0841, 0x0841, 0x0841, 0x0841, 0x0841, 0x0841, 0x0841, 0x0841, 0x0841, 0x0841, 0x0841, 0x0841, 
  0x0841, 0x0841, 0x0841, 0x0841, 0x0821, 0x0821, 0x0021, 0x0021, 0x0821, 0x0020, 0x0820, 0x0020, 
  0x0020, 0x0020, 0x0020, 0x0020, 0x0020, 0x0020, 0x0020, 0x0020, 0x0020, 0x0020, 0x0020, 0x0020, 
  0x0020, 0x0020, 0x0020, 0x0000, 0x0000, 0x0000, 0x0000, 0x0000, 0x0000, 0x0000, 0x0000, 0x0000, 
  0x0000, 0x0000, 0x0000, 0x3948, 0x1823, 0x1823, 0x1823, 0x1823, 0x1823, 0x1823, 0x1823, 0x1823, 
  0x1823, 0x1823, 0x1823, 0x1823, 0x1823, 0x1823, 0x1823, 0x1823, 0x1823, 0x1823, 0x1823, 0x1823, 
  0x1823, 0x1844, 0x1844, 0x2044, 0x2044, 0x2044, 0x2044, 0x2064, 0x2064, 0x2064, 0x2064, 0x2064, 
  0x2064, 0x2064, 0x2064, 0x2064, 0x2064, 0x2064, 0x2064, 0x2064, 0x2064, 0x2064, 0x2064, 0x2064, 
  0x2064, 0x2064, 0x2064, 0x2064, 0x2064, 0x2064, 0x2064, 0x2064, 0x2064, 0x2064, 0x2064, 0x2064, 
  0x2064, 0x2064, 0x2064, 0x2064, 0x2064, 0x2064, 0x2064, 0x2064, 0x2064, 0x2064, 0x2064, 0x2064, 
  0x2064, 0x2064, 0x2064, 0x2064, 0x2064, 0x2064, 0x2064, 0x2064, 0x2064, 0x2064, 0x2064, 0x2064, 
  0x2064, 0x2064, 0x2064, 0x2064, 0x2064, 0x2064, 0x2064, 0x2064, 0x2064, 0x2064, 0x2064, 0x2064, 
  0x2064, 0x2064, 0x2064, 0x2064, 0x2064, 0x2064, 0x2064, 0x2064, 0x2064, 0x2064, 0x2064, 0x2064, 
  0x2064, 0x2064, 0x2064, 0x2064, 0x2064, 0x2064, 0x2064, 0x2064, 0x2064, 0x2064, 0x2064, 0x2064, 
  0x2064, 0x2064, 0x2064, 0x2064, 0x2064, 0x2064, 0x2064, 0x2064, 0x2064, 0x2064, 0x2064, 0x2064, 
  0x2064, 0x2064, 0x2064, 0x2064, 0x2044, 0x2044, 0x2044, 0x2044, 0x2044, 0x2044, 0x2064, 0x2064, 
  0x2064, 0x2064, 0x2064, 0x2064, 0x2064, 0x2064, 0x2064, 0x2064, 0x2064, 0x2064, 0x2064, 0x2064, 
  0x2064, 0x2064, 0x2064, 0x2064, 0x2064, 0x2064, 0x2064, 0x2065, 0x2065, 0x2866, 0x3848, 0x404a, 
  0x506d, 0x6090, 0x68b1, 0x68f1, 0x612f, 0x592d, 0x514b, 0x494a, 0x4149, 0x4148, 0x3948, 0x3948, 
  0x3948, 0x3948, 0x3948, 0x4148, 0x4149, 0x4149, 0x4149, 0x414a, 0x414a, 0x414a, 0x4149, 0x4149, 
  0x414a, 0x414a, 0x8ad4, 0x49c9, 0x41e8, 0x41e8, 0x39e7, 0x39e7, 0x39c7, 0x39c7, 0x39c7, 0x39c7, 
  0x31a6, 0x31a6, 0x31a6, 0x3186, 0x3186, 0x3186, 0x3186, 0x3186, 0x3186, 0x2965, 0x2965, 0x2965, 
  0x2124, 0x2104, 0x2104, 0x2104, 0x2104, 0x2104, 0x2104, 0x2104, 0x18e3, 0x18e3, 0x18e3, 0x18e3, 
  0x18e3, 0x18e3, 0x18e3, 0x18c3, 0x18c3, 0x18c3, 0x18c3, 0x18c3, 0x18c3, 0x18c3, 0x18c3, 0x18c3, 
  0x18a2, 0x10a2, 0x10a2, 0x10a2, 0x10a2, 0x10a2, 0x1082, 0x1082, 0x1082, 0x1082, 0x1082, 0x1082, 
  0x1082, 0x1082, 0x1082, 0x1082, 0x1082, 0x1082, 0x1082, 0x1082, 0x1082, 0x1082, 0x1082, 0x1062, 
  0x1082, 0x1082, 0x1082, 0x1082, 0x1082, 0x0861, 0x0841, 0x0841, 0x0841, 0x0841, 0x0841, 0x0841, 
  0x0841, 0x0841, 0x0841, 0x0841, 0x0841, 0x0841, 0x0841, 0x0841, 0x0841, 0x0840, 0x0840, 0x0841, 
  0x0821, 0x0821, 0x0021, 0x0021, 0x0820, 0x0020, 0x0020, 0x0020, 0x0020, 0x0020, 0x0020, 0x0020, 
  0x0020, 0x0020, 0x0020, 0x0020, 0x0020, 0x0020, 0x0020, 0x0020, 0x0020, 0x0020, 0x0000, 0x0000, 
  0x0000, 0x0000, 0x0000, 0x0000, 0x0000, 0x0000, 0x0000, 0x0000, 0x0000, 0x0000, 0x0000, 0x3948, 
  0x1823, 0x1823, 0x1823, 0x1823, 0x1823, 0x1823, 0x1823, 0x1823, 0x1823, 0x1823, 0x1823, 0x1823, 
  0x1823, 0x1823, 0x1823, 0x1823, 0x1823, 0x1823, 0x1823, 0x1823, 0x1824, 0x1844, 0x1844, 0x2044, 
  0x2044, 0x2044, 0x2064, 0x2064, 0x2064, 0x2064, 0x2064, 0x2064, 0x2064, 0x2064, 0x2064, 0x2064, 
  0x2064, 0x2064, 0x2064, 0x2064, 0x2064, 0x2064, 0x2064, 0x2064, 0x2064, 0x2064, 0x2064, 0x2064, 
  0x2064, 0x2064, 0x2064, 0x2064, 0x2064, 0x2064, 0x2064, 0x2064, 0x2064, 0x2064, 0x2064, 0x2064, 
  0x2064, 0x2064, 0x2064, 0x2064, 0x2064, 0x2064, 0x2064, 0x2064, 0x2064, 0x2064, 0x2064, 0x2064, 
  0x2064, 0x2064, 0x2064, 0x2064, 0x2064, 0x2064, 0x2064, 0x2064, 0x2064, 0x2064, 0x2064, 0x2064, 
  0x2064, 0x2064, 0x2064, 0x2064, 0x2064, 0x2064, 0x2064, 0x2064, 0x2064, 0x2064, 0x2064, 0x2064, 
  0x2064, 0x2064, 0x2064, 0x2064, 0x2064, 0x2064, 0x2064, 0x2064, 0x2064, 0x2064, 0x2064, 0x2064, 
  0x2064, 0x2064, 0x2064, 0x2064, 0x2064, 0x2064, 0x2064, 0x2064, 0x2064, 0x2064, 0x2064, 0x2064, 
  0x2064, 0x2064, 0x2064, 0x2064, 0x2064, 0x2064, 0x2064, 0x2064, 0x2064, 0x2044, 0x2044, 0x2044, 
  0x2044, 0x2044, 0x2044, 0x2044, 0x2044, 0x2044, 0x2044, 0x2064, 0x2064, 0x2064, 0x2064, 0x2064, 
  0x2064, 0x2064, 0x2064, 0x2064, 0x2064, 0x2064, 0x2064, 0x2064, 0x2064, 0x2064, 0x2064, 0x2064, 
  0x2064, 0x2064, 0x2064, 0x2065, 0x2865, 0x2866, 0x3848, 0x404b, 0x506d, 0x6090, 0x68d0, 0x68f0, 
  0x612e, 0x514c, 0x494a, 0x4149, 0x4148, 0x4148, 0x3948, 0x3948, 0x3948, 0x3948, 0x3948, 0x4148, 
  0x4148, 0x4149, 0x4149, 0x4149, 0x4149, 0x4149, 0x4149, 0x4149, 0x4149, 0x4149, 0x8ad3, 0x49ca, 
  0x41c9, 0x41e8, 0x39e7, 0x39c7, 0x39c7, 0x39c7, 0x39c7, 0x31a6, 0x31a6, 0x31a6, 0x31a6, 0x3186, 
  0x3186, 0x3186, 0x3186, 0x3186, 0x2965, 0x2965, 0x2965, 0x2945, 0x2124, 0x2104, 0x2104, 0x2104, 
  0x2104, 0x2104, 0x2104, 0x18e3, 0x18e3, 0x18e3, 0x18e3, 0x18e3, 0x18e3, 0x18e3, 0x18c3, 0x18c3, 
  0x18c3, 0x18c3, 0x18c3, 0x18c3, 0x18c3, 0x18c3, 0x18c3, 0x18c3, 0x10a2, 0x10a2, 0x10a2, 0x10a2, 
  0x10a2, 0x1082, 0x1082, 0x1082, 0x1082, 0x1082, 0x1082, 0x1082, 0x1082, 0x1082, 0x1082, 0x1082, 
  0x1082, 0x1082, 0x1082, 0x1082, 0x1082, 0x1082, 0x1062, 0x1062, 0x1082, 0x1082, 0x1082, 0x1082, 
  0x1082, 0x1082, 0x0841, 0x0841, 0x0841, 0x0841, 0x0841, 0x0841, 0x0841, 0x0841, 0x0841, 0x0841, 
  0x0841, 0x0841, 0x0841, 0x0841, 0x0840, 0x0840, 0x0840, 0x0841, 0x0821, 0x0021, 0x0021, 0x0021, 
  0x0020, 0x0020, 0x0020, 0x0020, 0x0020, 0x0020, 0x0020, 0x0020, 0x0020, 0x0020, 0x0020, 0x0020, 
  0x0020, 0x0020, 0x0020, 0x0020, 0x0020, 0x0020, 0x0000, 0x0000, 0x0000, 0x0000, 0x0000, 0x0000, 
  0x0000, 0x0000, 0x0000, 0x0000, 0x0000, 0x0000, 0x0000, 0x3948, 0x1823, 0x1823, 0x1823, 0x1823, 
  0x1823, 0x1823, 0x1823, 0x1823, 0x1823, 0x1823, 0x1823, 0x1823, 0x1823, 0x1823, 0x1823, 0x1823, 
  0x1823, 0x1823, 0x1823, 0x1823, 0x1824, 0x1844, 0x2044, 0x2044, 0x2044, 0x2064, 0x2064, 0x2064, 
  0x2064, 0x2064, 0x2064, 0x2064, 0x2064, 0x2064, 0x2064, 0x2064, 0x2064, 0x2064, 0x2064, 0x2064, 
  0x2064, 0x2064, 0x2064, 0x2064, 0x2064, 0x2064, 0x2064, 0x2064, 0x2064, 0x2064, 0x2064, 0x2064, 
  0x2064, 0x2064, 0x2064, 0x2064, 0x2064, 0x2064, 0x2064, 0x2064, 0x2064, 0x2064, 0x2064, 0x2064, 
  0x2064, 0x2064, 0x2064, 0x2064, 0x2064, 0x2064, 0x2064, 0x2064, 0x2064, 0x2064, 0x2064, 0x2064, 
  0x2064, 0x2064, 0x2064, 0x2064, 0x2064, 0x2064, 0x2064, 0x2064, 0x2064, 0x2064, 0x2064, 0x2064, 
  0x2064, 0x2064, 0x2064, 0x2064, 0x2064, 0x2064, 0x2064, 0x2064, 0x2064, 0x2064, 0x2064, 0x2064, 
  0x2064, 0x2064, 0x2064, 0x2064, 0x2064, 0x2064, 0x2064, 0x2064, 0x2064, 0x2064, 0x2064, 0x2064, 
  0x2064, 0x2064, 0x2064, 0x2064, 0x2064, 0x2064, 0x2064, 0x2064, 0x2064, 0x2064, 0x2064, 0x2064, 
  0x2064, 0x2064, 0x2064, 0x2044, 0x2044, 0x2044, 0x2044, 0x2044, 0x2044, 0x2044, 0x2044, 0x2044, 
  0x2044, 0x2044, 0x2044, 0x2064, 0x2064, 0x2064, 0x2064, 0x2064, 0x2064, 0x2064, 0x2064, 0x2064, 
  0x2064, 0x2064, 0x2064, 0x2064, 0x2064, 0x2064, 0x2064, 0x2064, 0x2064, 0x2064, 0x2064, 0x2065, 
  0x2865, 0x2846, 0x3848, 0x406b, 0x506d, 0x608f, 0x60d0, 0x610f, 0x592d, 0x514b, 0x494a, 0x4149, 
  0x4148, 0x3948, 0x3948, 0x3948, 0x3948, 0x3948, 0x3948, 0x3948, 0x3948, 0x4148, 0x4148, 0x4149, 
  0x4149, 0x4149, 0x4148, 0x4148, 0x4149, 0x4149, 0x92d3, 0x51ac, 0x49ca, 0x41c8, 0x39e7, 0x39c7, 
  0x39c7, 0x39c7, 0x31a6, 0x31a6, 0x31a6, 0x3186, 0x3186, 0x3186, 0x3186, 0x3186, 0x3186, 0x2965, 
  0x2965, 0x2965, 0x2945, 0x2104, 0x2104, 0x2104, 0x2104, 0x2104, 0x2104, 0x2104, 0x18e3, 0x18e3, 
  0x18e3, 0x18e3, 0x18e3, 0x18e3, 0x18e3, 0x18c3, 0x18c3, 0x18c3, 0x18c3, 0x18c3, 0x18a2, 0x18a2, 
  0x18a2, 0x18c3, 0x18c3, 0x10a2, 0x10a2, 0x10a2, 0x10a2, 0x10a2, 0x1082, 0x1082, 0x1082, 0x1082, 
  0x1082, 0x1082, 0x1082, 0x1082, 0x1082, 0x1082, 0x1082, 0x1082, 0x1082, 0x1082, 0x1082, 0x1082, 
  0x1082, 0x1062, 0x1062, 0x1062, 0x1082, 0x1082, 0x1082, 0x1082, 0x1082, 0x1061, 0x0861, 0x0841, 
  0x0841, 0x0841, 0x0841, 0x0841, 0x0841, 0x0841, 0x0841, 0x0841, 0x0841, 0x0841, 0x0841, 0x0841, 
  0x0841, 0x0840, 0x0841, 0x0821, 0x0821, 0x0820, 0x0020, 0x0020, 0x0020, 0x0020, 0x0020, 0x0020, 
  0x0020, 0x0020, 0x0020, 0x0020, 0x0020, 0x0020, 0x0020, 0x0020, 0x0020, 0x0020, 0x0020, 0x0020, 
  0x0020, 0x0020, 0x0000, 0x0000, 0x0000, 0x0000, 0x0000, 0x0000, 0x0000, 0x0000, 0x0000, 0x0000, 
  0x0000, 0x0000, 0x0000, 0x3948, 0x1823, 0x1823, 0x1823, 0x1823, 0x1823, 0x1823, 0x1823, 0x1823, 
  0x1823, 0x1823, 0x1823, 0x1823, 0x1823, 0x1823, 0x1823, 0x1823, 0x1823, 0x1823, 0x1823, 0x1823, 
  0x1824, 0x1844, 0x2044, 0x2044, 0x2044, 0x2064, 0x2064, 0x2064, 0x2064, 0x2064, 0x2064, 0x2064, 
  0x2064, 0x2064, 0x2064, 0x2064, 0x2064, 0x2064, 0x2064, 0x2064, 0x2064, 0x2064, 0x2064, 0x2064, 
  0x2064, 0x2064, 0x2064, 0x2064, 0x2064, 0x2064, 0x2064, 0x2064, 0x2064, 0x2064, 0x2064, 0x2064, 
  0x2064, 0x2064, 0x2064, 0x2064, 0x2064, 0x2064, 0x2064, 0x2064, 0x2064, 0x2064, 0x2064, 0x2064, 
  0x2064, 0x2064, 0x2064, 0x2064, 0x2064, 0x2064, 0x2064, 0x2064, 0x2064, 0x2064, 0x2064, 0x2064, 
  0x2064, 0x2064, 0x2064, 0x2064, 0x2064, 0x2064, 0x2064, 0x2064, 0x2064, 0x2064, 0x2064, 0x2064, 
  0x2064, 0x2064, 0x2064, 0x2064, 0x2064, 0x2064, 0x2064, 0x2064, 0x2064, 0x2064, 0x2064, 0x2064, 
  0x2064, 0x2064, 0x2064, 0x2064, 0x2064, 0x2064, 0x2064, 0x2064, 0x2064, 0x2064, 0x2064, 0x2064, 
  0x2064, 0x2064, 0x2064, 0x2064, 0x2064, 0x2064, 0x2064, 0x2064, 0x2044, 0x2044, 0x2044, 0x2044, 
  0x2044, 0x2044, 0x2044, 0x2044, 0x2044, 0x2044, 0x2044, 0x2044, 0x2044, 0x2044, 0x2044, 0x2064, 
  0x2064, 0x2064, 0x2064, 0x2064, 0x2064, 0x2064, 0x2064, 0x2064, 0x2064, 0x2064, 0x2064, 0x2064, 
  0x2064, 0x2064, 0x2064, 0x2064, 0x2064, 0x2064, 0x2064, 0x2065, 0x2865, 0x3047, 0x3848, 0x406b, 
  0x508d, 0x58ae, 0x60ef, 0x590e, 0x512c, 0x494a, 0x4149, 0x4148, 0x4148, 0x3948, 0x3948, 0x3948, 
  0x3948, 0x3948, 0x3948, 0x3948, 0x3948, 0x3948, 0x4148, 0x4148, 0x4148, 0x4148, 0x3948, 0x3948, 
  0x3948, 0x4149, 0x92f3, 0x618f, 0x51ac, 0x49c9, 0x41c8, 0x39c7, 0x39c7, 0x31a6, 0x31a6, 0x31a6, 
  0x31a6, 0x3186, 0x3186, 0x3186, 0x3186, 0x3186, 0x2965, 0x2965, 0x2965, 0x2945, 0x2104, 0x2104, 
  0x2104, 0x2104, 0x2104, 0x2104, 0x2104, 0x18e3, 0x18e3, 0x18e3, 0x18e3, 0x18e3, 0x18e3, 0x18e3, 
  0x18c3, 0x18c3, 0x18c3, 0x18c3, 0x18c3, 0x18c3, 0x18c3, 0x18a2, 0x18a2, 0x18a2, 0x10a2, 0x10a2, 
  0x10a2, 0x10a2, 0x10a2, 0x1082, 0x1082, 0x1082, 0x1082, 0x1082, 0x1082, 0x1082, 0x1082, 0x1082, 
  0x1082, 0x1082, 0x1082, 0x1082, 0x1082, 0x1082, 0x1082, 0x1082, 0x1062, 0x1062, 0x1062, 0x1061, 
  0x1082, 0x1082, 0x1061, 0x1082, 0x1061, 0x1061, 0x1061, 0x0841, 0x0841, 0x0841, 0x0841, 0x0841, 
  0x0841, 0x0841, 0x0841, 0x0841, 0x0841, 0x0841, 0x0841, 0x0841, 0x0841, 0x0841, 0x0821, 0x0021, 
  0x0020, 0x0020, 0x0020, 0x0820, 0x0020, 0x0020, 0x0020, 0x0020, 0x0020, 0x0020, 0x0020, 0x0020, 
  0x0020, 0x0020, 0x0020, 0x0020, 0x0020, 0x0020, 0x0020, 0x0020, 0x0020, 0x0020, 0x0000, 0x0000, 
  0x0000, 0x0000, 0x0000, 0x0000, 0x0000, 0x0000, 0x0000, 0x0000, 0x0000, 0x0000, 0x0000, 0x3927, 
  0x1823, 0x1823, 0x1823, 0x1823, 0x1823, 0x1823, 0x1823, 0x1823, 0x1823, 0x1823, 0x1823, 0x1823, 
  0x1823, 0x1823, 0x1823, 0x1823, 0x1823, 0x1823, 0x1823, 0x1823, 0x1824, 0x1844, 0x2044, 0x2044, 
  0x2064, 0x2064, 0x2064, 0x2064, 0x2064, 0x2064, 0x2064, 0x2064, 0x2064, 0x2064, 0x2064, 0x2064, 
  0x2064, 0x2064, 0x2064, 0x2064, 0x2064, 0x2064, 0x2064, 0x2064, 0x2064, 0x2064, 0x2064, 0x2064, 
  0x2064, 0x2064, 0x2064, 0x2064, 0x2064, 0x2064, 0x2064, 0x2064, 0x2064, 0x2064, 0x2064, 0x2064, 
  0x2064, 0x2064, 0x2064, 0x2064, 0x2064, 0x2064, 0x2064, 0x2064, 0x2064, 0x2064, 0x2064, 0x2064, 
  0x2064, 0x2064, 0x2064, 0x2064, 0x2064, 0x2064, 0x2064, 0x2064, 0x2064, 0x2064, 0x2064, 0x2064, 
  0x2064, 0x2064, 0x2064, 0x2064, 0x2064, 0x2064, 0x2064, 0x2064, 0x2064, 0x2064, 0x2064, 0x2064, 
  0x2064, 0x2064, 0x2064, 0x2064, 0x2064, 0x2064, 0x2064, 0x2064, 0x2064, 0x2064, 0x2064, 0x2064, 
  0x2064, 0x2064, 0x2064, 0x2064, 0x2064, 0x2064, 0x2064, 0x2064, 0x2064, 0x2064, 0x2064, 0x2064, 
  0x2064, 0x2064, 0x2064, 0x2044, 0x2044, 0x2044, 0x2044, 0x2044, 0x2044, 0x2044, 0x2044, 0x2044, 
  0x2044, 0x2044, 0x2044, 0x2044, 0x2044, 0x2044, 0x2044, 0x2064, 0x2064, 0x2064, 0x2064, 0x2064, 
  0x2064, 0x2064, 0x2064, 0x2064, 0x2064, 0x2064, 0x2064, 0x2064, 0x2064, 0x2064, 0x2064, 0x2064, 
  0x2064, 0x2064, 0x2064, 0x2065, 0x2865, 0x3067, 0x3868, 0x406b, 0x508d, 0x58ae, 0x58ee, 0x512d, 
  0x512b, 0x494a, 0x4149, 0x4148, 0x3948, 0x3948, 0x3948, 0x3948, 0x3948, 0x3948, 0x3948, 0x3948, 
  0x3948, 0x3948, 0x3948, 0x3948, 0x3948, 0x3948, 0x3948, 0x3948, 0x3948, 0x3948, 0x92f2, 0x7191, 
  0x61ae, 0x51ab, 0x41c9, 0x39a7, 0x39a7, 0x31a6, 0x31a6, 0x31a6, 0x3186, 0x3186, 0x3186, 0x3186, 
  0x3186, 0x2965, 0x2965, 0x2965, 0x2945, 0x2124, 0x2104, 0x2104, 0x2104, 0x2104, 0x2104, 0x2104, 
  0x18e3, 0x18e3, 0x18e3, 0x18e3, 0x18e3, 0x18e3, 0x18e3, 0x18c3, 0x18c3, 0x18c3, 0x18c3, 0x18c3, 
  0x18c3, 0x18c3, 0x18c3, 0x18c3, 0x18a2, 0x18a2, 0x10a2, 0x10a2, 0x10a2, 0x10a2, 0x1082, 0x1082, 
  0x1082, 0x1082, 0x1082, 0x1082, 0x1082, 0x1082, 0x1082, 0x1082, 0x1082, 0x1082, 0x1082, 0x1082, 
  0x1082, 0x1082, 0x1082, 0x1062, 0x1062, 0x1062, 0x1061, 0x1061, 0x1082, 0x1082, 0x1082, 0x1082, 
  0x1082, 0x1082, 0x1082, 0x0861, 0x0841, 0x0841, 0x0841, 0x0841, 0x0841, 0x0841, 0x0841, 0x0841, 
  0x0841, 0x0841, 0x0841, 0x0841, 0x0821, 0x0821, 0x0021, 0x0021, 0x0021, 0x0020, 0x0020, 0x0020, 
  0x0020, 0x0020, 0x0020, 0x0020, 0x0020, 0x0020, 0x0020, 0x0020, 0x0020, 0x0020, 0x0020, 0x0020, 
  0x0020, 0x0020, 0x0020, 0x0020, 0x0020, 0x0020, 0x0000, 0x0000, 0x0000, 0x0000, 0x0000, 0x0000, 
  0x0000, 0x0000, 0x0000, 0x0000, 0x0000, 0x0000, 0x0000, 0x3927, 0x1823, 0x1823, 0x1823, 0x1823, 
  0x1823, 0x1823, 0x1823, 0x1823, 0x1823, 0x1823, 0x1823, 0x1823, 0x1823, 0x1823, 0x1823, 0x1823, 
  0x1823, 0x1823, 0x1823, 0x1823, 0x1844, 0x1844, 0x2044, 0x2044, 0x2064, 0x2064, 0x2064, 0x2064, 
  0x2064, 0x2064, 0x2064, 0x2064, 0x2064, 0x2064, 0x2064, 0x2064, 0x2064, 0x2064, 0x2064, 0x2064, 
  0x2064, 0x2064, 0x2064, 0x2064, 0x2064, 0x2064, 0x2064, 0x2064, 0x2064, 0x2064, 0x2064, 0x2064, 
  0x2064, 0x2064, 0x2064, 0x2064, 0x2064, 0x2064, 0x2064, 0x2064, 0x2064, 0x2064, 0x2064, 0x2064, 
  0x2064, 0x2064, 0x2064, 0x2064, 0x2064, 0x2064, 0x2064, 0x2064, 0x2064, 0x2064, 0x2064, 0x2064, 
  0x2064, 0x2064, 0x2064, 0x2064, 0x2064, 0x2064, 0x2064, 0x2064, 0x2064, 0x2064, 0x2064, 0x2064, 
  0x2064, 0x2064, 0x2064, 0x2064, 0x2064, 0x2064, 0x2064, 0x2064, 0x2064, 0x2064, 0x2064, 0x2064, 
  0x2064, 0x2064, 0x2064, 0x2064, 0x2064, 0x2064, 0x2064, 0x2064, 0x2064, 0x2064, 0x2064, 0x2064, 
  0x2064, 0x2064, 0x2064, 0x2064, 0x2064, 0x2064, 0x2064, 0x2064, 0x2064, 0x2044, 0x2044, 0x2044, 
  0x2044, 0x2044, 0x2044, 0x2044, 0x2044, 0x2044, 0x2044, 0x2044, 0x2044, 0x2044, 0x2044, 0x2044, 
  0x2044, 0x2044, 0x2044, 0x2044, 0x2064, 0x2064, 0x2064, 0x2064, 0x2064, 0x2064, 0x2064, 0x2064, 
  0x2064, 0x2064, 0x2064, 0x2064, 0x2064, 0x2064, 0x2064, 0x2064, 0x2064, 0x2064, 0x2064, 0x2065, 
  0x2865, 0x3067, 0x3869, 0x406b, 0x508c, 0x50cd, 0x58ed, 0x512c, 0x494a, 0x4149, 0x4149, 0x4148, 
  0x3948, 0x3948, 0x3948, 0x3948, 0x3948, 0x3948, 0x3948, 0x3948, 0x3948, 0x3948, 0x3948, 0x3948, 
  0x3948, 0x3948, 0x3948, 0x3948, 0x3948, 0x3948, 0x9312, 0x8174, 0x6991, 0x59ad, 0x49aa, 0x39a8, 
  0x39a7, 0x31a6, 0x31a6, 0x3186, 0x3186, 0x3186, 0x3186, 0x3186, 0x2965, 0x2965, 0x2965, 0x2965, 
  0x2124, 0x2104, 0x2104, 0x2104, 0x2104, 0x2104, 0x2104, 0x18e3, 0x18e3, 0x18e3, 0x18e3, 0x18e3, 
  0x18e3, 0x18e3, 0x18e3, 0x18c3, 0x18c3, 0x18c3, 0x18c3, 0x18c3, 0x18c3, 0x18a2, 0x18a2, 0x18a2, 
  0x18a2, 0x10a2, 0x10a2, 0x10a2, 0x10a2, 0x1082, 0x1082, 0x1082, 0x1082, 0x1082, 0x1082, 0x1082, 
  0x1082, 0x1082, 0x1082, 0x1082, 0x1082, 0x1082, 0x1082, 0x1082, 0x1082, 0x1082, 0x1062, 0x1062, 
  0x1062, 0x1061, 0x1061, 0x1061, 0x1082, 0x1082, 0x1061, 0x1082, 0x1082, 0x1082, 0x1082, 0x0861, 
  0x0841, 0x0841, 0x0841, 0x0841, 0x0841, 0x0821, 0x0821, 0x0821, 0x0821, 0x0841, 0x0841, 0x0841, 
  0x0821, 0x0021, 0x0021, 0x0821, 0x0841, 0x0841, 0x0841, 0x0841, 0x0841, 0x0841, 0x0841, 0x0841, 
  0x0020, 0x0020, 0x0020, 0x0020, 0x0020, 0x0020, 0x0020, 0x0020, 0x0020, 0x0020, 0x0020, 0x0020, 
  0x0020, 0x0020, 0x0000, 0x0000, 0x0000, 0x0000, 0x0000, 0x0000, 0x0000, 0x0000, 0x0000, 0x0000, 
  0x0000, 0x0000, 0x0000, 0x3107, 0x1823, 0x1823, 0x1823, 0x1823, 0x1823, 0x1823, 0x1823, 0x1823, 
  0x1823, 0x1823, 0x1823, 0x1823, 0x1823, 0x1823, 0x1823, 0x1823, 0x1823, 0x1823, 0x1823, 0x1823, 
  0x1844, 0x2044, 0x2044, 0x2044, 0x2064, 0x2064, 0x2064, 0x2064, 0x2064, 0x2064, 0x2064, 0x2064, 
  0x2064, 0x2064, 0x2064, 0x2064, 0x2064, 0x2064, 0x2064, 0x2064, 0x2064, 0x2064, 0x2064, 0x2064, 
  0x2064, 0x2064, 0x2064, 0x2064, 0x2064, 0x2064, 0x2064, 0x2064, 0x2064, 0x2064, 0x2064, 0x2064, 
  0x2064, 0x2064, 0x2064, 0x2064, 0x2064, 0x2064, 0x2064, 0x2064, 0x2064, 0x2064, 0x2064, 0x2064, 
  0x2064, 0x2064, 0x2064, 0x2064, 0x2064, 0x2064, 0x2064, 0x2064, 0x2064, 0x2064, 0x2064, 0x2064, 
  0x2064, 0x2064, 0x2064, 0x2064, 0x2064, 0x2064, 0x2064, 0x2064, 0x2064, 0x2064, 0x2064, 0x2064, 
  0x2064, 0x2064, 0x2064, 0x2064, 0x2064, 0x2064, 0x2064, 0x2064, 0x2064, 0x2064, 0x2064, 0x2064, 
  0x2064, 0x2064, 0x2064, 0x2064, 0x2064, 0x2064, 0x2064, 0x2064, 0x2064, 0x2064, 0x2064, 0x2064, 
  0x2064, 0x2064, 0x2064, 0x2064, 0x2044, 0x2044, 0x2044, 0x2044, 0x2044, 0x2044, 0x2044, 0x2044, 
  0x2044, 0x2044, 0x2044, 0x2044, 0x2044, 0x2044, 0x2044, 0x2044, 0x2044, 0x2044, 0x2044, 0x2044, 
  0x2064, 0x2064, 0x2064, 0x2064, 0x2064, 0x2064, 0x2064, 0x2064, 0x2064, 0x2064, 0x2064, 0x2064, 
  0x2064, 0x2064, 0x2064, 0x2064, 0x2064, 0x2064, 0x2064, 0x2065, 0x2865, 0x3067, 0x3869, 0x408a, 
  0x50ac, 0x50cd, 0x510c, 0x512b, 0x494a, 0x4149, 0x4148, 0x4148, 0x3948, 0x3948, 0x3948, 0x3948, 
  0x3948, 0x3948, 0x3948, 0x3948, 0x3948, 0x3948, 0x3948, 0x3948, 0x3948, 0x3948, 0x3948, 0x3948, 
  0x3948, 0x3948, 0x8b32, 0x9176, 0x7993, 0x6990, 0x51ac, 0x41a9, 0x3987, 0x31a6, 0x3186, 0x3186, 
  0x3186, 0x3186, 0x3186, 0x2965, 0x2965, 0x2965, 0x2945, 0x2945, 0x2104, 0x2104, 0x2104, 0x2104, 
  0x2104, 0x2104, 0x18e3, 0x18e3, 0x18e3, 0x18e3, 0x18e3, 0x18e3, 0x18e3, 0x18c3, 0x18c3, 0x18c3, 
  0x18c3, 0x18c3, 0x18a2, 0x18c3, 0x18c3, 0x18a2, 0x18a2, 0x18a2, 0x10a2, 0x10a2, 0x10a2, 0x10a2, 
  0x1082, 0x1082, 0x1082, 0x1082, 0x1082, 0x1082, 0x1082, 0x1082, 0x1082, 0x1082, 0x1082, 0x1082, 
  0x1082, 0x1082, 0x1082, 0x1082, 0x1082, 0x1062, 0x1062, 0x1061, 0x1061, 0x1061, 0x1061, 0x1061, 
  0x1082, 0x1061, 0x1061, 0x1082, 0x1082, 0x1082, 0x1082, 0x1082, 0x0841, 0x0841, 0x0841, 0x0841, 
  0x0841, 0x0821, 0x0821, 0x0821, 0x0821, 0x0841, 0x0841, 0x0841, 0x0841, 0x0841, 0x0841, 0x0841, 
  0x0841, 0x0841, 0x0841, 0x0841, 0x0841, 0x0841, 0x0841, 0x0020, 0x0020, 0x0020, 0x0020, 0x0020, 
  0x0020, 0x0020, 0x0020, 0x0020, 0x0020, 0x0020, 0x0020, 0x0020, 0x0020, 0x0000, 0x0000, 0x0000, 
  0x0000, 0x0000, 0x0000, 0x0000, 0x0000, 0x0000, 0x0000, 0x0000, 0x0000, 0x0000, 0x0000, 0x30e6, 
  0x1823, 0x1823, 0x1823, 0x1823, 0x1823, 0x1823, 0x1823, 0x1823, 0x1823, 0x1823, 0x1823, 0x1823, 
  0x1823, 0x1823, 0x1823, 0x1823, 0x1823, 0x1823, 0x1823, 0x1823, 0x1844, 0x2044, 0x2044, 0x2044, 
  0x2064, 0x2064, 0x2064, 0x2064, 0x2064, 0x2064, 0x2064, 0x2064, 0x2064, 0x2064, 0x2064, 0x2064, 
  0x2064, 0x2064, 0x2064, 0x2064, 0x2064, 0x2064, 0x2064, 0x2064, 0x2064, 0x2064, 0x2064, 0x2064, 
  0x2064, 0x2064, 0x2064, 0x2064, 0x2064, 0x2064, 0x2064, 0x2064, 0x2064, 0x2064, 0x2064, 0x2064, 
  0x2064, 0x2064, 0x2064, 0x2064, 0x2064, 0x2064, 0x2064, 0x2064, 0x2064, 0x2064, 0x2064, 0x2064, 
  0x2064, 0x2064, 0x2064, 0x2064, 0x2064, 0x2064, 0x2064, 0x2064, 0x2064, 0x2064, 0x2064, 0x2064, 
  0x2064, 0x2064, 0x2064, 0x2064, 0x2064, 0x2064, 0x2064, 0x2064, 0x2064, 0x2064, 0x2064, 0x2064, 
  0x2064, 0x2064, 0x2064, 0x2064, 0x2064, 0x2064, 0x2064, 0x2064, 0x2064, 0x2064, 0x2064, 0x2064, 
  0x2064, 0x2064, 0x2064, 0x2064, 0x2064, 0x2064, 0x2064, 0x2064, 0x2064, 0x2064, 0x2064, 0x2044, 
  0x2044, 0x2044, 0x2044, 0x2044, 0x2044, 0x2044, 0x2044, 0x2044, 0x2044, 0x2044, 0x2044, 0x2044, 
  0x2044, 0x2044, 0x2044, 0x2044, 0x2044, 0x2044, 0x2044, 0x2044, 0x2064, 0x2064, 0x2064, 0x2064, 
  0x2064, 0x2064, 0x2064, 0x2064, 0x2064, 0x2064, 0x2064, 0x2064, 0x2064, 0x2064, 0x2064, 0x2064, 
  0x2064, 0x2064, 0x2064, 0x2065, 0x2866, 0x3067, 0x3868, 0x408a, 0x48ac, 0x50ec, 0x510c, 0x492b, 
  0x494a, 0x4149, 0x4148, 0x3948, 0x3948, 0x3948, 0x3948, 0x3948, 0x3948, 0x3948, 0x3948, 0x3948, 
  0x3948, 0x3948, 0x3948, 0x3948, 0x3948, 0x3948, 0x3948, 0x3948, 0x3948, 0x3948, 0x8b32, 0x9958, 
  0x9177, 0x7993, 0x618e, 0x498a, 0x3988, 0x3987, 0x3186, 0x3186, 0x3186, 0x3186, 0x2965, 0x2965, 
  0x2965, 0x2945, 0x2945, 0x2104, 0x2104, 0x2104, 0x2104, 0x2104, 0x2104, 0x18e3, 0x18e3, 0x18e3, 
  0x18e3, 0x18e3, 0x18e3, 0x18e3, 0x18e3, 0x18c3, 0x18c3, 0x18c3, 0x18c3, 0x18c3, 0x18a2, 0x18a2, 
  0x18c3, 0x18a2, 0x18a2, 0x10a2, 0x10a2, 0x10a2, 0x10a2, 0x1082, 0x1082, 0x1082, 0x1082, 0x1082, 
  0x1082, 0x1082, 0x1082, 0x1082, 0x1082, 0x1082, 0x1082, 0x1082, 0x1082, 0x1082, 0x1082, 0x1082, 
  0x1062, 0x1062, 0x1062, 0x1061, 0x1061, 0x1061, 0x1061, 0x1061, 0x1061, 0x1061, 0x1061, 0x1082, 
  0x1082, 0x1082, 0x0861, 0x1082, 0x0861, 0x0841, 0x0841, 0x0841, 0x0861, 0x0861, 0x0861, 0x0861, 
  0x0861, 0x0861, 0x0861, 0x0861, 0x0861, 0x0861, 0x0841, 0x0841, 0x0841, 0x0841, 0x0841, 0x0841, 
  0x0841, 0x0841, 0x0841, 0x0020, 0x0020, 0x0020, 0x0020, 0x0020, 0x0020, 0x0020, 0x0020, 0x0020, 
  0x0020, 0x0020, 0x0020, 0x0020, 0x0020, 0x0000, 0x0000, 0x0000, 0x0000, 0x0000, 0x0000, 0x0000, 
  0x0000, 0x0000, 0x0000, 0x0000, 0x0000, 0x0000, 0x0000, 0x28a5, 0x1823, 0x1823, 0x1823, 0x1823, 
  0x1823, 0x1823, 0x1823, 0x1823, 0x1823, 0x1823, 0x1823, 0x1823, 0x1823, 0x1823, 0x1823, 0x1823, 
  0x1823, 0x1823, 0x1823, 0x1823, 0x1844, 0x2044, 0x2044, 0x2044, 0x2064, 0x2064, 0x2064, 0x2064, 
  0x2064, 0x2064, 0x2064, 0x2064, 0x2064, 0x2064, 0x2064, 0x2064, 0x2064, 0x2064, 0x2064, 0x2064, 
  0x2064, 0x2064, 0x2064, 0x2064, 0x2064, 0x2064, 0x2064, 0x2064, 0x2064, 0x2064, 0x2064, 0x2064, 
  0x2064, 0x2064, 0x2064, 0x2064, 0x2064, 0x2064, 0x2064, 0x2064, 0x2064, 0x2064, 0x2064, 0x2064, 
  0x2064, 0x2064, 0x2064, 0x2064, 0x2064, 0x2064, 0x2064, 0x2064, 0x2064, 0x2064, 0x2064, 0x2064, 
  0x2064, 0x2064, 0x2064, 0x2064, 0x2064, 0x2064, 0x2064, 0x2064, 0x2064, 0x2064, 0x2064, 0x2064, 
  0x2064, 0x2064, 0x2064, 0x2064, 0x2064, 0x2064, 0x2064, 0x2064, 0x2064, 0x2064, 0x2064, 0x2064, 
  0x2064, 0x2064, 0x2064, 0x2064, 0x2064, 0x2064, 0x2064, 0x2064, 0x2064, 0x2064, 0x2064, 0x2064, 
  0x2064, 0x2064, 0x2064, 0x2064, 0x2064, 0x2064, 0x2044, 0x2044, 0x2044, 0x2044, 0x2044, 0x2044, 
  0x2044, 0x2044, 0x2044, 0x2044, 0x2044, 0x2044, 0x2044, 0x2044, 0x2044, 0x2044, 0x2044, 0x2044, 
  0x2044, 0x2044, 0x2044, 0x2044, 0x2064, 0x2064, 0x2064, 0x2064, 0x2064, 0x2064, 0x2064, 0x2064, 
  0x2064, 0x2064, 0x2064, 0x2064, 0x2064, 0x2064, 0x2064, 0x2064, 0x2064, 0x2064, 0x2064, 0x2065, 
  0x2866, 0x3067, 0x3868, 0x408a, 0x48ac, 0x50ec, 0x510b, 0x492a, 0x4149, 0x4149, 0x4148, 0x3948, 
  0x3948, 0x3948, 0x3948, 0x3948, 0x3948, 0x3948, 0x3948, 0x3948, 0x3948, 0x3948, 0x3948, 0x3948, 
  0x3948, 0x3948, 0x3948, 0x3948, 0x3948, 0x3948, 0x8b52, 0x9979, 0xa179, 0x9176, 0x7191, 0x598d, 
  0x4989, 0x3987, 0x3186, 0x3186, 0x3166, 0x3185, 0x2965, 0x2965, 0x2965, 0x2945, 0x2124, 0x2104, 
  0x2104, 0x2104, 0x2104, 0x2104, 0x2104, 0x18e3, 0x18e3, 0x18e3, 0x18e3, 0x18e3, 0x18e3, 0x18e3, 
  0x18c3, 0x18c3, 0x18c3, 0x18c3, 0x18c3, 0x18a2, 0x18a2, 0x18a2, 0x18c3, 0x18a2, 0x10a2, 0x10a2, 
  0x10a2, 0x10a2, 0x1082, 0x1082, 0x1082, 0x1082, 0x1082, 0x1082, 0x1082, 0x1082, 0x1082, 0x1082, 
  0x1082, 0x1082, 0x1082, 0x1082, 0x1082, 0x1082, 0x1082, 0x1062, 0x1062, 0x1061, 0x1061, 0x1061, 
  0x1061, 0x1061, 0x1061, 0x1061, 0x1061, 0x1082, 0x1082, 0x1082, 0x10a2, 0x18c3, 0x18c3, 0x18e3, 
  0x18e3, 0x1082, 0x1082, 0x1082, 0x1082, 0x1082, 0x1082, 0x0861, 0x0861, 0x0861, 0x0861, 0x0861, 
  0x0861, 0x0861, 0x0841, 0x0841, 0x0841, 0x0841, 0x0841, 0x0841, 0x0841, 0x0841, 0x0841, 0x0020, 
  0x0020, 0x0020, 0x0020, 0x0020, 0x0020, 0x0020, 0x0020, 0x0020, 0x0020, 0x0020, 0x0020, 0x0020, 
  0x0020, 0x0000, 0x0000, 0x0000, 0x0000, 0x0000, 0x0000, 0x0000, 0x0000, 0x0000, 0x0000, 0x0000, 
  0x0000, 0x0000, 0x0000, 0x2085, 0x1823, 0x1823, 0x1823, 0x1823, 0x1823, 0x1823, 0x1823, 0x1823, 
  0x1823, 0x1823, 0x1823, 0x1823, 0x1823, 0x1823, 0x1823, 0x1823, 0x1823, 0x1823, 0x1823, 0x1824, 
  0x1844, 0x2044, 0x2044, 0x2044, 0x2064, 0x2064, 0x2064, 0x2064, 0x2064, 0x2064, 0x2064, 0x2064, 
  0x2064, 0x2064, 0x2064, 0x2064, 0x2064, 0x2064, 0x2064, 0x2064, 0x2064, 0x2064, 0x2064, 0x2064, 
  0x2064, 0x2064, 0x2064, 0x2064, 0x2064, 0x2064, 0x2064, 0x2064, 0x2064, 0x2064, 0x2064, 0x2064, 
  0x2064, 0x2064, 0x2064, 0x2064, 0x2064, 0x2064, 0x2064, 0x2064, 0x2064, 0x2064, 0x2064, 0x2064, 
  0x2064, 0x2064, 0x2064, 0x2064, 0x2064, 0x2064, 0x2064, 0x2064, 0x2064, 0x2064, 0x2064, 0x2064, 
  0x2064, 0x2064, 0x2064, 0x2064, 0x2064, 0x2064, 0x2064, 0x2064, 0x2064, 0x2064, 0x2064, 0x2064, 
  0x2064, 0x2064, 0x2064, 0x2064, 0x2064, 0x2064, 0x2064, 0x2064, 0x2064, 0x2064, 0x2064, 0x2064, 
  0x2064, 0x2064, 0x2064, 0x2064, 0x2064, 0x2064, 0x2064, 0x2064, 0x2064, 0x2064, 0x2064, 0x2064, 
  0x2064, 0x2064, 0x2044, 0x2044, 0x2044, 0x2044, 0x2044, 0x2044, 0x2044, 0x2044, 0x2044, 0x2044, 
  0x2044, 0x2044, 0x2044, 0x2044, 0x2044, 0x2044, 0x2044, 0x2044, 0x2044, 0x2044, 0x2044, 0x2044, 
  0x2064, 0x2064, 0x2064, 0x2064, 0x2064, 0x2064, 0x2064, 0x2064, 0x2064, 0x2064, 0x2064, 0x2064, 
  0x2064, 0x2064, 0x2064, 0x2064, 0x2064, 0x2064, 0x2064, 0x2065, 0x2866, 0x3067, 0x3868, 0x408a, 
  0x48ab, 0x50ec, 0x510b, 0x492a, 0x4149, 0x4149, 0x4148, 0x3948, 0x3948, 0x3948, 0x3948, 0x3948, 
  0x3948, 0x3948, 0x3948, 0x3948, 0x3948, 0x3948, 0x3948, 0x3948, 0x3948, 0x3948, 0x3948, 0x3948, 
  0x3948, 0x3948, 0x8b72, 0x9a19, 0xa15a, 0xa179, 0x8174, 0x6970, 0x496b, 0x4168, 0x3167, 0x3166, 
  0x3165, 0x2965, 0x2965, 0x2945, 0x2945, 0x2124, 0x2104, 0x2104, 0x2104, 0x2104, 0x2104, 0x18e3, 
  0x18e3, 0x18e3, 0x18e3, 0x18e3, 0x18e3, 0x18e3, 0x18e3, 0x18c3, 0x18c3, 0x18c3, 0x18c3, 0x18c3, 
  0x18c3, 0x18a2, 0x18a2, 0x18a2, 0x18c3, 0x10a2, 0x10a2, 0x10a2, 0x10a2, 0x10a2, 0x1082, 0x1082, 
  0x1082, 0x1082, 0x1082, 0x1082, 0x1082, 0x1082, 0x1082, 0x1082, 0x1082, 0x1082, 0x1082, 0x1082, 
  0x1082, 0x1082, 0x1062, 0x1062, 0x1062, 0x1061, 0x1061, 0x1061, 0x1061, 0x1061, 0x1061, 0x1061, 
  0x0841, 0x0861, 0x2104, 0x2104, 0x2104, 0x2104, 0x2104, 0x18e3, 0x18e3, 0x10a2, 0x1082, 0x1082, 
  0x1082, 0x1082, 0x1082, 0x0861, 0x0861, 0x0861, 0x0861, 0x0861, 0x0861, 0x0861, 0x0841, 0x0841, 
  0x0841, 0x0841, 0x0841, 0x0841, 0x0841, 0x0841, 0x0841, 0x0020, 0x0020, 0x0020, 0x0020, 0x0020, 
  0x0020, 0x0020, 0x0020, 0x0020, 0x0020, 0x0020, 0x0020, 0x0020, 0x0020, 0x0000, 0x0000, 0x0000, 
  0x0000, 0x0000, 0x0000, 0x0000, 0x0000, 0x0000, 0x0000, 0x0000, 0x0000, 0x0000, 0x0000, 0x1844, 
  0x1823, 0x1823, 0x1823, 0x1823, 0x1823, 0x1823, 0x1823, 0x1823, 0x1823, 0x1823, 0x1823, 0x1823, 
  0x1823, 0x1823, 0x1823, 0x1823, 0x1823, 0x1823, 0x1823, 0x1824, 0x1844, 0x2044, 0x2044, 0x2044, 
  0x2064, 0x2064, 0x2064, 0x2064, 0x2064, 0x2064, 0x2064, 0x2064, 0x2064, 0x2064, 0x2064, 0x2064, 
  0x2064, 0x2064, 0x2064, 0x2064, 0x2064, 0x2064, 0x2064, 0x2064, 0x2064, 0x2064, 0x2064, 0x2064, 
  0x2064, 0x2064, 0x2064, 0x2064, 0x2064, 0x2064, 0x2064, 0x2064, 0x2064, 0x2064, 0x2064, 0x2064, 
  0x2064, 0x2064, 0x2064, 0x2064, 0x2064, 0x2064, 0x2064, 0x2064, 0x2064, 0x2064, 0x2064, 0x2064, 
  0x2064, 0x2064, 0x2064, 0x2064, 0x2064, 0x2064, 0x2064, 0x2064, 0x2064, 0x2064, 0x2064, 0x2064, 
  0x2064, 0x2064, 0x2064, 0x2064, 0x2064, 0x2064, 0x2064, 0x2064, 0x2064, 0x2064, 0x2064, 0x2064, 
  0x2064, 0x2064, 0x2064, 0x2064, 0x2064, 0x2064, 0x2064, 0x2064, 0x2064, 0x2064, 0x2064, 0x2064, 
  0x2064, 0x2064, 0x2064, 0x2064, 0x2064, 0x2064, 0x2064, 0x2064, 0x2064, 0x2064, 0x2044, 0x2044, 
  0x2044, 0x2044, 0x2044, 0x2044, 0x2044, 0x2044, 0x2044, 0x2044, 0x2044, 0x2044, 0x2044, 0x2044, 
  0x2044, 0x2044, 0x2044, 0x2044, 0x2044, 0x2044, 0x2044, 0x2044, 0x2064, 0x2064, 0x2064, 0x2064, 
  0x2064, 0x2064, 0x2064, 0x2064, 0x2064, 0x2064, 0x2064, 0x2064, 0x2064, 0x2064, 0x2064, 0x2064, 
  0x2064, 0x2064, 0x2064, 0x2065, 0x2866, 0x3067, 0x3868, 0x408a, 0x48ab, 0x50ec, 0x510b, 0x492a, 
  0x4149, 0x4148, 0x4148, 0x3948, 0x3948, 0x3948, 0x3948, 0x3948, 0x3948, 0x3948, 0x3948, 0x3948, 
  0x3948, 0x3948, 0x3948, 0x3948, 0x3948, 0x3948, 0x3948, 0x3948, 0x3948, 0x3948, 0x8b92, 0xa259, 
  0xa1ba, 0xb15b, 0x9978, 0x7953, 0x596e, 0x416a, 0x3967, 0x3166, 0x2965, 0x2965, 0x2965, 0x2945, 
  0x2124, 0x2104, 0x2104, 0x2104, 0x2104, 0x2104, 0x2104, 0x18e3, 0x18e3, 0x18e3, 0x18e3, 0x18e3, 
  0x18e3, 0x18c3, 0x18c3, 0x18c3, 0x18c3, 0x18c3, 0x18c3, 0x18c3, 0x18c3, 0x18a2, 0x18a2, 0x18a2, 
  0x10a2, 0x10a2, 0x10a2, 0x10a2, 0x1082, 0x1082, 0x1082, 0x1082, 0x1082, 0x1082, 0x1082, 0x1082, 
  0x1082, 0x1082, 0x1082, 0x1082, 0x1082, 0x1082, 0x1082, 0x1082, 0x1082, 0x1062, 0x1062, 0x1062, 
  0x1061, 0x1061, 0x1061, 0x1061, 0x1061, 0x1061, 0x1061, 0x0861, 0x0841, 0x0841, 0x1082, 0x2104, 
  0x2104, 0x2104, 0x2104, 0x18e3, 0x18e3, 0x18c3, 0x1082, 0x1082, 0x1082, 0x1082, 0x1082, 0x0861, 
  0x0861, 0x0861, 0x0861, 0x0861, 0x0861, 0x0841, 0x0841, 0x0841, 0x0841, 0x0841, 0x0841, 0x0841, 
  0x0841, 0x0841, 0x0841, 0x0020, 0x0020, 0x0020, 0x0020, 0x0020, 0x0020, 0x0020, 0x0020, 0x0020, 
  0x0020, 0x0020, 0x0020, 0x0020, 0x0020, 0x0000, 0x0000, 0x0000, 0x0000, 0x0000, 0x0000, 0x0000, 
  0x0000, 0x0000, 0x0000, 0x0000, 0x0000, 0x0000, 0x0000, 0x1823, 0x1823, 0x1823, 0x1823, 0x1823, 
  0x1823, 0x1823, 0x1823, 0x1823, 0x1823, 0x1823, 0x1823, 0x1823, 0x1823, 0x1823, 0x1823, 0x1823, 
  0x1823, 0x1823, 0x1823, 0x1823, 0x1844, 0x2044, 0x2044, 0x2044, 0x2064, 0x2064, 0x2064, 0x2064, 
  0x2064, 0x2064, 0x2064, 0x2064, 0x2064, 0x2064, 0x2064, 0x2064, 0x2064, 0x2064, 0x2064, 0x2064, 
  0x2064, 0x2064, 0x2064, 0x2064, 0x2064, 0x2064, 0x2064, 0x2064, 0x2064, 0x2064, 0x2064, 0x2064, 
  0x2064, 0x2064, 0x2064, 0x2064, 0x2064, 0x2064, 0x2064, 0x2064, 0x2064, 0x2064, 0x2064, 0x2064, 
  0x2064, 0x2064, 0x2064, 0x2064, 0x2064, 0x2064, 0x2064, 0x2064, 0x2064, 0x2064, 0x2064, 0x2064, 
  0x2064, 0x2064, 0x2064, 0x2064, 0x2064, 0x2064, 0x2064, 0x2064, 0x2064, 0x2064, 0x2064, 0x2064, 
  0x2064, 0x2064, 0x2064, 0x2064, 0x2064, 0x2064, 0x2064, 0x2064, 0x2064, 0x2064, 0x2064, 0x2064, 
  0x2064, 0x2064, 0x2064, 0x2064, 0x2064, 0x2064, 0x2064, 0x2064, 0x2064, 0x2064, 0x2064, 0x2064, 
  0x2064, 0x2064, 0x2064, 0x2064, 0x2064, 0x2064, 0x2044, 0x2044, 0x2044, 0x2044, 0x2044, 0x2044, 
  0x2044, 0x2044, 0x2044, 0x2044, 0x2044, 0x2044, 0x2044, 0x2044, 0x2044, 0x2044, 0x2044, 0x2044, 
  0x2044, 0x2044, 0x2044, 0x2044, 0x2064, 0x2064, 0x2064, 0x2064, 0x2064, 0x2064, 0x2064, 0x2064, 
  0x2064, 0x2064, 0x2064, 0x2064, 0x2064, 0x2064, 0x2064, 0x2064, 0x2064, 0x2064, 0x2064, 0x2065, 
  0x2866, 0x3067, 0x3868, 0x408a, 0x48ab, 0x50ec, 0x510b, 0x492a, 0x4949, 0x4149, 0x4148, 0x3948, 
  0x3948, 0x3948, 0x3948, 0x3948, 0x3948, 0x3948, 0x3948, 0x3948, 0x3948, 0x3948, 0x3948, 0x3948, 
  0x3948, 0x3948, 0x3948, 0x3948, 0x3948, 0x3948, 0x8bb2, 0x91f7, 0xb29a, 0xb17c, 0xb15b, 0x8956, 
  0x7151, 0x514c, 0x4169, 0x3166, 0x3146, 0x2945, 0x2945, 0x2945, 0x2104, 0x2104, 0x2104, 0x2104, 
  0x2104, 0x2104, 0x18e3, 0x18e3, 0x18e3, 0x18e3, 0x18e3, 0x18e3, 0x18e3, 0x18c3, 0x18c3, 0x18c3, 
  0x18c3, 0x18c3, 0x18c3, 0x18c3, 0x18c3, 0x18c3, 0x18a2, 0x10a2, 0x10a2, 0x10a2, 0x10a2, 0x10a2, 
  0x1082, 0x1082, 0x1082, 0x1082, 0x1082, 0x1082, 0x1082, 0x1082, 0x1082, 0x1082, 0x1082, 0x1082, 
  0x1082, 0x1082, 0x1082, 0x1082, 0x1062, 0x1062, 0x1062, 0x1061, 0x1061, 0x1061, 0x1061, 0x1061, 
  0x1061, 0x1061, 0x0861, 0x0861, 0x0841, 0x0841, 0x0841, 0x1082, 0x2104, 0x2104, 0x18e3, 0x18e3, 
  0x18e3, 0x18e3, 0x1082, 0x1082, 0x1082, 0x1082, 0x0861, 0x0861, 0x0861, 0x0861, 0x0861, 0x0861, 
  0x0861, 0x0841, 0x0841, 0x0841, 0x0841, 0x0841, 0x0841, 0x0841, 0x0841, 0x0841, 0x0020, 0x0020, 
  0x0020, 0x0020, 0x0020, 0x0020, 0x0020, 0x0020, 0x0020, 0x0020, 0x0020, 0x0020, 0x0020, 0x0020, 
  0x0020, 0x0000, 0x0000, 0x0000, 0x0000, 0x0000, 0x0000, 0x0000, 0x0000, 0x0000, 0x0000, 0x0000, 
  0x0000, 0x0020, 0x0020, 0x1823, 0x1823, 0x1823, 0x1823, 0x1823, 0x1823, 0x1823, 0x1823, 0x1823, 
  0x1823, 0x1823, 0x1823, 0x1823, 0x1823, 0x1823, 0x1823, 0x1823, 0x1823, 0x1823, 0x1823, 0x1823, 
  0x1844, 0x2044, 0x2044, 0x2044, 0x2064, 0x2064, 0x2064, 0x2064, 0x2064, 0x2064, 0x2064, 0x2064, 
  0x2064, 0x2064, 0x2064, 0x2064, 0x2064, 0x2064, 0x2064, 0x2064, 0x2064, 0x2064, 0x2064, 0x2064, 
  0x2064, 0x2064, 0x2064, 0x2064, 0x2064, 0x2064, 0x2064, 0x2064, 0x2064, 0x2064, 0x2064, 0x2064, 
  0x2064, 0x2064, 0x2064, 0x2064, 0x2064, 0x2064, 0x2064, 0x2064, 0x2064, 0x2064, 0x2064, 0x2064, 
  0x2064, 0x2064, 0x2064, 0x2064, 0x2064, 0x2064, 0x2064, 0x2064, 0x2064, 0x2064, 0x2064, 0x2064, 
  0x2064, 0x2064, 0x2064, 0x2064, 0x2064, 0x2064, 0x2064, 0x2064, 0x2064, 0x2064, 0x2064, 0x2064, 
  0x2064, 0x2064, 0x2064, 0x2064, 0x2064, 0x2064, 0x2064, 0x2064, 0x2064, 0x2064, 0x2064, 0x2064, 
  0x2064, 0x2064, 0x2064, 0x2064, 0x2064, 0x2064, 0x2064, 0x2064, 0x2064, 0x2064, 0x2064, 0x2064, 
  0x2064, 0x2064, 0x2044, 0x2044, 0x2044, 0x2044, 0x2044, 0x2044, 0x2044, 0x2044, 0x2044, 0x2044, 
  0x2044, 0x2044, 0x2044, 0x2044, 0x2044, 0x2044, 0x2044, 0x2044, 0x2044, 0x2044, 0x2044, 0x2044, 
  0x2064, 0x2064, 0x2064, 0x2064, 0x2064, 0x2064, 0x2064, 0x2064, 0x2064, 0x2064, 0x2064, 0x2064, 
  0x2064, 0x2064, 0x2064, 0x2064, 0x2064, 0x2064, 0x2064, 0x2065, 0x2866, 0x3067, 0x3868, 0x408a, 
  0x48ac, 0x50ec, 0x510b, 0x492a, 0x4949, 0x4149, 0x4148, 0x3948, 0x3948, 0x3948, 0x3948, 0x3948, 
  0x3948, 0x3948, 0x3948, 0x3948, 0x3948, 0x3948, 0x3948, 0x3948, 0x3948, 0x3948, 0x3948, 0x3948, 
  0x3948, 0x3948, 0x8bb2, 0x7933, 0xaa9a, 0xb25b, 0xb95d, 0xa15a, 0x8154, 0x614f, 0x496a, 0x3947, 
  0x3146, 0x2945, 0x2945, 0x2124, 0x2104, 0x2104, 0x2104, 0x2104, 0x18e3, 0x18e3, 0x18e3, 0x18e3, 
  0x18e3, 0x18e3, 0x18e3, 0x18c3, 0x18c3, 0x18c3, 0x18c3, 0x18c3, 0x18c3, 0x18c3, 0x18a2, 0x18a2, 
  0x18a2, 0x18a2, 0x10a2, 0x10a2, 0x10a2, 0x10a2, 0x1082, 0x1082, 0x1082, 0x1082, 0x1082, 0x1082, 
  0x1082, 0x1082, 0x1082, 0x1082, 0x1082, 0x1082, 0x1082, 0x1082, 0x1082, 0x1082, 0x1082, 0x1062, 
  0x1062, 0x1062, 0x1061, 0x1061, 0x1061, 0x1061, 0x1061, 0x1061, 0x1061, 0x0861, 0x0861, 0x0861, 
  0x0841, 0x0841, 0x0841, 0x0020, 0x18c3, 0x2104, 0x18e3, 0x18e3, 0x18e3, 0x18e3, 0x10a2, 0x1082, 
  0x1082, 0x1082, 0x0861, 0x0861, 0x0861, 0x0861, 0x0861, 0x0861, 0x0861, 0x0841, 0x0841, 0x0841, 
  0x0841, 0x0841, 0x0841, 0x0841, 0x0841, 0x0841, 0x0020, 0x0020, 0x0020, 0x0020, 0x0020, 0x0020, 
  0x0020, 0x0020, 0x0020, 0x0020, 0x0020, 0x0020, 0x0020, 0x0020, 0x0020, 0x0000, 0x0000, 0x0000, 
  0x0000, 0x0000, 0x0000, 0x0000, 0x0000, 0x0000, 0x0000, 0x0000, 0x0000, 0x0020, 0x0020, 0x1823, 
  0x1823, 0x1823, 0x1823, 0x1823, 0x1823, 0x1823, 0x1823, 0x1823, 0x1823, 0x1823, 0x1823, 0x1823, 
  0x1823, 0x1823, 0x1823, 0x1823, 0x1823, 0x1823, 0x1823, 0x1823, 0x1844, 0x2044, 0x2044, 0x2044, 
  0x2064, 0x2064, 0x2064, 0x2064, 0x2064, 0x2064, 0x2064, 0x2064, 0x2064, 0x2064, 0x2064, 0x2064, 
  0x2064, 0x2064, 0x2064, 0x2064, 0x2064, 0x2064, 0x2064, 0x2064, 0x2064, 0x2064, 0x2064, 0x2064, 
  0x2064, 0x2064, 0x2064, 0x2064, 0x2064, 0x2064, 0x2064, 0x2064, 0x2064, 0x2064, 0x2064, 0x2064, 
  0x2064, 0x2064, 0x2064, 0x2064, 0x2064, 0x2064, 0x2064, 0x2064, 0x2064, 0x2064, 0x2064, 0x2064, 
  0x2064, 0x2064, 0x2064, 0x2064, 0x2064, 0x2064, 0x2064, 0x2064, 0x2064, 0x2064, 0x2064, 0x2064, 
  0x2064, 0x2064, 0x2064, 0x2064, 0x2064, 0x2064, 0x2064, 0x2064, 0x2064, 0x2064, 0x2064, 0x2064, 
  0x2064, 0x2064, 0x2064, 0x2064, 0x2064, 0x2064, 0x2064, 0x2064, 0x2064, 0x2064, 0x2064, 0x2064, 
  0x2064, 0x2064, 0x2064, 0x2064, 0x2064, 0x2064, 0x2064, 0x2064, 0x2064, 0x2064, 0x2044, 0x2044, 
  0x2044, 0x2044, 0x2044, 0x2044, 0x2044, 0x2044, 0x2044, 0x2044, 0x2044, 0x2044, 0x2044, 0x2044, 
  0x2044, 0x2044, 0x2044, 0x2044, 0x2044, 0x2044, 0x2044, 0x2044, 0x2064, 0x2064, 0x2064, 0x2064, 
  0x2064, 0x2064, 0x2064, 0x2064, 0x2064, 0x2064, 0x2064, 0x2064, 0x2064, 0x2064, 0x2064, 0x2064, 
  0x2064, 0x2064, 0x2064, 0x2065, 0x2866, 0x3067, 0x3868, 0x408a, 0x48ac, 0x50ec, 0x510b, 0x492a, 
  0x4949, 0x4149, 0x4148, 0x3948, 0x3948, 0x3948, 0x3948, 0x3948, 0x3948, 0x3948, 0x3948, 0x3948, 
  0x3948, 0x3948, 0x3948, 0x3948, 0x3948, 0x3948, 0x3948, 0x3948, 0x3948, 0x3948, 0x8bb2, 0x6930, 
  0x91b7, 0xbabb, 0xb9dc, 0xb15c, 0x9957, 0x7952, 0x514d, 0x3949, 0x3147, 0x2945, 0x2124, 0x2104, 
  0x2104, 0x2104, 0x2104, 0x18e3, 0x18e3, 0x18e3, 0x18e3, 0x18e3, 0x18e3, 0x18e3, 0x18c3, 0x18c3, 
  0x18c3, 0x18c3, 0x18c3, 0x18c3, 0x18c3, 0x18c3, 0x18a2, 0x18a2, 0x18a2, 0x10a2, 0x10a2, 0x10a2, 
  0x10a2, 0x10a2, 0x1082, 0x1082, 0x1082, 0x1082, 0x1082, 0x1082, 0x1082, 0x1082, 0x1082, 0x1082, 
  0x1082, 0x1082, 0x1082, 0x1082, 0x1082, 0x1082, 0x1061, 0x1061, 0x1062, 0x1061, 0x1061, 0x1061, 
  0x1061, 0x1061, 0x1061, 0x0861, 0x0861, 0x0861, 0x0861, 0x0861, 0x0841, 0x0841, 0x0841, 0x0020, 
  0x0020, 0x18c3, 0x18e3, 0x18e3, 0x18e3, 0x18e3, 0x18c3, 0x1082, 0x1082, 0x1082, 0x0861, 0x0861, 
  0x0861, 0x0861, 0x0861, 0x0861, 0x0861, 0x0841, 0x0841, 0x0841, 0x0841, 0x0841, 0x0841, 0x0841, 
  0x0841, 0x0020, 0x0020, 0x0020, 0x0020, 0x0020, 0x0020, 0x0020, 0x0020, 0x0020, 0x0020, 0x0020, 
  0x0020, 0x0020, 0x0020, 0x0020, 0x0000, 0x0000, 0x0000, 0x0000, 0x0000, 0x0000, 0x0000, 0x0000, 
  0x0000, 0x0000, 0x0000, 0x0000, 0x0020, 0x0020, 0x0020, 0x1823, 0x1823, 0x1823, 0x1823, 0x1823, 
  0x1823, 0x1823, 0x1823, 0x1823, 0x1823, 0x1823, 0x1823, 0x1823, 0x1823, 0x1823, 0x1823, 0x1823, 
  0x1823, 0x1823, 0x1823, 0x1823, 0x1844, 0x2044, 0x2044, 0x2044, 0x2064, 0x2064, 0x2064, 0x2064, 
  0x2064, 0x2064, 0x2064, 0x2064, 0x2064, 0x2064, 0x2064, 0x2064, 0x2064, 0x2064, 0x2064, 0x2064, 
  0x2064, 0x2064, 0x2064, 0x2064, 0x2064, 0x2064, 0x2064, 0x2064, 0x2064, 0x2064, 0x2064, 0x2064, 
  0x2064, 0x2064, 0x2064, 0x2064, 0x2064, 0x2064, 0x2064, 0x2064, 0x2064, 0x2064, 0x2064, 0x2064, 
  0x2064, 0x2064, 0x2064, 0x2064, 0x2064, 0x2064, 0x2064, 0x2064, 0x2064, 0x2064, 0x2064, 0x2064, 
  0x2064, 0x2064, 0x2064, 0x2064, 0x2064, 0x2064, 0x2064, 0x2064, 0x2064, 0x2064, 0x2064, 0x2064, 
  0x2064, 0x2064, 0x2064, 0x2064, 0x2064, 0x2064, 0x2064, 0x2064, 0x2064, 0x2064, 0x2064, 0x2064, 
  0x2064, 0x2064, 0x2064, 0x2064, 0x2064, 0x2064, 0x2064, 0x2064, 0x2064, 0x2064, 0x2064, 0x2064, 
  0x2064, 0x2064, 0x2064, 0x2064, 0x2064, 0x2064, 0x2044, 0x2044, 0x2044, 0x2044, 0x2044, 0x2044, 
  0x2044, 0x2044, 0x2044, 0x2044, 0x2044, 0x2044, 0x2044, 0x2044, 0x2044, 0x2044, 0x2044, 0x2044, 
  0x2044, 0x2044, 0x2044, 0x2044, 0x2064, 0x2064, 0x2064, 0x2064, 0x2064, 0x2064, 0x2064, 0x2064, 
  0x2064, 0x2064, 0x2064, 0x2064, 0x2064, 0x2064, 0x2064, 0x2064, 0x2064, 0x2064, 0x2064, 0x2065, 
  0x2866, 0x3067, 0x3868, 0x408a, 0x48ab, 0x50ec, 0x510b, 0x492a, 0x4949, 0x4149, 0x4148, 0x3948, 
  0x3948, 0x3948, 0x3948, 0x3948, 0x3948, 0x3948, 0x3948, 0x3948, 0x3948, 0x3948, 0x3948, 0x3948, 
  0x3948, 0x3948, 0x3928, 0x3948, 0x3928, 0x3928, 0x8bb2, 0x592d, 0x7934, 0xaa5a, 0xc2db, 0xb97c, 
  0xb15b, 0x9156, 0x6950, 0x494b, 0x3948, 0x2925, 0x2104, 0x2104, 0x2104, 0x2104, 0x2104, 0x18e3, 
  0x18e3, 0x18e3, 0x18e3, 0x18e3, 0x18e3, 0x18c3, 0x18c3, 0x18c3, 0x18c3, 0x18c3, 0x18c3, 0x18c3, 
  0x18c3, 0x18a2, 0x18a2, 0x18a2, 0x10a2, 0x10a2, 0x10a2, 0x10a2, 0x10a2, 0x1082, 0x1082, 0x1082, 
  0x1082, 0x1082, 0x1082, 0x1082, 0x1082, 0x1082, 0x1082, 0x1082, 0x1082, 0x1082, 0x1082, 0x1082, 
  0x1082, 0x1062, 0x1062, 0x1062, 0x1061, 0x1061, 0x1061, 0x1061, 0x1061, 0x1061, 0x1061, 0x0861, 
  0x0861, 0x0861, 0x0861, 0x0861, 0x0841, 0x0841, 0x0841, 0x0841, 0x0020, 0x0841, 0x18e3, 0x18e3, 
  0x18e3, 0x18e3, 0x18e3, 0x10a2, 0x1082, 0x1082, 0x0861, 0x0861, 0x0861, 0x0861, 0x0861, 0x0861, 
  0x0841, 0x0841, 0x0841, 0x0841, 0x0841, 0x0841, 0x0841, 0x0841, 0x0841, 0x0020, 0x0020, 0x0020, 
  0x0020, 0x0020, 0x0020, 0x0020, 0x0020, 0x0020, 0x0020, 0x0020, 0x0020, 0x0020, 0x0020, 0x0020, 
  0x0000, 0x0000, 0x0000, 0x0000, 0x0000, 0x0000, 0x0000, 0x0000, 0x0000, 0x0000, 0x0000, 0x0000, 
  0x0020, 0x0020, 0x0020, 0x1823, 0x1823, 0x1823, 0x1823, 0x1823, 0x1823, 0x1823, 0x1823, 0x1823, 
  0x1823, 0x1823, 0x1823, 0x1823, 0x1823, 0x1823, 0x1823, 0x1823, 0x1844, 0x1844, 0x1844, 0x1844, 
  0x1844, 0x2044, 0x2064, 0x2064, 0x2064, 0x2064, 0x2064, 0x2065, 0x2065, 0x2065, 0x2065, 0x2065, 
  0x2065, 0x2065, 0x2065, 0x2065, 0x2065, 0x2065, 0x2065, 0x2065, 0x2065, 0x2065, 0x2065, 0x2065, 
  0x2065, 0x2065, 0x2065, 0x2065, 0x2065, 0x2065, 0x2065, 0x2065, 0x2065, 0x2065, 0x2065, 0x2065, 
  0x2065, 0x2065, 0x2065, 0x2065, 0x2065, 0x2065, 0x2065, 0x2065, 0x2065, 0x2065, 0x2065, 0x2065, 
  0x2065, 0x2065, 0x2065, 0x2065, 0x2065, 0x2065, 0x2065, 0x2065, 0x2065, 0x2065, 0x2065, 0x2065, 
  0x2065, 0x2065, 0x2065, 0x2065, 0x2065, 0x2065, 0x2065, 0x2065, 0x2065, 0x2065, 0x2065, 0x2065, 
  0x2065, 0x2065, 0x2065, 0x2065, 0x2065, 0x2065, 0x2065, 0x2065, 0x2065, 0x2065, 0x2065, 0x2065, 
  0x2065, 0x2065, 0x2065, 0x2065, 0x2065, 0x2065, 0x2065, 0x2065, 0x2064, 0x2064, 0x2064, 0x2064, 
  0x2064, 0x2064, 0x2064, 0x2064, 0x2064, 0x2064, 0x2044, 0x2044, 0x2044, 0x2044, 0x2044, 0x2064, 
  0x2064, 0x2064, 0x2064, 0x2064, 0x2064, 0x2064, 0x2064, 0x2064, 0x2064, 0x2064, 0x2064, 0x2064, 
  0x2064, 0x2064, 0x2064, 0x2064, 0x2064, 0x2064, 0x2064, 0x2064, 0x2064, 0x2064, 0x2064, 0x2064, 
  0x2064, 0x2064, 0x2064, 0x2064, 0x2064, 0x2064, 0x2065, 0x2065, 0x2866, 0x3067, 0x3869, 0x408a, 
  0x48cb, 0x50eb, 0x512b, 0x494a, 0x4949, 0x4149, 0x4148, 0x4168, 0x4168, 0x4168, 0x4148, 0x3948, 
  0x3948, 0x3948, 0x3948, 0x3948, 0x3948, 0x3948, 0x3948, 0x4148, 0x4148, 0x4148, 0x4148, 0x4148, 
  0x4148, 0x4148, 0x93d2, 0x492b, 0x7151, 0x9176, 0xc2fa, 0xc25b, 0xb93c, 0xa939, 0x8133, 0x592d, 
  0x4129, 0x2906, 0x2104, 0x2104, 0x2104, 0x18e3, 0x18e3, 0x18e3, 0x18e3, 0x18e3, 0x18e3, 0x18e3, 
  0x18e3, 0x18c3, 0x18c3, 0x18c3, 0x18c3, 0x18c3, 0x18c3, 0x18c3, 0x18c3, 0x18a2, 0x18a2, 0x10a2, 
  0x10a2, 0x10a2, 0x10a2, 0x10a2, 0x1082, 0x1082, 0x1082, 0x1082, 0x1082, 0x1082, 0x1082, 0x1082, 
  0x1082, 0x1082, 0x1082, 0x1082, 0x1082, 0x1082, 0x1082, 0x1082, 0x1062, 0x1062, 0x1062, 0x1062, 
  0x1061, 0x1061, 0x1061, 0x1061, 0x1061, 0x1061, 0x0861, 0x0861, 0x0861, 0x0861, 0x0861, 0x0841, 
  0x0841, 0x0841, 0x0841, 0x0841, 0x0020, 0x0020, 0x0841, 0x18e3, 0x18e3, 0x18e3, 0x18c3, 0x18c3, 
  0x1082, 0x1082, 0x0861, 0x0861, 0x0861, 0x0861, 0x0861, 0x0861, 0x0841, 0x0841, 0x0841, 0x0841, 
  0x0841, 0x0841, 0x0841, 0x0841, 0x0841, 0x0020, 0x0020, 0x0020, 0x0020, 0x0020, 0x0020, 0x0020, 
  0x0020, 0x0020, 0x0020, 0x0020, 0x0020, 0x0020, 0x0020, 0x0020, 0x0000, 0x0000, 0x0000, 0x0000, 
  0x0000, 0x0000, 0x0000, 0x0000, 0x0000, 0x0000, 0x0000, 0x0020, 0x0020, 0x0020, 0x0020, 0x1823, 
  0x1823, 0x1823, 0x1823, 0x1823, 0x1823, 0x1844, 0x2064, 0x2885, 0x28c6, 0x30e6, 0x30e6, 0x3107, 
  0x3907, 0x3927, 0x3927, 0x3927, 0x3927, 0x3927, 0x3927, 0x3927, 0x3948, 0x3948, 0x4148, 0x4148, 
  0x4168, 0x4168, 0x4168, 0x4168, 0x4168, 0x4168, 0x4168, 0x4168, 0x4168, 0x4168, 0x4168, 0x4168, 
  0x4168, 0x4168, 0x4168, 0x4168, 0x4168, 0x4168, 0x4168, 0x4168, 0x4168, 0x4168, 0x4168, 0x4168, 
  0x4168, 0x4168, 0x4168, 0x4168, 0x4168, 0x4168, 0x4168, 0x4168, 0x4168, 0x4168, 0x4168, 0x4168, 
  0x4168, 0x4168, 0x4168, 0x4168, 0x4168, 0x4168, 0x4168, 0x4168, 0x4168, 0x4168, 0x4168, 0x4168, 
  0x4168, 0x4168, 0x4168, 0x4168, 0x4168, 0x4168, 0x4168, 0x4168, 0x4168, 0x4168, 0x4168, 0x4168, 
  0x4168, 0x4168, 0x4168, 0x4168, 0x4168, 0x4168, 0x4168, 0x4168, 0x4168, 0x4168, 0x4168, 0x4168, 
  0x4168, 0x4168, 0x4168, 0x4168, 0x4168, 0x4168, 0x4168, 0x4168, 0x4168, 0x4168, 0x4168, 0x4168, 
  0x4148, 0x4148, 0x4148, 0x4148, 0x4148, 0x4148, 0x4148, 0x4148, 0x4148, 0x3948, 0x3948, 0x3948, 
  0x3948, 0x3948, 0x3948, 0x3948, 0x3948, 0x3948, 0x3948, 0x3948, 0x3948, 0x3948, 0x3948, 0x3948, 
  0x3948, 0x3948, 0x3948, 0x3948, 0x3948, 0x3948, 0x3948, 0x3948, 0x3948, 0x3948, 0x4148, 0x4148, 
  0x4148, 0x4148, 0x4148, 0x4148, 0x4168, 0x4168, 0x4168, 0x4168, 0x4168, 0x4168, 0x4168, 0x4168, 
  0x4168, 0x4168, 0x4168, 0x4169, 0x496a, 0x516b, 0x598c, 0x61ad, 0x61ce, 0x6a0e, 0x622d, 0x624d, 
  0x624c, 0x624c, 0x5a4c, 0x5a4c, 0x5a4c, 0x5a4c, 0x5a4c, 0x5a4c, 0x5a4c, 0x5a4c, 0x5a4c, 0x626c, 
  0x626c, 0x628d, 0x6a8d, 0x6aad, 0x6ace, 0x72ce, 0x72ce, 0x72ee, 0x72ef, 0x72ef, 0xac96, 0x4149, 
  0x614e, 0x8154, 0xaa19, 0xcb3a, 0xc1bc, 0xb93b, 0x9937, 0x7131, 0x50eb, 0x3107, 0x28e5, 0x2104, 
  0x20e4, 0x18e3, 0x18e3, 0x18e3, 0x18e3, 0x18e3, 0x18e3, 0x18e3, 0x18c3, 0x18c3, 0x18c3, 0x18c3, 
  0x18c3, 0x18c3, 0x18c3, 0x18c3, 0x18a2, 0x18a2, 0x10a2, 0x10a2, 0x10a2, 0x10a2, 0x10a2, 0x1082, 
  0x1082, 0x1082, 0x1082, 0x1082, 0x1082, 0x1082, 0x1082, 0x1082, 0x1082, 0x1082, 0x1082, 0x1082, 
  0x1082, 0x1082, 0x1082, 0x1062, 0x1062, 0x1062, 0x1061, 0x1061, 0x1061, 0x1061, 0x1061, 0x1061, 
  0x1061, 0x0861, 0x0861, 0x0861, 0x0861, 0x0861, 0x0861, 0x0841, 0x0841, 0x0841, 0x0841, 0x0841, 
  0x0020, 0x0020, 0x0020, 0x0861, 0x18e3, 0x18e3, 0x18c3, 0x18c3, 0x1082, 0x0861, 0x0861, 0x0861, 
  0x0861, 0x0861, 0x0861, 0x0861, 0x0841, 0x0841, 0x0841, 0x0841, 0x0841, 0x0841, 0x0841, 0x0841, 
  0x0841, 0x0020, 0x0020, 0x0020, 0x0020, 0x0020, 0x0020, 0x0020, 0x0020, 0x0020, 0x0020, 0x0020, 
  0x0020, 0x0020, 0x0020, 0x0020, 0x0000, 0x0000, 0x0000, 0x0000, 0x0000, 0x0000, 0x0000, 0x0000, 
  0x0000, 0x0000, 0x0000, 0x0020, 0x0020, 0x0020, 0x0020, 0x0020, 0x0000, 0x0020, 0x0020, 0x0020, 
  0x0020, 0x0020, 0x0020, 0x0020, 0x0020, 0x0020, 0x0020, 0x0020, 0x0820, 0x0820, 0x0820, 0x0820, 
  0x0821, 0x0821, 0x0821, 0x0821, 0x0821, 0x0841, 0x0861, 0x0861, 0x0861, 0x0861, 0x0861, 0x0861, 
  0x0861, 0x0861, 0x0861, 0x0861, 0x0861, 0x0861, 0x0861, 0x0861, 0x0861, 0x0861, 0x0861, 0x0861, 
  0x0861, 0x0861, 0x0861, 0x0861, 0x0861, 0x0861, 0x0861, 0x0861, 0x0861, 0x0861, 0x0861, 0x0861, 
  0x0861, 0x0861, 0x0861, 0x0861, 0x0861, 0x0861, 0x0861, 0x0861, 0x0861, 0x0861, 0x0861, 0x0861, 
  0x0861, 0x0861, 0x0861, 0x0861, 0x0861, 0x0861, 0x0861, 0x0861, 0x0861, 0x0861, 0x0861, 0x0861, 
  0x0861, 0x0861, 0x0861, 0x0861, 0x0861, 0x0861, 0x0861, 0x0861, 0x0861, 0x0861, 0x0861, 0x0861, 
  0x0861, 0x0861, 0x0861, 0x0861, 0x0861, 0x0861, 0x0861, 0x0861, 0x1061, 0x0861, 0x0841, 0x0841, 
  0x0841, 0x0841, 0x0821, 0x0821, 0x0821, 0x0821, 0x0841, 0x0841, 0x0841, 0x0841, 0x0841, 0x0841, 
  0x0841, 0x0841, 0x0841, 0x0841, 0x0841, 0x0841, 0x0841, 0x0841, 0x0841, 0x0841, 0x0841, 0x0841, 
  0x0841, 0x0841, 0x0841, 0x0841, 0x0841, 0x0841, 0x0841, 0x0841, 0x0841, 0x0841, 0x0841, 0x0841, 
  0x0841, 0x0841, 0x0841, 0x0841, 0x0841, 0x0841, 0x0841, 0x0841, 0x0841, 0x0841, 0x0841, 0x0841, 
  0x0841, 0x0841, 0x0861, 0x0841, 0x0841, 0x0841, 0x0841, 0x0841, 0x0841, 0x0861, 0x0841, 0x0841, 
  0x1042, 0x30a9, 0x2925, 0x2124, 0x2925, 0x2124, 0x2124, 0x2124, 0x2124, 0x2124, 0x2124, 0x2124, 
  0x2124, 0x2124, 0x2124, 0x2124, 0x2124, 0x2124, 0x2124, 0x2124, 0x2124, 0x2124, 0x2124, 0x2124, 
  0x2124, 0x2124, 0x2124, 0x2124, 0x2124, 0x2124, 0x2925, 0x3947, 0x514b, 0x7151, 0x9157, 0xcb19, 
  0xd2fa, 0xc15c, 0xb13a, 0x8914, 0x60ee, 0x40e9, 0x28e6, 0x20e4, 0x20e3, 0x18e3, 0x18e3, 0x18e3, 
  0x18e3, 0x18e3, 0x18c3, 0x18c3, 0x18c3, 0x18c3, 0x18c3, 0x18a2, 0x18a2, 0x18c3, 0x18c3, 0x18c3, 
  0x18a2, 0x18a2, 0x10a2, 0x10a2, 0x10a2, 0x10a2, 0x1082, 0x1082, 0x1082, 0x1082, 0x1082, 0x1082, 
  0x1082, 0x1082, 0x1082, 0x1082, 0x1082, 0x1082, 0x1082, 0x1082, 0x1082, 0x1082, 0x1082, 0x1062, 
  0x1062, 0x1061, 0x1061, 0x1061, 0x1061, 0x1061, 0x1061, 0x1061, 0x0861, 0x0861, 0x0861, 0x0861, 
  0x0861, 0x0861, 0x0861, 0x0020, 0x0841, 0x0841, 0x0841, 0x0841, 0x0020, 0x0020, 0x0020, 0x0020, 
  0x1082, 0x18e3, 0x18c3, 0x18c3, 0x10a2, 0x0861, 0x0861, 0x0861, 0x0861, 0x0861, 0x0861, 0x0861, 
  0x0841, 0x0841, 0x0841, 0x0841, 0x0841, 0x0841, 0x0841, 0x0841, 0x0020, 0x0020, 0x0020, 0x0020, 
  0x0020, 0x0020, 0x0020, 0x0020, 0x0020, 0x0020, 0x0020, 0x0020, 0x0020, 0x0020, 0x0020, 0x0000, 
  0x0000, 0x0000, 0x0000, 0x0000, 0x0000, 0x0000, 0x0000, 0x0000, 0x0000, 0x0000, 0x0000, 0x0020, 
  0x0020, 0x0020, 0x0020, 0x0000, 0x0020, 0x0020, 0x0020, 0x0020, 0x0020, 0x0020, 0x0020, 0x0020, 
  0x0020, 0x0020, 0x0020, 0x0020, 0x0820, 0x0820, 0x0820, 0x0820, 0x0821, 0x0821, 0x0821, 0x0821, 
  0x0821, 0x0821, 0x0861, 0x0861, 0x0861, 0x0861, 0x0861, 0x0861, 0x0861, 0x0861, 0x0861, 0x0861, 
  0x0861, 0x0861, 0x0861, 0x0861, 0x0861, 0x0861, 0x0861, 0x0861, 0x0861, 0x0861, 0x0861, 0x0861, 
  0x0861, 0x0861, 0x0861, 0x0861, 0x0861, 0x0861, 0x0861, 0x0861, 0x0861, 0x0861, 0x0861, 0x0861, 
  0x0861, 0x0861, 0x0861, 0x0861, 0x0861, 0x0861, 0x0861, 0x0861, 0x0861, 0x0861, 0x0861, 0x0861, 
  0x0861, 0x0861, 0x0861, 0x0861, 0x0861, 0x0861, 0x0861, 0x0861, 0x0861, 0x0861, 0x0861, 0x0861, 
  0x0861, 0x0861, 0x0861, 0x0861, 0x0861, 0x0861, 0x0861, 0x0861, 0x0861, 0x0861, 0x0861, 0x0861, 
  0x0861, 0x0861, 0x1082, 0x1082, 0x0861, 0x0841, 0x0841, 0x0841, 0x0841, 0x0841, 0x0821, 0x0821, 
  0x0821, 0x0821, 0x0820, 0x0841, 0x0841, 0x0841, 0x0841, 0x0841, 0x0841, 0x0841, 0x0841, 0x0841, 
  0x0841, 0x0841, 0x0841, 0x0841, 0x0841, 0x0841, 0x0841, 0x0841, 0x0841, 0x0841, 0x0841, 0x0841, 
  0x0841, 0x0841, 0x0841, 0x0841, 0x0841, 0x0841, 0x0841, 0x0841, 0x0841, 0x0841, 0x0841, 0x0841, 
  0x0841, 0x0841, 0x0841, 0x0841, 0x0841, 0x0841, 0x0841, 0x0841, 0x0841, 0x0841, 0x0861, 0x0861, 
  0x0861, 0x0861, 0x0861, 0x0841, 0x0861, 0x0861, 0x0841, 0x0861, 0x1845, 0x3108, 0x2945, 0x2125, 
  0x2944, 0x2945, 0x2945, 0x2945, 0x2124, 0x2124, 0x2124, 0x2124, 0x2124, 0x2124, 0x2124, 0x2124, 
  0x2124, 0x2124, 0x2124, 0x2124, 0x2124, 0x2124, 0x2124, 0x2124, 0x2124, 0x2124, 0x2124, 0x2124, 
  0x2124, 0x2124, 0x2925, 0x3146, 0x4149, 0x614d, 0x8954, 0xa9d8, 0xdbb9, 0xd27b, 0xc11b, 0xa0f8, 
  0x78f2, 0x50cc, 0x38c8, 0x20e5, 0x20e4, 0x18e3, 0x18e3, 0x18e3, 0x18e3, 0x18e3, 0x18c3, 0x18c3, 
  0x18c3, 0x18c3, 0x18c3, 0x18a2, 0x18c3, 0x18c3, 0x18c3, 0x18c3, 0x18a2, 0x10a2, 0x10a2, 0x10a2, 
  0x10a2, 0x1082, 0x1082, 0x1082, 0x1082, 0x1082, 0x1082, 0x1082, 0x1082, 0x1082, 0x1082, 0x1082, 
  0x1082, 0x1082, 0x1082, 0x1082, 0x1082, 0x1082, 0x1062, 0x1062, 0x1061, 0x1061, 0x1061, 0x1061, 
  0x1061, 0x1061, 0x1061, 0x0861, 0x0861, 0x0861, 0x0861, 0x0861, 0x0861, 0x0861, 0x0841, 0x0000, 
  0x0841, 0x0841, 0x0841, 0x0841, 0x0020, 0x0020, 0x0020, 0x0020, 0x0020, 0x10a2, 0x18c3, 0x18c3, 
  0x18c3, 0x0861, 0x0861, 0x0861, 0x0861, 0x0861, 0x0861, 0x0841, 0x0841, 0x0841, 0x0841, 0x0841, 
  0x0841, 0x0841, 0x0841, 0x0841, 0x0020, 0x0020, 0x0020, 0x0020, 0x0020, 0x0020, 0x0020, 0x0020, 
  0x0020, 0x0020, 0x0020, 0x0020, 0x0020, 0x0020, 0x0020, 0x0000, 0x0000, 0x0000, 0x0000, 0x0000, 
  0x0000, 0x0000, 0x0000, 0x0000, 0x0000, 0x0000, 0x0020, 0x0020, 0x0020, 0x0020, 0x0020, 0x0020, 
  0x0020, 0x0020, 0x0020, 0x0020, 0x0020, 0x0020, 0x0020, 0x0020, 0x0020, 0x0020, 0x0020, 0x0820, 
  0x0820, 0x0820, 0x0820, 0x0821, 0x0821, 0x0821, 0x0821, 0x0821, 0x0821, 0x0841, 0x0861, 0x0861, 
  0x1061, 0x0861, 0x0861, 0x0861, 0x0861, 0x0861, 0x0861, 0x0861, 0x0861, 0x0861, 0x0861, 0x0861, 
  0x0861, 0x0861, 0x0861, 0x0861, 0x0861, 0x0861, 0x0861, 0x0861, 0x0861, 0x0861, 0x0861, 0x0861, 
  0x0861, 0x0861, 0x0861, 0x0861, 0x0861, 0x0861, 0x0861, 0x0861, 0x0861, 0x0861, 0x0861, 0x0861, 
  0x0861, 0x0861, 0x0861, 0x0861, 0x0861, 0x0861, 0x0861, 0x0861, 0x0861, 0x0861, 0x0861, 0x0861, 
  0x0861, 0x0861, 0x0861, 0x0861, 0x0861, 0x0861, 0x0861, 0x0861, 0x0861, 0x0861, 0x0861, 0x0861, 
  0x0861, 0x0861, 0x0861, 0x0861, 0x0861, 0x0861, 0x0861, 0x0861, 0x1082, 0x1082, 0x0841, 0x0841, 
  0x0841, 0x0841, 0x0841, 0x0841, 0x0841, 0x0841, 0x0821, 0x0821, 0x0841, 0x0821, 0x0821, 0x0841, 
  0x0841, 0x0841, 0x0841, 0x0841, 0x0841, 0x0841, 0x0841, 0x0841, 0x0841, 0x0841, 0x0841, 0x0841, 
  0x0841, 0x0841, 0x0841, 0x0841, 0x0841, 0x0841, 0x0841, 0x0841, 0x0841, 0x0841, 0x0841, 0x0841, 
  0x0841, 0x0841, 0x0841, 0x0841, 0x0841, 0x0841, 0x0841, 0x0841, 0x0841, 0x0841, 0x0841, 0x0841, 
  0x0841, 0x0841, 0x0861, 0x0841, 0x0841, 0x0841, 0x0841, 0x0861, 0x0861, 0x0861, 0x0861, 0x0861, 
  0x0861, 0x0861, 0x0862, 0x1062, 0x2868, 0x2926, 0x2945, 0x2945, 0x2944, 0x2945, 0x2945, 0x2945, 
  0x2945, 0x2945, 0x2945, 0x2945, 0x2945, 0x2945, 0x2945, 0x2945, 0x2124, 0x2124, 0x2124, 0x2124, 
  0x2124, 0x2124, 0x2124, 0x2124, 0x2124, 0x2124, 0x2124, 0x2124, 0x2124, 0x2124, 0x2945, 0x3146, 
  0x3947, 0x514b, 0x7951, 0xa137, 0xcab9, 0xe359, 0xd159, 0xb8f9, 0x90d6, 0x68cf, 0x48ea, 0x30c6, 
  0x20e4, 0x20e4, 0x18e3, 0x18e3, 0x18e3, 0x18c3, 0x18c3, 0x18c3, 0x18c3, 0x18c3, 0x18c3, 0x18c3, 
  0x18c3, 0x18c3, 0x18c3, 0x18a2, 0x10a2, 0x10a2, 0x10a2, 0x10a2, 0x1082, 0x1082, 0x1082, 0x1082, 
  0x1082, 0x1082, 0x1082, 0x1082, 0x1082, 0x1082, 0x1082, 0x1082, 0x1082, 0x1082, 0x1082, 0x1082, 
  0x1082, 0x1062, 0x1062, 0x1061, 0x1061, 0x1061, 0x1061, 0x1061, 0x1061, 0x1061, 0x0861, 0x0861, 
  0x0861, 0x0861, 0x0861, 0x0861, 0x0861, 0x0861, 0x0820, 0x0020, 0x0841, 0x0841, 0x0841, 0x0841, 
  0x0020, 0x0020, 0x0020, 0x0020, 0x0020, 0x0020, 0x10a2, 0x18c3, 0x18c3, 0x1082, 0x0861, 0x0861, 
  0x0861, 0x0861, 0x0861, 0x0841, 0x0841, 0x0841, 0x0841, 0x0841, 0x0841, 0x0841, 0x0841, 0x0841, 
  0x0020, 0x0020, 0x0020, 0x0020, 0x0020, 0x0020, 0x0020, 0x0020, 0x0020, 0x0020, 0x0020, 0x0020, 
  0x0020, 0x0020, 0x0020, 0x0000, 0x0000, 0x0000, 0x0000, 0x0000, 0x0000, 0x0000, 0x0000, 0x0000, 
  0x0000, 0x0020, 0x0020, 0x0020, 0x0020, 0x0020, 0x0020, 0x0020, 0x0020, 0x0020, 0x0020, 0x0020, 
  0x0841, 0x0020, 0x0020, 0x0820, 0x0820, 0x0820, 0x0820, 0x0820, 0x0820, 0x0841, 0x0821, 0x0821, 
  0x0821, 0x0821, 0x0821, 0x0841, 0x0821, 0x0841, 0x1061, 0x1061, 0x1061, 0x1061, 0x1061, 0x1061, 
  0x1061, 0x1061, 0x1061, 0x1061, 0x1061, 0x1061, 0x1061, 0x1061, 0x1061, 0x1062, 0x1061, 0x1061, 
  0x1061, 0x1061, 0x1061, 0x1061, 0x1061, 0x1061, 0x1061, 0x1061, 0x1061, 0x1061, 0x1061, 0x1061, 
  0x1061, 0x1061, 0x1061, 0x1061, 0x1061, 0x1061, 0x1061, 0x1061, 0x1061, 0x1061, 0x1061, 0x1061, 
  0x1061, 0x1061, 0x1061, 0x1061, 0x1061, 0x1062, 0x1061, 0x1061, 0x1061, 0x1061, 0x1061, 0x1061, 
  0x1061, 0x1061, 0x1061, 0x1061, 0x1061, 0x1061, 0x1061, 0x1061, 0x1061, 0x1061, 0x1061, 0x1061, 
  0x1061, 0x0861, 0x1082, 0x18a2, 0x1082, 0x0841, 0x0841, 0x0841, 0x0841, 0x0841, 0x0841, 0x0841, 
  0x0841, 0x0841, 0x0841, 0x0841, 0x0841, 0x0841, 0x0841, 0x0841, 0x0841, 0x0841, 0x0841, 0x0841, 
  0x0841, 0x0841, 0x0841, 0x0841, 0x0841, 0x0841, 0x0841, 0x0841, 0x0841, 0x0841, 0x0841, 0x0841, 
  0x0841, 0x0841, 0x0841, 0x0841, 0x0841, 0x0841, 0x0841, 0x0841, 0x0841, 0x0841, 0x0841, 0x0841, 
  0x0841, 0x0841, 0x0841, 0x0841, 0x0841, 0x0841, 0x0841, 0x0841, 0x0841, 0x0861, 0x0861, 0x0861, 
  0x0841, 0x0841, 0x0841, 0x0861, 0x0861, 0x0861, 0x0861, 0x0861, 0x0861, 0x1061, 0x0862, 0x1043, 
  0x30a9, 0x2946, 0x2965, 0x2965, 0x2965, 0x2965, 0x2965, 0x2965, 0x2945, 0x2945, 0x2945, 0x2945, 
  0x2945, 0x2945, 0x2945, 0x2945, 0x2945, 0x2945, 0x2945, 0x2945, 0x2945, 0x2945, 0x2945, 0x2945, 
  0x2945, 0x2945, 0x2945, 0x2945, 0x2945, 0x2945, 0x2945, 0x2945, 0x3147, 0x4949, 0x694e, 0x9914, 
  0xb179, 0xdaf9, 0xda5a, 0xc8f9, 0xa8d9, 0x80d3, 0x58cd, 0x38c8, 0x28c5, 0x20c4, 0x18c4, 0x18c3, 
  0x18c3, 0x18c3, 0x18c3, 0x18c3, 0x18c3, 0x18c3, 0x18c3, 0x18c3, 0x18c3, 0x18c3, 0x18a2, 0x10a2, 
  0x10a2, 0x10a2, 0x10a2, 0x1082, 0x1082, 0x1082, 0x1082, 0x1082, 0x1082, 0x1082, 0x1082, 0x1082, 
  0x1082, 0x1082, 0x1082, 0x1082, 0x1082, 0x1082, 0x1082, 0x1082, 0x1062, 0x1062, 0x1062, 0x1061, 
  0x1061, 0x1061, 0x1061, 0x1061, 0x1061, 0x0861, 0x0861, 0x0861, 0x0861, 0x0861, 0x0861, 0x0861, 
  0x0861, 0x0861, 0x0020, 0x0020, 0x0841, 0x0841, 0x0841, 0x0841, 0x0020, 0x0020, 0x0020, 0x0020, 
  0x0020, 0x0020, 0x0020, 0x10a2, 0x18c3, 0x10a2, 0x0861, 0x0861, 0x0861, 0x0861, 0x0861, 0x0841, 
  0x0841, 0x0841, 0x0841, 0x0841, 0x0841, 0x0841, 0x0841, 0x0841, 0x0020, 0x0020, 0x0020, 0x0020, 
  0x0020, 0x0020, 0x0020, 0x0020, 0x0020, 0x0020, 0x0020, 0x0020, 0x0020, 0x0020, 0x0020, 0x0000, 
  0x0000, 0x0000, 0x0000, 0x0000, 0x0000, 0x0000, 0x0000, 0x0000, 0x0000, 0x0020, 0x0020, 0x0020, 
  0x0020, 0x0020, 0x0020, 0x0020, 0x0020, 0x0020, 0x0020, 0x0020, 0x0020, 0x0020, 0x0841, 0x0820, 
  0x0820, 0x0820, 0x0820, 0x0821, 0x0821, 0x0821, 0x0821, 0x0821, 0x0821, 0x0841, 0x0821, 0x0821, 
  0x0821, 0x0841, 0x1062, 0x1062, 0x1062, 0x1062, 0x1062, 0x1062, 0x1062, 0x1062, 0x1062, 0x1062, 
  0x1062, 0x1062, 0x1062, 0x1062, 0x1062, 0x1062, 0x1062, 0x1062, 0x1062, 0x1082, 0x1062, 0x1062, 
  0x1062, 0x1062, 0x1062, 0x1062, 0x1062, 0x1062, 0x1062, 0x1062, 0x1062, 0x1062, 0x1062, 0x1062, 
  0x1082, 0x1062, 0x1062, 0x1062, 0x1062, 0x1062, 0x1062, 0x1062, 0x1062, 0x1062, 0x1062, 0x1062, 
  0x1062, 0x1062, 0x1062, 0x1062, 0x1062, 0x1062, 0x1062, 0x1062, 0x1062, 0x1062, 0x1062, 0x1062, 
  0x1062, 0x1062, 0x1082, 0x1062, 0x1062, 0x1062, 0x1061, 0x0861, 0x18a2, 0x18a3, 0x1082, 0x0841, 
  0x0841, 0x0841, 0x0841, 0x0841, 0x0841, 0x0841, 0x0841, 0x0841, 0x0841, 0x0841, 0x0841, 0x0841, 
  0x0841, 0x0841, 0x0841, 0x0841, 0x0841, 0x0841, 0x0841, 0x0841, 0x0841, 0x0841, 0x0841, 0x0841, 
  0x0841, 0x0841, 0x0841, 0x0841, 0x0841, 0x0841, 0x0841, 0x0841, 0x0841, 0x0841, 0x0841, 0x0841, 
  0x0841, 0x0841, 0x0841, 0x0841, 0x0841, 0x0841, 0x0861, 0x0841, 0x0841, 0x0841, 0x0841, 0x0841, 
  0x0861, 0x0841, 0x0841, 0x0861, 0x0841, 0x0861, 0x0861, 0x0861, 0x0841, 0x0841, 0x0841, 0x0841, 
  0x1061, 0x1061, 0x1061, 0x1061, 0x1061, 0x1061, 0x0881, 0x1844, 0x390a, 0x2965, 0x2965, 0x2965, 
  0x3166, 0x2965, 0x2965, 0x2965, 0x2965, 0x2965, 0x2965, 0x2965, 0x2965, 0x2965, 0x2965, 0x2965, 
  0x2965, 0x2965, 0x2965, 0x2965, 0x2965, 0x2965, 0x2965, 0x2945, 0x2945, 0x2945, 0x2945, 0x2945, 
  0x2945, 0x2945, 0x2945, 0x2945, 0x3146, 0x3948, 0x592b, 0x8111, 0xa917, 0xc1ba, 0xe319, 0xd19a, 
  0xc0d9, 0xa0b7, 0x70b0, 0x48ca, 0x30c7, 0x20c4, 0x18c4, 0x18c3, 0x18c3, 0x18c3, 0x18c3, 0x18c3, 
  0x18c3, 0x18c3, 0x18c3, 0x18c3, 0x18c3, 0x10a2, 0x10a2, 0x10a2, 0x10a2, 0x1082, 0x1082, 0x1082, 
  0x1082, 0x1082, 0x1082, 0x1082, 0x1082, 0x1082, 0x1082, 0x1082, 0x1082, 0x1082, 0x1082, 0x1082, 
  0x1082, 0x1082, 0x1082, 0x1062, 0x1062, 0x1061, 0x1061, 0x1061, 0x1061, 0x1061, 0x1061, 0x1061, 
  0x0861, 0x0861, 0x0861, 0x0861, 0x0861, 0x0861, 0x0861, 0x0861, 0x0841, 0x0841, 0x0020, 0x0020, 
  0x0841, 0x0841, 0x0841, 0x0841, 0x0020, 0x0020, 0x0020, 0x0020, 0x0020, 0x0020, 0x0020, 0x0841, 
  0x10a2, 0x10a2, 0x0861, 0x0861, 0x0861, 0x0861, 0x0841, 0x0841, 0x0841, 0x0841, 0x0841, 0x0841, 
  0x0841, 0x0841, 0x0841, 0x0020, 0x0020, 0x0020, 0x0020, 0x0020, 0x0020, 0x0020, 0x0020, 0x0020, 
  0x0020, 0x0020, 0x0020, 0x0020, 0x0020, 0x0020, 0x0020, 0x0000, 0x0000, 0x0000, 0x0000, 0x0000, 
  0x0000, 0x0000, 0x0000, 0x0000, 0x0000, 0x0000, 0x0020, 0x0020, 0x0020, 0x0020, 0x0020, 0x0820, 
  0x0020, 0x0020, 0x0841, 0x0841, 0x0841, 0x0841, 0x0841, 0x0820, 0x0841, 0x0820, 0x0820, 0x0841, 
  0x0841, 0x0841, 0x0841, 0x0841, 0x0841, 0x0841, 0x0841, 0x0841, 0x0841, 0x0841, 0x1082, 0x1062, 
  0x1062, 0x1062, 0x1082, 0x1082, 0x1062, 0x1062, 0x1082, 0x1082, 0x1062, 0x1062, 0x1062, 0x1082, 
  0x1082, 0x1062, 0x1062, 0x1062, 0x1082, 0x1082, 0x1062, 0x1082, 0x1082, 0x1082, 0x1082, 0x1062, 
  0x1082, 0x1062, 0x1082, 0x1062, 0x1082, 0x1062, 0x1062, 0x1082, 0x1082, 0x1082, 0x1062, 0x1062, 
  0x1062, 0x1082, 0x1082, 0x1082, 0x1082, 0x1082, 0x1082, 0x1082, 0x1062, 0x1082, 0x1082, 0x1082, 
  0x1082, 0x1082, 0x1082, 0x1062, 0x1062, 0x1082, 0x1062, 0x1082, 0x1082, 0x1082, 0x1082, 0x1082, 
  0x1082, 0x1082, 0x10a2, 0x2104, 0x10a2, 0x0841, 0x0841, 0x0841, 0x0841, 0x0841, 0x0841, 0x0841, 
  0x0841, 0x0841, 0x0841, 0x0841, 0x0841, 0x0841, 0x0841, 0x0841, 0x0841, 0x0841, 0x0841, 0x0841, 
  0x0841, 0x0841, 0x0841, 0x0841, 0x0841, 0x0841, 0x0841, 0x0841, 0x0841, 0x0841, 0x0841, 0x0841, 
  0x0841, 0x0841, 0x0841, 0x0841, 0x0841, 0x0841, 0x0841, 0x0841, 0x0841, 0x0841, 0x0841, 0x0841, 
  0x0841, 0x0861, 0x0861, 0x0861, 0x0861, 0x0861, 0x0861, 0x0861, 0x0861, 0x0861, 0x0861, 0x0861, 
  0x0861, 0x0861, 0x0861, 0x0861, 0x0861, 0x0861, 0x0861, 0x0861, 0x1061, 0x1062, 0x1062, 0x1061, 
  0x1061, 0x1062, 0x1062, 0x2888, 0x3948, 0x3186, 0x3186, 0x3186, 0x3186, 0x3186, 0x3186, 0x3186, 
  0x3186, 0x2965, 0x3186, 0x2965, 0x2965, 0x2965, 0x2965, 0x2965, 0x2965, 0x2965, 0x2965, 0x2965, 
  0x2965, 0x2965, 0x2965, 0x2965, 0x2965, 0x2965, 0x2965, 0x2965, 0x2965, 0x2965, 0x2945, 0x2945, 
  0x2966, 0x3147, 0x4929, 0x692e, 0x98d4, 0xb91a, 0xda79, 0xe2b9, 0xc919, 0xb0b8, 0x88b4, 0x58cd, 
  0x38c9, 0x28c5, 0x20c4, 0x18c3, 0x18c3, 0x18c3, 0x18c3, 0x18c3, 0x18c3, 0x18c3, 0x18a2, 0x18a2, 
  0x18a2, 0x10a2, 0x10a2, 0x10a2, 0x10a2, 0x1082, 0x1082, 0x1082, 0x1082, 0x1082, 0x1082, 0x1082, 
  0x1082, 0x1082, 0x1082, 0x1082, 0x1082, 0x1082, 0x1082, 0x1082, 0x1082, 0x1062, 0x1062, 0x1062, 
  0x1061, 0x1061, 0x1061, 0x1061, 0x1061, 0x1061, 0x1061, 0x1061, 0x0861, 0x0861, 0x0861, 0x0861, 
  0x0861, 0x0861, 0x0861, 0x0861, 0x0861, 0x0020, 0x0020, 0x0020, 0x0841, 0x0841, 0x0841, 0x0841, 
  0x0841, 0x0020, 0x0020, 0x0020, 0x0020, 0x0020, 0x0020, 0x0020, 0x0841, 0x10a2, 0x1082, 0x0861, 
  0x0861, 0x0861, 0x0841, 0x0841, 0x0841, 0x0841, 0x0841, 0x0841, 0x0841, 0x0841, 0x0841, 0x0020, 
  0x0020, 0x0020, 0x0020, 0x0020, 0x0020, 0x0020, 0x0020, 0x0020, 0x0020, 0x0020, 0x0020, 0x0020, 
  0x0020, 0x0020, 0x0020, 0x0000, 0x0000, 0x0000, 0x0000, 0x0000, 0x0000, 0x0000, 0x0000, 0x0000, 
  0x0000, 0x0000, 0x0020, 0x0020, 0x0020, 0x0020, 0x0020, 0x0020, 0x0820, 0x0841, 0x0841, 0x0841, 
  0x0841, 0x0841, 0x0841, 0x0821, 0x0820, 0x0841, 0x0821, 0x0841, 0x0841, 0x0841, 0x0841, 0x0841, 
  0x0841, 0x0841, 0x0841, 0x0841, 0x0841, 0x0841, 0x1082, 0x1082, 0x1082, 0x1082, 0x1082, 0x1082, 
  0x1082, 0x1082, 0x1082, 0x1082, 0x1082, 0x1082, 0x1082, 0x1082, 0x1082, 0x1082, 0x1082, 0x1082, 
  0x1082, 0x1082, 0x1082, 0x1082, 0x1082, 0x1082, 0x1082, 0x1082, 0x1082, 0x1082, 0x1082, 0x1082, 
  0x1082, 0x1082, 0x1082, 0x1082, 0x1082, 0x1082, 0x1082, 0x1082, 0x1082, 0x1082, 0x1082, 0x1082, 
  0x1082, 0x1082, 0x1082, 0x1082, 0x1082, 0x1082, 0x1082, 0x1082, 0x1082, 0x1082, 0x1082, 0x1082, 
  0x1082, 0x1082, 0x1082, 0x1082, 0x1082, 0x1082, 0x1082, 0x1062, 0x18a2, 0x2925, 0x18c3, 0x0841, 
  0x0841, 0x0841, 0x0841, 0x0841, 0x0841, 0x0841, 0x0841, 0x0841, 0x0841, 0x0841, 0x0841, 0x0841, 
  0x0841, 0x0841, 0x0841, 0x0841, 0x0841, 0x0841, 0x0841, 0x0841, 0x0841, 0x0841, 0x0841, 0x0841, 
  0x0841, 0x0841, 0x0841, 0x0841, 0x0841, 0x0841, 0x0841, 0x0841, 0x0841, 0x0841, 0x0841, 0x0841, 
  0x0841, 0x0841, 0x0841, 0x0841, 0x0841, 0x0841, 0x0841, 0x0841, 0x0841, 0x0861, 0x0861, 0x0861, 
  0x0861, 0x0861, 0x0861, 0x0861, 0x0861, 0x0861, 0x0861, 0x0861, 0x0861, 0x0861, 0x0861, 0x0861, 
  0x0861, 0x0861, 0x1061, 0x1061, 0x1061, 0x1062, 0x1082, 0x1082, 0x1082, 0x1081, 0x1062, 0x38ea, 
  0x3167, 0x3186, 0x3186, 0x3186, 0x3186, 0x3186, 0x3186, 0x3186, 0x3186, 0x3186, 0x3186, 0x3186, 
  0x3186, 0x3186, 0x3186, 0x3186, 0x3186, 0x3186, 0x3186, 0x3186, 0x3186, 0x2965, 0x2965, 0x2965, 
  0x2965, 0x2965, 0x2965, 0x2965, 0x2965, 0x2965, 0x2965, 0x2965, 0x2965, 0x3146, 0x3947, 0x510b, 
  0x80f1, 0xb0f7, 0xc93a, 0xe2fa, 0xd9da, 0xc0f9, 0xa0b7, 0x70d0, 0x48ab, 0x30c6, 0x20c4, 0x18c3, 
  0x18c3, 0x18a3, 0x18a3, 0x18c3, 0x18c3, 0x18c3, 0x18a2, 0x18a2, 0x10a2, 0x10a2, 0x10a2, 0x10a2, 
  0x10a2, 0x1082, 0x1082, 0x1082, 0x1082, 0x1082, 0x1082, 0x1082, 0x1082, 0x1082, 0x1082, 0x1082, 
  0x1082, 0x1082, 0x1082, 0x1082, 0x1082, 0x1062, 0x1062, 0x1061, 0x1061, 0x1061, 0x1061, 0x1061, 
  0x1061, 0x1061, 0x1061, 0x0861, 0x0861, 0x0861, 0x0861, 0x0861, 0x0861, 0x0861, 0x0861, 0x0861, 
  0x0861, 0x0020, 0x0020, 0x0020, 0x0841, 0x0841, 0x0841, 0x0841, 0x0841, 0x0020, 0x0020, 0x0020, 
  0x0020, 0x0020, 0x0020, 0x0020, 0x0020, 0x0841, 0x10a2, 0x0861, 0x0861, 0x0861, 0x0841, 0x0841, 
  0x0841, 0x0841, 0x0841, 0x0841, 0x0841, 0x0841, 0x0841, 0x0020, 0x0020, 0x0020, 0x0020, 0x0020, 
  0x0020, 0x0020, 0x0020, 0x0020, 0x0020, 0x0020, 0x0020, 0x0020, 0x0020, 0x0020, 0x0020, 0x0000, 
  0x0000, 0x0000, 0x0000, 0x0000, 0x0000, 0x0000, 0x0000, 0x0000, 0x0020, 0x0000, 0x0020, 0x0020, 
  0x0020, 0x0020, 0x0820, 0x0820, 0x0820, 0x0841, 0x0841, 0x0841, 0x0841, 0x0841, 0x0841, 0x0821, 
  0x0821, 0x0841, 0x0841, 0x0841, 0x0841, 0x0841, 0x0841, 0x0841, 0x0841, 0x0841, 0x0841, 0x0841, 
  0x0841, 0x0841, 0x1082, 0x1082, 0x1082, 0x1082, 0x1082, 0x1082, 0x1082, 0x1082, 0x1082, 0x1082, 
  0x1082, 0x1082, 0x1082, 0x1082, 0x1082, 0x1082, 0x1082, 0x1082, 0x1082, 0x1082, 0x1082, 0x1082, 
  0x1082, 0x1082, 0x1082, 0x1082, 0x1082, 0x1082, 0x1082, 0x1082, 0x1082, 0x1082, 0x1082, 0x1082, 
  0x1082, 0x1082, 0x1082, 0x1082, 0x1082, 0x1082, 0x1082, 0x1082, 0x1082, 0x1082, 0x1082, 0x1082, 
  0x1082, 0x1082, 0x1082, 0x1082, 0x1082, 0x1082, 0x1082, 0x1082, 0x1082, 0x1082, 0x1082, 0x1082, 
  0x1082, 0x1062, 0x10a2, 0x2945, 0x18c3, 0x0841, 0x0841, 0x0841, 0x0841, 0x0841, 0x0841, 0x0841, 
  0x0841, 0x0841, 0x0841, 0x0841, 0x0841, 0x0841, 0x0841, 0x0841, 0x0841, 0x0861, 0x0841, 0x0841, 
  0x0841, 0x0841, 0x0841, 0x0841, 0x0841, 0x0841, 0x0841, 0x0841, 0x0841, 0x0841, 0x0841, 0x0841, 
  0x0841, 0x0841, 0x0841, 0x0841, 0x0841, 0x0841, 0x0841, 0x0841, 0x0841, 0x0841, 0x0841, 0x0841, 
  0x0841, 0x0841, 0x0841, 0x0861, 0x0841, 0x0841, 0x0861, 0x0861, 0x0861, 0x0861, 0x0861, 0x0861, 
  0x0861, 0x0861, 0x0861, 0x0861, 0x0861, 0x0861, 0x0861, 0x0861, 0x0861, 0x0861, 0x1061, 0x0861, 
  0x1061, 0x1061, 0x1082, 0x1082, 0x1082, 0x1082, 0x1824, 0x392a, 0x3186, 0x3186, 0x3186, 0x3186, 
  0x3186, 0x3186, 0x3186, 0x3186, 0x3186, 0x3186, 0x3186, 0x3186, 0x3186, 0x3186, 0x3186, 0x3186, 
  0x3186, 0x3186, 0x3186, 0x3186, 0x3186, 0x3186, 0x2965, 0x3186, 0x2965, 0x2965, 0x2965, 0x2965, 
  0x2965, 0x2965, 0x2965, 0x2965, 0x2965, 0x2945, 0x2926, 0x40e9, 0x68ee, 0x98d4, 0xc8f9, 0xd1ba, 
  0xe29a, 0xc95a, 0xb8b7, 0x88b4, 0x60ce, 0x38c8, 0x28c5, 0x18c3, 0x18c3, 0x18c3, 0x18c2, 0x18c3, 
  0x18c3, 0x18c3, 0x18a2, 0x10a2, 0x10a2, 0x10a2, 0x10a2, 0x10a2, 0x1082, 0x1082, 0x1082, 0x1082, 
  0x1082, 0x1082, 0x1082, 0x1082, 0x1082, 0x1082, 0x1082, 0x1082, 0x1082, 0x1082, 0x1082, 0x1082, 
  0x1062, 0x1062, 0x1061, 0x1061, 0x1061, 0x1061, 0x1061, 0x1061, 0x1061, 0x1061, 0x0861, 0x0861, 
  0x0861, 0x0861, 0x0861, 0x0861, 0x0861, 0x0861, 0x0861, 0x0841, 0x0841, 0x0000, 0x0020, 0x0020, 
  0x0841, 0x0841, 0x0841, 0x0841, 0x0841, 0x0020, 0x0020, 0x0020, 0x0020, 0x0020, 0x0020, 0x0020, 
  0x0020, 0x0020, 0x628d, 0x49ca, 0x49ca, 0x49ca, 0x49a9, 0x49a9, 0x41a9, 0x4189, 0x4168, 0x4168, 
  0x3948, 0x3927, 0x3927, 0x3907, 0x3107, 0x3107, 0x3107, 0x3107, 0x3107, 0x3107, 0x3107, 0x3107, 
  0x3107, 0x3107, 0x3107, 0x3107, 0x3107, 0x3107, 0x30e6, 0x30e6, 0x30e6, 0x3106, 0x3106, 0x3106, 
  0x3106, 0x3106, 0x3107, 0x3107, 0x3107, 0x3107, 0x3107, 0x3107, 0x3907, 0x3907, 0x3907, 0x3907, 
  0x3907, 0x3907, 0x3907, 0x3907, 0x3907, 0x3907, 0x3907, 0x3907, 0x3907, 0x3907, 0x3907, 0x3907, 
  0x3907, 0x3907, 0x3907, 0x3907, 0x3907, 0x3907, 0x3907, 0x3907, 0x3927, 0x3928, 0x3928, 0x3948, 
  0x3948, 0x3948, 0x3948, 0x3948, 0x3948, 0x3948, 0x3948, 0x3948, 0x3948, 0x3948, 0x3948, 0x3948, 
  0x3948, 0x3948, 0x3948, 0x3948, 0x3948, 0x3948, 0x3948, 0x3948, 0x3948, 0x3948, 0x3948, 0x3948, 
  0x3948, 0x3948, 0x3948, 0x3948, 0x3948, 0x4148, 0x4148, 0x4148, 0x4148, 0x4148, 0x3948, 0x3928, 
  0x3927, 0x3907, 0x3107, 0x30e6, 0x28a6, 0x2885, 0x2085, 0x2085, 0x2085, 0x2065, 0x2064, 0x1863, 
  0x1082, 0x1082, 0x1082, 0x1082, 0x1082, 0x1082, 0x1082, 0x1082, 0x18a2, 0x2945, 0x18c3, 0x0841, 
  0x0841, 0x0841, 0x628d, 0x51ca, 0x51ca, 0x49ca, 0x49ca, 0x49ca, 0x49a9, 0x4989, 0x4189, 0x4169, 
  0x4168, 0x4148, 0x3948, 0x3928, 0x3927, 0x3927, 0x3927, 0x3927, 0x3927, 0x3927, 0x3927, 0x3927, 
  0x3927, 0x3927, 0x3927, 0x3927, 0x3927, 0x3927, 0x3927, 0x3927, 0x3927, 0x3927, 0x3927, 0x3927, 
  0x3927, 0x3927, 0x3927, 0x3927, 0x3927, 0x3927, 0x3927, 0x3927, 0x3927, 0x3927, 0x3927, 0x3927, 
  0x3927, 0x3927, 0x3927, 0x3927, 0x3927, 0x3927, 0x3927, 0x3927, 0x3927, 0x3927, 0x3927, 0x3927, 
  0x3927, 0x3927, 0x3927, 0x3907, 0x3107, 0x30e6, 0x30e6, 0x28c6, 0x2885, 0x2065, 0x2064, 0x2044, 
  0x2064, 0x2065, 0x2885, 0x30a7, 0x31a6, 0x3186, 0x3186, 0x3186, 0x3186, 0x3186, 0x3186, 0x3186, 
  0x3186, 0x3186, 0x3186, 0x3186, 0x7b2f, 0x6ace, 0x6aae, 0x6aad, 0x6aad, 0x6aad, 0x628d, 0x628d, 
  0x626c, 0x5a4c, 0x5a4c, 0x5a2b, 0x520b, 0x520b, 0x520a, 0x51ea, 0x51ea, 0x51ea, 0x51ea, 0x49ca, 
  0x49ca, 0x51ca, 0x51ca, 0x51cb, 0x59ac, 0x61ad, 0x71af, 0x81d1, 0x89d2, 0x91d3, 0x91b4, 0x91b5, 
  0x8995, 0x8974, 0x7973, 0x7151, 0x694f, 0x596d, 0x516b, 0x496a, 0x4969, 0x4169, 0x4168, 0x4168, 
  0x4168, 0x4148, 0x4148, 0x4148, 0x4148, 0x4148, 0x4148, 0x4148, 0x3948, 0x3948, 0x3948, 0x3948, 
  0x3948, 0x3948, 0x3948, 0x3948, 0x3927, 0x3927, 0x3907, 0x3107, 0x30e6, 0x28c6, 0x28a5, 0x2085, 
  0x2064, 0x2044, 0x2044, 0x2044, 0x2044, 0x2044, 0x0861, 0x1061, 0x0861, 0x0861, 0x0861, 0x0861, 
  0x0861, 0x0861, 0x0861, 0x0861, 0x0020, 0x0020, 0x0020, 0x0020, 0x0841, 0x0841, 0x0841, 0x0841, 
  0x0841, 0x0841, 0x0020, 0x0020, 0x0020, 0x0020, 0x0020, 0x0020, 0x0020, 0x0020, 0x49a9, 0x1823, 
  0x1823, 0x1823, 0x1823, 0x1823, 0x1823, 0x1823, 0x1823, 0x1823, 0x1823, 0x1823, 0x1823, 0x1823, 
  0x1823, 0x1823, 0x1823, 0x1823, 0x1823, 0x1823, 0x1823, 0x1823, 0x1823, 0x1823, 0x1823, 0x1823, 
  0x1823, 0x1823, 0x1803, 0x1003, 0x1803, 0x1823, 0x1823, 0x1823, 0x1823, 0x1823, 0x1823, 0x1823, 
  0x1823, 0x1823, 0x1823, 0x1823, 0x1823, 0x1824, 0x1824, 0x1824, 0x1824, 0x1824, 0x1824, 0x1824, 
  0x1824, 0x1824, 0x1824, 0x1824, 0x1824, 0x1824, 0x1824, 0x1824, 0x1824, 0x1824, 0x1824, 0x1824, 
  0x1824, 0x1824, 0x1824, 0x1824, 0x1844, 0x2044, 0x2044, 0x2064, 0x2064, 0x2064, 0x2064, 0x2064, 
  0x2064, 0x2064, 0x2064, 0x2064, 0x2064, 0x2064, 0x2064, 0x2064, 0x2064, 0x2064, 0x2064, 0x2064, 
  0x2064, 0x2064, 0x2064, 0x2064, 0x2064, 0x2064, 0x2064, 0x2064, 0x2064, 0x2064, 0x2064, 0x2064, 
  0x2064, 0x2064, 0x2064, 0x2064, 0x2085, 0x2085, 0x2885, 0x2885, 0x2885, 0x2885, 0x2885, 0x2885, 
  0x2885, 0x2885, 0x2885, 0x2885, 0x2085, 0x2085, 0x2085, 0x1883, 0x1082, 0x1082, 0x1082, 0x1082, 
  0x1082, 0x1062, 0x18a3, 0x2945, 0x2104, 0x0841, 0x0841, 0x0841, 0x0841, 0x0841, 0x49ca, 0x1844, 
  0x1844, 0x1844, 0x1844, 0x1844, 0x1844, 0x1844, 0x1844, 0x1844, 0x1844, 0x1844, 0x1844, 0x1844, 
  0x1844, 0x1844, 0x1844, 0x1844, 0x1844, 0x1844, 0x1844, 0x1844, 0x1844, 0x1844, 0x1844, 0x1844, 
  0x1844, 0x1844, 0x1844, 0x1844, 0x1844, 0x1844, 0x1844, 0x1844, 0x1844, 0x1844, 0x1844, 0x1844, 
  0x1844, 0x1844, 0x1844, 0x1844, 0x1844, 0x2044, 0x2044, 0x2044, 0x2044, 0x2044, 0x2044, 0x2044, 
  0x2044, 0x2044, 0x2044, 0x2044, 0x2044, 0x2044, 0x2044, 0x2044, 0x2044, 0x2044, 0x2044, 0x2044, 
  0x2044, 0x2044, 0x2044, 0x2044, 0x2044, 0x2044, 0x2044, 0x2044, 0x2044, 0x2044, 0x2044, 0x2886, 
  0x3186, 0x3186, 0x3186, 0x3186, 0x3186, 0x3186, 0x3186, 0x3186, 0x3186, 0x3186, 0x3186, 0x3186, 
  0x5a2b, 0x3928, 0x3927, 0x3927, 0x3927, 0x3927, 0x3927, 0x3927, 0x3927, 0x3927, 0x3107, 0x3107, 
  0x3107, 0x3107, 0x3107, 0x30e6, 0x30e6, 0x30e6, 0x30e6, 0x30e6, 0x30e6, 0x30e6, 0x30e6, 0x30e6, 
  0x30e6, 0x30c6, 0x30c7, 0x30c7, 0x38c8, 0x40c9, 0x48ab, 0x50ad, 0x58b0, 0x6891, 0x6872, 0x6851, 
  0x604f, 0x506d, 0x486a, 0x3868, 0x3066, 0x2865, 0x2865, 0x2065, 0x2064, 0x2064, 0x2064, 0x2064, 
  0x2064, 0x2064, 0x2064, 0x2064, 0x2064, 0x2064, 0x2064, 0x2064, 0x2064, 0x2064, 0x2064, 0x2044, 
  0x2044, 0x2044, 0x2044, 0x2044, 0x2044, 0x2044, 0x2044, 0x2044, 0x2044, 0x2044, 0x2044, 0x2044, 
  0x2044, 0x2044, 0x1061, 0x0861, 0x1061, 0x0861, 0x0861, 0x0861, 0x0861, 0x0861, 0x0861, 0x0841, 
  0x0000, 0x0020, 0x0020, 0x0020, 0x0841, 0x0841, 0x0841, 0x0841, 0x0841, 0x0841, 0x0020, 0x0020, 
  0x0020, 0x0020, 0x0020, 0x0020, 0x0020, 0x0020, 0x49a9, 0x1823, 0x1823, 0x1823, 0x1823, 0x1823, 
  0x1823, 0x1823, 0x1823, 0x1823, 0x1823, 0x1823, 0x1823, 0x1823, 0x1823, 0x1823, 0x1823, 0x1823, 
  0x1823, 0x1823, 0x1823, 0x1823, 0x1823, 0x1823, 0x1823, 0x1823, 0x1823, 0x1823, 0x1803, 0x1803, 
  0x1823, 0x1823, 0x1823, 0x1823, 0x1823, 0x1823, 0x1823, 0x1823, 0x1823, 0x1823, 0x1823, 0x1823, 
  0x1823, 0x1824, 0x1824, 0x1824, 0x1824, 0x1824, 0x1824, 0x1824, 0x1824, 0x1824, 0x1824, 0x1824, 
  0x1824, 0x1824, 0x1824, 0x1824, 0x1824, 0x1824, 0x1824, 0x1824, 0x1824, 0x1824, 0x1824, 0x1824, 
  0x1844, 0x2044, 0x2044, 0x2064, 0x2064, 0x2064, 0x2064, 0x2064, 0x2064, 0x2064, 0x2064, 0x2064, 
  0x2064, 0x2064, 0x2064, 0x2064, 0x2064, 0x2064, 0x2064, 0x2064, 0x2064, 0x2064, 0x2064, 0x2064, 
  0x2064, 0x2064, 0x2064, 0x2064, 0x2064, 0x2064, 0x2064, 0x2064, 0x2064, 0x2064, 0x2064, 0x2085, 
  0x2085, 0x2085, 0x2885, 0x2885, 0x2885, 0x2885, 0x2085, 0x2885, 0x2885, 0x2885, 0x2885, 0x2885, 
  0x2885, 0x2085, 0x2085, 0x1884, 0x1082, 0x1082, 0x1082, 0x1061, 0x18c3, 0x3186, 0x18e3, 0x0841, 
  0x0841, 0x0841, 0x0841, 0x0841, 0x0841, 0x0841, 0x49ca, 0x1844, 0x1844, 0x1844, 0x1844, 0x1844, 
  0x1844, 0x1844, 0x1844, 0x1844, 0x1844, 0x1844, 0x1844, 0x1844, 0x1844, 0x1844, 0x1844, 0x1844, 
  0x1844, 0x1844, 0x1844, 0x1844, 0x1844, 0x1844, 0x1844, 0x1844, 0x1844, 0x1844, 0x1844, 0x1844, 
  0x1844, 0x1844, 0x1844, 0x1844, 0x1844, 0x1844, 0x1844, 0x1844, 0x1844, 0x1844, 0x1844, 0x1844, 
  0x1844, 0x2044, 0x2044, 0x2044, 0x2044, 0x2044, 0x2044, 0x2044, 0x2044, 0x2044, 0x2044, 0x2044, 
  0x2044, 0x2044, 0x2044, 0x2044, 0x2044, 0x2044, 0x2044, 0x2044, 0x2044, 0x2044, 0x2044, 0x2044, 
  0x2044, 0x2044, 0x2044, 0x2044, 0x2044, 0x2044, 0x2044, 0x2886, 0x3186, 0x3186, 0x3186, 0x3186, 
  0x3186, 0x3186, 0x3186, 0x3186, 0x3186, 0x3186, 0x3186, 0x3186, 0x5a2b, 0x3927, 0x3927, 0x3927, 
  0x3927, 0x3927, 0x3927, 0x3927, 0x3927, 0x3127, 0x3107, 0x3107, 0x3107, 0x3107, 0x30e6, 0x30e6, 
  0x30e6, 0x30e6, 0x30e6, 0x30e6, 0x30e6, 0x30e6, 0x30e6, 0x30e6, 0x30e6, 0x30c6, 0x30c6, 0x30c7, 
  0x30c8, 0x38c9, 0x40aa, 0x48ad, 0x58af, 0x6091, 0x6872, 0x6851, 0x604f, 0x584d, 0x486a, 0x3868, 
  0x3067, 0x2866, 0x2865, 0x2065, 0x2064, 0x2064, 0x2064, 0x2064, 0x2064, 0x2064, 0x2064, 0x2064, 
  0x2064, 0x2064, 0x2064, 0x2064, 0x2064, 0x2064, 0x2064, 0x2044, 0x2044, 0x2044, 0x2044, 0x2044, 
  0x2044, 0x2044, 0x2044, 0x2044, 0x2044, 0x2044, 0x2044, 0x2044, 0x2044, 0x2044, 0x1061, 0x1061, 
  0x1061, 0x0861, 0x0861, 0x0861, 0x0861, 0x0861, 0x0861, 0x0820, 0x0000, 0x0020, 0x0020, 0x0020, 
  0x0841, 0x0841, 0x0841, 0x0841, 0x0841, 0x0841, 0x0020, 0x0020, 0x0020, 0x0020, 0x0020, 0x0020, 
  0x0020, 0x0020, 0x49a9, 0x1823, 0x1823, 0x1823, 0x1823, 0x1823, 0x1823, 0x1823, 0x1823, 0x1823, 
  0x1823, 0x1823, 0x1823, 0x1823, 0x1823, 0x1823, 0x1823, 0x1823, 0x1823, 0x1823, 0x1823, 0x1823, 
  0x1823, 0x1823, 0x1823, 0x1823, 0x1823, 0x1823, 0x1823, 0x1823, 0x1823, 0x1823, 0x1823, 0x1823, 
  0x1823, 0x1823, 0x1823, 0x1823, 0x1823, 0x1823, 0x1823, 0x1823, 0x1823, 0x1824, 0x1824, 0x1824, 
  0x1824, 0x1824, 0x1824, 0x1824, 0x1824, 0x1824, 0x1824, 0x1824, 0x1824, 0x1824, 0x1824, 0x1824, 
  0x1824, 0x1824, 0x1824, 0x1824, 0x1824, 0x1824, 0x1824, 0x1824, 0x1844, 0x2044, 0x2044, 0x2064, 
  0x2064, 0x2064, 0x2064, 0x2064, 0x2064, 0x2064, 0x2064, 0x2064, 0x2064, 0x2064, 0x2064, 0x2064, 
  0x2064, 0x2064, 0x2064, 0x2064, 0x2064, 0x2064, 0x2064, 0x2064, 0x2064, 0x2064, 0x2064, 0x2064, 
  0x2064, 0x2064, 0x2064, 0x2064, 0x2064, 0x2064, 0x2064, 0x2085, 0x2085, 0x2085, 0x2885, 0x2885, 
  0x2885, 0x2885, 0x2885, 0x2085, 0x2885, 0x2885, 0x2885, 0x2885, 0x2885, 0x2085, 0x2085, 0x1884, 
  0x1062, 0x1082, 0x18c3, 0x3165, 0x2124, 0x0841, 0x0841, 0x0841, 0x0841, 0x0841, 0x0841, 0x0841, 
  0x0841, 0x0841, 0x49aa, 0x1844, 0x1844, 0x1844, 0x1844, 0x1844, 0x1844, 0x1844, 0x1844, 0x1844, 
  0x1844, 0x1844, 0x1844, 0x1844, 0x1844, 0x1844, 0x1844, 0x1844, 0x1844, 0x1844, 0x1844, 0x1844, 
  0x1844, 0x1844, 0x1844, 0x1844, 0x1844, 0x1844, 0x1844, 0x1844, 0x1844, 0x1844, 0x1844, 0x1844, 
  0x1844, 0x1844, 0x1844, 0x1844, 0x1844, 0x1844, 0x1844, 0x1844, 0x1844, 0x2044, 0x2044, 0x2044, 
  0x2044, 0x2044, 0x2044, 0x2044, 0x2044, 0x2044, 0x2044, 0x2044, 0x2044, 0x2044, 0x2044, 0x2044, 
  0x2044, 0x2044, 0x2044, 0x2044, 0x2044, 0x2044, 0x2044, 0x2044, 0x2044, 0x2044, 0x2044, 0x2044, 
  0x2044, 0x2044, 0x2044, 0x28a6, 0x3186, 0x3186, 0x3186, 0x3186, 0x3186, 0x3186, 0x3186, 0x3186, 
  0x3186, 0x3186, 0x2965, 0x2965, 0x522b, 0x3927, 0x3927, 0x3927, 0x3927, 0x3927, 0x3927, 0x3927, 
  0x3927, 0x3107, 0x3107, 0x3107, 0x3107, 0x3107, 0x30e6, 0x30e6, 0x30e6, 0x30e6, 0x30e6, 0x30e6, 
  0x30e6, 0x30e6, 0x30e6, 0x30e6, 0x30e6, 0x30c6, 0x30c6, 0x30c7, 0x30c7, 0x38c9, 0x40aa, 0x48ac, 
  0x58ae, 0x6090, 0x6871, 0x6851, 0x6050, 0x584d, 0x486b, 0x3868, 0x3067, 0x2866, 0x2865, 0x2065, 
  0x2064, 0x2064, 0x2064, 0x2064, 0x2064, 0x2064, 0x2064, 0x2064, 0x2064, 0x2064, 0x2064, 0x2064, 
  0x2064, 0x2064, 0x2064, 0x2044, 0x2044, 0x2044, 0x2044, 0x2044, 0x2044, 0x2044, 0x2044, 0x2044, 
  0x2044, 0x2044, 0x2044, 0x2044, 0x2044, 0x2044, 0x0861, 0x1061, 0x0861, 0x1061, 0x0861, 0x0861, 
  0x0861, 0x0861, 0x0861, 0x0000, 0x0000, 0x0020, 0x0020, 0x0020, 0x0841, 0x0841, 0x0841, 0x0841, 
  0x0841, 0x0841, 0x0020, 0x0020, 0x0020, 0x0020, 0x0020, 0x0020, 0x0020, 0x0020, 0x4189, 0x1823, 
  0x1823, 0x1823, 0x1823, 0x1823, 0x1823, 0x1823, 0x1823, 0x1823, 0x1823, 0x1823, 0x1823, 0x1823, 
  0x1823, 0x1823, 0x1823, 0x1823, 0x1823, 0x1823, 0x1823, 0x1823, 0x1823, 0x1823, 0x1823, 0x1823, 
  0x1823, 0x1823, 0x1803, 0x1803, 0x1823, 0x1823, 0x1823, 0x1823, 0x1823, 0x1823, 0x1823, 0x1823, 
  0x1823, 0x1823, 0x1823, 0x1823, 0x1823, 0x1824, 0x1824, 0x1824, 0x1824, 0x1824, 0x1824, 0x1824, 
  0x1824, 0x1824, 0x1824, 0x1824, 0x1824, 0x1824, 0x1824, 0x1824, 0x1824, 0x1824, 0x1824, 0x1824, 
  0x1824, 0x1824, 0x1824, 0x1824, 0x1844, 0x2044, 0x2044, 0x2064, 0x2064, 0x2064, 0x2064, 0x2064, 
  0x2064, 0x2064, 0x2064, 0x2064, 0x2064, 0x2064, 0x2064, 0x2064, 0x2064, 0x2064, 0x2064, 0x2064, 
  0x2064, 0x2064, 0x2064, 0x2064, 0x2064, 0x2064, 0x2064, 0x2064, 0x2064, 0x2064, 0x2064, 0x2064, 
  0x2064, 0x2064, 0x2064, 0x2085, 0x2085, 0x2085, 0x2885, 0x2885, 0x2885, 0x2885, 0x2885, 0x2885, 
  0x2885, 0x2885, 0x2885, 0x2885, 0x2885, 0x2085, 0x2085, 0x1884, 0x18e3, 0x31a6, 0x20e3, 0x0841, 
  0x0841, 0x0821, 0x0841, 0x0841, 0x0841, 0x0841, 0x0841, 0x0841, 0x0841, 0x0841, 0x49aa, 0x1844, 
  0x1844, 0x1844, 0x1844, 0x1844, 0x1844, 0x1844, 0x1844, 0x1844, 0x1844, 0x1844, 0x1844, 0x1844, 
  0x1844, 0x1844, 0x1844, 0x1844, 0x1844, 0x1844, 0x1844, 0x1844, 0x1844, 0x1844, 0x1844, 0x1844, 
  0x1844, 0x1844, 0x1844, 0x1844, 0x1844, 0x1844, 0x1844, 0x1844, 0x1844, 0x1844, 0x1844, 0x1844, 
  0x1844, 0x1844, 0x1844, 0x1844, 0x1844, 0x2044, 0x2044, 0x2044, 0x2044, 0x2044, 0x2044, 0x2044, 
  0x2044, 0x2044, 0x2044, 0x2044, 0x2044, 0x2044, 0x2044, 0x2044, 0x2044, 0x2044, 0x2044, 0x2044, 
  0x2044, 0x2044, 0x2044, 0x2044, 0x2044, 0x2044, 0x2044, 0x2044, 0x2044, 0x2044, 0x2044, 0x28a6, 
  0x2985, 0x3186, 0x3186, 0x3186, 0x3186, 0x3186, 0x3186, 0x3186, 0x3186, 0x3186, 0x2965, 0x2965, 
  0x520b, 0x3927, 0x3927, 0x3927, 0x3927, 0x3927, 0x3927, 0x3927, 0x3127, 0x3107, 0x3107, 0x3107, 
  0x3107, 0x3107, 0x30e6, 0x30e6, 0x30e6, 0x30e6, 0x30e6, 0xbdd8, 0xe71c, 0xe71c, 0xe71c, 0xe71c, 
  0xe71c, 0xe71c, 0xe71c, 0x730f, 0x38c8, 0x38c9, 0x40aa, 0x48ac, 0x58ae, 0x6090, 0x6872, 0x6851, 
  0x6050, 0x584d, 0x486a, 0x3868, 0x3067, 0x2866, 0x2865, 0x2065, 0x2064, 0x2064, 0x2064, 0x2064, 
  0x2064, 0x2064, 0x2064, 0x2064, 0x2064, 0x2064, 0x2064, 0x2064, 0x2064, 0x2064, 0x2064, 0x2044, 
  0x2044, 0x2044, 0x2044, 0x2044, 0x2044, 0x2044, 0x2044, 0x2044, 0x2044, 0x2044, 0x2044, 0x2044, 
  0x2044, 0x2044, 0x0861, 0x0861, 0x1061, 0x0861, 0x0861, 0x0861, 0x0861, 0x0861, 0x0841, 0x0000, 
  0x0000, 0x0020, 0x0020, 0x0020, 0x0861, 0x0841, 0x0841, 0x0841, 0x0841, 0x0841, 0x0020, 0x0020, 
  0x0020, 0x0020, 0x0020, 0x0020, 0x0020, 0x0020, 0x4189, 0x1823, 0x1823, 0x1823, 0x1823, 0x1823, 
  0x1823, 0x1823, 0x1823, 0x1823, 0x1823, 0x1823, 0x1823, 0x1823, 0x1823, 0x1823, 0x1823, 0x1823, 
  0x1823, 0x1823, 0x1823, 0x1823, 0x1823, 0x1823, 0x1823, 0x1823, 0x1823, 0x1823, 0x1803, 0x1803, 
  0x1803, 0x1823, 0x1823, 0x1823, 0x1823, 0x1823, 0x1823, 0x1823, 0x1823, 0x1823, 0x1823, 0x1823, 
  0x1823, 0x1824, 0x1824, 0x1824, 0x1824, 0x1824, 0x1824, 0x1824, 0x1824, 0x1824, 0x1824, 0x1824, 
  0x1824, 0x1824, 0x1824, 0x1824, 0x1824, 0x1824, 0x1824, 0x1824, 0x1824, 0x1824, 0x1824, 0x1824, 
  0x1844, 0x2044, 0x2044, 0x2064, 0x2064, 0x2064, 0x2064, 0x2064, 0x2064, 0x2064, 0x2064, 0x2064, 
  0x2064, 0x2064, 0x2064, 0x2064, 0x2064, 0x2064, 0x2064, 0x2064, 0x2064, 0x2064, 0x2064, 0x2064, 
  0x2064, 0x2064, 0x2064, 0x2064, 0x2064, 0x2064, 0x2064, 0x2064, 0x2064, 0x2064, 0x2064, 0x2085, 
  0x2085, 0x2085, 0x2885, 0x2885, 0x2885, 0x2885, 0x2885, 0x2885, 0x2885, 0x2885, 0x2885, 0x2885, 
  0x2885, 0x2885, 0x2885, 0x28e5, 0x2104, 0x0841, 0x0841, 0x0841, 0x0841, 0x0841, 0x0841, 0x0841, 
  0x0841, 0x0841, 0x0841, 0x0841, 0x0841, 0x0841, 0x49a9, 0x1844, 0x1844, 0x1844, 0x1844, 0x1844, 
  0x1844, 0x1844, 0x1844, 0x1844, 0x1844, 0x1844, 0x1844, 0x1844, 0x1844, 0x1844, 0x1844, 0x1844, 
  0x1844, 0x1844, 0x1844, 0x1844, 0x1844, 0x1844, 0x1844, 0x1844, 0x1844, 0x1844, 0x1844, 0x1844, 
  0x1844, 0x1844, 0x1844, 0x1844, 0x1844, 0x1844, 0x1844, 0x1844, 0x1844, 0x1844, 0x1844, 0x1844, 
  0x1844, 0x2044, 0x2044, 0x2044, 0x2044, 0x2044, 0x2044, 0x2044, 0x2044, 0x2044, 0x2044, 0x2044, 
  0x2044, 0x2044, 0x2044, 0x2044, 0x2044, 0x2044, 0x2044, 0x2044, 0x2044, 0x2044, 0x2044, 0x2044, 
  0x2044, 0x2044, 0x2044, 0x2044, 0x2044, 0x2044, 0x2044, 0x28a6, 0x2965, 0x3186, 0x3186, 0x3186, 
  0x3186, 0x3186, 0x3186, 0x3186, 0x3186, 0x2965, 0x2965, 0x2965, 0x520b, 0x3927, 0x3927, 0x3927, 
  0x3927, 0x3927, 0x3927, 0x3927, 0x3927, 0x3107, 0x3107, 0x3107, 0x3107, 0x3107, 0x30e6, 0x30e6, 
  0x30e6, 0x30e6, 0x30e6, 0x5a4b, 0x62ac, 0x62ac, 0x9473, 0xffff, 0x62ac, 0x62ac, 0x62ad, 0x4148, 
  0x38c8, 0x38c9, 0x48aa, 0x50ac, 0x58af, 0x6091, 0x6872, 0x6851, 0x604f, 0x506d, 0x486a, 0x3868, 
  0x3067, 0x2866, 0x2865, 0x2065, 0x2064, 0x2064, 0x2064, 0x2064, 0x2064, 0x2064, 0x2064, 0x2064, 
  0x2064, 0x2064, 0x2064, 0x2064, 0x2064, 0x2064, 0x2064, 0x2044, 0x2044, 0x2044, 0x2044, 0x2044, 
  0x2044, 0x2044, 0x2044, 0x2044, 0x2044, 0x2044, 0x2044, 0x2044, 0x2044, 0x2064, 0x0841, 0x1061, 
  0x0861, 0x0861, 0x0861, 0x0861, 0x0861, 0x0861, 0x0020, 0x0000, 0x0020, 0x0020, 0x0020, 0x0020, 
  0x0861, 0x0841, 0x0841, 0x0841, 0x0841, 0x0841, 0x0841, 0x0020, 0x0020, 0x0020, 0x0020, 0x0020, 
  0x0020, 0x0020, 0x4168, 0x1823, 0x1823, 0x1823, 0x1823, 0x1823, 0x1823, 0x1823, 0x1823, 0x1823, 
  0x1823, 0x1823, 0x1823, 0x1823, 0x1823, 0x1823, 0x1823, 0x1823, 0x1823, 0x1823, 0x1823, 0x1823, 
  0x1823, 0x1823, 0x1823, 0x1823, 0x1823, 0x1823, 0x1803, 0x1003, 0x1003, 0x1823, 0x1823, 0x1823, 
  0x1823, 0x1823, 0x1823, 0x1823, 0x1823, 0x1823, 0x1823, 0x1823, 0x1823, 0x1824, 0x1824, 0x1824, 
  0x1824, 0x1824, 0x1824, 0x1824, 0x1824, 0x1824, 0x1824, 0x1824, 0x1824, 0x1824, 0x1824, 0x1824, 
  0x1824, 0x1824, 0x1824, 0x1824, 0x1824, 0x1824, 0x1824, 0x1824, 0x1844, 0x2044, 0x2044, 0x2064, 
  0x2064, 0x2064, 0x2064, 0x2064, 0x2064, 0x2064, 0x2064, 0x2064, 0x2064, 0x2064, 0x2064, 0x2064, 
  0x2064, 0x2064, 0x2064, 0x2064, 0x2064, 0x2064, 0x2064, 0x2064, 0x2064, 0x2064, 0x2064, 0x2064, 
  0x2064, 0x2064, 0x2064, 0x2064, 0x2064, 0x2064, 0x2064, 0x2065, 0x2085, 0x2085, 0x2085, 0x2885, 
  0x2885, 0x2885, 0x2885, 0x2885, 0x2885, 0x2885, 0x2885, 0x2885, 0x2885, 0x2085, 0x28a5, 0x20a4, 
  0x0841, 0x0841, 0x0841, 0x0841, 0x0841, 0x0841, 0x0841, 0x0841, 0x0841, 0x0841, 0x0841, 0x0841, 
  0x0841, 0x0841, 0x49a9, 0x1844, 0x1844, 0x1844, 0x1844, 0x1844, 0x1844, 0x1844, 0x1844, 0x1844, 
  0x1844, 0x1844, 0x1844, 0x1844, 0x1844, 0x1844, 0x1844, 0x1844, 0x1844, 0x1844, 0x1844, 0x1844, 
  0x1844, 0x1844, 0x1844, 0x1844, 0x1844, 0x1844, 0x1844, 0x1844, 0x1844, 0x1844, 0x1844, 0x1844, 
  0x1844, 0x1844, 0x1844, 0x1844, 0x1844, 0x1844, 0x1844, 0x1844, 0x1844, 0x2044, 0x2044, 0x2044, 
  0x2044, 0x2044, 0x2044, 0x2044, 0x2044, 0x2044, 0x2044, 0x2044, 0x2044, 0x2044, 0x2044, 0x2044, 
  0x2044, 0x2044, 0x2044, 0x2044, 0x2044, 0x2044, 0x2044, 0x2044, 0x2044, 0x2044, 0x2044, 0x2044, 
  0x2044, 0x2044, 0x2044, 0x30e7, 0x2965, 0x2965, 0x3186, 0x3186, 0x3186, 0x3186, 0x3186, 0x3186, 
  0x3186, 0x3186, 0x2965, 0x2965, 0x520b, 0x3927, 0x3927, 0x3927, 0x3927, 0x3927, 0x3927, 0x3927, 
  0x3927, 0x3107, 0x3107, 0x3107, 0x3107, 0x3107, 0x3106, 0x30e6, 0x30e6, 0x30e6, 0x30e6, 0x30e6, 
  0x30e6, 0x30e6, 0x7b90, 0xffff, 0x30e6, 0x30c6, 0x30c6, 0x30c7, 0x38c8, 0x40c9, 0x6a0f, 0x8292, 
  0x7191, 0x6891, 0x6872, 0x6851, 0x604f, 0x506d, 0x50ec, 0x6a4e, 0x624d, 0x38e7, 0x2865, 0x2065, 
  0x2064, 0x4168, 0x30e6, 0x30e6, 0x5a4b, 0x49c9, 0x2064, 0x2064, 0x3968, 0x5a4b, 0x3968, 0x2064, 
  0x2064, 0x2064, 0x2064, 0x2044, 0x2044, 0x2044, 0x2044, 0x2044, 0x2044, 0x2044, 0x2044, 0x2044, 
  0x2044, 0x2044, 0x2044, 0x2044, 0x2044, 0x28a5, 0x0861, 0x0861, 0x1061, 0x1061, 0x0861, 0x0861, 
  0x0861, 0x0861, 0x0000, 0x0000, 0x0020, 0x0020, 0x0020, 0x0020, 0x0861, 0x0841, 0x0841, 0x0841, 
  0x0841, 0x0841, 0x0841, 0x0020, 0x0020, 0x0020, 0x0020, 0x0020, 0x0020, 0x0020, 0x4168, 0x1823, 
  0x1823, 0x1823, 0x1823, 0x1823, 0x1823, 0x1823, 0x1823, 0x1823, 0x1823, 0x1823, 0x1823, 0x1823, 
  0x1823, 0x1823, 0x1823, 0x1823, 0x1823, 0x1823, 0x1823, 0x1823, 0x1823, 0x1823, 0x1823, 0x1823, 
  0x1823, 0x1823, 0x1803, 0x1003, 0x1003, 0x1823, 0x1823, 0x1823, 0x1823, 0x1823, 0x1823, 0x1823, 
  0x1823, 0x1823, 0x1823, 0x1823, 0x1823, 0x1824, 0x1824, 0x1824, 0x1824, 0x1824, 0x1824, 0x1824, 
  0x1824, 0x1824, 0x1824, 0x1824, 0x1824, 0x1824, 0x1824, 0x1824, 0x1824, 0x1824, 0x1824, 0x1824, 
  0x1824, 0x1824, 0x1824, 0x1824, 0x1844, 0x2044, 0x2044, 0x2064, 0x2064, 0x2064, 0x2064, 0x2064, 
  0x2064, 0x2064, 0x2064, 0x2064, 0x2064, 0x2064, 0x2064, 0x2064, 0x2064, 0x2064, 0x2064, 0x2064, 
  0x2064, 0x2064, 0x2064, 0x2064, 0x2064, 0x2064, 0x2064, 0x2064, 0x2064, 0x2064, 0x2064, 0x2064, 
  0x2064, 0x2064, 0x2064, 0x2065, 0x2085, 0x2085, 0x2085, 0x2885, 0x2885, 0x2885, 0x2885, 0x2885, 
  0x2885, 0x2885, 0x2885, 0x2885, 0x2885, 0x2885, 0x28a6, 0x28e5, 0x0841, 0x0841, 0x0841, 0x0841, 
  0x0841, 0x0841, 0x0841, 0x0841, 0x0841, 0x0841, 0x0841, 0x0841, 0x0841, 0x0841, 0x4989, 0x1844, 
  0x1844, 0x1844, 0x1844, 0x1844, 0x1844, 0x1844, 0x1844, 0xc619, 0xe71c, 0xe71c, 0xe71c, 0xe71c, 
  0xad15, 0x3947, 0x1844, 0x1844, 0x1844, 0x1844, 0x1844, 0x1844, 0x1844, 0x1844, 0x1844, 0x1844, 
  0x1844, 0x1844, 0x1844, 0x1844, 0x1844, 0x1844, 0x1844, 0x1844, 0x1844, 0x1844, 0x1844, 0x1844, 
  0x1844, 0x1844, 0x1844, 0x1844, 0x1844, 0x2044, 0x2044, 0x2044, 0x2044, 0x2044, 0x2044, 0x28c6, 
  0x3947, 0x2044, 0x2044, 0x2044, 0x2044, 0x2044, 0x2044, 0x2044, 0x2044, 0x2044, 0x2044, 0x2044, 
  0x2044, 0x2044, 0x2044, 0x2044, 0x2044, 0x2044, 0x2044, 0x2044, 0x2044, 0x2044, 0x2044, 0x3928, 
  0x2965, 0x2965, 0x3186, 0x3186, 0x3186, 0x3186, 0x3186, 0x3186, 0x3186, 0x3186, 0x2965, 0x2965, 
  0x51ea, 0x3927, 0x3927, 0x3927, 0x3927, 0x3927, 0x3927, 0x3927, 0x3927, 0x3107, 0x3107, 0x3107, 
  0x3107, 0x3107, 0x3106, 0x30e6, 0x30e6, 0x30e6, 0x30e6, 0x30e6, 0x30e6, 0x30e6, 0x7b90, 0xffff, 
  0x30e6, 0x30c6, 0x30c6, 0x30c7, 0x51ab, 0xce3a, 0xf79e, 0xef1d, 0xffff, 0xbcb9, 0x6872, 0x6851, 
  0x604f, 0xac36, 0xffff, 0xe71d, 0xf79e, 0xe71c, 0x51ea, 0x2065, 0x2064, 0xce19, 0xad35, 0xd69a, 
  0xe71c, 0xffff, 0x9432, 0x9432, 0xf79e, 0xf79e, 0xffff, 0x83b0, 0x2064, 0x2064, 0x2064, 0x2044, 
  0x2044, 0x2044, 0x2044, 0x2044, 0x2044, 0x2044, 0x2044, 0x2044, 0x2044, 0x2044, 0x2044, 0x2044, 
  0x2044, 0x30e7, 0x0841, 0x0861, 0x0861, 0x1061, 0x0861, 0x0861, 0x0861, 0x0841, 0x0000, 0x0000, 
  0x0020, 0x0020, 0x0020, 0x0020, 0x0861, 0x0861, 0x0841, 0x0841, 0x0841, 0x0841, 0x0841, 0x0841, 
  0x0020, 0x0020, 0x0020, 0x0020, 0x0020, 0x0020, 0x3948, 0x1823, 0x1823, 0x1823, 0x1823, 0x1823, 
  0x1823, 0x1823, 0x1823, 0x1823, 0x1823, 0x1823, 0x1823, 0x41a9, 0xc618, 0xffff, 0xffff, 0xe6fc, 
  0x9c93, 0x28a5, 0x1823, 0x1823, 0x1823, 0x1823, 0x1823, 0x1823, 0x1823, 0x1823, 0x1803, 0x1003, 
  0x1003, 0x1823, 0x1823, 0x1823, 0x1823, 0x1823, 0x1823, 0x1823, 0x1823, 0x1823, 0x1823, 0x3927, 
  0x1823, 0x1824, 0x1824, 0x1824, 0x1824, 0x1824, 0x1824, 0x1824, 0x1824, 0x1824, 0x1824, 0x1824, 
  0x1824, 0x1824, 0x1824, 0x1824, 0x1824, 0x1824, 0xc619, 0x62ac, 0x1824, 0x1824, 0x1824, 0x1824, 
  0x1844, 0x2044, 0xe71c, 0xbd97, 0x2064, 0x2064, 0x2064, 0x2064, 0x2064, 0x2064, 0x2064, 0xd69a, 
  0xad35, 0x2064, 0x2064, 0x2064, 0x2064, 0x2064, 0x2064, 0x2064, 0x2064, 0x2064, 0x2064, 0x2064, 
  0x2064, 0x2064, 0x2064, 0x2064, 0x2064, 0x5a4b, 0xe71c, 0x2064, 0x2064, 0x2064, 0x2064, 0x2085, 
  0x2085, 0x2085, 0x2085, 0x2885, 0x2885, 0x2885, 0x2885, 0x2885, 0x2885, 0x2885, 0x2885, 0x2885, 
  0x2885, 0x2885, 0x28c6, 0x2906, 0x0841, 0x0841, 0x0841, 0x0841, 0x0841, 0x0841, 0x0841, 0x0841, 
  0x0841, 0x0841, 0x0841, 0x0841, 0x0841, 0x0841, 0x4169, 0x1844, 0x1844, 0x1844, 0x1844, 0x1844, 
  0x1844, 0x1844, 0x1844, 0xe71c, 0xad15, 0x522b, 0x522b, 0x62ad, 0xbd97, 0xe71c, 0x28c5, 0x1844, 
  0x1844, 0x1844, 0x1844, 0x1844, 0x1844, 0x1844, 0x1844, 0x1844, 0x1844, 0x1844, 0x1844, 0x1844, 
  0x1844, 0x1844, 0x1844, 0x1844, 0x1844, 0x1844, 0x1844, 0x1844, 0x1844, 0x1844, 0x1844, 0x1844, 
  0x1844, 0x2044, 0x2044, 0x2044, 0x2044, 0x2044, 0x2044, 0x5a2b, 0xffff, 0x2044, 0x2044, 0x2044, 
  0x2044, 0x2044, 0x2044, 0x2044, 0x2044, 0x2044, 0x2044, 0x2044, 0x2044, 0x2044, 0x2044, 0x2044, 
  0x2044, 0x2044, 0x2044, 0x2044, 0x2044, 0x2044, 0x2044, 0x4168, 0x2965, 0x2965, 0x3186, 0x3186, 
  0x3186, 0x3186, 0x3186, 0x3186, 0x3186, 0x3186, 0x2965, 0x2945, 0x51ea, 0x3927, 0x3927, 0x3127, 
  0x3127, 0x3927, 0x3927, 0x3927, 0x3927, 0x3107, 0x3107, 0x3107, 0x3107, 0x3107, 0x30e6, 0x30e6, 
  0x30e6, 0x30e6, 0x30e6, 0x30e6, 0x30e6, 0x30e6, 0x7b90, 0xffff, 0x30e6, 0x30c6, 0x30c6, 0x30c7, 
  0xb556, 0xc5b8, 0x512b, 0x50ac, 0x7190, 0xf79e, 0xa357, 0x6851, 0x8a54, 0xef1d, 0x7250, 0x3868, 
  0x3067, 0xa4b4, 0xce19, 0x2065, 0x2064, 0xce19, 0xe71c, 0x3968, 0x2064, 0x6acd, 0xffff, 0xad35, 
  0x2064, 0x2064, 0x9cb4, 0xe71c, 0x2064, 0x2064, 0x2064, 0x2044, 0x2044, 0x2044, 0x2044, 0x2044, 
  0x2044, 0x2044, 0x2044, 0x2044, 0x2044, 0x2044, 0x2044, 0x2044, 0x2044, 0x4148, 0x0841, 0x0861, 
  0x1061, 0x0861, 0x0861, 0x0861, 0x0861, 0x0020, 0x0000, 0x0020, 0x0020, 0x0020, 0x0020, 0x0020, 
  0x0861, 0x0861, 0x0841, 0x0841, 0x0841, 0x0841, 0x0841, 0x0020, 0x0020, 0x0020, 0x0020, 0x0020, 
  0x0020, 0x0020, 0x3927, 0x1823, 0x1823, 0x1823, 0x1823, 0x1823, 0x1823, 0x1823, 0x1823, 0x1823, 
  0x1823, 0x1823, 0x41a9, 0xf77e, 0xc618, 0x628c, 0x4188, 0x730e, 0xe71c, 0xd69a, 0x1823, 0x1823, 
  0x1823, 0x1823, 0x1823, 0x1823, 0x1823, 0x1823, 0x1823, 0x1823, 0x1823, 0x1823, 0x1823, 0x1823, 
  0x1823, 0x1823, 0x1823, 0x1823, 0x1823, 0x1823, 0x3927, 0xffff, 0x522a, 0x1824, 0x1824, 0x1824, 
  0x1824, 0x1824, 0x1824, 0x1824, 0x1824, 0x1824, 0x1824, 0x1824, 0x1824, 0x1824, 0x1824, 0x1824, 
  0x1824, 0x1824, 0xe71c, 0x732e, 0x1824, 0x1824, 0x1824, 0x1824, 0x1844, 0x2044, 0xffff, 0xffff, 
  0x5a4b, 0x2064, 0x2064, 0x2064, 0x2064, 0x2064, 0x734f, 0xffff, 0xce19, 0x2064, 0x2064, 0x2064, 
  0x2064, 0x2064, 0x2064, 0x2064, 0x2064, 0x2064, 0x2064, 0x2064, 0x2064, 0x2064, 0x2064, 0x2064, 
  0x2064, 0x5a4b, 0xffff, 0x2064, 0x2064, 0x2064, 0x2065, 0x2085, 0x2085, 0x2085, 0x2885, 0x2885, 
  0x2885, 0x2885, 0x2885, 0x2885, 0x2885, 0x2885, 0x2885, 0x2885, 0x2885, 0x2885, 0x30c6, 0x3126, 
  0x0841, 0x0841, 0x0841, 0x0841, 0x0841, 0x0841, 0x0841, 0x0841, 0x0841, 0x0841, 0x0841, 0x0841, 
  0x0841, 0x0841, 0x4168, 0x1844, 0x1844, 0x1844, 0x1844, 0x1844, 0x1844, 0x1844, 0x1844, 0xe71c, 
  0x8c32, 0x1844, 0x1844, 0x1844, 0x1844, 0xf77e, 0x83b0, 0x1844, 0x1844, 0x1844, 0x28c6, 0x522b, 
  0x522b, 0x1844, 0x1844, 0x1844, 0x1844, 0x3927, 0x28c5, 0x28c5, 0x522b, 0x49a9, 0x1844, 0x1844, 
  0x3947, 0x522b, 0x3947, 0x1844, 0x1844, 0x1844, 0x1844, 0x1844, 0x3947, 0x522b, 0x49c9, 0x2044, 
  0x2044, 0x2044, 0x28c6, 0x62ad, 0xffff, 0x3947, 0x28c6, 0x2044, 0x2044, 0x2044, 0x28c6, 0x524b, 
  0x524b, 0x2044, 0x2044, 0x2044, 0x2044, 0x2044, 0x2044, 0x2044, 0x2044, 0x2044, 0x2044, 0x2044, 
  0x2044, 0x2044, 0x2044, 0x4989, 0x2945, 0x2965, 0x3186, 0x3186, 0x3186, 0x3186, 0x3186, 0x3186, 
  0x3186, 0x3186, 0x2965, 0x2945, 0x51ea, 0x3927, 0x3127, 0x3107, 0x3107, 0x3107, 0x3107, 0x3107, 
  0x3107, 0x3107, 0x3107, 0x3107, 0x3107, 0x3107, 0x30e6, 0x30e6, 0x30e6, 0x30e6, 0x30e6, 0x30e6, 
  0x30e6, 0x30e6, 0x7b90, 0xffff, 0x30e6, 0x30c6, 0x30c6, 0x49ca, 0xffff, 0x51ab, 0x40a9, 0x50ab, 
  0x58ae, 0xb457, 0xde1c, 0x6871, 0x6050, 0x584e, 0x486b, 0x3869, 0x3067, 0x6ace, 0xffff, 0x2065, 
  0x2064, 0xce19, 0x9cb4, 0x2064, 0x2064, 0x2064, 0xffff, 0x5a4b, 0x2064, 0x2064, 0x5a4b, 0xffff, 
  0x2064, 0x2064, 0x2064, 0x2044, 0x2044, 0x2044, 0x2044, 0x2044, 0x2044, 0x2044, 0x2044, 0x2044, 
  0x2044, 0x2044, 0x2044, 0x2044, 0x2044, 0x4989, 0x0861, 0x0861, 0x0861, 0x0861, 0x0861, 0x0861, 
  0x0861, 0x0000, 0x0000, 0x0020, 0x0020, 0x0020, 0x0020, 0x0020, 0x0861, 0x0861, 0x0841, 0x0841, 
  0x0841, 0x0841, 0x0841, 0x0841, 0x0020, 0x0020, 0x0020, 0x0020, 0x0020, 0x0020, 0x3927, 0x1823, 
  0x1823, 0x1823, 0x1823, 0x1823, 0x1823, 0x1823, 0x1823, 0x1823, 0x1823, 0x1823, 0xe71c, 0xad15, 
  0x1823, 0x1823, 0x1823, 0x1823, 0x3127, 0xf77e, 0x6b0e, 0x1823, 0x1823, 0x1823, 0x28a5, 0x520a, 
  0x520a, 0x20a5, 0x1823, 0x1823, 0x1823, 0x20a5, 0x3107, 0x1823, 0x41a8, 0x522a, 0x3127, 0x1823, 
  0x1823, 0x28a5, 0x522a, 0xffff, 0x732e, 0x3927, 0x1824, 0x1824, 0x3927, 0x1824, 0x49a9, 0x522b, 
  0x1824, 0x1824, 0x1824, 0x3927, 0x522b, 0x49a9, 0x1824, 0x1824, 0x1824, 0x1824, 0xe71c, 0x732e, 
  0x1824, 0x1824, 0x1824, 0x1824, 0x1844, 0x2044, 0xffff, 0xf77e, 0x9cb4, 0x2064, 0x2064, 0x2064, 
  0x2064, 0x2064, 0xd69a, 0xffff, 0xce19, 0x2064, 0x2064, 0x2064, 0x2064, 0x3968, 0x5a4b, 0x49c9, 
  0x2064, 0x2064, 0x2064, 0x2064, 0x2064, 0x2064, 0x49c9, 0x5a4b, 0x3968, 0x5a4b, 0xffff, 0x2064, 
  0x2065, 0x2085, 0x2085, 0x3107, 0x5a6c, 0x5a6c, 0x2885, 0x2885, 0x2885, 0x2885, 0x2085, 0x2085, 
  0x2085, 0x2085, 0x2885, 0x2885, 0x2885, 0x2885, 0x30c6, 0x3947, 0x0841, 0x0841, 0x0841, 0x0841, 
  0x0841, 0x0841, 0x0841, 0x0841, 0x0841, 0x0841, 0x0841, 0x0841, 0x0841, 0x0841, 0x4148, 0x1844, 
  0x1844, 0x1844, 0x1844, 0x1844, 0x1844, 0x1844, 0x1844, 0xe71c, 0x8c32, 0x1844, 0x1844, 0x1844, 
  0x1844, 0xc619, 0x8c32, 0x1844, 0x1844, 0x83b0, 0xf77e, 0xe71c, 0xf77e, 0xe71c, 0x3927, 0x1844, 
  0x1844, 0xc619, 0xad15, 0xd69a, 0xe71c, 0xffff, 0x8c12, 0x8c32, 0xf77e, 0xf77e, 0xffff, 0x732e, 
  0x1844, 0x1844, 0x1844, 0xad15, 0xffff, 0xe71c, 0xf77e, 0xe71c, 0x3947, 0x2044, 0x83b0, 0xf77e, 
  0xffff, 0xe71c, 0xbd97, 0x2044, 0x2044, 0x83b0, 0xf79e, 0xe71c, 0xf77e, 0xe71c, 0x49c9, 0x2044, 
  0x2044, 0x2044, 0x2044, 0x2044, 0x2044, 0x2044, 0x2044, 0x2044, 0x2044, 0x2044, 0x2044, 0x49ca, 
  0x2945, 0x2965, 0x3186, 0x3186, 0x3186, 0x3186, 0x3186, 0x3186, 0x3186, 0x2965, 0x2965, 0x2945, 
  0x49ca, 0x3927, 0x3107, 0x3107, 0x3107, 0x3107, 0x3107, 0x3107, 0x3107, 0x3107, 0x3107, 0x3107, 
  0x3107, 0x3106, 0x30e6, 0x30e6, 0x30e6, 0x30e6, 0x30e6, 0x30e6, 0x30e6, 0x30e6, 0x7b90, 0xffff, 
  0x30e6, 0x30c6, 0x30c6, 0x62ad, 0xffff, 0xce3a, 0xd63a, 0xd63a, 0xd63b, 0xef1d, 0xef1e, 0x6871, 
  0x6050, 0x8252, 0xb4b7, 0xc5b8, 0xe71c, 0xffff, 0xffff, 0x2065, 0x2065, 0xce19, 0x9432, 0x2064, 
  0x2064, 0x2064, 0xffff, 0x5a4b, 0x2064, 0x2064, 0x5a4b, 0xffff, 0x2064, 0x2064, 0x2064, 0x2044, 
  0x2044, 0x2044, 0x2044, 0x2044, 0x2044, 0x2044, 0x2044, 0x2044, 0x2044, 0x2044, 0x2044, 0x2044, 
  0x2044, 0x49ca, 0x0841, 0x0861, 0x1061, 0x1061, 0x0861, 0x0861, 0x0020, 0x0000, 0x0000, 0x0020, 
  0x0020, 0x0020, 0x0020, 0x0020, 0x0861, 0x0861, 0x0841, 0x0841, 0x0841, 0x0841, 0x0841, 0x0841, 
  0x0020, 0x0020, 0x0020, 0x0020, 0x0020, 0x0020, 0x3107, 0x1803, 0x1823, 0x1823, 0x1823, 0x1803, 
  0x1003, 0x1003, 0x1803, 0x1823, 0x1823, 0x522a, 0xffff, 0x3127, 0x1823, 0x1823, 0x1823, 0x1823, 
  0x1823, 0x628c, 0x628c, 0x1823, 0x1823, 0x730e, 0xf77e, 0xe71c, 0xf77e, 0xe6fc, 0x628c, 0x1823, 
  0x1823, 0x6b0e, 0xe6fc, 0x9c93, 0xe71c, 0xf77e, 0xffff, 0x730e, 0x1823, 0x41a9, 0xe71c, 0xffff, 
  0xe71c, 0xe71c, 0x1824, 0x3927, 0xffff, 0x8c12, 0xf77e, 0xd69a, 0x1824, 0x28a5, 0xc619, 0xf77e, 
  0xe71c, 0xffff, 0xad15, 0x28a5, 0x1824, 0x1824, 0xe71c, 0x732e, 0x1824, 0x1824, 0x1824, 0x1824, 
  0x1844, 0x2044, 0xffff, 0x9432, 0xf79e, 0x30e6, 0x2064, 0x2064, 0x2064, 0x5a4b, 0xffff, 0xad35, 
  0xce19, 0x2064, 0x2064, 0x2064, 0xbdb7, 0xffff, 0xe71c, 0xffff, 0xbdb7, 0x30e6, 0x2064, 0x2064, 
  0x3968, 0xce19, 0xf79e, 0xe71c, 0xf79e, 0x83d0, 0xffff, 0x2065, 0x2085, 0x2085, 0x83d1, 0xf79e, 
  0xe71c, 0xf79e, 0xe71c, 0x4188, 0x2085, 0x2085, 0x2085, 0x2085, 0x2085, 0x2085, 0x2085, 0x2085, 
  0x2085, 0x2085, 0x30c6, 0x3967, 0x0841, 0x0841, 0x0841, 0x0841, 0x0841, 0x0841, 0x0841, 0x0841, 
  0x0841, 0x0841, 0x0841, 0x0841, 0x0841, 0x0841, 0x3948, 0x1844, 0x1844, 0x1844, 0x1844, 0x1844, 
  0x1844, 0x1844, 0x1844, 0xe71c, 0x8c32, 0x1844, 0x1844, 0x1844, 0x28c6, 0xe71c, 0x732e, 0x1844, 
  0x732e, 0xf77e, 0x522b, 0x1844, 0x1844, 0x9c93, 0xd69a, 0x1844, 0x1844, 0xc619, 0xe71c, 0x3927, 
  0x1844, 0x732e, 0xffff, 0xad15, 0x1844, 0x1844, 0x9c93, 0xe71c, 0x1844, 0x1844, 0x8c32, 0xe71c, 
  0x3947, 0x2044, 0x3947, 0xd69a, 0xc619, 0x2044, 0x2044, 0x5a2b, 0xffff, 0x2044, 0x2044, 0x2044, 
  0x3947, 0xffff, 0x524b, 0x2044, 0x2044, 0x9cb3, 0xe71c, 0x28c6, 0x2044, 0x2044, 0x2044, 0x2044, 
  0x2044, 0x2044, 0x2044, 0x2044, 0x2044, 0x2044, 0x2044, 0x51eb, 0x2945, 0x2945, 0x3186, 0x3186, 
  0x3186, 0x3186, 0x3186, 0x3186, 0x3186, 0x2965, 0x2965, 0x2945, 0x49ca, 0x3927, 0x3107, 0x3107, 
  0x3107, 0x3107, 0x3107, 0x3107, 0x3107, 0x3107, 0x3107, 0x3107, 0x3107, 0x30e6, 0x30e6, 0x30e6, 
  0x30e6, 0x30e6, 0x30e6, 0x30e6, 0x30e6, 0x30e6, 0x7b90, 0xffff, 0x30e6, 0x30c6, 0x30c6, 0x62ad, 
  0xffff, 0x8370, 0x8371, 0x8b71, 0x8b73, 0x9374, 0x92d4, 0x6070, 0x92d5, 0xffff, 0xbd18, 0x8b32, 
  0x59cc, 0x72ce, 0xffff, 0x2065, 0x2065, 0xce19, 0x9432, 0x2064, 0x2064, 0x2064, 0xffff, 0x5a4b, 
  0x2064, 0x2064, 0x5a4b, 0xffff, 0x2064, 0x2064, 0x2044, 0x2044, 0x2044, 0x2044, 0x2044, 0x2044, 
  0x2044, 0x2044, 0x2044, 0x2044, 0x2044, 0x2044, 0x2044, 0x2044, 0x2044, 0x51eb, 0x0841, 0x0861, 
  0x1061, 0x1061, 0x0861, 0x0861, 0x0000, 0x0000, 0x0020, 0x0020, 0x0020, 0x0020, 0x0020, 0x0020, 
  0x0861, 0x0861, 0x0841, 0x0841, 0x0841, 0x0841, 0x0841, 0x0841, 0x0020, 0x0020, 0x0020, 0x0020, 
  0x0020, 0x0020, 0x3107, 0x1003, 0x1003, 0x1003, 0x1003, 0x1003, 0x1003, 0x1003, 0x1003, 0x1003, 
  0x1823, 0x7b8f, 0xd69a, 0x1823, 0x1823, 0x1823, 0x1823, 0x1823, 0x1823, 0x1823, 0x1823, 0x1823, 
  0x3127, 0xffff, 0x7b8f, 0x1823, 0x1823, 0x8c11, 0xf77e, 0x3107, 0x1823, 0x6b0e, 0xffff, 0x8c11, 
  0x1823, 0x1823, 0x9c93, 0xf77e, 0x1823, 0x1823, 0x3927, 0xffff, 0x522a, 0x1824, 0x1824, 0x3927, 
  0xffff, 0xad15, 0x28a5, 0x1824, 0x1824, 0xad15, 0xe71c, 0x28a5, 0x1824, 0x3927, 0xe71c, 0x9c93, 
  0x1824, 0x1824, 0xe71c, 0x732e, 0x1824, 0x1824, 0x1824, 0x1824, 0x1844, 0x2044, 0xffff, 0x5a4b, 
  0xd69a, 0x9432, 0x2064, 0x2064, 0x2064, 0xad35, 0xad35, 0x9432, 0xce19, 0x2064, 0x2064, 0x9cb4, 
  0xe71c, 0x3968, 0x2064, 0x3968, 0xd69a, 0xce19, 0x2064, 0x2064, 0xad35, 0xe71c, 0x30e6, 0x2064, 
  0x3968, 0xd69a, 0xffff, 0x2085, 0x2085, 0x7b4f, 0xf79e, 0x5a6c, 0x2885, 0x2885, 0xa4b4, 0xe71c, 
  0x2065, 0x2064, 0x2064, 0x2064, 0x2064, 0x2064, 0x2064, 0x2064, 0x2064, 0x2064, 0x28c6, 0x4188, 
  0x0841, 0x0841, 0x0841, 0x0841, 0x0841, 0x0841, 0x0841, 0x0841, 0x0821, 0x0841, 0x0841, 0x0841, 
  0x0841, 0x0841, 0x3928, 0x1844, 0x1844, 0x1844, 0x1844, 0x1844, 0x1844, 0x1844, 0x1844, 0xe71c, 
  0xc619, 0x8c32, 0x8c32, 0x8c32, 0xe71c, 0xe71c, 0x3927, 0x1844, 0xbd97, 0xad15, 0x1844, 0x1844, 
  0x1844, 0x28c6, 0xffff, 0x49a9, 0x1844, 0xc619, 0x8c12, 0x1844, 0x1844, 0x1844, 0xffff, 0x522b, 
  0x1844, 0x1844, 0x62ad, 0xffff, 0x1844, 0x1844, 0xe71c, 0x732e, 0x1844, 0x2044, 0x2044, 0x5a2b, 
  0xffff, 0x3947, 0x2044, 0x5a2b, 0xffff, 0x2044, 0x2044, 0x2044, 0xad35, 0xad15, 0x2044, 0x2044, 
  0x2044, 0x28c6, 0xf79e, 0x524b, 0x2044, 0x2044, 0x2044, 0x2044, 0x2044, 0x2044, 0x2044, 0x2044, 
  0x2044, 0x2044, 0x2044, 0x5a0b, 0x2945, 0x2945, 0x2965, 0x3186, 0x3186, 0x3186, 0x3186, 0x3186, 
  0x3186, 0x2965, 0x2965, 0x2945, 0x49a9, 0x3127, 0x3107, 0x3107, 0x3107, 0x3107, 0x3107, 0x3107, 
  0x3107, 0x3107, 0x3107, 0x3107, 0x30e6, 0x30e6, 0x30e6, 0x30e6, 0x30e6, 0x30e6, 0x30e6, 0x30e6, 
  0x30e6, 0x30e6, 0x7b90, 0xffff, 0x30c6, 0x30c6, 0x30c6, 0x3948, 0xffff, 0x5a2b, 0x38c7, 0x38a8, 
  0x40aa, 0x618e, 0x588e, 0x606f, 0xbcb9, 0xcd9a, 0x504d, 0x404a, 0x3868, 0x7b50, 0xffff, 0x2065, 
  0x2065, 0xce19, 0x9432, 0x2064, 0x2064, 0x2064, 0xffff, 0x5a4b, 0x2064, 0x2064, 0x5a4b, 0xffff, 
  0x2064, 0x2064, 0x2044, 0x2044, 0x2044, 0x2044, 0x2044, 0x2044, 0x2044, 0x2044, 0x2044, 0x2044, 
  0x2044, 0x2044, 0x2044, 0x2044, 0x2044, 0x5a0b, 0x0841, 0x0861, 0x0861, 0x0861, 0x0861, 0x0841, 
  0x0000, 0x0000, 0x0020, 0x0020, 0x0020, 0x0020, 0x0020, 0x0020, 0x0861, 0x0861, 0x0841, 0x0841, 
  0x0841, 0x0841, 0x0841, 0x0841, 0x0020, 0x0020, 0x0020, 0x0020, 0x0020, 0x0020, 0x30e6, 0x1003, 
  0x1003, 0x1003, 0x1003, 0x1003, 0x1003, 0x1003, 0x1003, 0x1003, 0x1003, 0x8c11, 0xc618, 0x1823, 
  0x1823, 0x1823, 0x1823, 0x1823, 0x1823, 0x1823, 0x1823, 0x1823, 0x9c93, 0xc618, 0x1823, 0x1823, 
  0x1823, 0x1823, 0xc618, 0x8c11, 0x1823, 0x6b0e, 0xf77e, 0x1823, 0x1823, 0x1823, 0x41a9, 0xffff, 
  0x3927, 0x1823, 0x3927, 0xffff, 0x522a, 0x1824, 0x1824, 0x3927, 0xffff, 0x49a9, 0x1824, 0x1824, 
  0x28a5, 0xffff, 0x522b, 0x1824, 0x1824, 0x1824, 0x522b, 0xf77e, 0x28a5, 0x1824, 0xe71c, 0x732e, 
  0x1824, 0x1824, 0x1824, 0x1824, 0x1844, 0x2044, 0xffff, 0x5a4b, 0x9432, 0xd69a, 0x2064, 0x2064, 
  0x3968, 0xffff, 0x5a4b, 0x9432, 0xce19, 0x2064, 0x2064, 0xf79e, 0x734f, 0x2064, 0x2064, 0x2064, 
  0x5a4b, 0xffff, 0x30e6, 0x30e6, 0xffff, 0x5a4b, 0x2064, 0x2064, 0x2065, 0x83d0, 0xffff, 0x2085, 
  0x2885, 0xbdb7, 0xad35, 0x2885, 0x2085, 0x2085, 0x30e6, 0xffff, 0x49c9, 0x2044, 0x2044, 0x2044, 
  0x2044, 0x2044, 0x2044, 0x2044, 0x2044, 0x2044, 0x28c6, 0x4188, 0x0841, 0x0841, 0x0841, 0x0841, 
  0x0841, 0x0841, 0x0841, 0x0841, 0x0841, 0x0841, 0x0841, 0x0841, 0x0841, 0x0841, 0x3927, 0x1844, 
  0x1844, 0x1844, 0x1844, 0x1844, 0x1844, 0x1844, 0x1844, 0xe71c, 0xe71c, 0xc619, 0xc619, 0xf77e, 
  0xc619, 0x28c6, 0x1844, 0x1844, 0xe71c, 0xd69a, 0xc618, 0xc618, 0xc618, 0xc618, 0xffff, 0x62ac, 
  0x1844, 0xc619, 0x8c12, 0x1844, 0x1844, 0x1844, 0xffff, 0x522b, 0x1844, 0x1844, 0x522b, 0xffff, 
  0x1844, 0x3947, 0xffff, 0x49c9, 0x1844, 0x2044, 0x2044, 0x2044, 0xffff, 0x522b, 0x2044, 0x5a2b, 
  0xffff, 0x2044, 0x2044, 0x2044, 0xc619, 0xe71c, 0xc619, 0xc619, 0xc619, 0xc619, 0xffff, 0x732e, 
  0x2044, 0x2044, 0x2044, 0x2044, 0x2044, 0x2044, 0x2044, 0x2044, 0x2044, 0x2044, 0x2044, 0x5a2b, 
  0x2124, 0x2945, 0x2945, 0x3186, 0x3186, 0x3186, 0x3186, 0x2965, 0x3186, 0x2965, 0x2965, 0x2945, 
  0x49a9, 0x3107, 0x3107, 0x3107, 0x3107, 0x3107, 0x3107, 0x3107, 0x3107, 0x3107, 0x3107, 0x30e6, 
  0x30e6, 0x30e6, 0x30e6, 0x30e6, 0x30e6, 0x30e6, 0x30e6, 0x30e6, 0x30e6, 0x30e6, 0x7b90, 0xffff, 
  0x30c6, 0x30c6, 0x30c6, 0x30c6, 0xbdd7, 0xdebb, 0x49aa, 0x38c7, 0x620d, 0xef1d, 0xb4b7, 0x586e, 
  0xa3b6, 0xf79e, 0x6950, 0x484b, 0x61cd, 0xe71c, 0xffff, 0x2865, 0x2065, 0xce19, 0x9432, 0x2064, 
  0x2064, 0x2064, 0xffff, 0x5a4b, 0x2064, 0x2064, 0x5a4b, 0xffff, 0x2064, 0x2044, 0x2044, 0x2044, 
  0x2044, 0x2044, 0x2044, 0x2044, 0x2044, 0x2044, 0x2044, 0x2044, 0x2044, 0x2044, 0x2044, 0x2044, 
  0x2044, 0x5a2c, 0x0841, 0x0861, 0x1061, 0x0861, 0x0861, 0x0020, 0x0000, 0x0000, 0x0020, 0x0020, 
  0x0020, 0x0020, 0x0020, 0x0020, 0x0861, 0x0861, 0x0861, 0x0841, 0x0841, 0x0841, 0x0841, 0x0841, 
  0x0020, 0x0020, 0x0020, 0x0020, 0x0020, 0x0020, 0x30e6, 0x1003, 0x1003, 0x1003, 0x1003, 0x1003, 
  0x1003, 0x1003, 0x1003, 0x1003, 0x1003, 0x7b8f, 0xe6fc, 0x1823, 0x1823, 0x1823, 0x1823, 0x1823, 
  0x1823, 0x1823, 0x1823, 0x1823, 0xc618, 0x9c93, 0x1823, 0x1823, 0x1823, 0x1823, 0xad15, 0xad15, 
  0x1823, 0x6b0e, 0xe71c, 0x1823, 0x1823, 0x1823, 0x3927, 0xffff, 0x3927, 0x1824, 0x3927, 0xffff, 
  0x522b, 0x1824, 0x1824, 0x3927, 0xffff, 0x3927, 0x1824, 0x1824, 0x522b, 0xffff, 0x28a5, 0x1824, 
  0x1824, 0x1824, 0x3927, 0xffff, 0x3927, 0x1824, 0xe71c, 0x732e, 0x1824, 0x1824, 0x1824, 0x1824, 
  0x1844, 0x2044, 0xffff, 0x5a4b, 0x30e6, 0xf79e, 0x5a4b, 0x2064, 0x734f, 0xe71c, 0x2064, 0x9432, 
  0xce19, 0x2064, 0x3968, 0xffff, 0x49c9, 0x2064, 0x2064, 0x2064, 0x2064, 0xffff, 0x5a4b, 0x49ca, 
  0xffff, 0x30e6, 0x2065, 0x2085, 0x2085, 0x5a6c, 0xffff, 0x2885, 0x2885, 0xe71c, 0xd69b, 0xce39, 
  0xce39, 0xce19, 0xce19, 0xffff, 0x732e, 0x1844, 0x1824, 0x1824, 0x1824, 0x1824, 0x1824, 0x1824, 
  0x1824, 0x1824, 0x28a5, 0x41a8, 0x0820, 0x0841, 0x0841, 0x0841, 0x0841, 0x0841, 0x0841, 0x0841, 
  0x0841, 0x0841, 0x0841, 0x0841, 0x0841, 0x0841, 0x3927, 0x1844, 0x1844, 0x1844, 0x1844, 0x1844, 
  0x1844, 0x1844, 0x1844, 0xe71c, 0x8c32, 0x1844, 0x1844, 0x8c32, 0xf77e, 0x28c6, 0x1844, 0x1844, 
  0xe71c, 0xad15, 0x732e, 0x732e, 0x732e, 0x732e, 0x732e, 0x3927, 0x1844, 0xc619, 0x8c12, 0x1844, 
  0x1844, 0x1844, 0xffff, 0x522b, 0x1844, 0x1844, 0x522b, 0xffff, 0x1844, 0x3947, 0xffff, 0x3947, 
  0x1844, 0x2044, 0x2044, 0x2044, 0xffff, 0x522b, 0x2044, 0x5a2b, 0xffff, 0x2044, 0x2044, 0x2044, 
  0xc619, 0xbd97, 0x732e, 0x732e, 0x732e, 0x732e, 0x732e, 0x3947, 0x2044, 0x2044, 0x2044, 0x2044, 
  0x2044, 0x2044, 0x2044, 0x2044, 0x2044, 0x2044, 0x2044, 0x5a2c, 0x2945, 0x2945, 0x2945, 0x2965, 
  0x3186, 0x3186, 0x2965, 0x2965, 0x3186, 0x2965, 0x2965, 0x2945, 0x49a9, 0x3107, 0x3107, 0x3107, 
  0x3107, 0x3107, 0x3107, 0x3107, 0x3107, 0x3107, 0x30e6, 0x30e6, 0x30e6, 0x30e6, 0x30e6, 0x30e6, 
  0x30e6, 0x30e6, 0x30e6, 0x30e6, 0x30e6, 0x30e6, 0x7b90, 0xffff, 0x30c6, 0x28c6, 0x28c6, 0x28c6, 
  0x3948, 0xb556, 0xffff, 0xffff, 0xffff, 0xc5b8, 0x510c, 0x508c, 0x60ef, 0xcd9a, 0xffff, 0xffff, 
  0xf77e, 0x93b2, 0xffff, 0x2865, 0x2065, 0xce19, 0x9432, 0x2064, 0x2064, 0x2064, 0xffff, 0x5a4b, 
  0x2064, 0x2064, 0x5a4b, 0xffff, 0x2044, 0x2044, 0x2044, 0x2044, 0x2044, 0x2044, 0x2044, 0x2044, 
  0x2044, 0x2044, 0x2044, 0x2044, 0x2044, 0x2044, 0x2044, 0x2044, 0x2044, 0x5a4c, 0x0841, 0x0861, 
  0x1061, 0x1061, 0x0861, 0x0000, 0x0000, 0x0000, 0x0020, 0x0020, 0x0020, 0x0020, 0x0020, 0x0020, 
  0x0861, 0x0861, 0x0861, 0x0841, 0x0841, 0x0841, 0x0841, 0x0841, 0x0841, 0x0020, 0x0020, 0x0020, 
  0x0020, 0x0020, 0x30e6, 0x1003, 0x1003, 0x1003, 0x1003, 0x1003, 0x1003, 0x1003, 0x1003, 0x1003, 
  0x1003, 0x520a, 0xffff, 0x2085, 0x1803, 0x1823, 0x1823, 0x1823, 0x1823, 0x628c, 0x520a, 0x1823, 
  0xb597, 0x9c93, 0x1823, 0x1823, 0x1823, 0x1823, 0xad15, 0xb597, 0x1823, 0x6b0e, 0xe71c, 0x1823, 
  0x1823, 0x1823, 0x3927, 0xffff, 0x3927, 0x1824, 0x3927, 0xffff, 0x522b, 0x1824, 0x1824, 0x3927, 
  0xffff, 0x3927, 0x1824, 0x1824, 0x49a9, 0xffff, 0x28a5, 0x1824, 0x1824, 0x1824, 0x3927, 0xffff, 
  0x49a9, 0x1824, 0xe71c, 0x732e, 0x1824, 0x1824, 0x1824, 0x1824, 0x1844, 0x2044, 0xffff, 0x5a4b, 
  0x2064, 0x9cb4, 0xce19, 0x2064, 0xe71c, 0x734f, 0x2064, 0x9432, 0xce19, 0x2064, 0x3968, 0xffff, 
  0x3968, 0x2064, 0x2064, 0x2064, 0x2064, 0xffff, 0x5a4b, 0x3968, 0xffff, 0x4168, 0x2085, 0x2085, 
  0x2885, 0x5a6c, 0xffff, 0x2885, 0x2085, 0xe71c, 0xad35, 0x734e, 0x732e, 0x732e, 0x732e, 0x732e, 
  0x3927, 0x1824, 0x1823, 0x1823, 0x1823, 0x1823, 0x1823, 0x1823, 0x1823, 0x1823, 0x28a5, 0x41a8, 
  0x0820, 0x0841, 0x0841, 0x0841, 0x0841, 0x0841, 0x0841, 0x0841, 0x0841, 0x0841, 0x0841, 0x0841, 
  0x0841, 0x0841, 0x3927, 0x1844, 0x1844, 0x1844, 0x1844, 0x1844, 0x1844, 0x1844, 0x1844, 0xe71c, 
  0x8c32, 0x1844, 0x1844, 0x28c6, 0xe71c, 0xad15, 0x1844, 0x1844, 0xbd97, 0x9c93, 0x1844, 0x1844, 
  0x1844, 0x1844, 0x3927, 0x1844, 0x1844, 0xc619, 0x8c12, 0x1844, 0x1844, 0x1844, 0xffff, 0x522b, 
  0x1844, 0x1844, 0x522b, 0xffff, 0x1844, 0x1844, 0xf77e, 0x83b0, 0x1844, 0x2044, 0x2044, 0x5a2b, 
  0xffff, 0x3947, 0x2044, 0x5a2b, 0xffff, 0x2044, 0x2044, 0x2044, 0x9cb3, 0xc619, 0x2044, 0x2044, 
  0x2044, 0x2044, 0x3947, 0x2044, 0x2044, 0x2044, 0x2044, 0x2044, 0x2044, 0x2044, 0x2044, 0x2044, 
  0x2044, 0x2044, 0x2044, 0x5a2c, 0x2124, 0x2945, 0x2945, 0x2945, 0x2965, 0x2965, 0x2965, 0x2965, 
  0x2965, 0x2965, 0x2965, 0x2945, 0x4189, 0x3107, 0x30e6, 0x30e6, 0x30e6, 0x30e6, 0x3106, 0x3106, 
  0x30e6, 0x30e6, 0x30e6, 0x30e6, 0x30e6, 0x30e6, 0x30e6, 0x30e6, 0x30e6, 0x30e6, 0x30e6, 0x30e6, 
  0x30e6, 0x30c6, 0x30c6, 0x30c6, 0x28c6, 0x28c6, 0x28c6, 0x28c6, 0x28c6, 0x28c6, 0x3928, 0x49a9, 
  0x4128, 0x38a8, 0x40a9, 0x488b, 0x506d, 0x586e, 0x60cf, 0x614f, 0x50cc, 0x3849, 0x3067, 0x2866, 
  0x2865, 0x2065, 0x2064, 0x2064, 0x2064, 0x2064, 0x2064, 0x2064, 0x2064, 0x2064, 0x2064, 0x2044, 
  0x2044, 0x2044, 0x2044, 0x2044, 0x2044, 0x2044, 0x2044, 0x2044, 0x2044, 0x2044, 0x2044, 0x2044, 
  0x2044, 0x2044, 0x2044, 0x2044, 0x2044, 0x624c, 0x0861, 0x0861, 0x1061, 0x1061, 0x0841, 0x0000, 
  0x0000, 0x0020, 0x0020, 0x0020, 0x0020, 0x0020, 0x0020, 0x0020, 0x0861, 0x0861, 0x0861, 0x0841, 
  0x0841, 0x0841, 0x0841, 0x0841, 0x0841, 0x0020, 0x0020, 0x0020, 0x0020, 0x0020, 0x30e6, 0x1003, 
  0x1003, 0x1003, 0x1003, 0x1003, 0x1003, 0x1003, 0x1003, 0x1003, 0x1003, 0x1003, 0xe71c, 0x9c93, 
  0x1803, 0x1803, 0x1803, 0x1823, 0x3107, 0xe71c, 0x6b0e, 0x1823, 0x8c11, 0xc618, 0x1823, 0x1823, 
  0x1823, 0x1823, 0xe71c, 0x7b90, 0x1823, 0x730e, 0xe71c, 0x1823, 0x1823, 0x1823, 0x3927, 0xffff, 
  0x3927, 0x1824, 0x3927, 0xffff, 0x522b, 0x1824, 0x1824, 0x3927, 0xffff, 0x3927, 0x1824, 0x1824, 
  0x28a5, 0xf77e, 0x522b, 0x1824, 0x1824, 0x1824, 0x732e, 0xf77e, 0x1824, 0x1824, 0xe71c, 0x732e, 
  0x1824, 0x1824, 0x1824, 0x1824, 0x1844, 0x2044, 0xffff, 0x5a4b, 0x2064, 0x5a4b, 0xffff, 0x6acd, 
  0xffff, 0x3968, 0x2064, 0x9432, 0xce19, 0x2064, 0x2064, 0xf79e, 0x83b0, 0x2064, 0x2064, 0x2064, 
  0x5a4b, 0xffff, 0x30e6, 0x30e6, 0xf79e, 0x6acd, 0x2085, 0x2885, 0x2885, 0x83d1, 0xffff, 0x2085, 
  0x2064, 0xbdb7, 0x9cb3, 0x1844, 0x1844, 0x1844, 0x1824, 0x3927, 0x1823, 0x1823, 0x1823, 0x1823, 
  0x1823, 0x1823, 0x1823, 0x1823, 0x1823, 0x1823, 0x28a5, 0x41a8, 0x0821, 0x0841, 0x0841, 0x0841, 
  0x0841, 0x0841, 0x0841, 0x0841, 0x0841, 0x0841, 0x0841, 0x0841, 0x0841, 0x0841, 0x3907, 0x1844, 
  0x1844, 0x1844, 0x1844, 0x1844, 0x1844, 0x1844, 0x1844, 0xe71c, 0x8c32, 0x1844, 0x1844, 0x1844, 
  0x732e, 0xffff, 0x49a9, 0x1844, 0x522b, 0xffff, 0x83b0, 0x1844, 0x28c5, 0x9c93, 0xe71c, 0x28c5, 
  0x1844, 0xc619, 0x8c12, 0x1844, 0x1844, 0x1844, 0xffff, 0x522b, 0x1844, 0x1844, 0x522b, 0xffff, 
  0x1844, 0x1844, 0x83b0, 0xf77e, 0x49c9, 0x1844, 0x3947, 0xe71c, 0xad15, 0x2044, 0x2044, 0x49c9, 
  0xffff, 0x732e, 0x28c6, 0x2044, 0x49c9, 0xffff, 0x83b0, 0x2044, 0x28c6, 0x9432, 0xffff, 0x28c6, 
  0x2044, 0x2044, 0x2044, 0x2044, 0x2044, 0x2044, 0x2044, 0x2044, 0x2044, 0x2044, 0x2044, 0x5a4c, 
  0x2124, 0x2945, 0x2945, 0x2945, 0x2945, 0x2965, 0x2965, 0x2965, 0x2965, 0x2965, 0x2965, 0x2945, 
  0x4189, 0x3107, 0x30e6, 0x30e6, 0x30e6, 0x30e6, 0x30e6, 0x30e6, 0x30e6, 0x30e6, 0x30e6, 0x30e6, 
  0x30e6, 0x30e6, 0x30e6, 0x30e6, 0x30e6, 0x30e6, 0x30e6, 0x30e6, 0x30c6, 0x30c6, 0x30c6, 0x28c6, 
  0x28c6, 0x28c6, 0x28c6, 0x28c6, 0x28c6, 0x28c6, 0x28c6, 0x30c6, 0x30c6, 0x30a7, 0x38a8, 0x40a9, 
  0x488b, 0x506d, 0x504e, 0x504d, 0x484c, 0x404a, 0x3048, 0x2866, 0x2865, 0x2065, 0x2064, 0x2064, 
  0x2064, 0x2064, 0x2064, 0x2064, 0x2064, 0x2064, 0x2044, 0x2044, 0x2044, 0x2044, 0x2044, 0x2044, 
  0x2044, 0x2044, 0x2044, 0x2044, 0x2044, 0x2044, 0x2044, 0x2044, 0x2044, 0x2044, 0x2044, 0x2044, 
  0x2044, 0x624c, 0x0841, 0x0861, 0x1061, 0x0861, 0x0020, 0x0000, 0x0000, 0x0020, 0x0020, 0x0020, 
  0x0020, 0x0020, 0x0020, 0x0020, 0x0861, 0x0861, 0x0861, 0x0861, 0x0841, 0x0841, 0x0841, 0x0841, 
  0x0841, 0x0020, 0x0020, 0x0020, 0x0020, 0x0020, 0x30e6, 0x1003, 0x1003, 0x1003, 0x1003, 0x1003, 
  0x1003, 0x1003, 0x1003, 0x1003, 0x1003, 0x1003, 0x520a, 0xffff, 0xad15, 0x4188, 0x3107, 0x520a, 
  0xe71c, 0xe6fc, 0x1823, 0x1823, 0x28a5, 0xf77e, 0x8c11, 0x1823, 0x20a5, 0x9c93, 0xe6fc, 0x3107, 
  0x1823, 0x730e, 0xe71c, 0x1823, 0x1823, 0x1823, 0x3927, 0xffff, 0x3927, 0x1824, 0x1824, 0xf77e, 
  0x9c93, 0x3927, 0x1824, 0x3927, 0xffff, 0x3927, 0x1824, 0x1824, 0x1824, 0x8c12, 0xe71c, 0x3927, 
  0x1824, 0x522b, 0xe71c, 0x8c11, 0x1824, 0x1824, 0xe71c, 0x732e, 0x1824, 0x1824, 0x1824, 0x1824, 
  0x1844, 0x2044, 0xffff, 0x5a4b, 0x2064, 0x2064, 0xce19, 0xffff, 0xad35, 0x2064, 0x2064, 0x9432, 
  0xce19, 0x2064, 0x2064, 0x83b0, 0xe71c, 0x3968, 0x2064, 0x3968, 0xe71c, 0x9cb4, 0x2085, 0x2085, 
  0x9452, 0xe71c, 0x4188, 0x2885, 0x5a6c, 0xe71c, 0xffff, 0x2064, 0x2044, 0x524b, 0xffff, 0x83b0, 
  0x1824, 0x28a5, 0x9c93, 0xe71c, 0x28a5, 0x1823, 0x1823, 0x1823, 0x1823, 0x1823, 0x1823, 0x1823, 
  0x1823, 0x1823, 0x28a5, 0x41a8, 0x0821, 0x0841, 0x0841, 0x0841, 0x0841, 0x0841, 0x0841, 0x0841, 
  0x0841, 0x0841, 0x0841, 0x0841, 0x0841, 0x0841, 0x3907, 0x1844, 0x1844, 0x1844, 0x1844, 0x1844, 
  0x1844, 0x1844, 0x1844, 0xe71c, 0x8c32, 0x1844, 0x1844, 0x1844, 0x1844, 0xc619, 0xc619, 0x1844, 
  0x1844, 0x732e, 0xe71c, 0xffff, 0xffff, 0xe71c, 0x49a9, 0x1844, 0x1844, 0xc619, 0x8c12, 0x1844, 
  0x1844, 0x1844, 0xffff, 0x522b, 0x1844, 0x1844, 0x522b, 0xffff, 0x1844, 0x1844, 0x1844, 0x8c32, 
  0xffff, 0xffff, 0xffff, 0xbd97, 0x28c6, 0x2044, 0x2044, 0x2044, 0x9432, 0xffff, 0xd69a, 0x2044, 
  0x2044, 0x62ad, 0xe71c, 0xffff, 0xffff, 0xf77e, 0x62ac, 0x2044, 0x2044, 0x2044, 0x2044, 0x2044, 
  0x2044, 0x2044, 0x2044, 0x2044, 0x2044, 0x2044, 0x2044, 0x5a4c, 0x2124, 0x2945, 0x2945, 0x2945, 
  0x2945, 0x2965, 0x2965, 0x2965, 0x2965, 0x2965, 0x2965, 0x2945, 0x4189, 0x30e7, 0x30e6, 0x30e6, 
  0x30e6, 0x30e6, 0x30e6, 0x30e6, 0x30e6, 0x30e6, 0x30e6, 0x30e6, 0x30e6, 0x30e6, 0x30e6, 0x30e6, 
  0x30e6, 0x30e6, 0x30e6, 0x30c6, 0x30c6, 0x30c6, 0x28c6, 0x28c6, 0x28c6, 0x28c6, 0x28c6, 0x28c6, 
  0x28c6, 0x28c6, 0x28c6, 0x28c6, 0x28c6, 0x30a6, 0x30a7, 0x38a8, 0x408a, 0x486b, 0x506d, 0x504d, 
  0x484d, 0x404b, 0x3849, 0x3047, 0x2866, 0x2065, 0x2065, 0x2064, 0x2064, 0x2064, 0x2064, 0x2064, 
  0x2064, 0x2044, 0x2044, 0x2044, 0x2044, 0x2044, 0x2044, 0x2044, 0x2044, 0x2044, 0x2044, 0x2044, 
  0x2044, 0x2044, 0x2044, 0x2044, 0x2044, 0x2044, 0x2044, 0x2044, 0x2044, 0x624c, 0x0861, 0x0861, 
  0x0861, 0x0861, 0x0000, 0x0000, 0x0000, 0x0020, 0x0020, 0x0020, 0x0020, 0x0020, 0x0020, 0x0020, 
  0x0861, 0x0861, 0x0861, 0x0861, 0x0841, 0x0841, 0x0841, 0x0841, 0x0841, 0x0020, 0x0020, 0x0020, 
  0x0020, 0x0020, 0x30e6, 0x1003, 0x1003, 0x1003, 0x1003, 0x1003, 0x1003, 0x1003, 0x1003, 0x1003, 
  0x1003, 0x1003, 0x1003, 0x520a, 0xd67a, 0xffff, 0xffff, 0xf77e, 0xad15, 0x2885, 0x1823, 0x1823, 
  0x1823, 0x4188, 0xe71c, 0xffff, 0xffff, 0xe6fc, 0x4188, 0x1823, 0x1823, 0x730e, 0xe71c, 0x1823, 
  0x1823, 0x1824, 0x3927, 0xffff, 0x3927, 0x1824, 0x1824, 0x83b0, 0xffff, 0xf77e, 0x1824, 0x3927, 
  0xffff, 0x3927, 0x1824, 0x1824, 0x1824, 0x1824, 0x9c93, 0xffff, 0xffff, 0xffff, 0x9c93, 0x1824, 
  0x1824, 0x1824, 0xe71c, 0x732e, 0x1824, 0x1824, 0x1824, 0x1824, 0x1844, 0x2044, 0xffff, 0x5a4b, 
  0x2064, 0x2064, 0x83b0, 0xffff, 0x5a4b, 0x2064, 0x2064, 0x9432, 0xce19, 0x2064, 0x2064, 0x2064, 
  0x9432, 0xffff, 0xffff, 0xffff, 0xa4b4, 0x30e6, 0x2085, 0x2085, 0x3107, 0xad35, 0xffff, 0xffff, 
  0xe71c, 0x734e, 0xffff, 0x1844, 0x1844, 0x1824, 0x732e, 0xe71c, 0xffff, 0xffff, 0xe71c, 0x41a9, 
  0x1823, 0x1823, 0x1823, 0x1823, 0x1823, 0x1823, 0x1823, 0x1823, 0x1823, 0x1823, 0x28a5, 0x41a8, 
  0x0821, 0x0821, 0x0841, 0x0841, 0x0841, 0x0841, 0x0841, 0x0841, 0x0841, 0x0841, 0x0841, 0x0841, 
  0x0841, 0x0841, 0x3907, 0x1844, 0x1844, 0x1844, 0x1844, 0x1844, 0x1844, 0x1844, 0x1844, 0x1844, 
  0x1844, 0x1844, 0x1844, 0x1844, 0x1844, 0x1844, 0x1844, 0x1844, 0x1844, 0x1844, 0x1844, 0x3947, 
  0x3927, 0x1844, 0x1844, 0x1844, 0x1844, 0x1844, 0x1844, 0x1844, 0x1844, 0x1844, 0x1844, 0x1844, 
  0x1844, 0x1844, 0x1844, 0x1844, 0x1844, 0x1844, 0x1844, 0x1844, 0x28c6, 0x3947, 0x28c6, 0x2044, 
  0x2044, 0x2044, 0x2044, 0x2044, 0x2044, 0x28c6, 0x28c6, 0x2044, 0x2044, 0x2044, 0x2044, 0x3947, 
  0x3947, 0x2044, 0x2044, 0x2044, 0x2044, 0x2044, 0x2044, 0x2044, 0x2044, 0x2044, 0x2044, 0x2044, 
  0x2044, 0x2044, 0x2044, 0x5a4c, 0x2124, 0x2945, 0x2945, 0x2945, 0x2945, 0x2945, 0x2965, 0x2965, 
  0x2965, 0x2965, 0x2945, 0x2945, 0x4189, 0x30e6, 0x30e6, 0x30e6, 0x30e6, 0x30e6, 0x30e6, 0x30e6, 
  0x30e6, 0x30e6, 0x30e6, 0x30e6, 0x30e6, 0x30e6, 0x30e6, 0x30e6, 0x30e6, 0x30e6, 0x30c6, 0x30c6, 
  0x30c6, 0x28c6, 0x28c6, 0x28c6, 0x28c6, 0x28c6, 0x28c6, 0x28c6, 0x28c6, 0x28c6, 0x28c6, 0x28c6, 
  0x28a6, 0x28a6, 0x30a6, 0x30a7, 0x38a8, 0x408a, 0x486c, 0x504d, 0x504d, 0x484c, 0x404a, 0x3048, 
  0x2846, 0x2865, 0x2065, 0x2064, 0x2064, 0x2064, 0x2064, 0x2064, 0x2044, 0x2044, 0x2044, 0x2044, 
  0x2044, 0x2044, 0x2044, 0x2044, 0x2044, 0x2044, 0x2044, 0x2044, 0x2044, 0x2044, 0x2044, 0x2044, 
  0x2044, 0x2044, 0x2044, 0x2044, 0x2044, 0x624c, 0x0841, 0x0861, 0x0861, 0x0841, 0x0000, 0x0000, 
  0x0000, 0x0020, 0x0020, 0x0020, 0x0020, 0x0020, 0x0020, 0x0020, 0x0861, 0x0861, 0x0861, 0x0861, 
  0x0841, 0x0841, 0x0841, 0x0841, 0x0841, 0x0020, 0x0020, 0x0020, 0x0020, 0x0020, 0x30e6, 0x1003, 
  0x1003, 0x1003, 0x1003, 0x1003, 0x1003, 0x1003, 0x1003, 0x1003, 0x1003, 0x1003, 0x1003, 0x1003, 
  0x1003, 0x2085, 0x3106, 0x2085, 0x1803, 0x1803, 0x1803, 0x1803, 0x1823, 0x1823, 0x1823, 0x3107, 
  0x3107, 0x1823, 0x1823, 0x1823, 0x1823, 0x1823, 0x1823, 0x1823, 0x1823, 0x1824, 0x1824, 0x1824, 
  0x1824, 0x1824, 0x1824, 0x1824, 0x1824, 0x28a5, 0x1824, 0x1824, 0x1824, 0x1824, 0x1824, 0x1824, 
  0x1824, 0x1824, 0x1824, 0x28a5, 0x3927, 0x28a5, 0x1824, 0x1824, 0x1824, 0x1824, 0x1824, 0x1824, 
  0x1824, 0x1824, 0x1824, 0x1824, 0x1844, 0x2044, 0x2044, 0x2064, 0x2064, 0x2064, 0x2064, 0x2064, 
  0x2064, 0x2064, 0x2064, 0x2064, 0x2064, 0x2064, 0x2064, 0x2064, 0x2064, 0x30e6, 0x4168, 0x30e6, 
  0x2085, 0x2085, 0x2085, 0x2085, 0x2085, 0x2085, 0x30e6, 0x3948, 0x2044, 0x1844, 0x1844, 0x1824, 
  0x1823, 0x1823, 0x1823, 0x1823, 0x3127, 0x3127, 0x1823, 0x1823, 0x1823, 0x1823, 0x1823, 0x1823, 
  0x1823, 0x1823, 0x1823, 0x1823, 0x1823, 0x1823, 0x28a5, 0x41a8, 0x0821, 0x0821, 0x0841, 0x0841, 
  0x0841, 0x0841, 0x0841, 0x0841, 0x0841, 0x0841, 0x0841, 0x0841, 0x0841, 0x0841, 0x3907, 0x1844, 
  0x1844, 0x1844, 0x1844, 0x1844, 0x1844, 0x1844, 0x1844, 0x1844, 0x1844, 0x1844, 0x1844, 0x1844, 
  0x1844, 0x1844, 0x1844, 0x1844, 0x1844, 0x1844, 0x1844, 0x1844, 0x1844, 0x1844, 0x1844, 0x1844, 
  0x1844, 0x1844, 0x1844, 0x1844, 0x1844, 0x1844, 0x1844, 0x1844, 0x1844, 0x1844, 0x1844, 0x1844, 
  0x1844, 0x1844, 0x1844, 0x1844, 0x1844, 0x1844, 0x2044, 0x2044, 0x2044, 0x2044, 0x2044, 0x2044, 
  0x2044, 0x2044, 0x2044, 0x2044, 0x2044, 0x2044, 0x2044, 0x2044, 0x2044, 0x2044, 0x2044, 0x2044, 
  0x2044, 0x2044, 0x2044, 0x2044, 0x2044, 0x2044, 0x2044, 0x2044, 0x2044, 0x2044, 0x2044, 0x5a4c, 
  0x2124, 0x2945, 0x2945, 0x2945, 0x2945, 0x2945, 0x2945, 0x2965, 0x2965, 0x2965, 0x2945, 0x2945, 
  0x4189, 0x30e6, 0x30e6, 0x30e6, 0x30e6, 0x30e6, 0x30e6, 0x30e6, 0x30e6, 0x30e6, 0x30e6, 0x30e6, 
  0x30e6, 0x30e6, 0x30e6, 0x30e6, 0x30e6, 0x30e6, 0x30c6, 0x30c6, 0x28c6, 0x28c6, 0x28c6, 0x28c6, 
  0x28c6, 0x28c6, 0x28c6, 0x28c6, 0x28c6, 0x28c6, 0x28a6, 0x28a6, 0x28a6, 0x28a6, 0x28a6, 0x30a6, 
  0x30a7, 0x3889, 0x408a, 0x486c, 0x484d, 0x484c, 0x404b, 0x3849, 0x3047, 0x2845, 0x2065, 0x2064, 
  0x2064, 0x2064, 0x2064, 0x2044, 0x2044, 0x2044, 0x2044, 0x2044, 0x2044, 0x2044, 0x2044, 0x2044, 
  0x2044, 0x2044, 0x2044, 0x2044, 0x2044, 0x2044, 0x2044, 0x2044, 0x2044, 0x2044, 0x2044, 0x2044, 
  0x2044, 0x624c, 0x0841, 0x0861, 0x0861, 0x0020, 0x0000, 0x0000, 0x0000, 0x0020, 0x0020, 0x0020, 
  0x0020, 0x0020, 0x0020, 0x0020, 0x0861, 0x0861, 0x0861, 0x0861, 0x0841, 0x0841, 0x0841, 0x0841, 
  0x0841, 0x0020, 0x0020, 0x0020, 0x0020, 0x0020, 0x30e6, 0x1003, 0x1003, 0x1003, 0x1003, 0x1003, 
  0x1003, 0x1003, 0x1003, 0x1003, 0x1003, 0x1003, 0x1003, 0x1003, 0x1003, 0x1003, 0x1003, 0x1003, 
  0x1803, 0x1803, 0x1803, 0x1803, 0x1803, 0x1823, 0x1823, 0x1823, 0x1823, 0x1823, 0x1823, 0x1823, 
  0x1823, 0x1823, 0x1823, 0x1823, 0x1823, 0x1824, 0x1824, 0x1824, 0x1824, 0x1824, 0x1824, 0x1824, 
  0x1824, 0x1824, 0x1824, 0x1824, 0x1824, 0x1824, 0x1824, 0x1824, 0x1824, 0x1824, 0x1824, 0x1824, 
  0x1824, 0x1824, 0x1824, 0x1824, 0x1824, 0x1824, 0x1824, 0x1824, 0x1824, 0x1824, 0x1824, 0x1824, 
  0x1844, 0x2044, 0x2044, 0x2064, 0x2064, 0x2064, 0x2064, 0x2064, 0x2064, 0x2064, 0x2064, 0x2064, 
  0x2064, 0x2064, 0x2064, 0x2065, 0x2085, 0x2085, 0x2085, 0x2085, 0x2085, 0x2085, 0x2085, 0x2085, 
  0x2064, 0x2064, 0x2044, 0x1844, 0x1844, 0x1824, 0x1823, 0x1823, 0x1823, 0x1823, 0x1823, 0x1823, 
  0x1823, 0x1823, 0x1823, 0x1823, 0x1823, 0x1823, 0x1823, 0x1823, 0x1823, 0x1823, 0x1823, 0x1823, 
  0x1823, 0x1823, 0x28a5, 0x41a8, 0x0821, 0x0821, 0x0821, 0x0841, 0x0841, 0x0841, 0x0841, 0x0841, 
  0x0841, 0x0841, 0x0841, 0x0841, 0x0841, 0x0841, 0x3907, 0x1844, 0x1844, 0x1844, 0x1844, 0x1844, 
  0x1844, 0x1844, 0x1844, 0x1844, 0x1844, 0x1844, 0x1844, 0x1844, 0x1844, 0x1844, 0x1844, 0x1844, 
  0x1844, 0x1844, 0x1844, 0x1844, 0x1844, 0x1844, 0x1844, 0x1844, 0x1844, 0x1844, 0x1844, 0x1844, 
  0x1844, 0x1844, 0x1844, 0x1844, 0x1844, 0x1844, 0x1844, 0x1844, 0x1844, 0x1844, 0x1844, 0x1844, 
  0x1844, 0x1844, 0x1844, 0x1844, 0x2044, 0x2044, 0x2044, 0x2044, 0x2044, 0x2044, 0x2044, 0x2044, 
  0x2044, 0x2044, 0x2044, 0x2044, 0x2044, 0x2044, 0x2044, 0x2044, 0x2044, 0x2044, 0x2044, 0x2044, 
  0x2044, 0x2044, 0x2044, 0x2044, 0x2044, 0x2044, 0x2044, 0x5a4c, 0x2124, 0x2945, 0x2945, 0x2945, 
  0x2945, 0x2945, 0x2124, 0x2945, 0x2965, 0x2965, 0x2945, 0x2945, 0x4189, 0x30e6, 0x30e6, 0x30e6, 
  0x30e6, 0x30e6, 0x30e6, 0x30e6, 0x30e6, 0x30e6, 0x30e6, 0x30e6, 0x30e6, 0x30e6, 0x30e6, 0x30e6, 
  0x30e6, 0x30e6, 0x30c6, 0x28c6, 0x28c6, 0x28c6, 0x28c6, 0x28c6, 0x28c6, 0x28c6, 0x28c6, 0x28c6, 
  0x28c6, 0x28c6, 0x28a5, 0x28a5, 0x28a6, 0x28a6, 0x28a6, 0x28a6, 0x30a7, 0x30a8, 0x3889, 0x406b, 
  0x484c, 0x484c, 0x404b, 0x384a, 0x3048, 0x2846, 0x2045, 0x2045, 0x2044, 0x2044, 0x2044, 0x2044, 
  0x2044, 0x2044, 0x2044, 0x2044, 0x2044, 0x2044, 0x2044, 0x2044, 0x2044, 0x2044, 0x2044, 0x2044, 
  0x2044, 0x2044, 0x2044, 0x2044, 0x2044, 0x2044, 0x2044, 0x2044, 0x2044, 0x624c, 0x0841, 0x0861, 
  0x0841, 0x0000, 0x0000, 0x0000, 0x0000, 0x0020, 0x0020, 0x0020, 0x0020, 0x0020, 0x0020, 0x0020, 
  0x0861, 0x0861, 0x0861, 0x0861, 0x0841, 0x0841, 0x0841, 0x0841, 0x0841, 0x0020, 0x0020, 0x0020, 
  0x0020, 0x0020, 0x30e6, 0x1003, 0x1003, 0x1003, 0x1003, 0x1003, 0x1003, 0x1003, 0x1003, 0x1003, 
  0x1003, 0x1003, 0x1003, 0x1003, 0x1003, 0x1003, 0x1003, 0x1003, 0x1003, 0x1803, 0x1803, 0x1803, 
  0x1803, 0x1823, 0x1823, 0x1823, 0x1823, 0x1823, 0x1823, 0x1823, 0x1823, 0x1823, 0x1823, 0x1823, 
  0x1824, 0x1824, 0x1824, 0x1824, 0x1824, 0x1824, 0x1824, 0x1824, 0x1824, 0x1824, 0x1824, 0x1824, 
  0x1824, 0x1824, 0x1824, 0x1824, 0x1824, 0x1824, 0x1824, 0x1824, 0x1824, 0x1824, 0x1824, 0x1824, 
  0x1824, 0x1824, 0x1824, 0x1824, 0x1824, 0x1824, 0x1824, 0x1824, 0x1844, 0x2044, 0x2044, 0x2064, 
  0x2064, 0x2064, 0x2064, 0x2064, 0x2064, 0x2064, 0x2064, 0x2064, 0x2064, 0x2065, 0x2085, 0x2085, 
  0x2085, 0x2085, 0x2085, 0x2085, 0x2085, 0x2065, 0x2064, 0x2064, 0x1844, 0x1844, 0x1844, 0x1823, 
  0x1823, 0x1823, 0x1823, 0x1823, 0x1823, 0x1823, 0x1823, 0x1823, 0x1823, 0x1823, 0x1823, 0x1823, 
  0x1823, 0x1823, 0x1823, 0x1823, 0x1823, 0x1823, 0x1823, 0x1823, 0x1823, 0x1823, 0x28a5, 0x41a8, 
  0x0821, 0x0821, 0x0821, 0x0841, 0x0841, 0x0841, 0x0841, 0x0841, 0x0841, 0x0841, 0x0841, 0x0841, 
  0x0821, 0x0841, 0x3907, 0x1844, 0x1844, 0x1844, 0x1844, 0x1844, 0x1844, 0x1844, 0x1844, 0x1844, 
  0x1844, 0x1844, 0x1844, 0x1844, 0x1844, 0x1844, 0x1844, 0x1844, 0x1844, 0x1844, 0x1844, 0x1844, 
  0x1844, 0x1844, 0x1844, 0x1844, 0x1844, 0x1844, 0x1844, 0x1844, 0x1844, 0x1844, 0x1844, 0x1844, 
  0x1844, 0x1844, 0x1844, 0x1844, 0x1844, 0x1844, 0x1844, 0x1844, 0x1844, 0x1844, 0x1844, 0x1844, 
  0x2044, 0x2044, 0x2044, 0x2044, 0x2044, 0x2044, 0x2044, 0x2044, 0x2044, 0x2044, 0x2044, 0x2044, 
  0x2044, 0x2044, 0x2044, 0x2044, 0x2044, 0x2044, 0x2044, 0x2044, 0x2044, 0x2044, 0x2044, 0x2044, 
  0x2044, 0x2044, 0x2044, 0x5a4c, 0x2124, 0x2124, 0x2945, 0x2945, 0x2945, 0x2945, 0x2945, 0x2124, 
  0x2965, 0x2965, 0x2945, 0x2945, 0x4189, 0x30e6, 0x30e6, 0x30e6, 0x30e6, 0x30e6, 0x30e6, 0x30e6, 
  0x30e6, 0x30e6, 0x30e6, 0x30e6, 0x30e6, 0x30e6, 0x30e6, 0x30e6, 0x30e6, 0x30c6, 0x28c6, 0x28c6, 
  0x28c6, 0x28c6, 0x28c6, 0x28c6, 0x28c6, 0x28c6, 0x28c6, 0x28c6, 0x28c6, 0x28a5, 0x28a5, 0x28a5, 
  0x28a6, 0x28a6, 0x28a6, 0x28a6, 0x28a6, 0x30a7, 0x38a8, 0x4089, 0x406b, 0x484c, 0x484c, 0x404a, 
  0x3849, 0x2847, 0x2845, 0x2045, 0x2044, 0x2044, 0x2044, 0x2044, 0x2044, 0x2044, 0x2044, 0x2044, 
  0x2044, 0x2044, 0x2044, 0x2044, 0x2044, 0x2044, 0x2044, 0x2044, 0x2044, 0x2044, 0x2044, 0x2044, 
  0x2044, 0x2044, 0x2044, 0x2044, 0x2044, 0x624c, 0x0841, 0x0861, 0x0821, 0x0000, 0x0000, 0x0000, 
  0x0000, 0x0020, 0x0020, 0x0020, 0x0020, 0x0020, 0x0020, 0x0020, 0x0861, 0x0861, 0x0861, 0x0861, 
  0x0841, 0x0841, 0x0841, 0x0841, 0x0841, 0x0841, 0x0020, 0x0020, 0x0020, 0x0020, 0x30e6, 0x1003, 
  0x1003, 0x1003, 0x1003, 0x1003, 0x1003, 0x1003, 0x1003, 0x1003, 0x1003, 0x1003, 0x1003, 0x1003, 
  0x1003, 0x1003, 0x1003, 0x1003, 0x1003, 0x1003, 0x1803, 0x1803, 0x1823, 0x1823, 0x1823, 0x1823, 
  0x1823, 0x1823, 0x1823, 0x1823, 0x1823, 0x1823, 0x1823, 0x1823, 0x1824, 0x1824, 0x1824, 0x1824, 
  0x1824, 0x1824, 0x1824, 0x1824, 0x1824, 0x1824, 0x1824, 0x1824, 0x1824, 0x1824, 0x1824, 0x1824, 
  0x1824, 0x1824, 0x1824, 0x1824, 0x1824, 0x1824, 0x1824, 0x1824, 0x1824, 0x1824, 0x1824, 0x1824, 
  0x1824, 0x1824, 0x1824, 0x1824, 0x1844, 0x2044, 0x2044, 0x2064, 0x2064, 0x2064, 0x2064, 0x2064, 
  0x2064, 0x2064, 0x2064, 0x2065, 0x2085, 0x2085, 0x2085, 0x2085, 0x2085, 0x2085, 0x2085, 0x2064, 
  0x2064, 0x2064, 0x1844, 0x1844, 0x1844, 0x1823, 0x1823, 0x1823, 0x1823, 0x1823, 0x1823, 0x1823, 
  0x1823, 0x1823, 0x1823, 0x1823, 0x1823, 0x1823, 0x1823, 0x1823, 0x1823, 0x1823, 0x1823, 0x1823, 
  0x1823, 0x1823, 0x1823, 0x1823, 0x1823, 0x1823, 0x28a5, 0x41a8, 0x0821, 0x0841, 0x0841, 0x0841, 
  0x0841, 0x0841, 0x0841, 0x0841, 0x0841, 0x0841, 0x0841, 0x0841, 0x0841, 0x0821, 0x3907, 0x1844, 
  0x1844, 0x1844, 0x1844, 0x1844, 0x1844, 0x1844, 0x1844, 0x1844, 0x1844, 0x1844, 0x1844, 0x1844, 
  0x1844, 0x1844, 0x1844, 0x1844, 0x1844, 0x1844, 0x1844, 0x1844, 0x1844, 0x1844, 0x1844, 0x1844, 
  0x1844, 0x1844, 0x1844, 0x1844, 0x1844, 0x1844, 0x1844, 0x1844, 0x1844, 0x1844, 0x1844, 0x1844, 
  0x1844, 0x1844, 0x1844, 0x1844, 0x1844, 0x1844, 0x1844, 0x1844, 0x2044, 0x2044, 0x2044, 0x2044, 
  0x2044, 0x2044, 0x2044, 0x2044, 0x2044, 0x2044, 0x2044, 0x2044, 0x2044, 0x2044, 0x2044, 0x2044, 
  0x2044, 0x2044, 0x2044, 0x2044, 0x2064, 0x2044, 0x2044, 0x2044, 0x2044, 0x2044, 0x2064, 0x5a4c, 
  0x2124, 0x2124, 0x2945, 0x2945, 0x2945, 0x2945, 0x2124, 0x2124, 0x2945, 0x2945, 0x2945, 0x2945, 
  0x4168, 0x30e6, 0x30e6, 0x30e6, 0x30e6, 0x30e6, 0x30e6, 0x30e6, 0x30e6, 0x30e6, 0x30e6, 0x30e6, 
  0x30e6, 0x30e6, 0x30e6, 0x30e6, 0x30c6, 0x30c6, 0x28c6, 0x28c6, 0x28c6, 0x28c6, 0x28c6, 0x28c6, 
  0x28c6, 0x28c6, 0x28c6, 0x28c6, 0x28c6, 0x28a5, 0x28a5, 0x28a5, 0x28a6, 0x28c6, 0x28c6, 0x28a6, 
  0x28a6, 0x30a6, 0x30a7, 0x3888, 0x406a, 0x486b, 0x484c, 0x404b, 0x3849, 0x3048, 0x2846, 0x2045, 
  0x2044, 0x2044, 0x2044, 0x2044, 0x2044, 0x2044, 0x2044, 0x2044, 0x2044, 0x2044, 0x2044, 0x2044, 
  0x2044, 0x2044, 0x2044, 0x2044, 0x2044, 0x2044, 0x2044, 0x2044, 0x2044, 0x2044, 0x2044, 0x2044, 
  0x2044, 0x624c, 0x0861, 0x0841, 0x0000, 0x0000, 0x0000, 0x0000, 0x0000, 0x0020, 0x0020, 0x0020, 
  0x0020, 0x0020, 0x0020, 0x0020, 0x0861, 0x0861, 0x0861, 0x0861, 0x0861, 0x0841, 0x0841, 0x0841, 
  0x0841, 0x0841, 0x0020, 0x0020, 0x0020, 0x0020, 0x30e6, 0x1003, 0x1003, 0x1003, 0x1003, 0x1003, 
  0x1003, 0x1003, 0x1003, 0x1003, 0x1003, 0x1003, 0x1003, 0x1003, 0x1003, 0x1003, 0x1003, 0x1003, 
  0x1003, 0x1003, 0x1003, 0x1803, 0x1803, 0x1823, 0x1823, 0x1823, 0x1823, 0x1823, 0x1823, 0x1823, 
  0x1823, 0x1823, 0x1823, 0x1824, 0x1824, 0x1824, 0x1824, 0x1824, 0x1824, 0x1824, 0x1824, 0x1824, 
  0x1824, 0x1824, 0x1824, 0x1824, 0x1824, 0x1824, 0x1824, 0x1824, 0x1824, 0x1824, 0x1824, 0x1824, 
  0x1824, 0x1824, 0x1824, 0x1824, 0x1824, 0x1824, 0x1824, 0x1824, 0x1824, 0x1824, 0x1824, 0x1824, 
  0x1844, 0x2044, 0x2044, 0x2064, 0x2064, 0x2064, 0x2064, 0x2064, 0x2064, 0x2064, 0x2085, 0x2085, 
  0x2085, 0x2085, 0x2085, 0x2085, 0x2085, 0x2064, 0x2064, 0x2064, 0x1844, 0x1844, 0x1824, 0x1823, 
  0x1823, 0x1823, 0x1823, 0x1823, 0x1823, 0x1823, 0x1823, 0x1823, 0x1823, 0x1823, 0x1823, 0x1823, 
  0x1823, 0x1823, 0x1823, 0x1823, 0x1823, 0x1823, 0x1823, 0x1823, 0x1823, 0x1823, 0x1823, 0x1823, 
  0x1823, 0x1823, 0x28a5, 0x41a8, 0x0821, 0x0821, 0x0821, 0x0841, 0x0841, 0x0841, 0x0841, 0x0841, 
  0x0841, 0x0841, 0x0841, 0x0841, 0x0841, 0x0841, 0x3907, 0x1844, 0x1844, 0x1844, 0x1844, 0x1844, 
  0x1844, 0x1844, 0x1844, 0x1844, 0x1844, 0x1844, 0x1844, 0x1844, 0x1844, 0x1844, 0x1844, 0x1844, 
  0x1844, 0x1844, 0x1844, 0x1844, 0x1844, 0x1844, 0x1844, 0x1844, 0x1844, 0x1844, 0x1844, 0x1844, 
  0x1844, 0x1844, 0x1844, 0x1844, 0x1844, 0x1844, 0x1844, 0x1844, 0x1844, 0x1844, 0x1844, 0x1844, 
  0x1844, 0x1844, 0x1844, 0x1844, 0x1844, 0x2044, 0x2044, 0x2044, 0x2044, 0x2044, 0x2044, 0x2044, 
  0x2044, 0x2044, 0x2044, 0x2044, 0x2044, 0x2044, 0x2044, 0x2044, 0x2044, 0x2044, 0x2044, 0x2064, 
  0x2064, 0x2064, 0x2064, 0x2044, 0x2044, 0x2064, 0x2064, 0x5a4c, 0x2124, 0x2124, 0x2945, 0x2945, 
  0x2945, 0x2124, 0x2124, 0x2124, 0x2945, 0x2945, 0x2945, 0x2945, 0x4168, 0x30e6, 0x30e6, 0x30e6, 
  0x30e6, 0x30e6, 0x30e6, 0x30e6, 0x30e6, 0x30e6, 0x30e6, 0x30e6, 0x30e6, 0x30e6, 0x30e6, 0x30c6, 
  0x30c6, 0x28c6, 0x28c6, 0x28c6, 0x28c6, 0x28c6, 0x28c6, 0x28c6, 0x28c6, 0x28c6, 0x28c6, 0x28a6, 
  0x28a5, 0x28a5, 0x28a5, 0x28a5, 0x28c6, 0x28c6, 0x28c6, 0x28a6, 0x28a6, 0x28a6, 0x30a6, 0x30a7, 
  0x3889, 0x406a, 0x404b, 0x404b, 0x404a, 0x3848, 0x2847, 0x2045, 0x2045, 0x2044, 0x2044, 0x2044, 
  0x2044, 0x2044, 0x2044, 0x2044, 0x2044, 0x2044, 0x2044, 0x2044, 0x2044, 0x2044, 0x2044, 0x2044, 
  0x2044, 0x2044, 0x2044, 0x2044, 0x2044, 0x2044, 0x2044, 0x2044, 0x2044, 0x624c, 0x0861, 0x0841, 
  0x0000, 0x0000, 0x0000, 0x0000, 0x0000, 0x0020, 0x0020, 0x0020, 0x0020, 0x0020, 0x0020, 0x0841, 
  0x0861, 0x0861, 0x0861, 0x0861, 0x0841, 0x0841, 0x0841, 0x0841, 0x0841, 0x0841, 0x0020, 0x0020, 
  0x0020, 0x0020, 0x30e6, 0x1003, 0x1003, 0x1003, 0x1003, 0x1003, 0x1003, 0x1003, 0x1003, 0x1003, 
  0x1003, 0x1003, 0x1003, 0x1003, 0x1003, 0x1003, 0x1003, 0x1003, 0x1003, 0x1003, 0x1003, 0x1003, 
  0x1803, 0x1823, 0x1823, 0x1823, 0x1823, 0x1823, 0x1823, 0x1823, 0x1823, 0x1823, 0x1824, 0x1824, 
  0x1824, 0x1824, 0x1824, 0x1824, 0x1824, 0x1824, 0x1824, 0x1824, 0x1824, 0x1824, 0x1824, 0x1824, 
  0x1824, 0x1824, 0x1824, 0x1824, 0x1824, 0x1824, 0x1824, 0x1824, 0x1824, 0x1824, 0x1824, 0x1824, 
  0x1824, 0x1824, 0x1824, 0x1824, 0x1824, 0x1824, 0x1824, 0x1824, 0x1844, 0x2044, 0x2044, 0x2064, 
  0x2064, 0x2064, 0x2064, 0x2065, 0x2065, 0x2085, 0x2085, 0x2085, 0x2085, 0x2085, 0x2085, 0x2064, 
  0x2064, 0x2064, 0x1844, 0x1844, 0x1844, 0x1823, 0x1823, 0x1823, 0x1823, 0x1823, 0x1823, 0x1823, 
  0x1823, 0x1823, 0x1823, 0x1823, 0x1823, 0x1823, 0x1823, 0x1823, 0x1823, 0x1823, 0x1823, 0x1823, 
  0x1823, 0x1823, 0x1823, 0x1823, 0x1823, 0x1823, 0x1823, 0x1823, 0x1823, 0x1823, 0x28a5, 0x41a8, 
  0x0821, 0x0821, 0x0821, 0x0821, 0x0821, 0x0841, 0x0841, 0x0841, 0x0841, 0x0841, 0x0841, 0x0841, 
  0x0841, 0x0841, 0x3907, 0x1844, 0x1844, 0x1844, 0x1844, 0x1844, 0x1844, 0x1844, 0x1844, 0x1844, 
  0x1844, 0x1844, 0x1844, 0x1844, 0x1844, 0x1844, 0x1844, 0x1844, 0x1844, 0x1844, 0x1844, 0x1844, 
  0x1844, 0x1844, 0x1844, 0x1844, 0x1844, 0x1844, 0x1844, 0x1844, 0x1844, 0x1844, 0x1844, 0x1844, 
  0x1844, 0x1844, 0x1844, 0x1844, 0x1844, 0x1844, 0x1844, 0x1844, 0x1844, 0x1844, 0x1844, 0x1844, 
  0x1844, 0x2044, 0x2044, 0x2044, 0x2044, 0x2044, 0x2044, 0x2044, 0x2044, 0x2044, 0x2044, 0x2044, 
  0x2044, 0x2044, 0x2044, 0x2044, 0x2044, 0x2044, 0x2064, 0x2064, 0x2064, 0x2064, 0x2064, 0x2064, 
  0x2064, 0x2064, 0x2065, 0x5a4c, 0x2124, 0x2124, 0x2945, 0x2945, 0x2124, 0x2124, 0x2124, 0x2124, 
  0x2124, 0x2124, 0x2945, 0x2945, 0x4168, 0x30e6, 0x30e6, 0x30e6, 0x30e6, 0x30e6, 0x30e6, 0x30e6, 
  0x30e6, 0x30e6, 0x30e6, 0x30e6, 0x30e6, 0x30e6, 0x30c6, 0x30c6, 0x28c6, 0x28c6, 0x28c6, 0x28c6, 
  0x28c6, 0x28c6, 0x28c6, 0x28c6, 0x28c6, 0x28c6, 0x28a6, 0x28a5, 0x28a5, 0x28a5, 0x28a5, 0x28c6, 
  0x28c6, 0x28c6, 0x28c6, 0x28a6, 0x28a6, 0x28a6, 0x28a6, 0x30a7, 0x3088, 0x3889, 0x406a, 0x404b, 
  0x404a, 0x3849, 0x3047, 0x2846, 0x2045, 0x2044, 0x2044, 0x2044, 0x2044, 0x2044, 0x2044, 0x2044, 
  0x2044, 0x2044, 0x2044, 0x2044, 0x2044, 0x2044, 0x2044, 0x2044, 0x2044, 0x2044, 0x2044, 0x2044, 
  0x2044, 0x2044, 0x2044, 0x2044, 0x2044, 0x624c, 0x0861, 0x0020, 0x0000, 0x0000, 0x0000, 0x0000, 
  0x0020, 0x0020, 0x0020, 0x0020, 0x0020, 0x0020, 0x0020, 0x0841, 0x0861, 0x0861, 0x0861, 0x0861, 
  0x0861, 0x0841, 0x0841, 0x0841, 0x0841, 0x0841, 0x0841, 0x0020, 0x0020, 0x0020, 0x30e6, 0x1003, 
  0x1003, 0x1003, 0x1003, 0x1003, 0x1003, 0x1003, 0x1003, 0x1003, 0x1003, 0x1003, 0x1003, 0x1003, 
  0x1003, 0x1003, 0x1003, 0x1003, 0x1003, 0x1003, 0x1003, 0x1003, 0x1803, 0x1803, 0x1823, 0x1823, 
  0x1823, 0x1823, 0x1823, 0x1823, 0x1823, 0x1823, 0x1824, 0x1824, 0x1824, 0x1824, 0x1824, 0x1824, 
  0x1824, 0x1824, 0x1824, 0x1824, 0x1824, 0x1824, 0x1824, 0x1824, 0x1824, 0x1824, 0x1824, 0x1824, 
  0x1824, 0x1824, 0x1824, 0x1824, 0x1824, 0x1824, 0x1824, 0x1824, 0x1824, 0x1824, 0x1824, 0x1824, 
  0x1824, 0x1824, 0x1824, 0x1824, 0x1844, 0x2044, 0x2044, 0x2064, 0x2064, 0x2064, 0x2065, 0x2085, 
  0x2085, 0x2085, 0x2085, 0x2085, 0x2064, 0x2064, 0x2064, 0x2044, 0x1844, 0x1844, 0x1823, 0x1823, 
  0x1823, 0x1823, 0x1823, 0x1823, 0x1823, 0x1823, 0x1823, 0x1823, 0x1823, 0x1823, 0x1823, 0x1823, 
  0x1823, 0x1823, 0x1823, 0x1823, 0x1823, 0x1823, 0x1823, 0x1823, 0x1823, 0x1823, 0x1823, 0x1823, 
  0x1823, 0x1823, 0x1823, 0x1823, 0x1823, 0x1823, 0x28a5, 0x41a8, 0x0821, 0x0821, 0x0821, 0x0821, 
  0x0821, 0x0841, 0x0841, 0x0841, 0x0841, 0x0841, 0x0841, 0x0841, 0x0841, 0x0821, 0x3907, 0x1844, 
  0x1844, 0x1844, 0x1844, 0x1844, 0x1844, 0x1844, 0x1844, 0x1844, 0x1844, 0x1844, 0x1844, 0x1844, 
  0x1844, 0x1844, 0x1844, 0x1844, 0x1844, 0x1844, 0x1844, 0x1844, 0x1844, 0x1844, 0x1844, 0x1844, 
  0x1844, 0x1844, 0x1844, 0x1844, 0x1844, 0x1844, 0x1844, 0x1844, 0x1844, 0x1844, 0x1844, 0x1844, 
  0x1844, 0x1844, 0x1844, 0x1844, 0x1844, 0x1844, 0x1844, 0x1844, 0x1844, 0x2044, 0x2044, 0x2044, 
  0x2044, 0x2044, 0x2044, 0x2044, 0x2044, 0x2044, 0x2044, 0x2044, 0x2044, 0x2044, 0x2044, 0x2044, 
  0x2044, 0x2064, 0x2064, 0x2064, 0x2064, 0x2064, 0x2064, 0x2064, 0x2064, 0x2064, 0x2065, 0x5a4c, 
  0x2124, 0x2124, 0x2945, 0x2945, 0x2124, 0x2124, 0x2124, 0x2124, 0x2124, 0x2124, 0x2124, 0x2124, 
  0x4168, 0x30e6, 0x30e6, 0x30e6, 0x30e6, 0x30e6, 0x30e6, 0x30e6, 0x30e6, 0x30e6, 0x30e6, 0x30e6, 
  0x30c6, 0x30c6, 0x30c6, 0x28c6, 0x28c6, 0x28c6, 0x28c6, 0x28c6, 0x28c6, 0x28c6, 0x28c6, 0x28c6, 
  0x28c6, 0x28c6, 0x28a5, 0x28a5, 0x28a5, 0x28c6, 0x28c6, 0x28c6, 0x28c6, 0x28c6, 0x28c6, 0x28a6, 
  0x28a6, 0x28a6, 0x28a6, 0x28a6, 0x30a7, 0x3888, 0x3869, 0x406a, 0x404b, 0x384a, 0x3048, 0x2847, 
  0x2045, 0x2045, 0x2044, 0x2044, 0x2044, 0x2044, 0x2044, 0x2044, 0x2044, 0x2044, 0x2044, 0x2044, 
  0x2044, 0x2044, 0x2044, 0x2044, 0x2044, 0x2044, 0x2044, 0x2044, 0x2044, 0x2044, 0x2044, 0x2044, 
  0x2044, 0x624c, 0x0841, 0x0000, 0x0000, 0x0020, 0x0000, 0x0000, 0x0020, 0x0020, 0x0020, 0x0020, 
  0x0020, 0x0020, 0x0020, 0x0841, 0x0861, 0x0861, 0x0861, 0x0861, 0x0861, 0x0841, 0x0841, 0x0841, 
  0x0841, 0x0841, 0x0841, 0x0020, 0x0020, 0x0020, 0x30e6, 0x1003, 0x1003, 0x1003, 0x1003, 0x1003, 
  0x1003, 0x1003, 0x1003, 0x1003, 0x1003, 0x1003, 0x1003, 0x1003, 0x1003, 0x1003, 0x1003, 0x1003, 
  0x1003, 0x1003, 0x1003, 0x1003, 0x1003, 0x1803, 0x1823, 0x1823, 0x1823, 0x1823, 0x1823, 0x1823, 
  0x1823, 0x1823, 0x1824, 0x1824, 0x1824, 0x1824, 0x1824, 0x1824, 0x1824, 0x1824, 0x1824, 0x1824, 
  0x1824, 0x1824, 0x1824, 0x1824, 0x1824, 0x1824, 0x1824, 0x1824, 0x1824, 0x1824, 0x1824, 0x1824, 
  0x1824, 0x1824, 0x1824, 0x1824, 0x1824, 0x1824, 0x1824, 0x1824, 0x1824, 0x1824, 0x1824, 0x1824, 
  0x1844, 0x2044, 0x2064, 0x2064, 0x2064, 0x2085, 0x2085, 0x2085, 0x2085, 0x2085, 0x2064, 0x2064, 
  0x2064, 0x2044, 0x1844, 0x1844, 0x1823, 0x1823, 0x1823, 0x1823, 0x1823, 0x1823, 0x1823, 0x1823, 
  0x1823, 0x1823, 0x1823, 0x1823, 0x1823, 0x1823, 0x1823, 0x1823, 0x1823, 0x1823, 0x1823, 0x1823, 
  0x1823, 0x1823, 0x1823, 0x1823, 0x1823, 0x1823, 0x1823, 0x1823, 0x1823, 0x1823, 0x1823, 0x1823, 
  0x1823, 0x1823, 0x28a5, 0x41a8, 0x0821, 0x0841, 0x0821, 0x0821, 0x0821, 0x0841, 0x0841, 0x0841, 
  0x0841, 0x0841, 0x0841, 0x0841, 0x0841, 0x0821, 0x3907, 0x1844, 0x1844, 0x1844, 0x1844, 0x1844, 
  0x1844, 0x1844, 0x1844, 0x1844, 0x1844, 0x1844, 0x1844, 0x1844, 0x1844, 0x1844, 0x1844, 0x1844, 
  0x1844, 0x1844, 0x1844, 0x1844, 0x1844, 0x1844, 0x1844, 0x1844, 0x1844, 0x1844, 0x1844, 0x1844, 
  0x1844, 0x1844, 0x1844, 0x1844, 0x1844, 0x1844, 0x1844, 0x1844, 0x1844, 0x1844, 0x1844, 0x1844, 
  0x1844, 0x1844, 0x1844, 0x1844, 0x1844, 0x1844, 0x2044, 0x2044, 0x2044, 0x2044, 0x2044, 0x2044, 
  0x2044, 0x2044, 0x2044, 0x2044, 0x2044, 0x2044, 0x2044, 0x2044, 0x2044, 0x2064, 0x2064, 0x2064, 
  0x2085, 0x2085, 0x2065, 0x2064, 0x2064, 0x2065, 0x2085, 0x626c, 0x2124, 0x2124, 0x2124, 0x2945, 
  0x2124, 0x2124, 0x2124, 0x2124, 0x2124, 0x2124, 0x2124, 0x2124, 0x4168, 0x30e6, 0x30e6, 0x30e6, 
  0x30e6, 0x30e6, 0x30e6, 0x30e6, 0x30e6, 0x30e6, 0x30e6, 0x30c6, 0x30c6, 0x30c6, 0x28c6, 0x28c6, 
  0x28c6, 0x28c6, 0x28c6, 0x28c6, 0x28c6, 0x28c6, 0x28c6, 0x28c6, 0x28c6, 0x28a6, 0x28a5, 0x28a5, 
  0x28a5, 0x28c6, 0x28c6, 0x28c6, 0x28c6, 0x28c6, 0x28a5, 0x28a5, 0x28a5, 0x28a5, 0x28a5, 0x28a6, 
  0x28a6, 0x3087, 0x3888, 0x3869, 0x404a, 0x404a, 0x3829, 0x3047, 0x2846, 0x2045, 0x2044, 0x2044, 
  0x2044, 0x2044, 0x2044, 0x2044, 0x2044, 0x2044, 0x2044, 0x2044, 0x2044, 0x2044, 0x2044, 0x2044, 
  0x2044, 0x2044, 0x2044, 0x2044, 0x2044, 0x2044, 0x2044, 0x2044, 0x2044, 0x624c, 0x0841, 0x0000, 
  0x0000, 0x0000, 0x0000, 0x0000, 0x0020, 0x0020, 0x0020, 0x0020, 0x0020, 0x0020, 0x0020, 0x0841, 
  0x1082, 0x0861, 0x0861, 0x0861, 0x0861, 0x0841, 0x0841, 0x0841, 0x0841, 0x0841, 0x0841, 0x0020, 
  0x0020, 0x0020, 0x30e6, 0x1003, 0x1003, 0x1003, 0x1003, 0x1003, 0x1003, 0x1003, 0x1003, 0x1003, 
  0x1003, 0x1003, 0x1003, 0x1003, 0x1003, 0x1003, 0x1003, 0x1003, 0x1003, 0x1003, 0x1003, 0x1003, 
  0x1003, 0x1003, 0x1823, 0x1823, 0x1823, 0x1823, 0x1823, 0x1823, 0x1823, 0x1824, 0x1824, 0x1824, 
  0x1824, 0x1824, 0x1824, 0x1824, 0x1824, 0x1824, 0x1824, 0x1824, 0x1824, 0x1824, 0x1824, 0x1824, 
  0x1824, 0x1824, 0x1824, 0x1824, 0x1824, 0x1824, 0x1824, 0x1824, 0x1824, 0x1824, 0x1824, 0x1824, 
  0x1824, 0x1824, 0x1824, 0x1824, 0x1824, 0x1824, 0x1824, 0x1844, 0x2044, 0x2044, 0x2064, 0x2064, 
  0x2085, 0x2085, 0x2085, 0x2065, 0x2064, 0x2064, 0x2064, 0x1844, 0x1844, 0x1844, 0x1823, 0x1823, 
  0x1823, 0x1823, 0x1823, 0x1823, 0x1823, 0x1823, 0x1823, 0x1823, 0x1823, 0x1823, 0x1823, 0x1823, 
  0x1823, 0x1823, 0x1823, 0x1823, 0x1823, 0x1823, 0x1823, 0x1823, 0x1823, 0x1823, 0x1823, 0x1823, 
  0x1823, 0x1823, 0x1823, 0x1823, 0x1823, 0x1823, 0x1823, 0x1823, 0x1823, 0x1823, 0x28a5, 0x41a8, 
  0x0841, 0x0821, 0x0841, 0x0821, 0x0821, 0x0821, 0x0841, 0x0841, 0x0841, 0x0841, 0x0841, 0x0841, 
  0x0841, 0x0821, 0x3907, 0x1844, 0x1844, 0x1844, 0x1844, 0x1844, 0x1844, 0x1844, 0x1844, 0x1844, 
  0x1844, 0x1844, 0x1844, 0x1844, 0x1844, 0x1844, 0x1844, 0x1844, 0x1844, 0x1844, 0x1844, 0x1844, 
  0x1844, 0x1844, 0x1844, 0x1844, 0x1844, 0x1844, 0x1844, 0x1844, 0x1844, 0x1844, 0x1844, 0x1844, 
  0x1844, 0x1844, 0x1844, 0x1844, 0x1844, 0x1844, 0x1844, 0x1844, 0x1844, 0x1844, 0x1844, 0x1844, 
  0x1844, 0x1844, 0x2044, 0x2044, 0x2044, 0x2044, 0x2044, 0x2044, 0x2044, 0x2044, 0x2044, 0x2044, 
  0x2044, 0x2044, 0x2044, 0x2044, 0x2064, 0x2064, 0x2064, 0x2085, 0x2085, 0x2085, 0x2085, 0x2085, 
  0x2065, 0x2085, 0x2085, 0x626c, 0x2124, 0x2124, 0x2124, 0x2124, 0x2124, 0x2124, 0x2124, 0x2124, 
  0x2124, 0x2124, 0x2124, 0x2104, 0x4168, 0x30e6, 0x30e6, 0x30e6, 0x30e6, 0x30e6, 0x30e6, 0x30e6, 
  0x30e6, 0x30e6, 0x30c6, 0x30c6, 0x30c6, 0x28c6, 0x28c6, 0x28c6, 0x28c6, 0x28c6, 0x28c6, 0x28c6, 
  0x28c6, 0x28c6, 0x28c6, 0x28a6, 0x28a5, 0x28a5, 0x28a5, 0x28a5, 0x28c6, 0x28c6, 0x28c6, 0x28c6, 
  0x28c6, 0x28a5, 0x28a5, 0x28a5, 0x28a5, 0x28a5, 0x28a5, 0x28a5, 0x28a6, 0x3086, 0x3087, 0x3868, 
  0x386a, 0x384a, 0x3829, 0x3028, 0x2847, 0x2045, 0x2045, 0x2044, 0x2044, 0x2044, 0x2044, 0x2044, 
  0x2044, 0x2044, 0x2044, 0x2044, 0x2044, 0x2044, 0x2044, 0x2044, 0x2044, 0x2044, 0x2044, 0x2044, 
  0x2044, 0x2044, 0x2044, 0x2044, 0x2044, 0x624c, 0x0020, 0x0000, 0x0020, 0x0000, 0x0000, 0x0000, 
  0x0020, 0x0020, 0x0020, 0x0020, 0x0020, 0x0020, 0x0020, 0x0841, 0x1082, 0x0861, 0x0861, 0x0861, 
  0x0861, 0x0861, 0x0841, 0x0841, 0x0841, 0x0841, 0x0841, 0x0020, 0x0020, 0x0020, 0x30e6, 0x1003, 
  0x1003, 0x1003, 0x1003, 0x1003, 0x1003, 0x1003, 0x1003, 0x1003, 0x1003, 0x1003, 0x1003, 0x1003, 
  0x1003, 0x1003, 0x1003, 0x1003, 0x1003, 0x1003, 0x1003, 0x1003, 0x1003, 0x1823, 0x1823, 0x1823, 
  0x1823, 0x1823, 0x1823, 0x1823, 0x1823, 0x1824, 0x1824, 0x1824, 0x1824, 0x1824, 0x1824, 0x1824, 
  0x1824, 0x1824, 0x1824, 0x1824, 0x1824, 0x1824, 0x1824, 0x1824, 0x1824, 0x1824, 0x1824, 0x1824, 
  0x1824, 0x1824, 0x1824, 0x1824, 0x1824, 0x1824, 0x1824, 0x1824, 0x1824, 0x1824, 0x1824, 0x1824, 
  0x1824, 0x1824, 0x1844, 0x1844, 0x2044, 0x2064, 0x2064, 0x2064, 0x2064, 0x2064, 0x2064, 0x2064, 
  0x2064, 0x1844, 0x1844, 0x1844, 0x1823, 0x1823, 0x1823, 0x1823, 0x1823, 0x1823, 0x1823, 0x1823, 
  0x1823, 0x1823, 0x1823, 0x1823, 0x1823, 0x1823, 0x1823, 0x1823, 0x1823, 0x1823, 0x1823, 0x1823, 
  0x1823, 0x1823, 0x1823, 0x1823, 0x1823, 0x1823, 0x1823, 0x1823, 0x1823, 0x1823, 0x1823, 0x1823, 
  0x1823, 0x1823, 0x1823, 0x1823, 0x1823, 0x1823, 0x28a5, 0x41a8, 0x0841, 0x0821, 0x0821, 0x0821, 
  0x0821, 0x0821, 0x0841, 0x0841, 0x0841, 0x0841, 0x0841, 0x0841, 0x0841, 0x0821, 0x3907, 0x1844, 
  0x1844, 0x1844, 0x1844, 0x1844, 0x1844, 0x1844, 0x1844, 0x1844, 0x1844, 0x1844, 0x1844, 0x1844, 
  0x1844, 0x1844, 0x1844, 0x1844, 0x1844, 0x1844, 0x1844, 0x1844, 0x1844, 0x1844, 0x1844, 0x1844, 
  0x1844, 0x1844, 0x1844, 0x1844, 0x1844, 0x1844, 0x1844, 0x1844, 0x1844, 0x1844, 0x1844, 0x1844, 
  0x1844, 0x1844, 0x1844, 0x1844, 0x1844, 0x1844, 0x1844, 0x1844, 0x1844, 0x1844, 0x2044, 0x2044, 
  0x2044, 0x2044, 0x2044, 0x2044, 0x2044, 0x2044, 0x2044, 0x2044, 0x2044, 0x2044, 0x2044, 0x2044, 
  0x2064, 0x2064, 0x2085, 0x2085, 0x2085, 0x2085, 0x2085, 0x2085, 0x2085, 0x2085, 0x20a5, 0x626c, 
  0x2124, 0x2124, 0x2124, 0x2945, 0x2124, 0x2124, 0x2124, 0x2124, 0x2124, 0x2124, 0x2124, 0x2104, 
  0x4168, 0x30e6, 0x30c6, 0x30c6, 0x30c6, 0x30c6, 0x30c6, 0x30c6, 0x30c6, 0x30c6, 0x30c6, 0x30c6, 
  0x28c6, 0x28c6, 0x28c6, 0x28c6, 0x28c6, 0x28c6, 0x28c6, 0x28c6, 0x28c6, 0x28c6, 0x28c6, 0x28a6, 
  0x28a5, 0x28a6, 0x28a5, 0x28c6, 0x28c6, 0x28c6, 0x28c6, 0x28a6, 0x28a5, 0x28a5, 0x28a5, 0x28a5, 
  0x28a5, 0x28a5, 0x28a5, 0x28a5, 0x28a6, 0x28a6, 0x3087, 0x3088, 0x3869, 0x3849, 0x3849, 0x3029, 
  0x3047, 0x2846, 0x2045, 0x2044, 0x2044, 0x2044, 0x2044, 0x2044, 0x2044, 0x2044, 0x2044, 0x2044, 
  0x2044, 0x2044, 0x2044, 0x2044, 0x2044, 0x2044, 0x2044, 0x2044, 0x2044, 0x2044, 0x2044, 0x2044, 
  0x2044, 0x624c, 0x0000, 0x0000, 0x0000, 0x0000, 0x0000, 0x0000, 0x0020, 0x0020, 0x0020, 0x0020, 
  0x0020, 0x0020, 0x0020, 0x0841, 0x1082, 0x0861, 0x0861, 0x0861, 0x0861, 0x0861, 0x0841, 0x0841, 
  0x0841, 0x0841, 0x0841, 0x0841, 0x0020, 0x0020, 0x30e6, 0x1003, 0x1003, 0x1003, 0x1003, 0x1003, 
  0x1003, 0x1003, 0x1003, 0x1003, 0x1003, 0x1003, 0x1003, 0x1003, 0x1003, 0x1003, 0x1003, 0x1003, 
  0x1003, 0x1003, 0x1003, 0x1803, 0x1823, 0x1823, 0x1823, 0x1823, 0x1823, 0x1823, 0x1823, 0x1823, 
  0x1823, 0x1824, 0x1824, 0x1824, 0x1824, 0x1824, 0x1824, 0x1824, 0x1824, 0x1824, 0x1824, 0x1824, 
  0x1824, 0x1824, 0x1824, 0x1824, 0x1824, 0x1824, 0x1824, 0x1824, 0x1824, 0x1824, 0x1824, 0x1824, 
  0x1824, 0x1824, 0x1824, 0x1824, 0x1824, 0x1824, 0x1824, 0x1824, 0x1844, 0x1844, 0x1844, 0x2044, 
  0x2044, 0x2064, 0x2064, 0x2064, 0x2064, 0x2064, 0x2044, 0x1844, 0x1844, 0x1824, 0x1823, 0x1823, 
  0x1823, 0x1823, 0x1823, 0x1823, 0x1823, 0x1823, 0x1823, 0x1823, 0x1823, 0x1823, 0x1823, 0x1823, 
  0x1823, 0x1823, 0x1823, 0x1823, 0x1823, 0x1823, 0x1823, 0x1823, 0x1823, 0x1823, 0x1823, 0x1823, 
  0x1823, 0x1823, 0x1823, 0x1823, 0x1823, 0x1823, 0x1823, 0x1823, 0x1823, 0x1823, 0x1823, 0x1823, 
  0x1823, 0x1823, 0x28a5, 0x41a8, 0x0841, 0x0841, 0x0841, 0x0821, 0x0821, 0x0821, 0x0841, 0x0841, 
  0x0841, 0x0841, 0x0841, 0x0841, 0x0841, 0x0841, 0x3907, 0x1844, 0x1844, 0x1844, 0x1844, 0x1844, 
  0x1844, 0x1844, 0x1844, 0x1844, 0x1844, 0x1844, 0x1844, 0x1844, 0x1844, 0x1844, 0x1844, 0x1844, 
  0x1844, 0x1844, 0x1844, 0x1844, 0x1844, 0x1844, 0x1844, 0x1844, 0x1844, 0x1844, 0x1844, 0x1844, 
  0x1844, 0x1844, 0x1844, 0x1844, 0x1844, 0x1844, 0x1844, 0x1844, 0x1844, 0x1844, 0x1844, 0x1844, 
  0x1844, 0x1844, 0x1844, 0x1844, 0x1844, 0x1844, 0x2044, 0x2044, 0x2044, 0x2044, 0x2044, 0x2044, 
  0x2044, 0x2044, 0x2044, 0x2044, 0x2044, 0x2044, 0x2044, 0x2064, 0x2064, 0x2085, 0x2085, 0x28a5, 
  0x28a5, 0x28a5, 0x28a5, 0x2085, 0x2085, 0x2085, 0x28a6, 0x626c, 0x2124, 0x2124, 0x2124, 0x2124, 
  0x2124, 0x2124, 0x2124, 0x2124, 0x2124, 0x2124, 0x2124, 0x18e3, 0x4168, 0x30e6, 0x30c6, 0x30c6, 
  0x30c6, 0x30c6, 0x30c6, 0x30c6, 0x30c6, 0x30c6, 0x30c6, 0x28c6, 0x28c6, 0x28c6, 0x28c6, 0x28c6, 
  0x28c6, 0x28c6, 0x28c6, 0x28c6, 0x28c6, 0x28c6, 0x28c6, 0x28c6, 0x28c6, 0x28c6, 0x28c6, 0x28c6, 
  0x28c6, 0x28c6, 0x28a6, 0x28a5, 0x28a5, 0x28a5, 0x28a5, 0x28a5, 0x28a5, 0x28a5, 0x28a5, 0x28a5, 
  0x28a5, 0x28a6, 0x28a6, 0x3087, 0x3088, 0x3869, 0x3849, 0x3849, 0x3028, 0x2847, 0x2045, 0x2045, 
  0x2044, 0x2044, 0x2044, 0x2044, 0x2044, 0x2044, 0x2044, 0x2044, 0x2044, 0x2044, 0x2044, 0x2044, 
  0x2044, 0x2044, 0x2044, 0x2044, 0x2044, 0x2044, 0x2044, 0x2044, 0x2044, 0x624c, 0x0000, 0x0000, 
  0x0000, 0x0000, 0x0000, 0x0020, 0x0020, 0x0020, 0x0020, 0x0020, 0x0020, 0x0020, 0x0020, 0x0841, 
  0x1082, 0x1082, 0x0861, 0x0861, 0x0861, 0x0861, 0x0841, 0x0841, 0x0841, 0x0841, 0x0841, 0x0020, 
  0x0020, 0x0020, 0x30e6, 0x1003, 0x1003, 0x1003, 0x1003, 0x1003, 0x1003, 0x1003, 0x1003, 0x1003, 
  0x1003, 0x1003, 0x1003, 0x1003, 0x1003, 0x1003, 0x1003, 0x1003, 0x1003, 0x1823, 0x1823, 0x1823, 
  0x1823, 0x1824, 0x1823, 0x1823, 0x1823, 0x1823, 0x1823, 0x1823, 0x1824, 0x1824, 0x1824, 0x1824, 
  0x1824, 0x1824, 0x1824, 0x1824, 0x1824, 0x1824, 0x1824, 0x1824, 0x1824, 0x1824, 0x1824, 0x1824, 
  0x1824, 0x1824, 0x1824, 0x1824, 0x1824, 0x1824, 0x1824, 0x1824, 0x1824, 0x1824, 0x1824, 0x1824, 
  0x1824, 0x1824, 0x1844, 0x1844, 0x1844, 0x1844, 0x2044, 0x2044, 0x2044, 0x2044, 0x2064, 0x2044, 
  0x2044, 0x1844, 0x1844, 0x1823, 0x1823, 0x1823, 0x1823, 0x1823, 0x1823, 0x1823, 0x1823, 0x1823, 
  0x1823, 0x1823, 0x1823, 0x1823, 0x1823, 0x1823, 0x1823, 0x1823, 0x1823, 0x1823, 0x1823, 0x1823, 
  0x1823, 0x1823, 0x1823, 0x1823, 0x1823, 0x1823, 0x1823, 0x1823, 0x1823, 0x1823, 0x1823, 0x1823, 
  0x1823, 0x1823, 0x1823, 0x1823, 0x1823, 0x1823, 0x1823, 0x1823, 0x1823, 0x1823, 0x28a5, 0x41a8, 
  0x0841, 0x0841, 0x0841, 0x0821, 0x0821, 0x0821, 0x0821, 0x0841, 0x0841, 0x0841, 0x0841, 0x0841, 
  0x0841, 0x0821, 0x3907, 0x1844, 0x1844, 0x1844, 0x1844, 0x1844, 0x1844, 0x1844, 0x1844, 0x1844, 
  0x1844, 0x1844, 0x1844, 0x1844, 0x1844, 0x1844, 0x1844, 0x1844, 0x1844, 0x1844, 0x1844, 0x1844, 
  0x1844, 0x1844, 0x1844, 0x1844, 0x1844, 0x1844, 0x1844, 0x1844, 0x1844, 0x1844, 0x1844, 0x1844, 
  0x1844, 0x1844, 0x1844, 0x1844, 0x1844, 0x1844, 0x1844, 0x1844, 0x1844, 0x1844, 0x1844, 0x1844, 
  0x1844, 0x1844, 0x2044, 0x2044, 0x2044, 0x2044, 0x2044, 0x2044, 0x2044, 0x2044, 0x2044, 0x2044, 
  0x2044, 0x2044, 0x2044, 0x2064, 0x2065, 0x2085, 0x28a5, 0x28a5, 0x28a5, 0x28a5, 0x28a5, 0x28a5, 
  0x20a5, 0x28a5, 0x28c6, 0x626d, 0x2124, 0x2124, 0x2124, 0x2124, 0x2124, 0x2124, 0x2124, 0x2124, 
  0x2124, 0x2124, 0x2104, 0x18c3, 0x4168, 0x30e6, 0x28c6, 0x28c6, 0x28c6, 0x28c6, 0x30c6, 0x30c6, 
  0x30c6, 0x28c6, 0x28c6, 0x28c6, 0x28c6, 0x28c6, 0x28c6, 0x28c6, 0x28c6, 0x28c6, 0x28c6, 0x28c6, 
  0x28c6, 0x28c6, 0x28c6, 0x28c6, 0x28c6, 0x28c6, 0x28c6, 0x28c6, 0x28c6, 0x28a6, 0x28a5, 0x28a5, 
  0x28a5, 0x28a5, 0x28a5, 0x28a5, 0x28a5, 0x28a5, 0x28a5, 0x28a5, 0x28a5, 0x28a5, 0x28a6, 0x2886, 
  0x3087, 0x3068, 0x3849, 0x3849, 0x3048, 0x2827, 0x2846, 0x2045, 0x2044, 0x2044, 0x2044, 0x2044, 
  0x2044, 0x2044, 0x2044, 0x2044, 0x2044, 0x2044, 0x2044, 0x2044, 0x2044, 0x2044, 0x2044, 0x2044, 
  0x2044, 0x2044, 0x2044, 0x2044, 0x2044, 0x5a4c, 0x0000, 0x0000, 0x0000, 0x0020, 0x0000, 0x0000, 
  0x0020, 0x0020, 0x0020, 0x0020, 0x0020, 0x0020, 0x0020, 0x0841, 0x1082, 0x1082, 0x0861, 0x0861, 
  0x0861, 0x0861, 0x0841, 0x0841, 0x0841, 0x0841, 0x0841, 0x0841, 0x0020, 0x0020, 0x30e6, 0x1003, 
  0x1003, 0x1003, 0x1003, 0x1003, 0x1003, 0x1003, 0x1003, 0x1003, 0x1003, 0x1003, 0x1003, 0x1003, 
  0x1003, 0x1003, 0x1003, 0x1823, 0x1823, 0x1823, 0x1844, 0x1844, 0x1844, 0x1844, 0x1844, 0x1823, 
  0x1823, 0x1823, 0x1823, 0x1824, 0x1824, 0x1824, 0x1824, 0x1824, 0x1824, 0x1824, 0x1824, 0x1824, 
  0x1824, 0x1824, 0x1824, 0x1824, 0x1824, 0x1824, 0x1824, 0x1824, 0x1824, 0x1824, 0x1824, 0x1824, 
  0x1824, 0x1824, 0x1824, 0x1824, 0x1824, 0x1824, 0x1824, 0x1824, 0x1844, 0x1844, 0x1844, 0x1844, 
  0x1844, 0x2044, 0x2044, 0x2044, 0x2044, 0x1844, 0x1844, 0x1844, 0x1844, 0x1823, 0x1823, 0x1823, 
  0x1823, 0x1823, 0x1823, 0x1823, 0x1823, 0x1823, 0x1823, 0x1823, 0x1823, 0x1823, 0x1823, 0x1823, 
  0x1823, 0x1823, 0x1823, 0x1823, 0x1823, 0x1823, 0x1823, 0x1823, 0x1823, 0x1823, 0x1823, 0x1823, 
  0x1823, 0x1823, 0x1823, 0x1823, 0x1823, 0x1823, 0x1823, 0x1823, 0x1823, 0x1823, 0x1823, 0x1823, 
  0x1823, 0x1823, 0x1823, 0x1823, 0x1823, 0x1823, 0x28a5, 0x41a8, 0x0841, 0x0841, 0x0841, 0x0821, 
  0x0821, 0x0821, 0x0821, 0x0841, 0x0841, 0x0841, 0x0841, 0x0841, 0x0841, 0x0841, 0x3907, 0x1844, 
  0x1844, 0x1844, 0x1844, 0x1844, 0x1844, 0x1844, 0x1844, 0x1844, 0x1844, 0x1844, 0x1844, 0x1844, 
  0x1844, 0x1844, 0x1844, 0x1844, 0x1844, 0x1844, 0x1844, 0x1844, 0x1844, 0x1844, 0x1844, 0x1844, 
  0x1844, 0x1844, 0x1844, 0x1844, 0x1844, 0x1844, 0x1844, 0x1844, 0x1844, 0x1844, 0x1844, 0x1844, 
  0x1844, 0x1844, 0x1844, 0x1844, 0x1844, 0x1844, 0x1844, 0x1844, 0x1844, 0x1844, 0x1844, 0x1844, 
  0x2044, 0x2044, 0x2044, 0x2044, 0x2044, 0x2044, 0x2044, 0x2044, 0x2044, 0x2044, 0x2044, 0x2064, 
  0x2085, 0x2885, 0x28a5, 0x28a6, 0x28c6, 0x28c6, 0x28c6, 0x28a6, 0x28a6, 0x28a6, 0x28c6, 0x628d, 
  0x2124, 0x2124, 0x2124, 0x2124, 0x2124, 0x2124, 0x2124, 0x2124, 0x2124, 0x2104, 0x18e3, 0x18c3, 
  0x4168, 0x30c6, 0x28c6, 0x28c6, 0x28c6, 0x28c6, 0x28c6, 0x28c6, 0x28c6, 0x28c6, 0x28c6, 0x28c6, 
  0x28c6, 0x28c6, 0x28c6, 0x28c6, 0x28c6, 0x28c6, 0x28c6, 0x28c6, 0x28c6, 0x28c6, 0x28c6, 0x28c6, 
  0x28c6, 0x28c6, 0x28c6, 0x28c6, 0x28c6, 0x28a5, 0x28a5, 0x28a5, 0x28a5, 0x28a5, 0x28a5, 0x28a5, 
  0x28a5, 0x28a5, 0x28a5, 0x28a5, 0x28a5, 0x28a5, 0x28a5, 0x28a6, 0x2886, 0x3087, 0x3068, 0x3048, 
  0x3048, 0x3028, 0x2846, 0x2045, 0x2045, 0x2044, 0x2044, 0x2044, 0x2044, 0x2044, 0x2044, 0x2044, 
  0x2044, 0x2044, 0x2044, 0x2044, 0x2044, 0x2044, 0x2044, 0x2044, 0x2044, 0x2044, 0x2044, 0x2044, 
  0x2044, 0x5a4c, 0x0000, 0x0000, 0x0000, 0x0020, 0x0000, 0x0000, 0x0020, 0x0020, 0x0020, 0x0020, 
  0x0020, 0x0020, 0x0841, 0x0841, 0x1082, 0x1082, 0x0861, 0x0861, 0x0861, 0x0861, 0x0841, 0x0841, 
  0x0841, 0x0841, 0x0841, 0x0841, 0x0020, 0x0020, 0x30e6, 0x1003, 0x1003, 0x1003, 0x1003, 0x1003, 
  0x1003, 0x1003, 0x1003, 0x1003, 0x1003, 0x1003, 0x1003, 0x1003, 0x1823, 0x1823, 0x1823, 0x1823, 
  0x1844, 0x1844, 0x2064, 0x2064, 0x2064, 0x2064, 0x1844, 0x1824, 0x1823, 0x1823, 0x1823, 0x1824, 
  0x1824, 0x1824, 0x1824, 0x1824, 0x1824, 0x1824, 0x1824, 0x1824, 0x1824, 0x1824, 0x1824, 0x1824, 
  0x1824, 0x1824, 0x1824, 0x1824, 0x1824, 0x1824, 0x1824, 0x1824, 0x1824, 0x1824, 0x1824, 0x1824, 
  0x1824, 0x1824, 0x1844, 0x1844, 0x1844, 0x1844, 0x1844, 0x1844, 0x1844, 0x1844, 0x1844, 0x1844, 
  0x1844, 0x1844, 0x1824, 0x1823, 0x1823, 0x1823, 0x1823, 0x1823, 0x1823, 0x1823, 0x1823, 0x1823, 
  0x1823, 0x1823, 0x1823, 0x1823, 0x1823, 0x1823, 0x1823, 0x1823, 0x1823, 0x1823, 0x1823, 0x1823, 
  0x1823, 0x1823, 0x1823, 0x1823, 0x1823, 0x1823, 0x1823, 0x1823, 0x1823, 0x1823, 0x1823, 0x1823, 
  0x1823, 0x1823, 0x1823, 0x1823, 0x1823, 0x1823, 0x1823, 0x1823, 0x1823, 0x1823, 0x1823, 0x1823, 
  0x1823, 0x1823, 0x28a5, 0x41a8, 0x0841, 0x0841, 0x0841, 0x0841, 0x0821, 0x0821, 0x0821, 0x0841, 
  0x0841, 0x0841, 0x0841, 0x0841, 0x0841, 0x0821, 0x3907, 0x1844, 0x1844, 0x1844, 0x1844, 0x1844, 
  0x1844, 0x1844, 0x1844, 0x1844, 0x1844, 0x1844, 0x1844, 0x1844, 0x1844, 0x1844, 0x1844, 0x1844, 
  0x1844, 0x1844, 0x1844, 0x1844, 0x1844, 0x1844, 0x1844, 0x1844, 0x1844, 0x1844, 0x1844, 0x1844, 
  0x1844, 0x1844, 0x1844, 0x1844, 0x1844, 0x1844, 0x1844, 0x1844, 0x1844, 0x1844, 0x1844, 0x1844, 
  0x1844, 0x1844, 0x1844, 0x1844, 0x1844, 0x1844, 0x1844, 0x1844, 0x2044, 0x2044, 0x2044, 0x2044, 
  0x2044, 0x2044, 0x2044, 0x2044, 0x2044, 0x2044, 0x2064, 0x2065, 0x2085, 0x28a5, 0x28a6, 0x28c6, 
  0x28c6, 0x28c6, 0x28c6, 0x28c6, 0x28a6, 0x28c6, 0x28c6, 0x628d, 0x2104, 0x2124, 0x2124, 0x2124, 
  0x2124, 0x2124, 0x2124, 0x2124, 0x2124, 0x18e3, 0x18e3, 0x18c3, 0x4168, 0x30c6, 0x28c6, 0x28c6, 
  0x28c6, 0x28c6, 0x28c6, 0x28c6, 0x28c6, 0x28c6, 0x28c6, 0x28c6, 0x28c6, 0x28c6, 0x28c6, 0x28c6, 
  0x28c6, 0x28c6, 0x28c6, 0x28c6, 0x28a5, 0x28a5, 0x28c6, 0x28c6, 0x28c6, 0x28c6, 0x28c6, 0x28c6, 
  0x28a6, 0x28a5, 0x28a5, 0x28a5, 0x28a5, 0x28a5, 0x28a5, 0x28a5, 0x28a5, 0x28a5, 0x28a5, 0x28a5, 
  0x28a5, 0x28a5, 0x28a5, 0x28a5, 0x2886, 0x2886, 0x3067, 0x3068, 0x3048, 0x3028, 0x2827, 0x2846, 
  0x2045, 0x2044, 0x2044, 0x2044, 0x2044, 0x2044, 0x2044, 0x2044, 0x2044, 0x2044, 0x2044, 0x2044, 
  0x2044, 0x2044, 0x2044, 0x2044, 0x2044, 0x2044, 0x2044, 0x2044, 0x2044, 0x5a4c, 0x0000, 0x0000, 
  0x0000, 0x0000, 0x0000, 0x0020, 0x0020, 0x0020, 0x0020, 0x0020, 0x0020, 0x0020, 0x0841, 0x0841, 
  0x1082, 0x1082, 0x0861, 0x0861, 0x0861, 0x0861, 0x0841, 0x0841, 0x0841, 0x0841, 0x0841, 0x0841, 
  0x0841, 0x0020, 0x30e6, 0x1003, 0x1003, 0x1803, 0x1003, 0x1003, 0x1003, 0x1003, 0x1003, 0x1003, 
  0x1823, 0x1823, 0x1823, 0x1823, 0x1823, 0x1844, 0x1844, 0x1844, 0x2064, 0x2064, 0x2064, 0x2085, 
  0x2064, 0x2064, 0x1844, 0x1824, 0x1823, 0x1823, 0x1823, 0x1824, 0x1824, 0x1824, 0x1824, 0x1824, 
  0x1824, 0x1824, 0x1824, 0x1824, 0x1824, 0x1824, 0x1824, 0x1824, 0x1824, 0x1824, 0x1824, 0x1824, 
  0x1824, 0x1824, 0x1824, 0x1824, 0x1824, 0x1824, 0x1824, 0x1824, 0x1824, 0x1844, 0x1844, 0x1844, 
  0x1844, 0x1844, 0x1844, 0x1844, 0x1844, 0x1844, 0x1844, 0x1824, 0x1823, 0x1823, 0x1823, 0x1823, 
  0x1823, 0x1823, 0x1823, 0x1823, 0x1823, 0x1823, 0x1823, 0x1823, 0x1823, 0x1823, 0x1823, 0x1823, 
  0x1823, 0x1823, 0x1823, 0x1823, 0x1823, 0x1823, 0x1823, 0x1823, 0x1823, 0x1823, 0x1823, 0x1823, 
  0x1823, 0x1823, 0x1823, 0x1823, 0x1823, 0x1823, 0x1823, 0x1823, 0x1823, 0x1823, 0x1823, 0x1823, 
  0x1823, 0x1823, 0x1823, 0x1823, 0x1823, 0x1823, 0x1823, 0x1823, 0x1823, 0x1823, 0x28a5, 0x41a8, 
  0x0841, 0x0841, 0x0841, 0x0821, 0x0821, 0x0821, 0x0821, 0x0821, 0x0841, 0x0841, 0x0841, 0x0841, 
  0x0841, 0x0841, 0x3907, 0x1844, 0x1844, 0x1844, 0x1844, 0x1844, 0x1844, 0x1844, 0x1844, 0x1844, 
  0x1844, 0x1844, 0x1844, 0x1844, 0x1844, 0x1844, 0x1844, 0x1844, 0x1844, 0x1844, 0x1844, 0x1844, 
  0x1844, 0x1844, 0x1844, 0x1844, 0x1844, 0x1844, 0x1844, 0x1844, 0x1844, 0x1844, 0x1844, 0x1844, 
  0x1844, 0x1844, 0x1844, 0x1844, 0x1844, 0x1844, 0x1844, 0x1844, 0x1844, 0x1844, 0x1844, 0x1844, 
  0x1844, 0x1844, 0x1844, 0x1844, 0x2044, 0x2044, 0x2044, 0x2044, 0x2044, 0x2044, 0x2044, 0x2044, 
  0x2044, 0x2044, 0x2064, 0x2085, 0x28a5, 0x28a5, 0x28c6, 0x28c6, 0x30c6, 0x28c6, 0x28c6, 0x28c6, 
  0x28c6, 0x28c6, 0x30e6, 0x628d, 0x2104, 0x2124, 0x2124, 0x2124, 0x2124, 0x2124, 0x2124, 0x2124, 
  0x2104, 0x18e3, 0x18e3, 0x18c3, 0x4148, 0x30c6, 0x28c6, 0x28c6, 0x28c6, 0x28c6, 0x28c6, 0x28c6, 
  0x28c6, 0x28c6, 0x28c6, 0x28c6, 0x28c6, 0x28c6, 0x28c6, 0x28c6, 0x28c6, 0x28a6, 0x28a6, 0x28a5, 
  0x28a5, 0x28a5, 0x28c6, 0x28c6, 0x28c6, 0x28c6, 0x28c6, 0x28c6, 0x28a5, 0x28a5, 0x28a5, 0x28a5, 
  0x28a5, 0x28a5, 0x28a5, 0x28a5, 0x28a5, 0x28a5, 0x28a5, 0x28a5, 0x28a5, 0x28a5, 0x28a5, 0x28a5, 
  0x2885, 0x2886, 0x2887, 0x3067, 0x3048, 0x3048, 0x3027, 0x2826, 0x2045, 0x2045, 0x2044, 0x2044, 
  0x2044, 0x2044, 0x2044, 0x2044, 0x2044, 0x2044, 0x2044, 0x2044, 0x2044, 0x2044, 0x2044, 0x2044, 
  0x2044, 0x2044, 0x2044, 0x2044, 0x2044, 0x5a4c, 0x0000, 0x0000, 0x0000, 0x0020, 0x0000, 0x0020, 
  0x0020, 0x0020, 0x0020, 0x0020, 0x0020, 0x0020, 0x0841, 0x0841, 0x1082, 0x1082, 0x0861, 0x0861, 
  0x0861, 0x0861, 0x0861, 0x0841, 0x0841, 0x0841, 0x0841, 0x0841, 0x0841, 0x0020, 0x30e6, 0x1823, 
  0x1823, 0x1823, 0x1823, 0x1823, 0x1823, 0x1823, 0x1823, 0x1823, 0x1823, 0x1844, 0x1844, 0x1844, 
  0x2064, 0x2064, 0x2064, 0x2064, 0x2084, 0x2085, 0x2085, 0x2085, 0x2064, 0x2064, 0x1844, 0x1824, 
  0x1823, 0x1823, 0x1823, 0x1824, 0x1824, 0x1824, 0x1824, 0x1824, 0x1824, 0x1824, 0x1824, 0x1824, 
  0x1824, 0x1824, 0x1824, 0x1824, 0x1824, 0x1824, 0x1824, 0x1824, 0x1824, 0x1824, 0x1824, 0x1824, 
  0x1824, 0x1824, 0x1844, 0x1844, 0x1844, 0x1844, 0x1844, 0x1844, 0x1844, 0x1844, 0x1844, 0x1844, 
  0x1824, 0x1823, 0x1823, 0x1823, 0x1823, 0x1823, 0x1823, 0x1823, 0x1823, 0x1823, 0x1823, 0x1823, 
  0x1823, 0x1823, 0x1823, 0x1823, 0x1823, 0x1823, 0x1823, 0x1823, 0x1823, 0x1823, 0x1823, 0x1823, 
  0x1823, 0x1823, 0x1823, 0x1823, 0x1823, 0x1823, 0x1823, 0x1823, 0x1823, 0x1823, 0x1823, 0x1823, 
  0x1823, 0x1823, 0x1823, 0x1823, 0x1823, 0x1823, 0x1823, 0x1823, 0x1823, 0x1823, 0x1823, 0x1823, 
  0x1823, 0x1823, 0x1823, 0x1823, 0x1823, 0x1823, 0x28a5, 0x41a8, 0x0841, 0x0841, 0x0841, 0x0820, 
  0x0821, 0x0821, 0x0821, 0x0821, 0x0821, 0x0841, 0x0841, 0x0841, 0x0841, 0x0841, 0x3907, 0x1844, 
  0x1844, 0x1844, 0x1844, 0x1844, 0x1844, 0x1844, 0x1844, 0x1844, 0x1844, 0x1844, 0x1844, 0x1844, 
  0x1844, 0x1844, 0x1844, 0x1844, 0x1844, 0x1844, 0x1844, 0x1844, 0x1844, 0x1844, 0x1844, 0x1844, 
  0x1844, 0x1844, 0x1844, 0x1844, 0x1844, 0x1844, 0x1844, 0x1844, 0x1844, 0x1844, 0x1844, 0x1844, 
  0x1844, 0x1844, 0x1844, 0x1844, 0x1844, 0x1844, 0x1844, 0x1844, 0x1844, 0x1844, 0x1844, 0x1844, 
  0x2044, 0x2044, 0x2044, 0x2044, 0x2044, 0x2044, 0x2044, 0x2044, 0x2044, 0x2044, 0x2064, 0x2085, 
  0x28a5, 0x28c6, 0x28c6, 0x30e6, 0x30e6, 0x30e6, 0x30e6, 0x28c6, 0x28c6, 0x28c6, 0x30e6, 0x628d, 
  0x2104, 0x2124, 0x2124, 0x2124, 0x2124, 0x2124, 0x2124, 0x2104, 0x18e3, 0x18e3, 0x18e3, 0x18e3, 
  0x4148, 0x28c6, 0x28c6, 0x28c6, 0x28c6, 0x28c6, 0x28c6, 0x28c6, 0x28c6, 0x28c6, 0x28c6, 0x28c6, 
  0x28c6, 0x28c6, 0x28c6, 0x28c6, 0x28a6, 0x28a5, 0x28a5, 0x28a5, 0x28a5, 0x28c6, 0x28c6, 0x28c6, 
  0x28c6, 0x28c6, 0x28a6, 0x28a5, 0x28a5, 0x28a5, 0x28a5, 0x28a5, 0x28a5, 0x28a5, 0x28a5, 0x28a5, 
  0x28a5, 0x28a5, 0x28a5, 0x28a5, 0x28a5, 0x28a5, 0x28a5, 0x28a5, 0x28a5, 0x2885, 0x2886, 0x2867, 
  0x3067, 0x3048, 0x3047, 0x2827, 0x2846, 0x2045, 0x2044, 0x2044, 0x2044, 0x2044, 0x2044, 0x2044, 
  0x2044, 0x2044, 0x2044, 0x2044, 0x2044, 0x2044, 0x2044, 0x2044, 0x2044, 0x2044, 0x2044, 0x2044, 
  0x2044, 0x5a4c, 0x0020, 0x0000, 0x0020, 0x0000, 0x0000, 0x0020, 0x0020, 0x0020, 0x0020, 0x0020, 
  0x0020, 0x0020, 0x0841, 0x0841, 0x1082, 0x1082, 0x0861, 0x0861, 0x0861, 0x0861, 0x0861, 0x0841, 
  0x0841, 0x0841, 0x0841, 0x0841, 0x0841, 0x0020, 0x3107, 0x1844, 0x1844, 0x1844, 0x1844, 0x1844, 
  0x1844, 0x1844, 0x1844, 0x1844, 0x2044, 0x2064, 0x2064, 0x2085, 0x2085, 0x2085, 0x2085, 0x2085, 
  0x2085, 0x2085, 0x2085, 0x2085, 0x2064, 0x2064, 0x1844, 0x1824, 0x1823, 0x1823, 0x1824, 0x1824, 
  0x1824, 0x1824, 0x1824, 0x1824, 0x1824, 0x1824, 0x1824, 0x1824, 0x1824, 0x1824, 0x1824, 0x1824, 
  0x1824, 0x1824, 0x1824, 0x1824, 0x1824, 0x1824, 0x1824, 0x1824, 0x1824, 0x1844, 0x1844, 0x1844, 
  0x1844, 0x1844, 0x1844, 0x1844, 0x1844, 0x1844, 0x1824, 0x1823, 0x1823, 0x1823, 0x1823, 0x1823, 
  0x1003, 0x1823, 0x1823, 0x1823, 0x1823, 0x1823, 0x1823, 0x1823, 0x1823, 0x1823, 0x1823, 0x1823, 
  0x1823, 0x1823, 0x1823, 0x1823, 0x1823, 0x1823, 0x1823, 0x1823, 0x1823, 0x1823, 0x1823, 0x1823, 
  0x1823, 0x1823, 0x1823, 0x1823, 0x1823, 0x1823, 0x1823, 0x1823, 0x1823, 0x1823, 0x1823, 0x1823, 
  0x1823, 0x1823, 0x1823, 0x1823, 0x1823, 0x1823, 0x1823, 0x1823, 0x1823, 0x1823, 0x1823, 0x1823, 
  0x1823, 0x1823, 0x28a5, 0x41a8, 0x0841, 0x0841, 0x0841, 0x0820, 0x0821, 0x0821, 0x0821, 0x0821, 
  0x0821, 0x0841, 0x0841, 0x0841, 0x0841, 0x0841, 0x3907, 0x1844, 0x1844, 0x1844, 0x1844, 0x1844, 
  0x1844, 0x1844, 0x1844, 0x1844, 0x1844, 0x1844, 0x1844, 0x1844, 0x1844, 0x1844, 0x1844, 0x1844, 
  0x1844, 0x1844, 0x1844, 0x1844, 0x1844, 0x1844, 0x1844, 0x1844, 0x1844, 0x1844, 0x1844, 0x1844, 
  0x1844, 0x1844, 0x1844, 0x1844, 0x1844, 0x1844, 0x1844, 0x1844, 0x1844, 0x1844, 0x1844, 0x1844, 
  0x1844, 0x1844, 0x1844, 0x1844, 0x1844, 0x1844, 0x1844, 0x1844, 0x2044, 0x2044, 0x2044, 0x2044, 
  0x2044, 0x2044, 0x2044, 0x2044, 0x2044, 0x2064, 0x2085, 0x2885, 0x28a6, 0x28c6, 0x30e6, 0x30e6, 
  0x30e6, 0x30e6, 0x30e6, 0x30e6, 0x30e6, 0x30e6, 0x30e6, 0x628d, 0x2104, 0x2124, 0x2124, 0x2124, 
  0x2124, 0x2124, 0x2104, 0x18e3, 0x18e3, 0x18e3, 0x18e3, 0x18e3, 0x3948, 0x28c6, 0x28c6, 0x28c6, 
  0x28c6, 0x28c6, 0x28c6, 0x28c6, 0x28c6, 0x28c6, 0x28c6, 0x28c6, 0x28c6, 0x28c6, 0x28c6, 0x28c6, 
  0x28a6, 0x28a5, 0x28a5, 0x28a5, 0x28c6, 0x28c6, 0x28c6, 0x28c6, 0x28c6, 0x28a5, 0x28a5, 0x28a5, 
  0x28a5, 0x28a5, 0x28a5, 0x28a5, 0x28a5, 0x28a5, 0x28a5, 0x28a5, 0x28a5, 0x28a5, 0x28a5, 0x28a5, 
  0x28a5, 0x28a5, 0x28a5, 0x28a5, 0x2885, 0x2885, 0x2886, 0x2886, 0x2867, 0x3067, 0x3047, 0x2847, 
  0x2846, 0x2045, 0x2045, 0x2044, 0x2044, 0x2044, 0x2044, 0x2044, 0x2044, 0x2044, 0x2044, 0x2044, 
  0x2044, 0x2044, 0x2044, 0x2044, 0x2044, 0x2044, 0x2044, 0x2044, 0x2044, 0x5a4c, 0x0020, 0x0020, 
  0x0020, 0x0020, 0x0000, 0x0020, 0x0020, 0x0020, 0x0020, 0x0020, 0x0020, 0x0020, 0x0841, 0x0841, 
  0x1082, 0x1082, 0x1082, 0x0861, 0x0861, 0x0861, 0x0861, 0x0841, 0x0841, 0x0841, 0x0841, 0x0841, 
  0x0841, 0x0020, 0x3927, 0x2064, 0x2064, 0x2064, 0x2064, 0x2064, 0x2064, 0x2064, 0x2064, 0x2064, 
  0x2085, 0x2085, 0x28a5, 0x28a5, 0x28a5, 0x28a5, 0x28a5, 0x2085, 0x2085, 0x2085, 0x2085, 0x2085, 
  0x2064, 0x2064, 0x1844, 0x1823, 0x1823, 0x1823, 0x1824, 0x1824, 0x1824, 0x1824, 0x1824, 0x1824, 
  0x1824, 0x1824, 0x1824, 0x1824, 0x1824, 0x1824, 0x1824, 0x1824, 0x1824, 0x1824, 0x1824, 0x1824, 
  0x1824, 0x1824, 0x1824, 0x1844, 0x1844, 0x1844, 0x1844, 0x1844, 0x1844, 0x1844, 0x1844, 0x1824, 
  0x1823, 0x1823, 0x1823, 0x1823, 0x1803, 0x1003, 0x1003, 0x1003, 0x1003, 0x1823, 0x1823, 0x1823, 
  0x1823, 0x1823, 0x1823, 0x1823, 0x1823, 0x1823, 0x1823, 0x1823, 0x1823, 0x1823, 0x1823, 0x1823, 
  0x1823, 0x1823, 0x1823, 0x1823, 0x1823, 0x1823, 0x1823, 0x1823, 0x1823, 0x1823, 0x1823, 0x1823, 
  0x1823, 0x1823, 0x1823, 0x1823, 0x1823, 0x1823, 0x1823, 0x1823, 0x1823, 0x1823, 0x1823, 0x1823, 
  0x1823, 0x1823, 0x1823, 0x1823, 0x1823, 0x1823, 0x1823, 0x1823, 0x1823, 0x1823, 0x28a5, 0x41a8, 
  0x0841, 0x0841, 0x0841, 0x0841, 0x0821, 0x0821, 0x0821, 0x0821, 0x0821, 0x0841, 0x0841, 0x0841, 
  0x0841, 0x0841, 0x3907, 0x1844, 0x1844, 0x1844, 0x1844, 0x1844, 0x1844, 0x1844, 0x1844, 0x1844, 
  0x1844, 0x1844, 0x1844, 0x1844, 0x1844, 0x1844, 0x1844, 0x1844, 0x1844, 0x1844, 0x1844, 0x1844, 
  0x1844, 0x1844, 0x1844, 0x1844, 0x1844, 0x1844, 0x1844, 0x1844, 0x1844, 0x1844, 0x1844, 0x1844, 
  0x1844, 0x1844, 0x1844, 0x1844, 0x1844, 0x1844, 0x1844, 0x1844, 0x1844, 0x1844, 0x1844, 0x1844, 
  0x1844, 0x1844, 0x1844, 0x1844, 0x1844, 0x2044, 0x2044, 0x2044, 0x2044, 0x2044, 0x2044, 0x2044, 
  0x2044, 0x2064, 0x2085, 0x28a5, 0x28c6, 0x30e6, 0x30e6, 0x30e6, 0x30e6, 0x30e6, 0x30e6, 0x30e6, 
  0x30e6, 0x30e6, 0x30e7, 0x628d, 0x2104, 0x2124, 0x2124, 0x2124, 0x2124, 0x2104, 0x18e3, 0x18e3, 
  0x18e3, 0x18e3, 0x18e3, 0x18c3, 0x3948, 0x28c6, 0x28c6, 0x28c6, 0x28c6, 0x28c6, 0x28c6, 0x28c6, 
  0x28c6, 0x28c6, 0x28c6, 0x28c6, 0x28c6, 0x28c6, 0x28c6, 0x28c6, 0x28a6, 0x28a5, 0x28c6, 0x28c6, 
  0x28c6, 0x28c6, 0x28c6, 0x28c6, 0x28c6, 0x28a5, 0x28a5, 0x28a5, 0x28a5, 0x28a5, 0x28a5, 0x28a5, 
  0x28a5, 0x28a5, 0x28a5, 0x28a5, 0x28a5, 0x28a5, 0x28a5, 0x28a5, 0x28a5, 0x28a5, 0x28a5, 0x2885, 
  0x2885, 0x2885, 0x2885, 0x2886, 0x2886, 0x2867, 0x3047, 0x2847, 0x2846, 0x2846, 0x2045, 0x2044, 
  0x2044, 0x2044, 0x2044, 0x2044, 0x2044, 0x2044, 0x2044, 0x2044, 0x2044, 0x2044, 0x2044, 0x2044, 
  0x2044, 0x2044, 0x2044, 0x2044, 0x2044, 0x5a2c, 0x0000, 0x0000, 0x0000, 0x0000, 0x0000, 0x0020, 
  0x0020, 0x0020, 0x0020, 0x0020, 0x0020, 0x0020, 0x0841, 0x0841, 0x1082, 0x1082, 0x1082, 0x0861, 
  0x0861, 0x0861, 0x0861, 0x0841, 0x0841, 0x0841, 0x0841, 0x0841, 0x0841, 0x0020, 0x3948, 0x2885, 
  0x28a5, 0x28a5, 0x28a5, 0x28a5, 0x2885, 0x2085, 0x28a5, 0x28a5, 0x28a5, 0x28a5, 0x28c6, 0x28c6, 
  0x28c6, 0x28c6, 0x28a5, 0x28a5, 0x2085, 0x2085, 0x2085, 0x2085, 0x2064, 0x2044, 0x1844, 0x1823, 
  0x1823, 0x1823, 0x1824, 0x1824, 0x1824, 0x1824, 0x1824, 0x1824, 0x1824, 0x1824, 0x1824, 0x1824, 
  0x1824, 0x1824, 0x1824, 0x1824, 0x1824, 0x1824, 0x1824, 0x1824, 0x1824, 0x1844, 0x1844, 0x1844, 
  0x1844, 0x1844, 0x1844, 0x1844, 0x1844, 0x1824, 0x1823, 0x1823, 0x1823, 0x1823, 0x1003, 0x1003, 
  0x1003, 0x1003, 0x1003, 0x1003, 0x1003, 0x1823, 0x1823, 0x1823, 0x1823, 0x1823, 0x1823, 0x1823, 
  0x1823, 0x1823, 0x1823, 0x1823, 0x1823, 0x1823, 0x1823, 0x1823, 0x1823, 0x1823, 0x1823, 0x1823, 
  0x1823, 0x1823, 0x1823, 0x1823, 0x1823, 0x1823, 0x1823, 0x1823, 0x1823, 0x1823, 0x1823, 0x1823, 
  0x1823, 0x1823, 0x1823, 0x1823, 0x1823, 0x1823, 0x1823, 0x1823, 0x1823, 0x1823, 0x1823, 0x1823, 
  0x1823, 0x1823, 0x1823, 0x1823, 0x1823, 0x1823, 0x28a5, 0x41a8, 0x0841, 0x0841, 0x0841, 0x0841, 
  0x0821, 0x0821, 0x0821, 0x0821, 0x0821, 0x0821, 0x0841, 0x0841, 0x0841, 0x0841, 0x3907, 0x1844, 
  0x1844, 0x1844, 0x1844, 0x1844, 0x1844, 0x1844, 0x1844, 0x1844, 0x1844, 0x1844, 0x1844, 0x1844, 
  0x1844, 0x1844, 0x1844, 0x1844, 0x1844, 0x1844, 0x1844, 0x1844, 0x1844, 0x1844, 0x1844, 0x1844, 
  0x1844, 0x1844, 0x1844, 0x1844, 0x1844, 0x1844, 0x1844, 0x1844, 0x1844, 0x1844, 0x1844, 0x1844, 
  0x1844, 0x1844, 0x1844, 0x1844, 0x1844, 0x1844, 0x1844, 0x1844, 0x1844, 0x1844, 0x1844, 0x1844, 
  0x1844, 0x2044, 0x2044, 0x2044, 0x2044, 0x2044, 0x2044, 0x2044, 0x2044, 0x2065, 0x2885, 0x28a6, 
  0x30c6, 0x30e6, 0x30e6, 0x30e6, 0x30e7, 0x30e7, 0x30e6, 0x30e6, 0x30e6, 0x30e7, 0x3107, 0x628d, 
  0x2104, 0x2124, 0x2124, 0x2124, 0x2124, 0x18e3, 0x18e3, 0x18e3, 0x1904, 0x18e3, 0x18e3, 0x18e3, 
  0x3948, 0x28c6, 0x28c6, 0x28c6, 0x28c6, 0x28c6, 0x28c6, 0x28c6, 0x28c6, 0x28c6, 0x28c6, 0x28c6, 
  0x28c6, 0x28c6, 0x28c6, 0x28c6, 0x28c6, 0x28c6, 0x28c6, 0x28c6, 0x28c6, 0x28c6, 0x28a6, 0x28a5, 
  0x28a5, 0x28a5, 0x28a5, 0x28a5, 0x28a5, 0x28a5, 0x28a5, 0x28a5, 0x28a5, 0x28a5, 0x28a5, 0x28a5, 
  0x28a5, 0x28a5, 0x28a5, 0x28a5, 0x28a5, 0x28a5, 0x28a5, 0x2885, 0x2885, 0x2885, 0x2885, 0x2885, 
  0x2886, 0x2866, 0x2867, 0x2847, 0x2846, 0x2846, 0x2045, 0x2045, 0x2044, 0x2044, 0x2044, 0x2044, 
  0x2044, 0x2044, 0x2044, 0x2044, 0x2044, 0x2044, 0x2044, 0x2044, 0x2044, 0x2044, 0x2044, 0x2044, 
  0x2044, 0x5a2c, 0x0000, 0x0000, 0x0000, 0x0000, 0x0000, 0x0020, 0x0020, 0x0020, 0x0020, 0x0020, 
  0x0020, 0x0841, 0x0841, 0x0841, 0x1082, 0x1082, 0x1082, 0x0861, 0x0861, 0x0861, 0x0861, 0x0841, 
  0x0841, 0x0841, 0x0841, 0x0841, 0x0841, 0x0020, 0x4168, 0x28c5, 0x28c5, 0x28c6, 0x28c6, 0x28c5, 
  0x28c5, 0x28a5, 0x28c6, 0x28c6, 0x28c6, 0x28c6, 0x30c6, 0x30e6, 0x28c6, 0x28c6, 0x28a6, 0x28a5, 
  0x28a5, 0x2085, 0x2085, 0x2085, 0x2064, 0x2044, 0x1824, 0x1823, 0x1823, 0x1824, 0x1824, 0x1824, 
  0x1824, 0x1824, 0x1824, 0x1824, 0x1824, 0x1824, 0x1824, 0x1824, 0x1824, 0x1824, 0x1824, 0x1824, 
  0x1824, 0x1824, 0x1824, 0x1824, 0x1844, 0x1844, 0x1844, 0x1844, 0x1844, 0x1824, 0x1824, 0x1824, 
  0x1823, 0x1823, 0x1823, 0x1823, 0x1003, 0x1003, 0x1003, 0x1003, 0x1003, 0x1003, 0x1003, 0x1003, 
  0x1003, 0x1823, 0x1823, 0x1823, 0x1823, 0x1823, 0x1823, 0x1823, 0x1823, 0x1823, 0x1823, 0x1823, 
  0x1823, 0x1823, 0x1823, 0x1823, 0x1823, 0x1823, 0x1823, 0x1823, 0x1823, 0x1823, 0x1823, 0x1823, 
  0x1823, 0x1823, 0x1823, 0x1823, 0x1823, 0x1823, 0x1823, 0x1823, 0x1823, 0x1823, 0x1823, 0x1823, 
  0x1823, 0x1823, 0x1823, 0x1823, 0x1823, 0x1823, 0x1823, 0x1823, 0x1823, 0x1823, 0x1823, 0x1823, 
  0x1823, 0x1823, 0x28a5, 0x41a8, 0x0841, 0x0841, 0x0841, 0x0841, 0x0841, 0x0821, 0x0821, 0x0821, 
  0x0821, 0x0821, 0x0841, 0x0841, 0x0841, 0x0841, 0x3907, 0x1844, 0x1844, 0x1844, 0x1844, 0x1844, 
  0x1844, 0x1844, 0x1844, 0x1844, 0x1844, 0x1844, 0x1844, 0x1844, 0x1844, 0x1844, 0x1844, 0x1844, 
  0x1844, 0x1844, 0x1844, 0x1844, 0x1844, 0x1844, 0x1844, 0x1844, 0x1844, 0x1844, 0x1844, 0x1844, 
  0x1844, 0x1844, 0x1844, 0x1844, 0x1844, 0x1844, 0x1844, 0x1844, 0x1844, 0x1844, 0x1844, 0x1844, 
  0x1844, 0x1844, 0x1844, 0x1844, 0x1844, 0x1844, 0x1844, 0x1844, 0x1844, 0x1844, 0x2044, 0x2044, 
  0x2044, 0x2044, 0x2044, 0x2044, 0x2064, 0x2085, 0x28a5, 0x28c6, 0x30e6, 0x30e6, 0x3107, 0x3107, 
  0x3107, 0x3107, 0x3107, 0x3107, 0x3107, 0x3107, 0x3107, 0x628d, 0x2104, 0x2124, 0x2124, 0x2124, 
  0x2104, 0x18e3, 0x18e3, 0x18e3, 0x1904, 0x1904, 0x18e3, 0x18c3, 0x3948, 0x28c6, 0x28c6, 0x28c6, 
  0x28c6, 0x28c6, 0x28c6, 0x28c6, 0x28c6, 0x28c6, 0x28c6, 0x28c6, 0x28c6, 0x28c6, 0x28c6, 0x28c6, 
  0x28c6, 0x28c6, 0x28c6, 0x28c6, 0x28c6, 0x28a6, 0x28a5, 0x28a5, 0x28a5, 0x28a5, 0x28a5, 0x28a5, 
  0x28a5, 0x28a5, 0x28a5, 0x28a5, 0x28a5, 0x28a5, 0x28a5, 0x28a5, 0x28a5, 0x28a5, 0x28a5, 0x28a5, 
  0x28a5, 0x28a5, 0x2885, 0x2885, 0x2885, 0x2885, 0x2885, 0x2885, 0x2885, 0x2886, 0x2866, 0x2866, 
  0x2846, 0x2846, 0x2045, 0x2045, 0x2044, 0x2044, 0x2044, 0x2044, 0x2044, 0x2044, 0x2044, 0x2044, 
  0x2044, 0x2044, 0x2044, 0x2044, 0x2044, 0x2044, 0x2044, 0x2044, 0x2044, 0x5a2b, 0x0020, 0x0000, 
  0x0000, 0x0000, 0x0000, 0x0020, 0x0020, 0x0020, 0x0020, 0x0020, 0x0020, 0x0841, 0x0841, 0x0841, 
  0x1082, 0x1082, 0x1082, 0x1082, 0x0861, 0x0861, 0x0861, 0x0841, 0x0841, 0x0841, 0x0841, 0x0841, 
  0x0841, 0x0020, 0x4168, 0x30c6, 0x30c6, 0x30c6, 0x30c6, 0x30c6, 0x28c6, 0x28c6, 0x28c6, 0x30c6, 
  0x30e6, 0x30e6, 0x30e6, 0x30e6, 0x30e6, 0x28c6, 0x28c6, 0x28a5, 0x28a5, 0x2085, 0x2085, 0x2085, 
  0x2064, 0x2044, 0x1824, 0x1823, 0x1823, 0x1824, 0x1824, 0x1824, 0x1824, 0x1824, 0x1824, 0x1824, 
  0x1824, 0x1824, 0x1824, 0x1824, 0x1824, 0x1824, 0x1824, 0x1824, 0x1824, 0x1824, 0x1824, 0x1824, 
  0x1844, 0x1844, 0x1844, 0x1844, 0x1824, 0x1823, 0x1823, 0x1823, 0x1823, 0x1823, 0x1003, 0x1003, 
  0x1003, 0x1003, 0x1003, 0x1003, 0x1003, 0x1003, 0x1003, 0x1003, 0x1003, 0x1823, 0x1823, 0x1823, 
  0x1823, 0x1823, 0x1823, 0x1823, 0x1823, 0x1823, 0x1823, 0x1823, 0x1823, 0x1823, 0x1823, 0x1823, 
  0x1823, 0x1823, 0x1823, 0x1823, 0x1823, 0x1823, 0x1823, 0x1823, 0x1823, 0x1823, 0x1823, 0x1823, 
  0x1823, 0x1823, 0x1823, 0x1823, 0x1823, 0x1823, 0x1823, 0x1823, 0x1823, 0x1823, 0x1823, 0x1823, 
  0x1823, 0x1823, 0x1823, 0x1823, 0x1823, 0x1823, 0x1823, 0x1823, 0x1823, 0x1823, 0x28a5, 0x41a8, 
  0x0841, 0x0841, 0x0841, 0x0841, 0x0841, 0x0821, 0x0821, 0x0821, 0x0821, 0x0821, 0x0841, 0x0841, 
  0x0841, 0x0841, 0x3907, 0x1844, 0x1844, 0x1844, 0x1844, 0x1844, 0x1844, 0x1844, 0x1844, 0x1844, 
  0x1844, 0x1844, 0x1844, 0x1844, 0x1844, 0x1844, 0x1844, 0x1844, 0x1844, 0x1844, 0x1844, 0x1844, 
  0x1844, 0x1844, 0x1844, 0x1844, 0x1844, 0x1844, 0x1844, 0x1844, 0x1844, 0x1844, 0x1844, 0x1844, 
  0x1844, 0x1844, 0x1844, 0x1844, 0x1844, 0x1844, 0x1844, 0x1844, 0x1844, 0x1844, 0x1844, 0x1844, 
  0x1844, 0x1844, 0x1844, 0x1844, 0x1844, 0x1844, 0x1844, 0x2044, 0x2044, 0x2044, 0x2044, 0x2044, 
  0x2064, 0x2085, 0x28a5, 0x30c6, 0x30e6, 0x3107, 0x3107, 0x3107, 0x3107, 0x3107, 0x3107, 0x3107, 
  0x3107, 0x3107, 0x3107, 0x628d, 0x2104, 0x2124, 0x2124, 0x2104, 0x18e3, 0x18e3, 0x18e3, 0x18e3, 
  0x18e3, 0x18e3, 0x18c3, 0x18c3, 0x3948, 0x28c6, 0x28c6, 0x28c6, 0x28c6, 0x28c6, 0x28c6, 0x28c6, 
  0x28c6, 0x28c6, 0x28c6, 0x28c6, 0x28c6, 0x28c6, 0x28c6, 0x28c6, 0x28c6, 0x28c6, 0x28c6, 0x28c6, 
  0x28a5, 0x28a5, 0x28a5, 0x28a5, 0x28a5, 0x28a5, 0x28a5, 0x28a5, 0x28a5, 0x28a5, 0x28a5, 0x28a5, 
  0x28a5, 0x28a5, 0x28a5, 0x28a5, 0x28a5, 0x28a5, 0x28a5, 0x28a5, 0x2885, 0x2885, 0x2885, 0x2885, 
  0x2885, 0x2885, 0x2885, 0x2885, 0x2885, 0x2885, 0x2886, 0x2866, 0x2846, 0x2846, 0x2846, 0x2045, 
  0x2045, 0x2044, 0x2044, 0x2044, 0x2044, 0x2044, 0x2044, 0x2044, 0x2044, 0x2044, 0x2044, 0x2044, 
  0x2044, 0x2044, 0x2044, 0x2044, 0x2044, 0x5a2b, 0x0000, 0x0000, 0x0000, 0x0000, 0x0000, 0x0020, 
  0x0020, 0x0020, 0x0020, 0x0020, 0x0020, 0x0841, 0x0841, 0x0841, 0x1082, 0x1082, 0x1082, 0x1082, 
  0x0861, 0x0861, 0x0861, 0x0861, 0x0841, 0x0841, 0x0841, 0x0841, 0x0841, 0x0841, 0x4189, 0x30e6, 
  0x30e6, 0x30e6, 0x30e6, 0x30e6, 0x30e6, 0x30e6, 0x30e6, 0x30e6, 0x30e6, 0x30e6, 0x30e6, 0x30e6, 
  0x30e6, 0x30c6, 0x28c6, 0x28a5, 0x28a5, 0x2085, 0x2085, 0x2085, 0x2064, 0x1844, 0x1824, 0x1823, 
  0x1823, 0x1824, 0x1824, 0x1824, 0x1824, 0x1824, 0x1824, 0x1824, 0x1824, 0x1824, 0x1824, 0x1824, 
  0x1824, 0x1824, 0x1824, 0x1824, 0x1824, 0x1824, 0x1824, 0x1824, 0x1824, 0x1824, 0x1824, 0x1823, 
  0x1823, 0x1823, 0x1823, 0x1803, 0x1003, 0x1003, 0x1003, 0x1003, 0x1003, 0x1003, 0x1003, 0x1003, 
  0x1003, 0x1003, 0x1003, 0x1003, 0x1003, 0x1823, 0x1823, 0x1823, 0x1823, 0x1823, 0x1823, 0x1823, 
  0x1823, 0x1823, 0x1823, 0x1823, 0x1823, 0x1823, 0x1823, 0x1823, 0x1823, 0x1823, 0x1823, 0x1823, 
  0x1823, 0x1823, 0x1823, 0x1823, 0x1823, 0x1823, 0x1823, 0x1823, 0x1823, 0x1823, 0x1823, 0x1823, 
  0x1823, 0x1823, 0x1823, 0x1823, 0x1823, 0x1823, 0x1823, 0x1823, 0x1823, 0x1823, 0x1823, 0x1823, 
  0x1823, 0x1823, 0x1823, 0x1823, 0x1823, 0x1823, 0x28a5, 0x41a8, 0x0841, 0x0841, 0x0841, 0x0841, 
  0x0841, 0x0821, 0x0821, 0x0821, 0x0821, 0x0821, 0x0821, 0x0841, 0x0841, 0x0841, 0x3907, 0x1844, 
  0x1844, 0x1844, 0x1844, 0x1844, 0x1844, 0x1844, 0x1844, 0x1844, 0x1844, 0x1844, 0x1844, 0x1844, 
  0x1844, 0x1844, 0x1844, 0x1844, 0x1844, 0x1844, 0x1844, 0x1844, 0x1844, 0x1844, 0x1844, 0x1844, 
  0x1844, 0x1844, 0x1844, 0x1844, 0x1844, 0x1844, 0x1844, 0x1844, 0x1844, 0x1844, 0x1844, 0x1844, 
  0x1844, 0x1844, 0x1844, 0x1844, 0x1844, 0x1844, 0x1844, 0x1844, 0x1844, 0x1844, 0x1844, 0x1844, 
  0x1844, 0x1844, 0x1844, 0x1844, 0x2044, 0x2044, 0x2044, 0x2064, 0x2065, 0x2885, 0x28c6, 0x30e6, 
  0x30e6, 0x3107, 0x3107, 0x3107, 0x3107, 0x3107, 0x3107, 0x3107, 0x3107, 0x3107, 0x3107, 0x628d, 
  0x2104, 0x2124, 0x2104, 0x18e3, 0x18e3, 0x18e3, 0x18e3, 0x18e3, 0x18e3, 0x18e3, 0x18c3, 0x18c3, 
  0x3948, 0x28c6, 0x28c6, 0x28c6, 0x28c6, 0x28c6, 0x28c6, 0x28c6, 0x28c6, 0x28c6, 0x28c6, 0x28c6, 
  0x28c6, 0x28c6, 0x28c6, 0x28c6, 0x28c6, 0x28c6, 0x28c6, 0x28a6, 0x28a5, 0x28a5, 0x28a5, 0x28a5, 
  0x28a5, 0x28a5, 0x28a5, 0x28a5, 0x28a5, 0x28a5, 0x28a5, 0x28a5, 0x28a5, 0x28a5, 0x28a5, 0x28a5, 
  0x28a5, 0x28a5, 0x28a5, 0x2885, 0x2885, 0x2885, 0x2885, 0x2885, 0x2885, 0x2885, 0x2885, 0x2885, 
  0x2885, 0x2885, 0x2885, 0x2866, 0x2866, 0x2846, 0x2846, 0x2045, 0x2045, 0x2044, 0x2044, 0x2044, 
  0x2044, 0x2044, 0x2044, 0x2044, 0x2044, 0x2044, 0x2044, 0x2044, 0x2044, 0x2044, 0x2044, 0x2044, 
  0x2044, 0x5a2b, 0x0000, 0x0000, 0x0000, 0x0000, 0x0020, 0x0020, 0x0020, 0x0020, 0x0020, 0x0020, 
  0x0020, 0x0841, 0x0841, 0x0841, 0x1082, 0x1082, 0x1082, 0x1082, 0x0861, 0x0861, 0x0861, 0x0861, 
  0x0841, 0x0841, 0x0841, 0x0841, 0x0841, 0x18e3, 0x49a9, 0x30e6, 0x30e6, 0x30e6, 0x30e6, 0x30e6, 
  0x30e6, 0x30e6, 0x30e6, 0x30e6, 0x30e6, 0x30e6, 0x30e6, 0x30e6, 0x30e6, 0x30e6, 0x28c6, 0x28c6, 
  0x28a5, 0x2085, 0x2085, 0x2085, 0x2064, 0x1844, 0x1824, 0x1823, 0x1824, 0x1824, 0x1824, 0x1824, 
  0x1824, 0x1824, 0x1824, 0x1824, 0x1824, 0x1824, 0x1824, 0x1824, 0x1824, 0x1824, 0x1824, 0x1824, 
  0x1824, 0x1824, 0x1824, 0x1823, 0x1823, 0x1823, 0x1823, 0x1823, 0x1823, 0x1003, 0x1003, 0x1003, 
  0x1003, 0x1003, 0x1003, 0x1003, 0x1003, 0x1003, 0x1003, 0x1003, 0x1003, 0x1003, 0x1003, 0x1003, 
  0x1003, 0x1823, 0x1823, 0x1823, 0x1823, 0x1823, 0x1823, 0x1823, 0x1823, 0x1823, 0x1823, 0x1823, 
  0x1823, 0x1823, 0x1823, 0x1823, 0x1823, 0x1823, 0x1823, 0x1823, 0x1823, 0x1823, 0x1823, 0x1823, 
  0x1823, 0x1823, 0x1823, 0x1823, 0x1823, 0x1823, 0x1823, 0x1823, 0x1823, 0x1823, 0x1823, 0x1823, 
  0x1823, 0x1823, 0x1823, 0x1823, 0x1823, 0x1823, 0x1823, 0x1823, 0x1823, 0x1823, 0x1823, 0x1823, 
  0x1823, 0x1823, 0x28a5, 0x41a8, 0x0821, 0x0841, 0x0841, 0x0841, 0x0841, 0x0841, 0x0841, 0x0821, 
  0x0821, 0x0821, 0x0841, 0x0841, 0x0841, 0x0820, 0x3907, 0x1844, 0x1844, 0x1844, 0x1844, 0x1844, 
  0x1844, 0x1844, 0x1844, 0x1844, 0x1844, 0x1844, 0x1844, 0x1844, 0x1844, 0x1844, 0x1844, 0x1844, 
  0x1844, 0x1844, 0x1844, 0x1844, 0x1844, 0x1844, 0x1844, 0x1844, 0x1844, 0x1844, 0x1844, 0x1844, 
  0x1844, 0x1844, 0x1844, 0x1844, 0x1844, 0x1844, 0x1844, 0x1844, 0x1844, 0x1844, 0x1844, 0x1844, 
  0x1844, 0x1844, 0x1844, 0x1844, 0x1844, 0x1844, 0x1844, 0x1844, 0x1844, 0x1844, 0x1844, 0x1844, 
  0x1844, 0x2044, 0x2044, 0x2064, 0x2065, 0x28a5, 0x28c6, 0x30e6, 0x3107, 0x3107, 0x3107, 0x3107, 
  0x3107, 0x3107, 0x3107, 0x3107, 0x3107, 0x3107, 0x3107, 0x628d, 0x2104, 0x2124, 0x18e3, 0x18e3, 
  0x18e3, 0x18e3, 0x18e3, 0x18e3, 0x18e3, 0x18c3, 0x18c3, 0x18c3, 0x3948, 0x28c6, 0x28a5, 0x28a5, 
  0x28a5, 0x28a5, 0x28a5, 0x28a5, 0x28a5, 0x28a5, 0x28a6, 0x28c6, 0x28c6, 0x28c6, 0x28c6, 0x28c6, 
  0x28c6, 0x28c6, 0x28c6, 0x28a6, 0x28a5, 0x28a5, 0x28a5, 0x28a5, 0x28a5, 0x28a5, 0x28a5, 0x28a5, 
  0x28a5, 0x28a5, 0x28a5, 0x28a5, 0x28a5, 0x28a5, 0x28a5, 0x28a5, 0x28a5, 0x28a5, 0x2885, 0x2885, 
  0x2885, 0x2885, 0x2885, 0x2885, 0x2885, 0x2885, 0x2885, 0x2885, 0x2885, 0x2885, 0x2885, 0x2885, 
  0x2866, 0x2846, 0x2846, 0x2045, 0x2045, 0x2044, 0x2044, 0x2044, 0x2044, 0x2044, 0x2044, 0x2044, 
  0x2044, 0x2044, 0x2044, 0x2044, 0x2044, 0x2044, 0x2044, 0x2044, 0x2044, 0x5a2b, 0x0020, 0x0000, 
  0x0000, 0x0000, 0x0020, 0x0020, 0x0020, 0x0020, 0x0020, 0x0020, 0x0020, 0x0841, 0x0841, 0x0841, 
  0x1082, 0x1082, 0x1082, 0x1082, 0x0861, 0x0861, 0x0861, 0x0861, 0x0841, 0x0841, 0x0861, 0x2104, 
  0x2124, 0x18e3, 0x49a9, 0x30e6, 0x30e6, 0x30e6, 0x30e6, 0x30e6, 0x30e6, 0x30e6, 0x30e6, 0x30e6, 
  0x30e6, 0x30e6, 0x30e6, 0x30e6, 0x30e6, 0x30e6, 0x30c6, 0x28c6, 0x28a5, 0x28a5, 0x2085, 0x2084, 
  0x2064, 0x1844, 0x1824, 0x1823, 0x1824, 0x1824, 0x1824, 0x1824, 0x1824, 0x1824, 0x1824, 0x1824, 
  0x1824, 0x1824, 0x1824, 0x1824, 0x1824, 0x1824, 0x1824, 0x1824, 0x1824, 0x1823, 0x1823, 0x1823, 
  0x1823, 0x1823, 0x1823, 0x1823, 0x1003, 0x1003, 0x1003, 0x1003, 0x1003, 0x1003, 0x1003, 0x1003, 
  0x1003, 0x1003, 0x1003, 0x1003, 0x1003, 0x1003, 0x1003, 0x1003, 0x1003, 0x1823, 0x1823, 0x1823, 
  0x1823, 0x1823, 0x1823, 0x1823, 0x1823, 0x1823, 0x1823, 0x1823, 0x1823, 0x1823, 0x1823, 0x1823, 
  0x1823, 0x1823, 0x1823, 0x1823, 0x1823, 0x1823, 0x1823, 0x1823, 0x1823, 0x1823, 0x1823, 0x1823, 
  0x1823, 0x1823, 0x1823, 0x1823, 0x1823, 0x1823, 0x1823, 0x1823, 0x1823, 0x1823, 0x1823, 0x1823, 
  0x1823, 0x1823, 0x1823, 0x1823, 0x1823, 0x1823, 0x1823, 0x1823, 0x1823, 0x1823, 0x28a5, 0x41a8, 
  0x0821, 0x0841, 0x0841, 0x0841, 0x0841, 0x0841, 0x0841, 0x0821, 0x0821, 0x0821, 0x0821, 0x0841, 
  0x0841, 0x0820, 0x3907, 0x1844, 0x1844, 0x1844, 0x1844, 0x1844, 0x1844, 0x1844, 0x1844, 0x1844, 
  0x1844, 0x1844, 0x1844, 0x1844, 0x1844, 0x1844, 0x1844, 0x1844, 0x1844, 0x1844, 0x1844, 0x1844, 
  0x1844, 0x1844, 0x1844, 0x1844, 0x1844, 0x1844, 0x1844, 0x1844, 0x1844, 0x1844, 0x1844, 0x1844, 
  0x1844, 0x1844, 0x1844, 0x1844, 0x1844, 0x1844, 0x1844, 0x1844, 0x1844, 0x1844, 0x1844, 0x1844, 
  0x1844, 0x1844, 0x1844, 0x1844, 0x1844, 0x1844, 0x1844, 0x1844, 0x1844, 0x2044, 0x2044, 0x2064, 
  0x2085, 0x28a5, 0x30c6, 0x30e6, 0x3107, 0x3107, 0x3107, 0x3107, 0x3107, 0x3107, 0x3107, 0x3107, 
  0x3107, 0x3107, 0x3107, 0x628d, 0x2104, 0x18e3, 0x18e3, 0x18e3, 0x18e3, 0x18e3, 0x18e3, 0x18e3, 
  0x18c3, 0x18c3, 0x18c3, 0x18c3, 0x3948, 0x28a5, 0x28a5, 0x28a5, 0x28a5, 0x28a5, 0x28a5, 0x28a5, 
  0x28a5, 0x28a5, 0x28a5, 0x28c6, 0x28c6, 0x28c6, 0x28c6, 0x28c6, 0x28c6, 0x28c6, 0x28c6, 0x28a6, 
  0x28a5, 0x28a5, 0x28a5, 0x28a5, 0x28a5, 0x28a5, 0x28a5, 0x28a5, 0x28a5, 0x28a5, 0x28a5, 0x28a5, 
  0x28a5, 0x28a5, 0x28a5, 0x28a5, 0x28a5, 0x2885, 0x2885, 0x2885, 0x2885, 0x2885, 0x2885, 0x2885, 
  0x2885, 0x2885, 0x2885, 0x2885, 0x2885, 0x2885, 0x2885, 0x2885, 0x2865, 0x2866, 0x2046, 0x2045, 
  0x2045, 0x2045, 0x2044, 0x2044, 0x2044, 0x2044, 0x2044, 0x2044, 0x2044, 0x2044, 0x2044, 0x2044, 
  0x2044, 0x2044, 0x2044, 0x2044, 0x2044, 0x5a2b, 0x0000, 0x0020, 0x0000, 0x0000, 0x0020, 0x0020, 
  0x0020, 0x0020, 0x0020, 0x0020, 0x0020, 0x0841, 0x0841, 0x0841, 0x1082, 0x1082, 0x1082, 0x1082, 
  0x0861, 0x0861, 0x0861, 0x0861, 0x0861, 0x2104, 0x2124, 0x18e3, 0x18e3, 0x18e3, 0x49a9, 0x30e6, 
  0x30e6, 0x30e6, 0x30e6, 0x30e6, 0x30e6, 0x30e6, 0x30e6, 0x30e6, 0x30e6, 0x30e6, 0x30e6, 0x30e6, 
  0x30e6, 0x30e6, 0x30e6, 0x28c6, 0x28c6, 0x28a5, 0x2085, 0x2084, 0x2064, 0x1844, 0x1824, 0x1823, 
  0x1824, 0x1824, 0x1824, 0x1824, 0x1824, 0x1824, 0x1824, 0x1824, 0x1824, 0x1824, 0x1824, 0x1824, 
  0x1824, 0x1824, 0x1823, 0x1823, 0x1823, 0x1823, 0x1823, 0x1823, 0x1803, 0x1003, 0x1003, 0x1003, 
  0x1003, 0x1003, 0x1003, 0x1003, 0x1003, 0x1003, 0x1003, 0x1003, 0x1003, 0x1003, 0x1003, 0x1003, 
  0x1003, 0x1003, 0x1003, 0x1003, 0x1003, 0x1823, 0x1823, 0x1823, 0x1823, 0x1823, 0x1823, 0x1823, 
  0x1823, 0x1823, 0x1823, 0x1823, 0x1823, 0x1823, 0x1823, 0x1823, 0x1823, 0x1823, 0x1823, 0x1823, 
  0x1823, 0x1823, 0x1823, 0x1823, 0x1823, 0x1823, 0x1823, 0x1823, 0x1823, 0x1823, 0x1823, 0x1823, 
  0x1823, 0x1823, 0x1823, 0x1823, 0x1823, 0x1823, 0x1823, 0x1823, 0x1823, 0x1823, 0x1823, 0x1823, 
  0x1823, 0x1823, 0x1823, 0x1823, 0x1823, 0x1823, 0x28a5, 0x41a8, 0x0821, 0x0841, 0x0841, 0x0841, 
  0x0841, 0x0841, 0x0841, 0x0821, 0x0821, 0x0821, 0x0821, 0x0821, 0x0841, 0x0820, 0x3907, 0x1844, 
  0x1844, 0x1844, 0x1844, 0x1844, 0x1844, 0x1844, 0x1844, 0x1844, 0x1844, 0x1844, 0x1844, 0x1844, 
  0x1844, 0x1844, 0x1844, 0x1844, 0x1844, 0x1844, 0x1844, 0x1844, 0x1844, 0x1844, 0x1844, 0x1844, 
  0x1844, 0x1844, 0x1844, 0x1844, 0x1844, 0x1844, 0x1844, 0x1844, 0x1844, 0x1844, 0x1844, 0x1844, 
  0x1844, 0x1844, 0x1844, 0x1844, 0x1844, 0x1844, 0x1844, 0x1844, 0x1844, 0x1844, 0x1844, 0x1844, 
  0x1844, 0x1844, 0x1844, 0x1844, 0x1844, 0x2044, 0x2044, 0x2064, 0x2885, 0x28c6, 0x30e6, 0x3106, 
  0x3107, 0x3107, 0x3107, 0x3107, 0x3107, 0x3107, 0x3107, 0x3107, 0x3107, 0x3107, 0x3107, 0x626c, 
  0x18e3, 0x18e3, 0x18e3, 0x18e3, 0x18e3, 0x18e3, 0x18e3, 0x18e3, 0x18e3, 0x18e3, 0x18e3, 0x18c3, 
  0x3948, 0x28a5, 0x28a5, 0x28a5, 0x28a5, 0x28a5, 0x28a5, 0x28a5, 0x28a5, 0x28a5, 0x28a5, 0x28a6, 
  0x28c6, 0x28c6, 0x28c6, 0x28c6, 0x28c6, 0x28c6, 0x28c6, 0x28a5, 0x28a5, 0x28a5, 0x28a5, 0x28a5, 
  0x28a5, 0x28a5, 0x28a5, 0x28a5, 0x28a5, 0x28a5, 0x28a5, 0x28a5, 0x28a5, 0x28a5, 0x28a5, 0x28a5, 
  0x2885, 0x2885, 0x2885, 0x2885, 0x2885, 0x2885, 0x2885, 0x2885, 0x2885, 0x2885, 0x2885, 0x2885, 
  0x2885, 0x2885, 0x2885, 0x2885, 0x2885, 0x2865, 0x2045, 0x2045, 0x2045, 0x2045, 0x2044, 0x2044, 
  0x2044, 0x2044, 0x2044, 0x2044, 0x2044, 0x2044, 0x2044, 0x2044, 0x2044, 0x2044, 0x2044, 0x2044, 
  0x2044, 0x5a2b, 0x0000, 0x0000, 0x0000, 0x0020, 0x0020, 0x0020, 0x0020, 0x0020, 0x0020, 0x0020, 
  0x0020, 0x0841, 0x0841, 0x0841, 0x1082, 0x1082, 0x1082, 0x1082, 0x0861, 0x0861, 0x1082, 0x18e3, 
  0x18e3, 0x18e3, 0x18e3, 0x18e3, 0x18e3, 0x18e3, 0x49a9, 0x30e6, 0x30e6, 0x30e6, 0x30e6, 0x30e6, 
  0x30e6, 0x30e6, 0x30e6, 0x30e6, 0x30e6, 0x30e6, 0x30e6, 0x30e6, 0x30e6, 0x30e6, 0x30e6, 0x28c6, 
  0x28c6, 0x28a5, 0x2085, 0x2064, 0x2044, 0x1844, 0x1824, 0x1824, 0x1824, 0x1824, 0x1824, 0x1824, 
  0x1824, 0x1824, 0x1824, 0x1824, 0x1824, 0x1824, 0x1824, 0x1823, 0x1823, 0x1823, 0x1823, 0x1823, 
  0x1823, 0x1823, 0x1803, 0x1003, 0x1003, 0x1003, 0x1003, 0x1003, 0x1003, 0x1003, 0x1003, 0x1003, 
  0x1003, 0x1003, 0x1003, 0x1003, 0x1003, 0x1003, 0x1003, 0x1003, 0x1003, 0x1003, 0x1003, 0x1003, 
  0x1003, 0x1823, 0x1823, 0x1823, 0x1823, 0x1823, 0x1823, 0x1823, 0x1823, 0x1823, 0x1823, 0x1823, 
  0x1823, 0x1823, 0x1823, 0x1823, 0x1823, 0x1823, 0x1823, 0x1823, 0x1823, 0x1823, 0x1823, 0x1823, 
  0x1823, 0x1823, 0x1823, 0x1823, 0x1823, 0x1823, 0x1823, 0x1823, 0x1823, 0x1823, 0x1823, 0x1823, 
  0x1823, 0x1823, 0x1823, 0x1823, 0x1823, 0x1823, 0x1823, 0x1823, 0x1823, 0x1823, 0x1823, 0x1823, 
  0x1823, 0x1823, 0x28a5, 0x41a8, 0x0820, 0x0821, 0x0841, 0x0841, 0x0841, 0x0841, 0x0841, 0x0841, 
  0x0821, 0x0821, 0x0821, 0x0821, 0x0841, 0x0820, 0x3907, 0x1844, 0x1844, 0x1844, 0x1844, 0x1844, 
  0x1844, 0x1844, 0x1844, 0x1844, 0x1844, 0x1844, 0x1844, 0x1844, 0x1844, 0x1844, 0x1844, 0x1844, 
  0x1844, 0x1844, 0x1844, 0x1844, 0x1844, 0x1844, 0x1844, 0x1844, 0x1844, 0x1844, 0x1844, 0x1844, 
  0x1844, 0x1844, 0x1844, 0x1844, 0x1844, 0x1844, 0x1844, 0x1844, 0x1844, 0x1844, 0x1844, 0x1844, 
  0x1844, 0x1844, 0x1844, 0x1844, 0x1844, 0x1844, 0x1844, 0x1844, 0x1844, 0x1844, 0x1844, 0x1844, 
  0x1844, 0x2044, 0x2064, 0x2085, 0x28a5, 0x30c6, 0x30e6, 0x3107, 0x3107, 0x3107, 0x3107, 0x3107, 
  0x3107, 0x3107, 0x3107, 0x3107, 0x3107, 0x3107, 0x3106, 0x626c, 0x18c3, 0x18e3, 0x18e3, 0x18e3, 
  0x18e3, 0x18e3, 0x18e3, 0x18e3, 0x18e3, 0x18e3, 0x18c3, 0x18c3, 0x3948, 0x28a5, 0x28a5, 0x28a5, 
  0x28a5, 0x28a5, 0x28a5, 0x28a5, 0x28a5, 0x28a5, 0x28a5, 0x28a5, 0x28a5, 0x28c6, 0x28c6, 0x28c6, 
  0x28c6, 0x28c6, 0x28a6, 0x28a5, 0x28a5, 0x28a5, 0x28a5, 0x28a5, 0x28a5, 0x28a5, 0x28a5, 0x28a5, 
  0x28a5, 0x28a5, 0x28a5, 0x28a5, 0x28a5, 0x28a5, 0x2885, 0x2885, 0x2885, 0x2885, 0x2885, 0x2885, 
  0x2885, 0x2885, 0x2885, 0x2885, 0x2885, 0x2885, 0x2885, 0x2885, 0x2885, 0x2885, 0x2885, 0x2885, 
  0x2085, 0x2065, 0x2065, 0x2045, 0x2045, 0x2045, 0x2044, 0x2044, 0x2044, 0x2044, 0x2044, 0x2044, 
  0x2044, 0x2044, 0x2044, 0x2044, 0x2044, 0x2044, 0x2044, 0x2044, 0x2044, 0x5a2b, 0x0020, 0x0020, 
  0x0000, 0x0020, 0x0020, 0x0020, 0x0020, 0x0020, 0x0020, 0x0020, 0x0020, 0x0841, 0x0841, 0x0841, 
  0x1082, 0x1082, 0x1082, 0x0861, 0x1082, 0x18c3, 0x18e3, 0x18e3, 0x18e3, 0x18e3, 0x18e3, 0x18e3, 
  0x18e3, 0x18e3, 0x49a9, 0x30e6, 0x30e6, 0x30e6, 0x30e6, 0x30e6, 0x30e6, 0x30e6, 0x30e6, 0x30e6, 
  0x30e6, 0x30e6, 0x30e6, 0x30e6, 0x30e6, 0x30e6, 0x30e6, 0x30c6, 0x28c6, 0x28a5, 0x2085, 0x2064, 
  0x2044, 0x1844, 0x1824, 0x1824, 0x1824, 0x1824, 0x1824, 0x1824, 0x1824, 0x1824, 0x1824, 0x1824, 
  0x1823, 0x1823, 0x1823, 0x1823, 0x1823, 0x1823, 0x1823, 0x1803, 0x1003, 0x1003, 0x1003, 0x1003, 
  0x1003, 0x1003, 0x1003, 0x1003, 0x1003, 0x1003, 0x1003, 0x1003, 0x1003, 0x1003, 0x1003, 0x1003, 
  0x1003, 0x1003, 0x1003, 0x1003, 0x1003, 0x1003, 0x1003, 0x1003, 0x1003, 0x1003, 0x1823, 0x1823, 
  0x1823, 0x1823, 0x1823, 0x1823, 0x1823, 0x1823, 0x1823, 0x1823, 0x1823, 0x1823, 0x1823, 0x1823, 
  0x1823, 0x1823, 0x1823, 0x1823, 0x1823, 0x1823, 0x1823, 0x1823, 0x1823, 0x1823, 0x1823, 0x1823, 
  0x1823, 0x1823, 0x1823, 0x1823, 0x1823, 0x1823, 0x1823, 0x1823, 0x1823, 0x1823, 0x1823, 0x1823, 
  0x1823, 0x1823, 0x1823, 0x1823, 0x1823, 0x1823, 0x1823, 0x1823, 0x1823, 0x1823, 0x28a5, 0x41a8, 
  0x0820, 0x0821, 0x0821, 0x0841, 0x0841, 0x0841, 0x0841, 0x0841, 0x0821, 0x0821, 0x0821, 0x0821, 
  0x0821, 0x0820, 0x3907, 0x1844, 0x1844, 0x1844, 0x1844, 0x1844, 0x1844, 0x1844, 0x1844, 0x1844, 
  0x1844, 0x1844, 0x1844, 0x1844, 0x1844, 0x1844, 0x1844, 0x1844, 0x1844, 0x1844, 0x1844, 0x1844, 
  0x1844, 0x1844, 0x1844, 0x1844, 0x1844, 0x1844, 0x1844, 0x1824, 0x1844, 0x1844, 0x1844, 0x1844, 
  0x1844, 0x1844, 0x1844, 0x1844, 0x1844, 0x1844, 0x1844, 0x1844, 0x1844, 0x1844, 0x1844, 0x1844, 
  0x1844, 0x1844, 0x1844, 0x1844, 0x1844, 0x1844, 0x1844, 0x1844, 0x1844, 0x2044, 0x2064, 0x2085, 
  0x28a6, 0x30e6, 0x30e6, 0x3107, 0x3107, 0x3107, 0x3107, 0x3107, 0x3106, 0x3106, 0x3106, 0x3107, 
  0x3107, 0x3106, 0x30e6, 0x626c, 0x18e3, 0x18e3, 0x18e3, 0x18e3, 0x18c3, 0x18c3, 0x18e3, 0x18e3, 
  0x18e3, 0x18e3, 0x18c3, 0x18c3, 0x3927, 0x28a5, 0x28a5, 0x28a5, 0x28a5, 0x28a5, 0x28a5, 0x28a5, 
  0x28a5, 0x28a5, 0x28a5, 0x28a5, 0x28a5, 0x28a6, 0x28c6, 0x28c6, 0x28c6, 0x28a5, 0x28a5, 0x28a5, 
  0x28a5, 0x28a5, 0x28a5, 0x28a5, 0x28a5, 0x28a5, 0x28a5, 0x28a5, 0x28a5, 0x28a5, 0x28a5, 0x28a5, 
  0x28a5, 0x2885, 0x2885, 0x2885, 0x2885, 0x2885, 0x2885, 0x2885, 0x2885, 0x2885, 0x2885, 0x2885, 
  0x2885, 0x2885, 0x2885, 0x2885, 0x2885, 0x2885, 0x2885, 0x2085, 0x2085, 0x2085, 0x2065, 0x2045, 
  0x2045, 0x2045, 0x2044, 0x2044, 0x2044, 0x2044, 0x2044, 0x2044, 0x2044, 0x2044, 0x2044, 0x2044, 
  0x2044, 0x2044, 0x2044, 0x2044, 0x2044, 0x5a2b, 0x0000, 0x0000, 0x0000, 0x0000, 0x0020, 0x0020, 
  0x0020, 0x0020, 0x0020, 0x0020, 0x0841, 0x0841, 0x0841, 0x0841, 0x1082, 0x1082, 0x1082, 0x10a2, 
  0x18c3, 0x18e3, 0x18e3, 0x18e3, 0x18e3, 0x18e3, 0x18e3, 0x18e3, 0x18e3, 0x18e3, 0x49a9, 0x30e6, 
  0x30e6, 0x30e6, 0x30e6, 0x30e6, 0x30e6, 0x30e6, 0x30e6, 0x30e6, 0x30e6, 0x30e6, 0x30e6, 0x30e6, 
  0x30e6, 0x30e6, 0x30e6, 0x30e6, 0x28c6, 0x28c6, 0x28a5, 0x2064, 0x2044, 0x1844, 0x1824, 0x1824, 
  0x1824, 0x1824, 0x1824, 0x1824, 0x1824, 0x1824, 0x1824, 0x1823, 0x1823, 0x1823, 0x1823, 0x1823, 
  0x1803, 0x1803, 0x1003, 0x1003, 0x1003, 0x1003, 0x1003, 0x1003, 0x1003, 0x1003, 0x1003, 0x1003, 
  0x1003, 0x1003, 0x1003, 0x1003, 0x1003, 0x1003, 0x1003, 0x1003, 0x1003, 0x1003, 0x1003, 0x1003, 
  0x1003, 0x1003, 0x1003, 0x1003, 0x1003, 0x1003, 0x1823, 0x1823, 0x1823, 0x1823, 0x1823, 0x1823, 
  0x1823, 0x1823, 0x1823, 0x1823, 0x1823, 0x1823, 0x1823, 0x1823, 0x1823, 0x1823, 0x1823, 0x1823, 
  0x1823, 0x1823, 0x1823, 0x1823, 0x1823, 0x1823, 0x1823, 0x1823, 0x1823, 0x1823, 0x1823, 0x1823, 
  0x1823, 0x1823, 0x1823, 0x1823, 0x1823, 0x1823, 0x1823, 0x1823, 0x1823, 0x1823, 0x1823, 0x1823, 
  0x1823, 0x1823, 0x1823, 0x1823, 0x1823, 0x1823, 0x28a5, 0x41a8, 0x0821, 0x0821, 0x0821, 0x0841, 
  0x0841, 0x0841, 0x0841, 0x0841, 0x0821, 0x0821, 0x0821, 0x0821, 0x0821, 0x0820, 0x3907, 0x1844, 
  0x1844, 0x1844, 0x1844, 0x1844, 0x1844, 0x1844, 0x1844, 0x1844, 0x1844, 0x1844, 0x1844, 0x1844, 
  0x1844, 0x1844, 0x1844, 0x1844, 0x1844, 0x1844, 0x1844, 0x1844, 0x1844, 0x1844, 0x1844, 0x1844, 
  0x1844, 0x1844, 0x1844, 0x1824, 0x1824, 0x1844, 0x1844, 0x1844, 0x1844, 0x1844, 0x1844, 0x1844, 
  0x1844, 0x1844, 0x1844, 0x1844, 0x1844, 0x1844, 0x1844, 0x1844, 0x1844, 0x1844, 0x1844, 0x1844, 
  0x1844, 0x1844, 0x1844, 0x1844, 0x1844, 0x2044, 0x2064, 0x2885, 0x28c6, 0x30e6, 0x3107, 0x3107, 
  0x3107, 0x3107, 0x3106, 0x30e6, 0x30e6, 0x30e6, 0x30e6, 0x3106, 0x3106, 0x30e6, 0x30e6, 0x626c, 
  0x18e3, 0x18e3, 0x18e3, 0x18c3, 0x18c3, 0x18c3, 0x18c3, 0x18e3, 0x18e3, 0x18e3, 0x18c3, 0x18c3, 
  0x3927, 0x28a5, 0x28a5, 0x28a5, 0x28a5, 0x28a5, 0x28a5, 0x28a5, 0x28a5, 0x28a5, 0x28a5, 0x28a5, 
  0x28a5, 0x28a5, 0x28a5, 0x28c6, 0x28a5, 0x28a5, 0x28a5, 0x28a5, 0x28a5, 0x28a5, 0x28a5, 0x28a5, 
  0x28a5, 0x28a5, 0x28a5, 0x28a5, 0x28a5, 0x28a5, 0x28a5, 0x28a5, 0x28a5, 0x2885, 0x2885, 0x2885, 
  0x2885, 0x2885, 0x2885, 0x2885, 0x2885, 0x2885, 0x2885, 0x2885, 0x2885, 0x2885, 0x2885, 0x2885, 
  0x2885, 0x2885, 0x2085, 0x2085, 0x2085, 0x2085, 0x2065, 0x2065, 0x2045, 0x2045, 0x2044, 0x2044, 
  0x2044, 0x2044, 0x2044, 0x2044, 0x2044, 0x2044, 0x2044, 0x2044, 0x2044, 0x2044, 0x2044, 0x2044, 
  0x2044, 0x5a2b, 0x0000, 0x0000, 0x0000, 0x0020, 0x0020, 0x0020, 0x0020, 0x0020, 0x0020, 0x0020, 
  0x0841, 0x0841, 0x0841, 0x0841, 0x10a2, 0x18c3, 0x18c3, 0x18c3, 0x18e3, 0x18e3, 0x18e3, 0x18e3, 
  0x18e3, 0x18e3, 0x18e3, 0x18e3, 0x18e3, 0x18e3, 0x49a9, 0x30e6, 0x30e6, 0x30e6, 0x30e6, 0x30e6, 
  0x30e6, 0x30e6, 0x30e6, 0x30e6, 0x30e6, 0x30e6, 0x30e6, 0x30e6, 0x30e6, 0x30e6, 0x30e6, 0x30e6, 
  0x30c6, 0x28c6, 0x28a5, 0x2065, 0x2044, 0x1844, 0x1824, 0x1824, 0x1824, 0x1824, 0x1824, 0x1824, 
  0x1823, 0x1823, 0x1823, 0x1823, 0x1823, 0x1803, 0x1803, 0x1003, 0x1003, 0x1003, 0x1003, 0x1003, 
  0x1003, 0x1003, 0x1003, 0x1003, 0x1003, 0x1003, 0x1003, 0x1003, 0x1003, 0x1003, 0x1003, 0x1003, 
  0x1003, 0x1003, 0x1003, 0x1003, 0x1003, 0x1003, 0x1003, 0x1003, 0x1003, 0x1003, 0x1003, 0x1003, 
  0x1003, 0x1003, 0x1823, 0x1823, 0x1823, 0x1823, 0x1823, 0x1823, 0x1823, 0x1823, 0x1823, 0x1823, 
  0x1823, 0x1823, 0x1823, 0x1823, 0x1823, 0x1823, 0x1823, 0x1823, 0x1823, 0x1823, 0x1823, 0x1823, 
  0x1823, 0x1823, 0x1823, 0x1823, 0x1823, 0x1823, 0x1823, 0x1823, 0x1823, 0x1823, 0x1823, 0x1823, 
  0x1823, 0x1823, 0x1823, 0x1823, 0x1823, 0x1823, 0x1823, 0x1823, 0x1823, 0x1823, 0x1823, 0x1823, 
  0x1823, 0x1823, 0x28a5, 0x41a8, 0x0821, 0x0821, 0x0821, 0x0841, 0x0841, 0x0841, 0x0841, 0x0841, 
  0x0821, 0x0821, 0x0821, 0x0821, 0x0821, 0x0820, 0x3907, 0x1824, 0x1844, 0x1844, 0x1844, 0x1844, 
  0x1844, 0x1844, 0x1844, 0x1844, 0x1844, 0x1844, 0x1844, 0x1844, 0x1844, 0x1844, 0x1844, 0x1844, 
  0x1844, 0x1844, 0x1844, 0x1844, 0x1844, 0x1844, 0x1844, 0x1844, 0x1844, 0x1844, 0x1844, 0x1844, 
  0x1824, 0x1844, 0x1844, 0x1844, 0x1844, 0x1844, 0x1844, 0x1844, 0x1844, 0x1844, 0x1844, 0x1844, 
  0x1844, 0x1844, 0x1844, 0x1844, 0x1844, 0x1844, 0x1844, 0x1844, 0x1844, 0x1844, 0x1844, 0x1844, 
  0x2044, 0x2064, 0x2065, 0x28a5, 0x30c6, 0x30e6, 0x3107, 0x3107, 0x3107, 0x3107, 0x30e6, 0x30e6, 
  0x30e6, 0x30e6, 0x30e6, 0x30e6, 0x30e6, 0x30e6, 0x30e6, 0x626c, 0x18e3, 0x18e3, 0x18e3, 0x18c3, 
  0x18c3, 0x18e3, 0x18e3, 0x18e3, 0x18e3, 0x18e3, 0x18c3, 0x18c3, 0x3927, 0x28a5, 0x28a5, 0x28a5, 
  0x28a5, 0x28a5, 0x28a5, 0x28a5, 0x28a5, 0x28a5, 0x28a5, 0x28a5, 0x28a5, 0x28a5, 0x28a5, 0x28a5, 
  0x28a5, 0x28a5, 0x28a5, 0x28a5, 0x28a5, 0x28a5, 0x28a5, 0x28a5, 0x28a5, 0x28a5, 0x28a5, 0x28a5, 
  0x28a5, 0x28a5, 0x28a5, 0x28a5, 0x28a5, 0x2885, 0x2885, 0x2885, 0x2885, 0x2885, 0x2885, 0x2885, 
  0x2885, 0x2885, 0x2885, 0x2885, 0x2885, 0x2885, 0x2885, 0x2885, 0x2885, 0x2885, 0x2085, 0x2085, 
  0x2085, 0x2085, 0x2065, 0x2065, 0x2065, 0x2044, 0x2044, 0x2044, 0x2044, 0x2044, 0x2044, 0x2044, 
  0x2044, 0x2044, 0x2044, 0x2044, 0x2044, 0x2044, 0x2044, 0x2044, 0x2044, 0x5a2b, 0x0020, 0x0020, 
  0x0000, 0x0020, 0x0020, 0x0020, 0x0020, 0x0020, 0x0020, 0x0020, 0x0841, 0x0841, 0x0841, 0x0841, 
  0x18c3, 0x18c3, 0x18e3, 0x18c3, 0x18c3, 0x18e3, 0x18e3, 0x18e3, 0x18e3, 0x18e3, 0x18e3, 0x18e3, 
  0x18e3, 0x18e3, 0x49a9, 0x30e6, 0x30e6, 0x30e6, 0x30e6, 0x30e6, 0x30e6, 0x30e6, 0x30e6, 0x30e6, 
  0x30e6, 0x30e6, 0x30e6, 0x30e6, 0x30e6, 0x30e6, 0x30e6, 0x30e6, 0x30e6, 0x28c6, 0x28a5, 0x2085, 
  0x2044, 0x1844, 0x1824, 0x1824, 0x1824, 0x1824, 0x1823, 0x1823, 0x1823, 0x1823, 0x1803, 0x1803, 
  0x1003, 0x1003, 0x1003, 0x1003, 0x1003, 0x1003, 0x1003, 0x1003, 0x1003, 0x1003, 0x1003, 0x1003, 
  0x1003, 0x1003, 0x1003, 0x1003, 0x1003, 0x1003, 0x1003, 0x1003, 0x1003, 0x1003, 0x1003, 0x1003, 
  0x1003, 0x1003, 0x1003, 0x1003, 0x1003, 0x1003, 0x1003, 0x1003, 0x1003, 0x1003, 0x1823, 0x1823, 
  0x1823, 0x1823, 0x1823, 0x1823, 0x1823, 0x1823, 0x1823, 0x1823, 0x1823, 0x1823, 0x1823, 0x1823, 
  0x1823, 0x1823, 0x1823, 0x1823, 0x1823, 0x1823, 0x1823, 0x1823, 0x1823, 0x1823, 0x1823, 0x1823, 
  0x1823, 0x1823, 0x1823, 0x1823, 0x1823, 0x1823, 0x1823, 0x1823, 0x1823, 0x1823, 0x1823, 0x1823, 
  0x1823, 0x1823, 0x1823, 0x1823, 0x1823, 0x1823, 0x1823, 0x1823, 0x1823, 0x1823, 0x28a5, 0x41a8, 
  0x0820, 0x0821, 0x0821, 0x0821, 0x0841, 0x0841, 0x0841, 0x0841, 0x0841, 0x0841, 0x0841, 0x0821, 
  0x0841, 0x0821, 0x3907, 0x1824, 0x1824, 0x1844, 0x1824, 0x1824, 0x1824, 0x1824, 0x1824, 0x1844, 
  0x1844, 0x1844, 0x1844, 0x1844, 0x1844, 0x1844, 0x1844, 0x1844, 0x1844, 0x1844, 0x1844, 0x1844, 
  0x1844, 0x1844, 0x1844, 0x1844, 0x1844, 0x1844, 0x1844, 0x1844, 0x1824, 0x1824, 0x1844, 0x1844, 
  0x1844, 0x1844, 0x1844, 0x1844, 0x1844, 0x1844, 0x1844, 0x1844, 0x1844, 0x1844, 0x1844, 0x1844, 
  0x1844, 0x1844, 0x1844, 0x1844, 0x1844, 0x1844, 0x1844, 0x1844, 0x2044, 0x2064, 0x2085, 0x28a6, 
  0x30e6, 0x3107, 0x3107, 0x3107, 0x3107, 0x30e6, 0x30e6, 0x30e6, 0x30e6, 0x30e6, 0x30e6, 0x30e6, 
  0x30e6, 0x30e6, 0x30e6, 0x626c, 0x18e3, 0x18e3, 0x18e3, 0x18c3, 0x18e3, 0x18e3, 0x18e3, 0x18e3, 
  0x18e3, 0x18e3, 0x18c3, 0x18c3, 0x3927, 0x28a5, 0x28a5, 0x28a5, 0x28a5, 0x28a5, 0x28a5, 0x28a5, 
  0x28a5, 0x28a5, 0x28a5, 0x28a5, 0x28a5, 0x28a5, 0x28a5, 0x28a5, 0x28a5, 0x28a5, 0x28a5, 0x28a5, 
  0x28a5, 0x28a5, 0x28a5, 0x28a5, 0x28a5, 0x28a5, 0x28a5, 0x28a5, 0x28a5, 0x28a5, 0x28a5, 0x28a5, 
  0x28a5, 0x2885, 0x2885, 0x2885, 0x28a5, 0x2885, 0x2885, 0x2885, 0x2885, 0x2885, 0x2885, 0x2885, 
  0x2885, 0x2885, 0x2885, 0x2885, 0x2885, 0x2085, 0x2085, 0x2085, 0x2085, 0x2085, 0x2085, 0x2065, 
  0x2065, 0x2044, 0x2044, 0x2044, 0x1844, 0x1844, 0x2044, 0x2044, 0x2044, 0x2044, 0x2044, 0x2044, 
  0x2044, 0x2044, 0x2044, 0x2044, 0x2044, 0x5a2b, 0x0000, 0x0000, 0x0000, 0x0020, 0x0020, 0x0020, 
  0x0020, 0x0020, 0x0020, 0x0020, 0x0841, 0x0841, 0x0841, 0x0861, 0x18c3, 0x18c3, 0x18c3, 0x18c3, 
  0x18e3, 0x18e3, 0x18e3, 0x18e3, 0x18e3, 0x18e3, 0x18e3, 0x18e3, 0x18e3, 0x18e3, 0x49a9, 0x30e6, 
  0x30e6, 0x30e6, 0x30e6, 0x30e6, 0x30e6, 0x30e6, 0x30e6, 0x30e6, 0x30e6, 0x30e6, 0x30e6, 0x30e6, 
  0x30e6, 0x30e6, 0x30e6, 0x30e6, 0x30e6, 0x28c6, 0x28a5, 0x2085, 0x2044, 0x1844, 0x1824, 0x1823, 
  0x1823, 0x1823, 0x1823, 0x1823, 0x1823, 0x1803, 0x1003, 0x1003, 0x1003, 0x1003, 0x1003, 0x1003, 
  0x1003, 0x1003, 0x1003, 0x1003, 0x1003, 0x1003, 0x1003, 0x1003, 0x1003, 0x1003, 0x1003, 0x1003, 
  0x1003, 0x1003, 0x1003, 0x1003, 0x1003, 0x1003, 0x1003, 0x1003, 0x1003, 0x1003, 0x1003, 0x1003, 
  0x1003, 0x1003, 0x1003, 0x1003, 0x1003, 0x1003, 0x1823, 0x1823, 0x1823, 0x1823, 0x1823, 0x1823, 
  0x1823, 0x1823, 0x1823, 0x1823, 0x1823, 0x1823, 0x1823, 0x1823, 0x1823, 0x1823, 0x1823, 0x1823, 
  0x1823, 0x1823, 0x1823, 0x1823, 0x1823, 0x1823, 0x1823, 0x1823, 0x1823, 0x1823, 0x1823, 0x1823, 
  0x1823, 0x1823, 0x1823, 0x1823, 0x1823, 0x1823, 0x1823, 0x1823, 0x1823, 0x1823, 0x1823, 0x1823, 
  0x1823, 0x1823, 0x1823, 0x1823, 0x1823, 0x1823, 0x28a5, 0x41a8, 0x0821, 0x0821, 0x0821, 0x0821, 
  0x0821, 0x0841, 0x0841, 0x0841, 0x0841, 0x0841, 0x0841, 0x0841, 0x0821, 0x0821, 0x3907, 0x1824, 
  0x1824, 0x1844, 0x1824, 0x1824, 0x1824, 0x1824, 0x1824, 0x1824, 0x1844, 0x1844, 0x1844, 0x1844, 
  0x1844, 0x1844, 0x1844, 0x1844, 0x1844, 0x1844, 0x1844, 0x1844, 0x1844, 0x1844, 0x1844, 0x1844, 
  0x1844, 0x1844, 0x1844, 0x1844, 0x1824, 0x1824, 0x1844, 0x1844, 0x1844, 0x1844, 0x1844, 0x1844, 
  0x1844, 0x1844, 0x1844, 0x1844, 0x1844, 0x1844, 0x1844, 0x1844, 0x1844, 0x1844, 0x1844, 0x1844, 
  0x1844, 0x1844, 0x1844, 0x1844, 0x2044, 0x2064, 0x2885, 0x28c6, 0x30e6, 0x3107, 0x3107, 0x3107, 
  0x30e6, 0x30e6, 0x30e6, 0x30e6, 0x30e6, 0x30e6, 0x30e6, 0x30e6, 0x30e6, 0x30e6, 0x30e6, 0x626c, 
  0x18c3, 0x18e3, 0x18e3, 0x18e3, 0x18e3, 0x18e3, 0x18e3, 0x18e3, 0x18e3, 0x18c3, 0x18c3, 0x18c3, 
  0x3927, 0x28a5, 0x28a5, 0x28a5, 0x28a5, 0x28a5, 0x28a5, 0x28a5, 0x28a5, 0x28a5, 0x28a5, 0x28a5, 
  0x28a5, 0x28a5, 0x28a5, 0x28a5, 0x28a5, 0x28a5, 0x28a5, 0x28a5, 0x28a5, 0x28a5, 0x28a5, 0x28a5, 
  0x28a5, 0x28a5, 0x28a5, 0x28a5, 0x28a5, 0x28a5, 0x28a5, 0x28a5, 0x28a5, 0x28a5, 0x2885, 0x28a5, 
  0x28a5, 0x2885, 0x2885, 0x2885, 0x2885, 0x2885, 0x2885, 0x2885, 0x2885, 0x2885, 0x2885, 0x2885, 
  0x2885, 0x2085, 0x2085, 0x2085, 0x2085, 0x2085, 0x2085, 0x2065, 0x2065, 0x2064, 0x2044, 0x2044, 
  0x1844, 0x1844, 0x1844, 0x1844, 0x1844, 0x1844, 0x1844, 0x1844, 0x1844, 0x1844, 0x1844, 0x1844, 
  0x1844, 0x5a2b, 0x0000, 0x0020, 0x0000, 0x0020, 0x0020, 0x0020, 0x0020, 0x0020, 0x0020, 0x0020, 
  0x0841, 0x0841, 0x0861, 0x0861, 0x18c3, 0x18c3, 0x18c3, 0x18c3, 0x18e3, 0x18e3, 0x18e3, 0x18e3, 
  0x18e3, 0x18e3, 0x18e3, 0x18e3, 0x18e3, 0x18c3, 0x49a9, 0x30e6, 0x30e6, 0x30e6, 0x30e6, 0x30e6, 
  0x30e6, 0x30e6, 0x30e6, 0x30e6, 0x30e6, 0x30e6, 0x30e6, 0x30e6, 0x30e6, 0x30e6, 0x30e6, 0x30e6, 
  0x30e6, 0x28c6, 0x28a5, 0x2085, 0x2064, 0x1844, 0x1824, 0x1823, 0x1823, 0x1823, 0x1803, 0x1803, 
  0x1003, 0x1003, 0x1003, 0x1003, 0x1003, 0x1003, 0x1003, 0x1003, 0x1003, 0x1003, 0x1003, 0x1003, 
  0x1003, 0x1003, 0x1003, 0x1003, 0x1003, 0x1003, 0x1003, 0x1003, 0x1003, 0x1003, 0x1003, 0x1003, 
  0x1003, 0x1003, 0x1003, 0x1003, 0x1003, 0x1003, 0x1003, 0x1003, 0x1003, 0x1003, 0x1003, 0x1003, 
  0x1003, 0x1003, 0x1803, 0x1823, 0x1823, 0x1823, 0x1823, 0x1823, 0x1823, 0x1823, 0x1823, 0x1823, 
  0x1823, 0x1823, 0x1823, 0x1823, 0x1823, 0x1823, 0x1823, 0x1823, 0x1823, 0x1823, 0x1823, 0x1823, 
  0x1823, 0x1823, 0x1823, 0x1823, 0x1823, 0x1823, 0x1823, 0x1823, 0x1823, 0x1823, 0x1823, 0x1823, 
  0x1823, 0x1823, 0x1823, 0x1823, 0x1823, 0x1823, 0x1823, 0x1823, 0x1823, 0x1823, 0x1823, 0x1823, 
  0x1823, 0x1823, 0x28a5, 0x41a8, 0x0820, 0x0821, 0x0821, 0x0821, 0x0841, 0x0841, 0x0841, 0x0841, 
  0x0841, 0x0841, 0x0841, 0x0821, 0x0821, 0x0821, 0x3907, 0x1824, 0x1824, 0x1824, 0x1824, 0x1824, 
  0x1824, 0x1824, 0x1824, 0x1824, 0x1844, 0x1844, 0x1844, 0x1844, 0x1844, 0x1844, 0x1844, 0x1844, 
  0x1844, 0x1844, 0x1844, 0x1844, 0x1844, 0x1844, 0x1844, 0x1844, 0x1844, 0x1844, 0x1844, 0x1844, 
  0x1824, 0x1824, 0x1824, 0x1844, 0x1844, 0x1844, 0x1844, 0x1844, 0x1844, 0x1844, 0x1844, 0x1844, 
  0x1844, 0x1844, 0x1844, 0x1844, 0x1844, 0x1844, 0x1844, 0x1844, 0x1844, 0x1844, 0x1844, 0x1844, 
  0x2044, 0x2065, 0x28a5, 0x28c6, 0x30e6, 0x3107, 0x3107, 0x3107, 0x30e6, 0x30e6, 0x30e6, 0x30e6, 
  0x30e6, 0x30e6, 0x30e6, 0x30e6, 0x30e6, 0x30e6, 0x30e6, 0x626c, 0x18c3, 0x18c3, 0x18e3, 0x18e3, 
  0x18e3, 0x18e3, 0x18e3, 0x18e3, 0x18e3, 0x18e3, 0x18c3, 0x18c3, 0x3927, 0x28a5, 0x28a5, 0x28a5, 
  0x28a5, 0x28a5, 0x28a5, 0x28a5, 0x28a5, 0x28a5, 0x28a5, 0x28a5, 0x28a5, 0x28a5, 0x28a5, 0x28a5, 
  0x28a5, 0x28a5, 0x28a5, 0x28a5, 0x28a5, 0x28a5, 0x28a5, 0x28a5, 0x28a5, 0x28a5, 0x28a5, 0x28a5, 
  0x28a5, 0x28a5, 0x28a5, 0x28a5, 0x28a5, 0x28a5, 0x28a5, 0x28a5, 0x28a5, 0x2885, 0x2885, 0x2885, 
  0x2885, 0x2885, 0x2885, 0x2885, 0x2885, 0x2885, 0x2885, 0x2085, 0x2085, 0x2085, 0x2085, 0x2085, 
  0x2085, 0x2085, 0x2085, 0x2065, 0x2065, 0x2064, 0x2044, 0x2044, 0x1844, 0x1844, 0x1844, 0x1844, 
  0x1844, 0x1844, 0x1844, 0x1844, 0x1844, 0x1844, 0x1844, 0x1844, 0x1844, 0x5a2b, 0x0000, 0x0000, 
  0x0020, 0x0020, 0x0020, 0x0020, 0x0020, 0x0020, 0x0020, 0x0841, 0x0841, 0x0841, 0x1061, 0x0861, 
  0x18c3, 0x18c3, 0x18c3, 0x18c3, 0x18e3, 0x18e3, 0x18e3, 0x18e3, 0x18e3, 0x18e3, 0x18e3, 0x2104, 
  0x18e3, 0x18e3, 0x49a9, 0x30e6, 0x30e6, 0x30e6, 0x30e6, 0x30e6, 0x30e6, 0x30e6, 0x30e6, 0x30e6, 
  0x30e6, 0x30e6, 0x30e6, 0x30e6, 0x30e6, 0x30e6, 0x30e6, 0x30e6, 0x30e6, 0x28c6, 0x28a5, 0x2085, 
  0x2064, 0x1844, 0x1823, 0x1823, 0x1803, 0x1803, 0x1003, 0x1003, 0x1003, 0x1003, 0x1003, 0x1003, 
  0x1003, 0x1003, 0x1003, 0x1003, 0x1003, 0x1003, 0x1003, 0x1003, 0x1003, 0x1003, 0x1003, 0x1003, 
  0x1003, 0x1003, 0x1003, 0x1003, 0x1003, 0x1003, 0x1003, 0x1003, 0x1003, 0x1003, 0x1003, 0x1003, 
  0x1003, 0x1003, 0x1003, 0x1003, 0x1003, 0x1003, 0x1003, 0x1003, 0x1003, 0x1003, 0x1803, 0x1823, 
  0x1823, 0x1823, 0x1823, 0x1823, 0x1823, 0x1823, 0x1823, 0x1823, 0x1823, 0x1823, 0x1823, 0x1823, 
  0x1823, 0x1823, 0x1823, 0x1823, 0x1823, 0x1823, 0x1823, 0x1823, 0x1823, 0x1823, 0x1823, 0x1823, 
  0x1823, 0x1823, 0x1823, 0x1823, 0x1823, 0x1823, 0x1823, 0x1823, 0x1823, 0x1823, 0x1823, 0x1823, 
  0x1823, 0x1823, 0x1823, 0x1823, 0x1823, 0x1823, 0x1823, 0x1823, 0x1823, 0x1823, 0x28a5, 0x41a8, 
  0x0821, 0x0821, 0x0821, 0x0821, 0x0821, 0x0841, 0x0841, 0x0841, 0x0841, 0x0841, 0x0841, 0x0821, 
  0x0841, 0x0821, 0x3907, 0x1824, 0x1824, 0x1824, 0x1824, 0x1824, 0x1824, 0x1824, 0x1824, 0x1824, 
  0x1824, 0x1844, 0x1844, 0x1844, 0x1844, 0x1844, 0x1844, 0x1844, 0x1844, 0x1844, 0x1844, 0x1844, 
  0x1844, 0x1844, 0x1844, 0x1844, 0x1844, 0x1844, 0x1844, 0x1844, 0x1824, 0x1824, 0x1824, 0x1844, 
  0x1844, 0x1844, 0x1844, 0x1844, 0x1844, 0x1844, 0x1844, 0x1844, 0x1844, 0x1844, 0x1844, 0x1844, 
  0x1844, 0x1844, 0x1844, 0x1844, 0x1844, 0x1844, 0x1844, 0x2044, 0x2064, 0x2085, 0x28a5, 0x30e6, 
  0x3107, 0x3107, 0x3107, 0x3106, 0x30e6, 0x30e6, 0x30e6, 0x30e6, 0x30e6, 0x30e6, 0x30e6, 0x30e6, 
  0x30e6, 0x30e6, 0x30e6, 0x626c, 0x18c3, 0x18c3, 0x18e3, 0x18e3, 0x18e3, 0x18e3, 0x18e3, 0x18e3, 
  0x18e3, 0x18e3, 0x18c3, 0x18c3, 0x3927, 0x28a5, 0x28a5, 0x28a5, 0x28a5, 0x28a5, 0x28a5, 0x28a5, 
  0x28a5, 0x28a5, 0x28a5, 0x28a5, 0x28a5, 0x28a5, 0x28a5, 0x28a5, 0x28a5, 0x28a5, 0x28a5, 0x28a5, 
  0x28a5, 0x28a5, 0x28a5, 0x28a5, 0x28a5, 0x28a5, 0x28a5, 0x28a5, 0x28a5, 0x28a5, 0x28a5, 0x28a5, 
  0x28a5, 0x28a5, 0x28a5, 0x28a5, 0x28a5, 0x2885, 0x2885, 0x2885, 0x2885, 0x2885, 0x2885, 0x2885, 
  0x2885, 0x2885, 0x2085, 0x2085, 0x2085, 0x2085, 0x2085, 0x2085, 0x2085, 0x2085, 0x2085, 0x2065, 
  0x2065, 0x2064, 0x2064, 0x2044, 0x1844, 0x1844, 0x1844, 0x1844, 0x1844, 0x1824, 0x1824, 0x1824, 
  0x1824, 0x1824, 0x1824, 0x1824, 0x1824, 0x5a2b, 0x0000, 0x0020, 0x0020, 0x0020, 0x0020, 0x0020, 
  0x0020, 0x0020, 0x0020, 0x0841, 0x0841, 0x1061, 0x1061, 0x1061, 0x18c3, 0x18c3, 0x18c3, 0x18c3, 
  0x18e3, 0x18e3, 0x18e3, 0x18e3, 0x18e3, 0x18e3, 0x18e3, 0x18e3, 0x18e3, 0x18e3, 0x49a9, 0x30e6, 
  0x30e6, 0x30e6, 0x30e6, 0x30e6, 0x30e6, 0x30e6, 0x30e6, 0x30e6, 0x30e6, 0x30e6, 0x30e6, 0x30e6, 
  0x30e6, 0x30e6, 0x30e6, 0x30e6, 0x30e6, 0x28c6, 0x28a5, 0x2085, 0x2064, 0x1844, 0x1824, 0x1823, 
  0x1803, 0x1003, 0x1003, 0x1003, 0x1003, 0x1003, 0x1003, 0x1003, 0x1003, 0x1003, 0x1003, 0x1003, 
  0x1003, 0x1003, 0x1003, 0x1003, 0x1003, 0x1003, 0x1003, 0x1003, 0x1003, 0x1003, 0x1003, 0x1003, 
  0x1003, 0x1003, 0x1003, 0x1003, 0x1003, 0x1003, 0x1003, 0x1003, 0x1003, 0x1003, 0x1003, 0x1003, 
  0x1003, 0x1003, 0x1003, 0x1003, 0x1003, 0x1003, 0x1003, 0x1823, 0x1823, 0x1823, 0x1823, 0x1823, 
  0x1823, 0x1823, 0x1823, 0x1823, 0x1823, 0x1823, 0x1823, 0x1823, 0x1823, 0x1823, 0x1823, 0x1823, 
  0x1823, 0x1823, 0x1823, 0x1823, 0x1823, 0x1823, 0x1823, 0x1823, 0x1823, 0x1823, 0x1823, 0x1823, 
  0x1823, 0x1823, 0x1823, 0x1823, 0x1823, 0x1823, 0x1823, 0x1823, 0x1823, 0x1823, 0x1823, 0x1823, 
  0x1823, 0x1823, 0x1823, 0x1823, 0x1823, 0x1823, 0x28a5, 0x41a8, 0x0020, 0x0821, 0x0821, 0x0821, 
  0x0821, 0x0841, 0x0841, 0x0841, 0x0841, 0x0841, 0x0841, 0x0821, 0x0821, 0x0821, 0x3907, 0x1824, 
  0x1824, 0x1824, 0x1824, 0x1824, 0x1824, 0x1824, 0x1824, 0x1824, 0x1824, 0x1824, 0x1844, 0x1844, 
  0x1844, 0x1844, 0x1844, 0x1844, 0x1844, 0x1844, 0x1844, 0x1844, 0x1844, 0x1844, 0x1844, 0x1844, 
  0x1844, 0x1844, 0x1844, 0x1844, 0x1824, 0x1824, 0x1824, 0x1844, 0x1844, 0x1844, 0x1844, 0x1844, 
  0x1844, 0x1844, 0x1844, 0x1844, 0x1844, 0x1844, 0x1844, 0x1844, 0x1844, 0x1844, 0x1844, 0x1844, 
  0x1844, 0x1844, 0x1844, 0x2044, 0x2064, 0x2085, 0x28c6, 0x30e6, 0x3107, 0x3107, 0x3107, 0x30e6, 
  0x30e6, 0x30e6, 0x30e6, 0x30e6, 0x30e6, 0x30e6, 0x30e6, 0x30e6, 0x30e6, 0x30e6, 0x30e6, 0x626c, 
  0x18c3, 0x18e3, 0x18e3, 0x18e3, 0x18e3, 0x18e3, 0x18e3, 0x18e3, 0x18e3, 0x18e3, 0x18c3, 0x18c3, 
  0x3927, 0x28a5, 0x28a5, 0x28a5, 0x28a5, 0x28a5, 0x28a5, 0x28a5, 0x28a5, 0x28a5, 0x28a5, 0x28a5, 
  0x28a5, 0x28a5, 0x28a5, 0x28a5, 0x28a5, 0x28a5, 0x28a5, 0x28a5, 0x28a5, 0x28a5, 0x28a5, 0x28a5, 
  0x28a5, 0x28a5, 0x28a5, 0x28a5, 0x28a5, 0x2885, 0x2885, 0x28a5, 0x28a5, 0x28a5, 0x28a5, 0x28a5, 
  0x28a5, 0x2885, 0x2885, 0x2885, 0x2885, 0x2885, 0x2885, 0x2885, 0x2885, 0x2085, 0x2085, 0x2085, 
  0x2085, 0x2085, 0x2085, 0x2085, 0x2085, 0x2085, 0x2085, 0x2065, 0x2065, 0x2065, 0x2064, 0x2044, 
  0x2044, 0x1844, 0x1824, 0x1824, 0x1824, 0x1824, 0x1824, 0x1824, 0x1824, 0x1824, 0x1824, 0x1824, 
  0x1823, 0x5a2b, 0x0000, 0x0000, 0x0020, 0x0020, 0x0020, 0x0020, 0x0020, 0x0020, 0x0020, 0x0841, 
  0x1082, 0x1061, 0x1061, 0x1061, 0x18c3, 0x18c3, 0x18c3, 0x18c3, 0x18e3, 0x18e3, 0x18e3, 0x18e3, 
  0x18e3, 0x18e3, 0x18e3, 0x18e3, 0x18e3, 0x18e3, 0x49a9, 0x30e6, 0x30e6, 0x30e6, 0x30e6, 0x30e6, 
  0x30e6, 0x30e6, 0x30e6, 0x30e6, 0x30e6, 0x30e6, 0x30e6, 0x30e6, 0x30e6, 0x30e6, 0x30e6, 0x30e6, 
  0x30e6, 0x28c6, 0x28a6, 0x2885, 0x2064, 0x2044, 0x1844, 0x1823, 0x1803, 0x1003, 0x1003, 0x1003, 
  0x1003, 0x1003, 0x1003, 0x1003, 0x1003, 0x1003, 0x1003, 0x1003, 0x1003, 0x1003, 0x1003, 0x1003, 
  0x1003, 0x1003, 0x1003, 0x1003, 0x1003, 0x1003, 0x1003, 0x1003, 0x1003, 0x1003, 0x1003, 0x1003, 
  0x1003, 0x1003, 0x1003, 0x1003, 0x1003, 0x1003, 0x1003, 0x1003, 0x1003, 0x1003, 0x1003, 0x1003, 
  0x1003, 0x1003, 0x1003, 0x1823, 0x1823, 0x1823, 0x1823, 0x1823, 0x1823, 0x1823, 0x1823, 0x1823, 
  0x1823, 0x1823, 0x1823, 0x1823, 0x1823, 0x1823, 0x1823, 0x1823, 0x1823, 0x1823, 0x1823, 0x1823, 
  0x1823, 0x1823, 0x1823, 0x1823, 0x1823, 0x1823, 0x1823, 0x1823, 0x1823, 0x1823, 0x1823, 0x1823, 
  0x1823, 0x1823, 0x1823, 0x1823, 0x1823, 0x1823, 0x1823, 0x1823, 0x1823, 0x1823, 0x1823, 0x1823, 
  0x1823, 0x1823, 0x28a5, 0x41a8, 0x0020, 0x0821, 0x0821, 0x0821, 0x0821, 0x0841, 0x0841, 0x0841, 
  0x0841, 0x0841, 0x0841, 0x0821, 0x0841, 0x0821, 0x3907, 0x1824, 0x1824, 0x1824, 0x1824, 0x1824, 
  0x1824, 0x1824, 0x1824, 0x1824, 0x1824, 0x1824, 0x1844, 0x1844, 0x1844, 0x1844, 0x1844, 0x1844, 
  0x1844, 0x1844, 0x1844, 0x1844, 0x1844, 0x1844, 0x1844, 0x1844, 0x1844, 0x1844, 0x1844, 0x1844, 
  0x1824, 0x1824, 0x1824, 0x1824, 0x1844, 0x1844, 0x1844, 0x1844, 0x1844, 0x1844, 0x1844, 0x1844, 
  0x1844, 0x1844, 0x1844, 0x1844, 0x1844, 0x1844, 0x1844, 0x1844, 0x1844, 0x1844, 0x1844, 0x2044, 
  0x2064, 0x2885, 0x28c6, 0x30e6, 0x3107, 0x3107, 0x3106, 0x30e6, 0x30e6, 0x30e6, 0x30e6, 0x30e6, 
  0x30e6, 0x30e6, 0x30e6, 0x30e6, 0x30e6, 0x30e6, 0x30e6, 0x624c, 0x18c3, 0x18c3, 0x18c3, 0x18e3, 
  0x18e3, 0x18e3, 0x18e3, 0x18e3, 0x18c3, 0x18c3, 0x18c3, 0x18c3, 0x3927, 0x28a5, 0x28a5, 0x28a5, 
  0x28a5, 0x28a5, 0x28a5, 0x28a5, 0x28a5, 0x28a5, 0x28a5, 0x28a5, 0x28a5, 0x28a5, 0x2885, 0x28a5, 
  0x28a5, 0x28a5, 0x28a5, 0x28a5, 0x28a5, 0x28a5, 0x28a5, 0x28a5, 0x28a5, 0x28a5, 0x28a5, 0x2885, 
  0x2885, 0x2885, 0x2885, 0x2885, 0x28a5, 0x28a5, 0x28a5, 0x28a5, 0x2885, 0x2885, 0x2885, 0x2885, 
  0x2885, 0x2885, 0x2885, 0x2885, 0x2085, 0x2085, 0x2085, 0x2085, 0x2085, 0x2085, 0x2085, 0x2085, 
  0x2085, 0x2085, 0x2065, 0x2065, 0x2065, 0x2065, 0x2064, 0x2064, 0x2044, 0x1844, 0x1844, 0x1824, 
  0x1823, 0x1823, 0x1823, 0x1823, 0x1823, 0x1823, 0x1823, 0x1823, 0x1823, 0x5a2b, 0x0000, 0x0000, 
  0x0020, 0x0020, 0x0020, 0x0020, 0x0020, 0x0020, 0x0020, 0x0861, 0x1082, 0x1061, 0x1061, 0x1061, 
  0x18c3, 0x18c3, 0x18c3, 0x18c3, 0x18e3, 0x18e3, 0x18e3, 0x18e3, 0x18e3, 0x18e3, 0x18e3, 0x2104, 
  0x18e3, 0x18e3, 0x49a9, 0x30e6, 0x30e6, 0x30e6, 0x30e6, 0x30e6, 0x30e6, 0x30e6, 0x30e6, 0x30e6, 
  0x30e6, 0x30e6, 0x30e6, 0x30e6, 0x30e6, 0x30e6, 0x30e6, 0x30e6, 0x30e6, 0x28c6, 0x28c6, 0x28a5, 
  0x2085, 0x2064, 0x1844, 0x1824, 0x1823, 0x1803, 0x1003, 0x1003, 0x1003, 0x1003, 0x1003, 0x1003, 
  0x1003, 0x1003, 0x1003, 0x1003, 0x1003, 0x1003, 0x1003, 0x1003, 0x1003, 0x1003, 0x1003, 0x1003, 
  0x1003, 0x1003, 0x1003, 0x1003, 0x1003, 0x1003, 0x1003, 0x1003, 0x1003, 0x1003, 0x1003, 0x1003, 
  0x1003, 0x1003, 0x1003, 0x1003, 0x1003, 0x1003, 0x1003, 0x1003, 0x1003, 0x1003, 0x1003, 0x1823, 
  0x1823, 0x1823, 0x1823, 0x1823, 0x1823, 0x1823, 0x1823, 0x1823, 0x1823, 0x1823, 0x1823, 0x1823, 
  0x1823, 0x1823, 0x1823, 0x1823, 0x1823, 0x1823, 0x1823, 0x1823, 0x1823, 0x1823, 0x1823, 0x1823, 
  0x1823, 0x1823, 0x1823, 0x1823, 0x1823, 0x1823, 0x1823, 0x1823, 0x1823, 0x1823, 0x1823, 0x1823, 
  0x1823, 0x1823, 0x1823, 0x1823, 0x1823, 0x1823, 0x1823, 0x1823, 0x1823, 0x1823, 0x28a5, 0x41a8, 
  0x0841, 0x0821, 0x0821, 0x0821, 0x0821, 0x0841, 0x0841, 0x0841, 0x0841, 0x0841, 0x0841, 0x0821, 
  0x0841, 0x0821, 0x3907, 0x1824, 0x1824, 0x1824, 0x1824, 0x1824, 0x1824, 0x1824, 0x1824, 0x1824, 
  0x1824, 0x1824, 0x1844, 0x1844, 0x1844, 0x1844, 0x1844, 0x1844, 0x1844, 0x1844, 0x1844, 0x1844, 
  0x1844, 0x1844, 0x1844, 0x1844, 0x1844, 0x1844, 0x1844, 0x1844, 0x1824, 0x1824, 0x1824, 0x1824, 
  0x1844, 0x1844, 0x1844, 0x1844, 0x1844, 0x1844, 0x1844, 0x1844, 0x1844, 0x1844, 0x1844, 0x1844, 
  0x1844, 0x1844, 0x1844, 0x1844, 0x1844, 0x1844, 0x2044, 0x2044, 0x2065, 0x28a5, 0x30c6, 0x30e7, 
  0x3107, 0x3107, 0x30e6, 0x30e6, 0x30e6, 0x30e6, 0x30e6, 0x30e6, 0x30e6, 0x30e6, 0x30e6, 0x30e6, 
  0x30e6, 0x30e6, 0x30e6, 0x624c, 0x18c3, 0x18c3, 0x18e3, 0x18e3, 0x18e3, 0x18e3, 0x18e3, 0x18c3, 
  0x18c3, 0x18c3, 0x18c3, 0x18a2, 0x3927, 0x28a5, 0x28a5, 0x28a5, 0x28a5, 0x28a5, 0x28a5, 0x28a5, 
  0x28a5, 0x28a5, 0x28a5, 0x28a5, 0x2885, 0x2885, 0x2885, 0x2885, 0x2885, 0x28a5, 0x28a5, 0x28a5, 
  0x28a5, 0x28a5, 0x28a5, 0x28a5, 0x28a5, 0x28a5, 0x2885, 0x2885, 0x2885, 0x2885, 0x2885, 0x2885, 
  0x28a5, 0x28a5, 0x28a5, 0x2885, 0x2885, 0x2885, 0x2885, 0x2885, 0x2885, 0x2885, 0x2885, 0x2085, 
  0x2085, 0x2085, 0x2085, 0x2085, 0x2085, 0x2085, 0x2085, 0x2085, 0x2085, 0x2065, 0x2065, 0x2065, 
  0x2065, 0x2065, 0x2065, 0x2064, 0x2044, 0x2044, 0x1844, 0x1824, 0x1823, 0x1823, 0x1823, 0x1823, 
  0x1823, 0x1823, 0x1823, 0x1823, 0x1823, 0x5a0b, 0x0000, 0x0000, 0x0020, 0x0020, 0x0020, 0x0020, 
  0x0020, 0x0020, 0x0861, 0x1082, 0x1082, 0x1061, 0x1061, 0x1061, 0x18c3, 0x18c3, 0x18c3, 0x18c3, 
  0x18e3, 0x18e3, 0x18e3, 0x18e3, 0x18e3, 0x18e3, 0x18e3, 0x18e3, 0x18e3, 0x18e3, 0x49a9, 0x30e6, 
  0x30e6, 0x30e6, 0x30e6, 0x30e6, 0x30e6, 0x30e6, 0x30e6, 0x30e6, 0x30e6, 0x30e6, 0x30e6, 0x30e6, 
  0x30e6, 0x30e6, 0x30e6, 0x30e6, 0x30e6, 0x28c6, 0x28c6, 0x28a5, 0x2085, 0x2064, 0x2044, 0x1844, 
  0x1823, 0x1823, 0x1803, 0x1003, 0x1003, 0x1003, 0x1003, 0x1003, 0x1003, 0x1003, 0x1003, 0x1003, 
  0x1003, 0x1003, 0x1003, 0x1003, 0x1003, 0x1003, 0x1003, 0x1003, 0x1003, 0x1003, 0x1003, 0x1003, 
  0x1003, 0x1003, 0x1003, 0x1003, 0x1003, 0x1003, 0x1003, 0x1003, 0x1003, 0x1003, 0x1003, 0x1003, 
  0x1003, 0x1003, 0x1003, 0x1003, 0x1003, 0x1003, 0x1003, 0x1823, 0x1823, 0x1823, 0x1823, 0x1823, 
  0x1823, 0x1823, 0x1823, 0x1823, 0x1823, 0x1823, 0x1823, 0x1823, 0x1823, 0x1823, 0x1823, 0x1823, 
  0x1823, 0x1823, 0x1823, 0x1823, 0x1823, 0x1823, 0x1823, 0x1823, 0x1823, 0x1823, 0x1823, 0x1823, 
  0x1823, 0x1823, 0x1823, 0x1823, 0x1823, 0x1823, 0x1823, 0x1823, 0x1823, 0x1823, 0x1823, 0x1823, 
  0x1823, 0x1823, 0x1823, 0x1823, 0x1823, 0x1823, 0x28a5, 0x41a8, 0x0020, 0x0841, 0x0841, 0x0821, 
  0x0821, 0x0821, 0x0841, 0x0841, 0x0841, 0x0841, 0x0841, 0x0841, 0x0821, 0x0821, 0x3907, 0x1824, 
  0x1824, 0x1824, 0x1824, 0x1824, 0x1824, 0x1824, 0x1824, 0x1824, 0x1824, 0x1824, 0x1824, 0x1824, 
  0x1844, 0x1844, 0x1844, 0x1844, 0x1844, 0x1844, 0x1844, 0x1844, 0x1844, 0x1844, 0x1844, 0x1844, 
  0x1844, 0x1844, 0x1844, 0x1844, 0x1844, 0x1824, 0x1824, 0x1824, 0x1844, 0x1844, 0x1844, 0x1844, 
  0x1844, 0x1844, 0x1844, 0x1844, 0x1844, 0x1844, 0x1844, 0x1844, 0x1844, 0x1844, 0x1844, 0x1844, 
  0x1844, 0x1844, 0x2044, 0x2064, 0x2085, 0x28a5, 0x30e6, 0x3107, 0x3107, 0x3107, 0x30e6, 0x30e6, 
  0x30e6, 0x30e6, 0x30e6, 0x30e6, 0x30e6, 0x30e6, 0x30e6, 0x30e6, 0x30e6, 0x30e6, 0x30e6, 0x5a4c, 
  0x18c3, 0x18c3, 0x18e3, 0x18e3, 0x18e3, 0x18e3, 0x18c3, 0x18c3, 0x18c3, 0x18c3, 0x18c3, 0x18a2, 
  0x3927, 0x28a5, 0x28a5, 0x28a5, 0x28a5, 0x28a5, 0x28a5, 0x28a5, 0x28a5, 0x28a5, 0x28a5, 0x2885, 
  0x2885, 0x2885, 0x2885, 0x2885, 0x2885, 0x2885, 0x2885, 0x28a5, 0x28a5, 0x28a5, 0x28a5, 0x28a5, 
  0x28a5, 0x28a5, 0x2885, 0x2885, 0x2885, 0x2885, 0x2885, 0x2885, 0x2885, 0x2885, 0x2885, 0x2885, 
  0x2885, 0x2885, 0x2885, 0x2885, 0x2885, 0x2885, 0x2085, 0x2085, 0x2085, 0x2085, 0x2085, 0x2085, 
  0x2085, 0x2085, 0x2085, 0x2065, 0x2065, 0x2065, 0x2065, 0x2065, 0x2065, 0x2065, 0x2065, 0x2064, 
  0x2064, 0x2044, 0x1844, 0x1844, 0x1824, 0x1823, 0x1823, 0x1823, 0x1823, 0x1823, 0x1823, 0x1823, 
  0x1823, 0x5a0b, 0x0020, 0x0020, 0x0020, 0x0020, 0x0020, 0x0020, 0x0020, 0x0841, 0x1082, 0x1082, 
  0x1082, 0x1082, 0x1061, 0x1061, 0x18c3, 0x18c3, 0x18c3, 0x18c3, 0x18e3, 0x18e3, 0x18e3, 0x18e3, 
  0x18e3, 0x18e3, 0x18e3, 0x2104, 0x18e3, 0x18e3, 0x49a9, 0x30e6, 0x30e6, 0x30e6, 0x30e6, 0x30e6, 
  0x30e6, 0x30e6, 0x30e6, 0x30e6, 0x30e6, 0x30e6, 0x30e6, 0x30e6, 0x30e6, 0x30e6, 0x30e6, 0x30e6, 
  0x30e6, 0x28c6, 0x28c6, 0x28a5, 0x2885, 0x2085, 0x2064, 0x2044, 0x1844, 0x1823, 0x1803, 0x1803, 
  0x1003, 0x1003, 0x1003, 0x1003, 0x1003, 0x1003, 0x1003, 0x1003, 0x1003, 0x1003, 0x1003, 0x1003, 
  0x1003, 0x1003, 0x1003, 0x1003, 0x1003, 0x1003, 0x1003, 0x1003, 0x1003, 0x1003, 0x1003, 0x1003, 
  0x1003, 0x1003, 0x1003, 0x1003, 0x1003, 0x1003, 0x1003, 0x1003, 0x1003, 0x1003, 0x1003, 0x1003, 
  0x1003, 0x1003, 0x1003, 0x1823, 0x1823, 0x1823, 0x1823, 0x1823, 0x1823, 0x1823, 0x1823, 0x1823, 
  0x1823, 0x1823, 0x1823, 0x1823, 0x1823, 0x1823, 0x1823, 0x1823, 0x1823, 0x1823, 0x1823, 0x1823, 
  0x1823, 0x1823, 0x1823, 0x1823, 0x1823, 0x1823, 0x1823, 0x1823, 0x1823, 0x1823, 0x1823, 0x1823, 
  0x1823, 0x1823, 0x1823, 0x1823, 0x1823, 0x1823, 0x1823, 0x1823, 0x1823, 0x1823, 0x1823, 0x1823, 
  0x1823, 0x1823, 0x28a5, 0x41a8, 0x0020, 0x0841, 0x0841, 0x0821, 0x0821, 0x0821, 0x0821, 0x0841, 
  0x0841, 0x0841, 0x0841, 0x0841, 0x0821, 0x0821, 0x3907, 0x1824, 0x1824, 0x1824, 0x1824, 0x1824, 
  0x1824, 0x1824, 0x1824, 0x1824, 0x1824, 0x1824, 0x1824, 0x1824, 0x1844, 0x1844, 0x1844, 0x1844, 
  0x1844, 0x1844, 0x1844, 0x1844, 0x1844, 0x1844, 0x1844, 0x1844, 0x1844, 0x1844, 0x1844, 0x1844, 
  0x1844, 0x1824, 0x1824, 0x1824, 0x1844, 0x1844, 0x1844, 0x1844, 0x1844, 0x1844, 0x1844, 0x1844, 
  0x1844, 0x1844, 0x1844, 0x1844, 0x1844, 0x1844, 0x1844, 0x1844, 0x1844, 0x1844, 0x2044, 0x2064, 
  0x2885, 0x28c6, 0x30e6, 0x3107, 0x3107, 0x3107, 0x30e6, 0x30e6, 0x30e6, 0x30e6, 0x30e6, 0x30e6, 
  0x30e6, 0x30e6, 0x30e6, 0x30e6, 0x30e6, 0x30e6, 0x30e6, 0x5a4c, 0x18c3, 0x18c3, 0x18c3, 0x18e3, 
  0x18c3, 0x18c3, 0x18c3, 0x18c3, 0x18c3, 0x18c3, 0x18c3, 0x18a2, 0x3927, 0x28a5, 0x28a5, 0x2885, 
  0x2885, 0x28a5, 0x28a5, 0x28a5, 0x28a5, 0x2885, 0x2885, 0x2885, 0x2885, 0x2885, 0x2885, 0x2885, 
  0x2885, 0x2885, 0x2885, 0x2885, 0x28a5, 0x28a5, 0x28a5, 0x28a5, 0x28a5, 0x28a5, 0x2885, 0x2885, 
  0x2885, 0x2885, 0x2885, 0x2885, 0x2885, 0x2885, 0x2885, 0x2885, 0x2885, 0x2885, 0x2885, 0x2885, 
  0x2885, 0x2085, 0x2085, 0x2085, 0x2085, 0x2085, 0x2085, 0x2085, 0x2085, 0x2085, 0x2065, 0x2065, 
  0x2065, 0x2065, 0x2065, 0x2065, 0x2065, 0x2065, 0x2065, 0x2064, 0x2064, 0x2044, 0x1844, 0x1844, 
  0x1824, 0x1823, 0x1823, 0x1823, 0x1823, 0x1823, 0x1823, 0x1823, 0x1823, 0x5a2b, 0x0000, 0x0000, 
  0x0020, 0x0020, 0x0020, 0x0020, 0x0841, 0x1082, 0x1082, 0x1082, 0x1082, 0x1082, 0x1062, 0x1061, 
  0x18c3, 0x18c3, 0x18c3, 0x18c3, 0x18e3, 0x18e3, 0x18e3, 0x18e3, 0x18e3, 0x18e3, 0x18e3, 0x18e3, 
  0x18e3, 0x18e3, 0x49a9, 0x30e6, 0x30e6, 0x30e6, 0x30e6, 0x30e6, 0x30e6, 0x30e6, 0x30e6, 0x30e6, 
  0x30e6, 0x30e6, 0x30e6, 0x30e6, 0x30e6, 0x30e6, 0x30e6, 0x30e6, 0x30e6, 0x30c6, 0x28c6, 0x28a6, 
  0x28a5, 0x2085, 0x2064, 0x2064, 0x2044, 0x1824, 0x1823, 0x1803, 0x1003, 0x1003, 0x1003, 0x1003, 
  0x1003, 0x1003, 0x1003, 0x1003, 0x1003, 0x1003, 0x1003, 0x1003, 0x1003, 0x1003, 0x1003, 0x1003, 
  0x1003, 0x1003, 0x1003, 0x1003, 0x1003, 0x1003, 0x1003, 0x1003, 0x1003, 0x1003, 0x1003, 0x1003, 
  0x1003, 0x1003, 0x1003, 0x1003, 0x1003, 0x1003, 0x1003, 0x1003, 0x1003, 0x1003, 0x1003, 0x1823, 
  0x1823, 0x1823, 0x1823, 0x1823, 0x1823, 0x1823, 0x1823, 0x1823, 0x1823, 0x1823, 0x1823, 0x1823, 
  0x1823, 0x1823, 0x1823, 0x1823, 0x1823, 0x1823, 0x1823, 0x1823, 0x1823, 0x1823, 0x1823, 0x1823, 
  0x1823, 0x1823, 0x1823, 0x1823, 0x1823, 0x1823, 0x1823, 0x1823, 0x1823, 0x1823, 0x1823, 0x1823, 
  0x1823, 0x1823, 0x1823, 0x1823, 0x1823, 0x1823, 0x1823, 0x1823, 0x1823, 0x1823, 0x28a5, 0x41a8, 
  0x0020, 0x0841, 0x0841, 0x0821, 0x0821, 0x0821, 0x0821, 0x0841, 0x0841, 0x0841, 0x0841, 0x0841, 
  0x0821, 0x0821, 0x3907, 0x1824, 0x1824, 0x1824, 0x1824, 0x1824, 0x1824, 0x1824, 0x1824, 0x1824, 
  0x1824, 0x1824, 0x1824, 0x1824, 0x1844, 0x1844, 0x1844, 0x1844, 0x1844, 0x1844, 0x1844, 0x1844, 
  0x1844, 0x1844, 0x1844, 0x1844, 0x1844, 0x1844, 0x1844, 0x1844, 0x1844, 0x1824, 0x1824, 0x1824, 
  0x1824, 0x1824, 0x1844, 0x1844, 0x1844, 0x1844, 0x1844, 0x1844, 0x1844, 0x1844, 0x1844, 0x1844, 
  0x1844, 0x1844, 0x1844, 0x1844, 0x1844, 0x2044, 0x2044, 0x2065, 0x28a5, 0x28c6, 0x30e6, 0x3107, 
  0x3107, 0x3106, 0x30e6, 0x30e6, 0x30e6, 0x30e6, 0x30e6, 0x30e6, 0x30c6, 0x30c6, 0x30e6, 0x30e6, 
  0x30e6, 0x30e6, 0x30c6, 0x5a4c, 0x18c3, 0x18c3, 0x18e3, 0x18e3, 0x18c3, 0x18c3, 0x18c3, 0x18c3, 
  0x18c3, 0x18c3, 0x18c3, 0x18c3, 0x3927, 0x28a5, 0x2885, 0x2885, 0x2885, 0x2885, 0x2885, 0x2885, 
  0x2885, 0x2885, 0x2885, 0x2885, 0x2885, 0x2885, 0x2885, 0x2885, 0x2885, 0x2885, 0x2885, 0x2885, 
  0x2885, 0x28a5, 0x28a5, 0x28a5, 0x2885, 0x2885, 0x2885, 0x2885, 0x2885, 0x2885, 0x2885, 0x2885, 
  0x2885, 0x2885, 0x2885, 0x2885, 0x2885, 0x2885, 0x2885, 0x2885, 0x2085, 0x2085, 0x2085, 0x2085, 
  0x2085, 0x2085, 0x2085, 0x2085, 0x2085, 0x2085, 0x2065, 0x2065, 0x2065, 0x2065, 0x2065, 0x2065, 
  0x2065, 0x2065, 0x2065, 0x2064, 0x2064, 0x2044, 0x1844, 0x1844, 0x1824, 0x1823, 0x1823, 0x1823, 
  0x1823, 0x1823, 0x1843, 0x1823, 0x1823, 0x5a2b, 0x0020, 0x0020, 0x0020, 0x0020, 0x0020, 0x0020, 
  0x1082, 0x1082, 0x1082, 0x1082, 0x1082, 0x1082, 0x1061, 0x1061, 0x18c3, 0x18c3, 0x18c3, 0x18c3, 
  0x18e3, 0x18e3, 0x18e3, 0x18e3, 0x18e3, 0x18e3, 0x18e3, 0x18e3, 0x18e3, 0x18e3, 0x49a9, 0x30e6, 
  0x30e6, 0x30e6, 0x30e6, 0x30e6, 0x30e6, 0x30e6, 0x30e6, 0x30e6, 0x30e6, 0x30e6, 0x30e6, 0x30e6, 
  0x30e6, 0x30e6, 0x30e6, 0x30e6, 0x30e6, 0x28c6, 0x28c6, 0x28a6, 0x28a5, 0x2885, 0x2085, 0x2064, 
  0x2044, 0x1844, 0x1824, 0x1823, 0x1803, 0x1003, 0x1003, 0x1003, 0x1003, 0x1003, 0x1003, 0x1003, 
  0x1003, 0x1003, 0x1003, 0x1003, 0x1003, 0x1003, 0x1003, 0x1003, 0x1003, 0x1003, 0x1003, 0x1003, 
  0x1003, 0x1003, 0x1003, 0x1003, 0x1003, 0x1003, 0x1003, 0x1003, 0x1003, 0x1003, 0x1003, 0x1003, 
  0x1003, 0x1003, 0x1003, 0x1003, 0x1003, 0x1003, 0x1003, 0x1823, 0x1823, 0x1823, 0x1823, 0x1823, 
  0x1823, 0x1823, 0x1823, 0x1823, 0x1823, 0x1823, 0x1823, 0x1823, 0x1823, 0x1823, 0x1823, 0x1823, 
  0x1823, 0x1823, 0x1823, 0x1823, 0x1823, 0x1823, 0x1823, 0x1823, 0x1823, 0x1823, 0x1823, 0x1823, 
  0x1823, 0x1823, 0x1823, 0x1823, 0x1823, 0x1823, 0x1823, 0x1823, 0x1823, 0x1823, 0x1823, 0x1823, 
  0x1823, 0x1823, 0x1823, 0x1823, 0x1823, 0x1823, 0x28a5, 0x41a8, 0x0020, 0x0841, 0x0841, 0x0820, 
  0x0820, 0x0821, 0x0821, 0x0841, 0x0841, 0x0841, 0x0841, 0x0841, 0x0841, 0x0821, 0x3107, 0x1824, 
  0x1824, 0x1824, 0x1824, 0x1824, 0x1824, 0x1824, 0x1824, 0x1824, 0x1824, 0x1824, 0x1824, 0x1824, 
  0x1844, 0x1844, 0x1844, 0x1844, 0x1844, 0x1844, 0x1844, 0x1844, 0x1844, 0x1844, 0x1844, 0x1844, 
  0x1844, 0x1844, 0x1844, 0x1844, 0x1844, 0x1844, 0x1824, 0x1824, 0x1824, 0x1824, 0x1844, 0x1844, 
  0x1844, 0x1844, 0x1844, 0x1844, 0x1844, 0x1844, 0x1844, 0x1844, 0x1844, 0x1844, 0x1844, 0x1844, 
  0x1844, 0x2044, 0x2064, 0x2085, 0x28a5, 0x30c6, 0x3106, 0x3107, 0x3107, 0x30e6, 0x30e6, 0x30e6, 
  0x30e6, 0x30e6, 0x28c6, 0x28c6, 0x28c6, 0x28c6, 0x28c6, 0x30c6, 0x30c6, 0x30c6, 0x28c6, 0x626c, 
  0x18c3, 0x18c3, 0x18e3, 0x18e3, 0x18c3, 0x18c3, 0x18c3, 0x18c3, 0x18c3, 0x18c3, 0x18c3, 0x18a2, 
  0x3927, 0x28a5, 0x2885, 0x2885, 0x2885, 0x2885, 0x2885, 0x2885, 0x2885, 0x2885, 0x2885, 0x2885, 
  0x2885, 0x2885, 0x2885, 0x2885, 0x2885, 0x2085, 0x2885, 0x2885, 0x2885, 0x2885, 0x2885, 0x2885, 
  0x2885, 0x2885, 0x2885, 0x2885, 0x2885, 0x2885, 0x2885, 0x2885, 0x2885, 0x2885, 0x2885, 0x2885, 
  0x2885, 0x2885, 0x2885, 0x2085, 0x2085, 0x2085, 0x2085, 0x2085, 0x2085, 0x2085, 0x2085, 0x2085, 
  0x2085, 0x2065, 0x2065, 0x2065, 0x2065, 0x2065, 0x2065, 0x2065, 0x2065, 0x2065, 0x2064, 0x2064, 
  0x2064, 0x2044, 0x1844, 0x1844, 0x1824, 0x1823, 0x1823, 0x1823, 0x1823, 0x1823, 0x1823, 0x1823, 
  0x1823, 0x5a2b, 0x0000, 0x0020, 0x0020, 0x0020, 0x0020, 0x1082, 0x10a2, 0x1082, 0x1082, 0x1082, 
  0x1082, 0x1082, 0x1082, 0x1061, 0x18c3, 0x18c3, 0x18c3, 0x18c3, 0x18e3, 0x18e3, 0x18e3, 0x18e3, 
  0x18e3, 0x18e3, 0x18e3, 0x18e3, 0x18e3, 0x18e3, 0x4189, 0x30e6, 0x30e6, 0x30e6, 0x30e6, 0x30e6, 
  0x30e6, 0x30e6, 0x30e6, 0x30e6, 0x30e6, 0x30e6, 0x30e6, 0x30e6, 0x30e6, 0x30e6, 0x30e6, 0x30e6, 
  0x30e6, 0x28c6, 0x28c6, 0x28a6, 0x28a5, 0x2885, 0x2085, 0x2064, 0x2044, 0x2044, 0x1844, 0x1824, 
  0x1823, 0x1803, 0x1003, 0x1003, 0x1003, 0x1003, 0x1003, 0x1003, 0x1003, 0x1003, 0x1003, 0x1003, 
  0x1003, 0x1003, 0x1003, 0x1003, 0x1003, 0x1003, 0x1003, 0x1003, 0x1003, 0x1003, 0x1003, 0x1003, 
  0x1003, 0x1003, 0x1003, 0x1003, 0x1003, 0x1003, 0x1003, 0x1003, 0x1003, 0x1003, 0x1003, 0x1003, 
  0x1003, 0x1003, 0x1003, 0x1823, 0x1823, 0x1823, 0x1823, 0x1823, 0x1823, 0x1823, 0x1823, 0x1823, 
  0x1823, 0x1823, 0x1823, 0x1823, 0x1823, 0x1823, 0x1823, 0x1823, 0x1823, 0x1823, 0x1823, 0x1823, 
  0x1823, 0x1823, 0x1823, 0x1823, 0x1823, 0x1823, 0x1823, 0x1823, 0x1823, 0x1823, 0x1823, 0x1823, 
  0x1823, 0x1823, 0x1823, 0x1823, 0x1823, 0x1823, 0x1823, 0x1823, 0x1823, 0x1823, 0x1823, 0x1823, 
  0x1823, 0x1823, 0x28c6, 0x41c9, 0x0841, 0x0841, 0x0841, 0x0820, 0x0820, 0x0821, 0x0821, 0x0821, 
  0x0841, 0x0841, 0x0841, 0x0841, 0x0841, 0x0841, 0x30e7, 0x1844, 0x1844, 0x1844, 0x1844, 0x1844, 
  0x1844, 0x1844, 0x1844, 0x1844, 0x1844, 0x1824, 0x1824, 0x1824, 0x1844, 0x1844, 0x1844, 0x1844, 
  0x1844, 0x1844, 0x1844, 0x1844, 0x1844, 0x1844, 0x1844, 0x1844, 0x1844, 0x1844, 0x1844, 0x1844, 
  0x1844, 0x1844, 0x1824, 0x1824, 0x1824, 0x1824, 0x1844, 0x1844, 0x1844, 0x1844, 0x1844, 0x1844, 
  0x1844, 0x1844, 0x1844, 0x1844, 0x1844, 0x1844, 0x1844, 0x1844, 0x1844, 0x2044, 0x2064, 0x2085, 
  0x28a6, 0x30e6, 0x3106, 0x3107, 0x30e6, 0x30e6, 0x30e6, 0x30e6, 0x30c6, 0x28c6, 0x28c6, 0x28c6, 
  0x28c6, 0x28c6, 0x28c6, 0x28c6, 0x28c6, 0x28c6, 0x28c6, 0x626c, 0x18c3, 0x18c3, 0x18c3, 0x18e3, 
  0x18c3, 0x18c3, 0x18c3, 0x18c3, 0x18c3, 0x18c3, 0x18a2, 0x18a2, 0x3907, 0x2885, 0x2885, 0x2885, 
  0x2885, 0x2885, 0x2885, 0x2885, 0x2885, 0x2885, 0x2885, 0x2885, 0x2885, 0x2885, 0x2885, 0x2085, 
  0x2085, 0x2085, 0x2085, 0x2885, 0x2885, 0x2885, 0x2885, 0x2885, 0x2885, 0x2885, 0x2885, 0x2885, 
  0x2885, 0x2885, 0x2885, 0x2885, 0x2885, 0x2885, 0x2885, 0x2885, 0x2885, 0x2885, 0x2885, 0x2085, 
  0x2085, 0x2085, 0x2085, 0x2085, 0x2085, 0x2085, 0x2085, 0x2085, 0x2085, 0x2065, 0x2065, 0x2065, 
  0x2065, 0x2065, 0x2065, 0x2065, 0x2065, 0x2064, 0x2064, 0x2064, 0x2064, 0x2044, 0x1844, 0x1844, 
  0x1823, 0x1823, 0x1823, 0x1823, 0x1823, 0x1823, 0x1823, 0x1823, 0x1823, 0x5a4c, 0x0000, 0x0000, 
  0x0020, 0x0020, 0x0861, 0x10a2, 0x10a2, 0x1082, 0x1082, 0x1082, 0x1082, 0x1082, 0x1082, 0x1082, 
  0x18c3, 0x18c3, 0x18c3, 0x18c3, 0x18e3, 0x18e3, 0x18e3, 0x18e3, 0x18e3, 0x18e3, 0x18e3, 0x18e3, 
  0x18e3, 0x18c3, 0x4189, 0x30e6, 0x30e6, 0x30e6, 0x30e6, 0x30e6, 0x30e6, 0x30e6, 0x30e6, 0x30e6, 
  0x30e6, 0x30e6, 0x30e6, 0x30e6, 0x30e6, 0x30e6, 0x30e6, 0x30e6, 0x30e6, 0x30c6, 0x28c6, 0x28a6, 
  0x28a5, 0x2885, 0x2085, 0x2065, 0x2064, 0x2044, 0x1844, 0x1824, 0x1824, 0x1803, 0x1803, 0x1003, 
  0x1003, 0x1003, 0x1003, 0x1003, 0x1003, 0x1003, 0x1003, 0x1003, 0x1003, 0x1003, 0x1003, 0x1003, 
  0x1003, 0x1003, 0x1003, 0x1003, 0x1003, 0x1003, 0x1003, 0x1003, 0x1003, 0x1003, 0x1003, 0x1003, 
  0x1003, 0x1003, 0x1003, 0x1003, 0x1003, 0x1003, 0x1003, 0x1003, 0x1003, 0x1003, 0x1003, 0x1003, 
  0x1823, 0x1823, 0x1823, 0x1823, 0x1823, 0x1823, 0x1823, 0x1823, 0x1823, 0x1823, 0x1823, 0x1823, 
  0x1823, 0x1823, 0x1823, 0x1823, 0x1823, 0x1823, 0x1823, 0x1823, 0x1823, 0x1823, 0x1823, 0x1823, 
  0x1823, 0x1823, 0x1823, 0x1823, 0x1823, 0x1823, 0x1823, 0x1823, 0x1823, 0x1823, 0x1823, 0x1823, 
  0x1823, 0x1823, 0x1823, 0x1823, 0x1823, 0x1823, 0x1823, 0x1823, 0x1823, 0x1823, 0x28c6, 0x49e9, 
  0x0020, 0x0841, 0x0841, 0x0820, 0x0820, 0x0821, 0x0821, 0x0821, 0x0821, 0x0841, 0x0841, 0x0841, 
  0x0841, 0x0841, 0x30e6, 0x1844, 0x1844, 0x1844, 0x1844, 0x1844, 0x1844, 0x1844, 0x1844, 0x1844, 
  0x1844, 0x1824, 0x1824, 0x1824, 0x1824, 0x1844, 0x1844, 0x1844, 0x1844, 0x1844, 0x1844, 0x1844, 
  0x1844, 0x1844, 0x1844, 0x1844, 0x1844, 0x1844, 0x1844, 0x1844, 0x1844, 0x1844, 0x1824, 0x1824, 
  0x1824, 0x1824, 0x1844, 0x1844, 0x1844, 0x1844, 0x1844, 0x1844, 0x1844, 0x1844, 0x1844, 0x1844, 
  0x1844, 0x1844, 0x1844, 0x1844, 0x1844, 0x2044, 0x2064, 0x2885, 0x28c6, 0x30e6, 0x3106, 0x3107, 
  0x30e6, 0x30e6, 0x30e6, 0x30e6, 0x28c6, 0x28c6, 0x28c6, 0x28c6, 0x28c6, 0x28c6, 0x28c6, 0x28c6, 
  0x28c6, 0x28c6, 0x28c6, 0x628d, 0x18c3, 0x18c3, 0x18c3, 0x18c3, 0x18c3, 0x18c3, 0x18c3, 0x18c3, 
  0x18c3, 0x18c3, 0x18c3, 0x18a2, 0x3107, 0x2885, 0x2885, 0x2885, 0x2885, 0x2885, 0x2885, 0x2885, 
  0x2885, 0x2885, 0x2885, 0x2885, 0x2885, 0x2885, 0x2885, 0x2085, 0x2085, 0x2085, 0x2085, 0x2085, 
  0x2085, 0x2885, 0x2885, 0x2885, 0x2885, 0x2885, 0x2885, 0x2885, 0x2885, 0x2885, 0x2885, 0x2885, 
  0x2885, 0x2885, 0x2885, 0x2885, 0x2885, 0x2885, 0x2085, 0x2085, 0x2085, 0x2085, 0x2085, 0x2085, 
  0x2085, 0x2085, 0x2085, 0x2085, 0x2065, 0x2065, 0x2065, 0x2065, 0x2065, 0x2065, 0x2065, 0x2065, 
  0x2064, 0x2064, 0x2064, 0x2064, 0x2064, 0x2044, 0x1844, 0x1824, 0x1823, 0x1823, 0x1823, 0x1823, 
  0x1823, 0x1823, 0x1823, 0x1823, 0x1823, 0x626c, 0x0000, 0x0020, 0x0020, 0x0841, 0x10a2, 0x10a2, 
  0x10a2, 0x10a2, 0x1082, 0x1082, 0x1082, 0x1082, 0x1082, 0x1082, 0x18c3, 0x18c3, 0x18c3, 0x18c3, 
  0x18e3, 0x18e3, 0x18e3, 0x18e3, 0x18e3, 0x18e3, 0x18e3, 0x18e3, 0x18e3, 0x18e3, 0x4168, 0x30e6, 
  0x30e6, 0x30e6, 0x30e6, 0x30e6, 0x30e6, 0x30e6, 0x30e6, 0x30e6, 0x30e6, 0x30e6, 0x30e6, 0x30e6, 
  0x30e6, 0x30e6, 0x30e6, 0x30e6, 0x30e6, 0x30c6, 0x28c6, 0x28a6, 0x28a5, 0x28a5, 0x2885, 0x2085, 
  0x2064, 0x2044, 0x2044, 0x1844, 0x1824, 0x1824, 0x1803, 0x1803, 0x1003, 0x1003, 0x1003, 0x1003, 
  0x1003, 0x1003, 0x1003, 0x1003, 0x1003, 0x1003, 0x1003, 0x1003, 0x1003, 0x1003, 0x1003, 0x1003, 
  0x1003, 0x1003, 0x1003, 0x1003, 0x1003, 0x1003, 0x1003, 0x1003, 0x1003, 0x1003, 0x1003, 0x1003, 
  0x1003, 0x1003, 0x1003, 0x1003, 0x1003, 0x1003, 0x1003, 0x1003, 0x1823, 0x1823, 0x1823, 0x1823, 
  0x1823, 0x1823, 0x1823, 0x1823, 0x1823, 0x1823, 0x1823, 0x1823, 0x1823, 0x1823, 0x1823, 0x1823, 
  0x1823, 0x1823, 0x1823, 0x1823, 0x1823, 0x1823, 0x1823, 0x1823, 0x1823, 0x1823, 0x1823, 0x1823, 
  0x1823, 0x1823, 0x1823, 0x1823, 0x1823, 0x1823, 0x1823, 0x1823, 0x1823, 0x1823, 0x1823, 0x1823, 
  0x1823, 0x1823, 0x1823, 0x1823, 0x1823, 0x1823, 0x28c6, 0x4a09, 0x0020, 0x0841, 0x0841, 0x0820, 
  0x0820, 0x0821, 0x0821, 0x0821, 0x0821, 0x0841, 0x0841, 0x0841, 0x0841, 0x0841, 0x30c6, 0x1844, 
  0x1844, 0x1844, 0x1844, 0x1844, 0x1844, 0x1844, 0x1844, 0x1844, 0x1844, 0x1824, 0x1824, 0x1824, 
  0x1824, 0x1844, 0x1844, 0x1844, 0x1844, 0x1844, 0x1844, 0x1844, 0x1844, 0x1844, 0x1844, 0x1844, 
  0x1844, 0x1844, 0x1844, 0x1844, 0x1844, 0x1844, 0x1824, 0x1824, 0x1824, 0x1824, 0x1824, 0x1844, 
  0x1844, 0x1844, 0x1844, 0x1844, 0x1844, 0x1844, 0x1844, 0x1844, 0x1844, 0x1844, 0x1844, 0x1844, 
  0x1844, 0x2044, 0x2064, 0x2885, 0x28c6, 0x30e6, 0x30e6, 0x3106, 0x30e6, 0x30e6, 0x30e6, 0x28c6, 
  0x28c6, 0x28c6, 0x28c6, 0x28c6, 0x28c6, 0x28c6, 0x28c6, 0x28c6, 0x28c6, 0x28c6, 0x28c6, 0x6aad, 
  0x18c3, 0x18c3, 0x18c3, 0x18c3, 0x18c3, 0x18c3, 0x18c3, 0x18c3, 0x18c3, 0x18c3, 0x18c3, 0x18c3, 
  0x3107, 0x2885, 0x2885, 0x2885, 0x2885, 0x2885, 0x2885, 0x2885, 0x2885, 0x2885, 0x2885, 0x2885, 
  0x2885, 0x2885, 0x2885, 0x2085, 0x2085, 0x2085, 0x2085, 0x2085, 0x2085, 0x2885, 0x2885, 0x2885, 
  0x2885, 0x2885, 0x2885, 0x2885, 0x2885, 0x2885, 0x2885, 0x2885, 0x2885, 0x2885, 0x2885, 0x2085, 
  0x2085, 0x2085, 0x2085, 0x2085, 0x2085, 0x2085, 0x2085, 0x2085, 0x2085, 0x2085, 0x2085, 0x2065, 
  0x2065, 0x2065, 0x2065, 0x2065, 0x2065, 0x2065, 0x2065, 0x2065, 0x2064, 0x2064, 0x2064, 0x2064, 
  0x2044, 0x1844, 0x1844, 0x1823, 0x1823, 0x1823, 0x1823, 0x1823, 0x1823, 0x1823, 0x1823, 0x1823, 
  0x1823, 0x6aad, 0x0000, 0x0020, 0x0841, 0x10a2, 0x10a2, 0x10a2, 0x10a2, 0x10a2, 0x10a2, 0x1082, 
  0x1082, 0x1082, 0x1082, 0x1082, 0x18c3, 0x18c3, 0x18c3, 0x18c3, 0x18e3, 0x18e3, 0x18e3, 0x18e3, 
  0x18e3, 0x18e3, 0x18e3, 0x18e3, 0x18e3, 0x18e3, 0x3948, 0x30e6, 0x30e6, 0x30e6, 0x30e6, 0x30e6, 
  0x30e6, 0x30e6, 0x30e6, 0x30e6, 0x30e6, 0x30e6, 0x30e6, 0x30e6, 0x30e6, 0x30e6, 0x30e6, 0x30e6, 
  0x30e6, 0x30c6, 0x28c6, 0x28c6, 0x28a6, 0x28a5, 0x2885, 0x2085, 0x2064, 0x2064, 0x2044, 0x2044, 
  0x1824, 0x1824, 0x1804, 0x1803, 0x1003, 0x1003, 0x1003, 0x1003, 0x1003, 0x1003, 0x1003, 0x1003, 
  0x1003, 0x1003, 0x1003, 0x1003, 0x1003, 0x1003, 0x1003, 0x1003, 0x1003, 0x1003, 0x1003, 0x1003, 
  0x1003, 0x1003, 0x1003, 0x1003, 0x1003, 0x1003, 0x1003, 0x1003, 0x1003, 0x1003, 0x1003, 0x1003, 
  0x1003, 0x1003, 0x1003, 0x1003, 0x1823, 0x1823, 0x1823, 0x1823, 0x1823, 0x1823, 0x1823, 0x1823, 
  0x1823, 0x1823, 0x1823, 0x1823, 0x1823, 0x1823, 0x1823, 0x1823, 0x1823, 0x1823, 0x1823, 0x1823, 
  0x1823, 0x1823, 0x1823, 0x1823, 0x1823, 0x1823, 0x1823, 0x1823, 0x1823, 0x1823, 0x1823, 0x1823, 
  0x1823, 0x1823, 0x1823, 0x1823, 0x1823, 0x1823, 0x1823, 0x1823, 0x1823, 0x1823, 0x1823, 0x1823, 
  0x1823, 0x1823, 0x28c6, 0x522a, 0x0020, 0x0841, 0x0841, 0x0820, 0x0820, 0x0821, 0x0821, 0x0821, 
  0x0821, 0x0841, 0x0841, 0x0841, 0x0841, 0x0841, 0x28a6, 0x1844, 0x1844, 0x1844, 0x1844, 0x1844, 
  0x1844, 0x1844, 0x1844, 0x1844, 0x1844, 0x1824, 0x1824, 0x1824, 0x1824, 0x1844, 0x1844, 0x1844, 
  0x1844, 0x1844, 0x1844, 0x1844, 0x1844, 0x1844, 0x1844, 0x1844, 0x1844, 0x1844, 0x1844, 0x1844, 
  0x1844, 0x1844, 0x1824, 0x1824, 0x1824, 0x1824, 0x1824, 0x1844, 0x1844, 0x1844, 0x1844, 0x1844, 
  0x1844, 0x1844, 0x1844, 0x1844, 0x1844, 0x1844, 0x1844, 0x1844, 0x1844, 0x2044, 0x2065, 0x28a5, 
  0x28c6, 0x30e6, 0x3107, 0x3106, 0x30e6, 0x30e6, 0x30e6, 0x28c6, 0x28c6, 0x28c6, 0x28c6, 0x28c6, 
  0x28c6, 0x28c6, 0x28c6, 0x28c6, 0x28c6, 0x28c6, 0x28c6, 0x6ace, 0x18c3, 0x18c3, 0x18c3, 0x18c3, 
  0x18c3, 0x18c3, 0x18c3, 0x18c3, 0x18c3, 0x18c3, 0x18c3, 0x18c3, 0x30e6, 0x2885, 0x2885, 0x2885, 
  0x2885, 0x2885, 0x2885, 0x2885, 0x2885, 0x2885, 0x2885, 0x2885, 0x2885, 0x2085, 0x2085, 0x2085, 
  0x2085, 0x2085, 0x2085, 0x2085, 0x2085, 0x2085, 0x2885, 0x2885, 0x2885, 0x2885, 0x2885, 0x2885, 
  0x2885, 0x2885, 0x2885, 0x2885, 0x2885, 0x2885, 0x2885, 0x2085, 0x2085, 0x2085, 0x2085, 0x2085, 
  0x2085, 0x2085, 0x2085, 0x2085, 0x2085, 0x2085, 0x2085, 0x2065, 0x2065, 0x2065, 0x2065, 0x2065, 
  0x2065, 0x2065, 0x2065, 0x2065, 0x2064, 0x2064, 0x2064, 0x2064, 0x2044, 0x1844, 0x1824, 0x1823, 
  0x1823, 0x1823, 0x1823, 0x1823, 0x1823, 0x1823, 0x1823, 0x1823, 0x1823, 0x6ace, 0x0000, 0x0020, 
  0x10a2, 0x18c3, 0x10a2, 0x10a2, 0x10a2, 0x10a2, 0x10a2, 0x10a2, 0x1082, 0x1082, 0x1082, 0x1082, 
  0x18c3, 0x18c3, 0x18c3, 0x18e3, 0x18e3, 0x18e3, 0x18e3, 0x18e3, 0x18e3, 0x18e3, 0x2104, 0x18e3, 
  0x18e3, 0x18e3, 0x3948, 0x30e6, 0x30e6, 0x30e6, 0x30e6, 0x30e6, 0x30e6, 0x30e6, 0x30e6, 0x30e6, 
  0x30e6, 0x30e6, 0x30e6, 0x30e6, 0x30e6, 0x30e6, 0x30e6, 0x30e6, 0x30e6, 0x30c6, 0x28c6, 0x28c6, 
  0x28a6, 0x28a5, 0x2885, 0x2085, 0x2064, 0x2064, 0x2044, 0x2044, 0x1824, 0x1824, 0x1804, 0x1804, 
  0x1803, 0x1003, 0x1003, 0x1003, 0x1003, 0x1003, 0x1003, 0x1003, 0x1003, 0x1003, 0x1003, 0x1003, 
  0x1003, 0x1003, 0x1003, 0x1003, 0x1003, 0x1003, 0x1003, 0x1003, 0x1003, 0x1003, 0x1003, 0x1003, 
  0x1003, 0x1003, 0x1003, 0x1003, 0x1003, 0x1003, 0x1003, 0x1003, 0x1003, 0x1003, 0x1003, 0x1003, 
  0x1823, 0x1823, 0x1823, 0x1823, 0x1823, 0x1823, 0x1823, 0x1823, 0x1823, 0x1823, 0x1823, 0x1823, 
  0x1823, 0x1823, 0x1823, 0x1823, 0x1823, 0x1823, 0x1823, 0x1823, 0x1823, 0x1823, 0x1823, 0x1823, 
  0x1823, 0x1823, 0x1823, 0x1823, 0x1823, 0x1823, 0x1823, 0x1823, 0x1823, 0x1823, 0x1823, 0x1823, 
  0x1823, 0x1823, 0x1823, 0x1823, 0x1823, 0x1823, 0x1823, 0x1823, 0x1823, 0x1823, 0x30e6, 0x524b, 
  0x0020, 0x0841, 0x0841, 0x0841, 0x0820, 0x0821, 0x0821, 0x0821, 0x0821, 0x0821, 0x0841, 0x0841, 
  0x0841, 0x0841, 0x28a5, 0x1844, 0x1844, 0x1844, 0x1844, 0x1844, 0x1844, 0x1844, 0x1844, 0x1844, 
  0x1844, 0x1824, 0x1824, 0x1824, 0x1824, 0x1844, 0x1844, 0x1844, 0x1844, 0x1844, 0x1844, 0x1844, 
  0x1844, 0x1844, 0x1844, 0x1844, 0x1844, 0x1844, 0x1844, 0x1844, 0x1844, 0x1844, 0x1824, 0x1824, 
  0x1824, 0x1824, 0x1824, 0x1844, 0x1844, 0x1844, 0x1844, 0x1844, 0x1844, 0x1844, 0x1844, 0x1844, 
  0x1844, 0x1844, 0x1844, 0x1844, 0x1844, 0x2044, 0x2065, 0x28a5, 0x30c6, 0x30e6, 0x30e7, 0x30e6, 
  0x30e6, 0x30e6, 0x30c6, 0x28c6, 0x28c6, 0x28c6, 0x28c6, 0x28c6, 0x28c6, 0x28c6, 0x28c6, 0x28c6, 
  0x28c6, 0x28c6, 0x28c6, 0x72ee, 0x18c3, 0x18c3, 0x18c3, 0x18c3, 0x18c3, 0x18c3, 0x18c3, 0x18c3, 
  0x18c3, 0x18c3, 0x18c3, 0x18a2, 0x30c6, 0x2885, 0x2885, 0x2885, 0x2885, 0x2885, 0x2885, 0x2885, 
  0x2885, 0x2885, 0x2885, 0x2885, 0x2885, 0x2085, 0x2085, 0x2085, 0x2085, 0x2085, 0x2085, 0x2085, 
  0x2085, 0x2085, 0x2885, 0x2885, 0x2885, 0x2885, 0x2885, 0x2885, 0x2885, 0x2885, 0x2885, 0x2885, 
  0x2885, 0x2885, 0x2885, 0x2085, 0x2085, 0x2085, 0x2085, 0x2085, 0x2085, 0x2085, 0x2085, 0x2085, 
  0x2085, 0x2085, 0x2085, 0x2065, 0x2065, 0x2065, 0x2065, 0x2065, 0x2065, 0x2065, 0x2065, 0x2064, 
  0x2064, 0x2064, 0x2064, 0x2064, 0x2044, 0x1844, 0x1824, 0x1823, 0x1823, 0x1823, 0x1823, 0x1823, 
  0x1823, 0x1823, 0x1823, 0x1823, 0x1823, 0x72ee, 0x0020, 0x0861, 0x10a2, 0x10a2, 0x10a2, 0x10a2, 
  0x10a2, 0x10a2, 0x10a2, 0x1082, 0x10a2, 0x1082, 0x1082, 0x1082, 0x18c3, 0x18c3, 0x18c3, 0x18e3, 
  0x18e3, 0x18e3, 0x18e3, 0x18e3, 0x18e3, 0x18e3, 0x18e3, 0x18e3, 0x18e3, 0x18e3, 0x3927, 0x30e6, 
  0x30e6, 0x30e6, 0x30e6, 0x30e6, 0x30e6, 0x30e6, 0x30e6, 0x30e6, 0x30e6, 0x30e6, 0x30e6, 0x30e6, 
  0x30e6, 0x30e6, 0x30e6, 0x30e6, 0x30e6, 0x30c6, 0x28c6, 0x28c6, 0x28a6, 0x28a5, 0x2885, 0x2085, 
  0x2064, 0x2064, 0x2044, 0x2044, 0x2024, 0x1824, 0x1804, 0x1804, 0x1803, 0x1003, 0x1003, 0x1003, 
  0x1003, 0x1003, 0x1003, 0x1003, 0x1003, 0x1003, 0x1003, 0x1003, 0x1003, 0x1003, 0x1003, 0x1003, 
  0x1003, 0x1003, 0x1003, 0x1003, 0x1003, 0x1003, 0x1003, 0x1003, 0x1003, 0x1003, 0x1003, 0x1003, 
  0x1003, 0x1003, 0x1003, 0x1003, 0x1003, 0x1003, 0x1003, 0x1003, 0x1823, 0x1823, 0x1823, 0x1823, 
  0x1823, 0x1823, 0x1823, 0x1823, 0x1823, 0x1823, 0x1823, 0x1823, 0x1823, 0x1823, 0x1823, 0x1823, 
  0x1823, 0x1823, 0x1823, 0x1823, 0x1823, 0x1823, 0x1823, 0x1823, 0x1823, 0x1823, 0x1823, 0x1823, 
  0x1823, 0x1823, 0x1823, 0x1823, 0x1823, 0x1823, 0x1823, 0x1823, 0x1823, 0x1823, 0x1823, 0x1823, 
  0x1823, 0x1823, 0x1823, 0x1823, 0x1823, 0x1823, 0x30e6, 0x5a6b, 0x0020, 0x0841, 0x0841, 0x0841, 
  0x0820, 0x0821, 0x0821, 0x0821, 0x0821, 0x0821, 0x0841, 0x0841, 0x0841, 0x0841, 0x2085, 0x1844, 
  0x1844, 0x1844, 0x1844, 0x1844, 0x1844, 0x1844, 0x1844, 0x1844, 0x1844, 0x1824, 0x1824, 0x1824, 
  0x1824, 0x1844, 0x1844, 0x1844, 0x1844, 0x1844, 0x1844, 0x1844, 0x1844, 0x1844, 0x1844, 0x1844, 
  0x1844, 0x1844, 0x1844, 0x1844, 0x1844, 0x1844, 0x1824, 0x1824, 0x1824, 0x1824, 0x1824, 0x1844, 
  0x1844, 0x1844, 0x1844, 0x1844, 0x1844, 0x1844, 0x1844, 0x1844, 0x1844, 0x1844, 0x1844, 0x1844, 
  0x1844, 0x2044, 0x2065, 0x28a5, 0x30c6, 0x30e6, 0x30e7, 0x30e6, 0x30e6, 0x30e6, 0x28c6, 0x28c6, 
  0x28c6, 0x28c6, 0x28c6, 0x28c6, 0x28c6, 0x28c6, 0x28c6, 0x28c6, 0x28c6, 0x28c6, 0x28c6, 0x730f, 
  0x18c3, 0x18c3, 0x18c3, 0x18c3, 0x18c3, 0x18c3, 0x18c3, 0x18c3, 0x18c3, 0x18c3, 0x18c3, 0x18a2, 
  0x28c6, 0x2885, 0x2885, 0x2885, 0x2885, 0x2885, 0x2885, 0x2885, 0x2885, 0x2885, 0x2885, 0x2885, 
  0x2085, 0x2085, 0x2085, 0x2085, 0x2085, 0x2085, 0x2085, 0x2085, 0x2085, 0x2085, 0x2885, 0x2885, 
  0x2885, 0x2885, 0x2885, 0x2885, 0x2885, 0x2885, 0x2885, 0x2885, 0x2885, 0x2885, 0x2085, 0x2085, 
  0x2085, 0x2085, 0x2085, 0x2085, 0x2085, 0x2085, 0x2085, 0x2085, 0x2085, 0x2085, 0x2065, 0x2065, 
  0x2065, 0x2065, 0x2065, 0x2065, 0x2065, 0x2065, 0x2065, 0x2064, 0x2064, 0x2064, 0x2064, 0x2064, 
  0x2044, 0x1844, 0x1824, 0x1823, 0x1823, 0x1823, 0x1823, 0x1823, 0x1823, 0x1823, 0x1823, 0x1823, 
  0x1803, 0x7b2f, 0x0841, 0x18c3, 0x18c3, 0x18c3, 0x10a2, 0x10a2, 0x10a2, 0x10a2, 0x10a2, 0x10a2, 
  0x10a2, 0x10a2, 0x1082, 0x1082, 0x18c3, 0x18c3, 0x18e3, 0x18e3, 0x18e3, 0x18e3, 0x18e3, 0x18e3, 
  0x18e3, 0x18e3, 0x18e3, 0x18e3, 0x18e3, 0x18e3, 0x3107, 0x30e6, 0x30e6, 0x30e6, 0x30e6, 0x30e6, 
  0x30e6, 0x30e6, 0x30e6, 0x30e6, 0x30e6, 0x30e6, 0x30e6, 0x30e6, 0x30e6, 0x30e6, 0x30e6, 0x30e6, 
  0x30e6, 0x30c6, 0x28c6, 0x28c6, 0x28a6, 0x28a5, 0x2885, 0x2085, 0x2064, 0x2064, 0x2044, 0x2044, 
  0x1824, 0x1824, 0x1804, 0x1804, 0x1803, 0x1003, 0x1003, 0x1003, 0x1003, 0x1003, 0x1003, 0x1003, 
  0x1003, 0x1003, 0x1003, 0x1003, 0x1003, 0x1003, 0x1003, 0x1003, 0x1003, 0x1003, 0x1003, 0x1003, 
  0x1003, 0x1003, 0x1003, 0x1003, 0x1003, 0x1003, 0x1003, 0x1003, 0x1003, 0x1003, 0x1003, 0x1003, 
  0x1003, 0x1003, 0x1003, 0x1003, 0x1823, 0x1823, 0x1823, 0x1823, 0x1823, 0x1823, 0x1823, 0x1823, 
  0x1823, 0x1823, 0x1823, 0x1823, 0x1823, 0x1823, 0x1823, 0x1823, 0x1823, 0x1823, 0x1823, 0x1823, 
  0x1823, 0x1823, 0x1823, 0x1823, 0x1823, 0x1823, 0x1823, 0x1823, 0x1823, 0x1823, 0x1823, 0x1823, 
  0x1823, 0x1823, 0x1823, 0x1823, 0x1823, 0x1823, 0x1823, 0x1823, 0x1823, 0x1823, 0x1823, 0x1823, 
  0x1823, 0x1823, 0x30e7, 0x5a8b, 0x0020, 0x0841, 0x0841, 0x0841, 0x0820, 0x0821, 0x0821, 0x0821, 
  0x0821, 0x0821, 0x0841, 0x0841, 0x0841, 0x0841, 0x2064, 0x1844, 0x1844, 0x1844, 0x1844, 0x1844, 
  0x1844, 0x1844, 0x1844, 0x1844, 0x1844, 0x1824, 0x1824, 0x1824, 0x1824, 0x1844, 0x1844, 0x1844, 
  0x1844, 0x1844, 0x1844, 0x1844, 0x1844, 0x1844, 0x1844, 0x1844, 0x1844, 0x1844, 0x1844, 0x1844, 
  0x1844, 0x1844, 0x1824, 0x1824, 0x1824, 0x1824, 0x1824, 0x1844, 0x1844, 0x1844, 0x1844, 0x1844, 
  0x1844, 0x1844, 0x1844, 0x1844, 0x1844, 0x1844, 0x1844, 0x1844, 0x1844, 0x2044, 0x2065, 0x28a5, 
  0x30c6, 0x30e6, 0x30e7, 0x30e6, 0x30e6, 0x30e6, 0x30c6, 0x28c6, 0x28c6, 0x28c6, 0x28c6, 0x28c6, 
  0x28c6, 0x28c6, 0x28c6, 0x28c6, 0x28c6, 0x28c6, 0x28c6, 0x7b2f, 0x18c3, 0x18c3, 0x18c3, 0x18c3, 
  0x18c3, 0x18c3, 0x18c3, 0x18c3, 0x18c3, 0x18c3, 0x18c3, 0x18a2, 0x28a5, 0x2885, 0x2885, 0x2885, 
  0x2885, 0x2885, 0x2885, 0x2885, 0x2885, 0x2885, 0x2885, 0x2885, 0x2885, 0x2085, 0x2085, 0x2085, 
  0x2085, 0x2085, 0x2085, 0x2085, 0x2085, 0x2085, 0x2885, 0x2885, 0x2885, 0x2885, 0x2885, 0x2885, 
  0x2885, 0x2885, 0x2885, 0x2885, 0x2885, 0x2885, 0x2085, 0x2085, 0x2085, 0x2085, 0x2085, 0x2085, 
  0x2085, 0x2085, 0x2085, 0x2085, 0x2085, 0x2085, 0x2065, 0x2065, 0x2065, 0x2065, 0x2065, 0x2065, 
  0x2065, 0x2065, 0x2065, 0x2064, 0x2064, 0x2064, 0x2064, 0x2064, 0x2044, 0x1844, 0x1824, 0x1823, 
  0x1823, 0x1823, 0x1823, 0x1823, 0x1823, 0x1823, 0x1823, 0x1823, 0x1003, 0x7b50, 0x10a2, 0x18c3, 
  0x18c3, 0x18c3, 0x18a2, 0x10a2, 0x10a2, 0x10a2, 0x10a2, 0x10a2, 0x10a2, 0x10a2, 0x1082, 0x1082, 
  0x18c3, 0x18c3, 0x18e3, 0x18e3, 0x18e3, 0x18e3, 0x18e3, 0x18e3, 0x18e3, 0x18e3, 0x18e3, 0x18e3, 
  0x18e3, 0x18e3, 0x30e6, 0x30e6, 0x30e6, 0x30e6, 0x30e6, 0x30e6, 0x30e6, 0x30e6, 0x30e6, 0x30e6, 
  0x30e6, 0x30e6, 0x30e6, 0x30e6, 0x30e6, 0x30e6, 0x30e6, 0x30e6, 0x30e6, 0x30c6, 0x28c6, 0x28c6, 
  0x28a6, 0x28a5, 0x2885, 0x2085, 0x2064, 0x2064, 0x2044, 0x2044, 0x1824, 0x1824, 0x1804, 0x1804, 
  0x1003, 0x1003, 0x1003, 0x1003, 0x1003, 0x1003, 0x1003, 0x1003, 0x1003, 0x1003, 0x1003, 0x1003, 
  0x1003, 0x1003, 0x1003, 0x1003, 0x1003, 0x1003, 0x1003, 0x1003, 0x1003, 0x1003, 0x1003, 0x1003, 
  0x1003, 0x1003, 0x1003, 0x1003, 0x1003, 0x1003, 0x1003, 0x1003, 0x1003, 0x1003, 0x1003, 0x1003, 
  0x1823, 0x1823, 0x1823, 0x1823, 0x1823, 0x1823, 0x1823, 0x1823, 0x1823, 0x1823, 0x1823, 0x1823, 
  0x1823, 0x1823, 0x1823, 0x1823, 0x1823, 0x1823, 0x1823, 0x1823, 0x1823, 0x1823, 0x1823, 0x1823, 
  0x1823, 0x1823, 0x1823, 0x1823, 0x1823, 0x1823, 0x1823, 0x1823, 0x1823, 0x1823, 0x1823, 0x1823, 
  0x1823, 0x1823, 0x1823, 0x1823, 0x1823, 0x1823, 0x1823, 0x1823, 0x1823, 0x1823, 0x3107, 0x628c, 
  0x0021, 0x0841, 0x0841, 0x0841, 0x0841, 0x0841, 0x0821, 0x0821, 0x0821, 0x0821, 0x0821, 0x0821, 
  0x0841, 0x0841, 0x1844, 0x1844, 0x1844, 0x1844, 0x1844, 0x1844, 0x1844, 0x1844, 0x1844, 0x1844, 
  0x1844, 0x1824, 0x1824, 0x1824, 0x1824, 0x1844, 0x1844, 0x1844, 0x1844, 0x1844, 0x1844, 0x1844, 
  0x1844, 0x1844, 0x1844, 0x1844, 0x1844, 0x1844, 0x1844, 0x1844, 0x1844, 0x1844, 0x1824, 0x1824, 
  0x1824, 0x1824, 0x1824, 0x1844, 0x1844, 0x1844, 0x1844, 0x1844, 0x1844, 0x1844, 0x1844, 0x1844, 
  0x1844, 0x1844, 0x1844, 0x1844, 0x1844, 0x2044, 0x2065, 0x28a5, 0x28c6, 0x30e6, 0x3107, 0x3106, 
  0x30e6, 0x30e6, 0x30c6, 0x28c6, 0x28c6, 0x28c6, 0x28c6, 0x28c6, 0x28c6, 0x28c6, 0x28c6, 0x28c6, 
  0x28c6, 0x28c6, 0x28c5, 0x7b50, 0x18a2, 0x18c3, 0x18c3, 0x18c3, 0x18c3, 0x18c3, 0x18c3, 0x18c3, 
  0x18c3, 0x18c3, 0x18c3, 0x18a2, 0x28a5, 0x2885, 0x2885, 0x2885, 0x2885, 0x2885, 0x2885, 0x2885, 
  0x2885, 0x2885, 0x2885, 0x2885, 0x2885, 0x2085, 0x2085, 0x2085, 0x2085, 0x2085, 0x2085, 0x2085, 
  0x2085, 0x2085, 0x2885, 0x2885, 0x2885, 0x2885, 0x2885, 0x2885, 0x2885, 0x2885, 0x2885, 0x2885, 
  0x2885, 0x2885, 0x2885, 0x2085, 0x2085, 0x2085, 0x2085, 0x2085, 0x2085, 0x2085, 0x2085, 0x2085, 
  0x2085, 0x2085, 0x2085, 0x2065, 0x2065, 0x2065, 0x2065, 0x2065, 0x2065, 0x2065, 0x2065, 0x2064, 
  0x2064, 0x2064, 0x2064, 0x2064, 0x2044, 0x1844, 0x1824, 0x1823, 0x1823, 0x1823, 0x1823, 0x1823, 
  0x1823, 0x1823, 0x1803, 0x1003, 0x1003, 0x8391, 0x10a2, 0x18c3, 0x18c3, 0x18c3, 0x18a2, 0x18a2, 
  0x10a2, 0x10a2, 0x10a2, 0x10a2, 0x10a2, 0x10a2, 0x10a2, 0x1082, 0x18c3, 0x18c3, 0x18e3, 0x18e3, 
  0x18e3, 0x18e3, 0x18e3, 0x18e3, 0x18e3, 0x18e3, 0x2104, 0x18e3, 0x18e3, 0x18e3, 0x30e6, 0x30e6, 
  0x30e6, 0x30e6, 0x30e6, 0x30e6, 0x30e6, 0x30e6, 0x30e6, 0x30e6, 0x30e6, 0x30e6, 0x30e6, 0x30e6, 
  0x30e6, 0x30e6, 0x30e6, 0x30e6, 0x30e6, 0x30c6, 0x28c6, 0x28c6, 0x28a6, 0x28a5, 0x2885, 0x2085, 
  0x2064, 0x2064, 0x2044, 0x2044, 0x1824, 0x1824, 0x1804, 0x1804, 0x1003, 0x1003, 0x1003, 0x1003, 
  0x1003, 0x1003, 0x1003, 0x1003, 0x1003, 0x1003, 0x1003, 0x1003, 0x1003, 0x1003, 0x1003, 0x1003, 
  0x1003, 0x1003, 0x1003, 0x1003, 0x1003, 0x1003, 0x1003, 0x1003, 0x1003, 0x1003, 0x1003, 0x1003, 
  0x1003, 0x1003, 0x1003, 0x1003, 0x1003, 0x1003, 0x1003, 0x1003, 0x1823, 0x1823, 0x1823, 0x1823, 
  0x1823, 0x1823, 0x1823, 0x1823, 0x1823, 0x1823, 0x1823, 0x1823, 0x1823, 0x1823, 0x1823, 0x1823, 
  0x1823, 0x1823, 0x1823, 0x1823, 0x1823, 0x1823, 0x1823, 0x1823, 0x1823, 0x1823, 0x1823, 0x1823, 
  0x1823, 0x1823, 0x1823, 0x1823, 0x1823, 0x1823, 0x1823, 0x1823, 0x1823, 0x1823, 0x1823, 0x1823, 
  0x1823, 0x1823, 0x1823, 0x1823, 0x1823, 0x1823, 0x3107, 0x62ac, 0x0021, 0x0841, 0x0841, 0x0841, 
  0x0841, 0x0841, 0x0821, 0x0821, 0x0821, 0x0821, 0x0821, 0x0821, 0x0841, 0x0841, 0x1844, 0x1844, 
  0x1844, 0x1844, 0x1844, 0x1844, 0x1844, 0x1844, 0x1844, 0x1844, 0x1844, 0x1824, 0x1824, 0x1824, 
  0x1824, 0x1844, 0x1844, 0x1844, 0x1844, 0x1844, 0x1844, 0x1844, 0x1844, 0x1844, 0x1844, 0x1844, 
  0x1844, 0x1844, 0x1844, 0x1844, 0x1844, 0x1844, 0x1824, 0x1824, 0x1824, 0x1824, 0x1824, 0x1844, 
  0x1844, 0x1844, 0x1844, 0x1844, 0x1844, 0x1844, 0x1844, 0x1844, 0x1844, 0x1844, 0x1844, 0x1844, 
  0x1844, 0x2044, 0x2065, 0x28a5, 0x28c6, 0x30e6, 0x3107, 0x3106, 0x30e6, 0x30e6, 0x30c6, 0x28c6, 
  0x28c6, 0x28c6, 0x28c6, 0x28c6, 0x28c6, 0x28c6, 0x28c6, 0x28c6, 0x28c6, 0x28c5, 0x28a5, 0x7b50, 
  0x18a2, 0x18c3, 0x18c3, 0x18c3, 0x18c3, 0x18c3, 0x18c3, 0x18c3, 0x18c3, 0x18c3, 0x18a2, 0x10a2, 
  0x2885, 0x2885, 0x2885, 0x2885, 0x2885, 0x2885, 0x2885, 0x2885, 0x2885, 0x2885, 0x2885, 0x2885, 
  0x2885, 0x2085, 0x2085, 0x2085, 0x2085, 0x2085, 0x2085, 0x2085, 0x2085, 0x2085, 0x2885, 0x2885, 
  0x2885, 0x2885, 0x2885, 0x2885, 0x2885, 0x2885, 0x2885, 0x2885, 0x2885, 0x2885, 0x2885, 0x2085, 
  0x2085, 0x2085, 0x2085, 0x2085, 0x2085, 0x2085, 0x2085, 0x2085, 0x2085, 0x2085, 0x2085, 0x2065, 
  0x2065, 0x2065, 0x2065, 0x2065, 0x2065, 0x2065, 0x2065, 0x2064, 0x2064, 0x2064, 0x2064, 0x2064, 
  0x2044, 0x1844, 0x1824, 0x1823, 0x1823, 0x1823, 0x1823, 0x1803, 0x1003, 0x1003, 0x1003, 0x1003, 
  0x1003, 0x8bb1, 0x18c3, 0x18c3, 0x18c3, 0x18c3, 0x18a2, 0x18a2, 0x10a2, 0x10a2, 0x10a2, 0x10a2, 
  0x10a2, 0x10a2, 0x10a2, 0x10a2, 0x18c3, 0x18c3, 0x18e3, 0x18e3, 0x18e3, 0x18e3, 0x18e3, 0x18e3, 
  0x18e3, 0x18e3, 0x18e3, 0x18e3, 0x18e3, 0x18e3, 0x30c6, 0x30e6, 0x30e6, 0x30e6, 0x30e6, 0x30e6, 
  0x30e6, 0x30e6, 0x30e6, 0x30e6, 0x30e6, 0x30e6, 0x30e6, 0x30e6, 0x30e6, 0x30e6, 0x30e6, 0x30e6, 
  0x30e6, 0x30c6, 0x28c6, 0x28c6, 0x28a6, 0x28a5, 0x2885, 0x2085, 0x2064, 0x2064, 0x2044, 0x2044, 
  0x1824, 0x1824, 0x1804, 0x1803, 0x1003, 0x1003, 0x1003, 0x1003, 0x1003, 0x1003, 0x1003, 0x1003, 
  0x1003, 0x1003, 0x1003, 0x1003, 0x1003, 0x1003, 0x1003, 0x1003, 0x1003, 0x1003, 0x1003, 0x1003, 
  0x1003, 0x1003, 0x1003, 0x1003, 0x1003, 0x1003, 0x1003, 0x1003, 0x1003, 0x1003, 0x1003, 0x1003, 
  0x1003, 0x1003, 0x1003, 0x1003, 0x1823, 0x1823, 0x1823, 0x1823, 0x1823, 0x1823, 0x1823, 0x1823, 
  0x1823, 0x1823, 0x1823, 0x1823, 0x1823, 0x1823, 0x1823, 0x1823, 0x1823, 0x1823, 0x1823, 0x1823, 
  0x1823, 0x1823, 0x1823, 0x1823, 0x1823, 0x1823, 0x1823, 0x1823, 0x1823, 0x1823, 0x1823, 0x1823, 
  0x1823, 0x1823, 0x1823, 0x1823, 0x1823, 0x1823, 0x1823, 0x1823, 0x1823, 0x1823, 0x1823, 0x1823, 
  0x1823, 0x1823, 0x3107, 0x62ac, 0x0020, 0x0821, 0x0841, 0x0841, 0x0841, 0x0841, 0x0821, 0x0821, 
  0x0821, 0x0821, 0x0821, 0x0821, 0x0841, 0x0841, 0x1844, 0x1844, 0x1844, 0x1844, 0x1844, 0x1844, 
  0x1844, 0x1844, 0x1844, 0x1844, 0x1844, 0x1824, 0x1824, 0x1824, 0x1824, 0x1844, 0x1844, 0x1844, 
  0x1844, 0x1844, 0x1844, 0x1844, 0x1844, 0x1844, 0x1844, 0x1844, 0x1844, 0x1844, 0x1844, 0x1844, 
  0x1844, 0x1844, 0x1824, 0x1824, 0x1824, 0x1824, 0x1824, 0x1844, 0x1844, 0x1844, 0x1844, 0x1844, 
  0x1844, 0x1844, 0x1844, 0x1844, 0x1844, 0x1844, 0x1844, 0x1844, 0x1844, 0x2044, 0x2065, 0x28a5, 
  0x28c6, 0x30e6, 0x3107, 0x3106, 0x30e6, 0x30e6, 0x30c6, 0x28c6, 0x28c6, 0x28c6, 0x28c6, 0x28c6, 
  0x28c6, 0x28c6, 0x28c6, 0x28c6, 0x28c5, 0x28a5, 0x28a5, 0x7b50, 0x18a2, 0x18c3, 0x18c3, 0x18c3, 
  0x18c3, 0x18c3, 0x18c3, 0x18c3, 0x18c3, 0x18a2, 0x18a2, 0x10a2, 0x2885, 0x2885, 0x2885, 0x2885, 
  0x2885, 0x2885, 0x2885, 0x2885, 0x2885, 0x2885, 0x2885, 0x2885, 0x2885, 0x2885, 0x2085, 0x2085, 
  0x2085, 0x2085, 0x2085, 0x2085, 0x2085, 0x2085, 0x2885, 0x2885, 0x2885, 0x2885, 0x2885, 0x2885, 
  0x2885, 0x2885, 0x2885, 0x2885, 0x2885, 0x2885, 0x2885, 0x2085, 0x2085, 0x2085, 0x2085, 0x2085, 
  0x2085, 0x2085, 0x2085, 0x2085, 0x2085, 0x2085, 0x2085, 0x2065, 0x2065, 0x2065, 0x2065, 0x2065, 
  0x2065, 0x2065, 0x2065, 0x2064, 0x2064, 0x2064, 0x2064, 0x2064, 0x2044, 0x1844, 0x1824, 0x1823, 
  0x1823, 0x1823, 0x1003, 0x1003, 0x1003, 0x1003, 0x1003, 0x1003, 0x1003, 0x8bd2, 0x18c3, 0x18c3, 
  0x18c3, 0x18c3, 0x18c3, 0x18c3, 0x18c3, 0x10a2, 0x10a2, 0x10a2, 0x10a2, 0x10a2, 0x10a2, 0x10a2, 
  0x18c3, 0x18c3, 0x18e3, 0x18e3, 0x18e3, 0x18e3, 0x18e3, 0x18e3, 0x18e3, 0x18e3, 0x18e3, 0x18e3, 
  0x18e3, 0x18e3, 0x30c6, 0x30e6, 0x30e6, 0x30e6, 0x30e6, 0x30e6, 0x30e6, 0x30e6, 0x30e6, 0x30e6, 
  0x30e6, 0x30e6, 0x30e6, 0x30e6, 0x30e6, 0x30e6, 0x30e6, 0x30e6, 0x30e6, 0x30c6, 0x28c6, 0x28c6, 
  0x28a6, 0x28a5, 0x2885, 0x2085, 0x2064, 0x2064, 0x2044, 0x2044, 0x1824, 0x1824, 0x1804, 0x1804, 
  0x1003, 0x1003, 0x1003, 0x1003, 0x1003, 0x1003, 0x1003, 0x1003, 0x1003, 0x1003, 0x1003, 0x1003, 
  0x1003, 0x1003, 0x1003, 0x1003, 0x1003, 0x1003, 0x1003, 0x1003, 0x1003, 0x1003, 0x1003, 0x1003, 
  0x1003, 0x1003, 0x1003, 0x1003, 0x1003, 0x1003, 0x1003, 0x1003, 0x1003, 0x1003, 0x1003, 0x1003, 
  0x1823, 0x1823, 0x1823, 0x1823, 0x1823, 0x1823, 0x1823, 0x1823, 0x1823, 0x1823, 0x1823, 0x1823, 
  0x1823, 0x1823, 0x1823, 0x1823, 0x1823, 0x1823, 0x1823, 0x1823, 0x1823, 0x1823, 0x1823, 0x1823, 
  0x1823, 0x1823, 0x1823, 0x1823, 0x1823, 0x1823, 0x1823, 0x1823, 0x1823, 0x1823, 0x1823, 0x1823, 
  0x1823, 0x1823, 0x1823, 0x1823, 0x1823, 0x1823, 0x1823, 0x1823, 0x1823, 0x1823, 0x3107, 0x62ac, 
  0x0020, 0x0821, 0x0841, 0x0841, 0x0841, 0x0841, 0x0821, 0x0821, 0x0821, 0x0821, 0x0821, 0x0821, 
  0x0841, 0x0841, 0x1824, 0x1844, 0x1844, 0x1844, 0x1844, 0x1844, 0x1844, 0x1844, 0x1844, 0x1844, 
  0x1844, 0x1824, 0x1824, 0x1824, 0x1824, 0x1844, 0x1844, 0x1844, 0x1844, 0x1844, 0x1844, 0x1844, 
  0x1844, 0x1844, 0x1844, 0x1844, 0x1844, 0x1844, 0x1844, 0x1844, 0x1844, 0x1844, 0x1824, 0x1824, 
  0x1824, 0x1824, 0x1824, 0x1844, 0x1844, 0x1844, 0x1844, 0x1844, 0x1844, 0x1844, 0x1844, 0x1844, 
  0x1844, 0x1844, 0x1844, 0x1844, 0x1844, 0x2044, 0x2065, 0x28a5, 0x28c6, 0x30e6, 0x3107, 0x3106, 
  0x30e6, 0x30e6, 0x30c6, 0x28c6, 0x28c6, 0x28c6, 0x28c6, 0x28c6, 0x28c6, 0x28c6, 0x28c6, 0x28c5, 
  0x28a5, 0x28a5, 0x28a5, 0x8350, 0x18a2, 0x18c3, 0x18c3, 0x18c3, 0x18c3, 0x18c3, 0x18c3, 0x18c3, 
  0x18c3, 0x18a2, 0x10a2, 0x10a2, 0x2885, 0x2885, 0x2885, 0x2885, 0x2885, 0x2885, 0x2885, 0x2885, 
  0x2885, 0x2885, 0x2885, 0x2885, 0x2885, 0x2885, 0x2085, 0x2085, 0x2085, 0x2085, 0x2085, 0x2085, 
  0x2085, 0x2085, 0x2885, 0x2885, 0x2885, 0x2885, 0x2885, 0x2885, 0x2885, 0x2885, 0x2885, 0x2885, 
  0x2885, 0x2885, 0x2885, 0x2085, 0x2085, 0x2085, 0x2085, 0x2085, 0x2085, 0x2085, 0x2085, 0x2085, 
  0x2085, 0x2085, 0x2085, 0x2065, 0x2065, 0x2065, 0x2065, 0x2065, 0x2065, 0x2065, 0x2065, 0x2064, 
  0x2064, 0x2064, 0x2064, 0x2064, 0x2044, 0x1844, 0x1823, 0x1823, 0x1823, 0x1803, 0x1003, 0x1003, 
  0x1003, 0x1003, 0x1003, 0x1003, 0x1003, 0x8bd2, 0x18c3, 0x18c3, 0x18c3, 0x18c3, 0x18c3, 0x18c3, 
  0x18c3, 0x18c3, 0x10a2, 0x10a2, 0x10a2, 0x10a2, 0x10a2, 0x10a2, 0x18c3, 0x18c3, 0x18e3, 0x18e3, 
  0x18e3, 0x18e3, 0x18e3, 0x18e3, 0x18e3, 0x18e3, 0x18e3, 0x18e3, 0x18e3, 0x18e3, 0x28c6, 0x30e6, 
  0x30e6, 0x30e6, 0x30e6, 0x30e6, 0x30e6, 0x30e6, 0x30e6, 0x30e6, 0x30e6, 0x30e6, 0x30e6, 0x30e6, 
  0x30e6, 0x30e6, 0x30e6, 0x30e6, 0x30e6, 0x30c6, 0x28c6, 0x28c6, 0x28a6, 0x28a5, 0x2885, 0x2085, 
  0x2064, 0x2064, 0x2044, 0x2044, 0x1824, 0x1824, 0x1804, 0x1804, 0x1804, 0x1003, 0x1003, 0x1003, 
  0x1003, 0x1003, 0x1003, 0x1003, 0x1003, 0x1003, 0x1003, 0x1003, 0x1003, 0x1003, 0x1003, 0x1003, 
  0x1003, 0x1003, 0x1003, 0x1003, 0x1003, 0x1003, 0x1003, 0x1003, 0x1003, 0x1003, 0x1003, 0x1003, 
  0x1003, 0x1003, 0x1003, 0x1003, 0x1003, 0x1003, 0x1003, 0x1003, 0x1823, 0x1823, 0x1823, 0x1823, 
  0x1823, 0x1823, 0x1823, 0x1823, 0x1823, 0x1823, 0x1823, 0x1823, 0x1823, 0x1823, 0x1823, 0x1823, 
  0x1823, 0x1823, 0x1823, 0x1823, 0x1823, 0x1823, 0x1823, 0x1823, 0x1823, 0x1823, 0x1823, 0x1823, 
  0x1823, 0x1823, 0x1823, 0x1823, 0x1823, 0x1823, 0x1823, 0x1823, 0x1823, 0x1823, 0x1823, 0x1823, 
  0x1823, 0x1823, 0x1823, 0x1823, 0x1823, 0x1823, 0x3107, 0x62ac, 0x0020, 0x0020, 0x0841, 0x0841, 
  0x0841, 0x0841, 0x0841, 0x0841, 0x0821, 0x0821, 0x0821, 0x0821, 0x0841, 0x0841, 0x1824, 0x1824, 
  0x1844, 0x1844, 0x1844, 0x1844, 0x1844, 0x1844, 0x1844, 0x1844, 0x1844, 0x1824, 0x1824, 0x1824, 
  0x1824, 0x1844, 0x1844, 0x1844, 0x1844, 0x1844, 0x1844, 0x1844, 0x1844, 0x1844, 0x1844, 0x1844, 
  0x1844, 0x1844, 0x1844, 0x1844, 0x1844, 0x1844, 0x1824, 0x1824, 0x1824, 0x1824, 0x1824, 0x1844, 
  0x1844, 0x1844, 0x1844, 0x1844, 0x1844, 0x1844, 0x1844, 0x1844, 0x1844, 0x1844, 0x1844, 0x1844, 
  0x1844, 0x2064, 0x2065, 0x28a5, 0x30c6, 0x30e6, 0x30e6, 0x30e6, 0x30e6, 0x30e6, 0x30c6, 0x28c6, 
  0x28c6, 0x28c6, 0x28c6, 0x28c6, 0x28c6, 0x28c6, 0x28a5, 0x28a5, 0x28a5, 0x28a5, 0x28a5, 0x8350, 
  0x18a2, 0x18c3, 0x18c3, 0x18c3, 0x18c3, 0x18c3, 0x18c3, 0x18c3, 0x18c3, 0x18a2, 0x18a2, 0x10a2, 
  0x2885, 0x2885, 0x2885, 0x2885, 0x2885, 0x2885, 0x2885, 0x2885, 0x2885, 0x2885, 0x2885, 0x2885, 
  0x2885, 0x2085, 0x2085, 0x2085, 0x2085, 0x2085, 0x2085, 0x2085, 0x2085, 0x2085, 0x2885, 0x2885, 
  0x2885, 0x2885, 0x2885, 0x2885, 0x2885, 0x2885, 0x2885, 0x2885, 0x2885, 0x2885, 0x2885, 0x2085, 
  0x2085, 0x2085, 0x2085, 0x2085, 0x2085, 0x2085, 0x2085, 0x2085, 0x2085, 0x2085, 0x2065, 0x2065, 
  0x2065, 0x2065, 0x2065, 0x2065, 0x2065, 0x2065, 0x2065, 0x2064, 0x2064, 0x2064, 0x2064, 0x2064, 
  0x2044, 0x1844, 0x1823, 0x1823, 0x1823, 0x1003, 0x1003, 0x1003, 0x1003, 0x1003, 0x1003, 0x1003, 
  0x1003, 0x93f2, 0x18c3, 0x18c3, 0x18c3, 0x18c3, 0x18c3, 0x18c3, 0x18c3, 0x18c3, 0x18c3, 0x10a2, 
  0x10a2, 0x10a2, 0x10a2, 0x10a2, 0x18c3, 0x18c3, 0x18e3, 0x18e3, 0x18e3, 0x18e3, 0x18e3, 0x18e3, 
  0x18e3, 0x18e3, 0x18e3, 0x18e3, 0x18e3, 0x18e3, 0x28c6, 0x28c6, 0x28c6, 0x30c6, 0x30c6, 0x30e6, 
  0x3927, 0x4168, 0x4189, 0x49ca, 0x51ea, 0x520b, 0x5a2b, 0x5a4c, 0x626c, 0x626c, 0x626c, 0x626c, 
  0x624c, 0x5a4c, 0x5a4c, 0x5a2c, 0x5a2b, 0x5a2b, 0x5a2b, 0x5a0b, 0x520b, 0x51ea, 0x51ea, 0x51ca, 
  0x51ca, 0x49aa, 0x51ab, 0x51ab, 0x59cc, 0x59cd, 0x61ce, 0x61ce, 0x61cd, 0x59ac, 0x518b, 0x498a, 
  0x4189, 0x4189, 0x4189, 0x4189, 0x4189, 0x4189, 0x4189, 0x4189, 0x4189, 0x4189, 0x4189, 0x4189, 
  0x4189, 0x4189, 0x4189, 0x4189, 0x4189, 0x4189, 0x4189, 0x4189, 0x4189, 0x4189, 0x4189, 0x4189, 
  0x4189, 0x4189, 0x4189, 0x4189, 0x4189, 0x4189, 0x4189, 0x4189, 0x4189, 0x4189, 0x4189, 0x4189, 
  0x4189, 0x4189, 0x4189, 0x4189, 0x4189, 0x4189, 0x4189, 0x4189, 0x4189, 0x4189, 0x4189, 0x4189, 
  0x4189, 0x4189, 0x4189, 0x4989, 0x4989, 0x4989, 0x49a9, 0x49a9, 0x49a9, 0x49a9, 0x49a9, 0x49a9, 
  0x49a9, 0x49a9, 0x49a9, 0x49ca, 0x51ea, 0x520b, 0x5a2b, 0x5a4c, 0x626c, 0x628d, 0x6aad, 0x6aad, 
  0x6aad, 0x6aad, 0x7b2f, 0x6b0e, 0x0820, 0x0020, 0x0841, 0x0841, 0x0841, 0x0841, 0x0841, 0x0841, 
  0x0821, 0x0821, 0x0821, 0x0821, 0x0821, 0x0841, 0x1824, 0x1824, 0x1824, 0x1824, 0x1824, 0x1844, 
  0x2065, 0x28a6, 0x30e6, 0x3927, 0x3948, 0x4168, 0x4189, 0x4989, 0x49a9, 0x49a9, 0x49a9, 0x49a9, 
  0x49a9, 0x49a9, 0x49a9, 0x49a9, 0x49a9, 0x49aa, 0x49aa, 0x49aa, 0x49aa, 0x49aa, 0x49aa, 0x49aa, 
  0x49aa, 0x49aa, 0x49a9, 0x49a9, 0x49a9, 0x49a9, 0x49a9, 0x49a9, 0x49a9, 0x49a9, 0x49a9, 0x49a9, 
  0x49aa, 0x49aa, 0x49aa, 0x49aa, 0x49aa, 0x49aa, 0x49aa, 0x49ca, 0x51ca, 0x51ea, 0x520b, 0x5a2b, 
  0x5a4c, 0x5a4c, 0x5a4c, 0x5a4c, 0x5a4c, 0x5a4c, 0x5a4c, 0x626c, 0x626c, 0x628d, 0x6aad, 0x6ace, 
  0x72ee, 0x730f, 0x730f, 0x7b2f, 0x7b2f, 0x7b2f, 0x7b2f, 0xa495, 0x10a2, 0x18c3, 0x18c3, 0x18c3, 
  0x18c3, 0x18c3, 0x18c3, 0x18a2, 0x18a2, 0x18a2, 0x18a2, 0x10a2, 0x2085, 0x2085, 0x2085, 0x2085, 
  0x2085, 0x28a5, 0x28c6, 0x3107, 0x3928, 0x4168, 0x4989, 0x49aa, 0x51ca, 0x51ea, 0x51ea, 0x520b, 
  0x51eb, 0x51eb, 0x520b, 0x520b, 0x520b, 0x520b, 0x520b, 0x520b, 0x520b, 0x520b, 0x520b, 0x520b, 
  0x520b, 0x520b, 0x520b, 0x520b, 0x51eb, 0x51eb, 0x51eb, 0x51eb, 0x51eb, 0x51eb, 0x51eb, 0x51eb, 
  0x51ea, 0x51ea, 0x51ea, 0x51ea, 0x51ea, 0x51ea, 0x51ea, 0x51ea, 0x51ea, 0x51ea, 0x51ea, 0x51ea, 
  0x51ea, 0x51ea, 0x51ea, 0x51ea, 0x51ca, 0x51ca, 0x49ca, 0x49ca, 0x49ca, 0x49ca, 0x51ea, 0x51ea, 
  0x520b, 0x5a2b, 0x5a4c, 0x626c, 0x628d, 0x6aad, 0x6ace, 0x6ace, 0x6aee, 0xb4f6, 0x18c3, 0x18c3, 
  0x18c3, 0x18c3, 0x18c3, 0x18c3, 0x18c3, 0x18c3, 0x18c3, 0x10a2, 0x10a2, 0x10a2, 0x10a2, 0x1082, 
  0x18c3, 0x18c3, 0x18e3, 0x18e3, 0x18e3, 0x18e3, 0x18e3, 0x18e3, 0x18e3, 0x18e3, 0x2104, 0x18e3, 
  0x18e3, 0x18e3, 0x18c3, 0x18c3, 0x18c3, 0x18c3, 0x18c3, 0x18c3, 0x18c3, 0x18c3, 0x18c3, 0x18c3, 
  0x18c3, 0x18e3, 0x18e3, 0x18e3, 0x18c3, 0x2124, 0x18e3, 0x18e3, 0x18c3, 0x18c3, 0x18c3, 0x18c3, 
  0x18c3, 0x18a2, 0x18a2, 0x18a3, 0x10a2, 0x10a2, 0x10a2, 0x1082, 0x0861, 0x0841, 0x0841, 0x0841, 
  0x0841, 0x0841, 0x1042, 0x1845, 0x3029, 0x482e, 0x2006, 0x0801, 0x0000, 0x0000, 0x0000, 0x0000, 
  0x0000, 0x0000, 0x0000, 0x0000, 0x0000, 0x0000, 0x0000, 0x0000, 0x0000, 0x0000, 0x0000, 0x0000, 
  0x0000, 0x0000, 0x0000, 0x0000, 0x0000, 0x0000, 0x0000, 0x0000, 0x0000, 0x0000, 0x0020, 0x0000, 
  0x0000, 0x0000, 0x0000, 0x0000, 0x0000, 0x0000, 0x0000, 0x0020, 0x0020, 0x0020, 0x0020, 0x0020, 
  0x0020, 0x0020, 0x0020, 0x0020, 0x0000, 0x0020, 0x0020, 0x0020, 0x0020, 0x0020, 0x0020, 0x0020, 
  0x0020, 0x0020, 0x0020, 0x0020, 0x0020, 0x0020, 0x0020, 0x0020, 0x0020, 0x0020, 0x0020, 0x0020, 
  0x0020, 0x0020, 0x0020, 0x0020, 0x0020, 0x0020, 0x0020, 0x0020, 0x0020, 0x0020, 0x0020, 0x0020, 
  0x0820, 0x0821, 0x0841, 0x0841, 0x0841, 0x0841, 0x0841, 0x0841, 0x0821, 0x0821, 0x0821, 0x0821, 
  0x0821, 0x0841, 0x0841, 0x0020, 0x0020, 0x0820, 0x0020, 0x0821, 0x0820, 0x0820, 0x0820, 0x0820, 
  0x0841, 0x0841, 0x0841, 0x0841, 0x0821, 0x0821, 0x0821, 0x0821, 0x0821, 0x0821, 0x0820, 0x0820, 
  0x0820, 0x0841, 0x0821, 0x0841, 0x0821, 0x0821, 0x0821, 0x0821, 0x0821, 0x0841, 0x0841, 0x0841, 
  0x0821, 0x0821, 0x0821, 0x0821, 0x0821, 0x0821, 0x0821, 0x0820, 0x0820, 0x0820, 0x0821, 0x0821, 
  0x0821, 0x0821, 0x0841, 0x0821, 0x0841, 0x2104, 0x18c3, 0x10a2, 0x10a2, 0x10a2, 0x10a2, 0x10a2, 
  0x10a2, 0x10a2, 0x10a2, 0x10a2, 0x10a2, 0x10a2, 0x10a2, 0x10a2, 0x10a2, 0x10a2, 0x1082, 0x10a2, 
  0x1082, 0x10a2, 0x10a2, 0x10a2, 0x10a2, 0x18c3, 0x18c3, 0x18c3, 0x18c3, 0x18c3, 0x18a2, 0x18a2, 
  0x18a2, 0x18a2, 0x10a2, 0x10a2, 0x1082, 0x1082, 0x1082, 0x1082, 0x1082, 0x1082, 0x1082, 0x1082, 
  0x1061, 0x1061, 0x1062, 0x1082, 0x1082, 0x1082, 0x1082, 0x1082, 0x1082, 0x1082, 0x1082, 0x1082, 
  0x1082, 0x1061, 0x1061, 0x1062, 0x1061, 0x1061, 0x1061, 0x1061, 0x1061, 0x1082, 0x1062, 0x1062, 
  0x1062, 0x1062, 0x1062, 0x1062, 0x1061, 0x1061, 0x1061, 0x1061, 0x1061, 0x1061, 0x0861, 0x0861, 
  0x1061, 0x1061, 0x0861, 0x0861, 0x0861, 0x0861, 0x0861, 0x0861, 0x0861, 0x0861, 0x0861, 0x0861, 
  0x0861, 0x0841, 0x0000, 0x0000, 0x0000, 0x0000, 0x0000, 0x0000, 0x0000, 0x0000, 0x0000, 0x0000, 
  0x1082, 0x18c3, 0x10a2, 0x10a2, 0x18c3, 0x18c3, 0x18c3, 0x18c3, 0x18c3, 0x18c3, 0x18c3, 0x18c3, 
  0x18c3, 0x18c3, 0x18c3, 0x18c3, 0x10a2, 0x10a2, 0x10a2, 0x10a2, 0x18c3, 0x18c3, 0x18e3, 0x18e3, 
  0x18e3, 0x18e3, 0x18e3, 0x18e3, 0x18e3, 0x18e3, 0x2104, 0x18e3, 0x18e3, 0x18e3, 0x18e3, 0x18c3, 
  0x18c3, 0x18c3, 0x18c3, 0x18c3, 0x18c3, 0x18c3, 0x18e3, 0x18e3, 0x18e3, 0x18e3, 0x18e3, 0x18e3, 
  0x18e3, 0x2945, 0x18e3, 0x18e3, 0x18e3, 0x18e3, 0x18c3, 0x18c3, 0x18c3, 0x18c3, 0x18c3, 0x18a2, 
  0x18a3, 0x18a3, 0x10a2, 0x1082, 0x0861, 0x0841, 0x0841, 0x0841, 0x0841, 0x0841, 0x0841, 0x1042, 
  0x1824, 0x2828, 0x404c, 0x1003, 0x0000, 0x0000, 0x0000, 0x0000, 0x0000, 0x0000, 0x0000, 0x0000, 
  0x0000, 0x0000, 0x0000, 0x0000, 0x0000, 0x0000, 0x0000, 0x0000, 0x0000, 0x0000, 0x0000, 0x0000, 
  0x0000, 0x0000, 0x0000, 0x0000, 0x0000, 0x0000, 0x0000, 0x0000, 0x0000, 0x0000, 0x0000, 0x0000, 
  0x0000, 0x0000, 0x0000, 0x0020, 0x0020, 0x0020, 0x0020, 0x0020, 0x0020, 0x0020, 0x0020, 0x0000, 
  0x0000, 0x0020, 0x0020, 0x0020, 0x0020, 0x0020, 0x0020, 0x0020, 0x0020, 0x0020, 0x0020, 0x0020, 
  0x0020, 0x0020, 0x0020, 0x0020, 0x0020, 0x0020, 0x0020, 0x0020, 0x0020, 0x0020, 0x0020, 0x0020, 
  0x0020, 0x0020, 0x0020, 0x0020, 0x0020, 0x0020, 0x0020, 0x0020, 0x0820, 0x0820, 0x0820, 0x0841, 
  0x0841, 0x0841, 0x0841, 0x0841, 0x0841, 0x0841, 0x0841, 0x0821, 0x0821, 0x0821, 0x0841, 0x0020, 
  0x0020, 0x0020, 0x0020, 0x0821, 0x0820, 0x0820, 0x0820, 0x0820, 0x0821, 0x0820, 0x0820, 0x0841, 
  0x0841, 0x0821, 0x0821, 0x0821, 0x0821, 0x0821, 0x0821, 0x0821, 0x0820, 0x0841, 0x0841, 0x0821, 
  0x0821, 0x0841, 0x0841, 0x0821, 0x0841, 0x0841, 0x0841, 0x0841, 0x0820, 0x0820, 0x0821, 0x0821, 
  0x0821, 0x0821, 0x0821, 0x0821, 0x0841, 0x0820, 0x0821, 0x0821, 0x0821, 0x0821, 0x0821, 0x0821, 
  0x0841, 0x2924, 0x10a2, 0x10a2, 0x10a2, 0x10a2, 0x10a2, 0x10a2, 0x10a2, 0x10a2, 0x10a2, 0x10a2, 
  0x10a2, 0x10a2, 0x10a2, 0x10a2, 0x10a2, 0x10a2, 0x1082, 0x1082, 0x10a2, 0x10a2, 0x10a2, 0x10a2, 
  0x18c3, 0x18c3, 0x18c3, 0x18c3, 0x18c3, 0x18a2, 0x18a2, 0x18a2, 0x18c3, 0x18a2, 0x18a2, 0x10a2, 
  0x1082, 0x1082, 0x1082, 0x1082, 0x1082, 0x1082, 0x1082, 0x1082, 0x1082, 0x1061, 0x1082, 0x1082, 
  0x1082, 0x1082, 0x1082, 0x1082, 0x1082, 0x1082, 0x1082, 0x1082, 0x1082, 0x1082, 0x1062, 0x1062, 
  0x1062, 0x1062, 0x1062, 0x1062, 0x1062, 0x1062, 0x1082, 0x1082, 0x1082, 0x1082, 0x1082, 0x1062, 
  0x1062, 0x1062, 0x1062, 0x1062, 0x1062, 0x1062, 0x1061, 0x1061, 0x1061, 0x1061, 0x1062, 0x1062, 
  0x1061, 0x0861, 0x0861, 0x0861, 0x0861, 0x0861, 0x0861, 0x0861, 0x0861, 0x0000, 0x0000, 0x0000, 
  0x0000, 0x0000, 0x0000, 0x0000, 0x0000, 0x0000, 0x0000, 0x0861, 0x18c3, 0x18c3, 0x18c3, 0x18c3, 
  0x18c3, 0x18c3, 0x18c3, 0x18c3, 0x18e3, 0x18e3, 0x18c3, 0x18c3, 0x18c3, 0x18c3, 0x18c3, 0x18c3, 
  0x18c3, 0x10a2, 0x10a2, 0x10a2, 0x18c3, 0x18c3, 0x18e3, 0x18e3, 0x18e3, 0x18e3, 0x18e3, 0x18e3, 
  0x18e3, 0x18e3, 0x2104, 0x18e3, 0x18e3, 0x18e3, 0x18e3, 0x18e3, 0x18e3, 0x18e3, 0x18e3, 0x18e3, 
  0x18e3, 0x18e3, 0x18e3, 0x18e3, 0x18e3, 0x18e3, 0x18e3, 0x18e3, 0x2104, 0x2124, 0x2104, 0x20e3, 
  0x18e3, 0x18e3, 0x18e3, 0x18e3, 0x18c3, 0x18c3, 0x18c3, 0x18c3, 0x18c3, 0x18a3, 0x18a3, 0x18a2, 
  0x1062, 0x0861, 0x0841, 0x0841, 0x0841, 0x0841, 0x0841, 0x0841, 0x1042, 0x1022, 0x2828, 0x404a, 
  0x0001, 0x0020, 0x0000, 0x0000, 0x0000, 0x0000, 0x0000, 0x0000, 0x0000, 0x0000, 0x0000, 0x0000, 
  0x0000, 0x0000, 0x0000, 0x0000, 0x0000, 0x0000, 0x0000, 0x0000, 0x0000, 0x0000, 0x0000, 0x0000, 
  0x0000, 0x0000, 0x0000, 0x0000, 0x0020, 0x0000, 0x0000, 0x0000, 0x0000, 0x0000, 0x0000, 0x0020, 
  0x0020, 0x0020, 0x0020, 0x0020, 0x0020, 0x0020, 0x0020, 0x0020, 0x0000, 0x0020, 0x0020, 0x0020, 
  0x0020, 0x0020, 0x0020, 0x0020, 0x0020, 0x0020, 0x0020, 0x0020, 0x0020, 0x0020, 0x0020, 0x0020, 
  0x0020, 0x0020, 0x0020, 0x0020, 0x0020, 0x0020, 0x0020, 0x0020, 0x0020, 0x0020, 0x0020, 0x0020, 
  0x0020, 0x0020, 0x0020, 0x0020, 0x0020, 0x0821, 0x0820, 0x0020, 0x0841, 0x0841, 0x0841, 0x0841, 
  0x0841, 0x0841, 0x0821, 0x0821, 0x0821, 0x0820, 0x0841, 0x0841, 0x0020, 0x0020, 0x0020, 0x0820, 
  0x0821, 0x0821, 0x0820, 0x0820, 0x0821, 0x0820, 0x0841, 0x0841, 0x0841, 0x0821, 0x0821, 0x0821, 
  0x0821, 0x0821, 0x0821, 0x0821, 0x0841, 0x0841, 0x0841, 0x0841, 0x0821, 0x0821, 0x0821, 0x0821, 
  0x0841, 0x0841, 0x0841, 0x0841, 0x0841, 0x0820, 0x0821, 0x0821, 0x0821, 0x0821, 0x0821, 0x0821, 
  0x0820, 0x0820, 0x0841, 0x0821, 0x0841, 0x0821, 0x0841, 0x0821, 0x18c3, 0x2104, 0x18a2, 0x18a2, 
  0x10a2, 0x18a2, 0x10a2, 0x10a2, 0x10a2, 0x10a2, 0x10a2, 0x10a2, 0x10a2, 0x10a2, 0x10a2, 0x10a2, 
  0x10a2, 0x10a2, 0x1082, 0x10a2, 0x10a2, 0x10a2, 0x10a2, 0x10a2, 0x18c3, 0x18c3, 0x18c3, 0x18c3, 
  0x18a2, 0x18a2, 0x18a2, 0x18a2, 0x18a3, 0x18a2, 0x18a2, 0x10a2, 0x10a2, 0x1082, 0x1082, 0x1082, 
  0x1082, 0x1082, 0x1082, 0x1082, 0x1082, 0x1082, 0x1082, 0x1082, 0x1082, 0x1082, 0x1082, 0x1082, 
  0x1082, 0x1082, 0x1082, 0x1082, 0x1082, 0x1062, 0x1062, 0x1062, 0x1062, 0x1062, 0x1062, 0x1062, 
  0x1061, 0x1061, 0x1082, 0x1082, 0x1062, 0x1082, 0x1082, 0x1062, 0x1062, 0x1062, 0x1062, 0x1062, 
  0x1061, 0x1061, 0x1062, 0x1062, 0x1061, 0x1061, 0x1062, 0x1062, 0x0861, 0x1061, 0x0861, 0x0861, 
  0x0861, 0x0861, 0x0861, 0x0861, 0x0841, 0x0000, 0x0000, 0x0000, 0x0000, 0x0000, 0x0000, 0x0000, 
  0x0000, 0x0000, 0x0841, 0x18c3, 0x18c3, 0x18c3, 0x18c3, 0x18c3, 0x18c3, 0x18c3, 0x18c3, 0x18e3, 
  0x18e3, 0x18e3, 0x18c3, 0x18c3, 0x18c3, 0x18c3, 0x18c3, 0x18c3, 0x18c3, 0x18a2, 0x10a2, 0x10a2, 
  0x18c3, 0x18c3, 0x18e3, 0x18e3, 0x18e3, 0x18e3, 0x18e3, 0x18e3, 0x18e3, 0x18e3, 0x18e3, 0x2104, 
  0x2104, 0x18e3, 0x18e3, 0x18e3, 0x18e3, 0x18e3, 0x18e3, 0x18e3, 0x18e3, 0x18e3, 0x18e3, 0x18e3, 
  0x2104, 0x2104, 0x2104, 0x2104, 0x2945, 0x2124, 0x2104, 0x2104, 0x20e3, 0x20e3, 0x18e3, 0x18e3, 
  0x18e3, 0x18e3, 0x18c3, 0x18c3, 0x18c3, 0x18c3, 0x18c3, 0x18a3, 0x10a2, 0x0861, 0x0861, 0x0861, 
  0x0841, 0x0841, 0x0841, 0x0841, 0x0841, 0x0841, 0x1022, 0x382a, 0x3029, 0x0001, 0x0000, 0x0000, 
  0x0000, 0x0000, 0x0000, 0x0000, 0x0000, 0x0000, 0x0000, 0x0000, 0x0000, 0x0000, 0x0000, 0x0000, 
  0x0000, 0x0000, 0x0000, 0x0000, 0x0000, 0x0000, 0x0000, 0x0000, 0x0000, 0x0000, 0x0000, 0x0000, 
  0x0000, 0x0000, 0x0000, 0x0000, 0x0020, 0x0000, 0x0000, 0x0020, 0x0020, 0x0020, 0x0020, 0x0020, 
  0x0020, 0x0020, 0x0020, 0x0020, 0x0020, 0x0000, 0x0000, 0x0020, 0x0020, 0x0020, 0x0020, 0x0020, 
  0x0020, 0x0020, 0x0020, 0x0020, 0x0020, 0x0020, 0x0020, 0x0020, 0x0020, 0x0020, 0x0020, 0x0020, 
  0x0020, 0x0020, 0x0020, 0x0020, 0x0020, 0x0020, 0x0020, 0x0020, 0x0020, 0x0020, 0x0020, 0x0020, 
  0x0820, 0x0820, 0x0820, 0x0020, 0x0841, 0x0841, 0x0841, 0x0841, 0x0841, 0x0841, 0x0821, 0x0821, 
  0x0821, 0x0821, 0x0841, 0x0841, 0x0841, 0x0841, 0x0841, 0x0821, 0x0821, 0x0821, 0x0821, 0x0821, 
  0x0821, 0x0820, 0x0841, 0x0841, 0x0841, 0x0841, 0x0841, 0x0841, 0x0821, 0x0821, 0x0821, 0x0841, 
  0x0841, 0x0841, 0x0841, 0x0841, 0x0841, 0x0841, 0x0841, 0x0841, 0x0841, 0x0841, 0x0841, 0x0841, 
  0x0841, 0x0821, 0x0821, 0x0821, 0x0821, 0x0821, 0x0821, 0x0821, 0x0841, 0x0841, 0x0841, 0x0841, 
  0x0841, 0x0841, 0x0841, 0x0841, 0x2124, 0x18c3, 0x18c3, 0x18c3, 0x18c3, 0x18c3, 0x18c3, 0x18c3, 
  0x18c3, 0x18c3, 0x18c3, 0x18a2, 0x10a2, 0x18a2, 0x18a2, 0x18a2, 0x10a2, 0x10a2, 0x10a2, 0x10a2, 
  0x10a2, 0x10a2, 0x10a2, 0x18c3, 0x18c3, 0x18c3, 0x18c3, 0x18a2, 0x18a2, 0x18a2, 0x18a2, 0x18a2, 
  0x18a3, 0x18a3, 0x18a2, 0x10a2, 0x1082, 0x1082, 0x1082, 0x1082, 0x1082, 0x1082, 0x1082, 0x1082, 
  0x1082, 0x1082, 0x1082, 0x1082, 0x1082, 0x1082, 0x1082, 0x1082, 0x1082, 0x1082, 0x1082, 0x1082, 
  0x1082, 0x1082, 0x1082, 0x1082, 0x1062, 0x1062, 0x1062, 0x1062, 0x1062, 0x1061, 0x1062, 0x1082, 
  0x1082, 0x1082, 0x1082, 0x1082, 0x1082, 0x1082, 0x1062, 0x1062, 0x1062, 0x1062, 0x1062, 0x1062, 
  0x1062, 0x1062, 0x1062, 0x1062, 0x1061, 0x1061, 0x1061, 0x1061, 0x1061, 0x1061, 0x0861, 0x0861, 
  0x0820, 0x0000, 0x0000, 0x0000, 0x0020, 0x0020, 0x0000, 0x0020, 0x0000, 0x0020, 0x18e3, 0x18e3, 
  0x18e3, 0x18e3, 0x18e3, 0x18c3, 0x18e3, 0x18e3, 0x18e3, 0x18e3, 0x18e3, 0x18e3, 0x18e3, 0x18c3, 
  0x18c3, 0x18c3, 0x18c3, 0x18c3, 0x18c3, 0x18c3, 0x18c3, 0x10a2, 0x18c3, 0x18c3, 0x18e3, 0x18e3, 
  0x18e3, 0x18e3, 0x18e3, 0x18e3, 0x18e3, 0x18e3, 0x18e3, 0x2104, 0x2104, 0x18e3, 0x18e3, 0x18e3, 
  0x2104, 0x18e3, 0x2104, 0x2104, 0x2104, 0x2104, 0x2104, 0x2104, 0x2104, 0x2104, 0x2104, 0x2104, 
  0x3186, 0x2124, 0x2124, 0x2124, 0x2104, 0x2104, 0x2104, 0x2104, 0x2104, 0x20e3, 0x18e3, 0x18e3, 
  0x18c3, 0x18c3, 0x18c3, 0x18c3, 0x18a3, 0x1082, 0x0861, 0x0861, 0x0861, 0x0861, 0x0841, 0x0841, 
  0x0861, 0x0841, 0x0841, 0x1023, 0x584e, 0x2808, 0x0000, 0x0020, 0x0000, 0x0000, 0x0000, 0x0000, 
  0x0000, 0x0000, 0x0000, 0x0000, 0x0000, 0x0000, 0x0000, 0x0000, 0x0000, 0x0000, 0x0000, 0x0000, 
  0x0000, 0x0000, 0x0000, 0x0000, 0x0000, 0x0000, 0x0000, 0x0020, 0x0020, 0x0020, 0x0020, 0x0020, 
  0x0020, 0x0020, 0x0020, 0x0020, 0x0020, 0x0020, 0x0020, 0x0020, 0x0020, 0x0020, 0x0020, 0x0020, 
  0x0020, 0x0020, 0x0020, 0x0020, 0x0020, 0x0020, 0x0020, 0x0020, 0x0020, 0x0020, 0x0020, 0x0020, 
  0x0020, 0x0020, 0x0020, 0x0020, 0x0020, 0x0020, 0x0020, 0x0020, 0x0020, 0x0020, 0x0020, 0x0020, 
  0x0020, 0x0020, 0x0020, 0x0020, 0x0020, 0x0020, 0x0020, 0x0820, 0x0821, 0x0820, 0x0820, 0x0020, 
  0x0021, 0x0841, 0x0841, 0x0841, 0x0841, 0x0841, 0x0821, 0x0821, 0x0821, 0x0821, 0x0821, 0x0841, 
  0x0841, 0x0841, 0x0841, 0x0821, 0x0821, 0x0821, 0x0821, 0x0821, 0x0821, 0x0821, 0x0841, 0x0841, 
  0x0841, 0x0841, 0x0821, 0x0821, 0x0821, 0x0841, 0x0821, 0x0821, 0x0841, 0x0841, 0x0841, 0x0841, 
  0x0841, 0x0841, 0x0841, 0x0841, 0x0841, 0x0841, 0x0841, 0x0841, 0x0841, 0x0821, 0x0841, 0x0821, 
  0x0821, 0x0821, 0x0821, 0x0821, 0x0821, 0x0841, 0x0841, 0x0841, 0x0841, 0x0841, 0x0841, 0x0841, 
  0x2924, 0x18c3, 0x18c3, 0x18c3, 0x18c3, 0x18c3, 0x18c3, 0x18c3, 0x18c3, 0x18c3, 0x18c3, 0x18c3, 
  0x18c3, 0x18c3, 0x18a2, 0x18a2, 0x18a2, 0x10a2, 0x18c3, 0x18c3, 0x10c3, 0x18c3, 0x18c3, 0x18c3, 
  0x18c3, 0x18c3, 0x18c3, 0x18a2, 0x18a2, 0x18a2, 0x18a2, 0x18a2, 0x18a3, 0x18a3, 0x18a2, 0x10a2, 
  0x10a2, 0x10a2, 0x1082, 0x1082, 0x1082, 0x1082, 0x1082, 0x1082, 0x1082, 0x1082, 0x1082, 0x10a2, 
  0x10a2, 0x1082, 0x1082, 0x1082, 0x10a2, 0x1082, 0x1082, 0x1082, 0x1082, 0x1082, 0x1082, 0x1082, 
  0x1082, 0x1082, 0x1082, 0x1082, 0x1062, 0x1082, 0x1082, 0x1082, 0x1082, 0x1082, 0x1082, 0x1082, 
  0x1082, 0x1082, 0x1082, 0x1082, 0x1082, 0x1082, 0x1082, 0x1062, 0x1062, 0x1062, 0x1062, 0x1061, 
  0x1061, 0x1061, 0x1061, 0x1061, 0x1061, 0x1062, 0x1062, 0x1061, 0x0020, 0x0000, 0x0000, 0x0000, 
  0x0020, 0x0020, 0x0000, 0x0000, 0x0020, 0x18c3, 0x2104, 0x2104, 0x2104, 0x18e3, 0x18e3, 0x18e3, 
  0x18e3, 0x18e3, 0x18e3, 0x18e3, 0x18e3, 0x18e3, 0x18e3, 0x18c3, 0x18c3, 0x18c3, 0x18c3, 0x18c3, 
  0x18c3, 0x18c3, 0x18c3, 0x18c3, 0x18c3, 0x18c3, 0x18e3, 0x18e3, 0x18e3, 0x18e3, 0x18e3, 0x18e3, 
  0x18e3, 0x18e3, 0x2104, 0x2104, 0x2104, 0x2104, 0x2104, 0x2104, 0x2104, 0x2104, 0x2104, 0x2104, 
  0x2104, 0x2104, 0x2104, 0x2104, 0x2104, 0x2124, 0x2124, 0x2124, 0x3186, 0x2945, 0x2124, 0x2124, 
  0x2124, 0x2124, 0x2104, 0x2104, 0x2104, 0x2104, 0x20e4, 0x20e4, 0x18e3, 0x18e3, 0x18c3, 0x18c3, 
  0x18c3, 0x10a2, 0x0861, 0x1061, 0x0861, 0x0861, 0x0861, 0x0861, 0x0861, 0x0841, 0x0841, 0x0841, 
  0x1825, 0x5050, 0x1805, 0x0020, 0x0000, 0x0000, 0x0000, 0x0000, 0x0000, 0x0000, 0x0000, 0x0000, 
  0x0000, 0x0000, 0x0000, 0x0000, 0x0000, 0x0000, 0x0000, 0x0000, 0x0000, 0x0000, 0x0000, 0x0000, 
  0x0000, 0x0000, 0x0000, 0x0000, 0x0020, 0x0020, 0x0020, 0x0020, 0x0020, 0x0020, 0x0020, 0x0020, 
  0x0020, 0x0020, 0x0020, 0x0020, 0x0020, 0x0020, 0x0020, 0x0020, 0x0020, 0x0020, 0x0020, 0x0020, 
  0x0020, 0x0020, 0x0020, 0x0020, 0x0020, 0x0020, 0x0020, 0x0020, 0x0020, 0x0020, 0x0020, 0x0020, 
  0x0020, 0x0020, 0x0020, 0x0020, 0x0020, 0x0020, 0x0020, 0x0020, 0x0020, 0x0020, 0x0020, 0x0020, 
  0x0020, 0x0841, 0x0841, 0x0020, 0x0841, 0x0821, 0x0820, 0x0021, 0x0021, 0x0841, 0x0841, 0x0841, 
  0x0841, 0x0841, 0x0841, 0x0820, 0x0821, 0x0821, 0x0821, 0x0841, 0x0841, 0x0841, 0x0841, 0x0841, 
  0x0841, 0x0821, 0x0821, 0x0821, 0x0841, 0x0841, 0x0841, 0x0841, 0x0841, 0x0841, 0x0841, 0x0841, 
  0x0841, 0x0841, 0x0841, 0x0841, 0x0841, 0x0841, 0x0841, 0x0841, 0x0841, 0x0841, 0x0841, 0x0841, 
  0x0841, 0x0841, 0x0841, 0x0841, 0x0841, 0x0841, 0x0841, 0x0841, 0x0841, 0x0841, 0x0841, 0x0841, 
  0x0841, 0x0841, 0x0841, 0x0841, 0x0841, 0x0841, 0x0841, 0x0861, 0x2945, 0x18c3, 0x18c3, 0x18c3, 
  0x18c3, 0x18c3, 0x18c3, 0x18c3, 0x18c3, 0x18e3, 0x18c3, 0x18c3, 0x18c3, 0x18c3, 0x18a2, 0x18a2, 
  0x18c3, 0x18c3, 0x18c3, 0x18c3, 0x18c3, 0x18c3, 0x18c3, 0x18c3, 0x18c3, 0x18c3, 0x18a2, 0x18a2, 
  0x18a2, 0x18a2, 0x18a2, 0x18a2, 0x18a3, 0x18a3, 0x18a2, 0x18a2, 0x10a2, 0x10a2, 0x1082, 0x1082, 
  0x1082, 0x1082, 0x1082, 0x10a2, 0x10a2, 0x10a2, 0x10a2, 0x10a2, 0x10a2, 0x10a2, 0x10a2, 0x10a2, 
  0x1082, 0x1082, 0x1082, 0x1082, 0x1082, 0x1082, 0x1082, 0x1082, 0x1082, 0x1082, 0x1082, 0x1082, 
  0x1062, 0x1082, 0x1062, 0x1082, 0x1082, 0x1082, 0x1082, 0x1082, 0x1082, 0x1082, 0x1082, 0x1082, 
  0x1082, 0x1082, 0x1082, 0x1062, 0x1082, 0x1082, 0x1082, 0x1061, 0x1082, 0x1082, 0x1082, 0x1082, 
  0x1082, 0x1082, 0x1082, 0x0841, 0x0000, 0x0000, 0x0000, 0x0000, 0x0000, 0x0000, 0x0000, 0x0020, 
  0x10a2, 0x2104, 0x2104, 0x2104, 0x2104, 0x2104, 0x2104, 0x2104, 0x2104, 0x18e3, 0x18e3, 0x18e3, 
  0x18e3, 0x18e3, 0x18e3, 0x18e3, 0x18c3, 0x18c3, 0x18c3, 0x18c3, 0x18c3, 0x18c3, 0x18c3, 0x18c3, 
  0x18c3, 0x18c3, 0x18e3, 0x18e3, 0x18e3, 0x18e3, 0x18e3, 0x18e3, 0x18e3, 0x18e3, 0x18e3, 0x18e3, 
  0x2104, 0x2104, 0x2104, 0x2104, 0x2104, 0x2104, 0x2104, 0x2104, 0x2104, 0x2104, 0x2124, 0x2124, 
  0x2124, 0x2124, 0x2124, 0x2965, 0x2945, 0x2945, 0x2945, 0x2945, 0x2124, 0x2124, 0x2124, 0x2104, 
  0x2104, 0x2104, 0x2104, 0x20e4, 0x20e3, 0x20e3, 0x18e3, 0x18e3, 0x18c3, 0x18c3, 0x1082, 0x1061, 
  0x1061, 0x1061, 0x0861, 0x0861, 0x0861, 0x0861, 0x0861, 0x0861, 0x0862, 0x3027, 0x6031, 0x1023, 
  0x0020, 0x0000, 0x0000, 0x0000, 0x0000, 0x0000, 0x0000, 0x0000, 0x0000, 0x0000, 0x0000, 0x0000, 
  0x0000, 0x0000, 0x0000, 0x0000, 0x0000, 0x0000, 0x0000, 0x0000, 0x0000, 0x0000, 0x0000, 0x0020, 
  0x0020, 0x0020, 0x0020, 0x0020, 0x0020, 0x0020, 0x0020, 0x0020, 0x0020, 0x0020, 0x0020, 0x0020, 
  0x0020, 0x0020, 0x0020, 0x0020, 0x0020, 0x0020, 0x0020, 0x0020, 0x0020, 0x0020, 0x0020, 0x0020, 
  0x0020, 0x0020, 0x0020, 0x0020, 0x0020, 0x0020, 0x0020, 0x0020, 0x0020, 0x0020, 0x0020, 0x0020, 
  0x0020, 0x0020, 0x0020, 0x0020, 0x0020, 0x0020, 0x0020, 0x0841, 0x0020, 0x0020, 0x0020, 0x0841, 
  0x0020, 0x0820, 0x0820, 0x0021, 0x0021, 0x0841, 0x0841, 0x0841, 0x0841, 0x0841, 0x0820, 0x0820, 
  0x0821, 0x0821, 0x0821, 0x0841, 0x0841, 0x0841, 0x0841, 0x0841, 0x0841, 0x0841, 0x0821, 0x0841, 
  0x0841, 0x0841, 0x0841, 0x0841, 0x0841, 0x0841, 0x0841, 0x0841, 0x0841, 0x0841, 0x0841, 0x0841, 
  0x0841, 0x0841, 0x0841, 0x0861, 0x0841, 0x0841, 0x0841, 0x0841, 0x0841, 0x0841, 0x0841, 0x0841, 
  0x0841, 0x0841, 0x0841, 0x0841, 0x0841, 0x0841, 0x0841, 0x0841, 0x0841, 0x0841, 0x0841, 0x0841, 
  0x0841, 0x0841, 0x0841, 0x18e4, 0x18e3, 0x18e3, 0x18c3, 0x18e3, 0x18e3, 0x18e3, 0x18e3, 0x18c3, 
  0x18c3, 0x18c3, 0x18c3, 0x18c3, 0x18c3, 0x18c3, 0x18c3, 0x18c3, 0x18c3, 0x18c3, 0x18c3, 0x18c3, 
  0x18c3, 0x18c3, 0x18c3, 0x18c3, 0x18c3, 0x18c3, 0x18a2, 0x18c3, 0x18a2, 0x18a2, 0x18a2, 0x18a2, 
  0x18a3, 0x18a2, 0x18a3, 0x18a2, 0x18a2, 0x18a2, 0x10a2, 0x10a2, 0x10a2, 0x10a2, 0x10a2, 0x10a2, 
  0x10a2, 0x10a2, 0x10a2, 0x10a2, 0x10a2, 0x10a2, 0x1082, 0x1082, 0x1082, 0x1082, 0x1082, 0x1082, 
  0x1082, 0x1082, 0x1082, 0x1082, 0x1082, 0x1082, 0x1082, 0x1082, 0x1082, 0x1082, 0x1082, 0x1082, 
  0x1082, 0x1082, 0x1082, 0x1082, 0x1082, 0x1082, 0x1082, 0x1082, 0x1082, 0x1082, 0x1082, 0x1082, 
  0x1082, 0x1082, 0x1082, 0x1082, 0x1082, 0x1082, 0x1082, 0x1082, 0x1082, 0x1082, 0x1082, 0x0841, 
  0x0000, 0x0000, 0x0000, 0x0000, 0x0020, 0x0000, 0x0020, 0x1082, 0x2124, 0x2124, 0x2104, 0x2104, 
  0x2104, 0x2104, 0x2104, 0x2104, 0x2104, 0x2104, 0x18e3, 0x18e3, 0x18e3, 0x18e3, 0x18e3, 0x18e3, 
  0x18c3, 0x18c3, 0x18c3, 0x18c3, 0x18c3, 0x18c3, 0x18c3, 0x18c3, 0x18c3, 0x18e3, 0x18e3, 0x18e3, 
  0x18e3, 0x18e3, 0x18e3, 0x18e3, 0x18e3, 0x18e3, 0x2104, 0x2104, 0x2104, 0x2104, 0x2104, 0x2104, 
  0x2104, 0x2104, 0x2104, 0x2104, 0x2104, 0x2104, 0x2124, 0x2124, 0x2124, 0x2124, 0x2124, 0x31a6, 
  0x2965, 0x2945, 0x2945, 0x2945, 0x2945, 0x2124, 0x2124, 0x2124, 0x2104, 0x2104, 0x2104, 0x2104, 
  0x20e4, 0x20e4, 0x20e3, 0x18e3, 0x18c3, 0x18c3, 0x1082, 0x1061, 0x1061, 0x1061, 0x1061, 0x0861, 
  0x0861, 0x0861, 0x0861, 0x0841, 0x0841, 0x0842, 0x402b, 0x5850, 0x0802, 0x0020, 0x0000, 0x0000, 
  0x0000, 0x0000, 0x0000, 0x0000, 0x0000, 0x0000, 0x0000, 0x0000, 0x0000, 0x0000, 0x0000, 0x0000, 
  0x0000, 0x0000, 0x0000, 0x0000, 0x0000, 0x0000, 0x0000, 0x0020, 0x0020, 0x0020, 0x0020, 0x0020, 
  0x0020, 0x0020, 0x0020, 0x0020, 0x0020, 0x0020, 0x0020, 0x0020, 0x0020, 0x0020, 0x0020, 0x0020, 
  0x0020, 0x0020, 0x0020, 0x0020, 0x0020, 0x0020, 0x0020, 0x0020, 0x0020, 0x0020, 0x0020, 0x0020, 
  0x0020, 0x0020, 0x0020, 0x0020, 0x0020, 0x0020, 0x0020, 0x0020, 0x0020, 0x0020, 0x0020, 0x0020, 
  0x0020, 0x0020, 0x0020, 0x0020, 0x0841, 0x0841, 0x0020, 0x0020, 0x0020, 0x0820, 0x0820, 0x0021, 
  0x0021, 0x0020, 0x0841, 0x0841, 0x0841, 0x0841, 0x0820, 0x0820, 0x0821, 0x0821, 0x0821, 0x0841, 
  0x0841, 0x0841, 0x0841, 0x0841, 0x0841, 0x0821, 0x0821, 0x0821, 0x0821, 0x0821, 0x0841, 0x0841, 
  0x0841, 0x0841, 0x0841, 0x0841, 0x0841, 0x0841, 0x0841, 0x0841, 0x0841, 0x0841, 0x0841, 0x0841, 
  0x0841, 0x0841, 0x0841, 0x0841, 0x0841, 0x0841, 0x0841, 0x0841, 0x0841, 0x0841, 0x0841, 0x0841, 
  0x0841, 0x0841, 0x0841, 0x0841, 0x0841, 0x0841, 0x0841, 0x0841, 0x0841, 0x0820, 0x0820, 0x2945, 
  0x18e3, 0x18e3, 0x18e3, 0x18e3, 0x18e3, 0x18e3, 0x18e3, 0x18c3, 0x18c3, 0x18c3, 0x18c3, 0x18c3, 
  0x18c3, 0x18c3, 0x18c3, 0x18c3, 0x18c3, 0x18c3, 0x18c3, 0x18c3, 0x18c3, 0x18c3, 0x18c3, 0x18c3, 
  0x18a2, 0x18a2, 0x18a2, 0x18a2, 0x18a2, 0x18a2, 0x18a2, 0x10a2, 0x18a2, 0x18a2, 0x18a2, 0x18a2, 
  0x18a2, 0x10a2, 0x18a2, 0x10a2, 0x10a2, 0x10a2, 0x10a2, 0x10a2, 0x10a2, 0x10a2, 0x10a2, 0x10a2, 
  0x10a2, 0x10a2, 0x1082, 0x10a2, 0x1082, 0x1082, 0x1082, 0x1082, 0x1082, 0x1082, 0x1082, 0x1082, 
  0x1082, 0x1082, 0x1082, 0x1082, 0x1082, 0x1082, 0x1082, 0x1082, 0x1082, 0x1082, 0x1082, 0x1082, 
  0x1082, 0x1082, 0x1082, 0x1082, 0x1082, 0x1082, 0x1082, 0x1082, 0x1082, 0x1082, 0x1082, 0x1082, 
  0x1082, 0x1082, 0x1082, 0x1082, 0x1082, 0x1082, 0x1082, 0x0000, 0x0020, 0x0000, 0x0000, 0x0000, 
  0x0000, 0x0000, 0x0841, 0x2124, 0x2124, 0x2124, 0x2124, 0x2124, 0x2124, 0x2104, 0x2104, 0x2104, 
  0x2104, 0x2104, 0x2104, 0x18e3, 0x18e3, 0x18e3, 0x18e3, 0x18e3, 0x18e3, 0x18e3, 0x18c3, 0x18c3, 
  0x18c3, 0x18c3, 0x18c3, 0x18c3, 0x18c3, 0x18e3, 0x18e3, 0x18e3, 0x18e3, 0x18e3, 0x18e3, 0x18e3, 
  0x18e3, 0x18e3, 0x18e3, 0x18e3, 0x2104, 0x2104, 0x2104, 0x2104, 0x2104, 0x2104, 0x2104, 0x2104, 
  0x2104, 0x2104, 0x2124, 0x2124, 0x2124, 0x2124, 0x2124, 0x3186, 0x2965, 0x2945, 0x2945, 0x2945, 
  0x2945, 0x2124, 0x2124, 0x2124, 0x2104, 0x2104, 0x2104, 0x2104, 0x20e3, 0x20e3, 0x18e3, 0x18e3, 
  0x18c3, 0x18c3, 0x18a3, 0x1061, 0x1082, 0x1062, 0x1061, 0x0861, 0x0841, 0x0861, 0x0861, 0x0861, 
  0x0841, 0x0841, 0x0822, 0x502f, 0x482d, 0x0001, 0x0020, 0x0000, 0x0000, 0x0000, 0x0000, 0x0000, 
  0x0000, 0x0000, 0x0000, 0x0000, 0x0000, 0x0000, 0x0000, 0x0000, 0x0000, 0x0000, 0x0000, 0x0000, 
  0x0000, 0x0000, 0x0020, 0x0020, 0x0020, 0x0020, 0x0020, 0x0020, 0x0020, 0x0020, 0x0020, 0x0020, 
  0x0000, 0x0000, 0x0020, 0x0020, 0x0020, 0x0020, 0x0020, 0x0020, 0x0020, 0x0020, 0x0020, 0x0020, 
  0x0020, 0x0020, 0x0020, 0x0020, 0x0020, 0x0020, 0x0020, 0x0020, 0x0020, 0x0020, 0x0020, 0x0020, 
  0x0020, 0x0020, 0x0020, 0x0020, 0x0020, 0x0020, 0x0020, 0x0020, 0x0020, 0x0020, 0x0020, 0x0020, 
  0x0020, 0x0020, 0x0020, 0x0020, 0x0020, 0x0020, 0x0020, 0x0820, 0x0820, 0x0021, 0x0821, 0x0841, 
  0x0841, 0x0841, 0x0841, 0x0820, 0x0821, 0x0821, 0x0821, 0x0821, 0x0821, 0x0841, 0x0841, 0x0841, 
  0x0841, 0x0841, 0x0841, 0x0821, 0x0821, 0x0821, 0x0821, 0x0841, 0x0841, 0x0841, 0x0841, 0x0841, 
  0x0841, 0x0841, 0x0841, 0x0841, 0x0841, 0x0841, 0x0841, 0x0841, 0x0841, 0x0841, 0x0841, 0x0841, 
  0x0841, 0x0841, 0x0841, 0x0841, 0x0841, 0x0841, 0x0841, 0x0841, 0x0841, 0x0841, 0x0841, 0x0841, 
  0x0841, 0x0820, 0x0841, 0x0841, 0x0841, 0x0841, 0x0841, 0x2104, 0x18e3, 0x18e3, 0x18e3, 0x18e3, 
  0x18e3, 0x18e3, 0x18e3, 0x18c3, 0x18c3, 0x18c3, 0x18c3, 0x18a2, 0x18c3, 0x18c3, 0x18c3, 0x18c3, 
  0x18c3, 0x18c3, 0x18c3, 0x18c3, 0x18c3, 0x18c3, 0x18a2, 0x18a2, 0x18a2, 0x18a2, 0x18a2, 0x18a2, 
  0x18a2, 0x18a2, 0x18a2, 0x18a2, 0x10a2, 0x10a2, 0x18a2, 0x10a2, 0x10a2, 0x10a2, 0x10a2, 0x10a2, 
  0x10a2, 0x10a2, 0x10a2, 0x10a2, 0x10a2, 0x10a2, 0x10a2, 0x10a2, 0x10a2, 0x10a2, 0x1082, 0x1082, 
  0x1082, 0x1082, 0x1082, 0x1082, 0x1082, 0x1082, 0x1082, 0x1082, 0x1082, 0x1082, 0x1082, 0x1082, 
  0x1082, 0x1082, 0x1082, 0x1082, 0x1082, 0x1082, 0x1082, 0x1082, 0x1082, 0x1082, 0x1082, 0x1082, 
  0x1082, 0x1082, 0x1082, 0x1082, 0x1082, 0x1082, 0x1082, 0x1082, 0x1082, 0x1082, 0x1082, 0x1082, 
  0x1082, 0x1082, 0x0861, 0x0000, 0x0020, 0x0000, 0x0000, 0x0000, 0x0000, 0x0020, 0x2104, 0x2124, 
  0x2124, 0x2124, 0x2124, 0x2124, 0x2104, 0x2104, 0x2104, 0x2104, 0x2104, 0x2104, 0x2104, 0x2104, 
  0x18e3, 0x18e3, 0x18e3, 0x18e3, 0x18e3, 0x18e3, 0x18c3, 0x18c3, 0x18c3, 0x18c3, 0x18c3, 0x18c3, 
  
};

}
