// Logs Menu.png | 320x240 | RGB565 (16-bit)
#include <Arduino.h>
#include "res.h"

namespace robot::screen::res {
const uint16_t logs_menu[] PROGMEM = {
  0x1803, 0x1803, 0x1803, 0x1803, 0x1803, 0x1803, 0x1803, 0x1803, 0x1803, 0x1803, 0x1803, 0x1803, 
  0x1803, 0x1803, 0x1803, 0x1803, 0x1803, 0x1803, 0x1803, 0x1803, 0x1803, 0x1803, 0x1803, 0x1803, 
  0x1803, 0x1803, 0x1803, 0x1803, 0x1803, 0x1803, 0x1803, 0x1803, 0x1803, 0x1803, 0x1803, 0x1803, 
  0x1803, 0x1803, 0x1803, 0x1803, 0x1803, 0x1803, 0x1803, 0x1803, 0x1803, 0x1803, 0x1803, 0x1803, 
  0x1803, 0x1803, 0x1803, 0x1803, 0x1803, 0x1803, 0x1803, 0x1803, 0x1803, 0x1803, 0x1803, 0x1803, 
  0x1803, 0x1803, 0x1803, 0x1803, 0x1803, 0x1803, 0x1803, 0x1803, 0x1803, 0x1803, 0x1803, 0x1803, 
  0x1803, 0x1803, 0x1803, 0x1803, 0x1803, 0x1803, 0x1803, 0x1803, 0x1803, 0x1803, 0x1803, 0x1803, 
  0x1803, 0x1803, 0x1803, 0x1803, 0x1803, 0x1803, 0x1803, 0x1803, 0x1803, 0x1803, 0x1803, 0x1803, 
  0x1803, 0x1803, 0x1803, 0x1803, 0x1803, 0x1803, 0x1803, 0x1803, 0x1803, 0x1803, 0x1803, 0x1803, 
  0x1803, 0x1803, 0x1803, 0x1803, 0x1803, 0x1803, 0x1803, 0x1803, 0x1803, 0x1803, 0x1803, 0x1803, 
  0x1803, 0x1803, 0x1803, 0x1803, 0x1803, 0x1803, 0x1803, 0x1803, 0x1803, 0x1803, 0x1803, 0x1803, 
  0x1803, 0x1803, 0x1803, 0x1803, 0x1803, 0x1803, 0x1803, 0x1803, 0x1803, 0x1803, 0x1803, 0x1803, 
  0x1803, 0x1803, 0x1803, 0x1803, 0x1803, 0x1803, 0x1803, 0x1803, 0x1803, 0x1803, 0x1803, 0x1803, 
  0x1803, 0x1803, 0x1803, 0x1803, 0x1803, 0x1803, 0x1803, 0x1803, 0x1803, 0x1803, 0x1803, 0x1803, 
  0x1803, 0x1803, 0x1803, 0x1803, 0x1803, 0x1803, 0x1803, 0x1803, 0x1803, 0x1803, 0x1803, 0x1803, 
  0x1803, 0x1803, 0x1803, 0x1803, 0x1803, 0x1803, 0x1803, 0x1803, 0x1803, 0x1803, 0x1803, 0x1803, 
  0x1803, 0x1803, 0x1803, 0x1803, 0x1803, 0x1803, 0x1803, 0x1803, 0x1803, 0x1803, 0x1803, 0x1803, 
  0x1803, 0x1803, 0x1803, 0x1803, 0x1803, 0x1803, 0x1803, 0x1803, 0x1803, 0x1803, 0x1803, 0x1803, 
  0x1803, 0x1803, 0x1803, 0x1803, 0x1803, 0x1803, 0x1803, 0x4133, 0x4133, 0x4133, 0x4133, 0x4133, 
  0x4133, 0x4133, 0x4133, 0x4133, 0x4133, 0x4133, 0x4133, 0x4133, 0x4133, 0x4133, 0x4133, 0x4133, 
  0x4133, 0x4133, 0x4133, 0x4133, 0x4133, 0x4133, 0x4133, 0x4133, 0x4133, 0x4133, 0x4133, 0x4133, 
  0x4133, 0x4133, 0x4133, 0x4133, 0x4133, 0x4133, 0x4133, 0x4133, 0x4133, 0x4133, 0x4133, 0x4133, 
  0x4133, 0x4133, 0x4133, 0x4133, 0x4133, 0x4133, 0x4133, 0x4133, 0x4133, 0x4133, 0x4133, 0x4133, 
  0x4133, 0x4133, 0x4133, 0x4133, 0x4133, 0x4133, 0x4133, 0x4133, 0x4133, 0x4133, 0x4133, 0x4133, 
  0x4133, 0x4133, 0x4133, 0x4133, 0x4133, 0x4133, 0x4133, 0x4133, 0x4133, 0x4133, 0x4133, 0x4133, 
  0x4133, 0x4133, 0x4133, 0x4133, 0x4133, 0x4133, 0x4133, 0x4133, 0x4133, 0x4133, 0x4133, 0x4133, 
  0x4133, 0x4133, 0x4133, 0x4133, 0x4133, 0x4133, 0x4133, 0x4133, 0x1803, 0x1803, 0x1803, 0x1803, 
  0x1803, 0x1803, 0x1803, 0x1803, 0x1803, 0x1803, 0x1803, 0x1803, 0x1803, 0x1803, 0x1803, 0x1803, 
  0x1803, 0x1803, 0x1803, 0x1803, 0x1803, 0x1803, 0x1803, 0x1803, 0x1803, 0x1803, 0x1803, 0x1803, 
  0x1803, 0x1803, 0x1803, 0x1803, 0x1803, 0x1803, 0x1803, 0x1803, 0x1803, 0x1803, 0x1803, 0x1803, 
  0x1803, 0x1803, 0x1803, 0x1803, 0x1803, 0x1803, 0x1803, 0x1803, 0x1803, 0x1803, 0x1803, 0x1803, 
  0x1803, 0x1803, 0x1803, 0x1803, 0x1803, 0x1803, 0x1803, 0x1803, 0x1803, 0x1803, 0x1803, 0x1803, 
  0x1803, 0x1803, 0x1803, 0x1803, 0x1803, 0x1803, 0x1803, 0x1803, 0x1803, 0x1803, 0x1803, 0x1803, 
  0x1803, 0x1803, 0x1803, 0x1803, 0x1803, 0x1803, 0x1803, 0x1803, 0x1803, 0x1803, 0x1803, 0x1803, 
  0x1803, 0x1803, 0x1803, 0x1803, 0x1803, 0x1803, 0x1803, 0x1803, 0x1803, 0x1803, 0x1803, 0x1803, 
  0x1803, 0x1803, 0x1803, 0x1803, 0x1803, 0x1803, 0x1803, 0x1803, 0x1803, 0x1803, 0x1803, 0x1803, 
  0x1803, 0x1803, 0x1803, 0x1803, 0x1803, 0x1803, 0x1803, 0x1803, 0x1803, 0x1803, 0x1803, 0x1803, 
  0x1803, 0x1803, 0x1803, 0x1803, 0x1803, 0x1803, 0x1803, 0x1803, 0x1803, 0x1803, 0x1803, 0x1803, 
  0x1803, 0x1803, 0x1803, 0x1803, 0x1803, 0x1803, 0x1803, 0x1803, 0x1803, 0x1803, 0x1803, 0x1803, 
  0x1803, 0x1803, 0x1803, 0x1803, 0x1803, 0x1803, 0x1803, 0x1803, 0x1803, 0x1803, 0x1803, 0x1803, 
  0x1803, 0x1803, 0x1803, 0x1803, 0x1803, 0x1803, 0x1803, 0x1803, 0x1803, 0x1803, 0x1803, 0x1803, 
  0x1803, 0x1803, 0x1803, 0x1803, 0x1803, 0x1803, 0x1803, 0x1803, 0x1803, 0x1803, 0x1803, 0x1803, 
  0x1803, 0x1803, 0x1803, 0x1803, 0x1803, 0x1803, 0x1803, 0x1803, 0x1803, 0x1803, 0x1803, 0x1803, 
  0x1803, 0x1803, 0x1803, 0x1803, 0x1803, 0x1803, 0x1803, 0x1803, 0x1803, 0x1803, 0x1803, 0x1803, 
  0x1803, 0x1803, 0x1803, 0x1803, 0x1803, 0x1803, 0x1803, 0x1803, 0x1803, 0x1803, 0x1803, 0x1803, 
  0x1803, 0x1803, 0x1803, 0x4133, 0x4133, 0x4133, 0x4133, 0x4133, 0x4133, 0x4133, 0x4133, 0x4133, 
  0x4133, 0x4133, 0x4133, 0x4133, 0x4133, 0x4133, 0x4133, 0x4133, 0x4133, 0x4133, 0x4133, 0x4133, 
  0x4133, 0x4133, 0x4133, 0x4133, 0x4133, 0x4133, 0x4133, 0x4133, 0x4133, 0x4133, 0x4133, 0x4133, 
  0x4133, 0x4133, 0x4133, 0x4133, 0x4133, 0x4133, 0x4133, 0x4133, 0x4133, 0x4133, 0x4133, 0x4133, 
  0x4133, 0x4133, 0x4133, 0x4133, 0x4133, 0x4133, 0x4133, 0x4133, 0x4133, 0x4133, 0x4133, 0x4133, 
  0x4133, 0x4133, 0x4133, 0x4133, 0x4133, 0x4133, 0x4133, 0x4133, 0x4133, 0x4133, 0x4133, 0x4133, 
  0x4133, 0x4133, 0x4133, 0x4133, 0x4133, 0x4133, 0x4133, 0x4133, 0x4133, 0x4133, 0x4133, 0x4133, 
  0x4133, 0x4133, 0x4133, 0x4133, 0x4133, 0x4133, 0x4133, 0x4133, 0x4133, 0x4133, 0x4133, 0x4133, 
  0x4133, 0x4133, 0x4133, 0x4133, 0x1803, 0x1803, 0x1803, 0x1803, 0x1803, 0x1803, 0x1803, 0x1803, 
  0x1803, 0x1803, 0x1803, 0x1803, 0x1803, 0x1803, 0x1803, 0x1803, 0x1803, 0x1803, 0x1803, 0x1803, 
  0x1803, 0x1803, 0x1803, 0x1803, 0x1803, 0x1803, 0x1803, 0x1803, 0x1803, 0x1803, 0x1803, 0x1803, 
  0x1803, 0x1803, 0x1803, 0x1803, 0x1803, 0x1803, 0x1803, 0x1803, 0x1803, 0x1803, 0x1803, 0x1803, 
  0x1803, 0x1803, 0x1803, 0x1803, 0x1803, 0x1803, 0x1803, 0x1803, 0x1803, 0x1803, 0x1803, 0x1803, 
  0x1803, 0x1803, 0x1803, 0x1803, 0x1803, 0x1803, 0x1803, 0x1803, 0x1803, 0x1803, 0x1803, 0x1803, 
  0x1803, 0x1803, 0x1803, 0x1803, 0x1803, 0x1803, 0x1803, 0x1803, 0x1803, 0x1803, 0x1803, 0x1803, 
  0x1803, 0x1803, 0x1803, 0x1803, 0x1803, 0x1803, 0x1803, 0x1803, 0x1803, 0x1803, 0x1803, 0x1803, 
  0x1803, 0x1803, 0x1803, 0x1803, 0x1803, 0x1803, 0x1803, 0x1803, 0x1803, 0x1803, 0x1803, 0x1803, 
  0x1803, 0x1803, 0x1803, 0x1803, 0x1803, 0x1803, 0x1803, 0x1803, 0x1803, 0x1803, 0x1803, 0x1803, 
  0x1803, 0x1803, 0x1803, 0x1803, 0x1803, 0x1803, 0x1803, 0x1803, 0x1803, 0x1803, 0x1803, 0x1803, 
  0x1803, 0x1803, 0x1803, 0x1803, 0x1803, 0x1803, 0x1803, 0x1803, 0x1803, 0x1803, 0x1803, 0x1803, 
  0x1803, 0x1803, 0x1803, 0x1803, 0x1803, 0x1803, 0x1803, 0x1803, 0x1803, 0x1803, 0x1803, 0x1803, 
  0x1803, 0x1803, 0x1803, 0x1803, 0x1803, 0x1803, 0x1803, 0x1803, 0x1803, 0x1803, 0x1803, 0x1803, 
  0x1803, 0x1803, 0x1803, 0x1803, 0x1803, 0x1803, 0x1803, 0x1803, 0x1803, 0x1803, 0x1804, 0x1803, 
  0x1803, 0x1803, 0x1803, 0x1803, 0x1803, 0x1803, 0x1803, 0x1803, 0x1803, 0x1803, 0x1803, 0x1803, 
  0x1803, 0x1803, 0x1803, 0x1803, 0x1803, 0x1803, 0x1803, 0x1803, 0x1803, 0x1803, 0x1803, 0x1803, 
  0x1803, 0x1803, 0x1803, 0x1803, 0x1803, 0x1803, 0x1803, 0x1803, 0x1803, 0x1803, 0x1803, 0x1803, 
  0x1803, 0x1803, 0x1803, 0x1803, 0x1803, 0x1803, 0x1803, 0x1803, 0x1803, 0x1803, 0x1803, 0x4133, 
  0x4133, 0x4133, 0x4133, 0x4133, 0x4133, 0x4133, 0x4133, 0x4133, 0x4133, 0x4133, 0x4133, 0x4133, 
  0x4133, 0x4133, 0x4133, 0x4133, 0x4133, 0x4133, 0x4133, 0x4133, 0x4133, 0x4133, 0x4133, 0x4133, 
  0x4133, 0x4133, 0x4133, 0x4133, 0x4133, 0x4133, 0x4133, 0x4133, 0x4133, 0x4133, 0x4133, 0x4133, 
  0x4133, 0x4133, 0x4133, 0x4133, 0x4133, 0x4133, 0x4133, 0x4133, 0x4133, 0x4133, 0x4133, 0x4133, 
  0x4133, 0x4133, 0x4133, 0x4133, 0x4133, 0x4133, 0x4133, 0x4133, 0x4133, 0x4133, 0x4133, 0x4133, 
  0x4133, 0x4133, 0x4133, 0x4133, 0x4133, 0x4133, 0x4133, 0x4133, 0x4133, 0x4133, 0x4133, 0x4133, 
  0x4133, 0x4133, 0x4133, 0x4133, 0x4133, 0x4133, 0x4133, 0x4133, 0x4133, 0x4133, 0x4133, 0x4133, 
  0x4133, 0x4133, 0x4133, 0x4133, 0x4133, 0x4133, 0x4133, 0x4133, 0x4133, 0x4133, 0x4133, 0x4133, 
  0x1803, 0x1803, 0x1803, 0x1804, 0x1803, 0x1804, 0x1803, 0x1803, 0x1804, 0x1803, 0x1804, 0x1803, 
  0x1803, 0x1804, 0x1804, 0x1803, 0x1803, 0x1804, 0x1804, 0x1804, 0x1803, 0x1804, 0x1803, 0x1803, 
  0x1803, 0x1803, 0x1804, 0x1803, 0x1804, 0x1803, 0x1804, 0x1803, 0x1804, 0x1804, 0x1804, 0x1804, 
  0x1803, 0x1804, 0x1803, 0x1803, 0x1804, 0x1804, 0x1804, 0x1803, 0x1804, 0x1803, 0x1804, 0x1804, 
  0x1803, 0x1804, 0x1803, 0x1803, 0x1804, 0x1803, 0x1803, 0x1804, 0x1803, 0x1803, 0x1803, 0x1804, 
  0x1803, 0x1803, 0x1803, 0x1803, 0x1803, 0x1803, 0x1804, 0x1804, 0x1803, 0x1803, 0x1804, 0x1803, 
  0x1804, 0x1803, 0x1804, 0x1804, 0x1803, 0x1804, 0x1803, 0x1803, 0x1803, 0x1803, 0x1804, 0x1803, 
  0x1803, 0x1804, 0x1804, 0x1804, 0x1803, 0x1803, 0x1803, 0x1804, 0x1803, 0x1804, 0x1804, 0x1803, 
  0x1804, 0x1803, 0x1803, 0x1803, 0x1803, 0x1803, 0x1804, 0x1804, 0x1803, 0x1804, 0x1803, 0x1803, 
  0x1804, 0x1803, 0x1803, 0x1803, 0x1804, 0x1804, 0x1804, 0x1803, 0x1803, 0x1803, 0x1804, 0x1803, 
  0x1804, 0x1803, 0x1803, 0x1803, 0x1804, 0x1803, 0x1803, 0x1803, 0x1803, 0x1803, 0x1803, 0x1803, 
  0x1803, 0x1803, 0x1803, 0x1803, 0x1804, 0x1803, 0x1804, 0x1804, 0x1804, 0x1803, 0x1803, 0x1803, 
  0x1803, 0x1803, 0x1804, 0x1803, 0x1803, 0x1804, 0x1803, 0x1803, 0x1804, 0x1804, 0x1803, 0x1804, 
  0x1803, 0x1803, 0x1803, 0x1804, 0x1803, 0x1803, 0x1803, 0x1803, 0x1804, 0x1803, 0x1803, 0x1804, 
  0x1803, 0x1804, 0x1803, 0x1803, 0x1804, 0x1803, 0x1804, 0x1803, 0x1803, 0x1804, 0x1803, 0x1804, 
  0x1803, 0x1803, 0x1803, 0x1803, 0x1803, 0x1804, 0x1803, 0x1803, 0x1804, 0x1803, 0x1803, 0x1804, 
  0x1804, 0x1804, 0x1804, 0x1803, 0x1803, 0x1804, 0x1804, 0x1803, 0x1803, 0x1804, 0x1803, 0x1804, 
  0x1804, 0x1803, 0x1803, 0x1804, 0x1804, 0x1804, 0x1804, 0x1803, 0x1804, 0x1804, 0x1804, 0x1804, 
  0x1804, 0x1804, 0x1804, 0x1804, 0x1804, 0x1803, 0x1803, 0x4133, 0x4133, 0x4133, 0x4133, 0x4133, 
  0x4133, 0x4133, 0x4133, 0x4133, 0x4133, 0x4133, 0x4133, 0x4133, 0x4133, 0x4133, 0x4133, 0x4133, 
  0x4133, 0x4133, 0x4133, 0x4133, 0x4133, 0x4133, 0x4133, 0x4133, 0x4133, 0x4133, 0x4133, 0x4133, 
  0x4133, 0x4133, 0x4133, 0x4133, 0x4133, 0x4133, 0x4133, 0x4133, 0x4133, 0x4133, 0x4133, 0x4133, 
  0x4133, 0x4133, 0x4133, 0x4133, 0x4133, 0x4133, 0x4133, 0x4133, 0x4133, 0x4133, 0x4133, 0x4133, 
  0x4133, 0x4133, 0x4133, 0x4133, 0x4133, 0x4133, 0x4133, 0x4133, 0x4133, 0x4133, 0x4133, 0x4133, 
  0x4133, 0x4133, 0x4133, 0x4133, 0x4133, 0x4133, 0x4133, 0x4133, 0x4133, 0x4133, 0x4133, 0x4133, 
  0x4133, 0x4133, 0x4133, 0x4133, 0x4133, 0x4133, 0x4133, 0x4133, 0x4133, 0x4133, 0x4133, 0x4133, 
  0x4133, 0x4133, 0x4133, 0x4133, 0x4133, 0x4133, 0x4133, 0x4133, 0x1804, 0x1803, 0x1804, 0x1804, 
  0x1804, 0x1804, 0x1804, 0x1804, 0x1804, 0x1804, 0x1804, 0x1804, 0x1804, 0x1804, 0x1804, 0x1804, 
  0x1803, 0x1803, 0x1804, 0x1804, 0x1804, 0x1804, 0x1803, 0x1804, 0x1804, 0x1804, 0x1804, 0x1804, 
  0x1804, 0x1804, 0x1803, 0x1804, 0x1804, 0x1804, 0x1804, 0x1804, 0x1804, 0x1804, 0x1804, 0x1804, 
  0x1804, 0x1804, 0x1804, 0x1804, 0x1804, 0x1803, 0x1804, 0x1804, 0x1804, 0x1804, 0x1804, 0x1804, 
  0x1804, 0x1804, 0x1804, 0x1804, 0x1804, 0x1804, 0x1804, 0x1804, 0x1804, 0x1804, 0x1804, 0x1804, 
  0x1804, 0x1804, 0x1804, 0x1803, 0x1804, 0x1804, 0x1804, 0x1804, 0x1804, 0x1804, 0x1804, 0x1804, 
  0x1803, 0x1804, 0x1804, 0x1803, 0x1804, 0x1804, 0x1804, 0x1804, 0x1804, 0x1804, 0x1804, 0x1804, 
  0x1804, 0x1804, 0x1804, 0x1804, 0x1804, 0x1804, 0x1804, 0x1804, 0x1804, 0x1804, 0x1804, 0x1804, 
  0x1804, 0x1804, 0x1804, 0x1804, 0x1804, 0x1804, 0x1804, 0x1804, 0x1804, 0x1804, 0x1804, 0x1803, 
  0x1804, 0x1804, 0x1804, 0x1804, 0x1804, 0x1804, 0x1804, 0x1804, 0x1804, 0x1804, 0x1804, 0x1804, 
  0x1804, 0x1804, 0x1804, 0x1804, 0x1804, 0x1804, 0x1804, 0x1804, 0x1804, 0x1804, 0x1804, 0x1804, 
  0x1804, 0x1804, 0x1804, 0x1804, 0x1803, 0x1804, 0x1804, 0x1804, 0x1804, 0x1804, 0x1804, 0x1804, 
  0x1804, 0x1804, 0x1804, 0x1804, 0x1804, 0x1804, 0x1804, 0x1804, 0x1804, 0x1804, 0x1804, 0x1804, 
  0x1804, 0x1804, 0x1804, 0x1804, 0x1804, 0x1804, 0x1804, 0x1804, 0x1804, 0x1804, 0x1804, 0x1804, 
  0x1804, 0x1804, 0x1804, 0x1804, 0x1804, 0x1804, 0x1804, 0x1804, 0x1804, 0x1804, 0x1804, 0x1804, 
  0x1804, 0x1804, 0x1804, 0x1804, 0x1803, 0x1804, 0x1804, 0x1804, 0x1804, 0x1804, 0x1804, 0x1804, 
  0x1804, 0x1804, 0x1804, 0x1804, 0x1804, 0x1804, 0x1804, 0x1804, 0x1804, 0x1804, 0x1804, 0x1804, 
  0x1804, 0x1804, 0x1804, 0x1804, 0x1804, 0x1804, 0x1804, 0x1804, 0x1804, 0x1804, 0x1804, 0x1804, 
  0x1804, 0x1803, 0x1803, 0x4133, 0x4133, 0x4133, 0x4133, 0x4133, 0x4133, 0x4133, 0x4133, 0x4133, 
  0x4133, 0x4133, 0x4133, 0x4133, 0x4133, 0x4133, 0x4133, 0x4133, 0x4133, 0x4133, 0x4133, 0x4133, 
  0x4133, 0x4133, 0x4133, 0x4133, 0x4133, 0x4133, 0x4133, 0x4133, 0x4133, 0x4133, 0x4133, 0x4133, 
  0x4133, 0x4133, 0x4133, 0x4133, 0x4133, 0x4133, 0x4133, 0x4133, 0x4133, 0x4133, 0x4133, 0x4133, 
  0x4133, 0x4133, 0x4133, 0x4133, 0x4133, 0x4133, 0x4133, 0x4133, 0x4133, 0x4133, 0x4133, 0x4133, 
  0x4133, 0x4133, 0x4133, 0x4133, 0x4133, 0x4133, 0x4133, 0x4133, 0x4133, 0x4133, 0x4133, 0x4133, 
  0x4133, 0x4133, 0x4133, 0x4133, 0x4133, 0x4133, 0x4133, 0x4133, 0x4133, 0x4133, 0x4133, 0x4133, 
  0x4133, 0x4133, 0x4133, 0x4133, 0x4133, 0x4133, 0x4133, 0x4133, 0x4133, 0x4133, 0x4133, 0x4133, 
  0x4133, 0x4133, 0x4133, 0x4133, 0x1804, 0x1804, 0x1804, 0x1804, 0x1804, 0x1804, 0x1804, 0x1804, 
  0x1804, 0x1804, 0x1804, 0x1804, 0x1804, 0x1804, 0x1804, 0x1804, 0x1804, 0x1804, 0x1804, 0x1804, 
  0x1804, 0x1804, 0x1804, 0x1804, 0x1804, 0x1804, 0x1804, 0x1804, 0x1804, 0x1804, 0x1804, 0x1804, 
  0x1804, 0x1804, 0x1804, 0x1804, 0x1804, 0x1804, 0x1804, 0x1804, 0x1804, 0x1804, 0x1804, 0x1804, 
  0x1804, 0x1804, 0x1804, 0x1804, 0x1804, 0x1804, 0x1804, 0x1804, 0x1804, 0x1804, 0x1804, 0x1804, 
  0x1804, 0x1804, 0x1804, 0x1804, 0x1804, 0x1804, 0x1804, 0x1804, 0x1804, 0x1804, 0x1804, 0x1804, 
  0x1804, 0x1804, 0x1804, 0x1804, 0x1804, 0x1804, 0x1804, 0x1804, 0x1804, 0x1804, 0x1804, 0x1804, 
  0x1804, 0x1804, 0x1804, 0x1804, 0x1804, 0x1804, 0x1804, 0x1804, 0x1804, 0x1804, 0x1804, 0x1804, 
  0x1804, 0x1804, 0x1804, 0x1804, 0x1804, 0x1804, 0x1804, 0x1804, 0x1804, 0x1804, 0x1804, 0x1804, 
  0x1804, 0x1804, 0x1804, 0x1804, 0x1804, 0x1804, 0x1804, 0x1804, 0x1804, 0x1804, 0x1804, 0x1804, 
  0x1804, 0x1804, 0x1804, 0x1804, 0x1804, 0x1804, 0x1804, 0x1804, 0x1804, 0x1804, 0x1804, 0x1804, 
  0x1804, 0x1804, 0x1804, 0x1804, 0x1804, 0x1804, 0x1804, 0x1804, 0x1804, 0x1804, 0x1804, 0x1804, 
  0x1804, 0x1804, 0x1804, 0x1804, 0x1804, 0x1804, 0x1804, 0x1804, 0x1804, 0x1804, 0x1804, 0x1804, 
  0x1804, 0x1804, 0x1804, 0x1804, 0x1804, 0x1804, 0x1804, 0x1804, 0x1804, 0x1804, 0x1804, 0x1804, 
  0x1804, 0x1804, 0x1804, 0x1804, 0x1804, 0x1804, 0x1804, 0x1804, 0x1804, 0x1804, 0x1804, 0x1804, 
  0x1804, 0x1804, 0x1804, 0x1804, 0x1804, 0x1804, 0x1804, 0x1804, 0x1804, 0x1804, 0x1804, 0x1804, 
  0x1804, 0x1804, 0x1804, 0x1804, 0x1804, 0x1804, 0x1804, 0x1804, 0x1804, 0x1804, 0x1804, 0x1804, 
  0x1804, 0x1804, 0x1804, 0x1804, 0x1804, 0x1804, 0x1804, 0x1804, 0x1804, 0x1804, 0x1804, 0x1804, 
  0x1804, 0x1804, 0x1804, 0x1804, 0x1804, 0x1804, 0x1804, 0x1804, 0x1804, 0x1804, 0x1803, 0x4133, 
  0x4133, 0x4133, 0x4133, 0x4133, 0x4133, 0x4133, 0x4133, 0x4133, 0x4133, 0x4133, 0x4133, 0x4133, 
  0x4133, 0x4133, 0x4133, 0x4133, 0x4133, 0x4133, 0x4133, 0x4133, 0x4133, 0x4133, 0x4133, 0x4133, 
  0x4133, 0x4133, 0x4133, 0x4133, 0x4133, 0x4133, 0x4133, 0x4133, 0x4133, 0x4133, 0x4133, 0x4133, 
  0x4133, 0x4133, 0x4133, 0x4133, 0x4133, 0x4133, 0x4133, 0x4133, 0x4133, 0x4133, 0x4133, 0x4133, 
  0x4133, 0x4133, 0x4133, 0x4133, 0x4133, 0x4133, 0x4133, 0x4133, 0x4133, 0x4133, 0x4133, 0x4133, 
  0x4133, 0x4133, 0x4133, 0x4133, 0x4133, 0x4133, 0x4133, 0x4133, 0x4133, 0x4133, 0x4133, 0x4133, 
  0x4133, 0x4133, 0x4133, 0x4133, 0x4133, 0x4133, 0x4133, 0x4133, 0x4133, 0x4133, 0x4133, 0x4133, 
  0x4133, 0x4133, 0x4133, 0x4133, 0x4133, 0x4133, 0x4133, 0x4133, 0x4133, 0x4133, 0x4133, 0x4133, 
  0x1804, 0x1804, 0x1804, 0x1804, 0x1804, 0x1804, 0x1804, 0x1804, 0x1804, 0x1804, 0x1804, 0x1804, 
  0x1804, 0x1804, 0x1804, 0x1804, 0x1804, 0x1804, 0x1804, 0x1804, 0x1804, 0x1804, 0x1804, 0x1804, 
  0x1804, 0x1804, 0x1804, 0x1804, 0x1804, 0x1804, 0x1804, 0x1804, 0x1804, 0x1804, 0x1804, 0x1804, 
  0x1804, 0x1804, 0x1804, 0x1804, 0x1804, 0x1804, 0x1804, 0x1804, 0x1804, 0x1804, 0x1804, 0x1804, 
  0x1804, 0x1804, 0x1804, 0x1804, 0x1804, 0x1804, 0x1804, 0x1804, 0x1804, 0x1804, 0x1804, 0x1804, 
  0x1804, 0x1804, 0x1804, 0x1804, 0x1804, 0x1804, 0x1804, 0x1804, 0x1804, 0x1804, 0x1804, 0x1804, 
  0x1804, 0x1804, 0x1804, 0x1804, 0x1804, 0x1804, 0x1804, 0x1804, 0x1804, 0x1804, 0x1804, 0x1804, 
  0x1804, 0x1804, 0x1804, 0x1804, 0x1804, 0x1804, 0x1804, 0x1804, 0x1804, 0x1804, 0x1804, 0x1804, 
  0x1804, 0x1804, 0x1804, 0x1804, 0x1804, 0x1804, 0x1804, 0x1804, 0x1804, 0x1804, 0x1804, 0x1804, 
  0x1804, 0x1804, 0x1804, 0x1804, 0x1804, 0x1804, 0x1804, 0x1804, 0x1804, 0x1804, 0x1804, 0x1804, 
  0x1804, 0x1804, 0x1804, 0x1804, 0x1804, 0x1804, 0x1804, 0x1804, 0x1804, 0x1804, 0x1804, 0x1804, 
  0x1804, 0x1804, 0x1804, 0x1804, 0x1804, 0x1804, 0x1804, 0x1804, 0x1804, 0x1804, 0x1804, 0x1804, 
  0x1804, 0x1804, 0x1804, 0x1804, 0x1804, 0x1804, 0x1804, 0x1804, 0x1804, 0x1804, 0x1804, 0x1804, 
  0x1804, 0x1804, 0x1804, 0x1804, 0x1804, 0x1804, 0x1804, 0x1804, 0x1804, 0x1804, 0x1804, 0x1804, 
  0x1804, 0x1804, 0x1804, 0x1804, 0x1804, 0x1804, 0x1804, 0x1804, 0x1804, 0x1804, 0x1804, 0x1804, 
  0x1804, 0x1804, 0x1804, 0x1804, 0x1804, 0x1804, 0x1804, 0x1804, 0x1804, 0x1804, 0x1804, 0x1804, 
  0x1804, 0x1804, 0x1804, 0x1804, 0x1804, 0x1804, 0x1804, 0x1804, 0x1804, 0x1804, 0x1804, 0x1804, 
  0x1804, 0x1804, 0x1804, 0x1804, 0x1804, 0x1804, 0x1804, 0x1804, 0x1804, 0x1804, 0x1804, 0x1804, 
  0x1804, 0x1804, 0x1804, 0x1804, 0x2004, 0x1804, 0x1803, 0x4133, 0x4133, 0x4133, 0x4133, 0x4133, 
  0x4133, 0x4133, 0x4133, 0x4133, 0x4133, 0x4133, 0x4133, 0x4133, 0x4133, 0x4133, 0x4133, 0x4133, 
  0x4133, 0x4133, 0x4133, 0x4133, 0x4133, 0x4133, 0x4133, 0x4133, 0x4133, 0x4133, 0x4133, 0x4133, 
  0x4133, 0x4133, 0x4133, 0x4133, 0x4133, 0x4133, 0x4133, 0x4133, 0x4133, 0x4133, 0x4133, 0x4133, 
  0x4133, 0x4133, 0x4133, 0x4133, 0x4133, 0x4133, 0x4133, 0x4133, 0x4133, 0x4133, 0x4133, 0x4133, 
  0x4133, 0x4133, 0x4133, 0x4133, 0x4133, 0x4133, 0x4133, 0x4133, 0x4133, 0x4133, 0x4133, 0x4133, 
  0x4133, 0x4133, 0x4133, 0x4133, 0x4133, 0x4133, 0x4133, 0x4133, 0x4133, 0x4133, 0x4133, 0x4133, 
  0x4133, 0x4133, 0x4133, 0x4133, 0x4133, 0x4133, 0x4133, 0x4133, 0x4133, 0x4133, 0x4133, 0x4133, 
  0x4133, 0x4133, 0x4133, 0x4133, 0x4133, 0x4133, 0x4133, 0x4133, 0x1804, 0x1804, 0x1804, 0x1804, 
  0x1804, 0x1804, 0x1804, 0x1804, 0x1804, 0x1804, 0x1804, 0x1804, 0x1804, 0x1804, 0x1804, 0x1804, 
  0x1804, 0x1804, 0x1804, 0x1804, 0x1804, 0x1804, 0x1804, 0x1804, 0x1804, 0x1804, 0x1804, 0x1804, 
  0x1804, 0x1804, 0x1804, 0x1804, 0x1804, 0x1804, 0x1804, 0x1804, 0x1804, 0x1804, 0x1804, 0x1804, 
  0x1804, 0x1804, 0x1804, 0x1804, 0x1804, 0x1804, 0x1804, 0x1804, 0x1804, 0x1804, 0x1804, 0x1804, 
  0x1804, 0x1804, 0x1804, 0x1804, 0x1804, 0x1804, 0x1804, 0x1804, 0x1804, 0x1804, 0x1804, 0x1804, 
  0x1804, 0x1804, 0x1804, 0x1804, 0x1804, 0x1804, 0x1804, 0x1804, 0x1804, 0x1804, 0x1804, 0x1804, 
  0x1804, 0x1804, 0x1804, 0x1804, 0x1804, 0x1804, 0x1804, 0x1804, 0x1804, 0x1804, 0x1804, 0x1804, 
  0x1804, 0x1804, 0x1804, 0x1804, 0x1804, 0x1804, 0x1804, 0x1804, 0x1804, 0x1804, 0x1804, 0x1804, 
  0x1804, 0x1804, 0x1804, 0x1804, 0x1804, 0x1804, 0x1804, 0x1804, 0x1804, 0x1804, 0x1804, 0x1804, 
  0x1804, 0x1804, 0x1804, 0x1804, 0x1804, 0x1804, 0x1804, 0x1804, 0x1804, 0x1804, 0x1804, 0x1804, 
  0x1804, 0x1804, 0x1804, 0x1804, 0x1804, 0x1804, 0x1804, 0x1804, 0x1804, 0x1804, 0x1804, 0x1804, 
  0x1804, 0x1804, 0x1804, 0x1804, 0x1804, 0x1804, 0x1804, 0x1804, 0x1804, 0x1804, 0x1804, 0x1804, 
  0x1804, 0x1804, 0x1804, 0x1804, 0x1804, 0x1804, 0x1804, 0x1804, 0x1804, 0x1804, 0x1804, 0x1804, 
  0x1804, 0x1804, 0x1804, 0x1804, 0x1804, 0x1804, 0x1804, 0x1804, 0x1804, 0x1804, 0x1804, 0x1804, 
  0x1804, 0x1804, 0x1804, 0x1804, 0x1804, 0x1804, 0x1804, 0x1804, 0x1804, 0x1804, 0x1804, 0x1804, 
  0x1804, 0x1804, 0x1804, 0x1804, 0x1804, 0x1804, 0x1804, 0x1804, 0x1804, 0x1804, 0x1804, 0x1804, 
  0x1804, 0x1804, 0x1804, 0x1804, 0x1804, 0x1804, 0x1804, 0x1804, 0x1804, 0x1804, 0x1804, 0x1804, 
  0x1804, 0x1804, 0x1804, 0x1804, 0x1804, 0x1804, 0x1804, 0x1804, 0x1804, 0x1804, 0x1804, 0x1804, 
  0x1804, 0x1804, 0x1803, 0x4133, 0x4133, 0x4133, 0x4133, 0x4133, 0x4133, 0x4133, 0x4133, 0x4133, 
  0x4133, 0x4133, 0x4133, 0x4133, 0x4133, 0x4133, 0x4133, 0x4133, 0x4133, 0x4133, 0x4133, 0x4133, 
  0x4133, 0x4133, 0x4133, 0x4133, 0x4133, 0x4133, 0x4133, 0x4133, 0x4133, 0x4133, 0x4133, 0x4133, 
  0x4133, 0x4133, 0x4133, 0x4133, 0x4133, 0x4133, 0x4133, 0x4133, 0x4133, 0x4133, 0x4133, 0x4133, 
  0x4133, 0x4133, 0x4133, 0x4133, 0x4133, 0x4133, 0x4133, 0x4133, 0x4133, 0x4133, 0x4133, 0x4133, 
  0x4133, 0x4133, 0x4133, 0x4133, 0x4133, 0x4133, 0x4133, 0x4133, 0x4133, 0x4133, 0x4133, 0x4133, 
  0x4133, 0x4133, 0x4133, 0x4133, 0x4133, 0x4133, 0x4133, 0x4133, 0x4133, 0x4133, 0x4133, 0x4133, 
  0x4133, 0x4133, 0x4133, 0x4133, 0x4133, 0x4133, 0x4133, 0x4133, 0x4133, 0x4133, 0x4133, 0x4133, 
  0x4133, 0x4133, 0x4133, 0x4133, 0x1804, 0x1804, 0x1804, 0x1804, 0x1804, 0x1804, 0x1804, 0x1804, 
  0x1804, 0x1804, 0x1804, 0x2004, 0x1804, 0x1804, 0x1804, 0x1804, 0x1804, 0x1804, 0x1804, 0x1804, 
  0x1804, 0x1804, 0x1804, 0x1804, 0x1804, 0x1804, 0x1804, 0x1804, 0x1804, 0x1804, 0x1804, 0x1804, 
  0x1804, 0x1804, 0x1804, 0x1804, 0x1804, 0x1804, 0x1804, 0x1804, 0x1804, 0x1804, 0x1804, 0x2004, 
  0x1804, 0x1804, 0x1804, 0x1804, 0x1804, 0x2004, 0x1804, 0x1804, 0x1804, 0x2004, 0x1804, 0x1804, 
  0x1804, 0x1804, 0x1804, 0x1804, 0x1804, 0x1804, 0x1804, 0x1804, 0x1804, 0x1804, 0x1804, 0x1804, 
  0x1804, 0x1804, 0x1804, 0x1804, 0x1804, 0x1804, 0x1804, 0x1804, 0x1804, 0x1804, 0x1804, 0x1804, 
  0x1804, 0x1804, 0x1804, 0x1804, 0x1804, 0x1804, 0x1804, 0x1804, 0x1804, 0x1804, 0x1804, 0x1804, 
  0x1804, 0x2004, 0x1804, 0x1804, 0x1804, 0x1804, 0x1804, 0x1804, 0x1804, 0x1804, 0x1804, 0x1804, 
  0x1804, 0x1804, 0x1804, 0x1804, 0x1804, 0x1804, 0x1804, 0x1804, 0x1804, 0x1804, 0x1804, 0x1804, 
  0x1804, 0x1804, 0x1804, 0x1804, 0x1804, 0x1804, 0x1804, 0x1804, 0x1804, 0x1804, 0x1804, 0x1804, 
  0x1804, 0x1804, 0x1804, 0x1804, 0x1804, 0x1804, 0x1804, 0x1804, 0x1804, 0x1804, 0x1804, 0x1804, 
  0x1804, 0x1804, 0x1804, 0x1804, 0x1804, 0x1804, 0x1804, 0x1804, 0x1804, 0x1804, 0x1804, 0x1804, 
  0x1804, 0x1804, 0x1804, 0x1804, 0x1804, 0x1804, 0x1804, 0x1804, 0x1804, 0x1804, 0x1804, 0x1804, 
  0x1804, 0x1804, 0x1804, 0x1804, 0x1804, 0x1804, 0x1804, 0x1804, 0x1804, 0x1804, 0x1804, 0x2004, 
  0x1804, 0x1804, 0x1804, 0x1804, 0x1804, 0x1804, 0x1804, 0x1804, 0x1804, 0x1804, 0x1804, 0x1804, 
  0x1804, 0x1804, 0x1804, 0x1804, 0x1804, 0x1804, 0x1804, 0x1804, 0x1804, 0x1804, 0x1804, 0x1804, 
  0x1804, 0x1804, 0x1804, 0x1804, 0x1804, 0x1804, 0x1804, 0x1804, 0x1804, 0x1804, 0x1804, 0x1804, 
  0x2004, 0x1804, 0x1804, 0x1804, 0x1804, 0x1804, 0x1804, 0x1804, 0x1804, 0x1804, 0x1804, 0x4133, 
  0x4133, 0x4133, 0x4133, 0x4133, 0x4133, 0x4133, 0x4133, 0x4133, 0x4133, 0x4133, 0x4133, 0x4133, 
  0x4133, 0x4133, 0x4133, 0x4133, 0x4133, 0x4133, 0x4133, 0x4133, 0x4133, 0x4133, 0x4133, 0x4133, 
  0x4133, 0x4133, 0x4133, 0x4133, 0x4133, 0x4133, 0x4133, 0x4133, 0x4133, 0x4133, 0x4133, 0x4133, 
  0x4133, 0x4133, 0x4133, 0x4133, 0x4133, 0x4133, 0x4133, 0x4133, 0x4133, 0x4133, 0x4133, 0x4133, 
  0x4133, 0x4133, 0x4133, 0x4133, 0x4133, 0x4133, 0x4133, 0x4133, 0x4133, 0x4133, 0x4133, 0x4133, 
  0x4133, 0x4133, 0x4133, 0x4133, 0x4133, 0x4133, 0x4133, 0x4133, 0x4133, 0x4133, 0x4133, 0x4133, 
  0x4133, 0x4133, 0x4133, 0x4133, 0x4133, 0x4133, 0x4133, 0x4133, 0x4133, 0x4133, 0x4133, 0x4133, 
  0x4133, 0x4133, 0x4133, 0x4133, 0x4133, 0x4133, 0x4133, 0x4133, 0x4133, 0x4133, 0x4133, 0x4133, 
  0x1804, 0x1804, 0x1804, 0x1804, 0x1804, 0x1804, 0x1804, 0x1804, 0x1804, 0x2004, 0x1804, 0x2004, 
  0x1804, 0x1804, 0x1804, 0x1804, 0x1804, 0x1804, 0x1804, 0x1804, 0x2004, 0x1804, 0x1804, 0x1804, 
  0x1804, 0x2004, 0x1804, 0x2004, 0x2004, 0x1804, 0x1804, 0x1804, 0x1804, 0x1804, 0x1804, 0x1804, 
  0x1804, 0x2004, 0x1804, 0x1804, 0x1804, 0x1804, 0x1804, 0x1804, 0x1804, 0x2004, 0x2004, 0x1804, 
  0x1804, 0x2004, 0x1804, 0x1804, 0x1804, 0x1804, 0x1804, 0x1804, 0x1804, 0x1804, 0x2004, 0x2004, 
  0x2004, 0x1804, 0x1804, 0x2004, 0x1804, 0x2004, 0x1804, 0x1804, 0x2004, 0x1804, 0x1804, 0x2004, 
  0x1804, 0x1804, 0x1804, 0x1804, 0x1804, 0x1804, 0x1804, 0x2004, 0x2004, 0x1804, 0x1804, 0x1804, 
  0x2004, 0x1804, 0x1804, 0x1804, 0x1804, 0x1804, 0x1804, 0x1804, 0x1804, 0x1804, 0x2004, 0x1804, 
  0x2004, 0x1804, 0x1804, 0x1804, 0x1804, 0x1804, 0x2004, 0x1804, 0x1804, 0x2004, 0x1804, 0x1804, 
  0x2004, 0x1804, 0x1804, 0x1804, 0x2004, 0x1804, 0x1804, 0x1804, 0x1804, 0x1804, 0x1804, 0x2004, 
  0x2004, 0x1804, 0x1804, 0x1804, 0x1804, 0x1804, 0x2004, 0x1804, 0x1804, 0x1804, 0x2004, 0x1804, 
  0x2004, 0x1804, 0x1804, 0x1804, 0x1804, 0x1804, 0x1804, 0x1804, 0x1804, 0x2004, 0x2004, 0x1804, 
  0x1804, 0x1804, 0x2004, 0x2004, 0x1804, 0x1804, 0x1804, 0x2004, 0x1804, 0x1804, 0x2004, 0x1804, 
  0x1804, 0x2004, 0x1804, 0x1804, 0x2004, 0x2004, 0x2004, 0x1804, 0x1804, 0x1804, 0x1804, 0x2004, 
  0x1804, 0x1804, 0x1804, 0x1804, 0x1804, 0x2004, 0x2004, 0x1804, 0x1804, 0x2004, 0x2004, 0x2004, 
  0x1804, 0x1804, 0x1804, 0x1804, 0x1804, 0x1804, 0x1804, 0x1804, 0x1804, 0x1804, 0x1804, 0x1804, 
  0x1804, 0x1804, 0x1804, 0x1804, 0x1804, 0x1804, 0x1804, 0x1804, 0x1804, 0x1804, 0x1804, 0x1804, 
  0x2004, 0x2004, 0x1804, 0x1804, 0x1804, 0x1804, 0x1804, 0x1804, 0x2004, 0x1804, 0x1804, 0x1804, 
  0x1804, 0x2004, 0x1804, 0x2004, 0x1804, 0x1804, 0x1804, 0x4133, 0x4133, 0x4133, 0x4133, 0x4133, 
  0x4133, 0x4133, 0x4133, 0x4133, 0x4133, 0x4133, 0x4133, 0x4133, 0x4133, 0x4133, 0x4133, 0x4133, 
  0x4133, 0x4133, 0x4133, 0x4133, 0x4133, 0x4133, 0x4133, 0x4133, 0x4133, 0x4133, 0x4133, 0x4133, 
  0x4133, 0x4133, 0x4133, 0x4133, 0x4133, 0x4133, 0x4133, 0x4133, 0x4133, 0x4133, 0x4133, 0x4133, 
  0x4133, 0x4133, 0x4133, 0x4133, 0x4133, 0x4133, 0x4133, 0x4133, 0x4133, 0x4133, 0x4133, 0x4133, 
  0x4133, 0x4133, 0x4133, 0x4133, 0x4133, 0x4133, 0x4133, 0x4133, 0x4133, 0x4133, 0x4133, 0x4133, 
  0x4133, 0x4133, 0x4133, 0x4133, 0x4133, 0x4133, 0x4133, 0x4133, 0x4133, 0x4133, 0x4133, 0x4133, 
  0x4133, 0x4133, 0x4133, 0x4133, 0x4133, 0x4133, 0x4133, 0x4133, 0x4133, 0x4133, 0x4133, 0x4133, 
  0x4133, 0x4133, 0x4133, 0x4133, 0x4133, 0x4133, 0x4133, 0x4133, 0x2004, 0x2004, 0x2004, 0x1804, 
  0x2004, 0x2004, 0x1804, 0x2004, 0x2004, 0x2004, 0x1804, 0x2004, 0x2004, 0x2004, 0x2004, 0x2004, 
  0x1804, 0x1804, 0x2004, 0x2004, 0x2004, 0x2004, 0x2004, 0x2004, 0x2004, 0x1804, 0x1804, 0x2004, 
  0x2004, 0x1804, 0x2004, 0x1804, 0x2004, 0x2004, 0x1804, 0x1804, 0x2004, 0x2004, 0x2004, 0x2004, 
  0x2004, 0x2004, 0x2004, 0x2004, 0x1804, 0x1804, 0x1804, 0x1804, 0x2004, 0x1804, 0x2004, 0x2004, 
  0x1804, 0x2004, 0x2004, 0x2004, 0x2004, 0x1804, 0x1804, 0x1804, 0x1804, 0x1804, 0x2004, 0x1804, 
  0x2004, 0x1804, 0x2004, 0x2004, 0x2004, 0x1804, 0x1804, 0x2004, 0x2004, 0x1804, 0x2004, 0x2004, 
  0x1804, 0x2004, 0x2004, 0x2004, 0x2004, 0x2004, 0x2004, 0x2004, 0x2004, 0x1804, 0x2004, 0x1804, 
  0x1804, 0x2004, 0x2004, 0x2004, 0x2004, 0x1804, 0x2004, 0x1804, 0x2004, 0x1804, 0x1804, 0x2004, 
  0x1804, 0x2004, 0x1804, 0x2004, 0x2004, 0x1804, 0x2004, 0x1804, 0x2004, 0x2004, 0x2004, 0x2004, 
  0x2004, 0x1804, 0x2004, 0x1804, 0x2004, 0x2004, 0x1804, 0x1804, 0x2004, 0x1804, 0x1804, 0x1804, 
  0x2004, 0x1804, 0x2004, 0x2004, 0x1804, 0x2004, 0x2004, 0x1804, 0x1804, 0x2004, 0x1804, 0x2004, 
  0x1804, 0x2004, 0x2004, 0x2004, 0x2004, 0x2004, 0x2004, 0x2004, 0x1804, 0x2004, 0x2004, 0x1804, 
  0x2004, 0x2004, 0x2004, 0x2004, 0x1804, 0x2004, 0x2004, 0x1804, 0x2004, 0x2004, 0x2004, 0x2004, 
  0x1804, 0x1804, 0x2004, 0x2004, 0x2004, 0x1804, 0x1804, 0x2004, 0x2004, 0x2004, 0x2004, 0x1804, 
  0x2004, 0x2004, 0x2004, 0x1804, 0x2004, 0x1804, 0x2004, 0x2004, 0x2004, 0x2004, 0x1804, 0x2004, 
  0x2004, 0x2004, 0x2004, 0x1804, 0x2004, 0x2004, 0x2004, 0x1804, 0x2004, 0x2004, 0x2004, 0x2004, 
  0x2004, 0x1804, 0x1804, 0x1804, 0x2004, 0x2004, 0x1804, 0x2004, 0x2004, 0x1804, 0x1804, 0x1804, 
  0x2004, 0x2004, 0x2004, 0x2004, 0x2004, 0x1804, 0x2004, 0x1804, 0x1804, 0x1804, 0x2004, 0x2004, 
  0x2004, 0x1804, 0x1804, 0x4133, 0x4133, 0x4133, 0x4133, 0x4133, 0x4133, 0x4133, 0x4133, 0x4133, 
  0x4133, 0x4133, 0x4133, 0x4133, 0x4133, 0x4133, 0x4133, 0x4133, 0x4133, 0x4133, 0x4133, 0x4133, 
  0x4133, 0x4133, 0x4133, 0x4133, 0x4133, 0x4133, 0x4133, 0x4133, 0x4133, 0x4133, 0x4133, 0x4133, 
  0x4133, 0x4133, 0x4133, 0x4133, 0x4133, 0x4133, 0x4133, 0x4133, 0x4133, 0x4133, 0x4133, 0x4133, 
  0x4133, 0x4133, 0x4133, 0x4133, 0x4133, 0x4133, 0x4133, 0x4133, 0x4133, 0x4133, 0x4133, 0x4133, 
  0x4133, 0x4133, 0x4133, 0x4133, 0x4133, 0x4133, 0x4133, 0x4133, 0x4133, 0x4133, 0x4133, 0x4133, 
  0x4133, 0x4133, 0x4133, 0x4133, 0x4133, 0x4133, 0x4133, 0x4133, 0x4133, 0x4133, 0x4133, 0x4133, 
  0x4133, 0x4133, 0x4133, 0x4133, 0x4133, 0x4133, 0x4133, 0x4133, 0x4133, 0x4133, 0x4133, 0x4133, 
  0x4133, 0x4133, 0x4133, 0x4133, 0x2004, 0x2004, 0x2004, 0x2004, 0x2004, 0x2004, 0x2004, 0x2004, 
  0x2004, 0x2004, 0x2004, 0x2004, 0x2004, 0x2004, 0x1804, 0x2004, 0x2004, 0x2004, 0x2004, 0x2004, 
  0x2004, 0x1804, 0x2004, 0x2004, 0x2004, 0x2004, 0x1804, 0x2004, 0x2004, 0x2004, 0x2004, 0x2004, 
  0x2004, 0x2004, 0x2004, 0x2004, 0x2004, 0x2004, 0x2004, 0x2004, 0x2004, 0x2004, 0x2004, 0x2004, 
  0x2004, 0x2004, 0x2004, 0x2004, 0x2004, 0x1804, 0x2004, 0x2004, 0x2004, 0x2004, 0x2004, 0x2004, 
  0x2004, 0x2004, 0x2004, 0x2004, 0x2004, 0x2004, 0x1804, 0x2004, 0x2004, 0x2004, 0x2004, 0x2004, 
  0x2004, 0x2004, 0x2004, 0x2004, 0x2004, 0x2004, 0x2004, 0x2004, 0x2004, 0x2004, 0x1804, 0x2004, 
  0x2004, 0x2004, 0x2004, 0x2004, 0x2004, 0x2004, 0x2004, 0x2004, 0x2004, 0x1804, 0x2004, 0x2004, 
  0x2004, 0x2004, 0x2004, 0x2004, 0x2004, 0x2004, 0x2004, 0x2004, 0x2004, 0x2004, 0x2004, 0x1804, 
  0x1804, 0x2004, 0x2004, 0x2004, 0x2004, 0x2004, 0x2004, 0x2004, 0x2004, 0x2004, 0x2004, 0x2004, 
  0x2004, 0x2004, 0x2004, 0x2004, 0x2004, 0x2004, 0x2004, 0x2004, 0x2004, 0x2004, 0x2004, 0x2004, 
  0x2004, 0x2004, 0x2004, 0x2004, 0x2004, 0x2004, 0x2004, 0x2004, 0x2004, 0x2004, 0x2004, 0x2004, 
  0x2004, 0x2004, 0x2004, 0x2004, 0x2004, 0x2004, 0x2004, 0x2004, 0x2004, 0x2004, 0x2004, 0x2004, 
  0x2004, 0x2004, 0x2004, 0x2004, 0x2004, 0x2004, 0x2004, 0x2004, 0x2004, 0x2004, 0x1804, 0x2004, 
  0x2004, 0x2004, 0x2004, 0x2004, 0x2004, 0x2004, 0x2004, 0x2004, 0x2004, 0x2004, 0x1804, 0x2004, 
  0x2004, 0x2004, 0x2004, 0x2004, 0x1804, 0x2004, 0x2004, 0x1804, 0x2004, 0x2004, 0x2004, 0x2004, 
  0x2004, 0x2004, 0x1804, 0x2004, 0x2004, 0x2004, 0x2004, 0x2004, 0x2004, 0x2004, 0x2004, 0x2004, 
  0x2004, 0x2004, 0x2004, 0x2004, 0x2004, 0x2004, 0x2004, 0x1804, 0x2004, 0x2004, 0x2004, 0x2004, 
  0x2004, 0x2004, 0x2004, 0x2004, 0x2004, 0x2004, 0x2004, 0x2004, 0x1804, 0x1804, 0x1804, 0x4133, 
  0x4133, 0x4133, 0x4133, 0x4133, 0x4133, 0x4133, 0x4133, 0x4133, 0x4133, 0x4133, 0x4133, 0x4133, 
  0x4133, 0x4133, 0x4133, 0x4133, 0x4133, 0x4133, 0x4133, 0x4133, 0x4133, 0x4133, 0x4133, 0x4133, 
  0x4133, 0x4133, 0x4133, 0x4133, 0x4133, 0x4133, 0x4133, 0x4133, 0x4133, 0x4133, 0x4133, 0x4133, 
  0x4133, 0x4133, 0x4133, 0x4133, 0x4133, 0x4133, 0x4133, 0x4133, 0x4133, 0x4133, 0x4133, 0x4133, 
  0x4133, 0x4133, 0x4133, 0x4133, 0x4133, 0x4133, 0x4133, 0x4133, 0x4133, 0x4133, 0x4133, 0x4133, 
  0x4133, 0x4133, 0x4133, 0x4133, 0x4133, 0x4133, 0x4133, 0x4133, 0x4133, 0x4133, 0x4133, 0x4133, 
  0x4133, 0x4133, 0x4133, 0x4133, 0x4133, 0x4133, 0x4133, 0x4133, 0x4133, 0x4133, 0x4133, 0x4133, 
  0x4133, 0x4133, 0x4133, 0x4133, 0x4133, 0x4133, 0x4133, 0x4133, 0x4133, 0x4133, 0x4133, 0x4133, 
  0x2004, 0x2004, 0x2004, 0x2004, 0x2004, 0x2004, 0x2004, 0x2004, 0x2004, 0x2004, 0x1804, 0x2004, 
  0x2004, 0x2004, 0x2004, 0x2004, 0x2004, 0x2004, 0x2004, 0x2004, 0x2004, 0x2004, 0x2004, 0x2004, 
  0x520b, 0xc619, 0xc619, 0xc619, 0xbd97, 0x3908, 0x2004, 0x2004, 0x2004, 0x2004, 0x3908, 0xc5f9, 
  0x2886, 0x2004, 0x2004, 0xc619, 0xc619, 0xc619, 0xc5f9, 0xc619, 0xc5f9, 0x8c12, 0x4989, 0xc619, 
  0xc619, 0xc5f9, 0xc619, 0xc619, 0xc5f9, 0x4989, 0x2886, 0xc5f9, 0xc619, 0xc619, 0xc619, 0xc5f9, 
  0x4989, 0x2004, 0xacf5, 0xc5f9, 0xc619, 0xc619, 0x72ee, 0x2004, 0x2004, 0xbd97, 0x3908, 0x2004, 
  0x2004, 0x2004, 0x4989, 0xad15, 0x2886, 0x2004, 0x2004, 0x2004, 0x2004, 0x2004, 0x2004, 0x2004, 
  0x2004, 0x2004, 0x2004, 0x2004, 0x2004, 0x2004, 0x2004, 0x2004, 0x2004, 0x2004, 0x2004, 0x2004, 
  0x2004, 0x2004, 0x2004, 0x2004, 0x2004, 0x2004, 0x2004, 0x2004, 0x2004, 0x2004, 0x2004, 0x2004, 
  0x2004, 0x2004, 0x2004, 0x2004, 0x2004, 0x2004, 0x2004, 0x2004, 0x2004, 0x2004, 0x2004, 0xad15, 
  0xc619, 0xc5f9, 0xc619, 0x730e, 0x3908, 0x2004, 0x2004, 0x2004, 0x2004, 0x4989, 0xc619, 0x2886, 
  0x2004, 0x2004, 0x2004, 0x1804, 0x730e, 0xce19, 0xd67a, 0xacf5, 0x3908, 0x2004, 0x2004, 0xad15, 
  0x38e8, 0x2004, 0x2004, 0x2004, 0x2886, 0xbd97, 0x2004, 0x2004, 0xc619, 0xc619, 0xc619, 0xc619, 
  0x730e, 0x2004, 0x2004, 0x2004, 0x2004, 0x730e, 0xc619, 0xd67a, 0xacf5, 0x3908, 0x2004, 0x2004, 
  0x2004, 0x2004, 0x3908, 0xc5f9, 0x520b, 0x2004, 0x2004, 0x2004, 0x520b, 0xc5f9, 0xc619, 0xc619, 
  0xbd97, 0x4989, 0x2004, 0x2004, 0x8390, 0xc619, 0xc5f9, 0xc5f9, 0x9c73, 0x3908, 0x2004, 0x2004, 
  0x2004, 0x2004, 0x2004, 0x2004, 0x2004, 0x2004, 0x2004, 0x2004, 0x2004, 0x2004, 0x2004, 0x2004, 
  0x2004, 0x2004, 0x2004, 0x2004, 0x2004, 0x2004, 0x2004, 0x2004, 0x2004, 0x2004, 0x2004, 0x2004, 
  0x2004, 0x2004, 0x2004, 0x2004, 0x1804, 0x2004, 0x1804, 0x4133, 0x4133, 0x4133, 0x4133, 0x4133, 
  0x4133, 0x4133, 0x4133, 0x4133, 0x4133, 0x4133, 0x4133, 0x4133, 0x4133, 0x4133, 0x4133, 0x4133, 
  0x4133, 0x4133, 0x4133, 0x4133, 0x4133, 0xd65c, 0x4133, 0x4133, 0x4133, 0x4133, 0x4133, 0x4133, 
  0x5194, 0xacfa, 0xef3e, 0xdebd, 0x9439, 0x5194, 0x4133, 0x4133, 0x4133, 0x5194, 0xa499, 0xdebd, 
  0xdebd, 0xbd7b, 0x5a15, 0x4133, 0x4133, 0x4133, 0x8bb8, 0xd65c, 0xdebd, 0xbd7b, 0x5a15, 0x4133, 
  0x4133, 0x4133, 0x4133, 0x4133, 0x4133, 0x4133, 0x4133, 0x4133, 0x4133, 0x4133, 0x4133, 0x4133, 
  0x4133, 0x4133, 0x4133, 0x4133, 0x4133, 0x4133, 0x4133, 0x4133, 0x4133, 0x4133, 0x4133, 0x4133, 
  0x4133, 0x4133, 0x4133, 0x4133, 0x4133, 0x4133, 0x4133, 0x4133, 0x4133, 0x4133, 0x4133, 0x4133, 
  0x4133, 0x4133, 0x4133, 0x4133, 0x4133, 0x4133, 0x4133, 0x4133, 0x2004, 0x2004, 0x2004, 0x2004, 
  0x2004, 0x2004, 0x2004, 0x2004, 0x2004, 0x2004, 0x2004, 0x2004, 0x2004, 0x2004, 0x2004, 0x2004, 
  0x2004, 0x2004, 0x2004, 0x2004, 0x2004, 0x2004, 0x2004, 0x2004, 0x730e, 0xd67a, 0x59eb, 0x5a0b, 
  0x730e, 0xe6fc, 0x2886, 0x2004, 0x2004, 0x2004, 0xad15, 0xf77e, 0x8390, 0x2004, 0x2004, 0x5a0b, 
  0x5a0b, 0x8390, 0xf77e, 0x59eb, 0x59eb, 0x3908, 0x2886, 0x59eb, 0x5a0b, 0xad15, 0xacf5, 0x5a0b, 
  0x59eb, 0x2886, 0x3908, 0xffff, 0x5a0b, 0x5a0b, 0x5a0b, 0x59eb, 0x2886, 0x2004, 0xe71c, 0x730e, 
  0x5a0b, 0x5a0b, 0xbd77, 0xbd77, 0x2004, 0x9412, 0xc5f9, 0x2004, 0x2004, 0x2004, 0xe6fc, 0x730e, 
  0x2004, 0x2004, 0x2004, 0x2004, 0x2004, 0x2004, 0x2004, 0x2004, 0x2004, 0x2004, 0x2004, 0x2004, 
  0x2004, 0x2004, 0x2004, 0x2004, 0x2004, 0x2004, 0x2004, 0x2004, 0x2004, 0x2004, 0x2004, 0x2004, 
  0x2004, 0x2004, 0x2004, 0x2004, 0x2004, 0x2004, 0x2004, 0x2004, 0x2004, 0x2004, 0x2004, 0x2004, 
  0x2004, 0x2004, 0x2004, 0x2004, 0x2004, 0x2004, 0x2004, 0xe71c, 0x8390, 0x5a0b, 0x5a0b, 0xad15, 
  0xe6fc, 0x3908, 0x2004, 0x2004, 0x2004, 0xacf5, 0xf77e, 0x730f, 0x2004, 0x2004, 0x2004, 0x730f, 
  0xe6fc, 0x5a0b, 0x3908, 0x8390, 0xf77e, 0x2886, 0x2004, 0xe71c, 0x38e8, 0x2004, 0x2004, 0x2004, 
  0x3908, 0xe6fc, 0x2004, 0x2004, 0xffff, 0x730f, 0x59eb, 0x5a0b, 0xd67a, 0x8bf2, 0x2004, 0x2004, 
  0x9412, 0xd67a, 0x520b, 0x4989, 0x730f, 0xe6fc, 0x4989, 0x2004, 0x2004, 0x2004, 0x730e, 0xf77e, 
  0x8c12, 0x2004, 0x2004, 0x2004, 0x730f, 0xd67a, 0x5a0b, 0x5a0b, 0x730e, 0xf77e, 0x5a0b, 0x2004, 
  0xad15, 0x9c74, 0x59eb, 0x5a0b, 0x9c74, 0xf77e, 0x4989, 0x2004, 0x2004, 0x2004, 0x2004, 0x2004, 
  0x2004, 0x2004, 0x2004, 0x2004, 0x2004, 0x2004, 0x2004, 0x2004, 0x2004, 0x2004, 0x2004, 0x2004, 
  0x2004, 0x2004, 0x2004, 0x2004, 0x2004, 0x2004, 0x2004, 0x2004, 0x2004, 0x2004, 0x2004, 0x2004, 
  0x2004, 0x1804, 0x1804, 0x4133, 0x4133, 0x4133, 0x4133, 0x4133, 0x4133, 0x4133, 0x4133, 0x4133, 
  0x4133, 0x4133, 0x4133, 0x4133, 0x4133, 0x4133, 0x4133, 0x4133, 0x4133, 0x4133, 0x4133, 0x4133, 
  0x4133, 0xffff, 0x4133, 0x4133, 0x4133, 0x4133, 0x4133, 0x5a15, 0xef3e, 0xacfa, 0x5a15, 0x72d6, 
  0xbd7b, 0xdebd, 0x4133, 0x4133, 0x4133, 0xef3e, 0xacfa, 0x72d6, 0x6276, 0xbd7b, 0xef3e, 0x5194, 
  0x4133, 0x8bb8, 0xe71e, 0x72d6, 0x5a15, 0x9439, 0xef3e, 0x5194, 0x4133, 0x4133, 0x4133, 0x4133, 
  0x4133, 0x4133, 0x4133, 0x4133, 0x4133, 0x4133, 0x4133, 0x4133, 0x4133, 0x4133, 0x4133, 0x4133, 
  0x4133, 0x4133, 0x4133, 0x4133, 0x4133, 0x4133, 0x4133, 0x4133, 0x4133, 0x4133, 0x4133, 0x4133, 
  0x4133, 0x4133, 0x4133, 0x4133, 0x4133, 0x4133, 0x4133, 0x4133, 0x4133, 0x4133, 0x4133, 0x4133, 
  0x4133, 0x4133, 0x4133, 0x4133, 0x2004, 0x2004, 0x2004, 0x2004, 0x2004, 0x2004, 0x2005, 0x2004, 
  0x2004, 0x2004, 0x2004, 0x2004, 0x2005, 0x2004, 0x2004, 0x2005, 0x2004, 0x2004, 0x2004, 0x2004, 
  0x2004, 0x2004, 0x2004, 0x2005, 0x730f, 0xc5f9, 0x2004, 0x2004, 0x2004, 0xad15, 0x72ef, 0x2004, 
  0x2004, 0x2004, 0xe6fc, 0x730f, 0xc5f9, 0x2004, 0x2004, 0x2004, 0x2004, 0x5a0b, 0xe6fc, 0x2004, 
  0x2004, 0x2004, 0x2004, 0x2004, 0x2004, 0x9412, 0x93f2, 0x2004, 0x2004, 0x2004, 0x3908, 0xffff, 
  0x2004, 0x2004, 0x2005, 0x2004, 0x2004, 0x2004, 0xe71c, 0x3908, 0x2005, 0x2004, 0x2886, 0xf77e, 
  0x2004, 0x2886, 0xe6fc, 0x5a0b, 0x2004, 0x8390, 0xbd77, 0x2004, 0x2004, 0x2004, 0x2004, 0x2004, 
  0x2004, 0x2004, 0x2004, 0x2004, 0x2004, 0x2004, 0x2004, 0x2004, 0x2004, 0x2004, 0x2004, 0x2004, 
  0x2004, 0x2004, 0x2004, 0x2004, 0x2004, 0x2004, 0x2004, 0x2004, 0x2004, 0x2004, 0x2004, 0x2004, 
  0x2004, 0x2004, 0x2004, 0x2004, 0x2004, 0x2004, 0x2004, 0x2005, 0x2004, 0x2004, 0x2004, 0x2004, 
  0x2004, 0x2004, 0x2004, 0xe6fc, 0x5a0b, 0x2004, 0x2004, 0x2004, 0x9c74, 0x9c94, 0x2004, 0x2004, 
  0x2004, 0xf77e, 0x730f, 0xc5f9, 0x2004, 0x2004, 0x2004, 0xacf5, 0x730f, 0x2004, 0x2004, 0x2004, 
  0x8390, 0x3908, 0x2004, 0xe6fc, 0x3908, 0x2005, 0x2004, 0x2004, 0x3908, 0xe6fc, 0x2004, 0x2005, 
  0xffff, 0x3908, 0x2004, 0x2004, 0x628d, 0xbd77, 0x2004, 0x3908, 0xe6fc, 0x3908, 0x2004, 0x2004, 
  0x2004, 0x628d, 0xc5f9, 0x2004, 0x2004, 0x2004, 0xd67a, 0x626d, 0xf77e, 0x2004, 0x2004, 0x2004, 
  0x730f, 0xc5f9, 0x2004, 0x2004, 0x2004, 0x9c74, 0x9c94, 0x2004, 0xad15, 0x730f, 0x2004, 0x2004, 
  0x2004, 0x628d, 0xc5f9, 0x2004, 0x2004, 0x2004, 0x2004, 0x2004, 0x2004, 0x2004, 0x2004, 0x2004, 
  0x2004, 0x2004, 0x2004, 0x2004, 0x2004, 0x2004, 0x2004, 0x2004, 0x2004, 0x2004, 0x2004, 0x2004, 
  0x2004, 0x2004, 0x2004, 0x2004, 0x2004, 0x2005, 0x2004, 0x2005, 0x2004, 0x2004, 0x1804, 0x4133, 
  0x4133, 0x4133, 0x4133, 0x4133, 0x4133, 0x4133, 0x4133, 0x4133, 0x4133, 0x4133, 0x4133, 0x4133, 
  0x4133, 0x4133, 0x4133, 0x4133, 0x4133, 0x4133, 0x4133, 0x4133, 0x4133, 0xffff, 0x4133, 0x4133, 
  0x4133, 0x4133, 0x4133, 0xbd7b, 0xbd7b, 0x4133, 0x4133, 0x4133, 0x4133, 0xd65c, 0x8bb8, 0x4133, 
  0x8bb8, 0xbd7b, 0x4133, 0x4133, 0x4133, 0x4133, 0xd65c, 0xa499, 0x4133, 0xbd7b, 0x8bb8, 0x4133, 
  0x4133, 0x4133, 0x9439, 0x5a15, 0x4133, 0x4133, 0x4133, 0x4133, 0x4133, 0x4133, 0x4133, 0x4133, 
  0x4133, 0x4133, 0x4133, 0x4133, 0x4133, 0x4133, 0x4133, 0x4133, 0x4133, 0x4133, 0x4133, 0x4133, 
  0x4133, 0x4133, 0x4133, 0x4133, 0x4133, 0x4133, 0x4133, 0x4133, 0x4133, 0x4133, 0x4133, 0x4133, 
  0x4133, 0x4133, 0x4133, 0x4133, 0x4133, 0x4133, 0x4133, 0x4133, 0x4133, 0x4133, 0x4133, 0x4133, 
  0x2005, 0x2005, 0x2004, 0x2005, 0x2005, 0x2005, 0x2005, 0x2005, 0x2005, 0x2005, 0x2004, 0x2005, 
  0x2005, 0x2005, 0x2005, 0x2005, 0x2004, 0x2005, 0x2005, 0x2005, 0x2005, 0x2005, 0x2005, 0x2005, 
  0x730f, 0xc5f9, 0x2005, 0x2005, 0x3908, 0xe6fc, 0x3908, 0x2004, 0x2004, 0x5a0b, 0xc5f9, 0x2005, 
  0xe71c, 0x5a0b, 0x2005, 0x2004, 0x2005, 0x5a0b, 0xe6fc, 0x2005, 0x2005, 0x2005, 0x2005, 0x2004, 
  0x2005, 0x9412, 0x9412, 0x2004, 0x2005, 0x2004, 0x3908, 0xffff, 0x2005, 0x2005, 0x2005, 0x2004, 
  0x2005, 0x2005, 0xe71c, 0x38e8, 0x2005, 0x2005, 0x3908, 0xffff, 0x2005, 0x2005, 0x5a0b, 0xe6fc, 
  0x3908, 0xe6fc, 0x3908, 0x2005, 0x2005, 0x2005, 0x2004, 0x2004, 0x2005, 0x2005, 0x2005, 0x2005, 
  0x2005, 0x2005, 0x2005, 0x2005, 0x2005, 0x2004, 0x2005, 0x2005, 0x2004, 0x2005, 0x2005, 0x2004, 
  0x2004, 0x2004, 0x2005, 0x2005, 0x2005, 0x2005, 0x2005, 0x2005, 0x2005, 0x2005, 0x2004, 0x2005, 
  0x2005, 0x2005, 0x2005, 0x2004, 0x2004, 0x2004, 0x2004, 0x2005, 0x2005, 0x2005, 0x2004, 0xe71c, 
  0x5a0b, 0x2005, 0x2004, 0x2005, 0x3908, 0xf77e, 0x2005, 0x2005, 0x730f, 0xbd77, 0x2005, 0xf77e, 
  0x2886, 0x2005, 0x2004, 0x8390, 0xd67a, 0x498a, 0x2005, 0x2005, 0x2005, 0x2004, 0x2005, 0xe71c, 
  0x3908, 0x2005, 0x2005, 0x2004, 0x3908, 0xe6fc, 0x2005, 0x2004, 0xffff, 0x3908, 0x2005, 0x2005, 
  0xad15, 0x9c74, 0x2004, 0x8390, 0xacf5, 0x2005, 0x2005, 0x2005, 0x2005, 0x2004, 0xf77e, 0x2886, 
  0x2005, 0x498a, 0xe6fc, 0x2005, 0xcdf9, 0x5a0b, 0x2005, 0x2004, 0x730f, 0xc5f9, 0x2005, 0x2005, 
  0x2005, 0xad15, 0x93f2, 0x2005, 0xad15, 0x730f, 0x2005, 0x2004, 0x2005, 0x2004, 0xf77e, 0x2886, 
  0x2005, 0x2005, 0x2005, 0x2005, 0x2005, 0x2005, 0x2005, 0x2005, 0x2005, 0x2005, 0x2005, 0x2005, 
  0x2005, 0x2005, 0x2005, 0x2004, 0x2005, 0x2005, 0x2005, 0x2005, 0x2005, 0x2005, 0x2005, 0x2005, 
  0x2005, 0x2005, 0x2005, 0x2005, 0x2004, 0x2004, 0x1804, 0x4133, 0x4133, 0x4133, 0x4133, 0x4133, 
  0x4133, 0x4133, 0x4133, 0x4133, 0x4133, 0x4133, 0x4133, 0x4133, 0x4133, 0x4133, 0x4133, 0x4133, 
  0x4133, 0x4133, 0x4133, 0x4133, 0x4133, 0xffff, 0x4133, 0x4133, 0x4133, 0x4133, 0x4133, 0xdebd, 
  0x6276, 0x4133, 0x4133, 0x4133, 0x4133, 0x8bb8, 0xbd7b, 0x4133, 0xd65c, 0x7b57, 0x4133, 0x4133, 
  0x4133, 0x4133, 0x4133, 0x4133, 0x4133, 0x9439, 0xdebd, 0x6a76, 0x4133, 0x4133, 0x4133, 0x4133, 
  0x4133, 0x4133, 0x4133, 0x4133, 0x4133, 0x4133, 0x4133, 0x4133, 0x4133, 0x4133, 0x4133, 0x4133, 
  0x4133, 0x4133, 0x4133, 0x4133, 0x4133, 0x4133, 0x4133, 0x4133, 0x4133, 0x4133, 0x4133, 0x4133, 
  0x4133, 0x4133, 0x4133, 0x4133, 0x4133, 0x4133, 0x4133, 0x4133, 0x4133, 0x4133, 0x4133, 0x4133, 
  0x4133, 0x4133, 0x4133, 0x4133, 0x4133, 0x4133, 0x4133, 0x4133, 0x2005, 0x2005, 0x2005, 0x2005, 
  0x2005, 0x2005, 0x2005, 0x2005, 0x2005, 0x2005, 0x2005, 0x2005, 0x2005, 0x2005, 0x2005, 0x2005, 
  0x2005, 0x2005, 0x2005, 0x2005, 0x2005, 0x2005, 0x2005, 0x2005, 0x730f, 0xffff, 0xe71c, 0xe71c, 
  0xffff, 0xacf5, 0x2005, 0x2005, 0x2005, 0xad15, 0x72ef, 0x2005, 0x93f2, 0x93f2, 0x2005, 0x2005, 
  0x2005, 0x5a0b, 0xe6fc, 0x2005, 0x2005, 0x2005, 0x2005, 0x2005, 0x2005, 0x93f2, 0x93f2, 0x2005, 
  0x2005, 0x2005, 0x3908, 0xffff, 0xe71c, 0xe71c, 0xe6fc, 0xc619, 0x2005, 0x2005, 0xe6fc, 0x8390, 
  0x730f, 0x730f, 0xd67a, 0x9c74, 0x2005, 0x2005, 0x2005, 0xbd77, 0xf77e, 0x93f2, 0x2005, 0x2005, 
  0x2005, 0x2005, 0x2005, 0x2005, 0x2005, 0x2005, 0x2005, 0x2005, 0x2005, 0x2005, 0x2005, 0x2005, 
  0x2005, 0x2005, 0x2005, 0x2005, 0x2005, 0x2005, 0x2005, 0x2005, 0x2005, 0x2005, 0x2005, 0x2005, 
  0x2005, 0x2005, 0x2005, 0x2005, 0x2005, 0x2005, 0x2005, 0x2005, 0x2005, 0x2005, 0x2005, 0x2005, 
  0x2005, 0x2005, 0x2005, 0x2005, 0x2005, 0x2005, 0x2005, 0xe71c, 0x5a0b, 0x2005, 0x2005, 0x2005, 
  0x2005, 0xffff, 0x2005, 0x2005, 0xce19, 0x628d, 0x2005, 0x9c94, 0x9412, 0x2005, 0x2005, 0x2005, 
  0x730f, 0xd67a, 0xe6fc, 0xacf5, 0x3908, 0x2005, 0x2005, 0xe6fc, 0xe71c, 0xe6fc, 0xe71c, 0xe71c, 
  0xe6fc, 0xe6fc, 0x2005, 0x2005, 0xffff, 0xe6fc, 0xe71c, 0xf77e, 0xd67a, 0x3908, 0x2005, 0x93f2, 
  0x9412, 0x2005, 0x2005, 0x2005, 0x2005, 0x2005, 0xe71c, 0x3908, 0x2005, 0xad15, 0x9c74, 0x2005, 
  0x8370, 0xacf5, 0x2005, 0x2005, 0x730f, 0xe6fc, 0x730f, 0x730f, 0x9412, 0xe6fc, 0x3908, 0x2005, 
  0xad15, 0x730f, 0x2005, 0x2005, 0x2005, 0x2005, 0xe71c, 0x3908, 0x2005, 0x2005, 0x2005, 0x2005, 
  0x2005, 0x2005, 0x2005, 0x2005, 0x2005, 0x2005, 0x2005, 0x2005, 0x2005, 0x2005, 0x2005, 0x2005, 
  0x2005, 0x2005, 0x2005, 0x2005, 0x2005, 0x2005, 0x2005, 0x2005, 0x2005, 0x2005, 0x2005, 0x2005, 
  0x2005, 0x2004, 0x1804, 0x4133, 0x4133, 0x4133, 0x4133, 0x4133, 0x4133, 0x4133, 0x4133, 0x4133, 
  0x4133, 0x4133, 0x4133, 0x4133, 0x4133, 0x4133, 0x4133, 0x4133, 0x4133, 0x4133, 0x4133, 0x4133, 
  0x4133, 0xffff, 0x4133, 0x4133, 0x4133, 0x4133, 0x4133, 0xef3e, 0x5a15, 0x4133, 0x4133, 0x4133, 
  0x4133, 0x72f6, 0xd65c, 0x4133, 0xd65c, 0x72d6, 0x4133, 0x4133, 0x72d6, 0x8bb8, 0x8bb8, 0x72d6, 
  0x4133, 0x4133, 0x8bb8, 0xdebd, 0xef3e, 0xbd7b, 0x5a15, 0x4133, 0x4133, 0x4133, 0x4133, 0x4133, 
  0x4133, 0x4133, 0x4133, 0x4133, 0x4133, 0x4133, 0x4133, 0x4133, 0x4133, 0x4133, 0x4133, 0x4133, 
  0x4133, 0x4133, 0x4133, 0x4133, 0x4133, 0x4133, 0x4133, 0x4133, 0x4133, 0x4133, 0x4133, 0x4133, 
  0x4133, 0x4133, 0x4133, 0x4133, 0x4133, 0x4133, 0x4133, 0x4133, 0x4133, 0x4133, 0x4133, 0x4133, 
  0x4133, 0x4133, 0x4133, 0x4133, 0x2005, 0x2005, 0x2005, 0x2005, 0x2005, 0x2005, 0x2005, 0x2005, 
  0x2005, 0x2005, 0x2005, 0x2005, 0x2005, 0x2005, 0x2005, 0x2005, 0x2005, 0x2005, 0x2005, 0x2005, 
  0x2005, 0x2005, 0x2005, 0x2005, 0x730f, 0xc5f9, 0x2005, 0x2005, 0x3908, 0xd67a, 0x8390, 0x2005, 
  0x3086, 0xffff, 0x9412, 0x730f, 0x8390, 0xf77e, 0x2005, 0x2005, 0x2005, 0x5a0b, 0xe6fc, 0x2005, 
  0x2005, 0x2005, 0x2005, 0x2005, 0x2005, 0x93f2, 0x9412, 0x2005, 0x2005, 0x2005, 0x3908, 0xffff, 
  0x38e8, 0x38e8, 0x3908, 0x38e8, 0x2005, 0x2005, 0xe71c, 0xbd77, 0xacf5, 0xe6fc, 0xbd77, 0x2005, 
  0x2005, 0x2005, 0x2005, 0x498a, 0xffff, 0x2005, 0x2005, 0x2005, 0x2005, 0x2005, 0x2005, 0x2005, 
  0x2005, 0x2005, 0x2005, 0x2005, 0x2005, 0x2005, 0x2005, 0x2005, 0x2005, 0x2005, 0x2005, 0x2005, 
  0x2005, 0x2005, 0x2005, 0x2005, 0x2005, 0x2005, 0x2005, 0x2005, 0x2005, 0x2005, 0x2005, 0x2005, 
  0x2005, 0x2005, 0x2005, 0x2005, 0x2005, 0x2005, 0x2005, 0x2005, 0x2005, 0x2005, 0x2005, 0x2005, 
  0x2005, 0x2005, 0x2005, 0xe71c, 0x59eb, 0x2005, 0x2005, 0x2005, 0x2886, 0xf77e, 0x2005, 0x3908, 
  0xffff, 0x730f, 0x730f, 0x9c94, 0xc5f9, 0x2005, 0x2005, 0x2005, 0x2005, 0x2005, 0x3908, 0x8390, 
  0xf77e, 0x2886, 0x2005, 0xe71c, 0x5a0b, 0x3908, 0x3908, 0x3908, 0x5a0b, 0xe6fc, 0x2005, 0x2005, 
  0xffff, 0x38e8, 0x2005, 0x2886, 0x93f2, 0xc5f9, 0x2005, 0x8370, 0x9c94, 0x2005, 0x2005, 0x2005, 
  0x2005, 0x2005, 0xf77e, 0x3908, 0x2005, 0xe6fc, 0x9412, 0x730f, 0x8390, 0xf77e, 0x2886, 0x2005, 
  0x730f, 0xe6fc, 0xacf5, 0xbd77, 0xffff, 0x498a, 0x2005, 0x2005, 0xad15, 0x72ef, 0x2005, 0x2005, 
  0x2005, 0x2005, 0xf77e, 0x3908, 0x2005, 0x2005, 0x2005, 0x2005, 0x2005, 0x2005, 0x2005, 0x2005, 
  0x2005, 0x2005, 0x2005, 0x2005, 0x2005, 0x2005, 0x2005, 0x2005, 0x2005, 0x2005, 0x2005, 0x2005, 
  0x2005, 0x2005, 0x2005, 0x2005, 0x2005, 0x2005, 0x2005, 0x2005, 0x2005, 0x2005, 0x1804, 0x30ad, 
  0x4133, 0x4133, 0x4133, 0x4133, 0x4133, 0x4133, 0x4133, 0x4133, 0x4133, 0x4133, 0x4133, 0x4133, 
  0x4133, 0x4133, 0x4133, 0x4133, 0x4133, 0x4133, 0x4133, 0x4133, 0x4133, 0xffff, 0x4133, 0x4133, 
  0x4133, 0x4133, 0x4133, 0xef3e, 0x5a15, 0x4133, 0x4133, 0x4133, 0x4133, 0x8357, 0xd65c, 0x4133, 
  0xc5dc, 0x7b57, 0x4133, 0x4133, 0x8bb8, 0xbd7b, 0xd65c, 0xbd7b, 0x4133, 0x4133, 0x4133, 0x4133, 
  0x5a15, 0xa499, 0xf79f, 0x5194, 0x4133, 0x4133, 0x4133, 0x4133, 0x4133, 0x4133, 0x4133, 0x4133, 
  0x4133, 0x4133, 0x4133, 0x4133, 0x4133, 0x4133, 0x4133, 0x4133, 0x4133, 0x4133, 0x4133, 0x4133, 
  0x4133, 0x4133, 0x4133, 0x4133, 0x4133, 0x4133, 0x4133, 0x4133, 0x4133, 0x4133, 0x4133, 0x4133, 
  0x4133, 0x4133, 0x4133, 0x4133, 0x4133, 0x4133, 0x4133, 0x4133, 0x4133, 0x4133, 0x4133, 0x4133, 
  0x2005, 0x2005, 0x2005, 0x2005, 0x2005, 0x2005, 0x2005, 0x2005, 0x2005, 0x2005, 0x2005, 0x2005, 
  0x2005, 0x2005, 0x2005, 0x2005, 0x2005, 0x2005, 0x2005, 0x2005, 0x2005, 0x2005, 0x2005, 0x2005, 
  0x730f, 0xc5f9, 0x2005, 0x2005, 0x2005, 0x628d, 0xbd77, 0x2005, 0x730f, 0xd67a, 0x93f2, 0x9412, 
  0x93f2, 0xd67a, 0x5a0b, 0x2005, 0x2005, 0x5a0b, 0xe6fc, 0x2005, 0x2005, 0x2005, 0x2005, 0x2005, 
  0x2005, 0x93f2, 0x9412, 0x2005, 0x2005, 0x2005, 0x3908, 0xffff, 0x2005, 0x2005, 0x2005, 0x2005, 
  0x2005, 0x2005, 0xe71c, 0x38e8, 0x2005, 0x5a0b, 0xf77e, 0x3086, 0x2005, 0x2005, 0x2005, 0x3908, 
  0xffff, 0x2005, 0x2005, 0x2005, 0x2005, 0x2005, 0x2005, 0x2005, 0x2005, 0x2005, 0x2005, 0x2005, 
  0x2005, 0x2005, 0x2005, 0x2005, 0x2005, 0x2005, 0x2005, 0x2005, 0x2005, 0x2005, 0x2005, 0x2005, 
  0x2005, 0x2005, 0x2005, 0x2005, 0x2005, 0x2005, 0x2005, 0x2005, 0x2005, 0x2005, 0x2005, 0x2005, 
  0x2005, 0x2005, 0x2005, 0x2005, 0x2005, 0x2005, 0x2005, 0x2005, 0x2005, 0x2005, 0x2005, 0xe6fc, 
  0x5a0b, 0x2005, 0x2005, 0x2005, 0x730f, 0xc5f9, 0x2005, 0x730f, 0xcdf9, 0x9412, 0x9412, 0x9412, 
  0xf77e, 0x5a0b, 0x2005, 0x498a, 0x2886, 0x2005, 0x2005, 0x2005, 0xacf5, 0x730f, 0x2005, 0xe6fc, 
  0x38e8, 0x2005, 0x2005, 0x2005, 0x3908, 0xe6fc, 0x2005, 0x2005, 0xffff, 0x38e8, 0x2005, 0x2005, 
  0x2005, 0xf77e, 0x3086, 0x5a0b, 0xf77e, 0x2005, 0x2005, 0x2005, 0x2005, 0x498a, 0xe6fc, 0x2005, 
  0x5a0b, 0xe6fc, 0x9412, 0x93f2, 0x9412, 0xd67a, 0x8391, 0x2005, 0x730f, 0xcdf9, 0x2005, 0x2005, 
  0xbd77, 0x9412, 0x2005, 0x2005, 0xacf5, 0x730f, 0x2005, 0x2005, 0x2005, 0x498a, 0xe6fc, 0x2005, 
  0x2005, 0x2005, 0x2005, 0x2005, 0x2005, 0x2005, 0x2005, 0x2005, 0x2005, 0x2005, 0x2005, 0x2005, 
  0x2005, 0x2005, 0x2005, 0x2005, 0x2005, 0x2005, 0x2005, 0x2005, 0x2005, 0x2005, 0x2005, 0x2005, 
  0x2005, 0x2005, 0x2005, 0x2005, 0x2005, 0x2005, 0x2004, 0x1804, 0x38cf, 0x4133, 0x4133, 0x4133, 
  0x4133, 0x4133, 0x4133, 0x4133, 0x4133, 0x4133, 0x4133, 0x4134, 0x4133, 0x4133, 0x4133, 0x4133, 
  0x4134, 0x4133, 0x4133, 0x4133, 0x4133, 0xffff, 0x4133, 0x4134, 0x4134, 0x4134, 0x4133, 0xbd7b, 
  0xa499, 0x4133, 0x4133, 0x4133, 0x4133, 0xbd7b, 0x9439, 0x4133, 0xa499, 0xbd7b, 0x4133, 0x4133, 
  0x4133, 0x4133, 0xbd7b, 0xacfa, 0x4134, 0x6a76, 0x5194, 0x4133, 0x4133, 0x4133, 0xbd7b, 0x8bb8, 
  0x4133, 0x4133, 0x4133, 0x4133, 0x4133, 0x4133, 0x4133, 0x4133, 0x4133, 0x4133, 0x4133, 0x4134, 
  0x4133, 0x4134, 0x4133, 0x4133, 0x4133, 0x4133, 0x4133, 0x4133, 0x4133, 0x4133, 0x4133, 0x4133, 
  0x4133, 0x4133, 0x4133, 0x4133, 0x4133, 0x4133, 0x4133, 0x4133, 0x4133, 0x4133, 0x4133, 0x4133, 
  0x4133, 0x4133, 0x4133, 0x4133, 0x4133, 0x4133, 0x4133, 0x4133, 0x2005, 0x2005, 0x2005, 0x2005, 
  0x2005, 0x2005, 0x2005, 0x2005, 0x2005, 0x2005, 0x2005, 0x2005, 0x2005, 0x2005, 0x2005, 0x2005, 
  0x2005, 0x2005, 0x2005, 0x2005, 0x2005, 0x2005, 0x2005, 0x2005, 0x730f, 0xcdf9, 0x2005, 0x2005, 
  0x3086, 0xbd77, 0x9c94, 0x2005, 0xcdf9, 0x72ef, 0x2005, 0x2005, 0x2005, 0x8371, 0xacf5, 0x2005, 
  0x2005, 0x5a0c, 0xe6fc, 0x2005, 0x2005, 0x2005, 0x2005, 0x2005, 0x2005, 0x93f2, 0x9412, 0x2005, 
  0x2005, 0x2005, 0x3908, 0xffff, 0x2005, 0x2005, 0x2005, 0x2005, 0x2005, 0x2005, 0xe71c, 0x3908, 
  0x2005, 0x2005, 0xcdf9, 0x93f2, 0x2005, 0x2005, 0x2005, 0x3908, 0xffff, 0x2005, 0x2005, 0x2005, 
  0x2005, 0x2005, 0x2005, 0x2005, 0x2005, 0x2005, 0x2005, 0x2005, 0x2005, 0x2005, 0x2005, 0x2005, 
  0x2005, 0x2005, 0x2005, 0x2005, 0x2005, 0x2005, 0x2005, 0x2005, 0x2005, 0x2005, 0x2005, 0x2005, 
  0x2005, 0x2005, 0x2005, 0x2005, 0x2005, 0x2005, 0x2005, 0x2005, 0x2005, 0x2005, 0x2005, 0x2005, 
  0x2005, 0x2005, 0x2005, 0x2005, 0x2005, 0x2005, 0x2005, 0xe71c, 0x59ec, 0x2005, 0x2005, 0x5a0c, 
  0xf77e, 0x3908, 0x2005, 0xe6fc, 0x5a0b, 0x2005, 0x2005, 0x2005, 0x9412, 0x9c94, 0x2005, 0xcdf9, 
  0x9c74, 0x2005, 0x2005, 0x3908, 0xe6fc, 0x5a0b, 0x2005, 0xe6fc, 0x3908, 0x2005, 0x2005, 0x2005, 
  0x3908, 0xe6fc, 0x2005, 0x2005, 0xffff, 0x3908, 0x2005, 0x2005, 0x5a0b, 0xe6fc, 0x2005, 0x2005, 
  0xcdf9, 0x9412, 0x2005, 0x2005, 0x3908, 0xe6fc, 0x730f, 0x2005, 0xad16, 0x730f, 0x2005, 0x2005, 
  0x2005, 0x6a8d, 0xcdf9, 0x2005, 0x730f, 0xcdf9, 0x2005, 0x2005, 0x3908, 0xf77e, 0x3908, 0x2005, 
  0xacf6, 0x730f, 0x2005, 0x2005, 0x5a0b, 0xe6fc, 0x730f, 0x2005, 0x2005, 0x2005, 0x2005, 0x2005, 
  0x2005, 0x2005, 0x2005, 0x2005, 0x2005, 0x2005, 0x2005, 0x2005, 0x2005, 0x2005, 0x2005, 0x2005, 
  0x2005, 0x2005, 0x2005, 0x2005, 0x2005, 0x2005, 0x2005, 0x2005, 0x2005, 0x2005, 0x2005, 0x2005, 
  0x2005, 0x2005, 0x2004, 0x1804, 0x2005, 0x4112, 0x4133, 0x4134, 0x4133, 0x4133, 0x4133, 0x4134, 
  0x4134, 0x4133, 0x4133, 0x4134, 0x4133, 0x4134, 0x4133, 0x4133, 0x4133, 0x4133, 0x4133, 0x4133, 
  0x4134, 0xffff, 0x4134, 0x4134, 0x4134, 0x4134, 0x4134, 0x6a76, 0xe73e, 0x7b57, 0x4133, 0x4133, 
  0x9439, 0xe71e, 0x5a15, 0x4133, 0x5194, 0xf79f, 0x9439, 0x4134, 0x4134, 0x72f6, 0xf79f, 0x5a15, 
  0x4134, 0xd65c, 0xacfa, 0x4134, 0x4133, 0x5a15, 0xef3e, 0x72d6, 0x4133, 0x4133, 0x4134, 0x4134, 
  0x4133, 0x4133, 0x4134, 0x4133, 0x4133, 0x4133, 0x4134, 0x4133, 0x4134, 0x4133, 0x4134, 0x4134, 
  0x4134, 0x4134, 0x4134, 0x4133, 0x4133, 0x4134, 0x4134, 0x4134, 0x4133, 0x4134, 0x4134, 0x4134, 
  0x4134, 0x4134, 0x4134, 0x4133, 0x4133, 0x4134, 0x4134, 0x4133, 0x4134, 0x4134, 0x4134, 0x4133, 
  0x4134, 0x4133, 0x4133, 0x4133, 0x2005, 0x2005, 0x2005, 0x2005, 0x2005, 0x2005, 0x2005, 0x2005, 
  0x2005, 0x2005, 0x2005, 0x2005, 0x2005, 0x2005, 0x2005, 0x2005, 0x2005, 0x2005, 0x2005, 0x2005, 
  0x2005, 0x2005, 0x2005, 0x2005, 0x730f, 0xffff, 0xffff, 0xffff, 0xf77e, 0xcdf9, 0x3087, 0x3908, 
  0xf77e, 0x2005, 0x2005, 0x2005, 0x2005, 0x3087, 0xf77e, 0x3087, 0x2005, 0x5a0c, 0xe6fc, 0x2005, 
  0x2005, 0x2005, 0x2005, 0x2005, 0x2005, 0x93f2, 0x9412, 0x2005, 0x2005, 0x2005, 0x3908, 0xffff, 
  0xffff, 0xffff, 0xffff, 0xffff, 0x5a0c, 0x2005, 0xe71c, 0x3908, 0x2005, 0x2005, 0x3908, 0xf77e, 
  0x3908, 0x2005, 0x2005, 0x3908, 0xffff, 0x2005, 0x2005, 0x2005, 0x2005, 0x2005, 0x2005, 0x2005, 
  0x2005, 0x2005, 0x2005, 0x2005, 0x2005, 0x2005, 0x2005, 0x2005, 0x2005, 0x2005, 0x2005, 0x2005, 
  0x2005, 0x2005, 0x2005, 0x2005, 0x2005, 0x2005, 0x2005, 0x2005, 0x2005, 0x2005, 0x2005, 0x2005, 
  0x2005, 0x2005, 0x2005, 0x2005, 0x2005, 0x2005, 0x2005, 0x2005, 0x2005, 0x2005, 0x2005, 0x2005, 
  0x2005, 0x2005, 0x2005, 0xe71c, 0xffff, 0xffff, 0xf77e, 0xcdf9, 0x59ec, 0x2005, 0x498a, 0xe6fc, 
  0x2005, 0x2005, 0x2005, 0x2005, 0x5a0c, 0xf77e, 0x2005, 0x3908, 0xd67a, 0xf77e, 0xd67a, 0xf77e, 
  0x8371, 0x2005, 0x2005, 0xe71c, 0x38e8, 0x2005, 0x2005, 0x2005, 0x3908, 0xe6fc, 0x2005, 0x2005, 
  0xffff, 0xffff, 0xffff, 0xffff, 0xcdf9, 0x498a, 0x2005, 0x2005, 0x3087, 0xacf5, 0xffff, 0xe6fc, 
  0xf77e, 0x8371, 0x2005, 0x3087, 0xffff, 0x3908, 0x2005, 0x2005, 0x2005, 0x3087, 0xf77e, 0x3087, 
  0x730f, 0xcdf9, 0x2005, 0x2005, 0x2005, 0x9c74, 0xacf6, 0x2005, 0xad16, 0xffff, 0xffff, 0xffff, 
  0xcdf9, 0x628d, 0x2005, 0x2005, 0x2005, 0x2005, 0x2005, 0x2005, 0x2005, 0x2005, 0x2005, 0x2005, 
  0x2005, 0x2005, 0x2005, 0x2005, 0x2005, 0x2005, 0x2005, 0x2005, 0x2005, 0x2005, 0x2005, 0x2005, 
  0x2005, 0x2005, 0x2005, 0x2005, 0x2005, 0x2005, 0x2005, 0x2005, 0x2005, 0x2005, 0x2005, 0x1804, 
  0x1804, 0x2026, 0x4112, 0x4134, 0x4134, 0x4134, 0x4134, 0x4134, 0x4134, 0x4134, 0x4134, 0x4134, 
  0x4134, 0x4134, 0x4134, 0x4134, 0x4134, 0x4134, 0x4134, 0x4134, 0x4134, 0xffff, 0xffff, 0xffff, 
  0xffff, 0xffff, 0x5a15, 0x4134, 0x72d7, 0xe71e, 0xf79f, 0xf79f, 0xd65c, 0x5a15, 0x4134, 0x4134, 
  0x4134, 0x5a15, 0xdebd, 0xf79f, 0xef3e, 0xe71e, 0x7b57, 0x4134, 0x4134, 0x5a15, 0xdebd, 0xf79f, 
  0xdebd, 0xf79f, 0x9419, 0x4134, 0x4134, 0x4134, 0x4134, 0x4134, 0x4134, 0x4134, 0x4134, 0x4134, 
  0x4134, 0x4134, 0x4134, 0x4134, 0x4134, 0x4134, 0x4134, 0x4134, 0x4134, 0x4134, 0x4134, 0x4134, 
  0x4134, 0x4134, 0x4134, 0x4134, 0x4134, 0x4134, 0x4134, 0x4134, 0x4134, 0x4134, 0x4134, 0x4134, 
  0x4134, 0x4134, 0x4134, 0x4134, 0x4134, 0x4134, 0x4134, 0x4134, 0x4134, 0x4134, 0x4134, 0x4134, 
  0x2005, 0x2005, 0x2005, 0x2005, 0x2005, 0x2005, 0x2005, 0x2005, 0x2005, 0x2005, 0x2005, 0x2005, 
  0x2005, 0x2005, 0x2005, 0x2005, 0x2005, 0x2005, 0x2005, 0x2005, 0x2005, 0x2005, 0x2005, 0x2005, 
  0x2005, 0x2005, 0x2005, 0x2005, 0x2005, 0x2005, 0x2005, 0x2005, 0x2005, 0x2005, 0x2005, 0x2005, 
  0x2005, 0x2005, 0x2005, 0x2005, 0x2005, 0x2005, 0x2005, 0x2005, 0x2005, 0x2005, 0x2005, 0x2005, 
  0x2005, 0x2005, 0x2005, 0x2005, 0x2005, 0x2005, 0x2005, 0x2005, 0x2005, 0x2005, 0x2005, 0x2005, 
  0x2005, 0x2005, 0x2005, 0x2005, 0x2005, 0x2005, 0x2005, 0x2005, 0x2005, 0x2005, 0x2005, 0x2005, 
  0x2005, 0x2005, 0x2005, 0x2005, 0x2005, 0x2005, 0x2005, 0x2005, 0x2005, 0x2005, 0x2005, 0x2005, 
  0x2005, 0x2005, 0x2005, 0x2005, 0x2005, 0x2005, 0x2005, 0x2005, 0x2005, 0x2005, 0x2005, 0x2005, 
  0x2005, 0x2005, 0x2005, 0x2005, 0x2005, 0x2005, 0x2005, 0x2005, 0x2005, 0x2005, 0x2005, 0x2005, 
  0x2005, 0x2005, 0x2005, 0x2005, 0x2005, 0x2005, 0x2005, 0x2005, 0x2005, 0x2005, 0x2005, 0x2005, 
  0x2005, 0x2005, 0x2005, 0x2005, 0x2005, 0x2005, 0x2005, 0x2005, 0x2005, 0x2005, 0x2005, 0x2005, 
  0x2005, 0x2005, 0x2005, 0x2005, 0x2005, 0x3087, 0x3908, 0x3087, 0x2005, 0x2005, 0x2005, 0x2005, 
  0x2005, 0x2005, 0x2005, 0x2005, 0x2005, 0x2005, 0x2005, 0x2005, 0x2005, 0x2005, 0x2005, 0x2005, 
  0x2005, 0x2005, 0x2005, 0x2005, 0x2005, 0x2005, 0x3087, 0x38e8, 0x2005, 0x2005, 0x2005, 0x2005, 
  0x2005, 0x2005, 0x2005, 0x2005, 0x2005, 0x2005, 0x2005, 0x2005, 0x2005, 0x2005, 0x2005, 0x2005, 
  0x2005, 0x2005, 0x2005, 0x2005, 0x2005, 0x2005, 0x2005, 0x2005, 0x2005, 0x2005, 0x2005, 0x2005, 
  0x2005, 0x2005, 0x2005, 0x2005, 0x2005, 0x2005, 0x2005, 0x2005, 0x2005, 0x2005, 0x2005, 0x2005, 
  0x2005, 0x2005, 0x2005, 0x2005, 0x2005, 0x2005, 0x2005, 0x2005, 0x2005, 0x2005, 0x2005, 0x2005, 
  0x2005, 0x2005, 0x2005, 0x2005, 0x2005, 0x2005, 0x2005, 0x2005, 0x1804, 0x1804, 0x2047, 0x4113, 
  0x4134, 0x4134, 0x4134, 0x4134, 0x4134, 0x4134, 0x4134, 0x4134, 0x4134, 0x4134, 0x4134, 0x4134, 
  0x4134, 0x4134, 0x4134, 0x4134, 0x4134, 0x4134, 0x4134, 0x4134, 0x4134, 0x4134, 0x4134, 0x4134, 
  0x4134, 0x4134, 0x5194, 0x5194, 0x4134, 0x4134, 0x4134, 0x4134, 0x4134, 0x4134, 0x4134, 0x5194, 
  0x5a15, 0x4134, 0x4134, 0x4134, 0x4134, 0x4134, 0x4134, 0x5194, 0x5a15, 0x5194, 0x4134, 0x4134, 
  0x4134, 0x4134, 0x4134, 0x4134, 0x4134, 0x4134, 0x4134, 0x4134, 0x4134, 0x4134, 0x4134, 0x4134, 
  0x4134, 0x4134, 0x4134, 0x4134, 0x4134, 0x4134, 0x4134, 0x4134, 0x4134, 0x4134, 0x4134, 0x4134, 
  0x4134, 0x4134, 0x4134, 0x4134, 0x4134, 0x4134, 0x4134, 0x4134, 0x4134, 0x4134, 0x4134, 0x4134, 
  0x4134, 0x4134, 0x4134, 0x4134, 0x4134, 0x4134, 0x4134, 0x4134, 0x2005, 0x2005, 0x2005, 0x2005, 
  0x2005, 0x2005, 0x2005, 0x2005, 0x2005, 0x2005, 0x2005, 0x2005, 0x2005, 0x2005, 0x2005, 0x2005, 
  0x2005, 0x2005, 0x2005, 0x2005, 0x2005, 0x2005, 0x2005, 0x2005, 0x2005, 0x2005, 0x2005, 0x2005, 
  0x2005, 0x2005, 0x2005, 0x2005, 0x2005, 0x2005, 0x2005, 0x2005, 0x2005, 0x2005, 0x2005, 0x2005, 
  0x2005, 0x2005, 0x2005, 0x2005, 0x2005, 0x2005, 0x2005, 0x2005, 0x2005, 0x2005, 0x2005, 0x2005, 
  0x2005, 0x2005, 0x2005, 0x2005, 0x2005, 0x2005, 0x2005, 0x2005, 0x2005, 0x2005, 0x2005, 0x2005, 
  0x2005, 0x2005, 0x2005, 0x2005, 0x2005, 0x2005, 0x2005, 0x2005, 0x2005, 0x2005, 0x2005, 0x2005, 
  0x2005, 0x2005, 0x2005, 0x2005, 0x2005, 0x2005, 0x2005, 0x2005, 0x2005, 0x2005, 0x2005, 0x2005, 
  0x2005, 0x2005, 0x2005, 0x2005, 0x2005, 0x2005, 0x2005, 0x2005, 0x2005, 0x2005, 0x2005, 0x2005, 
  0x2005, 0x2005, 0x2005, 0x2005, 0x2005, 0x2005, 0x2005, 0x2005, 0x2005, 0x2005, 0x2005, 0x2005, 
  0x2005, 0x2005, 0x2005, 0x2005, 0x2005, 0x2005, 0x2005, 0x2005, 0x2005, 0x2005, 0x2005, 0x2005, 
  0x2005, 0x2005, 0x2005, 0x2005, 0x2005, 0x2005, 0x2005, 0x2005, 0x2005, 0x2005, 0x2005, 0x2005, 
  0x2005, 0x2005, 0x2005, 0x2005, 0x2005, 0x2005, 0x2005, 0x2005, 0x2005, 0x2005, 0x2005, 0x2005, 
  0x2005, 0x2005, 0x2005, 0x2005, 0x2005, 0x2005, 0x2005, 0x2005, 0x2005, 0x2005, 0x2005, 0x2005, 
  0x2005, 0x2005, 0x2005, 0x2005, 0x2005, 0x2005, 0x2005, 0x2005, 0x2005, 0x2005, 0x2005, 0x2005, 
  0x2005, 0x2005, 0x2005, 0x2005, 0x2005, 0x2005, 0x2005, 0x2005, 0x2005, 0x2005, 0x2005, 0x2005, 
  0x2005, 0x2005, 0x2005, 0x2005, 0x2005, 0x2005, 0x2005, 0x2005, 0x2005, 0x2005, 0x2005, 0x2005, 
  0x2005, 0x2005, 0x2005, 0x2005, 0x2005, 0x2005, 0x2005, 0x2005, 0x2005, 0x2005, 0x2005, 0x2005, 
  0x2005, 0x2005, 0x2005, 0x2005, 0x2005, 0x2005, 0x2005, 0x2005, 0x2005, 0x2005, 0x2005, 0x2005, 
  0x2005, 0x2005, 0x2005, 0x2005, 0x1804, 0x1804, 0x1804, 0x286a, 0x4134, 0x4134, 0x4134, 0x4134, 
  0x4134, 0x4134, 0x4134, 0x4134, 0x4134, 0x4134, 0x4134, 0x4134, 0x4134, 0x4134, 0x4134, 0x4134, 
  0x4134, 0x4134, 0x4134, 0x4134, 0x4134, 0x4134, 0x4134, 0x4134, 0x4134, 0x4134, 0x4134, 0x4134, 
  0x4134, 0x4134, 0x4134, 0x4134, 0x4134, 0x4134, 0x4134, 0x4134, 0x4134, 0x4134, 0x4134, 0x4134, 
  0x4134, 0x4134, 0x4134, 0x4134, 0x4134, 0x4134, 0x4134, 0x4134, 0x4134, 0x4134, 0x4134, 0x4134, 
  0x4134, 0x4134, 0x4134, 0x4134, 0x4134, 0x4134, 0x4134, 0x4134, 0x4134, 0x4134, 0x4134, 0x4134, 
  0x4134, 0x4134, 0x4134, 0x4134, 0x4134, 0x4134, 0x4134, 0x4134, 0x4134, 0x4134, 0x4134, 0x4134, 
  0x4134, 0x4134, 0x4134, 0x4134, 0x4134, 0x4134, 0x4134, 0x4134, 0x4134, 0x4134, 0x4134, 0x4134, 
  0x4134, 0x4134, 0x4134, 0x4134, 0x2005, 0x2005, 0x2005, 0x2005, 0x2005, 0x2005, 0x2005, 0x2005, 
  0x2005, 0x2005, 0x2005, 0x2005, 0x2005, 0x2005, 0x2005, 0x2005, 0x2005, 0x2005, 0x2005, 0x2005, 
  0x2005, 0x2005, 0x2005, 0x2005, 0x2005, 0x2005, 0x2005, 0x2005, 0x2005, 0x2005, 0x2005, 0x2005, 
  0x2005, 0x2005, 0x2005, 0x2005, 0x2005, 0x2005, 0x2005, 0x2005, 0x2005, 0x2005, 0x2005, 0x2005, 
  0x2005, 0x2005, 0x2005, 0x2005, 0x2005, 0x2005, 0x2005, 0x2005, 0x2005, 0x2005, 0x2005, 0x2005, 
  0x2005, 0x2005, 0x2005, 0x2005, 0x2005, 0x2005, 0x2005, 0x2005, 0x2005, 0x2005, 0x2005, 0x2005, 
  0x2005, 0x2005, 0x2005, 0x2005, 0x2005, 0x2005, 0x2005, 0x2005, 0x2005, 0x2005, 0x2005, 0x2005, 
  0x2005, 0x2005, 0x2005, 0x2005, 0x2005, 0x2005, 0x2005, 0x2005, 0x2005, 0x2005, 0x2005, 0x2005, 
  0x2005, 0x2005, 0x2005, 0x2005, 0x2005, 0x2005, 0x2005, 0x2005, 0x2005, 0x2005, 0x2005, 0x2005, 
  0x2005, 0x2005, 0x2005, 0x2005, 0x2005, 0x2005, 0x2005, 0x2005, 0x2005, 0x2005, 0x2005, 0x2005, 
  0x2005, 0x2005, 0x2005, 0x2005, 0x2005, 0x2005, 0x2005, 0x2005, 0x2005, 0x2005, 0x2005, 0x2005, 
  0x2005, 0x2005, 0x2005, 0x2005, 0x2005, 0x2005, 0x2005, 0x2005, 0x2005, 0x2005, 0x2005, 0x2005, 
  0x2005, 0x2005, 0x2005, 0x2005, 0x2005, 0x2005, 0x2005, 0x2005, 0x2005, 0x2005, 0x2005, 0x2005, 
  0x2005, 0x2005, 0x2005, 0x2005, 0x2005, 0x2005, 0x2005, 0x2005, 0x2005, 0x2005, 0x2005, 0x2005, 
  0x2005, 0x2005, 0x2005, 0x2005, 0x2005, 0x2005, 0x2005, 0x2005, 0x2005, 0x2005, 0x2005, 0x2005, 
  0x2005, 0x2005, 0x2005, 0x2005, 0x2005, 0x2005, 0x2005, 0x2005, 0x2005, 0x2005, 0x2005, 0x2005, 
  0x2005, 0x2005, 0x2005, 0x2005, 0x2005, 0x2005, 0x2005, 0x2005, 0x2005, 0x2005, 0x2005, 0x2005, 
  0x2005, 0x2005, 0x2005, 0x2005, 0x2005, 0x2005, 0x2005, 0x2005, 0x2005, 0x2005, 0x2005, 0x2005, 
  0x2005, 0x2005, 0x2005, 0x2005, 0x2005, 0x2005, 0x2005, 0x2005, 0x2005, 0x2005, 0x2005, 0x2005, 
  0x2005, 0x2005, 0x1804, 0x1804, 0x308c, 0x4134, 0x4134, 0x4134, 0x4134, 0x4134, 0x4134, 0x4134, 
  0x4134, 0x4134, 0x4134, 0x4134, 0x4134, 0x4134, 0x4134, 0x4134, 0x4134, 0x4134, 0x4134, 0x4134, 
  0x4134, 0x4134, 0x4134, 0x4134, 0x4134, 0x4134, 0x4134, 0x4134, 0x4134, 0x4134, 0x4134, 0x4134, 
  0x4134, 0x4134, 0x4134, 0x4134, 0x4134, 0x4134, 0x4134, 0x4134, 0x4134, 0x4134, 0x4134, 0x4134, 
  0x4134, 0x4134, 0x4134, 0x4134, 0x4134, 0x4134, 0x4134, 0x4134, 0x4134, 0x4134, 0x4134, 0x4134, 
  0x4134, 0x4134, 0x4134, 0x4134, 0x4134, 0x4134, 0x4134, 0x4134, 0x4134, 0x4134, 0x4134, 0x4134, 
  0x4134, 0x4134, 0x4134, 0x4134, 0x4134, 0x4134, 0x4134, 0x4134, 0x4134, 0x4134, 0x4134, 0x4134, 
  0x4134, 0x4134, 0x4134, 0x4134, 0x4134, 0x4134, 0x4134, 0x4134, 0x4134, 0x4134, 0x4134, 0x4134, 
  0x2005, 0x2005, 0x2005, 0x2005, 0x2005, 0x2005, 0x2005, 0x2005, 0x2005, 0x2005, 0x2005, 0x2005, 
  0x2005, 0x2005, 0x2005, 0x2005, 0x2005, 0x2005, 0x2005, 0x2005, 0x2005, 0x2005, 0x2005, 0x2005, 
  0x2005, 0x2005, 0x2005, 0x2005, 0x2005, 0x2005, 0x2005, 0x2005, 0x2005, 0x2005, 0x2005, 0x2005, 
  0x2005, 0x2005, 0x2005, 0x2005, 0x2005, 0x2005, 0x2005, 0x2005, 0x2005, 0x2005, 0x2005, 0x2005, 
  0x2005, 0x2005, 0x2005, 0x2005, 0x2005, 0x2005, 0x2005, 0x2005, 0x2005, 0x2005, 0x2005, 0x2005, 
  0x2005, 0x2005, 0x2005, 0x2005, 0x2005, 0x2005, 0x2005, 0x2005, 0x2005, 0x2005, 0x2005, 0x2005, 
  0x2005, 0x2005, 0x2005, 0x2005, 0x2005, 0x2005, 0x2005, 0x2005, 0x2005, 0x2005, 0x2005, 0x2005, 
  0x2005, 0x2005, 0x2005, 0x2005, 0x2005, 0x2005, 0x2005, 0x2005, 0x2005, 0x2005, 0x2005, 0x2005, 
  0x2005, 0x2005, 0x2005, 0x2005, 0x2005, 0x2005, 0x2005, 0x2005, 0x2005, 0x2005, 0x2005, 0x2005, 
  0x2005, 0x2005, 0x2005, 0x2005, 0x2005, 0x2005, 0x2005, 0x2005, 0x2005, 0x2005, 0x2005, 0x2005, 
  0x2005, 0x2005, 0x2005, 0x2005, 0x2005, 0x2005, 0x2005, 0x2005, 0x2005, 0x2005, 0x2005, 0x2005, 
  0x2005, 0x2005, 0x2005, 0x2005, 0x2005, 0x2005, 0x2005, 0x2005, 0x2005, 0x2005, 0x2005, 0x2005, 
  0x2005, 0x2005, 0x2005, 0x2005, 0x2005, 0x2005, 0x2005, 0x2005, 0x2005, 0x2005, 0x2005, 0x2005, 
  0x2005, 0x2005, 0x2005, 0x2005, 0x2005, 0x2005, 0x2005, 0x2005, 0x2005, 0x2005, 0x2005, 0x2005, 
  0x2005, 0x2005, 0x2005, 0x2005, 0x2005, 0x2005, 0x2005, 0x2005, 0x2005, 0x2005, 0x2005, 0x2005, 
  0x2005, 0x2005, 0x2005, 0x2005, 0x2005, 0x2005, 0x2005, 0x2005, 0x2005, 0x2005, 0x2005, 0x2005, 
  0x2005, 0x2005, 0x2005, 0x2005, 0x2005, 0x2005, 0x2005, 0x2005, 0x2005, 0x2005, 0x2005, 0x2005, 
  0x2005, 0x2005, 0x2005, 0x2005, 0x2005, 0x2005, 0x2005, 0x2005, 0x2005, 0x2005, 0x2005, 0x2005, 
  0x2005, 0x2005, 0x2005, 0x2005, 0x2005, 0x2005, 0x2005, 0x2005, 0x2005, 0x2005, 0x1804, 0x1804, 
  0x1804, 0x30ad, 0x4134, 0x4134, 0x4134, 0x4134, 0x4134, 0x4134, 0x4134, 0x4134, 0x4134, 0x4134, 
  0x4134, 0x4134, 0x4134, 0x4134, 0x4134, 0x4134, 0x4134, 0x4134, 0x4134, 0x4134, 0x4134, 0x4134, 
  0x4134, 0x4134, 0x4134, 0x4134, 0x4134, 0x4134, 0x4134, 0x4134, 0x4134, 0x4134, 0x4134, 0x4134, 
  0x4134, 0x4134, 0x4134, 0x4134, 0x4134, 0x4134, 0x4134, 0x4134, 0x4134, 0x4134, 0x4134, 0x4134, 
  0x4134, 0x4134, 0x4134, 0x4134, 0x4134, 0x4134, 0x4134, 0x4134, 0x4134, 0x4134, 0x4134, 0x4134, 
  0x4134, 0x4134, 0x4134, 0x4134, 0x4134, 0x4134, 0x4134, 0x4134, 0x4134, 0x4134, 0x4134, 0x4134, 
  0x4134, 0x4134, 0x4134, 0x4134, 0x4134, 0x4134, 0x4134, 0x4134, 0x4134, 0x4134, 0x4134, 0x4134, 
  0x4134, 0x4134, 0x4134, 0x4134, 0x4134, 0x4134, 0x4134, 0x4134, 0x2006, 0x2006, 0x2005, 0x2006, 
  0x2006, 0x2005, 0x2006, 0x2005, 0x2005, 0x2005, 0x2006, 0x2005, 0x2005, 0x2005, 0x2005, 0x2005, 
  0x2005, 0x2005, 0x2005, 0x2005, 0x2006, 0x2006, 0x2005, 0x2005, 0x2006, 0x2005, 0x2006, 0x2006, 
  0x2006, 0x2005, 0x2005, 0x2005, 0x2005, 0x2006, 0x2006, 0x2005, 0x2005, 0x2005, 0x2005, 0x2005, 
  0x2005, 0x2006, 0x2005, 0x2005, 0x2005, 0x2005, 0x2005, 0x2005, 0x2005, 0x2005, 0x2006, 0x2006, 
  0x2005, 0x2006, 0x2005, 0x2005, 0x2006, 0x2005, 0x2006, 0x2005, 0x2005, 0x2006, 0x2005, 0x2005, 
  0x2005, 0x2005, 0x2005, 0x2005, 0x2006, 0x2005, 0x2005, 0x2005, 0x2006, 0x2005, 0x2005, 0x2005, 
  0x2006, 0x2005, 0x2005, 0x2005, 0x2005, 0x2005, 0x2005, 0x2005, 0x2005, 0x2005, 0x2006, 0x2005, 
  0x2005, 0x2005, 0x2005, 0x2006, 0x2005, 0x2005, 0x2005, 0x2005, 0x2005, 0x2005, 0x2006, 0x2005, 
  0x2005, 0x2005, 0x2006, 0x2005, 0x2005, 0x2005, 0x2005, 0x2005, 0x2005, 0x2005, 0x2006, 0x2006, 
  0x2005, 0x2005, 0x2005, 0x2005, 0x2006, 0x2006, 0x2005, 0x2006, 0x2005, 0x2005, 0x2005, 0x2005, 
  0x2005, 0x2005, 0x2006, 0x2005, 0x2005, 0x2005, 0x2005, 0x2005, 0x2005, 0x2005, 0x2005, 0x2006, 
  0x2005, 0x2006, 0x2005, 0x2006, 0x2005, 0x2005, 0x2005, 0x2005, 0x2005, 0x2005, 0x2005, 0x2005, 
  0x2005, 0x2006, 0x2006, 0x2005, 0x2006, 0x2005, 0x2005, 0x2005, 0x2005, 0x2005, 0x2006, 0x2005, 
  0x2005, 0x2006, 0x2006, 0x2005, 0x2005, 0x2005, 0x2006, 0x2006, 0x2005, 0x2005, 0x2005, 0x2005, 
  0x2006, 0x2005, 0x2005, 0x2005, 0x2005, 0x2005, 0x2005, 0x2005, 0x2005, 0x2006, 0x2005, 0x2006, 
  0x2006, 0x2006, 0x2005, 0x2006, 0x2005, 0x2005, 0x2005, 0x2005, 0x2005, 0x2006, 0x2005, 0x2005, 
  0x2006, 0x2005, 0x2005, 0x2005, 0x2006, 0x2005, 0x2006, 0x2005, 0x2006, 0x2006, 0x2005, 0x2005, 
  0x2005, 0x2005, 0x2006, 0x2006, 0x2006, 0x2005, 0x2005, 0x2005, 0x2005, 0x2005, 0x2005, 0x2006, 
  0x2005, 0x2006, 0x2005, 0x2005, 0x2005, 0x2005, 0x2005, 0x2005, 0x1804, 0x1804, 0x38f0, 0x4134, 
  0x4134, 0x4134, 0x4134, 0x4134, 0x4134, 0x4134, 0x4134, 0x4134, 0x4134, 0x4134, 0x4134, 0x4134, 
  0x4134, 0x4134, 0x4134, 0x4134, 0x4134, 0x4134, 0x4134, 0x4134, 0x4134, 0x4134, 0x4134, 0x4134, 
  0x4134, 0x4134, 0x4134, 0x4134, 0x4134, 0x4134, 0x4134, 0x4134, 0x4134, 0x4134, 0x4134, 0x4134, 
  0x4134, 0x4134, 0x4134, 0x4134, 0x4134, 0x4134, 0x4134, 0x4134, 0x4134, 0x4134, 0x4134, 0x4134, 
  0x4134, 0x4134, 0x4134, 0x4134, 0x4134, 0x4134, 0x4134, 0x4134, 0x4134, 0x4134, 0x4134, 0x4134, 
  0x4134, 0x4134, 0x4134, 0x4134, 0x4134, 0x4134, 0x4134, 0x4134, 0x4134, 0x4134, 0x4134, 0x4134, 
  0x4134, 0x4134, 0x4134, 0x4134, 0x4134, 0x4134, 0x4134, 0x4134, 0x4134, 0x4134, 0x4134, 0x4134, 
  0x4134, 0x4134, 0x4134, 0x4134, 0x2006, 0x2006, 0x2006, 0x2006, 0x2006, 0x2006, 0x2006, 0x2006, 
  0x2006, 0x2006, 0x2006, 0x2006, 0x2006, 0x2006, 0x2006, 0x2006, 0x2005, 0x2006, 0x2006, 0x2006, 
  0x2006, 0x2006, 0x2006, 0x2006, 0x2006, 0x2006, 0x2006, 0x2006, 0x2005, 0x2006, 0x2006, 0x2006, 
  0x2006, 0x2006, 0x2006, 0x2006, 0x2006, 0x2006, 0x2005, 0x2006, 0x2006, 0x2006, 0x2006, 0x2006, 
  0x2006, 0x2006, 0x2006, 0x2006, 0x2006, 0x2006, 0x2006, 0x2006, 0x2005, 0x2006, 0x2006, 0x2006, 
  0x2006, 0x2006, 0x2006, 0x2006, 0x2005, 0x2006, 0x2006, 0x2006, 0x2006, 0x2006, 0x2006, 0x2006, 
  0x2006, 0x2006, 0x2006, 0x2006, 0x2006, 0x2006, 0x2006, 0x2006, 0x2006, 0x2006, 0x2006, 0x2006, 
  0x2006, 0x2006, 0x2006, 0x2006, 0x2006, 0x2006, 0x2006, 0x2005, 0x2006, 0x2006, 0x2006, 0x2006, 
  0x2006, 0x2006, 0x2006, 0x2005, 0x2006, 0x2006, 0x2006, 0x2006, 0x2006, 0x2006, 0x2006, 0x2006, 
  0x2006, 0x2006, 0x2006, 0x2006, 0x2006, 0x2006, 0x2006, 0x2006, 0x2006, 0x2006, 0x2006, 0x2006, 
  0x2006, 0x2006, 0x2006, 0x2006, 0x2006, 0x2006, 0x2006, 0x2006, 0x2006, 0x2006, 0x2006, 0x2006, 
  0x2005, 0x2005, 0x2006, 0x2006, 0x2006, 0x2006, 0x2006, 0x2006, 0x2006, 0x2006, 0x2006, 0x2005, 
  0x2006, 0x2006, 0x2006, 0x2006, 0x2006, 0x2006, 0x2006, 0x2006, 0x2006, 0x2006, 0x2006, 0x2006, 
  0x2006, 0x2005, 0x2006, 0x2006, 0x2006, 0x2006, 0x2006, 0x2006, 0x2006, 0x2006, 0x2006, 0x2006, 
  0x2006, 0x2006, 0x2006, 0x2006, 0x2006, 0x2006, 0x2006, 0x2006, 0x2006, 0x2006, 0x2006, 0x2006, 
  0x2006, 0x2006, 0x2006, 0x2006, 0x2006, 0x2006, 0x2006, 0x2006, 0x2006, 0x2006, 0x2006, 0x2006, 
  0x2006, 0x2006, 0x2006, 0x2006, 0x2006, 0x2006, 0x2006, 0x2006, 0x2006, 0x2006, 0x2006, 0x2006, 
  0x2006, 0x2006, 0x2006, 0x2006, 0x2006, 0x2006, 0x2006, 0x2006, 0x2006, 0x2005, 0x2006, 0x2005, 
  0x2006, 0x2006, 0x2006, 0x2006, 0x2006, 0x2006, 0x2006, 0x2006, 0x2006, 0x2006, 0x2006, 0x2006, 
  0x2005, 0x2005, 0x2005, 0x2005, 0x2005, 0x1804, 0x2005, 0x4112, 0x4134, 0x4134, 0x4134, 0x4134, 
  0x4134, 0x4134, 0x4134, 0x4134, 0x4134, 0x4134, 0x4134, 0x4134, 0x4134, 0x4134, 0x4134, 0x4134, 
  0x4134, 0x4134, 0x4134, 0x4134, 0x4134, 0x4134, 0x4134, 0x4134, 0x4134, 0x4134, 0x4134, 0x4134, 
  0x4134, 0x4134, 0x4134, 0x4134, 0x4134, 0x4134, 0x4134, 0x4134, 0x4134, 0x4134, 0x4134, 0x4134, 
  0x4134, 0x4134, 0x4134, 0x4134, 0x4134, 0x4134, 0x4134, 0x4134, 0x4134, 0x4134, 0x4134, 0x4134, 
  0x4134, 0x4134, 0x4134, 0x4134, 0x4134, 0x4134, 0x4134, 0x4134, 0x4134, 0x4134, 0x4134, 0x4134, 
  0x4134, 0x4134, 0x4134, 0x4134, 0x4134, 0x4134, 0x4134, 0x4134, 0x4134, 0x4134, 0x4134, 0x4134, 
  0x4134, 0x4134, 0x4134, 0x4134, 0x4134, 0x4134, 0x4134, 0x4134, 0x4134, 0x4134, 0x4134, 0x4134, 
  0x2006, 0x2006, 0x2006, 0x2006, 0x2006, 0x2006, 0x2006, 0x2006, 0x2006, 0x2006, 0x2006, 0x2006, 
  0x2006, 0x2006, 0x2006, 0x2006, 0x2006, 0x2006, 0x2006, 0x2006, 0x2006, 0x2006, 0x2006, 0x2006, 
  0x2006, 0x2006, 0x2006, 0x2006, 0x2006, 0x2006, 0x2006, 0x2006, 0x2006, 0x2006, 0x2006, 0x2006, 
  0x2006, 0x2006, 0x2006, 0x2006, 0x2006, 0x2006, 0x2006, 0x2006, 0x2006, 0x2006, 0x2006, 0x2006, 
  0x2006, 0x2006, 0x2006, 0x2006, 0x2006, 0x2006, 0x2006, 0x2006, 0x2006, 0x2006, 0x2006, 0x2006, 
  0x2006, 0x2006, 0x2006, 0x2006, 0x2006, 0x2006, 0x2006, 0x2006, 0x2006, 0x2006, 0x2006, 0x2006, 
  0x2006, 0x2006, 0x2006, 0x2006, 0x2006, 0x2006, 0x2006, 0x2006, 0x2006, 0x2006, 0x2006, 0x2006, 
  0x2006, 0x2006, 0x2006, 0x2006, 0x2006, 0x2006, 0x2006, 0x2006, 0x2006, 0x2006, 0x2006, 0x2006, 
  0x2006, 0x2006, 0x2006, 0x2006, 0x2006, 0x2006, 0x2006, 0x2006, 0x2006, 0x2006, 0x2006, 0x2006, 
  0x2006, 0x2006, 0x2006, 0x2006, 0x2006, 0x2006, 0x2006, 0x2006, 0x2006, 0x2006, 0x2006, 0x2006, 
  0x2006, 0x2006, 0x2006, 0x2006, 0x2006, 0x2006, 0x2006, 0x2006, 0x2006, 0x2006, 0x2006, 0x2006, 
  0x2006, 0x2006, 0x2006, 0x2006, 0x2006, 0x2006, 0x2006, 0x2006, 0x2006, 0x2006, 0x2006, 0x2006, 
  0x2006, 0x2006, 0x2006, 0x2006, 0x2006, 0x2006, 0x2006, 0x2006, 0x2006, 0x2006, 0x2006, 0x2006, 
  0x2006, 0x2006, 0x2006, 0x2006, 0x2006, 0x2006, 0x2006, 0x2006, 0x2006, 0x2006, 0x2006, 0x2006, 
  0x2006, 0x2006, 0x2006, 0x2006, 0x2006, 0x2006, 0x2006, 0x2006, 0x2006, 0x2006, 0x2006, 0x2006, 
  0x2006, 0x2006, 0x2006, 0x2006, 0x2006, 0x2006, 0x2006, 0x2006, 0x2006, 0x2006, 0x2006, 0x2006, 
  0x2006, 0x2006, 0x2006, 0x2006, 0x2006, 0x2006, 0x2006, 0x2006, 0x2006, 0x2006, 0x2006, 0x2006, 
  0x2006, 0x2006, 0x2006, 0x2006, 0x2006, 0x2006, 0x2006, 0x2006, 0x2006, 0x2006, 0x2006, 0x2006, 
  0x2006, 0x2006, 0x2006, 0x2006, 0x2006, 0x2006, 0x2006, 0x2006, 0x2006, 0x2006, 0x2005, 0x2005, 
  0x2005, 0x2005, 0x1804, 0x2026, 0x4112, 0x4134, 0x4134, 0x4134, 0x4134, 0x4134, 0x4134, 0x4134, 
  0x4134, 0x4134, 0x4134, 0x4134, 0x4134, 0x4134, 0x4134, 0x4134, 0x4134, 0x4134, 0x4134, 0x4134, 
  0x4134, 0x4134, 0x4134, 0x4134, 0x4134, 0x4134, 0x4134, 0x4134, 0x4134, 0x4134, 0x4134, 0x4134, 
  0x4134, 0x4134, 0x4134, 0x4134, 0x4134, 0x4134, 0x4134, 0x4134, 0x4134, 0x4134, 0x4134, 0x4134, 
  0x4134, 0x4134, 0x4134, 0x4134, 0x4134, 0x4134, 0x4134, 0x4134, 0x4134, 0x4134, 0x4134, 0x4134, 
  0x4134, 0x4134, 0x4134, 0x4134, 0x4134, 0x4134, 0x4134, 0x4134, 0x4134, 0x4134, 0x4134, 0x4134, 
  0x4134, 0x4134, 0x4134, 0x4134, 0x4134, 0x4134, 0x4134, 0x4134, 0x4134, 0x4134, 0x4134, 0x4134, 
  0x4134, 0x4134, 0x4134, 0x4134, 0x4134, 0x4134, 0x4134, 0x4134, 0x2006, 0x2006, 0x2006, 0x2006, 
  0x2006, 0x2006, 0x2006, 0x2006, 0x2006, 0x2006, 0x2006, 0x2006, 0x2006, 0x2006, 0x2006, 0x2006, 
  0x2006, 0x2006, 0x2006, 0x2006, 0x2006, 0x2006, 0x2006, 0x2006, 0x2006, 0x2006, 0x2006, 0x2006, 
  0x2006, 0x2006, 0x2006, 0x2006, 0x2006, 0x2006, 0x2006, 0x2006, 0x2006, 0x2006, 0x2006, 0x2006, 
  0x2006, 0x2006, 0x2006, 0x2006, 0x2006, 0x2006, 0x2006, 0x2006, 0x2006, 0x2006, 0x2006, 0x2006, 
  0x2006, 0x2006, 0x2006, 0x2006, 0x2006, 0x2006, 0x2006, 0x2006, 0x2006, 0x2006, 0x2006, 0x2006, 
  0x2006, 0x2006, 0x2006, 0x2006, 0x2006, 0x2006, 0x2006, 0x2006, 0x2006, 0x2006, 0x2006, 0x2006, 
  0x2006, 0x2006, 0x2006, 0x2006, 0x2006, 0x2006, 0x2006, 0x2006, 0x2006, 0x2006, 0x2006, 0x2006, 
  0x2006, 0x2006, 0x2006, 0x2006, 0x2006, 0x2006, 0x2006, 0x2006, 0x2006, 0x2006, 0x2006, 0x2006, 
  0x2006, 0x2006, 0x2006, 0x2006, 0x2006, 0x2006, 0x2006, 0x2006, 0x2006, 0x2006, 0x2006, 0x2006, 
  0x2006, 0x2006, 0x2006, 0x2006, 0x2006, 0x2006, 0x2006, 0x2006, 0x2006, 0x2006, 0x2006, 0x2006, 
  0x2006, 0x2006, 0x2006, 0x2006, 0x2006, 0x2006, 0x2006, 0x2006, 0x2006, 0x2006, 0x2006, 0x2006, 
  0x2006, 0x2006, 0x2006, 0x2006, 0x2006, 0x2006, 0x2006, 0x2006, 0x2006, 0x2006, 0x2006, 0x2006, 
  0x2006, 0x2006, 0x2006, 0x2006, 0x2006, 0x2006, 0x2006, 0x2006, 0x2006, 0x2006, 0x2006, 0x2006, 
  0x2006, 0x2006, 0x2006, 0x2006, 0x2006, 0x2006, 0x2006, 0x2006, 0x2006, 0x2006, 0x2006, 0x2006, 
  0x2006, 0x2006, 0x2006, 0x2006, 0x2006, 0x2006, 0x2006, 0x2006, 0x2006, 0x2006, 0x2006, 0x2006, 
  0x2006, 0x2006, 0x2006, 0x2006, 0x2006, 0x2006, 0x2006, 0x2006, 0x2006, 0x2006, 0x2006, 0x2006, 
  0x2006, 0x2006, 0x2006, 0x2006, 0x2006, 0x2006, 0x2006, 0x2006, 0x2006, 0x2006, 0x2006, 0x2006, 
  0x2006, 0x2006, 0x2006, 0x2006, 0x2006, 0x2006, 0x2006, 0x2006, 0x2006, 0x2006, 0x2006, 0x2006, 
  0x2006, 0x2006, 0x2006, 0x2006, 0x2006, 0x2006, 0x2006, 0x2005, 0x2005, 0x2005, 0x2005, 0x1804, 
  0x2047, 0x4113, 0x4134, 0x4134, 0x4134, 0x4134, 0x4134, 0x4134, 0x4134, 0x4134, 0x4134, 0x4134, 
  0x4134, 0x4134, 0x4134, 0x4134, 0x4134, 0x4134, 0x4134, 0x4134, 0x4134, 0x4134, 0x4134, 0x4134, 
  0x4134, 0x4134, 0x4134, 0x4134, 0x4134, 0x4134, 0x4134, 0x4134, 0x4134, 0x4134, 0x4134, 0x4134, 
  0x4134, 0x4134, 0x4134, 0x4134, 0x4134, 0x4134, 0x4134, 0x4134, 0x4134, 0x4134, 0x4134, 0x4134, 
  0x4134, 0x4134, 0x4134, 0x4134, 0x4134, 0x4134, 0x4134, 0x4134, 0x4134, 0x4134, 0x4134, 0x4134, 
  0x4134, 0x4134, 0x4134, 0x4134, 0x4134, 0x4134, 0x4134, 0x4134, 0x4134, 0x4134, 0x4134, 0x4134, 
  0x4134, 0x4134, 0x4134, 0x4134, 0x4134, 0x4134, 0x4134, 0x4134, 0x4134, 0x4134, 0x4134, 0x4134, 
  0x4134, 0x4134, 0x4134, 0x4134, 0x2006, 0x2006, 0x2006, 0x2006, 0x2006, 0x2006, 0x2006, 0x2006, 
  0x2006, 0x2006, 0x2006, 0x2006, 0x2006, 0x2006, 0x2006, 0x2006, 0x2006, 0x2006, 0x2006, 0x2006, 
  0x2006, 0x2006, 0x2006, 0x2006, 0x2006, 0x2006, 0x2006, 0x2006, 0x2006, 0x2006, 0x2006, 0x2006, 
  0x2006, 0x2006, 0x2006, 0x2006, 0x2006, 0x2006, 0x2006, 0x2006, 0x2006, 0x2006, 0x2006, 0x2006, 
  0x2006, 0x2006, 0x2006, 0x2006, 0x2006, 0x2006, 0x2006, 0x2006, 0x2006, 0x2006, 0x2006, 0x2006, 
  0x2006, 0x2006, 0x2006, 0x2006, 0x2006, 0x2006, 0x2006, 0x2006, 0x2006, 0x2006, 0x2006, 0x2006, 
  0x2006, 0x2006, 0x2006, 0x2006, 0x2006, 0x2006, 0x2006, 0x2006, 0x2006, 0x2006, 0x2006, 0x2006, 
  0x2006, 0x2006, 0x2006, 0x2006, 0x2006, 0x2006, 0x2006, 0x2006, 0x2006, 0x2006, 0x2006, 0x2006, 
  0x2006, 0x2006, 0x2006, 0x2006, 0x2006, 0x2006, 0x2006, 0x2006, 0x2006, 0x2006, 0x2006, 0x2006, 
  0x2006, 0x2006, 0x2006, 0x2006, 0x2006, 0x2006, 0x2006, 0x2006, 0x2006, 0x2006, 0x2006, 0x2006, 
  0x2006, 0x2006, 0x2006, 0x2006, 0x2006, 0x2006, 0x2006, 0x2006, 0x2006, 0x2006, 0x2006, 0x2006, 
  0x2006, 0x2006, 0x2006, 0x2006, 0x2006, 0x2006, 0x2006, 0x2006, 0x2006, 0x2006, 0x2006, 0x2006, 
  0x2006, 0x2006, 0x2006, 0x2006, 0x2006, 0x2006, 0x2006, 0x2006, 0x2006, 0x2006, 0x2006, 0x2006, 
  0x2006, 0x2006, 0x2006, 0x2006, 0x2006, 0x2006, 0x2006, 0x2006, 0x2006, 0x2006, 0x2006, 0x2006, 
  0x2006, 0x2006, 0x2006, 0x2006, 0x2006, 0x2006, 0x2006, 0x2006, 0x2006, 0x2006, 0x2006, 0x2006, 
  0x2006, 0x2006, 0x2006, 0x2006, 0x2006, 0x2006, 0x2006, 0x2006, 0x2006, 0x2006, 0x2006, 0x2006, 
  0x2006, 0x2006, 0x2006, 0x2006, 0x2006, 0x2006, 0x2006, 0x2006, 0x2006, 0x2006, 0x2006, 0x2006, 
  0x2006, 0x2006, 0x2006, 0x2006, 0x2006, 0x2006, 0x2006, 0x2006, 0x2006, 0x2006, 0x2006, 0x2006, 
  0x2006, 0x2006, 0x2006, 0x2006, 0x2006, 0x2006, 0x2006, 0x2006, 0x2006, 0x2006, 0x2006, 0x2006, 
  0x2006, 0x2006, 0x2006, 0x2006, 0x2006, 0x2005, 0x2005, 0x2005, 0x1805, 0x286a, 0x4134, 0x4134, 
  0x4134, 0x4134, 0x4134, 0x4134, 0x4134, 0x4134, 0x4134, 0x4134, 0x4134, 0x4134, 0x4134, 0x4134, 
  0x4134, 0x4134, 0x4134, 0x4134, 0x4134, 0x4134, 0x4134, 0x4134, 0x4134, 0x4134, 0x4134, 0x4134, 
  0x4134, 0x4134, 0x4134, 0x4134, 0x4134, 0x4134, 0x4134, 0x4134, 0x4134, 0x4134, 0x4134, 0x4134, 
  0x4134, 0x4134, 0x4134, 0x4134, 0x4134, 0x4134, 0x4134, 0x4134, 0x4134, 0x4134, 0x4134, 0x4134, 
  0x4134, 0x4134, 0x4134, 0x4134, 0x4134, 0x4134, 0x4134, 0x4134, 0x4134, 0x4134, 0x4134, 0x4134, 
  0x4134, 0x4134, 0x4134, 0x4134, 0x4134, 0x4134, 0x4134, 0x4134, 0x4134, 0x4134, 0x4134, 0x4134, 
  0x4134, 0x4134, 0x4134, 0x4134, 0x4134, 0x4134, 0x4134, 0x4134, 0x4134, 0x4134, 0x4134, 0x4134, 
  0x2006, 0x2006, 0x2006, 0x2006, 0x2006, 0x2006, 0x2006, 0x2006, 0x2006, 0x2006, 0x2006, 0x2006, 
  0x2006, 0x2006, 0x2006, 0x2006, 0x2006, 0x2006, 0x2006, 0x2006, 0x2006, 0x2006, 0x2006, 0x2006, 
  0x2006, 0x2006, 0x2006, 0x2006, 0x2006, 0x2006, 0x2006, 0x2006, 0x2006, 0x2006, 0x2006, 0x2006, 
  0x2006, 0x2006, 0x2006, 0x2006, 0x2006, 0x2006, 0x2006, 0x2006, 0x2006, 0x2006, 0x2006, 0x2006, 
  0x2006, 0x2006, 0x2006, 0x2006, 0x2006, 0x2006, 0x2006, 0x2006, 0x2006, 0x2006, 0x2006, 0x2006, 
  0x2006, 0x2006, 0x2006, 0x2006, 0x2006, 0x2006, 0x2006, 0x2006, 0x2006, 0x2006, 0x2006, 0x2006, 
  0x2006, 0x2006, 0x2006, 0x2006, 0x2006, 0x2006, 0x2006, 0x2006, 0x2006, 0x2006, 0x2006, 0x2006, 
  0x2006, 0x2006, 0x2006, 0x2006, 0x2006, 0x2006, 0x2006, 0x2006, 0x2006, 0x2006, 0x2006, 0x2006, 
  0x2006, 0x2006, 0x2006, 0x2006, 0x2006, 0x2006, 0x2006, 0x2006, 0x2006, 0x2006, 0x2006, 0x2006, 
  0x2006, 0x2006, 0x2006, 0x2006, 0x2006, 0x2006, 0x2006, 0x2006, 0x2006, 0x2006, 0x2006, 0x2006, 
  0x2006, 0x2006, 0x2006, 0x2006, 0x2006, 0x2006, 0x2006, 0x2006, 0x2006, 0x2006, 0x2006, 0x2006, 
  0x2006, 0x2006, 0x2006, 0x2006, 0x2006, 0x2006, 0x2006, 0x2006, 0x2006, 0x2006, 0x2006, 0x2006, 
  0x2006, 0x2006, 0x2006, 0x2006, 0x2006, 0x2006, 0x2006, 0x2006, 0x2006, 0x2006, 0x2006, 0x2006, 
  0x2006, 0x2006, 0x2006, 0x2006, 0x2006, 0x2006, 0x2006, 0x2006, 0x2006, 0x2006, 0x2006, 0x2006, 
  0x2006, 0x2006, 0x2006, 0x2006, 0x2006, 0x2006, 0x2006, 0x2006, 0x2006, 0x2006, 0x2006, 0x2006, 
  0x2006, 0x2006, 0x2006, 0x2006, 0x2006, 0x2006, 0x2006, 0x2006, 0x2006, 0x2006, 0x2006, 0x2006, 
  0x2006, 0x2006, 0x2006, 0x2006, 0x2006, 0x2006, 0x2006, 0x2006, 0x2006, 0x2006, 0x2006, 0x2006, 
  0x2006, 0x2006, 0x2006, 0x2006, 0x2006, 0x2006, 0x2006, 0x2006, 0x2006, 0x2006, 0x2006, 0x2006, 
  0x2006, 0x2006, 0x2006, 0x2006, 0x2006, 0x2006, 0x2006, 0x2006, 0x2006, 0x2006, 0x2006, 0x2006, 
  0x2006, 0x2006, 0x2005, 0x2005, 0x2005, 0x1805, 0x308c, 0x4134, 0x4134, 0x4134, 0x4134, 0x4134, 
  0x4134, 0x4134, 0x4134, 0x4134, 0x4134, 0x4134, 0x4134, 0x4134, 0x4134, 0x4134, 0x4134, 0x4134, 
  0x4134, 0x4134, 0x4134, 0x4134, 0x4134, 0x4134, 0x4134, 0x4134, 0x4134, 0x4134, 0x4134, 0x4134, 
  0x4134, 0x4134, 0x4134, 0x4134, 0x4134, 0x4134, 0x4134, 0x4134, 0x4134, 0x4134, 0x4134, 0x4134, 
  0x4134, 0x4134, 0x4134, 0x4134, 0x4134, 0x4134, 0x4134, 0x4134, 0x4134, 0x4134, 0x4134, 0x4134, 
  0x4134, 0x4134, 0x4134, 0x4134, 0x4134, 0x4134, 0x4134, 0x4134, 0x4134, 0x4134, 0x4134, 0x4134, 
  0x4134, 0x4134, 0x4134, 0x4134, 0x4134, 0x4134, 0x4134, 0x4134, 0x4134, 0x4134, 0x4134, 0x4134, 
  0x4134, 0x4134, 0x4134, 0x4134, 0x4134, 0x4134, 0x4134, 0x4134, 0x2806, 0x2006, 0x2006, 0x2006, 
  0x2006, 0x2006, 0x2006, 0x2006, 0x2006, 0x2006, 0x2006, 0x2806, 0x2006, 0x2006, 0x2006, 0x2006, 
  0x2006, 0x2006, 0x2806, 0x2006, 0x2006, 0x2006, 0x2006, 0x2006, 0x2006, 0x2006, 0x2006, 0x2006, 
  0x2006, 0x2006, 0x2006, 0x2006, 0x2006, 0x2006, 0x2006, 0x2006, 0x2006, 0x2006, 0x2006, 0x2006, 
  0x2006, 0x2006, 0x2006, 0x2006, 0x2006, 0x2006, 0x2006, 0x2006, 0x2006, 0x2006, 0x2006, 0x2006, 
  0x2006, 0x2006, 0x2006, 0x2006, 0x2006, 0x2006, 0x2006, 0x2006, 0x2006, 0x2006, 0x2006, 0x2006, 
  0x2006, 0x2006, 0x2006, 0x2006, 0x2006, 0x2006, 0x2006, 0x2006, 0x2006, 0x2006, 0x2006, 0x2006, 
  0x2006, 0x2006, 0x2006, 0x2006, 0x2006, 0x2006, 0x2006, 0x2006, 0x2006, 0x2006, 0x2006, 0x2006, 
  0x2006, 0x2006, 0x2006, 0x2806, 0x2006, 0x2006, 0x2006, 0x2006, 0x2006, 0x2006, 0x2006, 0x2006, 
  0x2006, 0x2006, 0x2006, 0x2006, 0x2006, 0x2006, 0x2006, 0x2006, 0x2006, 0x2006, 0x2006, 0x2006, 
  0x2006, 0x2006, 0x2006, 0x2006, 0x2006, 0x2006, 0x2006, 0x2006, 0x2006, 0x2006, 0x2006, 0x2006, 
  0x2006, 0x2006, 0x2006, 0x2006, 0x2006, 0x2006, 0x2006, 0x2006, 0x2006, 0x2006, 0x2006, 0x2006, 
  0x2006, 0x2006, 0x2006, 0x2006, 0x2006, 0x2006, 0x2006, 0x2006, 0x2006, 0x2006, 0x2006, 0x2006, 
  0x2806, 0x2006, 0x2006, 0x2006, 0x2006, 0x2006, 0x2006, 0x2006, 0x2006, 0x2006, 0x2006, 0x2806, 
  0x2006, 0x2006, 0x2006, 0x2006, 0x2006, 0x2006, 0x2006, 0x2006, 0x2006, 0x2006, 0x2006, 0x2006, 
  0x2006, 0x2006, 0x2006, 0x2006, 0x2006, 0x2006, 0x2006, 0x2006, 0x2006, 0x2006, 0x2006, 0x2006, 
  0x2006, 0x2006, 0x2006, 0x2006, 0x2006, 0x2006, 0x2006, 0x2006, 0x2006, 0x2006, 0x2006, 0x2006, 
  0x2006, 0x2006, 0x2006, 0x2006, 0x2006, 0x2006, 0x2006, 0x2006, 0x2006, 0x2006, 0x2006, 0x2006, 
  0x2006, 0x2006, 0x2006, 0x2006, 0x2006, 0x2006, 0x2006, 0x2006, 0x2006, 0x2006, 0x2006, 0x2006, 
  0x2006, 0x2006, 0x2006, 0x2006, 0x2006, 0x2006, 0x2006, 0x2006, 0x2006, 0x2006, 0x2006, 0x2005, 
  0x2005, 0x2005, 0x1805, 0x30ad, 0x4134, 0x4134, 0x4134, 0x4134, 0x4134, 0x4134, 0x4134, 0x4134, 
  0x4134, 0x4134, 0x4134, 0x4134, 0x4134, 0x4134, 0x4134, 0x4134, 0x4134, 0x4134, 0x4134, 0x4134, 
  0x4134, 0x4134, 0x4134, 0x4134, 0x4134, 0x4134, 0x4134, 0x4134, 0x4134, 0x4134, 0x4134, 0x4134, 
  0x4134, 0x4134, 0x4134, 0x4134, 0x4134, 0x4134, 0x4134, 0x4134, 0x4134, 0x4134, 0x4134, 0x4134, 
  0x4134, 0x4134, 0x4134, 0x4134, 0x4134, 0x4134, 0x4134, 0x4134, 0x4134, 0x4134, 0x4134, 0x4134, 
  0x4134, 0x4134, 0x4134, 0x4134, 0x4134, 0x4134, 0x4134, 0x4134, 0x4134, 0x4134, 0x4134, 0x4134, 
  0x4134, 0x4134, 0x4134, 0x4134, 0x4134, 0x4134, 0x4134, 0x4134, 0x4134, 0x4134, 0x4134, 0x4134, 
  0x4134, 0x4134, 0x4134, 0x4134, 0x2006, 0x2006, 0x2006, 0x2006, 0x2006, 0x2006, 0x2806, 0x2806, 
  0x2806, 0x2806, 0x2006, 0x2006, 0x2806, 0x2006, 0x2006, 0x2806, 0x2006, 0x2006, 0x2806, 0x2006, 
  0x2006, 0x2006, 0x2006, 0x2006, 0x2006, 0x2006, 0x2006, 0x2806, 0x2006, 0x2806, 0x2006, 0x2806, 
  0x2006, 0x2006, 0x2006, 0x2006, 0x2006, 0x2006, 0x2006, 0x2006, 0x2006, 0x2006, 0x2006, 0x2006, 
  0x2006, 0x2006, 0x2006, 0x2006, 0x2006, 0x2006, 0x2006, 0x2006, 0x2006, 0x2806, 0x2006, 0x2006, 
  0x2006, 0x2006, 0x2006, 0x2806, 0x2006, 0x2006, 0x2006, 0x2006, 0x2006, 0x2006, 0x2006, 0x2806, 
  0x2006, 0x2006, 0x2006, 0x2806, 0x2006, 0x2806, 0x2006, 0x2006, 0x2006, 0x2806, 0x2006, 0x2006, 
  0x2806, 0x2006, 0x2006, 0x2006, 0x2006, 0x2006, 0x2806, 0x2006, 0x2006, 0x2006, 0x2006, 0x2006, 
  0x2006, 0x2806, 0x2806, 0x2006, 0x2006, 0x2006, 0x2006, 0x2006, 0x2006, 0x2006, 0x2006, 0x2006, 
  0x2006, 0x2006, 0x2006, 0x2006, 0x2806, 0x2006, 0x2006, 0x2006, 0x2006, 0x2806, 0x2806, 0x2006, 
  0x2006, 0x2006, 0x2006, 0x2006, 0x2806, 0x2006, 0x2006, 0x2006, 0x2006, 0x2806, 0x2006, 0x2006, 
  0x2806, 0x2006, 0x2006, 0x2806, 0x2006, 0x2806, 0x2006, 0x2006, 0x2006, 0x2806, 0x2806, 0x2006, 
  0x2806, 0x2006, 0x2006, 0x2006, 0x2806, 0x2006, 0x2006, 0x2006, 0x2006, 0x2006, 0x2006, 0x2006, 
  0x2806, 0x2006, 0x2006, 0x2006, 0x2806, 0x2806, 0x2006, 0x2006, 0x2806, 0x2806, 0x2006, 0x2006, 
  0x2806, 0x2006, 0x2806, 0x2806, 0x2006, 0x2006, 0x2006, 0x2806, 0x2006, 0x2006, 0x2006, 0x2006, 
  0x2806, 0x2806, 0x2806, 0x2006, 0x2006, 0x2006, 0x2006, 0x2006, 0x2006, 0x2006, 0x2006, 0x2006, 
  0x2006, 0x2006, 0x2006, 0x2006, 0x2006, 0x2806, 0x2806, 0x2006, 0x2006, 0x2006, 0x2006, 0x2006, 
  0x2006, 0x2806, 0x2006, 0x2806, 0x2006, 0x2806, 0x2006, 0x2006, 0x2006, 0x2006, 0x2006, 0x2006, 
  0x2006, 0x2006, 0x2006, 0x2806, 0x2006, 0x2006, 0x2006, 0x2006, 0x2806, 0x2006, 0x2006, 0x2006, 
  0x2806, 0x2006, 0x2006, 0x2006, 0x2006, 0x2006, 0x2006, 0x2006, 0x2005, 0x2005, 0x2005, 0x2005, 
  0x40f1, 0x4134, 0x4134, 0x4134, 0x4134, 0x4134, 0x4134, 0x4134, 0x4134, 0x4134, 0x4134, 0x4134, 
  0x4134, 0x4134, 0x4134, 0x4134, 0x4134, 0x4134, 0x4134, 0x4134, 0x4134, 0x4134, 0x4134, 0x4134, 
  0x4134, 0x4134, 0x4134, 0x4134, 0x4134, 0x4134, 0x4134, 0x4134, 0x4134, 0x4134, 0x4134, 0x4134, 
  0x4134, 0x4134, 0x4134, 0x4134, 0x4134, 0x4134, 0x4134, 0x4134, 0x4134, 0x4134, 0x4134, 0x4134, 
  0x4134, 0x4134, 0x4134, 0x4134, 0x4134, 0x4134, 0x4134, 0x4134, 0x4134, 0x4134, 0x4134, 0x4134, 
  0x4134, 0x4134, 0x4134, 0x4134, 0x4134, 0x4134, 0x4134, 0x4134, 0x4134, 0x4134, 0x4134, 0x4134, 
  0x4134, 0x4134, 0x4134, 0x4134, 0x4134, 0x4134, 0x4134, 0x4134, 0x4134, 0x4134, 0x4134, 0x4134, 
  0x2806, 0x2806, 0x2006, 0x2806, 0x2806, 0x2806, 0x2006, 0x2806, 0x2006, 0x2006, 0x2806, 0x2006, 
  0x2806, 0x2806, 0x2006, 0x2006, 0x2806, 0x2806, 0x2006, 0x2806, 0x2806, 0x2006, 0x2806, 0x2806, 
  0x2006, 0x2806, 0x2006, 0x2806, 0x2006, 0x2806, 0x2006, 0x2806, 0x2806, 0x2006, 0x2806, 0x2806, 
  0x2806, 0x2006, 0x2006, 0x2806, 0x2006, 0x2806, 0x2806, 0x2806, 0x2806, 0x2006, 0x2006, 0x2806, 
  0x2806, 0x2006, 0x2806, 0x2806, 0x2806, 0x2806, 0x2806, 0x2806, 0x2806, 0x2006, 0x2006, 0x2006, 
  0x2006, 0x2006, 0x2006, 0x2806, 0x2806, 0x2006, 0x2806, 0x2806, 0x2006, 0x2806, 0x2806, 0x2806, 
  0x2006, 0x2006, 0x2806, 0x2806, 0x2006, 0x2006, 0x2006, 0x2806, 0x2006, 0x2806, 0x2806, 0x2006, 
  0x2006, 0x2806, 0x2006, 0x2006, 0x2806, 0x2006, 0x2006, 0x2006, 0x2806, 0x2006, 0x2806, 0x2006, 
  0x2806, 0x2006, 0x2806, 0x2006, 0x2806, 0x2806, 0x2806, 0x2806, 0x2006, 0x2806, 0x2806, 0x2006, 
  0x2806, 0x2006, 0x2806, 0x2806, 0x2806, 0x2806, 0x2806, 0x2806, 0x2806, 0x2806, 0x2006, 0x2806, 
  0x2806, 0x2806, 0x2006, 0x2806, 0x2806, 0x2806, 0x2006, 0x2806, 0x2806, 0x2806, 0x2806, 0x2806, 
  0x2806, 0x2806, 0x2806, 0x2006, 0x2806, 0x2006, 0x2806, 0x2806, 0x2806, 0x2006, 0x2006, 0x2006, 
  0x2806, 0x2006, 0x2806, 0x2006, 0x2806, 0x2006, 0x2806, 0x2006, 0x2806, 0x2806, 0x2006, 0x2006, 
  0x2806, 0x2806, 0x2006, 0x2006, 0x2806, 0x2006, 0x2806, 0x2006, 0x2806, 0x2806, 0x2806, 0x2006, 
  0x2006, 0x2006, 0x2806, 0x2006, 0x2806, 0x2806, 0x2806, 0x2006, 0x2806, 0x2806, 0x2006, 0x2006, 
  0x2806, 0x2006, 0x2806, 0x2806, 0x2806, 0x2006, 0x2006, 0x2006, 0x2806, 0x2806, 0x2806, 0x2806, 
  0x2806, 0x2806, 0x2806, 0x2806, 0x2806, 0x2006, 0x2806, 0x2806, 0x2006, 0x2806, 0x2806, 0x2006, 
  0x2806, 0x2806, 0x2806, 0x2006, 0x2006, 0x2806, 0x2806, 0x2806, 0x2806, 0x2806, 0x2006, 0x2806, 
  0x2006, 0x2806, 0x2806, 0x2806, 0x2806, 0x2006, 0x2006, 0x2806, 0x2806, 0x2006, 0x2006, 0x2006, 
  0x2806, 0x2806, 0x2006, 0x2006, 0x2006, 0x2005, 0x2005, 0x2005, 0x2006, 0x4112, 0x4134, 0x4134, 
  0x4134, 0x4134, 0x4134, 0x4134, 0x4134, 0x4134, 0x4134, 0x4134, 0x4134, 0x4134, 0x4134, 0x4134, 
  0x4134, 0x4134, 0x4134, 0x4134, 0x4134, 0x4134, 0x4134, 0x4134, 0x4134, 0x4134, 0x4134, 0x4134, 
  0x4134, 0x4134, 0x4134, 0x4134, 0x4134, 0x4134, 0x4134, 0x4134, 0x4134, 0x4134, 0x4134, 0x4134, 
  0x4134, 0x4134, 0x4134, 0x4134, 0x4134, 0x4134, 0x4134, 0x4134, 0x4134, 0x4134, 0x4134, 0x4134, 
  0x4134, 0x4134, 0x4134, 0x4134, 0x4134, 0x4134, 0x4134, 0x4134, 0x4134, 0x4134, 0x4134, 0x4134, 
  0x4134, 0x4134, 0x4134, 0x4134, 0x4134, 0x4134, 0x4134, 0x4134, 0x4134, 0x4134, 0x4134, 0x4134, 
  0x4134, 0x4134, 0x4134, 0x4134, 0x4134, 0x4134, 0x4134, 0x4134, 0x5a2b, 0x4168, 0x3968, 0x3967, 
  0x3947, 0x3947, 0x3947, 0x3127, 0x3126, 0x3106, 0x3106, 0x3106, 0x28e6, 0x28e6, 0x28e6, 0x28e5, 
  0x28e6, 0x28e6, 0x28e5, 0x28e5, 0x28e5, 0x28e5, 0x28e5, 0x28e5, 0x28e5, 0x28e5, 0x28e5, 0x28c5, 
  0x28e5, 0x28e5, 0x28e5, 0x28e5, 0x28e5, 0x28e5, 0x28e5, 0x28e5, 0x28e5, 0x28e5, 0x28e5, 0x28e5, 
  0x28e5, 0x28e5, 0x28e6, 0x28e6, 0x28e6, 0x28e6, 0x28e6, 0x28e6, 0x28e6, 0x3106, 0x3106, 0x3106, 
  0x3106, 0x3106, 0x3106, 0x3106, 0x3106, 0x3106, 0x3106, 0x3106, 0x3126, 0x3127, 0x3127, 0x3126, 
  0x3127, 0x3127, 0x3127, 0x3127, 0x3126, 0x3126, 0x3126, 0x3126, 0x3106, 0x3106, 0x3106, 0x3106, 
  0x3106, 0x3106, 0x3106, 0x3106, 0x3106, 0x3106, 0x3106, 0x3106, 0x3106, 0x2906, 0x2906, 0x2906, 
  0x28e6, 0x28e6, 0x28e6, 0x28e6, 0x28e6, 0x28e6, 0x28e6, 0x28e6, 0x28e6, 0x28e5, 0x28e5, 0x28e5, 
  0x28e5, 0x28e5, 0x28e5, 0x28e5, 0x28c5, 0x28c5, 0x28c5, 0x28c5, 0x28c5, 0x28c5, 0x28c5, 0x28c5, 
  0x28c5, 0x28c5, 0x20c5, 0x20c5, 0x20c5, 0x20c5, 0x20c5, 0x20c5, 0x20c5, 0x20c5, 0x20a5, 0x20c5, 
  0x20a5, 0x20a5, 0x20a5, 0x20a5, 0x20a5, 0x20c5, 0x20a5, 0x20a5, 0x20a5, 0x20a5, 0x20a5, 0x20a5, 
  0x20a5, 0x20a5, 0x20a5, 0x20a5, 0x20a5, 0x20a5, 0x20a5, 0x20a5, 0x20a5, 0x20a5, 0x20a5, 0x20a5, 
  0x20a5, 0x20a5, 0x20a5, 0x20c5, 0x20c5, 0x28c5, 0x28c5, 0x28c5, 0x28c5, 0x28c5, 0x28c5, 0x28c5, 
  0x28c5, 0x28c5, 0x28c5, 0x28c5, 0x28e5, 0x28e5, 0x28e5, 0x28e5, 0x28e5, 0x28e6, 0x28e6, 0x28e6, 
  0x28e6, 0x2906, 0x2906, 0x3106, 0x2906, 0x3106, 0x2906, 0x3106, 0x3106, 0x3106, 0x3106, 0x3106, 
  0x3106, 0x3106, 0x3106, 0x3126, 0x3126, 0x3126, 0x3126, 0x3126, 0x3126, 0x3127, 0x3127, 0x3127, 
  0x3127, 0x3127, 0x3127, 0x3127, 0x3127, 0x3127, 0x3127, 0x3127, 0x3127, 0x3127, 0x3127, 0x3127, 
  0x3127, 0x3127, 0x3127, 0x3127, 0x3127, 0x3127, 0x3127, 0x3127, 0x3947, 0x3947, 0x3968, 0x4188, 
  0x41a9, 0x49c9, 0x49c9, 0x49c9, 0x49c9, 0x49c9, 0x49c9, 0x49c9, 0x49c9, 0x49c9, 0x41a9, 0x41a9, 
  0x41a8, 0x4188, 0x3987, 0x3967, 0x3947, 0x3147, 0x3146, 0x3146, 0x3146, 0x3146, 0x3146, 0x3126, 
  0x3126, 0x3126, 0x3126, 0x3126, 0x3126, 0x3126, 0x3126, 0x2906, 0x2906, 0x2906, 0x2906, 0x3106, 
  0x3106, 0x2906, 0x2906, 0x2906, 0x2905, 0x2905, 0x2905, 0x28e5, 0x28e5, 0x28e5, 0x28e5, 0x28e5, 
  0x28e5, 0x20c5, 0x20c5, 0x20c5, 0x20c5, 0x20c5, 0x20c5, 0x20c4, 0x20c5, 0x20c5, 0x20c5, 0x20c4, 
  0x20c4, 0x20c4, 0x20c4, 0x20a4, 0x20c4, 0x20a4, 0x20a4, 0x20a4, 0x20a4, 0x20a4, 0x20a4, 0x20a4, 
  0x20a4, 0x20a4, 0x20a4, 0x20a4, 0x20a4, 0x20a4, 0x20a4, 0x20a4, 0x20a4, 0x20a4, 0x20a4, 0x20a4, 
  0x20a4, 0x20a4, 0x1884, 0x1884, 0x1884, 0x1883, 0x1863, 0x1043, 0x1042, 0x1022, 0x1022, 0x1002, 
  0x1022, 0x1022, 0x1022, 0x1022, 0x4189, 0x1823, 0x1843, 0x1843, 0x1843, 0x1843, 0x1843, 0x1843, 
  0x1843, 0x1843, 0x1843, 0x1843, 0x1843, 0x1843, 0x1843, 0x1843, 0x1843, 0x1843, 0x1843, 0x1843, 
  0x1023, 0x1023, 0x1023, 0x1023, 0x1023, 0x1023, 0x1023, 0x1023, 0x1023, 0x1023, 0x1023, 0x1023, 
  0x1843, 0x1843, 0x1043, 0x1043, 0x1843, 0x1843, 0x1843, 0x1843, 0x1843, 0x1843, 0x1843, 0x1843, 
  0x1843, 0x1843, 0x1843, 0x1843, 0x1843, 0x1843, 0x1843, 0x1843, 0x1863, 0x1863, 0x1863, 0x1863, 
  0x1863, 0x1864, 0x1864, 0x1864, 0x1864, 0x1864, 0x1864, 0x1864, 0x1864, 0x1864, 0x1864, 0x1864, 
  0x1864, 0x1864, 0x1864, 0x1864, 0x1863, 0x1863, 0x1863, 0x1863, 0x1863, 0x1863, 0x1843, 0x1843, 
  0x1843, 0x1843, 0x1843, 0x1843, 0x1843, 0x1843, 0x1843, 0x1843, 0x1843, 0x1843, 0x1843, 0x1843, 
  0x1843, 0x1843, 0x1843, 0x1043, 0x1023, 0x1023, 0x1023, 0x1023, 0x1023, 0x1023, 0x1023, 0x1023, 
  0x1022, 0x1023, 0x1023, 0x1022, 0x1022, 0x1022, 0x1022, 0x1022, 0x1022, 0x1022, 0x1002, 0x1002, 
  0x1002, 0x1002, 0x1002, 0x1002, 0x1002, 0x1002, 0x1002, 0x1002, 0x1002, 0x1002, 0x1002, 0x1002, 
  0x1002, 0x1002, 0x1002, 0x1002, 0x1002, 0x1002, 0x1002, 0x1002, 0x1002, 0x1002, 0x1002, 0x1002, 
  0x1002, 0x1002, 0x1002, 0x1002, 0x1002, 0x1002, 0x1002, 0x1002, 0x1002, 0x1002, 0x1002, 0x1002, 
  0x1002, 0x1002, 0x1002, 0x1002, 0x1002, 0x1002, 0x1002, 0x1002, 0x1022, 0x1022, 0x1023, 0x1023, 
  0x1023, 0x1043, 0x1843, 0x1843, 0x1843, 0x1843, 0x1843, 0x1843, 0x1843, 0x1863, 0x1863, 0x1863, 
  0x1863, 0x1863, 0x1863, 0x1864, 0x1864, 0x1864, 0x1864, 0x1864, 0x1864, 0x1864, 0x1884, 0x2084, 
  0x2084, 0x2084, 0x2084, 0x2084, 0x2084, 0x2084, 0x2084, 0x2084, 0x2084, 0x2084, 0x2084, 0x2084, 
  0x2084, 0x2084, 0x2084, 0x2084, 0x2084, 0x2084, 0x2084, 0x2084, 0x2084, 0x2084, 0x2084, 0x2084, 
  0x2084, 0x2084, 0x2084, 0x2084, 0x2084, 0x20a4, 0x20a5, 0x28c5, 0x2906, 0x3126, 0x3127, 0x3127, 
  0x3126, 0x3127, 0x3126, 0x3126, 0x3106, 0x3106, 0x3106, 0x3106, 0x3106, 0x2906, 0x28e5, 0x28e5, 
  0x28c5, 0x20c5, 0x20c4, 0x20c4, 0x20a4, 0x20c4, 0x20c4, 0x20a4, 0x20a4, 0x20a4, 0x20a4, 0x20a4, 
  0x20a4, 0x20a4, 0x20a4, 0x2084, 0x2084, 0x1884, 0x2084, 0x1884, 0x1884, 0x1884, 0x1884, 0x1884, 
  0x1883, 0x1883, 0x1863, 0x1863, 0x1863, 0x1863, 0x1863, 0x1863, 0x1863, 0x1843, 0x1843, 0x1843, 
  0x1043, 0x1043, 0x1043, 0x1043, 0x1043, 0x1042, 0x1043, 0x1042, 0x1043, 0x1042, 0x1022, 0x1022, 
  0x1022, 0x1022, 0x1022, 0x1022, 0x1022, 0x1022, 0x1022, 0x1022, 0x1022, 0x1022, 0x1022, 0x1022, 
  0x1022, 0x1022, 0x1022, 0x1022, 0x1022, 0x1022, 0x1022, 0x1022, 0x1022, 0x1022, 0x1022, 0x1022, 
  0x1022, 0x1002, 0x1022, 0x1002, 0x1022, 0x1002, 0x1002, 0x1002, 0x1022, 0x1002, 0x1002, 0x1022, 
  0x41a9, 0x1843, 0x1843, 0x1843, 0x1843, 0x1843, 0x1843, 0x1843, 0x1843, 0x1843, 0x1843, 0x1843, 
  0x1843, 0x1843, 0x1843, 0x1843, 0x1843, 0x1843, 0x1843, 0x1843, 0x1823, 0x1823, 0x1023, 0x1023, 
  0x1023, 0x1023, 0x1023, 0x1023, 0x1023, 0x1823, 0x1823, 0x1843, 0x1843, 0x1843, 0x1843, 0x1843, 
  0x1843, 0x1843, 0x1843, 0x1843, 0x1843, 0x1843, 0x1843, 0x1843, 0x1843, 0x1843, 0x1843, 0x1843, 
  0x1843, 0x1843, 0x1863, 0x1843, 0x1864, 0x1864, 0x1864, 0x1864, 0x1864, 0x1864, 0x2064, 0x2064, 
  0x2064, 0x2064, 0x1864, 0x1864, 0x1864, 0x1864, 0x1864, 0x1864, 0x1864, 0x1864, 0x1864, 0x1864, 
  0x1864, 0x1864, 0x1864, 0x1864, 0x1864, 0x1843, 0x1843, 0x1843, 0x1843, 0x1843, 0x1843, 0x1843, 
  0x1843, 0x1843, 0x1843, 0x1843, 0x1843, 0x1843, 0x1843, 0x1843, 0x1843, 0x1843, 0x1843, 0x1843, 
  0x1823, 0x1023, 0x1023, 0x1023, 0x1023, 0x1023, 0x1023, 0x1023, 0x1023, 0x1023, 0x1023, 0x1023, 
  0x1023, 0x1023, 0x1023, 0x1022, 0x1002, 0x1002, 0x1002, 0x1002, 0x1002, 0x1002, 0x1002, 0x1002, 
  0x1002, 0x1002, 0x1002, 0x1002, 0x1002, 0x1002, 0x1002, 0x1002, 0x1002, 0x1002, 0x1002, 0x1002, 
  0x1002, 0x1002, 0x1002, 0x1002, 0x1002, 0x1002, 0x1002, 0x1002, 0x1002, 0x1002, 0x1002, 0x1002, 
  0x1002, 0x1002, 0x1002, 0x1002, 0x1002, 0x1002, 0x1002, 0x1002, 0x1002, 0x1002, 0x1002, 0x1002, 
  0x1002, 0x1002, 0x1002, 0x1002, 0x1002, 0x1023, 0x1023, 0x1023, 0x1023, 0x1843, 0x1843, 0x1843, 
  0x1843, 0x1843, 0x1843, 0x1843, 0x1843, 0x1843, 0x1864, 0x1864, 0x1864, 0x1864, 0x1864, 0x1864, 
  0x1864, 0x1864, 0x1864, 0x2084, 0x2064, 0x2084, 0x2084, 0x2084, 0x2084, 0x2084, 0x2084, 0x2084, 
  0x2084, 0x2084, 0x2084, 0x2084, 0x2084, 0x2084, 0x2084, 0x2084, 0x2084, 0x2084, 0x2084, 0x2084, 
  0x2084, 0x2084, 0x2084, 0x2084, 0x2084, 0x2084, 0x2084, 0x2084, 0x2084, 0x2084, 0x2084, 0x2084, 
  0x2084, 0x20a5, 0x28c5, 0x28e6, 0x3106, 0x3127, 0x3127, 0x3127, 0x3127, 0x3127, 0x3127, 0x3127, 
  0x3127, 0x3127, 0x3106, 0x3126, 0x3106, 0x3106, 0x3106, 0x2906, 0x28e5, 0x28e5, 0x20c5, 0x20c5, 
  0x20c5, 0x28c5, 0x20c5, 0x20c5, 0x20c5, 0x20c4, 0x20a4, 0x20a4, 0x20a4, 0x20a4, 0x20a4, 0x20a4, 
  0x20a4, 0x20a4, 0x2084, 0x2084, 0x2084, 0x2084, 0x2084, 0x1884, 0x1884, 0x1884, 0x1884, 0x1863, 
  0x1863, 0x1863, 0x1863, 0x1863, 0x1863, 0x1863, 0x1863, 0x1863, 0x1843, 0x1843, 0x1843, 0x1843, 
  0x1843, 0x1843, 0x1843, 0x1843, 0x1043, 0x1043, 0x1843, 0x1023, 0x1023, 0x1043, 0x1043, 0x1043, 
  0x1023, 0x1023, 0x1022, 0x1022, 0x1022, 0x1022, 0x1022, 0x1022, 0x1022, 0x1022, 0x1022, 0x1022, 
  0x1022, 0x1022, 0x1022, 0x1022, 0x1022, 0x1022, 0x1022, 0x1022, 0x1022, 0x1022, 0x1022, 0x1002, 
  0x1022, 0x1002, 0x1022, 0x1022, 0x1022, 0x1022, 0x1002, 0x1023, 0x49a9, 0x1843, 0x1843, 0x1843, 
  0x1843, 0x1843, 0x1843, 0x1843, 0x1843, 0x1843, 0x1843, 0x1843, 0x1843, 0x1843, 0x1843, 0x1843, 
  0x1843, 0x1843, 0x1843, 0x1843, 0x1843, 0x1843, 0x1823, 0x1823, 0x1823, 0x1823, 0x1823, 0x1823, 
  0x1843, 0x1843, 0x1843, 0x1843, 0x1843, 0x1843, 0x1843, 0x1843, 0x1843, 0x1843, 0x1843, 0x1843, 
  0x1843, 0x1843, 0x1843, 0x1843, 0x1843, 0x1843, 0x1844, 0x1864, 0x1864, 0x1864, 0x1864, 0x1864, 
  0x1864, 0x1864, 0x2064, 0x2064, 0x2064, 0x2064, 0x2064, 0x2064, 0x2084, 0x2084, 0x2084, 0x2084, 
  0x2084, 0x2084, 0x2084, 0x2084, 0x2064, 0x1864, 0x1864, 0x1864, 0x1864, 0x1864, 0x1864, 0x1864, 
  0x1864, 0x1864, 0x1864, 0x1864, 0x1844, 0x1844, 0x1864, 0x1864, 0x1843, 0x1843, 0x1843, 0x1843, 
  0x1843, 0x1843, 0x1843, 0x1843, 0x1843, 0x1843, 0x1843, 0x1843, 0x1843, 0x1843, 0x1823, 0x1823, 
  0x1023, 0x1823, 0x1823, 0x1023, 0x1023, 0x1023, 0x1023, 0x1023, 0x1023, 0x1023, 0x1023, 0x1023, 
  0x1003, 0x1003, 0x1003, 0x1023, 0x1003, 0x1003, 0x1023, 0x1003, 0x1023, 0x1002, 0x1002, 0x1002, 
  0x1002, 0x1002, 0x1002, 0x1002, 0x1002, 0x1002, 0x1002, 0x1002, 0x1002, 0x1002, 0x1002, 0x1002, 
  0x1002, 0x1002, 0x1002, 0x1002, 0x1002, 0x1002, 0x1023, 0x1003, 0x1003, 0x1003, 0x1003, 0x1003, 
  0x1002, 0x1002, 0x1002, 0x1002, 0x1002, 0x1003, 0x1003, 0x1003, 0x1003, 0x1003, 0x1003, 0x1003, 
  0x1003, 0x1023, 0x1023, 0x1823, 0x1843, 0x1843, 0x1843, 0x1843, 0x1843, 0x1844, 0x1844, 0x1864, 
  0x1864, 0x1864, 0x1864, 0x1864, 0x1864, 0x1864, 0x1864, 0x2064, 0x2084, 0x2064, 0x2084, 0x2084, 
  0x2084, 0x2084, 0x2084, 0x2084, 0x2084, 0x2085, 0x2085, 0x2085, 0x2085, 0x2085, 0x20a5, 0x20a5, 
  0x20a5, 0x20a5, 0x2085, 0x20a5, 0x20a5, 0x20a5, 0x20a5, 0x20a5, 0x20a5, 0x20a5, 0x20a5, 0x20a5, 
  0x20a5, 0x20a5, 0x20a5, 0x20a5, 0x20a5, 0x20a5, 0x2085, 0x2085, 0x20a5, 0x20a5, 0x28c5, 0x28e6, 
  0x3106, 0x3127, 0x3947, 0x3947, 0x3947, 0x3947, 0x3927, 0x3947, 0x3927, 0x3927, 0x3127, 0x3127, 
  0x3127, 0x3127, 0x3126, 0x3106, 0x2906, 0x28e6, 0x28e6, 0x28e5, 0x28e5, 0x28e5, 0x28e5, 0x28e5, 
  0x28c5, 0x28c5, 0x28c5, 0x28c5, 0x20c5, 0x20a5, 0x20a5, 0x20a5, 0x20a5, 0x20a5, 0x20a5, 0x20a4, 
  0x20a4, 0x20a4, 0x20a4, 0x20a4, 0x2084, 0x2084, 0x2084, 0x2084, 0x1884, 0x1864, 0x1863, 0x1863, 
  0x1863, 0x1863, 0x1863, 0x1863, 0x1843, 0x1863, 0x1863, 0x1863, 0x1843, 0x1843, 0x1843, 0x1843, 
  0x1843, 0x1843, 0x1843, 0x1843, 0x1843, 0x1843, 0x1843, 0x1843, 0x1043, 0x1023, 0x1843, 0x1023, 
  0x1023, 0x1022, 0x1023, 0x1023, 0x1023, 0x1022, 0x1022, 0x1022, 0x1022, 0x1022, 0x1022, 0x1022, 
  0x1022, 0x1022, 0x1022, 0x1022, 0x1022, 0x1002, 0x1023, 0x1022, 0x1022, 0x1022, 0x1022, 0x1002, 
  0x1022, 0x1022, 0x1022, 0x1023, 0x49a9, 0x1844, 0x1844, 0x1844, 0x1844, 0x1844, 0x1844, 0x1844, 
  0x1844, 0x1844, 0x1844, 0x1844, 0x1844, 0x1844, 0x1844, 0x1844, 0x1844, 0x1844, 0x1844, 0x1843, 
  0x1843, 0x1843, 0x1823, 0x1823, 0x1843, 0x1823, 0x1823, 0x1823, 0x1843, 0x1843, 0x1843, 0x1843, 
  0x1843, 0x1843, 0x1843, 0x1843, 0x1844, 0x1844, 0x1844, 0x1844, 0x1844, 0x1844, 0x1844, 0x1864, 
  0x1864, 0x1864, 0x1864, 0x2064, 0x1864, 0x2064, 0x2064, 0x2064, 0x2064, 0x2064, 0x2064, 0x2064, 
  0x2064, 0x2084, 0x2084, 0x2084, 0x2084, 0x2084, 0x2084, 0x2084, 0x2084, 0x2084, 0x2084, 0x2084, 
  0x2084, 0x2084, 0x2064, 0x2064, 0x2064, 0x2064, 0x2064, 0x2064, 0x1864, 0x2064, 0x2064, 0x1864, 
  0x1864, 0x1864, 0x1864, 0x1864, 0x1864, 0x1864, 0x1844, 0x1844, 0x1844, 0x1844, 0x1844, 0x1844, 
  0x1844, 0x1844, 0x1843, 0x1844, 0x1843, 0x1843, 0x1843, 0x1823, 0x1823, 0x1823, 0x1823, 0x1823, 
  0x1823, 0x1823, 0x1023, 0x1023, 0x1023, 0x1023, 0x1023, 0x1023, 0x1023, 0x1023, 0x1023, 0x1003, 
  0x1003, 0x1003, 0x1003, 0x1023, 0x1003, 0x1003, 0x1003, 0x1003, 0x1003, 0x1002, 0x1003, 0x1003, 
  0x1003, 0x1003, 0x1003, 0x1003, 0x1003, 0x1003, 0x1003, 0x1003, 0x1003, 0x1003, 0x1003, 0x1003, 
  0x1003, 0x1003, 0x1003, 0x1003, 0x1003, 0x1003, 0x1003, 0x1003, 0x1003, 0x1003, 0x1003, 0x1003, 
  0x1003, 0x1003, 0x1023, 0x1003, 0x1003, 0x1003, 0x1003, 0x1023, 0x1023, 0x1023, 0x1823, 0x1823, 
  0x1843, 0x1843, 0x1844, 0x1844, 0x1844, 0x1864, 0x1864, 0x1864, 0x2064, 0x2064, 0x2064, 0x2064, 
  0x2064, 0x2064, 0x2064, 0x2064, 0x2084, 0x2084, 0x2084, 0x2085, 0x2085, 0x2085, 0x2085, 0x2085, 
  0x2085, 0x20a5, 0x20a5, 0x20a5, 0x20a5, 0x28a5, 0x28a5, 0x28a5, 0x28a5, 0x28a5, 0x28a5, 0x28a5, 
  0x28a5, 0x28a5, 0x28a5, 0x28a5, 0x28a5, 0x28a5, 0x28a5, 0x28a5, 0x28a5, 0x28a5, 0x28a5, 0x28a5, 
  0x28a5, 0x28a5, 0x28a5, 0x28a5, 0x28a5, 0x28c5, 0x28c6, 0x30e6, 0x3127, 0x3947, 0x3948, 0x3968, 
  0x3948, 0x3968, 0x3948, 0x3948, 0x3948, 0x3947, 0x3947, 0x3947, 0x3947, 0x3947, 0x3947, 0x3127, 
  0x3107, 0x3106, 0x3106, 0x3106, 0x3106, 0x3106, 0x3106, 0x3106, 0x28e6, 0x28e6, 0x28e6, 0x28e6, 
  0x28e6, 0x28c5, 0x28c5, 0x28c5, 0x28c5, 0x28c5, 0x28c5, 0x28c5, 0x28c5, 0x28a5, 0x28a5, 0x28a5, 
  0x28a5, 0x20a5, 0x20a5, 0x2084, 0x2084, 0x2084, 0x2084, 0x2084, 0x2064, 0x2084, 0x2084, 0x2064, 
  0x2064, 0x2064, 0x2064, 0x1864, 0x1864, 0x1864, 0x1864, 0x1844, 0x1864, 0x1843, 0x1843, 0x1843, 
  0x1843, 0x1843, 0x1843, 0x1843, 0x1843, 0x1843, 0x1843, 0x1843, 0x1843, 0x1823, 0x1823, 0x1823, 
  0x1823, 0x1823, 0x1823, 0x1823, 0x1823, 0x1823, 0x1023, 0x1823, 0x1023, 0x1823, 0x1023, 0x1823, 
  0x1023, 0x1023, 0x1023, 0x1023, 0x1823, 0x1023, 0x1023, 0x1023, 0x1023, 0x1023, 0x1823, 0x1823, 
  0x49a9, 0x1844, 0x1844, 0x1844, 0x1844, 0x1844, 0x1844, 0x1844, 0x1844, 0x1844, 0x1844, 0x1844, 
  0x1844, 0x1844, 0x1844, 0x1844, 0x1844, 0x1844, 0x1844, 0x1844, 0x1844, 0x1844, 0x1843, 0x1843, 
  0x1843, 0x1843, 0x1843, 0x1843, 0x1843, 0x1844, 0x1844, 0x1844, 0x1844, 0x1844, 0x1844, 0x1844, 
  0x1844, 0x1844, 0x1844, 0x1844, 0x1844, 0x1844, 0x1844, 0x2064, 0x2064, 0x2064, 0x2064, 0x2064, 
  0x2064, 0x2064, 0x2064, 0x2064, 0x2064, 0x2064, 0x2064, 0x2064, 0x2064, 0x2084, 0x2085, 0x2085, 
  0x2085, 0x2085, 0x2085, 0x2085, 0x2085, 0x2085, 0x2085, 0x2085, 0x2085, 0x2085, 0x2084, 0x2064, 
  0x2084, 0x2064, 0x2064, 0x2064, 0x2064, 0x2064, 0x2064, 0x2064, 0x2064, 0x2064, 0x2064, 0x2064, 
  0x1864, 0x1864, 0x1864, 0x1844, 0x1844, 0x1844, 0x1844, 0x1844, 0x1844, 0x1844, 0x1844, 0x1844, 
  0x1844, 0x1844, 0x1843, 0x1843, 0x1823, 0x1823, 0x1823, 0x1823, 0x1823, 0x1823, 0x1823, 0x1823, 
  0x1823, 0x1823, 0x1823, 0x1823, 0x1023, 0x1023, 0x1023, 0x1003, 0x1023, 0x1023, 0x1003, 0x1003, 
  0x1003, 0x1003, 0x1003, 0x1003, 0x1003, 0x1003, 0x1003, 0x1003, 0x1003, 0x1003, 0x1003, 0x1003, 
  0x1003, 0x1003, 0x1003, 0x1003, 0x1003, 0x1003, 0x1003, 0x1003, 0x1003, 0x1003, 0x1003, 0x1003, 
  0x1003, 0x1003, 0x1003, 0x1003, 0x1003, 0x1003, 0x1003, 0x1003, 0x1003, 0x1003, 0x1003, 0x1003, 
  0x1003, 0x1023, 0x1003, 0x1003, 0x1823, 0x1823, 0x1823, 0x1843, 0x1844, 0x1844, 0x1844, 0x1844, 
  0x1864, 0x2064, 0x2064, 0x2064, 0x2064, 0x2064, 0x2064, 0x2064, 0x2064, 0x2064, 0x2064, 0x2084, 
  0x2085, 0x2085, 0x2085, 0x2085, 0x2085, 0x2085, 0x2085, 0x20a5, 0x28a5, 0x28a5, 0x28a5, 0x28a5, 
  0x28a5, 0x28a5, 0x28a5, 0x28a5, 0x28a5, 0x28a5, 0x28a5, 0x28a5, 0x28a5, 0x28a5, 0x28a5, 0x28a5, 
  0x28a5, 0x28a5, 0x28a5, 0x28a5, 0x28a5, 0x28a5, 0x28a5, 0x28a5, 0x28a5, 0x28a5, 0x28a5, 0x28a5, 
  0x28a5, 0x28c6, 0x28e6, 0x3107, 0x3927, 0x3968, 0x4168, 0x4168, 0x4168, 0x4168, 0x4168, 0x4168, 
  0x3968, 0x3968, 0x3948, 0x3948, 0x3948, 0x3948, 0x3948, 0x3947, 0x3947, 0x3927, 0x3927, 0x3127, 
  0x3127, 0x3127, 0x3127, 0x3107, 0x3107, 0x3107, 0x3106, 0x3106, 0x3106, 0x30e6, 0x30e6, 0x30e6, 
  0x30e6, 0x28e6, 0x30e6, 0x28c6, 0x28c6, 0x28c6, 0x28c6, 0x28c5, 0x28c5, 0x28a5, 0x28a5, 0x28a5, 
  0x2085, 0x2085, 0x2085, 0x2084, 0x2085, 0x2085, 0x2085, 0x2064, 0x2064, 0x2064, 0x2064, 0x2064, 
  0x2064, 0x2064, 0x2064, 0x2064, 0x2064, 0x2064, 0x2044, 0x1844, 0x1844, 0x2044, 0x2044, 0x1844, 
  0x1844, 0x1844, 0x1844, 0x1843, 0x1843, 0x1843, 0x1843, 0x1843, 0x1843, 0x1823, 0x1823, 0x1843, 
  0x1823, 0x1823, 0x1843, 0x1823, 0x1823, 0x1843, 0x1823, 0x1823, 0x1823, 0x1823, 0x1823, 0x1823, 
  0x1823, 0x1823, 0x1823, 0x1823, 0x1823, 0x1823, 0x1823, 0x1823, 0x49a9, 0x1844, 0x1844, 0x2044, 
  0x1844, 0x1844, 0x1844, 0x1844, 0x2044, 0x1844, 0x1844, 0x1844, 0x1844, 0x2064, 0x1844, 0x1844, 
  0x1844, 0x2044, 0x1844, 0x1844, 0x1844, 0x1844, 0x1844, 0x1844, 0x1844, 0x1844, 0x1844, 0x1844, 
  0x1844, 0x1844, 0x1844, 0x1844, 0x1844, 0x1844, 0x1844, 0x1844, 0x1844, 0x2044, 0x1844, 0x1844, 
  0x1844, 0x2044, 0x2044, 0x2064, 0x2064, 0x2064, 0x2064, 0x2064, 0x2064, 0x2064, 0x2064, 0x2064, 
  0x2064, 0x2064, 0x2064, 0x2064, 0x2085, 0x2085, 0x2085, 0x2085, 0x2085, 0x2085, 0x2085, 0x2085, 
  0x2085, 0x2085, 0x2085, 0x2085, 0x2085, 0x2085, 0x2085, 0x2085, 0x2084, 0x2084, 0x2084, 0x2084, 
  0x2064, 0x2064, 0x2064, 0x2064, 0x2064, 0x2064, 0x2064, 0x2064, 0x2064, 0x2064, 0x2064, 0x1844, 
  0x1844, 0x1844, 0x1864, 0x1844, 0x1844, 0x1844, 0x1844, 0x1844, 0x1844, 0x1844, 0x1844, 0x1844, 
  0x1823, 0x1823, 0x1823, 0x1844, 0x1823, 0x1823, 0x1823, 0x1823, 0x1823, 0x1823, 0x1823, 0x1823, 
  0x1823, 0x1823, 0x1823, 0x1003, 0x1003, 0x1003, 0x1003, 0x1003, 0x1823, 0x1003, 0x1003, 0x1003, 
  0x1003, 0x1003, 0x1003, 0x1003, 0x1003, 0x1003, 0x1003, 0x1003, 0x1003, 0x1003, 0x1003, 0x1003, 
  0x1003, 0x1003, 0x1003, 0x1003, 0x1003, 0x1003, 0x1003, 0x1003, 0x1003, 0x1003, 0x1023, 0x1003, 
  0x1003, 0x1003, 0x1003, 0x1003, 0x1003, 0x1823, 0x1003, 0x1023, 0x1003, 0x1003, 0x1003, 0x1823, 
  0x1823, 0x1823, 0x1823, 0x1844, 0x1844, 0x1844, 0x2064, 0x1844, 0x2064, 0x2064, 0x2064, 0x2064, 
  0x2064, 0x2064, 0x2064, 0x2084, 0x2064, 0x2084, 0x2085, 0x2085, 0x2085, 0x2085, 0x2085, 0x2085, 
  0x2085, 0x2085, 0x28a5, 0x28a5, 0x28a5, 0x28a5, 0x28a5, 0x28a5, 0x28a5, 0x28a5, 0x28a5, 0x28a5, 
  0x28a5, 0x28a5, 0x28c5, 0x28c5, 0x28a5, 0x28a5, 0x28c5, 0x28a5, 0x28a5, 0x28a5, 0x28a5, 0x28a5, 
  0x28a5, 0x28a5, 0x28a5, 0x28a5, 0x28a5, 0x28a5, 0x28a5, 0x28a5, 0x28c6, 0x28c6, 0x30e6, 0x3107, 
  0x3948, 0x4168, 0x4168, 0x4188, 0x4168, 0x4168, 0x4168, 0x4168, 0x4168, 0x4168, 0x4168, 0x3968, 
  0x3948, 0x3948, 0x3948, 0x3948, 0x3948, 0x3948, 0x3948, 0x3927, 0x3927, 0x3927, 0x3927, 0x3927, 
  0x3927, 0x3927, 0x3107, 0x3107, 0x3107, 0x3106, 0x3106, 0x30e6, 0x30e6, 0x30e6, 0x30e6, 0x30e6, 
  0x30e6, 0x30c6, 0x30c6, 0x30e6, 0x28c6, 0x28c6, 0x28a5, 0x28a5, 0x28a5, 0x2885, 0x2885, 0x28a5, 
  0x2085, 0x2085, 0x2085, 0x2085, 0x2085, 0x2085, 0x2084, 0x2064, 0x2084, 0x2064, 0x2064, 0x2064, 
  0x2064, 0x2064, 0x2064, 0x2064, 0x2064, 0x2064, 0x2044, 0x2044, 0x1844, 0x1844, 0x1844, 0x1844, 
  0x1844, 0x1844, 0x1844, 0x1843, 0x1823, 0x1843, 0x1823, 0x1823, 0x1843, 0x1823, 0x1823, 0x1823, 
  0x1823, 0x1823, 0x1823, 0x1823, 0x1823, 0x1823, 0x1823, 0x1823, 0x1823, 0x1823, 0x1823, 0x1823, 
  0x1823, 0x1823, 0x1823, 0x2085, 0x49a9, 0x1844, 0x2044, 0x1844, 0x2044, 0x2044, 0x1844, 0x1844, 
  0x2044, 0x2044, 0x2044, 0x2044, 0x2044, 0x2044, 0x1844, 0x1844, 0x1844, 0x2044, 0x2044, 0x1844, 
  0x1844, 0x1844, 0x1844, 0x1844, 0x1844, 0x1844, 0x1844, 0x1844, 0x1844, 0x1844, 0x1844, 0x1844, 
  0x1844, 0x1844, 0x1844, 0x1844, 0x2044, 0x2044, 0x1844, 0x2064, 0x2044, 0x2064, 0x2044, 0x2064, 
  0x2064, 0x2064, 0x2064, 0x2064, 0x2064, 0x2064, 0x2064, 0x2064, 0x2084, 0x2064, 0x2084, 0x2064, 
  0x2085, 0x2085, 0x2085, 0x2085, 0x2085, 0x2085, 0x2085, 0x2085, 0x2085, 0x2085, 0x2085, 0x2085, 
  0x2085, 0x2085, 0x2085, 0x2085, 0x2085, 0x2085, 0x2085, 0x2064, 0x2064, 0x2064, 0x2064, 0x2064, 
  0x2064, 0x2064, 0x2064, 0x2064, 0x2064, 0x2064, 0x2064, 0x1844, 0x2064, 0x1844, 0x2044, 0x1844, 
  0x2044, 0x2044, 0x1844, 0x1844, 0x1844, 0x1844, 0x1844, 0x1844, 0x1824, 0x1824, 0x1824, 0x1823, 
  0x1823, 0x1823, 0x1823, 0x1823, 0x1823, 0x1823, 0x1823, 0x1823, 0x1823, 0x1823, 0x1823, 0x1823, 
  0x1003, 0x1823, 0x1003, 0x1003, 0x1003, 0x1003, 0x1003, 0x1003, 0x1003, 0x1003, 0x1003, 0x1003, 
  0x1003, 0x1003, 0x1003, 0x1003, 0x1003, 0x1003, 0x1003, 0x1003, 0x1003, 0x1003, 0x1003, 0x1003, 
  0x1003, 0x1003, 0x1003, 0x1003, 0x1003, 0x1003, 0x1003, 0x1823, 0x1003, 0x1003, 0x1003, 0x1003, 
  0x1003, 0x1003, 0x1823, 0x1823, 0x1003, 0x1003, 0x1003, 0x1823, 0x1823, 0x1823, 0x1824, 0x1844, 
  0x1844, 0x1844, 0x2044, 0x1844, 0x2064, 0x2064, 0x2064, 0x2064, 0x2064, 0x2064, 0x2064, 0x2064, 
  0x2084, 0x2084, 0x2085, 0x2085, 0x2085, 0x2085, 0x2085, 0x2085, 0x28a5, 0x2085, 0x28a5, 0x28a5, 
  0x28a5, 0x28a5, 0x28a5, 0x28a5, 0x28a5, 0x28a5, 0x28a5, 0x28a5, 0x28a5, 0x28a5, 0x28a6, 0x28a6, 
  0x28c6, 0x28a5, 0x28c6, 0x28a6, 0x28a6, 0x28a6, 0x28c6, 0x28a6, 0x28a5, 0x28a5, 0x28a5, 0x28a5, 
  0x28a5, 0x28a6, 0x28a6, 0x28c6, 0x28c6, 0x28c6, 0x30e6, 0x3127, 0x3948, 0x4168, 0x4189, 0x4189, 
  0x4189, 0x4189, 0x4168, 0x4168, 0x4168, 0x4168, 0x4168, 0x4168, 0x4148, 0x3948, 0x3948, 0x3948, 
  0x3948, 0x3948, 0x3948, 0x3928, 0x3948, 0x3928, 0x3928, 0x3927, 0x3927, 0x3927, 0x3907, 0x3927, 
  0x3107, 0x3107, 0x3107, 0x3106, 0x3106, 0x3107, 0x30e6, 0x30e6, 0x30e6, 0x30c6, 0x30e6, 0x30c6, 
  0x30c6, 0x30c6, 0x28a6, 0x28a5, 0x28a5, 0x28a5, 0x28a5, 0x28a5, 0x2885, 0x2885, 0x2085, 0x2085, 
  0x2085, 0x2085, 0x2085, 0x2064, 0x2064, 0x2085, 0x2064, 0x2064, 0x2064, 0x2064, 0x2064, 0x2064, 
  0x2064, 0x2064, 0x2064, 0x2044, 0x2044, 0x2044, 0x2044, 0x2044, 0x2044, 0x1844, 0x1844, 0x1844, 
  0x1824, 0x1844, 0x1824, 0x1844, 0x1844, 0x1824, 0x1844, 0x1824, 0x1823, 0x1823, 0x1824, 0x1824, 
  0x1823, 0x1823, 0x1823, 0x1823, 0x1823, 0x1823, 0x1824, 0x1823, 0x1823, 0x1823, 0x1823, 0x30c6, 
  0x4189, 0x1844, 0x1844, 0x1844, 0x1844, 0x1844, 0x1844, 0x1844, 0x1844, 0x1844, 0x1844, 0x1844, 
  0x1844, 0x1844, 0x1844, 0x1844, 0x1844, 0x1844, 0x1844, 0x1844, 0x1844, 0x1844, 0x1844, 0x1844, 
  0x1844, 0x1844, 0x1844, 0x1844, 0x1844, 0x1844, 0x1844, 0x1844, 0x1844, 0x1844, 0x1844, 0x1844, 
  0x1844, 0x1844, 0x1844, 0x1844, 0x2044, 0x2044, 0x2044, 0x2064, 0x2064, 0x2064, 0x2064, 0x2064, 
  0x2064, 0x2064, 0x2064, 0x2064, 0x2064, 0x2064, 0x2064, 0x2064, 0x2085, 0x2085, 0x2085, 0x2085, 
  0x2085, 0x2085, 0x2085, 0x2085, 0x2085, 0x2085, 0x2085, 0x2085, 0x2085, 0x2085, 0x2085, 0x2085, 
  0x2084, 0x2064, 0x2064, 0x2064, 0x2064, 0x2064, 0x2064, 0x2064, 0x2064, 0x2064, 0x2064, 0x2064, 
  0x2064, 0x2064, 0x2064, 0x1844, 0x1844, 0x1844, 0x1844, 0x1844, 0x1844, 0x1844, 0x1844, 0x1844, 
  0x1844, 0x1844, 0x1844, 0x1824, 0x1823, 0x1823, 0x1823, 0x1823, 0x1823, 0x1823, 0x1823, 0x1823, 
  0x1823, 0x1823, 0x1823, 0x1823, 0x1823, 0x1823, 0x1003, 0x1003, 0x1003, 0x1003, 0x1003, 0x1003, 
  0x1003, 0x1003, 0x1003, 0x1003, 0x1003, 0x1003, 0x1003, 0x1003, 0x1003, 0x1003, 0x1003, 0x1003, 
  0x1003, 0x1003, 0x1003, 0x1003, 0x1003, 0x1003, 0x1003, 0x1003, 0x1003, 0x1003, 0x1003, 0x1003, 
  0x1003, 0x1003, 0x1003, 0x1003, 0x1003, 0x1003, 0x1003, 0x1003, 0x1003, 0x1003, 0x1003, 0x1003, 
  0x1003, 0x1003, 0x1003, 0x1003, 0x1823, 0x1823, 0x1823, 0x1824, 0x1844, 0x1844, 0x1844, 0x1844, 
  0x2064, 0x2064, 0x2064, 0x2064, 0x2064, 0x2064, 0x2064, 0x2064, 0x2064, 0x2084, 0x2085, 0x2085, 
  0x2085, 0x2085, 0x2085, 0x2085, 0x2085, 0x2085, 0x28a5, 0x28a5, 0x28a5, 0x28a5, 0x28a5, 0x28a5, 
  0x28a5, 0x28a5, 0x28a5, 0x28a5, 0x28a5, 0x28a5, 0x28a5, 0x28a5, 0x28a5, 0x28a5, 0x28a5, 0x28a5, 
  0x28a5, 0x28a5, 0x28a5, 0x28a5, 0x28a5, 0x28a5, 0x28a5, 0x28a5, 0x28a5, 0x28a5, 0x28a5, 0x28a5, 
  0x28a5, 0x28c6, 0x30e6, 0x3107, 0x3948, 0x4168, 0x4188, 0x4189, 0x4168, 0x4168, 0x4168, 0x4168, 
  0x4168, 0x4168, 0x4168, 0x4148, 0x3948, 0x3948, 0x3948, 0x3948, 0x3948, 0x3948, 0x3928, 0x3927, 
  0x3927, 0x3927, 0x3927, 0x3927, 0x3927, 0x3927, 0x3107, 0x3107, 0x3107, 0x3107, 0x3106, 0x30e6, 
  0x30e6, 0x30e6, 0x30e6, 0x30e6, 0x30e6, 0x30c6, 0x30c6, 0x30c6, 0x28c6, 0x28a6, 0x28a5, 0x28a5, 
  0x28a5, 0x2885, 0x2885, 0x2885, 0x2085, 0x2085, 0x2085, 0x2085, 0x2085, 0x2065, 0x2064, 0x2064, 
  0x2064, 0x2064, 0x2064, 0x2064, 0x2064, 0x2064, 0x2044, 0x2044, 0x2044, 0x2044, 0x2044, 0x2044, 
  0x1844, 0x1844, 0x1844, 0x1844, 0x1844, 0x1844, 0x1844, 0x1824, 0x1823, 0x1823, 0x1823, 0x1823, 
  0x1823, 0x1823, 0x1823, 0x1823, 0x1823, 0x1823, 0x1823, 0x1823, 0x1823, 0x1823, 0x1823, 0x1823, 
  0x1823, 0x1823, 0x1823, 0x1823, 0x1823, 0x1823, 0x1823, 0x3927, 0x4189, 0x1844, 0x1844, 0x1844, 
  0x1844, 0x1844, 0x1844, 0x1844, 0x1844, 0x1844, 0x1844, 0x1844, 0x1844, 0x1844, 0x1844, 0x1844, 
  0x1844, 0x1844, 0x1844, 0x1844, 0x1844, 0x1844, 0x1844, 0x1844, 0x1844, 0x1844, 0x1844, 0x1844, 
  0x1844, 0x1844, 0x1844, 0x1844, 0x1844, 0x1844, 0x1844, 0x1844, 0x1844, 0x1844, 0x1844, 0x1844, 
  0x2044, 0x2044, 0x2044, 0x2064, 0x2064, 0x2064, 0x2064, 0x2064, 0x2064, 0x2064, 0x2064, 0x2064, 
  0x2064, 0x2064, 0x2064, 0x2064, 0x2085, 0x2085, 0x2085, 0x2085, 0x2085, 0x2085, 0x2085, 0x2085, 
  0x2085, 0x2085, 0x2085, 0x2085, 0x2085, 0x2085, 0x2085, 0x2085, 0x2064, 0x2064, 0x2064, 0x2064, 
  0x2064, 0x2064, 0x2064, 0x2064, 0x2064, 0x2064, 0x2064, 0x2064, 0x2064, 0x2064, 0x2064, 0x1844, 
  0x1844, 0x1844, 0x1844, 0x1844, 0x1844, 0x1844, 0x1844, 0x1844, 0x1844, 0x1844, 0x1844, 0x1824, 
  0x1823, 0x1823, 0x1823, 0x1823, 0x1823, 0x1823, 0x1823, 0x1823, 0x1823, 0x1823, 0x1823, 0x1823, 
  0x1823, 0x1823, 0x1003, 0x1003, 0x1003, 0x1003, 0x1003, 0x1003, 0x1003, 0x1003, 0x1003, 0x1003, 
  0x1003, 0x1003, 0x1003, 0x1003, 0x1003, 0x1003, 0x1003, 0x1003, 0x1003, 0x1003, 0x1003, 0x1003, 
  0x1003, 0x1003, 0x1003, 0x1003, 0x1003, 0x1003, 0x1003, 0x1003, 0x1003, 0x1003, 0x1003, 0x1003, 
  0x1003, 0x1003, 0x1003, 0x1003, 0x1003, 0x1003, 0x1003, 0x1003, 0x1003, 0x1003, 0x1003, 0x1003, 
  0x1823, 0x1823, 0x1823, 0x1824, 0x1844, 0x1844, 0x1844, 0x1844, 0x2064, 0x2064, 0x2064, 0x2064, 
  0x2064, 0x2064, 0x2064, 0x2064, 0x2064, 0x2085, 0x2085, 0x2085, 0x2085, 0x2085, 0x2085, 0x2085, 
  0x2085, 0x2085, 0x28a5, 0x28a5, 0x28a5, 0x28a5, 0x28a5, 0x28a5, 0x28a5, 0x28a5, 0x28a5, 0x28a5, 
  0x28a5, 0x28a5, 0x28a5, 0x28a5, 0x28a5, 0x28a5, 0x28a5, 0x28a5, 0x28a5, 0x28a5, 0x28a5, 0x28a5, 
  0x28a5, 0x28a5, 0x28a5, 0x28a5, 0x28a5, 0x28a5, 0x28a5, 0x28a5, 0x28a5, 0x28c6, 0x30e6, 0x3107, 
  0x3948, 0x4168, 0x4168, 0x4189, 0x4168, 0x4168, 0x4168, 0x4168, 0x4168, 0x4168, 0x4168, 0x3948, 
  0x3948, 0x3948, 0x3948, 0x3948, 0x3948, 0x3948, 0x3928, 0x3927, 0x3927, 0x3927, 0x3927, 0x3927, 
  0x3927, 0x3907, 0x3107, 0x3107, 0x3107, 0x3107, 0x3106, 0x30e6, 0x30e6, 0x30e6, 0x30e6, 0x30e6, 
  0x30e6, 0x30c6, 0x30c6, 0x30c6, 0x28c6, 0x28a6, 0x28a5, 0x28a5, 0x28a5, 0x2885, 0x2885, 0x2885, 
  0x2085, 0x2085, 0x2085, 0x2085, 0x2065, 0x2065, 0x2064, 0x2064, 0x2064, 0x2064, 0x2064, 0x2064, 
  0x2064, 0x2064, 0x2044, 0x2044, 0x2044, 0x2044, 0x2044, 0x2044, 0x1844, 0x1844, 0x1844, 0x1844, 
  0x1844, 0x1844, 0x1844, 0x1824, 0x1823, 0x1823, 0x1823, 0x1823, 0x1823, 0x1823, 0x1823, 0x1823, 
  0x1823, 0x1823, 0x1823, 0x1823, 0x1823, 0x1823, 0x1823, 0x1823, 0x1823, 0x1823, 0x1823, 0x1823, 
  0x1823, 0x1823, 0x1823, 0x4169, 0x4168, 0x1844, 0x1844, 0x1844, 0x1844, 0x1844, 0x1844, 0x1844, 
  0x1844, 0x1844, 0x1844, 0x1844, 0x1844, 0x1844, 0x1844, 0x1844, 0x1844, 0x1844, 0x1844, 0x1844, 
  0x1844, 0x1844, 0x1844, 0x1844, 0x1844, 0x1844, 0x1844, 0x1844, 0x1844, 0x1844, 0x1844, 0x1844, 
  0x1844, 0x1844, 0x1844, 0x1844, 0x1844, 0x1844, 0x1844, 0x1844, 0x2044, 0x2044, 0x2044, 0x2064, 
  0x2064, 0x2064, 0x2064, 0x2064, 0x2064, 0x2064, 0x2064, 0x2064, 0x2064, 0x2064, 0x2064, 0x2064, 
  0x2085, 0x2085, 0x2085, 0x2085, 0x2085, 0x2085, 0x2085, 0x2085, 0x2085, 0x2085, 0x2085, 0x2085, 
  0x2085, 0x2085, 0x2084, 0x2064, 0x2064, 0x2064, 0x2064, 0x2064, 0x2064, 0x2064, 0x2064, 0x2064, 
  0x2064, 0x2064, 0x2064, 0x2064, 0x2064, 0x2064, 0x1844, 0x1844, 0x1844, 0x1844, 0x1844, 0x1844, 
  0x1844, 0x1844, 0x1844, 0x1844, 0x1844, 0x1844, 0x1844, 0x1823, 0x1823, 0x1823, 0x1823, 0x1823, 
  0x1823, 0x1823, 0x1823, 0x1823, 0x1823, 0x1823, 0x1823, 0x1823, 0x1823, 0x1823, 0x1003, 0x1003, 
  0x1003, 0x1003, 0x1003, 0x1003, 0x1003, 0x1003, 0x1003, 0x1003, 0x1003, 0x1003, 0x1003, 0x1003, 
  0x1003, 0x1003, 0x1003, 0x1003, 0x1003, 0x1003, 0x1003, 0x1003, 0x1003, 0x1003, 0x1003, 0x1003, 
  0x1003, 0x1003, 0x1003, 0x1003, 0x1003, 0x1003, 0x1003, 0x1003, 0x1003, 0x1003, 0x1003, 0x1003, 
  0x1003, 0x1003, 0x1003, 0x1003, 0x1003, 0x1003, 0x1003, 0x1003, 0x1823, 0x1823, 0x1823, 0x1823, 
  0x1844, 0x1844, 0x1844, 0x1844, 0x2064, 0x2064, 0x2064, 0x2064, 0x2064, 0x2064, 0x2064, 0x2064, 
  0x2064, 0x2085, 0x2085, 0x2085, 0x2085, 0x2085, 0x2085, 0x2085, 0x2085, 0x28a5, 0x28a5, 0x28a5, 
  0x28a5, 0x28a5, 0x28a5, 0x28a5, 0x28a5, 0x28a5, 0x28a5, 0x28a5, 0x28a5, 0x28a5, 0x28a5, 0x28a5, 
  0x28a5, 0x28a5, 0x28a5, 0x28a5, 0x28a5, 0x28a5, 0x28a5, 0x28a5, 0x28a5, 0x28a5, 0x28a5, 0x28a5, 
  0x28a5, 0x28a5, 0x28a5, 0x28a5, 0x28a5, 0x28c6, 0x30e6, 0x3107, 0x3948, 0x4168, 0x4168, 0x4189, 
  0x4168, 0x4168, 0x4168, 0x4168, 0x4168, 0x4168, 0x4168, 0x3948, 0x3948, 0x3948, 0x3948, 0x3948, 
  0x3948, 0x3948, 0x3928, 0x3927, 0x3927, 0x3927, 0x3927, 0x3927, 0x3927, 0x3107, 0x3107, 0x3107, 
  0x3107, 0x3107, 0x30e6, 0x30e6, 0x30e6, 0x30e6, 0x30e6, 0x30e6, 0x30e6, 0x30c6, 0x30c6, 0x30c6, 
  0x28c6, 0x28a6, 0x28a5, 0x28a5, 0x28a5, 0x2885, 0x2885, 0x2885, 0x2085, 0x2085, 0x2085, 0x2085, 
  0x2065, 0x2065, 0x2064, 0x2064, 0x2064, 0x2064, 0x2064, 0x2064, 0x2064, 0x2064, 0x2044, 0x2044, 
  0x2044, 0x2044, 0x2044, 0x2044, 0x1844, 0x1844, 0x1844, 0x1844, 0x1844, 0x1844, 0x1844, 0x1824, 
  0x1823, 0x1823, 0x1823, 0x1823, 0x1823, 0x1823, 0x1823, 0x1823, 0x1823, 0x1823, 0x1823, 0x1823, 
  0x1823, 0x1823, 0x1823, 0x1823, 0x1823, 0x1823, 0x1823, 0x1823, 0x1823, 0x1823, 0x1823, 0x49aa, 
  0x4168, 0x1844, 0x1844, 0x1844, 0x1844, 0x1844, 0x1844, 0x1844, 0x1844, 0x1844, 0x1844, 0x1844, 
  0x1844, 0x1844, 0x1844, 0x1844, 0x1844, 0x1844, 0x1844, 0x1844, 0x1844, 0x1844, 0x1844, 0x1844, 
  0x1844, 0x1844, 0x1844, 0x1844, 0x1844, 0x1844, 0x1844, 0x1844, 0x1844, 0x1844, 0x1844, 0x1844, 
  0x1844, 0x1844, 0x1844, 0x1844, 0x2044, 0x2044, 0x2064, 0x2064, 0x2064, 0x2064, 0x2064, 0x2064, 
  0x2064, 0x2064, 0x2064, 0x2064, 0x2064, 0x2064, 0x2064, 0x2064, 0x2085, 0x2085, 0x2085, 0x2085, 
  0x2085, 0x2085, 0x2085, 0x2085, 0x2085, 0x2085, 0x2085, 0x2085, 0x2085, 0x2084, 0x2064, 0x2064, 
  0x2064, 0x2064, 0x2064, 0x2064, 0x2064, 0x2064, 0x2064, 0x2064, 0x2064, 0x2064, 0x2064, 0x2064, 
  0x2064, 0x1844, 0x1844, 0x1844, 0x1844, 0x1844, 0x1844, 0x1844, 0x1844, 0x1844, 0x1844, 0x1844, 
  0x1844, 0x1844, 0x1823, 0x1823, 0x1823, 0x1823, 0x1823, 0x1823, 0x1823, 0x1823, 0x1823, 0x1823, 
  0x1823, 0x1823, 0x1823, 0x1823, 0x1823, 0x1003, 0x1003, 0x1003, 0x1003, 0x1003, 0x1003, 0x1003, 
  0x1003, 0x1003, 0x1003, 0x1003, 0x1003, 0x1003, 0x1003, 0x1003, 0x1003, 0x1003, 0x1003, 0x1003, 
  0x1003, 0x1003, 0x1003, 0x1003, 0x1003, 0x1003, 0x1003, 0x1003, 0x1003, 0x1003, 0x1003, 0x1003, 
  0x1003, 0x1003, 0x1003, 0x1003, 0x1003, 0x1003, 0x1003, 0x1003, 0x1003, 0x1003, 0x1003, 0x1003, 
  0x1003, 0x1003, 0x1003, 0x1003, 0x1823, 0x1823, 0x1823, 0x1823, 0x1823, 0x1844, 0x1844, 0x1844, 
  0x2064, 0x2064, 0x2064, 0x2064, 0x2064, 0x2064, 0x2064, 0x2064, 0x2064, 0x2085, 0x2085, 0x2085, 
  0x2085, 0x2085, 0x2085, 0x2085, 0x2085, 0x28a5, 0x28a5, 0x28a5, 0x28a5, 0x28a5, 0x28a5, 0x28a5, 
  0x28a5, 0x28a5, 0x28a5, 0x28a5, 0x28a5, 0x28a5, 0x28a5, 0x28a5, 0x28a5, 0x28a5, 0x28a5, 0x28a5, 
  0x28a5, 0x28a5, 0x28a5, 0x28a5, 0x28a5, 0x28a5, 0x28a5, 0x28a5, 0x28a5, 0x28a5, 0x28a5, 0x28a5, 
  0x28a5, 0x28c6, 0x30e6, 0x3107, 0x3948, 0x4168, 0x4168, 0x4189, 0x4168, 0x4168, 0x4168, 0x4168, 
  0x4168, 0x4168, 0x3948, 0x3948, 0x3948, 0x3948, 0x3948, 0x3948, 0x3948, 0x3948, 0x3927, 0x3927, 
  0x3927, 0x3927, 0x3927, 0x3927, 0x3927, 0x3107, 0x3107, 0x3107, 0x3107, 0x3107, 0x30e6, 0x30e6, 
  0x30e6, 0x30e6, 0x30e6, 0x30e6, 0x30c6, 0x30c6, 0x30c6, 0x28c6, 0x28c6, 0x28a6, 0x28a5, 0x28a5, 
  0x2885, 0x2885, 0x2885, 0x2885, 0x2085, 0x2085, 0x2085, 0x2085, 0x2065, 0x2065, 0x2064, 0x2064, 
  0x2064, 0x2064, 0x2064, 0x2064, 0x2064, 0x2044, 0x2044, 0x2044, 0x2044, 0x2044, 0x2044, 0x2044, 
  0x1844, 0x1844, 0x1844, 0x1844, 0x1844, 0x1844, 0x1844, 0x1823, 0x1823, 0x1823, 0x1823, 0x1823, 
  0x1823, 0x1823, 0x1823, 0x1823, 0x1823, 0x1823, 0x1823, 0x1823, 0x1823, 0x1823, 0x1823, 0x1823, 
  0x1823, 0x1823, 0x1823, 0x1823, 0x1823, 0x1823, 0x1823, 0x59eb, 0x4168, 0x1844, 0x1844, 0x1844, 
  0x1844, 0x1844, 0x1844, 0x1844, 0x1844, 0x1844, 0x1844, 0x1844, 0x1844, 0x1844, 0x1844, 0x1844, 
  0x1844, 0x1844, 0x1844, 0x1844, 0x1844, 0x1844, 0x1844, 0x1844, 0x1844, 0x1844, 0x1844, 0x1844, 
  0x1844, 0x1844, 0x1844, 0x1844, 0x1844, 0x1844, 0x1844, 0x1844, 0x1844, 0x1844, 0x1844, 0x1844, 
  0x2044, 0x2044, 0x2064, 0x2064, 0x2064, 0x2064, 0x2064, 0x2064, 0x2064, 0x2064, 0x2064, 0x2064, 
  0x2064, 0x2064, 0x2064, 0x2064, 0x2085, 0x2085, 0x2085, 0x2085, 0x2085, 0x2085, 0x2085, 0x2085, 
  0x2085, 0x2085, 0x2085, 0x2085, 0x2064, 0x2064, 0x2064, 0x2064, 0x2064, 0x2064, 0x2064, 0x2064, 
  0x2064, 0x2064, 0x2064, 0x2064, 0x2064, 0x2064, 0x2064, 0x2064, 0x2044, 0x1844, 0x1844, 0x1844, 
  0x1844, 0x1844, 0x1844, 0x1844, 0x1844, 0x1844, 0x1844, 0x1844, 0x1844, 0x1824, 0x1823, 0x1823, 
  0x1823, 0x1823, 0x1823, 0x1823, 0x1823, 0x1823, 0x1823, 0x1823, 0x1823, 0x1823, 0x1823, 0x1823, 
  0x1003, 0x1003, 0x1003, 0x1003, 0x1003, 0x1003, 0x1003, 0x1003, 0x1003, 0x1003, 0x1003, 0x1003, 
  0x1003, 0x1003, 0x1003, 0x1003, 0x1003, 0x1003, 0x1003, 0x1003, 0x1003, 0x1003, 0x1003, 0x1003, 
  0x1003, 0x1003, 0x1003, 0x1003, 0x1003, 0x1003, 0x1003, 0x1003, 0x1003, 0x1803, 0x1803, 0x1003, 
  0x1003, 0x1003, 0x1003, 0x1003, 0x1003, 0x1003, 0x1003, 0x1003, 0x1003, 0x1003, 0x1003, 0x1823, 
  0x1823, 0x1823, 0x1823, 0x1823, 0x1823, 0x1844, 0x1844, 0x1844, 0x2064, 0x2064, 0x2064, 0x2064, 
  0x2064, 0x2064, 0x2064, 0x2064, 0x2084, 0x2085, 0x2085, 0x2085, 0x2085, 0x2085, 0x2085, 0x2085, 
  0x28a5, 0x28a5, 0x28a5, 0x28a5, 0x28a5, 0x28a5, 0x28a5, 0x28a5, 0x28a5, 0x28a5, 0x28a5, 0x28a5, 
  0x28a5, 0x28a5, 0x28a5, 0x28a5, 0x28a5, 0x28a5, 0x28a5, 0x28a5, 0x28a5, 0x28a5, 0x28a5, 0x28a5, 
  0x28a5, 0x28a5, 0x28a5, 0x28a5, 0x28a5, 0x28a5, 0x28a5, 0x28a5, 0x28a5, 0x28c6, 0x28c6, 0x3107, 
  0x3927, 0x4168, 0x4168, 0x4188, 0x4168, 0x4168, 0x4168, 0x4168, 0x4168, 0x4168, 0x3948, 0x3948, 
  0x3948, 0x3948, 0x3948, 0x3948, 0x3948, 0x3928, 0x3927, 0x3927, 0x3927, 0x3927, 0x3927, 0x3927, 
  0x3907, 0x3107, 0x3107, 0x3107, 0x3107, 0x30e6, 0x30e6, 0x30e6, 0x30e6, 0x30e6, 0x30e6, 0x30e6, 
  0x30c6, 0x30c6, 0x30c6, 0x28c6, 0x28a6, 0x28a5, 0x28a5, 0x28a5, 0x2885, 0x2885, 0x2885, 0x2085, 
  0x2085, 0x2085, 0x2085, 0x2085, 0x2065, 0x2065, 0x2064, 0x2064, 0x2064, 0x2064, 0x2064, 0x2064, 
  0x2064, 0x2044, 0x2044, 0x2044, 0x2044, 0x2044, 0x2044, 0x2044, 0x1844, 0x1844, 0x1844, 0x1844, 
  0x1844, 0x1844, 0x1844, 0x1823, 0x1823, 0x1823, 0x1823, 0x1823, 0x1823, 0x1823, 0x1823, 0x1823, 
  0x1823, 0x1823, 0x1823, 0x1823, 0x1823, 0x1823, 0x1823, 0x1823, 0x1823, 0x1823, 0x1823, 0x1823, 
  0x1823, 0x1823, 0x1823, 0x620d, 0x4148, 0x1844, 0x2044, 0x2044, 0x2044, 0x1844, 0x1844, 0x1844, 
  0x1844, 0x2044, 0x2044, 0x2044, 0x2044, 0x2044, 0x2044, 0x1844, 0x1844, 0x1844, 0x1844, 0x1844, 
  0x1844, 0x1844, 0x1844, 0x1844, 0x1844, 0x1844, 0x1844, 0x1844, 0x1844, 0x1844, 0x1844, 0x1844, 
  0x1844, 0x1844, 0x1844, 0x1844, 0x1844, 0x1844, 0x1844, 0x1844, 0x2044, 0x2044, 0x2064, 0x2064, 
  0x2064, 0x2064, 0x2064, 0x2064, 0x2064, 0x2064, 0x2064, 0x2064, 0x2064, 0x2064, 0x2085, 0x2085, 
  0x2085, 0x2085, 0x2085, 0x2085, 0x2085, 0x2085, 0x2085, 0x2085, 0x2085, 0x2085, 0x2064, 0x2064, 
  0x2064, 0x2064, 0x2064, 0x2064, 0x2064, 0x2064, 0x2064, 0x2064, 0x2064, 0x2064, 0x2064, 0x2064, 
  0x2064, 0x2044, 0x2044, 0x1844, 0x1844, 0x1844, 0x1844, 0x1844, 0x1844, 0x1844, 0x1844, 0x1844, 
  0x1844, 0x1844, 0x1844, 0x1844, 0x1844, 0x1823, 0x1823, 0x1823, 0x1823, 0x1823, 0x1823, 0x1823, 
  0x1823, 0x1823, 0x1823, 0x1823, 0x1823, 0x1823, 0x1823, 0x1003, 0x1003, 0x1003, 0x1003, 0x1003, 
  0x1003, 0x1003, 0x1003, 0x1003, 0x1003, 0x1003, 0x1003, 0x1003, 0x1003, 0x1003, 0x1003, 0x1003, 
  0x1003, 0x1003, 0x1003, 0x1003, 0x1003, 0x1003, 0x1003, 0x1003, 0x1003, 0x1003, 0x1003, 0x1003, 
  0x1003, 0x1003, 0x1003, 0x1003, 0x1803, 0x1823, 0x1823, 0x1823, 0x1803, 0x1003, 0x1003, 0x1003, 
  0x1003, 0x1003, 0x1003, 0x1003, 0x1003, 0x1003, 0x1823, 0x1823, 0x1823, 0x1823, 0x1823, 0x1823, 
  0x1823, 0x1823, 0x1844, 0x1844, 0x2044, 0x2064, 0x2064, 0x2064, 0x2064, 0x2064, 0x2064, 0x2084, 
  0x2085, 0x2085, 0x2085, 0x2085, 0x2085, 0x2085, 0x2085, 0x2085, 0x28a5, 0x28a5, 0x28a5, 0x28a5, 
  0x28a5, 0x28a5, 0x28a5, 0x28a5, 0x28a5, 0x28a5, 0x28a5, 0x28a5, 0x28a5, 0x28a5, 0x28a5, 0x28a5, 
  0x28a5, 0x28a5, 0x28a5, 0x28a5, 0x28a5, 0x28a5, 0x28a5, 0x28a5, 0x28a5, 0x28a5, 0x28a5, 0x28a5, 
  0x28a5, 0x28a5, 0x28a5, 0x28a5, 0x28a5, 0x28a6, 0x28c6, 0x30e6, 0x3927, 0x3948, 0x4168, 0x4168, 
  0x4168, 0x4168, 0x4168, 0x4168, 0x4168, 0x3948, 0x3948, 0x3948, 0x3948, 0x3948, 0x3948, 0x3948, 
  0x3948, 0x3927, 0x3927, 0x3927, 0x3927, 0x3927, 0x3927, 0x3927, 0x3107, 0x3107, 0x3107, 0x3107, 
  0x30e6, 0x30e6, 0x30e6, 0x30e6, 0x30e6, 0x30e6, 0x30e6, 0x30c6, 0x30c6, 0x30c6, 0x28c6, 0x28c6, 
  0x28a6, 0x28a5, 0x28a5, 0x2885, 0x2885, 0x2885, 0x2885, 0x2085, 0x2085, 0x2085, 0x2085, 0x2065, 
  0x2065, 0x2065, 0x2064, 0x2064, 0x2064, 0x2064, 0x2064, 0x2064, 0x2064, 0x2044, 0x2044, 0x2044, 
  0x2044, 0x2044, 0x2044, 0x2044, 0x1844, 0x1844, 0x1844, 0x1844, 0x1844, 0x1844, 0x1844, 0x1823, 
  0x1823, 0x1823, 0x1823, 0x1823, 0x1823, 0x1823, 0x1823, 0x1823, 0x1823, 0x1823, 0x1823, 0x1823, 
  0x1823, 0x1823, 0x1823, 0x1823, 0x1823, 0x1823, 0x1823, 0x1823, 0x1823, 0x1823, 0x1823, 0x6a4f, 
  0x4148, 0x2044, 0x2044, 0x2044, 0x2044, 0x2044, 0x2044, 0x2044, 0x2044, 0x2044, 0x2044, 0x2044, 
  0x2044, 0x2044, 0x2044, 0x1844, 0x1844, 0x1844, 0x1844, 0x1844, 0x1844, 0x1844, 0x1844, 0x1844, 
  0x1844, 0x1844, 0x1844, 0x1844, 0x1844, 0x1844, 0x1844, 0x1844, 0x1844, 0x1844, 0x1844, 0x1844, 
  0x1844, 0x1844, 0x1844, 0x1844, 0x2044, 0x2064, 0x2064, 0x2064, 0x2064, 0x2064, 0x2064, 0x2064, 
  0x2064, 0x2064, 0x2064, 0x2064, 0x2064, 0x2064, 0x2085, 0x2085, 0x2085, 0x2085, 0x2085, 0x2085, 
  0x2085, 0x2085, 0x2085, 0x2085, 0x2084, 0x2064, 0x2064, 0x2064, 0x2064, 0x2064, 0x2064, 0x2064, 
  0x2064, 0x2064, 0x2064, 0x2064, 0x2064, 0x2064, 0x2064, 0x2064, 0x1844, 0x1844, 0x1844, 0x1844, 
  0x1844, 0x1844, 0x1844, 0x1844, 0x1844, 0x1844, 0x1844, 0x1844, 0x1844, 0x1844, 0x1844, 0x1844, 
  0x1823, 0x1823, 0x1823, 0x1823, 0x1823, 0x1823, 0x1823, 0x1823, 0x1823, 0x1823, 0x1823, 0x1823, 
  0x1823, 0x1823, 0x1003, 0x1003, 0x1003, 0x1003, 0x1003, 0x1003, 0x1003, 0x1003, 0x1003, 0x1003, 
  0x1003, 0x1003, 0x1003, 0x1003, 0x1003, 0x1003, 0x1003, 0x1003, 0x1003, 0x1003, 0x1003, 0x1003, 
  0x1003, 0x1003, 0x1003, 0x1003, 0x1003, 0x1003, 0x1003, 0x1003, 0x1003, 0x1003, 0x1003, 0x1803, 
  0x1823, 0x1823, 0x1823, 0x1823, 0x1823, 0x1803, 0x1003, 0x1003, 0x1003, 0x1003, 0x1003, 0x1003, 
  0x1003, 0x1823, 0x1823, 0x1823, 0x1823, 0x1823, 0x1823, 0x1823, 0x1823, 0x1823, 0x1844, 0x1844, 
  0x1844, 0x2064, 0x2064, 0x2064, 0x2064, 0x2064, 0x2064, 0x2084, 0x2085, 0x2085, 0x2085, 0x2085, 
  0x2085, 0x2085, 0x2085, 0x28a5, 0x28a5, 0x28a5, 0x28a5, 0x28a5, 0x28a5, 0x28a5, 0x28a5, 0x28a5, 
  0x28a5, 0x28a5, 0x28a5, 0x28a5, 0x28a5, 0x28a5, 0x28a5, 0x28a5, 0x28a5, 0x28a5, 0x28a5, 0x28a5, 
  0x28a5, 0x28a5, 0x28a5, 0x28a5, 0x28a5, 0x28a5, 0x28a5, 0x28a5, 0x28a5, 0x28a5, 0x28a5, 0x28a5, 
  0x28a5, 0x28a5, 0x28c6, 0x30e6, 0x3927, 0x3948, 0x4168, 0x4168, 0x4168, 0x4168, 0x4168, 0x4168, 
  0x4148, 0x3948, 0x3948, 0x3948, 0x3948, 0x3948, 0x3948, 0x3948, 0x3927, 0x3927, 0x3927, 0x3927, 
  0x3927, 0x3927, 0x3927, 0x3927, 0x3107, 0x3107, 0x3107, 0x3107, 0x30e6, 0x30e6, 0x30e6, 0x30e6, 
  0x30e6, 0x30e6, 0x30e6, 0x30c6, 0x30c6, 0x30c6, 0x28c6, 0x28a6, 0x28a5, 0x28a5, 0x28a5, 0x2885, 
  0x2885, 0x2885, 0x2885, 0x2085, 0x2085, 0x2085, 0x2065, 0x2065, 0x2065, 0x2064, 0x2064, 0x2064, 
  0x2064, 0x2064, 0x2064, 0x2064, 0x2044, 0x2044, 0x2044, 0x2044, 0x2044, 0x2044, 0x2044, 0x1844, 
  0x1844, 0x1844, 0x1844, 0x1844, 0x1844, 0x1844, 0x1824, 0x1823, 0x1823, 0x1823, 0x1823, 0x1823, 
  0x1823, 0x1823, 0x1823, 0x1823, 0x1823, 0x1823, 0x1823, 0x1823, 0x1823, 0x1823, 0x1823, 0x1823, 
  0x1823, 0x1823, 0x1823, 0x1823, 0x1823, 0x1823, 0x1824, 0x7a91, 0x4168, 0x2044, 0x2044, 0x2044, 
  0x2044, 0x2044, 0x2044, 0x2044, 0x2044, 0x2044, 0x2044, 0x2044, 0x2044, 0x2044, 0x2044, 0x1844, 
  0x1844, 0x1844, 0x1844, 0x1844, 0x1844, 0x1844, 0x1844, 0x1844, 0x1844, 0x1844, 0x1844, 0x1844, 
  0x1844, 0x1844, 0x1844, 0x1844, 0x1844, 0x1844, 0x1844, 0x1844, 0x1844, 0x1844, 0x1844, 0x1844, 
  0x2064, 0x2064, 0x2064, 0x2064, 0x2064, 0x2064, 0x2064, 0x2064, 0x2064, 0x2064, 0x2064, 0x2064, 
  0x2064, 0x2085, 0x2085, 0x2085, 0x2085, 0x2085, 0x2085, 0x2085, 0x2085, 0x2064, 0x2064, 0x2064, 
  0x2064, 0x2064, 0x2064, 0x2064, 0x2064, 0x2064, 0x2064, 0x2064, 0x2064, 0x2064, 0x2064, 0x2064, 
  0x2064, 0x2064, 0x1844, 0x1844, 0x1844, 0x1844, 0x1844, 0x1844, 0x1844, 0x1844, 0x1844, 0x1844, 
  0x1844, 0x1844, 0x1844, 0x1844, 0x1844, 0x1844, 0x1844, 0x1823, 0x1823, 0x1823, 0x1823, 0x1823, 
  0x1823, 0x1823, 0x1823, 0x1823, 0x1823, 0x1823, 0x1823, 0x1823, 0x1823, 0x1003, 0x1003, 0x1003, 
  0x1003, 0x1003, 0x1003, 0x1003, 0x1003, 0x1003, 0x1003, 0x1003, 0x1003, 0x1003, 0x1003, 0x1003, 
  0x1003, 0x1003, 0x1003, 0x1003, 0x1003, 0x1003, 0x1003, 0x1003, 0x1003, 0x1003, 0x1003, 0x1003, 
  0x1003, 0x1003, 0x1003, 0x1003, 0x1003, 0x1003, 0x1803, 0x1823, 0x1823, 0x1823, 0x1823, 0x1823, 
  0x1823, 0x1823, 0x1823, 0x1803, 0x1003, 0x1003, 0x1003, 0x1003, 0x1823, 0x1823, 0x1823, 0x1823, 
  0x1823, 0x1823, 0x1823, 0x1823, 0x1823, 0x1823, 0x1823, 0x1844, 0x1844, 0x2044, 0x2064, 0x2064, 
  0x2064, 0x2064, 0x2064, 0x2085, 0x2085, 0x2085, 0x2085, 0x2085, 0x2085, 0x2085, 0x2085, 0x28a5, 
  0x28a5, 0x28a5, 0x28a5, 0x28a5, 0x28a5, 0x28a5, 0x28a5, 0x28a5, 0x28a5, 0x28a5, 0x28a5, 0x28a5, 
  0x28a5, 0x28a5, 0x28a5, 0x28a5, 0x28a5, 0x28a5, 0x28a5, 0x28a5, 0x28a5, 0x28a5, 0x28a5, 0x28a5, 
  0x28a5, 0x28a5, 0x28a5, 0x28a5, 0x28a5, 0x28a5, 0x28a5, 0x28a5, 0x28a5, 0x28a5, 0x28c6, 0x30e6, 
  0x3107, 0x3948, 0x4168, 0x4168, 0x4168, 0x4168, 0x4168, 0x4168, 0x3948, 0x3948, 0x3948, 0x3948, 
  0x3948, 0x3948, 0x3948, 0x3927, 0x3927, 0x3927, 0x3927, 0x3927, 0x3927, 0x3927, 0x3927, 0x3107, 
  0x3107, 0x3107, 0x3107, 0x3106, 0x30e6, 0x30e6, 0x30e6, 0x30e6, 0x30e6, 0x30e6, 0x30c6, 0x30c6, 
  0x30c6, 0x30c6, 0x28c6, 0x28a6, 0x28a5, 0x28a5, 0x2885, 0x2885, 0x2885, 0x2885, 0x2085, 0x2085, 
  0x2085, 0x2065, 0x2065, 0x2065, 0x2064, 0x2064, 0x2064, 0x2064, 0x2064, 0x2064, 0x2064, 0x2044, 
  0x2044, 0x2044, 0x2044, 0x2044, 0x2044, 0x2044, 0x2044, 0x1844, 0x1844, 0x1844, 0x1844, 0x1844, 
  0x1844, 0x1824, 0x1824, 0x1823, 0x1823, 0x1823, 0x1823, 0x1823, 0x1823, 0x1823, 0x1823, 0x1823, 
  0x1823, 0x1823, 0x1823, 0x1823, 0x1823, 0x1824, 0x1824, 0x1824, 0x1824, 0x1824, 0x1824, 0x1824, 
  0x1824, 0x1824, 0x1824, 0x8ad3, 0x4168, 0x2044, 0x2044, 0x2044, 0x2044, 0x2044, 0x2044, 0x2044, 
  0x2044, 0x2044, 0x2044, 0x2044, 0x2044, 0x2044, 0x1844, 0x1844, 0x1844, 0x1844, 0x1844, 0x1844, 
  0x1844, 0x1844, 0x1844, 0x1844, 0x1844, 0x1844, 0x1844, 0x1844, 0x1844, 0x1844, 0x1844, 0x1844, 
  0x1844, 0x1844, 0x1844, 0x1844, 0x1844, 0x1844, 0x1844, 0x2064, 0x2064, 0x2064, 0x2064, 0x2064, 
  0x2064, 0x2064, 0x2064, 0x2064, 0x2064, 0x2064, 0x2064, 0x2064, 0x2085, 0x2085, 0x2085, 0x2085, 
  0x2085, 0x2085, 0x2085, 0x2085, 0x2064, 0x2064, 0x2064, 0x2064, 0x2064, 0x2064, 0x2064, 0x2064, 
  0x2064, 0x2064, 0x2064, 0x2064, 0x2064, 0x2064, 0x2064, 0x2064, 0x2064, 0x1844, 0x1844, 0x1844, 
  0x1844, 0x1844, 0x1844, 0x1844, 0x1844, 0x1844, 0x1844, 0x1844, 0x1844, 0x1844, 0x1844, 0x1844, 
  0x1844, 0x1844, 0x1823, 0x1823, 0x1823, 0x1823, 0x1823, 0x1823, 0x1823, 0x1823, 0x1823, 0x1823, 
  0x1823, 0x1823, 0x1823, 0x1823, 0x1003, 0x1003, 0x1003, 0x1003, 0x1003, 0x1003, 0x1003, 0x1003, 
  0x1003, 0x1003, 0x1003, 0x1003, 0x1003, 0x1003, 0x1003, 0x1003, 0x1003, 0x1003, 0x1003, 0x1003, 
  0x1003, 0x1003, 0x1003, 0x1003, 0x1003, 0x1003, 0x1003, 0x1003, 0x1003, 0x1003, 0x1003, 0x1003, 
  0x1003, 0x1803, 0x1823, 0x1823, 0x1823, 0x1823, 0x1823, 0x1823, 0x1823, 0x1823, 0x1823, 0x1823, 
  0x1803, 0x1803, 0x1003, 0x1823, 0x1823, 0x1823, 0x1823, 0x1823, 0x1823, 0x1823, 0x1823, 0x1823, 
  0x1823, 0x1823, 0x1823, 0x1823, 0x1844, 0x1844, 0x2064, 0x2064, 0x2064, 0x2064, 0x2085, 0x2085, 
  0x2085, 0x2085, 0x2085, 0x2085, 0x2085, 0x2085, 0x28a5, 0x28a5, 0x28a5, 0x28a5, 0x28a5, 0x28a5, 
  0x28a5, 0x28a5, 0x28a5, 0x28a5, 0x28a5, 0x28a5, 0x28a5, 0x28a5, 0x28a5, 0x28a5, 0x28a5, 0x28a5, 
  0x28a5, 0x28a5, 0x28a5, 0x28a5, 0x28a5, 0x28a5, 0x28a5, 0x28a5, 0x28a5, 0x28a5, 0x28a5, 0x28a5, 
  0x28a5, 0x28a5, 0x28a5, 0x28a5, 0x28a5, 0x28a5, 0x28c6, 0x30e6, 0x3107, 0x3948, 0x4168, 0x4168, 
  0x4168, 0x4168, 0x4168, 0x4148, 0x3948, 0x3948, 0x3948, 0x3948, 0x3948, 0x3948, 0x3948, 0x3927, 
  0x3927, 0x3927, 0x3927, 0x3927, 0x3927, 0x3927, 0x3107, 0x3107, 0x3107, 0x3107, 0x3107, 0x30e6, 
  0x30e6, 0x30e6, 0x30e6, 0x30e6, 0x30e6, 0x30c6, 0x30c6, 0x30c6, 0x30c6, 0x28c6, 0x28a6, 0x28a5, 
  0x28a5, 0x28a5, 0x2885, 0x2885, 0x2885, 0x2885, 0x2085, 0x2085, 0x2085, 0x2065, 0x2065, 0x2065, 
  0x2064, 0x2064, 0x2064, 0x2064, 0x2064, 0x2064, 0x2064, 0x2044, 0x2044, 0x2044, 0x2044, 0x2044, 
  0x2044, 0x2044, 0x1844, 0x1844, 0x1844, 0x1844, 0x1844, 0x1844, 0x1824, 0x1824, 0x1824, 0x1824, 
  0x1823, 0x1823, 0x1823, 0x1823, 0x1823, 0x1823, 0x1823, 0x1823, 0x1823, 0x1823, 0x1823, 0x1824, 
  0x1824, 0x1824, 0x1824, 0x1824, 0x1824, 0x1824, 0x1824, 0x1824, 0x1824, 0x1824, 0x1824, 0x9b15, 
  0x4168, 0x2044, 0x2044, 0x2044, 0x2044, 0x2044, 0x2044, 0x2044, 0x2044, 0x2044, 0x2044, 0x2044, 
  0x2044, 0x2044, 0x1844, 0x1844, 0x1844, 0x1844, 0x1844, 0x1844, 0x1844, 0x1844, 0x1844, 0x1844, 
  0x1844, 0x1844, 0x1844, 0x1844, 0x1844, 0x1844, 0x1844, 0x1844, 0x1844, 0x1844, 0x1844, 0x1844, 
  0x1844, 0x1844, 0x1844, 0x2064, 0x2064, 0x2064, 0x2064, 0x2064, 0x2064, 0x2064, 0x2064, 0x2064, 
  0x2064, 0x2064, 0x2064, 0x2064, 0x2085, 0x2085, 0x2085, 0x2085, 0x2085, 0x2085, 0x2085, 0x2084, 
  0x2064, 0x2064, 0x2064, 0x2064, 0x2064, 0x2064, 0x2064, 0x2064, 0x2064, 0x2064, 0x2064, 0x2064, 
  0x2064, 0x2064, 0x2064, 0x2064, 0x1844, 0x1844, 0x1844, 0x1844, 0x1844, 0x1844, 0x1844, 0x1844, 
  0x1844, 0x1844, 0x1844, 0x1844, 0x1844, 0x1844, 0x1844, 0x1844, 0x1844, 0x1823, 0x1823, 0x1823, 
  0x1823, 0x1823, 0x1823, 0x1823, 0x1823, 0x1823, 0x1823, 0x1823, 0x1823, 0x1823, 0x1823, 0x1823, 
  0x1003, 0x1003, 0x1003, 0x1003, 0x1003, 0x1003, 0x1003, 0x1003, 0x1003, 0x1003, 0x1003, 0x1003, 
  0x1003, 0x1003, 0x1003, 0x1003, 0x1003, 0x1003, 0x1003, 0x1003, 0x1003, 0x1003, 0x1003, 0x1003, 
  0x1003, 0x1003, 0x1003, 0x1003, 0x1003, 0x1003, 0x1003, 0x1003, 0x1003, 0x1803, 0x1823, 0x1823, 
  0x1823, 0x1823, 0x1823, 0x1823, 0x1823, 0x1823, 0x1823, 0x1823, 0x1823, 0x1803, 0x1803, 0x1823, 
  0x1823, 0x1823, 0x1823, 0x1823, 0x1823, 0x1823, 0x1823, 0x1823, 0x1823, 0x1823, 0x1823, 0x1823, 
  0x1824, 0x1844, 0x1844, 0x2064, 0x2064, 0x2064, 0x2085, 0x2085, 0x2085, 0x2085, 0x2085, 0x2085, 
  0x2085, 0x28a5, 0x28a5, 0x28a5, 0x28a5, 0x28a5, 0x28a5, 0x28a5, 0x28a5, 0x28a5, 0x28a5, 0x28a5, 
  0x28a5, 0x28a5, 0x28a5, 0x28a5, 0x28a5, 0x28a5, 0x28a5, 0x28a5, 0x28a5, 0x28a5, 0x28a5, 0x28a5, 
  0x28a5, 0x28a5, 0x28a5, 0x28a5, 0x28a5, 0x28a5, 0x28a5, 0x28a5, 0x28a5, 0x28a5, 0x28a5, 0x28a5, 
  0x28a5, 0x28a5, 0x28a6, 0x28c6, 0x3107, 0x3927, 0x4148, 0x4168, 0x4168, 0x4168, 0x4168, 0x3948, 
  0x3948, 0x3948, 0x3948, 0x3948, 0x3948, 0x3948, 0x3927, 0x3927, 0x3927, 0x3927, 0x3927, 0x3927, 
  0x3927, 0x3907, 0x3107, 0x3107, 0x3107, 0x3107, 0x30e6, 0x30e6, 0x30e6, 0x30e6, 0x30e6, 0x30e6, 
  0x30c6, 0x30c6, 0x30c6, 0x30c6, 0x28c6, 0x28c6, 0x28a6, 0x28a5, 0x28a5, 0x2885, 0x2885, 0x2885, 
  0x2885, 0x2085, 0x2085, 0x2085, 0x2065, 0x2065, 0x2065, 0x2064, 0x2064, 0x2064, 0x2064, 0x2064, 
  0x2064, 0x2064, 0x2064, 0x2044, 0x2044, 0x2044, 0x2044, 0x2044, 0x2044, 0x2044, 0x1844, 0x1844, 
  0x1844, 0x1844, 0x1844, 0x1824, 0x1824, 0x1824, 0x1824, 0x1824, 0x1824, 0x1823, 0x1823, 0x1823, 
  0x1823, 0x1823, 0x1823, 0x1823, 0x1823, 0x1823, 0x1824, 0x1824, 0x1824, 0x1824, 0x2024, 0x2025, 
  0x2025, 0x2025, 0x2025, 0x1825, 0x1825, 0x1825, 0x2025, 0xab77, 0x4168, 0x2044, 0x2044, 0x2044, 
  0x2044, 0x2044, 0x2044, 0x2044, 0x2044, 0x2044, 0x2044, 0x2044, 0x2044, 0x1844, 0x1844, 0x1844, 
  0x1844, 0x1844, 0x1844, 0x1844, 0x1844, 0x1844, 0x1844, 0x1844, 0x1844, 0x1844, 0x1844, 0x1844, 
  0x1844, 0x1844, 0x1844, 0x1844, 0x1844, 0x1844, 0x1844, 0x1844, 0x1844, 0x1844, 0x1844, 0x2064, 
  0x2064, 0x2064, 0x2064, 0x2064, 0x2064, 0x2064, 0x2064, 0x2064, 0x2064, 0x2064, 0x2064, 0x2084, 
  0x2085, 0x2085, 0x2085, 0x2085, 0x2085, 0x2085, 0x2085, 0x2084, 0x2064, 0x2064, 0x2064, 0x2064, 
  0x2064, 0x2064, 0x2064, 0x2064, 0x2064, 0x2064, 0x2064, 0x2064, 0x2064, 0x2064, 0x1844, 0x1844, 
  0x1844, 0x1844, 0x1844, 0x1844, 0x1844, 0x1844, 0x1844, 0x1844, 0x1844, 0x1844, 0x1844, 0x1844, 
  0x1844, 0x1844, 0x1844, 0x1844, 0x1823, 0x1823, 0x1823, 0x1823, 0x1823, 0x1823, 0x1823, 0x1823, 
  0x1823, 0x1823, 0x1823, 0x1823, 0x1823, 0x1823, 0x1823, 0x1003, 0x1003, 0x1003, 0x1003, 0x1003, 
  0x1003, 0x1003, 0x1003, 0x1003, 0x1003, 0x1003, 0x1003, 0x1003, 0x1003, 0x1003, 0x1003, 0x1003, 
  0x1003, 0x1003, 0x1003, 0x1003, 0x1003, 0x1003, 0x1003, 0x1003, 0x1003, 0x1003, 0x1003, 0x1003, 
  0x1003, 0x1003, 0x1003, 0x1003, 0x1803, 0x1823, 0x1823, 0x1823, 0x1823, 0x1823, 0x1823, 0x1823, 
  0x1823, 0x1823, 0x1823, 0x1823, 0x1823, 0x1823, 0x1823, 0x1823, 0x1823, 0x1823, 0x1823, 0x1823, 
  0x1823, 0x1823, 0x1823, 0x1823, 0x1823, 0x1823, 0x1823, 0x1823, 0x1823, 0x1824, 0x1844, 0x1844, 
  0x2064, 0x2064, 0x2084, 0x2085, 0x2085, 0x2085, 0x2085, 0x2085, 0x28a5, 0x28a5, 0x28a5, 0x28a5, 
  0x28a5, 0x28a5, 0x28a5, 0x28a5, 0x28a5, 0x28a5, 0x28a5, 0x28a5, 0x28a5, 0x28a5, 0x28a5, 0x28a5, 
  0x28a5, 0x28a5, 0x28a5, 0x28a5, 0x28a5, 0x28a5, 0x28a5, 0x28a5, 0x28a5, 0x28a5, 0x28a5, 0x28a5, 
  0x28a5, 0x28a5, 0x28a5, 0x28a5, 0x28a5, 0x28a5, 0x28a5, 0x28a5, 0x28a5, 0x28a5, 0x28a5, 0x28c6, 
  0x30e6, 0x3927, 0x3948, 0x4168, 0x4168, 0x4168, 0x4148, 0x3948, 0x3948, 0x3948, 0x3948, 0x3948, 
  0x3948, 0x3948, 0x3927, 0x3927, 0x3927, 0x3927, 0x3927, 0x3927, 0x3927, 0x3107, 0x3107, 0x3107, 
  0x3107, 0x30e6, 0x30e6, 0x30e6, 0x30e6, 0x30e6, 0x30e6, 0x30e6, 0x30c6, 0x30c6, 0x30c6, 0x28c6, 
  0x28c6, 0x28a6, 0x28a5, 0x28a5, 0x28a5, 0x2885, 0x2885, 0x2885, 0x2885, 0x2085, 0x2085, 0x2085, 
  0x2065, 0x2065, 0x2065, 0x2064, 0x2064, 0x2064, 0x2064, 0x2064, 0x2064, 0x2064, 0x2044, 0x2044, 
  0x2044, 0x2044, 0x2044, 0x2044, 0x2044, 0x1844, 0x1844, 0x1844, 0x1844, 0x1844, 0x1844, 0x1824, 
  0x1824, 0x1824, 0x1824, 0x1824, 0x1824, 0x1823, 0x1823, 0x1823, 0x1823, 0x1823, 0x1823, 0x1823, 
  0x1823, 0x1824, 0x1824, 0x1824, 0x2024, 0x2025, 0x2025, 0x2026, 0x2026, 0x2026, 0x2026, 0x2026, 
  0x2026, 0x2026, 0x2026, 0xb3d8, 0x4169, 0x2044, 0x2044, 0x2044, 0x2044, 0x2044, 0x2044, 0x2044, 
  0x2044, 0x2044, 0x2044, 0x2044, 0x1844, 0x1844, 0x1844, 0x1844, 0x1844, 0x1844, 0x1844, 0x1844, 
  0x1844, 0x1844, 0x1844, 0x1844, 0x1844, 0x1844, 0x1844, 0x1844, 0x1844, 0x1844, 0x1844, 0x1844, 
  0x1844, 0x1844, 0x1844, 0x1844, 0x1844, 0x1844, 0x2044, 0x2064, 0x2064, 0x2064, 0x2064, 0x2064, 
  0x2064, 0x2064, 0x2064, 0x2064, 0x2064, 0x2064, 0x2064, 0x2085, 0x2085, 0x2085, 0x2085, 0x2085, 
  0x2085, 0x2085, 0x2085, 0x2064, 0x2064, 0x2064, 0x2064, 0x2064, 0x2064, 0x2064, 0x2064, 0x2064, 
  0x2064, 0x2064, 0x2064, 0x2064, 0x2064, 0x1844, 0x1844, 0x1844, 0x1844, 0x1844, 0x1844, 0x1844, 
  0x1844, 0x1844, 0x1844, 0x1844, 0x1844, 0x1844, 0x1844, 0x1844, 0x1844, 0x1844, 0x1844, 0x1823, 
  0x1823, 0x1823, 0x1823, 0x1823, 0x1823, 0x1823, 0x1823, 0x1823, 0x1823, 0x1823, 0x1823, 0x1823, 
  0x1823, 0x1823, 0x1003, 0x1003, 0x1003, 0x1003, 0x1003, 0x1003, 0x1003, 0x1003, 0x1003, 0x1003, 
  0x1003, 0x1003, 0x1003, 0x1003, 0x1003, 0x1003, 0x1003, 0x1003, 0x1003, 0x1003, 0x1003, 0x1003, 
  0x1003, 0x1003, 0x1003, 0x1003, 0x1003, 0x1003, 0x1003, 0x1003, 0x1003, 0x1003, 0x1003, 0x1803, 
  0x1823, 0x1823, 0x1823, 0x1823, 0x1823, 0x1823, 0x1823, 0x1823, 0x1823, 0x1823, 0x1823, 0x1823, 
  0x1823, 0x1823, 0x1823, 0x1823, 0x1823, 0x1823, 0x1823, 0x1823, 0x1823, 0x1823, 0x1823, 0x1823, 
  0x1823, 0x1823, 0x1823, 0x1823, 0x1823, 0x1823, 0x1844, 0x1844, 0x2044, 0x2064, 0x2064, 0x2085, 
  0x2085, 0x2085, 0x2085, 0x2085, 0x28a5, 0x28a5, 0x28a5, 0x28a5, 0x28a5, 0x28a5, 0x28a5, 0x28a5, 
  0x28a5, 0x28a5, 0x28a5, 0x28a5, 0x28a5, 0x28a5, 0x28a5, 0x28a5, 0x28a5, 0x28a5, 0x28a5, 0x28a5, 
  0x28a5, 0x28a5, 0x28a5, 0x28a5, 0x28a5, 0x28a5, 0x28a5, 0x28a5, 0x28a5, 0x28a5, 0x28a5, 0x28a5, 
  0x28a5, 0x28a5, 0x28a5, 0x28a5, 0x28a5, 0x28a5, 0x28a5, 0x28c6, 0x30e6, 0x3927, 0x3948, 0x4168, 
  0x4168, 0x4168, 0x4148, 0x3948, 0x3948, 0x3948, 0x3948, 0x3948, 0x3948, 0x3927, 0x3927, 0x3927, 
  0x3927, 0x3927, 0x3927, 0x3927, 0x3107, 0x3107, 0x3107, 0x3107, 0x3106, 0x30e6, 0x30e6, 0x30e6, 
  0x30e6, 0x30e6, 0x30e6, 0x30c6, 0x30c6, 0x30c6, 0x30c6, 0x28c6, 0x28c6, 0x28a6, 0x28a5, 0x28a5, 
  0x28a5, 0x2885, 0x2885, 0x2885, 0x2085, 0x2085, 0x2085, 0x2065, 0x2065, 0x2064, 0x2064, 0x2064, 
  0x2064, 0x2064, 0x2064, 0x2064, 0x2064, 0x2044, 0x2044, 0x2044, 0x2044, 0x2044, 0x2044, 0x2044, 
  0x2044, 0x1844, 0x1844, 0x1844, 0x1844, 0x1844, 0x1844, 0x1824, 0x1824, 0x1824, 0x1824, 0x1824, 
  0x1824, 0x1824, 0x1823, 0x1823, 0x1823, 0x1823, 0x1823, 0x1824, 0x1824, 0x1824, 0x2024, 0x2025, 
  0x2025, 0x2026, 0x2827, 0x2827, 0x2827, 0x2828, 0x2827, 0x2827, 0x2827, 0x2827, 0x2828, 0xbc39, 
  0x4169, 0x2064, 0x2044, 0x2044, 0x2044, 0x2044, 0x2064, 0x2064, 0x2044, 0x2044, 0x2044, 0x2044, 
  0x1844, 0x1844, 0x1844, 0x1844, 0x1844, 0x1844, 0x1844, 0x1844, 0x1844, 0x1844, 0x1844, 0x1844, 
  0x1844, 0x1844, 0x1844, 0x1844, 0x1844, 0x1844, 0x1844, 0x1844, 0x1844, 0x1844, 0x1844, 0x1844, 
  0x1844, 0x1844, 0x2044, 0x2044, 0x2064, 0x2064, 0x2064, 0x2064, 0x2064, 0x2064, 0x2064, 0x2064, 
  0x2064, 0x2064, 0x2084, 0x2085, 0x2085, 0x2085, 0x2085, 0x2085, 0x2085, 0x2085, 0x2084, 0x2064, 
  0x2064, 0x2064, 0x2064, 0x2064, 0x2064, 0x2064, 0x2064, 0x2064, 0x2064, 0x2064, 0x1844, 0x1844, 
  0x1844, 0x1844, 0x1844, 0x1844, 0x1844, 0x1844, 0x1844, 0x1844, 0x1844, 0x1844, 0x1844, 0x1844, 
  0x1844, 0x1844, 0x1844, 0x1844, 0x1844, 0x1844, 0x1823, 0x1823, 0x1823, 0x1823, 0x1823, 0x1823, 
  0x1823, 0x1823, 0x1823, 0x1823, 0x1823, 0x1823, 0x1823, 0x1823, 0x1823, 0x1003, 0x1003, 0x1003, 
  0x1003, 0x1003, 0x1003, 0x1003, 0x1003, 0x1003, 0x1003, 0x1003, 0x1003, 0x1003, 0x1003, 0x1003, 
  0x1003, 0x1003, 0x1003, 0x1003, 0x1003, 0x1003, 0x1003, 0x1003, 0x1003, 0x1003, 0x1003, 0x1003, 
  0x1003, 0x1003, 0x1003, 0x1003, 0x1003, 0x1003, 0x1803, 0x1823, 0x1823, 0x1823, 0x1823, 0x1823, 
  0x1823, 0x1823, 0x1823, 0x1823, 0x1823, 0x1823, 0x1824, 0x1823, 0x1823, 0x1823, 0x1823, 0x1823, 
  0x1823, 0x1823, 0x1823, 0x1823, 0x1823, 0x1823, 0x1823, 0x1823, 0x1823, 0x1823, 0x1823, 0x1823, 
  0x1823, 0x1823, 0x1823, 0x1844, 0x1844, 0x2064, 0x2064, 0x2085, 0x2085, 0x2085, 0x2085, 0x28a5, 
  0x28a5, 0x28a5, 0x28a5, 0x28a5, 0x28a5, 0x28a5, 0x28a5, 0x28a5, 0x28a5, 0x28a5, 0x28a5, 0x28a5, 
  0x28a5, 0x28a5, 0x28a5, 0x28a5, 0x28a5, 0x28a5, 0x28a5, 0x28a5, 0x28a5, 0x28a5, 0x28a5, 0x28a5, 
  0x28a5, 0x28a5, 0x28a5, 0x28a5, 0x28a5, 0x28a5, 0x28a5, 0x28a5, 0x28a5, 0x28a5, 0x28a5, 0x28a5, 
  0x28a5, 0x28a5, 0x28a5, 0x28c6, 0x30e6, 0x3107, 0x3948, 0x4168, 0x4168, 0x4168, 0x4148, 0x3948, 
  0x3948, 0x3948, 0x3948, 0x3948, 0x3927, 0x3927, 0x3927, 0x3927, 0x3927, 0x3927, 0x3927, 0x3907, 
  0x3107, 0x3107, 0x3107, 0x3107, 0x30e6, 0x30e6, 0x30e6, 0x30e6, 0x30e6, 0x30e6, 0x30c6, 0x30c6, 
  0x30c6, 0x30c6, 0x28c6, 0x28c6, 0x28a6, 0x28a5, 0x28a5, 0x28a5, 0x2885, 0x2885, 0x2885, 0x2085, 
  0x2085, 0x2085, 0x2065, 0x2065, 0x2064, 0x2064, 0x2064, 0x2064, 0x2064, 0x2064, 0x2064, 0x2064, 
  0x2064, 0x2044, 0x2044, 0x2044, 0x2044, 0x2044, 0x2044, 0x1844, 0x1844, 0x1844, 0x1844, 0x1844, 
  0x1844, 0x1844, 0x1824, 0x1824, 0x1824, 0x1824, 0x1824, 0x1824, 0x1824, 0x1823, 0x1823, 0x1823, 
  0x1823, 0x1823, 0x1824, 0x1824, 0x1824, 0x2024, 0x2025, 0x2026, 0x2827, 0x3028, 0x3028, 0x3849, 
  0x384a, 0x384a, 0x3049, 0x3049, 0x3029, 0x3049, 0x384a, 0xcc5a, 0x4169, 0x2064, 0x2044, 0x2044, 
  0x2044, 0x2064, 0x2064, 0x2064, 0x2044, 0x2044, 0x2044, 0x1844, 0x1844, 0x1844, 0x1844, 0x1844, 
  0x1844, 0x1844, 0x1844, 0x1844, 0x1844, 0x1844, 0x1844, 0x1844, 0x1844, 0x1844, 0x1844, 0x1844, 
  0x1844, 0x1844, 0x1844, 0x1844, 0x1844, 0x1844, 0x1844, 0x1844, 0x1844, 0x1844, 0x2044, 0x2064, 
  0x2064, 0x2064, 0x2064, 0x2064, 0x2064, 0x2064, 0x2064, 0x2064, 0x2064, 0x2064, 0x2084, 0x2085, 
  0x2085, 0x2085, 0x2085, 0x2085, 0x2085, 0x2085, 0x2064, 0x2064, 0x2064, 0x2064, 0x2064, 0x2064, 
  0x2064, 0x2064, 0x2064, 0x2064, 0x2044, 0x1844, 0x1844, 0x1844, 0x1844, 0x1844, 0x1844, 0x1844, 
  0x1844, 0x1844, 0x1844, 0x1844, 0x1844, 0x1844, 0x1844, 0x1844, 0x1844, 0x1844, 0x1844, 0x1844, 
  0x1844, 0x1844, 0x1823, 0x1823, 0x1823, 0x1823, 0x1823, 0x1823, 0x1823, 0x1823, 0x1823, 0x1823, 
  0x1823, 0x1823, 0x1823, 0x1823, 0x1003, 0x1003, 0x1003, 0x1003, 0x1003, 0x1003, 0x1003, 0x1003, 
  0x1003, 0x1003, 0x1003, 0x1003, 0x1003, 0x1003, 0x1003, 0x1003, 0x1003, 0x1003, 0x1003, 0x1003, 
  0x1003, 0x1003, 0x1003, 0x1003, 0x1003, 0x1003, 0x1003, 0x1003, 0x1003, 0x1003, 0x1003, 0x1003, 
  0x1003, 0x1803, 0x1823, 0x1823, 0x1823, 0x1823, 0x1823, 0x1823, 0x1823, 0x1823, 0x1823, 0x1823, 
  0x1824, 0x1824, 0x1824, 0x1824, 0x1824, 0x1823, 0x1823, 0x1823, 0x1823, 0x1823, 0x1823, 0x1823, 
  0x1823, 0x1823, 0x1823, 0x1823, 0x1823, 0x1823, 0x1823, 0x1823, 0x1823, 0x1823, 0x1823, 0x1823, 
  0x1844, 0x1844, 0x2064, 0x2064, 0x2085, 0x2085, 0x2085, 0x28a5, 0x28a5, 0x28a5, 0x28a5, 0x28a5, 
  0x28a5, 0x28a5, 0x28a5, 0x28a5, 0x28a5, 0x28a5, 0x28a5, 0x28a5, 0x28a5, 0x28a5, 0x28a5, 0x28a5, 
  0x28a5, 0x28a5, 0x28a5, 0x28a5, 0x28a5, 0x28a5, 0x28a5, 0x28a5, 0x28a5, 0x28a5, 0x28a5, 0x28a5, 
  0x28a5, 0x28a5, 0x28a5, 0x28a5, 0x28a5, 0x28a5, 0x28a5, 0x28a5, 0x28a5, 0x28a5, 0x28a5, 0x28c6, 
  0x30e6, 0x3107, 0x3948, 0x4148, 0x4168, 0x4168, 0x4148, 0x3948, 0x3948, 0x3948, 0x3948, 0x3928, 
  0x3927, 0x3927, 0x3927, 0x3927, 0x3927, 0x3927, 0x3907, 0x3107, 0x3107, 0x3107, 0x3107, 0x30e6, 
  0x30e6, 0x30e6, 0x30e6, 0x30e6, 0x30e6, 0x30e6, 0x30c6, 0x30c6, 0x30c6, 0x30c6, 0x28c6, 0x28c6, 
  0x28a6, 0x28a5, 0x28a5, 0x2885, 0x2885, 0x2885, 0x2885, 0x2085, 0x2085, 0x2085, 0x2065, 0x2065, 
  0x2064, 0x2064, 0x2064, 0x2064, 0x2064, 0x2064, 0x2064, 0x2064, 0x2064, 0x2044, 0x2044, 0x2044, 
  0x2044, 0x2044, 0x1844, 0x1844, 0x1844, 0x1844, 0x1844, 0x1844, 0x1844, 0x1844, 0x1824, 0x1824, 
  0x1824, 0x1824, 0x1824, 0x1824, 0x1824, 0x1823, 0x1823, 0x1823, 0x1823, 0x1824, 0x1824, 0x1824, 
  0x2025, 0x2025, 0x2826, 0x2827, 0x3028, 0x384a, 0x406b, 0x406b, 0x488c, 0x488c, 0x406c, 0x406b, 
  0x406b, 0x406c, 0x408d, 0xcc5a, 0x4189, 0x2065, 0x2044, 0x2044, 0x2044, 0x2064, 0x2064, 0x2064, 
  0x2044, 0x2044, 0x2044, 0x1844, 0x1844, 0x1844, 0x1844, 0x1844, 0x1844, 0x1844, 0x1844, 0x1844, 
  0x1844, 0x1844, 0x1844, 0x1844, 0x1844, 0x1844, 0x1844, 0x1844, 0x1844, 0x1844, 0x1844, 0x1844, 
  0x1844, 0x1844, 0x1844, 0x1844, 0x1844, 0x2064, 0x2064, 0x2064, 0x2064, 0x2064, 0x2064, 0x2064, 
  0x2064, 0x2064, 0x2064, 0x2064, 0x2064, 0x2064, 0x2084, 0x2085, 0x2085, 0x2085, 0x2085, 0x2085, 
  0x2085, 0x2084, 0x2064, 0x2064, 0x2064, 0x2064, 0x2064, 0x2064, 0x2064, 0x2064, 0x1844, 0x1844, 
  0x1844, 0x1844, 0x1844, 0x1844, 0x1844, 0x1844, 0x1844, 0x1844, 0x1844, 0x1844, 0x1844, 0x1844, 
  0x1844, 0x1824, 0x1824, 0x1823, 0x1844, 0x1844, 0x1844, 0x1844, 0x1823, 0x1823, 0x1823, 0x1823, 
  0x1823, 0x1823, 0x1823, 0x1823, 0x1823, 0x1823, 0x1823, 0x1823, 0x1823, 0x1823, 0x1003, 0x1003, 
  0x1003, 0x1003, 0x1003, 0x1003, 0x1003, 0x1003, 0x1003, 0x1003, 0x1003, 0x1003, 0x1003, 0x1003, 
  0x1003, 0x1003, 0x1003, 0x1003, 0x1003, 0x1003, 0x1003, 0x1003, 0x1003, 0x1003, 0x1003, 0x1003, 
  0x1003, 0x1003, 0x1003, 0x1003, 0x1003, 0x1003, 0x1003, 0x1003, 0x1803, 0x1823, 0x1823, 0x1823, 
  0x1823, 0x1823, 0x1823, 0x1823, 0x1823, 0x1823, 0x1823, 0x1823, 0x1824, 0x1824, 0x1844, 0x1844, 
  0x1844, 0x1824, 0x1823, 0x1823, 0x1823, 0x1823, 0x1823, 0x1823, 0x1823, 0x1823, 0x1823, 0x1823, 
  0x1823, 0x1823, 0x1823, 0x1823, 0x1823, 0x1823, 0x1823, 0x1823, 0x1823, 0x1844, 0x2044, 0x2064, 
  0x2085, 0x2085, 0x2085, 0x28a5, 0x28a5, 0x28a5, 0x28a5, 0x28a5, 0x28a5, 0x28a5, 0x28a5, 0x28a5, 
  0x28a5, 0x28a5, 0x28a5, 0x28a5, 0x28a5, 0x28a5, 0x28a5, 0x28a5, 0x28a5, 0x28a5, 0x28a5, 0x28a5, 
  0x28a5, 0x28a5, 0x28a5, 0x28a5, 0x28a5, 0x28a5, 0x28a5, 0x28a5, 0x28a5, 0x28a5, 0x28a5, 0x28a5, 
  0x28a5, 0x28a5, 0x28a5, 0x28a5, 0x28a5, 0x28a5, 0x28a5, 0x28a5, 0x28c6, 0x3107, 0x3927, 0x3948, 
  0x4168, 0x4168, 0x3948, 0x3948, 0x3948, 0x3948, 0x3948, 0x3927, 0x3927, 0x3927, 0x3927, 0x3927, 
  0x3927, 0x3927, 0x3107, 0x3107, 0x3107, 0x3107, 0x3107, 0x30e6, 0x30e6, 0x30e6, 0x30e6, 0x30e6, 
  0x30e6, 0x30c6, 0x30c6, 0x30c6, 0x30c6, 0x28c6, 0x28c6, 0x28a6, 0x28a5, 0x28a5, 0x28a5, 0x2885, 
  0x2885, 0x2885, 0x2085, 0x2085, 0x2085, 0x2065, 0x2065, 0x2064, 0x2064, 0x2064, 0x2064, 0x2064, 
  0x2064, 0x2064, 0x2064, 0x2064, 0x2044, 0x2044, 0x2044, 0x2044, 0x2044, 0x2044, 0x1844, 0x1844, 
  0x1844, 0x1844, 0x1844, 0x1844, 0x1844, 0x1824, 0x1824, 0x1824, 0x1824, 0x1824, 0x1824, 0x1823, 
  0x1823, 0x1823, 0x1823, 0x1824, 0x1824, 0x1824, 0x1824, 0x2025, 0x2025, 0x2826, 0x3028, 0x3849, 
  0x406b, 0x488c, 0x50ad, 0x58ce, 0x58ce, 0x58ce, 0x50ce, 0x50ae, 0x50ae, 0x50ae, 0x50cf, 0xc439, 
  0x4189, 0x2065, 0x2045, 0x2044, 0x2044, 0x2065, 0x2065, 0x2065, 0x2044, 0x2044, 0x2044, 0x1844, 
  0x1844, 0x1844, 0x1844, 0x1844, 0x1844, 0x1844, 0x1844, 0x1844, 0x1844, 0x1844, 0x1844, 0x1844, 
  0x1844, 0x1844, 0x1844, 0x1844, 0x1844, 0x1844, 0x1844, 0x1844, 0x1844, 0x1844, 0x1844, 0x1844, 
  0x1844, 0x2064, 0x2064, 0x2064, 0x2064, 0x2064, 0x2064, 0x2064, 0x2064, 0x2064, 0x2064, 0x2064, 
  0x2064, 0x2064, 0x2084, 0x2085, 0x2085, 0x2085, 0x2085, 0x2085, 0x2085, 0x2084, 0x2064, 0x2064, 
  0x2064, 0x2064, 0x2064, 0x2044, 0x2044, 0x1844, 0x1844, 0x1844, 0x1844, 0x1844, 0x1844, 0x1844, 
  0x1844, 0x1844, 0x1844, 0x1844, 0x1844, 0x1844, 0x1844, 0x1844, 0x1823, 0x1823, 0x1823, 0x1823, 
  0x1823, 0x1823, 0x1824, 0x1823, 0x1823, 0x1823, 0x1823, 0x1823, 0x1823, 0x1823, 0x1823, 0x1823, 
  0x1823, 0x1823, 0x1823, 0x1823, 0x1823, 0x1823, 0x1003, 0x1003, 0x1003, 0x1003, 0x1003, 0x1003, 
  0x1003, 0x1003, 0x1003, 0x1003, 0x1003, 0x1003, 0x1003, 0x1003, 0x1003, 0x1003, 0x1003, 0x1003, 
  0x1003, 0x1003, 0x1003, 0x1003, 0x1003, 0x1003, 0x1003, 0x1003, 0x1003, 0x1003, 0x1003, 0x1003, 
  0x1003, 0x1003, 0x1003, 0x1803, 0x1823, 0x1823, 0x1823, 0x1823, 0x1823, 0x1823, 0x1823, 0x1823, 
  0x1823, 0x1823, 0x1823, 0x1824, 0x1824, 0x1844, 0x1844, 0x1844, 0x1844, 0x1844, 0x1824, 0x1823, 
  0x1823, 0x1823, 0x1823, 0x1823, 0x1823, 0x1823, 0x1823, 0x1823, 0x1823, 0x1823, 0x1823, 0x1823, 
  0x1823, 0x1823, 0x1823, 0x1823, 0x1823, 0x1823, 0x1844, 0x2044, 0x2064, 0x2085, 0x2085, 0x28a5, 
  0x28a5, 0x28a5, 0x28a5, 0x28a5, 0x28a5, 0x28a5, 0x28a5, 0x28a5, 0x28a5, 0x28a5, 0x28a5, 0x28a5, 
  0x28a5, 0x28a5, 0x28a5, 0x28a5, 0x28a5, 0x28a5, 0x28a5, 0x28a5, 0x28a5, 0x28a5, 0x28a5, 0x28a5, 
  0x28a5, 0x28a5, 0x28a5, 0x28a5, 0x28a5, 0x28a5, 0x28a5, 0x28a5, 0x28a5, 0x28a5, 0x28a5, 0x28a5, 
  0x28a5, 0x28a5, 0x28a5, 0x28a5, 0x28c6, 0x30e6, 0x3927, 0x3948, 0x4168, 0x4168, 0x3948, 0x3948, 
  0x3948, 0x3948, 0x3927, 0x3927, 0x3927, 0x3927, 0x3927, 0x3927, 0x3927, 0x3907, 0x3107, 0x3107, 
  0x3107, 0x30e6, 0x30e6, 0x30e6, 0x30e6, 0x30e6, 0x30e6, 0x30e6, 0x30c6, 0x30c6, 0x30c6, 0x30c6, 
  0x28c6, 0x28c6, 0x28a6, 0x28a5, 0x28a5, 0x28a5, 0x2885, 0x2885, 0x2885, 0x2085, 0x2085, 0x2085, 
  0x2085, 0x2065, 0x2065, 0x2064, 0x2064, 0x2064, 0x2064, 0x2064, 0x2064, 0x2064, 0x2064, 0x2064, 
  0x2044, 0x2044, 0x2044, 0x2044, 0x2044, 0x2044, 0x1844, 0x1844, 0x1844, 0x1844, 0x1844, 0x1844, 
  0x1824, 0x1824, 0x1824, 0x1824, 0x1824, 0x1824, 0x1823, 0x1823, 0x1823, 0x1823, 0x1824, 0x1824, 
  0x1824, 0x1824, 0x2025, 0x2026, 0x2827, 0x3028, 0x384a, 0x486b, 0x50ad, 0x58ce, 0x60ef, 0x6930, 
  0x6930, 0x6930, 0x6110, 0x6110, 0x6110, 0x6110, 0x6930, 0xb3f8, 0x4189, 0x2045, 0x2045, 0x2045, 
  0x2045, 0x2045, 0x2065, 0x2065, 0x2045, 0x2044, 0x2044, 0x1844, 0x1844, 0x1844, 0x1844, 0x1844, 
  0x1844, 0x1844, 0x1844, 0x1844, 0x1844, 0x1844, 0x1844, 0x1844, 0x1844, 0x1844, 0x1844, 0x1844, 
  0x1844, 0x1844, 0x1844, 0x1844, 0x1844, 0x1844, 0x1844, 0x1844, 0x1844, 0x2064, 0x2064, 0x2064, 
  0x2064, 0x2064, 0x2064, 0x2064, 0x2064, 0x2064, 0x2064, 0x2064, 0x2064, 0x2064, 0x2084, 0x2085, 
  0x2085, 0x2085, 0x2085, 0x2085, 0x2085, 0x2084, 0x2064, 0x2064, 0x2064, 0x2064, 0x1844, 0x1844, 
  0x1844, 0x1844, 0x1844, 0x1844, 0x1844, 0x1844, 0x1844, 0x1844, 0x1844, 0x1844, 0x1844, 0x1844, 
  0x1844, 0x1844, 0x1844, 0x1823, 0x1823, 0x1823, 0x1823, 0x1823, 0x1823, 0x1823, 0x1823, 0x1823, 
  0x1823, 0x1823, 0x1823, 0x1823, 0x1823, 0x1823, 0x1823, 0x1823, 0x1823, 0x1823, 0x1823, 0x1823, 
  0x1823, 0x1003, 0x1003, 0x1003, 0x1003, 0x1003, 0x1003, 0x1003, 0x1003, 0x1003, 0x1003, 0x1003, 
  0x1003, 0x1003, 0x1003, 0x1003, 0x1003, 0x1003, 0x1003, 0x1003, 0x1003, 0x1003, 0x1003, 0x1003, 
  0x1003, 0x1003, 0x1003, 0x1003, 0x1003, 0x1003, 0x1003, 0x1003, 0x1003, 0x1003, 0x1803, 0x1823, 
  0x1823, 0x1823, 0x1823, 0x1823, 0x1823, 0x1823, 0x1823, 0x1823, 0x1823, 0x1823, 0x1824, 0x1824, 
  0x1844, 0x1844, 0x1844, 0x1844, 0x1844, 0x1844, 0x1844, 0x1823, 0x1823, 0x1823, 0x1823, 0x1823, 
  0x1823, 0x1823, 0x1823, 0x1823, 0x1823, 0x1823, 0x1823, 0x1823, 0x1823, 0x1823, 0x1823, 0x1823, 
  0x1823, 0x1823, 0x1823, 0x1844, 0x2064, 0x2064, 0x2085, 0x2085, 0x28a5, 0x28a5, 0x28a5, 0x28a5, 
  0x28a5, 0x28a5, 0x28a5, 0x28a5, 0x28a5, 0x28a5, 0x28a5, 0x28a5, 0x28a5, 0x28a5, 0x28a5, 0x28a5, 
  0x28a5, 0x28a5, 0x28a5, 0x28a5, 0x28a5, 0x28a5, 0x28a5, 0x28a5, 0x28a5, 0x28a5, 0x28a5, 0x28a5, 
  0x28a5, 0x28a5, 0x28a5, 0x28a5, 0x28a5, 0x28a5, 0x28a5, 0x28a5, 0x28a5, 0x28a5, 0x28a5, 0x28a5, 
  0x28c6, 0x30e6, 0x3927, 0x3948, 0x3948, 0x3948, 0x3948, 0x3948, 0x3948, 0x3948, 0x3927, 0x3927, 
  0x3927, 0x3927, 0x3927, 0x3927, 0x3927, 0x3107, 0x3107, 0x3107, 0x3107, 0x30e6, 0x30e6, 0x30e6, 
  0x30e6, 0x30e6, 0x30e6, 0x30e6, 0x30c6, 0x30c6, 0x30c6, 0x30c6, 0x28c6, 0x28c6, 0x28a6, 0x28a5, 
  0x28a5, 0x28a5, 0x2885, 0x2885, 0x2085, 0x2085, 0x2085, 0x2085, 0x2085, 0x2065, 0x2065, 0x2064, 
  0x2064, 0x2064, 0x2064, 0x2064, 0x2064, 0x2064, 0x2064, 0x2044, 0x2044, 0x2044, 0x2044, 0x2044, 
  0x2044, 0x1844, 0x1844, 0x1844, 0x1844, 0x1844, 0x1844, 0x1844, 0x1824, 0x1824, 0x1824, 0x1824, 
  0x1824, 0x1823, 0x1823, 0x1823, 0x1823, 0x1824, 0x1824, 0x1824, 0x2024, 0x2025, 0x2026, 0x2827, 
  0x3048, 0x384a, 0x488c, 0x58ad, 0x60ef, 0x6930, 0x7150, 0x7171, 0x7171, 0x7171, 0x7171, 0x7151, 
  0x6951, 0x6951, 0x7171, 0xabd6, 0x4189, 0x2065, 0x2045, 0x2045, 0x2045, 0x2065, 0x2065, 0x2065, 
  0x2065, 0x2044, 0x2044, 0x2044, 0x1844, 0x1844, 0x1844, 0x1844, 0x1844, 0x1844, 0x1844, 0x1844, 
  0x1844, 0x1844, 0x1844, 0x1844, 0x1844, 0x1844, 0x1844, 0x1844, 0x1844, 0x1844, 0x1844, 0x1844, 
  0x1844, 0x1844, 0x1844, 0x1844, 0x2044, 0x2064, 0x2064, 0x2064, 0x2064, 0x2064, 0x2064, 0x2064, 
  0x2064, 0x2064, 0x2064, 0x2064, 0x2064, 0x2064, 0x2084, 0x2085, 0x2085, 0x2085, 0x2085, 0x2085, 
  0x2085, 0x2084, 0x2064, 0x2064, 0x2064, 0x2044, 0x1844, 0x1844, 0x1844, 0x1844, 0x1844, 0x1844, 
  0x1844, 0x1844, 0x1844, 0x1844, 0x1844, 0x1844, 0x1844, 0x1844, 0x1844, 0x1844, 0x1823, 0x1823, 
  0x1823, 0x1823, 0x1823, 0x1823, 0x1823, 0x1823, 0x1823, 0x1823, 0x1823, 0x1823, 0x1823, 0x1823, 
  0x1823, 0x1823, 0x1823, 0x1823, 0x1823, 0x1823, 0x1823, 0x1823, 0x1003, 0x1003, 0x1003, 0x1003, 
  0x1003, 0x1003, 0x1003, 0x1003, 0x1003, 0x1003, 0x1003, 0x1003, 0x1003, 0x1003, 0x1003, 0x1003, 
  0x1003, 0x1003, 0x1003, 0x1003, 0x1003, 0x1003, 0x1003, 0x1003, 0x1003, 0x1003, 0x1003, 0x1003, 
  0x1003, 0x1003, 0x1003, 0x1003, 0x1003, 0x1803, 0x1823, 0x1823, 0x1823, 0x1823, 0x1823, 0x1823, 
  0x1823, 0x1823, 0x1823, 0x1823, 0x1823, 0x1823, 0x1824, 0x1824, 0x1844, 0x1844, 0x1844, 0x2044, 
  0x2044, 0x2044, 0x1844, 0x1844, 0x1823, 0x1823, 0x1823, 0x1823, 0x1823, 0x1823, 0x1823, 0x1823, 
  0x1823, 0x1823, 0x1823, 0x1823, 0x1823, 0x1823, 0x1823, 0x1823, 0x1823, 0x1823, 0x1823, 0x1824, 
  0x1844, 0x2064, 0x2064, 0x2085, 0x2885, 0x28a5, 0x28a5, 0x28a5, 0x28a5, 0x28a5, 0x28a5, 0x28a5, 
  0x28a5, 0x28a5, 0x28a5, 0x28a5, 0x28a5, 0x28a5, 0x28a5, 0x28a5, 0x28a5, 0x28a5, 0x28a5, 0x28a5, 
  0x28a5, 0x28a5, 0x28a5, 0x28a5, 0x28a5, 0x28a5, 0x28a5, 0x28a5, 0x28a5, 0x28a5, 0x28a5, 0x28a5, 
  0x28a5, 0x28a5, 0x28a5, 0x28a5, 0x28a5, 0x28a5, 0x28a5, 0x28a5, 0x28c6, 0x30e6, 0x3107, 0x3948, 
  0x3948, 0x3948, 0x3948, 0x3948, 0x3948, 0x3927, 0x3927, 0x3927, 0x3927, 0x3927, 0x3927, 0x3927, 
  0x3907, 0x3107, 0x3107, 0x3107, 0x3107, 0x30e6, 0x30e6, 0x30e6, 0x30e6, 0x30e6, 0x30e6, 0x30c6, 
  0x30c6, 0x30c6, 0x30c6, 0x28c6, 0x28c6, 0x28c6, 0x28a6, 0x28a5, 0x28a5, 0x2885, 0x2885, 0x2885, 
  0x2085, 0x2085, 0x2085, 0x2085, 0x2065, 0x2065, 0x2064, 0x2064, 0x2064, 0x2064, 0x2064, 0x2064, 
  0x2064, 0x2064, 0x2064, 0x2044, 0x2044, 0x2044, 0x2044, 0x2044, 0x2044, 0x1844, 0x1844, 0x1844, 
  0x1844, 0x1844, 0x1844, 0x1844, 0x1824, 0x1824, 0x1824, 0x1824, 0x1823, 0x1823, 0x1823, 0x1823, 
  0x1824, 0x1824, 0x1824, 0x2024, 0x2025, 0x2026, 0x2827, 0x3048, 0x406a, 0x488c, 0x58ce, 0x610f, 
  0x6930, 0x7171, 0x7191, 0x7991, 0x7991, 0x7991, 0x7991, 0x7191, 0x7191, 0x7191, 0x7991, 0x9bb4, 
  0x4189, 0x2065, 0x2045, 0x2045, 0x2065, 0x2065, 0x2065, 0x2065, 0x2065, 0x2045, 0x2044, 0x2044, 
  0x2044, 0x1844, 0x1844, 0x1844, 0x1844, 0x1844, 0x1844, 0x1844, 0x1844, 0x1844, 0x1844, 0x1844, 
  0x1844, 0x1844, 0x1844, 0x1844, 0x1844, 0x1844, 0x1844, 0x1844, 0x1844, 0x1844, 0x1844, 0x1844, 
  0x2064, 0x2064, 0x2064, 0x2064, 0x2064, 0x2064, 0x2064, 0x2064, 0x2064, 0x2064, 0x2064, 0x2064, 
  0x2064, 0x2084, 0x2085, 0x2085, 0x2085, 0x2085, 0x2085, 0x2085, 0x2085, 0x2064, 0x2064, 0x2064, 
  0x1844, 0x1844, 0x1844, 0x1844, 0x1844, 0x1844, 0x1844, 0x1844, 0x1844, 0x1844, 0x1844, 0x1844, 
  0x1844, 0x1844, 0x1844, 0x1844, 0x1823, 0x1823, 0x1823, 0x1823, 0x1823, 0x1823, 0x1823, 0x1823, 
  0x1823, 0x1823, 0x1823, 0x1823, 0x1823, 0x1823, 0x1823, 0x1823, 0x1823, 0x1823, 0x1823, 0x1823, 
  0x1823, 0x1823, 0x1823, 0x1003, 0x1003, 0x1003, 0x1003, 0x1003, 0x1003, 0x1003, 0x1003, 0x1003, 
  0x1003, 0x1003, 0x1003, 0x1003, 0x1003, 0x1003, 0x1003, 0x1003, 0x1003, 0x1003, 0x1003, 0x1003, 
  0x1003, 0x1003, 0x1003, 0x1003, 0x1003, 0x1003, 0x1003, 0x1003, 0x1003, 0x1003, 0x1003, 0x1003, 
  0x1803, 0x1823, 0x1823, 0x1823, 0x1823, 0x1823, 0x1823, 0x1823, 0x1823, 0x1823, 0x1823, 0x1823, 
  0x1823, 0x1824, 0x1844, 0x1844, 0x1844, 0x2044, 0x2044, 0x2044, 0x2044, 0x2044, 0x2044, 0x1844, 
  0x1844, 0x1823, 0x1823, 0x1823, 0x1823, 0x1823, 0x1823, 0x1823, 0x1823, 0x1823, 0x1823, 0x1823, 
  0x1823, 0x1823, 0x1823, 0x1823, 0x1823, 0x1823, 0x1823, 0x1823, 0x1824, 0x1844, 0x2064, 0x2084, 
  0x2085, 0x28a5, 0x28a5, 0x28a5, 0x28a5, 0x28a5, 0x28a5, 0x28a5, 0x28a5, 0x28a5, 0x28a5, 0x28a5, 
  0x28a5, 0x28a5, 0x28a5, 0x28a5, 0x28a5, 0x28a5, 0x28a5, 0x28a5, 0x28a5, 0x28a5, 0x28a5, 0x28a5, 
  0x28a5, 0x28a5, 0x28a5, 0x28a5, 0x28a5, 0x28a5, 0x28a5, 0x28a5, 0x28a5, 0x28a5, 0x28a5, 0x28a5, 
  0x28a5, 0x28a5, 0x28a5, 0x28a5, 0x28a5, 0x28c6, 0x3107, 0x3927, 0x3948, 0x3948, 0x3948, 0x3948, 
  0x3927, 0x3927, 0x3927, 0x3927, 0x3927, 0x3927, 0x3927, 0x3927, 0x3107, 0x3107, 0x3107, 0x3107, 
  0x30e6, 0x30e6, 0x30e6, 0x30e6, 0x30e6, 0x30e6, 0x30e6, 0x30c6, 0x30c6, 0x30c6, 0x28c6, 0x28c6, 
  0x28c6, 0x28a6, 0x28a5, 0x28a5, 0x28a5, 0x2885, 0x2885, 0x2885, 0x2085, 0x2085, 0x2085, 0x2085, 
  0x2065, 0x2065, 0x2064, 0x2064, 0x2064, 0x2064, 0x2064, 0x2064, 0x2064, 0x2064, 0x2044, 0x2044, 
  0x2044, 0x2044, 0x2044, 0x2044, 0x2044, 0x1844, 0x1844, 0x1844, 0x1844, 0x1844, 0x1844, 0x1844, 
  0x1824, 0x1824, 0x1824, 0x1824, 0x1824, 0x1823, 0x1824, 0x1824, 0x1824, 0x1824, 0x2024, 0x2025, 
  0x2826, 0x2847, 0x3049, 0x406a, 0x48ac, 0x58ce, 0x610f, 0x6950, 0x7171, 0x7191, 0x7191, 0x71b0, 
  0x71b0, 0x71b0, 0x71b0, 0x7190, 0x7190, 0x71b0, 0x71b0, 0x9393, 0x4189, 0x2065, 0x2065, 0x2065, 
  0x2065, 0x2065, 0x2065, 0x2065, 0x2065, 0x2045, 0x2045, 0x2045, 0x2044, 0x2044, 0x1844, 0x1844, 
  0x1844, 0x1844, 0x1844, 0x1844, 0x1844, 0x1844, 0x1844, 0x1844, 0x1844, 0x1844, 0x1844, 0x1844, 
  0x1844, 0x1844, 0x1844, 0x1844, 0x1844, 0x1844, 0x1844, 0x2044, 0x2064, 0x2064, 0x2064, 0x2064, 
  0x2064, 0x2064, 0x2064, 0x2064, 0x2064, 0x2064, 0x2064, 0x2064, 0x2064, 0x2084, 0x2085, 0x2085, 
  0x2085, 0x2085, 0x2085, 0x2085, 0x2085, 0x2064, 0x2064, 0x2044, 0x1844, 0x1844, 0x1844, 0x1844, 
  0x1844, 0x1844, 0x1844, 0x1844, 0x1844, 0x1844, 0x1844, 0x1844, 0x1844, 0x1844, 0x1844, 0x1823, 
  0x1823, 0x1823, 0x1823, 0x1823, 0x1823, 0x1823, 0x1823, 0x1823, 0x1823, 0x1823, 0x1823, 0x1823, 
  0x1823, 0x1823, 0x1823, 0x1823, 0x1823, 0x1823, 0x1823, 0x1823, 0x1823, 0x1823, 0x1003, 0x1003, 
  0x1003, 0x1003, 0x1003, 0x1003, 0x1003, 0x1003, 0x1003, 0x1003, 0x1003, 0x1003, 0x1003, 0x1003, 
  0x1003, 0x1003, 0x1003, 0x1003, 0x1003, 0x1003, 0x1003, 0x1003, 0x1003, 0x1003, 0x1003, 0x1003, 
  0x1003, 0x1003, 0x1003, 0x1003, 0x1003, 0x1003, 0x1003, 0x1003, 0x1823, 0x1823, 0x1823, 0x1823, 
  0x1823, 0x1823, 0x1823, 0x1823, 0x1823, 0x1823, 0x1823, 0x1823, 0x1824, 0x1844, 0x1844, 0x1844, 
  0x2044, 0x2044, 0x2044, 0x2044, 0x2044, 0x2044, 0x2044, 0x2044, 0x1844, 0x1824, 0x1823, 0x1823, 
  0x1823, 0x1823, 0x1823, 0x1823, 0x1823, 0x1823, 0x1823, 0x1823, 0x1823, 0x1823, 0x1823, 0x1823, 
  0x1823, 0x1823, 0x1823, 0x1823, 0x1823, 0x1824, 0x1844, 0x2064, 0x2085, 0x2085, 0x28a5, 0x28a5, 
  0x28a5, 0x28a5, 0x28a5, 0x28a5, 0x28a5, 0x28a5, 0x28a5, 0x28a5, 0x28a5, 0x28a5, 0x28a5, 0x28a5, 
  0x28a5, 0x28a5, 0x28a5, 0x28a5, 0x28a5, 0x28a5, 0x28a5, 0x28a5, 0x28a5, 0x28a5, 0x28a5, 0x28a5, 
  0x28a5, 0x28a5, 0x28a5, 0x28a5, 0x28a5, 0x28a5, 0x28a5, 0x28a5, 0x28a5, 0x28a5, 0x28a5, 0x28a5, 
  0x28a5, 0x28c6, 0x30e6, 0x3927, 0x3948, 0x3948, 0x3948, 0x3948, 0x3927, 0x3927, 0x3927, 0x3927, 
  0x3927, 0x3927, 0x3927, 0x3107, 0x3107, 0x3107, 0x3107, 0x3106, 0x30e6, 0x30e6, 0x30e6, 0x30e6, 
  0x30e6, 0x30e6, 0x30c6, 0x30c6, 0x30c6, 0x28c6, 0x28c6, 0x28c6, 0x28a6, 0x28a6, 0x28a5, 0x28a5, 
  0x2885, 0x2885, 0x2885, 0x2085, 0x2085, 0x2085, 0x2085, 0x2065, 0x2065, 0x2064, 0x2064, 0x2064, 
  0x2064, 0x2064, 0x2064, 0x2064, 0x2064, 0x2044, 0x2044, 0x2044, 0x2044, 0x2044, 0x2044, 0x2044, 
  0x2044, 0x1844, 0x1844, 0x1844, 0x1844, 0x1844, 0x1844, 0x1844, 0x1824, 0x1824, 0x1824, 0x1824, 
  0x1824, 0x1824, 0x1824, 0x1824, 0x1824, 0x2025, 0x2025, 0x2826, 0x3047, 0x3849, 0x406b, 0x50ad, 
  0x58ee, 0x610f, 0x6950, 0x6970, 0x6990, 0x6990, 0x698f, 0x698f, 0x698f, 0x698f, 0x698f, 0x698f, 
  0x698f, 0x698f, 0x698e, 0x8b92, 0x4189, 0x2065, 0x2065, 0x2065, 0x2065, 0x2065, 0x2065, 0x2065, 
  0x2065, 0x2065, 0x2045, 0x2045, 0x2045, 0x2044, 0x2044, 0x1844, 0x1844, 0x1844, 0x1844, 0x1844, 
  0x1844, 0x1844, 0x1844, 0x1844, 0x1844, 0x1844, 0x1844, 0x1844, 0x1844, 0x1844, 0x1844, 0x1844, 
  0x1844, 0x1844, 0x2044, 0x2044, 0x2064, 0x2064, 0x2064, 0x2064, 0x2064, 0x2064, 0x2064, 0x2064, 
  0x2064, 0x2064, 0x2064, 0x2064, 0x2064, 0x2085, 0x2085, 0x2085, 0x2085, 0x2085, 0x2085, 0x2085, 
  0x2085, 0x2064, 0x2064, 0x1844, 0x1844, 0x1844, 0x1844, 0x1844, 0x1844, 0x1844, 0x1844, 0x1844, 
  0x1844, 0x1844, 0x1844, 0x1844, 0x1844, 0x1823, 0x1823, 0x1823, 0x1823, 0x1823, 0x1823, 0x1823, 
  0x1823, 0x1823, 0x1823, 0x1823, 0x1823, 0x1823, 0x1823, 0x1823, 0x1823, 0x1823, 0x1823, 0x1823, 
  0x1823, 0x1823, 0x1823, 0x1823, 0x1823, 0x1003, 0x1003, 0x1003, 0x1003, 0x1003, 0x1003, 0x1003, 
  0x1003, 0x1003, 0x1003, 0x1003, 0x1003, 0x1003, 0x1003, 0x1003, 0x1003, 0x1003, 0x1003, 0x1003, 
  0x1003, 0x1003, 0x1003, 0x1003, 0x1003, 0x1003, 0x1003, 0x1003, 0x1003, 0x1003, 0x1003, 0x1003, 
  0x1003, 0x1003, 0x1803, 0x1803, 0x1823, 0x1823, 0x1823, 0x1823, 0x1823, 0x1823, 0x1823, 0x1823, 
  0x1823, 0x1823, 0x1823, 0x1823, 0x1824, 0x1844, 0x1844, 0x1844, 0x2044, 0x2044, 0x2044, 0x2044, 
  0x2044, 0x2044, 0x2044, 0x2044, 0x2044, 0x1844, 0x1824, 0x1823, 0x1823, 0x1823, 0x1823, 0x1823, 
  0x1823, 0x1823, 0x1823, 0x1823, 0x1823, 0x1823, 0x1823, 0x1823, 0x1823, 0x1823, 0x1823, 0x1823, 
  0x1823, 0x1823, 0x1824, 0x1844, 0x2064, 0x2085, 0x2085, 0x28a5, 0x28a5, 0x28a5, 0x28a5, 0x28a5, 
  0x28a5, 0x28a5, 0x28a5, 0x28a5, 0x28a5, 0x28a5, 0x28a5, 0x28a5, 0x28a5, 0x28a5, 0x28a5, 0x28a5, 
  0x28a5, 0x28a5, 0x28a5, 0x28a5, 0x28a5, 0x28a5, 0x28a5, 0x28a5, 0x28a5, 0x28a5, 0x28a5, 0x28a5, 
  0x28a5, 0x28a5, 0x28a5, 0x28a5, 0x28a5, 0x28a5, 0x28a5, 0x28a5, 0x28a5, 0x28c6, 0x30e6, 0x3107, 
  0x3948, 0x3948, 0x3948, 0x3948, 0x3927, 0x3927, 0x3927, 0x3927, 0x3927, 0x3927, 0x3107, 0x3107, 
  0x3107, 0x3107, 0x3107, 0x30e6, 0x30e6, 0x30e6, 0x30e6, 0x30e6, 0x30e6, 0x30c6, 0x30c6, 0x30c6, 
  0x30c6, 0x28c6, 0x28c6, 0x28a6, 0x28a6, 0x28a6, 0x28a5, 0x28a5, 0x2885, 0x2885, 0x2885, 0x2085, 
  0x2085, 0x2085, 0x2065, 0x2065, 0x2065, 0x2064, 0x2064, 0x2064, 0x2064, 0x2064, 0x2064, 0x2064, 
  0x2044, 0x2044, 0x2044, 0x2044, 0x2044, 0x2044, 0x2044, 0x2044, 0x2044, 0x1844, 0x1844, 0x1844, 
  0x1844, 0x1844, 0x1844, 0x1844, 0x1824, 0x1824, 0x1824, 0x1824, 0x1824, 0x1824, 0x1824, 0x1824, 
  0x2025, 0x2025, 0x2826, 0x3048, 0x3869, 0x408b, 0x50ad, 0x58ee, 0x612f, 0x6950, 0x6970, 0x698f, 
  0x618f, 0x618e, 0x618e, 0x598d, 0x598d, 0x598d, 0x598d, 0x618d, 0x618d, 0x618d, 0x598d, 0x8b91, 
  0x4189, 0x2065, 0x2065, 0x2065, 0x2065, 0x2065, 0x2065, 0x2065, 0x2065, 0x2065, 0x2065, 0x2045, 
  0x2045, 0x2045, 0x2044, 0x2044, 0x1844, 0x1844, 0x1844, 0x1844, 0x1844, 0x1844, 0x1844, 0x1844, 
  0x1844, 0x1844, 0x1844, 0x1844, 0x1844, 0x1844, 0x1844, 0x2044, 0x2044, 0x2044, 0x2044, 0x2064, 
  0x2064, 0x2064, 0x2064, 0x2064, 0x2064, 0x2064, 0x2064, 0x2064, 0x2064, 0x2064, 0x2064, 0x2064, 
  0x2064, 0x2085, 0x2085, 0x2085, 0x2085, 0x2085, 0x2085, 0x2085, 0x2085, 0x2064, 0x2064, 0x1844, 
  0x1844, 0x1844, 0x1844, 0x1844, 0x1844, 0x1844, 0x1844, 0x1844, 0x1844, 0x1844, 0x1844, 0x1844, 
  0x1823, 0x1823, 0x1823, 0x1823, 0x1823, 0x1823, 0x1823, 0x1823, 0x1823, 0x1823, 0x1823, 0x1823, 
  0x1823, 0x1823, 0x1823, 0x1823, 0x1823, 0x1823, 0x1823, 0x1823, 0x1823, 0x1823, 0x1823, 0x1823, 
  0x1823, 0x1003, 0x1003, 0x1003, 0x1003, 0x1003, 0x1003, 0x1003, 0x1003, 0x1003, 0x1003, 0x1003, 
  0x1003, 0x1003, 0x1003, 0x1003, 0x1003, 0x1003, 0x1003, 0x1003, 0x1003, 0x1003, 0x1003, 0x1003, 
  0x1003, 0x1003, 0x1003, 0x1003, 0x1003, 0x1003, 0x1003, 0x1003, 0x1003, 0x1803, 0x1803, 0x1823, 
  0x1823, 0x1823, 0x1823, 0x1823, 0x1823, 0x1823, 0x1823, 0x1823, 0x1823, 0x1823, 0x1824, 0x1844, 
  0x1844, 0x1844, 0x1844, 0x2044, 0x2044, 0x2044, 0x2044, 0x2044, 0x2044, 0x2064, 0x2064, 0x2064, 
  0x2044, 0x2044, 0x1844, 0x1823, 0x1823, 0x1823, 0x1823, 0x1823, 0x1823, 0x1823, 0x1823, 0x1823, 
  0x1823, 0x1823, 0x1823, 0x1823, 0x1823, 0x1823, 0x1823, 0x1823, 0x1823, 0x1823, 0x1823, 0x1844, 
  0x2044, 0x2064, 0x2085, 0x2085, 0x28a5, 0x28a5, 0x28a5, 0x28a5, 0x28a5, 0x28a5, 0x28a5, 0x28a5, 
  0x28a5, 0x28a5, 0x28a5, 0x28a5, 0x28a5, 0x28a5, 0x28a5, 0x28a5, 0x28a5, 0x28a5, 0x28a5, 0x28a5, 
  0x28a5, 0x28a5, 0x28a5, 0x28a5, 0x28a5, 0x28a5, 0x28a5, 0x28a5, 0x28a5, 0x28a5, 0x28a5, 0x28a5, 
  0x28a5, 0x28a5, 0x28a5, 0x28a5, 0x28a5, 0x28c6, 0x28c6, 0x3107, 0x3927, 0x3948, 0x3948, 0x3948, 
  0x3927, 0x3927, 0x3927, 0x3927, 0x3927, 0x3907, 0x3107, 0x3107, 0x3107, 0x3107, 0x30e6, 0x30e6, 
  0x30e6, 0x30e6, 0x30e6, 0x30e6, 0x30c6, 0x30c6, 0x30c6, 0x30c6, 0x28c6, 0x28c6, 0x28c6, 0x28a6, 
  0x28a6, 0x28a5, 0x28a5, 0x2885, 0x2885, 0x2885, 0x2885, 0x2085, 0x2085, 0x2085, 0x2065, 0x2065, 
  0x2064, 0x2064, 0x2064, 0x2064, 0x2064, 0x2064, 0x2064, 0x2064, 0x2044, 0x2044, 0x2044, 0x2044, 
  0x2044, 0x2044, 0x2044, 0x2044, 0x1844, 0x1844, 0x1844, 0x1844, 0x1844, 0x1844, 0x1844, 0x1844, 
  0x1824, 0x1824, 0x1824, 0x1824, 0x1824, 0x1824, 0x2024, 0x2025, 0x2025, 0x2846, 0x3048, 0x386a, 
  0x488b, 0x50cd, 0x58ee, 0x612f, 0x6950, 0x616f, 0x618f, 0x618e, 0x598d, 0x598c, 0x516c, 0x516b, 
  0x516b, 0x516b, 0x516b, 0x516b, 0x516b, 0x516b, 0x516b, 0x8391, 0x4168, 0x2064, 0x2065, 0x2065, 
  0x2065, 0x2065, 0x2065, 0x2065, 0x2065, 0x2065, 0x2065, 0x2065, 0x2045, 0x2045, 0x2045, 0x2044, 
  0x2044, 0x1844, 0x1844, 0x1844, 0x1844, 0x1844, 0x1844, 0x1844, 0x1844, 0x1844, 0x1844, 0x1844, 
  0x1844, 0x1844, 0x1844, 0x2044, 0x2044, 0x2044, 0x2064, 0x2064, 0x2064, 0x2064, 0x2064, 0x2064, 
  0x2064, 0x2064, 0x2064, 0x2064, 0x2064, 0x2064, 0x2064, 0x2085, 0x2085, 0x2085, 0x2085, 0x2085, 
  0x2085, 0x2085, 0x2085, 0x2085, 0x2084, 0x2064, 0x2044, 0x1844, 0x1844, 0x1844, 0x1844, 0x1844, 
  0x1844, 0x1844, 0x1844, 0x1844, 0x1844, 0x1823, 0x1823, 0x1823, 0x1823, 0x1823, 0x1823, 0x1823, 
  0x1823, 0x1823, 0x1823, 0x1823, 0x1823, 0x1823, 0x1823, 0x1823, 0x1823, 0x1823, 0x1823, 0x1823, 
  0x1823, 0x1823, 0x1823, 0x1823, 0x1823, 0x1823, 0x1823, 0x1823, 0x1003, 0x1003, 0x1003, 0x1003, 
  0x1003, 0x1003, 0x1003, 0x1003, 0x1003, 0x1003, 0x1003, 0x1003, 0x1003, 0x1003, 0x1003, 0x1003, 
  0x1003, 0x1003, 0x1003, 0x1003, 0x1003, 0x1003, 0x1003, 0x1003, 0x1003, 0x1003, 0x1003, 0x1003, 
  0x1003, 0x1003, 0x1003, 0x1003, 0x1003, 0x1803, 0x1823, 0x1823, 0x1823, 0x1823, 0x1823, 0x1823, 
  0x1823, 0x1823, 0x1823, 0x1823, 0x1823, 0x1824, 0x1824, 0x1844, 0x1844, 0x1844, 0x1844, 0x2044, 
  0x2044, 0x2044, 0x2044, 0x2044, 0x2064, 0x2064, 0x2064, 0x2064, 0x2064, 0x2044, 0x1844, 0x1824, 
  0x1823, 0x1823, 0x1823, 0x1823, 0x1823, 0x1823, 0x1823, 0x1823, 0x1823, 0x1823, 0x1823, 0x1823, 
  0x1823, 0x1823, 0x1823, 0x1823, 0x1823, 0x1823, 0x1823, 0x1823, 0x1844, 0x2044, 0x2064, 0x2085, 
  0x2085, 0x28a5, 0x28a5, 0x28a5, 0x28a5, 0x28a5, 0x28a5, 0x28a5, 0x28a5, 0x28a5, 0x28a5, 0x28a5, 
  0x28a5, 0x28a5, 0x28a5, 0x28a5, 0x28a5, 0x28a5, 0x28a5, 0x28a5, 0x28a5, 0x28a5, 0x28a5, 0x28a5, 
  0x28a5, 0x28a5, 0x28a5, 0x28a5, 0x28a5, 0x28a5, 0x28a5, 0x28a5, 0x28a5, 0x28a5, 0x28a5, 0x28a5, 
  0x2085, 0x28a5, 0x28c6, 0x3107, 0x3927, 0x3948, 0x3948, 0x3948, 0x3927, 0x3927, 0x3927, 0x3927, 
  0x3927, 0x3107, 0x3107, 0x3107, 0x3107, 0x30e6, 0x30e6, 0x30e6, 0x30e6, 0x30e6, 0x30e6, 0x30e6, 
  0x30c6, 0x30c6, 0x30c6, 0x28c6, 0x28c6, 0x28c6, 0x28a6, 0x28a6, 0x28a5, 0x28a5, 0x28a5, 0x2885, 
  0x2885, 0x2885, 0x2085, 0x2085, 0x2085, 0x2065, 0x2065, 0x2065, 0x2064, 0x2064, 0x2064, 0x2064, 
  0x2064, 0x2064, 0x2064, 0x2044, 0x2044, 0x2044, 0x2044, 0x2044, 0x2044, 0x2044, 0x2044, 0x2044, 
  0x1844, 0x1844, 0x1844, 0x1844, 0x1844, 0x1844, 0x1844, 0x1824, 0x1824, 0x1824, 0x1824, 0x1824, 
  0x1824, 0x2024, 0x2025, 0x2026, 0x2847, 0x3048, 0x406a, 0x488c, 0x50cd, 0x590e, 0x612f, 0x614f, 
  0x616f, 0x618e, 0x598d, 0x516c, 0x516c, 0x516b, 0x496a, 0x496a, 0x496a, 0x496a, 0x496a, 0x496a, 
  0x496a, 0x496a, 0x496a, 0x8391, 0x4168, 0x2064, 0x2064, 0x2064, 0x2064, 0x2064, 0x2064, 0x2064, 
  0x2064, 0x2065, 0x2065, 0x2065, 0x2045, 0x2045, 0x2045, 0x2045, 0x2044, 0x2044, 0x1844, 0x1844, 
  0x1844, 0x1844, 0x1844, 0x1844, 0x1844, 0x1844, 0x1844, 0x1844, 0x1844, 0x1844, 0x1844, 0x2044, 
  0x2044, 0x2064, 0x2064, 0x2064, 0x2064, 0x2064, 0x2064, 0x2064, 0x2064, 0x2064, 0x2064, 0x2064, 
  0x2064, 0x2064, 0x2064, 0x2085, 0x2085, 0x2085, 0x2085, 0x2085, 0x2085, 0x2085, 0x2085, 0x2085, 
  0x2064, 0x2064, 0x1844, 0x1844, 0x1844, 0x1844, 0x1844, 0x1844, 0x1844, 0x1844, 0x1844, 0x1844, 
  0x1823, 0x1823, 0x1823, 0x1823, 0x1823, 0x1823, 0x1823, 0x1823, 0x1823, 0x1823, 0x1823, 0x1823, 
  0x1823, 0x1823, 0x1823, 0x1823, 0x1823, 0x1823, 0x1823, 0x1823, 0x1823, 0x1823, 0x1823, 0x1823, 
  0x1823, 0x1823, 0x1823, 0x1003, 0x1003, 0x1003, 0x1003, 0x1003, 0x1003, 0x1003, 0x1003, 0x1003, 
  0x1003, 0x1003, 0x1003, 0x1003, 0x1003, 0x1003, 0x1003, 0x1003, 0x1003, 0x1003, 0x1003, 0x1003, 
  0x1003, 0x1003, 0x1003, 0x1003, 0x1003, 0x1003, 0x1003, 0x1003, 0x1003, 0x1003, 0x1003, 0x1003, 
  0x1803, 0x1803, 0x1823, 0x1823, 0x1823, 0x1823, 0x1823, 0x1823, 0x1823, 0x1823, 0x1823, 0x1823, 
  0x1824, 0x1824, 0x1844, 0x1844, 0x1844, 0x1844, 0x2044, 0x2044, 0x2044, 0x2044, 0x2044, 0x2064, 
  0x2064, 0x2064, 0x2064, 0x2064, 0x2064, 0x2064, 0x2044, 0x1844, 0x1824, 0x1823, 0x1823, 0x1823, 
  0x1823, 0x1823, 0x1823, 0x1823, 0x1823, 0x1823, 0x1823, 0x1823, 0x1823, 0x1823, 0x1823, 0x1823, 
  0x1823, 0x1823, 0x1823, 0x1823, 0x1823, 0x1844, 0x2044, 0x2064, 0x2085, 0x2885, 0x28a5, 0x28a5, 
  0x28a5, 0x28a5, 0x28a5, 0x28a5, 0x28a5, 0x28a5, 0x28a5, 0x28a5, 0x28a5, 0x28a5, 0x28a5, 0x28a5, 
  0x28a5, 0x28a5, 0x28a5, 0x28a5, 0x28a5, 0x28a5, 0x28a5, 0x28a5, 0x28a5, 0x28a5, 0x28a5, 0x28a5, 
  0x28a5, 0x28a5, 0x28a5, 0x28a5, 0x28a5, 0x28a5, 0x28a5, 0x2085, 0x2085, 0x28a5, 0x28c6, 0x30e6, 
  0x3927, 0x3928, 0x3948, 0x3948, 0x3927, 0x3927, 0x3927, 0x3927, 0x3107, 0x3107, 0x3107, 0x3107, 
  0x3106, 0x30e6, 0x30e6, 0x30e6, 0x30e6, 0x30e6, 0x30e6, 0x30e6, 0x30c6, 0x30c6, 0x30c6, 0x28c6, 
  0x28c6, 0x28c6, 0x28a6, 0x28a6, 0x28a5, 0x28a5, 0x2885, 0x2885, 0x2885, 0x2885, 0x2085, 0x2085, 
  0x2085, 0x2065, 0x2065, 0x2064, 0x2064, 0x2064, 0x2064, 0x2064, 0x2064, 0x2064, 0x2064, 0x2044, 
  0x2044, 0x2044, 0x2044, 0x2044, 0x2044, 0x2044, 0x2044, 0x1844, 0x1844, 0x1844, 0x1844, 0x1844, 
  0x1844, 0x1844, 0x1824, 0x1824, 0x1824, 0x1824, 0x1824, 0x1824, 0x2024, 0x2025, 0x2826, 0x2847, 
  0x3049, 0x406a, 0x48ac, 0x50cd, 0x590e, 0x612f, 0x616f, 0x616e, 0x598d, 0x598c, 0x518b, 0x496b, 
  0x496a, 0x496a, 0x4969, 0x4169, 0x4169, 0x4169, 0x4169, 0x4969, 0x4969, 0x4969, 0x4169, 0x8391, 
  0x4168, 0x2064, 0x2064, 0x2064, 0x2064, 0x2064, 0x2064, 0x2064, 0x2064, 0x2064, 0x2065, 0x2065, 
  0x2065, 0x2045, 0x2045, 0x2045, 0x2045, 0x2044, 0x2044, 0x1844, 0x1844, 0x1844, 0x1844, 0x1844, 
  0x1844, 0x1844, 0x1844, 0x1844, 0x1844, 0x1844, 0x1844, 0x2044, 0x2064, 0x2064, 0x2064, 0x2064, 
  0x2064, 0x2064, 0x2064, 0x2064, 0x2064, 0x2064, 0x2064, 0x2064, 0x2064, 0x2064, 0x2085, 0x2085, 
  0x2085, 0x2085, 0x2085, 0x2085, 0x2085, 0x2085, 0x2085, 0x2085, 0x2064, 0x2064, 0x1844, 0x1844, 
  0x1844, 0x1844, 0x1844, 0x1844, 0x1844, 0x1844, 0x1824, 0x1823, 0x1823, 0x1823, 0x1823, 0x1823, 
  0x1823, 0x1823, 0x1823, 0x1823, 0x1823, 0x1823, 0x1823, 0x1823, 0x1823, 0x1823, 0x1823, 0x1823, 
  0x1823, 0x1823, 0x1823, 0x1823, 0x1823, 0x1823, 0x1823, 0x1823, 0x1823, 0x1823, 0x1003, 0x1003, 
  0x1003, 0x1003, 0x1003, 0x1003, 0x1003, 0x1003, 0x1003, 0x1003, 0x1003, 0x1003, 0x1003, 0x1003, 
  0x1003, 0x1003, 0x1003, 0x1003, 0x1003, 0x1003, 0x1003, 0x1003, 0x1003, 0x1003, 0x1003, 0x1003, 
  0x1003, 0x1003, 0x1003, 0x1003, 0x1003, 0x1003, 0x1003, 0x1803, 0x1803, 0x1823, 0x1823, 0x1823, 
  0x1823, 0x1823, 0x1823, 0x1823, 0x1823, 0x1823, 0x1823, 0x1824, 0x1824, 0x1844, 0x1844, 0x1844, 
  0x2044, 0x2044, 0x2044, 0x2044, 0x2044, 0x2044, 0x2064, 0x2064, 0x2064, 0x2064, 0x2064, 0x2064, 
  0x2064, 0x2064, 0x2044, 0x1844, 0x1844, 0x1823, 0x1823, 0x1823, 0x1823, 0x1823, 0x1823, 0x1823, 
  0x1823, 0x1823, 0x1823, 0x1823, 0x1823, 0x1823, 0x1823, 0x1823, 0x1823, 0x1823, 0x1823, 0x1823, 
  0x1823, 0x1823, 0x1844, 0x2044, 0x2064, 0x2085, 0x2885, 0x28a5, 0x28a5, 0x28a5, 0x28a5, 0x28a5, 
  0x28a5, 0x28a5, 0x28a5, 0x28a5, 0x28a5, 0x28a5, 0x28a5, 0x28a5, 0x28a5, 0x28a5, 0x28a5, 0x28a5, 
  0x28a5, 0x28a5, 0x28a5, 0x28a5, 0x28a5, 0x28a5, 0x28a5, 0x28a5, 0x28a5, 0x28a5, 0x28a5, 0x28a5, 
  0x28a5, 0x28a5, 0x2085, 0x2085, 0x2085, 0x28a5, 0x28c6, 0x30e6, 0x3107, 0x3927, 0x3948, 0x3948, 
  0x3927, 0x3927, 0x3927, 0x3907, 0x3107, 0x3107, 0x3107, 0x3107, 0x30e6, 0x30e6, 0x30e6, 0x30e6, 
  0x30e6, 0x30e6, 0x30e6, 0x30c6, 0x30c6, 0x30c6, 0x28c6, 0x28c6, 0x28c6, 0x28a6, 0x28a6, 0x28a5, 
  0x28a5, 0x28a5, 0x2885, 0x2885, 0x2885, 0x2085, 0x2085, 0x2085, 0x2065, 0x2065, 0x2064, 0x2064, 
  0x2064, 0x2064, 0x2064, 0x2064, 0x2064, 0x2064, 0x2064, 0x2044, 0x2044, 0x2044, 0x2044, 0x2044, 
  0x2044, 0x2044, 0x2044, 0x1844, 0x1844, 0x1844, 0x1844, 0x1844, 0x1844, 0x1824, 0x1824, 0x1824, 
  0x1824, 0x1824, 0x1824, 0x2024, 0x2025, 0x2826, 0x3047, 0x3869, 0x408b, 0x48ac, 0x50ee, 0x590e, 
  0x594e, 0x596e, 0x598d, 0x598d, 0x518c, 0x518b, 0x496a, 0x496a, 0x4169, 0x4169, 0x4169, 0x4169, 
  0x4169, 0x4169, 0x4169, 0x4169, 0x4169, 0x4169, 0x4168, 0x8370, 0x4168, 0x2064, 0x2064, 0x2064, 
  0x2064, 0x2064, 0x2064, 0x2064, 0x2064, 0x2064, 0x2064, 0x2065, 0x2065, 0x2045, 0x2045, 0x2045, 
  0x2045, 0x2045, 0x2045, 0x2044, 0x2044, 0x1844, 0x1844, 0x1844, 0x1844, 0x1844, 0x1844, 0x1844, 
  0x2044, 0x2044, 0x2044, 0x2044, 0x2064, 0x2064, 0x2064, 0x2064, 0x2064, 0x2064, 0x2064, 0x2064, 
  0x2064, 0x2064, 0x2064, 0x2064, 0x2064, 0x2064, 0x2085, 0x2085, 0x2085, 0x2085, 0x2085, 0x2085, 
  0x2085, 0x2085, 0x2085, 0x2085, 0x2064, 0x2064, 0x1844, 0x1844, 0x1844, 0x1844, 0x1844, 0x1844, 
  0x1844, 0x1844, 0x1823, 0x1823, 0x1823, 0x1823, 0x1823, 0x1823, 0x1823, 0x1823, 0x1823, 0x1823, 
  0x1823, 0x1823, 0x1823, 0x1823, 0x1823, 0x1823, 0x1823, 0x1823, 0x1823, 0x1823, 0x1823, 0x1823, 
  0x1823, 0x1823, 0x1823, 0x1823, 0x1823, 0x1003, 0x1003, 0x1003, 0x1003, 0x1003, 0x1003, 0x1003, 
  0x1003, 0x1003, 0x1003, 0x1003, 0x1003, 0x1003, 0x1003, 0x1003, 0x1003, 0x1003, 0x1003, 0x1003, 
  0x1003, 0x1003, 0x1003, 0x1003, 0x1003, 0x1003, 0x1003, 0x1003, 0x1003, 0x1003, 0x1003, 0x1003, 
  0x1003, 0x1003, 0x1803, 0x1803, 0x1823, 0x1823, 0x1823, 0x1823, 0x1823, 0x1823, 0x1823, 0x1823, 
  0x1823, 0x1823, 0x1824, 0x1824, 0x1844, 0x1844, 0x1844, 0x2044, 0x2044, 0x2044, 0x2044, 0x2044, 
  0x2044, 0x2064, 0x2064, 0x2064, 0x2064, 0x2064, 0x2064, 0x2064, 0x2064, 0x2064, 0x2064, 0x2044, 
  0x1844, 0x1824, 0x1823, 0x1823, 0x1823, 0x1823, 0x1823, 0x1823, 0x1823, 0x1823, 0x1823, 0x1823, 
  0x1823, 0x1823, 0x1823, 0x1823, 0x1823, 0x1823, 0x1823, 0x1823, 0x1823, 0x1823, 0x1823, 0x1844, 
  0x2044, 0x2064, 0x2085, 0x2885, 0x28a5, 0x28a5, 0x28a5, 0x28a5, 0x28a5, 0x28a5, 0x28a5, 0x28a5, 
  0x28a5, 0x28a5, 0x28a5, 0x28a5, 0x28a5, 0x28a5, 0x28a5, 0x28a5, 0x28a5, 0x28a5, 0x28a5, 0x28a5, 
  0x28a5, 0x28a5, 0x28a5, 0x28a5, 0x28a5, 0x28a5, 0x28a5, 0x28a5, 0x28a5, 0x2085, 0x2085, 0x2085, 
  0x2085, 0x28a5, 0x28a5, 0x28c6, 0x3107, 0x3927, 0x3928, 0x3928, 0x3927, 0x3927, 0x3927, 0x3107, 
  0x3107, 0x3107, 0x3107, 0x30e6, 0x30e6, 0x30e6, 0x30e6, 0x30e6, 0x30e6, 0x30e6, 0x30c6, 0x30c6, 
  0x30c6, 0x28c6, 0x28c6, 0x28c6, 0x28a6, 0x28a6, 0x28a5, 0x28a5, 0x28a5, 0x2885, 0x2885, 0x2885, 
  0x2085, 0x2085, 0x2085, 0x2065, 0x2065, 0x2064, 0x2064, 0x2064, 0x2064, 0x2064, 0x2064, 0x2064, 
  0x2064, 0x2064, 0x2064, 0x2044, 0x2044, 0x2044, 0x2044, 0x2044, 0x2044, 0x2044, 0x2044, 0x1844, 
  0x1844, 0x1844, 0x1844, 0x1844, 0x1844, 0x1824, 0x1824, 0x1824, 0x1824, 0x2024, 0x2024, 0x2025, 
  0x2826, 0x3048, 0x3869, 0x408b, 0x48ac, 0x50ee, 0x592e, 0x594e, 0x596e, 0x598d, 0x518c, 0x518b, 
  0x498a, 0x498a, 0x4969, 0x4169, 0x4169, 0x4169, 0x4168, 0x4168, 0x4168, 0x4168, 0x4168, 0x4168, 
  0x4168, 0x4168, 0x4168, 0x8370, 0x4168, 0x2064, 0x2064, 0x2064, 0x2064, 0x2064, 0x2064, 0x2064, 
  0x2064, 0x2064, 0x2064, 0x2064, 0x2065, 0x2065, 0x2045, 0x2045, 0x2046, 0x2045, 0x2045, 0x2045, 
  0x2044, 0x2044, 0x2044, 0x1844, 0x1844, 0x1844, 0x1844, 0x1844, 0x2044, 0x2044, 0x2044, 0x2044, 
  0x2064, 0x2064, 0x2064, 0x2064, 0x2064, 0x2064, 0x2064, 0x2064, 0x2064, 0x2064, 0x2064, 0x2064, 
  0x2064, 0x2064, 0x2085, 0x2085, 0x2085, 0x2085, 0x2085, 0x2085, 0x2085, 0x2085, 0x2085, 0x2085, 
  0x2064, 0x2044, 0x1844, 0x1844, 0x1844, 0x1844, 0x1844, 0x1844, 0x1823, 0x1823, 0x1823, 0x1823, 
  0x1823, 0x1823, 0x1823, 0x1823, 0x1823, 0x1823, 0x1823, 0x1823, 0x1823, 0x1823, 0x1823, 0x1823, 
  0x1823, 0x1823, 0x1823, 0x1823, 0x1823, 0x1823, 0x1823, 0x1823, 0x1823, 0x1823, 0x1823, 0x1823, 
  0x1003, 0x1003, 0x1003, 0x1003, 0x1003, 0x1003, 0x1003, 0x1003, 0x1003, 0x1003, 0x1003, 0x1003, 
  0x1003, 0x1003, 0x1003, 0x1003, 0x1003, 0x1003, 0x1003, 0x1003, 0x1003, 0x1003, 0x1003, 0x1003, 
  0x1003, 0x1003, 0x1003, 0x1003, 0x1003, 0x1003, 0x1003, 0x1003, 0x1003, 0x1803, 0x1803, 0x1823, 
  0x1823, 0x1823, 0x1823, 0x1823, 0x1823, 0x1823, 0x1823, 0x1823, 0x1823, 0x1824, 0x1824, 0x1844, 
  0x1844, 0x1844, 0x2044, 0x2044, 0x2044, 0x2044, 0x2044, 0x2044, 0x2044, 0x2064, 0x2064, 0x2064, 
  0x2064, 0x2064, 0x2064, 0x2064, 0x2064, 0x2064, 0x2064, 0x2044, 0x2044, 0x1844, 0x1823, 0x1823, 
  0x1823, 0x1823, 0x1823, 0x1823, 0x1823, 0x1823, 0x1823, 0x1823, 0x1823, 0x1823, 0x1823, 0x1823, 
  0x1823, 0x1823, 0x1823, 0x1823, 0x1823, 0x1823, 0x1823, 0x1823, 0x1844, 0x2044, 0x2064, 0x2085, 
  0x28a5, 0x28a5, 0x28a5, 0x28a5, 0x28a5, 0x28a5, 0x28a5, 0x28a5, 0x28a5, 0x28a5, 0x28a5, 0x28a5, 
  0x28a5, 0x28a5, 0x28a5, 0x28a5, 0x28a5, 0x28a5, 0x28a5, 0x28a5, 0x28a5, 0x28a5, 0x28a5, 0x28a5, 
  0x28a5, 0x28a5, 0x28a5, 0x28a5, 0x28a5, 0x2085, 0x2085, 0x2085, 0x2085, 0x2085, 0x28a5, 0x28c6, 
  0x3107, 0x3927, 0x3927, 0x3927, 0x3927, 0x3927, 0x3907, 0x3107, 0x3107, 0x3107, 0x3106, 0x30e6, 
  0x30e6, 0x30e6, 0x30e6, 0x30e6, 0x30e6, 0x30c6, 0x30c6, 0x30c6, 0x30c6, 0x28c6, 0x28c6, 0x28c6, 
  0x28a6, 0x28a6, 0x28a5, 0x28a5, 0x28a5, 0x2885, 0x2885, 0x2085, 0x2085, 0x2085, 0x2085, 0x2065, 
  0x2065, 0x2064, 0x2064, 0x2064, 0x2064, 0x2064, 0x2064, 0x2064, 0x2064, 0x2064, 0x2064, 0x2044, 
  0x2044, 0x2044, 0x2044, 0x2044, 0x2044, 0x1844, 0x1844, 0x1844, 0x1844, 0x1844, 0x1844, 0x1844, 
  0x1824, 0x1824, 0x1824, 0x1824, 0x2024, 0x2025, 0x2025, 0x2846, 0x3048, 0x386a, 0x408b, 0x50cd, 
  0x50ed, 0x592e, 0x594e, 0x596d, 0x518c, 0x518c, 0x498b, 0x498a, 0x498a, 0x4169, 0x4169, 0x4169, 
  0x4168, 0x4168, 0x4168, 0x4168, 0x4168, 0x4168, 0x4168, 0x4168, 0x4168, 0x4168, 0x4168, 0x8370, 
  0x4168, 0x2064, 0x2064, 0x2064, 0x2064, 0x2064, 0x2064, 0x2064, 0x2064, 0x2064, 0x2064, 0x2064, 
  0x2065, 0x2065, 0x2065, 0x2846, 0x2846, 0x2846, 0x2046, 0x2045, 0x2045, 0x2044, 0x2044, 0x2044, 
  0x2044, 0x1844, 0x2044, 0x2044, 0x2044, 0x2044, 0x2044, 0x2044, 0x2064, 0x2064, 0x2064, 0x2064, 
  0x2064, 0x2064, 0x2064, 0x2064, 0x2064, 0x2064, 0x2064, 0x2064, 0x2064, 0x2085, 0x2085, 0x2085, 
  0x2085, 0x2085, 0x2085, 0x2085, 0x2085, 0x2085, 0x2085, 0x2084, 0x2064, 0x1844, 0x1844, 0x1844, 
  0x1844, 0x1844, 0x1823, 0x1823, 0x1823, 0x1823, 0x1823, 0x1823, 0x1823, 0x1823, 0x1823, 0x1823, 
  0x1823, 0x1823, 0x1823, 0x1823, 0x1823, 0x1823, 0x1823, 0x1823, 0x1823, 0x1823, 0x1823, 0x1823, 
  0x1823, 0x1823, 0x1823, 0x1823, 0x1823, 0x1823, 0x1823, 0x1003, 0x1003, 0x1003, 0x1003, 0x1003, 
  0x1003, 0x1003, 0x1003, 0x1003, 0x1003, 0x1003, 0x1003, 0x1003, 0x1003, 0x1003, 0x1003, 0x1003, 
  0x1003, 0x1003, 0x1003, 0x1003, 0x1003, 0x1003, 0x1003, 0x1003, 0x1003, 0x1003, 0x1003, 0x1003, 
  0x1003, 0x1003, 0x1003, 0x1003, 0x1803, 0x1803, 0x1803, 0x1823, 0x1823, 0x1823, 0x1823, 0x1823, 
  0x1823, 0x1823, 0x1823, 0x1823, 0x1824, 0x1824, 0x1844, 0x1844, 0x1844, 0x1844, 0x2044, 0x2044, 
  0x2044, 0x2044, 0x2044, 0x2044, 0x2064, 0x2064, 0x2064, 0x2064, 0x2064, 0x2064, 0x2064, 0x2064, 
  0x2064, 0x2064, 0x2064, 0x2064, 0x2044, 0x1844, 0x1824, 0x1823, 0x1823, 0x1823, 0x1823, 0x1823, 
  0x1823, 0x1823, 0x1823, 0x1823, 0x1823, 0x1823, 0x1823, 0x1823, 0x1823, 0x1823, 0x1823, 0x1823, 
  0x1823, 0x1823, 0x1823, 0x1823, 0x1823, 0x1844, 0x2044, 0x2064, 0x2085, 0x28a5, 0x28a5, 0x28a5, 
  0x28a5, 0x28a5, 0x28a5, 0x28a5, 0x28a5, 0x28a5, 0x28a5, 0x28a5, 0x28a5, 0x28a5, 0x28a5, 0x28a5, 
  0x28a5, 0x28a5, 0x28a5, 0x28a5, 0x28a5, 0x28a5, 0x28a5, 0x28a5, 0x28a5, 0x28a5, 0x28a5, 0x28a5, 
  0x2085, 0x2085, 0x2085, 0x2085, 0x2085, 0x2085, 0x28a5, 0x28c6, 0x30e6, 0x3107, 0x3927, 0x3927, 
  0x3927, 0x3927, 0x3107, 0x3107, 0x3107, 0x3107, 0x30e6, 0x30e6, 0x30e6, 0x30e6, 0x30e6, 0x30e6, 
  0x30e6, 0x30c6, 0x30c6, 0x30c6, 0x28c6, 0x28c6, 0x28c6, 0x28a6, 0x28a6, 0x28a5, 0x28a5, 0x28a5, 
  0x2885, 0x2885, 0x2885, 0x2085, 0x2085, 0x2085, 0x2065, 0x2065, 0x2065, 0x2064, 0x2064, 0x2064, 
  0x2064, 0x2064, 0x2064, 0x2064, 0x2064, 0x2064, 0x2044, 0x2044, 0x2044, 0x2044, 0x2044, 0x2044, 
  0x2044, 0x1844, 0x1844, 0x1844, 0x1844, 0x1844, 0x1844, 0x1844, 0x1824, 0x1824, 0x1824, 0x2024, 
  0x2025, 0x2026, 0x2847, 0x3048, 0x406a, 0x488c, 0x50cd, 0x590e, 0x592e, 0x596d, 0x596d, 0x518c, 
  0x518b, 0x498a, 0x498a, 0x4989, 0x4189, 0x4169, 0x4169, 0x4168, 0x4168, 0x4168, 0x4148, 0x4148, 
  0x4148, 0x4148, 0x4148, 0x4148, 0x4148, 0x4148, 0x4148, 0x8370, 0x4148, 0x2064, 0x2064, 0x2064, 
  0x2064, 0x2064, 0x2064, 0x2064, 0x2064, 0x2064, 0x2064, 0x2064, 0x2064, 0x2065, 0x2065, 0x2845, 
  0x2846, 0x2846, 0x2846, 0x2846, 0x2045, 0x2045, 0x2045, 0x2044, 0x2044, 0x2044, 0x2044, 0x2044, 
  0x2044, 0x2044, 0x2064, 0x2064, 0x2064, 0x2064, 0x2064, 0x2064, 0x2064, 0x2064, 0x2064, 0x2064, 
  0x2064, 0x2064, 0x2064, 0x2064, 0x2064, 0x2085, 0x2085, 0x2085, 0x2085, 0x2085, 0x2085, 0x2085, 
  0x2085, 0x2085, 0x2085, 0x2084, 0x2064, 0x1844, 0x1844, 0x1844, 0x1844, 0x1824, 0x1823, 0x1823, 
  0x1823, 0x1823, 0x1823, 0x1823, 0x1823, 0x1823, 0x1823, 0x1823, 0x1823, 0x1823, 0x1823, 0x1823, 
  0x1823, 0x1823, 0x1823, 0x1823, 0x1823, 0x1823, 0x1823, 0x1823, 0x1823, 0x1823, 0x1823, 0x1823, 
  0x1823, 0x1823, 0x1003, 0x1003, 0x1003, 0x1003, 0x1003, 0x1003, 0x1003, 0x1003, 0x1003, 0x1003, 
  0x1003, 0x1003, 0x1003, 0x1003, 0x1003, 0x1003, 0x1003, 0x1003, 0x1003, 0x1003, 0x1003, 0x1003, 
  0x1003, 0x1003, 0x1003, 0x1003, 0x1003, 0x1003, 0x1003, 0x1003, 0x1003, 0x1003, 0x1003, 0x1803, 
  0x1803, 0x1823, 0x1823, 0x1823, 0x1823, 0x1823, 0x1823, 0x1823, 0x1823, 0x1823, 0x1823, 0x1824, 
  0x1824, 0x1844, 0x1844, 0x1844, 0x1844, 0x2044, 0x2044, 0x2044, 0x2044, 0x2044, 0x2044, 0x2064, 
  0x2064, 0x2064, 0x2064, 0x2064, 0x2064, 0x2064, 0x2064, 0x2064, 0x2064, 0x2064, 0x2064, 0x2064, 
  0x2044, 0x2044, 0x1844, 0x1823, 0x1823, 0x1823, 0x1823, 0x1823, 0x1823, 0x1823, 0x1823, 0x1823, 
  0x1823, 0x1823, 0x1823, 0x1823, 0x1823, 0x1823, 0x1823, 0x1823, 0x1823, 0x1823, 0x1823, 0x1823, 
  0x1823, 0x1823, 0x1844, 0x2044, 0x2064, 0x2085, 0x28a5, 0x28a5, 0x28a5, 0x28a5, 0x28a5, 0x28a5, 
  0x28a5, 0x28a5, 0x28a5, 0x28a5, 0x28a5, 0x28a5, 0x28a5, 0x28a5, 0x28a5, 0x28a5, 0x28a5, 0x28a5, 
  0x28a5, 0x28a5, 0x28a5, 0x28a5, 0x28a5, 0x28a5, 0x28a5, 0x28a5, 0x2085, 0x2085, 0x2085, 0x2085, 
  0x2085, 0x2085, 0x28a5, 0x28a5, 0x30e6, 0x3107, 0x3927, 0x3927, 0x3927, 0x3907, 0x3107, 0x3107, 
  0x3107, 0x30e6, 0x30e6, 0x30e6, 0x30e6, 0x30e6, 0x30e6, 0x30e6, 0x30c6, 0x30c6, 0x30c6, 0x30c6, 
  0x28c6, 0x28c6, 0x28c6, 0x28a6, 0x28a5, 0x28a5, 0x28a5, 0x2885, 0x2885, 0x2885, 0x2085, 0x2085, 
  0x2085, 0x2085, 0x2065, 0x2065, 0x2065, 0x2064, 0x2064, 0x2064, 0x2064, 0x2064, 0x2064, 0x2064, 
  0x2064, 0x2064, 0x2044, 0x2044, 0x2044, 0x2044, 0x2044, 0x2044, 0x2044, 0x1844, 0x1844, 0x1844, 
  0x1844, 0x1844, 0x1844, 0x1844, 0x1824, 0x2024, 0x2024, 0x2025, 0x2826, 0x3047, 0x3849, 0x406b, 
  0x48ac, 0x50cd, 0x590d, 0x594d, 0x596d, 0x518c, 0x518b, 0x518b, 0x498a, 0x498a, 0x4189, 0x4189, 
  0x4189, 0x4168, 0x4168, 0x4168, 0x4168, 0x4168, 0x3948, 0x3948, 0x3948, 0x3948, 0x3948, 0x4148, 
  0x4148, 0x4148, 0x3948, 0x8370, 0x3948, 0x2064, 0x2064, 0x2064, 0x2064, 0x2064, 0x2064, 0x2064, 
  0x2064, 0x2064, 0x2064, 0x2064, 0x2064, 0x2064, 0x2065, 0x2065, 0x2846, 0x2846, 0x2847, 0x2846, 
  0x2846, 0x2045, 0x2045, 0x2045, 0x2044, 0x2044, 0x2044, 0x2044, 0x2064, 0x2064, 0x2064, 0x2064, 
  0x2064, 0x2064, 0x2064, 0x2064, 0x2064, 0x2064, 0x2064, 0x2064, 0x2064, 0x2064, 0x2064, 0x2064, 
  0x2085, 0x2085, 0x2085, 0x2085, 0x2085, 0x2085, 0x2085, 0x2085, 0x2085, 0x2085, 0x2085, 0x2064, 
  0x2064, 0x1844, 0x1844, 0x1824, 0x1823, 0x1823, 0x1823, 0x1823, 0x1823, 0x1823, 0x1823, 0x1823, 
  0x1823, 0x1823, 0x1823, 0x1823, 0x1823, 0x1823, 0x1823, 0x1823, 0x1823, 0x1823, 0x1823, 0x1823, 
  0x1823, 0x1823, 0x1823, 0x1823, 0x1823, 0x1823, 0x1823, 0x1823, 0x1823, 0x1003, 0x1003, 0x1003, 
  0x1003, 0x1003, 0x1003, 0x1003, 0x1003, 0x1003, 0x1003, 0x1003, 0x1003, 0x1003, 0x1003, 0x1003, 
  0x1003, 0x1003, 0x1003, 0x1003, 0x1003, 0x1003, 0x1003, 0x1003, 0x1003, 0x1003, 0x1003, 0x1003, 
  0x1003, 0x1003, 0x1003, 0x1003, 0x1003, 0x1003, 0x1803, 0x1803, 0x1803, 0x1823, 0x1823, 0x1823, 
  0x1823, 0x1823, 0x1823, 0x1823, 0x1823, 0x1823, 0x1824, 0x1824, 0x1844, 0x1844, 0x1844, 0x1844, 
  0x2044, 0x2044, 0x2044, 0x2044, 0x2044, 0x2064, 0x2064, 0x2064, 0x2064, 0x2064, 0x2064, 0x2064, 
  0x2064, 0x2064, 0x2064, 0x2064, 0x2064, 0x2064, 0x2064, 0x2064, 0x2064, 0x2044, 0x1844, 0x1824, 
  0x1823, 0x1823, 0x1823, 0x1823, 0x1823, 0x1823, 0x1823, 0x1823, 0x1823, 0x1823, 0x1823, 0x1823, 
  0x1823, 0x1823, 0x1823, 0x1823, 0x1823, 0x1823, 0x1823, 0x1823, 0x1823, 0x1823, 0x1823, 0x1844, 
  0x2044, 0x2064, 0x2085, 0x28a5, 0x28a5, 0x28a5, 0x28a5, 0x28a5, 0x28a5, 0x28a5, 0x28a5, 0x28a5, 
  0x28a5, 0x28a5, 0x28a5, 0x28a5, 0x28a5, 0x28a5, 0x28a5, 0x28a5, 0x28a5, 0x28a5, 0x28a5, 0x28a5, 
  0x28a5, 0x28a5, 0x28a5, 0x2085, 0x2085, 0x2085, 0x2085, 0x2085, 0x2085, 0x2085, 0x2085, 0x28a5, 
  0x28c6, 0x3107, 0x3927, 0x3927, 0x3927, 0x3107, 0x3107, 0x3107, 0x3107, 0x30e6, 0x30e6, 0x30e6, 
  0x30e6, 0x30e6, 0x30e6, 0x30c6, 0x30c6, 0x30c6, 0x30c6, 0x28c6, 0x28c6, 0x28c6, 0x28a6, 0x28a6, 
  0x28a5, 0x28a5, 0x28a5, 0x2885, 0x2885, 0x2885, 0x2085, 0x2085, 0x2085, 0x2065, 0x2065, 0x2065, 
  0x2065, 0x2064, 0x2064, 0x2064, 0x2064, 0x2064, 0x2064, 0x2064, 0x2064, 0x2044, 0x2044, 0x2044, 
  0x2044, 0x2044, 0x2044, 0x2044, 0x2044, 0x2044, 0x1844, 0x1844, 0x1844, 0x1844, 0x1844, 0x1844, 
  0x2024, 0x2025, 0x2025, 0x2826, 0x3048, 0x3869, 0x408b, 0x48ac, 0x50ed, 0x592d, 0x594d, 0x516d, 
  0x518c, 0x518b, 0x49aa, 0x498a, 0x498a, 0x4189, 0x4189, 0x4189, 0x4168, 0x4168, 0x4168, 0x4168, 
  0x4168, 0x3948, 0x3948, 0x3948, 0x3948, 0x3948, 0x3948, 0x3948, 0x3948, 0x3948, 0x3948, 0x8370, 
  0x3948, 0x2064, 0x2064, 0x2064, 0x2064, 0x2064, 0x2064, 0x2064, 0x2064, 0x2064, 0x2064, 0x2064, 
  0x2064, 0x2064, 0x2065, 0x2065, 0x2846, 0x2846, 0x2847, 0x3047, 0x2847, 0x2846, 0x2846, 0x2045, 
  0x2045, 0x2045, 0x2044, 0x2064, 0x2064, 0x2064, 0x2064, 0x2064, 0x2064, 0x2064, 0x2064, 0x2064, 
  0x2064, 0x2064, 0x2064, 0x2064, 0x2064, 0x2064, 0x2064, 0x2085, 0x2085, 0x2085, 0x2085, 0x2085, 
  0x2085, 0x2085, 0x2085, 0x2085, 0x2085, 0x2085, 0x2085, 0x2064, 0x2064, 0x1844, 0x1844, 0x1823, 
  0x1823, 0x1823, 0x1823, 0x1823, 0x1823, 0x1823, 0x1823, 0x1823, 0x1823, 0x1823, 0x1823, 0x1823, 
  0x1823, 0x1823, 0x1823, 0x1823, 0x1823, 0x1823, 0x1823, 0x1823, 0x1823, 0x1823, 0x1823, 0x1823, 
  0x1823, 0x1823, 0x1823, 0x1823, 0x1003, 0x1003, 0x1003, 0x1003, 0x1003, 0x1003, 0x1003, 0x1003, 
  0x1003, 0x1003, 0x1003, 0x1003, 0x1003, 0x1003, 0x1003, 0x1003, 0x1003, 0x1003, 0x1003, 0x1003, 
  0x1003, 0x1003, 0x1003, 0x1003, 0x1003, 0x1003, 0x1003, 0x1003, 0x1003, 0x1003, 0x1003, 0x1003, 
  0x1003, 0x1803, 0x1803, 0x1823, 0x1823, 0x1823, 0x1823, 0x1823, 0x1823, 0x1823, 0x1823, 0x1823, 
  0x1823, 0x1823, 0x1824, 0x1844, 0x1844, 0x1844, 0x1844, 0x2044, 0x2044, 0x2044, 0x2044, 0x2044, 
  0x2044, 0x2064, 0x2064, 0x2064, 0x2064, 0x2064, 0x2064, 0x2064, 0x2064, 0x2064, 0x2064, 0x2064, 
  0x2064, 0x2064, 0x2064, 0x2064, 0x2064, 0x2064, 0x2044, 0x1844, 0x1824, 0x1823, 0x1823, 0x1823, 
  0x1823, 0x1823, 0x1823, 0x1823, 0x1823, 0x1823, 0x1823, 0x1823, 0x1823, 0x1823, 0x1823, 0x1823, 
  0x1823, 0x1823, 0x1823, 0x1823, 0x1823, 0x1823, 0x1823, 0x1823, 0x1844, 0x2044, 0x2064, 0x2085, 
  0x28a5, 0x28a5, 0x28a5, 0x28a5, 0x28a5, 0x28a5, 0x28a5, 0x28a5, 0x28a5, 0x28a5, 0x28a5, 0x28a5, 
  0x28a5, 0x28a5, 0x28a5, 0x28a5, 0x28a5, 0x28a5, 0x28a5, 0x28a5, 0x28a5, 0x28a5, 0x2085, 0x2085, 
  0x2085, 0x2085, 0x2085, 0x2085, 0x2085, 0x2085, 0x2085, 0x28a5, 0x28c6, 0x30e6, 0x3107, 0x3927, 
  0x3927, 0x3107, 0x3107, 0x3107, 0x30e6, 0x30e6, 0x30e6, 0x30e6, 0x30e6, 0x30e6, 0x30e6, 0x30c6, 
  0x30c6, 0x30c6, 0x28c6, 0x28c6, 0x28c6, 0x28a6, 0x28a6, 0x28a6, 0x28a5, 0x28a5, 0x28a5, 0x2885, 
  0x2885, 0x2885, 0x2085, 0x2085, 0x2085, 0x2065, 0x2065, 0x2065, 0x2064, 0x2064, 0x2064, 0x2064, 
  0x2064, 0x2064, 0x2064, 0x2064, 0x2064, 0x2044, 0x2044, 0x2044, 0x2044, 0x2044, 0x2044, 0x2044, 
  0x2044, 0x2044, 0x1844, 0x1844, 0x1844, 0x1844, 0x1844, 0x2024, 0x2025, 0x2826, 0x2847, 0x3048, 
  0x386a, 0x488b, 0x50cc, 0x50ed, 0x592d, 0x516d, 0x518c, 0x518b, 0x51ab, 0x49aa, 0x49aa, 0x4989, 
  0x4189, 0x4189, 0x4189, 0x4169, 0x4168, 0x4168, 0x4168, 0x4168, 0x3948, 0x3948, 0x3948, 0x3948, 
  0x3948, 0x3948, 0x3948, 0x3948, 0x3948, 0x3948, 0x3948, 0x8350, 0x3948, 0x2064, 0x2064, 0x2064, 
  0x2064, 0x2064, 0x2064, 0x2064, 0x2064, 0x2064, 0x2064, 0x2064, 0x2064, 0x2064, 0x2065, 0x2065, 
  0x2846, 0x2846, 0x3047, 0x3048, 0x3048, 0x3047, 0x2847, 0x2846, 0x2045, 0x2045, 0x2045, 0x2064, 
  0x2064, 0x2064, 0x2064, 0x2064, 0x2064, 0x2064, 0x2064, 0x2064, 0x2064, 0x2064, 0x2064, 0x2064, 
  0x2064, 0x2064, 0x2064, 0x2085, 0x2085, 0x2085, 0x2085, 0x2085, 0x2085, 0x2085, 0x2085, 0x2085, 
  0x2085, 0x2085, 0x2085, 0x2064, 0x2044, 0x1844, 0x1844, 0x1823, 0x1823, 0x1823, 0x1823, 0x1823, 
  0x1823, 0x1823, 0x1823, 0x1823, 0x1823, 0x1823, 0x1823, 0x1823, 0x1823, 0x1823, 0x1823, 0x1823, 
  0x1823, 0x1823, 0x1823, 0x1823, 0x1823, 0x1823, 0x1823, 0x1823, 0x1823, 0x1823, 0x1823, 0x1003, 
  0x1003, 0x1003, 0x1003, 0x1003, 0x1003, 0x1003, 0x1003, 0x1003, 0x1003, 0x1003, 0x1003, 0x1003, 
  0x1003, 0x1003, 0x1003, 0x1003, 0x1003, 0x1003, 0x1003, 0x1003, 0x1003, 0x1003, 0x1003, 0x1003, 
  0x1003, 0x1003, 0x1003, 0x1003, 0x1003, 0x1003, 0x1003, 0x1003, 0x1823, 0x1823, 0x1823, 0x1823, 
  0x1823, 0x1823, 0x1823, 0x1823, 0x1823, 0x1823, 0x1823, 0x1823, 0x1823, 0x1823, 0x1844, 0x1844, 
  0x1844, 0x1844, 0x2044, 0x2044, 0x2044, 0x2044, 0x2044, 0x2044, 0x2064, 0x2064, 0x2064, 0x2064, 
  0x2064, 0x2064, 0x2064, 0x2064, 0x2064, 0x2064, 0x2064, 0x2064, 0x2064, 0x2064, 0x2064, 0x2064, 
  0x2064, 0x2064, 0x2044, 0x2044, 0x1844, 0x1823, 0x1823, 0x1823, 0x1823, 0x1823, 0x1823, 0x1823, 
  0x1823, 0x1823, 0x1823, 0x1823, 0x1823, 0x1823, 0x1823, 0x1823, 0x1823, 0x1823, 0x1823, 0x1823, 
  0x1823, 0x1823, 0x1823, 0x1823, 0x1823, 0x1844, 0x2044, 0x2064, 0x2085, 0x28a5, 0x28a5, 0x28a5, 
  0x28a5, 0x28a5, 0x28a5, 0x28a5, 0x28a5, 0x28a5, 0x28a5, 0x28a5, 0x28a5, 0x28a5, 0x28a5, 0x28a5, 
  0x28a5, 0x28a5, 0x28a5, 0x28a5, 0x28a5, 0x2085, 0x2085, 0x2085, 0x2085, 0x2085, 0x2085, 0x2085, 
  0x2085, 0x2085, 0x2085, 0x28a5, 0x28c6, 0x30e6, 0x3107, 0x3107, 0x3907, 0x3107, 0x3107, 0x30e6, 
  0x30e6, 0x30e6, 0x30e6, 0x30e6, 0x30e6, 0x30e6, 0x30c6, 0x30c6, 0x30c6, 0x28c6, 0x28c6, 0x28c6, 
  0x28a6, 0x28a6, 0x28a6, 0x28a5, 0x28a5, 0x28a5, 0x2885, 0x2885, 0x2885, 0x2085, 0x2085, 0x2085, 
  0x2065, 0x2065, 0x2065, 0x2064, 0x2064, 0x2064, 0x2064, 0x2064, 0x2064, 0x2064, 0x2064, 0x2064, 
  0x2044, 0x2044, 0x2044, 0x2044, 0x2044, 0x2044, 0x2044, 0x2044, 0x2044, 0x2044, 0x1844, 0x1844, 
  0x1844, 0x2044, 0x2024, 0x2025, 0x2846, 0x3047, 0x3849, 0x406a, 0x48ac, 0x50cd, 0x510d, 0x594d, 
  0x516c, 0x518c, 0x51ab, 0x51aa, 0x49aa, 0x49aa, 0x49a9, 0x4189, 0x4189, 0x4189, 0x4189, 0x4168, 
  0x4168, 0x4168, 0x4168, 0x4148, 0x3948, 0x3948, 0x3948, 0x3948, 0x3948, 0x3948, 0x3948, 0x3948, 
  0x3948, 0x3948, 0x3948, 0x7b50, 0x3948, 0x2064, 0x2064, 0x2064, 0x2064, 0x2064, 0x2064, 0x2064, 
  0x2064, 0x2064, 0x2064, 0x2064, 0x2064, 0x2064, 0x2064, 0x2065, 0x2045, 0x2846, 0x3047, 0x3048, 
  0x3049, 0x3048, 0x3048, 0x3047, 0x2846, 0x2846, 0x2045, 0x2065, 0x2064, 0x2064, 0x2064, 0x2064, 
  0x2064, 0x2064, 0x2064, 0x2064, 0x2064, 0x2064, 0x2064, 0x2064, 0x2064, 0x2064, 0x2064, 0x2085, 
  0x2085, 0x2085, 0x2085, 0x2085, 0x2085, 0x2085, 0x2085, 0x2085, 0x2085, 0x2085, 0x2085, 0x2064, 
  0x1844, 0x1844, 0x1823, 0x1823, 0x1823, 0x1823, 0x1823, 0x1823, 0x1823, 0x1823, 0x1823, 0x1823, 
  0x1823, 0x1823, 0x1823, 0x1823, 0x1823, 0x1823, 0x1823, 0x1823, 0x1823, 0x1823, 0x1823, 0x1823, 
  0x1823, 0x1823, 0x1823, 0x1823, 0x1823, 0x1823, 0x1003, 0x1003, 0x1003, 0x1003, 0x1003, 0x1003, 
  0x1003, 0x1003, 0x1003, 0x1003, 0x1003, 0x1003, 0x1003, 0x1003, 0x1003, 0x1003, 0x1003, 0x1003, 
  0x1003, 0x1003, 0x1003, 0x1003, 0x1003, 0x1003, 0x1003, 0x1003, 0x1003, 0x1003, 0x1003, 0x1003, 
  0x1003, 0x1003, 0x1003, 0x1823, 0x1823, 0x1823, 0x1823, 0x1823, 0x1823, 0x1823, 0x1823, 0x1823, 
  0x1823, 0x1823, 0x1823, 0x1823, 0x1823, 0x1844, 0x1844, 0x1844, 0x1844, 0x2044, 0x2044, 0x2044, 
  0x2044, 0x2044, 0x2044, 0x2064, 0x2064, 0x2064, 0x2064, 0x2064, 0x2064, 0x2064, 0x2064, 0x2064, 
  0x2064, 0x2064, 0x2064, 0x2064, 0x2064, 0x2064, 0x2064, 0x2064, 0x2064, 0x2064, 0x2064, 0x2044, 
  0x1844, 0x1824, 0x1823, 0x1823, 0x1823, 0x1823, 0x1823, 0x1823, 0x1823, 0x1823, 0x1823, 0x1823, 
  0x1823, 0x1823, 0x1823, 0x1823, 0x1823, 0x1823, 0x1823, 0x1823, 0x1823, 0x1823, 0x1823, 0x1823, 
  0x1823, 0x1823, 0x1844, 0x2044, 0x2064, 0x2085, 0x28a5, 0x28a5, 0x28a5, 0x28a5, 0x28a5, 0x28a5, 
  0x28a5, 0x28a5, 0x28a5, 0x28a5, 0x28a5, 0x28a5, 0x28a5, 0x28a5, 0x28a5, 0x28a5, 0x28a5, 0x28a5, 
  0x28a5, 0x2085, 0x2085, 0x2085, 0x2085, 0x2085, 0x2085, 0x2085, 0x2085, 0x2085, 0x2085, 0x2085, 
  0x28a5, 0x30c6, 0x3107, 0x3107, 0x3107, 0x3107, 0x3107, 0x30e6, 0x30e6, 0x30e6, 0x30e6, 0x30e6, 
  0x30e6, 0x30c6, 0x30c6, 0x30c6, 0x30c6, 0x28c6, 0x28c6, 0x28c6, 0x28a6, 0x28a6, 0x28a5, 0x28a5, 
  0x28a5, 0x2885, 0x2885, 0x2885, 0x2085, 0x2085, 0x2085, 0x2085, 0x2065, 0x2065, 0x2065, 0x2064, 
  0x2064, 0x2064, 0x2064, 0x2064, 0x2064, 0x2064, 0x2064, 0x2044, 0x2044, 0x2044, 0x2044, 0x2044, 
  0x2044, 0x2044, 0x2044, 0x2044, 0x2044, 0x1844, 0x1844, 0x2044, 0x2044, 0x2045, 0x2045, 0x2846, 
  0x3048, 0x3869, 0x408b, 0x48ac, 0x50ed, 0x512d, 0x514d, 0x518c, 0x51ab, 0x51ab, 0x49aa, 0x49aa, 
  0x49aa, 0x49a9, 0x4989, 0x4189, 0x4189, 0x4189, 0x4168, 0x4168, 0x4168, 0x4168, 0x4168, 0x3948, 
  0x3948, 0x3948, 0x3948, 0x3948, 0x3948, 0x3948, 0x3948, 0x3948, 0x3948, 0x3948, 0x3948, 0x7b50, 
  0x3948, 0x2064, 0x2064, 0x2064, 0x2064, 0x2064, 0x2064, 0x2064, 0x2064, 0x2064, 0x2064, 0x2064, 
  0x2064, 0x2064, 0x2064, 0x2065, 0x2045, 0x2846, 0x2847, 0x3048, 0x3849, 0x3849, 0x3849, 0x3049, 
  0x3048, 0x2847, 0x2846, 0x2065, 0x2065, 0x2065, 0x2064, 0x2064, 0x2064, 0x2064, 0x2064, 0x2064, 
  0x2064, 0x2064, 0x2064, 0x2064, 0x2064, 0x2064, 0x2084, 0x2085, 0x2085, 0x2085, 0x2085, 0x2085, 
  0x2085, 0x2085, 0x2085, 0x2085, 0x2085, 0x2085, 0x2085, 0x2064, 0x1844, 0x1844, 0x1823, 0x1823, 
  0x1823, 0x1823, 0x1823, 0x1823, 0x1823, 0x1823, 0x1823, 0x1823, 0x1823, 0x1823, 0x1823, 0x1823, 
  0x1823, 0x1823, 0x1823, 0x1823, 0x1823, 0x1823, 0x1823, 0x1823, 0x1823, 0x1823, 0x1823, 0x1823, 
  0x1823, 0x1003, 0x1003, 0x1003, 0x1003, 0x1003, 0x1003, 0x1003, 0x1003, 0x1003, 0x1003, 0x1003, 
  0x1003, 0x1003, 0x1003, 0x1003, 0x1003, 0x1003, 0x1003, 0x1003, 0x1003, 0x1003, 0x1003, 0x1003, 
  0x1003, 0x1003, 0x1003, 0x1003, 0x1003, 0x1003, 0x1003, 0x1003, 0x1003, 0x1003, 0x1803, 0x1823, 
  0x1823, 0x1823, 0x1823, 0x1823, 0x1823, 0x1823, 0x1823, 0x1823, 0x1823, 0x1823, 0x1823, 0x1823, 
  0x1844, 0x1844, 0x1844, 0x1844, 0x2044, 0x2044, 0x2044, 0x2044, 0x2044, 0x2044, 0x2064, 0x2064, 
  0x2064, 0x2064, 0x2064, 0x2064, 0x2064, 0x2064, 0x2064, 0x2064, 0x2064, 0x2064, 0x2064, 0x2064, 
  0x2064, 0x2064, 0x2064, 0x2064, 0x2064, 0x2064, 0x2064, 0x2044, 0x2044, 0x1844, 0x1823, 0x1823, 
  0x1823, 0x1823, 0x1823, 0x1823, 0x1823, 0x1823, 0x1823, 0x1823, 0x1823, 0x1823, 0x1823, 0x1823, 
  0x1823, 0x1823, 0x1823, 0x1823, 0x1823, 0x1823, 0x1823, 0x1823, 0x1823, 0x1823, 0x1823, 0x1844, 
  0x2064, 0x2064, 0x2085, 0x28a5, 0x28a5, 0x28a5, 0x28a5, 0x28a5, 0x28a5, 0x28a5, 0x28a5, 0x28a5, 
  0x28a5, 0x28a5, 0x28a5, 0x28a5, 0x28a5, 0x28a5, 0x28a5, 0x28a5, 0x2085, 0x2085, 0x2085, 0x2085, 
  0x2085, 0x2085, 0x2085, 0x2085, 0x2085, 0x2085, 0x2085, 0x2085, 0x28a5, 0x28c6, 0x30e6, 0x3107, 
  0x3107, 0x3107, 0x3106, 0x30e6, 0x30e6, 0x30e6, 0x30e6, 0x30e6, 0x30e6, 0x30c6, 0x30c6, 0x30c6, 
  0x28c6, 0x28c6, 0x28c6, 0x28a6, 0x28a6, 0x28a6, 0x28a5, 0x28a5, 0x28a5, 0x2885, 0x2885, 0x2085, 
  0x2085, 0x2085, 0x2085, 0x2065, 0x2065, 0x2065, 0x2064, 0x2064, 0x2064, 0x2064, 0x2064, 0x2064, 
  0x2064, 0x2064, 0x2044, 0x2044, 0x2044, 0x2044, 0x2044, 0x2044, 0x2044, 0x2044, 0x2044, 0x2044, 
  0x2044, 0x2044, 0x2044, 0x2044, 0x2045, 0x2846, 0x3047, 0x3868, 0x406a, 0x48ab, 0x50cc, 0x510d, 
  0x514d, 0x516c, 0x518c, 0x51ab, 0x51ab, 0x49aa, 0x49aa, 0x49aa, 0x49a9, 0x49a9, 0x4189, 0x4189, 
  0x4189, 0x4188, 0x4168, 0x4168, 0x4168, 0x4168, 0x3948, 0x3948, 0x3948, 0x3948, 0x3948, 0x3948, 
  0x3948, 0x3948, 0x3948, 0x3948, 0x3948, 0x3948, 0x3948, 0x7b50, 0x3948, 0x2064, 0x2064, 0x2064, 
  0x2064, 0x2064, 0x2064, 0x2064, 0x2064, 0x2064, 0x2064, 0x2064, 0x2064, 0x2064, 0x2064, 0x2065, 
  0x2065, 0x2846, 0x2847, 0x3048, 0x3849, 0x384a, 0x404a, 0x384a, 0x3849, 0x3048, 0x2847, 0x2866, 
  0x2065, 0x2065, 0x2065, 0x2064, 0x2064, 0x2064, 0x2064, 0x2064, 0x2064, 0x2064, 0x2064, 0x2064, 
  0x2064, 0x2064, 0x2084, 0x2085, 0x2085, 0x2085, 0x2085, 0x2085, 0x2085, 0x2085, 0x2085, 0x2085, 
  0x2085, 0x2085, 0x2084, 0x2064, 0x1844, 0x1824, 0x1823, 0x1823, 0x1823, 0x1823, 0x1823, 0x1823, 
  0x1823, 0x1823, 0x1823, 0x1823, 0x1823, 0x1823, 0x1823, 0x1823, 0x1823, 0x1823, 0x1823, 0x1823, 
  0x1003, 0x1003, 0x1003, 0x1823, 0x1823, 0x1823, 0x1823, 0x1823, 0x1003, 0x1003, 0x1003, 0x1003, 
  0x1003, 0x1003, 0x1003, 0x1003, 0x1003, 0x1003, 0x1003, 0x1003, 0x1003, 0x1003, 0x1003, 0x1003, 
  0x1003, 0x1003, 0x1003, 0x1003, 0x1003, 0x1003, 0x1003, 0x1003, 0x1003, 0x1003, 0x1003, 0x1003, 
  0x1003, 0x1003, 0x1003, 0x1003, 0x1003, 0x1803, 0x1803, 0x1823, 0x1823, 0x1823, 0x1823, 0x1823, 
  0x1823, 0x1823, 0x1823, 0x1823, 0x1823, 0x1823, 0x1823, 0x1844, 0x1844, 0x1844, 0x1844, 0x2044, 
  0x2044, 0x2044, 0x2044, 0x2044, 0x2044, 0x2064, 0x2064, 0x2064, 0x2064, 0x2064, 0x2064, 0x2064, 
  0x2064, 0x2064, 0x2064, 0x2064, 0x2064, 0x2064, 0x2064, 0x2064, 0x2064, 0x2064, 0x2064, 0x2064, 
  0x2064, 0x2064, 0x2064, 0x2064, 0x2044, 0x1844, 0x1824, 0x1823, 0x1823, 0x1823, 0x1823, 0x1823, 
  0x1823, 0x1823, 0x1823, 0x1823, 0x1823, 0x1823, 0x1823, 0x1823, 0x1823, 0x1823, 0x1823, 0x1823, 
  0x1823, 0x1823, 0x1823, 0x1823, 0x1823, 0x1823, 0x1823, 0x1823, 0x1844, 0x2064, 0x2064, 0x2085, 
  0x28a5, 0x28a5, 0x28a5, 0x28a5, 0x28a5, 0x28a5, 0x28a5, 0x28a5, 0x28a5, 0x28a5, 0x28a5, 0x28a5, 
  0x28a5, 0x28a5, 0x28a5, 0x28a5, 0x2085, 0x2085, 0x2085, 0x2085, 0x2085, 0x2085, 0x2085, 0x2085, 
  0x2085, 0x2085, 0x2085, 0x2085, 0x28a5, 0x28c6, 0x30e6, 0x3107, 0x3107, 0x3107, 0x3106, 0x30e6, 
  0x30e6, 0x30e6, 0x30e6, 0x30e6, 0x30c6, 0x30c6, 0x30c6, 0x28c6, 0x28c6, 0x28c6, 0x28a6, 0x28a6, 
  0x28a6, 0x28a5, 0x28a5, 0x28a5, 0x2885, 0x2885, 0x2885, 0x2085, 0x2085, 0x2085, 0x2085, 0x2065, 
  0x2065, 0x2065, 0x2064, 0x2064, 0x2064, 0x2064, 0x2064, 0x2064, 0x2064, 0x2064, 0x2044, 0x2044, 
  0x2044, 0x2044, 0x2044, 0x2044, 0x2044, 0x2044, 0x2044, 0x2044, 0x2044, 0x2044, 0x2045, 0x2045, 
  0x2846, 0x3068, 0x3869, 0x408b, 0x48ac, 0x50ed, 0x512d, 0x594d, 0x518c, 0x51ac, 0x51cb, 0x51cb, 
  0x49ca, 0x49ca, 0x49aa, 0x49a9, 0x49a9, 0x4989, 0x4189, 0x4189, 0x4189, 0x4168, 0x4168, 0x4168, 
  0x4168, 0x4168, 0x3948, 0x3948, 0x3948, 0x3948, 0x3948, 0x3948, 0x3948, 0x3948, 0x3948, 0x3948, 
  0x3948, 0x3948, 0x3948, 0x7b50, 0x3948, 0x2064, 0x2064, 0x2064, 0x2064, 0x2064, 0x2064, 0x2064, 
  0x2064, 0x2064, 0x2064, 0x2064, 0x2064, 0x2064, 0x2064, 0x2064, 0x2065, 0x2846, 0x2846, 0x3048, 
  0x3849, 0x404b, 0x404c, 0x404c, 0x404b, 0x384a, 0x3048, 0x2867, 0x2866, 0x2065, 0x2065, 0x2064, 
  0x2064, 0x2064, 0x2064, 0x2064, 0x2064, 0x2064, 0x2064, 0x2064, 0x2064, 0x2064, 0x2085, 0x2085, 
  0x2085, 0x2085, 0x2085, 0x2085, 0x2085, 0x2085, 0x2085, 0x2085, 0x2085, 0x2085, 0x2084, 0x2064, 
  0x1844, 0x1823, 0x1823, 0x1823, 0x1823, 0x1823, 0x1823, 0x1823, 0x1823, 0x1823, 0x1823, 0x1823, 
  0x1823, 0x1823, 0x1823, 0x1823, 0x1823, 0x1823, 0x1823, 0x1003, 0x1003, 0x1003, 0x1003, 0x1003, 
  0x1003, 0x1003, 0x1003, 0x1003, 0x1003, 0x1003, 0x1003, 0x1003, 0x1003, 0x1003, 0x1003, 0x1003, 
  0x1003, 0x1003, 0x1003, 0x1003, 0x1003, 0x1003, 0x1003, 0x1003, 0x1003, 0x1003, 0x1003, 0x1003, 
  0x1003, 0x1003, 0x1003, 0x1003, 0x1003, 0x1003, 0x1003, 0x1003, 0x1003, 0x1003, 0x1003, 0x1003, 
  0x1803, 0x1803, 0x1803, 0x1823, 0x1823, 0x1823, 0x1823, 0x1823, 0x1823, 0x1823, 0x1823, 0x1823, 
  0x1823, 0x1824, 0x1824, 0x1844, 0x1844, 0x1844, 0x1844, 0x2044, 0x2044, 0x2044, 0x2044, 0x2044, 
  0x2064, 0x2064, 0x2064, 0x2064, 0x2064, 0x2064, 0x2064, 0x2064, 0x2064, 0x2064, 0x2064, 0x2064, 
  0x2064, 0x2064, 0x2064, 0x2064, 0x2064, 0x2064, 0x2064, 0x2064, 0x2064, 0x2064, 0x2064, 0x2064, 
  0x2044, 0x2044, 0x1844, 0x1823, 0x1823, 0x1823, 0x1823, 0x1823, 0x1823, 0x1823, 0x1823, 0x1823, 
  0x1823, 0x1823, 0x1823, 0x1823, 0x1823, 0x1823, 0x1823, 0x1823, 0x1823, 0x1823, 0x1823, 0x1823, 
  0x1823, 0x1823, 0x1823, 0x1823, 0x1823, 0x1844, 0x2064, 0x2064, 0x2085, 0x28a5, 0x28a5, 0x28a5, 
  0x28a5, 0x28a5, 0x28a5, 0x28a5, 0x28a5, 0x28a5, 0x28a5, 0x28a5, 0x28a5, 0x28a5, 0x28a5, 0x2085, 
  0x2085, 0x2085, 0x2085, 0x2085, 0x2085, 0x2085, 0x2085, 0x2085, 0x2085, 0x2085, 0x2064, 0x2085, 
  0x2085, 0x28a5, 0x30c6, 0x3106, 0x3107, 0x3107, 0x30e6, 0x30e6, 0x30e6, 0x30e6, 0x30e6, 0x30c6, 
  0x30c6, 0x30c6, 0x28c6, 0x28c6, 0x28c6, 0x28a6, 0x28a6, 0x28a6, 0x28a5, 0x28a5, 0x28a5, 0x28a5, 
  0x2885, 0x2885, 0x2085, 0x2085, 0x2085, 0x2085, 0x2065, 0x2065, 0x2065, 0x2064, 0x2064, 0x2064, 
  0x2064, 0x2064, 0x2064, 0x2064, 0x2064, 0x2044, 0x2044, 0x2044, 0x2044, 0x2044, 0x2044, 0x2044, 
  0x2044, 0x2044, 0x2044, 0x2044, 0x2044, 0x2045, 0x2866, 0x3067, 0x3868, 0x408a, 0x48ab, 0x50ec, 
  0x510d, 0x594d, 0x596d, 0x51ac, 0x51ab, 0x51cb, 0x51ca, 0x49ca, 0x49ca, 0x49aa, 0x49a9, 0x49a9, 
  0x49a9, 0x4189, 0x4189, 0x4189, 0x4189, 0x4168, 0x4168, 0x4168, 0x4168, 0x3948, 0x3948, 0x3948, 
  0x3948, 0x3948, 0x3948, 0x3948, 0x3948, 0x3948, 0x3948, 0x3948, 0x3948, 0x3948, 0x3947, 0x7b2f, 
  0x3948, 0x2064, 0x2064, 0x2064, 0x2064, 0x2064, 0x2064, 0x2064, 0x2064, 0x2064, 0x2064, 0x2064, 
  0x2064, 0x2064, 0x2064, 0x2064, 0x2065, 0x2065, 0x2846, 0x3047, 0x3849, 0x404b, 0x484c, 0x484d, 
  0x486d, 0x406c, 0x406a, 0x3069, 0x3067, 0x2866, 0x2065, 0x2065, 0x2064, 0x2064, 0x2064, 0x2064, 
  0x2064, 0x2064, 0x2064, 0x2064, 0x2064, 0x2085, 0x2085, 0x2085, 0x2085, 0x2085, 0x2085, 0x2085, 
  0x2085, 0x2085, 0x2085, 0x2085, 0x2085, 0x2085, 0x2064, 0x2044, 0x1844, 0x1823, 0x1823, 0x1823, 
  0x1823, 0x1823, 0x1823, 0x1823, 0x1823, 0x1823, 0x1823, 0x1823, 0x1823, 0x1823, 0x1823, 0x1823, 
  0x1823, 0x1003, 0x1003, 0x1003, 0x1003, 0x1003, 0x1003, 0x1003, 0x1003, 0x1003, 0x1003, 0x1003, 
  0x1003, 0x1003, 0x1003, 0x1003, 0x1003, 0x1003, 0x1003, 0x1003, 0x1003, 0x1003, 0x1003, 0x1003, 
  0x1003, 0x1003, 0x1003, 0x1003, 0x1003, 0x1003, 0x1003, 0x1003, 0x1003, 0x1003, 0x1003, 0x1003, 
  0x1003, 0x1003, 0x1003, 0x1003, 0x1003, 0x1003, 0x1003, 0x1803, 0x1803, 0x1803, 0x1803, 0x1823, 
  0x1823, 0x1823, 0x1823, 0x1823, 0x1823, 0x1823, 0x1823, 0x1824, 0x1824, 0x1844, 0x1844, 0x1844, 
  0x1844, 0x1844, 0x2044, 0x2044, 0x2044, 0x2044, 0x2044, 0x2064, 0x2064, 0x2064, 0x2064, 0x2064, 
  0x2064, 0x2064, 0x2064, 0x2064, 0x2064, 0x2064, 0x2064, 0x2064, 0x2064, 0x2064, 0x2064, 0x2064, 
  0x2064, 0x2064, 0x2064, 0x2064, 0x2064, 0x2064, 0x2064, 0x2064, 0x2064, 0x2044, 0x1844, 0x1824, 
  0x1823, 0x1823, 0x1823, 0x1823, 0x1823, 0x1823, 0x1823, 0x1823, 0x1823, 0x1823, 0x1823, 0x1823, 
  0x1823, 0x1823, 0x1823, 0x1823, 0x1823, 0x1823, 0x1823, 0x1823, 0x1823, 0x1823, 0x1823, 0x1823, 
  0x1823, 0x1823, 0x1844, 0x2064, 0x2064, 0x2085, 0x2085, 0x28a5, 0x28a5, 0x28a5, 0x28a5, 0x28a5, 
  0x28a5, 0x28a5, 0x28a5, 0x28a5, 0x28a5, 0x28a5, 0x2085, 0x2085, 0x2085, 0x2085, 0x2085, 0x2085, 
  0x2085, 0x2085, 0x2085, 0x2085, 0x2085, 0x2064, 0x2064, 0x2084, 0x2085, 0x28a5, 0x28c6, 0x30e6, 
  0x30e6, 0x3107, 0x30e6, 0x30e6, 0x30e6, 0x30e6, 0x30e6, 0x30c6, 0x30c6, 0x30c6, 0x28c6, 0x28c6, 
  0x28c6, 0x28a6, 0x28a6, 0x28a5, 0x28a5, 0x28a5, 0x28a5, 0x2885, 0x2885, 0x2885, 0x2085, 0x2085, 
  0x2085, 0x2065, 0x2065, 0x2065, 0x2064, 0x2064, 0x2064, 0x2064, 0x2064, 0x2064, 0x2064, 0x2064, 
  0x2064, 0x2044, 0x2044, 0x2044, 0x2044, 0x2044, 0x2044, 0x2044, 0x2044, 0x2044, 0x2044, 0x2045, 
  0x2065, 0x2866, 0x3068, 0x3889, 0x48ab, 0x50cc, 0x510d, 0x592d, 0x596d, 0x598d, 0x51ac, 0x51cb, 
  0x51cb, 0x51ca, 0x49ca, 0x49ca, 0x49ca, 0x49a9, 0x49a9, 0x49a9, 0x4189, 0x4189, 0x4189, 0x4189, 
  0x4168, 0x4168, 0x4168, 0x4168, 0x4148, 0x3948, 0x3948, 0x3948, 0x3948, 0x3948, 0x3948, 0x3927, 
  0x3927, 0x3927, 0x3947, 0x3948, 0x3948, 0x3947, 0x3927, 0x7b2f, 0x3948, 0x2064, 0x2064, 0x2064, 
  0x2064, 0x2064, 0x2064, 0x2064, 0x2064, 0x2064, 0x2064, 0x2064, 0x2064, 0x2064, 0x2064, 0x2064, 
  0x2065, 0x2065, 0x2846, 0x2847, 0x3849, 0x404b, 0x484d, 0x506e, 0x506e, 0x506e, 0x486c, 0x406a, 
  0x3869, 0x3067, 0x2866, 0x2065, 0x2065, 0x2064, 0x2064, 0x2064, 0x2064, 0x2064, 0x2064, 0x2064, 
  0x2085, 0x2085, 0x2085, 0x2085, 0x2085, 0x2085, 0x2085, 0x2085, 0x2085, 0x2085, 0x2085, 0x2085, 
  0x2085, 0x2085, 0x2064, 0x1844, 0x1844, 0x1823, 0x1823, 0x1823, 0x1823, 0x1823, 0x1823, 0x1823, 
  0x1823, 0x1823, 0x1823, 0x1823, 0x1823, 0x1823, 0x1823, 0x1823, 0x1823, 0x1003, 0x1003, 0x1003, 
  0x1003, 0x1003, 0x1003, 0x1003, 0x1003, 0x1003, 0x1003, 0x1003, 0x1003, 0x1003, 0x1003, 0x1003, 
  0x1003, 0x1003, 0x1003, 0x1003, 0x1003, 0x1003, 0x1003, 0x1003, 0x1003, 0x1003, 0x1003, 0x1003, 
  0x1003, 0x1003, 0x1003, 0x1003, 0x1003, 0x1003, 0x1003, 0x1003, 0x1003, 0x1003, 0x1003, 0x1003, 
  0x1003, 0x1003, 0x1003, 0x1803, 0x1803, 0x1823, 0x1823, 0x1823, 0x1823, 0x1823, 0x1823, 0x1823, 
  0x1823, 0x1823, 0x1824, 0x1824, 0x1824, 0x1844, 0x1844, 0x1844, 0x1844, 0x2044, 0x2044, 0x2044, 
  0x2044, 0x2044, 0x2064, 0x2064, 0x2064, 0x2064, 0x2064, 0x2064, 0x2064, 0x2064, 0x2064, 0x2064, 
  0x2064, 0x2064, 0x2064, 0x2064, 0x2064, 0x2064, 0x2064, 0x2064, 0x2064, 0x2064, 0x2064, 0x2064, 
  0x2064, 0x2064, 0x2064, 0x2064, 0x2064, 0x2064, 0x2044, 0x1844, 0x1824, 0x1823, 0x1823, 0x1823, 
  0x1823, 0x1823, 0x1823, 0x1823, 0x1823, 0x1823, 0x1823, 0x1823, 0x1823, 0x1823, 0x1823, 0x1823, 
  0x1823, 0x1823, 0x1823, 0x1823, 0x1823, 0x1823, 0x1823, 0x1823, 0x1823, 0x1823, 0x1823, 0x1844, 
  0x2044, 0x2064, 0x2085, 0x2085, 0x28a5, 0x28a5, 0x28a5, 0x28a5, 0x28a5, 0x28a5, 0x28a5, 0x28a5, 
  0x28a5, 0x28a5, 0x2085, 0x2085, 0x2085, 0x2085, 0x2085, 0x2085, 0x2085, 0x2085, 0x2085, 0x2085, 
  0x2085, 0x2064, 0x2064, 0x2064, 0x2085, 0x28a5, 0x28c6, 0x30e6, 0x30e6, 0x30e6, 0x30e6, 0x30e6, 
  0x30e6, 0x30e6, 0x30c6, 0x30c6, 0x30c6, 0x30c6, 0x28c6, 0x28c6, 0x28a6, 0x28a6, 0x28a5, 0x28a5, 
  0x28a5, 0x28a5, 0x28a5, 0x2885, 0x2885, 0x2085, 0x2085, 0x2085, 0x2065, 0x2065, 0x2065, 0x2065, 
  0x2064, 0x2064, 0x2064, 0x2064, 0x2064, 0x2064, 0x2064, 0x2064, 0x2064, 0x2044, 0x2044, 0x2044, 
  0x2044, 0x2044, 0x2044, 0x2044, 0x2044, 0x2044, 0x2045, 0x2866, 0x3067, 0x3888, 0x40aa, 0x48eb, 
  0x510c, 0x592d, 0x596d, 0x598d, 0x59ac, 0x59cc, 0x51cb, 0x51eb, 0x51ca, 0x49ca, 0x49ca, 0x49ca, 
  0x49a9, 0x49a9, 0x49a9, 0x49a9, 0x4189, 0x4189, 0x4189, 0x4168, 0x4168, 0x4168, 0x4168, 0x4168, 
  0x3948, 0x3948, 0x3948, 0x3948, 0x3948, 0x3928, 0x3927, 0x3927, 0x3927, 0x3927, 0x3927, 0x3927, 
  0x3927, 0x3927, 0x3927, 0x7b2f, 0x3948, 0x2064, 0x2064, 0x2064, 0x2064, 0x2064, 0x2064, 0x2064, 
  0x2064, 0x2064, 0x2064, 0x2064, 0x2064, 0x2064, 0x2064, 0x2064, 0x2064, 0x2065, 0x2045, 0x2847, 
  0x3048, 0x404a, 0x486c, 0x506e, 0x588f, 0x588f, 0x58ae, 0x508d, 0x408a, 0x3869, 0x3067, 0x2866, 
  0x2065, 0x2065, 0x2064, 0x2064, 0x2064, 0x2064, 0x2064, 0x2084, 0x2085, 0x2085, 0x2085, 0x2085, 
  0x2085, 0x2085, 0x2085, 0x2085, 0x2085, 0x2085, 0x28a5, 0x2085, 0x2085, 0x2085, 0x2064, 0x1844, 
  0x1824, 0x1823, 0x1823, 0x1823, 0x1823, 0x1823, 0x1823, 0x1823, 0x1823, 0x1823, 0x1823, 0x1823, 
  0x1823, 0x1823, 0x1823, 0x1823, 0x1003, 0x1003, 0x1003, 0x1003, 0x1003, 0x1003, 0x1003, 0x1003, 
  0x1003, 0x1003, 0x1003, 0x1003, 0x1003, 0x1003, 0x1003, 0x1003, 0x1003, 0x1003, 0x1003, 0x1003, 
  0x1003, 0x1003, 0x1003, 0x1003, 0x1003, 0x1003, 0x1003, 0x1003, 0x1003, 0x1003, 0x1003, 0x1003, 
  0x1003, 0x1003, 0x1003, 0x1003, 0x1003, 0x1003, 0x1003, 0x1003, 0x1003, 0x1003, 0x1803, 0x1803, 
  0x1803, 0x1823, 0x1823, 0x1823, 0x1823, 0x1823, 0x1823, 0x1823, 0x1823, 0x1824, 0x1824, 0x1824, 
  0x1844, 0x1844, 0x1844, 0x1844, 0x2044, 0x2044, 0x2044, 0x2044, 0x2044, 0x2064, 0x2064, 0x2064, 
  0x2064, 0x2064, 0x2064, 0x2064, 0x2064, 0x2064, 0x2064, 0x2064, 0x2064, 0x2064, 0x2064, 0x2064, 
  0x2064, 0x2064, 0x2064, 0x2064, 0x2064, 0x2064, 0x2064, 0x2064, 0x2064, 0x2064, 0x2064, 0x2064, 
  0x2064, 0x2064, 0x2044, 0x1844, 0x1844, 0x1823, 0x1823, 0x1823, 0x1823, 0x1823, 0x1823, 0x1823, 
  0x1823, 0x1823, 0x1823, 0x1823, 0x1823, 0x1823, 0x1823, 0x1823, 0x1823, 0x1823, 0x1823, 0x1823, 
  0x1823, 0x1823, 0x1823, 0x1823, 0x1823, 0x1823, 0x1823, 0x1823, 0x1844, 0x2044, 0x2064, 0x2085, 
  0x2085, 0x28a5, 0x28a5, 0x28a5, 0x28a5, 0x28a5, 0x28a5, 0x28a5, 0x28a5, 0x2085, 0x2085, 0x2085, 
  0x2085, 0x2085, 0x2085, 0x2085, 0x2085, 0x2085, 0x2085, 0x2085, 0x2064, 0x2064, 0x2064, 0x2064, 
  0x2085, 0x2085, 0x28a5, 0x30e6, 0x30e6, 0x30e6, 0x30e6, 0x30e6, 0x30e6, 0x30c6, 0x30c6, 0x30c6, 
  0x30c6, 0x28c6, 0x28c6, 0x28c6, 0x28a6, 0x28a6, 0x28a5, 0x28a5, 0x28a5, 0x28a5, 0x2885, 0x2885, 
  0x2085, 0x2085, 0x2085, 0x2085, 0x2065, 0x2065, 0x2065, 0x2064, 0x2064, 0x2064, 0x2064, 0x2064, 
  0x2064, 0x2064, 0x2064, 0x2064, 0x2064, 0x2044, 0x2044, 0x2044, 0x2044, 0x2044, 0x2044, 0x2044, 
  0x2044, 0x2065, 0x2866, 0x3087, 0x40a9, 0x48ea, 0x510c, 0x592d, 0x596d, 0x598d, 0x59ad, 0x59cc, 
  0x59ec, 0x51eb, 0x51eb, 0x51ea, 0x49ca, 0x49ca, 0x49ca, 0x49aa, 0x49a9, 0x49a9, 0x49a9, 0x4189, 
  0x4189, 0x4189, 0x4189, 0x4168, 0x4168, 0x4168, 0x4168, 0x3948, 0x3948, 0x3948, 0x3948, 0x3948, 
  0x3948, 0x3927, 0x3927, 0x3927, 0x3927, 0x3927, 0x3927, 0x3927, 0x3927, 0x3927, 0x3927, 0x7b2f, 
  0x3948, 0x2064, 0x2064, 0x2064, 0x2064, 0x2064, 0x2064, 0x2064, 0x2064, 0x2064, 0x2064, 0x2064, 
  0x2064, 0x2064, 0x2064, 0x2064, 0x2064, 0x2065, 0x2045, 0x2846, 0x3048, 0x384a, 0x486c, 0x508e, 
  0x60b0, 0x68d1, 0x60d0, 0x58cf, 0x50ad, 0x408a, 0x3888, 0x2867, 0x2866, 0x2065, 0x2065, 0x2065, 
  0x2064, 0x2064, 0x2085, 0x2085, 0x2085, 0x2085, 0x2085, 0x2085, 0x2085, 0x2085, 0x2085, 0x2085, 
  0x2085, 0x2085, 0x28a5, 0x2085, 0x2085, 0x2085, 0x2064, 0x1844, 0x1823, 0x1823, 0x1823, 0x1823, 
  0x1823, 0x1823, 0x1823, 0x1823, 0x1823, 0x1823, 0x1823, 0x1823, 0x1823, 0x1823, 0x1823, 0x1003, 
  0x1003, 0x1003, 0x1003, 0x1003, 0x1003, 0x1003, 0x1003, 0x1003, 0x1003, 0x1003, 0x1003, 0x1003, 
  0x1003, 0x1003, 0x1003, 0x1003, 0x1003, 0x1003, 0x1003, 0x1003, 0x1003, 0x1003, 0x1003, 0x1003, 
  0x1003, 0x1003, 0x1003, 0x1003, 0x1003, 0x1003, 0x1003, 0x1003, 0x1003, 0x1003, 0x1003, 0x1003, 
  0x1003, 0x1003, 0x1003, 0x1003, 0x1003, 0x1803, 0x1803, 0x1803, 0x1823, 0x1823, 0x1823, 0x1823, 
  0x1823, 0x1823, 0x1823, 0x1823, 0x1824, 0x1824, 0x1824, 0x1844, 0x1844, 0x1844, 0x1844, 0x2044, 
  0x2044, 0x2044, 0x2044, 0x2044, 0x2064, 0x2064, 0x2064, 0x2064, 0x2064, 0x2064, 0x2064, 0x2064, 
  0x2064, 0x2064, 0x2064, 0x2064, 0x2064, 0x2064, 0x2064, 0x2064, 0x2064, 0x2064, 0x2064, 0x2064, 
  0x2064, 0x2064, 0x2064, 0x2064, 0x2064, 0x2064, 0x2064, 0x2064, 0x2064, 0x2064, 0x2064, 0x2044, 
  0x1844, 0x1824, 0x1823, 0x1823, 0x1823, 0x1823, 0x1823, 0x1823, 0x1823, 0x1823, 0x1823, 0x1823, 
  0x1823, 0x1823, 0x1823, 0x1823, 0x1823, 0x1823, 0x1823, 0x1823, 0x1823, 0x1823, 0x1823, 0x1823, 
  0x1823, 0x1823, 0x1823, 0x1823, 0x1823, 0x1844, 0x2044, 0x2064, 0x2085, 0x2085, 0x28a5, 0x28a5, 
  0x28a5, 0x28a5, 0x28a5, 0x28a5, 0x2085, 0x2085, 0x2085, 0x2085, 0x2085, 0x2085, 0x2085, 0x2085, 
  0x2085, 0x2085, 0x2085, 0x2064, 0x2064, 0x2064, 0x2064, 0x2064, 0x2085, 0x2085, 0x28a5, 0x28c6, 
  0x30e6, 0x30e6, 0x30e6, 0x30e6, 0x30e6, 0x30c6, 0x30c6, 0x30c6, 0x28c6, 0x28c6, 0x28c6, 0x28a6, 
  0x28a6, 0x28a6, 0x28a5, 0x28a5, 0x28a5, 0x28a5, 0x2885, 0x2885, 0x2085, 0x2085, 0x2085, 0x2065, 
  0x2065, 0x2065, 0x2064, 0x2064, 0x2064, 0x2064, 0x2064, 0x2064, 0x2064, 0x2064, 0x2064, 0x2064, 
  0x2064, 0x2044, 0x2044, 0x2044, 0x2044, 0x2044, 0x2044, 0x2065, 0x2865, 0x3086, 0x38a8, 0x40c9, 
  0x510b, 0x592c, 0x596d, 0x618e, 0x61ad, 0x59cd, 0x59ec, 0x59eb, 0x51eb, 0x51eb, 0x51ea, 0x51ca, 
  0x49ca, 0x49ca, 0x49ca, 0x49a9, 0x49a9, 0x49a9, 0x4189, 0x4189, 0x4189, 0x4189, 0x4168, 0x4168, 
  0x4168, 0x4168, 0x4148, 0x3948, 0x3948, 0x3948, 0x3948, 0x3928, 0x3927, 0x3927, 0x3927, 0x3927, 
  0x3927, 0x3927, 0x3927, 0x3927, 0x3927, 0x3927, 0x3927, 0x7b0f, 0x3948, 0x2064, 0x2064, 0x2064, 
  0x2064, 0x2064, 0x2064, 0x2064, 0x2064, 0x2064, 0x2064, 0x2064, 0x2064, 0x2064, 0x2064, 0x2064, 
  0x2064, 0x2044, 0x2045, 0x2846, 0x2847, 0x3849, 0x406b, 0x508e, 0x60d0, 0x7112, 0x7112, 0x6911, 
  0x60ef, 0x50cc, 0x408a, 0x3088, 0x2867, 0x2866, 0x2065, 0x2065, 0x2065, 0x2085, 0x2085, 0x2085, 
  0x2085, 0x2085, 0x2085, 0x2085, 0x2085, 0x2085, 0x2085, 0x2085, 0x2085, 0x2085, 0x28a5, 0x2085, 
  0x2085, 0x2084, 0x2064, 0x1844, 0x1823, 0x1823, 0x1823, 0x1823, 0x1823, 0x1823, 0x1823, 0x1823, 
  0x1823, 0x1823, 0x1823, 0x1823, 0x1823, 0x1823, 0x1003, 0x1003, 0x1003, 0x1003, 0x1003, 0x1003, 
  0x1003, 0x1003, 0x1003, 0x1003, 0x1003, 0x1003, 0x1003, 0x1003, 0x1003, 0x1003, 0x1003, 0x1003, 
  0x1003, 0x1003, 0x1003, 0x1003, 0x1003, 0x1003, 0x1003, 0x1003, 0x1003, 0x1003, 0x1003, 0x1003, 
  0x1003, 0x1003, 0x1003, 0x1003, 0x1003, 0x1003, 0x1003, 0x1003, 0x1003, 0x1003, 0x1003, 0x1003, 
  0x1803, 0x1803, 0x1803, 0x1823, 0x1823, 0x1823, 0x1823, 0x1823, 0x1823, 0x1823, 0x1823, 0x1824, 
  0x1824, 0x1824, 0x1844, 0x1844, 0x1844, 0x1844, 0x2044, 0x2044, 0x2044, 0x2044, 0x2044, 0x2064, 
  0x2064, 0x2064, 0x2064, 0x2064, 0x2064, 0x2064, 0x2064, 0x2064, 0x2064, 0x2064, 0x2064, 0x2064, 
  0x2064, 0x2064, 0x2064, 0x2064, 0x2064, 0x2064, 0x2064, 0x2064, 0x2064, 0x2064, 0x2064, 0x2064, 
  0x2064, 0x2064, 0x2064, 0x2064, 0x2064, 0x2064, 0x2064, 0x2064, 0x2044, 0x1844, 0x1823, 0x1823, 
  0x1823, 0x1823, 0x1823, 0x1823, 0x1823, 0x1823, 0x1823, 0x1823, 0x1823, 0x1823, 0x1823, 0x1823, 
  0x1823, 0x1823, 0x1823, 0x1823, 0x1823, 0x1823, 0x1823, 0x1823, 0x1823, 0x1823, 0x1823, 0x1823, 
  0x1823, 0x1823, 0x1844, 0x2044, 0x2064, 0x2085, 0x2085, 0x28a5, 0x28a5, 0x28a5, 0x28a5, 0x28a5, 
  0x2085, 0x2085, 0x2085, 0x2085, 0x2085, 0x2085, 0x2085, 0x2085, 0x2085, 0x2085, 0x2085, 0x2064, 
  0x2064, 0x2064, 0x2064, 0x2064, 0x2064, 0x2085, 0x28a5, 0x28c6, 0x30e6, 0x30e6, 0x30e6, 0x30e6, 
  0x30c6, 0x30c6, 0x30c6, 0x28c6, 0x28c6, 0x28c6, 0x28a6, 0x28a6, 0x28a6, 0x28a5, 0x28a5, 0x28a5, 
  0x28a5, 0x2885, 0x2885, 0x2885, 0x2085, 0x2085, 0x2085, 0x2065, 0x2065, 0x2065, 0x2064, 0x2064, 
  0x2064, 0x2064, 0x2064, 0x2064, 0x2064, 0x2064, 0x2064, 0x2064, 0x2044, 0x2044, 0x2044, 0x2044, 
  0x2044, 0x2044, 0x2065, 0x2866, 0x3087, 0x40c9, 0x48ea, 0x512c, 0x596d, 0x618e, 0x61ae, 0x61cd, 
  0x59ed, 0x59ec, 0x5a0b, 0x51eb, 0x51eb, 0x51ea, 0x51ea, 0x49ca, 0x49ca, 0x49ca, 0x49a9, 0x49a9, 
  0x49a9, 0x49a9, 0x4189, 0x4189, 0x4189, 0x4188, 0x4168, 0x4168, 0x4168, 0x4168, 0x3948, 0x3948, 
  0x3948, 0x3948, 0x3948, 0x3927, 0x3927, 0x3927, 0x3927, 0x3927, 0x3927, 0x3927, 0x3927, 0x3927, 
  0x3927, 0x3927, 0x3927, 0x730f, 0x3948, 0x2064, 0x2064, 0x2064, 0x2064, 0x2064, 0x2064, 0x2064, 
  0x2064, 0x2064, 0x2064, 0x2064, 0x2064, 0x2064, 0x2064, 0x2064, 0x2044, 0x2044, 0x2045, 0x2045, 
  0x2846, 0x3048, 0x406a, 0x508d, 0x60d0, 0x7132, 0x7953, 0x7972, 0x7151, 0x610f, 0x50cc, 0x408a, 
  0x3088, 0x2866, 0x2865, 0x2065, 0x2065, 0x2085, 0x2085, 0x2085, 0x2085, 0x2085, 0x2085, 0x2085, 
  0x2085, 0x2085, 0x2085, 0x2085, 0x2085, 0x28a5, 0x28a5, 0x2085, 0x2085, 0x2064, 0x2064, 0x1844, 
  0x1823, 0x1823, 0x1823, 0x1823, 0x1823, 0x1823, 0x1823, 0x1823, 0x1823, 0x1823, 0x1823, 0x1823, 
  0x1003, 0x1003, 0x1003, 0x1003, 0x1003, 0x1003, 0x1003, 0x1003, 0x1003, 0x1003, 0x1003, 0x1003, 
  0x1003, 0x1003, 0x1003, 0x1003, 0x1003, 0x1003, 0x1003, 0x1003, 0x1003, 0x1003, 0x1003, 0x1003, 
  0x1003, 0x1003, 0x1003, 0x1003, 0x1003, 0x1003, 0x1003, 0x1003, 0x1003, 0x1003, 0x1003, 0x1003, 
  0x1003, 0x1003, 0x1003, 0x1003, 0x1003, 0x1003, 0x1003, 0x1823, 0x1823, 0x1823, 0x1823, 0x1823, 
  0x1823, 0x1823, 0x1823, 0x1823, 0x1823, 0x1823, 0x1823, 0x1824, 0x1824, 0x1844, 0x1844, 0x1844, 
  0x2044, 0x2044, 0x2044, 0x2044, 0x2044, 0x2044, 0x2064, 0x2064, 0x2064, 0x2064, 0x2064, 0x2064, 
  0x2064, 0x2064, 0x2064, 0x2064, 0x2064, 0x2064, 0x2064, 0x2064, 0x2064, 0x2064, 0x2064, 0x2064, 
  0x2064, 0x2064, 0x2064, 0x2064, 0x2064, 0x2064, 0x2064, 0x2064, 0x2064, 0x2064, 0x2064, 0x2064, 
  0x2064, 0x2064, 0x2064, 0x2064, 0x2044, 0x1844, 0x1824, 0x1823, 0x1823, 0x1823, 0x1823, 0x1823, 
  0x1823, 0x1823, 0x1823, 0x1823, 0x1823, 0x1823, 0x1823, 0x1823, 0x1823, 0x1823, 0x1823, 0x1823, 
  0x1823, 0x1823, 0x1823, 0x1823, 0x1823, 0x1823, 0x1823, 0x1823, 0x1823, 0x1823, 0x1823, 0x1844, 
  0x2044, 0x2064, 0x2085, 0x2085, 0x2085, 0x28a5, 0x28a5, 0x2085, 0x2085, 0x2085, 0x2085, 0x2085, 
  0x2085, 0x2085, 0x2085, 0x2085, 0x2085, 0x2085, 0x2064, 0x2064, 0x2064, 0x2064, 0x2064, 0x2064, 
  0x2064, 0x2085, 0x2085, 0x28a5, 0x30c6, 0x30e6, 0x30e6, 0x30c6, 0x30c6, 0x30c6, 0x30c6, 0x28c6, 
  0x28c6, 0x28c6, 0x28a6, 0x28a6, 0x28a5, 0x28a5, 0x28a5, 0x28a5, 0x28a5, 0x2885, 0x2885, 0x2085, 
  0x2085, 0x2085, 0x2065, 0x2065, 0x2065, 0x2064, 0x2064, 0x2064, 0x2064, 0x2064, 0x2064, 0x2064, 
  0x2064, 0x2064, 0x2064, 0x2064, 0x2044, 0x2044, 0x2044, 0x2044, 0x2065, 0x2865, 0x3086, 0x38a8, 
  0x40c9, 0x510b, 0x594c, 0x618d, 0x61ae, 0x61ce, 0x61ed, 0x5a0c, 0x5a0c, 0x5a0b, 0x520b, 0x51eb, 
  0x51ea, 0x51ea, 0x49ca, 0x49ca, 0x49ca, 0x49aa, 0x49a9, 0x49a9, 0x49a9, 0x4189, 0x4189, 0x4189, 
  0x4189, 0x4168, 0x4168, 0x4168, 0x4168, 0x4168, 0x3948, 0x3948, 0x3948, 0x3948, 0x3927, 0x3927, 
  0x3927, 0x3927, 0x3927, 0x3927, 0x3907, 0x3907, 0x3927, 0x3927, 0x3927, 0x3927, 0x3907, 0x730f, 
  0x3948, 0x2064, 0x2064, 0x2064, 0x2064, 0x2064, 0x2064, 0x2064, 0x2064, 0x2064, 0x2064, 0x2064, 
  0x2064, 0x2064, 0x2064, 0x2064, 0x2044, 0x2044, 0x2044, 0x2045, 0x2846, 0x2847, 0x3869, 0x488c, 
  0x58ce, 0x7131, 0x8193, 0x89b3, 0x81b2, 0x7170, 0x610e, 0x48cb, 0x3889, 0x3067, 0x2866, 0x2065, 
  0x2065, 0x2085, 0x2085, 0x2085, 0x2085, 0x2085, 0x2085, 0x2085, 0x2085, 0x2085, 0x2085, 0x2085, 
  0x2085, 0x28a5, 0x28a5, 0x2085, 0x2085, 0x2064, 0x1844, 0x1844, 0x1823, 0x1823, 0x1823, 0x1823, 
  0x1823, 0x1823, 0x1823, 0x1823, 0x1823, 0x1823, 0x1823, 0x1003, 0x1003, 0x1003, 0x1003, 0x1003, 
  0x1003, 0x1003, 0x1003, 0x1003, 0x1003, 0x1003, 0x1003, 0x1003, 0x1003, 0x1003, 0x1003, 0x1003, 
  0x1003, 0x1003, 0x1003, 0x1003, 0x1003, 0x1003, 0x1003, 0x1003, 0x1003, 0x1003, 0x1003, 0x1003, 
  0x1003, 0x1003, 0x1003, 0x1003, 0x1003, 0x1003, 0x1003, 0x1003, 0x1003, 0x1003, 0x1003, 0x1003, 
  0x1003, 0x1003, 0x1823, 0x1823, 0x1823, 0x1823, 0x1823, 0x1823, 0x1823, 0x1823, 0x1823, 0x1823, 
  0x1823, 0x1823, 0x1824, 0x1824, 0x1844, 0x1844, 0x1844, 0x2044, 0x2044, 0x2044, 0x2044, 0x2044, 
  0x2044, 0x2064, 0x2064, 0x2064, 0x2064, 0x2064, 0x2064, 0x2064, 0x2064, 0x2064, 0x2064, 0x2064, 
  0x2064, 0x2064, 0x2064, 0x2064, 0x2064, 0x2064, 0x2064, 0x2064, 0x2064, 0x2064, 0x2064, 0x2064, 
  0x2064, 0x2064, 0x2064, 0x2064, 0x2064, 0x2064, 0x2064, 0x2064, 0x2064, 0x2064, 0x2064, 0x2064, 
  0x2064, 0x2044, 0x1844, 0x1823, 0x1823, 0x1823, 0x1823, 0x1823, 0x1823, 0x1823, 0x1823, 0x1823, 
  0x1823, 0x1823, 0x1823, 0x1823, 0x1823, 0x1823, 0x1823, 0x1823, 0x1823, 0x1823, 0x1823, 0x1823, 
  0x1823, 0x1823, 0x1823, 0x1823, 0x1823, 0x1823, 0x1823, 0x1823, 0x1844, 0x2044, 0x2064, 0x2085, 
  0x2085, 0x2085, 0x2085, 0x2085, 0x2085, 0x2085, 0x2085, 0x2085, 0x2085, 0x2085, 0x2085, 0x2085, 
  0x2085, 0x2064, 0x2064, 0x2064, 0x2064, 0x2064, 0x2064, 0x2064, 0x2064, 0x2085, 0x2085, 0x28a5, 
  0x28c6, 0x30c6, 0x30e6, 0x30c6, 0x30c6, 0x30c6, 0x28c6, 0x28c6, 0x28c6, 0x28a6, 0x28a6, 0x28a6, 
  0x28a5, 0x28a5, 0x28a5, 0x28a5, 0x2885, 0x2885, 0x2885, 0x2085, 0x2085, 0x2065, 0x2065, 0x2065, 
  0x2064, 0x2064, 0x2064, 0x2064, 0x2064, 0x2064, 0x2064, 0x2064, 0x2064, 0x2064, 0x2064, 0x2044, 
  0x2044, 0x2044, 0x2044, 0x2065, 0x2866, 0x3087, 0x38a8, 0x48ea, 0x512b, 0x596d, 0x61ae, 0x61ce, 
  0x61ed, 0x620d, 0x5a0c, 0x5a0c, 0x5a0b, 0x520b, 0x520b, 0x51ea, 0x51ea, 0x51ca, 0x49ca, 0x49ca, 
  0x49ca, 0x49a9, 0x49a9, 0x49a9, 0x4189, 0x4189, 0x4189, 0x4189, 0x4188, 0x4168, 0x4168, 0x4168, 
  0x4168, 0x3948, 0x3948, 0x3948, 0x3948, 0x3928, 0x3927, 0x3927, 0x3927, 0x3927, 0x3107, 0x3107, 
  0x3107, 0x3107, 0x3107, 0x3107, 0x3107, 0x3107, 0x3107, 0x730f, 0x3948, 0x2064, 0x2064, 0x2064, 
  0x2064, 0x2064, 0x2064, 0x2064, 0x2064, 0x2064, 0x2064, 0x2064, 0x2064, 0x2064, 0x2064, 0x2064, 
  0x2044, 0x2044, 0x2044, 0x2044, 0x2045, 0x2846, 0x3048, 0x408a, 0x50cd, 0x6910, 0x8192, 0x89d3, 
  0x91f3, 0x81b2, 0x7170, 0x58ed, 0x48ab, 0x3888, 0x2867, 0x2866, 0x2065, 0x2085, 0x2085, 0x2085, 
  0x2085, 0x2085, 0x2085, 0x2085, 0x2085, 0x2085, 0x2085, 0x2085, 0x28a5, 0x28a5, 0x28a5, 0x2085, 
  0x2085, 0x2064, 0x1844, 0x1824, 0x1823, 0x1823, 0x1823, 0x1823, 0x1823, 0x1823, 0x1823, 0x1823, 
  0x1823, 0x1003, 0x1003, 0x1003, 0x1003, 0x1003, 0x1003, 0x1003, 0x1003, 0x1003, 0x1003, 0x1003, 
  0x1003, 0x1003, 0x1003, 0x1003, 0x1003, 0x1003, 0x1003, 0x1003, 0x1003, 0x1003, 0x1003, 0x1003, 
  0x1003, 0x1003, 0x1003, 0x1003, 0x1003, 0x1003, 0x1003, 0x1003, 0x1003, 0x1003, 0x1003, 0x1003, 
  0x1003, 0x1003, 0x1003, 0x1003, 0x1003, 0x1003, 0x1003, 0x1003, 0x1003, 0x1803, 0x1823, 0x1823, 
  0x1823, 0x1823, 0x1823, 0x1823, 0x1823, 0x1823, 0x1823, 0x1823, 0x1823, 0x1823, 0x1824, 0x1844, 
  0x1844, 0x1844, 0x2044, 0x2044, 0x2044, 0x2044, 0x2044, 0x2044, 0x2064, 0x2064, 0x2064, 0x2064, 
  0x2064, 0x2064, 0x2064, 0x2064, 0x2064, 0x2064, 0x2064, 0x2064, 0x2064, 0x2064, 0x2064, 0x2064, 
  0x2064, 0x2064, 0x2064, 0x2064, 0x2064, 0x2064, 0x2064, 0x2064, 0x2064, 0x2064, 0x2064, 0x2064, 
  0x2064, 0x2064, 0x2064, 0x2064, 0x2064, 0x2064, 0x2064, 0x2064, 0x2064, 0x2044, 0x1844, 0x1824, 
  0x1823, 0x1823, 0x1823, 0x1823, 0x1823, 0x1823, 0x1823, 0x1823, 0x1823, 0x1823, 0x1823, 0x1823, 
  0x1823, 0x1823, 0x1823, 0x1823, 0x1823, 0x1823, 0x1823, 0x1823, 0x1823, 0x1823, 0x1823, 0x1823, 
  0x1823, 0x1823, 0x1823, 0x1823, 0x1823, 0x1844, 0x2044, 0x2064, 0x2085, 0x2085, 0x2085, 0x2085, 
  0x2085, 0x2085, 0x2085, 0x2085, 0x2085, 0x2085, 0x2085, 0x2085, 0x2085, 0x2064, 0x2064, 0x2064, 
  0x2064, 0x2064, 0x2064, 0x2064, 0x2064, 0x2064, 0x2085, 0x28a5, 0x28c6, 0x30c6, 0x30e6, 0x30c6, 
  0x30c6, 0x28c6, 0x28c6, 0x28c6, 0x28a6, 0x28a6, 0x28a6, 0x28a5, 0x28a5, 0x28a5, 0x28a5, 0x28a5, 
  0x2885, 0x2885, 0x2085, 0x2085, 0x2085, 0x2065, 0x2065, 0x2065, 0x2064, 0x2064, 0x2064, 0x2064, 
  0x2064, 0x2064, 0x2064, 0x2064, 0x2064, 0x2064, 0x2064, 0x2044, 0x2044, 0x2045, 0x2865, 0x2866, 
  0x3087, 0x40a9, 0x48eb, 0x592c, 0x616d, 0x61ae, 0x69ee, 0x620d, 0x620d, 0x5a0c, 0x5a0c, 0x5a0b, 
  0x520b, 0x520b, 0x51ea, 0x51ea, 0x51ea, 0x49ca, 0x49ca, 0x49ca, 0x49aa, 0x49a9, 0x49a9, 0x49a9, 
  0x4189, 0x4189, 0x4189, 0x4189, 0x4168, 0x4168, 0x4168, 0x4168, 0x4168, 0x3948, 0x3948, 0x3948, 
  0x3948, 0x3927, 0x3927, 0x3927, 0x3107, 0x3107, 0x3107, 0x3107, 0x3107, 0x3107, 0x3107, 0x3107, 
  0x3107, 0x3107, 0x3106, 0x730f, 0x3948, 0x2064, 0x2064, 0x2064, 0x2064, 0x2064, 0x2064, 0x2064, 
  0x2064, 0x2064, 0x2064, 0x2064, 0x2064, 0x2064, 0x2064, 0x2044, 0x2044, 0x2044, 0x2044, 0x2044, 
  0x2045, 0x2845, 0x2847, 0x3869, 0x48ab, 0x60ee, 0x7971, 0x89d3, 0x9214, 0x91f3, 0x81b2, 0x694f, 
  0x50ed, 0x408a, 0x3088, 0x2866, 0x2865, 0x2085, 0x2085, 0x2085, 0x2085, 0x2085, 0x2085, 0x2085, 
  0x2085, 0x2085, 0x2085, 0x28a5, 0x28a5, 0x28a5, 0x28a5, 0x2085, 0x2085, 0x2064, 0x1844, 0x1823, 
  0x1823, 0x1823, 0x1823, 0x1823, 0x1823, 0x1823, 0x1823, 0x1823, 0x1823, 0x1003, 0x1003, 0x1003, 
  0x1003, 0x1003, 0x1003, 0x1003, 0x1003, 0x1003, 0x1003, 0x1003, 0x1003, 0x1003, 0x1003, 0x1003, 
  0x1003, 0x1003, 0x1003, 0x1003, 0x1003, 0x1003, 0x1003, 0x1003, 0x1003, 0x1003, 0x1003, 0x1003, 
  0x1003, 0x1003, 0x1003, 0x1003, 0x1003, 0x1003, 0x1003, 0x1003, 0x1003, 0x1003, 0x1003, 0x1003, 
  0x1003, 0x1003, 0x1003, 0x1003, 0x1803, 0x1823, 0x1823, 0x1823, 0x1823, 0x1823, 0x1823, 0x1823, 
  0x1823, 0x1823, 0x1823, 0x1823, 0x1823, 0x1824, 0x1844, 0x1844, 0x1844, 0x1844, 0x2044, 0x2044, 
  0x2044, 0x2044, 0x2044, 0x2064, 0x2064, 0x2064, 0x2064, 0x2064, 0x2064, 0x2064, 0x2064, 0x2064, 
  0x2064, 0x2064, 0x2064, 0x2064, 0x2064, 0x2064, 0x2064, 0x2064, 0x2064, 0x2064, 0x2064, 0x2064, 
  0x2064, 0x2064, 0x2064, 0x2064, 0x2064, 0x2064, 0x2064, 0x2064, 0x2064, 0x2064, 0x2064, 0x2064, 
  0x2064, 0x2064, 0x2064, 0x2064, 0x2064, 0x2064, 0x2044, 0x1844, 0x1824, 0x1823, 0x1823, 0x1823, 
  0x1823, 0x1823, 0x1823, 0x1823, 0x1823, 0x1823, 0x1823, 0x1823, 0x1823, 0x1823, 0x1823, 0x1823, 
  0x1823, 0x1823, 0x1823, 0x1823, 0x1823, 0x1823, 0x1823, 0x1823, 0x1823, 0x1823, 0x1823, 0x1823, 
  0x1823, 0x1823, 0x1844, 0x2044, 0x2064, 0x2084, 0x2085, 0x2085, 0x2085, 0x2085, 0x2085, 0x2085, 
  0x2085, 0x2085, 0x2085, 0x2085, 0x2064, 0x2064, 0x2064, 0x2064, 0x2064, 0x2064, 0x2064, 0x2064, 
  0x2064, 0x2064, 0x2085, 0x28a5, 0x28c6, 0x28c6, 0x30c6, 0x30c6, 0x30c6, 0x28c6, 0x28c6, 0x28c6, 
  0x28a6, 0x28a6, 0x28a5, 0x28a5, 0x28a5, 0x28a5, 0x28a5, 0x2885, 0x2885, 0x2085, 0x2085, 0x2085, 
  0x2065, 0x2065, 0x2065, 0x2064, 0x2064, 0x2064, 0x2064, 0x2064, 0x2064, 0x2064, 0x2064, 0x2064, 
  0x2064, 0x2044, 0x2044, 0x2044, 0x2045, 0x2866, 0x3067, 0x3888, 0x40ca, 0x510b, 0x594d, 0x618e, 
  0x69ce, 0x69ee, 0x620d, 0x622d, 0x5a2c, 0x5a2c, 0x5a0b, 0x520b, 0x520b, 0x51ea, 0x51ea, 0x51ea, 
  0x51ca, 0x49ca, 0x49ca, 0x49ca, 0x49a9, 0x49a9, 0x49a9, 0x4189, 0x4189, 0x4189, 0x4189, 0x4168, 
  0x4168, 0x4168, 0x4168, 0x4168, 0x3948, 0x3948, 0x3948, 0x3948, 0x3928, 0x3927, 0x3927, 0x3927, 
  0x3107, 0x3107, 0x3107, 0x3107, 0x3106, 0x3106, 0x3106, 0x3107, 0x3107, 0x3106, 0x30e6, 0x730f, 
  0x3948, 0x2064, 0x2064, 0x2064, 0x2064, 0x2064, 0x2064, 0x2064, 0x2064, 0x2064, 0x2064, 0x2064, 
  0x2064, 0x2064, 0x2064, 0x1844, 0x1844, 0x1844, 0x1844, 0x2044, 0x2044, 0x2045, 0x2846, 0x3048, 
  0x408a, 0x50cd, 0x692f, 0x81b2, 0x91f3, 0x9214, 0x89d3, 0x7971, 0x610e, 0x48ac, 0x3889, 0x3067, 
  0x2866, 0x2885, 0x2085, 0x2085, 0x2085, 0x2085, 0x2085, 0x2085, 0x2085, 0x2085, 0x2085, 0x28a5, 
  0x28a5, 0x28a5, 0x28a5, 0x2085, 0x2085, 0x2064, 0x1844, 0x1823, 0x1823, 0x1823, 0x1823, 0x1823, 
  0x1823, 0x1823, 0x1823, 0x1003, 0x1003, 0x1003, 0x1003, 0x1003, 0x1003, 0x1003, 0x1003, 0x1003, 
  0x1003, 0x1003, 0x1003, 0x1003, 0x1003, 0x1003, 0x1003, 0x1003, 0x1003, 0x1003, 0x1003, 0x1003, 
  0x1003, 0x1003, 0x1003, 0x1003, 0x1003, 0x1003, 0x1003, 0x1003, 0x1003, 0x1003, 0x1003, 0x1003, 
  0x1003, 0x1003, 0x1003, 0x1003, 0x1003, 0x1003, 0x1003, 0x1003, 0x1003, 0x1003, 0x1003, 0x1803, 
  0x1823, 0x1823, 0x1823, 0x1823, 0x1823, 0x1823, 0x1823, 0x1823, 0x1823, 0x1823, 0x1823, 0x1823, 
  0x1823, 0x1844, 0x1844, 0x1844, 0x1844, 0x2044, 0x2044, 0x2044, 0x2044, 0x2044, 0x2064, 0x2064, 
  0x2064, 0x2064, 0x2064, 0x2064, 0x2064, 0x2064, 0x2064, 0x2064, 0x2064, 0x2064, 0x2064, 0x2064, 
  0x2064, 0x2064, 0x2064, 0x2064, 0x2064, 0x2064, 0x2064, 0x2064, 0x2064, 0x2064, 0x2064, 0x2064, 
  0x2064, 0x2064, 0x2064, 0x2064, 0x2064, 0x2064, 0x2064, 0x2064, 0x2064, 0x2064, 0x2064, 0x2064, 
  0x2064, 0x2064, 0x2044, 0x2044, 0x1844, 0x1823, 0x1823, 0x1823, 0x1823, 0x1823, 0x1823, 0x1823, 
  0x1823, 0x1823, 0x1823, 0x1823, 0x1823, 0x1823, 0x1823, 0x1823, 0x1823, 0x1823, 0x1823, 0x1823, 
  0x1823, 0x1823, 0x1823, 0x1823, 0x1823, 0x1823, 0x1823, 0x1823, 0x1823, 0x1823, 0x1823, 0x1844, 
  0x2044, 0x2064, 0x2064, 0x2085, 0x2085, 0x2085, 0x2085, 0x2085, 0x2085, 0x2085, 0x2085, 0x2084, 
  0x2064, 0x2064, 0x2064, 0x2064, 0x2064, 0x2064, 0x2064, 0x2064, 0x2064, 0x2064, 0x2064, 0x2085, 
  0x28a5, 0x28c6, 0x30c6, 0x30c6, 0x28c6, 0x28c6, 0x28c6, 0x28a6, 0x28a6, 0x28a6, 0x28a5, 0x28a5, 
  0x28a5, 0x28a5, 0x28a5, 0x2885, 0x2885, 0x2085, 0x2085, 0x2085, 0x2065, 0x2065, 0x2064, 0x2064, 
  0x2064, 0x2064, 0x2064, 0x2064, 0x2064, 0x2064, 0x2064, 0x2064, 0x2064, 0x2044, 0x2045, 0x2045, 
  0x2866, 0x3067, 0x3889, 0x48ca, 0x510c, 0x594d, 0x618e, 0x61ce, 0x620e, 0x620d, 0x622c, 0x5a2c, 
  0x5a2b, 0x5a0b, 0x520b, 0x520b, 0x520b, 0x51ea, 0x51ea, 0x51ea, 0x49ca, 0x49ca, 0x49ca, 0x49a9, 
  0x49a9, 0x49a9, 0x49a9, 0x4189, 0x4189, 0x4189, 0x4189, 0x4168, 0x4168, 0x4168, 0x4168, 0x3948, 
  0x3948, 0x3948, 0x3948, 0x3927, 0x3927, 0x3927, 0x3927, 0x3107, 0x3107, 0x3107, 0x30e6, 0x30e6, 
  0x30e6, 0x30e6, 0x30e6, 0x30e6, 0x30e6, 0x30e6, 0x30e6, 0x730f, 0x3948, 0x2064, 0x2064, 0x2064, 
  0x2064, 0x2064, 0x2064, 0x2064, 0x2064, 0x2064, 0x2064, 0x2064, 0x2064, 0x2064, 0x1844, 0x1844, 
  0x1844, 0x1844, 0x1844, 0x1844, 0x2044, 0x2045, 0x2045, 0x2846, 0x3068, 0x488b, 0x58ed, 0x7150, 
  0x89b2, 0x91f3, 0x89d3, 0x8192, 0x6930, 0x50cd, 0x408a, 0x3088, 0x2867, 0x2886, 0x2085, 0x2085, 
  0x2085, 0x2085, 0x2085, 0x2085, 0x2085, 0x2085, 0x2085, 0x28a5, 0x28a5, 0x28a5, 0x28a5, 0x2085, 
  0x2085, 0x2064, 0x1844, 0x1823, 0x1823, 0x1823, 0x1823, 0x1823, 0x1823, 0x1823, 0x1823, 0x1003, 
  0x1003, 0x1003, 0x1003, 0x1003, 0x1003, 0x1003, 0x1003, 0x1003, 0x1003, 0x1003, 0x1003, 0x1003, 
  0x1003, 0x1003, 0x1003, 0x1003, 0x1003, 0x1003, 0x1003, 0x1003, 0x1003, 0x1003, 0x1003, 0x1003, 
  0x1003, 0x1003, 0x1003, 0x1003, 0x1003, 0x1003, 0x1003, 0x1003, 0x1003, 0x1003, 0x1003, 0x1003, 
  0x1003, 0x1003, 0x1003, 0x1003, 0x1003, 0x1003, 0x1803, 0x1823, 0x1823, 0x1823, 0x1823, 0x1823, 
  0x1823, 0x1823, 0x1823, 0x1823, 0x1823, 0x1823, 0x1823, 0x1823, 0x1844, 0x1844, 0x1844, 0x1844, 
  0x2044, 0x2044, 0x2044, 0x2044, 0x2044, 0x2044, 0x2064, 0x2064, 0x2064, 0x2064, 0x2064, 0x2064, 
  0x2064, 0x2064, 0x2064, 0x2064, 0x2064, 0x2064, 0x2064, 0x2064, 0x2064, 0x2064, 0x2064, 0x2064, 
  0x2064, 0x2064, 0x2064, 0x2064, 0x2064, 0x2064, 0x2064, 0x2064, 0x2064, 0x2064, 0x2064, 0x2064, 
  0x2064, 0x2064, 0x2064, 0x2064, 0x2064, 0x2064, 0x2064, 0x2064, 0x2064, 0x2064, 0x2064, 0x2044, 
  0x1844, 0x1824, 0x1823, 0x1823, 0x1823, 0x1823, 0x1823, 0x1823, 0x1823, 0x1823, 0x1823, 0x1823, 
  0x1823, 0x1823, 0x1823, 0x1823, 0x1823, 0x1823, 0x1823, 0x1823, 0x1823, 0x1823, 0x1823, 0x1823, 
  0x1823, 0x1823, 0x1823, 0x1823, 0x1823, 0x1823, 0x1823, 0x1823, 0x1844, 0x1844, 0x2064, 0x2064, 
  0x2085, 0x2085, 0x2085, 0x2085, 0x2085, 0x2085, 0x2085, 0x2064, 0x2064, 0x2064, 0x2064, 0x2064, 
  0x2064, 0x2064, 0x2064, 0x2064, 0x2064, 0x2064, 0x2064, 0x2085, 0x28a5, 0x28c6, 0x28c6, 0x28c6, 
  0x28c6, 0x28c6, 0x28a6, 0x28a6, 0x28a6, 0x28a5, 0x28a5, 0x28a5, 0x28a5, 0x28a5, 0x2885, 0x2885, 
  0x2085, 0x2085, 0x2085, 0x2065, 0x2065, 0x2065, 0x2064, 0x2064, 0x2064, 0x2064, 0x2064, 0x2064, 
  0x2064, 0x2064, 0x2064, 0x2064, 0x2044, 0x2045, 0x2845, 0x2866, 0x3068, 0x408a, 0x48cb, 0x510d, 
  0x594e, 0x61ae, 0x61ee, 0x620e, 0x622d, 0x622c, 0x5a2c, 0x5a2b, 0x5a0b, 0x520b, 0x520b, 0x520b, 
  0x51ea, 0x51ea, 0x51ea, 0x49ca, 0x49ca, 0x49ca, 0x49aa, 0x49a9, 0x49a9, 0x49a9, 0x4189, 0x4189, 
  0x4189, 0x4189, 0x4168, 0x4168, 0x4168, 0x4168, 0x4168, 0x3948, 0x3948, 0x3948, 0x3948, 0x3927, 
  0x3927, 0x3927, 0x3107, 0x3107, 0x3107, 0x30e6, 0x30e6, 0x30e6, 0x30e6, 0x30e6, 0x30e6, 0x30e6, 
  0x30e6, 0x30e6, 0x30e6, 0x730f, 0x3948, 0x2064, 0x2064, 0x2064, 0x2064, 0x2064, 0x2064, 0x2064, 
  0x2064, 0x2064, 0x2064, 0x2064, 0x2064, 0x1844, 0x1844, 0x1844, 0x1844, 0x1844, 0x1844, 0x1844, 
  0x1844, 0x2044, 0x2045, 0x2846, 0x2847, 0x3869, 0x48ac, 0x610e, 0x7971, 0x81b3, 0x89b3, 0x8193, 
  0x7131, 0x60ef, 0x48ac, 0x3889, 0x3087, 0x2886, 0x2885, 0x2085, 0x2085, 0x2085, 0x2085, 0x2085, 
  0x2085, 0x2085, 0x2085, 0x28a5, 0x28a5, 0x28a5, 0x2085, 0x2085, 0x2085, 0x2064, 0x1844, 0x1823, 
  0x1823, 0x1823, 0x1823, 0x1823, 0x1823, 0x1003, 0x1003, 0x1003, 0x1003, 0x1003, 0x1003, 0x1003, 
  0x1003, 0x1003, 0x1003, 0x1003, 0x1003, 0x1003, 0x1003, 0x1003, 0x1003, 0x1003, 0x1003, 0x1003, 
  0x1003, 0x1003, 0x1003, 0x1003, 0x1003, 0x1003, 0x1003, 0x1003, 0x1003, 0x1003, 0x1003, 0x1003, 
  0x1003, 0x1003, 0x1003, 0x1003, 0x1003, 0x1003, 0x1003, 0x1003, 0x1003, 0x1003, 0x1003, 0x1003, 
  0x1003, 0x1803, 0x1803, 0x1823, 0x1823, 0x1823, 0x1823, 0x1823, 0x1823, 0x1823, 0x1823, 0x1823, 
  0x1823, 0x1823, 0x1823, 0x1844, 0x1844, 0x1844, 0x1844, 0x2044, 0x2044, 0x2044, 0x2044, 0x2044, 
  0x2044, 0x2064, 0x2064, 0x2064, 0x2064, 0x2064, 0x2064, 0x2064, 0x2064, 0x2064, 0x2064, 0x2064, 
  0x2064, 0x2064, 0x2064, 0x2064, 0x2064, 0x2064, 0x2064, 0x2064, 0x2064, 0x2064, 0x2064, 0x2064, 
  0x2064, 0x2064, 0x2064, 0x2064, 0x2064, 0x2064, 0x2064, 0x2064, 0x2064, 0x2064, 0x2064, 0x2064, 
  0x2064, 0x2064, 0x2064, 0x2064, 0x2064, 0x2064, 0x2064, 0x2064, 0x2044, 0x1844, 0x1823, 0x1823, 
  0x1823, 0x1823, 0x1823, 0x1823, 0x1823, 0x1823, 0x1823, 0x1823, 0x1823, 0x1823, 0x1823, 0x1823, 
  0x1823, 0x1823, 0x1823, 0x1823, 0x1823, 0x1823, 0x1823, 0x1823, 0x1823, 0x1823, 0x1823, 0x1823, 
  0x1823, 0x1823, 0x1823, 0x1823, 0x1823, 0x1844, 0x1844, 0x2064, 0x2064, 0x2064, 0x2085, 0x2085, 
  0x2085, 0x2085, 0x2064, 0x2064, 0x2064, 0x2064, 0x2064, 0x2064, 0x2064, 0x2064, 0x2064, 0x2064, 
  0x2064, 0x2064, 0x2064, 0x2085, 0x2885, 0x28a5, 0x28c6, 0x28c6, 0x28c6, 0x28c6, 0x28a6, 0x28a6, 
  0x28a5, 0x28a5, 0x28a5, 0x28a5, 0x28a5, 0x2885, 0x2885, 0x2885, 0x2085, 0x2085, 0x2065, 0x2065, 
  0x2065, 0x2064, 0x2064, 0x2064, 0x2064, 0x2064, 0x2064, 0x2064, 0x2064, 0x2064, 0x2064, 0x2045, 
  0x2045, 0x2846, 0x3067, 0x3868, 0x40aa, 0x48cc, 0x592d, 0x616e, 0x61ae, 0x61ee, 0x620d, 0x622d, 
  0x622c, 0x5a2c, 0x5a2b, 0x5a0b, 0x520b, 0x520b, 0x520b, 0x51ea, 0x51ea, 0x51ea, 0x49ca, 0x49ca, 
  0x49ca, 0x49ca, 0x49a9, 0x49a9, 0x49a9, 0x4189, 0x4189, 0x4189, 0x4189, 0x4168, 0x4168, 0x4168, 
  0x4168, 0x4168, 0x3948, 0x3948, 0x3948, 0x3948, 0x3928, 0x3927, 0x3927, 0x3107, 0x3107, 0x3107, 
  0x30e6, 0x30e6, 0x30e6, 0x30e6, 0x30e6, 0x30e6, 0x30e6, 0x30e6, 0x30e6, 0x30e6, 0x30e6, 0x730f, 
  0x3948, 0x2064, 0x2064, 0x2064, 0x2064, 0x2064, 0x2064, 0x2064, 0x2064, 0x2064, 0x2064, 0x2064, 
  0x2044, 0x1844, 0x1844, 0x1844, 0x1844, 0x1844, 0x1844, 0x1844, 0x1844, 0x1844, 0x2044, 0x2045, 
  0x2846, 0x3048, 0x408a, 0x50ac, 0x610f, 0x7151, 0x8173, 0x8173, 0x7132, 0x60f0, 0x50ad, 0x408b, 
  0x3888, 0x2887, 0x2886, 0x2885, 0x2085, 0x2085, 0x2085, 0x2085, 0x2085, 0x2085, 0x2085, 0x28a5, 
  0x28a5, 0x28a5, 0x2085, 0x2085, 0x2084, 0x2044, 0x1844, 0x1823, 0x1823, 0x1823, 0x1823, 0x1823, 
  0x1003, 0x1003, 0x1003, 0x1003, 0x1003, 0x1003, 0x1003, 0x1003, 0x1003, 0x1003, 0x1003, 0x1003, 
  0x1003, 0x1003, 0x1003, 0x1003, 0x1003, 0x1003, 0x1003, 0x1003, 0x1003, 0x1003, 0x1003, 0x1003, 
  0x1003, 0x1003, 0x1003, 0x1003, 0x1003, 0x1003, 0x1003, 0x1003, 0x1003, 0x1003, 0x1003, 0x1003, 
  0x1003, 0x1003, 0x1003, 0x1003, 0x1003, 0x1003, 0x1003, 0x1003, 0x1823, 0x1823, 0x1823, 0x1823, 
  0x1823, 0x1823, 0x1823, 0x1823, 0x1823, 0x1823, 0x1823, 0x1823, 0x1823, 0x1823, 0x1844, 0x1844, 
  0x1844, 0x1844, 0x2044, 0x2044, 0x2044, 0x2044, 0x2044, 0x2044, 0x2064, 0x2064, 0x2064, 0x2064, 
  0x2064, 0x2064, 0x2064, 0x2064, 0x2064, 0x2064, 0x2064, 0x2064, 0x2064, 0x2064, 0x2064, 0x2064, 
  0x2064, 0x2064, 0x2064, 0x2064, 0x2064, 0x2064, 0x2064, 0x2064, 0x2064, 0x2064, 0x2064, 0x2064, 
  0x2064, 0x2064, 0x2064, 0x2064, 0x2064, 0x2064, 0x2064, 0x2064, 0x2064, 0x2064, 0x2064, 0x2064, 
  0x2064, 0x2064, 0x2064, 0x2064, 0x2044, 0x1844, 0x1824, 0x1823, 0x1823, 0x1823, 0x1823, 0x1823, 
  0x1823, 0x1823, 0x1823, 0x1823, 0x1823, 0x1823, 0x1823, 0x1823, 0x1823, 0x1823, 0x1823, 0x1823, 
  0x1823, 0x1823, 0x1823, 0x1823, 0x1823, 0x1823, 0x1823, 0x1823, 0x1823, 0x1823, 0x1823, 0x1823, 
  0x1823, 0x1823, 0x1844, 0x1844, 0x2064, 0x2064, 0x2064, 0x2084, 0x2084, 0x2064, 0x2064, 0x2064, 
  0x2064, 0x2064, 0x2064, 0x2064, 0x2064, 0x2064, 0x2064, 0x2064, 0x2064, 0x2064, 0x2064, 0x2084, 
  0x2085, 0x28a5, 0x28a6, 0x28c6, 0x28c6, 0x28a6, 0x28a6, 0x28a5, 0x28a5, 0x28a5, 0x28a5, 0x28a5, 
  0x2885, 0x2885, 0x2885, 0x2085, 0x2085, 0x2065, 0x2065, 0x2065, 0x2064, 0x2064, 0x2064, 0x2064, 
  0x2064, 0x2064, 0x2064, 0x2064, 0x2064, 0x2064, 0x2045, 0x2045, 0x2846, 0x3068, 0x3889, 0x48ab, 
  0x50ec, 0x592e, 0x616e, 0x61ce, 0x61ee, 0x620d, 0x622d, 0x5a2c, 0x5a2c, 0x5a2b, 0x5a2b, 0x520b, 
  0x520b, 0x520b, 0x51ea, 0x51ea, 0x51ea, 0x51ca, 0x49ca, 0x49ca, 0x49ca, 0x49a9, 0x49a9, 0x49a9, 
  0x4189, 0x4189, 0x4189, 0x4189, 0x4189, 0x4168, 0x4168, 0x4168, 0x4168, 0x4168, 0x3948, 0x3948, 
  0x3948, 0x3948, 0x3927, 0x3927, 0x3927, 0x3107, 0x3107, 0x30e6, 0x30e6, 0x30e6, 0x30e6, 0x30e6, 
  0x30e6, 0x30e6, 0x30e6, 0x30e6, 0x30e6, 0x30e6, 0x30e6, 0x730f, 0x3948, 0x2064, 0x2064, 0x2064, 
  0x2064, 0x2064, 0x2064, 0x2064, 0x2064, 0x2064, 0x2064, 0x1844, 0x1844, 0x1844, 0x1844, 0x1844, 
  0x1844, 0x1844, 0x1844, 0x1844, 0x1844, 0x1844, 0x1844, 0x2045, 0x2045, 0x2846, 0x3068, 0x408a, 
  0x50ad, 0x60ef, 0x7111, 0x7112, 0x7112, 0x68d1, 0x58ae, 0x488c, 0x3869, 0x3068, 0x2886, 0x2885, 
  0x2085, 0x2085, 0x2085, 0x2085, 0x2085, 0x28a5, 0x28a5, 0x28a5, 0x28a5, 0x28a5, 0x2085, 0x2085, 
  0x2064, 0x1844, 0x1824, 0x1823, 0x1823, 0x1823, 0x1823, 0x1003, 0x1003, 0x1003, 0x1003, 0x1003, 
  0x1003, 0x1003, 0x1003, 0x1003, 0x1003, 0x1003, 0x1003, 0x1003, 0x1003, 0x1003, 0x1003, 0x1003, 
  0x1003, 0x1003, 0x1003, 0x1003, 0x1003, 0x1003, 0x1003, 0x1003, 0x1003, 0x1003, 0x1003, 0x1003, 
  0x1003, 0x1003, 0x1003, 0x1003, 0x1003, 0x1003, 0x1003, 0x1003, 0x1003, 0x1003, 0x1003, 0x1003, 
  0x1003, 0x1003, 0x1003, 0x1803, 0x1823, 0x1823, 0x1823, 0x1823, 0x1823, 0x1823, 0x1823, 0x1823, 
  0x1823, 0x1823, 0x1823, 0x1823, 0x1823, 0x1844, 0x1844, 0x1844, 0x1844, 0x2044, 0x2044, 0x2044, 
  0x2044, 0x2044, 0x2044, 0x2064, 0x2064, 0x2064, 0x2064, 0x2064, 0x2064, 0x2064, 0x2064, 0x2064, 
  0x2064, 0x2064, 0x2064, 0x2064, 0x2064, 0x2064, 0x2064, 0x2064, 0x2064, 0x2064, 0x2064, 0x2064, 
  0x2064, 0x2064, 0x2064, 0x2064, 0x2064, 0x2064, 0x2064, 0x2064, 0x2064, 0x2064, 0x2064, 0x2064, 
  0x2064, 0x2064, 0x2064, 0x2064, 0x2064, 0x2064, 0x2064, 0x2064, 0x2064, 0x2064, 0x2064, 0x2064, 
  0x2064, 0x2044, 0x1844, 0x1824, 0x1823, 0x1823, 0x1823, 0x1823, 0x1823, 0x1823, 0x1823, 0x1823, 
  0x1823, 0x1823, 0x1823, 0x1823, 0x1823, 0x1823, 0x1823, 0x1823, 0x1823, 0x1823, 0x1823, 0x1823, 
  0x1823, 0x1823, 0x1823, 0x1823, 0x1823, 0x1823, 0x1823, 0x1823, 0x1823, 0x1823, 0x1823, 0x1824, 
  0x1844, 0x2044, 0x2064, 0x2064, 0x2064, 0x2064, 0x2064, 0x2064, 0x2064, 0x2064, 0x2064, 0x2064, 
  0x2064, 0x2064, 0x2064, 0x2064, 0x2064, 0x2064, 0x2064, 0x2064, 0x2085, 0x28a5, 0x28a6, 0x28c6, 
  0x28c6, 0x28a6, 0x28a5, 0x28a5, 0x28a5, 0x28a5, 0x28a5, 0x28a5, 0x2885, 0x2885, 0x2885, 0x2085, 
  0x2085, 0x2065, 0x2065, 0x2064, 0x2064, 0x2064, 0x2064, 0x2064, 0x2064, 0x2064, 0x2064, 0x2064, 
  0x2065, 0x2045, 0x2846, 0x2867, 0x3068, 0x408a, 0x48ab, 0x50ed, 0x592e, 0x618e, 0x61ce, 0x620e, 
  0x622d, 0x622d, 0x5a2c, 0x5a2c, 0x5a2b, 0x5a2b, 0x520b, 0x520b, 0x520b, 0x51ea, 0x51ea, 0x51ea, 
  0x51ea, 0x49ca, 0x49ca, 0x49ca, 0x49a9, 0x49a9, 0x49a9, 0x49a9, 0x4189, 0x4189, 0x4189, 0x4189, 
  0x4168, 0x4168, 0x4168, 0x4168, 0x4168, 0x3948, 0x3948, 0x3948, 0x3948, 0x3927, 0x3927, 0x3927, 
  0x3107, 0x3107, 0x30e6, 0x30e6, 0x30e6, 0x30e6, 0x30e6, 0x30e6, 0x30e6, 0x30e6, 0x30e6, 0x30e6, 
  0x30e6, 0x30e6, 0x30e6, 0x730f, 0x3948, 0x2064, 0x2044, 0x2044, 0x2044, 0x2064, 0x2064, 0x2064, 
  0x2044, 0x2044, 0x1844, 0x1844, 0x1844, 0x1844, 0x1844, 0x1844, 0x1844, 0x1844, 0x1844, 0x1844, 
  0x1844, 0x1844, 0x1844, 0x2044, 0x2045, 0x2045, 0x2847, 0x3068, 0x408b, 0x50ad, 0x60cf, 0x68d1, 
  0x68d1, 0x60b1, 0x588f, 0x486d, 0x406a, 0x3068, 0x2887, 0x2886, 0x2885, 0x2085, 0x2085, 0x2085, 
  0x2085, 0x28a5, 0x28a5, 0x28a5, 0x28a5, 0x28a5, 0x2085, 0x2085, 0x2064, 0x1844, 0x1823, 0x1823, 
  0x1823, 0x1823, 0x1003, 0x1003, 0x1003, 0x1003, 0x1003, 0x1003, 0x1003, 0x1003, 0x1003, 0x1003, 
  0x1003, 0x1003, 0x1003, 0x1003, 0x1003, 0x1003, 0x1003, 0x1003, 0x1003, 0x1003, 0x1003, 0x1003, 
  0x1003, 0x1003, 0x1003, 0x1003, 0x1003, 0x1003, 0x1003, 0x1003, 0x1003, 0x1003, 0x1003, 0x1003, 
  0x1003, 0x1003, 0x1003, 0x1003, 0x1003, 0x1003, 0x1003, 0x1003, 0x1003, 0x1003, 0x1823, 0x1823, 
  0x1823, 0x1823, 0x1823, 0x1823, 0x1823, 0x1823, 0x1823, 0x1823, 0x1823, 0x1823, 0x1823, 0x1823, 
  0x1844, 0x1844, 0x1844, 0x1844, 0x1844, 0x2044, 0x2044, 0x2044, 0x2044, 0x2044, 0x2064, 0x2064, 
  0x2064, 0x2064, 0x2064, 0x2064, 0x2064, 0x2064, 0x2064, 0x2064, 0x2064, 0x2064, 0x2064, 0x2064, 
  0x2064, 0x2064, 0x2064, 0x2064, 0x2064, 0x2064, 0x2064, 0x2064, 0x2064, 0x2064, 0x2064, 0x2064, 
  0x2064, 0x2064, 0x2064, 0x2064, 0x2064, 0x2064, 0x2064, 0x2064, 0x2064, 0x2064, 0x2064, 0x2064, 
  0x2064, 0x2064, 0x2064, 0x2064, 0x2064, 0x2064, 0x2064, 0x2064, 0x2064, 0x2044, 0x1844, 0x1824, 
  0x1823, 0x1823, 0x1823, 0x1823, 0x1823, 0x1823, 0x1823, 0x1823, 0x1823, 0x1823, 0x1823, 0x1823, 
  0x1823, 0x1823, 0x1823, 0x1823, 0x1823, 0x1823, 0x1823, 0x1823, 0x1823, 0x1823, 0x1823, 0x1823, 
  0x1823, 0x1823, 0x1823, 0x1823, 0x1823, 0x1823, 0x1823, 0x1823, 0x1824, 0x1844, 0x2044, 0x2064, 
  0x2064, 0x2064, 0x2064, 0x2064, 0x2064, 0x2064, 0x2064, 0x2064, 0x2064, 0x2064, 0x2064, 0x2064, 
  0x2064, 0x2064, 0x2064, 0x2064, 0x2085, 0x2885, 0x28a5, 0x28a6, 0x28a6, 0x28a6, 0x28a5, 0x28a5, 
  0x28a5, 0x28a5, 0x28a5, 0x2885, 0x2885, 0x2885, 0x2085, 0x2085, 0x2065, 0x2065, 0x2065, 0x2064, 
  0x2064, 0x2064, 0x2064, 0x2064, 0x2064, 0x2064, 0x2064, 0x2065, 0x2045, 0x2846, 0x3067, 0x3869, 
  0x408b, 0x48cc, 0x510d, 0x594e, 0x618e, 0x61ce, 0x620d, 0x622d, 0x622c, 0x5a4c, 0x5a2c, 0x5a2b, 
  0x5a2b, 0x520b, 0x520b, 0x520b, 0x51ea, 0x51ea, 0x51ea, 0x51ea, 0x49ca, 0x49ca, 0x49ca, 0x49a9, 
  0x49a9, 0x49a9, 0x49a9, 0x4189, 0x4189, 0x4189, 0x4189, 0x4188, 0x4168, 0x4168, 0x4168, 0x4168, 
  0x3948, 0x3948, 0x3948, 0x3948, 0x3927, 0x3927, 0x3927, 0x3107, 0x3107, 0x3106, 0x30e6, 0x30e6, 
  0x30e6, 0x30e6, 0x30e6, 0x30e6, 0x30c6, 0x30c6, 0x30e6, 0x30e6, 0x30e6, 0x30e6, 0x30c6, 0x730e, 
  0x3948, 0x1844, 0x1844, 0x1844, 0x1844, 0x1844, 0x1844, 0x1844, 0x1844, 0x1844, 0x1844, 0x1844, 
  0x1844, 0x1844, 0x1844, 0x1844, 0x1844, 0x1844, 0x1844, 0x1844, 0x1844, 0x1844, 0x1844, 0x1844, 
  0x2044, 0x2045, 0x2046, 0x2847, 0x3049, 0x406b, 0x508d, 0x588f, 0x6090, 0x6090, 0x586f, 0x506e, 
  0x406b, 0x3869, 0x3087, 0x2886, 0x2885, 0x2885, 0x2085, 0x2085, 0x28a5, 0x28a5, 0x28a5, 0x28a5, 
  0x28a5, 0x28a5, 0x2085, 0x2085, 0x2064, 0x1844, 0x1823, 0x1823, 0x1823, 0x1003, 0x1003, 0x1003, 
  0x1003, 0x1003, 0x1003, 0x1003, 0x1003, 0x1003, 0x1003, 0x1003, 0x1003, 0x1003, 0x1003, 0x1003, 
  0x1003, 0x1003, 0x1003, 0x1003, 0x1003, 0x1003, 0x1003, 0x1003, 0x1003, 0x1003, 0x1003, 0x1003, 
  0x1003, 0x1003, 0x1003, 0x1003, 0x1003, 0x1003, 0x1003, 0x1003, 0x1003, 0x1003, 0x1003, 0x1003, 
  0x1003, 0x1003, 0x1003, 0x1003, 0x1003, 0x1823, 0x1823, 0x1823, 0x1823, 0x1823, 0x1823, 0x1823, 
  0x1823, 0x1823, 0x1823, 0x1823, 0x1823, 0x1823, 0x1823, 0x1844, 0x1844, 0x1844, 0x1844, 0x2044, 
  0x2044, 0x2044, 0x2044, 0x2044, 0x2044, 0x2064, 0x2064, 0x2064, 0x2064, 0x2064, 0x2064, 0x2064, 
  0x2064, 0x2064, 0x2064, 0x2064, 0x2064, 0x2064, 0x2064, 0x2064, 0x2064, 0x2064, 0x2064, 0x2064, 
  0x2064, 0x2064, 0x2064, 0x2064, 0x2064, 0x2064, 0x2064, 0x2064, 0x2064, 0x2064, 0x2064, 0x2064, 
  0x2064, 0x2064, 0x2064, 0x2064, 0x2064, 0x2064, 0x2064, 0x2064, 0x2064, 0x2064, 0x2064, 0x2064, 
  0x2064, 0x2064, 0x2064, 0x2064, 0x2064, 0x2064, 0x2044, 0x1844, 0x1824, 0x1823, 0x1823, 0x1823, 
  0x1823, 0x1823, 0x1823, 0x1823, 0x1823, 0x1823, 0x1823, 0x1823, 0x1823, 0x1823, 0x1823, 0x1823, 
  0x1823, 0x1823, 0x1823, 0x1823, 0x1823, 0x1823, 0x1823, 0x1823, 0x1823, 0x1823, 0x1823, 0x1823, 
  0x1823, 0x1823, 0x1823, 0x1823, 0x1823, 0x1824, 0x1844, 0x1844, 0x2064, 0x2064, 0x2064, 0x2064, 
  0x2064, 0x2064, 0x2064, 0x2064, 0x2064, 0x2064, 0x2064, 0x2064, 0x2064, 0x2064, 0x2064, 0x2064, 
  0x2064, 0x2085, 0x28a5, 0x28a6, 0x28a6, 0x28a6, 0x28a5, 0x28a5, 0x28a5, 0x28a5, 0x28a5, 0x2885, 
  0x2885, 0x2885, 0x2085, 0x2085, 0x2065, 0x2065, 0x2064, 0x2064, 0x2064, 0x2064, 0x2064, 0x2064, 
  0x2064, 0x2065, 0x2065, 0x2866, 0x2867, 0x3068, 0x388a, 0x48ab, 0x50cd, 0x590e, 0x616e, 0x61ae, 
  0x61ee, 0x620d, 0x622d, 0x624c, 0x5a4c, 0x5a2c, 0x5a2b, 0x5a2b, 0x520b, 0x520b, 0x520b, 0x520b, 
  0x51ea, 0x51ea, 0x51ea, 0x49ca, 0x49ca, 0x49ca, 0x49ca, 0x49a9, 0x49a9, 0x49a9, 0x4189, 0x4189, 
  0x4189, 0x4189, 0x4189, 0x4168, 0x4168, 0x4168, 0x4168, 0x4148, 0x3948, 0x3948, 0x3948, 0x3927, 
  0x3927, 0x3927, 0x3107, 0x3107, 0x3107, 0x30e6, 0x30e6, 0x30e6, 0x30e6, 0x30c6, 0x28c6, 0x28c6, 
  0x28c6, 0x28c6, 0x28c6, 0x28c6, 0x30c6, 0x28c6, 0x28c6, 0x72ee, 0x3928, 0x1844, 0x1844, 0x1844, 
  0x1844, 0x1844, 0x1844, 0x1844, 0x1844, 0x1844, 0x1844, 0x1844, 0x1844, 0x1844, 0x1844, 0x1844, 
  0x1844, 0x1844, 0x1844, 0x1844, 0x1844, 0x1844, 0x1844, 0x1844, 0x2044, 0x2044, 0x2045, 0x2846, 
  0x2847, 0x3049, 0x404a, 0x486c, 0x506e, 0x584f, 0x584f, 0x504e, 0x486c, 0x386a, 0x3068, 0x2887, 
  0x2886, 0x2885, 0x2885, 0x2885, 0x28a5, 0x28a5, 0x28a5, 0x28a5, 0x28a5, 0x28a5, 0x2085, 0x2085, 
  0x2064, 0x1844, 0x1823, 0x1823, 0x1003, 0x1003, 0x1003, 0x1003, 0x1003, 0x1003, 0x1003, 0x1003, 
  0x1003, 0x1003, 0x1003, 0x1003, 0x1003, 0x1003, 0x1003, 0x1003, 0x1003, 0x1003, 0x1003, 0x1003, 
  0x1003, 0x1003, 0x1003, 0x1003, 0x1003, 0x1003, 0x1003, 0x1003, 0x1003, 0x1003, 0x1003, 0x1003, 
  0x1003, 0x1003, 0x1003, 0x1003, 0x1003, 0x1003, 0x1003, 0x1003, 0x1003, 0x1003, 0x1003, 0x1003, 
  0x1803, 0x1823, 0x1823, 0x1823, 0x1823, 0x1823, 0x1823, 0x1823, 0x1823, 0x1823, 0x1823, 0x1823, 
  0x1823, 0x1824, 0x1844, 0x1844, 0x1844, 0x1844, 0x2044, 0x2044, 0x2044, 0x2044, 0x2044, 0x2044, 
  0x2064, 0x2064, 0x2064, 0x2064, 0x2064, 0x2064, 0x2064, 0x2064, 0x2064, 0x2064, 0x2064, 0x2064, 
  0x2064, 0x2064, 0x2064, 0x2064, 0x2064, 0x2064, 0x2064, 0x2064, 0x2064, 0x2064, 0x2064, 0x2064, 
  0x2064, 0x2064, 0x2064, 0x2064, 0x2064, 0x2064, 0x2064, 0x2064, 0x2064, 0x2064, 0x2064, 0x2064, 
  0x2064, 0x2064, 0x2064, 0x2064, 0x2064, 0x2064, 0x2064, 0x2064, 0x2064, 0x2064, 0x2064, 0x2064, 
  0x2064, 0x2064, 0x2044, 0x2044, 0x1844, 0x1823, 0x1823, 0x1823, 0x1823, 0x1823, 0x1823, 0x1823, 
  0x1823, 0x1823, 0x1823, 0x1823, 0x1823, 0x1823, 0x1823, 0x1823, 0x1823, 0x1823, 0x1823, 0x1823, 
  0x1823, 0x1823, 0x1823, 0x1823, 0x1823, 0x1823, 0x1823, 0x1823, 0x1823, 0x1823, 0x1823, 0x1823, 
  0x1823, 0x1823, 0x1824, 0x1844, 0x1844, 0x2064, 0x2064, 0x2064, 0x2064, 0x2064, 0x2064, 0x2064, 
  0x2064, 0x2064, 0x2064, 0x2064, 0x2064, 0x2064, 0x1844, 0x2064, 0x2064, 0x2085, 0x28a5, 0x28a5, 
  0x28a6, 0x28a5, 0x28a5, 0x28a5, 0x28a5, 0x28a5, 0x2885, 0x2885, 0x2885, 0x2085, 0x2085, 0x2065, 
  0x2065, 0x2064, 0x2064, 0x2064, 0x2064, 0x2064, 0x2064, 0x2064, 0x2065, 0x2065, 0x2866, 0x3067, 
  0x3869, 0x408a, 0x48ac, 0x50ed, 0x592e, 0x618e, 0x61ce, 0x620e, 0x622d, 0x624d, 0x5a4c, 0x5a4c, 
  0x5a2c, 0x5a2b, 0x5a2b, 0x5a2b, 0x520b, 0x520b, 0x520b, 0x51ea, 0x51ea, 0x51ea, 0x49ca, 0x49ca, 
  0x49ca, 0x49ca, 0x49a9, 0x49a9, 0x49a9, 0x4189, 0x4189, 0x4189, 0x4189, 0x4189, 0x4168, 0x4168, 
  0x4168, 0x4168, 0x4168, 0x3948, 0x3948, 0x3948, 0x3948, 0x3927, 0x3927, 0x3927, 0x3107, 0x3107, 
  0x30e6, 0x30e6, 0x30e6, 0x30e6, 0x30c6, 0x28c6, 0x28c6, 0x28c6, 0x28c6, 0x28c6, 0x28c6, 0x28c6, 
  0x28c6, 0x28c6, 0x28c6, 0x72ee, 0x3928, 0x1844, 0x1844, 0x1844, 0x1844, 0x1844, 0x1844, 0x1844, 
  0x1844, 0x1844, 0x1844, 0x1844, 0x1844, 0x1844, 0x1844, 0x1844, 0x1844, 0x1844, 0x1844, 0x1844, 
  0x1844, 0x1844, 0x1844, 0x1844, 0x1844, 0x1844, 0x2044, 0x2045, 0x2846, 0x2847, 0x3049, 0x384a, 
  0x484c, 0x484d, 0x504e, 0x504e, 0x484c, 0x406b, 0x3869, 0x3087, 0x2886, 0x2886, 0x2885, 0x2885, 
  0x28a5, 0x28a5, 0x28a5, 0x28a5, 0x28a5, 0x28a5, 0x2085, 0x2085, 0x2064, 0x1844, 0x1823, 0x1823, 
  0x1003, 0x1003, 0x1003, 0x1003, 0x1003, 0x1003, 0x1003, 0x1003, 0x1003, 0x1003, 0x1003, 0x1003, 
  0x1003, 0x1003, 0x1003, 0x1003, 0x1003, 0x1003, 0x1003, 0x1003, 0x1003, 0x1003, 0x1003, 0x1003, 
  0x1003, 0x1003, 0x1003, 0x1003, 0x1003, 0x1003, 0x1003, 0x1003, 0x1003, 0x1003, 0x1003, 0x1003, 
  0x1003, 0x1003, 0x1003, 0x1003, 0x1003, 0x1003, 0x1003, 0x1803, 0x1823, 0x1823, 0x1823, 0x1823, 
  0x1823, 0x1823, 0x1823, 0x1823, 0x1823, 0x1823, 0x1823, 0x1823, 0x1824, 0x1844, 0x1844, 0x1844, 
  0x1844, 0x2044, 0x2044, 0x2044, 0x2044, 0x2044, 0x2044, 0x2064, 0x2064, 0x2064, 0x2064, 0x2064, 
  0x2064, 0x2064, 0x2064, 0x2064, 0x2064, 0x2064, 0x2064, 0x2064, 0x2064, 0x2064, 0x2064, 0x2064, 
  0x2064, 0x2064, 0x2064, 0x2064, 0x2064, 0x2064, 0x2064, 0x2064, 0x2064, 0x2064, 0x2064, 0x2064, 
  0x2064, 0x2064, 0x2064, 0x2064, 0x2064, 0x2064, 0x2064, 0x2064, 0x2064, 0x2064, 0x2064, 0x2064, 
  0x2064, 0x2064, 0x2064, 0x2064, 0x2064, 0x2064, 0x2064, 0x2064, 0x2064, 0x2064, 0x2064, 0x2044, 
  0x1844, 0x1824, 0x1823, 0x1823, 0x1823, 0x1823, 0x1823, 0x1823, 0x1823, 0x1823, 0x1823, 0x1823, 
  0x1823, 0x1823, 0x1823, 0x1823, 0x1823, 0x1823, 0x1823, 0x1823, 0x1823, 0x1823, 0x1823, 0x1823, 
  0x1823, 0x1823, 0x1823, 0x1823, 0x1823, 0x1823, 0x1823, 0x1823, 0x1823, 0x1823, 0x1823, 0x1824, 
  0x1844, 0x1844, 0x2064, 0x2064, 0x2064, 0x2064, 0x2064, 0x2064, 0x2064, 0x2064, 0x2064, 0x2064, 
  0x2064, 0x1844, 0x1844, 0x2064, 0x2064, 0x2085, 0x2885, 0x28a5, 0x28a5, 0x28a5, 0x28a5, 0x28a5, 
  0x28a5, 0x2885, 0x2885, 0x2885, 0x2085, 0x2085, 0x2065, 0x2065, 0x2065, 0x2064, 0x2064, 0x2064, 
  0x2064, 0x2064, 0x2065, 0x2065, 0x2865, 0x2866, 0x3068, 0x3889, 0x40ab, 0x50cc, 0x590e, 0x594e, 
  0x61ae, 0x61ee, 0x620e, 0x622d, 0x624d, 0x5a4c, 0x5a4c, 0x5a4c, 0x5a2b, 0x5a2b, 0x5a2b, 0x520b, 
  0x520b, 0x520b, 0x51ea, 0x51ea, 0x51ea, 0x49ca, 0x49ca, 0x49ca, 0x49ca, 0x49a9, 0x49a9, 0x49a9, 
  0x49a9, 0x4189, 0x4189, 0x4189, 0x4189, 0x4168, 0x4168, 0x4168, 0x4168, 0x4168, 0x3948, 0x3948, 
  0x3948, 0x3948, 0x3927, 0x3927, 0x3927, 0x3107, 0x3107, 0x30e6, 0x30e6, 0x30e6, 0x30e6, 0x28c6, 
  0x28c6, 0x28c6, 0x28c6, 0x28c6, 0x28c6, 0x28c6, 0x28c6, 0x28c6, 0x28c6, 0x28c6, 0x28c6, 0x72ee, 
  0x3928, 0x1844, 0x1844, 0x1844, 0x1844, 0x1844, 0x1844, 0x1844, 0x1844, 0x1844, 0x1844, 0x1844, 
  0x1844, 0x1844, 0x1844, 0x1844, 0x1844, 0x1844, 0x1844, 0x1844, 0x1844, 0x1844, 0x1844, 0x1844, 
  0x1844, 0x1844, 0x1844, 0x2044, 0x2045, 0x2846, 0x2847, 0x3048, 0x384a, 0x402b, 0x482c, 0x484d, 
  0x484c, 0x404b, 0x386a, 0x3088, 0x2886, 0x2886, 0x2885, 0x2885, 0x28a5, 0x28a5, 0x28a5, 0x28a5, 
  0x28a5, 0x28a5, 0x2085, 0x2084, 0x2044, 0x1824, 0x1823, 0x1003, 0x1003, 0x1003, 0x1003, 0x1003, 
  0x1003, 0x1003, 0x1003, 0x1003, 0x1003, 0x1003, 0x1003, 0x1003, 0x1003, 0x1003, 0x1003, 0x1003, 
  0x1003, 0x1003, 0x1003, 0x1003, 0x1003, 0x1003, 0x1003, 0x1003, 0x1003, 0x1003, 0x1003, 0x1003, 
  0x1003, 0x1003, 0x1003, 0x1003, 0x1003, 0x1003, 0x1003, 0x1003, 0x1003, 0x1003, 0x1003, 0x1003, 
  0x1003, 0x1003, 0x1803, 0x1803, 0x1823, 0x1823, 0x1823, 0x1823, 0x1823, 0x1823, 0x1823, 0x1823, 
  0x1823, 0x1823, 0x1823, 0x1824, 0x1844, 0x1844, 0x1844, 0x1844, 0x1844, 0x2044, 0x2044, 0x2044, 
  0x2044, 0x2044, 0x2064, 0x2064, 0x2064, 0x2064, 0x2064, 0x2064, 0x2064, 0x2064, 0x2064, 0x2064, 
  0x2064, 0x2064, 0x2064, 0x2064, 0x2064, 0x2064, 0x2064, 0x2064, 0x2064, 0x2064, 0x2064, 0x2064, 
  0x2064, 0x2064, 0x2064, 0x2064, 0x2064, 0x2064, 0x2064, 0x2064, 0x2064, 0x2064, 0x2064, 0x2064, 
  0x2064, 0x2064, 0x2064, 0x2064, 0x2064, 0x2064, 0x2064, 0x2064, 0x2064, 0x2064, 0x2064, 0x2064, 
  0x2064, 0x2064, 0x2064, 0x2064, 0x2064, 0x2064, 0x2064, 0x2044, 0x2044, 0x1844, 0x1823, 0x1823, 
  0x1823, 0x1823, 0x1823, 0x1823, 0x1823, 0x1823, 0x1823, 0x1823, 0x1823, 0x1823, 0x1823, 0x1823, 
  0x1823, 0x1823, 0x1823, 0x1823, 0x1823, 0x1823, 0x1823, 0x1823, 0x1823, 0x1823, 0x1823, 0x1823, 
  0x1823, 0x1823, 0x1823, 0x1823, 0x1823, 0x1823, 0x1823, 0x1823, 0x1824, 0x1844, 0x1844, 0x2044, 
  0x2064, 0x2064, 0x2064, 0x2064, 0x2064, 0x2064, 0x2064, 0x2044, 0x1844, 0x1844, 0x1844, 0x2044, 
  0x2064, 0x2064, 0x2085, 0x2885, 0x28a5, 0x28a5, 0x28a5, 0x28a5, 0x28a5, 0x2885, 0x2885, 0x2885, 
  0x2085, 0x2085, 0x2065, 0x2065, 0x2064, 0x2064, 0x2064, 0x2064, 0x2064, 0x2065, 0x2065, 0x2866, 
  0x3067, 0x3868, 0x408a, 0x48ab, 0x50ed, 0x592e, 0x616e, 0x61ce, 0x620e, 0x622d, 0x624d, 0x624c, 
  0x5a4c, 0x5a4c, 0x5a4c, 0x5a2b, 0x5a2b, 0x5a2b, 0x520b, 0x520b, 0x520b, 0x51ea, 0x51ea, 0x51ea, 
  0x51ea, 0x49ca, 0x49ca, 0x49ca, 0x49a9, 0x49a9, 0x49a9, 0x49a9, 0x4189, 0x4189, 0x4189, 0x4189, 
  0x4168, 0x4168, 0x4168, 0x4168, 0x4168, 0x3948, 0x3948, 0x3948, 0x3948, 0x3927, 0x3927, 0x3927, 
  0x3107, 0x3107, 0x30e6, 0x30e6, 0x30e6, 0x30e6, 0x28c6, 0x28c6, 0x28c6, 0x28c6, 0x28c6, 0x28c6, 
  0x28c6, 0x28c6, 0x28c6, 0x28c6, 0x28c6, 0x28c6, 0x28c6, 0x72ee, 0x3928, 0x1844, 0x1844, 0x1844, 
  0x1844, 0x1844, 0x1844, 0x1844, 0x1844, 0x1844, 0x1844, 0x1844, 0x1844, 0x1844, 0x1844, 0x1844, 
  0x1844, 0x1844, 0x1844, 0x1844, 0x1844, 0x1844, 0x1844, 0x1844, 0x1844, 0x1844, 0x1844, 0x1844, 
  0x2044, 0x2045, 0x2046, 0x2847, 0x3048, 0x3829, 0x402b, 0x402c, 0x482c, 0x404b, 0x404a, 0x3869, 
  0x3087, 0x2886, 0x2885, 0x2885, 0x28a5, 0x28a5, 0x28a5, 0x28a5, 0x28a5, 0x28a5, 0x2085, 0x2064, 
  0x1844, 0x1823, 0x1823, 0x1003, 0x1003, 0x1003, 0x1003, 0x1003, 0x1003, 0x1003, 0x1003, 0x1003, 
  0x1003, 0x1003, 0x1003, 0x1003, 0x1003, 0x1003, 0x1003, 0x1003, 0x1003, 0x1003, 0x1003, 0x1003, 
  0x1003, 0x1003, 0x1003, 0x1003, 0x1003, 0x1003, 0x1003, 0x1003, 0x1003, 0x1003, 0x1003, 0x1003, 
  0x1003, 0x1003, 0x1003, 0x1003, 0x1003, 0x1003, 0x1003, 0x1003, 0x1003, 0x1803, 0x1803, 0x1803, 
  0x1823, 0x1823, 0x1823, 0x1823, 0x1823, 0x1823, 0x1823, 0x1823, 0x1823, 0x1823, 0x1824, 0x1824, 
  0x1844, 0x1844, 0x1844, 0x1844, 0x2044, 0x2044, 0x2044, 0x2044, 0x2044, 0x2064, 0x2064, 0x2064, 
  0x2064, 0x2064, 0x2064, 0x2064, 0x2064, 0x2064, 0x2064, 0x2064, 0x2064, 0x2064, 0x2064, 0x2064, 
  0x2064, 0x2064, 0x2064, 0x2064, 0x2064, 0x2064, 0x2064, 0x2064, 0x2064, 0x2064, 0x2064, 0x2064, 
  0x2064, 0x2064, 0x2064, 0x2064, 0x2064, 0x2064, 0x2064, 0x2064, 0x2064, 0x2064, 0x2064, 0x2064, 
  0x2064, 0x2064, 0x2064, 0x2064, 0x2064, 0x2064, 0x2064, 0x2064, 0x2064, 0x2064, 0x2064, 0x2064, 
  0x2064, 0x2064, 0x2064, 0x2064, 0x2044, 0x1844, 0x1824, 0x1823, 0x1823, 0x1823, 0x1823, 0x1823, 
  0x1823, 0x1823, 0x1823, 0x1823, 0x1823, 0x1823, 0x1823, 0x1823, 0x1823, 0x1823, 0x1823, 0x1823, 
  0x1823, 0x1823, 0x1823, 0x1823, 0x1823, 0x1823, 0x1823, 0x1823, 0x1823, 0x1823, 0x1823, 0x1823, 
  0x1823, 0x1823, 0x1823, 0x1823, 0x1823, 0x1824, 0x1844, 0x1844, 0x2044, 0x2064, 0x2064, 0x2064, 
  0x2064, 0x2064, 0x2064, 0x1844, 0x1844, 0x1844, 0x1844, 0x1844, 0x2064, 0x2064, 0x2085, 0x2885, 
  0x28a5, 0x28a5, 0x28a5, 0x28a5, 0x2885, 0x2885, 0x2885, 0x2885, 0x2085, 0x2065, 0x2065, 0x2065, 
  0x2064, 0x2064, 0x2064, 0x2065, 0x2065, 0x2865, 0x2866, 0x3067, 0x3869, 0x408b, 0x48cc, 0x590d, 
  0x594e, 0x618e, 0x61ce, 0x620e, 0x622d, 0x624d, 0x624c, 0x5a4c, 0x5a4c, 0x5a4c, 0x5a2b, 0x5a2b, 
  0x5a2b, 0x520b, 0x520b, 0x520b, 0x51ea, 0x51ea, 0x51ea, 0x51ea, 0x49ca, 0x49ca, 0x49ca, 0x49a9, 
  0x49a9, 0x49a9, 0x49a9, 0x4189, 0x4189, 0x4189, 0x4189, 0x4189, 0x4168, 0x4168, 0x4168, 0x4168, 
  0x3948, 0x3948, 0x3948, 0x3948, 0x3927, 0x3927, 0x3927, 0x3107, 0x3107, 0x3107, 0x30e6, 0x30e6, 
  0x30e6, 0x30c6, 0x28c6, 0x28c6, 0x28c6, 0x28c6, 0x28c6, 0x28c6, 0x28c6, 0x28c6, 0x28c6, 0x28c6, 
  0x28c6, 0x28c6, 0x28c6, 0x72ee, 0x3928, 0x1844, 0x1844, 0x1844, 0x1844, 0x1844, 0x1844, 0x1844, 
  0x1844, 0x1844, 0x1844, 0x1844, 0x1844, 0x1844, 0x1844, 0x1844, 0x1844, 0x1844, 0x1844, 0x1844, 
  0x1844, 0x1844, 0x1844, 0x1844, 0x1844, 0x1844, 0x1844, 0x1844, 0x1844, 0x2044, 0x2045, 0x2046, 
  0x2847, 0x3028, 0x3829, 0x382a, 0x402b, 0x404b, 0x404a, 0x3869, 0x3068, 0x2886, 0x2886, 0x2885, 
  0x28a5, 0x28a5, 0x28a5, 0x28a5, 0x28a5, 0x28a5, 0x2085, 0x2064, 0x1844, 0x1823, 0x1823, 0x1003, 
  0x1003, 0x1003, 0x1003, 0x1003, 0x1003, 0x1003, 0x1003, 0x1003, 0x1003, 0x1003, 0x1003, 0x1003, 
  0x1003, 0x1003, 0x1003, 0x1003, 0x1003, 0x1003, 0x1003, 0x1003, 0x1003, 0x1003, 0x1003, 0x1003, 
  0x1003, 0x1003, 0x1003, 0x1003, 0x1003, 0x1003, 0x1003, 0x1003, 0x1003, 0x1003, 0x1003, 0x1003, 
  0x1003, 0x1003, 0x1003, 0x1003, 0x1003, 0x1803, 0x1803, 0x1803, 0x1823, 0x1823, 0x1823, 0x1823, 
  0x1823, 0x1823, 0x1823, 0x1823, 0x1823, 0x1823, 0x1824, 0x1844, 0x1844, 0x1844, 0x1844, 0x2044, 
  0x2044, 0x2044, 0x2044, 0x2044, 0x2064, 0x2064, 0x2064, 0x2064, 0x2064, 0x2064, 0x2064, 0x2064, 
  0x2064, 0x2064, 0x2064, 0x2064, 0x2064, 0x2064, 0x2064, 0x2064, 0x2064, 0x2064, 0x2064, 0x2064, 
  0x2064, 0x2064, 0x2064, 0x2064, 0x2064, 0x2064, 0x2064, 0x2064, 0x2064, 0x2064, 0x2064, 0x2064, 
  0x2064, 0x2064, 0x2064, 0x2064, 0x2064, 0x2064, 0x2064, 0x2064, 0x2064, 0x2064, 0x2064, 0x2064, 
  0x2064, 0x2064, 0x2064, 0x2064, 0x2064, 0x2064, 0x2064, 0x2064, 0x2064, 0x2064, 0x2064, 0x2064, 
  0x2064, 0x2044, 0x1844, 0x1824, 0x1823, 0x1823, 0x1823, 0x1823, 0x1823, 0x1823, 0x1823, 0x1823, 
  0x1823, 0x1823, 0x1823, 0x1823, 0x1823, 0x1823, 0x1823, 0x1823, 0x1823, 0x1823, 0x1823, 0x1823, 
  0x1823, 0x1823, 0x1823, 0x1823, 0x1823, 0x1823, 0x1823, 0x1823, 0x1823, 0x1823, 0x1823, 0x1823, 
  0x1823, 0x1823, 0x1823, 0x1844, 0x1844, 0x1844, 0x2044, 0x2044, 0x2064, 0x2064, 0x2044, 0x1844, 
  0x1844, 0x1844, 0x1844, 0x1844, 0x2044, 0x2064, 0x2065, 0x2085, 0x2885, 0x28a5, 0x28a5, 0x28a5, 
  0x2885, 0x2885, 0x2885, 0x2085, 0x2085, 0x2065, 0x2065, 0x2064, 0x2064, 0x2065, 0x2065, 0x2065, 
  0x2866, 0x2867, 0x3068, 0x408a, 0x48ab, 0x50ed, 0x592e, 0x616e, 0x61ae, 0x61ee, 0x622e, 0x624d, 
  0x624d, 0x624c, 0x5a4c, 0x5a4c, 0x5a4c, 0x5a2b, 0x5a2b, 0x5a2b, 0x520b, 0x520b, 0x520b, 0x51ea, 
  0x51ea, 0x51ea, 0x51ea, 0x49ca, 0x49ca, 0x49ca, 0x49a9, 0x49a9, 0x49a9, 0x49a9, 0x49a9, 0x4189, 
  0x4189, 0x4189, 0x4189, 0x4168, 0x4168, 0x4168, 0x4168, 0x3948, 0x3948, 0x3948, 0x3948, 0x3927, 
  0x3927, 0x3927, 0x3107, 0x3107, 0x3107, 0x30e6, 0x30e6, 0x30e6, 0x30e6, 0x28c6, 0x28c6, 0x28c6, 
  0x28c6, 0x28c6, 0x28c6, 0x28c6, 0x28c6, 0x28c6, 0x28c6, 0x28c6, 0x28c6, 0x28c6, 0x28c6, 0x72ee, 
  0x3928, 0x1844, 0x1844, 0x1844, 0x1844, 0x1844, 0x1844, 0x1844, 0x1844, 0x1844, 0x1844, 0x1844, 
  0x1844, 0x1844, 0x1844, 0x1844, 0x1844, 0x1844, 0x1844, 0x1844, 0x1844, 0x1844, 0x1844, 0x1844, 
  0x1844, 0x1844, 0x1844, 0x1844, 0x1844, 0x1844, 0x2044, 0x2045, 0x2046, 0x2826, 0x3027, 0x3028, 
  0x382a, 0x402a, 0x404a, 0x3849, 0x3868, 0x3087, 0x2886, 0x2886, 0x28a5, 0x28a5, 0x28a5, 0x28a5, 
  0x28a5, 0x2085, 0x2085, 0x2064, 0x1844, 0x1823, 0x1003, 0x1003, 0x1003, 0x1003, 0x1003, 0x1003, 
  0x1003, 0x1003, 0x1003, 0x1003, 0x1003, 0x1003, 0x1003, 0x1003, 0x1003, 0x1003, 0x1003, 0x1003, 
  0x1003, 0x1003, 0x1003, 0x1003, 0x1003, 0x1003, 0x1003, 0x1003, 0x1003, 0x1003, 0x1003, 0x1003, 
  0x1003, 0x1003, 0x1003, 0x1003, 0x1003, 0x1003, 0x1003, 0x1003, 0x1003, 0x1003, 0x1003, 0x1003, 
  0x1803, 0x1803, 0x1803, 0x1823, 0x1823, 0x1823, 0x1823, 0x1823, 0x1823, 0x1823, 0x1823, 0x1823, 
  0x1823, 0x1824, 0x1844, 0x1844, 0x1844, 0x1844, 0x2044, 0x2044, 0x2044, 0x2044, 0x2044, 0x2064, 
  0x2064, 0x2064, 0x2064, 0x2064, 0x2064, 0x2064, 0x2064, 0x2064, 0x2064, 0x2064, 0x2064, 0x2064, 
  0x2064, 0x2064, 0x2064, 0x2064, 0x2064, 0x2064, 0x2064, 0x2064, 0x2064, 0x2064, 0x2064, 0x2064, 
  0x2064, 0x2064, 0x2064, 0x2064, 0x2064, 0x2064, 0x2064, 0x2064, 0x2064, 0x2064, 0x2064, 0x2064, 
  0x2064, 0x2064, 0x2064, 0x2064, 0x2064, 0x2064, 0x2064, 0x2064, 0x2064, 0x2064, 0x2064, 0x2064, 
  0x2064, 0x2064, 0x2064, 0x2064, 0x2064, 0x2064, 0x2064, 0x2064, 0x2064, 0x2044, 0x2044, 0x1824, 
  0x1823, 0x1823, 0x1823, 0x1823, 0x1823, 0x1823, 0x1823, 0x1823, 0x1823, 0x1823, 0x1823, 0x1823, 
  0x1823, 0x1823, 0x1823, 0x1823, 0x1823, 0x1823, 0x1823, 0x1823, 0x1823, 0x1823, 0x1823, 0x1823, 
  0x1823, 0x1823, 0x1823, 0x1823, 0x1823, 0x1823, 0x1823, 0x1823, 0x1823, 0x1823, 0x1823, 0x1823, 
  0x1844, 0x1844, 0x1844, 0x2044, 0x2044, 0x2044, 0x1844, 0x1844, 0x1844, 0x1844, 0x1844, 0x1844, 
  0x1844, 0x2064, 0x2064, 0x2085, 0x2885, 0x28a5, 0x28a5, 0x2885, 0x2885, 0x2885, 0x2085, 0x2085, 
  0x2065, 0x2065, 0x2065, 0x2065, 0x2065, 0x2065, 0x2865, 0x2866, 0x3067, 0x3889, 0x408a, 0x48cc, 
  0x50ed, 0x594e, 0x618e, 0x61ce, 0x620e, 0x624d, 0x624d, 0x626d, 0x624c, 0x5a4c, 0x5a4c, 0x5a4c, 
  0x5a2b, 0x5a2b, 0x5a2b, 0x520b, 0x520b, 0x520b, 0x520a, 0x51ea, 0x51ea, 0x51ea, 0x49ca, 0x49ca, 
  0x49ca, 0x49ca, 0x49a9, 0x49a9, 0x49a9, 0x49a9, 0x4189, 0x4189, 0x4189, 0x4189, 0x4168, 0x4168, 
  0x4168, 0x4168, 0x3948, 0x3948, 0x3948, 0x3948, 0x3948, 0x3927, 0x3927, 0x3927, 0x3107, 0x3107, 
  0x30e6, 0x30e6, 0x30e6, 0x30e6, 0x28c6, 0x28c6, 0x28c6, 0x28c6, 0x28c6, 0x28c6, 0x28c6, 0x28c6, 
  0x28c6, 0x28c6, 0x28c6, 0x28c6, 0x28c6, 0x28c6, 0x28c6, 0x72ee, 0x3928, 0x1844, 0x1844, 0x1844, 
  0x1844, 0x1844, 0x1844, 0x1844, 0x1844, 0x1844, 0x1844, 0x1844, 0x1844, 0x1844, 0x1844, 0x1844, 
  0x1844, 0x1844, 0x1844, 0x1844, 0x1844, 0x1844, 0x1844, 0x1844, 0x1844, 0x1844, 0x1844, 0x1844, 
  0x1844, 0x1844, 0x1844, 0x2044, 0x2045, 0x2045, 0x2826, 0x2827, 0x3028, 0x3829, 0x382a, 0x384a, 
  0x3869, 0x3068, 0x2887, 0x2886, 0x28a5, 0x28a5, 0x28a5, 0x28a5, 0x28a5, 0x2085, 0x2085, 0x2064, 
  0x1844, 0x1823, 0x1003, 0x1003, 0x1003, 0x1003, 0x1003, 0x1003, 0x1003, 0x1003, 0x1003, 0x1003, 
  0x1003, 0x1003, 0x1003, 0x1003, 0x1003, 0x1003, 0x1003, 0x1003, 0x1003, 0x1003, 0x1003, 0x1003, 
  0x1003, 0x1003, 0x1003, 0x1003, 0x1003, 0x1003, 0x1003, 0x1003, 0x1003, 0x1003, 0x1003, 0x1003, 
  0x1003, 0x1003, 0x1003, 0x1003, 0x1003, 0x1003, 0x1803, 0x1803, 0x1803, 0x1823, 0x1823, 0x1823, 
  0x1823, 0x1823, 0x1823, 0x1823, 0x1823, 0x1823, 0x1823, 0x1823, 0x1824, 0x1844, 0x1844, 0x1844, 
  0x1844, 0x2044, 0x2044, 0x2044, 0x2044, 0x2044, 0x2064, 0x2064, 0x2064, 0x2064, 0x2064, 0x2064, 
  0x2064, 0x2064, 0x2064, 0x2064, 0x2064, 0x2064, 0x2064, 0x2064, 0x2064, 0x2064, 0x2064, 0x2064, 
  0x2064, 0x2064, 0x2064, 0x2064, 0x2064, 0x2064, 0x2064, 0x2064, 0x2064, 0x2064, 0x2064, 0x2064, 
  0x2064, 0x2064, 0x2064, 0x2064, 0x2064, 0x2064, 0x2064, 0x2064, 0x2064, 0x2064, 0x2064, 0x2064, 
  0x2064, 0x2064, 0x2064, 0x2064, 0x2064, 0x2064, 0x2064, 0x2064, 0x2064, 0x2064, 0x2064, 0x2064, 
  0x2064, 0x2064, 0x2064, 0x2064, 0x2064, 0x2064, 0x2044, 0x1844, 0x1824, 0x1823, 0x1823, 0x1823, 
  0x1823, 0x1823, 0x1823, 0x1823, 0x1823, 0x1823, 0x1823, 0x1823, 0x1823, 0x1823, 0x1823, 0x1823, 
  0x1823, 0x1823, 0x1823, 0x1823, 0x1823, 0x1823, 0x1823, 0x1823, 0x1823, 0x1823, 0x1823, 0x1823, 
  0x1823, 0x1823, 0x1823, 0x1823, 0x1823, 0x1823, 0x1823, 0x1823, 0x1823, 0x1844, 0x1844, 0x1844, 
  0x1844, 0x1844, 0x1844, 0x1844, 0x1844, 0x1844, 0x1844, 0x1844, 0x1844, 0x2044, 0x2064, 0x2085, 
  0x2085, 0x2885, 0x2885, 0x2885, 0x2885, 0x2885, 0x2085, 0x2085, 0x2065, 0x2065, 0x2065, 0x2065, 
  0x2065, 0x2866, 0x2866, 0x3068, 0x3889, 0x48ab, 0x50cd, 0x590e, 0x616e, 0x61af, 0x61ee, 0x622e, 
  0x624d, 0x626d, 0x626d, 0x626c, 0x5a4c, 0x5a4c, 0x5a4c, 0x5a2b, 0x5a2b, 0x5a2b, 0x520b, 0x520b, 
  0x520b, 0x520a, 0x51ea, 0x51ea, 0x51ea, 0x49ca, 0x49ca, 0x49ca, 0x49ca, 0x49a9, 0x49a9, 0x49a9, 
  0x49a9, 0x4189, 0x4189, 0x4189, 0x4189, 0x4168, 0x4168, 0x4168, 0x4168, 0x4148, 0x3948, 0x3948, 
  0x3948, 0x3948, 0x3927, 0x3927, 0x3927, 0x3107, 0x3107, 0x30e6, 0x30e6, 0x30e6, 0x30e6, 0x28c6, 
  0x28c6, 0x28c6, 0x28c6, 0x28c6, 0x28c6, 0x28c6, 0x28c6, 0x28c6, 0x28c6, 0x28c6, 0x28c6, 0x28c6, 
  0x28c6, 0x28c6, 0x28c6, 0x72ee, 0x3927, 0x1844, 0x1844, 0x1844, 0x1844, 0x1844, 0x1844, 0x1844, 
  0x1844, 0x1844, 0x1844, 0x1844, 0x1844, 0x1844, 0x1844, 0x1844, 0x1844, 0x1844, 0x1844, 0x1844, 
  0x1844, 0x1844, 0x1844, 0x1844, 0x1844, 0x1844, 0x1844, 0x1844, 0x1844, 0x1844, 0x1844, 0x1844, 
  0x2044, 0x2045, 0x2025, 0x2826, 0x2827, 0x3028, 0x3829, 0x3849, 0x3849, 0x3868, 0x3087, 0x2886, 
  0x28a6, 0x28a5, 0x28a5, 0x28a5, 0x28a5, 0x2085, 0x2085, 0x2064, 0x1844, 0x1823, 0x1003, 0x1003, 
  0x1003, 0x1003, 0x1003, 0x1003, 0x1003, 0x1003, 0x1003, 0x1003, 0x1003, 0x1003, 0x1003, 0x1003, 
  0x1003, 0x1003, 0x1003, 0x1003, 0x1003, 0x1003, 0x1003, 0x1003, 0x1003, 0x1003, 0x1003, 0x1003, 
  0x1003, 0x1003, 0x1003, 0x1003, 0x1003, 0x1003, 0x1003, 0x1003, 0x1003, 0x1003, 0x1003, 0x1003, 
  0x1003, 0x1003, 0x1803, 0x1803, 0x1823, 0x1823, 0x1823, 0x1823, 0x1823, 0x1823, 0x1823, 0x1823, 
  0x1823, 0x1823, 0x1823, 0x1823, 0x1844, 0x1844, 0x1844, 0x1844, 0x2044, 0x2044, 0x2044, 0x2044, 
  0x2044, 0x2044, 0x2064, 0x2064, 0x2064, 0x2064, 0x2064, 0x2064, 0x2064, 0x2064, 0x2064, 0x2064, 
  0x2064, 0x2064, 0x2064, 0x2064, 0x2064, 0x2064, 0x2064, 0x2064, 0x2064, 0x2064, 0x2064, 0x2064, 
  0x2064, 0x2064, 0x2064, 0x2064, 0x2064, 0x2064, 0x2064, 0x2064, 0x2064, 0x2064, 0x2064, 0x2064, 
  0x2064, 0x2064, 0x2064, 0x2064, 0x2064, 0x2064, 0x2064, 0x2064, 0x2064, 0x2064, 0x2064, 0x2064, 
  0x2064, 0x2064, 0x2064, 0x2064, 0x2064, 0x2064, 0x2064, 0x2064, 0x2064, 0x2064, 0x2064, 0x2064, 
  0x2064, 0x2064, 0x2064, 0x2044, 0x1844, 0x1823, 0x1823, 0x1823, 0x1823, 0x1823, 0x1823, 0x1823, 
  0x1823, 0x1823, 0x1823, 0x1823, 0x1823, 0x1823, 0x1823, 0x1823, 0x1823, 0x1823, 0x1823, 0x1823, 
  0x1823, 0x1823, 0x1823, 0x1823, 0x1823, 0x1823, 0x1823, 0x1823, 0x1823, 0x1823, 0x1823, 0x1823, 
  0x1823, 0x1823, 0x1823, 0x1823, 0x1823, 0x1823, 0x1844, 0x1844, 0x1844, 0x1844, 0x1844, 0x1844, 
  0x1844, 0x1844, 0x1844, 0x1844, 0x1844, 0x2044, 0x2064, 0x2064, 0x2085, 0x2885, 0x2885, 0x2885, 
  0x2885, 0x2085, 0x2085, 0x2065, 0x2065, 0x2065, 0x2065, 0x2865, 0x2866, 0x3067, 0x3868, 0x408a, 
  0x48ac, 0x50ed, 0x592e, 0x618f, 0x61cf, 0x6a0e, 0x622e, 0x624d, 0x626d, 0x626c, 0x626c, 0x5a4c, 
  0x5a4c, 0x5a4c, 0x5a2b, 0x5a2b, 0x5a2b, 0x520b, 0x520b, 0x520b, 0x520b, 0x51ea, 0x51ea, 0x51ea, 
  0x49ca, 0x49ca, 0x49ca, 0x49ca, 0x49a9, 0x49a9, 0x49a9, 0x49a9, 0x4189, 0x4189, 0x4189, 0x4189, 
  0x4188, 0x4168, 0x4168, 0x4168, 0x4168, 0x3948, 0x3948, 0x3948, 0x3948, 0x3927, 0x3927, 0x3927, 
  0x3107, 0x3107, 0x3106, 0x30e6, 0x30e6, 0x30e6, 0x30e6, 0x28c6, 0x28c6, 0x28c6, 0x28c6, 0x28c6, 
  0x28c6, 0x28c6, 0x28c6, 0x28c6, 0x28c6, 0x28c6, 0x28c6, 0x28c6, 0x28c6, 0x28c6, 0x28c5, 0x72ee, 
  0x3927, 0x1844, 0x1844, 0x1844, 0x1844, 0x1844, 0x1844, 0x1844, 0x1844, 0x1844, 0x1844, 0x1844, 
  0x1844, 0x1844, 0x1844, 0x1844, 0x1844, 0x1844, 0x1844, 0x1844, 0x1844, 0x1844, 0x1844, 0x1844, 
  0x1844, 0x1844, 0x1844, 0x1844, 0x1844, 0x1844, 0x1844, 0x1844, 0x1844, 0x1844, 0x2044, 0x2025, 
  0x2026, 0x2827, 0x3028, 0x3829, 0x3849, 0x3869, 0x3068, 0x3087, 0x2886, 0x28a5, 0x28a5, 0x28a5, 
  0x28a5, 0x2085, 0x2085, 0x2064, 0x1824, 0x1823, 0x1003, 0x1003, 0x1003, 0x1003, 0x1003, 0x1003, 
  0x1003, 0x1003, 0x1003, 0x1003, 0x1003, 0x1003, 0x1003, 0x1003, 0x1003, 0x1003, 0x1003, 0x1003, 
  0x1003, 0x1003, 0x1003, 0x1003, 0x1003, 0x1003, 0x1003, 0x1003, 0x1003, 0x1003, 0x1003, 0x1003, 
  0x1003, 0x1003, 0x1003, 0x1003, 0x1003, 0x1003, 0x1003, 0x1003, 0x1003, 0x1803, 0x1803, 0x1823, 
  0x1823, 0x1823, 0x1823, 0x1823, 0x1823, 0x1823, 0x1823, 0x1823, 0x1823, 0x1823, 0x1823, 0x1844, 
  0x1844, 0x1844, 0x1844, 0x2044, 0x2044, 0x2044, 0x2044, 0x2044, 0x2064, 0x2064, 0x2064, 0x2064, 
  0x2064, 0x2064, 0x2064, 0x2064, 0x2064, 0x2064, 0x2064, 0x2064, 0x2064, 0x2064, 0x2064, 0x2064, 
  0x2064, 0x2064, 0x2064, 0x2064, 0x2064, 0x2064, 0x2064, 0x2064, 0x2064, 0x2064, 0x2064, 0x2064, 
  0x2064, 0x2064, 0x2064, 0x2064, 0x2064, 0x2064, 0x2064, 0x2064, 0x2064, 0x2064, 0x2064, 0x2064, 
  0x2064, 0x2064, 0x2064, 0x2064, 0x2064, 0x2064, 0x2064, 0x2064, 0x2064, 0x2064, 0x2064, 0x2064, 
  0x2064, 0x2064, 0x2064, 0x2064, 0x2064, 0x2064, 0x2064, 0x2064, 0x2064, 0x2064, 0x2064, 0x2044, 
  0x1844, 0x1824, 0x1823, 0x1823, 0x1823, 0x1823, 0x1823, 0x1823, 0x1823, 0x1823, 0x1823, 0x1823, 
  0x1823, 0x1823, 0x1823, 0x1823, 0x1823, 0x1823, 0x1823, 0x1823, 0x1823, 0x1823, 0x1823, 0x1823, 
  0x1823, 0x1823, 0x1823, 0x1823, 0x1823, 0x1823, 0x1823, 0x1823, 0x1823, 0x1823, 0x1823, 0x1823, 
  0x1823, 0x1823, 0x1823, 0x1844, 0x1844, 0x1844, 0x1844, 0x1844, 0x1844, 0x1844, 0x1844, 0x1844, 
  0x1844, 0x1844, 0x2044, 0x2064, 0x2085, 0x2885, 0x2885, 0x2885, 0x2885, 0x2085, 0x2085, 0x2065, 
  0x2065, 0x2065, 0x2866, 0x2866, 0x3068, 0x3889, 0x40ab, 0x50cc, 0x590e, 0x614e, 0x61af, 0x69ef, 
  0x6a2e, 0x624e, 0x626d, 0x626d, 0x626c, 0x626c, 0x5a4c, 0x5a4c, 0x5a4c, 0x5a2b, 0x5a2b, 0x5a2b, 
  0x520b, 0x520b, 0x520b, 0x520b, 0x51ea, 0x51ea, 0x51ea, 0x51ca, 0x49ca, 0x49ca, 0x49ca, 0x49a9, 
  0x49a9, 0x49a9, 0x49a9, 0x4189, 0x4189, 0x4189, 0x4189, 0x4189, 0x4168, 0x4168, 0x4168, 0x4168, 
  0x3948, 0x3948, 0x3948, 0x3948, 0x3948, 0x3927, 0x3927, 0x3927, 0x3107, 0x3107, 0x30e6, 0x30e6, 
  0x30e6, 0x30e6, 0x28c6, 0x28c6, 0x28c6, 0x28c6, 0x28c6, 0x28c6, 0x28c6, 0x28c6, 0x28c6, 0x28c5, 
  0x28a5, 0x28a5, 0x28c5, 0x28c6, 0x28c6, 0x28c5, 0x28a5, 0x72ee, 0x3927, 0x1844, 0x1844, 0x1844, 
  0x1844, 0x1844, 0x1844, 0x1844, 0x1844, 0x1844, 0x1844, 0x1844, 0x1844, 0x1844, 0x1844, 0x1844, 
  0x1844, 0x1844, 0x1844, 0x1844, 0x1844, 0x1844, 0x1844, 0x1844, 0x1844, 0x1844, 0x1844, 0x1844, 
  0x1844, 0x1844, 0x1844, 0x1844, 0x1844, 0x1844, 0x1844, 0x2024, 0x2025, 0x2026, 0x2827, 0x3028, 
  0x3028, 0x3849, 0x3068, 0x3067, 0x2886, 0x28a6, 0x28a5, 0x28a5, 0x28a5, 0x2085, 0x2064, 0x1844, 
  0x1823, 0x1823, 0x1003, 0x1003, 0x1003, 0x1003, 0x1003, 0x1003, 0x1003, 0x1003, 0x1003, 0x1003, 
  0x1003, 0x1003, 0x1003, 0x1003, 0x1003, 0x1003, 0x1003, 0x1003, 0x1003, 0x1003, 0x1003, 0x1003, 
  0x1003, 0x1003, 0x1003, 0x1003, 0x1003, 0x1003, 0x1003, 0x1003, 0x1003, 0x1003, 0x1003, 0x1003, 
  0x1003, 0x1003, 0x1003, 0x1003, 0x1803, 0x1803, 0x1823, 0x1823, 0x1823, 0x1823, 0x1823, 0x1823, 
  0x1823, 0x1823, 0x1823, 0x1823, 0x1823, 0x1823, 0x1824, 0x1844, 0x1844, 0x1844, 0x2044, 0x2044, 
  0x2044, 0x2044, 0x2044, 0x2044, 0x2064, 0x2064, 0x2064, 0x2064, 0x2064, 0x2064, 0x2064, 0x2064, 
  0x2064, 0x2064, 0x2064, 0x2064, 0x2064, 0x2064, 0x2064, 0x2064, 0x2064, 0x2064, 0x2064, 0x2064, 
  0x2064, 0x2064, 0x2064, 0x2064, 0x2064, 0x2064, 0x2064, 0x2064, 0x2064, 0x2064, 0x2064, 0x2064, 
  0x2064, 0x2064, 0x2064, 0x2064, 0x2064, 0x2064, 0x2064, 0x2064, 0x2064, 0x2064, 0x2064, 0x2064, 
  0x2064, 0x2064, 0x2064, 0x2064, 0x2064, 0x2064, 0x2064, 0x2064, 0x2064, 0x2064, 0x2064, 0x2064, 
  0x2064, 0x2064, 0x2064, 0x2064, 0x2064, 0x2064, 0x2064, 0x2044, 0x2044, 0x1844, 0x1823, 0x1823, 
  0x1823, 0x1823, 0x1823, 0x1823, 0x1823, 0x1823, 0x1823, 0x1823, 0x1823, 0x1823, 0x1823, 0x1823, 
  0x1823, 0x1823, 0x1823, 0x1823, 0x1823, 0x1823, 0x1823, 0x1823, 0x1823, 0x1823, 0x1823, 0x1823, 
  0x1823, 0x1823, 0x1823, 0x1823, 0x1823, 0x1823, 0x1823, 0x1823, 0x1823, 0x1823, 0x1823, 0x1823, 
  0x1824, 0x1844, 0x1844, 0x1844, 0x1844, 0x1844, 0x1844, 0x1844, 0x1844, 0x1844, 0x2044, 0x2064, 
  0x2065, 0x2085, 0x2885, 0x2885, 0x2885, 0x2085, 0x2065, 0x2065, 0x2865, 0x2866, 0x3067, 0x3888, 
  0x408a, 0x48ac, 0x50ed, 0x592e, 0x616f, 0x61cf, 0x6a0f, 0x6a4e, 0x624e, 0x626d, 0x626d, 0x626c, 
  0x626c, 0x5a4c, 0x5a4c, 0x5a4c, 0x5a4c, 0x5a2b, 0x5a2b, 0x520b, 0x520b, 0x520b, 0x520b, 0x51ea, 
  0x51ea, 0x51ea, 0x51ea, 0x49ca, 0x49ca, 0x49ca, 0x49a9, 0x49a9, 0x49a9, 0x49a9, 0x4189, 0x4189, 
  0x4189, 0x4189, 0x4189, 0x4168, 0x4168, 0x4168, 0x4168, 0x4168, 0x3948, 0x3948, 0x3948, 0x3948, 
  0x3927, 0x3927, 0x3927, 0x3107, 0x3107, 0x30e6, 0x30e6, 0x30e6, 0x30e6, 0x30e6, 0x28c6, 0x28c6, 
  0x28c6, 0x28c6, 0x28c6, 0x28c6, 0x28c6, 0x28c6, 0x28a5, 0x28a5, 0x28a5, 0x28a5, 0x28a5, 0x28a5, 
  0x28a5, 0x28a5, 0x28a5, 0x72ee, 0x3927, 0x1844, 0x1844, 0x1844, 0x1844, 0x1844, 0x1844, 0x1844, 
  0x1844, 0x1844, 0x1844, 0x1844, 0x1844, 0x1844, 0x1844, 0x1844, 0x1844, 0x1844, 0x1844, 0x1844, 
  0x1844, 0x1844, 0x1844, 0x1844, 0x1844, 0x1844, 0x1844, 0x1844, 0x1844, 0x1844, 0x1844, 0x1844, 
  0x1844, 0x1844, 0x1844, 0x1824, 0x2024, 0x2025, 0x2026, 0x2827, 0x3028, 0x3048, 0x3048, 0x3068, 
  0x3087, 0x2886, 0x28a6, 0x28a5, 0x28a5, 0x2085, 0x2064, 0x1844, 0x1823, 0x1003, 0x1003, 0x1003, 
  0x1003, 0x1003, 0x1003, 0x1003, 0x1003, 0x1003, 0x1003, 0x1003, 0x1003, 0x1003, 0x1003, 0x1003, 
  0x1003, 0x1003, 0x1003, 0x1003, 0x1003, 0x1003, 0x1003, 0x1003, 0x1003, 0x1003, 0x1003, 0x1003, 
  0x1003, 0x1003, 0x1003, 0x1003, 0x1003, 0x1003, 0x1003, 0x1003, 0x1003, 0x1003, 0x1003, 0x1803, 
  0x1803, 0x1823, 0x1823, 0x1823, 0x1823, 0x1823, 0x1823, 0x1823, 0x1823, 0x1823, 0x1823, 0x1823, 
  0x1824, 0x1844, 0x1844, 0x1844, 0x1844, 0x2044, 0x2044, 0x2044, 0x2044, 0x2044, 0x2044, 0x2064, 
  0x2064, 0x2064, 0x2064, 0x2064, 0x2064, 0x2064, 0x2064, 0x2064, 0x2064, 0x2064, 0x2064, 0x2064, 
  0x2064, 0x2064, 0x2064, 0x2064, 0x2064, 0x2064, 0x2064, 0x2064, 0x2064, 0x2064, 0x2064, 0x2064, 
  0x2064, 0x2064, 0x2064, 0x2064, 0x2064, 0x2064, 0x2064, 0x2064, 0x2064, 0x2064, 0x2064, 0x2064, 
  0x2064, 0x2064, 0x2064, 0x2064, 0x2064, 0x2064, 0x2064, 0x2064, 0x2064, 0x2064, 0x2064, 0x2064, 
  0x2064, 0x2064, 0x2064, 0x2064, 0x2064, 0x2064, 0x2064, 0x2064, 0x2064, 0x2064, 0x2064, 0x2064, 
  0x2064, 0x2064, 0x2064, 0x2064, 0x2044, 0x1844, 0x1844, 0x1823, 0x1823, 0x1823, 0x1823, 0x1823, 
  0x1823, 0x1823, 0x1823, 0x1823, 0x1823, 0x1823, 0x1823, 0x1823, 0x1823, 0x1823, 0x1823, 0x1823, 
  0x1823, 0x1823, 0x1823, 0x1823, 0x1823, 0x1823, 0x1823, 0x1823, 0x1823, 0x1823, 0x1823, 0x1823, 
  0x1823, 0x1823, 0x1823, 0x1823, 0x1823, 0x1823, 0x1823, 0x1823, 0x1823, 0x1824, 0x1824, 0x1844, 
  0x1844, 0x1844, 0x1844, 0x1824, 0x1824, 0x1824, 0x2044, 0x2044, 0x2065, 0x2085, 0x2885, 0x2885, 
  0x2885, 0x2065, 0x2865, 0x2865, 0x2866, 0x3067, 0x3889, 0x40ab, 0x48cc, 0x590e, 0x614f, 0x61af, 
  0x69ef, 0x6a2e, 0x6a4e, 0x626d, 0x626d, 0x626d, 0x626c, 0x626c, 0x5a4c, 0x5a4c, 0x5a4c, 0x5a2b, 
  0x5a2b, 0x5a2b, 0x520b, 0x520b, 0x520b, 0x520b, 0x51ea, 0x51ea, 0x51ea, 0x51ea, 0x49ca, 0x49ca, 
  0x49ca, 0x49a9, 0x49a9, 0x49a9, 0x49a9, 0x4189, 0x4189, 0x4189, 0x4189, 0x4189, 0x4168, 0x4168, 
  0x4168, 0x4168, 0x4148, 0x3948, 0x3948, 0x3948, 0x3948, 0x3927, 0x3927, 0x3927, 0x3107, 0x3107, 
  0x30e6, 0x30e6, 0x30e6, 0x30e6, 0x30e6, 0x30c6, 0x28c6, 0x28c6, 0x28c6, 0x28c6, 0x28c6, 0x28c6, 
  0x28c6, 0x28c6, 0x28c6, 0x28a5, 0x28a5, 0x28a5, 0x28a5, 0x28a6, 0x28a5, 0x28a5, 0x28a5, 0x72ee, 
  0x3927, 0x1844, 0x1844, 0x1844, 0x1844, 0x1844, 0x1844, 0x1844, 0x1844, 0x1844, 0x1844, 0x1844, 
  0x1844, 0x1844, 0x1844, 0x1844, 0x1844, 0x1844, 0x1844, 0x1844, 0x1844, 0x1844, 0x1844, 0x1844, 
  0x1844, 0x1844, 0x1844, 0x1844, 0x1844, 0x1844, 0x1844, 0x1844, 0x1844, 0x1844, 0x1844, 0x1824, 
  0x1824, 0x1824, 0x2025, 0x2026, 0x2827, 0x3028, 0x3048, 0x3048, 0x3067, 0x2886, 0x2886, 0x28a5, 
  0x28a5, 0x2085, 0x2064, 0x1844, 0x1823, 0x1003, 0x1003, 0x1003, 0x1003, 0x1003, 0x1003, 0x1003, 
  0x1003, 0x1003, 0x1003, 0x1003, 0x1003, 0x1003, 0x1003, 0x1003, 0x1003, 0x1003, 0x1003, 0x1003, 
  0x1003, 0x1003, 0x1003, 0x1003, 0x1003, 0x1003, 0x1003, 0x1003, 0x1003, 0x1003, 0x1003, 0x1003, 
  0x1003, 0x1003, 0x1003, 0x1003, 0x1003, 0x1003, 0x1803, 0x1823, 0x1823, 0x1823, 0x1823, 0x1823, 
  0x1823, 0x1823, 0x1823, 0x1823, 0x1823, 0x1823, 0x1823, 0x1824, 0x1844, 0x1844, 0x1844, 0x1844, 
  0x2044, 0x2044, 0x2044, 0x2044, 0x2044, 0x2044, 0x2064, 0x2064, 0x2064, 0x2064, 0x2064, 0x2064, 
  0x2064, 0x2064, 0x2064, 0x2064, 0x2064, 0x2064, 0x2064, 0x2064, 0x2064, 0x2064, 0x2064, 0x2064, 
  0x2064, 0x2064, 0x2064, 0x2064, 0x2064, 0x2064, 0x2064, 0x2064, 0x2064, 0x2064, 0x2064, 0x2064, 
  0x2064, 0x2064, 0x2064, 0x2064, 0x2064, 0x2064, 0x2064, 0x2064, 0x2064, 0x2064, 0x2064, 0x2064, 
  0x2064, 0x2064, 0x2064, 0x2064, 0x2064, 0x2064, 0x2064, 0x2064, 0x2064, 0x2064, 0x2064, 0x2064, 
  0x2064, 0x2064, 0x2064, 0x2064, 0x2064, 0x2064, 0x2064, 0x2064, 0x2064, 0x2064, 0x2064, 0x2064, 
  0x2064, 0x2044, 0x1844, 0x1824, 0x1823, 0x1823, 0x1823, 0x1823, 0x1823, 0x1823, 0x1823, 0x1823, 
  0x1823, 0x1823, 0x1823, 0x1823, 0x1823, 0x1823, 0x1823, 0x1823, 0x1823, 0x1823, 0x1823, 0x1823, 
  0x1823, 0x1823, 0x1823, 0x1823, 0x1823, 0x1823, 0x1823, 0x1823, 0x1823, 0x1823, 0x1823, 0x1823, 
  0x1823, 0x1823, 0x1823, 0x1823, 0x1823, 0x1823, 0x1823, 0x1824, 0x1824, 0x1824, 0x1824, 0x1824, 
  0x1824, 0x1824, 0x2044, 0x2044, 0x2065, 0x2065, 0x2865, 0x2885, 0x2865, 0x2865, 0x2866, 0x3067, 
  0x3068, 0x388a, 0x48ab, 0x50ed, 0x592e, 0x616f, 0x61cf, 0x6a0f, 0x6a2e, 0x6a6e, 0x626d, 0x626d, 
  0x626d, 0x626c, 0x626c, 0x5a4c, 0x5a4c, 0x5a4c, 0x5a4c, 0x5a2b, 0x5a2b, 0x520b, 0x520b, 0x520b, 
  0x520b, 0x51ea, 0x51ea, 0x51ea, 0x51ea, 0x49ca, 0x49ca, 0x49ca, 0x49aa, 0x49a9, 0x49a9, 0x49a9, 
  0x49a9, 0x4189, 0x4189, 0x4189, 0x4189, 0x4168, 0x4168, 0x4168, 0x4168, 0x4168, 0x3948, 0x3948, 
  0x3948, 0x3948, 0x3948, 0x3927, 0x3927, 0x3107, 0x3107, 0x3107, 0x30e6, 0x30e6, 0x30e6, 0x30e6, 
  0x30e6, 0x30c6, 0x28c6, 0x28c6, 0x28c6, 0x28c6, 0x28c6, 0x28c6, 0x28c6, 0x28c6, 0x28c6, 0x28c6, 
  0x28a5, 0x28c5, 0x28c6, 0x28c6, 0x28c6, 0x28c5, 0x28a5, 0x72ee, 0x3927, 0x1844, 0x1844, 0x1844, 
  0x1844, 0x1844, 0x1844, 0x1844, 0x1844, 0x1844, 0x1844, 0x1844, 0x1844, 0x1844, 0x1844, 0x1844, 
  0x1844, 0x1844, 0x1844, 0x1844, 0x1844, 0x1844, 0x1844, 0x1844, 0x1844, 0x1844, 0x1844, 0x1844, 
  0x1844, 0x1844, 0x1844, 0x1844, 0x1844, 0x1844, 0x1844, 0x1844, 0x1824, 0x1824, 0x1824, 0x2025, 
  0x2026, 0x2827, 0x3047, 0x3048, 0x3068, 0x3087, 0x2886, 0x2886, 0x2885, 0x2085, 0x2064, 0x1844, 
  0x1823, 0x1003, 0x1003, 0x1003, 0x1003, 0x1003, 0x1003, 0x1003, 0x1003, 0x1003, 0x1003, 0x1003, 
  0x1003, 0x1003, 0x1003, 0x1003, 0x1003, 0x1003, 0x1003, 0x1003, 0x1003, 0x1003, 0x1003, 0x1003, 
  0x1003, 0x1003, 0x1003, 0x1003, 0x1003, 0x1003, 0x1003, 0x1003, 0x1003, 0x1003, 0x1003, 0x1003, 
  0x1003, 0x1003, 0x1823, 0x1823, 0x1823, 0x1823, 0x1823, 0x1823, 0x1823, 0x1823, 0x1823, 0x1823, 
  0x1823, 0x1824, 0x1824, 0x1824, 0x1844, 0x1844, 0x1844, 0x2044, 0x2044, 0x2044, 0x2044, 0x2044, 
  0x2044, 0x2064, 0x2064, 0x2064, 0x2064, 0x2064, 0x2064, 0x2064, 0x2064, 0x2064, 0x2064, 0x2064, 
  0x2064, 0x2064, 0x2064, 0x2064, 0x2064, 0x2064, 0x2064, 0x2064, 0x2064, 0x2064, 0x2064, 0x2064, 
  0x2064, 0x2064, 0x2064, 0x2064, 0x2064, 0x2064, 0x2064, 0x2064, 0x2064, 0x2064, 0x2064, 0x2064, 
  0x2064, 0x2064, 0x2064, 0x2064, 0x2064, 0x2064, 0x2064, 0x2064, 0x2064, 0x2064, 0x2064, 0x2064, 
  0x2064, 0x2064, 0x2064, 0x2064, 0x2064, 0x2064, 0x2064, 0x2064, 0x2064, 0x2064, 0x2064, 0x2064, 
  0x2064, 0x2064, 0x2064, 0x2064, 0x2064, 0x2064, 0x2064, 0x2064, 0x2064, 0x2044, 0x1844, 0x1844, 
  0x1823, 0x1823, 0x1823, 0x1823, 0x1823, 0x1823, 0x1823, 0x1823, 0x1823, 0x1823, 0x1823, 0x1823, 
  0x1823, 0x1823, 0x1823, 0x1823, 0x1823, 0x1823, 0x1823, 0x1823, 0x1823, 0x1823, 0x1823, 0x1823, 
  0x1823, 0x1823, 0x1823, 0x1823, 0x1823, 0x1823, 0x1823, 0x1823, 0x1823, 0x1823, 0x1823, 0x1823, 
  0x1823, 0x1823, 0x1823, 0x1823, 0x1823, 0x1824, 0x1824, 0x1824, 0x1824, 0x1824, 0x2044, 0x2044, 
  0x2065, 0x2065, 0x2865, 0x2866, 0x2866, 0x2866, 0x3067, 0x3889, 0x408a, 0x48cc, 0x590d, 0x614e, 
  0x618f, 0x69ef, 0x6a2f, 0x6a4e, 0x6a6e, 0x628d, 0x628d, 0x626c, 0x626c, 0x626c, 0x5a4c, 0x5a4c, 
  0x5a4c, 0x5a4c, 0x5a2b, 0x5a2b, 0x520b, 0x520b, 0x520b, 0x520b, 0x51ea, 0x51ea, 0x51ea, 0x51ea, 
  0x49ca, 0x49ca, 0x49ca, 0x49ca, 0x49a9, 0x49a9, 0x49a9, 0x49a9, 0x4189, 0x4189, 0x4189, 0x4189, 
  0x4189, 0x4168, 0x4168, 0x4168, 0x4168, 0x4168, 0x3948, 0x3948, 0x3948, 0x3948, 0x3927, 0x3927, 
  0x3927, 0x3107, 0x3107, 0x3106, 0x30e6, 0x30e6, 0x30e6, 0x30e6, 0x30e6, 0x30c6, 0x28c6, 0x28c6, 
  0x28c6, 0x28c6, 0x28c6, 0x28c6, 0x28c6, 0x28c6, 0x28c6, 0x28c6, 0x28a5, 0x28c5, 0x28c6, 0x28c6, 
  0x28c6, 0x28c5, 0x28a5, 0x72ee, 0x3927, 0x1844, 0x1844, 0x1844, 0x1844, 0x1844, 0x1844, 0x1844, 
  0x1844, 0x1844, 0x1844, 0x1844, 0x1844, 0x1844, 0x1844, 0x1844, 0x1844, 0x1844, 0x1844, 0x1844, 
  0x1844, 0x1844, 0x1844, 0x1844, 0x1844, 0x1844, 0x1844, 0x1844, 0x1844, 0x1844, 0x1844, 0x1844, 
  0x1844, 0x1844, 0x1844, 0x1844, 0x1844, 0x1844, 0x1824, 0x1824, 0x2025, 0x2826, 0x2827, 0x3047, 
  0x3047, 0x3067, 0x3087, 0x2886, 0x2885, 0x2085, 0x2064, 0x1844, 0x1823, 0x1003, 0x1003, 0x1003, 
  0x1003, 0x1003, 0x1003, 0x1003, 0x1003, 0x1003, 0x1003, 0x1003, 0x1003, 0x1003, 0x1003, 0x1003, 
  0x1003, 0x1003, 0x1003, 0x1003, 0x1003, 0x1003, 0x1003, 0x1003, 0x1003, 0x1003, 0x1003, 0x1003, 
  0x1003, 0x1003, 0x1003, 0x1003, 0x1003, 0x1003, 0x1003, 0x1003, 0x1803, 0x1823, 0x1823, 0x1823, 
  0x1823, 0x1823, 0x1823, 0x1823, 0x1823, 0x1823, 0x1823, 0x1823, 0x1824, 0x1824, 0x1824, 0x1844, 
  0x1844, 0x1844, 0x1844, 0x2044, 0x2044, 0x2044, 0x2044, 0x2044, 0x2064, 0x2064, 0x2064, 0x2064, 
  0x2064, 0x2064, 0x2064, 0x2064, 0x2064, 0x2064, 0x2064, 0x2064, 0x2064, 0x2064, 0x2064, 0x2064, 
  0x2064, 0x2064, 0x2064, 0x2064, 0x2064, 0x2064, 0x2064, 0x2064, 0x2064, 0x2064, 0x2064, 0x2064, 
  0x2064, 0x2064, 0x2064, 0x2064, 0x2064, 0x2064, 0x2064, 0x2064, 0x2064, 0x2064, 0x2064, 0x2064, 
  0x2064, 0x2064, 0x2064, 0x2064, 0x2064, 0x2064, 0x2064, 0x2064, 0x2064, 0x2064, 0x2064, 0x2064, 
  0x2064, 0x2064, 0x2064, 0x2064, 0x2064, 0x2064, 0x2064, 0x2064, 0x2064, 0x2064, 0x2064, 0x2064, 
  0x2064, 0x2064, 0x2064, 0x2064, 0x2064, 0x2064, 0x2044, 0x1844, 0x1824, 0x1823, 0x1823, 0x1823, 
  0x1823, 0x1823, 0x1823, 0x1823, 0x1823, 0x1823, 0x1823, 0x1823, 0x1823, 0x1823, 0x1823, 0x1823, 
  0x1823, 0x1823, 0x1823, 0x1823, 0x1823, 0x1823, 0x1823, 0x1823, 0x1823, 0x1823, 0x1823, 0x1823, 
  0x1823, 0x1823, 0x1823, 0x1823, 0x1823, 0x1823, 0x1823, 0x1823, 0x1823, 0x1823, 0x1823, 0x1823, 
  0x1823, 0x1823, 0x1824, 0x1824, 0x1824, 0x1824, 0x2024, 0x2044, 0x2045, 0x2865, 0x2866, 0x2866, 
  0x3067, 0x3868, 0x388a, 0x48ab, 0x50cd, 0x590e, 0x616f, 0x69af, 0x69ef, 0x6a2e, 0x6a6e, 0x6a6d, 
  0x628d, 0x628d, 0x628d, 0x626c, 0x626c, 0x624c, 0x5a4c, 0x5a4c, 0x5a4c, 0x5a2b, 0x5a2b, 0x5a2b, 
  0x520b, 0x520b, 0x520b, 0x520a, 0x51ea, 0x51ea, 0x51ea, 0x49ca, 0x49ca, 0x49ca, 0x49ca, 0x49a9, 
  0x49a9, 0x49a9, 0x49a9, 0x4189, 0x4189, 0x4189, 0x4189, 0x4189, 0x4189, 0x4168, 0x4168, 0x4168, 
  0x4168, 0x4148, 0x3948, 0x3948, 0x3948, 0x3928, 0x3927, 0x3927, 0x3107, 0x3107, 0x3107, 0x30e6, 
  0x30e6, 0x30e6, 0x30e6, 0x30e6, 0x30e6, 0x30c6, 0x28c6, 0x28c6, 0x28c6, 0x28c6, 0x28c6, 0x28c6, 
  0x28c6, 0x28c6, 0x28c6, 0x28c6, 0x28a5, 0x28c5, 0x28c6, 0x28c6, 0x28c6, 0x28c5, 0x28a5, 0x72ee, 
  0x3927, 0x1844, 0x1844, 0x1844, 0x1844, 0x1844, 0x1844, 0x1844, 0x1844, 0x1844, 0x1844, 0x1844, 
  0x1844, 0x1844, 0x1844, 0x1844, 0x1844, 0x1844, 0x1844, 0x1844, 0x1844, 0x1844, 0x1844, 0x1844, 
  0x1844, 0x1844, 0x1844, 0x1844, 0x1844, 0x1844, 0x1844, 0x1844, 0x1844, 0x1844, 0x1844, 0x1844, 
  0x1844, 0x1844, 0x1844, 0x1824, 0x1824, 0x2025, 0x2826, 0x2827, 0x3047, 0x3067, 0x3067, 0x2886, 
  0x2885, 0x2065, 0x2044, 0x1844, 0x1823, 0x1003, 0x1003, 0x1003, 0x1003, 0x1003, 0x1003, 0x1003, 
  0x1003, 0x1003, 0x1003, 0x1003, 0x1003, 0x1003, 0x1003, 0x1003, 0x1003, 0x1003, 0x1003, 0x1003, 
  0x1003, 0x1003, 0x1003, 0x1003, 0x1003, 0x1003, 0x1003, 0x1003, 0x1003, 0x1003, 0x1003, 0x1003, 
  0x1003, 0x1003, 0x1003, 0x1803, 0x1823, 0x1823, 0x1823, 0x1823, 0x1823, 0x1823, 0x1823, 0x1823, 
  0x1823, 0x1823, 0x1823, 0x1824, 0x1824, 0x1844, 0x1844, 0x1844, 0x1844, 0x2044, 0x2044, 0x2044, 
  0x2044, 0x2044, 0x2044, 0x2064, 0x2064, 0x2064, 0x2064, 0x2064, 0x2064, 0x2064, 0x2064, 0x2064, 
  0x2064, 0x2064, 0x2064, 0x2064, 0x2064, 0x2064, 0x2064, 0x2064, 0x2064, 0x2064, 0x2064, 0x2064, 
  0x2064, 0x2064, 0x2064, 0x2064, 0x2064, 0x2064, 0x2064, 0x2064, 0x2064, 0x2064, 0x2064, 0x2064, 
  0x2064, 0x2064, 0x2064, 0x2064, 0x2064, 0x2064, 0x2064, 0x2064, 0x2064, 0x2064, 0x2064, 0x2064, 
  0x2064, 0x2064, 0x2064, 0x2064, 0x2064, 0x2064, 0x2064, 0x2064, 0x2064, 0x2064, 0x2064, 0x2064, 
  0x2064, 0x2064, 0x2064, 0x2064, 0x2064, 0x2064, 0x2064, 0x2064, 0x2064, 0x2064, 0x2064, 0x2064, 
  0x2064, 0x2064, 0x2064, 0x2044, 0x1844, 0x1823, 0x1823, 0x1823, 0x1823, 0x1823, 0x1823, 0x1823, 
  0x1823, 0x1823, 0x1823, 0x1823, 0x1823, 0x1823, 0x1823, 0x1823, 0x1823, 0x1823, 0x1823, 0x1823, 
  0x1823, 0x1823, 0x1823, 0x1823, 0x1823, 0x1823, 0x1823, 0x1823, 0x1823, 0x1823, 0x1823, 0x1823, 
  0x1823, 0x1823, 0x1823, 0x1823, 0x1823, 0x1823, 0x1823, 0x1823, 0x1823, 0x1823, 0x1823, 0x1824, 
  0x1824, 0x1824, 0x2024, 0x2025, 0x2045, 0x2846, 0x3067, 0x3068, 0x3889, 0x408a, 0x48ac, 0x50ed, 
  0x612e, 0x618f, 0x69cf, 0x6a2f, 0x6a4e, 0x6a6e, 0x6a8d, 0x628d, 0x628d, 0x628d, 0x626c, 0x626c, 
  0x626c, 0x5a4c, 0x5a4c, 0x5a4c, 0x5a2b, 0x5a2b, 0x5a2b, 0x520b, 0x520b, 0x520b, 0x520b, 0x51ea, 
  0x51ea, 0x51ea, 0x51ea, 0x49ca, 0x49ca, 0x49ca, 0x49ca, 0x49a9, 0x49a9, 0x49a9, 0x49a9, 0x4189, 
  0x4189, 0x4189, 0x4189, 0x4189, 0x4188, 0x4168, 0x4168, 0x4168, 0x4168, 0x3948, 0x3948, 0x3948, 
  0x3948, 0x3927, 0x3927, 0x3927, 0x3107, 0x3107, 0x30e6, 0x30e6, 0x30e6, 0x30e6, 0x30e6, 0x30e6, 
  0x30e6, 0x28c6, 0x28c6, 0x28c6, 0x28c6, 0x28c6, 0x28c6, 0x28c6, 0x28c6, 0x28c6, 0x28a5, 0x28a5, 
  0x28a5, 0x28a5, 0x28a5, 0x28a5, 0x28a5, 0x28a5, 0x28a5, 0x72ee, 0x3927, 0x1844, 0x1844, 0x1844, 
  0x1844, 0x1844, 0x1844, 0x1844, 0x1844, 0x1844, 0x1844, 0x1844, 0x1844, 0x1844, 0x1844, 0x1844, 
  0x1844, 0x1844, 0x1844, 0x1844, 0x1844, 0x1844, 0x1844, 0x1844, 0x1844, 0x1844, 0x1844, 0x1844, 
  0x1844, 0x1844, 0x1844, 0x1844, 0x1844, 0x1844, 0x1844, 0x1844, 0x1844, 0x1844, 0x1844, 0x1844, 
  0x1824, 0x2024, 0x2025, 0x2826, 0x2827, 0x3047, 0x3067, 0x2866, 0x2866, 0x2065, 0x2044, 0x1823, 
  0x1823, 0x1003, 0x1003, 0x1003, 0x1003, 0x1003, 0x1003, 0x1003, 0x1003, 0x1003, 0x1003, 0x1003, 
  0x1003, 0x1003, 0x1003, 0x1003, 0x1003, 0x1003, 0x1003, 0x1003, 0x1003, 0x1003, 0x1003, 0x1003, 
  0x1003, 0x1003, 0x1003, 0x1003, 0x1003, 0x1003, 0x1003, 0x1003, 0x1003, 0x1003, 0x1003, 0x1823, 
  0x1823, 0x1823, 0x1823, 0x1823, 0x1823, 0x1823, 0x1823, 0x1823, 0x1823, 0x1823, 0x1824, 0x1824, 
  0x1824, 0x1844, 0x1844, 0x1844, 0x2044, 0x2044, 0x2044, 0x2044, 0x2044, 0x2044, 0x2064, 0x2064, 
  0x2064, 0x2064, 0x2064, 0x2064, 0x2064, 0x2064, 0x2064, 0x2064, 0x2064, 0x2064, 0x2064, 0x2064, 
  0x2064, 0x2064, 0x2064, 0x2064, 0x2064, 0x2064, 0x2064, 0x2064, 0x2064, 0x2064, 0x2064, 0x2064, 
  0x2064, 0x2064, 0x2064, 0x2064, 0x2064, 0x2064, 0x2064, 0x2064, 0x2064, 0x2064, 0x2064, 0x2064, 
  0x2064, 0x2064, 0x2064, 0x2064, 0x2064, 0x2064, 0x2064, 0x2064, 0x2064, 0x2064, 0x2064, 0x2064, 
  0x2064, 0x2064, 0x2064, 0x2064, 0x2064, 0x2064, 0x2064, 0x2064, 0x2064, 0x2064, 0x2064, 0x2064, 
  0x2064, 0x2064, 0x2064, 0x2064, 0x2064, 0x2064, 0x2064, 0x2064, 0x2064, 0x2064, 0x2064, 0x2044, 
  0x1844, 0x1824, 0x1823, 0x1823, 0x1823, 0x1823, 0x1823, 0x1823, 0x1823, 0x1823, 0x1823, 0x1823, 
  0x1823, 0x1823, 0x1823, 0x1823, 0x1823, 0x1823, 0x1823, 0x1823, 0x1823, 0x1823, 0x1823, 0x1823, 
  0x1823, 0x1823, 0x1823, 0x1823, 0x1823, 0x1823, 0x1823, 0x1823, 0x1823, 0x1823, 0x1823, 0x1823, 
  0x1823, 0x1823, 0x1823, 0x1823, 0x1823, 0x1823, 0x1823, 0x1824, 0x1824, 0x1824, 0x2024, 0x2025, 
  0x2846, 0x3047, 0x3868, 0x408a, 0x48ab, 0x50cd, 0x590e, 0x614f, 0x69af, 0x69ef, 0x6a2f, 0x6a6e, 
  0x6a8e, 0x6a8d, 0x628d, 0x628d, 0x628d, 0x626c, 0x626c, 0x626c, 0x5a4c, 0x5a4c, 0x5a4c, 0x5a2b, 
  0x5a2b, 0x5a2b, 0x5a2b, 0x520b, 0x520b, 0x520b, 0x520a, 0x51ea, 0x51ea, 0x51ea, 0x49ca, 0x49ca, 
  0x49ca, 0x49ca, 0x49ca, 0x49a9, 0x49a9, 0x49a9, 0x49a9, 0x4189, 0x4189, 0x4189, 0x4189, 0x4189, 
  0x4168, 0x4168, 0x4168, 0x4168, 0x4148, 0x3948, 0x3948, 0x3948, 0x3948, 0x3927, 0x3927, 0x3107, 
  0x3107, 0x3107, 0x30e6, 0x30e6, 0x30e6, 0x30e6, 0x30e6, 0x30e6, 0x28c6, 0x28c6, 0x28c6, 0x28c6, 
  0x28c6, 0x28c6, 0x28c6, 0x28c6, 0x28a5, 0x28a5, 0x28a5, 0x28a5, 0x28a5, 0x28a5, 0x28a5, 0x28a5, 
  0x28a5, 0x28a5, 0x28a5, 0x72ee, 0x3927, 0x1844, 0x1844, 0x1844, 0x1844, 0x1844, 0x1844, 0x1844, 
  0x1844, 0x1844, 0x1844, 0x1844, 0x1844, 0x1844, 0x1844, 0x1844, 0x1844, 0x1844, 0x1844, 0x1844, 
  0x1844, 0x1844, 0x1844, 0x1844, 0x1844, 0x1844, 0x1844, 0x1844, 0x1844, 0x1844, 0x1844, 0x1844, 
  0x1844, 0x1844, 0x1844, 0x1844, 0x1844, 0x1844, 0x1844, 0x1844, 0x1844, 0x1824, 0x2024, 0x2025, 
  0x2826, 0x2847, 0x2847, 0x2866, 0x2866, 0x2065, 0x2044, 0x1823, 0x1803, 0x1003, 0x1003, 0x1003, 
  0x1003, 0x1003, 0x1003, 0x1003, 0x1003, 0x1003, 0x1003, 0x1003, 0x1003, 0x1003, 0x1003, 0x1003, 
  0x1003, 0x1003, 0x1003, 0x1003, 0x1003, 0x1003, 0x1003, 0x1003, 0x1003, 0x1003, 0x1003, 0x1003, 
  0x1003, 0x1003, 0x1003, 0x1003, 0x1003, 0x1803, 0x1823, 0x1823, 0x1823, 0x1823, 0x1823, 0x1823, 
  0x1823, 0x1823, 0x1823, 0x1823, 0x1823, 0x1824, 0x1824, 0x1824, 0x1844, 0x1844, 0x1844, 0x2044, 
  0x2044, 0x2044, 0x2044, 0x2044, 0x2044, 0x2064, 0x2064, 0x2064, 0x2064, 0x2064, 0x2064, 0x2064, 
  0x2064, 0x2064, 0x2064, 0x2064, 0x2064, 0x2064, 0x2064, 0x2064, 0x2064, 0x2064, 0x2064, 0x2064, 
  0x2064, 0x2064, 0x2064, 0x2064, 0x2064, 0x2064, 0x2064, 0x2064, 0x2064, 0x2064, 0x2064, 0x2064, 
  0x2064, 0x2064, 0x2064, 0x2064, 0x2064, 0x2064, 0x2064, 0x2064, 0x2064, 0x2064, 0x2064, 0x2064, 
  0x2064, 0x2064, 0x2064, 0x2064, 0x2064, 0x2064, 0x2064, 0x2064, 0x2064, 0x2064, 0x2064, 0x2064, 
  0x2064, 0x2064, 0x2064, 0x2064, 0x2064, 0x2064, 0x2064, 0x2064, 0x2064, 0x2064, 0x2064, 0x2064, 
  0x2064, 0x2064, 0x2064, 0x2064, 0x2064, 0x2064, 0x2064, 0x2044, 0x2044, 0x1844, 0x1823, 0x1823, 
  0x1823, 0x1823, 0x1823, 0x1823, 0x1823, 0x1823, 0x1823, 0x1823, 0x1823, 0x1823, 0x1823, 0x1823, 
  0x1823, 0x1823, 0x1823, 0x1823, 0x1823, 0x1823, 0x1823, 0x1823, 0x1823, 0x1823, 0x1823, 0x1823, 
  0x1823, 0x1823, 0x1823, 0x1823, 0x1823, 0x1823, 0x1823, 0x1823, 0x1823, 0x1823, 0x1823, 0x1823, 
  0x1823, 0x1823, 0x1823, 0x1824, 0x1824, 0x2024, 0x2025, 0x2826, 0x3047, 0x3869, 0x408b, 0x50ac, 
  0x58ee, 0x612f, 0x618f, 0x69cf, 0x6a0f, 0x6a4f, 0x6a6e, 0x6a8e, 0x6a8d, 0x628d, 0x628d, 0x628d, 
  0x626c, 0x626c, 0x626c, 0x626c, 0x5a4c, 0x5a4c, 0x5a4c, 0x5a2b, 0x5a2b, 0x5a2b, 0x520b, 0x520b, 
  0x520b, 0x520b, 0x51ea, 0x51ea, 0x51ea, 0x51ea, 0x49ca, 0x49ca, 0x49ca, 0x49ca, 0x49a9, 0x49a9, 
  0x49a9, 0x49a9, 0x49a9, 0x4189, 0x4189, 0x4189, 0x4189, 0x4168, 0x4168, 0x4168, 0x4168, 0x4168, 
  0x3948, 0x3948, 0x3948, 0x3948, 0x3927, 0x3927, 0x3107, 0x3107, 0x3107, 0x30e6, 0x30e6, 0x30e6, 
  0x30e6, 0x30e6, 0x30e6, 0x28c6, 0x28c6, 0x28c6, 0x28c6, 0x28c6, 0x28c6, 0x28c6, 0x28c6, 0x28a6, 
  0x28a5, 0x28a5, 0x28a5, 0x28a5, 0x28a5, 0x28a5, 0x28a5, 0x28a5, 0x28a5, 0x28a5, 0x28a5, 0x72ee, 
  0x3927, 0x1844, 0x1844, 0x1844, 0x1844, 0x1844, 0x1844, 0x1844, 0x1844, 0x1844, 0x1844, 0x1844, 
  0x1844, 0x1844, 0x1844, 0x1844, 0x1844, 0x1844, 0x1844, 0x1844, 0x1844, 0x1844, 0x1844, 0x1844, 
  0x1844, 0x1844, 0x1844, 0x1844, 0x1844, 0x1844, 0x1844, 0x1844, 0x1844, 0x1844, 0x1844, 0x1844, 
  0x1844, 0x1844, 0x1844, 0x1844, 0x1844, 0x1844, 0x1824, 0x2024, 0x2025, 0x2826, 0x2846, 0x2846, 
  0x2846, 0x2045, 0x1844, 0x1823, 0x1003, 0x1003, 0x1003, 0x1003, 0x1003, 0x1003, 0x1003, 0x1003, 
  0x1003, 0x1003, 0x1003, 0x1003, 0x1003, 0x1003, 0x1003, 0x1003, 0x1003, 0x1003, 0x1003, 0x1003, 
  0x1003, 0x1003, 0x1003, 0x1003, 0x1003, 0x1003, 0x1003, 0x1003, 0x1003, 0x1003, 0x1003, 0x1003, 
  0x1803, 0x1803, 0x1823, 0x1823, 0x1823, 0x1823, 0x1823, 0x1823, 0x1823, 0x1823, 0x1823, 0x1823, 
  0x1824, 0x1824, 0x1824, 0x1844, 0x1844, 0x1844, 0x2044, 0x2044, 0x2044, 0x2044, 0x2044, 0x2044, 
  0x2064, 0x2064, 0x2064, 0x2064, 0x2064, 0x2064, 0x2064, 0x2064, 0x2064, 0x2064, 0x2064, 0x2064, 
  0x2064, 0x2064, 0x2064, 0x2064, 0x2064, 0x2064, 0x2064, 0x2064, 0x2064, 0x2064, 0x2064, 0x2064, 
  0x2064, 0x2064, 0x2064, 0x2064, 0x2064, 0x2064, 0x2064, 0x2064, 0x2064, 0x2064, 0x2064, 0x2064, 
  0x2064, 0x2064, 0x2064, 0x2064, 0x2064, 0x2064, 0x2064, 0x2064, 0x2064, 0x2064, 0x2064, 0x2064, 
  0x2064, 0x2064, 0x2064, 0x2064, 0x2064, 0x2064, 0x2064, 0x2064, 0x2064, 0x2064, 0x2064, 0x2064, 
  0x2064, 0x2064, 0x2064, 0x2064, 0x2064, 0x2064, 0x2064, 0x2064, 0x2064, 0x2064, 0x2064, 0x2064, 
  0x2064, 0x2064, 0x2064, 0x2064, 0x2044, 0x1844, 0x1844, 0x1823, 0x1823, 0x1823, 0x1823, 0x1823, 
  0x1823, 0x1823, 0x1823, 0x1823, 0x1823, 0x1823, 0x1823, 0x1823, 0x1823, 0x1823, 0x1823, 0x1823, 
  0x1823, 0x1823, 0x1823, 0x1823, 0x1823, 0x1823, 0x1823, 0x1823, 0x1823, 0x1823, 0x1823, 0x1823, 
  0x1823, 0x1823, 0x1823, 0x1823, 0x1823, 0x1823, 0x1823, 0x1823, 0x1823, 0x1823, 0x1823, 0x1824, 
  0x1824, 0x2025, 0x2826, 0x3027, 0x3849, 0x486b, 0x50ad, 0x58ee, 0x614f, 0x69b0, 0x69f0, 0x6a2f, 
  0x6a6f, 0x6a8e, 0x6aae, 0x6aad, 0x628d, 0x628d, 0x628d, 0x628d, 0x626c, 0x626c, 0x626c, 0x5a4c, 
  0x5a4c, 0x5a4c, 0x5a2c, 0x5a2b, 0x5a2b, 0x5a2b, 0x520b, 0x520b, 0x520b, 0x520a, 0x51ea, 0x51ea, 
  0x51ea, 0x49ca, 0x49ca, 0x49ca, 0x49ca, 0x49a9, 0x49a9, 0x49a9, 0x49a9, 0x49a9, 0x4189, 0x4189, 
  0x4189, 0x4189, 0x4168, 0x4168, 0x4168, 0x4168, 0x4168, 0x3948, 0x3948, 0x3948, 0x3948, 0x3927, 
  0x3927, 0x3107, 0x3107, 0x3107, 0x30e6, 0x30e6, 0x30e6, 0x30e6, 0x30e6, 0x30e6, 0x28c6, 0x28c6, 
  0x28c6, 0x28c6, 0x28c6, 0x28c6, 0x28c6, 0x28c6, 0x28a5, 0x28a5, 0x28a5, 0x28a5, 0x28a5, 0x28a5, 
  0x28a5, 0x28a5, 0x28a5, 0x28a5, 0x28a5, 0x28a5, 0x28a5, 0x72ee, 0x3927, 0x1844, 0x1844, 0x1844, 
  0x1844, 0x1844, 0x1844, 0x1844, 0x1844, 0x1844, 0x1844, 0x1844, 0x1844, 0x1844, 0x1844, 0x1844, 
  0x1844, 0x1844, 0x1844, 0x1844, 0x1844, 0x1844, 0x1844, 0x1844, 0x1844, 0x1844, 0x1844, 0x1844, 
  0x1844, 0x1844, 0x1844, 0x1844, 0x1844, 0x1844, 0x1844, 0x1844, 0x1844, 0x1844, 0x1844, 0x1844, 
  0x1844, 0x1824, 0x1824, 0x1824, 0x2025, 0x2025, 0x2826, 0x2846, 0x2846, 0x2045, 0x1824, 0x1823, 
  0x1003, 0x1003, 0x1003, 0x1003, 0x1003, 0x1003, 0x1003, 0x1003, 0x1003, 0x1003, 0x1003, 0x1003, 
  0x1003, 0x1003, 0x1003, 0x1003, 0x1003, 0x1003, 0x1003, 0x1003, 0x1003, 0x1003, 0x1003, 0x1003, 
  0x1003, 0x1003, 0x1003, 0x1003, 0x1003, 0x1003, 0x1003, 0x1003, 0x1803, 0x1823, 0x1823, 0x1823, 
  0x1823, 0x1823, 0x1823, 0x1823, 0x1823, 0x1823, 0x1823, 0x1823, 0x1824, 0x1824, 0x1844, 0x1844, 
  0x1844, 0x2044, 0x2044, 0x2044, 0x2044, 0x2044, 0x2044, 0x2064, 0x2064, 0x2064, 0x2064, 0x2064, 
  0x2064, 0x2064, 0x2064, 0x2064, 0x2064, 0x2064, 0x2064, 0x2064, 0x2064, 0x2064, 0x2064, 0x2064, 
  0x2064, 0x2064, 0x2064, 0x2064, 0x2064, 0x2064, 0x2064, 0x2064, 0x2064, 0x2064, 0x2064, 0x2064, 
  0x2064, 0x2064, 0x2064, 0x2064, 0x2064, 0x2064, 0x2064, 0x2064, 0x2064, 0x2064, 0x2064, 0x2064, 
  0x2064, 0x2064, 0x2064, 0x2064, 0x2064, 0x2064, 0x2064, 0x2064, 0x2064, 0x2064, 0x2064, 0x2064, 
  0x2064, 0x2064, 0x2064, 0x2064, 0x2064, 0x2064, 0x2064, 0x2064, 0x2064, 0x2064, 0x2064, 0x2064, 
  0x2064, 0x2064, 0x2064, 0x2064, 0x2064, 0x2064, 0x2064, 0x2064, 0x2064, 0x2064, 0x2064, 0x2064, 
  0x2064, 0x2044, 0x1844, 0x1824, 0x1823, 0x1823, 0x1823, 0x1823, 0x1823, 0x1823, 0x1823, 0x1823, 
  0x1823, 0x1823, 0x1823, 0x1823, 0x1823, 0x1823, 0x1823, 0x1823, 0x1823, 0x1823, 0x1823, 0x1823, 
  0x1823, 0x1823, 0x1823, 0x1823, 0x1823, 0x1823, 0x1823, 0x1823, 0x1823, 0x1823, 0x1823, 0x1823, 
  0x1823, 0x1823, 0x1823, 0x1823, 0x1823, 0x1823, 0x1824, 0x2024, 0x2025, 0x2826, 0x3028, 0x402a, 
  0x486c, 0x58ae, 0x610f, 0x6970, 0x69d0, 0x7210, 0x724f, 0x6a8f, 0x6aae, 0x6aae, 0x6aad, 0x6aad, 
  0x628d, 0x628d, 0x628d, 0x628c, 0x626c, 0x626c, 0x624c, 0x5a4c, 0x5a4c, 0x5a4c, 0x5a2b, 0x5a2b, 
  0x5a2b, 0x520b, 0x520b, 0x520b, 0x520b, 0x51ea, 0x51ea, 0x51ea, 0x49ca, 0x49ca, 0x49ca, 0x49ca, 
  0x49aa, 0x49a9, 0x49a9, 0x49a9, 0x49a9, 0x4189, 0x4189, 0x4189, 0x4189, 0x4189, 0x4168, 0x4168, 
  0x4168, 0x4168, 0x3948, 0x3948, 0x3948, 0x3948, 0x3927, 0x3927, 0x3107, 0x3107, 0x3107, 0x30e6, 
  0x30e6, 0x30e6, 0x30e6, 0x30e6, 0x30e6, 0x28c6, 0x28c6, 0x28c6, 0x28c6, 0x28c6, 0x28c6, 0x28c6, 
  0x28c6, 0x28a5, 0x28a5, 0x28a5, 0x28a5, 0x28a5, 0x28a5, 0x28a5, 0x28a5, 0x28a5, 0x28a5, 0x28a5, 
  0x28a5, 0x28a5, 0x28a5, 0x72ce, 0x3927, 0x1844, 0x1844, 0x1844, 0x1844, 0x1844, 0x1844, 0x1844, 
  0x1844, 0x1844, 0x1844, 0x1844, 0x1844, 0x1844, 0x1844, 0x1844, 0x1844, 0x1844, 0x1844, 0x1844, 
  0x1844, 0x1844, 0x1844, 0x1844, 0x1844, 0x1844, 0x1844, 0x1844, 0x1844, 0x1844, 0x1844, 0x1844, 
  0x1844, 0x1844, 0x1844, 0x1844, 0x1844, 0x1844, 0x1844, 0x1844, 0x1824, 0x1824, 0x1824, 0x1824, 
  0x1824, 0x2025, 0x2025, 0x2025, 0x2025, 0x2025, 0x1824, 0x1803, 0x1003, 0x1003, 0x1003, 0x1003, 
  0x1003, 0x1003, 0x1003, 0x1003, 0x1003, 0x1003, 0x1003, 0x1003, 0x1003, 0x1003, 0x1003, 0x1003, 
  0x1003, 0x1003, 0x1003, 0x1003, 0x1003, 0x1003, 0x1003, 0x1003, 0x1003, 0x1003, 0x1003, 0x1003, 
  0x1003, 0x1003, 0x1003, 0x1803, 0x1823, 0x1823, 0x1823, 0x1823, 0x1823, 0x1823, 0x1823, 0x1823, 
  0x1823, 0x1823, 0x1823, 0x1824, 0x1824, 0x1844, 0x1844, 0x1844, 0x2044, 0x2044, 0x2044, 0x2044, 
  0x2044, 0x2044, 0x2064, 0x2064, 0x2064, 0x2064, 0x2064, 0x2064, 0x2064, 0x2064, 0x2064, 0x2064, 
  0x2064, 0x2064, 0x2064, 0x2064, 0x2064, 0x2064, 0x2064, 0x2064, 0x2064, 0x2064, 0x2064, 0x2064, 
  0x2064, 0x2064, 0x2064, 0x2064, 0x2064, 0x2064, 0x2064, 0x2064, 0x2064, 0x2064, 0x2064, 0x2064, 
  0x2064, 0x2064, 0x2064, 0x2064, 0x2064, 0x2064, 0x2064, 0x2064, 0x2064, 0x2064, 0x2064, 0x2064, 
  0x2064, 0x2064, 0x2064, 0x2064, 0x2064, 0x2064, 0x2064, 0x2064, 0x2064, 0x2064, 0x2064, 0x2064, 
  0x2064, 0x2064, 0x2064, 0x2064, 0x2064, 0x2064, 0x2064, 0x2064, 0x2064, 0x2064, 0x2064, 0x2064, 
  0x2064, 0x2064, 0x2064, 0x2064, 0x2064, 0x2064, 0x2064, 0x2064, 0x2064, 0x2044, 0x1844, 0x1844, 
  0x1823, 0x1823, 0x1823, 0x1823, 0x1823, 0x1823, 0x1823, 0x1823, 0x1823, 0x1823, 0x1823, 0x1823, 
  0x1823, 0x1823, 0x1823, 0x1823, 0x1823, 0x1823, 0x1823, 0x1823, 0x1823, 0x1823, 0x1823, 0x1823, 
  0x1823, 0x1823, 0x1823, 0x1823, 0x1823, 0x1823, 0x1823, 0x1823, 0x1823, 0x1823, 0x1823, 0x1823, 
  0x1824, 0x1824, 0x2025, 0x2026, 0x2807, 0x3809, 0x402b, 0x504d, 0x588f, 0x68d1, 0x6951, 0x71d1, 
  0x7230, 0x7270, 0x728f, 0x6aae, 0x6aae, 0x6aad, 0x6aad, 0x6aad, 0x628d, 0x628d, 0x628d, 0x626c, 
  0x626c, 0x626c, 0x5a4c, 0x5a4c, 0x5a4c, 0x5a2b, 0x5a2b, 0x5a2b, 0x520b, 0x520b, 0x520b, 0x520b, 
  0x51ea, 0x51ea, 0x51ea, 0x51ca, 0x49ca, 0x49ca, 0x49ca, 0x49ca, 0x49a9, 0x49a9, 0x49a9, 0x49a9, 
  0x4189, 0x4189, 0x4189, 0x4189, 0x4189, 0x4168, 0x4168, 0x4168, 0x4168, 0x4148, 0x3948, 0x3948, 
  0x3948, 0x3927, 0x3927, 0x3927, 0x3107, 0x3107, 0x30e6, 0x30e6, 0x30e6, 0x30e6, 0x30e6, 0x30e6, 
  0x28c6, 0x28c6, 0x28c6, 0x28c6, 0x28c6, 0x28c6, 0x28c6, 0x28c6, 0x28a6, 0x28a5, 0x28a5, 0x28a5, 
  0x28a5, 0x28a5, 0x28a5, 0x28a5, 0x28a5, 0x28a5, 0x28a5, 0x28a5, 0x28a5, 0x28a5, 0x28a5, 0x72ce, 
  0x3927, 0x1844, 0x1844, 0x1844, 0x1844, 0x1844, 0x1844, 0x1844, 0x1844, 0x1844, 0x1844, 0x1844, 
  0x1844, 0x1844, 0x1844, 0x1844, 0x1844, 0x1844, 0x1844, 0x1844, 0x1844, 0x1844, 0x1844, 0x1844, 
  0x1844, 0x1844, 0x1844, 0x1844, 0x1844, 0x1844, 0x1844, 0x1844, 0x1844, 0x1844, 0x1844, 0x1844, 
  0x1824, 0x1824, 0x1824, 0x1824, 0x1824, 0x1824, 0x1824, 0x1824, 0x1824, 0x1824, 0x2025, 0x2025, 
  0x2025, 0x2024, 0x1804, 0x1803, 0x1003, 0x1003, 0x1003, 0x1003, 0x1003, 0x1003, 0x1003, 0x1003, 
  0x1003, 0x1003, 0x1003, 0x1003, 0x1003, 0x1003, 0x1003, 0x1003, 0x1003, 0x1003, 0x1003, 0x1003, 
  0x1003, 0x1003, 0x1003, 0x1003, 0x1003, 0x1003, 0x1003, 0x1003, 0x1003, 0x1003, 0x1003, 0x1803, 
  0x1823, 0x1823, 0x1823, 0x1823, 0x1823, 0x1823, 0x1823, 0x1823, 0x1823, 0x1823, 0x1823, 0x1824, 
  0x1844, 0x1844, 0x1844, 0x2044, 0x2044, 0x2044, 0x2044, 0x2044, 0x2044, 0x2064, 0x2064, 0x2064, 
  0x2064, 0x2064, 0x2064, 0x2064, 0x2064, 0x2064, 0x2064, 0x2064, 0x2064, 0x2064, 0x2064, 0x2064, 
  0x2064, 0x2064, 0x2064, 0x2064, 0x2064, 0x2064, 0x2064, 0x2064, 0x2064, 0x2064, 0x2064, 0x2064, 
  0x2064, 0x2064, 0x2064, 0x2064, 0x2064, 0x2064, 0x2064, 0x2064, 0x2064, 0x2064, 0x2064, 0x2064, 
  0x2064, 0x2064, 0x2064, 0x2064, 0x2064, 0x2064, 0x2064, 0x2064, 0x2064, 0x2064, 0x2064, 0x2064, 
  0x2064, 0x2064, 0x2064, 0x2064, 0x2064, 0x2064, 0x2064, 0x2064, 0x2064, 0x2064, 0x2064, 0x2064, 
  0x2064, 0x2064, 0x2064, 0x2064, 0x2064, 0x2064, 0x2064, 0x2064, 0x2064, 0x2064, 0x2064, 0x2064, 
  0x2064, 0x2064, 0x2064, 0x2064, 0x2064, 0x2064, 0x2044, 0x1844, 0x1824, 0x1823, 0x1823, 0x1823, 
  0x1823, 0x1823, 0x1823, 0x1823, 0x1823, 0x1823, 0x1823, 0x1823, 0x1823, 0x1823, 0x1823, 0x1823, 
  0x1823, 0x1823, 0x1823, 0x1823, 0x1823, 0x1823, 0x1823, 0x1823, 0x1823, 0x1823, 0x1823, 0x1823, 
  0x1823, 0x1823, 0x1823, 0x1823, 0x1823, 0x1823, 0x1824, 0x1824, 0x2025, 0x2025, 0x2807, 0x3008, 
  0x380a, 0x400c, 0x502e, 0x6050, 0x6891, 0x70f2, 0x7172, 0x71f1, 0x7270, 0x728f, 0x72af, 0x6aae, 
  0x6aae, 0x6aad, 0x6aad, 0x628d, 0x628d, 0x628d, 0x626c, 0x626c, 0x626c, 0x5a4c, 0x5a4c, 0x5a4c, 
  0x5a2b, 0x5a2b, 0x5a2b, 0x520b, 0x520b, 0x520b, 0x520b, 0x51ea, 0x51ea, 0x51ea, 0x49ca, 0x49ca, 
  0x49ca, 0x49ca, 0x49ca, 0x49a9, 0x49a9, 0x49a9, 0x49a9, 0x4189, 0x4189, 0x4189, 0x4189, 0x4189, 
  0x4168, 0x4168, 0x4168, 0x4168, 0x4148, 0x3948, 0x3948, 0x3948, 0x3927, 0x3927, 0x3927, 0x3107, 
  0x3107, 0x30e6, 0x30e6, 0x30e6, 0x30e6, 0x30e6, 0x30e6, 0x28c6, 0x28c6, 0x28c6, 0x28c6, 0x28c6, 
  0x28c6, 0x28c6, 0x28c6, 0x28a5, 0x28a5, 0x28a5, 0x28a5, 0x28a5, 0x28a5, 0x28a5, 0x28a5, 0x28a5, 
  0x28a5, 0x28a5, 0x28a5, 0x28a5, 0x28a5, 0x28a5, 0x28a5, 0x6ace, 0x3927, 0x1844, 0x1844, 0x1844, 
  0x1844, 0x1844, 0x1844, 0x1844, 0x1844, 0x1844, 0x1844, 0x1844, 0x1844, 0x1844, 0x1844, 0x1844, 
  0x1844, 0x1844, 0x1844, 0x1844, 0x1844, 0x1844, 0x1844, 0x1844, 0x1844, 0x1844, 0x1844, 0x1844, 
  0x1844, 0x1844, 0x1844, 0x1844, 0x1844, 0x1844, 0x1824, 0x1824, 0x1824, 0x1824, 0x1824, 0x1823, 
  0x1823, 0x1823, 0x1824, 0x1824, 0x1824, 0x1824, 0x1824, 0x1824, 0x1824, 0x1804, 0x1804, 0x1803, 
  0x1003, 0x1003, 0x1003, 0x1003, 0x1003, 0x1003, 0x1003, 0x1003, 0x1003, 0x1003, 0x1003, 0x1003, 
  0x1003, 0x1003, 0x1003, 0x1003, 0x1003, 0x1003, 0x1003, 0x1003, 0x1003, 0x1003, 0x1003, 0x1003, 
  0x1003, 0x1003, 0x1003, 0x1003, 0x1003, 0x1003, 0x1803, 0x1803, 0x1823, 0x1823, 0x1823, 0x1823, 
  0x1823, 0x1823, 0x1823, 0x1823, 0x1823, 0x1823, 0x1824, 0x1844, 0x1844, 0x1844, 0x1844, 0x2044, 
  0x2044, 0x2044, 0x2044, 0x2044, 0x2064, 0x2064, 0x2064, 0x2064, 0x2064, 0x2064, 0x2064, 0x2064, 
  0x2064, 0x2064, 0x2064, 0x2064, 0x2064, 0x2064, 0x2064, 0x2064, 0x2064, 0x2064, 0x2064, 0x2064, 
  0x2064, 0x2064, 0x2064, 0x2064, 0x2064, 0x2064, 0x2064, 0x2064, 0x2064, 0x2064, 0x2064, 0x2064, 
  0x2064, 0x2064, 0x2064, 0x2064, 0x2064, 0x2064, 0x2064, 0x2064, 0x2064, 0x2064, 0x2064, 0x2064, 
  0x2064, 0x2064, 0x2064, 0x2064, 0x2064, 0x2064, 0x2064, 0x2064, 0x2064, 0x2064, 0x2064, 0x2064, 
  0x2064, 0x2064, 0x2064, 0x2064, 0x2064, 0x2064, 0x2064, 0x2064, 0x2064, 0x2064, 0x2064, 0x2064, 
  0x2064, 0x2064, 0x2064, 0x2064, 0x2064, 0x2064, 0x2064, 0x2064, 0x2064, 0x2064, 0x2064, 0x2064, 
  0x2064, 0x2064, 0x2044, 0x2044, 0x1844, 0x1823, 0x1823, 0x1823, 0x1823, 0x1823, 0x1823, 0x1823, 
  0x1823, 0x1823, 0x1823, 0x1823, 0x1823, 0x1823, 0x1823, 0x1823, 0x1823, 0x1823, 0x1823, 0x1823, 
  0x1823, 0x1823, 0x1823, 0x1823, 0x1823, 0x1823, 0x1823, 0x1823, 0x1823, 0x1823, 0x1823, 0x1823, 
  0x1824, 0x1824, 0x2025, 0x2025, 0x2826, 0x3028, 0x3029, 0x402a, 0x480c, 0x502e, 0x6030, 0x6872, 
  0x70b3, 0x7113, 0x7993, 0x7211, 0x7270, 0x72af, 0x72ae, 0x6aae, 0x6aae, 0x6aad, 0x628d, 0x628d, 
  0x628d, 0x626c, 0x626c, 0x626c, 0x5a4c, 0x5a4c, 0x5a4c, 0x5a2b, 0x5a2b, 0x5a2b, 0x520b, 0x520b, 
  0x520b, 0x520b, 0x51ea, 0x51ea, 0x51ea, 0x51ca, 0x49ca, 0x49ca, 0x49ca, 0x49ca, 0x49a9, 0x49a9, 
  0x49a9, 0x49a9, 0x4189, 0x4189, 0x4189, 0x4189, 0x4189, 0x4168, 0x4168, 0x4168, 0x4168, 0x4168, 
  0x3948, 0x3948, 0x3948, 0x3948, 0x3927, 0x3927, 0x3107, 0x3107, 0x30e6, 0x30e6, 0x30e6, 0x30e6, 
  0x30e6, 0x30e6, 0x28c6, 0x28c6, 0x28c6, 0x28c6, 0x28c6, 0x28c6, 0x28c6, 0x28c6, 0x28a5, 0x28a5, 
  0x28a5, 0x28a5, 0x28a5, 0x28a5, 0x28a5, 0x28a5, 0x28a5, 0x28a5, 0x28a5, 0x28a5, 0x28a5, 0x28a5, 
  0x28a5, 0x28a5, 0x28a5, 0x6ace, 0x3927, 0x1844, 0x1844, 0x1844, 0x1844, 0x1844, 0x1844, 0x1844, 
  0x1844, 0x1844, 0x1844, 0x1844, 0x1844, 0x1844, 0x1844, 0x1844, 0x1844, 0x1844, 0x1844, 0x1844, 
  0x1844, 0x1844, 0x1844, 0x1844, 0x1844, 0x1844, 0x1844, 0x1844, 0x1844, 0x1844, 0x1844, 0x1844, 
  0x1844, 0x1824, 0x1824, 0x1824, 0x1824, 0x1824, 0x1823, 0x1823, 0x1823, 0x1823, 0x1823, 0x1823, 
  0x1823, 0x1824, 0x1824, 0x1824, 0x1824, 0x1804, 0x1803, 0x1003, 0x1003, 0x1003, 0x1003, 0x1003, 
  0x1003, 0x1003, 0x1003, 0x1003, 0x1003, 0x1003, 0x1003, 0x1003, 0x1003, 0x1003, 0x1003, 0x1003, 
  0x1003, 0x1003, 0x1003, 0x1003, 0x1003, 0x1003, 0x1003, 0x1003, 0x1003, 0x1003, 0x1003, 0x1003, 
  0x1003, 0x1803, 0x1803, 0x1823, 0x1823, 0x1823, 0x1823, 0x1823, 0x1823, 0x1823, 0x1823, 0x1823, 
  0x1823, 0x1823, 0x1844, 0x1844, 0x1844, 0x1844, 0x2044, 0x2044, 0x2044, 0x2044, 0x2044, 0x2044, 
  0x2064, 0x2064, 0x2064, 0x2064, 0x2064, 0x2064, 0x2064, 0x2064, 0x2064, 0x2064, 0x2064, 0x2064, 
  0x2064, 0x2064, 0x2064, 0x2064, 0x2064, 0x2064, 0x2064, 0x2064, 0x2064, 0x2064, 0x2064, 0x2064, 
  0x2064, 0x2064, 0x2064, 0x2064, 0x2064, 0x2064, 0x2064, 0x2064, 0x2064, 0x2064, 0x2064, 0x2064, 
  0x2064, 0x2064, 0x2064, 0x2064, 0x2064, 0x2064, 0x2064, 0x2064, 0x2064, 0x2064, 0x2064, 0x2064, 
  0x2064, 0x2064, 0x2064, 0x2064, 0x2064, 0x2064, 0x2064, 0x2064, 0x2064, 0x2064, 0x2064, 0x2064, 
  0x2064, 0x2064, 0x2064, 0x2064, 0x2064, 0x2064, 0x2064, 0x2064, 0x2064, 0x2064, 0x2064, 0x2064, 
  0x2064, 0x2064, 0x2064, 0x2064, 0x2064, 0x2064, 0x2064, 0x2064, 0x2064, 0x2064, 0x2064, 0x2044, 
  0x1844, 0x1824, 0x1823, 0x1823, 0x1823, 0x1823, 0x1823, 0x1823, 0x1823, 0x1823, 0x1823, 0x1823, 
  0x1823, 0x1823, 0x1823, 0x1823, 0x1823, 0x1823, 0x1823, 0x1823, 0x1823, 0x1823, 0x1823, 0x1823, 
  0x1823, 0x1823, 0x1823, 0x1823, 0x1823, 0x1823, 0x1824, 0x1824, 0x2025, 0x2025, 0x2826, 0x2827, 
  0x3029, 0x382a, 0x402b, 0x482c, 0x502e, 0x582f, 0x6051, 0x6872, 0x70b3, 0x7113, 0x7173, 0x71f2, 
  0x7250, 0x728f, 0x728f, 0x6aae, 0x6aae, 0x6a8d, 0x628d, 0x628d, 0x626c, 0x626c, 0x626c, 0x624c, 
  0x5a4c, 0x5a4c, 0x5a2b, 0x5a2b, 0x5a2b, 0x520b, 0x520b, 0x520b, 0x520b, 0x520a, 0x51ea, 0x51ea, 
  0x51ea, 0x49ca, 0x49ca, 0x49ca, 0x49ca, 0x49a9, 0x49a9, 0x49a9, 0x49a9, 0x49a9, 0x4189, 0x4189, 
  0x4189, 0x4189, 0x4168, 0x4168, 0x4168, 0x4168, 0x4168, 0x3948, 0x3948, 0x3948, 0x3948, 0x3927, 
  0x3927, 0x3107, 0x3107, 0x3107, 0x30e6, 0x30e6, 0x30e6, 0x30e6, 0x30e6, 0x30e6, 0x28c6, 0x28c6, 
  0x28c6, 0x28c6, 0x28c6, 0x28c6, 0x28c6, 0x28a6, 0x28a5, 0x28a5, 0x28a5, 0x28a5, 0x28a5, 0x28a5, 
  0x28a5, 0x28a5, 0x28a5, 0x28a5, 0x28a5, 0x28a5, 0x28a5, 0x28a5, 0x28a5, 0x28a5, 0x28a5, 0x6ace, 
  0x3927, 0x1844, 0x1844, 0x1844, 0x1844, 0x1844, 0x1844, 0x1844, 0x1844, 0x1844, 0x1844, 0x1844, 
  0x1844, 0x1844, 0x1844, 0x1844, 0x1844, 0x1844, 0x1844, 0x1844, 0x1844, 0x1844, 0x1844, 0x1844, 
  0x1844, 0x1844, 0x1844, 0x1844, 0x1844, 0x1844, 0x1844, 0x1844, 0x1844, 0x1824, 0x1824, 0x1824, 
  0x1823, 0x1823, 0x1823, 0x1823, 0x1823, 0x1823, 0x1823, 0x1823, 0x1823, 0x1823, 0x1824, 0x1823, 
  0x1823, 0x1803, 0x1003, 0x1003, 0x1003, 0x1003, 0x1003, 0x1003, 0x1003, 0x1003, 0x1003, 0x1003, 
  0x1003, 0x1003, 0x1003, 0x1003, 0x1003, 0x1003, 0x1003, 0x1003, 0x1003, 0x1003, 0x1003, 0x1003, 
  0x1003, 0x1003, 0x1003, 0x1003, 0x1003, 0x1003, 0x1003, 0x1003, 0x1003, 0x1803, 0x1823, 0x1823, 
  0x1823, 0x1823, 0x1823, 0x1823, 0x1823, 0x1823, 0x1823, 0x1823, 0x1823, 0x1844, 0x1844, 0x1844, 
  0x1844, 0x2044, 0x2044, 0x2044, 0x2044, 0x2044, 0x2044, 0x2064, 0x2064, 0x2064, 0x2064, 0x2064, 
  0x2064, 0x2064, 0x2064, 0x2064, 0x2064, 0x2064, 0x2064, 0x2064, 0x2064, 0x2064, 0x2064, 0x2064, 
  0x2064, 0x2064, 0x2064, 0x2064, 0x2064, 0x2064, 0x2064, 0x2064, 0x2064, 0x2064, 0x2064, 0x2064, 
  0x2064, 0x2064, 0x2064, 0x2064, 0x2064, 0x2064, 0x2064, 0x2064, 0x2064, 0x2064, 0x2064, 0x2064, 
  0x2064, 0x2064, 0x2064, 0x2064, 0x2064, 0x2064, 0x2064, 0x2064, 0x2064, 0x2064, 0x2064, 0x2064, 
  0x2064, 0x2064, 0x2064, 0x2064, 0x2064, 0x2064, 0x2064, 0x2064, 0x2064, 0x2064, 0x2064, 0x2064, 
  0x2064, 0x2064, 0x2064, 0x2064, 0x2064, 0x2064, 0x2064, 0x2064, 0x2064, 0x2064, 0x2064, 0x2064, 
  0x2064, 0x2064, 0x2064, 0x2064, 0x2064, 0x2064, 0x2064, 0x2064, 0x2044, 0x1844, 0x1823, 0x1823, 
  0x1823, 0x1823, 0x1823, 0x1823, 0x1823, 0x1823, 0x1823, 0x1823, 0x1823, 0x1823, 0x1823, 0x1823, 
  0x1823, 0x1823, 0x1823, 0x1823, 0x1823, 0x1823, 0x1823, 0x1823, 0x1823, 0x1823, 0x1823, 0x1823, 
  0x1804, 0x1824, 0x2025, 0x2025, 0x2826, 0x2827, 0x3028, 0x3829, 0x382b, 0x402b, 0x482c, 0x482d, 
  0x502e, 0x5850, 0x6071, 0x6892, 0x68d2, 0x7112, 0x7152, 0x71b2, 0x7211, 0x7250, 0x728f, 0x6a8e, 
  0x6a8e, 0x628d, 0x628d, 0x626d, 0x626c, 0x626c, 0x624c, 0x5a4c, 0x5a4c, 0x5a2b, 0x5a2b, 0x5a2b, 
  0x5a2b, 0x520b, 0x520b, 0x520b, 0x520b, 0x51ea, 0x51ea, 0x51ea, 0x49ca, 0x49ca, 0x49ca, 0x49ca, 
  0x49a9, 0x49a9, 0x49a9, 0x49a9, 0x49a9, 0x4189, 0x4189, 0x4189, 0x4189, 0x4168, 0x4168, 0x4168, 
  0x4168, 0x4168, 0x3948, 0x3948, 0x3948, 0x3948, 0x3927, 0x3927, 0x3927, 0x3107, 0x3107, 0x30e6, 
  0x30e6, 0x30e6, 0x30e6, 0x30e6, 0x30c6, 0x28c6, 0x28c6, 0x28c6, 0x28c6, 0x28c6, 0x28c6, 0x28c6, 
  0x28a6, 0x28a5, 0x28a5, 0x28a5, 0x28a5, 0x28a5, 0x28a5, 0x28a5, 0x28a5, 0x28a5, 0x2885, 0x2885, 
  0x2885, 0x2885, 0x2885, 0x2885, 0x2885, 0x2885, 0x2885, 0x6ace, 0x3927, 0x1844, 0x1844, 0x1844, 
  0x1844, 0x1844, 0x1844, 0x1844, 0x1844, 0x1844, 0x1844, 0x1844, 0x1844, 0x1844, 0x1844, 0x1844, 
  0x1844, 0x1844, 0x1844, 0x1844, 0x1844, 0x1844, 0x1844, 0x1844, 0x1844, 0x1844, 0x1844, 0x1844, 
  0x1844, 0x1844, 0x1844, 0x1844, 0x1844, 0x1823, 0x1823, 0x1823, 0x1823, 0x1823, 0x1823, 0x1823, 
  0x1823, 0x1823, 0x1823, 0x1823, 0x1823, 0x1823, 0x1823, 0x1823, 0x1823, 0x1003, 0x1003, 0x1003, 
  0x1003, 0x1003, 0x1003, 0x1003, 0x1003, 0x1003, 0x1003, 0x1003, 0x1003, 0x1003, 0x1003, 0x1003, 
  0x1003, 0x1003, 0x1003, 0x1003, 0x1003, 0x1003, 0x1003, 0x1003, 0x1003, 0x1003, 0x1003, 0x1003, 
  0x1003, 0x1003, 0x1003, 0x1003, 0x1803, 0x1823, 0x1823, 0x1823, 0x1823, 0x1823, 0x1823, 0x1823, 
  0x1823, 0x1823, 0x1824, 0x1824, 0x1844, 0x1844, 0x1844, 0x1844, 0x1844, 0x2044, 0x2044, 0x2044, 
  0x2044, 0x2044, 0x2064, 0x2064, 0x2064, 0x2064, 0x2064, 0x2064, 0x2064, 0x2064, 0x2064, 0x2064, 
  0x2064, 0x2064, 0x2064, 0x2064, 0x2064, 0x2064, 0x2064, 0x2064, 0x2064, 0x2064, 0x2064, 0x2064, 
  0x2064, 0x2064, 0x2064, 0x2064, 0x2064, 0x2064, 0x2064, 0x2064, 0x2064, 0x2064, 0x2064, 0x2064, 
  0x2064, 0x2064, 0x2064, 0x2064, 0x2064, 0x2064, 0x2064, 0x2064, 0x2064, 0x2064, 0x2064, 0x2064, 
  0x2064, 0x2064, 0x2064, 0x2064, 0x2064, 0x2064, 0x2064, 0x2064, 0x2064, 0x2064, 0x2064, 0x2064, 
  0x2064, 0x2064, 0x2064, 0x2064, 0x2064, 0x2064, 0x2064, 0x2064, 0x2064, 0x2064, 0x2064, 0x2064, 
  0x2064, 0x2064, 0x2064, 0x2064, 0x2064, 0x2064, 0x2064, 0x2064, 0x2064, 0x2064, 0x2064, 0x2064, 
  0x2064, 0x2064, 0x2064, 0x2064, 0x2044, 0x1844, 0x1824, 0x1823, 0x1823, 0x1823, 0x1823, 0x1823, 
  0x1823, 0x1823, 0x1823, 0x1823, 0x1823, 0x1823, 0x1823, 0x1823, 0x1823, 0x1823, 0x1823, 0x1823, 
  0x1823, 0x1823, 0x1823, 0x1823, 0x1823, 0x1823, 0x1824, 0x1824, 0x2005, 0x2025, 0x2826, 0x2827, 
  0x3028, 0x3029, 0x382a, 0x382b, 0x402b, 0x402b, 0x482c, 0x482d, 0x504e, 0x584f, 0x6071, 0x68b1, 
  0x68d1, 0x6911, 0x6951, 0x7191, 0x71d1, 0x7210, 0x724f, 0x6a6e, 0x6a8e, 0x628d, 0x626d, 0x626d, 
  0x626c, 0x624c, 0x5a4c, 0x5a4c, 0x5a2b, 0x5a2b, 0x5a2b, 0x5a2b, 0x520b, 0x520b, 0x520b, 0x520b, 
  0x51ea, 0x51ea, 0x51ea, 0x49ca, 0x49ca, 0x49ca, 0x49ca, 0x49a9, 0x49a9, 0x49a9, 0x49a9, 0x49a9, 
  0x4189, 0x4189, 0x4189, 0x4189, 0x4168, 0x4168, 0x4168, 0x4168, 0x4168, 0x3948, 0x3948, 0x3948, 
  0x3948, 0x3927, 0x3927, 0x3927, 0x3107, 0x3107, 0x30e6, 0x30e6, 0x30e6, 0x30e6, 0x30e6, 0x30e6, 
  0x28c6, 0x28c6, 0x28c6, 0x28c6, 0x28c6, 0x28c6, 0x28c6, 0x28a5, 0x28a5, 0x28a5, 0x28a5, 0x28a5, 
  0x28a5, 0x28a5, 0x28a5, 0x28a5, 0x28a5, 0x2885, 0x2885, 0x2885, 0x2885, 0x2885, 0x2885, 0x2885, 
  0x2885, 0x2885, 0x2885, 0x6ace, 0x3927, 0x1844, 0x1844, 0x1844, 0x1844, 0x1844, 0x1844, 0x1844, 
  0x1844, 0x1844, 0x1844, 0x1844, 0x1844, 0x1844, 0x1844, 0x1844, 0x1844, 0x1844, 0x1844, 0x1844, 
  0x1844, 0x1844, 0x1844, 0x1844, 0x1844, 0x1844, 0x1844, 0x1844, 0x1844, 0x1844, 0x1844, 0x1844, 
  0x1824, 0x1823, 0x1823, 0x1823, 0x1823, 0x1823, 0x1823, 0x1823, 0x1823, 0x1823, 0x1823, 0x1823, 
  0x1823, 0x1823, 0x1823, 0x1823, 0x1823, 0x1003, 0x1003, 0x1003, 0x1003, 0x1003, 0x1003, 0x1003, 
  0x1003, 0x1003, 0x1003, 0x1003, 0x1003, 0x1003, 0x1003, 0x1003, 0x1003, 0x1003, 0x1003, 0x1003, 
  0x1003, 0x1003, 0x1003, 0x1003, 0x1003, 0x1003, 0x1003, 0x1003, 0x1003, 0x1003, 0x1003, 0x1803, 
  0x1823, 0x1823, 0x1823, 0x1823, 0x1823, 0x1823, 0x1823, 0x1823, 0x1823, 0x1824, 0x1824, 0x1844, 
  0x1844, 0x1844, 0x1844, 0x2044, 0x2044, 0x2044, 0x2044, 0x2044, 0x2044, 0x2064, 0x2064, 0x2064, 
  0x2064, 0x2064, 0x2064, 0x2064, 0x2064, 0x2064, 0x2064, 0x2064, 0x2064, 0x2064, 0x2064, 0x2064, 
  0x2064, 0x2064, 0x2064, 0x2064, 0x2064, 0x2064, 0x2064, 0x2064, 0x2064, 0x2064, 0x2064, 0x2064, 
  0x2064, 0x2064, 0x2064, 0x2064, 0x2064, 0x2064, 0x2064, 0x2064, 0x2064, 0x2064, 0x2064, 0x2064, 
  0x2064, 0x2064, 0x2064, 0x2064, 0x2064, 0x2064, 0x2064, 0x2064, 0x2064, 0x2064, 0x2064, 0x2064, 
  0x2064, 0x2064, 0x2064, 0x2064, 0x2064, 0x2064, 0x2064, 0x2064, 0x2064, 0x2064, 0x2064, 0x2064, 
  0x2064, 0x2064, 0x2064, 0x2064, 0x2064, 0x2064, 0x2064, 0x2064, 0x2064, 0x2064, 0x2064, 0x2064, 
  0x2064, 0x2064, 0x2064, 0x2064, 0x2064, 0x2064, 0x2064, 0x2064, 0x2064, 0x2064, 0x2064, 0x2064, 
  0x2064, 0x2044, 0x1844, 0x1824, 0x1823, 0x1823, 0x1823, 0x1823, 0x1823, 0x1823, 0x1823, 0x1823, 
  0x1823, 0x1823, 0x1823, 0x1823, 0x1823, 0x1823, 0x1823, 0x1823, 0x1823, 0x1823, 0x1823, 0x1823, 
  0x1824, 0x1824, 0x2024, 0x2025, 0x2026, 0x2827, 0x3028, 0x3029, 0x382a, 0x382a, 0x382a, 0x382a, 
  0x384a, 0x404a, 0x404b, 0x484c, 0x504e, 0x606f, 0x6891, 0x68d1, 0x68f1, 0x6910, 0x6930, 0x6951, 
  0x6991, 0x71f0, 0x7230, 0x6a4f, 0x6a6e, 0x6a6d, 0x626d, 0x626d, 0x624c, 0x5a4c, 0x5a4c, 0x5a4c, 
  0x5a2b, 0x5a2b, 0x5a2b, 0x520b, 0x520b, 0x520b, 0x520b, 0x51ea, 0x51ea, 0x51ea, 0x49ca, 0x49ca, 
  0x49ca, 0x49ca, 0x49a9, 0x49a9, 0x49a9, 0x49a9, 0x49a9, 0x4189, 0x4189, 0x4189, 0x4189, 0x4168, 
  0x4168, 0x4168, 0x4168, 0x4168, 0x3948, 0x3948, 0x3948, 0x3948, 0x3927, 0x3927, 0x3927, 0x3107, 
  0x3107, 0x30e6, 0x30e6, 0x30e6, 0x30e6, 0x30e6, 0x30e6, 0x28c6, 0x28c6, 0x28c6, 0x28c6, 0x28c6, 
  0x28c6, 0x28c6, 0x28a6, 0x28a5, 0x28a5, 0x28a5, 0x28a5, 0x28a5, 0x28a5, 0x28a5, 0x28a5, 0x28a5, 
  0x2885, 0x2885, 0x2885, 0x2885, 0x2885, 0x2885, 0x2885, 0x2885, 0x2885, 0x2885, 0x2885, 0x6ace, 
  0x3927, 0x1844, 0x1844, 0x1844, 0x1844, 0x1844, 0x1844, 0x1844, 0x1844, 0x1844, 0x1844, 0x1844, 
  0x1844, 0x1844, 0x1844, 0x1844, 0x1844, 0x1844, 0x1844, 0x1844, 0x1844, 0x1844, 0x1844, 0x1844, 
  0x1844, 0x1844, 0x1844, 0x1844, 0x1844, 0x1844, 0x1824, 0x1824, 0x1823, 0x1823, 0x1823, 0x1823, 
  0x1823, 0x1823, 0x1823, 0x1823, 0x1823, 0x1823, 0x1823, 0x1823, 0x1823, 0x1823, 0x1823, 0x1823, 
  0x1823, 0x1003, 0x1003, 0x1003, 0x1003, 0x1003, 0x1003, 0x1003, 0x1003, 0x1003, 0x1003, 0x1003, 
  0x1003, 0x1003, 0x1003, 0x1003, 0x1003, 0x1003, 0x1003, 0x1003, 0x1003, 0x1003, 0x1003, 0x1003, 
  0x1003, 0x1003, 0x1003, 0x1003, 0x1003, 0x1003, 0x1003, 0x1823, 0x1823, 0x1823, 0x1823, 0x1823, 
  0x1823, 0x1823, 0x1823, 0x1823, 0x1824, 0x1824, 0x1844, 0x1844, 0x1844, 0x1844, 0x2044, 0x2044, 
  0x2044, 0x2044, 0x2044, 0x2044, 0x2064, 0x2064, 0x2064, 0x2064, 0x2064, 0x2064, 0x2064, 0x2064, 
  0x2064, 0x2064, 0x2064, 0x2064, 0x2064, 0x2064, 0x2064, 0x2064, 0x2064, 0x2064, 0x2064, 0x2064, 
  0x2064, 0x2064, 0x2064, 0x2064, 0x2064, 0x2064, 0x2064, 0x2064, 0x2064, 0x2064, 0x2064, 0x2064, 
  0x2064, 0x2064, 0x2064, 0x2064, 0x2064, 0x2064, 0x2064, 0x2064, 0x2064, 0x2064, 0x2064, 0x2064, 
  0x2064, 0x2064, 0x2064, 0x2064, 0x2064, 0x2064, 0x2064, 0x2064, 0x2064, 0x2064, 0x2064, 0x2064, 
  0x2064, 0x2064, 0x2064, 0x2064, 0x2064, 0x2064, 0x2064, 0x2064, 0x2064, 0x2064, 0x2064, 0x2064, 
  0x2064, 0x2064, 0x2064, 0x2064, 0x2064, 0x2064, 0x2064, 0x2064, 0x2064, 0x2064, 0x2064, 0x2064, 
  0x2064, 0x2064, 0x2064, 0x2064, 0x2064, 0x2064, 0x2064, 0x2064, 0x2064, 0x2044, 0x2044, 0x1844, 
  0x1823, 0x1823, 0x1823, 0x1823, 0x1823, 0x1823, 0x1823, 0x1823, 0x1823, 0x1823, 0x1823, 0x1823, 
  0x1823, 0x1823, 0x1823, 0x1823, 0x1823, 0x1823, 0x1824, 0x1824, 0x2024, 0x2025, 0x2026, 0x2827, 
  0x3028, 0x3028, 0x3029, 0x382a, 0x382a, 0x384a, 0x3849, 0x3849, 0x3849, 0x3849, 0x404a, 0x484c, 
  0x584e, 0x6070, 0x68b1, 0x68d1, 0x6910, 0x612f, 0x612f, 0x6150, 0x6970, 0x69b1, 0x71f0, 0x6a2f, 
  0x6a4f, 0x6a6e, 0x626d, 0x624d, 0x624c, 0x5a4c, 0x5a2c, 0x5a2b, 0x5a2b, 0x5a2b, 0x520b, 0x520b, 
  0x520b, 0x520b, 0x51ea, 0x51ea, 0x51ea, 0x49ca, 0x49ca, 0x49ca, 0x49ca, 0x49a9, 0x49a9, 0x49a9, 
  0x49a9, 0x49a9, 0x4189, 0x4189, 0x4189, 0x4189, 0x4189, 0x4168, 0x4168, 0x4168, 0x4168, 0x3948, 
  0x3948, 0x3948, 0x3948, 0x3927, 0x3927, 0x3927, 0x3107, 0x3107, 0x3107, 0x30e6, 0x30e6, 0x30e6, 
  0x30e6, 0x30e6, 0x28c6, 0x28c6, 0x28c6, 0x28c6, 0x28c6, 0x28c6, 0x28c6, 0x28c6, 0x28a5, 0x28a5, 
  0x28a5, 0x28a5, 0x28a5, 0x28a5, 0x28a5, 0x28a5, 0x28a5, 0x28a5, 0x2885, 0x2885, 0x2885, 0x2885, 
  0x2885, 0x2885, 0x2885, 0x2885, 0x2885, 0x2885, 0x2885, 0x6ace, 0x3927, 0x1844, 0x1844, 0x1844, 
  0x1844, 0x1844, 0x1844, 0x1844, 0x1844, 0x1844, 0x1844, 0x1844, 0x1844, 0x1844, 0x1844, 0x1844, 
  0x1844, 0x1844, 0x1844, 0x1844, 0x1844, 0x1844, 0x1844, 0x1844, 0x1844, 0x1844, 0x1844, 0x1844, 
  0x1824, 0x1824, 0x1823, 0x1823, 0x1823, 0x1823, 0x1823, 0x1823, 0x1823, 0x1823, 0x1823, 0x1823, 
  0x1823, 0x1823, 0x1823, 0x1823, 0x1823, 0x1823, 0x1823, 0x1823, 0x1823, 0x1003, 0x1003, 0x1003, 
  0x1003, 0x1003, 0x1003, 0x1003, 0x1003, 0x1003, 0x1003, 0x1003, 0x1003, 0x1003, 0x1003, 0x1003, 
  0x1003, 0x1003, 0x1003, 0x1003, 0x1003, 0x1003, 0x1003, 0x1003, 0x1003, 0x1003, 0x1003, 0x1003, 
  0x1003, 0x1803, 0x1823, 0x1823, 0x1823, 0x1823, 0x1823, 0x1823, 0x1823, 0x1823, 0x1823, 0x1824, 
  0x1824, 0x1844, 0x1844, 0x1844, 0x1844, 0x2044, 0x2044, 0x2044, 0x2044, 0x2044, 0x2044, 0x2064, 
  0x2064, 0x2064, 0x2064, 0x2064, 0x2064, 0x2064, 0x2064, 0x2064, 0x2064, 0x2064, 0x2064, 0x2064, 
  0x2064, 0x2064, 0x2064, 0x2064, 0x2064, 0x2064, 0x2064, 0x2064, 0x2064, 0x2064, 0x2064, 0x2064, 
  0x2064, 0x2064, 0x2064, 0x2064, 0x2064, 0x2064, 0x2064, 0x2064, 0x2064, 0x2064, 0x2064, 0x2064, 
  0x2064, 0x2064, 0x2064, 0x2064, 0x2064, 0x2064, 0x2064, 0x2064, 0x2064, 0x2064, 0x2064, 0x2064, 
  0x2064, 0x2064, 0x2064, 0x2064, 0x2064, 0x2064, 0x2064, 0x2064, 0x2064, 0x2064, 0x2064, 0x2064, 
  0x2064, 0x2064, 0x2064, 0x2064, 0x2064, 0x2064, 0x2064, 0x2064, 0x2064, 0x2064, 0x2064, 0x2064, 
  0x2064, 0x2064, 0x2064, 0x2064, 0x2064, 0x2064, 0x2064, 0x2064, 0x2064, 0x2064, 0x2064, 0x2064, 
  0x2064, 0x2064, 0x2064, 0x2064, 0x2064, 0x2064, 0x2044, 0x1844, 0x1824, 0x1823, 0x1823, 0x1823, 
  0x1823, 0x1823, 0x1823, 0x1823, 0x1823, 0x1823, 0x1823, 0x1823, 0x1823, 0x1823, 0x1823, 0x1823, 
  0x1824, 0x1824, 0x1824, 0x2025, 0x2026, 0x2826, 0x2827, 0x3028, 0x3029, 0x3829, 0x3829, 0x3849, 
  0x3049, 0x3048, 0x3048, 0x3047, 0x3047, 0x3048, 0x404a, 0x484c, 0x586f, 0x6891, 0x70b2, 0x68f1, 
  0x6930, 0x612e, 0x592e, 0x592e, 0x6150, 0x6970, 0x69b1, 0x7210, 0x6a2f, 0x6a4e, 0x624d, 0x624d, 
  0x624c, 0x5a2c, 0x5a2c, 0x5a2b, 0x5a2b, 0x520b, 0x520b, 0x520b, 0x520b, 0x51ea, 0x51ea, 0x51ea, 
  0x49ca, 0x49ca, 0x49ca, 0x49ca, 0x49a9, 0x49a9, 0x49a9, 0x49a9, 0x49a9, 0x4189, 0x4189, 0x4189, 
  0x4189, 0x4188, 0x4168, 0x4168, 0x4168, 0x4168, 0x3948, 0x3948, 0x3948, 0x3948, 0x3927, 0x3927, 
  0x3927, 0x3107, 0x3107, 0x3107, 0x30e6, 0x30e6, 0x30e6, 0x30e6, 0x30e6, 0x28c6, 0x28c6, 0x28c6, 
  0x28c6, 0x28c6, 0x28c6, 0x28c6, 0x28c6, 0x28a5, 0x28a5, 0x28a5, 0x28a5, 0x28a5, 0x28a5, 0x28a5, 
  0x28a5, 0x28a5, 0x2885, 0x2885, 0x2885, 0x2885, 0x2085, 0x2085, 0x2085, 0x2085, 0x2085, 0x2885, 
  0x2885, 0x2885, 0x2085, 0x6aae, 0x3927, 0x1844, 0x1844, 0x1844, 0x1844, 0x1844, 0x1844, 0x1844, 
  0x1844, 0x1844, 0x1844, 0x1844, 0x1844, 0x1844, 0x1844, 0x1844, 0x1844, 0x1844, 0x1844, 0x1844, 
  0x1844, 0x1844, 0x1844, 0x1844, 0x1844, 0x1844, 0x1844, 0x1824, 0x1824, 0x1823, 0x1823, 0x1823, 
  0x1823, 0x1823, 0x1823, 0x1823, 0x1823, 0x1823, 0x1823, 0x1823, 0x1823, 0x1823, 0x1823, 0x1823, 
  0x1823, 0x1823, 0x1823, 0x1823, 0x1803, 0x1003, 0x1003, 0x1003, 0x1003, 0x1003, 0x1003, 0x1003, 
  0x1003, 0x1003, 0x1003, 0x1003, 0x1003, 0x1003, 0x1003, 0x1003, 0x1003, 0x1003, 0x1003, 0x1003, 
  0x1003, 0x1003, 0x1003, 0x1003, 0x1003, 0x1003, 0x1003, 0x1003, 0x1003, 0x1823, 0x1823, 0x1823, 
  0x1823, 0x1823, 0x1823, 0x1823, 0x1823, 0x1823, 0x1824, 0x1824, 0x1844, 0x1844, 0x1844, 0x1844, 
  0x2044, 0x2044, 0x2044, 0x2044, 0x2044, 0x2044, 0x2064, 0x2064, 0x2064, 0x2064, 0x2064, 0x2064, 
  0x2064, 0x2064, 0x2064, 0x2064, 0x2064, 0x2064, 0x2064, 0x2064, 0x2064, 0x2064, 0x2064, 0x2064, 
  0x2064, 0x2064, 0x2064, 0x2064, 0x2064, 0x2064, 0x2064, 0x2064, 0x2064, 0x2064, 0x2064, 0x2064, 
  0x2064, 0x2064, 0x2064, 0x2064, 0x2064, 0x2064, 0x2064, 0x2064, 0x2064, 0x2064, 0x2064, 0x2064, 
  0x2064, 0x2064, 0x2064, 0x2064, 0x2064, 0x2064, 0x2064, 0x2064, 0x2064, 0x2064, 0x2064, 0x2064, 
  0x2064, 0x2064, 0x2064, 0x2064, 0x2064, 0x2064, 0x2064, 0x2064, 0x2064, 0x2064, 0x2064, 0x2064, 
  0x2064, 0x2064, 0x2064, 0x2064, 0x2064, 0x2064, 0x2064, 0x2064, 0x2064, 0x2064, 0x2064, 0x2064, 
  0x2064, 0x2064, 0x2064, 0x2064, 0x2064, 0x2064, 0x2064, 0x2064, 0x2064, 0x2064, 0x2064, 0x2064, 
  0x2064, 0x2064, 0x2044, 0x2044, 0x1844, 0x1823, 0x1823, 0x1823, 0x1823, 0x1823, 0x1823, 0x1823, 
  0x1823, 0x1823, 0x1823, 0x1823, 0x1823, 0x1823, 0x1824, 0x1824, 0x2024, 0x2025, 0x2026, 0x2826, 
  0x2827, 0x3028, 0x3028, 0x3029, 0x3049, 0x3049, 0x3048, 0x3048, 0x3047, 0x2847, 0x2846, 0x2846, 
  0x2846, 0x3848, 0x404a, 0x504d, 0x6070, 0x7092, 0x70d3, 0x7111, 0x612f, 0x594d, 0x514d, 0x592d, 
  0x592e, 0x6150, 0x6991, 0x71d0, 0x6a10, 0x6a2f, 0x622e, 0x624d, 0x622c, 0x5a2c, 0x5a2c, 0x5a2b, 
  0x520b, 0x520b, 0x520b, 0x520b, 0x51ea, 0x51ea, 0x51ea, 0x49ca, 0x49ca, 0x49ca, 0x49ca, 0x49a9, 
  0x49a9, 0x49a9, 0x49a9, 0x49a9, 0x4189, 0x4189, 0x4189, 0x4189, 0x4168, 0x4168, 0x4168, 0x4168, 
  0x4168, 0x3948, 0x3948, 0x3948, 0x3948, 0x3927, 0x3927, 0x3927, 0x3107, 0x3107, 0x3107, 0x30e6, 
  0x30e6, 0x30e6, 0x30e6, 0x30e6, 0x28c6, 0x28c6, 0x28c6, 0x28c6, 0x28c6, 0x28c6, 0x28c6, 0x28c6, 
  0x28a5, 0x28a5, 0x28a5, 0x28a5, 0x28a5, 0x28a5, 0x28a5, 0x28a5, 0x2885, 0x2885, 0x2885, 0x2885, 
  0x2085, 0x2085, 0x2085, 0x2085, 0x2085, 0x2085, 0x2085, 0x2085, 0x2085, 0x2085, 0x2085, 0x6aae, 
  0x3927, 0x1844, 0x1844, 0x1844, 0x1844, 0x1844, 0x1844, 0x1844, 0x1844, 0x1844, 0x1844, 0x1844, 
  0x1844, 0x1844, 0x1844, 0x1844, 0x1844, 0x1844, 0x1844, 0x1844, 0x1844, 0x1844, 0x1844, 0x1844, 
  0x1844, 0x1844, 0x1824, 0x1824, 0x1823, 0x1823, 0x1823, 0x1823, 0x1823, 0x1823, 0x1823, 0x1823, 
  0x1823, 0x1823, 0x1823, 0x1823, 0x1823, 0x1823, 0x1823, 0x1823, 0x1823, 0x1823, 0x1823, 0x1823, 
  0x1003, 0x1003, 0x1003, 0x1003, 0x1003, 0x1003, 0x1003, 0x1003, 0x1003, 0x1003, 0x1003, 0x1003, 
  0x1003, 0x1003, 0x1003, 0x1003, 0x1003, 0x1003, 0x1003, 0x1003, 0x1003, 0x1003, 0x1003, 0x1003, 
  0x1003, 0x1003, 0x1003, 0x1003, 0x1823, 0x1823, 0x1823, 0x1823, 0x1823, 0x1823, 0x1823, 0x1823, 
  0x1823, 0x1823, 0x1824, 0x1844, 0x1844, 0x1844, 0x1844, 0x2044, 0x2044, 0x2044, 0x2044, 0x2044, 
  0x2044, 0x2064, 0x2064, 0x2064, 0x2064, 0x2064, 0x2064, 0x2064, 0x2064, 0x2064, 0x2064, 0x2064, 
  0x2064, 0x2064, 0x2064, 0x2064, 0x2064, 0x2064, 0x2064, 0x2064, 0x2064, 0x2064, 0x2064, 0x2064, 
  0x2064, 0x2064, 0x2064, 0x2064, 0x2064, 0x2064, 0x2064, 0x2064, 0x2064, 0x2064, 0x2064, 0x2064, 
  0x2064, 0x2064, 0x2064, 0x2064, 0x2064, 0x2064, 0x2064, 0x2064, 0x2064, 0x2064, 0x2064, 0x2064, 
  0x2064, 0x2064, 0x2064, 0x2064, 0x2064, 0x2064, 0x2064, 0x2064, 0x2064, 0x2064, 0x2064, 0x2064, 
  0x2064, 0x2064, 0x2064, 0x2064, 0x2064, 0x2064, 0x2064, 0x2064, 0x2064, 0x2064, 0x2064, 0x2064, 
  0x2064, 0x2064, 0x2064, 0x2064, 0x2064, 0x2064, 0x2064, 0x2064, 0x2064, 0x2064, 0x2064, 0x2064, 
  0x2064, 0x2064, 0x2064, 0x2064, 0x2064, 0x2064, 0x2064, 0x2064, 0x2064, 0x2064, 0x2064, 0x2044, 
  0x1844, 0x1824, 0x1823, 0x1823, 0x1823, 0x1823, 0x1823, 0x1823, 0x1823, 0x1823, 0x1823, 0x1823, 
  0x1824, 0x1824, 0x1824, 0x2025, 0x2025, 0x2826, 0x2827, 0x2827, 0x3028, 0x3048, 0x3048, 0x3048, 
  0x3048, 0x3047, 0x2847, 0x2846, 0x2846, 0x2865, 0x2065, 0x2865, 0x3046, 0x3848, 0x484b, 0x586f, 
  0x6892, 0x78b3, 0x78f3, 0x7131, 0x614f, 0x594d, 0x514c, 0x514c, 0x592d, 0x612f, 0x6970, 0x6991, 
  0x71d0, 0x6a10, 0x6a2e, 0x622d, 0x622d, 0x5a2c, 0x5a2c, 0x5a0b, 0x520b, 0x520b, 0x520b, 0x51ea, 
  0x51ea, 0x51ea, 0x51ea, 0x49ca, 0x49ca, 0x49ca, 0x49a9, 0x49a9, 0x49a9, 0x49a9, 0x49a9, 0x4189, 
  0x4189, 0x4189, 0x4189, 0x4189, 0x4168, 0x4168, 0x4168, 0x4168, 0x3948, 0x3948, 0x3948, 0x3948, 
  0x3927, 0x3927, 0x3927, 0x3927, 0x3107, 0x3107, 0x30e6, 0x30e6, 0x30e6, 0x30e6, 0x30e6, 0x28c6, 
  0x28c6, 0x28c6, 0x28c6, 0x28c6, 0x28c6, 0x28c6, 0x28c6, 0x28a5, 0x28a5, 0x28a5, 0x28a5, 0x28a5, 
  0x28a5, 0x28a5, 0x28a5, 0x2885, 0x2885, 0x2885, 0x2885, 0x2085, 0x2085, 0x2085, 0x2085, 0x2085, 
  0x2085, 0x2085, 0x2085, 0x2085, 0x2085, 0x2085, 0x2085, 0x6aad, 0x3927, 0x1844, 0x1844, 0x1844, 
  0x1844, 0x1844, 0x1844, 0x1844, 0x1844, 0x1844, 0x1844, 0x1844, 0x1844, 0x1844, 0x1844, 0x1844, 
  0x1844, 0x1844, 0x1844, 0x1844, 0x1844, 0x1844, 0x1844, 0x1844, 0x1844, 0x1844, 0x1824, 0x1824, 
  0x1823, 0x1823, 0x1823, 0x1823, 0x1823, 0x1823, 0x1823, 0x1823, 0x1823, 0x1823, 0x1823, 0x1823, 
  0x1823, 0x1823, 0x1823, 0x1823, 0x1823, 0x1823, 0x1823, 0x1823, 0x1003, 0x1003, 0x1003, 0x1003, 
  0x1003, 0x1003, 0x1003, 0x1003, 0x1003, 0x1003, 0x1003, 0x1003, 0x1003, 0x1003, 0x1003, 0x1003, 
  0x1003, 0x1003, 0x1003, 0x1003, 0x1003, 0x1003, 0x1003, 0x1003, 0x1003, 0x1003, 0x1003, 0x1803, 
  0x1823, 0x1823, 0x1823, 0x1823, 0x1823, 0x1823, 0x1823, 0x1823, 0x1823, 0x1824, 0x1824, 0x1844, 
  0x1844, 0x1844, 0x1844, 0x2044, 0x2044, 0x2044, 0x2044, 0x2044, 0x2064, 0x2064, 0x2064, 0x2064, 
  0x2064, 0x2064, 0x2064, 0x2064, 0x2064, 0x2064, 0x2064, 0x2064, 0x2064, 0x2064, 0x2064, 0x2064, 
  0x2064, 0x2064, 0x2064, 0x2064, 0x2064, 0x2064, 0x2064, 0x2064, 0x2064, 0x2064, 0x2064, 0x2064, 
  0x2064, 0x2064, 0x2064, 0x2064, 0x2064, 0x2064, 0x2064, 0x2064, 0x2064, 0x2064, 0x2064, 0x2064, 
  0x2064, 0x2064, 0x2064, 0x2064, 0x2064, 0x2064, 0x2064, 0x2064, 0x2064, 0x2064, 0x2064, 0x2064, 
  0x2064, 0x2064, 0x2064, 0x2064, 0x2064, 0x2064, 0x2064, 0x2064, 0x2064, 0x2064, 0x2064, 0x2064, 
  0x2064, 0x2064, 0x2064, 0x2064, 0x2064, 0x2064, 0x2064, 0x2064, 0x2064, 0x2064, 0x2064, 0x2064, 
  0x2064, 0x2064, 0x2064, 0x2064, 0x2064, 0x2064, 0x2064, 0x2064, 0x2064, 0x2064, 0x2064, 0x2064, 
  0x2064, 0x2064, 0x2064, 0x2064, 0x2064, 0x2064, 0x2064, 0x2064, 0x2044, 0x1844, 0x1823, 0x1823, 
  0x1823, 0x1823, 0x1823, 0x1823, 0x1823, 0x1823, 0x1824, 0x1824, 0x1824, 0x2025, 0x2025, 0x2026, 
  0x2826, 0x2827, 0x3028, 0x3048, 0x3048, 0x3048, 0x3048, 0x2847, 0x2847, 0x2866, 0x2866, 0x2065, 
  0x2065, 0x2065, 0x2065, 0x2866, 0x3047, 0x4049, 0x504d, 0x6070, 0x70b3, 0x78d4, 0x7913, 0x7131, 
  0x614e, 0x514c, 0x494b, 0x494b, 0x512c, 0x592e, 0x6150, 0x6971, 0x71b1, 0x71d0, 0x6a0f, 0x6a0e, 
  0x622d, 0x5a0c, 0x5a0c, 0x5a0b, 0x520b, 0x520b, 0x51ea, 0x51ea, 0x51ea, 0x51ea, 0x49ca, 0x49ca, 
  0x49ca, 0x49ca, 0x49a9, 0x49a9, 0x49a9, 0x49a9, 0x4189, 0x4189, 0x4189, 0x4189, 0x4189, 0x4168, 
  0x4168, 0x4168, 0x4168, 0x3948, 0x3948, 0x3948, 0x3948, 0x3948, 0x3927, 0x3927, 0x3927, 0x3107, 
  0x3107, 0x30e6, 0x30e6, 0x30e6, 0x30e6, 0x30e6, 0x28c6, 0x28c6, 0x28c6, 0x28c6, 0x28c6, 0x28c6, 
  0x28c6, 0x28c6, 0x28a5, 0x28a5, 0x28a5, 0x28a5, 0x28a5, 0x28a5, 0x28a5, 0x28a5, 0x28a5, 0x2885, 
  0x2885, 0x2885, 0x2085, 0x2085, 0x2085, 0x2085, 0x2085, 0x2085, 0x2085, 0x2085, 0x2085, 0x2085, 
  0x2085, 0x2085, 0x2085, 0x6aad, 0x3928, 0x1844, 0x1844, 0x1844, 0x1844, 0x1844, 0x1844, 0x1844, 
  0x1844, 0x1844, 0x1844, 0x1844, 0x1844, 0x1844, 0x1844, 0x1844, 0x1844, 0x1844, 0x1844, 0x1844, 
  0x1844, 0x1844, 0x1844, 0x1844, 0x1844, 0x1824, 0x1824, 0x1823, 0x1823, 0x1823, 0x1823, 0x1823, 
  0x1823, 0x1823, 0x1823, 0x1823, 0x1823, 0x1823, 0x1823, 0x1823, 0x1823, 0x1823, 0x1823, 0x1823, 
  0x1823, 0x1823, 0x1823, 0x1823, 0x1003, 0x1003, 0x1003, 0x1003, 0x1003, 0x1003, 0x1003, 0x1003, 
  0x1003, 0x1003, 0x1003, 0x1003, 0x1003, 0x1003, 0x1003, 0x1003, 0x1003, 0x1003, 0x1003, 0x1003, 
  0x1003, 0x1003, 0x1003, 0x1003, 0x1003, 0x1003, 0x1003, 0x1803, 0x1823, 0x1823, 0x1823, 0x1823, 
  0x1823, 0x1823, 0x1823, 0x1823, 0x1824, 0x1824, 0x1844, 0x1844, 0x1844, 0x1844, 0x2044, 0x2044, 
  0x2044, 0x2044, 0x2044, 0x2064, 0x2064, 0x2064, 0x2064, 0x2064, 0x2064, 0x2064, 0x2064, 0x2064, 
  0x2064, 0x2064, 0x2064, 0x2064, 0x2064, 0x2064, 0x2064, 0x2064, 0x2064, 0x2064, 0x2064, 0x2064, 
  0x2064, 0x2064, 0x2064, 0x2064, 0x2064, 0x2064, 0x2064, 0x2064, 0x2064, 0x2064, 0x2064, 0x2064, 
  0x2064, 0x2064, 0x2064, 0x2064, 0x2064, 0x2064, 0x2064, 0x2064, 0x2064, 0x2064, 0x2064, 0x2064, 
  0x2064, 0x2064, 0x2064, 0x2064, 0x2064, 0x2064, 0x2064, 0x2064, 0x2064, 0x2064, 0x2064, 0x2064, 
  0x2064, 0x2064, 0x2064, 0x2064, 0x2064, 0x2064, 0x2064, 0x2064, 0x2064, 0x2064, 0x2064, 0x2064, 
  0x2064, 0x2064, 0x2064, 0x2064, 0x2064, 0x2064, 0x2064, 0x2064, 0x2064, 0x2064, 0x2064, 0x2064, 
  0x2064, 0x2064, 0x2064, 0x2064, 0x2064, 0x2064, 0x2064, 0x2064, 0x2064, 0x2064, 0x2064, 0x2064, 
  0x2064, 0x2064, 0x2064, 0x2064, 0x2044, 0x1844, 0x1824, 0x1823, 0x1823, 0x1823, 0x1823, 0x1823, 
  0x1824, 0x1824, 0x1824, 0x2024, 0x2025, 0x2025, 0x2826, 0x2827, 0x2847, 0x3048, 0x3048, 0x3047, 
  0x2847, 0x2867, 0x2866, 0x2866, 0x2865, 0x2065, 0x2065, 0x2065, 0x2064, 0x2065, 0x2065, 0x2846, 
  0x3848, 0x484a, 0x586e, 0x7091, 0x78b4, 0x80f4, 0x7933, 0x6951, 0x614e, 0x514b, 0x494a, 0x494a, 
  0x494b, 0x512d, 0x612f, 0x6950, 0x7171, 0x71b1, 0x69f0, 0x6a0f, 0x620e, 0x620d, 0x5a0c, 0x5a0b, 
  0x51eb, 0x51eb, 0x51ea, 0x51ea, 0x51ea, 0x49ca, 0x49ca, 0x49ca, 0x49ca, 0x49a9, 0x49a9, 0x49a9, 
  0x49a9, 0x4189, 0x4189, 0x4189, 0x4189, 0x4188, 0x4168, 0x4168, 0x4168, 0x4168, 0x3948, 0x3948, 
  0x3948, 0x3948, 0x3948, 0x3927, 0x3927, 0x3927, 0x3107, 0x3107, 0x30e6, 0x30e6, 0x30e6, 0x30e6, 
  0x30e6, 0x28c6, 0x28c6, 0x28c6, 0x28c6, 0x28c6, 0x28c6, 0x28c6, 0x28c6, 0x28a5, 0x28a5, 0x28a5, 
  0x28a5, 0x28a5, 0x28a5, 0x28a5, 0x28a5, 0x28a5, 0x2885, 0x2885, 0x2885, 0x2085, 0x2085, 0x2085, 
  0x2085, 0x2085, 0x2085, 0x2085, 0x2085, 0x2085, 0x2085, 0x2085, 0x2085, 0x2085, 0x2085, 0x6aad, 
  0x3928, 0x1844, 0x1844, 0x1844, 0x1844, 0x1844, 0x1844, 0x1844, 0x1844, 0x1844, 0x1844, 0x1844, 
  0x1844, 0x1844, 0x1844, 0x1844, 0x1844, 0x1844, 0x1844, 0x1844, 0x1844, 0x1844, 0x1844, 0x1844, 
  0x1824, 0x1824, 0x1823, 0x1823, 0x1823, 0x1823, 0x1823, 0x1823, 0x1823, 0x1823, 0x1823, 0x1823, 
  0x1823, 0x1823, 0x1823, 0x1823, 0x1823, 0x1823, 0x1823, 0x1823, 0x1823, 0x1823, 0x1823, 0x1803, 
  0x1003, 0x1003, 0x1003, 0x1003, 0x1003, 0x1003, 0x1003, 0x1003, 0x1003, 0x1003, 0x1003, 0x1003, 
  0x1003, 0x1003, 0x1003, 0x1003, 0x1003, 0x1003, 0x1003, 0x1003, 0x1003, 0x1003, 0x1003, 0x1003, 
  0x1003, 0x1003, 0x1803, 0x1803, 0x1823, 0x1823, 0x1823, 0x1823, 0x1823, 0x1823, 0x1823, 0x1823, 
  0x1824, 0x1844, 0x1844, 0x1844, 0x1844, 0x2044, 0x2044, 0x2044, 0x2044, 0x2044, 0x2064, 0x2064, 
  0x2064, 0x2064, 0x2064, 0x2064, 0x2064, 0x2064, 0x2064, 0x2064, 0x2064, 0x2064, 0x2064, 0x2064, 
  0x2064, 0x2064, 0x2064, 0x2064, 0x2064, 0x2064, 0x2064, 0x2064, 0x2064, 0x2064, 0x2064, 0x2064, 
  0x2064, 0x2064, 0x2064, 0x2064, 0x2064, 0x2064, 0x2064, 0x2064, 0x2064, 0x2064, 0x2064, 0x2064, 
  0x2064, 0x2064, 0x2064, 0x2064, 0x2064, 0x2064, 0x2064, 0x2064, 0x2064, 0x2064, 0x2064, 0x2064, 
  0x2064, 0x2064, 0x2064, 0x2064, 0x2064, 0x2064, 0x2064, 0x2064, 0x2064, 0x2064, 0x2064, 0x2064, 
  0x2064, 0x2064, 0x2064, 0x2064, 0x2064, 0x2064, 0x2064, 0x2064, 0x2064, 0x2064, 0x2064, 0x2064, 
  0x2064, 0x2064, 0x2064, 0x2064, 0x2064, 0x2064, 0x2064, 0x2064, 0x2064, 0x2064, 0x2064, 0x2064, 
  0x2064, 0x2064, 0x2064, 0x2064, 0x2064, 0x2064, 0x2064, 0x2064, 0x2064, 0x2064, 0x2064, 0x2064, 
  0x2064, 0x2044, 0x1844, 0x1824, 0x1823, 0x1823, 0x1824, 0x1824, 0x1824, 0x2024, 0x2025, 0x2025, 
  0x2026, 0x2826, 0x2847, 0x2847, 0x2847, 0x2847, 0x2847, 0x2846, 0x2866, 0x2866, 0x2065, 0x2065, 
  0x2065, 0x2064, 0x2064, 0x2064, 0x2064, 0x2065, 0x2865, 0x3046, 0x3849, 0x484c, 0x606f, 0x7092, 
  0x80d4, 0x8114, 0x7953, 0x6950, 0x594d, 0x514b, 0x494a, 0x4149, 0x494a, 0x512c, 0x592e, 0x6130, 
  0x6951, 0x7191, 0x71b1, 0x69f0, 0x69ef, 0x620d, 0x5a0c, 0x59ec, 0x51eb, 0x51eb, 0x51ea, 0x51ea, 
  0x49ca, 0x49ca, 0x49ca, 0x49ca, 0x49a9, 0x49a9, 0x49a9, 0x49a9, 0x4189, 0x4189, 0x4189, 0x4189, 
  0x4189, 0x4168, 0x4168, 0x4168, 0x4168, 0x3948, 0x3948, 0x3948, 0x3948, 0x3948, 0x3927, 0x3927, 
  0x3927, 0x3107, 0x3107, 0x3106, 0x30e6, 0x30e6, 0x30e6, 0x30e6, 0x28c6, 0x28c6, 0x28c6, 0x28c6, 
  0x28c6, 0x28c6, 0x28c6, 0x28c6, 0x28a5, 0x28a5, 0x28a5, 0x28a5, 0x28a5, 0x28a5, 0x28a5, 0x28a5, 
  0x28a5, 0x2885, 0x2885, 0x2885, 0x2085, 0x2085, 0x2085, 0x2085, 0x2085, 0x2085, 0x2085, 0x2085, 
  0x2085, 0x2085, 0x2085, 0x2085, 0x2085, 0x2085, 0x2085, 0x6aad, 0x3928, 0x1844, 0x1844, 0x1844, 
  0x1844, 0x1844, 0x1844, 0x1844, 0x1844, 0x1844, 0x1844, 0x1844, 0x1844, 0x1844, 0x1844, 0x1844, 
  0x1844, 0x1844, 0x1844, 0x1844, 0x1844, 0x1844, 0x1844, 0x1824, 0x1824, 0x1824, 0x1823, 0x1823, 
  0x1823, 0x1823, 0x1823, 0x1823, 0x1823, 0x1823, 0x1823, 0x1823, 0x1823, 0x1823, 0x1823, 0x1823, 
  0x1823, 0x1823, 0x1823, 0x1823, 0x1823, 0x1823, 0x1823, 0x1003, 0x1003, 0x1003, 0x1003, 0x1003, 
  0x1003, 0x1003, 0x1003, 0x1003, 0x1003, 0x1003, 0x1003, 0x1003, 0x1003, 0x1003, 0x1003, 0x1003, 
  0x1003, 0x1003, 0x1003, 0x1003, 0x1003, 0x1003, 0x1003, 0x1003, 0x1003, 0x1803, 0x1803, 0x1803, 
  0x1823, 0x1823, 0x1823, 0x1823, 0x1823, 0x1823, 0x1823, 0x1823, 0x1844, 0x1844, 0x1844, 0x1844, 
  0x2044, 0x2044, 0x2044, 0x2044, 0x2044, 0x2064, 0x2064, 0x2064, 0x2064, 0x2064, 0x2064, 0x2064, 
  0x2064, 0x2064, 0x2064, 0x2064, 0x2064, 0x2064, 0x2064, 0x2064, 0x2064, 0x2064, 0x2064, 0x2064, 
  0x2064, 0x2064, 0x2064, 0x2064, 0x2064, 0x2064, 0x2064, 0x2064, 0x2064, 0x2064, 0x2064, 0x2064, 
  0x2064, 0x2064, 0x2064, 0x2064, 0x2064, 0x2064, 0x2064, 0x2064, 0x2064, 0x2064, 0x2064, 0x2064, 
  0x2064, 0x2064, 0x2064, 0x2064, 0x2064, 0x2064, 0x2064, 0x2064, 0x2064, 0x2064, 0x2064, 0x2064, 
  0x2064, 0x2064, 0x2064, 0x2064, 0x2064, 0x2064, 0x2064, 0x2064, 0x2064, 0x2064, 0x2064, 0x2064, 
  0x2064, 0x2064, 0x2064, 0x2064, 0x2064, 0x2064, 0x2064, 0x2064, 0x2064, 0x2064, 0x2064, 0x2064, 
  0x2064, 0x2064, 0x2064, 0x2064, 0x2064, 0x2064, 0x2064, 0x2064, 0x2064, 0x2064, 0x2064, 0x2064, 
  0x2064, 0x2064, 0x2064, 0x2064, 0x2064, 0x2064, 0x2064, 0x2064, 0x2064, 0x2044, 0x2044, 0x1844, 
  0x1824, 0x1824, 0x1824, 0x1824, 0x2024, 0x2025, 0x2025, 0x2846, 0x2846, 0x2846, 0x2847, 0x2846, 
  0x2846, 0x2846, 0x2866, 0x2865, 0x2065, 0x2065, 0x2065, 0x2064, 0x2064, 0x2064, 0x2064, 0x2064, 
  0x2064, 0x2065, 0x2865, 0x3047, 0x4049, 0x506d, 0x6870, 0x78b3, 0x80f4, 0x8134, 0x7952, 0x696f, 
  0x594c, 0x494a, 0x4149, 0x4149, 0x4149, 0x494a, 0x512c, 0x592f, 0x6931, 0x7172, 0x7192, 0x71d1, 
  0x69f0, 0x61ee, 0x61ed, 0x59ec, 0x51eb, 0x51eb, 0x51ea, 0x49ca, 0x49ca, 0x49ca, 0x49ca, 0x49a9, 
  0x49a9, 0x49a9, 0x49a9, 0x4189, 0x4189, 0x4189, 0x4189, 0x4189, 0x4168, 0x4168, 0x4168, 0x4168, 
  0x3948, 0x3948, 0x3948, 0x3948, 0x3948, 0x3927, 0x3927, 0x3927, 0x3107, 0x3107, 0x3107, 0x30e6, 
  0x30e6, 0x30e6, 0x30e6, 0x28c6, 0x28c6, 0x28c6, 0x28c6, 0x28c6, 0x28c6, 0x28c6, 0x28c6, 0x28a5, 
  0x28a5, 0x28a5, 0x28a5, 0x28a5, 0x28a5, 0x28a5, 0x28a5, 0x28a5, 0x2885, 0x2885, 0x2885, 0x2085, 
  0x2085, 0x2085, 0x2085, 0x2085, 0x2085, 0x2085, 0x2085, 0x2085, 0x2085, 0x2085, 0x2085, 0x2085, 
  0x2085, 0x2085, 0x2085, 0x6aad, 0x3928, 0x1844, 0x1844, 0x1844, 0x1844, 0x1844, 0x1844, 0x1844, 
  0x1844, 0x1844, 0x1844, 0x1844, 0x1844, 0x1844, 0x1844, 0x1844, 0x1844, 0x1844, 0x1844, 0x1844, 
  0x1844, 0x1844, 0x1823, 0x1823, 0x1823, 0x1823, 0x1823, 0x1823, 0x1823, 0x1823, 0x1823, 0x1823, 
  0x1823, 0x1823, 0x1823, 0x1823, 0x1823, 0x1823, 0x1823, 0x1823, 0x1823, 0x1823, 0x1823, 0x1823, 
  0x1823, 0x1823, 0x1823, 0x1003, 0x1003, 0x1003, 0x1003, 0x1003, 0x1003, 0x1003, 0x1003, 0x1003, 
  0x1003, 0x1003, 0x1003, 0x1003, 0x1003, 0x1003, 0x1003, 0x1003, 0x1003, 0x1003, 0x1003, 0x1003, 
  0x1003, 0x1003, 0x1003, 0x1003, 0x1803, 0x1803, 0x1803, 0x1823, 0x1823, 0x1823, 0x1823, 0x1823, 
  0x1823, 0x1823, 0x1823, 0x1824, 0x1844, 0x1844, 0x1844, 0x2044, 0x2044, 0x2044, 0x2044, 0x2044, 
  0x2044, 0x2064, 0x2064, 0x2064, 0x2064, 0x2064, 0x2064, 0x2064, 0x2064, 0x2064, 0x2064, 0x2064, 
  0x2064, 0x2064, 0x2064, 0x2064, 0x2064, 0x2064, 0x2064, 0x2064, 0x2064, 0x2064, 0x2064, 0x2064, 
  0x2064, 0x2064, 0x2064, 0x2064, 0x2064, 0x2064, 0x2064, 0x2064, 0x2064, 0x2064, 0x2064, 0x2064, 
  0x2064, 0x2064, 0x2064, 0x2064, 0x2064, 0x2064, 0x2064, 0x2064, 0x2064, 0x2064, 0x2064, 0x2064, 
  0x2064, 0x2064, 0x2064, 0x2064, 0x2064, 0x2064, 0x2064, 0x2064, 0x2064, 0x2064, 0x2064, 0x2064, 
  0x2064, 0x2064, 0x2064, 0x2064, 0x2064, 0x2064, 0x2064, 0x2064, 0x2064, 0x2064, 0x2064, 0x2064, 
  0x2064, 0x2064, 0x2064, 0x2064, 0x2064, 0x2064, 0x2064, 0x2064, 0x2064, 0x2064, 0x2064, 0x2064, 
  0x2064, 0x2064, 0x2064, 0x2064, 0x2064, 0x2064, 0x2064, 0x2064, 0x2064, 0x2064, 0x2064, 0x2064, 
  0x2064, 0x2064, 0x2064, 0x2064, 0x2064, 0x2064, 0x2044, 0x2044, 0x2044, 0x1824, 0x2024, 0x2025, 
  0x2045, 0x2045, 0x2846, 0x2846, 0x2846, 0x2846, 0x2846, 0x2846, 0x2846, 0x2065, 0x2065, 0x2065, 
  0x2064, 0x2064, 0x2064, 0x2064, 0x2064, 0x2064, 0x2064, 0x2064, 0x2064, 0x2065, 0x2866, 0x3047, 
  0x404a, 0x586e, 0x7091, 0x80d4, 0x8114, 0x8133, 0x7151, 0x616e, 0x514c, 0x494a, 0x4149, 0x4148, 
  0x4149, 0x494a, 0x492b, 0x592d, 0x6130, 0x6951, 0x7172, 0x71b1, 0x71d1, 0x69cf, 0x61ee, 0x59ed, 
  0x59cc, 0x51cb, 0x51ca, 0x49ca, 0x49ca, 0x49ca, 0x49a9, 0x49a9, 0x49a9, 0x49a9, 0x4189, 0x4189, 
  0x4189, 0x4189, 0x4189, 0x4168, 0x4168, 0x4168, 0x4168, 0x3948, 0x3948, 0x3948, 0x3948, 0x3948, 
  0x3927, 0x3927, 0x3927, 0x3107, 0x3107, 0x3107, 0x30e6, 0x30e6, 0x30e6, 0x30e6, 0x28c6, 0x28c6, 
  0x28c6, 0x28c6, 0x28c6, 0x28c6, 0x28c6, 0x28c6, 0x28a6, 0x28a5, 0x28a5, 0x28a5, 0x28a5, 0x28a5, 
  0x28a5, 0x28a5, 0x28a5, 0x2885, 0x2885, 0x2885, 0x2085, 0x2085, 0x2085, 0x2085, 0x2085, 0x2085, 
  0x2085, 0x2085, 0x2084, 0x2084, 0x2064, 0x2084, 0x2084, 0x2084, 0x2084, 0x2084, 0x2064, 0x6aad, 
  0x3928, 0x1844, 0x1844, 0x1844, 0x1844, 0x1844, 0x1844, 0x1844, 0x1844, 0x1844, 0x1844, 0x1844, 
  0x1844, 0x1844, 0x1844, 0x1844, 0x1844, 0x1844, 0x1844, 0x1844, 0x1844, 0x1823, 0x1823, 0x1823, 
  0x1823, 0x1823, 0x1823, 0x1823, 0x1823, 0x1823, 0x1823, 0x1823, 0x1823, 0x1823, 0x1823, 0x1823, 
  0x1823, 0x1823, 0x1823, 0x1823, 0x1823, 0x1823, 0x1823, 0x1823, 0x1823, 0x1823, 0x1823, 0x1003, 
  0x1003, 0x1003, 0x1003, 0x1003, 0x1003, 0x1003, 0x1003, 0x1003, 0x1003, 0x1003, 0x1003, 0x1003, 
  0x1003, 0x1003, 0x1003, 0x1003, 0x1003, 0x1003, 0x1003, 0x1003, 0x1003, 0x1003, 0x1003, 0x1823, 
  0x1823, 0x1823, 0x1823, 0x1823, 0x1823, 0x1823, 0x1823, 0x1823, 0x1823, 0x1823, 0x1823, 0x1844, 
  0x1844, 0x1844, 0x2044, 0x2044, 0x2044, 0x2044, 0x2044, 0x2064, 0x2064, 0x2064, 0x2064, 0x2064, 
  0x2064, 0x2064, 0x2064, 0x2064, 0x2064, 0x2064, 0x2064, 0x2064, 0x2064, 0x2064, 0x2064, 0x2064, 
  0x2064, 0x2064, 0x2064, 0x2064, 0x2064, 0x2064, 0x2064, 0x2064, 0x2064, 0x2064, 0x2064, 0x2064, 
  0x2064, 0x2064, 0x2064, 0x2064, 0x2064, 0x2064, 0x2064, 0x2064, 0x2064, 0x2064, 0x2064, 0x2064, 
  0x2064, 0x2064, 0x2064, 0x2064, 0x2064, 0x2064, 0x2064, 0x2064, 0x2064, 0x2064, 0x2064, 0x2064, 
  0x2064, 0x2064, 0x2064, 0x2064, 0x2064, 0x2064, 0x2064, 0x2064, 0x2064, 0x2064, 0x2064, 0x2064, 
  0x2064, 0x2064, 0x2064, 0x2064, 0x2064, 0x2064, 0x2064, 0x2064, 0x2064, 0x2064, 0x2064, 0x2064, 
  0x2064, 0x2064, 0x2064, 0x2064, 0x2064, 0x2064, 0x2064, 0x2064, 0x2064, 0x2064, 0x2064, 0x2064, 
  0x2064, 0x2064, 0x2064, 0x2064, 0x2064, 0x2064, 0x2064, 0x2064, 0x2064, 0x2064, 0x2064, 0x2064, 
  0x2064, 0x2064, 0x2064, 0x2044, 0x2044, 0x2044, 0x2045, 0x2045, 0x2045, 0x2046, 0x2846, 0x2846, 
  0x2846, 0x2865, 0x2065, 0x2065, 0x2065, 0x2065, 0x2064, 0x2064, 0x2064, 0x2064, 0x2064, 0x2064, 
  0x2064, 0x2064, 0x2064, 0x2064, 0x2065, 0x2065, 0x2846, 0x3848, 0x484b, 0x606e, 0x7092, 0x80d4, 
  0x8114, 0x7953, 0x6950, 0x596d, 0x514b, 0x4149, 0x4149, 0x4148, 0x4148, 0x4149, 0x494a, 0x512c, 
  0x592e, 0x6931, 0x7152, 0x7192, 0x71b1, 0x69d0, 0x69cf, 0x61cd, 0x59cc, 0x51cb, 0x51cb, 0x49ca, 
  0x49ca, 0x49aa, 0x49a9, 0x49a9, 0x49a9, 0x4189, 0x4189, 0x4189, 0x4189, 0x4189, 0x4168, 0x4168, 
  0x4168, 0x4168, 0x3948, 0x3948, 0x3948, 0x3948, 0x3948, 0x3927, 0x3927, 0x3927, 0x3927, 0x3107, 
  0x3107, 0x30e6, 0x30e6, 0x30e6, 0x30e6, 0x28c6, 0x28c6, 0x28c6, 0x28c6, 0x28c6, 0x28c6, 0x28c6, 
  0x28c6, 0x28a6, 0x28a5, 0x28a5, 0x28a5, 0x28a5, 0x28a5, 0x28a5, 0x28a5, 0x28a5, 0x2885, 0x2885, 
  0x2885, 0x2085, 0x2085, 0x2085, 0x2085, 0x2085, 0x2085, 0x2085, 0x2085, 0x2064, 0x2064, 0x2064, 
  0x2064, 0x2064, 0x2064, 0x2064, 0x2064, 0x2064, 0x2064, 0x6aad, 0x3948, 0x1844, 0x1844, 0x1844, 
  0x1844, 0x1844, 0x1844, 0x1844, 0x1844, 0x1844, 0x1844, 0x1844, 0x1844, 0x1844, 0x1844, 0x1844, 
  0x1844, 0x1844, 0x1844, 0x1844, 0x1844, 0x1823, 0x1823, 0x1823, 0x1823, 0x1823, 0x1823, 0x1823, 
  0x1823, 0x1823, 0x1823, 0x1823, 0x1823, 0x1823, 0x1823, 0x1823, 0x1823, 0x1823, 0x1823, 0x1823, 
  0x1823, 0x1823, 0x1823, 0x1823, 0x1823, 0x1823, 0x1823, 0x1003, 0x1003, 0x1003, 0x1003, 0x1003, 
  0x1003, 0x1003, 0x1003, 0x1003, 0x1003, 0x1003, 0x1003, 0x1003, 0x1003, 0x1003, 0x1003, 0x1003, 
  0x1003, 0x1003, 0x1003, 0x1003, 0x1003, 0x1003, 0x1823, 0x1823, 0x1823, 0x1823, 0x1823, 0x1823, 
  0x1823, 0x1823, 0x1823, 0x1823, 0x1823, 0x1823, 0x1824, 0x1844, 0x1844, 0x2044, 0x2044, 0x2044, 
  0x2044, 0x2044, 0x2044, 0x2064, 0x2064, 0x2064, 0x2064, 0x2064, 0x2064, 0x2064, 0x2064, 0x2064, 
  0x2064, 0x2064, 0x2064, 0x2064, 0x2064, 0x2064, 0x2064, 0x2064, 0x2064, 0x2064, 0x2064, 0x2064, 
  0x2064, 0x2064, 0x2064, 0x2064, 0x2064, 0x2064, 0x2064, 0x2064, 0x2064, 0x2064, 0x2064, 0x2064, 
  0x2064, 0x2064, 0x2064, 0x2064, 0x2064, 0x2064, 0x2064, 0x2064, 0x2064, 0x2064, 0x2064, 0x2064, 
  0x2064, 0x2064, 0x2064, 0x2064, 0x2064, 0x2064, 0x2064, 0x2064, 0x2064, 0x2064, 0x2064, 0x2064, 
  0x2064, 0x2064, 0x2064, 0x2064, 0x2064, 0x2064, 0x2064, 0x2064, 0x2064, 0x2064, 0x2064, 0x2064, 
  0x2064, 0x2064, 0x2064, 0x2064, 0x2064, 0x2064, 0x2064, 0x2064, 0x2064, 0x2064, 0x2064, 0x2064, 
  0x2064, 0x2064, 0x2064, 0x2064, 0x2064, 0x2064, 0x2064, 0x2064, 0x2064, 0x2064, 0x2064, 0x2064, 
  0x2064, 0x2064, 0x2064, 0x2064, 0x2064, 0x2064, 0x2064, 0x2064, 0x2064, 0x2064, 0x2064, 0x2044, 
  0x2045, 0x2045, 0x2045, 0x2045, 0x2045, 0x2045, 0x2045, 0x2065, 0x2065, 0x2065, 0x2065, 0x2064, 
  0x2064, 0x2064, 0x2064, 0x2064, 0x2064, 0x2064, 0x2064, 0x2064, 0x2064, 0x2064, 0x2064, 0x2064, 
  0x2065, 0x2865, 0x3046, 0x3849, 0x484c, 0x606f, 0x7092, 0x80d4, 0x8114, 0x7152, 0x694f, 0x594c, 
  0x494a, 0x4149, 0x4148, 0x4148, 0x4148, 0x4149, 0x4149, 0x492b, 0x592d, 0x612f, 0x6951, 0x7172, 
  0x7192, 0x71b1, 0x69d0, 0x61ce, 0x59cd, 0x59cc, 0x51cb, 0x51aa, 0x49aa, 0x49a9, 0x49a9, 0x49a9, 
  0x4189, 0x4189, 0x4189, 0x4189, 0x4189, 0x4168, 0x4168, 0x4168, 0x4168, 0x4148, 0x3948, 0x3948, 
  0x3948, 0x3948, 0x3927, 0x3927, 0x3927, 0x3927, 0x3107, 0x3107, 0x30e6, 0x30e6, 0x30e6, 0x30e6, 
  0x28c6, 0x28c6, 0x28c6, 0x28c6, 0x28c6, 0x28c6, 0x28c6, 0x28c6, 0x28c6, 0x28a5, 0x28a5, 0x28a5, 
  0x28a5, 0x28a5, 0x28a5, 0x28a5, 0x28a5, 0x28a5, 0x2885, 0x2885, 0x2885, 0x2085, 0x2085, 0x2085, 
  0x2085, 0x2085, 0x2085, 0x2085, 0x2064, 0x2064, 0x2064, 0x2064, 0x2064, 0x2064, 0x2064, 0x2064, 
  0x2064, 0x2064, 0x2064, 0x6aad, 0x3928, 0x1844, 0x1844, 0x1844, 0x1844, 0x1844, 0x1844, 0x1844, 
  0x1844, 0x1844, 0x1844, 0x1844, 0x1844, 0x1844, 0x1844, 0x1844, 0x1844, 0x1844, 0x1844, 0x1844, 
  0x1823, 0x1823, 0x1823, 0x1823, 0x1823, 0x1823, 0x1823, 0x1823, 0x1823, 0x1823, 0x1823, 0x1823, 
  0x1823, 0x1823, 0x1823, 0x1823, 0x1823, 0x1823, 0x1823, 0x1823, 0x1823, 0x1823, 0x1823, 0x1823, 
  0x1823, 0x1823, 0x1823, 0x1003, 0x1003, 0x1003, 0x1003, 0x1003, 0x1003, 0x1003, 0x1003, 0x1003, 
  0x1003, 0x1003, 0x1003, 0x1003, 0x1003, 0x1003, 0x1003, 0x1003, 0x1003, 0x1003, 0x1003, 0x1003, 
  0x1003, 0x1003, 0x1823, 0x1823, 0x1823, 0x1823, 0x1823, 0x1823, 0x1823, 0x1823, 0x1823, 0x1823, 
  0x1823, 0x1823, 0x1824, 0x1844, 0x1844, 0x2044, 0x2044, 0x2044, 0x2044, 0x2044, 0x2064, 0x2064, 
  0x2064, 0x2064, 0x2064, 0x2064, 0x2064, 0x2064, 0x2064, 0x2064, 0x2064, 0x2064, 0x2064, 0x2064, 
  0x2064, 0x2064, 0x2064, 0x2064, 0x2064, 0x2064, 0x2064, 0x2064, 0x2064, 0x2064, 0x2064, 0x2064, 
  0x2064, 0x2064, 0x2064, 0x2064, 0x2064, 0x2064, 0x2064, 0x2064, 0x2064, 0x2064, 0x2064, 0x2064, 
  0x2064, 0x2064, 0x2064, 0x2064, 0x2064, 0x2064, 0x2064, 0x2064, 0x2064, 0x2064, 0x2064, 0x2064, 
  0x2064, 0x2064, 0x2064, 0x2064, 0x2064, 0x2064, 0x2064, 0x2064, 0x2064, 0x2064, 0x2064, 0x2064, 
  0x2064, 0x2064, 0x2064, 0x2064, 0x2064, 0x2064, 0x2064, 0x2064, 0x2064, 0x2064, 0x2064, 0x2064, 
  0x2064, 0x2064, 0x2064, 0x2064, 0x2064, 0x2064, 0x2064, 0x2064, 0x2064, 0x2064, 0x2064, 0x2064, 
  0x2064, 0x2064, 0x2064, 0x2064, 0x2064, 0x2064, 0x2064, 0x2064, 0x2064, 0x2064, 0x2064, 0x2064, 
  0x2064, 0x2064, 0x2064, 0x2064, 0x2064, 0x2064, 0x2064, 0x2064, 0x2045, 0x2045, 0x2045, 0x2045, 
  0x2065, 0x2065, 0x2065, 0x2065, 0x2064, 0x2064, 0x2064, 0x2064, 0x2064, 0x2064, 0x2064, 0x2064, 
  0x2064, 0x2064, 0x2064, 0x2064, 0x2064, 0x2064, 0x2064, 0x2064, 0x2065, 0x2865, 0x3047, 0x4049, 
  0x504c, 0x6070, 0x70b3, 0x78f4, 0x7913, 0x7151, 0x614e, 0x514c, 0x494a, 0x4149, 0x4148, 0x4148, 
  0x4148, 0x4148, 0x4149, 0x494a, 0x512c, 0x592e, 0x6931, 0x7152, 0x7973, 0x7992, 0x71b1, 0x69b0, 
  0x61ae, 0x59ac, 0x51ab, 0x51aa, 0x49aa, 0x49a9, 0x49a9, 0x4189, 0x4189, 0x4189, 0x4189, 0x4189, 
  0x4168, 0x4168, 0x4168, 0x4168, 0x4148, 0x3948, 0x3948, 0x3948, 0x3948, 0x3927, 0x3927, 0x3927, 
  0x3927, 0x3107, 0x3107, 0x30e6, 0x30e6, 0x30e6, 0x30e6, 0x28c6, 0x28c6, 0x28c6, 0x28c6, 0x28c6, 
  0x28c6, 0x28c6, 0x28c6, 0x28a6, 0x28a5, 0x28a5, 0x28a5, 0x28a5, 0x28a5, 0x28a5, 0x28a5, 0x28a5, 
  0x28a5, 0x2885, 0x2885, 0x2085, 0x2085, 0x2085, 0x2085, 0x2085, 0x2085, 0x2085, 0x2085, 0x2064, 
  0x2064, 0x2064, 0x2064, 0x2064, 0x2064, 0x2064, 0x2064, 0x2064, 0x2064, 0x2064, 0x2064, 0x6aad, 
  0x3928, 0x1844, 0x1844, 0x1844, 0x1844, 0x1844, 0x1844, 0x1844, 0x1844, 0x1844, 0x1844, 0x1844, 
  0x1844, 0x1844, 0x1844, 0x1844, 0x1844, 0x1844, 0x1844, 0x1824, 0x1823, 0x1823, 0x1823, 0x1823, 
  0x1823, 0x1823, 0x1823, 0x1823, 0x1823, 0x1823, 0x1823, 0x1823, 0x1823, 0x1823, 0x1823, 0x1823, 
  0x1823, 0x1823, 0x1823, 0x1823, 0x1823, 0x1823, 0x1823, 0x1823, 0x1823, 0x1823, 0x1803, 0x1003, 
  0x1003, 0x1003, 0x1003, 0x1003, 0x1003, 0x1003, 0x1003, 0x1003, 0x1003, 0x1003, 0x1003, 0x1003, 
  0x1003, 0x1003, 0x1003, 0x1003, 0x1003, 0x1003, 0x1003, 0x1003, 0x1003, 0x1823, 0x1823, 0x1823, 
  0x1823, 0x1823, 0x1823, 0x1823, 0x1823, 0x1823, 0x1823, 0x1823, 0x1823, 0x1824, 0x1844, 0x1844, 
  0x2044, 0x2044, 0x2044, 0x2044, 0x2044, 0x2064, 0x2064, 0x2064, 0x2064, 0x2064, 0x2064, 0x2064, 
  0x2064, 0x2064, 0x2064, 0x2064, 0x2064, 0x2064, 0x2064, 0x2064, 0x2064, 0x2064, 0x2064, 0x2064, 
  0x2064, 0x2064, 0x2064, 0x2064, 0x2064, 0x2064, 0x2064, 0x2064, 0x2064, 0x2064, 0x2064, 0x2064, 
  0x2064, 0x2064, 0x2064, 0x2064, 0x2064, 0x2064, 0x2064, 0x2064, 0x2064, 0x2064, 0x2064, 0x2064, 
  0x2064, 0x2064, 0x2064, 0x2064, 0x2064, 0x2064, 0x2064, 0x2064, 0x2064, 0x2064, 0x2064, 0x2064, 
  0x2064, 0x2064, 0x2064, 0x2064, 0x2064, 0x2064, 0x2064, 0x2064, 0x2064, 0x2064, 0x2064, 0x2064, 
  0x2064, 0x2064, 0x2064, 0x2064, 0x2064, 0x2064, 0x2064, 0x2064, 0x2064, 0x2064, 0x2064, 0x2064, 
  0x2064, 0x2064, 0x2064, 0x2064, 0x2064, 0x2064, 0x2064, 0x2064, 0x2064, 0x2064, 0x2064, 0x2064, 
  0x2064, 0x2064, 0x2064, 0x2064, 0x2064, 0x2064, 0x2064, 0x2064, 0x2064, 0x2064, 0x2064, 0x2064, 
  0x2064, 0x2064, 0x2064, 0x2044, 0x2044, 0x2064, 0x2065, 0x2065, 0x2065, 0x2065, 0x2064, 0x2064, 
  0x2064, 0x2064, 0x2064, 0x2064, 0x2064, 0x2064, 0x2064, 0x2064, 0x2064, 0x2064, 0x2064, 0x2064, 
  0x2064, 0x2064, 0x2064, 0x2064, 0x2065, 0x2866, 0x3047, 0x404a, 0x504d, 0x6070, 0x70b2, 0x78f3, 
  0x7112, 0x6930, 0x594d, 0x514b, 0x4149, 0x4148, 0x4148, 0x3948, 0x3948, 0x4148, 0x4149, 0x4149, 
  0x492b, 0x512d, 0x612f, 0x6951, 0x7953, 0x7973, 0x7992, 0x71b1, 0x69af, 0x61ad, 0x59ac, 0x51ab, 
  0x49aa, 0x49aa, 0x4989, 0x4189, 0x4189, 0x4189, 0x4189, 0x4168, 0x4168, 0x4168, 0x4168, 0x4168, 
  0x3948, 0x3948, 0x3948, 0x3948, 0x3927, 0x3927, 0x3927, 0x3927, 0x3107, 0x3107, 0x30e6, 0x30e6, 
  0x30e6, 0x30e6, 0x30c6, 0x28c6, 0x28c6, 0x28c6, 0x28c6, 0x28c6, 0x28c6, 0x28c6, 0x28a6, 0x28a5, 
  0x28a5, 0x28a5, 0x28a5, 0x28a5, 0x28a5, 0x28a5, 0x28a5, 0x28a5, 0x2885, 0x2885, 0x2885, 0x2085, 
  0x2085, 0x2085, 0x2085, 0x2085, 0x2085, 0x2085, 0x2065, 0x2064, 0x2064, 0x2064, 0x2064, 0x2064, 
  0x2064, 0x2064, 0x2064, 0x2064, 0x2064, 0x2064, 0x2064, 0x6aad, 0x3928, 0x1844, 0x1844, 0x1844, 
  0x1844, 0x1844, 0x1844, 0x1844, 0x1844, 0x1844, 0x1844, 0x1844, 0x1844, 0x1844, 0x1844, 0x1844, 
  0x1844, 0x1844, 0x1844, 0x1824, 0x1823, 0x1823, 0x1823, 0x1823, 0x1823, 0x1823, 0x1823, 0x1823, 
  0x1823, 0x1823, 0x1823, 0x1823, 0x1823, 0x1823, 0x1823, 0x1823, 0x1823, 0x1823, 0x1823, 0x1823, 
  0x1823, 0x1823, 0x1823, 0x1823, 0x1823, 0x1823, 0x1803, 0x1003, 0x1003, 0x1003, 0x1003, 0x1003, 
  0x1003, 0x1003, 0x1003, 0x1003, 0x1003, 0x1003, 0x1003, 0x1003, 0x1003, 0x1003, 0x1003, 0x1003, 
  0x1003, 0x1003, 0x1003, 0x1003, 0x1823, 0x1823, 0x1823, 0x1823, 0x1823, 0x1823, 0x1823, 0x1823, 
  0x1823, 0x1823, 0x1823, 0x1823, 0x1823, 0x1824, 0x1844, 0x2044, 0x2044, 0x2044, 0x2044, 0x2044, 
  0x2064, 0x2064, 0x2064, 0x2064, 0x2064, 0x2064, 0x2064, 0x2064, 0x2064, 0x2064, 0x2064, 0x2064, 
  0x2064, 0x2064, 0x2064, 0x2064, 0x2064, 0x2064, 0x2064, 0x2064, 0x2064, 0x2064, 0x2064, 0x2064, 
  0x2064, 0x2064, 0x2064, 0x2064, 0x2064, 0x2064, 0x2064, 0x2064, 0x2064, 0x2064, 0x2064, 0x2064, 
  0x2064, 0x2064, 0x2064, 0x2064, 0x2064, 0x2064, 0x2064, 0x2064, 0x2064, 0x2064, 0x2064, 0x2064, 
  0x2064, 0x2064, 0x2064, 0x2064, 0x2064, 0x2064, 0x2064, 0x2064, 0x2064, 0x2064, 0x2064, 0x2064, 
  0x2064, 0x2064, 0x2064, 0x2064, 0x2064, 0x2064, 0x2064, 0x2064, 0x2064, 0x2064, 0x2064, 0x2064, 
  0x2064, 0x2064, 0x2064, 0x2064, 0x2064, 0x2064, 0x2064, 0x2064, 0x2064, 0x2064, 0x2064, 0x2064, 
  0x2064, 0x2064, 0x2064, 0x2064, 0x2064, 0x2064, 0x2064, 0x2064, 0x2064, 0x2064, 0x2064, 0x2064, 
  0x2064, 0x2064, 0x2064, 0x2064, 0x2064, 0x2064, 0x2064, 0x2064, 0x2064, 0x2044, 0x2044, 0x2044, 
  0x2044, 0x2064, 0x2064, 0x2064, 0x2064, 0x2064, 0x2064, 0x2064, 0x2064, 0x2064, 0x2064, 0x2064, 
  0x2064, 0x2064, 0x2064, 0x2064, 0x2064, 0x2064, 0x2064, 0x2064, 0x2064, 0x2064, 0x2064, 0x2064, 
  0x2065, 0x2866, 0x3048, 0x404a, 0x506d, 0x6070, 0x70b2, 0x70f2, 0x6911, 0x612e, 0x514c, 0x494a, 
  0x4149, 0x4148, 0x3948, 0x3948, 0x3948, 0x4148, 0x4148, 0x4149, 0x494a, 0x512c, 0x592e, 0x6931, 
  0x7152, 0x7973, 0x7993, 0x7992, 0x7190, 0x61af, 0x59ad, 0x51ab, 0x498a, 0x498a, 0x4989, 0x4189, 
  0x4189, 0x4189, 0x4168, 0x4168, 0x4168, 0x4168, 0x4168, 0x3948, 0x3948, 0x3948, 0x3948, 0x3927, 
  0x3927, 0x3927, 0x3927, 0x3107, 0x3107, 0x3107, 0x30e6, 0x30e6, 0x30e6, 0x30e6, 0x28c6, 0x28c6, 
  0x28c6, 0x28c6, 0x28c6, 0x28c6, 0x28c6, 0x28c6, 0x28a5, 0x28a5, 0x28a5, 0x28a5, 0x28a5, 0x28a5, 
  0x28a5, 0x28a5, 0x28a5, 0x28a5, 0x2885, 0x2885, 0x2085, 0x2085, 0x2085, 0x2085, 0x2085, 0x2085, 
  0x2085, 0x2085, 0x2065, 0x2064, 0x2064, 0x2064, 0x2064, 0x2064, 0x2064, 0x2064, 0x2064, 0x2064, 
  0x2064, 0x2064, 0x2064, 0x6aad, 0x3928, 0x1844, 0x1844, 0x1844, 0x1844, 0x1844, 0x1844, 0x1844, 
  0x1844, 0x1844, 0x1844, 0x1844, 0x1844, 0x1844, 0x1844, 0x1844, 0x1844, 0x1844, 0x1823, 0x1823, 
  0x1823, 0x1823, 0x1823, 0x1823, 0x1823, 0x1823, 0x1823, 0x1823, 0x1823, 0x1823, 0x1823, 0x1823, 
  0x1823, 0x1823, 0x1823, 0x1823, 0x1823, 0x1823, 0x1823, 0x1823, 0x1823, 0x1823, 0x1823, 0x1823, 
  0x1823, 0x1823, 0x1003, 0x1003, 0x1003, 0x1003, 0x1003, 0x1003, 0x1003, 0x1003, 0x1003, 0x1003, 
  0x1003, 0x1003, 0x1003, 0x1003, 0x1003, 0x1003, 0x1003, 0x1003, 0x1003, 0x1003, 0x1003, 0x1823, 
  0x1823, 0x1823, 0x1823, 0x1823, 0x1823, 0x1823, 0x1823, 0x1823, 0x1823, 0x1823, 0x1823, 0x1823, 
  0x1823, 0x1844, 0x1844, 0x2044, 0x2044, 0x2044, 0x2044, 0x2064, 0x2064, 0x2064, 0x2064, 0x2064, 
  0x2064, 0x2064, 0x2064, 0x2064, 0x2064, 0x2064, 0x2064, 0x2064, 0x2064, 0x2064, 0x2064, 0x2064, 
  0x2064, 0x2064, 0x2064, 0x2064, 0x2064, 0x2064, 0x2064, 0x2064, 0x2064, 0x2064, 0x2064, 0x2064, 
  0x2064, 0x2064, 0x2064, 0x2064, 0x2064, 0x2064, 0x2064, 0x2064, 0x2064, 0x2064, 0x2064, 0x2064, 
  0x2064, 0x2064, 0x2064, 0x2064, 0x2064, 0x2064, 0x2064, 0x2064, 0x2064, 0x2064, 0x2064, 0x2064, 
  0x2064, 0x2064, 0x2064, 0x2064, 0x2064, 0x2064, 0x2064, 0x2064, 0x2064, 0x2064, 0x2064, 0x2064, 
  0x2064, 0x2064, 0x2064, 0x2064, 0x2064, 0x2064, 0x2064, 0x2064, 0x2064, 0x2064, 0x2064, 0x2064, 
  0x2064, 0x2064, 0x2064, 0x2064, 0x2064, 0x2064, 0x2064, 0x2064, 0x2064, 0x2064, 0x2064, 0x2064, 
  0x2064, 0x2064, 0x2064, 0x2064, 0x2064, 0x2064, 0x2064, 0x2064, 0x2064, 0x2064, 0x2064, 0x2064, 
  0x2064, 0x2064, 0x2064, 0x2064, 0x2044, 0x2044, 0x2044, 0x2044, 0x2044, 0x2044, 0x2064, 0x2064, 
  0x2064, 0x2064, 0x2064, 0x2064, 0x2064, 0x2064, 0x2064, 0x2064, 0x2064, 0x2064, 0x2064, 0x2064, 
  0x2064, 0x2064, 0x2064, 0x2064, 0x2064, 0x2064, 0x2064, 0x2065, 0x2065, 0x2866, 0x3848, 0x404a, 
  0x506d, 0x6090, 0x68b1, 0x68f1, 0x612f, 0x592d, 0x514b, 0x494a, 0x4149, 0x4148, 0x3948, 0x3948, 
  0x3948, 0x3948, 0x4148, 0x4148, 0x4149, 0x492b, 0x512d, 0x612f, 0x7152, 0x7953, 0x7974, 0x7993, 
  0x7192, 0x6990, 0x618e, 0x598c, 0x518b, 0x498a, 0x4989, 0x4189, 0x4189, 0x4168, 0x4168, 0x4168, 
  0x4168, 0x4168, 0x3948, 0x3948, 0x3948, 0x3948, 0x3927, 0x3927, 0x3927, 0x3927, 0x3927, 0x3107, 
  0x3107, 0x30e6, 0x30e6, 0x30e6, 0x30c6, 0x28c6, 0x28c6, 0x28c6, 0x28c6, 0x28c6, 0x28c6, 0x28c6, 
  0x28a6, 0x28a5, 0x28a5, 0x28a5, 0x28a5, 0x28a5, 0x28a5, 0x28a5, 0x28a5, 0x28a5, 0x28a5, 0x2885, 
  0x2885, 0x2085, 0x2085, 0x2085, 0x2085, 0x2085, 0x2085, 0x2085, 0x2085, 0x2065, 0x2064, 0x2064, 
  0x2064, 0x2064, 0x2064, 0x2064, 0x2064, 0x2064, 0x2064, 0x2064, 0x2064, 0x2064, 0x2064, 0x6aad, 
  0x3927, 0x1844, 0x1844, 0x1844, 0x1844, 0x1844, 0x1844, 0x1844, 0x1844, 0x1844, 0x1844, 0x1844, 
  0x1844, 0x1844, 0x1844, 0x1844, 0x1844, 0x1844, 0x1823, 0x1823, 0x1823, 0x1823, 0x1823, 0x1823, 
  0x1823, 0x1823, 0x1823, 0x1823, 0x1823, 0x1823, 0x1823, 0x1823, 0x1823, 0x1823, 0x1823, 0x1823, 
  0x1823, 0x1823, 0x1823, 0x1823, 0x1823, 0x1823, 0x1823, 0x1823, 0x1823, 0x1823, 0x1003, 0x1003, 
  0x1003, 0x1003, 0x1003, 0x1003, 0x1003, 0x1003, 0x1003, 0x1003, 0x1003, 0x1003, 0x1003, 0x1003, 
  0x1003, 0x1003, 0x1003, 0x1003, 0x1003, 0x1003, 0x1823, 0x1823, 0x1823, 0x1823, 0x1823, 0x1823, 
  0x1823, 0x1823, 0x1823, 0x1823, 0x1823, 0x1823, 0x1823, 0x1823, 0x1824, 0x1844, 0x1844, 0x2044, 
  0x2044, 0x2044, 0x2064, 0x2064, 0x2064, 0x2064, 0x2064, 0x2064, 0x2064, 0x2064, 0x2064, 0x2064, 
  0x2064, 0x2064, 0x2064, 0x2064, 0x2064, 0x2064, 0x2064, 0x2064, 0x2064, 0x2064, 0x2064, 0x2064, 
  0x2064, 0x2064, 0x2064, 0x2064, 0x2064, 0x2064, 0x2064, 0x2064, 0x2064, 0x2064, 0x2064, 0x2064, 
  0x2064, 0x2064, 0x2064, 0x2064, 0x2064, 0x2064, 0x2064, 0x2064, 0x2064, 0x2064, 0x2064, 0x2064, 
  0x2064, 0x2064, 0x2064, 0x2064, 0x2064, 0x2064, 0x2064, 0x2064, 0x2064, 0x2064, 0x2064, 0x2064, 
  0x2064, 0x2064, 0x2064, 0x2064, 0x2064, 0x2064, 0x2064, 0x2064, 0x2064, 0x2064, 0x2064, 0x2064, 
  0x2064, 0x2064, 0x2064, 0x2064, 0x2064, 0x2064, 0x2064, 0x2064, 0x2064, 0x2064, 0x2064, 0x2064, 
  0x2064, 0x2064, 0x2064, 0x2064, 0x2064, 0x2064, 0x2064, 0x2064, 0x2064, 0x2064, 0x2064, 0x2064, 
  0x2064, 0x2064, 0x2064, 0x2064, 0x2064, 0x2064, 0x2064, 0x2064, 0x2064, 0x2044, 0x2044, 0x2044, 
  0x2044, 0x2044, 0x2044, 0x2044, 0x2044, 0x2044, 0x2044, 0x2064, 0x2064, 0x2064, 0x2064, 0x2064, 
  0x2064, 0x2064, 0x2064, 0x2064, 0x2064, 0x2064, 0x2064, 0x2064, 0x2064, 0x2064, 0x2064, 0x2064, 
  0x2064, 0x2064, 0x2064, 0x2065, 0x2865, 0x2866, 0x3848, 0x404b, 0x506d, 0x6090, 0x68d0, 0x68f0, 
  0x612e, 0x514c, 0x494a, 0x4149, 0x4148, 0x4148, 0x3948, 0x3948, 0x3948, 0x3948, 0x3948, 0x4148, 
  0x4149, 0x492a, 0x512b, 0x592e, 0x6931, 0x7153, 0x7974, 0x8174, 0x7993, 0x7191, 0x698f, 0x618d, 
  0x518c, 0x498a, 0x4989, 0x4189, 0x4169, 0x4168, 0x4168, 0x4168, 0x4168, 0x3948, 0x3948, 0x3948, 
  0x3948, 0x3927, 0x3927, 0x3927, 0x3927, 0x3927, 0x3107, 0x3107, 0x30e6, 0x30e6, 0x30e6, 0x30e6, 
  0x28c6, 0x28c6, 0x28c6, 0x28c6, 0x28c6, 0x28c6, 0x28c6, 0x28c6, 0x28a5, 0x28a5, 0x28a5, 0x28a5, 
  0x28a5, 0x28a5, 0x28a5, 0x28a5, 0x28a5, 0x28a5, 0x2885, 0x2885, 0x2085, 0x2085, 0x2085, 0x2085, 
  0x2085, 0x2085, 0x2085, 0x2065, 0x2065, 0x2065, 0x2064, 0x2064, 0x2064, 0x2064, 0x2064, 0x2064, 
  0x2064, 0x2064, 0x2064, 0x2064, 0x2064, 0x2064, 0x2064, 0x6aad, 0x3927, 0x1844, 0x1844, 0x1844, 
  0x1844, 0x1844, 0x1844, 0x1844, 0x1844, 0x1844, 0x1844, 0x1844, 0x1844, 0x1844, 0x1844, 0x1844, 
  0x1844, 0x1823, 0x1823, 0x1823, 0x1823, 0x1823, 0x1823, 0x1823, 0x1823, 0x1823, 0x1823, 0x1823, 
  0x1823, 0x1823, 0x1823, 0x1823, 0x1823, 0x1823, 0x1823, 0x1823, 0x1823, 0x1823, 0x1823, 0x1823, 
  0x1823, 0x1823, 0x1823, 0x1823, 0x1823, 0x1803, 0x1003, 0x1003, 0x1003, 0x1003, 0x1003, 0x1003, 
  0x1003, 0x1003, 0x1003, 0x1003, 0x1003, 0x1003, 0x1003, 0x1003, 0x1003, 0x1003, 0x1003, 0x1003, 
  0x1003, 0x1823, 0x1823, 0x1823, 0x1823, 0x1823, 0x1823, 0x1823, 0x1823, 0x1823, 0x1823, 0x1823, 
  0x1823, 0x1823, 0x1823, 0x1823, 0x1824, 0x1844, 0x2044, 0x2044, 0x2044, 0x2064, 0x2064, 0x2064, 
  0x2064, 0x2064, 0x2064, 0x2064, 0x2064, 0x2064, 0x2064, 0x2064, 0x2064, 0x2064, 0x2064, 0x2064, 
  0x2064, 0x2064, 0x2064, 0x2064, 0x2064, 0x2064, 0x2064, 0x2064, 0x2064, 0x2064, 0x2064, 0x2064, 
  0x2064, 0x2064, 0x2064, 0x2064, 0x2064, 0x2064, 0x2064, 0x2064, 0x2064, 0x2064, 0x2064, 0x2064, 
  0x2064, 0x2064, 0x2064, 0x2064, 0x2064, 0x2064, 0x2064, 0x2064, 0x2064, 0x2064, 0x2064, 0x2064, 
  0x2064, 0x2064, 0x2064, 0x2064, 0x2064, 0x2064, 0x2064, 0x2064, 0x2064, 0x2064, 0x2064, 0x2064, 
  0x2064, 0x2064, 0x2064, 0x2064, 0x2064, 0x2064, 0x2064, 0x2064, 0x2064, 0x2064, 0x2064, 0x2064, 
  0x2064, 0x2064, 0x2064, 0x2064, 0x2064, 0x2064, 0x2064, 0x2064, 0x2064, 0x2064, 0x2064, 0x2064, 
  0x2064, 0x2064, 0x2064, 0x2064, 0x2064, 0x2064, 0x2064, 0x2064, 0x2064, 0x2064, 0x2064, 0x2064, 
  0x2064, 0x2064, 0x2064, 0x2044, 0x2044, 0x2044, 0x2044, 0x2044, 0x2044, 0x2044, 0x2044, 0x2044, 
  0x2044, 0x2044, 0x2044, 0x2064, 0x2064, 0x2064, 0x2064, 0x2064, 0x2064, 0x2064, 0x2064, 0x2064, 
  0x2064, 0x2064, 0x2064, 0x2064, 0x2064, 0x2064, 0x2064, 0x2064, 0x2064, 0x2064, 0x2064, 0x2065, 
  0x2865, 0x2846, 0x3848, 0x406b, 0x506d, 0x608f, 0x60cf, 0x610f, 0x592d, 0x514b, 0x494a, 0x4149, 
  0x4148, 0x3948, 0x3948, 0x3948, 0x3948, 0x3948, 0x3948, 0x3948, 0x4148, 0x4149, 0x492a, 0x512d, 
  0x612f, 0x7152, 0x7954, 0x8174, 0x8174, 0x7993, 0x7191, 0x618f, 0x598d, 0x516b, 0x496a, 0x4169, 
  0x4169, 0x4168, 0x4168, 0x4168, 0x3948, 0x3948, 0x3948, 0x3948, 0x3927, 0x3927, 0x3927, 0x3927, 
  0x3927, 0x3107, 0x3107, 0x30e6, 0x30e6, 0x30e6, 0x30e6, 0x28c6, 0x28c6, 0x28c6, 0x28c6, 0x28c6, 
  0x28c6, 0x28c6, 0x28c6, 0x28a5, 0x28a5, 0x28a5, 0x28a5, 0x28a5, 0x28a5, 0x28a5, 0x28a5, 0x28a5, 
  0x28a5, 0x2885, 0x2885, 0x2085, 0x2085, 0x2085, 0x2085, 0x2085, 0x2085, 0x2085, 0x2085, 0x2065, 
  0x2065, 0x2064, 0x2064, 0x2064, 0x2064, 0x2064, 0x2064, 0x2064, 0x2064, 0x2064, 0x2064, 0x2064, 
  0x2064, 0x2064, 0x2064, 0x6aad, 0x3927, 0x1844, 0x1844, 0x1844, 0x1844, 0x1844, 0x1844, 0x1844, 
  0x1844, 0x1844, 0x1844, 0x1844, 0x1844, 0x1844, 0x1844, 0x1824, 0x1823, 0x1823, 0x1823, 0x1823, 
  0x1823, 0x1823, 0x1823, 0x1823, 0x1823, 0x1823, 0x1823, 0x1823, 0x1823, 0x1823, 0x1823, 0x1823, 
  0x1823, 0x1823, 0x1823, 0x1823, 0x1823, 0x1823, 0x1823, 0x1823, 0x1823, 0x1823, 0x1823, 0x1823, 
  0x1823, 0x1803, 0x1003, 0x1003, 0x1003, 0x1003, 0x1003, 0x1003, 0x1003, 0x1003, 0x1003, 0x1003, 
  0x1003, 0x1003, 0x1003, 0x1003, 0x1003, 0x1003, 0x1003, 0x1003, 0x1823, 0x1823, 0x1823, 0x1823, 
  0x1823, 0x1823, 0x1823, 0x1823, 0x1823, 0x1823, 0x1823, 0x1823, 0x1823, 0x1823, 0x1823, 0x1823, 
  0x1824, 0x1844, 0x2044, 0x2044, 0x2044, 0x2064, 0x2064, 0x2064, 0x2064, 0x2064, 0x2064, 0x2064, 
  0x2064, 0x2064, 0x2064, 0x2064, 0x2064, 0x2064, 0x2064, 0x2064, 0x2064, 0x2064, 0x2064, 0x2064, 
  0x2064, 0x2064, 0x2064, 0x2064, 0x2064, 0x2064, 0x2064, 0x2064, 0x2064, 0x2064, 0x2064, 0x2064, 
  0x2064, 0x2064, 0x2064, 0x2064, 0x2064, 0x2064, 0x2064, 0x2064, 0x2064, 0x2064, 0x2064, 0x2064, 
  0x2064, 0x2064, 0x2064, 0x2064, 0x2064, 0x2064, 0x2064, 0x2064, 0x2064, 0x2064, 0x2064, 0x2064, 
  0x2064, 0x2064, 0x2064, 0x2064, 0x2064, 0x2064, 0x2064, 0x2064, 0x2064, 0x2064, 0x2064, 0x2064, 
  0x2064, 0x2064, 0x2064, 0x2064, 0x2064, 0x2064, 0x2064, 0x2064, 0x2064, 0x2064, 0x2064, 0x2064, 
  0x2064, 0x2064, 0x2064, 0x2064, 0x2064, 0x2064, 0x2064, 0x2064, 0x2064, 0x2064, 0x2064, 0x2064, 
  0x2064, 0x2064, 0x2064, 0x2064, 0x2064, 0x2064, 0x2064, 0x2064, 0x2044, 0x2044, 0x2044, 0x2044, 
  0x2044, 0x2044, 0x2044, 0x2044, 0x2044, 0x2044, 0x2044, 0x2044, 0x2044, 0x2044, 0x2044, 0x2064, 
  0x2064, 0x2064, 0x2064, 0x2064, 0x2064, 0x2064, 0x2064, 0x2064, 0x2064, 0x2064, 0x2064, 0x2064, 
  0x2064, 0x2064, 0x2064, 0x2064, 0x2064, 0x2064, 0x2064, 0x2065, 0x2865, 0x3047, 0x3848, 0x406b, 
  0x508d, 0x58ae, 0x58ef, 0x590e, 0x512c, 0x494a, 0x4149, 0x4148, 0x4148, 0x3948, 0x3948, 0x3948, 
  0x3948, 0x3948, 0x3948, 0x3948, 0x4148, 0x4149, 0x492a, 0x512b, 0x592e, 0x6950, 0x7153, 0x8174, 
  0x8175, 0x8174, 0x7972, 0x6970, 0x616e, 0x516c, 0x496b, 0x4969, 0x4169, 0x4168, 0x4168, 0x3948, 
  0x3948, 0x3948, 0x3948, 0x3948, 0x3927, 0x3927, 0x3927, 0x3927, 0x3107, 0x3107, 0x30e6, 0x30e6, 
  0x30e6, 0x30e6, 0x28c6, 0x28c6, 0x28c6, 0x28c6, 0x28c6, 0x28c6, 0x28c6, 0x28c6, 0x28a5, 0x28a5, 
  0x28a5, 0x28a5, 0x28a5, 0x28a5, 0x28a5, 0x28a5, 0x28a5, 0x2885, 0x2885, 0x2885, 0x2085, 0x2085, 
  0x2085, 0x2085, 0x2085, 0x2085, 0x2085, 0x2085, 0x2065, 0x2065, 0x2065, 0x2064, 0x2064, 0x2064, 
  0x2064, 0x2064, 0x2064, 0x2064, 0x2064, 0x2064, 0x2064, 0x2064, 0x2064, 0x2064, 0x2064, 0x6aad, 
  0x3927, 0x1844, 0x1844, 0x1844, 0x1844, 0x1844, 0x1844, 0x1844, 0x1844, 0x1844, 0x1844, 0x1844, 
  0x1844, 0x1844, 0x1824, 0x1823, 0x1823, 0x1823, 0x1823, 0x1823, 0x1823, 0x1823, 0x1823, 0x1823, 
  0x1823, 0x1823, 0x1823, 0x1823, 0x1823, 0x1823, 0x1823, 0x1823, 0x1823, 0x1823, 0x1823, 0x1823, 
  0x1823, 0x1823, 0x1823, 0x1823, 0x1823, 0x1823, 0x1823, 0x1823, 0x1803, 0x1803, 0x1003, 0x1003, 
  0x1003, 0x1003, 0x1003, 0x1003, 0x1003, 0x1003, 0x1003, 0x1003, 0x1003, 0x1003, 0x1003, 0x1003, 
  0x1003, 0x1003, 0x1003, 0x1823, 0x1823, 0x1823, 0x1823, 0x1823, 0x1823, 0x1823, 0x1823, 0x1823, 
  0x1823, 0x1823, 0x1823, 0x1823, 0x1823, 0x1823, 0x1823, 0x1823, 0x1824, 0x1844, 0x2044, 0x2044, 
  0x2064, 0x2064, 0x2064, 0x2064, 0x2064, 0x2064, 0x2064, 0x2064, 0x2064, 0x2064, 0x2064, 0x2064, 
  0x2064, 0x2064, 0x2064, 0x2064, 0x2064, 0x2064, 0x2064, 0x2064, 0x2064, 0x2064, 0x2064, 0x2064, 
  0x2064, 0x2064, 0x2064, 0x2064, 0x2064, 0x2064, 0x2064, 0x2064, 0x2064, 0x2064, 0x2064, 0x2064, 
  0x2064, 0x2064, 0x2064, 0x2064, 0x2064, 0x2064, 0x2064, 0x2064, 0x2064, 0x2064, 0x2064, 0x2064, 
  0x2064, 0x2064, 0x2064, 0x2064, 0x2064, 0x2064, 0x2064, 0x2064, 0x2064, 0x2064, 0x2064, 0x2064, 
  0x2064, 0x2064, 0x2064, 0x2064, 0x2064, 0x2064, 0x2064, 0x2064, 0x2064, 0x2064, 0x2064, 0x2064, 
  0x2064, 0x2064, 0x2064, 0x2064, 0x2064, 0x2064, 0x2064, 0x2064, 0x2064, 0x2064, 0x2064, 0x2064, 
  0x2064, 0x2064, 0x2064, 0x2064, 0x2064, 0x2064, 0x2064, 0x2064, 0x2064, 0x2064, 0x2064, 0x2064, 
  0x2064, 0x2064, 0x2044, 0x2044, 0x2044, 0x2044, 0x2044, 0x2044, 0x2044, 0x2044, 0x2044, 0x2044, 
  0x2044, 0x2044, 0x2044, 0x2044, 0x2044, 0x2044, 0x2044, 0x2064, 0x2064, 0x2064, 0x2064, 0x2064, 
  0x2064, 0x2064, 0x2064, 0x2064, 0x2064, 0x2064, 0x2064, 0x2064, 0x2064, 0x2064, 0x2064, 0x2064, 
  0x2064, 0x2064, 0x2064, 0x2065, 0x2865, 0x3067, 0x3868, 0x406b, 0x508d, 0x58ce, 0x58ed, 0x512c, 
  0x492b, 0x494a, 0x4149, 0x4148, 0x3948, 0x3948, 0x3948, 0x3948, 0x3948, 0x3948, 0x3948, 0x3948, 
  0x3948, 0x4148, 0x4129, 0x492a, 0x512c, 0x614f, 0x7152, 0x7954, 0x8175, 0x8175, 0x8174, 0x7172, 
  0x696f, 0x596d, 0x516b, 0x496a, 0x4169, 0x4148, 0x4148, 0x3948, 0x3948, 0x3948, 0x3948, 0x3927, 
  0x3927, 0x3927, 0x3927, 0x3107, 0x3107, 0x3107, 0x30e6, 0x30e6, 0x30e6, 0x30c6, 0x28c6, 0x28c6, 
  0x28c6, 0x28c6, 0x28c6, 0x28c6, 0x28c6, 0x28a5, 0x28a5, 0x28a5, 0x28a5, 0x28a5, 0x28a5, 0x28a5, 
  0x28a5, 0x28a5, 0x2885, 0x2885, 0x2885, 0x2085, 0x2085, 0x2085, 0x2085, 0x2085, 0x2085, 0x2085, 
  0x2084, 0x2064, 0x2064, 0x2064, 0x2064, 0x2064, 0x2064, 0x2064, 0x2064, 0x2064, 0x2064, 0x2064, 
  0x2064, 0x2064, 0x2064, 0x2064, 0x2064, 0x2064, 0x2064, 0x6aad, 0x3928, 0x1844, 0x1844, 0x1844, 
  0x1844, 0x1844, 0x1844, 0x1844, 0x1844, 0x1844, 0x1844, 0x1844, 0x1844, 0x1844, 0x1824, 0x1824, 
  0x1824, 0x1824, 0x1824, 0x1824, 0x1824, 0x1824, 0x1824, 0x1824, 0x1823, 0x1823, 0x1823, 0x1823, 
  0x1823, 0x1823, 0x1823, 0x1823, 0x1823, 0x1823, 0x1823, 0x1823, 0x1823, 0x1823, 0x1823, 0x1823, 
  0x1823, 0x1823, 0x1823, 0x1823, 0x1803, 0x1003, 0x1003, 0x1003, 0x1003, 0x1003, 0x1003, 0x1003, 
  0x1003, 0x1003, 0x1003, 0x1003, 0x1003, 0x1003, 0x1003, 0x1003, 0x1003, 0x1003, 0x1003, 0x1823, 
  0x1823, 0x1823, 0x1823, 0x1823, 0x1823, 0x1823, 0x1823, 0x1823, 0x1823, 0x1823, 0x1823, 0x1823, 
  0x1823, 0x1823, 0x1823, 0x1823, 0x1844, 0x1844, 0x2044, 0x2044, 0x2064, 0x2064, 0x2064, 0x2064, 
  0x2064, 0x2064, 0x2064, 0x2064, 0x2064, 0x2064, 0x2064, 0x2064, 0x2064, 0x2064, 0x2064, 0x2064, 
  0x2064, 0x2064, 0x2064, 0x2064, 0x2064, 0x2064, 0x2064, 0x2064, 0x2064, 0x2064, 0x2064, 0x2064, 
  0x2064, 0x2064, 0x2064, 0x2064, 0x2064, 0x2064, 0x2064, 0x2064, 0x2064, 0x2064, 0x2064, 0x2064, 
  0x2064, 0x2064, 0x2064, 0x2064, 0x2064, 0x2064, 0x2064, 0x2064, 0x2064, 0x2064, 0x2064, 0x2064, 
  0x2064, 0x2064, 0x2064, 0x2064, 0x2064, 0x2064, 0x2064, 0x2064, 0x2064, 0x2064, 0x2064, 0x2064, 
  0x2064, 0x2064, 0x2064, 0x2064, 0x2064, 0x2064, 0x2064, 0x2064, 0x2064, 0x2064, 0x2064, 0x2064, 
  0x2064, 0x2064, 0x2064, 0x2064, 0x2064, 0x2064, 0x2064, 0x2064, 0x2064, 0x2064, 0x2064, 0x2064, 
  0x2064, 0x2064, 0x2064, 0x2064, 0x2064, 0x2064, 0x2064, 0x2064, 0x2044, 0x2044, 0x2044, 0x2044, 
  0x2044, 0x2044, 0x2044, 0x2044, 0x2044, 0x2044, 0x2044, 0x2044, 0x2044, 0x2044, 0x2044, 0x2044, 
  0x2044, 0x2044, 0x2044, 0x2044, 0x2064, 0x2064, 0x2064, 0x2064, 0x2064, 0x2064, 0x2064, 0x2064, 
  0x2064, 0x2064, 0x2064, 0x2064, 0x2064, 0x2064, 0x2064, 0x2064, 0x2064, 0x2064, 0x2064, 0x2065, 
  0x2865, 0x3067, 0x3869, 0x408a, 0x50ac, 0x50cd, 0x510c, 0x512b, 0x494a, 0x4149, 0x4148, 0x4148, 
  0x3948, 0x3948, 0x3948, 0x3948, 0x3948, 0x3948, 0x3948, 0x3948, 0x3948, 0x3948, 0x4149, 0x4129, 
  0x492b, 0x592d, 0x6950, 0x7953, 0x8175, 0x8975, 0x8175, 0x7973, 0x7171, 0x614f, 0x594c, 0x494b, 
  0x4149, 0x4149, 0x4148, 0x3948, 0x3948, 0x3948, 0x3927, 0x3927, 0x3927, 0x3927, 0x3107, 0x3107, 
  0x3107, 0x30e6, 0x30e6, 0x30e6, 0x28c6, 0x28c6, 0x28c6, 0x28c6, 0x28c6, 0x28c6, 0x28c6, 0x28c6, 
  0x28a5, 0x28a5, 0x28a5, 0x28a5, 0x28a5, 0x28a5, 0x28a5, 0x28a5, 0x28a5, 0x2885, 0x2885, 0x2885, 
  0x2085, 0x2085, 0x2085, 0x2085, 0x2085, 0x2085, 0x2085, 0x2064, 0x2064, 0x2064, 0x2064, 0x2064, 
  0x2064, 0x2064, 0x2064, 0x2064, 0x2064, 0x2064, 0x2064, 0x2064, 0x2064, 0x2064, 0x2064, 0x2064, 
  0x2064, 0x2064, 0x2064, 0x6aad, 0x3948, 0x1844, 0x1844, 0x1844, 0x1844, 0x1844, 0x1844, 0x1844, 
  0x1844, 0x1844, 0x1844, 0x1844, 0x1844, 0x1844, 0x1844, 0x1824, 0x1824, 0x1844, 0x1844, 0x1844, 
  0x1844, 0x1824, 0x1824, 0x1824, 0x1824, 0x1823, 0x1823, 0x1823, 0x1823, 0x1823, 0x1823, 0x1823, 
  0x1823, 0x1823, 0x1823, 0x1823, 0x1823, 0x1823, 0x1823, 0x1823, 0x1823, 0x1823, 0x1823, 0x1823, 
  0x1803, 0x1003, 0x1003, 0x1003, 0x1003, 0x1003, 0x1003, 0x1003, 0x1003, 0x1003, 0x1003, 0x1003, 
  0x1003, 0x1003, 0x1003, 0x1003, 0x1003, 0x1003, 0x1823, 0x1823, 0x1823, 0x1823, 0x1823, 0x1823, 
  0x1823, 0x1823, 0x1823, 0x1823, 0x1823, 0x1823, 0x1823, 0x1823, 0x1823, 0x1823, 0x1823, 0x1823, 
  0x1844, 0x2044, 0x2044, 0x2044, 0x2064, 0x2064, 0x2064, 0x2064, 0x2064, 0x2064, 0x2064, 0x2064, 
  0x2064, 0x2064, 0x2064, 0x2064, 0x2064, 0x2064, 0x2064, 0x2064, 0x2064, 0x2064, 0x2064, 0x2064, 
  0x2064, 0x2064, 0x2064, 0x2064, 0x2064, 0x2064, 0x2064, 0x2064, 0x2064, 0x2064, 0x2064, 0x2064, 
  0x2064, 0x2064, 0x2064, 0x2064, 0x2064, 0x2064, 0x2064, 0x2064, 0x2064, 0x2064, 0x2064, 0x2064, 
  0x2064, 0x2064, 0x2064, 0x2064, 0x2064, 0x2064, 0x2064, 0x2064, 0x2064, 0x2064, 0x2064, 0x2064, 
  0x2064, 0x2064, 0x2064, 0x2064, 0x2064, 0x2064, 0x2064, 0x2064, 0x2064, 0x2064, 0x2064, 0x2064, 
  0x2064, 0x2064, 0x2064, 0x2064, 0x2064, 0x2064, 0x2064, 0x2064, 0x2064, 0x2064, 0x2064, 0x2064, 
  0x2064, 0x2064, 0x2064, 0x2064, 0x2064, 0x2064, 0x2064, 0x2064, 0x2064, 0x2064, 0x2064, 0x2064, 
  0x2064, 0x2064, 0x2064, 0x2044, 0x2044, 0x2044, 0x2044, 0x2044, 0x2044, 0x2044, 0x2044, 0x2044, 
  0x2044, 0x2044, 0x2044, 0x2044, 0x2044, 0x2044, 0x2044, 0x2044, 0x2044, 0x2044, 0x2044, 0x2044, 
  0x2064, 0x2064, 0x2064, 0x2064, 0x2064, 0x2064, 0x2064, 0x2064, 0x2064, 0x2064, 0x2064, 0x2064, 
  0x2064, 0x2064, 0x2064, 0x2064, 0x2064, 0x2064, 0x2064, 0x2065, 0x2866, 0x3067, 0x3868, 0x408a, 
  0x48ac, 0x50ec, 0x510c, 0x492b, 0x4949, 0x4149, 0x4148, 0x3948, 0x3948, 0x3948, 0x3948, 0x3948, 
  0x3948, 0x3948, 0x3948, 0x3948, 0x3948, 0x3948, 0x4148, 0x4129, 0x492a, 0x512c, 0x612f, 0x7151, 
  0x7954, 0x8975, 0x8976, 0x8175, 0x7953, 0x6950, 0x614e, 0x514c, 0x494a, 0x4149, 0x4148, 0x3948, 
  0x3948, 0x3927, 0x3927, 0x3927, 0x3927, 0x3107, 0x3107, 0x3107, 0x30e6, 0x30e6, 0x30e6, 0x28c6, 
  0x28c6, 0x28c6, 0x28c6, 0x28c6, 0x28c6, 0x28c6, 0x28c6, 0x28a5, 0x28a5, 0x28a5, 0x28a5, 0x28a5, 
  0x28a5, 0x28a5, 0x28a5, 0x28a5, 0x2885, 0x2885, 0x2885, 0x2885, 0x2085, 0x2085, 0x2085, 0x2085, 
  0x2085, 0x2085, 0x2084, 0x2064, 0x2064, 0x2064, 0x2064, 0x2064, 0x2064, 0x2064, 0x2064, 0x2064, 
  0x2064, 0x2064, 0x2064, 0x2064, 0x2064, 0x2064, 0x2064, 0x2064, 0x2064, 0x2064, 0x2064, 0x6aad, 
  0x3948, 0x1844, 0x1844, 0x1844, 0x1844, 0x1844, 0x1844, 0x1844, 0x1844, 0x1844, 0x1844, 0x1844, 
  0x1844, 0x1844, 0x1844, 0x1844, 0x1844, 0x1844, 0x1844, 0x1844, 0x1844, 0x1844, 0x1844, 0x1844, 
  0x1844, 0x1844, 0x1844, 0x1844, 0x1823, 0x1823, 0x1823, 0x1823, 0x1823, 0x1823, 0x1823, 0x1823, 
  0x1823, 0x1823, 0x1823, 0x1823, 0x1823, 0x1823, 0x1823, 0x1803, 0x1803, 0x1003, 0x1003, 0x1003, 
  0x1003, 0x1003, 0x1003, 0x1003, 0x1003, 0x1003, 0x1003, 0x1003, 0x1003, 0x1003, 0x1003, 0x1003, 
  0x1003, 0x1823, 0x1823, 0x1823, 0x1823, 0x1823, 0x1823, 0x1823, 0x1823, 0x1823, 0x1823, 0x1823, 
  0x1823, 0x1823, 0x1823, 0x1823, 0x1823, 0x1823, 0x1823, 0x1824, 0x1844, 0x2044, 0x2044, 0x2064, 
  0x2064, 0x2064, 0x2064, 0x2064, 0x2064, 0x2064, 0x2064, 0x2064, 0x2064, 0x2064, 0x2064, 0x2064, 
  0x2064, 0x2064, 0x2064, 0x2064, 0x2064, 0x2064, 0x2064, 0x2064, 0x2064, 0x2064, 0x2064, 0x2064, 
  0x2064, 0x2064, 0x2064, 0x2064, 0x2064, 0x2064, 0x2064, 0x2064, 0x2064, 0x2064, 0x2064, 0x2064, 
  0x2064, 0x2064, 0x2064, 0x2064, 0x2064, 0x2064, 0x2064, 0x2064, 0x2064, 0x2064, 0x2064, 0x2064, 
  0x2064, 0x2064, 0x2064, 0x2064, 0x2064, 0x2064, 0x2064, 0x2064, 0x2064, 0x2064, 0x2064, 0x2064, 
  0x2064, 0x2064, 0x2064, 0x2064, 0x2064, 0x2064, 0x2064, 0x2064, 0x2064, 0x2064, 0x2064, 0x2064, 
  0x2064, 0x2064, 0x2064, 0x2064, 0x2064, 0x2064, 0x2064, 0x2064, 0x2064, 0x2064, 0x2064, 0x2064, 
  0x2064, 0x2064, 0x2064, 0x2064, 0x2064, 0x2064, 0x2064, 0x2064, 0x2044, 0x2044, 0x2044, 0x2044, 
  0x2044, 0x2044, 0x2044, 0x2044, 0x2044, 0x2044, 0x2044, 0x2044, 0x2044, 0x2044, 0x2044, 0x2044, 
  0x2044, 0x2044, 0x2044, 0x2044, 0x2044, 0x2044, 0x2044, 0x2044, 0x2044, 0x2064, 0x2064, 0x2064, 
  0x2064, 0x2064, 0x2064, 0x2064, 0x2064, 0x2064, 0x2064, 0x2064, 0x2064, 0x2064, 0x2064, 0x2064, 
  0x2064, 0x2064, 0x2064, 0x2065, 0x2866, 0x3067, 0x3868, 0x408a, 0x48cb, 0x48eb, 0x492b, 0x492a, 
  0x4149, 0x4148, 0x4148, 0x3948, 0x3948, 0x3948, 0x3948, 0x3948, 0x3948, 0x3948, 0x3948, 0x3948, 
  0x3948, 0x3948, 0x3948, 0x4128, 0x4129, 0x492b, 0x592d, 0x6950, 0x7952, 0x8155, 0x8976, 0x8956, 
  0x8154, 0x7952, 0x694f, 0x594d, 0x514b, 0x4149, 0x4128, 0x3928, 0x3928, 0x3927, 0x3927, 0x3927, 
  0x3927, 0x3107, 0x3107, 0x30e6, 0x30e6, 0x30e6, 0x30e6, 0x28c6, 0x28c6, 0x28c6, 0x28c6, 0x28c6, 
  0x28c6, 0x28c6, 0x28a5, 0x28a5, 0x28a5, 0x28a5, 0x28a5, 0x28a5, 0x28a5, 0x28a5, 0x2885, 0x2885, 
  0x2885, 0x2885, 0x2885, 0x2085, 0x2085, 0x2085, 0x2085, 0x2085, 0x2085, 0x2085, 0x2064, 0x2064, 
  0x2064, 0x2064, 0x2064, 0x2064, 0x2064, 0x2064, 0x2064, 0x2064, 0x2064, 0x2064, 0x2064, 0x2064, 
  0x2064, 0x2064, 0x2064, 0x2064, 0x2064, 0x2064, 0x2064, 0x6aad, 0x3948, 0x2064, 0x2064, 0x2064, 
  0x2064, 0x2064, 0x2064, 0x2064, 0x2064, 0x2064, 0x2044, 0x2044, 0x1844, 0x1844, 0x1844, 0x1844, 
  0x1844, 0x1844, 0x1844, 0x1844, 0x1844, 0x1844, 0x1844, 0x1844, 0x1844, 0x1844, 0x1844, 0x1844, 
  0x1844, 0x1823, 0x1823, 0x1823, 0x1823, 0x1823, 0x1823, 0x1823, 0x1823, 0x1823, 0x1823, 0x1823, 
  0x1823, 0x1823, 0x1823, 0x1803, 0x1803, 0x1003, 0x1003, 0x1003, 0x1003, 0x1003, 0x1003, 0x1003, 
  0x1003, 0x1003, 0x1003, 0x1003, 0x1003, 0x1003, 0x1003, 0x1003, 0x1803, 0x1823, 0x1823, 0x1823, 
  0x1823, 0x1823, 0x1823, 0x1823, 0x1823, 0x1823, 0x1823, 0x1823, 0x1823, 0x1823, 0x1823, 0x1823, 
  0x1823, 0x1823, 0x1823, 0x1824, 0x1844, 0x2044, 0x2044, 0x2064, 0x2064, 0x2064, 0x2064, 0x2064, 
  0x2064, 0x2064, 0x2064, 0x2064, 0x2064, 0x2064, 0x2064, 0x2064, 0x2064, 0x2064, 0x2064, 0x2064, 
  0x2064, 0x2064, 0x2064, 0x2064, 0x2064, 0x2064, 0x2064, 0x2064, 0x2064, 0x2064, 0x2064, 0x2064, 
  0x2064, 0x2064, 0x2064, 0x2064, 0x2064, 0x2064, 0x2064, 0x2064, 0x2064, 0x2064, 0x2064, 0x2064, 
  0x2064, 0x2064, 0x2064, 0x2064, 0x2064, 0x2064, 0x2064, 0x2064, 0x2064, 0x2064, 0x2064, 0x2064, 
  0x2064, 0x2064, 0x2064, 0x2064, 0x2064, 0x2064, 0x2064, 0x2064, 0x2064, 0x2064, 0x2064, 0x2064, 
  0x2064, 0x2064, 0x2064, 0x2064, 0x2064, 0x2064, 0x2064, 0x2064, 0x2064, 0x2064, 0x2064, 0x2064, 
  0x2064, 0x2064, 0x2064, 0x2064, 0x2064, 0x2064, 0x2064, 0x2064, 0x2064, 0x2064, 0x2064, 0x2064, 
  0x2064, 0x2044, 0x2044, 0x2044, 0x2044, 0x2044, 0x2044, 0x2044, 0x2044, 0x2044, 0x2044, 0x2044, 
  0x2044, 0x2044, 0x2044, 0x2044, 0x2044, 0x2044, 0x2044, 0x2044, 0x2044, 0x2044, 0x2044, 0x2044, 
  0x2044, 0x2044, 0x2044, 0x2044, 0x2044, 0x2064, 0x2064, 0x2064, 0x2064, 0x2064, 0x2064, 0x2064, 
  0x2064, 0x2064, 0x2064, 0x2064, 0x2064, 0x2064, 0x2064, 0x2064, 0x2064, 0x2064, 0x2064, 0x2065, 
  0x2866, 0x3067, 0x3888, 0x40aa, 0x48cb, 0x490b, 0x492a, 0x4149, 0x4149, 0x4148, 0x3948, 0x3948, 
  0x3948, 0x3948, 0x3948, 0x3948, 0x3948, 0x3948, 0x3948, 0x3948, 0x3948, 0x3948, 0x3948, 0x3928, 
  0x4129, 0x492a, 0x512c, 0x612e, 0x7151, 0x7954, 0x8975, 0x8976, 0x8955, 0x8154, 0x7151, 0x612e, 
  0x512c, 0x492a, 0x4129, 0x3928, 0x3928, 0x3927, 0x3927, 0x3927, 0x3107, 0x3107, 0x30e6, 0x30e6, 
  0x30e6, 0x30e6, 0x28c6, 0x28c6, 0x28c6, 0x28c6, 0x28c6, 0x28c6, 0x28c6, 0x28a5, 0x28a5, 0x28a5, 
  0x28a5, 0x28a5, 0x28a5, 0x28a5, 0x28a5, 0x28a5, 0x2885, 0x2885, 0x2885, 0x2085, 0x2085, 0x2085, 
  0x2085, 0x2085, 0x2085, 0x2085, 0x2064, 0x2064, 0x2064, 0x2064, 0x2064, 0x2064, 0x2064, 0x2064, 
  0x2064, 0x2064, 0x2064, 0x2064, 0x2064, 0x2064, 0x2064, 0x2064, 0x2064, 0x2064, 0x2064, 0x2064, 
  0x2064, 0x2064, 0x2064, 0x6a8d, 0x3948, 0x2064, 0x2064, 0x2064, 0x2064, 0x2064, 0x2064, 0x2064, 
  0x2064, 0x2064, 0x2064, 0x2064, 0x2064, 0x2064, 0x2044, 0x2044, 0x1844, 0x1844, 0x1844, 0x1844, 
  0x1844, 0x1844, 0x1844, 0x1844, 0x1844, 0x1844, 0x1844, 0x1844, 0x1844, 0x1823, 0x1823, 0x1823, 
  0x1823, 0x1823, 0x1823, 0x1823, 0x1823, 0x1823, 0x1823, 0x1823, 0x1823, 0x1823, 0x1823, 0x1803, 
  0x1803, 0x1003, 0x1003, 0x1003, 0x1003, 0x1003, 0x1003, 0x1003, 0x1003, 0x1003, 0x1003, 0x1003, 
  0x1003, 0x1003, 0x1003, 0x1003, 0x1803, 0x1823, 0x1823, 0x1823, 0x1823, 0x1823, 0x1823, 0x1823, 
  0x1823, 0x1823, 0x1823, 0x1823, 0x1823, 0x1823, 0x1823, 0x1823, 0x1823, 0x1823, 0x1823, 0x1824, 
  0x1844, 0x2044, 0x2044, 0x2064, 0x2064, 0x2064, 0x2064, 0x2064, 0x2064, 0x2064, 0x2064, 0x2064, 
  0x2064, 0x2064, 0x2064, 0x2064, 0x2064, 0x2064, 0x2064, 0x2064, 0x2064, 0x2064, 0x2064, 0x2064, 
  0x2064, 0x2064, 0x2064, 0x2064, 0x2064, 0x2064, 0x2064, 0x2064, 0x2064, 0x2064, 0x2064, 0x2064, 
  0x2064, 0x2064, 0x2064, 0x2064, 0x2064, 0x2064, 0x2064, 0x2064, 0x2064, 0x2064, 0x2064, 0x2064, 
  0x2064, 0x2064, 0x2064, 0x2064, 0x2064, 0x2064, 0x2064, 0x2064, 0x2064, 0x2064, 0x2064, 0x2064, 
  0x2064, 0x2064, 0x2064, 0x2064, 0x2064, 0x2064, 0x2064, 0x2064, 0x2064, 0x2064, 0x2064, 0x2064, 
  0x2064, 0x2064, 0x2064, 0x2064, 0x2064, 0x2064, 0x2064, 0x2064, 0x2064, 0x2064, 0x2064, 0x2064, 
  0x2064, 0x2064, 0x2064, 0x2064, 0x2064, 0x2064, 0x2064, 0x2064, 0x2044, 0x2044, 0x2044, 0x2044, 
  0x2044, 0x2044, 0x2044, 0x2044, 0x2044, 0x2044, 0x2044, 0x2044, 0x2044, 0x2044, 0x2044, 0x2044, 
  0x2044, 0x2044, 0x2044, 0x2044, 0x2044, 0x2044, 0x2044, 0x2044, 0x2044, 0x2044, 0x2044, 0x2044, 
  0x2044, 0x2064, 0x2064, 0x2064, 0x2064, 0x2064, 0x2064, 0x2064, 0x2064, 0x2064, 0x2064, 0x2064, 
  0x2064, 0x2064, 0x2064, 0x2064, 0x2064, 0x2064, 0x2064, 0x2065, 0x2866, 0x3067, 0x3888, 0x40aa, 
  0x40ea, 0x410a, 0x4129, 0x4149, 0x4148, 0x3948, 0x3948, 0x3948, 0x3948, 0x3948, 0x3948, 0x3948, 
  0x3948, 0x3948, 0x3948, 0x3948, 0x3948, 0x3948, 0x3948, 0x3928, 0x4128, 0x4129, 0x492a, 0x592d, 
  0x614f, 0x7152, 0x8175, 0x8976, 0x8956, 0x8955, 0x7933, 0x6930, 0x592d, 0x512b, 0x412a, 0x4128, 
  0x3928, 0x3927, 0x3927, 0x3107, 0x3107, 0x3107, 0x30e6, 0x30e6, 0x30e6, 0x28c6, 0x28c6, 0x28c6, 
  0x28c6, 0x28c6, 0x28c6, 0x28c6, 0x28a5, 0x28a5, 0x28a5, 0x28a5, 0x28a5, 0x28a5, 0x28a5, 0x28a5, 
  0x28a5, 0x2885, 0x2885, 0x2885, 0x2885, 0x2085, 0x2085, 0x2085, 0x2085, 0x2085, 0x2085, 0x2084, 
  0x2064, 0x2064, 0x2064, 0x2064, 0x2064, 0x2064, 0x2064, 0x2064, 0x2064, 0x2064, 0x2064, 0x2064, 
  0x2064, 0x2064, 0x2064, 0x2064, 0x2064, 0x2064, 0x2064, 0x2064, 0x2064, 0x2064, 0x2064, 0x6a8d, 
  0x4168, 0x2085, 0x2085, 0x2085, 0x2085, 0x2085, 0x2085, 0x2085, 0x2085, 0x2084, 0x2064, 0x2064, 
  0x2064, 0x2064, 0x2064, 0x2064, 0x2044, 0x1844, 0x1844, 0x1844, 0x1844, 0x1844, 0x1844, 0x1844, 
  0x1844, 0x1844, 0x1844, 0x1844, 0x1824, 0x1823, 0x1823, 0x1823, 0x1823, 0x1823, 0x1823, 0x1823, 
  0x1823, 0x1823, 0x1823, 0x1823, 0x1823, 0x1823, 0x1823, 0x1803, 0x1803, 0x1003, 0x1003, 0x1003, 
  0x1003, 0x1003, 0x1003, 0x1003, 0x1003, 0x1003, 0x1003, 0x1003, 0x1003, 0x1003, 0x1003, 0x1003, 
  0x1823, 0x1823, 0x1823, 0x1823, 0x1823, 0x1823, 0x1823, 0x1823, 0x1823, 0x1823, 0x1823, 0x1823, 
  0x1823, 0x1823, 0x1823, 0x1823, 0x1823, 0x1823, 0x1824, 0x1824, 0x1844, 0x2044, 0x2044, 0x2064, 
  0x2064, 0x2064, 0x2064, 0x2064, 0x2064, 0x2064, 0x2064, 0x2064, 0x2064, 0x2064, 0x2064, 0x2064, 
  0x2064, 0x2064, 0x2064, 0x2064, 0x2064, 0x2064, 0x2064, 0x2064, 0x2064, 0x2064, 0x2064, 0x2064, 
  0x2064, 0x2064, 0x2064, 0x2064, 0x2064, 0x2064, 0x2064, 0x2064, 0x2064, 0x2064, 0x2064, 0x2064, 
  0x2064, 0x2064, 0x2064, 0x2064, 0x2064, 0x2064, 0x2064, 0x2064, 0x2064, 0x2064, 0x2064, 0x2064, 
  0x2064, 0x2064, 0x2064, 0x2064, 0x2064, 0x2064, 0x2064, 0x2064, 0x2064, 0x2064, 0x2064, 0x2064, 
  0x2064, 0x2064, 0x2064, 0x2064, 0x2064, 0x2064, 0x2064, 0x2064, 0x2064, 0x2064, 0x2064, 0x2064, 
  0x2064, 0x2064, 0x2064, 0x2064, 0x2064, 0x2064, 0x2064, 0x2064, 0x2064, 0x2064, 0x2064, 0x2064, 
  0x2064, 0x2044, 0x2044, 0x2044, 0x2044, 0x2044, 0x2044, 0x2044, 0x2044, 0x1844, 0x2044, 0x2044, 
  0x2044, 0x2044, 0x2044, 0x2044, 0x2044, 0x2044, 0x2044, 0x2044, 0x2044, 0x2044, 0x2044, 0x2044, 
  0x2044, 0x2044, 0x2044, 0x2044, 0x2044, 0x2044, 0x2044, 0x2044, 0x2044, 0x2064, 0x2064, 0x2064, 
  0x2064, 0x2064, 0x2064, 0x2064, 0x2064, 0x2064, 0x2064, 0x2064, 0x2064, 0x2064, 0x2064, 0x2064, 
  0x2064, 0x2064, 0x2064, 0x2065, 0x2866, 0x3067, 0x3888, 0x40ca, 0x40ea, 0x412a, 0x4149, 0x4148, 
  0x3948, 0x3948, 0x3948, 0x3948, 0x3948, 0x3948, 0x3948, 0x3948, 0x3948, 0x3948, 0x3948, 0x3948, 
  0x3948, 0x3948, 0x3948, 0x3928, 0x3928, 0x4129, 0x492a, 0x512b, 0x592e, 0x6951, 0x7953, 0x8975, 
  0x9176, 0x9156, 0x8154, 0x7932, 0x692f, 0x592c, 0x492a, 0x4129, 0x3928, 0x3907, 0x3907, 0x3107, 
  0x3107, 0x30e6, 0x30e6, 0x30e6, 0x28c6, 0x28c6, 0x28c6, 0x28c6, 0x28c6, 0x28c6, 0x28c6, 0x28a6, 
  0x28a5, 0x28a5, 0x28a5, 0x28a5, 0x28a5, 0x28a5, 0x28a5, 0x28a5, 0x28a5, 0x2885, 0x2885, 0x2885, 
  0x2085, 0x2085, 0x2085, 0x2085, 0x2085, 0x2085, 0x2085, 0x2064, 0x2064, 0x2064, 0x2064, 0x2064, 
  0x2064, 0x2064, 0x2064, 0x2064, 0x2064, 0x2064, 0x2064, 0x2064, 0x2064, 0x2064, 0x2064, 0x2064, 
  0x2064, 0x2064, 0x2064, 0x2064, 0x2064, 0x2064, 0x2064, 0x6a8d, 0x4168, 0x2085, 0x2085, 0x2085, 
  0x2085, 0x2085, 0x2085, 0x2085, 0x2085, 0x2085, 0x2085, 0x2064, 0x2064, 0x2064, 0x2064, 0x2064, 
  0x2064, 0x2044, 0x1844, 0x1844, 0x1844, 0x1844, 0x1844, 0x1844, 0x1844, 0x1844, 0x1844, 0x1844, 
  0x1824, 0x1823, 0x1823, 0x1823, 0x1823, 0x1823, 0x1823, 0x1823, 0x1823, 0x1823, 0x1823, 0x1823, 
  0x1823, 0x1823, 0x1823, 0x1803, 0x1803, 0x1003, 0x1003, 0x1003, 0x1003, 0x1003, 0x1003, 0x1003, 
  0x1003, 0x1003, 0x1003, 0x1003, 0x1003, 0x1003, 0x1003, 0x1803, 0x1823, 0x1823, 0x1823, 0x1823, 
  0x1823, 0x1823, 0x1823, 0x1823, 0x1823, 0x1823, 0x1823, 0x1823, 0x1823, 0x1823, 0x1823, 0x1823, 
  0x1823, 0x1824, 0x1824, 0x1824, 0x1844, 0x2044, 0x2044, 0x2064, 0x2064, 0x2064, 0x2064, 0x2064, 
  0x2064, 0x2064, 0x2064, 0x2064, 0x2064, 0x2064, 0x2064, 0x2064, 0x2064, 0x2064, 0x2064, 0x2064, 
  0x2064, 0x2064, 0x2064, 0x2064, 0x2064, 0x2064, 0x2064, 0x2064, 0x2064, 0x2064, 0x2064, 0x2064, 
  0x2064, 0x2064, 0x2064, 0x2064, 0x2064, 0x2064, 0x2064, 0x2064, 0x2064, 0x2064, 0x2064, 0x2064, 
  0x2064, 0x2064, 0x2064, 0x2064, 0x2064, 0x2064, 0x2064, 0x2064, 0x2064, 0x2064, 0x2064, 0x2064, 
  0x2064, 0x2064, 0x2064, 0x2064, 0x2064, 0x2064, 0x2064, 0x2064, 0x2064, 0x2064, 0x2064, 0x2064, 
  0x2064, 0x2064, 0x2064, 0x2064, 0x2064, 0x2064, 0x2064, 0x2064, 0x2064, 0x2064, 0x2064, 0x2064, 
  0x2064, 0x2064, 0x2064, 0x2064, 0x2064, 0x2064, 0x2044, 0x2044, 0x2044, 0x2044, 0x2044, 0x2044, 
  0x2044, 0x1844, 0x1844, 0x1844, 0x1844, 0x1844, 0x2044, 0x2044, 0x2044, 0x2044, 0x2044, 0x2044, 
  0x2044, 0x2044, 0x2044, 0x2044, 0x2044, 0x2044, 0x2044, 0x2044, 0x2044, 0x2044, 0x2044, 0x2044, 
  0x2044, 0x2044, 0x2044, 0x2044, 0x2044, 0x2064, 0x2064, 0x2064, 0x2064, 0x2064, 0x2064, 0x2064, 
  0x2064, 0x2064, 0x2064, 0x2064, 0x2064, 0x2064, 0x2064, 0x2064, 0x2064, 0x2064, 0x2064, 0x2065, 
  0x2866, 0x3087, 0x38a8, 0x40c9, 0x4109, 0x4129, 0x4149, 0x4148, 0x3948, 0x3948, 0x3948, 0x3948, 
  0x3948, 0x3948, 0x3948, 0x3948, 0x3948, 0x3948, 0x3948, 0x3948, 0x3948, 0x3948, 0x3928, 0x3928, 
  0x3928, 0x3928, 0x4129, 0x492a, 0x512c, 0x612f, 0x7152, 0x8174, 0x9176, 0x9176, 0x8956, 0x8133, 
  0x7131, 0x612e, 0x510c, 0x490a, 0x4108, 0x3908, 0x3107, 0x3107, 0x30e6, 0x30e6, 0x30e6, 0x28c6, 
  0x28c6, 0x28c6, 0x28c6, 0x28c6, 0x28c6, 0x28c6, 0x28a5, 0x28a5, 0x28a5, 0x28a5, 0x28a5, 0x28a5, 
  0x28a5, 0x28a5, 0x28a5, 0x28a5, 0x2885, 0x2885, 0x2085, 0x2085, 0x2085, 0x2085, 0x2085, 0x2085, 
  0x2085, 0x2085, 0x2064, 0x2064, 0x2064, 0x2064, 0x2064, 0x2064, 0x2064, 0x2064, 0x2064, 0x2064, 
  0x2064, 0x2064, 0x2064, 0x2064, 0x2064, 0x2064, 0x2064, 0x2064, 0x2064, 0x2064, 0x2064, 0x2064, 
  0x2064, 0x2064, 0x2064, 0x6a8d, 0x4168, 0x2085, 0x2085, 0x2085, 0x2085, 0x2085, 0x2085, 0x2085, 
  0x2085, 0x2085, 0x2085, 0x2084, 0x2064, 0x2064, 0x2064, 0x2064, 0x2064, 0x1844, 0x1844, 0x1844, 
  0x1844, 0x1844, 0x1844, 0x1844, 0x1844, 0x1844, 0x1844, 0x1844, 0x1824, 0x1823, 0x1823, 0x1823, 
  0x1823, 0x1823, 0x1823, 0x1823, 0x1823, 0x1823, 0x1823, 0x1823, 0x1823, 0x1823, 0x1823, 0x1803, 
  0x1003, 0x1003, 0x1003, 0x1003, 0x1003, 0x1003, 0x1003, 0x1003, 0x1003, 0x1003, 0x1003, 0x1003, 
  0x1003, 0x1003, 0x1803, 0x1823, 0x1823, 0x1823, 0x1823, 0x1823, 0x1823, 0x1823, 0x1823, 0x1823, 
  0x1823, 0x1823, 0x1823, 0x1823, 0x1823, 0x1823, 0x1823, 0x1823, 0x1823, 0x1824, 0x1824, 0x1844, 
  0x1844, 0x2044, 0x2044, 0x2064, 0x2064, 0x2064, 0x2064, 0x2064, 0x2064, 0x2064, 0x2064, 0x2064, 
  0x2064, 0x2064, 0x2064, 0x2064, 0x2064, 0x2064, 0x2064, 0x2064, 0x2064, 0x2064, 0x2064, 0x2064, 
  0x2064, 0x2064, 0x2064, 0x2064, 0x2064, 0x2064, 0x2064, 0x2064, 0x2064, 0x2064, 0x2064, 0x2064, 
  0x2064, 0x2064, 0x2064, 0x2064, 0x2064, 0x2064, 0x2064, 0x2064, 0x2064, 0x2064, 0x2064, 0x2064, 
  0x2064, 0x2064, 0x2064, 0x2064, 0x2064, 0x2064, 0x2064, 0x2064, 0x2064, 0x2064, 0x2064, 0x2064, 
  0x2064, 0x2064, 0x2064, 0x2064, 0x2064, 0x2064, 0x2064, 0x2064, 0x2064, 0x2064, 0x2064, 0x2064, 
  0x2064, 0x2064, 0x2064, 0x2064, 0x2064, 0x2064, 0x2064, 0x2064, 0x2064, 0x2064, 0x2064, 0x2064, 
  0x2064, 0x2044, 0x2044, 0x2044, 0x2044, 0x2044, 0x2044, 0x1844, 0x1844, 0x1844, 0x1844, 0x1844, 
  0x1844, 0x1844, 0x1844, 0x2044, 0x2044, 0x2044, 0x2044, 0x2044, 0x2044, 0x2044, 0x2044, 0x2044, 
  0x2044, 0x2044, 0x2044, 0x2044, 0x2044, 0x2044, 0x2044, 0x2044, 0x2044, 0x2044, 0x2044, 0x2044, 
  0x2044, 0x2044, 0x2044, 0x2044, 0x2044, 0x2044, 0x2064, 0x2064, 0x2064, 0x2064, 0x2064, 0x2064, 
  0x2064, 0x2064, 0x2064, 0x2064, 0x2064, 0x2064, 0x2065, 0x2065, 0x2866, 0x3087, 0x38a8, 0x40e9, 
  0x4109, 0x4129, 0x4148, 0x3948, 0x3948, 0x3948, 0x3948, 0x3948, 0x3948, 0x3948, 0x3948, 0x3948, 
  0x3948, 0x3948, 0x3948, 0x3948, 0x3948, 0x3948, 0x3928, 0x3928, 0x3928, 0x3928, 0x4128, 0x4129, 
  0x492b, 0x592d, 0x6950, 0x7953, 0x8975, 0x9176, 0x9156, 0x8955, 0x7932, 0x6910, 0x590d, 0x490b, 
  0x4109, 0x3908, 0x3107, 0x30e7, 0x30e6, 0x30e6, 0x28c6, 0x28c6, 0x28c6, 0x28c6, 0x28c6, 0x28c6, 
  0x28c6, 0x28a5, 0x28a5, 0x28a5, 0x28a5, 0x28a5, 0x28a5, 0x28a5, 0x28a5, 0x28a5, 0x28a5, 0x2885, 
  0x2885, 0x2085, 0x2085, 0x2085, 0x2085, 0x2085, 0x2085, 0x2085, 0x2084, 0x2064, 0x2064, 0x2064, 
  0x2064, 0x2064, 0x2064, 0x2064, 0x2064, 0x2064, 0x2064, 0x2064, 0x2064, 0x2064, 0x2064, 0x2064, 
  0x2064, 0x2064, 0x2064, 0x2064, 0x2064, 0x2064, 0x2064, 0x2064, 0x2064, 0x2064, 0x2064, 0x6a8d, 
  0x4168, 0x20a5, 0x2085, 0x2085, 0x2085, 0x20a5, 0x20a5, 0x20a5, 0x2085, 0x2085, 0x2085, 0x2084, 
  0x2064, 0x2064, 0x2064, 0x2064, 0x2044, 0x1844, 0x1844, 0x1844, 0x1844, 0x1844, 0x1844, 0x1844, 
  0x1844, 0x1844, 0x1844, 0x1844, 0x1824, 0x1823, 0x1823, 0x1823, 0x1823, 0x1823, 0x1823, 0x1823, 
  0x1823, 0x1823, 0x1823, 0x1823, 0x1823, 0x1823, 0x1823, 0x1803, 0x1003, 0x1003, 0x1003, 0x1003, 
  0x1003, 0x1003, 0x1003, 0x1003, 0x1003, 0x1003, 0x1003, 0x1003, 0x1003, 0x1823, 0x1823, 0x1823, 
  0x1823, 0x1823, 0x1823, 0x1823, 0x1823, 0x1823, 0x1823, 0x1823, 0x1823, 0x1823, 0x1823, 0x1823, 
  0x1823, 0x1823, 0x1823, 0x1823, 0x1823, 0x1824, 0x1824, 0x1844, 0x1844, 0x2044, 0x2044, 0x2064, 
  0x2064, 0x2064, 0x2064, 0x2064, 0x2064, 0x2064, 0x2064, 0x2064, 0x2064, 0x2064, 0x2064, 0x2064, 
  0x2064, 0x2064, 0x2064, 0x2064, 0x2064, 0x2064, 0x2064, 0x2064, 0x2064, 0x2064, 0x2064, 0x2064, 
  0x2064, 0x2064, 0x2064, 0x2064, 0x2064, 0x2064, 0x2064, 0x2064, 0x2064, 0x2064, 0x2064, 0x2064, 
  0x2064, 0x2064, 0x2064, 0x2064, 0x2064, 0x2064, 0x2064, 0x2064, 0x2064, 0x2064, 0x2064, 0x2064, 
  0x2064, 0x2064, 0x2064, 0x2064, 0x2064, 0x2064, 0x2064, 0x2064, 0x2064, 0x2064, 0x2064, 0x2064, 
  0x2064, 0x2064, 0x2064, 0x2064, 0x2064, 0x2064, 0x2064, 0x2064, 0x2064, 0x2064, 0x2064, 0x2064, 
  0x2064, 0x2064, 0x2064, 0x2064, 0x2064, 0x2064, 0x2064, 0x2064, 0x2044, 0x2044, 0x2044, 0x2044, 
  0x1844, 0x2044, 0x1844, 0x1844, 0x1844, 0x1844, 0x1844, 0x1844, 0x1844, 0x1844, 0x1844, 0x2044, 
  0x2044, 0x2044, 0x2044, 0x2044, 0x2044, 0x2044, 0x2044, 0x2044, 0x2044, 0x2044, 0x2044, 0x2044, 
  0x2044, 0x2044, 0x2044, 0x2044, 0x2044, 0x2044, 0x2044, 0x2044, 0x2044, 0x2044, 0x2044, 0x2044, 
  0x2044, 0x2044, 0x2044, 0x2064, 0x2064, 0x2064, 0x2064, 0x2064, 0x2064, 0x2064, 0x2064, 0x2064, 
  0x2064, 0x2064, 0x2065, 0x2865, 0x2866, 0x3087, 0x38c8, 0x40e9, 0x4129, 0x4129, 0x4148, 0x3948, 
  0x3948, 0x3948, 0x3948, 0x3948, 0x3948, 0x3948, 0x3948, 0x3948, 0x3948, 0x3948, 0x3948, 0x3948, 
  0x3948, 0x3927, 0x3927, 0x3927, 0x3928, 0x3928, 0x3928, 0x4129, 0x492a, 0x512c, 0x612e, 0x7151, 
  0x8174, 0x9176, 0x9977, 0x9156, 0x8934, 0x7131, 0x610e, 0x510c, 0x490a, 0x38e8, 0x38e7, 0x30e7, 
  0x30e6, 0x30c6, 0x28c6, 0x28c6, 0x28c6, 0x28c6, 0x28c6, 0x28c6, 0x28a6, 0x28a5, 0x28a5, 0x28a5, 
  0x28a5, 0x28a5, 0x28a5, 0x28a5, 0x28a5, 0x28a5, 0x2885, 0x2885, 0x2885, 0x2085, 0x2085, 0x2085, 
  0x2085, 0x2085, 0x2085, 0x2085, 0x2064, 0x2064, 0x2064, 0x2064, 0x2064, 0x2064, 0x2064, 0x2064, 
  0x2064, 0x2064, 0x2064, 0x2064, 0x2064, 0x2064, 0x2064, 0x2064, 0x2064, 0x2064, 0x2064, 0x2064, 
  0x2064, 0x2064, 0x2064, 0x2064, 0x2064, 0x2064, 0x2064, 0x6a8d, 0x3968, 0x28a5, 0x20a5, 0x2085, 
  0x20a5, 0x28a5, 0x28a5, 0x28a5, 0x28a5, 0x2085, 0x2085, 0x2085, 0x2064, 0x2064, 0x2064, 0x2064, 
  0x1844, 0x1844, 0x1844, 0x1844, 0x1844, 0x1844, 0x1844, 0x1844, 0x1844, 0x1844, 0x1844, 0x1823, 
  0x1823, 0x1823, 0x1823, 0x1823, 0x1823, 0x1823, 0x1823, 0x1823, 0x1823, 0x1823, 0x1823, 0x1823, 
  0x1823, 0x1823, 0x1823, 0x1803, 0x1003, 0x1003, 0x1003, 0x1003, 0x1003, 0x1003, 0x1003, 0x1003, 
  0x1003, 0x1003, 0x1003, 0x1003, 0x1003, 0x1823, 0x1823, 0x1823, 0x1823, 0x1823, 0x1823, 0x1823, 
  0x1823, 0x1823, 0x1823, 0x1823, 0x1823, 0x1823, 0x1823, 0x1823, 0x1823, 0x1823, 0x1823, 0x1823, 
  0x1823, 0x1824, 0x1824, 0x1844, 0x1844, 0x2044, 0x2044, 0x2064, 0x2064, 0x2064, 0x2064, 0x2064, 
  0x2064, 0x2064, 0x2064, 0x2064, 0x2064, 0x2064, 0x2064, 0x2064, 0x2064, 0x2064, 0x2064, 0x2064, 
  0x2064, 0x2064, 0x2064, 0x2064, 0x2064, 0x2064, 0x2064, 0x2064, 0x2064, 0x2064, 0x2064, 0x2064, 
  0x2064, 0x2064, 0x2064, 0x2064, 0x2064, 0x2064, 0x2064, 0x2064, 0x2064, 0x2064, 0x2064, 0x2064, 
  0x2064, 0x2064, 0x2064, 0x2064, 0x2064, 0x2064, 0x2064, 0x2064, 0x2064, 0x2064, 0x2064, 0x2064, 
  0x2064, 0x2064, 0x2064, 0x2064, 0x2064, 0x2064, 0x2064, 0x2064, 0x2064, 0x2064, 0x2064, 0x2064, 
  0x2064, 0x2064, 0x2064, 0x2064, 0x2064, 0x2064, 0x2064, 0x2064, 0x2064, 0x2064, 0x2064, 0x2064, 
  0x2064, 0x2064, 0x2044, 0x2044, 0x2044, 0x1844, 0x1844, 0x1844, 0x1844, 0x1844, 0x1844, 0x1844, 
  0x1844, 0x1844, 0x1844, 0x1844, 0x1844, 0x1844, 0x1844, 0x1844, 0x2044, 0x2044, 0x2044, 0x2044, 
  0x2044, 0x2044, 0x2044, 0x2044, 0x2044, 0x2044, 0x2044, 0x2044, 0x2044, 0x2044, 0x2044, 0x2044, 
  0x2044, 0x2044, 0x2044, 0x2044, 0x2044, 0x2044, 0x2044, 0x2044, 0x2044, 0x2044, 0x2044, 0x2064, 
  0x2064, 0x2064, 0x2064, 0x2064, 0x2064, 0x2064, 0x2064, 0x2064, 0x2064, 0x2064, 0x2065, 0x2865, 
  0x2886, 0x30a8, 0x38c8, 0x4109, 0x4129, 0x4148, 0x3948, 0x3948, 0x3948, 0x3948, 0x3948, 0x3948, 
  0x3948, 0x3948, 0x3948, 0x3948, 0x3948, 0x3948, 0x3948, 0x3948, 0x3927, 0x3927, 0x3927, 0x3927, 
  0x3927, 0x3928, 0x3928, 0x4128, 0x4129, 0x492b, 0x592d, 0x6950, 0x7972, 0x8975, 0x9976, 0x9976, 
  0x9155, 0x8133, 0x7110, 0x590d, 0x48eb, 0x40e9, 0x38e7, 0x30e7, 0x30c6, 0x28c6, 0x28c6, 0x28c6, 
  0x28c6, 0x28c6, 0x28c6, 0x28c6, 0x28a5, 0x28a5, 0x28a5, 0x28a5, 0x28a5, 0x28a5, 0x28a5, 0x28a5, 
  0x28a5, 0x2885, 0x2885, 0x2885, 0x2085, 0x2085, 0x2085, 0x2085, 0x2085, 0x2085, 0x2085, 0x2064, 
  0x2064, 0x2064, 0x2064, 0x2064, 0x2064, 0x2064, 0x2064, 0x2064, 0x2064, 0x2064, 0x2064, 0x2064, 
  0x2064, 0x2064, 0x2064, 0x2064, 0x2064, 0x2064, 0x2064, 0x2064, 0x2064, 0x2064, 0x2064, 0x2064, 
  0x2064, 0x2064, 0x2064, 0x6a8d, 0x3948, 0x28a5, 0x20a5, 0x20a5, 0x20a5, 0x28a5, 0x28a5, 0x28a5, 
  0x28a5, 0x2085, 0x2085, 0x2085, 0x2084, 0x2064, 0x2064, 0x2064, 0x1844, 0x1844, 0x1844, 0x1844, 
  0x1844, 0x1844, 0x1844, 0x1844, 0x1844, 0x1844, 0x1844, 0x1823, 0x1823, 0x1823, 0x1823, 0x1823, 
  0x1823, 0x1823, 0x1823, 0x1823, 0x1823, 0x1823, 0x1823, 0x1823, 0x1823, 0x1823, 0x1803, 0x1803, 
  0x1003, 0x1003, 0x1003, 0x1003, 0x1003, 0x1003, 0x1003, 0x1003, 0x1003, 0x1003, 0x1003, 0x1003, 
  0x1803, 0x1823, 0x1823, 0x1823, 0x1823, 0x1823, 0x1823, 0x1823, 0x1823, 0x1823, 0x1823, 0x1823, 
  0x1823, 0x1823, 0x1823, 0x1823, 0x1823, 0x1823, 0x1823, 0x1823, 0x1824, 0x1824, 0x1824, 0x1844, 
  0x1844, 0x2044, 0x2044, 0x2064, 0x2064, 0x2064, 0x2064, 0x2064, 0x2064, 0x2064, 0x2064, 0x2064, 
  0x2064, 0x2064, 0x2064, 0x2064, 0x2064, 0x2064, 0x2064, 0x2064, 0x2064, 0x2064, 0x2064, 0x2064, 
  0x2064, 0x2064, 0x2064, 0x2064, 0x2064, 0x2064, 0x2064, 0x2064, 0x2064, 0x2064, 0x2064, 0x2064, 
  0x2064, 0x2064, 0x2064, 0x2064, 0x2064, 0x2064, 0x2064, 0x2064, 0x2064, 0x2064, 0x2064, 0x2064, 
  0x2064, 0x2064, 0x2064, 0x2064, 0x2064, 0x2064, 0x2064, 0x2064, 0x2064, 0x2064, 0x2064, 0x2064, 
  0x2064, 0x2064, 0x2064, 0x2064, 0x2064, 0x2064, 0x2064, 0x2064, 0x2064, 0x2064, 0x2064, 0x2064, 
  0x2064, 0x2064, 0x2064, 0x2064, 0x2064, 0x2064, 0x2064, 0x2064, 0x2064, 0x2044, 0x2044, 0x2044, 
  0x1844, 0x1844, 0x1844, 0x1844, 0x1844, 0x1844, 0x1844, 0x1844, 0x1844, 0x1844, 0x1844, 0x1844, 
  0x1844, 0x1844, 0x1844, 0x1844, 0x2044, 0x2044, 0x2044, 0x2044, 0x2044, 0x2044, 0x2044, 0x2044, 
  0x2044, 0x2044, 0x2044, 0x2044, 0x2044, 0x2044, 0x2044, 0x2044, 0x2044, 0x2044, 0x2044, 0x2044, 
  0x2044, 0x2044, 0x2044, 0x2044, 0x2044, 0x2044, 0x2044, 0x2044, 0x2064, 0x2064, 0x2064, 0x2064, 
  0x2064, 0x2064, 0x2064, 0x2064, 0x2064, 0x2064, 0x2065, 0x2866, 0x3087, 0x30a8, 0x38e8, 0x3909, 
  0x4128, 0x3948, 0x3948, 0x3948, 0x3948, 0x3948, 0x3948, 0x3948, 0x3948, 0x3948, 0x3948, 0x3948, 
  0x3948, 0x3948, 0x3948, 0x3927, 0x3927, 0x3927, 0x3927, 0x3927, 0x3927, 0x3927, 0x3928, 0x3928, 
  0x4129, 0x492a, 0x512c, 0x612e, 0x7151, 0x8974, 0x9196, 0x9976, 0x9976, 0x8934, 0x7912, 0x690f, 
  0x50ec, 0x40ea, 0x38c8, 0x30c7, 0x30c6, 0x28c6, 0x28c6, 0x28c6, 0x28c6, 0x28c6, 0x28c6, 0x28a5, 
  0x28a5, 0x28a5, 0x28a5, 0x28a5, 0x28a5, 0x28a5, 0x28a5, 0x28a5, 0x2885, 0x2885, 0x2085, 0x2085, 
  0x2085, 0x2085, 0x2085, 0x2085, 0x2085, 0x2085, 0x2064, 0x2064, 0x2064, 0x2064, 0x2064, 0x2064, 
  0x2064, 0x2064, 0x2064, 0x2064, 0x2064, 0x2064, 0x2064, 0x2064, 0x2064, 0x2064, 0x2064, 0x2064, 
  0x2064, 0x2064, 0x2064, 0x2064, 0x2064, 0x2064, 0x2064, 0x2064, 0x2064, 0x2064, 0x2064, 0x6a8d, 
  0x3948, 0x28a5, 0x20a5, 0x20a5, 0x20a5, 0x28a5, 0x28a5, 0x28a5, 0x28a5, 0x2085, 0x2085, 0x2085, 
  0x2084, 0x2064, 0x2064, 0x2064, 0x1844, 0x1844, 0x1844, 0x1844, 0x1844, 0x1844, 0x1844, 0x1844, 
  0x1844, 0x1844, 0x1824, 0x1823, 0x1823, 0x1823, 0x1823, 0x1823, 0x1823, 0x1823, 0x1823, 0x1823, 
  0x1823, 0x1823, 0x1823, 0x1823, 0x1823, 0x1823, 0x1803, 0x1803, 0x1003, 0x1003, 0x1003, 0x1003, 
  0x1003, 0x1003, 0x1003, 0x1003, 0x1003, 0x1003, 0x1003, 0x1003, 0x1803, 0x1823, 0x1823, 0x1823, 
  0x1823, 0x1823, 0x1823, 0x1823, 0x1823, 0x1823, 0x1823, 0x1823, 0x1823, 0x1823, 0x1823, 0x1823, 
  0x1823, 0x1823, 0x1824, 0x1824, 0x1824, 0x1824, 0x1824, 0x1844, 0x1844, 0x2044, 0x2044, 0x2064, 
  0x2064, 0x2064, 0x2064, 0x2064, 0x2064, 0x2064, 0x2064, 0x2064, 0x2064, 0x2064, 0x2064, 0x2064, 
  0x2064, 0x2064, 0x2064, 0x2064, 0x2064, 0x2064, 0x2064, 0x2064, 0x2064, 0x2064, 0x2064, 0x2064, 
  0x2064, 0x2064, 0x2064, 0x2064, 0x2064, 0x2064, 0x2064, 0x2064, 0x2064, 0x2064, 0x2064, 0x2064, 
  0x2064, 0x2064, 0x2064, 0x2064, 0x2064, 0x2064, 0x2064, 0x2064, 0x2064, 0x2064, 0x2064, 0x2064, 
  0x2064, 0x2064, 0x2064, 0x2064, 0x2064, 0x2064, 0x2064, 0x2064, 0x2064, 0x2064, 0x2064, 0x2064, 
  0x2064, 0x2064, 0x2064, 0x2064, 0x2064, 0x2064, 0x2064, 0x2064, 0x2064, 0x2064, 0x2064, 0x2064, 
  0x2064, 0x2064, 0x2064, 0x2064, 0x2044, 0x2044, 0x2044, 0x1844, 0x1844, 0x1844, 0x1844, 0x1844, 
  0x1844, 0x1844, 0x1844, 0x1844, 0x1844, 0x1844, 0x1844, 0x1844, 0x1844, 0x1844, 0x1844, 0x1844, 
  0x1844, 0x1844, 0x2044, 0x2044, 0x2044, 0x2044, 0x2044, 0x2044, 0x2044, 0x2044, 0x2044, 0x2044, 
  0x2044, 0x2044, 0x2044, 0x2044, 0x2044, 0x2044, 0x2044, 0x2044, 0x2044, 0x2044, 0x2044, 0x2044, 
  0x2044, 0x2044, 0x2044, 0x2044, 0x2044, 0x2064, 0x2064, 0x2064, 0x2064, 0x2064, 0x2064, 0x2064, 
  0x2064, 0x2064, 0x2065, 0x2866, 0x3087, 0x30c8, 0x38e8, 0x3928, 0x3928, 0x3948, 0x3948, 0x3948, 
  0x3948, 0x3948, 0x3948, 0x3948, 0x3948, 0x3948, 0x3948, 0x3948, 0x3948, 0x3948, 0x3927, 0x3927, 
  0x3927, 0x3927, 0x3927, 0x3927, 0x3927, 0x3927, 0x3927, 0x3928, 0x3928, 0x4129, 0x492a, 0x592d, 
  0x694f, 0x8172, 0x9195, 0x9996, 0x9976, 0x9956, 0x8933, 0x70f0, 0x58ed, 0x48cb, 0x40c9, 0x30c7, 
  0x30c6, 0x28c6, 0x28c6, 0x28c6, 0x28c6, 0x28c6, 0x28a5, 0x28a5, 0x28a5, 0x28a5, 0x28a5, 0x28a5, 
  0x28a5, 0x28a5, 0x28a5, 0x28a5, 0x2885, 0x2885, 0x2085, 0x2085, 0x2085, 0x2085, 0x2085, 0x2085, 
  0x2085, 0x2064, 0x2064, 0x2064, 0x2064, 0x2064, 0x2064, 0x2064, 0x2064, 0x2064, 0x2064, 0x2064, 
  0x2064, 0x2064, 0x2064, 0x2064, 0x2064, 0x2064, 0x2064, 0x2064, 0x2064, 0x2064, 0x2064, 0x2064, 
  0x2044, 0x2044, 0x2064, 0x2064, 0x2064, 0x2064, 0x2044, 0x6a8d, 0x3948, 0x2085, 0x2085, 0x2085, 
  0x2085, 0x2085, 0x2085, 0x2085, 0x2085, 0x2085, 0x2085, 0x2085, 0x2085, 0x2064, 0x2064, 0x2064, 
  0x1844, 0x1844, 0x1844, 0x1844, 0x1844, 0x1844, 0x1844, 0x1844, 0x1844, 0x1844, 0x1824, 0x1823, 
  0x1823, 0x1823, 0x1823, 0x1823, 0x1823, 0x1823, 0x1823, 0x1823, 0x1823, 0x1823, 0x1823, 0x1823, 
  0x1823, 0x1823, 0x1803, 0x1003, 0x1003, 0x1003, 0x1003, 0x1003, 0x1003, 0x1003, 0x1003, 0x1003, 
  0x1003, 0x1003, 0x1003, 0x1003, 0x1823, 0x1823, 0x1823, 0x1823, 0x1823, 0x1823, 0x1823, 0x1823, 
  0x1823, 0x1823, 0x1823, 0x1823, 0x1823, 0x1823, 0x1823, 0x1823, 0x1823, 0x1823, 0x1824, 0x1824, 
  0x1824, 0x1824, 0x1824, 0x1824, 0x1844, 0x2044, 0x2044, 0x2064, 0x2064, 0x2064, 0x2064, 0x2064, 
  0x2064, 0x2064, 0x2064, 0x2064, 0x2064, 0x2064, 0x2064, 0x2064, 0x2064, 0x2064, 0x2064, 0x2064, 
  0x2064, 0x2064, 0x2064, 0x2064, 0x2064, 0x2064, 0x2064, 0x2064, 0x2064, 0x2064, 0x2064, 0x2064, 
  0x2064, 0x2064, 0x2064, 0x2064, 0x2064, 0x2064, 0x2064, 0x2064, 0x2064, 0x2064, 0x2064, 0x2064, 
  0x2064, 0x2064, 0x2064, 0x2064, 0x2064, 0x2064, 0x2064, 0x2064, 0x2064, 0x2064, 0x2064, 0x2064, 
  0x2064, 0x2064, 0x2064, 0x2064, 0x2064, 0x2064, 0x2064, 0x2064, 0x2064, 0x2064, 0x2064, 0x2064, 
  0x2064, 0x2064, 0x2064, 0x2064, 0x2064, 0x2064, 0x2064, 0x2064, 0x2064, 0x2064, 0x2044, 0x2044, 
  0x2044, 0x2044, 0x1844, 0x1844, 0x1844, 0x1844, 0x1844, 0x1844, 0x1844, 0x1844, 0x1844, 0x1844, 
  0x1844, 0x1844, 0x1844, 0x1844, 0x1844, 0x1844, 0x1844, 0x1844, 0x1844, 0x1844, 0x2044, 0x2044, 
  0x2044, 0x2044, 0x2044, 0x2044, 0x2044, 0x2044, 0x2044, 0x2044, 0x2044, 0x2044, 0x2044, 0x2044, 
  0x2044, 0x2044, 0x2044, 0x2044, 0x2044, 0x2044, 0x2044, 0x2044, 0x2044, 0x2044, 0x2044, 0x2044, 
  0x2044, 0x2064, 0x2064, 0x2064, 0x2064, 0x2064, 0x2064, 0x2064, 0x2064, 0x2065, 0x2065, 0x2886, 
  0x30a7, 0x38c8, 0x3908, 0x3928, 0x3948, 0x3948, 0x3948, 0x3948, 0x3948, 0x3948, 0x3948, 0x3948, 
  0x3948, 0x3948, 0x3948, 0x3948, 0x3948, 0x3927, 0x3927, 0x3927, 0x3927, 0x3927, 0x3927, 0x3927, 
  0x3927, 0x3927, 0x3927, 0x3927, 0x3928, 0x4128, 0x4929, 0x512b, 0x612e, 0x7951, 0x8973, 0x9995, 
  0xa196, 0xa176, 0x9135, 0x8112, 0x68ef, 0x50cc, 0x40ca, 0x38c8, 0x30c7, 0x30c6, 0x28c6, 0x28c6, 
  0x28c6, 0x28a5, 0x28a5, 0x28a5, 0x28a5, 0x28a5, 0x28a5, 0x28a5, 0x28a5, 0x28a5, 0x28a5, 0x2885, 
  0x2885, 0x2085, 0x2085, 0x2085, 0x2085, 0x2085, 0x2085, 0x2085, 0x2064, 0x2064, 0x2064, 0x2064, 
  0x2064, 0x2064, 0x2064, 0x2064, 0x2064, 0x2064, 0x2064, 0x2064, 0x2064, 0x2064, 0x2064, 0x2064, 
  0x2064, 0x2064, 0x2064, 0x2064, 0x2064, 0x2044, 0x2044, 0x2044, 0x2044, 0x2044, 0x2044, 0x2044, 
  0x2044, 0x2044, 0x2044, 0x628d, 0x3948, 0x2085, 0x2085, 0x2085, 0x2085, 0x2085, 0x2085, 0x2085, 
  0x2085, 0x2085, 0x2085, 0x2085, 0x2085, 0x2064, 0x2064, 0x2064, 0x1844, 0x1844, 0x1844, 0x1844, 
  0x1844, 0x1844, 0x1844, 0x1844, 0x1844, 0x1844, 0x1823, 0x1823, 0x1823, 0x1823, 0x1823, 0x1823, 
  0x1823, 0x1823, 0x1823, 0x1823, 0x1823, 0x1823, 0x1823, 0x1823, 0x1823, 0x1823, 0x1803, 0x1003, 
  0x1003, 0x1003, 0x1003, 0x1003, 0x1003, 0x1003, 0x1003, 0x1003, 0x1003, 0x1003, 0x1003, 0x1823, 
  0x1823, 0x1823, 0x1823, 0x1823, 0x1823, 0x1823, 0x1823, 0x1823, 0x1823, 0x1823, 0x1823, 0x1823, 
  0x1823, 0x1823, 0x1823, 0x1823, 0x1823, 0x1823, 0x1824, 0x1824, 0x1824, 0x1824, 0x1824, 0x1824, 
  0x1844, 0x2044, 0x2044, 0x2064, 0x2064, 0x2064, 0x2064, 0x2064, 0x2064, 0x2064, 0x2064, 0x2064, 
  0x2064, 0x2064, 0x2064, 0x2064, 0x2064, 0x2064, 0x2064, 0x2064, 0x2064, 0x2064, 0x2064, 0x2064, 
  0x2064, 0x2064, 0x2064, 0x2064, 0x2064, 0x2064, 0x2064, 0x2064, 0x2064, 0x2064, 0x2064, 0x2064, 
  0x2064, 0x2064, 0x2064, 0x2064, 0x2064, 0x2064, 0x2064, 0x2064, 0x2064, 0x2064, 0x2064, 0x2064, 
  0x2064, 0x2064, 0x2064, 0x2064, 0x2064, 0x2064, 0x2064, 0x2064, 0x2064, 0x2064, 0x2064, 0x2064, 
  0x2064, 0x2064, 0x2064, 0x2064, 0x2064, 0x2064, 0x2064, 0x2064, 0x2064, 0x2064, 0x2064, 0x2064, 
  0x2064, 0x2064, 0x2064, 0x2064, 0x2044, 0x2044, 0x2044, 0x2044, 0x2044, 0x1844, 0x1844, 0x1844, 
  0x1844, 0x1844, 0x1844, 0x1844, 0x1844, 0x1844, 0x1844, 0x1844, 0x1844, 0x1844, 0x1844, 0x1844, 
  0x1844, 0x1844, 0x1844, 0x1844, 0x1844, 0x1844, 0x2044, 0x2044, 0x2044, 0x2044, 0x2044, 0x2044, 
  0x2044, 0x2044, 0x2044, 0x2044, 0x2044, 0x2044, 0x2044, 0x2044, 0x2044, 0x2044, 0x2044, 0x2044, 
  0x2044, 0x2044, 0x2044, 0x2044, 0x2044, 0x2044, 0x2044, 0x2044, 0x2044, 0x2044, 0x2064, 0x2064, 
  0x2064, 0x2064, 0x2064, 0x2064, 0x2064, 0x2065, 0x2865, 0x2886, 0x30a7, 0x38e8, 0x3908, 0x3928, 
  0x3948, 0x3948, 0x3948, 0x3948, 0x3948, 0x3948, 0x3948, 0x3948, 0x3948, 0x3948, 0x3948, 0x3948, 
  0x3948, 0x3927, 0x3927, 0x3927, 0x3927, 0x3927, 0x3927, 0x3927, 0x3927, 0x3927, 0x3927, 0x3927, 
  0x3928, 0x3928, 0x4129, 0x492a, 0x592c, 0x694f, 0x8172, 0x9174, 0xa196, 0xa176, 0x9955, 0x8913, 
  0x78f1, 0x60ce, 0x50ab, 0x40a9, 0x30a7, 0x30a6, 0x28a6, 0x28a6, 0x28a5, 0x28a5, 0x28a5, 0x28a5, 
  0x28a5, 0x28a5, 0x28a5, 0x28a5, 0x28a5, 0x28a5, 0x2885, 0x2885, 0x2085, 0x2085, 0x2085, 0x2085, 
  0x2085, 0x2085, 0x2085, 0x2084, 0x2064, 0x2064, 0x2064, 0x2064, 0x2064, 0x2064, 0x2064, 0x2064, 
  0x2064, 0x2064, 0x2064, 0x2064, 0x2064, 0x2064, 0x2064, 0x2064, 0x2064, 0x2064, 0x2064, 0x2064, 
  0x2044, 0x2044, 0x2044, 0x2044, 0x2044, 0x2044, 0x2044, 0x2044, 0x2044, 0x2044, 0x2044, 0x628d, 
  0x3927, 0x2064, 0x2084, 0x2084, 0x2084, 0x2064, 0x2064, 0x2064, 0x2064, 0x2085, 0x2085, 0x2085, 
  0x2085, 0x2064, 0x2064, 0x2064, 0x1844, 0x1844, 0x1844, 0x1844, 0x1844, 0x1844, 0x1844, 0x1844, 
  0x1844, 0x1844, 0x1823, 0x1823, 0x1823, 0x1823, 0x1823, 0x1823, 0x1823, 0x1823, 0x1823, 0x1823, 
  0x1823, 0x1823, 0x1823, 0x1823, 0x1823, 0x1823, 0x1803, 0x1003, 0x1003, 0x1003, 0x1003, 0x1003, 
  0x1003, 0x1003, 0x1003, 0x1003, 0x1003, 0x1003, 0x1003, 0x1823, 0x1823, 0x1823, 0x1823, 0x1823, 
  0x1823, 0x1823, 0x1823, 0x1823, 0x1823, 0x1823, 0x1823, 0x1823, 0x1823, 0x1823, 0x1823, 0x1823, 
  0x1823, 0x1824, 0x1824, 0x1824, 0x1824, 0x1824, 0x1824, 0x1824, 0x1844, 0x2044, 0x2044, 0x2064, 
  0x2064, 0x2064, 0x2064, 0x2064, 0x2064, 0x2064, 0x2064, 0x2064, 0x2064, 0x2064, 0x2064, 0x2064, 
  0x2064, 0x2064, 0x2064, 0x2064, 0x2064, 0x2064, 0x2064, 0x2064, 0x2064, 0x2064, 0x2064, 0x2064, 
  0x2064, 0x2064, 0x2064, 0x2064, 0x2064, 0x2064, 0x2064, 0x2064, 0x2064, 0x2064, 0x2064, 0x2064, 
  0x2064, 0x2064, 0x2064, 0x2064, 0x2064, 0x2064, 0x2064, 0x2064, 0x2064, 0x2064, 0x2064, 0x2064, 
  0x2064, 0x2064, 0x2064, 0x2064, 0x2064, 0x2064, 0x2064, 0x2064, 0x2064, 0x2064, 0x2064, 0x2064, 
  0x2064, 0x2064, 0x2064, 0x2064, 0x2064, 0x2064, 0x2064, 0x2064, 0x2064, 0x2064, 0x2064, 0x2044, 
  0x2044, 0x2044, 0x2044, 0x2044, 0x1844, 0x1844, 0x1844, 0x1844, 0x1844, 0x1844, 0x1844, 0x1844, 
  0x1844, 0x1844, 0x1844, 0x1844, 0x1844, 0x1844, 0x1844, 0x1844, 0x1844, 0x1844, 0x1844, 0x1844, 
  0x1844, 0x1844, 0x2044, 0x2044, 0x2044, 0x2044, 0x2044, 0x2044, 0x2044, 0x2044, 0x2044, 0x2044, 
  0x2044, 0x2044, 0x2044, 0x2044, 0x2044, 0x2044, 0x2044, 0x2044, 0x2044, 0x2044, 0x2044, 0x2044, 
  0x2044, 0x2044, 0x2044, 0x2044, 0x2044, 0x2044, 0x2044, 0x2064, 0x2064, 0x2064, 0x2064, 0x2064, 
  0x2064, 0x2065, 0x2866, 0x2886, 0x30a7, 0x38e8, 0x3908, 0x3928, 0x3948, 0x3948, 0x3948, 0x3948, 
  0x3948, 0x3948, 0x3948, 0x3948, 0x3948, 0x3948, 0x3948, 0x3948, 0x3927, 0x3927, 0x3927, 0x3927, 
  0x3927, 0x3927, 0x3927, 0x3927, 0x3927, 0x3927, 0x3927, 0x3927, 0x3927, 0x3928, 0x4128, 0x4929, 
  0x510b, 0x612e, 0x7950, 0x9173, 0xa175, 0xa976, 0xa156, 0x9915, 0x80f2, 0x70cf, 0x58ac, 0x48aa, 
  0x38a8, 0x30a7, 0x28a6, 0x28a6, 0x28a5, 0x28a5, 0x28a5, 0x28a5, 0x28a5, 0x28a5, 0x28a5, 0x28a5, 
  0x28a5, 0x28a5, 0x2885, 0x2085, 0x2085, 0x2085, 0x2085, 0x2085, 0x2085, 0x2085, 0x2064, 0x2064, 
  0x2064, 0x2064, 0x2064, 0x2064, 0x2064, 0x2064, 0x2064, 0x2064, 0x2064, 0x2064, 0x2064, 0x2064, 
  0x2064, 0x2064, 0x2064, 0x2064, 0x2064, 0x2064, 0x2064, 0x2044, 0x2044, 0x2044, 0x2044, 0x2044, 
  0x2044, 0x2044, 0x2044, 0x2044, 0x2044, 0x2044, 0x2044, 0x628d, 0x3927, 0x2064, 0x2064, 0x2064, 
  0x2064, 0x2064, 0x2064, 0x2064, 0x2064, 0x2064, 0x2064, 0x2064, 0x2064, 0x2064, 0x2064, 0x2064, 
  0x1844, 0x1844, 0x1844, 0x1844, 0x1844, 0x1844, 0x1844, 0x1844, 0x1844, 0x1844, 0x1823, 0x1823, 
  0x1823, 0x1823, 0x1823, 0x1823, 0x1823, 0x1823, 0x1823, 0x1823, 0x1823, 0x1823, 0x1823, 0x1823, 
  0x1823, 0x1803, 0x1803, 0x1003, 0x1003, 0x1003, 0x1003, 0x1003, 0x1003, 0x1003, 0x1003, 0x1003, 
  0x1003, 0x1003, 0x1823, 0x1823, 0x1823, 0x1823, 0x1823, 0x1823, 0x1823, 0x1823, 0x1823, 0x1823, 
  0x1823, 0x1823, 0x1823, 0x1823, 0x1823, 0x1823, 0x1823, 0x1823, 0x1823, 0x1824, 0x1824, 0x1824, 
  0x1824, 0x1824, 0x1824, 0x1824, 0x1844, 0x2044, 0x2044, 0x2064, 0x2064, 0x2064, 0x2064, 0x2064, 
  0x2064, 0x2064, 0x2064, 0x2064, 0x2064, 0x2064, 0x2064, 0x2064, 0x2064, 0x2064, 0x2064, 0x2064, 
  0x2064, 0x2064, 0x2064, 0x2064, 0x2064, 0x2064, 0x2064, 0x2064, 0x2064, 0x2064, 0x2064, 0x2064, 
  0x2064, 0x2064, 0x2064, 0x2064, 0x2064, 0x2064, 0x2064, 0x2064, 0x2064, 0x2064, 0x2064, 0x2064, 
  0x2064, 0x2064, 0x2064, 0x2064, 0x2064, 0x2064, 0x2064, 0x2064, 0x2064, 0x2064, 0x2064, 0x2064, 
  0x2064, 0x2064, 0x2064, 0x2064, 0x2064, 0x2064, 0x2064, 0x2064, 0x2064, 0x2064, 0x2064, 0x2064, 
  0x2064, 0x2064, 0x2064, 0x2064, 0x2064, 0x2044, 0x2044, 0x2044, 0x2044, 0x2044, 0x2044, 0x1844, 
  0x1844, 0x1844, 0x1844, 0x1844, 0x1844, 0x1844, 0x1844, 0x1844, 0x1844, 0x1844, 0x1844, 0x1844, 
  0x1844, 0x1844, 0x1844, 0x1844, 0x1844, 0x1844, 0x1844, 0x1844, 0x1844, 0x1844, 0x2044, 0x2044, 
  0x2044, 0x2044, 0x2044, 0x2044, 0x2044, 0x2044, 0x2044, 0x2044, 0x2044, 0x2044, 0x2044, 0x2044, 
  0x2044, 0x2044, 0x2044, 0x2044, 0x2044, 0x2044, 0x2044, 0x2044, 0x2044, 0x2044, 0x2044, 0x2044, 
  0x2044, 0x2044, 0x2044, 0x2044, 0x2064, 0x2064, 0x2064, 0x2064, 0x2064, 0x2065, 0x2886, 0x3087, 
  0x30c8, 0x38e8, 0x3928, 0x3948, 0x3948, 0x3948, 0x3948, 0x3948, 0x3948, 0x3948, 0x3948, 0x3948, 
  0x3948, 0x3948, 0x3948, 0x3927, 0x3927, 0x3927, 0x3927, 0x3927, 0x3927, 0x3927, 0x3927, 0x3927, 
  0x3927, 0x3927, 0x3927, 0x3927, 0x3927, 0x3927, 0x3928, 0x4109, 0x490a, 0x590c, 0x712f, 0x8952, 
  0x9974, 0xa976, 0xa956, 0xa135, 0x90f4, 0x78d1, 0x60ae, 0x50ab, 0x40a9, 0x30a7, 0x30a6, 0x28a6, 
  0x28a5, 0x28a5, 0x28a5, 0x28a5, 0x28a5, 0x28a5, 0x28a5, 0x28a5, 0x28a5, 0x2885, 0x2085, 0x2085, 
  0x2085, 0x2085, 0x2085, 0x2085, 0x2085, 0x2064, 0x2064, 0x2064, 0x2064, 0x2064, 0x2064, 0x2064, 
  0x2064, 0x2064, 0x2064, 0x2064, 0x2064, 0x2064, 0x2064, 0x2064, 0x2064, 0x2064, 0x2064, 0x2064, 
  0x2064, 0x2064, 0x2044, 0x2044, 0x2044, 0x2044, 0x2044, 0x2044, 0x2044, 0x2044, 0x2044, 0x2044, 
  0x2044, 0x2044, 0x2044, 0x628d, 0x3927, 0x1844, 0x2044, 0x2064, 0x2064, 0x2044, 0x1844, 0x1844, 
  0x1844, 0x2044, 0x2064, 0x2064, 0x2064, 0x2064, 0x2064, 0x2064, 0x1844, 0x1844, 0x1844, 0x1844, 
  0x1844, 0x1844, 0x1844, 0x1844, 0x1844, 0x1824, 0x1823, 0x1823, 0x1823, 0x1823, 0x1823, 0x1823, 
  0x1823, 0x1823, 0x1823, 0x1823, 0x1823, 0x1823, 0x1823, 0x1823, 0x1823, 0x1803, 0x1803, 0x1003, 
  0x1003, 0x1003, 0x1003, 0x1003, 0x1003, 0x1003, 0x1003, 0x1003, 0x1003, 0x1003, 0x1823, 0x1823, 
  0x1823, 0x1823, 0x1823, 0x1823, 0x1823, 0x1823, 0x1823, 0x1823, 0x1823, 0x1823, 0x1823, 0x1823, 
  0x1823, 0x1823, 0x1823, 0x1823, 0x1824, 0x1824, 0x1824, 0x1824, 0x1824, 0x1824, 0x1824, 0x1824, 
  0x1844, 0x2044, 0x2044, 0x2064, 0x2064, 0x2064, 0x2064, 0x2064, 0x2064, 0x2064, 0x2064, 0x2064, 
  0x2064, 0x2064, 0x2064, 0x2064, 0x2064, 0x2064, 0x2064, 0x2064, 0x2064, 0x2064, 0x2064, 0x2064, 
  0x2064, 0x2064, 0x2064, 0x2064, 0x2064, 0x2064, 0x2064, 0x2064, 0x2064, 0x2064, 0x2064, 0x2064, 
  0x2064, 0x2064, 0x2064, 0x2064, 0x2064, 0x2064, 0x2064, 0x2064, 0x2064, 0x2064, 0x2064, 0x2064, 
  0x2064, 0x2064, 0x2064, 0x2064, 0x2064, 0x2064, 0x2064, 0x2064, 0x2064, 0x2064, 0x2064, 0x2064, 
  0x2064, 0x2064, 0x2064, 0x2064, 0x2064, 0x2064, 0x2064, 0x2064, 0x2064, 0x2064, 0x2064, 0x2064, 
  0x2044, 0x2044, 0x2044, 0x2044, 0x1844, 0x1844, 0x1844, 0x1844, 0x1844, 0x1844, 0x1844, 0x1844, 
  0x1844, 0x1844, 0x1844, 0x1844, 0x1844, 0x1844, 0x1844, 0x1844, 0x1844, 0x1844, 0x1844, 0x1844, 
  0x1844, 0x1844, 0x1844, 0x1844, 0x1844, 0x1844, 0x2044, 0x2044, 0x2044, 0x2044, 0x2044, 0x2044, 
  0x2044, 0x2044, 0x2044, 0x2044, 0x2044, 0x2044, 0x2044, 0x2044, 0x2044, 0x2044, 0x2044, 0x2044, 
  0x2044, 0x2044, 0x2044, 0x2044, 0x2044, 0x2044, 0x2044, 0x2044, 0x2044, 0x2044, 0x2044, 0x2044, 
  0x2064, 0x2064, 0x2064, 0x2064, 0x2065, 0x2065, 0x2886, 0x30a7, 0x38c8, 0x3908, 0x3928, 0x3948, 
  0x3948, 0x3948, 0x3948, 0x3948, 0x3948, 0x3948, 0x3948, 0x3948, 0x3948, 0x3948, 0x3927, 0x3927, 
  0x3927, 0x3927, 0x3927, 0x3927, 0x3927, 0x3927, 0x3927, 0x3927, 0x3927, 0x3927, 0x3927, 0x3927, 
  0x3927, 0x3927, 0x3928, 0x4108, 0x4909, 0x510b, 0x610e, 0x7930, 0x9153, 0xa155, 0xa956, 0xa936, 
  0x9915, 0x88f2, 0x70d0, 0x58ad, 0x48aa, 0x38a8, 0x30a7, 0x28a6, 0x28a6, 0x28a5, 0x28a5, 0x28a5, 
  0x28a5, 0x28a5, 0x28a5, 0x28a5, 0x2885, 0x2885, 0x2085, 0x2085, 0x2085, 0x2085, 0x2085, 0x2085, 
  0x2084, 0x2064, 0x2064, 0x2064, 0x2064, 0x2064, 0x2064, 0x2064, 0x2064, 0x2064, 0x2064, 0x2064, 
  0x2064, 0x2064, 0x2064, 0x2064, 0x2064, 0x2064, 0x2064, 0x2064, 0x2064, 0x2044, 0x2044, 0x2044, 
  0x2044, 0x2044, 0x2044, 0x2044, 0x2044, 0x2044, 0x2044, 0x2044, 0x2044, 0x2044, 0x2044, 0x628d, 
  0x3927, 0x1843, 0x1844, 0x1844, 0x1844, 0x1844, 0x1844, 0x1844, 0x1844, 0x1844, 0x1844, 0x1844, 
  0x2064, 0x2064, 0x2064, 0x2064, 0x1844, 0x1844, 0x1844, 0x1844, 0x1844, 0x1844, 0x1844, 0x1844, 
  0x1844, 0x1823, 0x1823, 0x1823, 0x1823, 0x1823, 0x1823, 0x1823, 0x1823, 0x1823, 0x1823, 0x1823, 
  0x1823, 0x1823, 0x1823, 0x1823, 0x1823, 0x1803, 0x1803, 0x1003, 0x1003, 0x1003, 0x1003, 0x1003, 
  0x1003, 0x1003, 0x1003, 0x1003, 0x1003, 0x1803, 0x1823, 0x1823, 0x1823, 0x1823, 0x1823, 0x1823, 
  0x1823, 0x1823, 0x1823, 0x1823, 0x1823, 0x1823, 0x1823, 0x1823, 0x1823, 0x1823, 0x1823, 0x1824, 
  0x1824, 0x1824, 0x1824, 0x1824, 0x1824, 0x1824, 0x1824, 0x1824, 0x1844, 0x2044, 0x2044, 0x2064, 
  0x2064, 0x2064, 0x2064, 0x2064, 0x2064, 0x2064, 0x2064, 0x2064, 0x2064, 0x2064, 0x2064, 0x2064, 
  0x2064, 0x2064, 0x2064, 0x2064, 0x2064, 0x2064, 0x2064, 0x2064, 0x2064, 0x2064, 0x2064, 0x2064, 
  0x2064, 0x2064, 0x2064, 0x2064, 0x2064, 0x2064, 0x2064, 0x2064, 0x2064, 0x2064, 0x2064, 0x2064, 
  0x2064, 0x2064, 0x2064, 0x2064, 0x2064, 0x2064, 0x2064, 0x2064, 0x2064, 0x2064, 0x2064, 0x2064, 
  0x2064, 0x2064, 0x2064, 0x2064, 0x2064, 0x2064, 0x2064, 0x2064, 0x2064, 0x2064, 0x2064, 0x2065, 
  0x2065, 0x2064, 0x2064, 0x2064, 0x2064, 0x2064, 0x2044, 0x2044, 0x2044, 0x2044, 0x1844, 0x1844, 
  0x1844, 0x1844, 0x1844, 0x1844, 0x1844, 0x1844, 0x1844, 0x1844, 0x1844, 0x1844, 0x1844, 0x1844, 
  0x1844, 0x1844, 0x1844, 0x1844, 0x1844, 0x1844, 0x1844, 0x1844, 0x1844, 0x1844, 0x1844, 0x1844, 
  0x1844, 0x1844, 0x2044, 0x2044, 0x2044, 0x2044, 0x2044, 0x2044, 0x2044, 0x2044, 0x2044, 0x2044, 
  0x2044, 0x2044, 0x2044, 0x2044, 0x2044, 0x2044, 0x2044, 0x2044, 0x2044, 0x2044, 0x2044, 0x2044, 
  0x2044, 0x2044, 0x2044, 0x2044, 0x2044, 0x2044, 0x2044, 0x2044, 0x2044, 0x2064, 0x2064, 0x2064, 
  0x2065, 0x2865, 0x2886, 0x30a7, 0x38e8, 0x3908, 0x3928, 0x3948, 0x3948, 0x3948, 0x3948, 0x3948, 
  0x3948, 0x3948, 0x3948, 0x3948, 0x3948, 0x3927, 0x3927, 0x3927, 0x3927, 0x3927, 0x3927, 0x3927, 
  0x3927, 0x3927, 0x3927, 0x3927, 0x3927, 0x3927, 0x3927, 0x3927, 0x3927, 0x3927, 0x3927, 0x3908, 
  0x4109, 0x490a, 0x590c, 0x710f, 0x8932, 0x9934, 0xa956, 0xa936, 0xa915, 0x90f4, 0x80d1, 0x68ae, 
  0x50ab, 0x40a9, 0x38a7, 0x30a6, 0x28a6, 0x28a5, 0x28a5, 0x28a5, 0x28a5, 0x28a5, 0x2885, 0x2885, 
  0x2085, 0x2085, 0x2085, 0x2085, 0x2085, 0x2085, 0x2085, 0x2064, 0x2064, 0x2064, 0x2064, 0x2064, 
  0x2064, 0x2064, 0x2064, 0x2064, 0x2064, 0x2064, 0x2064, 0x2064, 0x2064, 0x2064, 0x2064, 0x2064, 
  0x2064, 0x2064, 0x2064, 0x2064, 0x2044, 0x2044, 0x2044, 0x2044, 0x2044, 0x2044, 0x2044, 0x2044, 
  0x2044, 0x2044, 0x2044, 0x2044, 0x2044, 0x2044, 0x2044, 0x628d, 0x3907, 0x1823, 0x1823, 0x1823, 
  0x1823, 0x1823, 0x1823, 0x1823, 0x1823, 0x1823, 0x1844, 0x1844, 0x1844, 0x1844, 0x2044, 0x1844, 
  0x1844, 0x1844, 0x1844, 0x1844, 0x1844, 0x1844, 0x1844, 0x1844, 0x1844, 0x1823, 0x1823, 0x1823, 
  0x1823, 0x1823, 0x1823, 0x1823, 0x1823, 0x1823, 0x1823, 0x1823, 0x1823, 0x1823, 0x1823, 0x1823, 
  0x1823, 0x1803, 0x1803, 0x1003, 0x1003, 0x1003, 0x1003, 0x1003, 0x1003, 0x1003, 0x1003, 0x1003, 
  0x1003, 0x1803, 0x1823, 0x1823, 0x1823, 0x1823, 0x1823, 0x1823, 0x1823, 0x1823, 0x1823, 0x1823, 
  0x1823, 0x1823, 0x1823, 0x1823, 0x1823, 0x1823, 0x1824, 0x1824, 0x1824, 0x1824, 0x1824, 0x1824, 
  0x1824, 0x1824, 0x1824, 0x1824, 0x1844, 0x2044, 0x2044, 0x2064, 0x2064, 0x2064, 0x2064, 0x2064, 
  0x2064, 0x2064, 0x2064, 0x2064, 0x2064, 0x2064, 0x2064, 0x2064, 0x2064, 0x2064, 0x2064, 0x2064, 
  0x2064, 0x2064, 0x2064, 0x2064, 0x2064, 0x2064, 0x2064, 0x2064, 0x2064, 0x2064, 0x2064, 0x2064, 
  0x2064, 0x2064, 0x2064, 0x2064, 0x2064, 0x2064, 0x2064, 0x2064, 0x2064, 0x2064, 0x2064, 0x2064, 
  0x2064, 0x2064, 0x2064, 0x2064, 0x2064, 0x2064, 0x2064, 0x2064, 0x2064, 0x2064, 0x2064, 0x2064, 
  0x2064, 0x2064, 0x2064, 0x2064, 0x2065, 0x2065, 0x2065, 0x2065, 0x2064, 0x2064, 0x2064, 0x2064, 
  0x2064, 0x2044, 0x2044, 0x2044, 0x2044, 0x1844, 0x1844, 0x1844, 0x1844, 0x1844, 0x1844, 0x1844, 
  0x1844, 0x1844, 0x1844, 0x1844, 0x1844, 0x1844, 0x1844, 0x1844, 0x1844, 0x1844, 0x1844, 0x1844, 
  0x1844, 0x1844, 0x1844, 0x1844, 0x1844, 0x1844, 0x1844, 0x1844, 0x1844, 0x1844, 0x1844, 0x2044, 
  0x2044, 0x2044, 0x2044, 0x2044, 0x2044, 0x2044, 0x2044, 0x2044, 0x2044, 0x2044, 0x2044, 0x2044, 
  0x2044, 0x2044, 0x2044, 0x2044, 0x2044, 0x2044, 0x2044, 0x2044, 0x2044, 0x2044, 0x2044, 0x2044, 
  0x2044, 0x2044, 0x2044, 0x2044, 0x2044, 0x2064, 0x2064, 0x2064, 0x2065, 0x2886, 0x2886, 0x30c7, 
  0x38e8, 0x3928, 0x3928, 0x3948, 0x3948, 0x3948, 0x3948, 0x3948, 0x3948, 0x3948, 0x3948, 0x3948, 
  0x3927, 0x3927, 0x3927, 0x3927, 0x3927, 0x3927, 0x3927, 0x3927, 0x3927, 0x3927, 0x3927, 0x3927, 
  0x3927, 0x3927, 0x3927, 0x3927, 0x3927, 0x3927, 0x3927, 0x3907, 0x3908, 0x4109, 0x50eb, 0x60ed, 
  0x7910, 0x9113, 0xa135, 0xa936, 0xa936, 0xa0f5, 0x88d3, 0x70b0, 0x58ad, 0x48aa, 0x38a8, 0x30a7, 
  0x28a6, 0x28a5, 0x28a5, 0x28a5, 0x28a5, 0x28a5, 0x2885, 0x2885, 0x2085, 0x2085, 0x2085, 0x2085, 
  0x2085, 0x2085, 0x2084, 0x2064, 0x2064, 0x2064, 0x2064, 0x2064, 0x2064, 0x2064, 0x2064, 0x2064, 
  0x2064, 0x2064, 0x2064, 0x2064, 0x2064, 0x2064, 0x2064, 0x2064, 0x2064, 0x2064, 0x2064, 0x2044, 
  0x2044, 0x2044, 0x2044, 0x2044, 0x2044, 0x2044, 0x2044, 0x2044, 0x2044, 0x2044, 0x2044, 0x2044, 
  0x2044, 0x2044, 0x2044, 0x626d, 0x3107, 0x1823, 0x1823, 0x1823, 0x1823, 0x1823, 0x1823, 0x1823, 
  0x1823, 0x1823, 0x1823, 0x1823, 0x1844, 0x1844, 0x1844, 0x1844, 0x1844, 0x1844, 0x1844, 0x1844, 
  0x1844, 0x1844, 0x1844, 0x1844, 0x1844, 0x1823, 0x1823, 0x1823, 0x1823, 0x1823, 0x1823, 0x1823, 
  0x1823, 0x1823, 0x1823, 0x1823, 0x1823, 0x1823, 0x1823, 0x1823, 0x1823, 0x1803, 0x1803, 0x1003, 
  0x1003, 0x1003, 0x1003, 0x1003, 0x1003, 0x1003, 0x1003, 0x1003, 0x1803, 0x1823, 0x1823, 0x1823, 
  0x1823, 0x1823, 0x1823, 0x1823, 0x1823, 0x1823, 0x1823, 0x1823, 0x1823, 0x1823, 0x1823, 0x1824, 
  0x1824, 0x1824, 0x1824, 0x1824, 0x1824, 0x1824, 0x1824, 0x1824, 0x1824, 0x1824, 0x1824, 0x1824, 
  0x1844, 0x2044, 0x2044, 0x2064, 0x2064, 0x2064, 0x2064, 0x2064, 0x2064, 0x2064, 0x2064, 0x2064, 
  0x2064, 0x2064, 0x2064, 0x2064, 0x2064, 0x2064, 0x2064, 0x2064, 0x2064, 0x2064, 0x2064, 0x2064, 
  0x2064, 0x2064, 0x2064, 0x2064, 0x2064, 0x2064, 0x2064, 0x2064, 0x2064, 0x2064, 0x2064, 0x2064, 
  0x2064, 0x2064, 0x2064, 0x2064, 0x2064, 0x2064, 0x2064, 0x2064, 0x2064, 0x2064, 0x2064, 0x2064, 
  0x2064, 0x2064, 0x2064, 0x2064, 0x2064, 0x2064, 0x2064, 0x2064, 0x2064, 0x2065, 0x2085, 0x2085, 
  0x2085, 0x2085, 0x2065, 0x2064, 0x2064, 0x2064, 0x2044, 0x2044, 0x2044, 0x1844, 0x1844, 0x1844, 
  0x1844, 0x1844, 0x1844, 0x1844, 0x1844, 0x1844, 0x1844, 0x1844, 0x1844, 0x1844, 0x1844, 0x1844, 
  0x1844, 0x1844, 0x1844, 0x1844, 0x1844, 0x1844, 0x1844, 0x1844, 0x1844, 0x1844, 0x1844, 0x1844, 
  0x1844, 0x1844, 0x1844, 0x1844, 0x1844, 0x1844, 0x1844, 0x2044, 0x2044, 0x2044, 0x2044, 0x2044, 
  0x2044, 0x2044, 0x2044, 0x2044, 0x2044, 0x2044, 0x2044, 0x2044, 0x2044, 0x2044, 0x2044, 0x2044, 
  0x2044, 0x2044, 0x2044, 0x2044, 0x2044, 0x2044, 0x2044, 0x2044, 0x2044, 0x2044, 0x2044, 0x2044, 
  0x2044, 0x2044, 0x2064, 0x2064, 0x2065, 0x2886, 0x30a7, 0x30c7, 0x3908, 0x3928, 0x3948, 0x3948, 
  0x3948, 0x3948, 0x3948, 0x3948, 0x3948, 0x3948, 0x3948, 0x3927, 0x3927, 0x3927, 0x3927, 0x3927, 
  0x3927, 0x3927, 0x3927, 0x3927, 0x3927, 0x3927, 0x3927, 0x3927, 0x3927, 0x3927, 0x3927, 0x3927, 
  0x3927, 0x3927, 0x3927, 0x3907, 0x3908, 0x4108, 0x48ea, 0x58ec, 0x70ef, 0x88f2, 0x9914, 0xa936, 
  0xa936, 0xa916, 0x90f4, 0x80d1, 0x68ae, 0x508b, 0x4089, 0x3087, 0x28a6, 0x28a6, 0x28a5, 0x28a5, 
  0x2885, 0x2885, 0x2085, 0x2085, 0x2085, 0x2085, 0x2085, 0x2085, 0x2085, 0x2085, 0x2064, 0x2064, 
  0x2064, 0x2064, 0x2064, 0x2064, 0x2064, 0x2064, 0x2064, 0x2064, 0x2064, 0x2064, 0x2064, 0x2064, 
  0x2064, 0x2064, 0x2064, 0x2064, 0x2064, 0x2064, 0x2044, 0x2044, 0x2044, 0x2044, 0x2044, 0x2044, 
  0x2044, 0x2044, 0x2044, 0x2044, 0x2044, 0x2044, 0x2044, 0x2044, 0x2044, 0x2044, 0x2044, 0x626c, 
  0x3107, 0x1823, 0x1823, 0x1823, 0x1823, 0x1823, 0x1823, 0x1823, 0x1823, 0x1823, 0x1823, 0x1823, 
  0x1823, 0x1823, 0x1844, 0x1844, 0x1844, 0x1844, 0x1844, 0x1844, 0x1844, 0x1844, 0x1844, 0x1844, 
  0x1824, 0x1823, 0x1823, 0x1823, 0x1823, 0x1823, 0x1823, 0x1823, 0x1823, 0x1823, 0x1823, 0x1823, 
  0x1823, 0x1823, 0x1823, 0x1823, 0x1823, 0x1803, 0x1803, 0x1003, 0x1003, 0x1003, 0x1003, 0x1003, 
  0x1003, 0x1003, 0x1003, 0x1003, 0x1823, 0x1823, 0x1823, 0x1823, 0x1823, 0x1823, 0x1823, 0x1823, 
  0x1823, 0x1823, 0x1823, 0x1823, 0x1823, 0x1823, 0x1824, 0x1824, 0x1824, 0x1824, 0x1824, 0x1824, 
  0x1824, 0x1824, 0x1824, 0x1824, 0x1824, 0x1824, 0x1824, 0x1824, 0x1844, 0x2044, 0x2044, 0x2064, 
  0x2064, 0x2064, 0x2064, 0x2064, 0x2064, 0x2064, 0x2064, 0x2064, 0x2064, 0x2064, 0x2064, 0x2064, 
  0x2064, 0x2064, 0x2064, 0x2064, 0x2064, 0x2064, 0x2064, 0x2064, 0x2064, 0x2064, 0x2064, 0x2064, 
  0x2064, 0x2064, 0x2064, 0x2064, 0x2064, 0x2064, 0x2064, 0x2064, 0x2064, 0x2064, 0x2064, 0x2064, 
  0x2064, 0x2064, 0x2064, 0x2064, 0x2064, 0x2064, 0x2064, 0x2064, 0x2064, 0x2064, 0x2064, 0x2064, 
  0x2064, 0x2064, 0x2064, 0x2065, 0x2085, 0x2085, 0x2085, 0x2085, 0x2085, 0x2064, 0x2064, 0x2064, 
  0x2064, 0x2044, 0x2044, 0x2044, 0x1844, 0x1844, 0x1844, 0x1844, 0x1844, 0x1844, 0x1844, 0x1844, 
  0x1844, 0x1844, 0x1844, 0x1844, 0x1844, 0x1844, 0x1844, 0x1844, 0x1844, 0x1844, 0x1844, 0x1844, 
  0x1844, 0x1844, 0x1844, 0x1844, 0x1844, 0x1844, 0x1844, 0x1844, 0x1844, 0x1844, 0x1844, 0x1844, 
  0x1844, 0x1844, 0x1844, 0x2044, 0x2044, 0x2044, 0x2044, 0x2044, 0x2044, 0x2044, 0x2044, 0x2044, 
  0x2044, 0x2044, 0x2044, 0x2044, 0x2044, 0x2044, 0x2044, 0x2044, 0x2044, 0x2044, 0x2044, 0x2044, 
  0x2044, 0x2044, 0x2044, 0x2044, 0x2044, 0x2044, 0x2044, 0x2044, 0x2044, 0x2044, 0x2044, 0x2065, 
  0x2065, 0x2886, 0x30a7, 0x38e8, 0x3908, 0x3928, 0x3948, 0x3948, 0x3948, 0x3948, 0x3948, 0x3948, 
  0x3948, 0x3948, 0x3927, 0x3927, 0x3927, 0x3927, 0x3927, 0x3927, 0x3927, 0x3927, 0x3927, 0x3927, 
  0x3927, 0x3927, 0x3927, 0x3927, 0x3927, 0x3927, 0x3927, 0x3927, 0x3927, 0x3927, 0x3907, 0x3107, 
  0x3907, 0x38e8, 0x40e9, 0x50eb, 0x60cd, 0x78f0, 0x9113, 0xa115, 0xa916, 0xa916, 0xa0f5, 0x88d3, 
  0x70b0, 0x588d, 0x488a, 0x3888, 0x3087, 0x2886, 0x2885, 0x2885, 0x2885, 0x2885, 0x2085, 0x2085, 
  0x2085, 0x2085, 0x2085, 0x2085, 0x2085, 0x2064, 0x2064, 0x2064, 0x2064, 0x2064, 0x2064, 0x2064, 
  0x2064, 0x2064, 0x2064, 0x2064, 0x2064, 0x2064, 0x2064, 0x2064, 0x2064, 0x2064, 0x2064, 0x2064, 
  0x2064, 0x2044, 0x2044, 0x2044, 0x2044, 0x2044, 0x2044, 0x2044, 0x2044, 0x2044, 0x2044, 0x2044, 
  0x2044, 0x2044, 0x2044, 0x2044, 0x2044, 0x2044, 0x2044, 0x626c, 0x3107, 0x1823, 0x1823, 0x1823, 
  0x1823, 0x1823, 0x1823, 0x1823, 0x1823, 0x1823, 0x1823, 0x1823, 0x1823, 0x1823, 0x1823, 0x1823, 
  0x1844, 0x1844, 0x1844, 0x1844, 0x1844, 0x1844, 0x1844, 0x1844, 0x1823, 0x1823, 0x1823, 0x1823, 
  0x1823, 0x1823, 0x1823, 0x1823, 0x1823, 0x1823, 0x1823, 0x1823, 0x1823, 0x1823, 0x1823, 0x1823, 
  0x1823, 0x1803, 0x1803, 0x1003, 0x1003, 0x1003, 0x1003, 0x1003, 0x1003, 0x1003, 0x1003, 0x1823, 
  0x1823, 0x1823, 0x1823, 0x1823, 0x1823, 0x1823, 0x1823, 0x1823, 0x1823, 0x1823, 0x1823, 0x1823, 
  0x1823, 0x1824, 0x1824, 0x1824, 0x1824, 0x1824, 0x1824, 0x1824, 0x1824, 0x1824, 0x1824, 0x1824, 
  0x1824, 0x1824, 0x1824, 0x1824, 0x1844, 0x2044, 0x2044, 0x2064, 0x2064, 0x2064, 0x2064, 0x2064, 
  0x2064, 0x2064, 0x2064, 0x2064, 0x2064, 0x2064, 0x2064, 0x2064, 0x2064, 0x2064, 0x2064, 0x2064, 
  0x2064, 0x2064, 0x2064, 0x2064, 0x2064, 0x2064, 0x2064, 0x2064, 0x2064, 0x2064, 0x2064, 0x2064, 
  0x2064, 0x2064, 0x2064, 0x2064, 0x2064, 0x2064, 0x2064, 0x2064, 0x2064, 0x2064, 0x2064, 0x2064, 
  0x2064, 0x2064, 0x2064, 0x2064, 0x2064, 0x2064, 0x2064, 0x2064, 0x2064, 0x2065, 0x2085, 0x2085, 
  0x2085, 0x2085, 0x2085, 0x2085, 0x2064, 0x2064, 0x2064, 0x2044, 0x2044, 0x2044, 0x1844, 0x1844, 
  0x1844, 0x1844, 0x1844, 0x1844, 0x1844, 0x1844, 0x1844, 0x1844, 0x1844, 0x1844, 0x1844, 0x1844, 
  0x1844, 0x1844, 0x1844, 0x1844, 0x1844, 0x1844, 0x1844, 0x1844, 0x1844, 0x1844, 0x1844, 0x1844, 
  0x1844, 0x1844, 0x1844, 0x1844, 0x1844, 0x1844, 0x1844, 0x1844, 0x1844, 0x1844, 0x1844, 0x1844, 
  0x1844, 0x2044, 0x2044, 0x2044, 0x2044, 0x2044, 0x2044, 0x2044, 0x2044, 0x2044, 0x2044, 0x2044, 
  0x2044, 0x2044, 0x2044, 0x2044, 0x2044, 0x2044, 0x2044, 0x2044, 0x2044, 0x2044, 0x2044, 0x2044, 
  0x2044, 0x2044, 0x2044, 0x2044, 0x2044, 0x2044, 0x2044, 0x2065, 0x2865, 0x2886, 0x30c7, 0x38e8, 
  0x3908, 0x3928, 0x3948, 0x3948, 0x3948, 0x3948, 0x3948, 0x3948, 0x3948, 0x3928, 0x3927, 0x3927, 
  0x3927, 0x3927, 0x3927, 0x3927, 0x3927, 0x3927, 0x3927, 0x3927, 0x3927, 0x3927, 0x3927, 0x3927, 
  0x3927, 0x3927, 0x3927, 0x3927, 0x3927, 0x3927, 0x3107, 0x3107, 0x3107, 0x38e7, 0x38e8, 0x48c9, 
  0x58cc, 0x68ce, 0x80f1, 0x98f4, 0xa916, 0xa916, 0xa0f6, 0x90d4, 0x78b1, 0x608e, 0x508b, 0x4089, 
  0x3087, 0x2886, 0x2885, 0x2885, 0x2885, 0x2085, 0x2085, 0x2085, 0x2085, 0x2085, 0x2085, 0x2085, 
  0x2065, 0x2064, 0x2064, 0x2064, 0x2064, 0x2064, 0x2064, 0x2064, 0x2064, 0x2064, 0x2064, 0x2064, 
  0x2064, 0x2064, 0x2064, 0x2064, 0x2064, 0x2064, 0x2064, 0x2064, 0x2044, 0x2044, 0x2044, 0x2044, 
  0x2044, 0x2044, 0x2044, 0x2044, 0x2044, 0x2044, 0x2044, 0x2044, 0x2044, 0x2044, 0x2044, 0x2044, 
  0x2044, 0x2044, 0x2044, 0x626c, 0x3107, 0x1823, 0x1823, 0x1823, 0x1823, 0x1823, 0x1823, 0x1823, 
  0x1823, 0x1823, 0x1823, 0x1823, 0x1823, 0x1823, 0x1823, 0x1823, 0x1823, 0x1844, 0x1844, 0x1844, 
  0x1844, 0x1844, 0x1844, 0x1823, 0x1823, 0x1823, 0x1823, 0x1823, 0x1823, 0x1823, 0x1823, 0x1823, 
  0x1823, 0x1823, 0x1823, 0x1823, 0x1823, 0x1823, 0x1823, 0x1823, 0x1823, 0x1803, 0x1803, 0x1003, 
  0x1003, 0x1003, 0x1003, 0x1003, 0x1003, 0x1003, 0x1823, 0x1823, 0x1823, 0x1823, 0x1823, 0x1823, 
  0x1823, 0x1823, 0x1823, 0x1823, 0x1823, 0x1823, 0x1824, 0x1824, 0x1824, 0x1824, 0x1824, 0x1824, 
  0x1824, 0x1824, 0x1824, 0x1824, 0x1824, 0x1824, 0x1824, 0x1824, 0x1824, 0x1824, 0x1824, 0x1824, 
  0x1844, 0x2044, 0x2044, 0x2064, 0x2064, 0x2064, 0x2064, 0x2064, 0x2064, 0x2064, 0x2064, 0x2064, 
  0x2064, 0x2064, 0x2064, 0x2064, 0x2064, 0x2064, 0x2064, 0x2064, 0x2064, 0x2064, 0x2064, 0x2064, 
  0x2064, 0x2064, 0x2064, 0x2064, 0x2064, 0x2064, 0x2064, 0x2064, 0x2064, 0x2064, 0x2064, 0x2064, 
  0x2064, 0x2064, 0x2064, 0x2064, 0x2064, 0x2064, 0x2064, 0x2064, 0x2064, 0x2064, 0x2064, 0x2064, 
  0x2064, 0x2064, 0x2064, 0x2065, 0x2085, 0x2085, 0x2085, 0x2085, 0x2085, 0x2085, 0x2065, 0x2064, 
  0x2064, 0x2064, 0x2044, 0x2044, 0x1844, 0x1844, 0x1844, 0x1844, 0x1844, 0x1844, 0x1844, 0x1844, 
  0x1844, 0x1844, 0x1844, 0x1844, 0x1844, 0x1844, 0x1844, 0x1844, 0x1844, 0x1844, 0x1844, 0x1844, 
  0x1844, 0x1844, 0x1844, 0x1844, 0x1844, 0x1844, 0x1844, 0x1844, 0x1844, 0x1844, 0x1844, 0x1844, 
  0x1844, 0x1844, 0x1844, 0x1844, 0x1844, 0x1844, 0x1844, 0x1844, 0x1844, 0x2044, 0x2044, 0x2044, 
  0x2044, 0x2044, 0x2044, 0x2044, 0x2044, 0x2044, 0x2044, 0x2044, 0x2044, 0x2044, 0x2044, 0x2044, 
  0x2044, 0x2044, 0x2044, 0x2044, 0x2044, 0x2044, 0x2044, 0x2044, 0x2044, 0x2044, 0x2044, 0x2044, 
  0x2044, 0x2044, 0x2044, 0x2065, 0x2865, 0x30a6, 0x30c7, 0x3908, 0x3928, 0x3928, 0x3948, 0x3948, 
  0x3948, 0x3948, 0x3948, 0x3948, 0x3928, 0x3927, 0x3927, 0x3927, 0x3927, 0x3927, 0x3927, 0x3927, 
  0x3927, 0x3927, 0x3927, 0x3927, 0x3927, 0x3927, 0x3927, 0x3927, 0x3927, 0x3927, 0x3927, 0x3927, 
  0x3927, 0x3107, 0x3107, 0x3107, 0x30e7, 0x30e7, 0x38e7, 0x40c8, 0x48ca, 0x60cd, 0x70cf, 0x88f2, 
  0x98f5, 0xa0f6, 0xa0f6, 0x98d5, 0x80b3, 0x6890, 0x588d, 0x408a, 0x3888, 0x3086, 0x2886, 0x2885, 
  0x2885, 0x2085, 0x2085, 0x2085, 0x2085, 0x2085, 0x2085, 0x2065, 0x2064, 0x2064, 0x2064, 0x2064, 
  0x2064, 0x2064, 0x2064, 0x2064, 0x2064, 0x2064, 0x2064, 0x2064, 0x2064, 0x2064, 0x2064, 0x2064, 
  0x2064, 0x2064, 0x2064, 0x2044, 0x2044, 0x2044, 0x2044, 0x2044, 0x2044, 0x2044, 0x2044, 0x2044, 
  0x2044, 0x2044, 0x2044, 0x2044, 0x2044, 0x2044, 0x2044, 0x2044, 0x2044, 0x2044, 0x2044, 0x626c, 
  0x3107, 0x1823, 0x1823, 0x1823, 0x1823, 0x1823, 0x1823, 0x1823, 0x1823, 0x1823, 0x1823, 0x1823, 
  0x1823, 0x1823, 0x1823, 0x1823, 0x1823, 0x1823, 0x1824, 0x1844, 0x1844, 0x1844, 0x1824, 0x1823, 
  0x1823, 0x1823, 0x1823, 0x1823, 0x1823, 0x1823, 0x1823, 0x1823, 0x1823, 0x1823, 0x1823, 0x1823, 
  0x1823, 0x1823, 0x1823, 0x1823, 0x1823, 0x1803, 0x1803, 0x1003, 0x1003, 0x1003, 0x1003, 0x1003, 
  0x1003, 0x1003, 0x1823, 0x1823, 0x1823, 0x1823, 0x1823, 0x1823, 0x1823, 0x1823, 0x1823, 0x1823, 
  0x1823, 0x1823, 0x1824, 0x1824, 0x1824, 0x1824, 0x1824, 0x1824, 0x1824, 0x1824, 0x1824, 0x1824, 
  0x1824, 0x1824, 0x1824, 0x1824, 0x1824, 0x1824, 0x1824, 0x1824, 0x1844, 0x2044, 0x2044, 0x2064, 
  0x2064, 0x2064, 0x2064, 0x2064, 0x2064, 0x2064, 0x2064, 0x2064, 0x2064, 0x2064, 0x2064, 0x2064, 
  0x2064, 0x2064, 0x2064, 0x2064, 0x2064, 0x2064, 0x2064, 0x2064, 0x2064, 0x2064, 0x2064, 0x2064, 
  0x2064, 0x2064, 0x2064, 0x2064, 0x2064, 0x2064, 0x2064, 0x2064, 0x2064, 0x2064, 0x2064, 0x2064, 
  0x2064, 0x2064, 0x2064, 0x2064, 0x2064, 0x2064, 0x2064, 0x2064, 0x2064, 0x2065, 0x2085, 0x2085, 
  0x2085, 0x2085, 0x2085, 0x2085, 0x2065, 0x2064, 0x2064, 0x2044, 0x2044, 0x1844, 0x1844, 0x1844, 
  0x1844, 0x1844, 0x1844, 0x1844, 0x1844, 0x1844, 0x1844, 0x1844, 0x1844, 0x1844, 0x1844, 0x1844, 
  0x1844, 0x1844, 0x1844, 0x1844, 0x1844, 0x1844, 0x1844, 0x1844, 0x1844, 0x1844, 0x1844, 0x1844, 
  0x1844, 0x1844, 0x1844, 0x1844, 0x1844, 0x1844, 0x1844, 0x1844, 0x1844, 0x1844, 0x1844, 0x1844, 
  0x1844, 0x1844, 0x1844, 0x1844, 0x1844, 0x2044, 0x2044, 0x2044, 0x2044, 0x2044, 0x2044, 0x2044, 
  0x2044, 0x2044, 0x2044, 0x2044, 0x2044, 0x2044, 0x2044, 0x2044, 0x2044, 0x2044, 0x2044, 0x2044, 
  0x2044, 0x2044, 0x2044, 0x2044, 0x2044, 0x2044, 0x2044, 0x2044, 0x2044, 0x2044, 0x2044, 0x2065, 
  0x2886, 0x30a7, 0x30e7, 0x3908, 0x3928, 0x3948, 0x3948, 0x3948, 0x3948, 0x3948, 0x3948, 0x3927, 
  0x3927, 0x3927, 0x3927, 0x3927, 0x3927, 0x3927, 0x3927, 0x3927, 0x3927, 0x3927, 0x3927, 0x3927, 
  0x3927, 0x3927, 0x3927, 0x3927, 0x3927, 0x3927, 0x3927, 0x3927, 0x3107, 0x3107, 0x3107, 0x3107, 
  0x30e6, 0x30e6, 0x30e7, 0x38e8, 0x40c9, 0x50cb, 0x68ce, 0x78d1, 0x90f3, 0x98f5, 0xa0f6, 0x98d6, 
  0x88b4, 0x7091, 0x608e, 0x488b, 0x3889, 0x3087, 0x2886, 0x2885, 0x2885, 0x2085, 0x2085, 0x2085, 
  0x2085, 0x2085, 0x2065, 0x2064, 0x2064, 0x2064, 0x2064, 0x2064, 0x2064, 0x2064, 0x2064, 0x2064, 
  0x2064, 0x2064, 0x2064, 0x2064, 0x2064, 0x2064, 0x2064, 0x2064, 0x2064, 0x2064, 0x2044, 0x2044, 
  0x2044, 0x2044, 0x2044, 0x2044, 0x2044, 0x2044, 0x2044, 0x2044, 0x2044, 0x2044, 0x2044, 0x2044, 
  0x2044, 0x2044, 0x2044, 0x2044, 0x2044, 0x2044, 0x2044, 0x626c, 0x3107, 0x1823, 0x1823, 0x1823, 
  0x1823, 0x1823, 0x1823, 0x1823, 0x1823, 0x1823, 0x1823, 0x1823, 0x1823, 0x1823, 0x1823, 0x1823, 
  0x1823, 0x1823, 0x1823, 0x1823, 0x1824, 0x1844, 0x1824, 0x1823, 0x1823, 0x1823, 0x1823, 0x1823, 
  0x1823, 0x1823, 0x1823, 0x1823, 0x1823, 0x1823, 0x1823, 0x1823, 0x1823, 0x1823, 0x1823, 0x1823, 
  0x1823, 0x1803, 0x1803, 0x1003, 0x1003, 0x1003, 0x1003, 0x1003, 0x1003, 0x1003, 0x1823, 0x1823, 
  0x1823, 0x1823, 0x1823, 0x1823, 0x1823, 0x1823, 0x1823, 0x1823, 0x1823, 0x1823, 0x1824, 0x1824, 
  0x1824, 0x1824, 0x1824, 0x1824, 0x1824, 0x1824, 0x1824, 0x1824, 0x1824, 0x1824, 0x1824, 0x1824, 
  0x1824, 0x1824, 0x1824, 0x1824, 0x1844, 0x2044, 0x2044, 0x2064, 0x2064, 0x2064, 0x2064, 0x2064, 
  0x2064, 0x2064, 0x2064, 0x2064, 0x2064, 0x2064, 0x2064, 0x2064, 0x2064, 0x2064, 0x2064, 0x2064, 
  0x2064, 0x2064, 0x2064, 0x2064, 0x2064, 0x2064, 0x2064, 0x2064, 0x2064, 0x2064, 0x2064, 0x2064, 
  0x2064, 0x2064, 0x2064, 0x2064, 0x2064, 0x2064, 0x2064, 0x2064, 0x2064, 0x2064, 0x2064, 0x2064, 
  0x2064, 0x2064, 0x2065, 0x2085, 0x2085, 0x2085, 0x2085, 0x2085, 0x2085, 0x2085, 0x2065, 0x2064, 
  0x2064, 0x2044, 0x2044, 0x1844, 0x1844, 0x1844, 0x1844, 0x1844, 0x1844, 0x1844, 0x1844, 0x1844, 
  0x1844, 0x1844, 0x1844, 0x1844, 0x1844, 0x1844, 0x1844, 0x1844, 0x1844, 0x1844, 0x1844, 0x1844, 
  0x1844, 0x1844, 0x1844, 0x1844, 0x1844, 0x1844, 0x1844, 0x1844, 0x1844, 0x1844, 0x1844, 0x1844, 
  0x1844, 0x1844, 0x1844, 0x1844, 0x1844, 0x1844, 0x1844, 0x1844, 0x1844, 0x1844, 0x1844, 0x1844, 
  0x1844, 0x1844, 0x2044, 0x2044, 0x2044, 0x2044, 0x2044, 0x2044, 0x2044, 0x2044, 0x2044, 0x2044, 
  0x2044, 0x2044, 0x2044, 0x2044, 0x2044, 0x2044, 0x2044, 0x2044, 0x2044, 0x2044, 0x2044, 0x2044, 
  0x2044, 0x2044, 0x2044, 0x2044, 0x2044, 0x2044, 0x2044, 0x2065, 0x2886, 0x30a7, 0x30e7, 0x3908, 
  0x3928, 0x3948, 0x3948, 0x3948, 0x3948, 0x3948, 0x3928, 0x3927, 0x3927, 0x3927, 0x3927, 0x3927, 
  0x3927, 0x3927, 0x3927, 0x3927, 0x3927, 0x3927, 0x3927, 0x3927, 0x3927, 0x3927, 0x3927, 0x3927, 
  0x3927, 0x3927, 0x3927, 0x3107, 0x3107, 0x3107, 0x3107, 0x30e6, 0x30e6, 0x30e6, 0x30e6, 0x38e7, 
  0x38c8, 0x48ca, 0x58cc, 0x68cf, 0x80d1, 0x90d4, 0x98d5, 0x90d6, 0x88b5, 0x7892, 0x688f, 0x508c, 
  0x408a, 0x3888, 0x3086, 0x2886, 0x2885, 0x2085, 0x2085, 0x2085, 0x2085, 0x2065, 0x2065, 0x2064, 
  0x2064, 0x2064, 0x2064, 0x2064, 0x2064, 0x2064, 0x2064, 0x2064, 0x2064, 0x2064, 0x2064, 0x2064, 
  0x2064, 0x2064, 0x2064, 0x2064, 0x2064, 0x2044, 0x2044, 0x2044, 0x2044, 0x2044, 0x2044, 0x2044, 
  0x2044, 0x2044, 0x2044, 0x2044, 0x2044, 0x2044, 0x2044, 0x2044, 0x2044, 0x2044, 0x2044, 0x2044, 
  0x2044, 0x2044, 0x2044, 0x626c, 0x3107, 0x1823, 0x1823, 0x1823, 0x1823, 0x1823, 0x1823, 0x1823, 
  0x1823, 0x1823, 0x1823, 0x1823, 0x1823, 0x1823, 0x1003, 0x1003, 0x1823, 0x1823, 0x1823, 0x1823, 
  0x1823, 0x1823, 0x1823, 0x1823, 0x1823, 0x1823, 0x1823, 0x1823, 0x1823, 0x1823, 0x1823, 0x1823, 
  0x1823, 0x1823, 0x1823, 0x1823, 0x1823, 0x1823, 0x1823, 0x1823, 0x1823, 0x1823, 0x1003, 0x1003, 
  0x1003, 0x1003, 0x1003, 0x1003, 0x1003, 0x1803, 0x1823, 0x1823, 0x1823, 0x1823, 0x1823, 0x1823, 
  0x1823, 0x1823, 0x1823, 0x1823, 0x1823, 0x1824, 0x1824, 0x1824, 0x1824, 0x1824, 0x1824, 0x1824, 
  0x1824, 0x1824, 0x1824, 0x1824, 0x1824, 0x1824, 0x1824, 0x1824, 0x1824, 0x1824, 0x1824, 0x1824, 
  0x1844, 0x2044, 0x2044, 0x2064, 0x2064, 0x2064, 0x2064, 0x2064, 0x2064, 0x2064, 0x2064, 0x2064, 
  0x2064, 0x2064, 0x2064, 0x2064, 0x2064, 0x2064, 0x2064, 0x2064, 0x2064, 0x2064, 0x2064, 0x2064, 
  0x2064, 0x2064, 0x2064, 0x2064, 0x2064, 0x2064, 0x2064, 0x2064, 0x2064, 0x2064, 0x2064, 0x2064, 
  0x2064, 0x2064, 0x2064, 0x2064, 0x2064, 0x2064, 0x2064, 0x2064, 0x2064, 0x2085, 0x2085, 0x2085, 
  0x2085, 0x2085, 0x2085, 0x2085, 0x2085, 0x2065, 0x2064, 0x2044, 0x2044, 0x1844, 0x1844, 0x1844, 
  0x1844, 0x1844, 0x1844, 0x1844, 0x1844, 0x1844, 0x1844, 0x1844, 0x1844, 0x1844, 0x1844, 0x1844, 
  0x1844, 0x1844, 0x1844, 0x1844, 0x1844, 0x1844, 0x1844, 0x1844, 0x1844, 0x1844, 0x1844, 0x1844, 
  0x1844, 0x1844, 0x1844, 0x1844, 0x1844, 0x1844, 0x1844, 0x1844, 0x1844, 0x1844, 0x1844, 0x1844, 
  0x1844, 0x1844, 0x1844, 0x1844, 0x1844, 0x1844, 0x1844, 0x1844, 0x1844, 0x1844, 0x2044, 0x2044, 
  0x2044, 0x2044, 0x2044, 0x2044, 0x2044, 0x2044, 0x2044, 0x2044, 0x2044, 0x2044, 0x2044, 0x2044, 
  0x2044, 0x2044, 0x2044, 0x2044, 0x2044, 0x2044, 0x2044, 0x2044, 0x2044, 0x2044, 0x2044, 0x2044, 
  0x2044, 0x2044, 0x2045, 0x2065, 0x2886, 0x30c7, 0x38e7, 0x3908, 0x3928, 0x3948, 0x3948, 0x3948, 
  0x3948, 0x3927, 0x3927, 0x3927, 0x3927, 0x3927, 0x3927, 0x3927, 0x3927, 0x3927, 0x3927, 0x3927, 
  0x3927, 0x3927, 0x3927, 0x3927, 0x3927, 0x3927, 0x3927, 0x3927, 0x3927, 0x3927, 0x3107, 0x3107, 
  0x3107, 0x3107, 0x30e6, 0x30e6, 0x30e6, 0x30e6, 0x30e6, 0x30e7, 0x38e7, 0x40c8, 0x48ca, 0x60cd, 
  0x70cf, 0x80d2, 0x88d4, 0x90b5, 0x88b5, 0x7893, 0x6890, 0x588e, 0x488b, 0x3888, 0x3087, 0x2886, 
  0x2885, 0x2085, 0x2085, 0x2085, 0x2065, 0x2065, 0x2065, 0x2064, 0x2064, 0x2064, 0x2064, 0x2064, 
  0x2064, 0x2064, 0x2064, 0x2064, 0x2064, 0x2064, 0x2064, 0x2064, 0x2064, 0x2064, 0x2064, 0x2064, 
  0x2044, 0x2044, 0x2044, 0x2044, 0x2044, 0x2044, 0x2044, 0x2044, 0x2044, 0x2044, 0x2044, 0x2044, 
  0x2044, 0x2044, 0x2044, 0x2044, 0x2044, 0x2044, 0x2044, 0x2044, 0x2044, 0x2044, 0x2044, 0x626c, 
  0x3127, 0x1823, 0x1823, 0x1823, 0x1823, 0x1823, 0x1823, 0x1823, 0x1823, 0x1823, 0x1823, 0x1823, 
  0x1823, 0x1823, 0x1003, 0x1003, 0x1003, 0x1003, 0x1823, 0x1823, 0x1823, 0x1823, 0x1823, 0x1823, 
  0x1823, 0x1823, 0x1823, 0x1823, 0x1823, 0x1823, 0x1823, 0x1823, 0x1823, 0x1823, 0x1823, 0x1823, 
  0x1823, 0x1823, 0x1823, 0x1823, 0x1823, 0x1823, 0x1803, 0x1003, 0x1003, 0x1003, 0x1003, 0x1003, 
  0x1003, 0x1823, 0x1823, 0x1823, 0x1823, 0x1823, 0x1823, 0x1823, 0x1823, 0x1823, 0x1823, 0x1823, 
  0x1824, 0x1824, 0x1824, 0x1824, 0x1824, 0x1824, 0x1824, 0x1824, 0x1824, 0x1824, 0x1824, 0x1824, 
  0x1824, 0x1824, 0x1824, 0x1824, 0x1824, 0x1824, 0x1824, 0x1824, 0x1844, 0x2044, 0x2044, 0x2064, 
  0x2064, 0x2064, 0x2064, 0x2064, 0x2064, 0x2064, 0x2064, 0x2064, 0x2064, 0x2064, 0x2064, 0x2064, 
  0x2064, 0x2064, 0x2064, 0x2064, 0x2064, 0x2064, 0x2064, 0x2064, 0x2064, 0x2064, 0x2064, 0x2064, 
  0x2064, 0x2064, 0x2064, 0x2064, 0x2064, 0x2064, 0x2064, 0x2064, 0x2064, 0x2064, 0x2064, 0x2064, 
  0x2064, 0x2064, 0x2065, 0x2085, 0x2085, 0x2085, 0x2085, 0x2085, 0x2085, 0x2085, 0x2085, 0x2065, 
  0x2064, 0x2064, 0x2044, 0x1844, 0x1844, 0x1824, 0x1824, 0x1844, 0x1844, 0x1844, 0x1844, 0x1844, 
  0x1844, 0x1844, 0x1844, 0x1844, 0x1844, 0x1844, 0x1844, 0x1844, 0x1844, 0x1844, 0x1844, 0x1844, 
  0x1844, 0x1844, 0x1844, 0x1844, 0x1844, 0x1844, 0x1844, 0x1844, 0x1844, 0x1844, 0x1844, 0x1844, 
  0x1844, 0x1844, 0x1844, 0x1844, 0x1844, 0x1844, 0x1844, 0x1844, 0x1844, 0x1844, 0x1844, 0x1844, 
  0x1844, 0x1844, 0x1844, 0x1844, 0x1844, 0x1844, 0x2044, 0x2044, 0x2044, 0x2044, 0x2044, 0x2044, 
  0x2044, 0x2044, 0x2044, 0x2044, 0x2044, 0x2044, 0x2044, 0x2044, 0x2044, 0x2044, 0x2044, 0x2044, 
  0x2044, 0x2044, 0x2044, 0x2044, 0x2044, 0x2044, 0x2044, 0x2044, 0x2044, 0x2044, 0x2065, 0x2065, 
  0x28a6, 0x30c7, 0x3907, 0x3928, 0x3928, 0x3928, 0x3948, 0x3928, 0x3928, 0x3927, 0x3927, 0x3927, 
  0x3927, 0x3927, 0x3927, 0x3927, 0x3927, 0x3927, 0x3927, 0x3927, 0x3927, 0x3927, 0x3927, 0x3927, 
  0x3927, 0x3927, 0x3927, 0x3927, 0x3927, 0x3927, 0x3107, 0x3107, 0x3107, 0x3107, 0x30e6, 0x30e6, 
  0x30e6, 0x30e6, 0x30e6, 0x30e6, 0x30e7, 0x38c8, 0x40c9, 0x50cb, 0x60cd, 0x70d0, 0x80b2, 0x88b4, 
  0x88b5, 0x8094, 0x7092, 0x606f, 0x506c, 0x4089, 0x3087, 0x2886, 0x2885, 0x2085, 0x2085, 0x2065, 
  0x2064, 0x2064, 0x2064, 0x2064, 0x2064, 0x2064, 0x2064, 0x2064, 0x2064, 0x2064, 0x2064, 0x2064, 
  0x2064, 0x2064, 0x2064, 0x2064, 0x2064, 0x2064, 0x2064, 0x2064, 0x2044, 0x2044, 0x2044, 0x2044, 
  0x2044, 0x2044, 0x2044, 0x2044, 0x2044, 0x2044, 0x2044, 0x2044, 0x2044, 0x2044, 0x2044, 0x2044, 
  0x2044, 0x2044, 0x2044, 0x2044, 0x2044, 0x2044, 0x2044, 0x626c, 0x3127, 0x1823, 0x1823, 0x1823, 
  0x1823, 0x1823, 0x1823, 0x1823, 0x1823, 0x1823, 0x1823, 0x1823, 0x1823, 0x1823, 0x1003, 0x1003, 
  0x1003, 0x1003, 0x1003, 0x1823, 0x1823, 0x1823, 0x1823, 0x1823, 0x1823, 0x1823, 0x1823, 0x1823, 
  0x1823, 0x1823, 0x1823, 0x1823, 0x1823, 0x1823, 0x1823, 0x1823, 0x1823, 0x1823, 0x1823, 0x1823, 
  0x1823, 0x1823, 0x1803, 0x1003, 0x1003, 0x1003, 0x1003, 0x1803, 0x1803, 0x1823, 0x1823, 0x1823, 
  0x1823, 0x1823, 0x1823, 0x1823, 0x1823, 0x1823, 0x1823, 0x1824, 0x1824, 0x1824, 0x1824, 0x1824, 
  0x1824, 0x1824, 0x1824, 0x1824, 0x1824, 0x1824, 0x1824, 0x1824, 0x1824, 0x1824, 0x1824, 0x1824, 
  0x1824, 0x1824, 0x1824, 0x1824, 0x1844, 0x2044, 0x2044, 0x2064, 0x2064, 0x2064, 0x2064, 0x2064, 
  0x2064, 0x2064, 0x2064, 0x2064, 0x2064, 0x2064, 0x2064, 0x2064, 0x2064, 0x2064, 0x2064, 0x2064, 
  0x2064, 0x2064, 0x2064, 0x2064, 0x2064, 0x2064, 0x2064, 0x2064, 0x2064, 0x2064, 0x2064, 0x2064, 
  0x2064, 0x2064, 0x2064, 0x2064, 0x2064, 0x2064, 0x2064, 0x2064, 0x2065, 0x2085, 0x2085, 0x2085, 
  0x2885, 0x2885, 0x2885, 0x2085, 0x2085, 0x2065, 0x2064, 0x2064, 0x2044, 0x1844, 0x1844, 0x1844, 
  0x1824, 0x1824, 0x1824, 0x1824, 0x1844, 0x1844, 0x1844, 0x1844, 0x1844, 0x1844, 0x1844, 0x1844, 
  0x1844, 0x1844, 0x1844, 0x1844, 0x1844, 0x1844, 0x1844, 0x1844, 0x1844, 0x1844, 0x1844, 0x1844, 
  0x1844, 0x1844, 0x1844, 0x1844, 0x1844, 0x1844, 0x1844, 0x1844, 0x1844, 0x1844, 0x1844, 0x1844, 
  0x1844, 0x1844, 0x1844, 0x1844, 0x1844, 0x1844, 0x1844, 0x1844, 0x1844, 0x1844, 0x1844, 0x1844, 
  0x1844, 0x1844, 0x1844, 0x2044, 0x2044, 0x2044, 0x2044, 0x2044, 0x2044, 0x2044, 0x2044, 0x2044, 
  0x2044, 0x2044, 0x2044, 0x2044, 0x2044, 0x2044, 0x2044, 0x2044, 0x2044, 0x2044, 0x2044, 0x2044, 
  0x2044, 0x2044, 0x2044, 0x2044, 0x2044, 0x2044, 0x2065, 0x2885, 0x28a6, 0x30c7, 0x3907, 0x3927, 
  0x3928, 0x3928, 0x3928, 0x3927, 0x3927, 0x3927, 0x3927, 0x3927, 0x3927, 0x3927, 0x3927, 0x3927, 
  0x3927, 0x3927, 0x3927, 0x3927, 0x3927, 0x3927, 0x3927, 0x3927, 0x3927, 0x3927, 0x3927, 0x3927, 
  0x3927, 0x3107, 0x3107, 0x3107, 0x3107, 0x30e6, 0x30e6, 0x30e6, 0x30e6, 0x30e6, 0x30e6, 0x30e6, 
  0x30e6, 0x30c7, 0x38c8, 0x40c9, 0x50cb, 0x60ce, 0x70b0, 0x78b2, 0x8094, 0x7894, 0x7072, 0x6070, 
  0x506d, 0x406a, 0x3868, 0x3087, 0x2886, 0x2865, 0x2065, 0x2065, 0x2064, 0x2064, 0x2064, 0x2064, 
  0x2064, 0x2064, 0x2064, 0x2064, 0x2064, 0x2064, 0x2064, 0x2064, 0x2064, 0x2064, 0x2064, 0x2064, 
  0x2064, 0x2064, 0x2064, 0x2044, 0x2044, 0x2044, 0x2044, 0x2044, 0x2044, 0x2044, 0x2044, 0x2044, 
  0x2044, 0x2044, 0x2044, 0x2044, 0x2044, 0x2044, 0x2044, 0x2044, 0x2044, 0x2044, 0x2044, 0x2044, 
  0x2044, 0x2044, 0x2044, 0x626c, 0x3927, 0x1823, 0x1823, 0x1823, 0x1823, 0x1823, 0x1823, 0x1823, 
  0x1823, 0x1823, 0x1823, 0x1823, 0x1823, 0x1823, 0x1003, 0x1003, 0x1003, 0x1003, 0x1003, 0x1003, 
  0x1823, 0x1823, 0x1823, 0x1823, 0x1823, 0x1823, 0x1823, 0x1823, 0x1823, 0x1823, 0x1823, 0x1823, 
  0x1823, 0x1823, 0x1823, 0x1823, 0x1823, 0x1823, 0x1823, 0x1823, 0x1823, 0x1823, 0x1803, 0x1003, 
  0x1003, 0x1003, 0x1003, 0x1823, 0x1823, 0x1823, 0x1823, 0x1823, 0x1823, 0x1823, 0x1823, 0x1823, 
  0x1823, 0x1823, 0x1824, 0x1824, 0x1824, 0x1824, 0x1824, 0x1824, 0x1824, 0x1824, 0x1824, 0x1824, 
  0x1824, 0x1824, 0x1824, 0x1824, 0x1824, 0x1824, 0x1824, 0x1824, 0x1824, 0x1824, 0x1824, 0x1824, 
  0x1844, 0x2044, 0x2044, 0x2064, 0x2064, 0x2064, 0x2064, 0x2064, 0x2064, 0x2064, 0x2064, 0x2064, 
  0x2064, 0x2064, 0x2064, 0x2064, 0x2064, 0x2064, 0x2064, 0x2064, 0x2064, 0x2064, 0x2064, 0x2064, 
  0x2064, 0x2064, 0x2064, 0x2064, 0x2064, 0x2064, 0x2064, 0x2064, 0x2064, 0x2064, 0x2064, 0x2064, 
  0x2064, 0x2064, 0x2065, 0x2085, 0x2085, 0x2085, 0x2885, 0x2885, 0x2885, 0x2885, 0x2085, 0x2065, 
  0x2064, 0x2064, 0x2044, 0x2044, 0x1844, 0x1844, 0x1844, 0x1844, 0x1824, 0x1824, 0x1824, 0x1824, 
  0x1844, 0x1844, 0x1844, 0x1844, 0x1844, 0x1844, 0x1844, 0x1844, 0x1844, 0x1844, 0x1844, 0x1844, 
  0x1844, 0x1844, 0x1844, 0x1844, 0x1844, 0x1844, 0x1844, 0x1844, 0x1844, 0x1844, 0x1844, 0x1844, 
  0x1844, 0x1844, 0x1844, 0x1844, 0x1844, 0x1844, 0x1844, 0x1844, 0x1844, 0x1844, 0x1844, 0x1844, 
  0x1844, 0x1844, 0x1844, 0x1844, 0x1844, 0x1844, 0x1844, 0x1844, 0x1844, 0x1844, 0x1844, 0x1844, 
  0x2044, 0x2044, 0x2044, 0x2044, 0x2044, 0x2044, 0x2044, 0x2044, 0x2044, 0x2044, 0x2044, 0x2044, 
  0x2044, 0x2044, 0x2044, 0x2044, 0x2044, 0x2044, 0x2044, 0x2044, 0x2044, 0x2044, 0x2044, 0x2044, 
  0x2044, 0x2044, 0x2065, 0x2886, 0x28a6, 0x30e7, 0x3907, 0x3927, 0x3927, 0x3927, 0x3927, 0x3927, 
  0x3927, 0x3927, 0x3927, 0x3927, 0x3927, 0x3927, 0x3927, 0x3927, 0x3927, 0x3927, 0x3927, 0x3927, 
  0x3927, 0x3927, 0x3927, 0x3927, 0x3927, 0x3927, 0x3927, 0x3927, 0x3107, 0x3107, 0x3107, 0x3107, 
  0x30e6, 0x30e6, 0x30e6, 0x30e6, 0x30e6, 0x30e6, 0x30e6, 0x30e6, 0x30e6, 0x30c7, 0x38c7, 0x38c8, 
  0x48ca, 0x50cc, 0x60ae, 0x68b0, 0x7892, 0x7893, 0x7072, 0x6871, 0x586e, 0x486b, 0x3869, 0x3067, 
  0x2866, 0x2865, 0x2065, 0x2065, 0x2064, 0x2064, 0x2064, 0x2064, 0x2064, 0x2064, 0x2064, 0x2064, 
  0x2064, 0x2064, 0x2064, 0x2064, 0x2064, 0x2064, 0x2064, 0x2064, 0x2064, 0x2044, 0x2044, 0x2044, 
  0x2044, 0x2044, 0x2044, 0x2044, 0x2044, 0x2044, 0x2044, 0x2044, 0x2044, 0x2044, 0x2044, 0x2044, 
  0x2044, 0x2044, 0x2044, 0x2044, 0x2044, 0x2044, 0x2044, 0x2044, 0x2044, 0x2044, 0x2044, 0x626c, 
  0x3927, 0x1823, 0x1823, 0x1823, 0x1823, 0x1823, 0x1823, 0x1823, 0x1823, 0x1823, 0x1823, 0x1823, 
  0x1823, 0x1823, 0x1823, 0x1003, 0x1003, 0x1003, 0x1003, 0x1003, 0x1003, 0x1823, 0x1823, 0x1823, 
  0x1823, 0x1823, 0x1823, 0x1823, 0x1823, 0x1823, 0x1823, 0x1823, 0x1823, 0x1823, 0x1823, 0x1823, 
  0x1823, 0x1823, 0x1823, 0x1823, 0x1823, 0x1823, 0x1803, 0x1003, 0x1003, 0x1003, 0x1823, 0x1823, 
  0x1823, 0x1823, 0x1823, 0x1823, 0x1823, 0x1823, 0x1823, 0x1823, 0x1823, 0x1824, 0x1824, 0x1824, 
  0x1824, 0x1824, 0x1824, 0x1824, 0x1824, 0x1824, 0x1824, 0x1824, 0x1824, 0x1824, 0x1824, 0x1824, 
  0x1824, 0x1824, 0x1824, 0x1824, 0x1824, 0x1824, 0x1824, 0x1824, 0x1844, 0x2044, 0x2044, 0x2064, 
  0x2064, 0x2064, 0x2064, 0x2064, 0x2064, 0x2064, 0x2064, 0x2064, 0x2064, 0x2064, 0x2064, 0x2064, 
  0x2064, 0x2064, 0x2064, 0x2064, 0x2064, 0x2064, 0x2064, 0x2064, 0x2064, 0x2064, 0x2064, 0x2064, 
  0x2064, 0x2064, 0x2064, 0x2064, 0x2064, 0x2064, 0x2064, 0x2064, 0x2064, 0x2085, 0x2085, 0x2085, 
  0x2885, 0x2885, 0x2885, 0x2885, 0x2085, 0x2085, 0x2064, 0x2064, 0x2044, 0x1844, 0x1844, 0x1844, 
  0x1844, 0x1844, 0x1844, 0x1844, 0x1824, 0x1824, 0x1824, 0x1824, 0x1824, 0x1844, 0x1844, 0x1844, 
  0x1844, 0x1844, 0x1844, 0x1844, 0x1844, 0x1844, 0x1844, 0x1844, 0x1844, 0x1844, 0x1844, 0x1844, 
  0x1844, 0x1844, 0x1844, 0x1844, 0x1844, 0x1844, 0x1844, 0x1844, 0x1844, 0x1844, 0x1844, 0x1844, 
  0x1844, 0x1844, 0x1844, 0x1844, 0x1844, 0x1844, 0x1844, 0x1844, 0x1844, 0x1844, 0x1844, 0x1844, 
  0x1844, 0x1844, 0x1844, 0x1844, 0x1844, 0x1844, 0x1844, 0x1844, 0x1844, 0x2044, 0x2044, 0x2044, 
  0x2044, 0x2044, 0x2044, 0x2044, 0x2044, 0x2044, 0x2044, 0x2044, 0x2044, 0x2044, 0x2044, 0x2044, 
  0x2044, 0x2044, 0x2044, 0x2044, 0x2044, 0x2044, 0x2044, 0x2044, 0x2044, 0x2065, 0x2065, 0x2886, 
  0x30c6, 0x30e7, 0x3907, 0x3927, 0x3927, 0x3927, 0x3927, 0x3927, 0x3927, 0x3927, 0x3927, 0x3927, 
  0x3927, 0x3927, 0x3927, 0x3927, 0x3927, 0x3927, 0x3927, 0x3927, 0x3927, 0x3927, 0x3927, 0x3927, 
  0x3927, 0x3927, 0x3927, 0x3107, 0x3107, 0x3107, 0x3107, 0x30e6, 0x30e6, 0x30e6, 0x30e6, 0x30e6, 
  0x30e6, 0x30e6, 0x30e6, 0x30e6, 0x30e6, 0x30c6, 0x30c7, 0x38c7, 0x40c8, 0x48ca, 0x50ac, 0x60ae, 
  0x6890, 0x7092, 0x7072, 0x6871, 0x606f, 0x506c, 0x406a, 0x3068, 0x2866, 0x2865, 0x2065, 0x2065, 
  0x2064, 0x2064, 0x2064, 0x2064, 0x2064, 0x2064, 0x2064, 0x2064, 0x2064, 0x2064, 0x2064, 0x2064, 
  0x2064, 0x2064, 0x2064, 0x2064, 0x2064, 0x2044, 0x2044, 0x2044, 0x2044, 0x2044, 0x2044, 0x2044, 
  0x2044, 0x2044, 0x2044, 0x2044, 0x2044, 0x2044, 0x2044, 0x2044, 0x2044, 0x2044, 0x2044, 0x2044, 
  0x2044, 0x2044, 0x2044, 0x2044, 0x2044, 0x2044, 0x2044, 0x626c, 0x3927, 0x1823, 0x1823, 0x1823, 
  0x1823, 0x1823, 0x1823, 0x1823, 0x1823, 0x1823, 0x1823, 0x1823, 0x1823, 0x1823, 0x1823, 0x1003, 
  0x1003, 0x1003, 0x1003, 0x1003, 0x1003, 0x1003, 0x1003, 0x1823, 0x1823, 0x1823, 0x1823, 0x1823, 
  0x1823, 0x1823, 0x1823, 0x1823, 0x1823, 0x1823, 0x1823, 0x1823, 0x1823, 0x1823, 0x1823, 0x1823, 
  0x1823, 0x1823, 0x1803, 0x1003, 0x1003, 0x1823, 0x1823, 0x1823, 0x1823, 0x1823, 0x1823, 0x1823, 
  0x1823, 0x1823, 0x1823, 0x1823, 0x1823, 0x1824, 0x1824, 0x1824, 0x1824, 0x1824, 0x1824, 0x1824, 
  0x1824, 0x1824, 0x1824, 0x1824, 0x1824, 0x1824, 0x1824, 0x1824, 0x1824, 0x1824, 0x1824, 0x1824, 
  0x1824, 0x1824, 0x1824, 0x1824, 0x1844, 0x2044, 0x2044, 0x2064, 0x2064, 0x2064, 0x2064, 0x2064, 
  0x2064, 0x2064, 0x2064, 0x2064, 0x2064, 0x2064, 0x2064, 0x2064, 0x2064, 0x2064, 0x2064, 0x2064, 
  0x2064, 0x2064, 0x2064, 0x2064, 0x2064, 0x2064, 0x2064, 0x2064, 0x2064, 0x2064, 0x2064, 0x2064, 
  0x2064, 0x2064, 0x2065, 0x2085, 0x2085, 0x2085, 0x2885, 0x2885, 0x2885, 0x2885, 0x2085, 0x2085, 
  0x2064, 0x2064, 0x2044, 0x1844, 0x1844, 0x1824, 0x1824, 0x1844, 0x1844, 0x1844, 0x1844, 0x1844, 
  0x1824, 0x1824, 0x1824, 0x1824, 0x1824, 0x1844, 0x1844, 0x1844, 0x1844, 0x1844, 0x1844, 0x1844, 
  0x1844, 0x1844, 0x1844, 0x1844, 0x1844, 0x1844, 0x1844, 0x1844, 0x1844, 0x1844, 0x1844, 0x1844, 
  0x1844, 0x1844, 0x1844, 0x1844, 0x1844, 0x1844, 0x1844, 0x1844, 0x1844, 0x1844, 0x1844, 0x1844, 
  0x1844, 0x1844, 0x1844, 0x1844, 0x1844, 0x1844, 0x1844, 0x1844, 0x1844, 0x1844, 0x1844, 0x1844, 
  0x1844, 0x1844, 0x1844, 0x1844, 0x1844, 0x2044, 0x2044, 0x2044, 0x2044, 0x2044, 0x2044, 0x2044, 
  0x2044, 0x2044, 0x2044, 0x2044, 0x2044, 0x2044, 0x2044, 0x2044, 0x2044, 0x2044, 0x2044, 0x2044, 
  0x2044, 0x2044, 0x2044, 0x2044, 0x2044, 0x2065, 0x2085, 0x28a6, 0x30c7, 0x30e7, 0x3907, 0x3927, 
  0x3927, 0x3927, 0x3927, 0x3927, 0x3927, 0x3927, 0x3927, 0x3927, 0x3927, 0x3927, 0x3927, 0x3927, 
  0x3927, 0x3927, 0x3927, 0x3927, 0x3927, 0x3927, 0x3927, 0x3927, 0x3927, 0x3927, 0x3927, 0x3107, 
  0x3107, 0x3107, 0x30e6, 0x30e6, 0x30e6, 0x30e6, 0x30e6, 0x30e6, 0x30e6, 0x30e6, 0x30e6, 0x30e6, 
  0x30e6, 0x30c6, 0x30c6, 0x30c7, 0x38c7, 0x40c8, 0x48aa, 0x50ac, 0x58ae, 0x6890, 0x6871, 0x6851, 
  0x6050, 0x506d, 0x486b, 0x3868, 0x3067, 0x2866, 0x2865, 0x2065, 0x2064, 0x2064, 0x2064, 0x2064, 
  0x2064, 0x2064, 0x2064, 0x2064, 0x2064, 0x2064, 0x2064, 0x2064, 0x2064, 0x2064, 0x2064, 0x2044, 
  0x2044, 0x2044, 0x2044, 0x2044, 0x2044, 0x2044, 0x2044, 0x2044, 0x2044, 0x2044, 0x2044, 0x2044, 
  0x2044, 0x2044, 0x2044, 0x2044, 0x2044, 0x2044, 0x2044, 0x2044, 0x2044, 0x2044, 0x2044, 0x2044, 
  0x2044, 0x2044, 0x2044, 0x626c, 0x3927, 0x1823, 0x1823, 0x1823, 0x1823, 0x1823, 0x1823, 0x1823, 
  0x1823, 0x1823, 0x1823, 0x1823, 0x1823, 0x1823, 0x1823, 0x1003, 0x1003, 0x1003, 0x1003, 0x1003, 
  0x1003, 0x1003, 0x1003, 0x1003, 0x1823, 0x1823, 0x1823, 0x1823, 0x1823, 0x1823, 0x1823, 0x1823, 
  0x1823, 0x1823, 0x1823, 0x1823, 0x1823, 0x1823, 0x1823, 0x1823, 0x1823, 0x1823, 0x1823, 0x1823, 
  0x1823, 0x1823, 0x1823, 0x1823, 0x1823, 0x1823, 0x1823, 0x1823, 0x1823, 0x1823, 0x1823, 0x1823, 
  0x1824, 0x1824, 0x1824, 0x1824, 0x1824, 0x1824, 0x1824, 0x1824, 0x1824, 0x1824, 0x1824, 0x1824, 
  0x1824, 0x1824, 0x1824, 0x1824, 0x1824, 0x1824, 0x1824, 0x1824, 0x1824, 0x1824, 0x1824, 0x1824, 
  0x1844, 0x2044, 0x2044, 0x2064, 0x2064, 0x2064, 0x2064, 0x2064, 0x2064, 0x2064, 0x2064, 0x2064, 
  0x2064, 0x2064, 0x2064, 0x2064, 0x2064, 0x2064, 0x2064, 0x2064, 0x2064, 0x2064, 0x2064, 0x2064, 
  0x2064, 0x2064, 0x2064, 0x2064, 0x2064, 0x2064, 0x2064, 0x2064, 0x2065, 0x2085, 0x2085, 0x2085, 
  0x2885, 0x2885, 0x2885, 0x2885, 0x2085, 0x2085, 0x2065, 0x2064, 0x2064, 0x1844, 0x1844, 0x1824, 
  0x1824, 0x1824, 0x1824, 0x1824, 0x1844, 0x1844, 0x1844, 0x1844, 0x1824, 0x1824, 0x1824, 0x1824, 
  0x1824, 0x1824, 0x1844, 0x1844, 0x1844, 0x1844, 0x1844, 0x1844, 0x1844, 0x1844, 0x1844, 0x1844, 
  0x1844, 0x1844, 0x1844, 0x1844, 0x1844, 0x1844, 0x1844, 0x1844, 0x1844, 0x1844, 0x1844, 0x1844, 
  0x1844, 0x1844, 0x1844, 0x1844, 0x1844, 0x1844, 0x1844, 0x1844, 0x1844, 0x1844, 0x1844, 0x1844, 
  0x1844, 0x1844, 0x1844, 0x1844, 0x1844, 0x1844, 0x1844, 0x1844, 0x1844, 0x1844, 0x1844, 0x1844, 
  0x1844, 0x2044, 0x2044, 0x2044, 0x2044, 0x2044, 0x2044, 0x2044, 0x2044, 0x2044, 0x2044, 0x2044, 
  0x2044, 0x2044, 0x2044, 0x2044, 0x2044, 0x2044, 0x2044, 0x2044, 0x2044, 0x2044, 0x2044, 0x2044, 
  0x2064, 0x2065, 0x2885, 0x28a6, 0x30c7, 0x30e7, 0x3907, 0x3907, 0x3927, 0x3927, 0x3927, 0x3927, 
  0x3927, 0x3927, 0x3927, 0x3927, 0x3927, 0x3927, 0x3927, 0x3927, 0x3927, 0x3927, 0x3927, 0x3927, 
  0x3927, 0x3927, 0x3927, 0x3927, 0x3927, 0x3927, 0x3107, 0x3107, 0x3107, 0x3106, 0x30e6, 0x30e6, 
  0x30e6, 0x30e6, 0x30e6, 0x30e6, 0x30e6, 0x30e6, 0x30e6, 0x30e6, 0x30e6, 0x30c6, 0x30c6, 0x30c6, 
  0x30c7, 0x38c7, 0x40c8, 0x48aa, 0x50ac, 0x588e, 0x6070, 0x6871, 0x6050, 0x584e, 0x486c, 0x4069, 
  0x3067, 0x2866, 0x2865, 0x2065, 0x2065, 0x2064, 0x2064, 0x2064, 0x2064, 0x2064, 0x2064, 0x2064, 
  0x2064, 0x2064, 0x2064, 0x2064, 0x2064, 0x2064, 0x2064, 0x2044, 0x2044, 0x2044, 0x2044, 0x2044, 
  0x2044, 0x2044, 0x2044, 0x2044, 0x2044, 0x2044, 0x2044, 0x2044, 0x2044, 0x2044, 0x2044, 0x2044, 
  0x2044, 0x2044, 0x2044, 0x2044, 0x2044, 0x2044, 0x2044, 0x2044, 0x2044, 0x2044, 0x2044, 0x626c, 
  0x3927, 0x1823, 0x1823, 0x1823, 0x1823, 0x1823, 0x1823, 0x1823, 0x1823, 0x1823, 0x1823, 0x1823, 
  0x1823, 0x1823, 0x1823, 0x1003, 0x1003, 0x1003, 0x1003, 0x1003, 0x1003, 0x1003, 0x1003, 0x1003, 
  0x1003, 0x1823, 0x1823, 0x1823, 0x1823, 0x1823, 0x1823, 0x1823, 0x1823, 0x1823, 0x1823, 0x1823, 
  0x1823, 0x1823, 0x1823, 0x1823, 0x1823, 0x1823, 0x1823, 0x1823, 0x1823, 0x1823, 0x1823, 0x1823, 
  0x1823, 0x1823, 0x1823, 0x1823, 0x1823, 0x1823, 0x1823, 0x1823, 0x1824, 0x1824, 0x1824, 0x1824, 
  0x1824, 0x1824, 0x1824, 0x1824, 0x1824, 0x1824, 0x1824, 0x1824, 0x1824, 0x1824, 0x1824, 0x1824, 
  0x1824, 0x1824, 0x1824, 0x1824, 0x1824, 0x1824, 0x1824, 0x1824, 0x1844, 0x2044, 0x2044, 0x2064, 
  0x2064, 0x2064, 0x2064, 0x2064, 0x2064, 0x2064, 0x2064, 0x2064, 0x2064, 0x2064, 0x2064, 0x2064, 
  0x2064, 0x2064, 0x2064, 0x2064, 0x2064, 0x2064, 0x2064, 0x2064, 0x2064, 0x2064, 0x2064, 0x2064, 
  0x2064, 0x2064, 0x2064, 0x2085, 0x2085, 0x2085, 0x2885, 0x2885, 0x2885, 0x2885, 0x2085, 0x2085, 
  0x2064, 0x2064, 0x2044, 0x1844, 0x1844, 0x1844, 0x1844, 0x1824, 0x1824, 0x1824, 0x1824, 0x1824, 
  0x1844, 0x1844, 0x1844, 0x1844, 0x1844, 0x1824, 0x1824, 0x1824, 0x1824, 0x1824, 0x1824, 0x1844, 
  0x1844, 0x1844, 0x1844, 0x1844, 0x1844, 0x1844, 0x1844, 0x1844, 0x1844, 0x1844, 0x1844, 0x1844, 
  0x1844, 0x1844, 0x1844, 0x1844, 0x1844, 0x1844, 0x1844, 0x1844, 0x1844, 0x1844, 0x1844, 0x1844, 
  0x1844, 0x1844, 0x1844, 0x1844, 0x1844, 0x1844, 0x1844, 0x1844, 0x1844, 0x1844, 0x1844, 0x1844, 
  0x1844, 0x1844, 0x1844, 0x1844, 0x1844, 0x1844, 0x1844, 0x1844, 0x1844, 0x2044, 0x2044, 0x2044, 
  0x2044, 0x2044, 0x2044, 0x2044, 0x2044, 0x2044, 0x2044, 0x2044, 0x2044, 0x2044, 0x2044, 0x2044, 
  0x2044, 0x2044, 0x2044, 0x2044, 0x2044, 0x2044, 0x2044, 0x2044, 0x2064, 0x2065, 0x2885, 0x28a6, 
  0x30e7, 0x3107, 0x3907, 0x3907, 0x3927, 0x3927, 0x3927, 0x3927, 0x3927, 0x3927, 0x3927, 0x3927, 
  0x3927, 0x3927, 0x3927, 0x3927, 0x3927, 0x3927, 0x3927, 0x3927, 0x3927, 0x3927, 0x3927, 0x3927, 
  0x3927, 0x3107, 0x3107, 0x3107, 0x3107, 0x30e6, 0x30e6, 0x30e6, 0x30e6, 0x30e6, 0x30e6, 0x30e6, 
  0x30e6, 0x30e6, 0x30e6, 0x30e6, 0x30e6, 0x30c6, 0x30c6, 0x30c6, 0x30c6, 0x30c7, 0x38c7, 0x40a9, 
  0x48aa, 0x50ac, 0x588e, 0x6070, 0x6050, 0x584f, 0x504d, 0x406a, 0x3868, 0x3067, 0x2866, 0x2065, 
  0x2065, 0x2064, 0x2064, 0x2064, 0x2064, 0x2064, 0x2064, 0x2064, 0x2064, 0x2064, 0x2064, 0x2064, 
  0x2064, 0x2064, 0x2044, 0x2044, 0x2044, 0x2044, 0x2044, 0x2044, 0x2044, 0x2044, 0x2044, 0x2044, 
  0x2044, 0x2044, 0x2044, 0x2044, 0x2044, 0x2044, 0x2044, 0x2044, 0x2044, 0x2044, 0x2044, 0x2044, 
  0x1844, 0x2044, 0x2044, 0x2044, 0x2044, 0x2044, 0x1844, 0x626c, 0x3927, 0x1823, 0x1823, 0x1823, 
  0x1823, 0x1823, 0x1823, 0x1823, 0x1823, 0x1823, 0x1823, 0x1823, 0x1823, 0x1823, 0x1823, 0x1823, 
  0x1003, 0x1003, 0x1003, 0x1003, 0x1003, 0x1003, 0x1003, 0x1003, 0x1003, 0x1003, 0x1823, 0x1823, 
  0x1823, 0x1823, 0x1823, 0x1823, 0x1823, 0x1823, 0x1823, 0x1823, 0x1823, 0x1823, 0x1823, 0x1823, 
  0x1823, 0x1823, 0x1823, 0x1823, 0x1823, 0x1823, 0x1823, 0x1823, 0x1823, 0x1823, 0x1823, 0x1823, 
  0x1823, 0x1823, 0x1823, 0x1824, 0x1824, 0x1824, 0x1824, 0x1824, 0x1824, 0x1824, 0x1824, 0x1824, 
  0x1824, 0x1824, 0x1824, 0x1824, 0x1824, 0x1824, 0x1824, 0x1824, 0x1824, 0x1824, 0x1824, 0x1824, 
  0x1824, 0x1824, 0x1824, 0x1824, 0x1844, 0x2044, 0x2044, 0x2064, 0x2064, 0x2064, 0x2064, 0x2064, 
  0x2064, 0x2064, 0x2064, 0x2064, 0x2064, 0x2064, 0x2064, 0x2064, 0x2064, 0x2064, 0x2064, 0x2064, 
  0x2064, 0x2064, 0x2064, 0x2064, 0x2064, 0x2064, 0x2064, 0x2064, 0x2065, 0x2085, 0x2085, 0x2085, 
  0x2885, 0x2885, 0x2885, 0x2885, 0x2085, 0x2085, 0x2064, 0x2064, 0x2044, 0x1844, 0x1844, 0x1844, 
  0x1844, 0x1844, 0x1844, 0x1824, 0x1824, 0x1824, 0x1824, 0x1824, 0x1824, 0x1844, 0x1844, 0x1844, 
  0x1844, 0x1824, 0x1824, 0x1824, 0x1824, 0x1824, 0x1824, 0x1844, 0x1844, 0x1844, 0x1844, 0x1844, 
  0x1844, 0x1844, 0x1844, 0x1844, 0x1844, 0x1844, 0x1844, 0x1844, 0x1844, 0x1844, 0x1844, 0x1844, 
  0x1844, 0x1844, 0x1844, 0x1844, 0x1844, 0x1844, 0x1844, 0x1844, 0x1844, 0x1844, 0x1844, 0x1844, 
  0x1844, 0x1844, 0x1844, 0x1844, 0x1844, 0x1844, 0x1844, 0x1844, 0x1844, 0x1844, 0x1844, 0x1844, 
  0x1844, 0x1844, 0x1844, 0x1844, 0x1844, 0x2044, 0x2044, 0x2044, 0x2044, 0x2044, 0x2044, 0x2044, 
  0x2044, 0x2044, 0x2044, 0x2044, 0x2044, 0x2044, 0x2044, 0x2044, 0x2044, 0x2044, 0x2044, 0x2044, 
  0x2044, 0x2044, 0x2044, 0x2044, 0x2064, 0x2085, 0x28a6, 0x30c6, 0x30e7, 0x3107, 0x3107, 0x3107, 
  0x3107, 0x3927, 0x3927, 0x3927, 0x3927, 0x3927, 0x3927, 0x3927, 0x3927, 0x3927, 0x3927, 0x3927, 
  0x3927, 0x3927, 0x3927, 0x3927, 0x3927, 0x3927, 0x3927, 0x3927, 0x3107, 0x3107, 0x3107, 0x3107, 
  0x30e6, 0x30e6, 0x30e6, 0x30e6, 0x30e6, 0x30e6, 0x30e6, 0x30e6, 0x30e6, 0x30e6, 0x30e6, 0x30c6, 
  0x30c6, 0x30c6, 0x30c6, 0x30c6, 0x30c6, 0x30c6, 0x30c7, 0x38c7, 0x40a9, 0x48aa, 0x508c, 0x586e, 
  0x606f, 0x584f, 0x504e, 0x484b, 0x3869, 0x3067, 0x2866, 0x2865, 0x2065, 0x2064, 0x2064, 0x2064, 
  0x2064, 0x2064, 0x2064, 0x2064, 0x2064, 0x2064, 0x2064, 0x2064, 0x2064, 0x2044, 0x2044, 0x2044, 
  0x2044, 0x2044, 0x2044, 0x2044, 0x2044, 0x2044, 0x2044, 0x2044, 0x2044, 0x2044, 0x2044, 0x2044, 
  0x2044, 0x2044, 0x2044, 0x2044, 0x2044, 0x2044, 0x2044, 0x1844, 0x1844, 0x1844, 0x1844, 0x2044, 
  0x2044, 0x2044, 0x1844, 0x626c, 0x3927, 0x1823, 0x1823, 0x1823, 0x1823, 0x1823, 0x1823, 0x1823, 
  0x1823, 0x1823, 0x1823, 0x1823, 0x1823, 0x1823, 0x1823, 0x1823, 0x1003, 0x1003, 0x1003, 0x1003, 
  0x1003, 0x1003, 0x1003, 0x1003, 0x1003, 0x1003, 0x1003, 0x1823, 0x1823, 0x1823, 0x1823, 0x1823, 
  0x1823, 0x1823, 0x1823, 0x1823, 0x1823, 0x1823, 0x1823, 0x1823, 0x1823, 0x1823, 0x1823, 0x1823, 
  0x1823, 0x1823, 0x1823, 0x1823, 0x1823, 0x1823, 0x1823, 0x1823, 0x1823, 0x1824, 0x1824, 0x1824, 
  0x1824, 0x1824, 0x1824, 0x1824, 0x1824, 0x1824, 0x1824, 0x1824, 0x1824, 0x1824, 0x1824, 0x1824, 
  0x1824, 0x1824, 0x1824, 0x1824, 0x1824, 0x1824, 0x1824, 0x1824, 0x1824, 0x1824, 0x1824, 0x1824, 
  0x1844, 0x2044, 0x2044, 0x2064, 0x2064, 0x2064, 0x2064, 0x2064, 0x2064, 0x2064, 0x2064, 0x2064, 
  0x2064, 0x2064, 0x2064, 0x2064, 0x2064, 0x2064, 0x2064, 0x2064, 0x2064, 0x2064, 0x2064, 0x2064, 
  0x2064, 0x2064, 0x2065, 0x2085, 0x2085, 0x2085, 0x2885, 0x2885, 0x2885, 0x2885, 0x2085, 0x2085, 
  0x2065, 0x2064, 0x2044, 0x1844, 0x1844, 0x1824, 0x1824, 0x1824, 0x1824, 0x1844, 0x1844, 0x1824, 
  0x1824, 0x1824, 0x1824, 0x1824, 0x1824, 0x1844, 0x1844, 0x1844, 0x1844, 0x1824, 0x1824, 0x1824, 
  0x1824, 0x1824, 0x1824, 0x1844, 0x1844, 0x1844, 0x1844, 0x1844, 0x1844, 0x1844, 0x1844, 0x1844, 
  0x1844, 0x1844, 0x1844, 0x1844, 0x1844, 0x1844, 0x1844, 0x1844, 0x1844, 0x1844, 0x1844, 0x1844, 
  0x1844, 0x1844, 0x1844, 0x1844, 0x1844, 0x1844, 0x1844, 0x1844, 0x1844, 0x1844, 0x1844, 0x1844, 
  0x1844, 0x1844, 0x1844, 0x1844, 0x1844, 0x1844, 0x1844, 0x1844, 0x1844, 0x1844, 0x1844, 0x1844, 
  0x1844, 0x2044, 0x2044, 0x2044, 0x2044, 0x2044, 0x2044, 0x2044, 0x2044, 0x2044, 0x2044, 0x2044, 
  0x2044, 0x2044, 0x2044, 0x2044, 0x2044, 0x2044, 0x2044, 0x2044, 0x2044, 0x2044, 0x2044, 0x2044, 
  0x2065, 0x2085, 0x28a6, 0x30c6, 0x30e7, 0x3107, 0x3107, 0x3107, 0x3107, 0x3107, 0x3927, 0x3927, 
  0x3927, 0x3927, 0x3927, 0x3927, 0x3927, 0x3927, 0x3927, 0x3927, 0x3927, 0x3927, 0x3927, 0x3927, 
  0x3927, 0x3927, 0x3927, 0x3107, 0x3107, 0x3107, 0x3107, 0x30e6, 0x30e6, 0x30e6, 0x30e6, 0x30e6, 
  0x30e6, 0x30e6, 0x30e6, 0x30e6, 0x30e6, 0x30e6, 0x30c6, 0x30c6, 0x30c6, 0x28c6, 0x28c6, 0x28c6, 
  0x28c6, 0x30c6, 0x30c6, 0x30c7, 0x38a8, 0x40a9, 0x48aa, 0x508c, 0x586e, 0x584f, 0x584e, 0x484c, 
  0x404a, 0x3068, 0x2866, 0x2865, 0x2065, 0x2065, 0x2064, 0x2064, 0x2064, 0x2064, 0x2064, 0x2064, 
  0x2064, 0x2064, 0x2064, 0x2064, 0x2044, 0x2044, 0x2044, 0x2044, 0x2044, 0x2044, 0x2044, 0x2044, 
  0x2044, 0x2044, 0x2044, 0x2044, 0x2044, 0x2044, 0x2044, 0x2044, 0x2044, 0x2044, 0x2044, 0x2044, 
  0x2044, 0x2044, 0x1844, 0x1844, 0x1844, 0x1844, 0x1844, 0x1844, 0x2044, 0x1844, 0x1844, 0x626c, 
  0x3927, 0x1823, 0x1823, 0x1823, 0x1823, 0x1823, 0x1823, 0x1823, 0x1823, 0x1823, 0x1823, 0x1823, 
  0x1823, 0x1823, 0x1823, 0x1823, 0x1003, 0x1003, 0x1003, 0x1003, 0x1003, 0x1003, 0x1003, 0x1003, 
  0x1003, 0x1003, 0x1003, 0x1003, 0x1803, 0x1823, 0x1823, 0x1823, 0x1823, 0x1823, 0x1823, 0x1823, 
  0x1823, 0x1823, 0x1823, 0x1823, 0x1823, 0x1823, 0x1823, 0x1823, 0x1823, 0x1823, 0x1823, 0x1823, 
  0x1823, 0x1823, 0x1823, 0x1824, 0x1824, 0x1824, 0x1824, 0x1824, 0x1824, 0x1824, 0x1824, 0x1824, 
  0x1824, 0x1824, 0x1824, 0x1824, 0x1824, 0x1824, 0x1824, 0x1824, 0x1824, 0x1824, 0x1824, 0x1824, 
  0x1824, 0x1824, 0x1824, 0x1824, 0x1824, 0x1824, 0x1824, 0x1824, 0x1844, 0x2044, 0x2044, 0x2064, 
  0x2064, 0x2064, 0x2064, 0x2064, 0x2064, 0x2064, 0x2064, 0x2064, 0x2064, 0x2064, 0x2064, 0x2064, 
  0x2064, 0x2064, 0x2064, 0x2064, 0x2064, 0x2064, 0x2064, 0x2064, 0x2064, 0x2085, 0x2085, 0x2085, 
  0x2885, 0x2885, 0x2885, 0x2885, 0x2085, 0x2085, 0x2064, 0x2064, 0x2064, 0x1844, 0x1844, 0x1824, 
  0x1823, 0x1823, 0x1824, 0x1824, 0x1824, 0x1844, 0x1844, 0x1824, 0x1824, 0x1824, 0x1824, 0x1824, 
  0x1824, 0x1824, 0x1844, 0x1844, 0x1844, 0x1824, 0x1824, 0x1824, 0x1824, 0x1824, 0x1824, 0x1844, 
  0x1844, 0x1844, 0x1844, 0x1844, 0x1844, 0x1844, 0x1844, 0x1844, 0x1844, 0x1844, 0x1844, 0x1844, 
  0x1844, 0x1844, 0x1844, 0x1844, 0x1844, 0x1844, 0x1844, 0x1844, 0x1844, 0x1844, 0x1844, 0x1844, 
  0x1844, 0x1844, 0x1844, 0x1844, 0x1844, 0x1844, 0x1844, 0x1844, 0x1844, 0x1844, 0x1844, 0x1844, 
  0x1844, 0x1844, 0x1844, 0x1844, 0x1844, 0x1844, 0x1844, 0x1844, 0x1844, 0x2044, 0x2044, 0x2044, 
  0x2044, 0x2044, 0x2044, 0x2044, 0x2044, 0x2044, 0x2044, 0x2044, 0x2044, 0x2044, 0x2044, 0x2044, 
  0x2044, 0x2044, 0x2044, 0x2044, 0x2044, 0x2044, 0x2044, 0x2064, 0x2065, 0x2885, 0x28a6, 0x30e6, 
  0x3107, 0x3107, 0x3107, 0x3107, 0x3107, 0x3107, 0x3107, 0x3927, 0x3927, 0x3927, 0x3927, 0x3927, 
  0x3927, 0x3927, 0x3927, 0x3927, 0x3927, 0x3927, 0x3927, 0x3927, 0x3927, 0x3927, 0x3107, 0x3107, 
  0x3107, 0x3107, 0x30e6, 0x30e6, 0x30e6, 0x30e6, 0x30e6, 0x30e6, 0x30e6, 0x30e6, 0x30e6, 0x30e6, 
  0x30e6, 0x30c6, 0x30c6, 0x30c6, 0x28c6, 0x28c6, 0x28c6, 0x28c6, 0x28c6, 0x28c6, 0x30c6, 0x30c6, 
  0x30c7, 0x38a8, 0x40a9, 0x488b, 0x506d, 0x586e, 0x584e, 0x504d, 0x404b, 0x3849, 0x3067, 0x2866, 
  0x2865, 0x2065, 0x2064, 0x2064, 0x2064, 0x2064, 0x2064, 0x2064, 0x2064, 0x2064, 0x2064, 0x2044, 
  0x2044, 0x2044, 0x2044, 0x2044, 0x2044, 0x2044, 0x2044, 0x2044, 0x2044, 0x2044, 0x2044, 0x2044, 
  0x2044, 0x2044, 0x2044, 0x2044, 0x2044, 0x2044, 0x2044, 0x2044, 0x2044, 0x1844, 0x1844, 0x1844, 
  0x1844, 0x1844, 0x1844, 0x1844, 0x1844, 0x1844, 0x1844, 0x626c, 0x3927, 0x1823, 0x1823, 0x1823, 
  0x1823, 0x1823, 0x1823, 0x1823, 0x1823, 0x1823, 0x1823, 0x1823, 0x1823, 0x1823, 0x1823, 0x1823, 
  0x1003, 0x1003, 0x1003, 0x1003, 0x1003, 0x1003, 0x1003, 0x1003, 0x1003, 0x1003, 0x1003, 0x1003, 
  0x1803, 0x1803, 0x1803, 0x1823, 0x1823, 0x1823, 0x1823, 0x1823, 0x1823, 0x1823, 0x1823, 0x1823, 
  0x1823, 0x1823, 0x1823, 0x1823, 0x1823, 0x1823, 0x1823, 0x1823, 0x1823, 0x1823, 0x1824, 0x1824, 
  0x1824, 0x1824, 0x1824, 0x1824, 0x1824, 0x1824, 0x1824, 0x1824, 0x1824, 0x1824, 0x1824, 0x1824, 
  0x1824, 0x1824, 0x1824, 0x1824, 0x1824, 0x1824, 0x1824, 0x1824, 0x1824, 0x1824, 0x1824, 0x1824, 
  0x1824, 0x1824, 0x1824, 0x1824, 0x1844, 0x2044, 0x2044, 0x2064, 0x2064, 0x2064, 0x2064, 0x2064, 
  0x2064, 0x2064, 0x2064, 0x2064, 0x2064, 0x2064, 0x2064, 0x2064, 0x2064, 0x2064, 0x2064, 0x2064, 
  0x2064, 0x2064, 0x2065, 0x2085, 0x2085, 0x2085, 0x2085, 0x2885, 0x2885, 0x2885, 0x2085, 0x2085, 
  0x2064, 0x2064, 0x2064, 0x1844, 0x1844, 0x1844, 0x1823, 0x1823, 0x1823, 0x1823, 0x1824, 0x1824, 
  0x1824, 0x1844, 0x1844, 0x1824, 0x1823, 0x1823, 0x1824, 0x1824, 0x1824, 0x1824, 0x1824, 0x1844, 
  0x1844, 0x1844, 0x1844, 0x1824, 0x1824, 0x1824, 0x1824, 0x1824, 0x1844, 0x1844, 0x1844, 0x1844, 
  0x1844, 0x1844, 0x1844, 0x1844, 0x1844, 0x1844, 0x1844, 0x1844, 0x1844, 0x1844, 0x1844, 0x1844, 
  0x1844, 0x1844, 0x1844, 0x1844, 0x1844, 0x1844, 0x1844, 0x1844, 0x1844, 0x1844, 0x1844, 0x1844, 
  0x1844, 0x1844, 0x1844, 0x1844, 0x1844, 0x1844, 0x1844, 0x1844, 0x1844, 0x1844, 0x1844, 0x1844, 
  0x1844, 0x1844, 0x1844, 0x1844, 0x1844, 0x1844, 0x2044, 0x2044, 0x2044, 0x2044, 0x2044, 0x2044, 
  0x2044, 0x2044, 0x2044, 0x2044, 0x2044, 0x2044, 0x2044, 0x2044, 0x2044, 0x2044, 0x2044, 0x2044, 
  0x2044, 0x2044, 0x2044, 0x2064, 0x2065, 0x2885, 0x28c6, 0x30e7, 0x3107, 0x3107, 0x3107, 0x3107, 
  0x3107, 0x3107, 0x3107, 0x3107, 0x3927, 0x3927, 0x3927, 0x3927, 0x3927, 0x3927, 0x3927, 0x3927, 
  0x3927, 0x3927, 0x3927, 0x3927, 0x3927, 0x3927, 0x3107, 0x3107, 0x3107, 0x30e6, 0x30e6, 0x30e6, 
  0x30e6, 0x30e6, 0x30e6, 0x30e6, 0x30e6, 0x30e6, 0x30e6, 0x30e6, 0x30c6, 0x30c6, 0x30c6, 0x28c6, 
  0x28c6, 0x28c6, 0x28c6, 0x28c6, 0x28c6, 0x28c6, 0x28c6, 0x30c6, 0x30c6, 0x30a7, 0x38a8, 0x40a9, 
  0x488b, 0x506d, 0x504e, 0x504d, 0x484c, 0x404a, 0x3048, 0x2866, 0x2865, 0x2065, 0x2064, 0x2064, 
  0x2064, 0x2064, 0x2064, 0x2064, 0x2064, 0x2064, 0x2044, 0x2044, 0x2044, 0x2044, 0x2044, 0x2044, 
  0x2044, 0x2044, 0x2044, 0x2044, 0x2044, 0x2044, 0x2044, 0x2044, 0x2044, 0x2044, 0x2044, 0x2044, 
  0x2044, 0x2044, 0x2044, 0x2044, 0x2044, 0x1844, 0x1844, 0x1844, 0x1824, 0x1844, 0x1844, 0x1844, 
  0x1844, 0x1844, 0x1823, 0x626c, 0x3927, 0x1823, 0x1823, 0x1823, 0x1823, 0x1823, 0x1823, 0x1823, 
  0x1823, 0x1823, 0x1823, 0x1823, 0x1823, 0x1823, 0x1823, 0x1823, 0x1003, 0x1003, 0x1003, 0x1003, 
  0x1003, 0x1003, 0x1003, 0x1003, 0x1003, 0x1003, 0x1003, 0x1003, 0x1003, 0x1803, 0x1803, 0x1803, 
  0x1803, 0x1823, 0x1823, 0x1823, 0x1823, 0x1823, 0x1823, 0x1823, 0x1823, 0x1823, 0x1823, 0x1823, 
  0x1823, 0x1823, 0x1823, 0x1823, 0x1823, 0x1823, 0x1824, 0x1824, 0x1824, 0x1824, 0x1824, 0x1824, 
  0x1824, 0x1824, 0x1824, 0x1824, 0x1824, 0x1824, 0x1824, 0x1824, 0x1824, 0x1824, 0x1824, 0x1824, 
  0x1824, 0x1824, 0x1824, 0x1824, 0x1824, 0x1824, 0x1824, 0x1824, 0x1824, 0x1824, 0x1824, 0x1824, 
  0x1844, 0x2044, 0x2044, 0x2064, 0x2064, 0x2064, 0x2064, 0x2064, 0x2064, 0x2064, 0x2064, 0x2064, 
  0x2064, 0x2064, 0x2064, 0x2064, 0x2064, 0x2064, 0x2064, 0x2064, 0x2064, 0x2085, 0x2085, 0x2085, 
  0x2885, 0x2885, 0x2885, 0x2885, 0x2085, 0x2085, 0x2064, 0x2064, 0x2044, 0x1844, 0x1844, 0x1844, 
  0x1824, 0x1823, 0x1823, 0x1823, 0x1823, 0x1823, 0x1823, 0x1824, 0x1824, 0x1844, 0x1844, 0x1824, 
  0x1823, 0x1823, 0x1824, 0x1824, 0x1824, 0x1824, 0x1824, 0x1844, 0x1844, 0x1844, 0x1844, 0x1824, 
  0x1824, 0x1824, 0x1824, 0x1824, 0x1844, 0x1844, 0x1844, 0x1844, 0x1844, 0x1844, 0x1844, 0x1844, 
  0x1844, 0x1844, 0x1844, 0x1844, 0x1844, 0x1844, 0x1844, 0x1844, 0x1844, 0x1844, 0x1844, 0x1844, 
  0x1844, 0x1844, 0x1844, 0x1844, 0x1844, 0x1844, 0x1844, 0x1844, 0x1844, 0x1844, 0x1844, 0x1844, 
  0x1844, 0x1844, 0x1844, 0x1844, 0x1844, 0x1844, 0x1844, 0x1844, 0x1844, 0x1844, 0x1844, 0x1844, 
  0x1844, 0x1844, 0x2044, 0x2044, 0x2044, 0x2044, 0x2044, 0x2044, 0x2044, 0x2044, 0x2044, 0x2044, 
  0x2044, 0x2044, 0x2044, 0x2044, 0x2044, 0x2044, 0x2044, 0x2044, 0x2044, 0x2044, 0x2044, 0x2064, 
  0x2085, 0x28a6, 0x30c6, 0x30e7, 0x3107, 0x3107, 0x3107, 0x3107, 0x3107, 0x3107, 0x3107, 0x3107, 
  0x3107, 0x3927, 0x3927, 0x3927, 0x3927, 0x3927, 0x3927, 0x3927, 0x3927, 0x3927, 0x3927, 0x3927, 
  0x3927, 0x3107, 0x3107, 0x3107, 0x3107, 0x30e6, 0x30e6, 0x30e6, 0x30e6, 0x30e6, 0x30e6, 0x30e6, 
  0x30e6, 0x30e6, 0x30e6, 0x30c6, 0x30c6, 0x30c6, 0x28c6, 0x28c6, 0x28c6, 0x28c6, 0x28c6, 0x28c6, 
  0x28c6, 0x28c6, 0x28c6, 0x28c6, 0x28c6, 0x30a6, 0x30a7, 0x38a8, 0x408a, 0x486b, 0x506d, 0x504d, 
  0x484d, 0x404b, 0x3849, 0x3047, 0x2866, 0x2065, 0x2065, 0x2064, 0x2064, 0x2064, 0x2064, 0x2064, 
  0x2064, 0x2044, 0x2044, 0x2044, 0x2044, 0x2044, 0x2044, 0x2044, 0x2044, 0x2044, 0x2044, 0x2044, 
  0x2044, 0x2044, 0x2044, 0x2044, 0x2044, 0x2044, 0x2044, 0x2044, 0x2044, 0x2044, 0x2044, 0x2044, 
  0x1844, 0x1844, 0x1824, 0x1824, 0x1823, 0x1823, 0x1823, 0x1824, 0x1824, 0x1823, 0x1823, 0x626c, 
  0x3927, 0x1823, 0x1823, 0x1823, 0x1823, 0x1823, 0x1823, 0x1823, 0x1823, 0x1823, 0x1823, 0x1823, 
  0x1823, 0x1823, 0x1823, 0x1823, 0x1003, 0x1003, 0x1003, 0x1003, 0x1003, 0x1003, 0x1003, 0x1003, 
  0x1003, 0x1003, 0x1003, 0x1003, 0x1003, 0x1003, 0x1803, 0x1803, 0x1803, 0x1803, 0x1823, 0x1823, 
  0x1823, 0x1823, 0x1823, 0x1823, 0x1823, 0x1823, 0x1823, 0x1823, 0x1823, 0x1823, 0x1823, 0x1823, 
  0x1823, 0x1824, 0x1824, 0x1824, 0x1824, 0x1824, 0x1824, 0x1824, 0x1824, 0x1824, 0x1824, 0x1824, 
  0x1824, 0x1824, 0x1824, 0x1824, 0x1824, 0x1824, 0x1824, 0x1824, 0x1824, 0x1824, 0x1824, 0x1824, 
  0x1824, 0x1824, 0x1824, 0x1824, 0x1824, 0x1824, 0x1824, 0x1824, 0x1844, 0x2044, 0x2044, 0x2064, 
  0x2064, 0x2064, 0x2064, 0x2064, 0x2064, 0x2064, 0x2064, 0x2064, 0x2064, 0x2064, 0x2064, 0x2064, 
  0x2064, 0x2064, 0x2065, 0x2085, 0x2085, 0x2085, 0x2085, 0x2085, 0x2885, 0x2085, 0x2085, 0x2085, 
  0x2064, 0x2064, 0x2044, 0x1844, 0x1844, 0x1824, 0x1823, 0x1823, 0x1823, 0x1823, 0x1823, 0x1823, 
  0x1823, 0x1823, 0x1823, 0x1823, 0x1824, 0x1824, 0x1844, 0x1824, 0x1823, 0x1823, 0x1824, 0x1824, 
  0x1824, 0x1824, 0x1824, 0x1844, 0x1844, 0x1844, 0x1844, 0x1824, 0x1824, 0x1824, 0x1824, 0x1824, 
  0x1824, 0x1844, 0x1844, 0x1844, 0x1844, 0x1844, 0x1844, 0x1844, 0x1844, 0x1844, 0x1844, 0x1844, 
  0x1844, 0x1844, 0x1844, 0x1844, 0x1844, 0x1844, 0x1844, 0x1844, 0x1844, 0x1844, 0x1844, 0x1844, 
  0x1844, 0x1844, 0x1844, 0x1844, 0x1844, 0x1844, 0x1844, 0x1844, 0x1844, 0x1844, 0x1844, 0x1844, 
  0x1844, 0x1844, 0x1844, 0x1844, 0x1844, 0x1844, 0x1844, 0x1844, 0x1844, 0x1844, 0x2044, 0x2044, 
  0x2044, 0x2044, 0x2044, 0x2044, 0x2044, 0x2044, 0x2044, 0x2044, 0x2044, 0x2044, 0x2044, 0x2044, 
  0x2044, 0x2044, 0x2044, 0x2044, 0x2044, 0x2044, 0x2044, 0x2064, 0x2085, 0x28a6, 0x30c6, 0x30e7, 
  0x3107, 0x3107, 0x3107, 0x3107, 0x3107, 0x3107, 0x3107, 0x3107, 0x3107, 0x3107, 0x3927, 0x3927, 
  0x3927, 0x3927, 0x3927, 0x3927, 0x3927, 0x3927, 0x3927, 0x3927, 0x3107, 0x3107, 0x3107, 0x3107, 
  0x30e6, 0x30e6, 0x30e6, 0x30e6, 0x30e6, 0x30e6, 0x30e6, 0x30e6, 0x30e6, 0x30e6, 0x30c6, 0x30c6, 
  0x30c6, 0x28c6, 0x28c6, 0x28c6, 0x28c6, 0x28c6, 0x28c6, 0x28c6, 0x28c6, 0x28c6, 0x28c6, 0x28c6, 
  0x28a6, 0x28a6, 0x30a6, 0x30a7, 0x38a8, 0x408a, 0x486c, 0x504d, 0x504d, 0x484c, 0x404a, 0x3048, 
  0x2846, 0x2865, 0x2065, 0x2064, 0x2064, 0x2064, 0x2064, 0x2064, 0x2044, 0x2044, 0x2044, 0x2044, 
  0x2044, 0x2044, 0x2044, 0x2044, 0x2044, 0x2044, 0x2044, 0x2044, 0x2044, 0x2044, 0x2044, 0x2044, 
  0x2044, 0x2044, 0x2044, 0x2044, 0x2044, 0x2044, 0x2044, 0x2044, 0x1844, 0x1844, 0x1824, 0x1823, 
  0x1823, 0x1823, 0x1823, 0x1823, 0x1823, 0x1823, 0x1823, 0x626c, 0x3927, 0x1823, 0x1823, 0x1823, 
  0x1823, 0x1823, 0x1823, 0x1823, 0x1823, 0x1823, 0x1823, 0x1823, 0x1823, 0x1823, 0x1823, 0x1823, 
  0x1823, 0x1003, 0x1003, 0x1003, 0x1003, 0x1003, 0x1003, 0x1003, 0x1003, 0x1003, 0x1003, 0x1003, 
  0x1003, 0x1003, 0x1003, 0x1803, 0x1803, 0x1803, 0x1803, 0x1803, 0x1823, 0x1823, 0x1823, 0x1823, 
  0x1823, 0x1823, 0x1823, 0x1823, 0x1823, 0x1823, 0x1823, 0x1823, 0x1823, 0x1824, 0x1824, 0x1824, 
  0x1824, 0x1824, 0x1824, 0x1824, 0x1824, 0x1824, 0x1824, 0x1824, 0x1824, 0x1824, 0x1824, 0x1824, 
  0x1824, 0x1824, 0x1824, 0x1824, 0x1824, 0x1824, 0x1824, 0x1824, 0x1824, 0x1824, 0x1824, 0x1824, 
  0x1824, 0x1824, 0x1824, 0x1824, 0x1844, 0x2044, 0x2044, 0x2064, 0x2064, 0x2064, 0x2064, 0x2064, 
  0x2064, 0x2064, 0x2064, 0x2064, 0x2064, 0x2064, 0x2064, 0x2064, 0x2064, 0x2085, 0x2085, 0x2085, 
  0x2085, 0x2085, 0x2085, 0x2085, 0x2085, 0x2085, 0x2064, 0x2064, 0x2044, 0x1844, 0x1844, 0x1824, 
  0x1823, 0x1823, 0x1823, 0x1823, 0x1823, 0x1823, 0x1823, 0x1823, 0x1823, 0x1823, 0x1823, 0x1823, 
  0x1824, 0x1824, 0x1824, 0x1824, 0x1824, 0x1824, 0x1824, 0x1824, 0x1824, 0x1824, 0x1824, 0x1824, 
  0x1844, 0x1844, 0x1844, 0x1844, 0x1824, 0x1824, 0x1824, 0x1824, 0x1824, 0x1844, 0x1844, 0x1844, 
  0x1844, 0x1844, 0x1844, 0x1844, 0x1844, 0x1844, 0x1844, 0x1844, 0x1844, 0x1844, 0x1844, 0x1844, 
  0x1844, 0x1844, 0x1844, 0x1844, 0x1844, 0x1844, 0x1844, 0x1844, 0x1844, 0x1844, 0x1844, 0x1844, 
  0x1844, 0x1844, 0x1844, 0x1844, 0x1844, 0x1844, 0x1844, 0x1844, 0x1844, 0x1844, 0x1844, 0x1844, 
  0x1844, 0x1844, 0x1844, 0x1844, 0x1844, 0x1844, 0x2044, 0x2044, 0x2044, 0x2044, 0x2044, 0x2044, 
  0x2044, 0x2044, 0x2044, 0x2044, 0x2044, 0x2044, 0x2044, 0x2044, 0x2044, 0x2044, 0x2044, 0x2044, 
  0x2044, 0x2044, 0x2064, 0x2065, 0x2885, 0x28c6, 0x30e6, 0x3107, 0x3107, 0x3107, 0x3107, 0x3107, 
  0x3107, 0x3107, 0x3107, 0x3107, 0x3107, 0x3107, 0x3107, 0x3927, 0x3927, 0x3927, 0x3927, 0x3927, 
  0x3927, 0x3927, 0x3927, 0x3107, 0x3107, 0x3107, 0x3107, 0x30e6, 0x30e6, 0x30e6, 0x30e6, 0x30e6, 
  0x30e6, 0x30e6, 0x30e6, 0x30e6, 0x30e6, 0x30e6, 0x30c6, 0x30c6, 0x28c6, 0x28c6, 0x28c6, 0x28c6, 
  0x28c6, 0x28c6, 0x28c6, 0x28c6, 0x28c6, 0x28c6, 0x28a6, 0x28a6, 0x28a6, 0x28a6, 0x28a6, 0x30a6, 
  0x30a7, 0x3889, 0x408a, 0x486c, 0x484d, 0x484c, 0x404b, 0x3849, 0x3047, 0x2845, 0x2065, 0x2064, 
  0x2064, 0x2064, 0x2064, 0x2044, 0x2044, 0x2044, 0x2044, 0x2044, 0x2044, 0x2044, 0x2044, 0x2044, 
  0x2044, 0x2044, 0x2044, 0x2044, 0x2044, 0x2044, 0x2044, 0x2044, 0x2044, 0x2044, 0x2044, 0x2044, 
  0x2044, 0x2044, 0x2044, 0x1844, 0x1844, 0x1824, 0x1823, 0x1823, 0x1823, 0x1823, 0x1823, 0x1823, 
  0x1823, 0x1823, 0x1823, 0x626c, 0x3927, 0x1823, 0x1823, 0x1823, 0x1823, 0x1823, 0x1823, 0x1823, 
  0x1823, 0x1823, 0x1823, 0x1823, 0x1823, 0x1823, 0x1823, 0x1823, 0x1823, 0x1003, 0x1003, 0x1003, 
  0x1003, 0x1003, 0x1003, 0x1003, 0x1003, 0x1003, 0x1003, 0x1003, 0x1003, 0x1003, 0x1003, 0x1003, 
  0x1803, 0x1803, 0x1803, 0x1803, 0x1803, 0x1823, 0x1823, 0x1823, 0x1823, 0x1823, 0x1823, 0x1823, 
  0x1823, 0x1823, 0x1823, 0x1823, 0x1823, 0x1824, 0x1824, 0x1824, 0x1824, 0x1824, 0x1824, 0x1824, 
  0x1824, 0x1824, 0x1824, 0x1824, 0x1824, 0x1824, 0x1824, 0x1824, 0x1824, 0x1824, 0x1824, 0x1824, 
  0x1824, 0x1824, 0x1824, 0x1824, 0x1824, 0x1824, 0x1824, 0x1824, 0x1824, 0x1824, 0x1824, 0x1824, 
  0x1844, 0x2044, 0x2044, 0x2064, 0x2064, 0x2064, 0x2064, 0x2064, 0x2064, 0x2064, 0x2064, 0x2064, 
  0x2064, 0x2064, 0x2064, 0x2065, 0x2085, 0x2085, 0x2085, 0x2085, 0x2085, 0x2085, 0x2085, 0x2085, 
  0x2064, 0x2064, 0x2044, 0x1844, 0x1844, 0x1824, 0x1823, 0x1823, 0x1823, 0x1823, 0x1823, 0x1823, 
  0x1823, 0x1823, 0x1823, 0x1823, 0x1823, 0x1823, 0x1823, 0x1823, 0x1824, 0x1824, 0x1824, 0x1824, 
  0x1824, 0x1824, 0x1824, 0x1824, 0x1824, 0x1824, 0x1824, 0x1824, 0x1844, 0x1844, 0x1844, 0x1844, 
  0x1844, 0x1824, 0x1824, 0x1824, 0x1824, 0x1844, 0x1844, 0x1844, 0x1844, 0x1844, 0x1844, 0x1844, 
  0x1844, 0x1844, 0x1844, 0x1844, 0x1844, 0x1844, 0x1844, 0x1844, 0x1844, 0x1844, 0x1844, 0x1844, 
  0x1844, 0x1844, 0x1844, 0x1844, 0x1844, 0x1844, 0x1844, 0x1844, 0x1844, 0x1844, 0x1844, 0x1844, 
  0x1844, 0x1844, 0x1844, 0x1844, 0x1844, 0x1844, 0x1844, 0x1844, 0x1844, 0x1844, 0x1844, 0x1844, 
  0x1844, 0x1844, 0x1844, 0x1844, 0x2044, 0x2044, 0x2044, 0x2044, 0x2044, 0x2044, 0x2044, 0x2044, 
  0x2044, 0x2044, 0x2044, 0x2044, 0x2044, 0x2044, 0x2044, 0x2044, 0x2044, 0x2044, 0x2064, 0x2085, 
  0x28a5, 0x28c6, 0x30e6, 0x3107, 0x3107, 0x3107, 0x3107, 0x3107, 0x3107, 0x3107, 0x3107, 0x3107, 
  0x3107, 0x3107, 0x3107, 0x3107, 0x3927, 0x3927, 0x3927, 0x3927, 0x3927, 0x3927, 0x3107, 0x3107, 
  0x3107, 0x3107, 0x30e6, 0x30e6, 0x30e6, 0x30e6, 0x30e6, 0x30e6, 0x30e6, 0x30e6, 0x30e6, 0x30e6, 
  0x30e6, 0x30e6, 0x30c6, 0x28c6, 0x28c6, 0x28c6, 0x28c6, 0x28c6, 0x28c6, 0x28c6, 0x28c6, 0x28c6, 
  0x28c6, 0x28c6, 0x28a5, 0x28a5, 0x28a6, 0x28a6, 0x28a6, 0x28a6, 0x30a7, 0x30a8, 0x3889, 0x406b, 
  0x484c, 0x484c, 0x404b, 0x384a, 0x3048, 0x2846, 0x2045, 0x2045, 0x2044, 0x2044, 0x2044, 0x2044, 
  0x2044, 0x2044, 0x2044, 0x2044, 0x2044, 0x2044, 0x2044, 0x2044, 0x2044, 0x2044, 0x2044, 0x2044, 
  0x2044, 0x2044, 0x2044, 0x2044, 0x2044, 0x2044, 0x2044, 0x2044, 0x2044, 0x2044, 0x2044, 0x1844, 
  0x1824, 0x1823, 0x1823, 0x1823, 0x1823, 0x1823, 0x1823, 0x1823, 0x1823, 0x1823, 0x1823, 0x626c, 
  0x3927, 0x1823, 0x1823, 0x1823, 0x1823, 0x1823, 0x1823, 0x1823, 0x1823, 0x1823, 0x1823, 0x1823, 
  0x1823, 0x1823, 0x1823, 0x1823, 0x1823, 0x1003, 0x1003, 0x1003, 0x1003, 0x1003, 0x1003, 0x1003, 
  0x1003, 0x1003, 0x1003, 0x1003, 0x1003, 0x1003, 0x1003, 0x1003, 0x1003, 0x1803, 0x1803, 0x1803, 
  0x1803, 0x1823, 0x1823, 0x1823, 0x1823, 0x1823, 0x1823, 0x1823, 0x1823, 0x1823, 0x1823, 0x1823, 
  0x1824, 0x1824, 0x1824, 0x1824, 0x1824, 0x1824, 0x1824, 0x1824, 0x1824, 0x1824, 0x1824, 0x1824, 
  0x1824, 0x1824, 0x1824, 0x1824, 0x1824, 0x1824, 0x1824, 0x1824, 0x1824, 0x1824, 0x1824, 0x1824, 
  0x1824, 0x1824, 0x1824, 0x1824, 0x1824, 0x1824, 0x1824, 0x1824, 0x1844, 0x2044, 0x2044, 0x2064, 
  0x2064, 0x2064, 0x2064, 0x2064, 0x2064, 0x2064, 0x2064, 0x2064, 0x2064, 0x2065, 0x2085, 0x2085, 
  0x2085, 0x2085, 0x2085, 0x2085, 0x2085, 0x2065, 0x2064, 0x2064, 0x1844, 0x1844, 0x1844, 0x1823, 
  0x1823, 0x1823, 0x1823, 0x1823, 0x1823, 0x1823, 0x1823, 0x1823, 0x1823, 0x1823, 0x1823, 0x1823, 
  0x1823, 0x1823, 0x1823, 0x1823, 0x1823, 0x1824, 0x1824, 0x1824, 0x1824, 0x1824, 0x1824, 0x1824, 
  0x1824, 0x1824, 0x1824, 0x1824, 0x1844, 0x1844, 0x1844, 0x1844, 0x1844, 0x1824, 0x1824, 0x1824, 
  0x1824, 0x1824, 0x1844, 0x1844, 0x1844, 0x1844, 0x1844, 0x1844, 0x1844, 0x1844, 0x1844, 0x1844, 
  0x1844, 0x1844, 0x1844, 0x1844, 0x1844, 0x1844, 0x1844, 0x1844, 0x1844, 0x1844, 0x1844, 0x1844, 
  0x1844, 0x1844, 0x1844, 0x1844, 0x1844, 0x1844, 0x1844, 0x1844, 0x1844, 0x1844, 0x1844, 0x1844, 
  0x1844, 0x1844, 0x1844, 0x1844, 0x1844, 0x1844, 0x1844, 0x1844, 0x1844, 0x1844, 0x1844, 0x1844, 
  0x2044, 0x2044, 0x2044, 0x2044, 0x2044, 0x2044, 0x2044, 0x2044, 0x2044, 0x2044, 0x2044, 0x2044, 
  0x2044, 0x2044, 0x2044, 0x2044, 0x2044, 0x2044, 0x2064, 0x2085, 0x28a5, 0x30c6, 0x30e6, 0x3107, 
  0x3107, 0x3107, 0x3107, 0x3107, 0x3107, 0x3107, 0x3107, 0x3107, 0x3107, 0x3107, 0x3107, 0x3107, 
  0x3107, 0x3107, 0x3927, 0x3927, 0x3927, 0x3107, 0x3107, 0x3107, 0x3107, 0x30e6, 0x30e6, 0x30e6, 
  0x30e6, 0x30e6, 0x30e6, 0x30e6, 0x30e6, 0x30e6, 0x30e6, 0x30e6, 0x30e6, 0x30c6, 0x28c6, 0x28c6, 
  0x28c6, 0x28c6, 0x28c6, 0x28c6, 0x28c6, 0x28c6, 0x28c6, 0x28c6, 0x28c6, 0x28a5, 0x28a5, 0x28a5, 
  0x28a6, 0x28a6, 0x28a6, 0x28a6, 0x28a6, 0x30a7, 0x38a8, 0x4089, 0x406b, 0x484c, 0x484c, 0x404a, 
  0x3849, 0x2847, 0x2845, 0x2045, 0x2044, 0x2044, 0x2044, 0x2044, 0x2044, 0x2044, 0x2044, 0x2044, 
  0x2044, 0x2044, 0x2044, 0x2044, 0x2044, 0x2044, 0x2044, 0x2044, 0x2044, 0x2044, 0x2044, 0x2044, 
  0x2044, 0x2044, 0x2044, 0x2044, 0x2044, 0x2044, 0x1844, 0x1844, 0x1824, 0x1823, 0x1823, 0x1823, 
  0x1823, 0x1823, 0x1823, 0x1823, 0x1823, 0x1823, 0x1823, 0x626c, 0x3927, 0x1823, 0x1823, 0x1823, 
  0x1823, 0x1823, 0x1823, 0x1823, 0x1823, 0x1823, 0x1823, 0x1823, 0x1823, 0x1823, 0x1823, 0x1823, 
  0x1823, 0x1823, 0x1003, 0x1003, 0x1003, 0x1003, 0x1003, 0x1003, 0x1003, 0x1003, 0x1003, 0x1003, 
  0x1003, 0x1003, 0x1003, 0x1003, 0x1003, 0x1003, 0x1803, 0x1803, 0x1823, 0x1823, 0x1823, 0x1823, 
  0x1823, 0x1823, 0x1823, 0x1823, 0x1823, 0x1823, 0x1823, 0x1823, 0x1824, 0x1824, 0x1824, 0x1824, 
  0x1824, 0x1824, 0x1824, 0x1824, 0x1824, 0x1824, 0x1824, 0x1824, 0x1824, 0x1824, 0x1824, 0x1824, 
  0x1824, 0x1824, 0x1824, 0x1824, 0x1824, 0x1824, 0x1824, 0x1824, 0x1824, 0x1824, 0x1824, 0x1824, 
  0x1824, 0x1824, 0x1824, 0x1824, 0x1844, 0x2044, 0x2044, 0x2064, 0x2064, 0x2064, 0x2064, 0x2064, 
  0x2064, 0x2064, 0x2064, 0x2065, 0x2085, 0x2085, 0x2085, 0x2085, 0x2085, 0x2085, 0x2085, 0x2064, 
  0x2064, 0x2064, 0x1844, 0x1844, 0x1844, 0x1823, 0x1823, 0x1823, 0x1823, 0x1823, 0x1823, 0x1823, 
  0x1823, 0x1823, 0x1823, 0x1823, 0x1823, 0x1823, 0x1823, 0x1823, 0x1823, 0x1823, 0x1823, 0x1823, 
  0x1823, 0x1824, 0x1824, 0x1824, 0x1824, 0x1824, 0x1824, 0x1824, 0x1824, 0x1824, 0x1824, 0x1824, 
  0x1844, 0x1844, 0x1844, 0x1844, 0x1844, 0x1824, 0x1824, 0x1824, 0x1824, 0x1824, 0x1844, 0x1844, 
  0x1844, 0x1844, 0x1844, 0x1844, 0x1844, 0x1844, 0x1844, 0x1844, 0x1844, 0x1844, 0x1844, 0x1844, 
  0x1844, 0x1844, 0x1844, 0x1844, 0x1844, 0x1844, 0x1844, 0x1844, 0x1844, 0x1844, 0x1844, 0x1844, 
  0x1844, 0x1844, 0x1844, 0x1844, 0x1844, 0x1844, 0x1844, 0x1844, 0x1844, 0x1844, 0x1844, 0x1844, 
  0x1844, 0x1844, 0x1844, 0x1844, 0x1844, 0x1844, 0x1844, 0x1844, 0x2044, 0x2044, 0x2044, 0x2044, 
  0x2044, 0x2044, 0x2044, 0x2044, 0x2044, 0x2044, 0x2044, 0x2044, 0x2044, 0x2044, 0x2044, 0x2044, 
  0x2044, 0x2044, 0x2064, 0x2885, 0x28a6, 0x30e6, 0x3107, 0x3107, 0x3107, 0x3107, 0x3107, 0x3107, 
  0x3107, 0x3107, 0x3107, 0x3107, 0x3107, 0x3107, 0x3107, 0x3107, 0x3107, 0x3107, 0x3107, 0x3107, 
  0x3107, 0x3107, 0x3107, 0x3107, 0x3107, 0x30e6, 0x30e6, 0x30e6, 0x30e6, 0x30e6, 0x30e6, 0x30e6, 
  0x30e6, 0x30e6, 0x30e6, 0x30e6, 0x30c6, 0x30c6, 0x28c6, 0x28c6, 0x28c6, 0x28c6, 0x28c6, 0x28c6, 
  0x28c6, 0x28c6, 0x28c6, 0x28c6, 0x28c6, 0x28a5, 0x28a5, 0x28a5, 0x28a6, 0x28c6, 0x28c6, 0x28a6, 
  0x28a6, 0x30a6, 0x30a7, 0x3888, 0x406a, 0x486b, 0x484c, 0x404b, 0x3849, 0x3048, 0x2846, 0x2045, 
  0x2044, 0x2044, 0x2044, 0x2044, 0x2044, 0x2044, 0x2044, 0x2044, 0x2044, 0x2044, 0x2044, 0x2044, 
  0x2044, 0x2044, 0x2044, 0x2044, 0x2044, 0x2044, 0x2044, 0x2044, 0x2044, 0x2044, 0x2044, 0x2044, 
  0x2044, 0x2044, 0x1844, 0x1824, 0x1823, 0x1823, 0x1823, 0x1823, 0x1823, 0x1823, 0x1823, 0x1823, 
  0x1823, 0x1823, 0x1823, 0x626c, 0x3927, 0x1823, 0x1823, 0x1823, 0x1823, 0x1823, 0x1823, 0x1823, 
  0x1823, 0x1823, 0x1823, 0x1823, 0x1823, 0x1823, 0x1823, 0x1823, 0x1823, 0x1823, 0x1003, 0x1003, 
  0x1003, 0x1003, 0x1003, 0x1003, 0x1003, 0x1003, 0x1003, 0x1003, 0x1003, 0x1003, 0x1003, 0x1003, 
  0x1003, 0x1003, 0x1003, 0x1803, 0x1803, 0x1823, 0x1823, 0x1823, 0x1823, 0x1823, 0x1823, 0x1823, 
  0x1823, 0x1823, 0x1823, 0x1824, 0x1824, 0x1824, 0x1824, 0x1824, 0x1824, 0x1824, 0x1824, 0x1824, 
  0x1824, 0x1824, 0x1824, 0x1824, 0x1824, 0x1824, 0x1824, 0x1824, 0x1824, 0x1824, 0x1824, 0x1824, 
  0x1824, 0x1824, 0x1824, 0x1824, 0x1824, 0x1824, 0x1824, 0x1824, 0x1824, 0x1824, 0x1824, 0x1824, 
  0x1844, 0x2044, 0x2044, 0x2064, 0x2064, 0x2064, 0x2064, 0x2064, 0x2064, 0x2065, 0x2085, 0x2085, 
  0x2085, 0x2085, 0x2085, 0x2085, 0x2085, 0x2064, 0x2064, 0x2064, 0x1844, 0x1844, 0x1824, 0x1823, 
  0x1823, 0x1823, 0x1823, 0x1823, 0x1823, 0x1823, 0x1823, 0x1823, 0x1823, 0x1823, 0x1823, 0x1823, 
  0x1823, 0x1823, 0x1823, 0x1823, 0x1823, 0x1823, 0x1823, 0x1823, 0x1823, 0x1824, 0x1824, 0x1824, 
  0x1844, 0x1844, 0x1824, 0x1824, 0x1824, 0x1824, 0x1824, 0x1824, 0x1824, 0x1824, 0x1844, 0x1844, 
  0x1844, 0x1844, 0x1844, 0x1824, 0x1824, 0x1824, 0x1844, 0x1844, 0x1844, 0x1844, 0x1844, 0x1844, 
  0x1844, 0x1844, 0x1844, 0x1844, 0x1844, 0x1844, 0x1844, 0x1844, 0x1844, 0x1844, 0x1844, 0x1844, 
  0x1844, 0x1844, 0x1844, 0x1844, 0x1844, 0x1844, 0x1844, 0x1844, 0x1844, 0x1844, 0x1844, 0x1844, 
  0x1844, 0x1844, 0x1844, 0x1844, 0x1844, 0x1844, 0x1844, 0x1844, 0x1844, 0x1844, 0x1844, 0x1844, 
  0x1844, 0x1844, 0x1844, 0x1844, 0x1844, 0x2044, 0x2044, 0x2044, 0x2044, 0x2044, 0x2044, 0x2044, 
  0x2044, 0x2044, 0x2044, 0x2044, 0x2044, 0x2044, 0x2044, 0x2044, 0x2044, 0x2064, 0x2085, 0x28a5, 
  0x28c6, 0x30e6, 0x3107, 0x3107, 0x3107, 0x3107, 0x3107, 0x3107, 0x3107, 0x3107, 0x3107, 0x3107, 
  0x3107, 0x3107, 0x3107, 0x3107, 0x3107, 0x3107, 0x3107, 0x3107, 0x3107, 0x3107, 0x3107, 0x3107, 
  0x30e6, 0x30e6, 0x30e6, 0x30e6, 0x30e6, 0x30e6, 0x30e6, 0x30e6, 0x30e6, 0x30e6, 0x30e6, 0x30c6, 
  0x30c6, 0x28c6, 0x28c6, 0x28c6, 0x28c6, 0x28c6, 0x28c6, 0x28c6, 0x28c6, 0x28c6, 0x28c6, 0x28a6, 
  0x28a5, 0x28a5, 0x28a5, 0x28a5, 0x28c6, 0x28c6, 0x28c6, 0x28a6, 0x28a6, 0x28a6, 0x30a6, 0x30a7, 
  0x3889, 0x406a, 0x404b, 0x404b, 0x404a, 0x3848, 0x2847, 0x2045, 0x2045, 0x2044, 0x2044, 0x2044, 
  0x2044, 0x2044, 0x2044, 0x2044, 0x2044, 0x2044, 0x2044, 0x2044, 0x2044, 0x2044, 0x2044, 0x2044, 
  0x2044, 0x2044, 0x2044, 0x2044, 0x2044, 0x2044, 0x2044, 0x2044, 0x2044, 0x2044, 0x1844, 0x1824, 
  0x1823, 0x1823, 0x1823, 0x1823, 0x1823, 0x1823, 0x1823, 0x1823, 0x1823, 0x1823, 0x1803, 0x626c, 
  0x3927, 0x1823, 0x1823, 0x1823, 0x1823, 0x1823, 0x1823, 0x1823, 0x1823, 0x1823, 0x1823, 0x1823, 
  0x1823, 0x1823, 0x1823, 0x1823, 0x1823, 0x1823, 0x1003, 0x1003, 0x1003, 0x1003, 0x1003, 0x1003, 
  0x1003, 0x1003, 0x1003, 0x1003, 0x1003, 0x1003, 0x1003, 0x1003, 0x1003, 0x1003, 0x1003, 0x1003, 
  0x1803, 0x1823, 0x1823, 0x1823, 0x1823, 0x1823, 0x1823, 0x1823, 0x1823, 0x1823, 0x1824, 0x1824, 
  0x1824, 0x1824, 0x1824, 0x1824, 0x1824, 0x1824, 0x1824, 0x1824, 0x1824, 0x1824, 0x1824, 0x1824, 
  0x1824, 0x1824, 0x1824, 0x1824, 0x1824, 0x1824, 0x1824, 0x1824, 0x1824, 0x1824, 0x1824, 0x1824, 
  0x1824, 0x1824, 0x1824, 0x1824, 0x1824, 0x1824, 0x1824, 0x1824, 0x1844, 0x2044, 0x2044, 0x2064, 
  0x2064, 0x2064, 0x2064, 0x2065, 0x2065, 0x2085, 0x2085, 0x2085, 0x2085, 0x2085, 0x2085, 0x2064, 
  0x2064, 0x2064, 0x1844, 0x1844, 0x1844, 0x1823, 0x1823, 0x1823, 0x1823, 0x1823, 0x1823, 0x1823, 
  0x1823, 0x1823, 0x1823, 0x1823, 0x1823, 0x1823, 0x1823, 0x1823, 0x1823, 0x1823, 0x1823, 0x1823, 
  0x1823, 0x1823, 0x1823, 0x1823, 0x1823, 0x1823, 0x1824, 0x1824, 0x1844, 0x1844, 0x1824, 0x1824, 
  0x1824, 0x1824, 0x1824, 0x1824, 0x1824, 0x1824, 0x1844, 0x1844, 0x1844, 0x1844, 0x1844, 0x1824, 
  0x1824, 0x1824, 0x1824, 0x1844, 0x1844, 0x1844, 0x1844, 0x1844, 0x1844, 0x1844, 0x1844, 0x1844, 
  0x1844, 0x1844, 0x1844, 0x1844, 0x1844, 0x1844, 0x1844, 0x1844, 0x1844, 0x1844, 0x1844, 0x1844, 
  0x1844, 0x1844, 0x1844, 0x1844, 0x1844, 0x1844, 0x1844, 0x1844, 0x1844, 0x1844, 0x1844, 0x1844, 
  0x1844, 0x1844, 0x1844, 0x1844, 0x1844, 0x1844, 0x1844, 0x1844, 0x1844, 0x1844, 0x1844, 0x1844, 
  0x1844, 0x2044, 0x2044, 0x2044, 0x2044, 0x2044, 0x2044, 0x2044, 0x2044, 0x2044, 0x2044, 0x2044, 
  0x2044, 0x2044, 0x2044, 0x2044, 0x2044, 0x2064, 0x2085, 0x28a5, 0x28c6, 0x30e6, 0x3107, 0x3107, 
  0x3107, 0x3107, 0x3107, 0x3107, 0x3107, 0x3107, 0x3107, 0x3107, 0x3107, 0x3107, 0x3107, 0x3107, 
  0x3107, 0x3107, 0x3107, 0x3107, 0x3107, 0x3107, 0x3107, 0x30e6, 0x30e6, 0x30e6, 0x30e6, 0x30e6, 
  0x30e6, 0x30e6, 0x30e6, 0x30e6, 0x30e6, 0x30e6, 0x30c6, 0x30c6, 0x28c6, 0x28c6, 0x28c6, 0x28c6, 
  0x28c6, 0x28c6, 0x28c6, 0x28c6, 0x28c6, 0x28c6, 0x28a6, 0x28a5, 0x28a5, 0x28a5, 0x28a5, 0x28c6, 
  0x28c6, 0x28c6, 0x28c6, 0x28a6, 0x28a6, 0x28a6, 0x28a6, 0x30a7, 0x3088, 0x3889, 0x406a, 0x404b, 
  0x404a, 0x3849, 0x3047, 0x2846, 0x2045, 0x2044, 0x2044, 0x2044, 0x2044, 0x2044, 0x2044, 0x2044, 
  0x2044, 0x2044, 0x2044, 0x2044, 0x2044, 0x2044, 0x2044, 0x2044, 0x2044, 0x2044, 0x2044, 0x2044, 
  0x2044, 0x2044, 0x2044, 0x2044, 0x2044, 0x1844, 0x1844, 0x1823, 0x1823, 0x1823, 0x1823, 0x1823, 
  0x1803, 0x1803, 0x1823, 0x1823, 0x1823, 0x1823, 0x1803, 0x626c, 0x3927, 0x1823, 0x1823, 0x1823, 
  0x1823, 0x1823, 0x1823, 0x1823, 0x1823, 0x1823, 0x1823, 0x1823, 0x1823, 0x1823, 0x1823, 0x1823, 
  0x1823, 0x1823, 0x1003, 0x1003, 0x1003, 0x1003, 0x1003, 0x1003, 0x1003, 0x1003, 0x1003, 0x1003, 
  0x1003, 0x1003, 0x1003, 0x1003, 0x1003, 0x1003, 0x1003, 0x1003, 0x1803, 0x1803, 0x1823, 0x1823, 
  0x1823, 0x1823, 0x1823, 0x1823, 0x1823, 0x1823, 0x1824, 0x1824, 0x1824, 0x1824, 0x1824, 0x1824, 
  0x1824, 0x1824, 0x1824, 0x1824, 0x1824, 0x1824, 0x1824, 0x1824, 0x1824, 0x1824, 0x1824, 0x1824, 
  0x1824, 0x1824, 0x1824, 0x1824, 0x1824, 0x1824, 0x1824, 0x1824, 0x1824, 0x1824, 0x1824, 0x1824, 
  0x1824, 0x1824, 0x1824, 0x1824, 0x1844, 0x2044, 0x2044, 0x2064, 0x2064, 0x2064, 0x2065, 0x2065, 
  0x2085, 0x2085, 0x2085, 0x2085, 0x2084, 0x2064, 0x2064, 0x2044, 0x1844, 0x1844, 0x1823, 0x1823, 
  0x1823, 0x1823, 0x1823, 0x1823, 0x1823, 0x1823, 0x1823, 0x1823, 0x1823, 0x1823, 0x1823, 0x1823, 
  0x1823, 0x1823, 0x1823, 0x1823, 0x1823, 0x1823, 0x1823, 0x1823, 0x1823, 0x1823, 0x1823, 0x1823, 
  0x1823, 0x1823, 0x1824, 0x1824, 0x1844, 0x1844, 0x1824, 0x1824, 0x1824, 0x1824, 0x1824, 0x1824, 
  0x1824, 0x1824, 0x1844, 0x1844, 0x1844, 0x1844, 0x1844, 0x1824, 0x1824, 0x1824, 0x1824, 0x1844, 
  0x1844, 0x1844, 0x1844, 0x1844, 0x1844, 0x1844, 0x1844, 0x1844, 0x1844, 0x1844, 0x1844, 0x1844, 
  0x1844, 0x1844, 0x1844, 0x1844, 0x1844, 0x1844, 0x1844, 0x1844, 0x1844, 0x1844, 0x1844, 0x1844, 
  0x1844, 0x1844, 0x1844, 0x1844, 0x1844, 0x1844, 0x1844, 0x1844, 0x1844, 0x1844, 0x1844, 0x1844, 
  0x1844, 0x1844, 0x1844, 0x1844, 0x1844, 0x1844, 0x1844, 0x1844, 0x1844, 0x2044, 0x2044, 0x2044, 
  0x2044, 0x2044, 0x2044, 0x2044, 0x2044, 0x2044, 0x2044, 0x2044, 0x2044, 0x2044, 0x2044, 0x2044, 
  0x2064, 0x2064, 0x2085, 0x28a5, 0x30e6, 0x3107, 0x3107, 0x3107, 0x3107, 0x3107, 0x3107, 0x3107, 
  0x3107, 0x3107, 0x3107, 0x3107, 0x3107, 0x3107, 0x3107, 0x3107, 0x3107, 0x3107, 0x3107, 0x3107, 
  0x3107, 0x3107, 0x3106, 0x30e6, 0x30e6, 0x30e6, 0x30e6, 0x30e6, 0x30e6, 0x30e6, 0x30e6, 0x30e6, 
  0x30e6, 0x30c6, 0x30c6, 0x28c6, 0x28c6, 0x28c6, 0x28c6, 0x28c6, 0x28c6, 0x28c6, 0x28c6, 0x28c6, 
  0x28c6, 0x28c6, 0x28a5, 0x28a5, 0x28a5, 0x28c6, 0x28c6, 0x28c6, 0x28c6, 0x28c6, 0x28c6, 0x28a6, 
  0x28a6, 0x28a6, 0x28a6, 0x28a6, 0x30a7, 0x3888, 0x3869, 0x406a, 0x404b, 0x384a, 0x3048, 0x2847, 
  0x2045, 0x2045, 0x2044, 0x2044, 0x2044, 0x2044, 0x2044, 0x2044, 0x2044, 0x2044, 0x2044, 0x2044, 
  0x2044, 0x2044, 0x2044, 0x2044, 0x2044, 0x2044, 0x2044, 0x2044, 0x2044, 0x2044, 0x2044, 0x2044, 
  0x2044, 0x1844, 0x1824, 0x1823, 0x1823, 0x1823, 0x1803, 0x1003, 0x1003, 0x1003, 0x1003, 0x1803, 
  0x1803, 0x1803, 0x1003, 0x626c, 0x3927, 0x1823, 0x1823, 0x1823, 0x1823, 0x1823, 0x1823, 0x1823, 
  0x1823, 0x1823, 0x1823, 0x1823, 0x1823, 0x1823, 0x1823, 0x1823, 0x1823, 0x1823, 0x1003, 0x1003, 
  0x1003, 0x1003, 0x1003, 0x1003, 0x1003, 0x1003, 0x1003, 0x1003, 0x1003, 0x1003, 0x1003, 0x1003, 
  0x1003, 0x1003, 0x1003, 0x1003, 0x1003, 0x1803, 0x1823, 0x1823, 0x1823, 0x1823, 0x1823, 0x1823, 
  0x1823, 0x1823, 0x1824, 0x1824, 0x1824, 0x1824, 0x1824, 0x1824, 0x1824, 0x1824, 0x1824, 0x1824, 
  0x1824, 0x1824, 0x1824, 0x1824, 0x1824, 0x1824, 0x1824, 0x1824, 0x1824, 0x1824, 0x1824, 0x1824, 
  0x1824, 0x1824, 0x1824, 0x1824, 0x1824, 0x1824, 0x1824, 0x1824, 0x1824, 0x1824, 0x1824, 0x1824, 
  0x1844, 0x2044, 0x2064, 0x2064, 0x2064, 0x2085, 0x2085, 0x2085, 0x2085, 0x2085, 0x2064, 0x2064, 
  0x2064, 0x2044, 0x1844, 0x1844, 0x1823, 0x1823, 0x1823, 0x1823, 0x1823, 0x1823, 0x1823, 0x1823, 
  0x1823, 0x1823, 0x1823, 0x1823, 0x1823, 0x1823, 0x1823, 0x1823, 0x1823, 0x1823, 0x1823, 0x1823, 
  0x1823, 0x1823, 0x1823, 0x1823, 0x1823, 0x1823, 0x1823, 0x1823, 0x1823, 0x1823, 0x1823, 0x1824, 
  0x1824, 0x1844, 0x1824, 0x1824, 0x1824, 0x1824, 0x1824, 0x1824, 0x1824, 0x1824, 0x1844, 0x1844, 
  0x1844, 0x1844, 0x1844, 0x1824, 0x1824, 0x1824, 0x1824, 0x1844, 0x1844, 0x1844, 0x1844, 0x1844, 
  0x1844, 0x1844, 0x1844, 0x1844, 0x1844, 0x1844, 0x1844, 0x1844, 0x1844, 0x1844, 0x1844, 0x1844, 
  0x1844, 0x1844, 0x1844, 0x1844, 0x1844, 0x1844, 0x1844, 0x1844, 0x1844, 0x1844, 0x1844, 0x1844, 
  0x1844, 0x1844, 0x1844, 0x1844, 0x1844, 0x1844, 0x1844, 0x1844, 0x1844, 0x1844, 0x1844, 0x1844, 
  0x1844, 0x1844, 0x1844, 0x1844, 0x1844, 0x1844, 0x2044, 0x2044, 0x2044, 0x2044, 0x2044, 0x2044, 
  0x2044, 0x2044, 0x2044, 0x2044, 0x2044, 0x2044, 0x2044, 0x2044, 0x2064, 0x2065, 0x28a5, 0x28c6, 
  0x30e6, 0x3107, 0x3107, 0x3107, 0x3107, 0x3107, 0x3107, 0x3107, 0x3107, 0x3107, 0x3107, 0x3107, 
  0x3107, 0x3107, 0x3107, 0x30e6, 0x30e6, 0x3106, 0x3107, 0x3107, 0x3106, 0x3106, 0x30e6, 0x30e6, 
  0x30e6, 0x30e6, 0x30e6, 0x30e6, 0x30e6, 0x30e6, 0x30e6, 0x30e6, 0x30c6, 0x30c6, 0x30c6, 0x28c6, 
  0x28c6, 0x28c6, 0x28c6, 0x28c6, 0x28c6, 0x28c6, 0x28c6, 0x28c6, 0x28c6, 0x28a6, 0x28a5, 0x28a5, 
  0x28a5, 0x28c6, 0x28c6, 0x28c6, 0x28c6, 0x28c6, 0x28a5, 0x28a5, 0x28a5, 0x28a5, 0x28a5, 0x28a6, 
  0x28a6, 0x3087, 0x3888, 0x3869, 0x404a, 0x404a, 0x3829, 0x3047, 0x2846, 0x2045, 0x2044, 0x2044, 
  0x2044, 0x2044, 0x2044, 0x2044, 0x2044, 0x2044, 0x2044, 0x2044, 0x2044, 0x2044, 0x2044, 0x2044, 
  0x2044, 0x2044, 0x2044, 0x2044, 0x2044, 0x2044, 0x2044, 0x2044, 0x2044, 0x1844, 0x1823, 0x1823, 
  0x1823, 0x1803, 0x1003, 0x1003, 0x1003, 0x1003, 0x1003, 0x1803, 0x1803, 0x1803, 0x1003, 0x626c, 
  0x3927, 0x1823, 0x1823, 0x1823, 0x1823, 0x1823, 0x1823, 0x1823, 0x1823, 0x1823, 0x1823, 0x1823, 
  0x1823, 0x1823, 0x1823, 0x1823, 0x1823, 0x1823, 0x1003, 0x1003, 0x1003, 0x1003, 0x1003, 0x1003, 
  0x1003, 0x1003, 0x1003, 0x1003, 0x1003, 0x1003, 0x1003, 0x1003, 0x1003, 0x1003, 0x1003, 0x1003, 
  0x1003, 0x1003, 0x1823, 0x1823, 0x1823, 0x1823, 0x1823, 0x1823, 0x1823, 0x1824, 0x1824, 0x1824, 
  0x1824, 0x1824, 0x1824, 0x1824, 0x1824, 0x1824, 0x1824, 0x1824, 0x1824, 0x1824, 0x1824, 0x1824, 
  0x1824, 0x1824, 0x1824, 0x1824, 0x1824, 0x1824, 0x1824, 0x1824, 0x1824, 0x1824, 0x1824, 0x1824, 
  0x1824, 0x1824, 0x1824, 0x1824, 0x1824, 0x1824, 0x1824, 0x1844, 0x2044, 0x2044, 0x2064, 0x2064, 
  0x2085, 0x2085, 0x2085, 0x2065, 0x2064, 0x2064, 0x2064, 0x1844, 0x1844, 0x1844, 0x1823, 0x1823, 
  0x1823, 0x1823, 0x1823, 0x1823, 0x1823, 0x1823, 0x1823, 0x1823, 0x1823, 0x1823, 0x1823, 0x1823, 
  0x1823, 0x1823, 0x1823, 0x1823, 0x1823, 0x1823, 0x1823, 0x1823, 0x1823, 0x1823, 0x1823, 0x1823, 
  0x1823, 0x1823, 0x1823, 0x1823, 0x1823, 0x1823, 0x1823, 0x1823, 0x1824, 0x1824, 0x1844, 0x1824, 
  0x1824, 0x1824, 0x1824, 0x1824, 0x1824, 0x1824, 0x1824, 0x1844, 0x1844, 0x1844, 0x1844, 0x1824, 
  0x1824, 0x1824, 0x1824, 0x1824, 0x1844, 0x1844, 0x1844, 0x1844, 0x1844, 0x1844, 0x1844, 0x1844, 
  0x1844, 0x1844, 0x1844, 0x1844, 0x1844, 0x1844, 0x1844, 0x1844, 0x1844, 0x1844, 0x1844, 0x1844, 
  0x1844, 0x1844, 0x1844, 0x1844, 0x1844, 0x1844, 0x1844, 0x1844, 0x1844, 0x1844, 0x1844, 0x1844, 
  0x1844, 0x1844, 0x1844, 0x1844, 0x1844, 0x1844, 0x1844, 0x1844, 0x1844, 0x1844, 0x1844, 0x1844, 
  0x1844, 0x1844, 0x2044, 0x2044, 0x2044, 0x2044, 0x2044, 0x2044, 0x2044, 0x2044, 0x2044, 0x2044, 
  0x2044, 0x2044, 0x2044, 0x2044, 0x2064, 0x2085, 0x28a5, 0x28c6, 0x30e6, 0x3107, 0x3107, 0x3107, 
  0x3107, 0x3107, 0x3107, 0x3107, 0x3107, 0x3107, 0x3107, 0x3107, 0x3107, 0x3107, 0x30e6, 0x30e6, 
  0x30e6, 0x30e6, 0x30e6, 0x30e6, 0x30e6, 0x30e6, 0x30e6, 0x30e6, 0x30e6, 0x30e6, 0x30e6, 0x30e6, 
  0x30e6, 0x30e6, 0x30e6, 0x30c6, 0x30c6, 0x28c6, 0x28c6, 0x28c6, 0x28c6, 0x28c6, 0x28c6, 0x28c6, 
  0x28c6, 0x28c6, 0x28c6, 0x28a6, 0x28a5, 0x28a5, 0x28a5, 0x28a5, 0x28c6, 0x28c6, 0x28c6, 0x28c6, 
  0x28c6, 0x28a5, 0x28a5, 0x28a5, 0x28a5, 0x28a5, 0x28a5, 0x28a5, 0x28a6, 0x3086, 0x3087, 0x3868, 
  0x386a, 0x384a, 0x3829, 0x3028, 0x2847, 0x2045, 0x2045, 0x2044, 0x2044, 0x2044, 0x2044, 0x2044, 
  0x2044, 0x2044, 0x2044, 0x2044, 0x2044, 0x2044, 0x2044, 0x2044, 0x2044, 0x2044, 0x2044, 0x2044, 
  0x2044, 0x2044, 0x2044, 0x2044, 0x1844, 0x1824, 0x1823, 0x1823, 0x1823, 0x1003, 0x1003, 0x1003, 
  0x1003, 0x1003, 0x1003, 0x1003, 0x1003, 0x1003, 0x1003, 0x626c, 0x3927, 0x1823, 0x1823, 0x1823, 
  0x1823, 0x1823, 0x1823, 0x1823, 0x1823, 0x1823, 0x1823, 0x1823, 0x1823, 0x1823, 0x1823, 0x1823, 
  0x1823, 0x1823, 0x1823, 0x1003, 0x1003, 0x1003, 0x1003, 0x1003, 0x1003, 0x1003, 0x1003, 0x1003, 
  0x1003, 0x1003, 0x1003, 0x1003, 0x1003, 0x1003, 0x1003, 0x1003, 0x1003, 0x1823, 0x1823, 0x1823, 
  0x1823, 0x1823, 0x1823, 0x1823, 0x1823, 0x1824, 0x1824, 0x1824, 0x1824, 0x1824, 0x1824, 0x1824, 
  0x1824, 0x1824, 0x1824, 0x1824, 0x1824, 0x1824, 0x1824, 0x1824, 0x1824, 0x1824, 0x1824, 0x1824, 
  0x1824, 0x1824, 0x1824, 0x1824, 0x1824, 0x1824, 0x1824, 0x1824, 0x1824, 0x1824, 0x1824, 0x1824, 
  0x1824, 0x1824, 0x1844, 0x1844, 0x2044, 0x2064, 0x2064, 0x2064, 0x2064, 0x2064, 0x2064, 0x2064, 
  0x2064, 0x1844, 0x1844, 0x1844, 0x1823, 0x1823, 0x1823, 0x1823, 0x1823, 0x1823, 0x1823, 0x1823, 
  0x1823, 0x1823, 0x1823, 0x1823, 0x1823, 0x1823, 0x1823, 0x1823, 0x1823, 0x1823, 0x1823, 0x1823, 
  0x1823, 0x1823, 0x1823, 0x1823, 0x1823, 0x1823, 0x1823, 0x1823, 0x1823, 0x1823, 0x1823, 0x1823, 
  0x1823, 0x1823, 0x1823, 0x1823, 0x1824, 0x1824, 0x1844, 0x1824, 0x1824, 0x1824, 0x1824, 0x1824, 
  0x1824, 0x1824, 0x1824, 0x1844, 0x1844, 0x1844, 0x1844, 0x1824, 0x1824, 0x1824, 0x1824, 0x1824, 
  0x1844, 0x1844, 0x1844, 0x1844, 0x1844, 0x1844, 0x1844, 0x1844, 0x1844, 0x1844, 0x1844, 0x1844, 
  0x1844, 0x1844, 0x1844, 0x1844, 0x1844, 0x1844, 0x1844, 0x1844, 0x1844, 0x1844, 0x1844, 0x1844, 
  0x1844, 0x1844, 0x1844, 0x1844, 0x1844, 0x1844, 0x1844, 0x1844, 0x1844, 0x1844, 0x1844, 0x1844, 
  0x1844, 0x1844, 0x1844, 0x1844, 0x1844, 0x1844, 0x1844, 0x1844, 0x1844, 0x1844, 0x2044, 0x2044, 
  0x2044, 0x2044, 0x2044, 0x2044, 0x2044, 0x2044, 0x2044, 0x2044, 0x2044, 0x2044, 0x2044, 0x2064, 
  0x2064, 0x2085, 0x28a6, 0x30e6, 0x3106, 0x3107, 0x3107, 0x3107, 0x3107, 0x3107, 0x3107, 0x3107, 
  0x3107, 0x3107, 0x3107, 0x3107, 0x3107, 0x30e6, 0x30e6, 0x30e6, 0x30e6, 0x30e6, 0x30e6, 0x30e6, 
  0x30e6, 0x30e6, 0x30e6, 0x30e6, 0x30e6, 0x30e6, 0x30e6, 0x30e6, 0x30e6, 0x30e6, 0x30c6, 0x30c6, 
  0x28c6, 0x28c6, 0x28c6, 0x28c6, 0x28c6, 0x28c6, 0x28c6, 0x28c6, 0x28c6, 0x28c6, 0x28c6, 0x28a6, 
  0x28a5, 0x28a6, 0x28a5, 0x28c6, 0x28c6, 0x28c6, 0x28c6, 0x28a6, 0x28a5, 0x28a5, 0x28a5, 0x28a5, 
  0x28a5, 0x28a5, 0x28a5, 0x28a5, 0x28a6, 0x28a6, 0x3087, 0x3088, 0x3869, 0x3849, 0x3849, 0x3029, 
  0x3047, 0x2846, 0x2045, 0x2044, 0x2044, 0x2044, 0x2044, 0x2044, 0x2044, 0x2044, 0x2044, 0x2044, 
  0x2044, 0x2044, 0x2044, 0x2044, 0x2044, 0x2044, 0x2044, 0x2044, 0x2044, 0x2044, 0x2044, 0x2044, 
  0x1844, 0x1824, 0x1823, 0x1823, 0x1803, 0x1003, 0x1003, 0x1003, 0x1003, 0x1003, 0x1003, 0x1003, 
  0x1003, 0x1003, 0x1003, 0x626c, 0x3927, 0x1824, 0x1823, 0x1823, 0x1823, 0x1823, 0x1823, 0x1823, 
  0x1823, 0x1823, 0x1823, 0x1823, 0x1823, 0x1823, 0x1823, 0x1823, 0x1823, 0x1823, 0x1823, 0x1003, 
  0x1003, 0x1003, 0x1003, 0x1003, 0x1003, 0x1003, 0x1003, 0x1003, 0x1003, 0x1003, 0x1003, 0x1003, 
  0x1003, 0x1003, 0x1003, 0x1803, 0x1823, 0x1823, 0x1823, 0x1823, 0x1823, 0x1823, 0x1823, 0x1823, 
  0x1823, 0x1824, 0x1824, 0x1824, 0x1824, 0x1824, 0x1824, 0x1824, 0x1824, 0x1824, 0x1824, 0x1824, 
  0x1824, 0x1824, 0x1824, 0x1824, 0x1824, 0x1824, 0x1824, 0x1824, 0x1824, 0x1824, 0x1824, 0x1824, 
  0x1824, 0x1824, 0x1824, 0x1824, 0x1824, 0x1824, 0x1824, 0x1824, 0x1844, 0x1844, 0x1844, 0x2044, 
  0x2044, 0x2064, 0x2064, 0x2064, 0x2064, 0x2064, 0x2044, 0x1844, 0x1844, 0x1824, 0x1823, 0x1823, 
  0x1823, 0x1823, 0x1823, 0x1823, 0x1823, 0x1823, 0x1823, 0x1823, 0x1823, 0x1823, 0x1823, 0x1823, 
  0x1823, 0x1823, 0x1823, 0x1823, 0x1823, 0x1823, 0x1823, 0x1823, 0x1823, 0x1823, 0x1823, 0x1823, 
  0x1823, 0x1823, 0x1823, 0x1823, 0x1823, 0x1823, 0x1823, 0x1823, 0x1823, 0x1823, 0x1823, 0x1823, 
  0x1824, 0x1824, 0x1844, 0x1824, 0x1824, 0x1824, 0x1824, 0x1824, 0x1824, 0x1824, 0x1824, 0x1844, 
  0x1844, 0x1844, 0x1844, 0x1824, 0x1824, 0x1824, 0x1824, 0x1824, 0x1824, 0x1844, 0x1844, 0x1844, 
  0x1844, 0x1844, 0x1844, 0x1844, 0x1844, 0x1844, 0x1844, 0x1844, 0x1844, 0x1844, 0x1844, 0x1844, 
  0x1844, 0x1844, 0x1844, 0x1844, 0x1844, 0x1844, 0x1844, 0x1844, 0x1844, 0x1844, 0x1844, 0x1844, 
  0x1844, 0x1844, 0x1844, 0x1844, 0x1844, 0x1844, 0x1844, 0x1844, 0x1844, 0x1844, 0x1844, 0x1844, 
  0x1844, 0x1844, 0x1844, 0x1844, 0x1844, 0x1844, 0x2044, 0x2044, 0x2044, 0x2044, 0x2044, 0x2044, 
  0x2044, 0x2044, 0x2044, 0x2044, 0x2044, 0x2044, 0x2044, 0x2064, 0x2085, 0x28a5, 0x28c6, 0x30e6, 
  0x3107, 0x3107, 0x3107, 0x3107, 0x3107, 0x3107, 0x3107, 0x3107, 0x3107, 0x3107, 0x3107, 0x3107, 
  0x30e6, 0x30e6, 0x30e6, 0x30e6, 0x30e6, 0x30e6, 0x30e6, 0x30e6, 0x30c6, 0x30e6, 0x30e6, 0x30e6, 
  0x30e6, 0x30e6, 0x30e6, 0x30e6, 0x30e6, 0x30c6, 0x30c6, 0x30c6, 0x28c6, 0x28c6, 0x28c6, 0x28c6, 
  0x28c6, 0x28c6, 0x28c6, 0x28c6, 0x28c6, 0x28c6, 0x28c6, 0x28c6, 0x28c6, 0x28c6, 0x28c6, 0x28c6, 
  0x28c6, 0x28c6, 0x28a6, 0x28a5, 0x28a5, 0x28a5, 0x28a5, 0x28a5, 0x28a5, 0x28a5, 0x28a5, 0x28a5, 
  0x28a5, 0x28a6, 0x28a6, 0x3087, 0x3088, 0x3869, 0x3849, 0x3849, 0x3028, 0x2847, 0x2045, 0x2045, 
  0x2044, 0x2044, 0x2044, 0x2044, 0x2044, 0x2044, 0x2044, 0x2044, 0x2044, 0x2044, 0x2044, 0x2044, 
  0x2044, 0x2044, 0x2044, 0x2044, 0x2044, 0x2044, 0x2044, 0x1844, 0x1844, 0x1823, 0x1823, 0x1823, 
  0x1003, 0x1003, 0x1003, 0x1003, 0x1003, 0x1003, 0x1003, 0x1003, 0x1003, 0x1003, 0x1003, 0x626c, 
  0x3927, 0x1824, 0x1823, 0x1823, 0x1823, 0x1823, 0x1823, 0x1823, 0x1823, 0x1823, 0x1823, 0x1823, 
  0x1823, 0x1823, 0x1823, 0x1823, 0x1823, 0x1823, 0x1823, 0x1003, 0x1003, 0x1003, 0x1003, 0x1003, 
  0x1003, 0x1003, 0x1003, 0x1003, 0x1003, 0x1003, 0x1003, 0x1003, 0x1003, 0x1823, 0x1823, 0x1823, 
  0x1823, 0x1824, 0x1823, 0x1823, 0x1823, 0x1823, 0x1823, 0x1823, 0x1824, 0x1824, 0x1824, 0x1824, 
  0x1824, 0x1824, 0x1824, 0x1824, 0x1824, 0x1824, 0x1824, 0x1824, 0x1824, 0x1824, 0x1824, 0x1824, 
  0x1824, 0x1824, 0x1824, 0x1824, 0x1824, 0x1824, 0x1824, 0x1824, 0x1824, 0x1824, 0x1824, 0x1824, 
  0x1824, 0x1824, 0x1844, 0x1844, 0x1844, 0x1844, 0x2044, 0x2044, 0x2044, 0x2044, 0x2064, 0x2044, 
  0x2044, 0x1844, 0x1844, 0x1823, 0x1823, 0x1823, 0x1823, 0x1823, 0x1823, 0x1823, 0x1823, 0x1823, 
  0x1823, 0x1823, 0x1823, 0x1823, 0x1823, 0x1823, 0x1823, 0x1823, 0x1823, 0x1823, 0x1823, 0x1823, 
  0x1823, 0x1823, 0x1823, 0x1823, 0x1823, 0x1823, 0x1823, 0x1823, 0x1823, 0x1823, 0x1823, 0x1823, 
  0x1823, 0x1823, 0x1823, 0x1823, 0x1823, 0x1823, 0x1823, 0x1823, 0x1824, 0x1824, 0x1824, 0x1844, 
  0x1824, 0x1824, 0x1824, 0x1824, 0x1824, 0x1824, 0x1824, 0x1824, 0x1844, 0x1844, 0x1844, 0x1844, 
  0x1824, 0x1824, 0x1824, 0x1824, 0x1824, 0x1824, 0x1844, 0x1844, 0x1844, 0x1844, 0x1844, 0x1844, 
  0x1844, 0x1844, 0x1844, 0x1844, 0x1844, 0x1844, 0x1844, 0x1844, 0x1844, 0x1844, 0x1844, 0x1844, 
  0x1844, 0x1844, 0x1844, 0x1844, 0x1844, 0x1844, 0x1844, 0x1844, 0x1844, 0x1844, 0x1844, 0x1844, 
  0x1844, 0x1844, 0x1844, 0x1844, 0x1844, 0x1844, 0x1844, 0x1844, 0x1844, 0x1844, 0x1844, 0x1844, 
  0x1844, 0x1844, 0x2044, 0x2044, 0x2044, 0x2044, 0x2044, 0x2044, 0x2044, 0x2044, 0x2044, 0x2044, 
  0x2044, 0x2044, 0x2044, 0x2064, 0x2085, 0x28a5, 0x30c6, 0x30e6, 0x3107, 0x3107, 0x3107, 0x3107, 
  0x3107, 0x3107, 0x3107, 0x3107, 0x3107, 0x3107, 0x3107, 0x30e6, 0x30e6, 0x30e6, 0x30e6, 0x30e6, 
  0x30e6, 0x30e6, 0x28c6, 0x28c6, 0x28c6, 0x28c6, 0x28c6, 0x30c6, 0x30e6, 0x30e6, 0x30e6, 0x30e6, 
  0x30c6, 0x30c6, 0x30c6, 0x28c6, 0x28c6, 0x28c6, 0x28c6, 0x28c6, 0x28c6, 0x28c6, 0x28c6, 0x28c6, 
  0x28c6, 0x28c6, 0x28c6, 0x28c6, 0x28c6, 0x28c6, 0x28c6, 0x28c6, 0x28c6, 0x28a6, 0x28a5, 0x28a5, 
  0x28a5, 0x28a5, 0x28a5, 0x28a5, 0x28a5, 0x28a5, 0x28a5, 0x28a5, 0x28a5, 0x28a5, 0x28a6, 0x2886, 
  0x3087, 0x3068, 0x3849, 0x3849, 0x3048, 0x2827, 0x2846, 0x2045, 0x2044, 0x2044, 0x2044, 0x2044, 
  0x2044, 0x2044, 0x2044, 0x2044, 0x2044, 0x2044, 0x2044, 0x2044, 0x2044, 0x2044, 0x2044, 0x2044, 
  0x2044, 0x2044, 0x2044, 0x1844, 0x1824, 0x1823, 0x1823, 0x1803, 0x1003, 0x1003, 0x1003, 0x1003, 
  0x1003, 0x1003, 0x1003, 0x1003, 0x1003, 0x1003, 0x1003, 0x626c, 0x3927, 0x1824, 0x1823, 0x1823, 
  0x1823, 0x1823, 0x1823, 0x1823, 0x1823, 0x1823, 0x1823, 0x1823, 0x1823, 0x1823, 0x1823, 0x1823, 
  0x1823, 0x1823, 0x1823, 0x1003, 0x1003, 0x1003, 0x1003, 0x1003, 0x1003, 0x1003, 0x1003, 0x1003, 
  0x1003, 0x1003, 0x1003, 0x1823, 0x1823, 0x1823, 0x1844, 0x1844, 0x1844, 0x1844, 0x1844, 0x1823, 
  0x1823, 0x1823, 0x1823, 0x1824, 0x1824, 0x1824, 0x1824, 0x1824, 0x1824, 0x1824, 0x1824, 0x1824, 
  0x1824, 0x1824, 0x1824, 0x1824, 0x1824, 0x1824, 0x1824, 0x1824, 0x1824, 0x1824, 0x1824, 0x1824, 
  0x1824, 0x1824, 0x1824, 0x1824, 0x1824, 0x1824, 0x1824, 0x1824, 0x1844, 0x1844, 0x1844, 0x1844, 
  0x1844, 0x2044, 0x2044, 0x2044, 0x2044, 0x1844, 0x1844, 0x1844, 0x1844, 0x1823, 0x1823, 0x1823, 
  0x1823, 0x1823, 0x1823, 0x1823, 0x1823, 0x1823, 0x1823, 0x1823, 0x1823, 0x1823, 0x1823, 0x1823, 
  0x1823, 0x1823, 0x1823, 0x1823, 0x1823, 0x1823, 0x1823, 0x1823, 0x1823, 0x1823, 0x1823, 0x1823, 
  0x1823, 0x1823, 0x1823, 0x1823, 0x1823, 0x1823, 0x1823, 0x1823, 0x1823, 0x1823, 0x1823, 0x1823, 
  0x1823, 0x1823, 0x1823, 0x1823, 0x1824, 0x1824, 0x1824, 0x1844, 0x1844, 0x1844, 0x1824, 0x1824, 
  0x1824, 0x1824, 0x1824, 0x1824, 0x1824, 0x1844, 0x1844, 0x1844, 0x1824, 0x1824, 0x1824, 0x1824, 
  0x1824, 0x1824, 0x1844, 0x1844, 0x1844, 0x1844, 0x1844, 0x1844, 0x1844, 0x1844, 0x1844, 0x1844, 
  0x1844, 0x1844, 0x1844, 0x1844, 0x1844, 0x1844, 0x1844, 0x1844, 0x1844, 0x1844, 0x1844, 0x1844, 
  0x1844, 0x1844, 0x1844, 0x1844, 0x1844, 0x1844, 0x1844, 0x1844, 0x1844, 0x1844, 0x1844, 0x1844, 
  0x1844, 0x1844, 0x1844, 0x1844, 0x1844, 0x1844, 0x1844, 0x1844, 0x1844, 0x1844, 0x1844, 0x1844, 
  0x2044, 0x2044, 0x2044, 0x2044, 0x2044, 0x2044, 0x2044, 0x2044, 0x2044, 0x2044, 0x2064, 0x2064, 
  0x2885, 0x28c6, 0x30e6, 0x3106, 0x3107, 0x3107, 0x3107, 0x3107, 0x3107, 0x3107, 0x3107, 0x3107, 
  0x3107, 0x3107, 0x30e6, 0x30e6, 0x30e6, 0x30e6, 0x30e6, 0x30e6, 0x30e6, 0x30c6, 0x28c6, 0x28c6, 
  0x28c6, 0x28c6, 0x28c6, 0x28c6, 0x30c6, 0x30e6, 0x30e6, 0x30c6, 0x30c6, 0x28c6, 0x28c6, 0x28c6, 
  0x28c6, 0x28c6, 0x28c6, 0x28c6, 0x28c6, 0x28c6, 0x28c6, 0x28c6, 0x28c6, 0x28c6, 0x28c6, 0x28c6, 
  0x28c6, 0x28c6, 0x28c6, 0x28c6, 0x28c6, 0x28a5, 0x28a5, 0x28a5, 0x28a5, 0x28a5, 0x28a5, 0x28a5, 
  0x28a5, 0x28a5, 0x28a5, 0x28a5, 0x28a5, 0x28a5, 0x28a5, 0x28a6, 0x2886, 0x3087, 0x3068, 0x3048, 
  0x3048, 0x3028, 0x2846, 0x2045, 0x2045, 0x2044, 0x2044, 0x2044, 0x2044, 0x2044, 0x2044, 0x2044, 
  0x2044, 0x2044, 0x2044, 0x2044, 0x2044, 0x2044, 0x2044, 0x2044, 0x2044, 0x2044, 0x1844, 0x1844, 
  0x1824, 0x1823, 0x1823, 0x1003, 0x1003, 0x1003, 0x1003, 0x1003, 0x1003, 0x1003, 0x1003, 0x1003, 
  0x1003, 0x1003, 0x1003, 0x626c, 0x3927, 0x1824, 0x1823, 0x1823, 0x1823, 0x1823, 0x1823, 0x1823, 
  0x1823, 0x1823, 0x1823, 0x1823, 0x1823, 0x1823, 0x1823, 0x1823, 0x1823, 0x1823, 0x1823, 0x1003, 
  0x1003, 0x1003, 0x1003, 0x1003, 0x1003, 0x1003, 0x1003, 0x1003, 0x1823, 0x1823, 0x1823, 0x1823, 
  0x1844, 0x1844, 0x2064, 0x2064, 0x2064, 0x2064, 0x1844, 0x1824, 0x1823, 0x1823, 0x1823, 0x1824, 
  0x1824, 0x1824, 0x1824, 0x1824, 0x1824, 0x1824, 0x1824, 0x1824, 0x1824, 0x1824, 0x1824, 0x1824, 
  0x1824, 0x1824, 0x1824, 0x1824, 0x1824, 0x1824, 0x1824, 0x1824, 0x1824, 0x1824, 0x1824, 0x1824, 
  0x1824, 0x1824, 0x1844, 0x1844, 0x1844, 0x1844, 0x1844, 0x1844, 0x1844, 0x1844, 0x1844, 0x1844, 
  0x1844, 0x1844, 0x1824, 0x1823, 0x1823, 0x1823, 0x1823, 0x1823, 0x1823, 0x1823, 0x1823, 0x1823, 
  0x1823, 0x1823, 0x1823, 0x1823, 0x1823, 0x1823, 0x1823, 0x1823, 0x1823, 0x1823, 0x1823, 0x1823, 
  0x1823, 0x1823, 0x1823, 0x1823, 0x1823, 0x1823, 0x1823, 0x1823, 0x1823, 0x1823, 0x1823, 0x1823, 
  0x1823, 0x1823, 0x1823, 0x1823, 0x1823, 0x1823, 0x1823, 0x1823, 0x1823, 0x1823, 0x1823, 0x1823, 
  0x1824, 0x1824, 0x1824, 0x1844, 0x1844, 0x1844, 0x1824, 0x1824, 0x1824, 0x1824, 0x1824, 0x1824, 
  0x1824, 0x1844, 0x1844, 0x1844, 0x1824, 0x1824, 0x1824, 0x1824, 0x1824, 0x1824, 0x1844, 0x1844, 
  0x1844, 0x1844, 0x1844, 0x1844, 0x1844, 0x1844, 0x1844, 0x1844, 0x1844, 0x1844, 0x1844, 0x1844, 
  0x1844, 0x1844, 0x1844, 0x1844, 0x1844, 0x1844, 0x1844, 0x1844, 0x1844, 0x1844, 0x1844, 0x1844, 
  0x1844, 0x1844, 0x1844, 0x1844, 0x1844, 0x1844, 0x1844, 0x1844, 0x1844, 0x1844, 0x1844, 0x1844, 
  0x1844, 0x1844, 0x1844, 0x1844, 0x1844, 0x1844, 0x1844, 0x1844, 0x2044, 0x2044, 0x2044, 0x2044, 
  0x2044, 0x2044, 0x2044, 0x2044, 0x2044, 0x2044, 0x2064, 0x2085, 0x28a5, 0x28c6, 0x30e6, 0x3106, 
  0x3107, 0x3107, 0x3107, 0x3107, 0x3107, 0x3107, 0x3107, 0x3107, 0x3107, 0x3106, 0x30e6, 0x30e6, 
  0x30e6, 0x30e6, 0x30e6, 0x30e6, 0x30e6, 0x28c6, 0x28c6, 0x28c6, 0x28c6, 0x28c6, 0x28c6, 0x28c6, 
  0x28c6, 0x30c6, 0x30c6, 0x30c6, 0x28c6, 0x28c6, 0x28c6, 0x28c6, 0x28c6, 0x28c6, 0x28c6, 0x28c6, 
  0x28c6, 0x28c6, 0x28c6, 0x28c6, 0x28a5, 0x28a5, 0x28c6, 0x28c6, 0x28c6, 0x28c6, 0x28c6, 0x28c6, 
  0x28a6, 0x28a5, 0x28a5, 0x28a5, 0x28a5, 0x28a5, 0x28a5, 0x28a5, 0x28a5, 0x28a5, 0x28a5, 0x28a5, 
  0x28a5, 0x28a5, 0x28a5, 0x28a5, 0x2886, 0x2886, 0x3067, 0x3068, 0x3048, 0x3028, 0x2827, 0x2846, 
  0x2045, 0x2044, 0x2044, 0x2044, 0x2044, 0x2044, 0x2044, 0x2044, 0x2044, 0x2044, 0x2044, 0x2044, 
  0x2044, 0x2044, 0x2044, 0x2044, 0x2044, 0x2044, 0x1844, 0x1824, 0x1823, 0x1823, 0x1823, 0x1003, 
  0x1003, 0x1003, 0x1003, 0x1003, 0x1003, 0x1003, 0x1003, 0x1003, 0x1003, 0x1003, 0x1003, 0x626c, 
  0x3927, 0x1844, 0x1824, 0x1824, 0x1824, 0x1844, 0x1844, 0x1844, 0x1824, 0x1823, 0x1823, 0x1823, 
  0x1823, 0x1823, 0x1823, 0x1823, 0x1823, 0x1823, 0x1823, 0x1003, 0x1003, 0x1003, 0x1003, 0x1003, 
  0x1003, 0x1823, 0x1823, 0x1823, 0x1823, 0x1844, 0x1844, 0x1844, 0x2064, 0x2064, 0x2064, 0x2085, 
  0x2064, 0x2064, 0x1844, 0x1824, 0x1823, 0x1823, 0x1823, 0x1824, 0x1824, 0x1824, 0x1824, 0x1824, 
  0x1824, 0x1824, 0x1824, 0x1824, 0x1824, 0x1824, 0x1824, 0x1824, 0x1824, 0x1824, 0x1824, 0x1824, 
  0x1824, 0x1824, 0x1824, 0x1824, 0x1824, 0x1824, 0x1824, 0x1824, 0x1824, 0x1844, 0x1844, 0x1844, 
  0x1844, 0x1844, 0x1844, 0x1844, 0x1844, 0x1844, 0x1844, 0x1824, 0x1823, 0x1823, 0x1823, 0x1823, 
  0x1823, 0x1823, 0x1823, 0x1823, 0x1823, 0x1823, 0x1823, 0x1823, 0x1823, 0x1823, 0x1823, 0x1823, 
  0x1823, 0x1823, 0x1823, 0x1823, 0x1823, 0x1823, 0x1823, 0x1823, 0x1823, 0x1823, 0x1823, 0x1823, 
  0x1823, 0x1823, 0x1823, 0x1823, 0x1823, 0x1823, 0x1823, 0x1823, 0x1823, 0x1823, 0x1823, 0x1823, 
  0x1823, 0x1823, 0x1823, 0x1823, 0x1823, 0x1823, 0x1823, 0x1823, 0x1824, 0x1824, 0x1824, 0x1844, 
  0x1844, 0x1844, 0x1824, 0x1824, 0x1824, 0x1824, 0x1824, 0x1824, 0x1824, 0x1844, 0x1844, 0x1844, 
  0x1844, 0x1824, 0x1824, 0x1824, 0x1824, 0x1824, 0x1824, 0x1844, 0x1844, 0x1844, 0x1844, 0x1844, 
  0x1844, 0x1844, 0x1844, 0x1844, 0x1844, 0x1844, 0x1844, 0x1844, 0x1844, 0x1844, 0x1844, 0x1844, 
  0x1844, 0x1844, 0x1844, 0x1844, 0x1844, 0x1844, 0x1844, 0x1844, 0x1844, 0x1844, 0x1844, 0x1844, 
  0x1844, 0x1844, 0x1844, 0x1844, 0x1844, 0x1844, 0x1844, 0x1844, 0x1844, 0x1844, 0x1844, 0x1844, 
  0x1844, 0x1844, 0x1844, 0x1844, 0x2044, 0x2044, 0x2044, 0x2044, 0x2044, 0x2044, 0x2044, 0x2044, 
  0x2044, 0x2044, 0x2064, 0x2085, 0x28a5, 0x30c6, 0x30e6, 0x3107, 0x3107, 0x3107, 0x3107, 0x3107, 
  0x3107, 0x3107, 0x3107, 0x3107, 0x30e6, 0x30e6, 0x30e6, 0x30e6, 0x30e6, 0x30e6, 0x30e6, 0x30e6, 
  0x28c6, 0x28c6, 0x28c6, 0x28c6, 0x28c6, 0x28c6, 0x28c6, 0x28c6, 0x28c6, 0x28c6, 0x28c6, 0x28c6, 
  0x28c6, 0x28c6, 0x28c6, 0x28c6, 0x28c6, 0x28c6, 0x28c6, 0x28c6, 0x28c6, 0x28a6, 0x28a6, 0x28a5, 
  0x28a5, 0x28a5, 0x28c6, 0x28c6, 0x28c6, 0x28c6, 0x28c6, 0x28c6, 0x28a5, 0x28a5, 0x28a5, 0x28a5, 
  0x28a5, 0x28a5, 0x28a5, 0x28a5, 0x28a5, 0x28a5, 0x28a5, 0x28a5, 0x28a5, 0x28a5, 0x28a5, 0x28a5, 
  0x2885, 0x2886, 0x2887, 0x3067, 0x3048, 0x3048, 0x3027, 0x2826, 0x2045, 0x2045, 0x2044, 0x2044, 
  0x2044, 0x2044, 0x2044, 0x2044, 0x2044, 0x2044, 0x2044, 0x2044, 0x2044, 0x2044, 0x2044, 0x2044, 
  0x2044, 0x2044, 0x1844, 0x1824, 0x1823, 0x1823, 0x1003, 0x1003, 0x1003, 0x1003, 0x1003, 0x1003, 
  0x1003, 0x1003, 0x1003, 0x1003, 0x1003, 0x1003, 0x1003, 0x626c, 0x3927, 0x1844, 0x1824, 0x1824, 
  0x1824, 0x1844, 0x1844, 0x1844, 0x1844, 0x1823, 0x1823, 0x1823, 0x1823, 0x1823, 0x1823, 0x1823, 
  0x1823, 0x1823, 0x1823, 0x1823, 0x1003, 0x1823, 0x1823, 0x1823, 0x1823, 0x1823, 0x1844, 0x1844, 
  0x2064, 0x2064, 0x2064, 0x2064, 0x2084, 0x2085, 0x2085, 0x2085, 0x2064, 0x2064, 0x1844, 0x1824, 
  0x1823, 0x1823, 0x1823, 0x1824, 0x1824, 0x1824, 0x1824, 0x1824, 0x1824, 0x1824, 0x1824, 0x1824, 
  0x1824, 0x1824, 0x1824, 0x1824, 0x1824, 0x1824, 0x1824, 0x1824, 0x1824, 0x1824, 0x1824, 0x1824, 
  0x1824, 0x1824, 0x1844, 0x1844, 0x1844, 0x1844, 0x1844, 0x1844, 0x1844, 0x1844, 0x1844, 0x1844, 
  0x1824, 0x1823, 0x1823, 0x1823, 0x1823, 0x1823, 0x1823, 0x1823, 0x1823, 0x1823, 0x1823, 0x1823, 
  0x1823, 0x1823, 0x1823, 0x1823, 0x1823, 0x1823, 0x1823, 0x1823, 0x1823, 0x1823, 0x1823, 0x1823, 
  0x1823, 0x1823, 0x1823, 0x1823, 0x1823, 0x1823, 0x1823, 0x1823, 0x1823, 0x1823, 0x1823, 0x1823, 
  0x1823, 0x1823, 0x1823, 0x1823, 0x1823, 0x1823, 0x1823, 0x1823, 0x1823, 0x1823, 0x1823, 0x1823, 
  0x1823, 0x1823, 0x1823, 0x1823, 0x1823, 0x1824, 0x1824, 0x1824, 0x1844, 0x1844, 0x1824, 0x1823, 
  0x1823, 0x1824, 0x1824, 0x1824, 0x1824, 0x1824, 0x1844, 0x1844, 0x1844, 0x1844, 0x1824, 0x1824, 
  0x1824, 0x1824, 0x1824, 0x1844, 0x1844, 0x1844, 0x1844, 0x1844, 0x1844, 0x1844, 0x1844, 0x1844, 
  0x1844, 0x1844, 0x1844, 0x1844, 0x1844, 0x1844, 0x1844, 0x1844, 0x1844, 0x1844, 0x1844, 0x1844, 
  0x1844, 0x1844, 0x1844, 0x1844, 0x1844, 0x1844, 0x1844, 0x1844, 0x1844, 0x1844, 0x1844, 0x1844, 
  0x1844, 0x1844, 0x1844, 0x1844, 0x1844, 0x1844, 0x1844, 0x1844, 0x1844, 0x1844, 0x1844, 0x1844, 
  0x2044, 0x2044, 0x2044, 0x2044, 0x2044, 0x2044, 0x2044, 0x2044, 0x2044, 0x2044, 0x2064, 0x2885, 
  0x28c6, 0x30e6, 0x3106, 0x3107, 0x3107, 0x3107, 0x3107, 0x3107, 0x3107, 0x3107, 0x3107, 0x30e6, 
  0x30e6, 0x30e6, 0x30e6, 0x30e6, 0x30e6, 0x30e6, 0x30e6, 0x28c6, 0x28c6, 0x28c6, 0x28c6, 0x28c6, 
  0x28c6, 0x28c6, 0x28c6, 0x28c6, 0x28c6, 0x28c6, 0x28c6, 0x28c6, 0x28c6, 0x28c6, 0x28c6, 0x28c6, 
  0x28c6, 0x28c6, 0x28c6, 0x28c6, 0x28a6, 0x28a5, 0x28a5, 0x28a5, 0x28a5, 0x28c6, 0x28c6, 0x28c6, 
  0x28c6, 0x28c6, 0x28a6, 0x28a5, 0x28a5, 0x28a5, 0x28a5, 0x28a5, 0x28a5, 0x28a5, 0x28a5, 0x28a5, 
  0x28a5, 0x28a5, 0x28a5, 0x28a5, 0x28a5, 0x28a5, 0x28a5, 0x28a5, 0x28a5, 0x2885, 0x2886, 0x2867, 
  0x3067, 0x3048, 0x3047, 0x2827, 0x2846, 0x2045, 0x2044, 0x2044, 0x2044, 0x2044, 0x2044, 0x2044, 
  0x2044, 0x2044, 0x2044, 0x2044, 0x2044, 0x2044, 0x2044, 0x2044, 0x2044, 0x2044, 0x1844, 0x1824, 
  0x1823, 0x1823, 0x1003, 0x1003, 0x1003, 0x1003, 0x1003, 0x1003, 0x1003, 0x1003, 0x1003, 0x1003, 
  0x1003, 0x1003, 0x1003, 0x626c, 0x3927, 0x1844, 0x1844, 0x1844, 0x1844, 0x1844, 0x1844, 0x1844, 
  0x1844, 0x1844, 0x1823, 0x1823, 0x1823, 0x1823, 0x1823, 0x1823, 0x1823, 0x1823, 0x1823, 0x1823, 
  0x1823, 0x1823, 0x1823, 0x1844, 0x1844, 0x2064, 0x2064, 0x2085, 0x2085, 0x2085, 0x2085, 0x2085, 
  0x2085, 0x2085, 0x2085, 0x2085, 0x2064, 0x2064, 0x1844, 0x1824, 0x1823, 0x1823, 0x1824, 0x1824, 
  0x1824, 0x1824, 0x1824, 0x1824, 0x1824, 0x1824, 0x1824, 0x1824, 0x1824, 0x1824, 0x1824, 0x1824, 
  0x1824, 0x1824, 0x1824, 0x1824, 0x1824, 0x1824, 0x1824, 0x1824, 0x1824, 0x1844, 0x1844, 0x1844, 
  0x1844, 0x1844, 0x1844, 0x1844, 0x1844, 0x1844, 0x1824, 0x1823, 0x1823, 0x1823, 0x1823, 0x1823, 
  0x1003, 0x1823, 0x1823, 0x1823, 0x1823, 0x1823, 0x1823, 0x1823, 0x1823, 0x1823, 0x1823, 0x1823, 
  0x1823, 0x1823, 0x1823, 0x1823, 0x1823, 0x1823, 0x1823, 0x1823, 0x1823, 0x1823, 0x1823, 0x1823, 
  0x1823, 0x1823, 0x1823, 0x1823, 0x1823, 0x1823, 0x1823, 0x1823, 0x1823, 0x1823, 0x1823, 0x1823, 
  0x1823, 0x1823, 0x1823, 0x1823, 0x1823, 0x1823, 0x1823, 0x1823, 0x1823, 0x1823, 0x1823, 0x1823, 
  0x1823, 0x1823, 0x1824, 0x1824, 0x1844, 0x1844, 0x1824, 0x1823, 0x1823, 0x1824, 0x1824, 0x1824, 
  0x1824, 0x1824, 0x1844, 0x1844, 0x1844, 0x1844, 0x1824, 0x1824, 0x1824, 0x1824, 0x1824, 0x1844, 
  0x1844, 0x1844, 0x1844, 0x1844, 0x1844, 0x1844, 0x1844, 0x1844, 0x1844, 0x1844, 0x1844, 0x1844, 
  0x1844, 0x1844, 0x1844, 0x1844, 0x1844, 0x1844, 0x1844, 0x1844, 0x1844, 0x1844, 0x1844, 0x1844, 
  0x1844, 0x1844, 0x1844, 0x1844, 0x1844, 0x1844, 0x1844, 0x1844, 0x1844, 0x1844, 0x1844, 0x1844, 
  0x1844, 0x1844, 0x1844, 0x1844, 0x1844, 0x1844, 0x1844, 0x1844, 0x2044, 0x2044, 0x2044, 0x2044, 
  0x2044, 0x2044, 0x2044, 0x2044, 0x2044, 0x2064, 0x2085, 0x28a5, 0x28c6, 0x30e6, 0x3107, 0x3107, 
  0x3107, 0x3107, 0x3107, 0x3107, 0x3107, 0x3107, 0x30e6, 0x30e6, 0x30e6, 0x30e6, 0x30e6, 0x30e6, 
  0x30e6, 0x30e6, 0x28c6, 0x28c6, 0x28c6, 0x28c6, 0x28c6, 0x28c6, 0x28c6, 0x28c6, 0x28c6, 0x28c6, 
  0x28c6, 0x28c6, 0x28c6, 0x28c6, 0x28c6, 0x28c6, 0x28c6, 0x28c6, 0x28c6, 0x28c6, 0x28c6, 0x28c6, 
  0x28a6, 0x28a5, 0x28a5, 0x28a5, 0x28c6, 0x28c6, 0x28c6, 0x28c6, 0x28c6, 0x28a5, 0x28a5, 0x28a5, 
  0x28a5, 0x28a5, 0x28a5, 0x28a5, 0x28a5, 0x28a5, 0x28a5, 0x28a5, 0x28a5, 0x28a5, 0x28a5, 0x28a5, 
  0x28a5, 0x28a5, 0x28a5, 0x28a5, 0x2885, 0x2885, 0x2886, 0x2886, 0x2867, 0x3067, 0x3047, 0x2847, 
  0x2846, 0x2045, 0x2045, 0x2044, 0x2044, 0x2044, 0x2044, 0x2044, 0x2044, 0x2044, 0x2044, 0x2044, 
  0x2044, 0x2044, 0x2044, 0x2044, 0x2044, 0x1844, 0x1824, 0x1823, 0x1823, 0x1803, 0x1003, 0x1003, 
  0x1003, 0x1003, 0x1003, 0x1003, 0x1003, 0x1003, 0x1003, 0x1003, 0x1003, 0x1003, 0x1003, 0x626c, 
  0x3927, 0x1844, 0x1844, 0x1844, 0x1844, 0x1844, 0x1844, 0x1844, 0x1844, 0x1844, 0x1823, 0x1823, 
  0x1823, 0x1823, 0x1823, 0x1823, 0x1823, 0x1823, 0x1823, 0x1823, 0x1844, 0x1844, 0x1844, 0x2064, 
  0x2064, 0x2085, 0x2085, 0x28a5, 0x28a5, 0x28a5, 0x28a5, 0x2085, 0x2085, 0x2085, 0x2085, 0x2085, 
  0x2064, 0x2064, 0x1844, 0x1823, 0x1823, 0x1823, 0x1824, 0x1824, 0x1824, 0x1824, 0x1824, 0x1824, 
  0x1824, 0x1824, 0x1824, 0x1824, 0x1824, 0x1824, 0x1824, 0x1824, 0x1824, 0x1824, 0x1824, 0x1824, 
  0x1824, 0x1824, 0x1824, 0x1844, 0x1844, 0x1844, 0x1844, 0x1844, 0x1844, 0x1844, 0x1844, 0x1824, 
  0x1823, 0x1823, 0x1823, 0x1823, 0x1803, 0x1003, 0x1003, 0x1003, 0x1003, 0x1823, 0x1823, 0x1823, 
  0x1823, 0x1823, 0x1823, 0x1823, 0x1823, 0x1823, 0x1823, 0x1823, 0x1823, 0x1823, 0x1823, 0x1823, 
  0x1823, 0x1823, 0x1823, 0x1823, 0x1823, 0x1823, 0x1823, 0x1823, 0x1823, 0x1823, 0x1823, 0x1823, 
  0x1823, 0x1823, 0x1823, 0x1823, 0x1823, 0x1823, 0x1823, 0x1823, 0x1823, 0x1823, 0x1823, 0x1823, 
  0x1823, 0x1823, 0x1823, 0x1823, 0x1823, 0x1823, 0x1823, 0x1823, 0x1823, 0x1823, 0x1823, 0x1824, 
  0x1824, 0x1824, 0x1824, 0x1823, 0x1823, 0x1824, 0x1824, 0x1824, 0x1824, 0x1824, 0x1844, 0x1844, 
  0x1844, 0x1844, 0x1844, 0x1824, 0x1824, 0x1824, 0x1824, 0x1824, 0x1844, 0x1844, 0x1844, 0x1844, 
  0x1844, 0x1844, 0x1844, 0x1844, 0x1844, 0x1844, 0x1844, 0x1844, 0x1844, 0x1844, 0x1844, 0x1844, 
  0x1844, 0x1844, 0x1844, 0x1844, 0x1844, 0x1844, 0x1844, 0x1844, 0x1844, 0x1844, 0x1844, 0x1844, 
  0x1844, 0x1844, 0x1844, 0x1844, 0x1844, 0x1844, 0x1844, 0x1844, 0x1844, 0x1844, 0x1844, 0x1844, 
  0x1844, 0x1844, 0x1844, 0x1844, 0x1844, 0x2044, 0x2044, 0x2044, 0x2044, 0x2044, 0x2044, 0x2044, 
  0x2044, 0x2064, 0x2085, 0x28a5, 0x30c6, 0x30e6, 0x3107, 0x3107, 0x3107, 0x3107, 0x3107, 0x3107, 
  0x3107, 0x30e6, 0x30e6, 0x30e6, 0x30e6, 0x30e6, 0x30e6, 0x30e6, 0x30e6, 0x30e6, 0x28c6, 0x28c6, 
  0x28c6, 0x28c6, 0x28c6, 0x28c6, 0x28c6, 0x28c6, 0x28c6, 0x28c6, 0x28c6, 0x28c6, 0x28c6, 0x28c6, 
  0x28c6, 0x28c6, 0x28c6, 0x28c6, 0x28c6, 0x28c6, 0x28c6, 0x28c6, 0x28a6, 0x28a5, 0x28c6, 0x28c6, 
  0x28c6, 0x28c6, 0x28c6, 0x28c6, 0x28c6, 0x28a5, 0x28a5, 0x28a5, 0x28a5, 0x28a5, 0x28a5, 0x28a5, 
  0x28a5, 0x28a5, 0x28a5, 0x28a5, 0x28a5, 0x28a5, 0x28a5, 0x28a5, 0x28a5, 0x28a5, 0x28a5, 0x2885, 
  0x2885, 0x2885, 0x2885, 0x2886, 0x2886, 0x2867, 0x3047, 0x2847, 0x2846, 0x2846, 0x2045, 0x2044, 
  0x2044, 0x2044, 0x2044, 0x2044, 0x2044, 0x2044, 0x2044, 0x2044, 0x2044, 0x2044, 0x2044, 0x2044, 
  0x2044, 0x1844, 0x1824, 0x1823, 0x1823, 0x1003, 0x1003, 0x1003, 0x1003, 0x1003, 0x1003, 0x1003, 
  0x1003, 0x1003, 0x1003, 0x1003, 0x1003, 0x1003, 0x1003, 0x626c, 0x3928, 0x1844, 0x1844, 0x1844, 
  0x1844, 0x1844, 0x1844, 0x1844, 0x1844, 0x1844, 0x1824, 0x1823, 0x1823, 0x1823, 0x1823, 0x1824, 
  0x1844, 0x1844, 0x1844, 0x1844, 0x2064, 0x2064, 0x2085, 0x2085, 0x28a5, 0x28a5, 0x28c6, 0x28c6, 
  0x28c6, 0x28c6, 0x28a5, 0x28a5, 0x2085, 0x2085, 0x2085, 0x2085, 0x2064, 0x2044, 0x1844, 0x1823, 
  0x1823, 0x1823, 0x1824, 0x1824, 0x1824, 0x1824, 0x1824, 0x1824, 0x1824, 0x1824, 0x1824, 0x1824, 
  0x1824, 0x1824, 0x1824, 0x1824, 0x1824, 0x1824, 0x1824, 0x1824, 0x1824, 0x1844, 0x1844, 0x1844, 
  0x1844, 0x1844, 0x1844, 0x1844, 0x1844, 0x1824, 0x1823, 0x1823, 0x1823, 0x1823, 0x1003, 0x1003, 
  0x1003, 0x1003, 0x1003, 0x1003, 0x1003, 0x1823, 0x1823, 0x1823, 0x1823, 0x1823, 0x1823, 0x1823, 
  0x1823, 0x1823, 0x1823, 0x1823, 0x1823, 0x1823, 0x1823, 0x1823, 0x1823, 0x1823, 0x1823, 0x1823, 
  0x1823, 0x1823, 0x1823, 0x1823, 0x1823, 0x1823, 0x1823, 0x1823, 0x1823, 0x1823, 0x1823, 0x1823, 
  0x1823, 0x1823, 0x1823, 0x1823, 0x1823, 0x1823, 0x1823, 0x1823, 0x1823, 0x1823, 0x1823, 0x1823, 
  0x1823, 0x1823, 0x1823, 0x1823, 0x1823, 0x1823, 0x1823, 0x1824, 0x1824, 0x1824, 0x1824, 0x1824, 
  0x1824, 0x1824, 0x1824, 0x1824, 0x1824, 0x1824, 0x1824, 0x1844, 0x1844, 0x1844, 0x1844, 0x1844, 
  0x1824, 0x1824, 0x1824, 0x1824, 0x1844, 0x1844, 0x1844, 0x1844, 0x1844, 0x1844, 0x1844, 0x1844, 
  0x1844, 0x1844, 0x1844, 0x1844, 0x1844, 0x1844, 0x1844, 0x1844, 0x1844, 0x1844, 0x1844, 0x1844, 
  0x1844, 0x1844, 0x1844, 0x1844, 0x1844, 0x1844, 0x1844, 0x1844, 0x1844, 0x1844, 0x1844, 0x1844, 
  0x1844, 0x1844, 0x1844, 0x1844, 0x1844, 0x1844, 0x1844, 0x1844, 0x1844, 0x1844, 0x1844, 0x1844, 
  0x1844, 0x2044, 0x2044, 0x2044, 0x2044, 0x2044, 0x2044, 0x2044, 0x2044, 0x2065, 0x2885, 0x28c6, 
  0x30e6, 0x3106, 0x3107, 0x3107, 0x3107, 0x3107, 0x3107, 0x3107, 0x3106, 0x30e6, 0x30e6, 0x30e6, 
  0x30e6, 0x30e6, 0x30e6, 0x30e6, 0x30e6, 0x28c6, 0x28c6, 0x28c6, 0x28c6, 0x28c6, 0x28c6, 0x28c6, 
  0x28c6, 0x28c6, 0x28c6, 0x28c6, 0x28c6, 0x28c6, 0x28c6, 0x28c6, 0x28c6, 0x28c6, 0x28c6, 0x28c6, 
  0x28c6, 0x28c6, 0x28c6, 0x28c6, 0x28c6, 0x28c6, 0x28c6, 0x28c6, 0x28c6, 0x28c6, 0x28a6, 0x28a5, 
  0x28a5, 0x28a5, 0x28a5, 0x28a5, 0x28a5, 0x28a5, 0x28a5, 0x28a5, 0x28a5, 0x28a5, 0x28a5, 0x28a5, 
  0x28a5, 0x28a5, 0x28a5, 0x28a5, 0x28a5, 0x28a5, 0x28a5, 0x2885, 0x2885, 0x2885, 0x2885, 0x2885, 
  0x2886, 0x2866, 0x2867, 0x2847, 0x2846, 0x2846, 0x2045, 0x2045, 0x2044, 0x2044, 0x2044, 0x2044, 
  0x2044, 0x2044, 0x2044, 0x2044, 0x2044, 0x2044, 0x2044, 0x2044, 0x1844, 0x1844, 0x1823, 0x1823, 
  0x1823, 0x1003, 0x1003, 0x1003, 0x1003, 0x1003, 0x1003, 0x1003, 0x1003, 0x1003, 0x1003, 0x1003, 
  0x1003, 0x1003, 0x1003, 0x626c, 0x3928, 0x1844, 0x1844, 0x1844, 0x1844, 0x1844, 0x1844, 0x1844, 
  0x1844, 0x1844, 0x1844, 0x1844, 0x1844, 0x1844, 0x1844, 0x1844, 0x1844, 0x2064, 0x2064, 0x2064, 
  0x2085, 0x2085, 0x28a5, 0x28a5, 0x28c6, 0x28c6, 0x28c6, 0x30e6, 0x28c6, 0x28c6, 0x28a6, 0x28a5, 
  0x28a5, 0x2085, 0x2085, 0x2085, 0x2064, 0x2044, 0x1824, 0x1823, 0x1823, 0x1824, 0x1824, 0x1824, 
  0x1824, 0x1824, 0x1824, 0x1824, 0x1824, 0x1824, 0x1824, 0x1824, 0x1824, 0x1824, 0x1824, 0x1824, 
  0x1824, 0x1824, 0x1824, 0x1824, 0x1844, 0x1844, 0x1844, 0x1844, 0x1844, 0x1824, 0x1824, 0x1824, 
  0x1823, 0x1823, 0x1823, 0x1823, 0x1003, 0x1003, 0x1003, 0x1003, 0x1003, 0x1003, 0x1003, 0x1003, 
  0x1003, 0x1823, 0x1823, 0x1823, 0x1823, 0x1823, 0x1823, 0x1823, 0x1823, 0x1823, 0x1823, 0x1823, 
  0x1823, 0x1823, 0x1823, 0x1823, 0x1823, 0x1823, 0x1823, 0x1823, 0x1823, 0x1823, 0x1823, 0x1823, 
  0x1823, 0x1823, 0x1823, 0x1823, 0x1823, 0x1823, 0x1823, 0x1823, 0x1823, 0x1823, 0x1823, 0x1823, 
  0x1823, 0x1823, 0x1823, 0x1823, 0x1823, 0x1823, 0x1823, 0x1823, 0x1823, 0x1823, 0x1823, 0x1823, 
  0x1823, 0x1823, 0x1823, 0x1823, 0x1824, 0x1824, 0x1824, 0x1824, 0x1824, 0x1824, 0x1824, 0x1824, 
  0x1824, 0x1824, 0x1824, 0x1844, 0x1844, 0x1844, 0x1844, 0x1844, 0x1824, 0x1824, 0x1824, 0x1824, 
  0x1844, 0x1844, 0x1844, 0x1844, 0x1844, 0x1844, 0x1844, 0x1844, 0x1844, 0x1844, 0x1844, 0x1844, 
  0x1844, 0x1844, 0x1844, 0x1844, 0x1844, 0x1844, 0x1844, 0x1844, 0x1844, 0x1844, 0x1844, 0x1844, 
  0x1844, 0x1844, 0x1844, 0x1844, 0x1844, 0x1844, 0x1844, 0x1844, 0x1844, 0x1844, 0x1844, 0x1844, 
  0x1844, 0x1844, 0x1844, 0x1844, 0x1844, 0x1844, 0x1844, 0x1844, 0x1844, 0x1844, 0x2044, 0x2044, 
  0x2044, 0x2044, 0x2044, 0x2044, 0x2064, 0x2085, 0x28a5, 0x28c6, 0x30e6, 0x3107, 0x3107, 0x3107, 
  0x3107, 0x3107, 0x3107, 0x30e6, 0x30e6, 0x30e6, 0x30e6, 0x30e6, 0x30e6, 0x30e6, 0x30e6, 0x30e6, 
  0x28c6, 0x28c6, 0x28c6, 0x28c6, 0x28c6, 0x28c6, 0x28c6, 0x28c6, 0x28c6, 0x28c6, 0x28a5, 0x28a5, 
  0x28a5, 0x28c6, 0x28c6, 0x28c6, 0x28c6, 0x28c6, 0x28c6, 0x28c6, 0x28c6, 0x28c6, 0x28c6, 0x28c6, 
  0x28c6, 0x28c6, 0x28c6, 0x28c6, 0x28c6, 0x28a6, 0x28a5, 0x28a5, 0x28a5, 0x28a5, 0x28a5, 0x28a5, 
  0x28a5, 0x28a5, 0x28a5, 0x28a5, 0x28a5, 0x28a5, 0x28a5, 0x28a5, 0x28a5, 0x28a5, 0x28a5, 0x28a5, 
  0x28a5, 0x28a5, 0x2885, 0x2885, 0x2885, 0x2885, 0x2885, 0x2885, 0x2885, 0x2886, 0x2866, 0x2866, 
  0x2846, 0x2846, 0x2045, 0x2045, 0x2044, 0x2044, 0x2044, 0x2044, 0x2044, 0x2044, 0x2044, 0x2044, 
  0x2044, 0x2044, 0x2044, 0x2044, 0x1844, 0x1824, 0x1823, 0x1823, 0x1803, 0x1003, 0x1003, 0x1003, 
  0x1003, 0x1003, 0x1003, 0x1003, 0x1003, 0x1003, 0x1003, 0x1003, 0x1003, 0x1003, 0x1003, 0x626c, 
  0x3948, 0x1844, 0x1844, 0x1844, 0x1844, 0x1844, 0x1844, 0x1844, 0x1844, 0x1844, 0x1844, 0x1844, 
  0x1844, 0x1844, 0x2064, 0x2064, 0x2064, 0x2085, 0x2085, 0x28a5, 0x28a5, 0x28a5, 0x28c6, 0x28c6, 
  0x30c6, 0x30e6, 0x30e6, 0x30e6, 0x30e6, 0x28c6, 0x28c6, 0x28a5, 0x28a5, 0x2085, 0x2085, 0x2085, 
  0x2064, 0x2044, 0x1824, 0x1823, 0x1823, 0x1824, 0x1824, 0x1824, 0x1824, 0x1824, 0x1824, 0x1824, 
  0x1824, 0x1824, 0x1824, 0x1824, 0x1824, 0x1824, 0x1824, 0x1824, 0x1824, 0x1824, 0x1824, 0x1824, 
  0x1844, 0x1844, 0x1844, 0x1844, 0x1824, 0x1823, 0x1823, 0x1823, 0x1823, 0x1823, 0x1003, 0x1003, 
  0x1003, 0x1003, 0x1003, 0x1003, 0x1003, 0x1003, 0x1003, 0x1003, 0x1003, 0x1823, 0x1823, 0x1823, 
  0x1823, 0x1823, 0x1823, 0x1823, 0x1823, 0x1823, 0x1823, 0x1823, 0x1823, 0x1823, 0x1823, 0x1823, 
  0x1823, 0x1823, 0x1823, 0x1823, 0x1823, 0x1823, 0x1823, 0x1823, 0x1823, 0x1823, 0x1823, 0x1823, 
  0x1823, 0x1823, 0x1823, 0x1823, 0x1823, 0x1823, 0x1823, 0x1823, 0x1823, 0x1823, 0x1823, 0x1823, 
  0x1823, 0x1823, 0x1823, 0x1823, 0x1823, 0x1823, 0x1823, 0x1823, 0x1823, 0x1823, 0x1823, 0x1823, 
  0x1824, 0x1824, 0x1824, 0x1824, 0x1824, 0x1824, 0x1824, 0x1824, 0x1824, 0x1824, 0x1824, 0x1824, 
  0x1844, 0x1844, 0x1844, 0x1844, 0x1824, 0x1824, 0x1824, 0x1824, 0x1824, 0x1844, 0x1844, 0x1844, 
  0x1844, 0x1844, 0x1844, 0x1844, 0x1844, 0x1844, 0x1844, 0x1844, 0x1844, 0x1844, 0x1844, 0x1844, 
  0x1844, 0x1844, 0x1844, 0x1844, 0x1844, 0x1844, 0x1844, 0x1844, 0x1844, 0x1844, 0x1844, 0x1844, 
  0x1844, 0x1844, 0x1844, 0x1844, 0x1844, 0x1844, 0x1844, 0x1844, 0x1844, 0x1844, 0x1844, 0x1844, 
  0x1844, 0x1844, 0x1844, 0x1844, 0x1844, 0x1844, 0x1844, 0x2044, 0x2044, 0x2044, 0x2044, 0x2044, 
  0x2064, 0x2085, 0x28a5, 0x30c6, 0x3106, 0x3107, 0x3107, 0x3107, 0x3107, 0x3107, 0x30e6, 0x30e6, 
  0x30e6, 0x30e6, 0x30e6, 0x30e6, 0x30e6, 0x30e6, 0x30e6, 0x28c6, 0x28c6, 0x28c6, 0x28c6, 0x28c6, 
  0x28c6, 0x28c6, 0x28c6, 0x28a6, 0x28a6, 0x28a6, 0x28a5, 0x28a5, 0x28a5, 0x28a5, 0x28a6, 0x28c6, 
  0x28c6, 0x28c6, 0x28c6, 0x28c6, 0x28c6, 0x28c6, 0x28c6, 0x28c6, 0x28c6, 0x28c6, 0x28c6, 0x28c6, 
  0x28a5, 0x28a5, 0x28a5, 0x28a5, 0x28a5, 0x28a5, 0x28a5, 0x28a5, 0x28a5, 0x28a5, 0x28a5, 0x28a5, 
  0x28a5, 0x28a5, 0x28a5, 0x28a5, 0x28a5, 0x28a5, 0x28a5, 0x28a5, 0x2885, 0x2885, 0x2885, 0x2885, 
  0x2885, 0x2885, 0x2885, 0x2885, 0x2885, 0x2885, 0x2886, 0x2866, 0x2846, 0x2846, 0x2846, 0x2045, 
  0x2045, 0x2044, 0x2044, 0x2044, 0x2044, 0x2044, 0x2044, 0x2044, 0x2044, 0x2044, 0x2044, 0x2044, 
  0x1844, 0x1824, 0x1823, 0x1823, 0x1003, 0x1003, 0x1003, 0x1003, 0x1003, 0x1003, 0x1003, 0x1003, 
  0x1003, 0x1003, 0x1003, 0x1003, 0x1003, 0x1003, 0x1003, 0x626c, 0x3948, 0x1844, 0x2044, 0x2044, 
  0x1844, 0x1844, 0x1844, 0x1844, 0x1844, 0x1844, 0x2064, 0x2064, 0x2064, 0x2064, 0x2085, 0x2085, 
  0x28a5, 0x28a5, 0x28a5, 0x28c6, 0x28c6, 0x28c6, 0x28c6, 0x30e6, 0x30e6, 0x30e6, 0x30e6, 0x30e6, 
  0x30e6, 0x30c6, 0x28c6, 0x28a5, 0x28a5, 0x2085, 0x2085, 0x2085, 0x2064, 0x1844, 0x1824, 0x1823, 
  0x1823, 0x1824, 0x1824, 0x1824, 0x1824, 0x1824, 0x1824, 0x1824, 0x1824, 0x1824, 0x1824, 0x1824, 
  0x1824, 0x1824, 0x1824, 0x1824, 0x1824, 0x1824, 0x1824, 0x1824, 0x1824, 0x1824, 0x1824, 0x1823, 
  0x1823, 0x1823, 0x1823, 0x1803, 0x1003, 0x1003, 0x1003, 0x1003, 0x1003, 0x1003, 0x1003, 0x1003, 
  0x1003, 0x1003, 0x1003, 0x1003, 0x1003, 0x1823, 0x1823, 0x1823, 0x1823, 0x1823, 0x1823, 0x1823, 
  0x1823, 0x1823, 0x1823, 0x1823, 0x1823, 0x1823, 0x1823, 0x1823, 0x1823, 0x1823, 0x1823, 0x1823, 
  0x1823, 0x1823, 0x1823, 0x1823, 0x1823, 0x1823, 0x1823, 0x1823, 0x1823, 0x1823, 0x1823, 0x1823, 
  0x1823, 0x1823, 0x1823, 0x1823, 0x1823, 0x1823, 0x1823, 0x1823, 0x1823, 0x1823, 0x1823, 0x1823, 
  0x1823, 0x1823, 0x1823, 0x1823, 0x1823, 0x1823, 0x1823, 0x1823, 0x1824, 0x1824, 0x1824, 0x1824, 
  0x1824, 0x1824, 0x1824, 0x1824, 0x1824, 0x1824, 0x1824, 0x1824, 0x1844, 0x1844, 0x1844, 0x1844, 
  0x1844, 0x1824, 0x1824, 0x1824, 0x1824, 0x1844, 0x1844, 0x1844, 0x1844, 0x1844, 0x1844, 0x1844, 
  0x1844, 0x1844, 0x1844, 0x1844, 0x1844, 0x1844, 0x1844, 0x1844, 0x1844, 0x1844, 0x1844, 0x1844, 
  0x1844, 0x1844, 0x1844, 0x1844, 0x1844, 0x1844, 0x1844, 0x1844, 0x1844, 0x1844, 0x1844, 0x1844, 
  0x1844, 0x1844, 0x1844, 0x1844, 0x1844, 0x1844, 0x1844, 0x1844, 0x1844, 0x1844, 0x1844, 0x1844, 
  0x1844, 0x1844, 0x1844, 0x1844, 0x2044, 0x2044, 0x2044, 0x2064, 0x2065, 0x2885, 0x28c6, 0x30e6, 
  0x3107, 0x3107, 0x3107, 0x3107, 0x3107, 0x3106, 0x30e6, 0x30e6, 0x30e6, 0x30e6, 0x30e6, 0x30e6, 
  0x30e6, 0x30e6, 0x30e6, 0x28c6, 0x28c6, 0x28c6, 0x28c6, 0x28c6, 0x28c6, 0x28a6, 0x28a5, 0x28a5, 
  0x28a5, 0x28a5, 0x28a5, 0x28a5, 0x28a5, 0x28a5, 0x28a5, 0x28a5, 0x28a5, 0x28a6, 0x28c6, 0x28c6, 
  0x28c6, 0x28c6, 0x28c6, 0x28c6, 0x28c6, 0x28c6, 0x28c6, 0x28a6, 0x28a5, 0x28a5, 0x28a5, 0x28a5, 
  0x28a5, 0x28a5, 0x28a5, 0x28a5, 0x28a5, 0x28a5, 0x28a5, 0x28a5, 0x28a5, 0x28a5, 0x28a5, 0x28a5, 
  0x28a5, 0x28a5, 0x28a5, 0x2885, 0x2885, 0x2885, 0x2885, 0x2885, 0x2885, 0x2885, 0x2885, 0x2885, 
  0x2885, 0x2885, 0x2885, 0x2866, 0x2866, 0x2846, 0x2846, 0x2045, 0x2045, 0x2044, 0x2044, 0x2044, 
  0x2044, 0x2044, 0x2044, 0x2044, 0x2044, 0x2044, 0x2044, 0x1844, 0x1844, 0x1823, 0x1823, 0x1003, 
  0x1003, 0x1003, 0x1003, 0x1003, 0x1003, 0x1003, 0x1003, 0x1003, 0x1003, 0x1003, 0x1003, 0x1003, 
  0x1003, 0x1003, 0x1003, 0x626c, 0x3948, 0x2064, 0x2064, 0x2064, 0x2064, 0x2064, 0x2064, 0x2064, 
  0x2064, 0x2064, 0x2064, 0x2085, 0x2085, 0x2085, 0x28a5, 0x28a5, 0x28c6, 0x28c6, 0x28c6, 0x28c6, 
  0x28c6, 0x30e6, 0x30e6, 0x30e6, 0x30e6, 0x30e6, 0x30e6, 0x30e6, 0x30e6, 0x30e6, 0x28c6, 0x28c6, 
  0x28a5, 0x2085, 0x2085, 0x2085, 0x2064, 0x1844, 0x1824, 0x1823, 0x1824, 0x1824, 0x1824, 0x1824, 
  0x1824, 0x1824, 0x1824, 0x1824, 0x1824, 0x1824, 0x1824, 0x1824, 0x1824, 0x1824, 0x1824, 0x1824, 
  0x1824, 0x1824, 0x1824, 0x1823, 0x1823, 0x1823, 0x1823, 0x1823, 0x1823, 0x1003, 0x1003, 0x1003, 
  0x1003, 0x1003, 0x1003, 0x1003, 0x1003, 0x1003, 0x1003, 0x1003, 0x1003, 0x1003, 0x1003, 0x1003, 
  0x1003, 0x1823, 0x1823, 0x1823, 0x1823, 0x1823, 0x1823, 0x1823, 0x1823, 0x1823, 0x1823, 0x1823, 
  0x1823, 0x1823, 0x1823, 0x1823, 0x1823, 0x1823, 0x1823, 0x1823, 0x1823, 0x1823, 0x1823, 0x1823, 
  0x1823, 0x1823, 0x1823, 0x1823, 0x1823, 0x1823, 0x1823, 0x1823, 0x1823, 0x1823, 0x1823, 0x1823, 
  0x1823, 0x1823, 0x1823, 0x1823, 0x1823, 0x1823, 0x1823, 0x1823, 0x1823, 0x1823, 0x1823, 0x1823, 
  0x1823, 0x1823, 0x1823, 0x1823, 0x1824, 0x1824, 0x1824, 0x1844, 0x1844, 0x1824, 0x1824, 0x1824, 
  0x1824, 0x1824, 0x1824, 0x1824, 0x1824, 0x1844, 0x1844, 0x1844, 0x1844, 0x1844, 0x1824, 0x1824, 
  0x1824, 0x1844, 0x1844, 0x1844, 0x1844, 0x1844, 0x1844, 0x1844, 0x1844, 0x1844, 0x1844, 0x1844, 
  0x1844, 0x1844, 0x1844, 0x1844, 0x1844, 0x1844, 0x1844, 0x1844, 0x1844, 0x1844, 0x1844, 0x1844, 
  0x1844, 0x1844, 0x1844, 0x1844, 0x1844, 0x1844, 0x1844, 0x1844, 0x1844, 0x1844, 0x1844, 0x1844, 
  0x1844, 0x1844, 0x1844, 0x1844, 0x1844, 0x1844, 0x1844, 0x1844, 0x1844, 0x1844, 0x1844, 0x1844, 
  0x1844, 0x2044, 0x2044, 0x2064, 0x2065, 0x28a5, 0x28c6, 0x30e6, 0x3107, 0x3107, 0x3107, 0x3107, 
  0x3106, 0x30e6, 0x30e6, 0x30e6, 0x30e6, 0x30e6, 0x30e6, 0x30e6, 0x30e6, 0x30e6, 0x28c6, 0x28c6, 
  0x28c6, 0x28c6, 0x28c6, 0x28c6, 0x28c6, 0x28a5, 0x28a5, 0x28a5, 0x28a5, 0x28a5, 0x28a5, 0x28a5, 
  0x28a5, 0x28a5, 0x28a5, 0x28a5, 0x28a5, 0x28a5, 0x28a5, 0x28a6, 0x28c6, 0x28c6, 0x28c6, 0x28c6, 
  0x28c6, 0x28c6, 0x28c6, 0x28a6, 0x28a5, 0x28a5, 0x28a5, 0x28a5, 0x28a5, 0x28a5, 0x28a5, 0x28a5, 
  0x28a5, 0x28a5, 0x28a5, 0x28a5, 0x28a5, 0x28a5, 0x28a5, 0x28a5, 0x28a5, 0x28a5, 0x2885, 0x2885, 
  0x2885, 0x2885, 0x2885, 0x2885, 0x2885, 0x2885, 0x2885, 0x2885, 0x2885, 0x2885, 0x2885, 0x2885, 
  0x2866, 0x2846, 0x2846, 0x2045, 0x2045, 0x2044, 0x2044, 0x2044, 0x2044, 0x2044, 0x2044, 0x2044, 
  0x2044, 0x2044, 0x2044, 0x1844, 0x1824, 0x1823, 0x1823, 0x1003, 0x1003, 0x1003, 0x1003, 0x1003, 
  0x1003, 0x1003, 0x1003, 0x1003, 0x1003, 0x1003, 0x1003, 0x1003, 0x1003, 0x1003, 0x1003, 0x626c, 
  0x4148, 0x2085, 0x2085, 0x2085, 0x2085, 0x2085, 0x2085, 0x2085, 0x2085, 0x2085, 0x2085, 0x28a5, 
  0x28a5, 0x28a5, 0x28c6, 0x28c6, 0x28c6, 0x28c6, 0x28c6, 0x28c6, 0x30e6, 0x30e6, 0x30e6, 0x30e6, 
  0x30e6, 0x30e6, 0x30e6, 0x30e6, 0x30e6, 0x30e6, 0x30c6, 0x28c6, 0x28a5, 0x28a5, 0x2085, 0x2084, 
  0x2064, 0x1844, 0x1824, 0x1823, 0x1824, 0x1824, 0x1824, 0x1824, 0x1824, 0x1824, 0x1824, 0x1824, 
  0x1824, 0x1824, 0x1824, 0x1824, 0x1824, 0x1824, 0x1824, 0x1824, 0x1824, 0x1823, 0x1823, 0x1823, 
  0x1823, 0x1823, 0x1823, 0x1823, 0x1003, 0x1003, 0x1003, 0x1003, 0x1003, 0x1003, 0x1003, 0x1003, 
  0x1003, 0x1003, 0x1003, 0x1003, 0x1003, 0x1003, 0x1003, 0x1003, 0x1003, 0x1823, 0x1823, 0x1823, 
  0x1823, 0x1823, 0x1823, 0x1823, 0x1823, 0x1823, 0x1823, 0x1823, 0x1823, 0x1823, 0x1823, 0x1823, 
  0x1823, 0x1823, 0x1823, 0x1823, 0x1823, 0x1823, 0x1823, 0x1823, 0x1823, 0x1823, 0x1823, 0x1823, 
  0x1823, 0x1823, 0x1823, 0x1823, 0x1823, 0x1823, 0x1823, 0x1823, 0x1823, 0x1823, 0x1823, 0x1823, 
  0x1823, 0x1823, 0x1823, 0x1823, 0x1823, 0x1823, 0x1823, 0x1823, 0x1823, 0x1823, 0x1823, 0x1823, 
  0x1823, 0x1824, 0x1824, 0x1844, 0x1844, 0x1824, 0x1824, 0x1824, 0x1824, 0x1824, 0x1824, 0x1824, 
  0x1824, 0x1844, 0x1844, 0x1844, 0x1844, 0x1844, 0x1824, 0x1824, 0x1824, 0x1824, 0x1844, 0x1844, 
  0x1844, 0x1844, 0x1844, 0x1844, 0x1844, 0x1844, 0x1844, 0x1844, 0x1844, 0x1844, 0x1844, 0x1844, 
  0x1844, 0x1844, 0x1844, 0x1844, 0x1844, 0x1844, 0x1844, 0x1844, 0x1844, 0x1844, 0x1844, 0x1844, 
  0x1844, 0x1844, 0x1844, 0x1844, 0x1844, 0x1844, 0x1844, 0x1844, 0x1844, 0x1844, 0x1844, 0x1844, 
  0x1844, 0x1844, 0x1844, 0x1844, 0x1844, 0x1844, 0x1844, 0x1844, 0x1844, 0x2044, 0x2044, 0x2064, 
  0x2085, 0x28a5, 0x30e6, 0x3106, 0x3107, 0x3107, 0x3107, 0x30e6, 0x30e6, 0x30e6, 0x30e6, 0x30e6, 
  0x30e6, 0x30e6, 0x30e6, 0x30e6, 0x30e6, 0x28c6, 0x28c6, 0x28c6, 0x28c6, 0x28c6, 0x28c6, 0x28c6, 
  0x28a5, 0x28a5, 0x28a5, 0x28a5, 0x28a5, 0x28a5, 0x28a5, 0x28a5, 0x28a5, 0x28a5, 0x28a5, 0x28a5, 
  0x28a5, 0x28a5, 0x28a5, 0x28a6, 0x28c6, 0x28c6, 0x28c6, 0x28c6, 0x28c6, 0x28c6, 0x28c6, 0x28a6, 
  0x28a5, 0x28a5, 0x28a5, 0x28a5, 0x28a5, 0x28a5, 0x28a5, 0x28a5, 0x28a5, 0x28a5, 0x28a5, 0x28a5, 
  0x28a5, 0x28a5, 0x28a5, 0x28a5, 0x28a5, 0x2885, 0x2885, 0x2885, 0x2885, 0x2885, 0x2885, 0x2885, 
  0x2885, 0x2885, 0x2885, 0x2885, 0x2885, 0x2885, 0x2885, 0x2885, 0x2865, 0x2866, 0x2046, 0x2045, 
  0x2045, 0x2045, 0x2044, 0x2044, 0x2044, 0x2044, 0x2044, 0x2044, 0x2044, 0x2044, 0x1844, 0x1844, 
  0x1823, 0x1823, 0x1823, 0x1003, 0x1003, 0x1003, 0x1003, 0x1003, 0x1003, 0x1003, 0x1003, 0x1003, 
  0x1003, 0x1003, 0x1003, 0x1003, 0x1003, 0x1003, 0x1003, 0x626c, 0x4168, 0x28a5, 0x28a5, 0x28a5, 
  0x28a5, 0x28a5, 0x28a5, 0x28a5, 0x28a5, 0x28a5, 0x28a5, 0x28a5, 0x28a6, 0x28c6, 0x28c6, 0x28c6, 
  0x28c6, 0x28c6, 0x28c6, 0x28c6, 0x30e6, 0x30e6, 0x30e6, 0x30e6, 0x30e6, 0x30e6, 0x30e6, 0x30e6, 
  0x30e6, 0x30e6, 0x30e6, 0x28c6, 0x28c6, 0x28a5, 0x2085, 0x2084, 0x2064, 0x1844, 0x1824, 0x1823, 
  0x1824, 0x1824, 0x1824, 0x1824, 0x1824, 0x1824, 0x1824, 0x1824, 0x1824, 0x1824, 0x1824, 0x1824, 
  0x1824, 0x1824, 0x1823, 0x1823, 0x1823, 0x1823, 0x1823, 0x1823, 0x1803, 0x1003, 0x1003, 0x1003, 
  0x1003, 0x1003, 0x1003, 0x1003, 0x1003, 0x1003, 0x1003, 0x1003, 0x1003, 0x1003, 0x1003, 0x1003, 
  0x1003, 0x1003, 0x1003, 0x1003, 0x1003, 0x1823, 0x1823, 0x1823, 0x1823, 0x1823, 0x1823, 0x1823, 
  0x1823, 0x1823, 0x1823, 0x1823, 0x1823, 0x1823, 0x1823, 0x1823, 0x1823, 0x1823, 0x1823, 0x1823, 
  0x1823, 0x1823, 0x1823, 0x1823, 0x1823, 0x1823, 0x1823, 0x1823, 0x1823, 0x1823, 0x1823, 0x1823, 
  0x1823, 0x1823, 0x1823, 0x1823, 0x1823, 0x1823, 0x1823, 0x1823, 0x1823, 0x1823, 0x1823, 0x1823, 
  0x1823, 0x1823, 0x1823, 0x1823, 0x1823, 0x1823, 0x1823, 0x1823, 0x1823, 0x1823, 0x1824, 0x1844, 
  0x1844, 0x1824, 0x1824, 0x1824, 0x1824, 0x1824, 0x1824, 0x1824, 0x1824, 0x1824, 0x1844, 0x1844, 
  0x1844, 0x1844, 0x1824, 0x1824, 0x1824, 0x1824, 0x1844, 0x1844, 0x1844, 0x1844, 0x1844, 0x1844, 
  0x1844, 0x1844, 0x1844, 0x1844, 0x1844, 0x1844, 0x1844, 0x1844, 0x1844, 0x1844, 0x1844, 0x1844, 
  0x1844, 0x1844, 0x1844, 0x1844, 0x1844, 0x1844, 0x1844, 0x1844, 0x1844, 0x1844, 0x1844, 0x1844, 
  0x1844, 0x1844, 0x1844, 0x1844, 0x1844, 0x1844, 0x1844, 0x1844, 0x1844, 0x1844, 0x1844, 0x1844, 
  0x1844, 0x1844, 0x1844, 0x1844, 0x1844, 0x2044, 0x2044, 0x2064, 0x2885, 0x28c6, 0x30e6, 0x3107, 
  0x3107, 0x3107, 0x3107, 0x30e6, 0x30e6, 0x30e6, 0x30e6, 0x30e6, 0x30e6, 0x30e6, 0x30e6, 0x30e6, 
  0x28c6, 0x28c6, 0x28c6, 0x28c6, 0x28c6, 0x28c6, 0x28c6, 0x28a6, 0x28a5, 0x28a5, 0x28a5, 0x28a5, 
  0x28a5, 0x28a5, 0x28a5, 0x28a5, 0x28a5, 0x28a5, 0x28a5, 0x28a5, 0x28a5, 0x28a5, 0x28a5, 0x28a5, 
  0x28c6, 0x28c6, 0x28c6, 0x28c6, 0x28c6, 0x28c6, 0x28c6, 0x28a5, 0x28a5, 0x28a5, 0x28a5, 0x28a5, 
  0x28a5, 0x28a5, 0x28a5, 0x28a5, 0x28a5, 0x28a5, 0x28a5, 0x28a5, 0x28a5, 0x28a5, 0x28a5, 0x28a5, 
  0x2885, 0x2885, 0x2885, 0x2885, 0x2885, 0x2885, 0x2885, 0x2885, 0x2885, 0x2885, 0x2885, 0x2885, 
  0x2885, 0x2885, 0x2885, 0x2885, 0x2885, 0x2865, 0x2045, 0x2045, 0x2045, 0x2045, 0x2044, 0x2044, 
  0x2044, 0x2044, 0x2044, 0x2044, 0x2044, 0x2044, 0x1844, 0x1824, 0x1823, 0x1823, 0x1003, 0x1003, 
  0x1003, 0x1003, 0x1003, 0x1003, 0x1003, 0x1003, 0x1003, 0x1003, 0x1003, 0x1003, 0x1003, 0x1003, 
  0x1003, 0x1003, 0x1003, 0x626c, 0x4168, 0x28a5, 0x28a5, 0x28a5, 0x28a5, 0x28a5, 0x28a5, 0x28a5, 
  0x28a5, 0x28a5, 0x28a6, 0x28c6, 0x28c6, 0x28c6, 0x28c6, 0x28c6, 0x28c6, 0x28c6, 0x28c6, 0x28c6, 
  0x30e6, 0x30e6, 0x30e6, 0x30e6, 0x30e6, 0x30e6, 0x30e6, 0x30e6, 0x30e6, 0x30e6, 0x30e6, 0x28c6, 
  0x28c6, 0x28a5, 0x2085, 0x2064, 0x2044, 0x1844, 0x1824, 0x1824, 0x1824, 0x1824, 0x1824, 0x1824, 
  0x1824, 0x1824, 0x1824, 0x1824, 0x1824, 0x1824, 0x1824, 0x1823, 0x1823, 0x1823, 0x1823, 0x1823, 
  0x1823, 0x1823, 0x1803, 0x1003, 0x1003, 0x1003, 0x1003, 0x1003, 0x1003, 0x1003, 0x1003, 0x1003, 
  0x1003, 0x1003, 0x1003, 0x1003, 0x1003, 0x1003, 0x1003, 0x1003, 0x1003, 0x1003, 0x1003, 0x1003, 
  0x1003, 0x1823, 0x1823, 0x1823, 0x1823, 0x1823, 0x1823, 0x1823, 0x1823, 0x1823, 0x1823, 0x1823, 
  0x1823, 0x1823, 0x1823, 0x1823, 0x1823, 0x1823, 0x1823, 0x1823, 0x1823, 0x1823, 0x1823, 0x1823, 
  0x1823, 0x1823, 0x1823, 0x1823, 0x1823, 0x1823, 0x1823, 0x1823, 0x1823, 0x1823, 0x1823, 0x1823, 
  0x1823, 0x1823, 0x1823, 0x1823, 0x1823, 0x1823, 0x1823, 0x1823, 0x1823, 0x1823, 0x1823, 0x1823, 
  0x1823, 0x1823, 0x1823, 0x1823, 0x1823, 0x1823, 0x1823, 0x1824, 0x1844, 0x1844, 0x1824, 0x1824, 
  0x1824, 0x1824, 0x1824, 0x1824, 0x1824, 0x1824, 0x1844, 0x1844, 0x1844, 0x1844, 0x1824, 0x1824, 
  0x1824, 0x1824, 0x1824, 0x1844, 0x1844, 0x1844, 0x1844, 0x1844, 0x1844, 0x1844, 0x1844, 0x1844, 
  0x1844, 0x1844, 0x1844, 0x1844, 0x1844, 0x1844, 0x1844, 0x1844, 0x1844, 0x1844, 0x1844, 0x1844, 
  0x1844, 0x1844, 0x1844, 0x1844, 0x1844, 0x1844, 0x1844, 0x1844, 0x1844, 0x1844, 0x1844, 0x1844, 
  0x1844, 0x1844, 0x1844, 0x1844, 0x1844, 0x1844, 0x1844, 0x1844, 0x1844, 0x1844, 0x1844, 0x1844, 
  0x1844, 0x2044, 0x2064, 0x2085, 0x28a5, 0x30c6, 0x30e6, 0x3107, 0x3107, 0x3107, 0x30e6, 0x30e6, 
  0x30e6, 0x30e6, 0x30e6, 0x30e6, 0x30e6, 0x30e6, 0x30e6, 0x30c6, 0x28c6, 0x28c6, 0x28c6, 0x28c6, 
  0x28c6, 0x28c6, 0x28a6, 0x28a5, 0x28a5, 0x28a5, 0x28a5, 0x28a5, 0x28a5, 0x28a5, 0x28a5, 0x28a5, 
  0x28a5, 0x28a5, 0x28a5, 0x28a5, 0x28a5, 0x28a5, 0x28a5, 0x28a5, 0x28a5, 0x28c6, 0x28c6, 0x28c6, 
  0x28c6, 0x28c6, 0x28a6, 0x28a5, 0x28a5, 0x28a5, 0x28a5, 0x28a5, 0x28a5, 0x28a5, 0x28a5, 0x28a5, 
  0x28a5, 0x28a5, 0x28a5, 0x28a5, 0x28a5, 0x28a5, 0x2885, 0x2885, 0x2885, 0x2885, 0x2885, 0x2885, 
  0x2885, 0x2885, 0x2885, 0x2885, 0x2885, 0x2885, 0x2885, 0x2885, 0x2885, 0x2885, 0x2885, 0x2885, 
  0x2085, 0x2065, 0x2065, 0x2045, 0x2045, 0x2045, 0x2044, 0x2044, 0x2044, 0x2044, 0x2044, 0x2044, 
  0x2044, 0x2044, 0x1844, 0x1824, 0x1823, 0x1823, 0x1003, 0x1003, 0x1003, 0x1003, 0x1003, 0x1003, 
  0x1003, 0x1003, 0x1003, 0x1003, 0x1003, 0x1003, 0x1003, 0x1003, 0x1003, 0x1003, 0x1003, 0x626c, 
  0x4189, 0x28c6, 0x28c6, 0x28c6, 0x28c6, 0x28c6, 0x28c6, 0x28c6, 0x28c6, 0x28c6, 0x28c6, 0x28c6, 
  0x28c6, 0x28c6, 0x28c6, 0x28c6, 0x28c6, 0x28c6, 0x28c6, 0x28c6, 0x30e6, 0x30e6, 0x30e6, 0x30e6, 
  0x30e6, 0x30e6, 0x30e6, 0x30e6, 0x30e6, 0x30e6, 0x30e6, 0x30c6, 0x28c6, 0x28a5, 0x2085, 0x2064, 
  0x2044, 0x1844, 0x1824, 0x1824, 0x1824, 0x1824, 0x1824, 0x1824, 0x1824, 0x1824, 0x1824, 0x1824, 
  0x1823, 0x1823, 0x1823, 0x1823, 0x1823, 0x1823, 0x1823, 0x1803, 0x1003, 0x1003, 0x1003, 0x1003, 
  0x1003, 0x1003, 0x1003, 0x1003, 0x1003, 0x1003, 0x1003, 0x1003, 0x1003, 0x1003, 0x1003, 0x1003, 
  0x1003, 0x1003, 0x1003, 0x1003, 0x1003, 0x1003, 0x1003, 0x1003, 0x1003, 0x1003, 0x1823, 0x1823, 
  0x1823, 0x1823, 0x1823, 0x1823, 0x1823, 0x1823, 0x1823, 0x1823, 0x1823, 0x1823, 0x1823, 0x1823, 
  0x1823, 0x1823, 0x1823, 0x1823, 0x1823, 0x1823, 0x1823, 0x1823, 0x1823, 0x1823, 0x1823, 0x1823, 
  0x1823, 0x1823, 0x1823, 0x1823, 0x1823, 0x1823, 0x1823, 0x1823, 0x1823, 0x1823, 0x1823, 0x1823, 
  0x1823, 0x1823, 0x1823, 0x1823, 0x1823, 0x1823, 0x1823, 0x1823, 0x1823, 0x1823, 0x1823, 0x1823, 
  0x1823, 0x1823, 0x1823, 0x1824, 0x1824, 0x1844, 0x1824, 0x1824, 0x1824, 0x1824, 0x1824, 0x1824, 
  0x1824, 0x1824, 0x1844, 0x1844, 0x1844, 0x1844, 0x1824, 0x1824, 0x1824, 0x1824, 0x1824, 0x1844, 
  0x1844, 0x1844, 0x1844, 0x1844, 0x1844, 0x1844, 0x1844, 0x1844, 0x1844, 0x1844, 0x1844, 0x1844, 
  0x1844, 0x1844, 0x1844, 0x1844, 0x1844, 0x1844, 0x1844, 0x1824, 0x1844, 0x1844, 0x1844, 0x1844, 
  0x1844, 0x1844, 0x1844, 0x1844, 0x1844, 0x1844, 0x1844, 0x1844, 0x1844, 0x1844, 0x1844, 0x1844, 
  0x1844, 0x1844, 0x1844, 0x1844, 0x1844, 0x1844, 0x1844, 0x1844, 0x1844, 0x2044, 0x2064, 0x2085, 
  0x28a6, 0x30e6, 0x3107, 0x3107, 0x3107, 0x3106, 0x30e6, 0x30e6, 0x30e6, 0x30e6, 0x30e6, 0x30e6, 
  0x30e6, 0x30e6, 0x30e6, 0x28c6, 0x28c6, 0x28c6, 0x28c6, 0x28c6, 0x28a6, 0x28a5, 0x28a5, 0x28a5, 
  0x28a5, 0x28a5, 0x28a5, 0x28a5, 0x28a5, 0x28a5, 0x28a5, 0x28a5, 0x28a5, 0x28a5, 0x28a5, 0x28a5, 
  0x28a5, 0x28a5, 0x28a5, 0x28a5, 0x28a5, 0x28a6, 0x28c6, 0x28c6, 0x28c6, 0x28a5, 0x28a5, 0x28a5, 
  0x28a5, 0x28a5, 0x28a5, 0x28a5, 0x28a5, 0x28a5, 0x28a5, 0x28a5, 0x28a5, 0x28a5, 0x28a5, 0x28a5, 
  0x28a5, 0x2885, 0x2885, 0x2885, 0x2885, 0x2885, 0x2885, 0x2885, 0x2885, 0x2885, 0x2885, 0x2885, 
  0x2885, 0x2885, 0x2885, 0x2885, 0x2885, 0x2885, 0x2885, 0x2085, 0x2085, 0x2085, 0x2065, 0x2045, 
  0x2045, 0x2045, 0x2044, 0x2044, 0x2044, 0x2044, 0x2044, 0x2044, 0x2044, 0x1844, 0x1844, 0x1823, 
  0x1823, 0x1823, 0x1003, 0x1003, 0x1003, 0x1003, 0x1003, 0x1003, 0x1003, 0x1003, 0x1003, 0x1003, 
  0x1003, 0x1003, 0x1003, 0x1003, 0x1003, 0x1003, 0x1003, 0x626c, 0x4189, 0x28c6, 0x28c6, 0x28c6, 
  0x28c6, 0x28c6, 0x28c6, 0x28c6, 0x28c6, 0x28c6, 0x28c6, 0x28c6, 0x28c6, 0x28c6, 0x28c6, 0x28c6, 
  0x28c6, 0x28c6, 0x28c6, 0x28c6, 0x30e6, 0x30e6, 0x30e6, 0x30e6, 0x30e6, 0x30e6, 0x30e6, 0x30e6, 
  0x30e6, 0x30e6, 0x30e6, 0x30e6, 0x28c6, 0x28c6, 0x28a5, 0x2064, 0x2044, 0x1844, 0x1824, 0x1824, 
  0x1824, 0x1824, 0x1824, 0x1824, 0x1824, 0x1824, 0x1824, 0x1823, 0x1823, 0x1823, 0x1823, 0x1823, 
  0x1803, 0x1803, 0x1003, 0x1003, 0x1003, 0x1003, 0x1003, 0x1003, 0x1003, 0x1003, 0x1003, 0x1003, 
  0x1003, 0x1003, 0x1003, 0x1003, 0x1003, 0x1003, 0x1003, 0x1003, 0x1003, 0x1003, 0x1003, 0x1003, 
  0x1003, 0x1003, 0x1003, 0x1003, 0x1003, 0x1003, 0x1823, 0x1823, 0x1823, 0x1823, 0x1823, 0x1823, 
  0x1823, 0x1823, 0x1823, 0x1823, 0x1823, 0x1823, 0x1823, 0x1823, 0x1823, 0x1823, 0x1823, 0x1823, 
  0x1823, 0x1823, 0x1823, 0x1823, 0x1823, 0x1823, 0x1823, 0x1823, 0x1823, 0x1823, 0x1823, 0x1823, 
  0x1823, 0x1823, 0x1823, 0x1823, 0x1823, 0x1823, 0x1823, 0x1823, 0x1823, 0x1823, 0x1823, 0x1823, 
  0x1823, 0x1823, 0x1823, 0x1823, 0x1823, 0x1823, 0x1823, 0x1823, 0x1823, 0x1823, 0x1823, 0x1824, 
  0x1824, 0x1844, 0x1824, 0x1824, 0x1824, 0x1824, 0x1824, 0x1824, 0x1824, 0x1824, 0x1844, 0x1844, 
  0x1844, 0x1844, 0x1824, 0x1824, 0x1824, 0x1824, 0x1824, 0x1824, 0x1844, 0x1844, 0x1844, 0x1844, 
  0x1844, 0x1844, 0x1844, 0x1844, 0x1844, 0x1844, 0x1844, 0x1844, 0x1844, 0x1844, 0x1844, 0x1844, 
  0x1844, 0x1844, 0x1844, 0x1824, 0x1824, 0x1844, 0x1844, 0x1844, 0x1844, 0x1844, 0x1844, 0x1844, 
  0x1844, 0x1844, 0x1844, 0x1844, 0x1844, 0x1844, 0x1844, 0x1844, 0x1844, 0x1844, 0x1844, 0x1844, 
  0x1844, 0x1844, 0x1844, 0x1844, 0x1844, 0x2044, 0x2064, 0x2885, 0x28c6, 0x30e6, 0x3107, 0x3107, 
  0x3107, 0x30e6, 0x30e6, 0x30e6, 0x30e6, 0x30e6, 0x30e6, 0x30e6, 0x30e6, 0x30e6, 0x28c6, 0x28c6, 
  0x28c6, 0x28c6, 0x28c6, 0x28a5, 0x28a5, 0x28a5, 0x28a5, 0x28a5, 0x28a5, 0x28a5, 0x28a5, 0x28a5, 
  0x28a5, 0x28a5, 0x28a5, 0x28a5, 0x28a5, 0x28a5, 0x28a5, 0x28a5, 0x28a5, 0x28a5, 0x28a5, 0x28a5, 
  0x28a5, 0x28a5, 0x28a5, 0x28c6, 0x28a5, 0x28a5, 0x28a5, 0x28a5, 0x28a5, 0x28a5, 0x28a5, 0x28a5, 
  0x28a5, 0x28a5, 0x28a5, 0x28a5, 0x28a5, 0x28a5, 0x28a5, 0x28a5, 0x28a5, 0x2885, 0x2885, 0x2885, 
  0x2885, 0x2885, 0x2885, 0x2885, 0x2885, 0x2885, 0x2885, 0x2885, 0x2885, 0x2885, 0x2885, 0x2885, 
  0x2885, 0x2885, 0x2085, 0x2085, 0x2085, 0x2085, 0x2065, 0x2065, 0x2045, 0x2045, 0x2044, 0x2044, 
  0x2044, 0x2044, 0x2044, 0x2044, 0x2044, 0x1844, 0x1824, 0x1823, 0x1823, 0x1803, 0x1003, 0x1003, 
  0x1003, 0x1003, 0x1003, 0x1003, 0x1003, 0x1003, 0x1003, 0x1003, 0x1003, 0x1003, 0x1003, 0x1003, 
  0x1003, 0x1003, 0x1003, 0x626c, 0x4189, 0x28c6, 0x28c6, 0x28c6, 0x28c6, 0x28c6, 0x28c6, 0x28c6, 
  0x28c6, 0x28c6, 0x28c6, 0x28c6, 0x28c6, 0x28c6, 0x28c6, 0x28c6, 0x28c6, 0x28c6, 0x28c6, 0x28c6, 
  0x30e6, 0x30e6, 0x30e6, 0x30e6, 0x30e6, 0x30e6, 0x30e6, 0x30e6, 0x30e6, 0x30e6, 0x30e6, 0x30e6, 
  0x30c6, 0x28c6, 0x28a5, 0x2065, 0x2044, 0x1844, 0x1824, 0x1824, 0x1824, 0x1824, 0x1824, 0x1824, 
  0x1823, 0x1823, 0x1823, 0x1823, 0x1823, 0x1803, 0x1803, 0x1003, 0x1003, 0x1003, 0x1003, 0x1003, 
  0x1003, 0x1003, 0x1003, 0x1003, 0x1003, 0x1003, 0x1003, 0x1003, 0x1003, 0x1003, 0x1003, 0x1003, 
  0x1003, 0x1003, 0x1003, 0x1003, 0x1003, 0x1003, 0x1003, 0x1003, 0x1003, 0x1003, 0x1003, 0x1003, 
  0x1003, 0x1003, 0x1823, 0x1823, 0x1823, 0x1823, 0x1823, 0x1823, 0x1823, 0x1823, 0x1823, 0x1823, 
  0x1823, 0x1823, 0x1823, 0x1823, 0x1823, 0x1823, 0x1823, 0x1823, 0x1823, 0x1823, 0x1823, 0x1823, 
  0x1823, 0x1823, 0x1823, 0x1823, 0x1823, 0x1823, 0x1823, 0x1823, 0x1823, 0x1823, 0x1823, 0x1823, 
  0x1823, 0x1823, 0x1823, 0x1823, 0x1823, 0x1823, 0x1823, 0x1823, 0x1823, 0x1823, 0x1823, 0x1823, 
  0x1823, 0x1823, 0x1823, 0x1823, 0x1823, 0x1823, 0x1823, 0x1824, 0x1824, 0x1844, 0x1824, 0x1824, 
  0x1824, 0x1824, 0x1824, 0x1824, 0x1824, 0x1824, 0x1844, 0x1844, 0x1844, 0x1844, 0x1824, 0x1824, 
  0x1824, 0x1824, 0x1824, 0x1824, 0x1844, 0x1844, 0x1844, 0x1844, 0x1844, 0x1844, 0x1844, 0x1844, 
  0x1844, 0x1844, 0x1844, 0x1844, 0x1844, 0x1844, 0x1844, 0x1844, 0x1844, 0x1844, 0x1844, 0x1844, 
  0x1824, 0x1844, 0x1844, 0x1844, 0x1844, 0x1844, 0x1844, 0x1844, 0x1844, 0x1844, 0x1844, 0x1844, 
  0x1844, 0x1844, 0x1844, 0x1844, 0x1844, 0x1844, 0x1844, 0x1844, 0x1844, 0x1844, 0x1844, 0x1844, 
  0x2044, 0x2064, 0x2065, 0x28a5, 0x30c6, 0x30e6, 0x3107, 0x3107, 0x3107, 0x30e6, 0x30e6, 0x30e6, 
  0x30e6, 0x30e6, 0x30e6, 0x30e6, 0x30e6, 0x28c6, 0x28c6, 0x28c6, 0x28c6, 0x28c6, 0x28c6, 0x28a5, 
  0x28a5, 0x28a5, 0x28a5, 0x28a5, 0x28a5, 0x28a5, 0x28a5, 0x28a5, 0x28a5, 0x28a5, 0x28a5, 0x28a5, 
  0x28a5, 0x28a5, 0x28a5, 0x28a5, 0x28a5, 0x28a5, 0x28a5, 0x28a5, 0x28a5, 0x28a5, 0x28a5, 0x28a5, 
  0x28a5, 0x28a5, 0x28a5, 0x28a5, 0x28a5, 0x28a5, 0x28a5, 0x28a5, 0x28a5, 0x28a5, 0x28a5, 0x28a5, 
  0x28a5, 0x28a5, 0x28a5, 0x28a5, 0x28a5, 0x2885, 0x2885, 0x2885, 0x2885, 0x2885, 0x2885, 0x2885, 
  0x2885, 0x2885, 0x2885, 0x2885, 0x2885, 0x2885, 0x2885, 0x2885, 0x2885, 0x2885, 0x2085, 0x2085, 
  0x2085, 0x2085, 0x2065, 0x2065, 0x2065, 0x2044, 0x2044, 0x2044, 0x2044, 0x2044, 0x2044, 0x2044, 
  0x1844, 0x1844, 0x1824, 0x1823, 0x1823, 0x1003, 0x1003, 0x1003, 0x1003, 0x1003, 0x1003, 0x1003, 
  0x1003, 0x1003, 0x1003, 0x1003, 0x1003, 0x1003, 0x1003, 0x1003, 0x1003, 0x1003, 0x1003, 0x626c, 
  0x4189, 0x28c6, 0x28c6, 0x28c6, 0x28c6, 0x28c6, 0x28c6, 0x28c6, 0x28c6, 0x28c6, 0x28c6, 0x28c6, 
  0x28c6, 0x28c6, 0x28c6, 0x28c6, 0x28c6, 0x28c6, 0x28c6, 0x28c6, 0x30e6, 0x30e6, 0x30e6, 0x30e6, 
  0x30e6, 0x30e6, 0x30e6, 0x30e6, 0x30e6, 0x30e6, 0x30e6, 0x30e6, 0x30e6, 0x28c6, 0x28a5, 0x2085, 
  0x2044, 0x1844, 0x1824, 0x1824, 0x1824, 0x1824, 0x1823, 0x1823, 0x1823, 0x1823, 0x1803, 0x1803, 
  0x1003, 0x1003, 0x1003, 0x1003, 0x1003, 0x1003, 0x1003, 0x1003, 0x1003, 0x1003, 0x1003, 0x1003, 
  0x1003, 0x1003, 0x1003, 0x1003, 0x1003, 0x1003, 0x1003, 0x1003, 0x1003, 0x1003, 0x1003, 0x1003, 
  0x1003, 0x1003, 0x1003, 0x1003, 0x1003, 0x1003, 0x1003, 0x1003, 0x1003, 0x1003, 0x1823, 0x1823, 
  0x1823, 0x1823, 0x1823, 0x1823, 0x1823, 0x1823, 0x1823, 0x1823, 0x1823, 0x1823, 0x1823, 0x1823, 
  0x1823, 0x1823, 0x1823, 0x1823, 0x1823, 0x1823, 0x1823, 0x1823, 0x1823, 0x1823, 0x1823, 0x1823, 
  0x1823, 0x1823, 0x1823, 0x1823, 0x1823, 0x1823, 0x1823, 0x1823, 0x1823, 0x1823, 0x1823, 0x1823, 
  0x1823, 0x1823, 0x1823, 0x1823, 0x1823, 0x1823, 0x1823, 0x1823, 0x1823, 0x1823, 0x1823, 0x1823, 
  0x1823, 0x1823, 0x1823, 0x1824, 0x1824, 0x1824, 0x1844, 0x1844, 0x1844, 0x1824, 0x1824, 0x1824, 
  0x1824, 0x1824, 0x1824, 0x1824, 0x1844, 0x1844, 0x1844, 0x1844, 0x1824, 0x1824, 0x1824, 0x1824, 
  0x1824, 0x1844, 0x1844, 0x1844, 0x1844, 0x1844, 0x1844, 0x1844, 0x1844, 0x1844, 0x1844, 0x1844, 
  0x1844, 0x1844, 0x1844, 0x1844, 0x1844, 0x1844, 0x1844, 0x1844, 0x1824, 0x1824, 0x1844, 0x1844, 
  0x1844, 0x1844, 0x1844, 0x1844, 0x1844, 0x1844, 0x1844, 0x1844, 0x1844, 0x1844, 0x1844, 0x1844, 
  0x1844, 0x1844, 0x1844, 0x1844, 0x1844, 0x1844, 0x1844, 0x1844, 0x2044, 0x2064, 0x2085, 0x28a6, 
  0x30e6, 0x3107, 0x3107, 0x3107, 0x30e6, 0x30e6, 0x30e6, 0x30e6, 0x30e6, 0x30e6, 0x30e6, 0x30e6, 
  0x28c6, 0x28c6, 0x28c6, 0x28c6, 0x28c6, 0x28c6, 0x28c6, 0x28a5, 0x28a5, 0x28a5, 0x28a5, 0x28a5, 
  0x28a5, 0x28a5, 0x28a5, 0x28a5, 0x28a5, 0x28a5, 0x28a5, 0x28a5, 0x28a5, 0x28a5, 0x28a5, 0x28a5, 
  0x28a5, 0x28a5, 0x28a5, 0x28a5, 0x28a5, 0x28a5, 0x28a5, 0x28a5, 0x28a5, 0x28a5, 0x28a5, 0x28a5, 
  0x28a5, 0x28a5, 0x28a5, 0x28a5, 0x28a5, 0x28a5, 0x28a5, 0x28a5, 0x28a5, 0x28a5, 0x28a5, 0x28a5, 
  0x28a5, 0x2885, 0x2885, 0x2885, 0x28a5, 0x2885, 0x2885, 0x2885, 0x2885, 0x2885, 0x2885, 0x2885, 
  0x2885, 0x2885, 0x2885, 0x2885, 0x2885, 0x2085, 0x2085, 0x2085, 0x2085, 0x2085, 0x2085, 0x2065, 
  0x2065, 0x2044, 0x2044, 0x2044, 0x1844, 0x1844, 0x2044, 0x2044, 0x1844, 0x1844, 0x1823, 0x1823, 
  0x1823, 0x1003, 0x1003, 0x1003, 0x1003, 0x1003, 0x1003, 0x1003, 0x1003, 0x1003, 0x1003, 0x1003, 
  0x1003, 0x1003, 0x1003, 0x1003, 0x1003, 0x1003, 0x1023, 0x626c, 0x4189, 0x28c6, 0x28c6, 0x28c6, 
  0x28c6, 0x28c6, 0x28c6, 0x28c6, 0x28c6, 0x28c6, 0x28c6, 0x28c6, 0x28c6, 0x28c6, 0x28c6, 0x28c6, 
  0x28c6, 0x28c6, 0x28c6, 0x30c6, 0x30e6, 0x30e6, 0x30e6, 0x30e6, 0x30e6, 0x30e6, 0x30e6, 0x30e6, 
  0x30e6, 0x30e6, 0x30e6, 0x30e6, 0x30e6, 0x28c6, 0x28a5, 0x2085, 0x2044, 0x1844, 0x1824, 0x1823, 
  0x1823, 0x1823, 0x1823, 0x1823, 0x1823, 0x1803, 0x1003, 0x1003, 0x1003, 0x1003, 0x1003, 0x1003, 
  0x1003, 0x1003, 0x1003, 0x1003, 0x1003, 0x1003, 0x1003, 0x1003, 0x1003, 0x1003, 0x1003, 0x1003, 
  0x1003, 0x1003, 0x1003, 0x1003, 0x1003, 0x1003, 0x1003, 0x1003, 0x1003, 0x1003, 0x1003, 0x1003, 
  0x1003, 0x1003, 0x1003, 0x1003, 0x1003, 0x1003, 0x1823, 0x1823, 0x1823, 0x1823, 0x1823, 0x1823, 
  0x1823, 0x1823, 0x1823, 0x1823, 0x1823, 0x1823, 0x1823, 0x1823, 0x1823, 0x1823, 0x1823, 0x1823, 
  0x1823, 0x1823, 0x1823, 0x1823, 0x1823, 0x1823, 0x1823, 0x1823, 0x1823, 0x1823, 0x1823, 0x1823, 
  0x1823, 0x1823, 0x1823, 0x1823, 0x1823, 0x1823, 0x1823, 0x1823, 0x1823, 0x1823, 0x1823, 0x1823, 
  0x1823, 0x1823, 0x1823, 0x1823, 0x1823, 0x1823, 0x1823, 0x1823, 0x1823, 0x1823, 0x1823, 0x1824, 
  0x1824, 0x1824, 0x1844, 0x1844, 0x1844, 0x1824, 0x1824, 0x1824, 0x1824, 0x1824, 0x1824, 0x1824, 
  0x1844, 0x1844, 0x1844, 0x1844, 0x1824, 0x1824, 0x1824, 0x1824, 0x1824, 0x1844, 0x1844, 0x1844, 
  0x1844, 0x1844, 0x1844, 0x1844, 0x1844, 0x1844, 0x1844, 0x1844, 0x1844, 0x1844, 0x1844, 0x1844, 
  0x1844, 0x1844, 0x1844, 0x1844, 0x1824, 0x1824, 0x1844, 0x1844, 0x1844, 0x1844, 0x1844, 0x1844, 
  0x1844, 0x1844, 0x1844, 0x1844, 0x1844, 0x1844, 0x1844, 0x1844, 0x1844, 0x1844, 0x1844, 0x1844, 
  0x1844, 0x1844, 0x1844, 0x1844, 0x2044, 0x2064, 0x2885, 0x28c6, 0x30e6, 0x3107, 0x3107, 0x3107, 
  0x30e6, 0x30e6, 0x30e6, 0x30e6, 0x30e6, 0x30e6, 0x30e6, 0x28c6, 0x28c6, 0x28c6, 0x28c6, 0x28c6, 
  0x28c6, 0x28c6, 0x28a5, 0x28a5, 0x28a5, 0x28a5, 0x28a5, 0x28a5, 0x28a5, 0x28a5, 0x28a5, 0x28a5, 
  0x28a5, 0x28a5, 0x28a5, 0x28a5, 0x28a5, 0x28a5, 0x28a5, 0x28a5, 0x28a5, 0x28a5, 0x28a5, 0x28a5, 
  0x28a5, 0x28a5, 0x28a5, 0x28a5, 0x28a5, 0x28a5, 0x28a5, 0x28a5, 0x28a5, 0x28a5, 0x28a5, 0x28a5, 
  0x28a5, 0x28a5, 0x28a5, 0x28a5, 0x28a5, 0x28a5, 0x28a5, 0x28a5, 0x28a5, 0x28a5, 0x2885, 0x28a5, 
  0x28a5, 0x2885, 0x2885, 0x2885, 0x2885, 0x2885, 0x2885, 0x2885, 0x2885, 0x2885, 0x2885, 0x2885, 
  0x2885, 0x2085, 0x2085, 0x2085, 0x2085, 0x2085, 0x2085, 0x2065, 0x2065, 0x2064, 0x2044, 0x2044, 
  0x1844, 0x1844, 0x1844, 0x1844, 0x1844, 0x1824, 0x1823, 0x1823, 0x1003, 0x1003, 0x1003, 0x1003, 
  0x1003, 0x1003, 0x1003, 0x1003, 0x1003, 0x1003, 0x1003, 0x1823, 0x1823, 0x1823, 0x1023, 0x1023, 
  0x1023, 0x1023, 0x1823, 0x626c, 0x49a9, 0x28c6, 0x28c6, 0x28c6, 0x28c6, 0x28c6, 0x28c6, 0x28c6, 
  0x28c6, 0x28c6, 0x28c6, 0x28c6, 0x28c6, 0x28c6, 0x28c6, 0x28c6, 0x28c6, 0x28c6, 0x28c6, 0x30c6, 
  0x30e6, 0x30e6, 0x30e6, 0x30e6, 0x30e6, 0x30e6, 0x30e6, 0x30e6, 0x30e6, 0x30e6, 0x30e6, 0x30e6, 
  0x30e6, 0x28c6, 0x28a5, 0x2085, 0x2064, 0x1844, 0x1824, 0x1823, 0x1823, 0x1823, 0x1803, 0x1803, 
  0x1003, 0x1003, 0x1003, 0x1003, 0x1003, 0x1003, 0x1003, 0x1003, 0x1003, 0x1003, 0x1003, 0x1003, 
  0x1003, 0x1003, 0x1003, 0x1003, 0x1003, 0x1003, 0x1003, 0x1003, 0x1003, 0x1003, 0x1003, 0x1003, 
  0x1003, 0x1003, 0x1003, 0x1003, 0x1003, 0x1003, 0x1003, 0x1003, 0x1003, 0x1003, 0x1003, 0x1003, 
  0x1003, 0x1003, 0x1803, 0x1823, 0x1823, 0x1823, 0x1823, 0x1823, 0x1823, 0x1823, 0x1823, 0x1823, 
  0x1823, 0x1823, 0x1823, 0x1823, 0x1823, 0x1823, 0x1823, 0x1823, 0x1823, 0x1823, 0x1823, 0x1823, 
  0x1823, 0x1823, 0x1823, 0x1823, 0x1823, 0x1823, 0x1823, 0x1823, 0x1823, 0x1823, 0x1823, 0x1823, 
  0x1823, 0x1823, 0x1823, 0x1823, 0x1823, 0x1823, 0x1823, 0x1823, 0x1823, 0x1823, 0x1823, 0x1823, 
  0x1823, 0x1823, 0x1823, 0x1823, 0x1823, 0x1823, 0x1823, 0x1824, 0x1824, 0x1824, 0x1844, 0x1844, 
  0x1844, 0x1824, 0x1824, 0x1824, 0x1824, 0x1824, 0x1824, 0x1824, 0x1844, 0x1844, 0x1844, 0x1844, 
  0x1824, 0x1824, 0x1824, 0x1824, 0x1824, 0x1844, 0x1844, 0x1844, 0x1844, 0x1844, 0x1844, 0x1844, 
  0x1844, 0x1844, 0x1844, 0x1844, 0x1844, 0x1844, 0x1844, 0x1844, 0x1844, 0x1844, 0x1844, 0x1844, 
  0x1824, 0x1824, 0x1824, 0x1844, 0x1844, 0x1844, 0x1844, 0x1844, 0x1844, 0x1844, 0x1844, 0x1844, 
  0x1844, 0x1844, 0x1844, 0x1844, 0x1844, 0x1844, 0x1844, 0x1844, 0x1844, 0x1844, 0x1844, 0x1844, 
  0x2044, 0x2065, 0x28a5, 0x28c6, 0x30e6, 0x3107, 0x3107, 0x3106, 0x30e6, 0x30e6, 0x30e6, 0x30e6, 
  0x30e6, 0x30e6, 0x30c6, 0x28c6, 0x28c6, 0x28c6, 0x28c6, 0x28c6, 0x28c6, 0x28a6, 0x28a5, 0x28a5, 
  0x28a5, 0x28a5, 0x28a5, 0x28a5, 0x28a5, 0x28a5, 0x28a5, 0x28a5, 0x28a5, 0x28a5, 0x28a5, 0x28a5, 
  0x28a5, 0x28a5, 0x28a5, 0x28a5, 0x28a5, 0x28a5, 0x28a5, 0x28a5, 0x28a5, 0x28a5, 0x28a5, 0x28a5, 
  0x28a5, 0x28a5, 0x28a5, 0x28a5, 0x28a5, 0x28a5, 0x28a5, 0x28a5, 0x28a5, 0x28a5, 0x28a5, 0x28a5, 
  0x28a5, 0x28a5, 0x28a5, 0x28a5, 0x28a5, 0x28a5, 0x28a5, 0x28a5, 0x28a5, 0x2885, 0x2885, 0x2885, 
  0x2885, 0x2885, 0x2885, 0x2885, 0x2885, 0x2885, 0x2885, 0x2085, 0x2085, 0x2085, 0x2085, 0x2085, 
  0x2085, 0x2085, 0x2085, 0x2065, 0x2065, 0x2064, 0x2044, 0x2044, 0x1844, 0x1844, 0x1844, 0x1844, 
  0x1824, 0x1824, 0x1823, 0x1823, 0x1003, 0x1003, 0x1003, 0x1003, 0x1003, 0x1003, 0x1003, 0x1003, 
  0x1003, 0x1003, 0x1003, 0x1823, 0x1823, 0x1823, 0x1023, 0x1023, 0x1023, 0x1023, 0x1823, 0x626c, 
  0x49a9, 0x28c6, 0x28c6, 0x28c6, 0x28c6, 0x28c6, 0x28c6, 0x28c6, 0x28c6, 0x28c6, 0x28c6, 0x28c6, 
  0x28c6, 0x28c6, 0x28c6, 0x28c6, 0x28c6, 0x28c6, 0x28c6, 0x30e6, 0x30e6, 0x30e6, 0x30e6, 0x30e6, 
  0x30e6, 0x30e6, 0x30e6, 0x30e6, 0x30e6, 0x30e6, 0x30e6, 0x30e6, 0x30e6, 0x28c6, 0x28a5, 0x2085, 
  0x2064, 0x1844, 0x1823, 0x1823, 0x1803, 0x1803, 0x1003, 0x1003, 0x1003, 0x1003, 0x1003, 0x1003, 
  0x1003, 0x1003, 0x1003, 0x1003, 0x1003, 0x1003, 0x1003, 0x1003, 0x1003, 0x1003, 0x1003, 0x1003, 
  0x1003, 0x1003, 0x1003, 0x1003, 0x1003, 0x1003, 0x1003, 0x1003, 0x1003, 0x1003, 0x1003, 0x1003, 
  0x1003, 0x1003, 0x1003, 0x1003, 0x1003, 0x1003, 0x1003, 0x1003, 0x1003, 0x1003, 0x1803, 0x1823, 
  0x1823, 0x1823, 0x1823, 0x1823, 0x1823, 0x1823, 0x1823, 0x1823, 0x1823, 0x1823, 0x1823, 0x1823, 
  0x1823, 0x1823, 0x1823, 0x1823, 0x1823, 0x1823, 0x1823, 0x1823, 0x1823, 0x1823, 0x1823, 0x1823, 
  0x1823, 0x1823, 0x1823, 0x1823, 0x1823, 0x1823, 0x1823, 0x1823, 0x1823, 0x1823, 0x1823, 0x1823, 
  0x1823, 0x1823, 0x1823, 0x1823, 0x1823, 0x1823, 0x1823, 0x1823, 0x1823, 0x1823, 0x1823, 0x1823, 
  0x1823, 0x1823, 0x1823, 0x1824, 0x1824, 0x1824, 0x1844, 0x1844, 0x1844, 0x1824, 0x1824, 0x1824, 
  0x1824, 0x1824, 0x1824, 0x1824, 0x1824, 0x1844, 0x1844, 0x1844, 0x1824, 0x1824, 0x1824, 0x1824, 
  0x1824, 0x1824, 0x1844, 0x1844, 0x1844, 0x1844, 0x1844, 0x1844, 0x1844, 0x1844, 0x1844, 0x1844, 
  0x1844, 0x1844, 0x1844, 0x1844, 0x1844, 0x1844, 0x1844, 0x1844, 0x1824, 0x1824, 0x1824, 0x1844, 
  0x1844, 0x1844, 0x1844, 0x1844, 0x1844, 0x1844, 0x1844, 0x1844, 0x1844, 0x1844, 0x1844, 0x1844, 
  0x1844, 0x1844, 0x1844, 0x1844, 0x1844, 0x1844, 0x1844, 0x2044, 0x2064, 0x2085, 0x28a5, 0x30e6, 
  0x3107, 0x3107, 0x3107, 0x30e6, 0x30e6, 0x30e6, 0x30e6, 0x30e6, 0x30e6, 0x30e6, 0x28c6, 0x28c6, 
  0x28c6, 0x28c6, 0x28c6, 0x28c6, 0x28c6, 0x28a6, 0x28a5, 0x28a5, 0x28a5, 0x28a5, 0x28a5, 0x28a5, 
  0x28a5, 0x28a5, 0x28a5, 0x28a5, 0x28a5, 0x28a5, 0x28a5, 0x28a5, 0x28a5, 0x28a5, 0x28a5, 0x28a5, 
  0x28a5, 0x28a5, 0x28a5, 0x28a5, 0x28a5, 0x28a5, 0x28a5, 0x28a5, 0x28a5, 0x28a5, 0x28a5, 0x28a5, 
  0x28a5, 0x28a5, 0x28a5, 0x28a5, 0x28a5, 0x28a5, 0x28a5, 0x28a5, 0x28a5, 0x28a5, 0x28a5, 0x28a5, 
  0x28a5, 0x28a5, 0x28a5, 0x28a5, 0x28a5, 0x2885, 0x2885, 0x2885, 0x2885, 0x2885, 0x2885, 0x2885, 
  0x2885, 0x2885, 0x2085, 0x2085, 0x2085, 0x2085, 0x2085, 0x2085, 0x2085, 0x2085, 0x2085, 0x2065, 
  0x2065, 0x2064, 0x2064, 0x2044, 0x1844, 0x1844, 0x1844, 0x1824, 0x1824, 0x1823, 0x1823, 0x1003, 
  0x1003, 0x1003, 0x1003, 0x1003, 0x1003, 0x1003, 0x1003, 0x1003, 0x1003, 0x1023, 0x1823, 0x1823, 
  0x1823, 0x1823, 0x1823, 0x1823, 0x1823, 0x1823, 0x1823, 0x628d, 0x49a9, 0x28c6, 0x28c6, 0x28c6, 
  0x28c6, 0x28c6, 0x28c6, 0x28c6, 0x28c6, 0x28c6, 0x28c6, 0x28c6, 0x28c6, 0x28c6, 0x28c6, 0x28c6, 
  0x28c6, 0x28c6, 0x28c6, 0x30e6, 0x30e6, 0x30e6, 0x30e6, 0x30e6, 0x30e6, 0x30e6, 0x30e6, 0x30e6, 
  0x30e6, 0x30e6, 0x30e6, 0x30e6, 0x30e6, 0x28c6, 0x28a5, 0x2085, 0x2064, 0x1844, 0x1824, 0x1823, 
  0x1803, 0x1003, 0x1003, 0x1003, 0x1003, 0x1003, 0x1003, 0x1003, 0x1003, 0x1003, 0x1003, 0x1003, 
  0x1003, 0x1003, 0x1003, 0x1003, 0x1003, 0x1003, 0x1003, 0x1003, 0x1003, 0x1003, 0x1003, 0x1003, 
  0x1003, 0x1003, 0x1003, 0x1003, 0x1003, 0x1003, 0x1003, 0x1003, 0x1003, 0x1003, 0x1003, 0x1003, 
  0x1003, 0x1003, 0x1003, 0x1003, 0x1003, 0x1003, 0x1003, 0x1823, 0x1823, 0x1823, 0x1823, 0x1823, 
  0x1823, 0x1823, 0x1823, 0x1823, 0x1823, 0x1823, 0x1823, 0x1823, 0x1823, 0x1823, 0x1823, 0x1823, 
  0x1823, 0x1823, 0x1823, 0x1823, 0x1823, 0x1823, 0x1823, 0x1823, 0x1823, 0x1823, 0x1823, 0x1823, 
  0x1823, 0x1823, 0x1823, 0x1823, 0x1823, 0x1823, 0x1823, 0x1823, 0x1823, 0x1823, 0x1823, 0x1823, 
  0x1823, 0x1823, 0x1823, 0x1823, 0x1823, 0x1823, 0x1823, 0x1823, 0x1823, 0x1823, 0x1823, 0x1823, 
  0x1824, 0x1824, 0x1824, 0x1844, 0x1844, 0x1824, 0x1823, 0x1823, 0x1824, 0x1824, 0x1824, 0x1824, 
  0x1824, 0x1844, 0x1844, 0x1844, 0x1844, 0x1844, 0x1824, 0x1824, 0x1824, 0x1824, 0x1844, 0x1844, 
  0x1844, 0x1844, 0x1844, 0x1844, 0x1844, 0x1844, 0x1844, 0x1844, 0x1844, 0x1844, 0x1844, 0x1844, 
  0x1844, 0x1844, 0x1844, 0x1844, 0x1824, 0x1824, 0x1824, 0x1844, 0x1844, 0x1844, 0x1844, 0x1844, 
  0x1844, 0x1844, 0x1844, 0x1844, 0x1844, 0x1844, 0x1844, 0x1844, 0x1844, 0x1844, 0x1844, 0x1844, 
  0x1844, 0x1844, 0x1844, 0x2044, 0x2064, 0x2085, 0x28c6, 0x30e6, 0x3107, 0x3107, 0x3107, 0x30e6, 
  0x30e6, 0x30e6, 0x30e6, 0x30e6, 0x30e6, 0x28c6, 0x28c6, 0x28c6, 0x28c6, 0x28c6, 0x28c6, 0x28c6, 
  0x28c6, 0x28a6, 0x28a5, 0x28a5, 0x28a5, 0x28a5, 0x28a5, 0x28a5, 0x28a5, 0x28a5, 0x28a5, 0x28a5, 
  0x28a5, 0x28a5, 0x28a5, 0x28a5, 0x28a5, 0x28a5, 0x28a5, 0x28a5, 0x28a5, 0x28a5, 0x28a5, 0x28a5, 
  0x28a5, 0x28a5, 0x28a5, 0x28a5, 0x28a5, 0x28a5, 0x28a5, 0x28a5, 0x28a5, 0x28a5, 0x28a5, 0x28a5, 
  0x28a5, 0x28a5, 0x28a5, 0x28a5, 0x28a5, 0x2885, 0x2885, 0x28a5, 0x28a5, 0x28a5, 0x28a5, 0x28a5, 
  0x28a5, 0x2885, 0x2885, 0x2885, 0x2885, 0x2885, 0x2885, 0x2885, 0x2885, 0x2085, 0x2085, 0x2085, 
  0x2085, 0x2085, 0x2085, 0x2085, 0x2085, 0x2085, 0x2085, 0x2065, 0x2065, 0x2065, 0x2064, 0x2044, 
  0x2044, 0x1844, 0x1824, 0x1824, 0x1823, 0x1823, 0x1823, 0x1003, 0x1003, 0x1003, 0x1003, 0x1003, 
  0x1003, 0x1003, 0x1003, 0x1003, 0x1003, 0x1023, 0x1823, 0x1823, 0x1823, 0x1823, 0x1823, 0x1823, 
  0x1823, 0x1823, 0x1823, 0x628d, 0x49a9, 0x28c6, 0x28c6, 0x28c6, 0x28c6, 0x28c6, 0x28c6, 0x28c6, 
  0x28c6, 0x28c6, 0x28c6, 0x28c6, 0x28c6, 0x28c6, 0x28c6, 0x28c6, 0x28c6, 0x28c6, 0x28c6, 0x30e6, 
  0x30e6, 0x30e6, 0x30e6, 0x30e6, 0x30e6, 0x30e6, 0x30e6, 0x30e6, 0x30e6, 0x30e6, 0x30e6, 0x30e6, 
  0x30e6, 0x28c6, 0x28a6, 0x2885, 0x2064, 0x2044, 0x1844, 0x1823, 0x1803, 0x1003, 0x1003, 0x1003, 
  0x1003, 0x1003, 0x1003, 0x1003, 0x1003, 0x1003, 0x1003, 0x1003, 0x1003, 0x1003, 0x1003, 0x1003, 
  0x1003, 0x1003, 0x1003, 0x1003, 0x1003, 0x1003, 0x1003, 0x1003, 0x1003, 0x1003, 0x1003, 0x1003, 
  0x1003, 0x1003, 0x1003, 0x1003, 0x1003, 0x1003, 0x1003, 0x1003, 0x1003, 0x1003, 0x1003, 0x1003, 
  0x1003, 0x1003, 0x1003, 0x1823, 0x1823, 0x1823, 0x1823, 0x1823, 0x1823, 0x1823, 0x1823, 0x1823, 
  0x1823, 0x1823, 0x1823, 0x1823, 0x1823, 0x1823, 0x1823, 0x1823, 0x1823, 0x1823, 0x1823, 0x1823, 
  0x1823, 0x1823, 0x1823, 0x1823, 0x1823, 0x1823, 0x1823, 0x1823, 0x1823, 0x1823, 0x1823, 0x1823, 
  0x1823, 0x1823, 0x1823, 0x1823, 0x1823, 0x1823, 0x1823, 0x1823, 0x1823, 0x1823, 0x1823, 0x1823, 
  0x1823, 0x1823, 0x1823, 0x1823, 0x1823, 0x1823, 0x1823, 0x1823, 0x1824, 0x1824, 0x1824, 0x1844, 
  0x1844, 0x1824, 0x1823, 0x1823, 0x1824, 0x1824, 0x1824, 0x1824, 0x1824, 0x1844, 0x1844, 0x1844, 
  0x1844, 0x1844, 0x1824, 0x1824, 0x1824, 0x1824, 0x1844, 0x1844, 0x1844, 0x1844, 0x1844, 0x1844, 
  0x1844, 0x1844, 0x1844, 0x1844, 0x1844, 0x1844, 0x1844, 0x1844, 0x1844, 0x1844, 0x1844, 0x1844, 
  0x1824, 0x1824, 0x1824, 0x1824, 0x1844, 0x1844, 0x1844, 0x1844, 0x1844, 0x1844, 0x1844, 0x1844, 
  0x1844, 0x1844, 0x1844, 0x1844, 0x1844, 0x1844, 0x1844, 0x1844, 0x1844, 0x1844, 0x1844, 0x2044, 
  0x2064, 0x2885, 0x28c6, 0x30e6, 0x3107, 0x3107, 0x3106, 0x30e6, 0x30e6, 0x30e6, 0x30e6, 0x30e6, 
  0x30c6, 0x28c6, 0x28c6, 0x28c6, 0x28c6, 0x28c6, 0x28c6, 0x28c6, 0x28a6, 0x28a5, 0x28a5, 0x28a5, 
  0x28a5, 0x28a5, 0x28a5, 0x28a5, 0x28a5, 0x28a5, 0x28a5, 0x28a5, 0x28a5, 0x28a5, 0x28a5, 0x28a5, 
  0x28a5, 0x28a5, 0x28a5, 0x28a5, 0x28a5, 0x28a5, 0x28a5, 0x28a5, 0x28a5, 0x28a5, 0x2885, 0x28a5, 
  0x28a5, 0x28a5, 0x28a5, 0x28a5, 0x28a5, 0x28a5, 0x28a5, 0x28a5, 0x28a5, 0x28a5, 0x28a5, 0x2885, 
  0x2885, 0x2885, 0x2885, 0x2885, 0x28a5, 0x28a5, 0x28a5, 0x28a5, 0x2885, 0x2885, 0x2885, 0x2885, 
  0x2885, 0x2885, 0x2885, 0x2885, 0x2085, 0x2085, 0x2085, 0x2085, 0x2085, 0x2085, 0x2085, 0x2085, 
  0x2085, 0x2085, 0x2065, 0x2065, 0x2065, 0x2065, 0x2064, 0x2064, 0x2044, 0x1844, 0x1824, 0x1823, 
  0x1823, 0x1823, 0x1823, 0x1003, 0x1003, 0x1003, 0x1003, 0x1003, 0x1003, 0x1003, 0x1003, 0x1003, 
  0x1003, 0x1023, 0x1823, 0x1823, 0x1823, 0x1823, 0x1823, 0x1823, 0x1823, 0x1823, 0x1823, 0x628d, 
  0x49a9, 0x28c6, 0x28c6, 0x28c6, 0x28c6, 0x28c6, 0x28c6, 0x28c6, 0x28c6, 0x28c6, 0x28c6, 0x28c6, 
  0x28c6, 0x28c6, 0x28c6, 0x28c6, 0x28c6, 0x28c6, 0x28c6, 0x30e6, 0x30e6, 0x30e6, 0x30e6, 0x30e6, 
  0x30e6, 0x30e6, 0x30e6, 0x30e6, 0x30e6, 0x30e6, 0x30e6, 0x30e6, 0x30e6, 0x28c6, 0x28c6, 0x28a5, 
  0x2085, 0x2064, 0x1844, 0x1824, 0x1823, 0x1803, 0x1003, 0x1003, 0x1003, 0x1003, 0x1003, 0x1003, 
  0x1003, 0x1003, 0x1003, 0x1003, 0x1003, 0x1003, 0x1003, 0x1003, 0x1003, 0x1003, 0x1003, 0x1003, 
  0x1003, 0x1003, 0x1003, 0x1003, 0x1003, 0x1003, 0x1003, 0x1003, 0x1003, 0x1003, 0x1003, 0x1003, 
  0x1003, 0x1003, 0x1003, 0x1003, 0x1003, 0x1003, 0x1003, 0x1003, 0x1003, 0x1003, 0x1003, 0x1823, 
  0x1823, 0x1823, 0x1823, 0x1823, 0x1823, 0x1823, 0x1823, 0x1823, 0x1823, 0x1823, 0x1823, 0x1823, 
  0x1823, 0x1823, 0x1823, 0x1823, 0x1823, 0x1823, 0x1823, 0x1823, 0x1823, 0x1823, 0x1823, 0x1823, 
  0x1823, 0x1823, 0x1823, 0x1823, 0x1823, 0x1823, 0x1823, 0x1823, 0x1823, 0x1823, 0x1823, 0x1823, 
  0x1823, 0x1823, 0x1823, 0x1823, 0x1823, 0x1823, 0x1823, 0x1823, 0x1823, 0x1823, 0x1823, 0x1823, 
  0x1823, 0x1823, 0x1823, 0x1823, 0x1823, 0x1824, 0x1824, 0x1844, 0x1844, 0x1824, 0x1823, 0x1823, 
  0x1824, 0x1824, 0x1824, 0x1824, 0x1824, 0x1844, 0x1844, 0x1844, 0x1844, 0x1844, 0x1824, 0x1824, 
  0x1824, 0x1824, 0x1824, 0x1844, 0x1844, 0x1844, 0x1844, 0x1844, 0x1844, 0x1844, 0x1844, 0x1844, 
  0x1844, 0x1844, 0x1844, 0x1844, 0x1844, 0x1844, 0x1844, 0x1844, 0x1824, 0x1824, 0x1824, 0x1824, 
  0x1844, 0x1844, 0x1844, 0x1844, 0x1844, 0x1844, 0x1844, 0x1844, 0x1844, 0x1844, 0x1844, 0x1844, 
  0x1844, 0x1844, 0x1844, 0x1844, 0x1844, 0x1844, 0x2044, 0x2044, 0x2065, 0x28a5, 0x30c6, 0x30e7, 
  0x3107, 0x3107, 0x30e6, 0x30e6, 0x30e6, 0x30e6, 0x30e6, 0x30c6, 0x28c6, 0x28c6, 0x28c6, 0x28c6, 
  0x28c6, 0x28c6, 0x28c6, 0x28c6, 0x28a5, 0x28a5, 0x28a5, 0x28a5, 0x28a5, 0x28a5, 0x28a5, 0x28a5, 
  0x28a5, 0x28a5, 0x28a5, 0x28a5, 0x28a5, 0x28a5, 0x28a5, 0x28a5, 0x28a5, 0x28a5, 0x28a5, 0x28a5, 
  0x28a5, 0x28a5, 0x28a5, 0x28a5, 0x2885, 0x2885, 0x2885, 0x2885, 0x2885, 0x28a5, 0x28a5, 0x28a5, 
  0x28a5, 0x28a5, 0x28a5, 0x28a5, 0x28a5, 0x28a5, 0x2885, 0x2885, 0x2885, 0x2885, 0x2885, 0x2885, 
  0x28a5, 0x28a5, 0x28a5, 0x2885, 0x2885, 0x2885, 0x2885, 0x2885, 0x2885, 0x2885, 0x2885, 0x2085, 
  0x2085, 0x2085, 0x2085, 0x2085, 0x2085, 0x2085, 0x2085, 0x2085, 0x2085, 0x2065, 0x2065, 0x2065, 
  0x2065, 0x2065, 0x2065, 0x2064, 0x2044, 0x1844, 0x1824, 0x1823, 0x1823, 0x1823, 0x1003, 0x1003, 
  0x1003, 0x1003, 0x1003, 0x1003, 0x1003, 0x1003, 0x1003, 0x1003, 0x1003, 0x1823, 0x1823, 0x1823, 
  0x1823, 0x1823, 0x1823, 0x1823, 0x1823, 0x1823, 0x1823, 0x628d, 0x49a9, 0x28c6, 0x28c6, 0x28c6, 
  0x28c6, 0x28c6, 0x28c6, 0x28c6, 0x28c6, 0x28c6, 0x28c6, 0x28c6, 0x28c6, 0x28c6, 0x28c6, 0x28c6, 
  0x28c6, 0x28c6, 0x28c6, 0x30e6, 0x30e6, 0x30e6, 0x30e6, 0x30e6, 0x30e6, 0x30e6, 0x30e6, 0x30e6, 
  0x30e6, 0x30e6, 0x30e6, 0x30e6, 0x30e6, 0x28c6, 0x28c6, 0x28a5, 0x2085, 0x2064, 0x2044, 0x1844, 
  0x1823, 0x1823, 0x1803, 0x1003, 0x1003, 0x1003, 0x1003, 0x1003, 0x1003, 0x1003, 0x1003, 0x1003, 
  0x1003, 0x1003, 0x1003, 0x1003, 0x1003, 0x1003, 0x1003, 0x1003, 0x1003, 0x1003, 0x1003, 0x1003, 
  0x1003, 0x1003, 0x1003, 0x1003, 0x1003, 0x1003, 0x1003, 0x1003, 0x1003, 0x1003, 0x1003, 0x1003, 
  0x1003, 0x1003, 0x1003, 0x1003, 0x1003, 0x1003, 0x1003, 0x1823, 0x1823, 0x1823, 0x1823, 0x1823, 
  0x1823, 0x1823, 0x1823, 0x1823, 0x1823, 0x1823, 0x1823, 0x1823, 0x1823, 0x1823, 0x1823, 0x1823, 
  0x1823, 0x1823, 0x1823, 0x1823, 0x1823, 0x1823, 0x1823, 0x1823, 0x1823, 0x1823, 0x1823, 0x1823, 
  0x1823, 0x1823, 0x1823, 0x1823, 0x1823, 0x1823, 0x1823, 0x1823, 0x1823, 0x1823, 0x1823, 0x1823, 
  0x1823, 0x1823, 0x1823, 0x1823, 0x1823, 0x1823, 0x1823, 0x1823, 0x1823, 0x1823, 0x1823, 0x1823, 
  0x1823, 0x1823, 0x1824, 0x1824, 0x1844, 0x1844, 0x1824, 0x1824, 0x1824, 0x1824, 0x1824, 0x1824, 
  0x1824, 0x1824, 0x1844, 0x1844, 0x1844, 0x1844, 0x1844, 0x1824, 0x1824, 0x1824, 0x1824, 0x1824, 
  0x1844, 0x1844, 0x1844, 0x1844, 0x1844, 0x1844, 0x1844, 0x1844, 0x1844, 0x1844, 0x1844, 0x1844, 
  0x1844, 0x1844, 0x1844, 0x1844, 0x1844, 0x1824, 0x1824, 0x1824, 0x1844, 0x1844, 0x1844, 0x1844, 
  0x1844, 0x1844, 0x1844, 0x1844, 0x1844, 0x1844, 0x1844, 0x1844, 0x1844, 0x1844, 0x1844, 0x1844, 
  0x1844, 0x1844, 0x2044, 0x2064, 0x2085, 0x28a5, 0x30e6, 0x3107, 0x3107, 0x3107, 0x30e6, 0x30e6, 
  0x30e6, 0x30e6, 0x30e6, 0x28c6, 0x28c6, 0x28c6, 0x28c6, 0x28c6, 0x28c6, 0x28c6, 0x28c6, 0x28a5, 
  0x28a5, 0x28a5, 0x28a5, 0x28a5, 0x28a5, 0x28a5, 0x28a5, 0x28a5, 0x28a5, 0x28a5, 0x28a5, 0x28a5, 
  0x28a5, 0x28a5, 0x28a5, 0x28a5, 0x28a5, 0x28a5, 0x28a5, 0x28a5, 0x28a5, 0x28a5, 0x28a5, 0x28a5, 
  0x2885, 0x2885, 0x2885, 0x2885, 0x2885, 0x2885, 0x2885, 0x28a5, 0x28a5, 0x28a5, 0x28a5, 0x28a5, 
  0x28a5, 0x28a5, 0x2885, 0x2885, 0x2885, 0x2885, 0x2885, 0x2885, 0x2885, 0x2885, 0x2885, 0x2885, 
  0x2885, 0x2885, 0x2885, 0x2885, 0x2885, 0x2885, 0x2085, 0x2085, 0x2085, 0x2085, 0x2085, 0x2085, 
  0x2085, 0x2085, 0x2085, 0x2065, 0x2065, 0x2065, 0x2065, 0x2065, 0x2065, 0x2065, 0x2065, 0x2064, 
  0x2064, 0x2044, 0x1844, 0x1823, 0x1823, 0x1803, 0x1003, 0x1003, 0x1003, 0x1003, 0x1003, 0x1003, 
  0x1003, 0x1003, 0x1003, 0x1003, 0x1003, 0x1823, 0x1823, 0x1823, 0x1823, 0x1823, 0x1823, 0x1823, 
  0x1823, 0x1823, 0x1823, 0x62ad, 0x49a9, 0x28c6, 0x28c6, 0x28c6, 0x28c6, 0x28c6, 0x28c6, 0x28c6, 
  0x28c6, 0x28c6, 0x28c6, 0x28c6, 0x28c6, 0x28c6, 0x28c6, 0x28c6, 0x28c6, 0x28c6, 0x28c6, 0x30e6, 
  0x30e6, 0x30e6, 0x30e6, 0x30e6, 0x30e6, 0x30e6, 0x30e6, 0x30e6, 0x30e6, 0x30e6, 0x30e6, 0x30e6, 
  0x30e6, 0x28c6, 0x28c6, 0x28a5, 0x2885, 0x2085, 0x2064, 0x2044, 0x1844, 0x1823, 0x1803, 0x1803, 
  0x1003, 0x1003, 0x1003, 0x1003, 0x1003, 0x1003, 0x1003, 0x1003, 0x1003, 0x1003, 0x1003, 0x1003, 
  0x1003, 0x1003, 0x1003, 0x1003, 0x1003, 0x1003, 0x1003, 0x1003, 0x1003, 0x1003, 0x1003, 0x1003, 
  0x1003, 0x1003, 0x1003, 0x1003, 0x1003, 0x1003, 0x1003, 0x1003, 0x1003, 0x1003, 0x1003, 0x1003, 
  0x1003, 0x1003, 0x1003, 0x1823, 0x1823, 0x1823, 0x1823, 0x1823, 0x1823, 0x1823, 0x1823, 0x1823, 
  0x1823, 0x1823, 0x1823, 0x1823, 0x1823, 0x1823, 0x1823, 0x1823, 0x1823, 0x1823, 0x1823, 0x1823, 
  0x1823, 0x1823, 0x1823, 0x1823, 0x1823, 0x1823, 0x1823, 0x1823, 0x1823, 0x1823, 0x1823, 0x1823, 
  0x1823, 0x1823, 0x1823, 0x1823, 0x1823, 0x1823, 0x1823, 0x1823, 0x1823, 0x1823, 0x1823, 0x1823, 
  0x1823, 0x1823, 0x1823, 0x1823, 0x1823, 0x1823, 0x1823, 0x1823, 0x1823, 0x1823, 0x1823, 0x1824, 
  0x1824, 0x1844, 0x1824, 0x1824, 0x1824, 0x1824, 0x1824, 0x1824, 0x1824, 0x1824, 0x1824, 0x1844, 
  0x1844, 0x1844, 0x1844, 0x1824, 0x1824, 0x1824, 0x1824, 0x1824, 0x1844, 0x1844, 0x1844, 0x1844, 
  0x1844, 0x1844, 0x1844, 0x1844, 0x1844, 0x1844, 0x1844, 0x1844, 0x1844, 0x1844, 0x1844, 0x1844, 
  0x1844, 0x1824, 0x1824, 0x1824, 0x1844, 0x1844, 0x1844, 0x1844, 0x1844, 0x1844, 0x1844, 0x1844, 
  0x1844, 0x1844, 0x1844, 0x1844, 0x1844, 0x1844, 0x1844, 0x1844, 0x1844, 0x1844, 0x2044, 0x2064, 
  0x2885, 0x28c6, 0x30e6, 0x3107, 0x3107, 0x3107, 0x30e6, 0x30e6, 0x30e6, 0x30e6, 0x28c6, 0x28c6, 
  0x28c6, 0x28c6, 0x28c6, 0x28c6, 0x28c6, 0x28c6, 0x28a5, 0x28a5, 0x28a5, 0x28a5, 0x28a5, 0x28a5, 
  0x28a5, 0x28a5, 0x28a5, 0x28a5, 0x28a5, 0x28a5, 0x28a5, 0x28a5, 0x28a5, 0x28a5, 0x28a5, 0x28a5, 
  0x28a5, 0x28a5, 0x28a5, 0x28a5, 0x28a5, 0x28a5, 0x28a5, 0x2885, 0x2885, 0x2885, 0x2885, 0x2885, 
  0x2885, 0x2885, 0x2885, 0x2885, 0x28a5, 0x28a5, 0x28a5, 0x28a5, 0x28a5, 0x28a5, 0x2885, 0x2885, 
  0x2885, 0x2885, 0x2885, 0x2885, 0x2885, 0x2885, 0x2885, 0x2885, 0x2885, 0x2885, 0x2885, 0x2885, 
  0x2885, 0x2085, 0x2085, 0x2085, 0x2085, 0x2085, 0x2085, 0x2085, 0x2085, 0x2085, 0x2065, 0x2065, 
  0x2065, 0x2065, 0x2065, 0x2065, 0x2065, 0x2065, 0x2065, 0x2064, 0x2064, 0x2044, 0x1844, 0x1823, 
  0x1823, 0x1003, 0x1003, 0x1003, 0x1003, 0x1003, 0x1003, 0x1003, 0x1003, 0x1003, 0x1003, 0x1003, 
  0x1003, 0x1823, 0x1823, 0x1823, 0x1823, 0x1823, 0x1823, 0x1823, 0x1823, 0x1823, 0x1823, 0x6aad, 
  0x49a9, 0x28c6, 0x28c6, 0x28c6, 0x28c6, 0x28c6, 0x28c6, 0x28c6, 0x28c6, 0x28c6, 0x28c6, 0x28c6, 
  0x28c6, 0x28c6, 0x28c6, 0x28c6, 0x28c6, 0x28c6, 0x30c6, 0x30e6, 0x30e6, 0x30e6, 0x30e6, 0x30e6, 
  0x30e6, 0x30e6, 0x30e6, 0x30e6, 0x30e6, 0x30e6, 0x30e6, 0x30e6, 0x30e6, 0x30c6, 0x28c6, 0x28a6, 
  0x28a5, 0x2085, 0x2064, 0x2064, 0x2044, 0x1824, 0x1823, 0x1803, 0x1803, 0x1003, 0x1003, 0x1003, 
  0x1003, 0x1003, 0x1003, 0x1003, 0x1003, 0x1003, 0x1003, 0x1003, 0x1003, 0x1003, 0x1003, 0x1003, 
  0x1003, 0x1003, 0x1003, 0x1003, 0x1003, 0x1003, 0x1003, 0x1003, 0x1003, 0x1003, 0x1003, 0x1003, 
  0x1003, 0x1003, 0x1003, 0x1003, 0x1003, 0x1003, 0x1003, 0x1003, 0x1003, 0x1003, 0x1003, 0x1823, 
  0x1823, 0x1823, 0x1823, 0x1823, 0x1823, 0x1823, 0x1823, 0x1823, 0x1823, 0x1823, 0x1823, 0x1823, 
  0x1823, 0x1823, 0x1823, 0x1823, 0x1823, 0x1823, 0x1823, 0x1823, 0x1823, 0x1823, 0x1823, 0x1823, 
  0x1823, 0x1823, 0x1823, 0x1823, 0x1823, 0x1823, 0x1823, 0x1823, 0x1823, 0x1823, 0x1823, 0x1823, 
  0x1823, 0x1823, 0x1823, 0x1823, 0x1823, 0x1823, 0x1823, 0x1823, 0x1823, 0x1823, 0x1823, 0x1823, 
  0x1823, 0x1823, 0x1823, 0x1823, 0x1823, 0x1823, 0x1823, 0x1824, 0x1824, 0x1844, 0x1824, 0x1824, 
  0x1824, 0x1824, 0x1824, 0x1824, 0x1824, 0x1824, 0x1824, 0x1844, 0x1844, 0x1844, 0x1844, 0x1824, 
  0x1824, 0x1824, 0x1824, 0x1824, 0x1844, 0x1844, 0x1844, 0x1844, 0x1844, 0x1844, 0x1844, 0x1844, 
  0x1844, 0x1844, 0x1844, 0x1844, 0x1844, 0x1844, 0x1844, 0x1844, 0x1844, 0x1824, 0x1824, 0x1824, 
  0x1824, 0x1824, 0x1844, 0x1844, 0x1844, 0x1844, 0x1844, 0x1844, 0x1844, 0x1844, 0x1844, 0x1844, 
  0x1844, 0x1844, 0x1844, 0x1844, 0x1844, 0x2044, 0x2044, 0x2065, 0x28a5, 0x28c6, 0x30e6, 0x3107, 
  0x3107, 0x3106, 0x30e6, 0x30e6, 0x30e6, 0x30c6, 0x28c6, 0x28c6, 0x28c6, 0x28c6, 0x28c6, 0x28c6, 
  0x28c6, 0x28a5, 0x28a5, 0x28a5, 0x28a5, 0x28a5, 0x28a5, 0x28a5, 0x28a5, 0x28a5, 0x28a5, 0x28a5, 
  0x28a5, 0x28a5, 0x28a5, 0x28a5, 0x28a5, 0x28a5, 0x28a5, 0x28a5, 0x28a5, 0x28a5, 0x28a5, 0x28a5, 
  0x28a5, 0x2885, 0x2885, 0x2885, 0x2885, 0x2885, 0x2885, 0x2885, 0x2885, 0x2885, 0x2885, 0x2885, 
  0x2885, 0x28a5, 0x28a5, 0x28a5, 0x2885, 0x2885, 0x2885, 0x2885, 0x2885, 0x2885, 0x2885, 0x2885, 
  0x2885, 0x2885, 0x2885, 0x2885, 0x2885, 0x2885, 0x2885, 0x2885, 0x2085, 0x2085, 0x2085, 0x2085, 
  0x2085, 0x2085, 0x2085, 0x2085, 0x2085, 0x2085, 0x2065, 0x2065, 0x2065, 0x2065, 0x2065, 0x2065, 
  0x2065, 0x2065, 0x2065, 0x2064, 0x2064, 0x2044, 0x1844, 0x1823, 0x1823, 0x1003, 0x1003, 0x1003, 
  0x1003, 0x1003, 0x1003, 0x1003, 0x1003, 0x1003, 0x1003, 0x1003, 0x1823, 0x1823, 0x1823, 0x1823, 
  0x1823, 0x1823, 0x1823, 0x1823, 0x1823, 0x1823, 0x1823, 0x6aad, 0x49a9, 0x28c6, 0x28c6, 0x28c6, 
  0x28c6, 0x28c6, 0x28c6, 0x28c6, 0x28c6, 0x28c6, 0x28c6, 0x28c6, 0x28c6, 0x28c6, 0x28c6, 0x28c6, 
  0x28c6, 0x28c6, 0x30c6, 0x30e6, 0x30e6, 0x30e6, 0x30e6, 0x30e6, 0x30e6, 0x30e6, 0x30e6, 0x30e6, 
  0x30e6, 0x30e6, 0x30e6, 0x30e6, 0x30e6, 0x28c6, 0x28c6, 0x28a6, 0x28a5, 0x2885, 0x2085, 0x2064, 
  0x2044, 0x1844, 0x1824, 0x1823, 0x1803, 0x1803, 0x1003, 0x1003, 0x1003, 0x1003, 0x1003, 0x1003, 
  0x1003, 0x1003, 0x1003, 0x1003, 0x1003, 0x1003, 0x1003, 0x1003, 0x1003, 0x1003, 0x1003, 0x1003, 
  0x1003, 0x1003, 0x1003, 0x1003, 0x1003, 0x1003, 0x1003, 0x1003, 0x1003, 0x1003, 0x1003, 0x1003, 
  0x1003, 0x1003, 0x1003, 0x1003, 0x1003, 0x1003, 0x1003, 0x1823, 0x1823, 0x1823, 0x1823, 0x1823, 
  0x1823, 0x1823, 0x1823, 0x1823, 0x1823, 0x1823, 0x1823, 0x1823, 0x1823, 0x1823, 0x1823, 0x1823, 
  0x1823, 0x1823, 0x1823, 0x1823, 0x1823, 0x1823, 0x1823, 0x1823, 0x1823, 0x1823, 0x1823, 0x1823, 
  0x1823, 0x1823, 0x1823, 0x1823, 0x1823, 0x1823, 0x1823, 0x1823, 0x1823, 0x1823, 0x1823, 0x1823, 
  0x1823, 0x1823, 0x1823, 0x1823, 0x1823, 0x1823, 0x1823, 0x1823, 0x1823, 0x1823, 0x1823, 0x1823, 
  0x1823, 0x1823, 0x1823, 0x1824, 0x1824, 0x1824, 0x1824, 0x1824, 0x1824, 0x1824, 0x1824, 0x1824, 
  0x1824, 0x1824, 0x1824, 0x1824, 0x1844, 0x1844, 0x1844, 0x1844, 0x1824, 0x1824, 0x1824, 0x1824, 
  0x1844, 0x1844, 0x1844, 0x1844, 0x1844, 0x1844, 0x1844, 0x1844, 0x1844, 0x1844, 0x1844, 0x1844, 
  0x1844, 0x1844, 0x1844, 0x1844, 0x1844, 0x1844, 0x1824, 0x1824, 0x1824, 0x1824, 0x1844, 0x1844, 
  0x1844, 0x1844, 0x1844, 0x1844, 0x1844, 0x1844, 0x1844, 0x1844, 0x1844, 0x1844, 0x1844, 0x1844, 
  0x1844, 0x2044, 0x2064, 0x2085, 0x28a5, 0x30c6, 0x3106, 0x3107, 0x3107, 0x30e6, 0x30e6, 0x30e6, 
  0x30e6, 0x28c6, 0x28c6, 0x28c6, 0x28c6, 0x28c6, 0x28c6, 0x28c6, 0x28a5, 0x28a5, 0x28a5, 0x28a5, 
  0x28a5, 0x28a5, 0x28a5, 0x28a5, 0x28a5, 0x28a5, 0x28a5, 0x28a5, 0x28a5, 0x28a5, 0x28a5, 0x28a5, 
  0x28a5, 0x28a5, 0x28a5, 0x28a5, 0x28a5, 0x28a5, 0x28a5, 0x28a5, 0x2885, 0x2885, 0x2885, 0x2885, 
  0x2885, 0x2885, 0x2885, 0x2885, 0x2885, 0x2085, 0x2085, 0x2885, 0x2885, 0x2885, 0x2885, 0x2885, 
  0x2885, 0x2885, 0x2885, 0x2885, 0x2885, 0x2885, 0x2885, 0x2885, 0x2885, 0x2885, 0x2885, 0x2885, 
  0x2885, 0x2885, 0x2885, 0x2085, 0x2085, 0x2085, 0x2085, 0x2085, 0x2085, 0x2085, 0x2085, 0x2085, 
  0x2085, 0x2065, 0x2065, 0x2065, 0x2065, 0x2065, 0x2065, 0x2065, 0x2065, 0x2065, 0x2064, 0x2064, 
  0x2064, 0x2044, 0x1844, 0x1823, 0x1823, 0x1003, 0x1003, 0x1003, 0x1003, 0x1003, 0x1003, 0x1003, 
  0x1003, 0x1003, 0x1003, 0x1823, 0x1823, 0x1823, 0x1823, 0x1823, 0x1824, 0x1824, 0x1824, 0x1823, 
  0x1823, 0x1824, 0x1844, 0x6aad, 0x49a9, 0x28c6, 0x28c6, 0x28c6, 0x28c6, 0x28c6, 0x28c6, 0x28c6, 
  0x28c6, 0x28c6, 0x28c6, 0x28c6, 0x28c6, 0x28c6, 0x28c6, 0x28c6, 0x28c6, 0x28c6, 0x30c6, 0x30e6, 
  0x30e6, 0x30e6, 0x30e6, 0x30e6, 0x30e6, 0x30e6, 0x30e6, 0x30e6, 0x30e6, 0x30e6, 0x30e6, 0x30e6, 
  0x30e6, 0x28c6, 0x28c6, 0x28a6, 0x28a5, 0x2885, 0x2085, 0x2064, 0x2064, 0x2044, 0x1844, 0x1824, 
  0x1824, 0x1803, 0x1003, 0x1003, 0x1003, 0x1003, 0x1003, 0x1003, 0x1003, 0x1003, 0x1003, 0x1003, 
  0x1003, 0x1003, 0x1003, 0x1003, 0x1003, 0x1003, 0x1003, 0x1003, 0x1003, 0x1003, 0x1003, 0x1003, 
  0x1003, 0x1003, 0x1003, 0x1003, 0x1003, 0x1003, 0x1003, 0x1003, 0x1003, 0x1003, 0x1003, 0x1003, 
  0x1003, 0x1003, 0x1003, 0x1823, 0x1823, 0x1823, 0x1823, 0x1823, 0x1823, 0x1823, 0x1823, 0x1823, 
  0x1823, 0x1823, 0x1823, 0x1823, 0x1823, 0x1823, 0x1823, 0x1823, 0x1823, 0x1823, 0x1823, 0x1823, 
  0x1823, 0x1823, 0x1823, 0x1823, 0x1823, 0x1823, 0x1823, 0x1823, 0x1823, 0x1823, 0x1823, 0x1823, 
  0x1823, 0x1823, 0x1823, 0x1823, 0x1823, 0x1823, 0x1823, 0x1823, 0x1823, 0x1823, 0x1823, 0x1823, 
  0x1823, 0x1823, 0x1823, 0x1823, 0x1823, 0x1823, 0x1823, 0x1823, 0x1823, 0x1823, 0x1823, 0x1824, 
  0x1824, 0x1824, 0x1824, 0x1844, 0x1824, 0x1824, 0x1824, 0x1824, 0x1824, 0x1824, 0x1824, 0x1824, 
  0x1844, 0x1844, 0x1844, 0x1844, 0x1844, 0x1844, 0x1824, 0x1824, 0x1844, 0x1844, 0x1844, 0x1844, 
  0x1844, 0x1844, 0x1844, 0x1844, 0x1844, 0x1844, 0x1844, 0x1844, 0x1844, 0x1844, 0x1844, 0x1844, 
  0x1844, 0x1844, 0x1824, 0x1824, 0x1824, 0x1824, 0x1844, 0x1844, 0x1844, 0x1844, 0x1844, 0x1844, 
  0x1844, 0x1844, 0x1844, 0x1844, 0x1844, 0x1844, 0x1844, 0x1844, 0x1844, 0x2044, 0x2064, 0x2085, 
  0x28c6, 0x30e6, 0x3106, 0x3107, 0x30e6, 0x30e6, 0x30e6, 0x30e6, 0x28c6, 0x28c6, 0x28c6, 0x28c6, 
  0x28c6, 0x28c6, 0x28c6, 0x28a5, 0x28a5, 0x28a5, 0x28a5, 0x28a5, 0x28a5, 0x28a5, 0x28a5, 0x28a5, 
  0x28a5, 0x28a5, 0x28a5, 0x28a5, 0x28a5, 0x28a5, 0x28a5, 0x28a5, 0x28a5, 0x28a5, 0x28a5, 0x28a5, 
  0x28a5, 0x28a5, 0x28a5, 0x2885, 0x2885, 0x2885, 0x2885, 0x2885, 0x2885, 0x2885, 0x2885, 0x2085, 
  0x2085, 0x2085, 0x2085, 0x2085, 0x2885, 0x2885, 0x2885, 0x2885, 0x2885, 0x2885, 0x2885, 0x2885, 
  0x2885, 0x2885, 0x2885, 0x2885, 0x2885, 0x2885, 0x2885, 0x2885, 0x2885, 0x2885, 0x2885, 0x2085, 
  0x2085, 0x2085, 0x2085, 0x2085, 0x2085, 0x2085, 0x2085, 0x2085, 0x2065, 0x2065, 0x2065, 0x2065, 
  0x2065, 0x2065, 0x2065, 0x2065, 0x2065, 0x2064, 0x2064, 0x2064, 0x2064, 0x1844, 0x1844, 0x1823, 
  0x1823, 0x1003, 0x1003, 0x1003, 0x1003, 0x1003, 0x1003, 0x1003, 0x1003, 0x1003, 0x1003, 0x1823, 
  0x1823, 0x1823, 0x1844, 0x1844, 0x1844, 0x1844, 0x1844, 0x1844, 0x1824, 0x1844, 0x1844, 0x6aad, 
  0x49a9, 0x28c6, 0x28c6, 0x28c6, 0x28c6, 0x28c6, 0x28c6, 0x28c6, 0x28c6, 0x28c6, 0x28c6, 0x28c6, 
  0x28c6, 0x28c6, 0x28c6, 0x28c6, 0x28c6, 0x28c6, 0x30c6, 0x30e6, 0x30e6, 0x30e6, 0x30e6, 0x30e6, 
  0x30e6, 0x30e6, 0x30e6, 0x30e6, 0x30e6, 0x30e6, 0x30e6, 0x30e6, 0x30e6, 0x30c6, 0x28c6, 0x28a6, 
  0x28a5, 0x28a5, 0x2885, 0x2085, 0x2064, 0x2044, 0x2044, 0x1824, 0x1824, 0x1824, 0x1803, 0x1803, 
  0x1003, 0x1003, 0x1003, 0x1003, 0x1003, 0x1003, 0x1003, 0x1003, 0x1003, 0x1003, 0x1003, 0x1003, 
  0x1003, 0x1003, 0x1003, 0x1003, 0x1003, 0x1003, 0x1003, 0x1003, 0x1003, 0x1003, 0x1003, 0x1003, 
  0x1003, 0x1003, 0x1003, 0x1003, 0x1003, 0x1003, 0x1003, 0x1003, 0x1003, 0x1003, 0x1003, 0x1003, 
  0x1823, 0x1823, 0x1823, 0x1823, 0x1823, 0x1823, 0x1823, 0x1823, 0x1823, 0x1823, 0x1823, 0x1823, 
  0x1823, 0x1823, 0x1823, 0x1823, 0x1823, 0x1823, 0x1823, 0x1823, 0x1823, 0x1823, 0x1823, 0x1823, 
  0x1823, 0x1823, 0x1823, 0x1823, 0x1823, 0x1823, 0x1823, 0x1823, 0x1823, 0x1823, 0x1823, 0x1823, 
  0x1823, 0x1823, 0x1823, 0x1823, 0x1823, 0x1823, 0x1823, 0x1823, 0x1823, 0x1823, 0x1823, 0x1823, 
  0x1823, 0x1823, 0x1823, 0x1823, 0x1823, 0x1823, 0x1823, 0x1823, 0x1824, 0x1824, 0x1824, 0x1844, 
  0x1824, 0x1824, 0x1824, 0x1824, 0x1824, 0x1824, 0x1824, 0x1824, 0x1844, 0x1844, 0x1844, 0x1844, 
  0x1844, 0x1844, 0x1824, 0x1824, 0x1824, 0x1844, 0x1844, 0x1844, 0x1844, 0x1844, 0x1844, 0x1844, 
  0x1844, 0x1844, 0x1844, 0x1844, 0x1844, 0x1844, 0x1844, 0x1844, 0x1844, 0x1844, 0x1824, 0x1824, 
  0x1824, 0x1824, 0x1844, 0x1844, 0x1844, 0x1844, 0x1844, 0x1844, 0x1844, 0x1844, 0x1844, 0x1844, 
  0x1844, 0x1844, 0x1844, 0x1844, 0x1844, 0x2044, 0x2064, 0x2885, 0x28c6, 0x30e6, 0x30e6, 0x3107, 
  0x30e6, 0x30e6, 0x30e6, 0x28c6, 0x28c6, 0x28c6, 0x28c6, 0x28c6, 0x28c6, 0x28c6, 0x28a5, 0x28a5, 
  0x28a5, 0x28a5, 0x28a5, 0x28a5, 0x28a5, 0x28a5, 0x28a5, 0x28a5, 0x28a5, 0x28a5, 0x28a5, 0x28a5, 
  0x28a5, 0x28a5, 0x28a5, 0x28a5, 0x28a5, 0x28a5, 0x28a5, 0x28a5, 0x28a5, 0x28a5, 0x28a5, 0x2885, 
  0x2885, 0x2885, 0x2885, 0x2885, 0x2885, 0x2885, 0x2885, 0x2085, 0x2085, 0x2085, 0x2085, 0x2085, 
  0x2085, 0x2885, 0x2885, 0x2885, 0x2885, 0x2885, 0x2885, 0x2885, 0x2885, 0x2885, 0x2885, 0x2885, 
  0x2885, 0x2885, 0x2885, 0x2085, 0x2085, 0x2085, 0x2085, 0x2085, 0x2085, 0x2085, 0x2085, 0x2085, 
  0x2085, 0x2085, 0x2085, 0x2065, 0x2065, 0x2065, 0x2065, 0x2065, 0x2065, 0x2065, 0x2065, 0x2065, 
  0x2064, 0x2064, 0x2064, 0x2064, 0x2044, 0x1844, 0x1824, 0x1823, 0x1823, 0x1003, 0x1003, 0x1003, 
  0x1003, 0x1003, 0x1003, 0x1003, 0x1003, 0x1003, 0x1823, 0x1823, 0x1823, 0x1844, 0x1844, 0x1844, 
  0x1844, 0x1844, 0x1844, 0x1844, 0x1844, 0x1844, 0x1844, 0x6aad, 0x49a9, 0x28c6, 0x28c6, 0x28c6, 
  0x28c6, 0x28c6, 0x28c6, 0x28c6, 0x28c6, 0x28c6, 0x28c6, 0x28c6, 0x28c6, 0x28c6, 0x28c6, 0x28c6, 
  0x28c6, 0x28c6, 0x30c6, 0x30e6, 0x30e6, 0x30e6, 0x30e6, 0x30e6, 0x30e6, 0x30e6, 0x30e6, 0x30e6, 
  0x30e6, 0x30e6, 0x30e6, 0x30e6, 0x30e6, 0x30c6, 0x28c6, 0x28c6, 0x28a6, 0x28a5, 0x2885, 0x2085, 
  0x2064, 0x2064, 0x2044, 0x2044, 0x1824, 0x1824, 0x1804, 0x1803, 0x1803, 0x1003, 0x1003, 0x1003, 
  0x1003, 0x1003, 0x1003, 0x1003, 0x1003, 0x1003, 0x1003, 0x1003, 0x1003, 0x1003, 0x1003, 0x1003, 
  0x1003, 0x1003, 0x1003, 0x1003, 0x1003, 0x1003, 0x1003, 0x1003, 0x1003, 0x1003, 0x1003, 0x1003, 
  0x1003, 0x1003, 0x1003, 0x1003, 0x1003, 0x1003, 0x1003, 0x1003, 0x1823, 0x1823, 0x1823, 0x1823, 
  0x1823, 0x1823, 0x1823, 0x1823, 0x1823, 0x1823, 0x1823, 0x1823, 0x1823, 0x1823, 0x1823, 0x1823, 
  0x1823, 0x1823, 0x1823, 0x1823, 0x1823, 0x1823, 0x1823, 0x1823, 0x1823, 0x1823, 0x1823, 0x1823, 
  0x1823, 0x1823, 0x1823, 0x1823, 0x1823, 0x1823, 0x1823, 0x1823, 0x1823, 0x1823, 0x1823, 0x1823, 
  0x1823, 0x1823, 0x1823, 0x1823, 0x1823, 0x1823, 0x1823, 0x1823, 0x1823, 0x1823, 0x1823, 0x1823, 
  0x1823, 0x1823, 0x1823, 0x1823, 0x1823, 0x1824, 0x1824, 0x1844, 0x1824, 0x1824, 0x1824, 0x1824, 
  0x1824, 0x1824, 0x1824, 0x1824, 0x1824, 0x1844, 0x1844, 0x1844, 0x1844, 0x1844, 0x1824, 0x1824, 
  0x1824, 0x1844, 0x1844, 0x1844, 0x1844, 0x1844, 0x1844, 0x1844, 0x1844, 0x1844, 0x1844, 0x1844, 
  0x1844, 0x1844, 0x1844, 0x1844, 0x1844, 0x1844, 0x1824, 0x1824, 0x1824, 0x1824, 0x1824, 0x1844, 
  0x1844, 0x1844, 0x1844, 0x1844, 0x1844, 0x1844, 0x1844, 0x1844, 0x1844, 0x1844, 0x1844, 0x1844, 
  0x1844, 0x2064, 0x2065, 0x28a5, 0x30c6, 0x30e6, 0x30e7, 0x30e6, 0x30e6, 0x30e6, 0x28c6, 0x28c6, 
  0x28c6, 0x28c6, 0x28c6, 0x28c6, 0x28c6, 0x28a5, 0x28a5, 0x28a5, 0x28a5, 0x28a5, 0x28a5, 0x28a5, 
  0x28a5, 0x28a5, 0x28a5, 0x28a5, 0x28a5, 0x28a5, 0x28a5, 0x28a5, 0x28a5, 0x28a5, 0x28a5, 0x28a5, 
  0x28a5, 0x28a5, 0x28a5, 0x28a5, 0x28a5, 0x2885, 0x2885, 0x2885, 0x2885, 0x2885, 0x2885, 0x2885, 
  0x2085, 0x2085, 0x2085, 0x2085, 0x2085, 0x2085, 0x2085, 0x2085, 0x2085, 0x2085, 0x2885, 0x2885, 
  0x2885, 0x2885, 0x2885, 0x2885, 0x2885, 0x2885, 0x2885, 0x2885, 0x2885, 0x2885, 0x2885, 0x2085, 
  0x2085, 0x2085, 0x2085, 0x2085, 0x2085, 0x2085, 0x2085, 0x2085, 0x2085, 0x2085, 0x2085, 0x2065, 
  0x2065, 0x2065, 0x2065, 0x2065, 0x2065, 0x2065, 0x2065, 0x2065, 0x2064, 0x2064, 0x2064, 0x2064, 
  0x2044, 0x1844, 0x1823, 0x1823, 0x1003, 0x1003, 0x1003, 0x1003, 0x1003, 0x1003, 0x1003, 0x1003, 
  0x1003, 0x1823, 0x1823, 0x1823, 0x1844, 0x1844, 0x2064, 0x2064, 0x2064, 0x2064, 0x2064, 0x2064, 
  0x1864, 0x2064, 0x2064, 0x6ace, 0x49a9, 0x28c6, 0x28c6, 0x28c6, 0x28c6, 0x28c6, 0x28c6, 0x28c6, 
  0x28c6, 0x28c6, 0x28c6, 0x28c6, 0x28c6, 0x28c6, 0x28c6, 0x28c6, 0x28c6, 0x28c6, 0x30c6, 0x30e6, 
  0x30e6, 0x30e6, 0x30e6, 0x30e6, 0x30e6, 0x30e6, 0x30e6, 0x30e6, 0x30e6, 0x30e6, 0x30e6, 0x30e6, 
  0x30e6, 0x30c6, 0x28c6, 0x28c6, 0x28a6, 0x28a5, 0x28a5, 0x2085, 0x2064, 0x2064, 0x2044, 0x2044, 
  0x2044, 0x2024, 0x1824, 0x1804, 0x1804, 0x1803, 0x1803, 0x1003, 0x1003, 0x1003, 0x1003, 0x1003, 
  0x1003, 0x1003, 0x1003, 0x1003, 0x1003, 0x1003, 0x1003, 0x1003, 0x1003, 0x1003, 0x1003, 0x1003, 
  0x1003, 0x1003, 0x1003, 0x1003, 0x1003, 0x1003, 0x1003, 0x1003, 0x1003, 0x1003, 0x1003, 0x1003, 
  0x1003, 0x1003, 0x1003, 0x1003, 0x1823, 0x1823, 0x1823, 0x1823, 0x1823, 0x1823, 0x1823, 0x1823, 
  0x1823, 0x1823, 0x1823, 0x1823, 0x1823, 0x1823, 0x1823, 0x1823, 0x1823, 0x1823, 0x1823, 0x1823, 
  0x1823, 0x1823, 0x1823, 0x1823, 0x1823, 0x1823, 0x1823, 0x1823, 0x1823, 0x1823, 0x1823, 0x1823, 
  0x1823, 0x1823, 0x1823, 0x1823, 0x1823, 0x1823, 0x1823, 0x1823, 0x1823, 0x1823, 0x1823, 0x1823, 
  0x1823, 0x1823, 0x1823, 0x1823, 0x1823, 0x1823, 0x1823, 0x1823, 0x1823, 0x1823, 0x1823, 0x1823, 
  0x1823, 0x1824, 0x1824, 0x1824, 0x1824, 0x1824, 0x1824, 0x1824, 0x1824, 0x1824, 0x1824, 0x1824, 
  0x1824, 0x1844, 0x1844, 0x1844, 0x1844, 0x1844, 0x1824, 0x1824, 0x1824, 0x1824, 0x1844, 0x1844, 
  0x1844, 0x1844, 0x1844, 0x1844, 0x1844, 0x1844, 0x1844, 0x1844, 0x1844, 0x1844, 0x1844, 0x1844, 
  0x1844, 0x1844, 0x1824, 0x1824, 0x1824, 0x1824, 0x1824, 0x1844, 0x1844, 0x1844, 0x1844, 0x1844, 
  0x1844, 0x1844, 0x1844, 0x1844, 0x1844, 0x1844, 0x1844, 0x1844, 0x2044, 0x2064, 0x2085, 0x28a5, 
  0x30c6, 0x30e6, 0x30e6, 0x30e6, 0x30e6, 0x30c6, 0x28c6, 0x28c6, 0x28c6, 0x28c6, 0x28c6, 0x28c6, 
  0x28a5, 0x28a5, 0x28a5, 0x28a5, 0x28a5, 0x28a5, 0x28a5, 0x28a5, 0x28a5, 0x28a5, 0x28a5, 0x28a5, 
  0x28a5, 0x28a5, 0x28a5, 0x28a5, 0x28a5, 0x28a5, 0x28a5, 0x28a5, 0x28a5, 0x28a5, 0x28a5, 0x28a5, 
  0x28a5, 0x2885, 0x2885, 0x2885, 0x2885, 0x2885, 0x2885, 0x2885, 0x2085, 0x2085, 0x2085, 0x2085, 
  0x2085, 0x2085, 0x2085, 0x2085, 0x2085, 0x2085, 0x2085, 0x2085, 0x2885, 0x2885, 0x2885, 0x2885, 
  0x2885, 0x2885, 0x2885, 0x2885, 0x2885, 0x2885, 0x2085, 0x2085, 0x2085, 0x2085, 0x2085, 0x2085, 
  0x2085, 0x2085, 0x2085, 0x2085, 0x2085, 0x2065, 0x2065, 0x2065, 0x2065, 0x2065, 0x2065, 0x2065, 
  0x2065, 0x2065, 0x2065, 0x2064, 0x2064, 0x2064, 0x2064, 0x2044, 0x1844, 0x1844, 0x1823, 0x1823, 
  0x1003, 0x1003, 0x1003, 0x1003, 0x1003, 0x1003, 0x1003, 0x1003, 0x1823, 0x1823, 0x1823, 0x1844, 
  0x1844, 0x2064, 0x2064, 0x2064, 0x2064, 0x2064, 0x2064, 0x2064, 0x2064, 0x2064, 0x2085, 0x6ace, 
  0x49a9, 0x28c6, 0x28c6, 0x28c6, 0x28c6, 0x28c6, 0x28c6, 0x28c6, 0x28c6, 0x28c6, 0x28c6, 0x28c6, 
  0x28c6, 0x28c6, 0x28c6, 0x28c6, 0x28c6, 0x28c6, 0x30c6, 0x30e6, 0x30e6, 0x30e6, 0x30e6, 0x30e6, 
  0x30e6, 0x30e6, 0x30e6, 0x30e6, 0x30e6, 0x30e6, 0x30e6, 0x30e6, 0x30e6, 0x30c6, 0x28c6, 0x28c6, 
  0x28a6, 0x28a5, 0x28a5, 0x2885, 0x2085, 0x2064, 0x2064, 0x2044, 0x2044, 0x2045, 0x2025, 0x2025, 
  0x2005, 0x1804, 0x1804, 0x1803, 0x1003, 0x1003, 0x1003, 0x1003, 0x1003, 0x1003, 0x1003, 0x1003, 
  0x1003, 0x1003, 0x1003, 0x1003, 0x1003, 0x1003, 0x1003, 0x1003, 0x1003, 0x1003, 0x1003, 0x1003, 
  0x1003, 0x1003, 0x1003, 0x1003, 0x1003, 0x1003, 0x1003, 0x1003, 0x1003, 0x1003, 0x1003, 0x1003, 
  0x1803, 0x1823, 0x1823, 0x1823, 0x1823, 0x1823, 0x1823, 0x1823, 0x1823, 0x1823, 0x1823, 0x1823, 
  0x1823, 0x1823, 0x1823, 0x1823, 0x1823, 0x1823, 0x1823, 0x1823, 0x1823, 0x1823, 0x1823, 0x1823, 
  0x1823, 0x1823, 0x1823, 0x1823, 0x1823, 0x1823, 0x1823, 0x1823, 0x1823, 0x1823, 0x1823, 0x1823, 
  0x1823, 0x1823, 0x1823, 0x1823, 0x1823, 0x1823, 0x1823, 0x1823, 0x1823, 0x1823, 0x1823, 0x1823, 
  0x1823, 0x1823, 0x1823, 0x1823, 0x1823, 0x1823, 0x1823, 0x1823, 0x1823, 0x1824, 0x1824, 0x1824, 
  0x1844, 0x1844, 0x1824, 0x1824, 0x1824, 0x1824, 0x1824, 0x1824, 0x1824, 0x1844, 0x1844, 0x1844, 
  0x1844, 0x1844, 0x1824, 0x1824, 0x1824, 0x1824, 0x1844, 0x1844, 0x1844, 0x1844, 0x1844, 0x1844, 
  0x1844, 0x1844, 0x1844, 0x1844, 0x1844, 0x1844, 0x1844, 0x1844, 0x1844, 0x1844, 0x1844, 0x1824, 
  0x1824, 0x1824, 0x1824, 0x1824, 0x1844, 0x1844, 0x1844, 0x1844, 0x1844, 0x1844, 0x1844, 0x1844, 
  0x1844, 0x1844, 0x1844, 0x1844, 0x2044, 0x2064, 0x2085, 0x28c6, 0x30e6, 0x30e6, 0x30e6, 0x30e6, 
  0x30e6, 0x28c6, 0x28c6, 0x28c6, 0x28c6, 0x28c6, 0x28c6, 0x28a5, 0x28a5, 0x28a5, 0x28a5, 0x28a5, 
  0x28a5, 0x28a5, 0x28a5, 0x28a5, 0x28a5, 0x28a5, 0x28a5, 0x28a5, 0x28a5, 0x28a5, 0x28a5, 0x28a5, 
  0x28a5, 0x28a5, 0x28a5, 0x28a5, 0x28a5, 0x28a5, 0x28a5, 0x28a5, 0x2885, 0x2885, 0x2885, 0x2885, 
  0x2885, 0x2885, 0x2885, 0x2885, 0x2085, 0x2085, 0x2085, 0x2085, 0x2085, 0x2085, 0x2085, 0x2085, 
  0x2085, 0x2085, 0x2085, 0x2085, 0x2085, 0x2885, 0x2885, 0x2885, 0x2885, 0x2885, 0x2885, 0x2885, 
  0x2885, 0x2885, 0x2085, 0x2085, 0x2085, 0x2085, 0x2085, 0x2085, 0x2085, 0x2085, 0x2085, 0x2085, 
  0x2085, 0x2065, 0x2065, 0x2065, 0x2065, 0x2065, 0x2065, 0x2065, 0x2065, 0x2065, 0x2064, 0x2064, 
  0x2064, 0x2064, 0x2064, 0x2044, 0x1844, 0x1823, 0x1823, 0x1823, 0x1003, 0x1003, 0x1003, 0x1003, 
  0x1003, 0x1003, 0x1003, 0x1823, 0x1823, 0x1823, 0x1844, 0x2064, 0x2064, 0x2064, 0x2085, 0x2085, 
  0x2085, 0x2085, 0x2085, 0x2085, 0x2085, 0x2085, 0x2085, 0x6ace, 0x49a9, 0x28c6, 0x28c6, 0x28c6, 
  0x28c6, 0x28c6, 0x28c6, 0x28c6, 0x28c6, 0x28c6, 0x28c6, 0x28c6, 0x28c6, 0x28c6, 0x28c6, 0x28c6, 
  0x28c6, 0x28c6, 0x30c6, 0x30e6, 0x30e6, 0x30e6, 0x30e6, 0x30e6, 0x30e6, 0x30e6, 0x30e6, 0x30e6, 
  0x30e6, 0x30e6, 0x30e6, 0x30e6, 0x30e6, 0x30c6, 0x28c6, 0x28c6, 0x28a6, 0x28a6, 0x28a5, 0x2885, 
  0x2085, 0x2064, 0x2064, 0x2044, 0x2045, 0x2045, 0x2025, 0x2826, 0x2026, 0x2006, 0x2005, 0x1804, 
  0x1804, 0x1003, 0x1003, 0x1003, 0x1003, 0x1003, 0x1003, 0x1003, 0x1003, 0x1003, 0x1003, 0x1003, 
  0x1003, 0x1003, 0x1003, 0x1003, 0x1003, 0x1003, 0x1003, 0x1003, 0x1003, 0x1003, 0x1003, 0x1003, 
  0x1003, 0x1003, 0x1003, 0x1003, 0x1003, 0x1003, 0x1003, 0x1003, 0x1803, 0x1823, 0x1823, 0x1823, 
  0x1823, 0x1823, 0x1823, 0x1823, 0x1823, 0x1823, 0x1823, 0x1823, 0x1823, 0x1823, 0x1823, 0x1823, 
  0x1823, 0x1823, 0x1823, 0x1823, 0x1823, 0x1823, 0x1823, 0x1823, 0x1823, 0x1823, 0x1823, 0x1823, 
  0x1823, 0x1823, 0x1823, 0x1823, 0x1823, 0x1823, 0x1823, 0x1823, 0x1823, 0x1823, 0x1823, 0x1823, 
  0x1823, 0x1823, 0x1823, 0x1823, 0x1823, 0x1823, 0x1823, 0x1823, 0x1823, 0x1823, 0x1823, 0x1823, 
  0x1823, 0x1823, 0x1823, 0x1823, 0x1823, 0x1823, 0x1824, 0x1824, 0x1844, 0x1844, 0x1824, 0x1824, 
  0x1824, 0x1824, 0x1824, 0x1824, 0x1824, 0x1844, 0x1844, 0x1844, 0x1844, 0x1844, 0x1824, 0x1824, 
  0x1824, 0x1824, 0x1824, 0x1844, 0x1844, 0x1844, 0x1844, 0x1844, 0x1844, 0x1844, 0x1844, 0x1844, 
  0x1844, 0x1844, 0x1844, 0x1844, 0x1844, 0x1844, 0x1844, 0x1824, 0x1824, 0x1824, 0x1824, 0x1824, 
  0x1844, 0x1844, 0x1844, 0x1844, 0x1844, 0x1844, 0x1844, 0x1844, 0x1844, 0x1844, 0x1844, 0x1844, 
  0x2044, 0x2064, 0x2885, 0x28c6, 0x30e6, 0x30e6, 0x30e6, 0x30e6, 0x28c6, 0x28c6, 0x28c6, 0x28c6, 
  0x28c6, 0x28c6, 0x28c6, 0x28a5, 0x28a5, 0x28a5, 0x28a5, 0x28a5, 0x28a5, 0x28a5, 0x28a5, 0x28a5, 
  0x28a5, 0x28a5, 0x28a5, 0x28a5, 0x28a5, 0x28a5, 0x28a5, 0x28a5, 0x28a5, 0x28a5, 0x28a5, 0x28a5, 
  0x28a5, 0x28a5, 0x2885, 0x2885, 0x2885, 0x2885, 0x2885, 0x2885, 0x2885, 0x2885, 0x2085, 0x2085, 
  0x2085, 0x2085, 0x2085, 0x2085, 0x2085, 0x2085, 0x2085, 0x2085, 0x2085, 0x2085, 0x2085, 0x2085, 
  0x2085, 0x2085, 0x2885, 0x2885, 0x2885, 0x2885, 0x2885, 0x2885, 0x2885, 0x2085, 0x2085, 0x2085, 
  0x2085, 0x2085, 0x2085, 0x2085, 0x2085, 0x2085, 0x2085, 0x2065, 0x2065, 0x2065, 0x2065, 0x2065, 
  0x2065, 0x2065, 0x2065, 0x2065, 0x2065, 0x2064, 0x2064, 0x2064, 0x2064, 0x2064, 0x2064, 0x2044, 
  0x1844, 0x1823, 0x1823, 0x1003, 0x1003, 0x1003, 0x1003, 0x1003, 0x1003, 0x1003, 0x1823, 0x1823, 
  0x1823, 0x1844, 0x2064, 0x2064, 0x2085, 0x2085, 0x2085, 0x2085, 0x2085, 0x2085, 0x2085, 0x2085, 
  0x2085, 0x2085, 0x2085, 0x6ace, 0x49a9, 0x28c6, 0x28c6, 0x28c6, 0x28c6, 0x28c6, 0x28c6, 0x28c6, 
  0x28c6, 0x28c6, 0x28c6, 0x28c6, 0x28c6, 0x28c6, 0x28c6, 0x28c6, 0x28c6, 0x28c6, 0x30e6, 0x30e6, 
  0x30e6, 0x30e6, 0x30e6, 0x30e6, 0x30e6, 0x30e6, 0x30e6, 0x30e6, 0x30e6, 0x30e6, 0x30e6, 0x30e6, 
  0x30e6, 0x30c6, 0x30c6, 0x28c6, 0x28c6, 0x28a6, 0x28a5, 0x28a5, 0x2085, 0x2085, 0x2064, 0x2064, 
  0x2045, 0x2045, 0x2846, 0x2827, 0x3027, 0x2827, 0x2827, 0x2026, 0x1825, 0x1804, 0x1003, 0x1003, 
  0x1003, 0x1003, 0x1003, 0x1003, 0x1003, 0x1003, 0x1003, 0x1003, 0x1003, 0x1003, 0x1003, 0x1003, 
  0x1003, 0x1003, 0x1003, 0x1003, 0x1003, 0x1003, 0x1003, 0x1003, 0x1003, 0x1003, 0x1003, 0x1003, 
  0x1003, 0x1003, 0x1003, 0x1003, 0x1803, 0x1803, 0x1823, 0x1823, 0x1823, 0x1823, 0x1823, 0x1823, 
  0x1823, 0x1823, 0x1823, 0x1823, 0x1823, 0x1823, 0x1823, 0x1823, 0x1823, 0x1823, 0x1823, 0x1823, 
  0x1823, 0x1823, 0x1823, 0x1823, 0x1823, 0x1823, 0x1823, 0x1823, 0x1823, 0x1823, 0x1823, 0x1823, 
  0x1823, 0x1823, 0x1823, 0x1823, 0x1823, 0x1823, 0x1823, 0x1823, 0x1823, 0x1823, 0x1823, 0x1823, 
  0x1823, 0x1823, 0x1823, 0x1823, 0x1823, 0x1823, 0x1823, 0x1823, 0x1823, 0x1823, 0x1823, 0x1823, 
  0x1823, 0x1823, 0x1824, 0x1824, 0x1824, 0x1824, 0x1824, 0x1824, 0x1824, 0x1824, 0x1824, 0x1824, 
  0x1824, 0x1844, 0x1844, 0x1844, 0x1844, 0x1844, 0x1824, 0x1824, 0x1824, 0x1824, 0x1824, 0x1844, 
  0x1844, 0x1844, 0x1844, 0x1844, 0x1844, 0x1844, 0x1844, 0x1844, 0x1844, 0x1844, 0x1844, 0x1844, 
  0x1844, 0x1844, 0x1844, 0x1824, 0x1824, 0x1824, 0x1824, 0x1824, 0x1824, 0x1844, 0x1844, 0x1844, 
  0x1844, 0x1844, 0x1844, 0x1844, 0x1844, 0x1844, 0x1844, 0x1844, 0x2044, 0x2065, 0x28a5, 0x28c6, 
  0x30e6, 0x30e6, 0x30e6, 0x28c6, 0x28c6, 0x28c6, 0x28c6, 0x28c6, 0x28c6, 0x28a6, 0x28a5, 0x28a5, 
  0x28a5, 0x28a5, 0x28a5, 0x28a5, 0x28a5, 0x28a5, 0x28a5, 0x28a5, 0x28a5, 0x28a5, 0x28a5, 0x28a5, 
  0x28a5, 0x28a5, 0x28a5, 0x28a5, 0x28a5, 0x28a5, 0x28a5, 0x28a5, 0x28a5, 0x28a5, 0x2885, 0x2885, 
  0x2885, 0x2885, 0x2885, 0x2885, 0x2885, 0x2085, 0x2085, 0x2085, 0x2085, 0x2085, 0x2085, 0x2085, 
  0x2085, 0x2085, 0x2085, 0x2085, 0x2085, 0x2085, 0x2085, 0x2085, 0x2085, 0x2085, 0x2885, 0x2885, 
  0x2885, 0x2885, 0x2885, 0x2885, 0x2885, 0x2085, 0x2085, 0x2085, 0x2085, 0x2085, 0x2085, 0x2085, 
  0x2085, 0x2085, 0x2085, 0x2065, 0x2065, 0x2065, 0x2065, 0x2065, 0x2065, 0x2065, 0x2065, 0x2064, 
  0x2064, 0x2064, 0x2064, 0x2064, 0x2064, 0x2064, 0x2044, 0x1844, 0x1824, 0x1823, 0x1823, 0x1003, 
  0x1003, 0x1003, 0x1003, 0x1003, 0x1003, 0x1003, 0x1823, 0x1823, 0x1844, 0x1844, 0x2064, 0x2085, 
  0x2085, 0x2085, 0x2085, 0x2085, 0x2085, 0x2085, 0x2085, 0x2085, 0x2085, 0x2085, 0x2085, 0x6ace, 
  0x4989, 0x28c6, 0x28c6, 0x28c6, 0x28c6, 0x28c6, 0x28c6, 0x28c6, 0x28c6, 0x28c6, 0x28c6, 0x28c6, 
  0x28c6, 0x28c6, 0x28c6, 0x28c6, 0x28c6, 0x28c6, 0x30e6, 0x30e6, 0x30e6, 0x30e6, 0x30e6, 0x30e6, 
  0x30e6, 0x30e6, 0x30e6, 0x30e6, 0x30e6, 0x30e6, 0x30e6, 0x30e6, 0x30e6, 0x30c6, 0x30c6, 0x28c6, 
  0x28c6, 0x28c6, 0x28a6, 0x28a5, 0x2885, 0x2085, 0x2064, 0x2064, 0x2045, 0x2045, 0x2846, 0x3048, 
  0x3849, 0x3849, 0x3849, 0x3048, 0x2826, 0x2025, 0x1804, 0x1003, 0x1003, 0x1003, 0x1003, 0x1003, 
  0x1003, 0x1003, 0x1003, 0x1003, 0x1003, 0x1003, 0x1003, 0x1003, 0x1003, 0x1003, 0x1003, 0x1003, 
  0x1003, 0x1003, 0x1003, 0x1003, 0x1003, 0x1003, 0x1003, 0x1003, 0x1003, 0x1003, 0x1003, 0x1003, 
  0x1803, 0x1803, 0x1823, 0x1823, 0x1823, 0x1823, 0x1823, 0x1823, 0x1823, 0x1823, 0x1823, 0x1823, 
  0x1823, 0x1823, 0x1823, 0x1823, 0x1823, 0x1823, 0x1823, 0x1823, 0x1823, 0x1823, 0x1823, 0x1823, 
  0x1823, 0x1823, 0x1823, 0x1823, 0x1823, 0x1823, 0x1823, 0x1823, 0x1823, 0x1823, 0x1823, 0x1823, 
  0x1823, 0x1823, 0x1823, 0x1823, 0x1823, 0x1823, 0x1823, 0x1823, 0x1823, 0x1823, 0x1823, 0x1823, 
  0x1823, 0x1823, 0x1823, 0x1823, 0x1823, 0x1823, 0x1823, 0x1823, 0x1823, 0x1823, 0x1824, 0x1824, 
  0x1824, 0x1824, 0x1844, 0x1824, 0x1824, 0x1824, 0x1824, 0x1824, 0x1824, 0x1824, 0x1844, 0x1844, 
  0x1844, 0x1844, 0x1844, 0x1824, 0x1824, 0x1824, 0x1824, 0x1824, 0x1844, 0x1844, 0x1844, 0x1844, 
  0x1844, 0x1844, 0x1844, 0x1844, 0x1844, 0x1844, 0x1844, 0x1844, 0x1844, 0x1844, 0x1844, 0x1824, 
  0x1824, 0x1824, 0x1824, 0x1824, 0x1824, 0x1844, 0x1844, 0x1844, 0x1844, 0x1844, 0x1844, 0x1844, 
  0x1844, 0x1844, 0x1844, 0x2044, 0x2064, 0x2085, 0x28a5, 0x30c6, 0x30e6, 0x30e6, 0x30e6, 0x28c6, 
  0x28c6, 0x28c6, 0x28c6, 0x28c6, 0x28c6, 0x28a5, 0x28a5, 0x28a5, 0x28a5, 0x28a5, 0x28a5, 0x28a5, 
  0x28a5, 0x28a5, 0x28a5, 0x28a5, 0x28a5, 0x28a5, 0x28a5, 0x28a5, 0x28a5, 0x28a5, 0x28a5, 0x28a5, 
  0x28a5, 0x28a5, 0x28a5, 0x28a5, 0x28a5, 0x2885, 0x2885, 0x2885, 0x2885, 0x2885, 0x2885, 0x2885, 
  0x2885, 0x2085, 0x2085, 0x2085, 0x2085, 0x2085, 0x2085, 0x2085, 0x2085, 0x2085, 0x2085, 0x2085, 
  0x2085, 0x2085, 0x2085, 0x2085, 0x2085, 0x2085, 0x2085, 0x2885, 0x2885, 0x2885, 0x2885, 0x2885, 
  0x2885, 0x2085, 0x2085, 0x2085, 0x2085, 0x2085, 0x2085, 0x2085, 0x2085, 0x2085, 0x2065, 0x2065, 
  0x2065, 0x2065, 0x2065, 0x2065, 0x2065, 0x2065, 0x2064, 0x2064, 0x2064, 0x2064, 0x2064, 0x2064, 
  0x2064, 0x2064, 0x2044, 0x1844, 0x1823, 0x1823, 0x1003, 0x1003, 0x1003, 0x1003, 0x1003, 0x1003, 
  0x1003, 0x1823, 0x1823, 0x1844, 0x1844, 0x2064, 0x2085, 0x2085, 0x2085, 0x2885, 0x28a5, 0x28a5, 
  0x28a5, 0x28a5, 0x28a5, 0x28a5, 0x28a5, 0x28a5, 0x28a5, 0x6ace, 0x4189, 0x28c6, 0x28c6, 0x28c6, 
  0x28c6, 0x28c6, 0x28c6, 0x28c6, 0x28c6, 0x28c6, 0x28c6, 0x28c6, 0x28c6, 0x28c6, 0x28c6, 0x28c6, 
  0x28c6, 0x30c6, 0x30e6, 0x30e6, 0x30e6, 0x30e6, 0x30e6, 0x30e6, 0x30e6, 0x30e6, 0x30e6, 0x30e6, 
  0x30e6, 0x30e6, 0x30e6, 0x30e6, 0x30e6, 0x30c6, 0x30c6, 0x30c6, 0x28c6, 0x28c6, 0x28a6, 0x28a5, 
  0x2885, 0x2085, 0x2065, 0x2064, 0x2064, 0x2045, 0x2846, 0x3048, 0x386a, 0x406b, 0x408b, 0x406a, 
  0x3048, 0x2826, 0x1824, 0x1803, 0x1003, 0x1003, 0x1003, 0x1003, 0x1003, 0x1003, 0x1003, 0x1003, 
  0x1003, 0x1003, 0x1003, 0x1003, 0x1003, 0x1003, 0x1003, 0x1003, 0x1003, 0x1003, 0x1003, 0x1003, 
  0x1003, 0x1003, 0x1003, 0x1003, 0x1003, 0x1003, 0x1003, 0x1003, 0x1803, 0x1823, 0x1823, 0x1823, 
  0x1823, 0x1823, 0x1823, 0x1823, 0x1823, 0x1823, 0x1823, 0x1823, 0x1823, 0x1823, 0x1823, 0x1823, 
  0x1823, 0x1823, 0x1823, 0x1823, 0x1823, 0x1823, 0x1823, 0x1823, 0x1823, 0x1823, 0x1823, 0x1823, 
  0x1823, 0x1823, 0x1823, 0x1823, 0x1823, 0x1823, 0x1823, 0x1823, 0x1823, 0x1823, 0x1823, 0x1823, 
  0x1823, 0x1823, 0x1823, 0x1823, 0x1823, 0x1823, 0x1823, 0x1823, 0x1823, 0x1823, 0x1823, 0x1823, 
  0x1823, 0x1823, 0x1823, 0x1823, 0x1823, 0x1823, 0x1823, 0x1824, 0x1824, 0x1824, 0x1844, 0x1844, 
  0x1824, 0x1824, 0x1824, 0x1824, 0x1824, 0x1824, 0x1824, 0x1844, 0x1844, 0x1844, 0x1844, 0x1824, 
  0x1824, 0x1824, 0x1824, 0x1824, 0x1844, 0x1844, 0x1844, 0x1844, 0x1844, 0x1844, 0x1844, 0x1844, 
  0x1844, 0x1844, 0x1844, 0x1844, 0x1844, 0x1844, 0x1844, 0x1844, 0x1824, 0x1824, 0x1824, 0x1824, 
  0x1824, 0x1844, 0x1844, 0x1844, 0x1844, 0x1844, 0x1844, 0x1844, 0x1844, 0x1844, 0x1844, 0x2044, 
  0x2064, 0x2085, 0x28a5, 0x30c6, 0x30e6, 0x30e6, 0x30c6, 0x28c6, 0x28c6, 0x28c6, 0x28a5, 0x28a5, 
  0x28a5, 0x28a5, 0x28a5, 0x28a5, 0x28a5, 0x28a5, 0x28a5, 0x28a5, 0x28a5, 0x28a5, 0x28a5, 0x28a5, 
  0x28a5, 0x28a5, 0x28a5, 0x28a5, 0x28a5, 0x28a5, 0x28a5, 0x28a5, 0x28a5, 0x28a5, 0x28a5, 0x28a5, 
  0x2885, 0x2885, 0x2885, 0x2885, 0x2885, 0x2885, 0x2885, 0x2885, 0x2885, 0x2085, 0x2085, 0x2085, 
  0x2085, 0x2085, 0x2085, 0x2085, 0x2085, 0x2085, 0x2085, 0x2085, 0x2085, 0x2085, 0x2085, 0x2085, 
  0x2085, 0x2085, 0x2085, 0x2085, 0x2885, 0x2885, 0x2885, 0x2885, 0x2085, 0x2085, 0x2085, 0x2085, 
  0x2085, 0x2085, 0x2085, 0x2085, 0x2085, 0x2065, 0x2065, 0x2065, 0x2065, 0x2065, 0x2065, 0x2065, 
  0x2065, 0x2065, 0x2064, 0x2064, 0x2064, 0x2064, 0x2064, 0x2064, 0x2064, 0x2044, 0x1844, 0x1844, 
  0x1823, 0x1823, 0x1003, 0x1003, 0x1003, 0x1003, 0x1003, 0x1003, 0x1823, 0x1823, 0x1844, 0x1844, 
  0x2064, 0x2085, 0x2085, 0x28a5, 0x28a5, 0x28a5, 0x28a5, 0x28a5, 0x28a5, 0x28a5, 0x28a5, 0x28a5, 
  0x28a5, 0x28a5, 0x28a5, 0x72ee, 0x4189, 0x28c6, 0x28c6, 0x28c6, 0x28c6, 0x28c6, 0x28c6, 0x28c6, 
  0x28c6, 0x28c6, 0x28c6, 0x28c6, 0x28c6, 0x28c6, 0x28c6, 0x28c6, 0x28c6, 0x30c6, 0x30e6, 0x30e6, 
  0x30e6, 0x30e6, 0x30e6, 0x30e6, 0x30e6, 0x30e6, 0x30e6, 0x30e6, 0x30e6, 0x30e6, 0x30e6, 0x30e6, 
  0x30e6, 0x30c6, 0x30c6, 0x30c6, 0x28c6, 0x28c6, 0x28a6, 0x28a6, 0x28a5, 0x2885, 0x2085, 0x2064, 
  0x2064, 0x2045, 0x2846, 0x3068, 0x406a, 0x488c, 0x50ac, 0x488c, 0x406a, 0x3047, 0x2025, 0x1804, 
  0x1003, 0x1003, 0x1003, 0x1003, 0x1003, 0x1003, 0x1003, 0x1003, 0x1003, 0x1003, 0x1003, 0x1003, 
  0x1003, 0x1003, 0x1003, 0x1003, 0x1003, 0x1003, 0x1003, 0x1003, 0x1003, 0x1003, 0x1003, 0x1003, 
  0x1003, 0x1003, 0x1003, 0x1003, 0x1823, 0x1823, 0x1823, 0x1823, 0x1823, 0x1823, 0x1823, 0x1823, 
  0x1823, 0x1823, 0x1823, 0x1823, 0x1823, 0x1823, 0x1823, 0x1823, 0x1823, 0x1823, 0x1823, 0x1823, 
  0x1823, 0x1823, 0x1823, 0x1823, 0x1823, 0x1823, 0x1823, 0x1823, 0x1823, 0x1823, 0x1823, 0x1823, 
  0x1823, 0x1823, 0x1823, 0x1823, 0x1823, 0x1823, 0x1823, 0x1823, 0x1823, 0x1823, 0x1823, 0x1823, 
  0x1823, 0x1823, 0x1823, 0x1823, 0x1823, 0x1823, 0x1823, 0x1823, 0x1823, 0x1823, 0x1823, 0x1823, 
  0x1823, 0x1823, 0x1823, 0x1823, 0x1824, 0x1824, 0x1844, 0x1844, 0x1824, 0x1824, 0x1824, 0x1824, 
  0x1824, 0x1824, 0x1824, 0x1844, 0x1844, 0x1844, 0x1844, 0x1824, 0x1824, 0x1824, 0x1824, 0x1824, 
  0x1844, 0x1844, 0x1844, 0x1844, 0x1844, 0x1844, 0x1844, 0x1844, 0x1844, 0x1844, 0x1844, 0x1844, 
  0x1844, 0x1844, 0x1844, 0x1844, 0x1824, 0x1824, 0x1824, 0x1824, 0x1824, 0x1844, 0x1844, 0x1844, 
  0x1844, 0x1844, 0x1844, 0x1844, 0x1844, 0x1844, 0x1844, 0x2044, 0x2064, 0x2085, 0x28c6, 0x30c6, 
  0x30e6, 0x30e6, 0x28c6, 0x28c6, 0x28a5, 0x28a5, 0x28a5, 0x28a5, 0x28a5, 0x28a5, 0x28a5, 0x28a5, 
  0x28a5, 0x28a5, 0x28a5, 0x28a5, 0x28a5, 0x28a5, 0x28a5, 0x28a5, 0x28a5, 0x28a5, 0x28a5, 0x28a5, 
  0x28a5, 0x28a5, 0x28a5, 0x28a5, 0x28a5, 0x28a5, 0x2885, 0x2885, 0x2885, 0x2885, 0x2885, 0x2885, 
  0x2885, 0x2885, 0x2885, 0x2885, 0x2085, 0x2085, 0x2085, 0x2085, 0x2085, 0x2085, 0x2085, 0x2085, 
  0x2085, 0x2085, 0x2085, 0x2085, 0x2085, 0x2085, 0x2085, 0x2085, 0x2085, 0x2085, 0x2085, 0x2085, 
  0x2085, 0x2085, 0x2885, 0x2085, 0x2085, 0x2085, 0x2085, 0x2085, 0x2085, 0x2085, 0x2085, 0x2085, 
  0x2065, 0x2065, 0x2065, 0x2065, 0x2065, 0x2065, 0x2065, 0x2065, 0x2065, 0x2064, 0x2064, 0x2064, 
  0x2064, 0x2064, 0x2064, 0x2064, 0x2064, 0x2044, 0x1844, 0x1823, 0x1823, 0x1823, 0x1003, 0x1003, 
  0x1003, 0x1003, 0x1003, 0x1823, 0x1823, 0x1823, 0x1844, 0x2064, 0x2085, 0x2085, 0x28a5, 0x28a5, 
  0x28a5, 0x28a5, 0x28a5, 0x28a5, 0x28a5, 0x28a5, 0x28a5, 0x28a5, 0x28a5, 0x28a5, 0x28a5, 0x730f, 
  0x4168, 0x28c6, 0x28c6, 0x28c6, 0x28c6, 0x28c6, 0x28c6, 0x28c6, 0x28c6, 0x28c6, 0x28c6, 0x28c6, 
  0x28c6, 0x28c6, 0x28c6, 0x28c6, 0x28c6, 0x30c6, 0x30e6, 0x30e6, 0x30e6, 0x30e6, 0x30e6, 0x30e6, 
  0x30e6, 0x30e6, 0x30e6, 0x30e6, 0x30e6, 0x30e6, 0x3106, 0x30e6, 0x30e6, 0x30e6, 0x30c6, 0x30c6, 
  0x28c6, 0x28c6, 0x28a6, 0x28a6, 0x28a5, 0x2885, 0x2085, 0x2064, 0x2064, 0x2045, 0x2846, 0x3067, 
  0x4089, 0x48ac, 0x50cd, 0x50ad, 0x488b, 0x3849, 0x2826, 0x1804, 0x1803, 0x1003, 0x1003, 0x1003, 
  0x1003, 0x1003, 0x1003, 0x1003, 0x1003, 0x1003, 0x1003, 0x1003, 0x1003, 0x1003, 0x1003, 0x1003, 
  0x1003, 0x1003, 0x1003, 0x1003, 0x1003, 0x1003, 0x1003, 0x1003, 0x1003, 0x1003, 0x1003, 0x1003, 
  0x1823, 0x1823, 0x1823, 0x1823, 0x1823, 0x1823, 0x1823, 0x1823, 0x1823, 0x1823, 0x1823, 0x1823, 
  0x1823, 0x1823, 0x1823, 0x1823, 0x1823, 0x1823, 0x1823, 0x1823, 0x1823, 0x1823, 0x1823, 0x1823, 
  0x1823, 0x1823, 0x1823, 0x1823, 0x1823, 0x1823, 0x1823, 0x1823, 0x1823, 0x1823, 0x1823, 0x1823, 
  0x1823, 0x1823, 0x1823, 0x1823, 0x1823, 0x1823, 0x1823, 0x1823, 0x1823, 0x1823, 0x1823, 0x1823, 
  0x1823, 0x1823, 0x1823, 0x1823, 0x1823, 0x1823, 0x1823, 0x1823, 0x1823, 0x1823, 0x1823, 0x1823, 
  0x1824, 0x1824, 0x1844, 0x1844, 0x1824, 0x1824, 0x1824, 0x1824, 0x1824, 0x1824, 0x1824, 0x1844, 
  0x1844, 0x1844, 0x1844, 0x1824, 0x1824, 0x1824, 0x1824, 0x1824, 0x1824, 0x1844, 0x1844, 0x1844, 
  0x1844, 0x1844, 0x1844, 0x1844, 0x1844, 0x1844, 0x1844, 0x1844, 0x1844, 0x1844, 0x1844, 0x1844, 
  0x1824, 0x1824, 0x1824, 0x1824, 0x1824, 0x1824, 0x1844, 0x1844, 0x1844, 0x1844, 0x1844, 0x1844, 
  0x1844, 0x1844, 0x1844, 0x2044, 0x2064, 0x2885, 0x28c6, 0x30c6, 0x30e6, 0x28c6, 0x28c6, 0x28c6, 
  0x28a5, 0x28a5, 0x28a5, 0x28a5, 0x28a5, 0x28a5, 0x28a5, 0x28a5, 0x28a5, 0x28a5, 0x28a5, 0x28a5, 
  0x28a5, 0x28a5, 0x28a5, 0x28a5, 0x28a5, 0x28a5, 0x28a5, 0x28a5, 0x28a5, 0x28a5, 0x28a5, 0x28a5, 
  0x28a5, 0x28a5, 0x2885, 0x2885, 0x2885, 0x2885, 0x2885, 0x2885, 0x2885, 0x2885, 0x2085, 0x2085, 
  0x2085, 0x2085, 0x2085, 0x2085, 0x2085, 0x2085, 0x2085, 0x2085, 0x2085, 0x2085, 0x2085, 0x2085, 
  0x2085, 0x2085, 0x2085, 0x2085, 0x2085, 0x2085, 0x2085, 0x2085, 0x2085, 0x2085, 0x2085, 0x2085, 
  0x2085, 0x2085, 0x2085, 0x2085, 0x2085, 0x2085, 0x2085, 0x2065, 0x2065, 0x2065, 0x2065, 0x2065, 
  0x2065, 0x2065, 0x2065, 0x2065, 0x2065, 0x2064, 0x2064, 0x2064, 0x2064, 0x2064, 0x2064, 0x2064, 
  0x2064, 0x2044, 0x1844, 0x1823, 0x1823, 0x1803, 0x1003, 0x1003, 0x1003, 0x1003, 0x1003, 0x1823, 
  0x1823, 0x1844, 0x2064, 0x2064, 0x2085, 0x28a5, 0x28a5, 0x28a5, 0x28a5, 0x28a5, 0x28a5, 0x28a5, 
  0x28a5, 0x28a5, 0x28a5, 0x28a5, 0x28a5, 0x28a5, 0x28a5, 0x7b2f, 0x4168, 0x28c6, 0x28c6, 0x28c6, 
  0x28c6, 0x28c6, 0x28c6, 0x28c6, 0x28c6, 0x28c6, 0x28c6, 0x28c6, 0x28c6, 0x28c6, 0x28c6, 0x28c6, 
  0x28c6, 0x30c6, 0x30e6, 0x30e6, 0x30e6, 0x30e6, 0x30e6, 0x30e6, 0x30e6, 0x30e6, 0x30e6, 0x30e6, 
  0x30e6, 0x3107, 0x3106, 0x30e6, 0x30e6, 0x30e6, 0x30c6, 0x30c6, 0x30c6, 0x28c6, 0x28a6, 0x28a6, 
  0x28a5, 0x2885, 0x2085, 0x2064, 0x2064, 0x2064, 0x2845, 0x3067, 0x3889, 0x48ab, 0x50cd, 0x50ad, 
  0x488c, 0x3869, 0x2827, 0x2005, 0x1804, 0x1003, 0x1003, 0x1003, 0x1003, 0x1003, 0x1003, 0x1003, 
  0x1003, 0x1003, 0x1003, 0x1003, 0x1003, 0x1003, 0x1003, 0x1003, 0x1003, 0x1003, 0x1003, 0x1003, 
  0x1003, 0x1003, 0x1003, 0x1003, 0x1003, 0x1003, 0x1003, 0x1003, 0x1823, 0x1823, 0x1823, 0x1823, 
  0x1823, 0x1823, 0x1823, 0x1823, 0x1823, 0x1823, 0x1823, 0x1823, 0x1823, 0x1823, 0x1823, 0x1823, 
  0x1823, 0x1823, 0x1823, 0x1823, 0x1823, 0x1823, 0x1823, 0x1823, 0x1823, 0x1823, 0x1823, 0x1823, 
  0x1823, 0x1823, 0x1823, 0x1823, 0x1823, 0x1823, 0x1823, 0x1823, 0x1823, 0x1823, 0x1823, 0x1823, 
  0x1823, 0x1823, 0x1823, 0x1823, 0x1823, 0x1823, 0x1823, 0x1823, 0x1823, 0x1823, 0x1823, 0x1823, 
  0x1823, 0x1823, 0x1823, 0x1823, 0x1823, 0x1823, 0x1823, 0x1823, 0x1824, 0x1824, 0x1844, 0x1844, 
  0x1824, 0x1824, 0x1824, 0x1824, 0x1824, 0x1824, 0x1824, 0x1824, 0x1844, 0x1844, 0x1844, 0x1844, 
  0x1824, 0x1824, 0x1824, 0x1824, 0x1824, 0x1844, 0x1844, 0x1844, 0x1844, 0x1844, 0x1844, 0x1844, 
  0x1844, 0x1844, 0x1844, 0x1844, 0x1844, 0x1844, 0x1844, 0x1844, 0x1824, 0x1824, 0x1824, 0x1824, 
  0x1824, 0x1824, 0x1844, 0x1844, 0x1844, 0x1844, 0x1844, 0x1844, 0x1844, 0x1844, 0x1844, 0x2044, 
  0x2065, 0x28a5, 0x28c6, 0x30c6, 0x30c6, 0x28c6, 0x28c6, 0x28a5, 0x28a5, 0x28a5, 0x28a5, 0x28a5, 
  0x28a5, 0x28a5, 0x28a5, 0x28a5, 0x28a5, 0x28a5, 0x28a5, 0x28a5, 0x28a5, 0x28a5, 0x28a5, 0x28a5, 
  0x28a5, 0x28a5, 0x28a5, 0x28a5, 0x28a5, 0x28a5, 0x28a5, 0x28a5, 0x28a5, 0x28a5, 0x2885, 0x2885, 
  0x2885, 0x2885, 0x2885, 0x2885, 0x2885, 0x2885, 0x2085, 0x2085, 0x2085, 0x2085, 0x2085, 0x2085, 
  0x2085, 0x2085, 0x2085, 0x2085, 0x2085, 0x2085, 0x2085, 0x2085, 0x2085, 0x2085, 0x2085, 0x2085, 
  0x2085, 0x2085, 0x2085, 0x2085, 0x2085, 0x2085, 0x2085, 0x2085, 0x2085, 0x2085, 0x2085, 0x2085, 
  0x2085, 0x2085, 0x2085, 0x2065, 0x2065, 0x2065, 0x2065, 0x2065, 0x2065, 0x2065, 0x2065, 0x2065, 
  0x2064, 0x2064, 0x2064, 0x2064, 0x2064, 0x2064, 0x2064, 0x2064, 0x2064, 0x2044, 0x1844, 0x1823, 
  0x1823, 0x1003, 0x1003, 0x1003, 0x1003, 0x1003, 0x1823, 0x1823, 0x1824, 0x1844, 0x2064, 0x2085, 
  0x28a5, 0x28a5, 0x28a5, 0x28a5, 0x28a5, 0x28a5, 0x28a5, 0x28a5, 0x28a5, 0x28a5, 0x28a5, 0x28a5, 
  0x28a5, 0x28a5, 0x28a5, 0x8370, 0x3948, 0x28c6, 0x28c6, 0x28c6, 0x28c6, 0x28c6, 0x28c6, 0x28c6, 
  0x28c6, 0x28c6, 0x28c6, 0x28c6, 0x28c6, 0x28c6, 0x28c6, 0x28c6, 0x28c6, 0x30c6, 0x30e6, 0x30e6, 
  0x30e6, 0x30e6, 0x30e6, 0x30e6, 0x30e6, 0x30e6, 0x30e6, 0x30e6, 0x30e6, 0x3107, 0x3106, 0x30e6, 
  0x30e6, 0x30e6, 0x30c6, 0x30c6, 0x30c6, 0x28c6, 0x28c6, 0x28a6, 0x28a5, 0x2885, 0x2085, 0x2065, 
  0x2064, 0x2064, 0x2045, 0x2866, 0x3888, 0x48aa, 0x50ac, 0x50ad, 0x488c, 0x406a, 0x3027, 0x2005, 
  0x1804, 0x1003, 0x1003, 0x1003, 0x1003, 0x1003, 0x1003, 0x1003, 0x1003, 0x1003, 0x1003, 0x1003, 
  0x1003, 0x1003, 0x1003, 0x1003, 0x1003, 0x1003, 0x1003, 0x1003, 0x1003, 0x1003, 0x1003, 0x1003, 
  0x1003, 0x1003, 0x1003, 0x1003, 0x1823, 0x1823, 0x1823, 0x1823, 0x1823, 0x1823, 0x1823, 0x1823, 
  0x1823, 0x1823, 0x1823, 0x1823, 0x1823, 0x1823, 0x1823, 0x1823, 0x1823, 0x1823, 0x1823, 0x1823, 
  0x1823, 0x1823, 0x1823, 0x1823, 0x1823, 0x1823, 0x1823, 0x1823, 0x1823, 0x1823, 0x1823, 0x1823, 
  0x1823, 0x1823, 0x1823, 0x1823, 0x1823, 0x1823, 0x1823, 0x1823, 0x1823, 0x1823, 0x1823, 0x1823, 
  0x1823, 0x1823, 0x1823, 0x1823, 0x1823, 0x1823, 0x1823, 0x1823, 0x1823, 0x1823, 0x1823, 0x1823, 
  0x1823, 0x1823, 0x1823, 0x1823, 0x1824, 0x1824, 0x1844, 0x1844, 0x1824, 0x1823, 0x1823, 0x1824, 
  0x1824, 0x1824, 0x1824, 0x1824, 0x1844, 0x1844, 0x1844, 0x1844, 0x1844, 0x1824, 0x1824, 0x1824, 
  0x1824, 0x1824, 0x1844, 0x1844, 0x1844, 0x1844, 0x1844, 0x1844, 0x1844, 0x1844, 0x1844, 0x1844, 
  0x1844, 0x1844, 0x1844, 0x1844, 0x1824, 0x1824, 0x1824, 0x1824, 0x1824, 0x1824, 0x1844, 0x1844, 
  0x1844, 0x1844, 0x1844, 0x1844, 0x1844, 0x1844, 0x2044, 0x2064, 0x2065, 0x28a5, 0x28c6, 0x30c6, 
  0x28c6, 0x28c6, 0x28c6, 0x28a5, 0x28a5, 0x28a5, 0x28a5, 0x28a5, 0x28a5, 0x28a5, 0x28a5, 0x28a5, 
  0x28a5, 0x28a5, 0x28a5, 0x28a5, 0x28a5, 0x28a5, 0x28a5, 0x28a5, 0x28a5, 0x28a5, 0x28a5, 0x28a5, 
  0x28a5, 0x28a5, 0x28a5, 0x28a5, 0x28a5, 0x28a5, 0x2885, 0x2885, 0x2885, 0x2885, 0x2885, 0x2885, 
  0x2885, 0x2885, 0x2085, 0x2085, 0x2085, 0x2085, 0x2085, 0x2085, 0x2085, 0x2085, 0x2085, 0x2085, 
  0x2085, 0x2085, 0x2085, 0x2085, 0x2085, 0x2085, 0x2085, 0x2085, 0x2085, 0x2085, 0x2085, 0x2085, 
  0x2085, 0x2085, 0x2085, 0x2085, 0x2085, 0x2085, 0x2085, 0x2085, 0x2085, 0x2085, 0x2065, 0x2065, 
  0x2065, 0x2065, 0x2065, 0x2065, 0x2065, 0x2065, 0x2065, 0x2064, 0x2064, 0x2064, 0x2064, 0x2064, 
  0x2064, 0x2064, 0x2064, 0x2064, 0x2064, 0x2044, 0x1844, 0x1823, 0x1823, 0x1003, 0x1003, 0x1003, 
  0x1003, 0x1003, 0x1823, 0x1823, 0x1844, 0x2064, 0x2064, 0x2085, 0x28a5, 0x28a5, 0x28a5, 0x28a5, 
  0x28a5, 0x28a5, 0x28a5, 0x28a5, 0x28a5, 0x28a5, 0x28a5, 0x28a5, 0x28a5, 0x28a5, 0x28a5, 0x8391, 
  0x3927, 0x28c6, 0x28c6, 0x28c6, 0x28c6, 0x28c6, 0x28c6, 0x28c6, 0x28c6, 0x28c6, 0x28c6, 0x28c6, 
  0x28c6, 0x28c6, 0x28c6, 0x28c6, 0x28c6, 0x30c6, 0x30e6, 0x30e6, 0x30e6, 0x30e6, 0x30e6, 0x30e6, 
  0x30e6, 0x30e6, 0x30e6, 0x30e6, 0x3106, 0x3107, 0x3107, 0x30e6, 0x30e6, 0x30e6, 0x30c6, 0x30c6, 
  0x30c6, 0x28c6, 0x28c6, 0x28a6, 0x28a5, 0x28a5, 0x2085, 0x2085, 0x2064, 0x2064, 0x2045, 0x2866, 
  0x3088, 0x408a, 0x50ac, 0x50ad, 0x488c, 0x406a, 0x3028, 0x2006, 0x1804, 0x1003, 0x1003, 0x1003, 
  0x1003, 0x1003, 0x1003, 0x1003, 0x1003, 0x1003, 0x1003, 0x1003, 0x1003, 0x1003, 0x1003, 0x1003, 
  0x1003, 0x1003, 0x1003, 0x1003, 0x1003, 0x1003, 0x1003, 0x1003, 0x1003, 0x1003, 0x1003, 0x1003, 
  0x1823, 0x1823, 0x1823, 0x1823, 0x1823, 0x1823, 0x1823, 0x1823, 0x1823, 0x1823, 0x1823, 0x1823, 
  0x1823, 0x1823, 0x1823, 0x1823, 0x1823, 0x1823, 0x1823, 0x1823, 0x1823, 0x1823, 0x1823, 0x1823, 
  0x1823, 0x1823, 0x1823, 0x1823, 0x1823, 0x1823, 0x1823, 0x1823, 0x1823, 0x1823, 0x1823, 0x1823, 
  0x1823, 0x1823, 0x1823, 0x1823, 0x1823, 0x1823, 0x1823, 0x1823, 0x1823, 0x1823, 0x1823, 0x1823, 
  0x1823, 0x1823, 0x1823, 0x1823, 0x1823, 0x1823, 0x1823, 0x1823, 0x1823, 0x1823, 0x1823, 0x1823, 
  0x1824, 0x1824, 0x1844, 0x1844, 0x1824, 0x1823, 0x1823, 0x1824, 0x1824, 0x1824, 0x1824, 0x1824, 
  0x1844, 0x1844, 0x1844, 0x1844, 0x1844, 0x1824, 0x1824, 0x1824, 0x1824, 0x1824, 0x1844, 0x1844, 
  0x1844, 0x1844, 0x1844, 0x1844, 0x1844, 0x1844, 0x1844, 0x1844, 0x1844, 0x1844, 0x1844, 0x1844, 
  0x1824, 0x1824, 0x1824, 0x1824, 0x1824, 0x1824, 0x1824, 0x1844, 0x1844, 0x1844, 0x1844, 0x1844, 
  0x1844, 0x1844, 0x2044, 0x2064, 0x2065, 0x28a5, 0x28c6, 0x28c6, 0x28c6, 0x28c6, 0x28a6, 0x28a5, 
  0x28a5, 0x28a5, 0x28a5, 0x28a5, 0x28a5, 0x28a5, 0x28a5, 0x28a5, 0x28a5, 0x28a5, 0x28a5, 0x28a5, 
  0x28a5, 0x28a5, 0x28a5, 0x28a5, 0x28a5, 0x28a5, 0x28a5, 0x28a5, 0x28a5, 0x28a5, 0x28a5, 0x28a5, 
  0x28a5, 0x2885, 0x2885, 0x2885, 0x2885, 0x2885, 0x2885, 0x2885, 0x2085, 0x2085, 0x2085, 0x2085, 
  0x2085, 0x2085, 0x2085, 0x2085, 0x2085, 0x2085, 0x2085, 0x2085, 0x2085, 0x2085, 0x2085, 0x2085, 
  0x2085, 0x2085, 0x2085, 0x2085, 0x2085, 0x2085, 0x2085, 0x2085, 0x2085, 0x2085, 0x2085, 0x2085, 
  0x2085, 0x2085, 0x2085, 0x2085, 0x2085, 0x2085, 0x2065, 0x2065, 0x2065, 0x2065, 0x2065, 0x2065, 
  0x2065, 0x2065, 0x2065, 0x2064, 0x2064, 0x2064, 0x2064, 0x2064, 0x2064, 0x2064, 0x2064, 0x2064, 
  0x2044, 0x2044, 0x1824, 0x1823, 0x1823, 0x1003, 0x1003, 0x1003, 0x1003, 0x1003, 0x1823, 0x1823, 
  0x1844, 0x2064, 0x2085, 0x2085, 0x28a5, 0x28a5, 0x28a5, 0x28a5, 0x28a5, 0x28a5, 0x28a5, 0x28a5, 
  0x28a5, 0x28a5, 0x28a5, 0x28a5, 0x28a5, 0x28a5, 0x28a5, 0x8bd2, 0x3107, 0x28c6, 0x28c6, 0x28c6, 
  0x28c6, 0x28c6, 0x28c6, 0x28c6, 0x28c6, 0x28c6, 0x28c6, 0x28c6, 0x28c6, 0x28c6, 0x28c6, 0x28c6, 
  0x28c6, 0x30c6, 0x30e6, 0x30e6, 0x30e6, 0x30e6, 0x30e6, 0x30e6, 0x30e6, 0x30e6, 0x30e6, 0x30e6, 
  0x3106, 0x3107, 0x3107, 0x30e6, 0x30e6, 0x30e6, 0x30c6, 0x30c6, 0x30c6, 0x28c6, 0x28c6, 0x28a6, 
  0x28a5, 0x28a5, 0x2885, 0x2085, 0x2064, 0x2064, 0x2045, 0x2866, 0x3067, 0x4089, 0x50ab, 0x50ac, 
  0x488c, 0x406a, 0x3028, 0x2006, 0x1804, 0x1803, 0x1003, 0x1003, 0x1003, 0x1003, 0x1003, 0x1003, 
  0x1003, 0x1003, 0x1003, 0x1003, 0x1003, 0x1003, 0x1003, 0x1003, 0x1003, 0x1003, 0x1003, 0x1003, 
  0x1003, 0x1003, 0x1003, 0x1003, 0x1003, 0x1003, 0x1003, 0x1003, 0x1823, 0x1823, 0x1823, 0x1823, 
  0x1823, 0x1823, 0x1823, 0x1823, 0x1823, 0x1823, 0x1823, 0x1823, 0x1823, 0x1823, 0x1823, 0x1823, 
  0x1823, 0x1823, 0x1823, 0x1823, 0x1823, 0x1823, 0x1823, 0x1823, 0x1823, 0x1823, 0x1823, 0x1823, 
  0x1823, 0x1823, 0x1823, 0x1823, 0x1823, 0x1823, 0x1823, 0x1823, 0x1823, 0x1823, 0x1823, 0x1823, 
  0x1823, 0x1823, 0x1823, 0x1823, 0x1823, 0x1823, 0x1823, 0x1823, 0x1823, 0x1823, 0x1823, 0x1823, 
  0x1823, 0x1823, 0x1823, 0x1823, 0x1823, 0x1823, 0x1823, 0x1823, 0x1824, 0x1824, 0x1844, 0x1844, 
  0x1824, 0x1823, 0x1823, 0x1824, 0x1824, 0x1824, 0x1824, 0x1824, 0x1844, 0x1844, 0x1844, 0x1844, 
  0x1844, 0x1824, 0x1824, 0x1824, 0x1824, 0x1824, 0x1844, 0x1844, 0x1844, 0x1844, 0x1844, 0x1844, 
  0x1844, 0x1844, 0x1844, 0x1844, 0x1844, 0x1844, 0x1844, 0x1844, 0x1824, 0x1824, 0x1824, 0x1824, 
  0x1824, 0x1824, 0x1824, 0x1844, 0x1844, 0x1844, 0x1844, 0x1844, 0x1844, 0x1844, 0x2044, 0x2064, 
  0x2085, 0x28a5, 0x28c6, 0x28c6, 0x28c6, 0x28c6, 0x28a6, 0x28a5, 0x28a5, 0x28a5, 0x28a5, 0x28a5, 
  0x28a5, 0x28a5, 0x28a5, 0x28a5, 0x28a5, 0x28a5, 0x28a5, 0x28a5, 0x28a5, 0x28a5, 0x28a5, 0x28a5, 
  0x28a5, 0x28a5, 0x28a5, 0x28a5, 0x28a5, 0x28a5, 0x28a5, 0x28a5, 0x2885, 0x2885, 0x2885, 0x2885, 
  0x2885, 0x2885, 0x2885, 0x2885, 0x2085, 0x2085, 0x2085, 0x2085, 0x2085, 0x2085, 0x2085, 0x2085, 
  0x2085, 0x2085, 0x2085, 0x2085, 0x2085, 0x2085, 0x2085, 0x2085, 0x2085, 0x2085, 0x2085, 0x2085, 
  0x2085, 0x2085, 0x2085, 0x2085, 0x2085, 0x2085, 0x2085, 0x2085, 0x2085, 0x2085, 0x2085, 0x2085, 
  0x2085, 0x2085, 0x2065, 0x2065, 0x2065, 0x2065, 0x2065, 0x2065, 0x2065, 0x2065, 0x2065, 0x2064, 
  0x2064, 0x2064, 0x2064, 0x2064, 0x2064, 0x2064, 0x2064, 0x2064, 0x2044, 0x1844, 0x1824, 0x1823, 
  0x1823, 0x1003, 0x1003, 0x1003, 0x1003, 0x1003, 0x1823, 0x1823, 0x1844, 0x2064, 0x2085, 0x20a5, 
  0x28a5, 0x28a5, 0x28a5, 0x28a5, 0x28a5, 0x28a5, 0x28a5, 0x28a5, 0x28a5, 0x28a5, 0x28a5, 0x28a5, 
  0x28a5, 0x28a5, 0x28a5, 0x9413, 0x30e6, 0x28c6, 0x28c6, 0x28c6, 0x28c6, 0x28c6, 0x28c6, 0x28c6, 
  0x28c6, 0x28c6, 0x28c6, 0x28c6, 0x28c6, 0x28c6, 0x28c6, 0x28c6, 0x28c6, 0x30c6, 0x30e6, 0x30e6, 
  0x30e6, 0x30e6, 0x30e6, 0x30e6, 0x30e6, 0x30e6, 0x30e6, 0x30e6, 0x3107, 0x3107, 0x3107, 0x30e6, 
  0x30e6, 0x30e6, 0x30c6, 0x30c6, 0x30c6, 0x28c6, 0x28c6, 0x28a6, 0x28a6, 0x28a5, 0x2885, 0x2085, 
  0x2064, 0x2064, 0x2045, 0x2866, 0x3067, 0x4089, 0x50ab, 0x50ac, 0x488c, 0x406a, 0x3028, 0x2006, 
  0x1804, 0x1803, 0x1003, 0x1003, 0x1003, 0x1003, 0x1003, 0x1003, 0x1003, 0x1003, 0x1003, 0x1003, 
  0x1003, 0x1003, 0x1003, 0x1003, 0x1003, 0x1003, 0x1003, 0x1003, 0x1003, 0x1003, 0x1003, 0x1003, 
  0x1003, 0x1003, 0x1003, 0x1003, 0x1823, 0x1823, 0x1823, 0x1823, 0x1823, 0x1823, 0x1823, 0x1823, 
  0x1823, 0x1823, 0x1823, 0x1823, 0x1823, 0x1823, 0x1823, 0x1823, 0x1823, 0x1823, 0x1823, 0x1823, 
  0x1823, 0x1823, 0x1823, 0x1823, 0x1823, 0x1823, 0x1823, 0x1823, 0x1823, 0x1823, 0x1823, 0x1823, 
  0x1823, 0x1823, 0x1823, 0x1823, 0x1823, 0x1823, 0x1823, 0x1823, 0x1823, 0x1823, 0x1823, 0x1823, 
  0x1823, 0x1823, 0x1823, 0x1823, 0x1823, 0x1823, 0x1823, 0x1823, 0x1823, 0x1823, 0x1823, 0x1823, 
  0x1823, 0x1823, 0x1823, 0x1823, 0x1824, 0x1824, 0x1844, 0x1844, 0x1824, 0x1823, 0x1823, 0x1824, 
  0x1824, 0x1824, 0x1824, 0x1824, 0x1844, 0x1844, 0x1844, 0x1844, 0x1844, 0x1824, 0x1824, 0x1824, 
  0x1824, 0x1824, 0x1844, 0x1844, 0x1844, 0x1844, 0x1844, 0x1844, 0x1844, 0x1844, 0x1844, 0x1844, 
  0x1844, 0x1844, 0x1844, 0x1844, 0x1824, 0x1824, 0x1824, 0x1824, 0x1824, 0x1824, 0x1824, 0x1844, 
  0x1844, 0x1844, 0x1844, 0x1844, 0x1844, 0x1844, 0x2044, 0x2064, 0x2085, 0x28a5, 0x28c6, 0x28c6, 
  0x28c6, 0x28c6, 0x28a6, 0x28a5, 0x28a5, 0x28a5, 0x28a5, 0x28a5, 0x28a5, 0x28a5, 0x28a5, 0x28a5, 
  0x28a5, 0x28a5, 0x28a5, 0x28a5, 0x28a5, 0x28a5, 0x28a5, 0x28a5, 0x28a5, 0x28a5, 0x28a5, 0x28a5, 
  0x28a5, 0x28a5, 0x28a5, 0x28a5, 0x2885, 0x2885, 0x2885, 0x2885, 0x2885, 0x2885, 0x2885, 0x2885, 
  0x2085, 0x2085, 0x2085, 0x2085, 0x2085, 0x2085, 0x2085, 0x2085, 0x2085, 0x2085, 0x2085, 0x2085, 
  0x2085, 0x2085, 0x2085, 0x2085, 0x2085, 0x2085, 0x2085, 0x2085, 0x2085, 0x2085, 0x2085, 0x2085, 
  0x2085, 0x2085, 0x2085, 0x2085, 0x2085, 0x2085, 0x2085, 0x2085, 0x2085, 0x2085, 0x2065, 0x2065, 
  0x2065, 0x2065, 0x2065, 0x2065, 0x2065, 0x2065, 0x2065, 0x2064, 0x2064, 0x2064, 0x2064, 0x2064, 
  0x2064, 0x2064, 0x2064, 0x2064, 0x2044, 0x1844, 0x1824, 0x1823, 0x1823, 0x1003, 0x1003, 0x1003, 
  0x1003, 0x1003, 0x1823, 0x1823, 0x1844, 0x2064, 0x2085, 0x2085, 0x28a5, 0x28a5, 0x28a5, 0x28a5, 
  0x28a5, 0x28a5, 0x28a5, 0x28a5, 0x28a5, 0x28a5, 0x28a5, 0x28a5, 0x28a5, 0x28a5, 0x28a5, 0x9c33, 
  0x28c6, 0x28c6, 0x28c6, 0x28c6, 0x28c6, 0x28c6, 0x28c6, 0x28c6, 0x28c6, 0x28c6, 0x28c6, 0x28c6, 
  0x28c6, 0x28c6, 0x28c6, 0x28c6, 0x28c6, 0x30c6, 0x30e6, 0x30e6, 0x30e6, 0x30e6, 0x30e6, 0x30e6, 
  0x30e6, 0x30e6, 0x30e6, 0x30e6, 0x3106, 0x3107, 0x3107, 0x30e6, 0x30e6, 0x30e6, 0x30c6, 0x30c6, 
  0x30c6, 0x28c6, 0x28c6, 0x28a6, 0x28a5, 0x2885, 0x2085, 0x2085, 0x2064, 0x2064, 0x2045, 0x2866, 
  0x3887, 0x408a, 0x50ac, 0x50ad, 0x488c, 0x406a, 0x3028, 0x2006, 0x1804, 0x1003, 0x1003, 0x1003, 
  0x1003, 0x1003, 0x1003, 0x1003, 0x1003, 0x1003, 0x1003, 0x1003, 0x1003, 0x1003, 0x1003, 0x1003, 
  0x1003, 0x1003, 0x1003, 0x1003, 0x1003, 0x1003, 0x1003, 0x1003, 0x1003, 0x1003, 0x1003, 0x1003, 
  0x1823, 0x1823, 0x1823, 0x1823, 0x1823, 0x1823, 0x1823, 0x1823, 0x1823, 0x1823, 0x1823, 0x1823, 
  0x1823, 0x1823, 0x1823, 0x1823, 0x1823, 0x1823, 0x1823, 0x1823, 0x1823, 0x1823, 0x1823, 0x1823, 
  0x1823, 0x1823, 0x1823, 0x1823, 0x1823, 0x1823, 0x1823, 0x1823, 0x1823, 0x1823, 0x1823, 0x1823, 
  0x1823, 0x1823, 0x1823, 0x1823, 0x1823, 0x1823, 0x1823, 0x1823, 0x1823, 0x1823, 0x1823, 0x1823, 
  0x1823, 0x1823, 0x1823, 0x1823, 0x1823, 0x1823, 0x1823, 0x1823, 0x1823, 0x1823, 0x1823, 0x1823, 
  0x1824, 0x1824, 0x1844, 0x1844, 0x1824, 0x1823, 0x1823, 0x1824, 0x1824, 0x1824, 0x1824, 0x1824, 
  0x1844, 0x1844, 0x1844, 0x1844, 0x1844, 0x1824, 0x1824, 0x1824, 0x1824, 0x1824, 0x1844, 0x1844, 
  0x1844, 0x1844, 0x1844, 0x1844, 0x1844, 0x1844, 0x1844, 0x1844, 0x1844, 0x1844, 0x1844, 0x1844, 
  0x1824, 0x1824, 0x1824, 0x1824, 0x1824, 0x1824, 0x1824, 0x1844, 0x1844, 0x1844, 0x1844, 0x1844, 
  0x1844, 0x1844, 0x2044, 0x2064, 0x2065, 0x28a5, 0x28c6, 0x30c6, 0x28c6, 0x28c6, 0x28a6, 0x28a5, 
  0x28a5, 0x28a5, 0x28a5, 0x28a5, 0x28a5, 0x28a5, 0x28a5, 0x28a5, 0x28a5, 0x28a5, 0x28a5, 0x28a5, 
  0x28a5, 0x28a5, 0x28a5, 0x28a5, 0x28a5, 0x28a5, 0x28a5, 0x28a5, 0x28a5, 0x28a5, 0x28a5, 0x28a5, 
  0x28a5, 0x2885, 0x2885, 0x2885, 0x2885, 0x2885, 0x2885, 0x2885, 0x2885, 0x2885, 0x2085, 0x2085, 
  0x2085, 0x2085, 0x2085, 0x2085, 0x2085, 0x2085, 0x2085, 0x2085, 0x2085, 0x2085, 0x2085, 0x2085, 
  0x2085, 0x2085, 0x2085, 0x2085, 0x2085, 0x2085, 0x2085, 0x2085, 0x2085, 0x2085, 0x2085, 0x2085, 
  0x2085, 0x2085, 0x2085, 0x2085, 0x2085, 0x2085, 0x2065, 0x2065, 0x2065, 0x2065, 0x2065, 0x2065, 
  0x2065, 0x2065, 0x2065, 0x2064, 0x2064, 0x2064, 0x2064, 0x2064, 0x2064, 0x2064, 0x2064, 0x2064, 
  0x2044, 0x2044, 0x1824, 0x1823, 0x1823, 0x1003, 0x1003, 0x1003, 0x1003, 0x1003, 0x1823, 0x1823, 
  0x1844, 0x2064, 0x2085, 0x2085, 0x28a5, 0x28a5, 0x28a5, 0x28a5, 0x28a5, 0x28a5, 0x28a5, 0x28a5, 
  0x28a5, 0x28a5, 0x28a5, 0x28a5, 0x28a5, 0x28a5, 0x28a5, 0xa454, 0x28c6, 0x28c6, 0x28c6, 0x28c6, 
  0x28c6, 0x28c6, 0x28c6, 0x28c6, 0x28c6, 0x28c6, 0x28c6, 0x28c6, 0x28c6, 0x28c6, 0x28c6, 0x28c6, 
  0x28c6, 0x30c6, 0x30e6, 0x30e6, 0x30e6, 0x30e6, 0x30e6, 0x30e6, 0x30e6, 0x30e6, 0x30e6, 0x30e6, 
  0x30e6, 0x3107, 0x3107, 0x30e6, 0x30e6, 0x30e6, 0x30c6, 0x30c6, 0x30c6, 0x28c6, 0x28c6, 0x28a6, 
  0x28a5, 0x2885, 0x2085, 0x2085, 0x2064, 0x2064, 0x2045, 0x2866, 0x3888, 0x48aa, 0x50ac, 0x50ad, 
  0x488c, 0x406a, 0x2828, 0x2006, 0x1804, 0x1003, 0x1003, 0x1003, 0x1003, 0x1003, 0x1003, 0x1003, 
  0x1003, 0x1003, 0x1003, 0x1003, 0x1003, 0x1003, 0x1003, 0x1003, 0x1003, 0x1003, 0x1003, 0x1003, 
  0x1003, 0x1003, 0x1003, 0x1003, 0x1003, 0x1003, 0x1003, 0x1003, 0x1823, 0x1823, 0x1823, 0x1823, 
  0x1823, 0x1823, 0x1823, 0x1823, 0x1823, 0x1823, 0x1823, 0x1823, 0x1823, 0x1823, 0x1823, 0x1823, 
  0x1823, 0x1823, 0x1823, 0x1823, 0x1823, 0x1823, 0x1823, 0x1823, 0x1823, 0x1823, 0x1823, 0x1823, 
  0x1823, 0x1823, 0x1823, 0x1823, 0x1823, 0x1823, 0x1823, 0x1823, 0x1823, 0x1823, 0x1823, 0x1823, 
  0x1823, 0x1823, 0x1823, 0x1823, 0x1823, 0x1823, 0x1823, 0x1823, 0x1823, 0x1823, 0x1823, 0x1823, 
  0x1823, 0x1823, 0x1823, 0x1823, 0x1823, 0x1823, 0x1823, 0x1823, 0x1824, 0x1824, 0x1844, 0x1844, 
  0x1824, 0x1823, 0x1823, 0x1824, 0x1824, 0x1824, 0x1824, 0x1824, 0x1844, 0x1844, 0x1844, 0x1844, 
  0x1844, 0x1824, 0x1824, 0x1824, 0x1824, 0x1824, 0x1844, 0x1844, 0x1844, 0x1844, 0x1844, 0x1844, 
  0x1844, 0x1844, 0x1844, 0x1844, 0x1844, 0x1844, 0x1844, 0x1844, 0x1824, 0x1824, 0x1824, 0x1824, 
  0x1824, 0x1824, 0x1844, 0x1844, 0x1844, 0x1844, 0x1844, 0x1844, 0x1844, 0x1844, 0x2044, 0x2064, 
  0x2065, 0x28a5, 0x28c6, 0x30c6, 0x28c6, 0x28c6, 0x28c6, 0x28a5, 0x28a5, 0x28a5, 0x28a5, 0x28a5, 
  0x28a5, 0x28a5, 0x28a5, 0x28a5, 0x28a5, 0x28a5, 0x28a5, 0x28a5, 0x28a5, 0x28a5, 0x28a5, 0x28a5, 
  0x28a5, 0x28a5, 0x28a5, 0x28a5, 0x28a5, 0x28a5, 0x28a5, 0x28a5, 0x28a5, 0x2885, 0x2885, 0x2885, 
  0x2885, 0x2885, 0x2885, 0x2885, 0x2885, 0x2885, 0x2085, 0x2085, 0x2085, 0x2085, 0x2085, 0x2085, 
  0x2085, 0x2085, 0x2085, 0x2085, 0x2085, 0x2085, 0x2085, 0x2085, 0x2085, 0x2085, 0x2085, 0x2085, 
  0x2085, 0x2085, 0x2085, 0x2085, 0x2085, 0x2085, 0x2085, 0x2085, 0x2085, 0x2085, 0x2085, 0x2085, 
  0x2085, 0x2085, 0x2065, 0x2065, 0x2065, 0x2065, 0x2065, 0x2065, 0x2065, 0x2065, 0x2065, 0x2064, 
  0x2064, 0x2064, 0x2064, 0x2064, 0x2064, 0x2064, 0x2064, 0x2064, 0x2064, 0x2044, 0x1844, 0x1823, 
  0x1823, 0x1003, 0x1003, 0x1003, 0x1003, 0x1003, 0x1823, 0x1823, 0x1844, 0x1864, 0x2065, 0x2085, 
  0x28a5, 0x28a5, 0x28a5, 0x28a5, 0x28a5, 0x28a5, 0x28a5, 0x28a5, 0x28a5, 0x28a5, 0x28a5, 0x28a5, 
  0x28a5, 0x28a5, 0x28a5, 0xa474, 0x28c6, 0x28c6, 0x28c6, 0x28c6, 0x28c6, 0x28c6, 0x28c6, 0x28c6, 
  0x28c6, 0x28c6, 0x28c6, 0x28c6, 0x28c6, 0x28c6, 0x28c6, 0x28c6, 0x28c6, 0x30c6, 0x30e6, 0x30e6, 
  0x30e6, 0x30e6, 0x30e6, 0x30e6, 0x30e6, 0x30e6, 0x30e6, 0x30e6, 0x30e6, 0x3107, 0x3107, 0x30e6, 
  0x30e6, 0x30e6, 0x30c6, 0x30c6, 0x30c6, 0x28c6, 0x28c6, 0x28a6, 0x28a5, 0x2885, 0x2085, 0x2085, 
  0x2064, 0x2064, 0x2045, 0x2866, 0x3888, 0x48aa, 0x50ac, 0x50ad, 0x488c, 0x386a, 0x2828, 0x2006, 
  0x1804, 0x1003, 0x1003, 0x1003, 0x1003, 0x1003, 0x1003, 0x1003, 0x1003, 0x1003, 0x1003, 0x1003, 
  0x1003, 0x1003, 0x1003, 0x1003, 0x1003, 0x1003, 0x1003, 0x1003, 0x1003, 0x1003, 0x1003, 0x1003, 
  0x1003, 0x1003, 0x1003, 0x1003, 0x1823, 0x1823, 0x1823, 0x1823, 0x1823, 0x1823, 0x1823, 0x1823, 
  0x1823, 0x1823, 0x1823, 0x1823, 0x1823, 0x1823, 0x1823, 0x1823, 0x1823, 0x1823, 0x1823, 0x1823, 
  0x1823, 0x1823, 0x1823, 0x1823, 0x1823, 0x1823, 0x1823, 0x1823, 0x1823, 0x1823, 0x1823, 0x1823, 
  0x1823, 0x1823, 0x1823, 0x1823, 0x1823, 0x1823, 0x1823, 0x1823, 0x1823, 0x1823, 0x1823, 0x1823, 
  0x1823, 0x1823, 0x1823, 0x1823, 0x1823, 0x1823, 0x1823, 0x1823, 0x1823, 0x1823, 0x1823, 0x1823, 
  0x1823, 0x1823, 0x1823, 0x1823, 0x1824, 0x1824, 0x1844, 0x1844, 0x1824, 0x1823, 0x1823, 0x1824, 
  0x1824, 0x1824, 0x1824, 0x1824, 0x1844, 0x1844, 0x1844, 0x1844, 0x1844, 0x1824, 0x1824, 0x1824, 
  0x1824, 0x1824, 0x1844, 0x1844, 0x1844, 0x1844, 0x1844, 0x1844, 0x1844, 0x1844, 0x1844, 0x1844, 
  0x1844, 0x1844, 0x1844, 0x1844, 0x1824, 0x1824, 0x1824, 0x1824, 0x1824, 0x1824, 0x1844, 0x1844, 
  0x1844, 0x1844, 0x1844, 0x1844, 0x1844, 0x1844, 0x2044, 0x2064, 0x2065, 0x28a5, 0x28c6, 0x30c6, 
  0x28c6, 0x28c6, 0x28c6, 0x28a5, 0x28a5, 0x28a5, 0x28a5, 0x28a5, 0x28a5, 0x28a5, 0x28a5, 0x28a5, 
  0x28a5, 0x28a5, 0x28a5, 0x28a5, 0x28a5, 0x28a5, 0x28a5, 0x28a5, 0x28a5, 0x28a5, 0x28a5, 0x28a5, 
  0x28a5, 0x28a5, 0x28a5, 0x28a5, 0x28a5, 0x28a5, 0x2885, 0x2885, 0x2885, 0x2885, 0x2885, 0x2885, 
  0x2885, 0x2885, 0x2085, 0x2085, 0x2085, 0x2085, 0x2085, 0x2085, 0x2085, 0x2085, 0x2085, 0x2085, 
  0x2085, 0x2085, 0x2085, 0x2085, 0x2085, 0x2085, 0x2085, 0x2085, 0x2085, 0x2085, 0x2085, 0x2085, 
  0x2085, 0x2085, 0x2085, 0x2085, 0x2085, 0x2085, 0x2085, 0x2085, 0x2085, 0x2085, 0x2065, 0x2065, 
  0x2065, 0x2065, 0x2065, 0x2065, 0x2065, 0x2065, 0x2065, 0x2064, 0x2064, 0x2064, 0x2064, 0x2064, 
  0x2064, 0x2064, 0x2064, 0x2064, 0x2064, 0x2044, 0x1844, 0x1823, 0x1823, 0x1003, 0x1003, 0x1003, 
  0x1003, 0x1003, 0x1823, 0x1823, 0x1844, 0x1864, 0x2065, 0x2085, 0x28a5, 0x28a5, 0x28a5, 0x28a5, 
  0x28a5, 0x28a5, 0x28a5, 0x28a5, 0x28a5, 0x28a5, 0x28a5, 0x28a5, 0x28a5, 0x28a5, 0x28a5, 0xa495, 
  0x28a6, 0x28c6, 0x28c6, 0x28c6, 0x28c6, 0x28c6, 0x28c6, 0x28c6, 0x28c6, 0x28c6, 0x28c6, 0x28c6, 
  0x28c6, 0x28c6, 0x28c6, 0x28c6, 0x28c6, 0x30c6, 0x30e6, 0x30e6, 0x30e6, 0x30e6, 0x30e6, 0x30e6, 
  0x30e6, 0x30e6, 0x30e6, 0x30e6, 0x30e6, 0x3107, 0x3107, 0x30e6, 0x30e6, 0x30e6, 0x30c6, 0x30c6, 
  0x30c6, 0x28c6, 0x28c6, 0x28a6, 0x28a5, 0x2885, 0x2085, 0x2085, 0x2064, 0x2064, 0x2045, 0x2866, 
  0x3887, 0x48aa, 0x50ac, 0x50ad, 0x488c, 0x386a, 0x2828, 0x2006, 0x1804, 0x1003, 0x1003, 0x1003, 
  0x1003, 0x1003, 0x1003, 0x1003, 0x1003, 0x1003, 0x1003, 0x1003, 0x1003, 0x1003, 0x1003, 0x1003, 
  0x1003, 0x1003, 0x1003, 0x1003, 0x1003, 0x1003, 0x1003, 0x1003, 0x1003, 0x1003, 0x1003, 0x1003, 
  0x1823, 0x1823, 0x1823, 0x1823, 0x1823, 0x1823, 0x1823, 0x1823, 0x1823, 0x1823, 0x1823, 0x1823, 
  0x1823, 0x1823, 0x1823, 0x1823, 0x1823, 0x1823, 0x1823, 0x1823, 0x1823, 0x1823, 0x1823, 0x1823, 
  0x1823, 0x1823, 0x1823, 0x1823, 0x1823, 0x1823, 0x1823, 0x1823, 0x1823, 0x1823, 0x1823, 0x1823, 
  0x1823, 0x1823, 0x1823, 0x1823, 0x1823, 0x1823, 0x1823, 0x1823, 0x1823, 0x1823, 0x1823, 0x1823, 
  0x1823, 0x1823, 0x1823, 0x1823, 0x1823, 0x1823, 0x1823, 0x1823, 0x1823, 0x1823, 0x1823, 0x1823, 
  0x1824, 0x1824, 0x1844, 0x1844, 0x1824, 0x1823, 0x1823, 0x1824, 0x1824, 0x1824, 0x1824, 0x1824, 
  0x1844, 0x1844, 0x1844, 0x1844, 0x1844, 0x1824, 0x1824, 0x1824, 0x1824, 0x1824, 0x1844, 0x1844, 
  0x1844, 0x1844, 0x1844, 0x1844, 0x1844, 0x1844, 0x1844, 0x1844, 0x1844, 0x1844, 0x1844, 0x1844, 
  0x1824, 0x1824, 0x1824, 0x1824, 0x1824, 0x1824, 0x1824, 0x1844, 0x1844, 0x1844, 0x1844, 0x1844, 
  0x1844, 0x1844, 0x2044, 0x2064, 0x2065, 0x28a5, 0x28c6, 0x30c6, 0x28c6, 0x28c6, 0x28a6, 0x28a5, 
  0x28a5, 0x28a5, 0x28a5, 0x28a5, 0x28a5, 0x28a5, 0x28a5, 0x28a5, 0x28a5, 0x28a5, 0x28a5, 0x28a5, 
  0x28a5, 0x28a5, 0x28a5, 0x28a5, 0x28a5, 0x28a5, 0x28a5, 0x28a5, 0x28a5, 0x28a5, 0x28a5, 0x28a5, 
  0x28a5, 0x2885, 0x2885, 0x2885, 0x2885, 0x2885, 0x2885, 0x2885, 0x2885, 0x2885, 0x2085, 0x2085, 
  0x2085, 0x2085, 0x2085, 0x2085, 0x2085, 0x2085, 0x2085, 0x2085, 0x2085, 0x2085, 0x2085, 0x2085, 
  0x2085, 0x2085, 0x2085, 0x2085, 0x2085, 0x2085, 0x2085, 0x2085, 0x2085, 0x2085, 0x2085, 0x2085, 
  0x2085, 0x2085, 0x2085, 0x2085, 0x2085, 0x2085, 0x2065, 0x2065, 0x2065, 0x2065, 0x2065, 0x2065, 
  0x2065, 0x2065, 0x2065, 0x2064, 0x2064, 0x2064, 0x2064, 0x2064, 0x2064, 0x2064, 0x2064, 0x2064, 
  0x2044, 0x2044, 0x1844, 0x1823, 0x1823, 0x1003, 0x1003, 0x1003, 0x1003, 0x1003, 0x1823, 0x1823, 
  0x1844, 0x1864, 0x2085, 0x2085, 0x28a5, 0x28a5, 0x28a5, 0x28a5, 0x28a5, 0x28a5, 0x28a5, 0x28a5, 
  0x28a5, 0x28a5, 0x28a5, 0x28a5, 0x28a5, 0x28a5, 0x28a5, 0xa495, 0x28c6, 0x28c6, 0x28c6, 0x28c6, 
  0x28c6, 0x28c6, 0x28c6, 0x28c6, 0x28c6, 0x28c6, 0x28c6, 0x28c6, 0x28c6, 0x28c6, 0x28c6, 0x28c6, 
  0x28c6, 0x30c6, 0x30e6, 0x30e6, 0x30e6, 0x30e6, 0x30e6, 0x30e6, 0x30e6, 0x30e6, 0x30e6, 0x30e6, 
  0x3107, 0x3107, 0x3107, 0x30e6, 0x30e6, 0x30e6, 0x30c6, 0x30c6, 0x30c6, 0x28c6, 0x28c6, 0x28a6, 
  0x28a6, 0x28a5, 0x2085, 0x2085, 0x2064, 0x2064, 0x2045, 0x2865, 0x3867, 0x4089, 0x50ab, 0x50ac, 
  0x488c, 0x406a, 0x3028, 0x2006, 0x1804, 0x1003, 0x1003, 0x1003, 0x1003, 0x1003, 0x1003, 0x1003, 
  0x1003, 0x1003, 0x1003, 0x1003, 0x1003, 0x1003, 0x1003, 0x1003, 0x1003, 0x1003, 0x1003, 0x1003, 
  0x1003, 0x1003, 0x1003, 0x1003, 0x1003, 0x1003, 0x1003, 0x1003, 0x1823, 0x1823, 0x1823, 0x1823, 
  0x1823, 0x1823, 0x1823, 0x1823, 0x1823, 0x1823, 0x1823, 0x1823, 0x1823, 0x1823, 0x1823, 0x1823, 
  0x1823, 0x1823, 0x1823, 0x1823, 0x1823, 0x1823, 0x1823, 0x1823, 0x1823, 0x1823, 0x1823, 0x1823, 
  0x1823, 0x1823, 0x1823, 0x1823, 0x1823, 0x1823, 0x1823, 0x1823, 0x1823, 0x1823, 0x1823, 0x1823, 
  0x1823, 0x1823, 0x1823, 0x1823, 0x1823, 0x1823, 0x1823, 0x1823, 0x1823, 0x1823, 0x1823, 0x1823, 
  0x1823, 0x1823, 0x1823, 0x1823, 0x1823, 0x1823, 0x1823, 0x1823, 0x1824, 0x1824, 0x1844, 0x1844, 
  0x1824, 0x1823, 0x1823, 0x1824, 0x1824, 0x1824, 0x1824, 0x1824, 0x1844, 0x1844, 0x1844, 0x1844, 
  0x1844, 0x1824, 0x1824, 0x1824, 0x1824, 0x1824, 0x1844, 0x1844, 0x1844, 0x1844, 0x1844, 0x1844, 
  0x1844, 0x1844, 0x1844, 0x1844, 0x1844, 0x1844, 0x1844, 0x1844, 0x1824, 0x1824, 0x1824, 0x1824, 
  0x1824, 0x1824, 0x1824, 0x1844, 0x1844, 0x1844, 0x1844, 0x1844, 0x1844, 0x1844, 0x2044, 0x2064, 
  0x2085, 0x28a5, 0x28c6, 0x28c6, 0x28c6, 0x28c6, 0x28a6, 0x28a5, 0x28a5, 0x28a5, 0x28a5, 0x28a5, 
  0x28a5, 0x28a5, 0x28a5, 0x28a5, 0x28a5, 0x28a5, 0x28a5, 0x28a5, 0x28a5, 0x28a5, 0x28a5, 0x28a5, 
  0x28a5, 0x28a5, 0x28a5, 0x28a5, 0x28a5, 0x28a5, 0x28a5, 0x28a5, 0x2885, 0x2885, 0x2885, 0x2885, 
  0x2885, 0x2885, 0x2885, 0x2885, 0x2085, 0x2085, 0x2085, 0x2085, 0x2085, 0x2085, 0x2085, 0x2085, 
  0x2085, 0x2085, 0x2085, 0x2085, 0x2085, 0x2085, 0x2085, 0x2085, 0x2085, 0x2085, 0x2085, 0x2085, 
  0x2085, 0x2085, 0x2085, 0x2085, 0x2085, 0x2085, 0x2085, 0x2085, 0x2085, 0x2085, 0x2085, 0x2085, 
  0x2085, 0x2085, 0x2065, 0x2065, 0x2065, 0x2065, 0x2065, 0x2065, 0x2065, 0x2065, 0x2065, 0x2064, 
  0x2064, 0x2064, 0x2064, 0x2064, 0x2064, 0x2064, 0x2064, 0x2064, 0x2044, 0x1844, 0x1823, 0x1823, 
  0x1823, 0x1003, 0x1003, 0x1003, 0x1003, 0x1003, 0x1823, 0x1824, 0x1844, 0x2064, 0x2085, 0x20a5, 
  0x28a5, 0x28a5, 0x28a5, 0x28a5, 0x28a5, 0x28a5, 0x28a5, 0x28a5, 0x28a5, 0x28a5, 0x28a5, 0x28a5, 
  0x28a5, 0x28a5, 0x28a5, 0xa495, 0x3107, 0x30e6, 0x30e6, 0x28e6, 0x28c6, 0x30e6, 0x3107, 0x3948, 
  0x4189, 0x49a9, 0x49ea, 0x520b, 0x5a2b, 0x5a2b, 0x5a4c, 0x5a4c, 0x5a4c, 0x5a4c, 0x5a4c, 0x5a4c, 
  0x5a4c, 0x5a6c, 0x626c, 0x626c, 0x626c, 0x626c, 0x626c, 0x628d, 0x628d, 0x628d, 0x628d, 0x626c, 
  0x626c, 0x626c, 0x624c, 0x624c, 0x5a4c, 0x5a4c, 0x5a4c, 0x5a2c, 0x5a2c, 0x5a2b, 0x5a2b, 0x520b, 
  0x520b, 0x51eb, 0x51ea, 0x51eb, 0x59eb, 0x61ec, 0x61ed, 0x69ed, 0x61ee, 0x61cd, 0x59ac, 0x51ac, 
  0x51ab, 0x518b, 0x518b, 0x518b, 0x498a, 0x498a, 0x4189, 0x4189, 0x4189, 0x4189, 0x4189, 0x4189, 
  0x4189, 0x4189, 0x4189, 0x4189, 0x4189, 0x4189, 0x4189, 0x4189, 0x4189, 0x4189, 0x4189, 0x4189, 
  0x4189, 0x4189, 0x4189, 0x4189, 0x4189, 0x4189, 0x4189, 0x4189, 0x4189, 0x4189, 0x4189, 0x41a9, 
  0x49a9, 0x49a9, 0x49a9, 0x49a9, 0x49a9, 0x49a9, 0x49a9, 0x49a9, 0x41a9, 0x49a9, 0x49a9, 0x41a9, 
  0x49a9, 0x49a9, 0x49a9, 0x49a9, 0x49a9, 0x49a9, 0x49a9, 0x49a9, 0x49a9, 0x49a9, 0x49a9, 0x49a9, 
  0x49a9, 0x49a9, 0x49a9, 0x49a9, 0x49a9, 0x49a9, 0x49a9, 0x49a9, 0x49a9, 0x49a9, 0x49a9, 0x49a9, 
  0x49a9, 0x49a9, 0x49a9, 0x49a9, 0x49a9, 0x49a9, 0x49a9, 0x49a9, 0x49a9, 0x49a9, 0x49a9, 0x49a9, 
  0x49a9, 0x49a9, 0x49a9, 0x49a9, 0x49a9, 0x49a9, 0x49a9, 0x49aa, 0x49aa, 0x49a9, 0x49a9, 0x49aa, 
  0x49aa, 0x49aa, 0x49aa, 0x49aa, 0x49aa, 0x49aa, 0x49aa, 0x49aa, 0x49aa, 0x49aa, 0x49aa, 0x49aa, 
  0x49aa, 0x49aa, 0x49aa, 0x49aa, 0x49aa, 0x49aa, 0x49aa, 0x49aa, 0x49aa, 0x49aa, 0x49aa, 0x49ca, 
  0x49ca, 0x49ca, 0x49ca, 0x49aa, 0x49aa, 0x49aa, 0x49aa, 0x49aa, 0x49aa, 0x49aa, 0x49aa, 0x49aa, 
  0x49aa, 0x49aa, 0x49aa, 0x49aa, 0x49ca, 0x49ca, 0x51ca, 0x51ea, 0x520b, 0x5a2b, 0x5a2c, 0x5a4c, 
  0x5a2c, 0x5a2b, 0x5a2b, 0x5a2b, 0x5a2b, 0x5a2b, 0x5a2b, 0x5a2b, 0x5a2b, 0x5a2b, 0x5a2b, 0x5a2b, 
  0x5a2b, 0x5a2b, 0x5a2b, 0x5a2b, 0x5a2b, 0x5a2b, 0x5a2b, 0x5a2b, 0x5a2b, 0x5a2b, 0x5a2b, 0x5a0b, 
  0x5a0b, 0x5a0b, 0x5a0b, 0x5a0b, 0x520b, 0x520b, 0x520b, 0x520b, 0x520b, 0x520b, 0x520b, 0x520b, 
  0x520b, 0x520b, 0x520b, 0x520b, 0x520b, 0x520b, 0x520b, 0x520b, 0x520b, 0x520b, 0x520b, 0x520b, 
  0x520b, 0x520b, 0x520b, 0x51eb, 0x51eb, 0x51eb, 0x51eb, 0x51eb, 0x51eb, 0x51eb, 0x51ea, 0x51ea, 
  0x51eb, 0x51eb, 0x51eb, 0x51eb, 0x51eb, 0x51eb, 0x51eb, 0x51eb, 0x51eb, 0x51eb, 0x51ea, 0x51ea, 
  0x51ea, 0x51ea, 0x51ea, 0x51ea, 0x51ea, 0x51ea, 0x51ea, 0x51ea, 0x51ea, 0x51ea, 0x51ea, 0x51ea, 
  0x51ea, 0x51ea, 0x51ca, 0x49ca, 0x49ca, 0x49a9, 0x49a9, 0x49a9, 0x41a9, 0x49a9, 0x49a9, 0x49ca, 
  0x49ca, 0x51ea, 0x51eb, 0x520b, 0x520b, 0x522b, 0x5a2b, 0x5a2c, 0x5a4c, 0x5a4c, 0x5a4c, 0x5a6c, 
  0x626c, 0x628d, 0x6aad, 0x6ace, 0x72ee, 0x730f, 0x730f, 0x7b2f, 0x7b50, 0x7b50, 0x7b50, 0xc599, 
  
};
}