ISO-10303-21;
HEADER;
FILE_DESCRIPTION (( 'STEP AP214' ),
    '1' );
FILE_NAME ('BE7F6D81-6458-4F06-BC65-38DEEA29C716.STEP',
    '2025-08-08T09:21:26',
    ( '' ),
    ( '' ),
    'SwSTEP 2.0',
    'SolidWorks 2022',
    '' );
FILE_SCHEMA (( 'AUTOMOTIVE_DESIGN' ));
ENDSEC;

DATA;
#1 = CARTESIAN_POINT ( 'NONE',  ( -0.001567995180133524178, -0.3321738477712739002, 0.5656379957450956564 ) ) ;
#2 = CARTESIAN_POINT ( 'NONE',  ( -0.3419448336795645194, -0.01475703808730048638, 0.4500000000000011213 ) ) ;
#3 = FACE_OUTER_BOUND ( 'NONE', #1090, .T. ) ;
#4 = CARTESIAN_POINT ( 'NONE',  ( -0.4000000000000002442, -0.5899999999999998579, 0.04999999999999991257 ) ) ;
#5 = ORIENTED_EDGE ( 'NONE', *, *, #4027, .F. ) ;
#6 = SURFACE_SIDE_STYLE ('',( #47 ) ) ;
#7 = ORIENTED_EDGE ( 'NONE', *, *, #271, .T. ) ;
#8 = CARTESIAN_POINT ( 'NONE',  ( -0.4500000000000001221, -0.5899999999999998579, 0.04999999999999973910 ) ) ;
#9 = CARTESIAN_POINT ( 'NONE',  ( 0.4200000000000015388, -0.2896605556175895213, 0.4300000000000003264 ) ) ;
#10 = ORIENTED_EDGE ( 'NONE', *, *, #1331, .T. ) ;
#11 = CARTESIAN_POINT ( 'NONE',  ( -0.5000000000000002220, -0.5899999999999999689, 0.04999999999999955175 ) ) ;
#12 = EDGE_CURVE ( 'NONE', #2102, #2279, #1648, .T. ) ;
#13 = EDGE_CURVE ( 'NONE', #3735, #3815, #966, .T. ) ;
#14 = ORIENTED_EDGE ( 'NONE', *, *, #3369, .F. ) ;
#15 = CARTESIAN_POINT ( 'NONE',  ( 0.5000000000000004441, 0.5900000000000001910, 0.05000000000000134198 ) ) ;
#16 = FACE_OUTER_BOUND ( 'NONE', #3969, .T. ) ;
#17 =( BOUNDED_CURVE ( )  B_SPLINE_CURVE ( 3, ( #1739, #782, #225, #2719 ),
 .UNSPECIFIED., .F., .T. ) 
 B_SPLINE_CURVE_WITH_KNOTS ( ( 4, 4 ),
 ( 0.5235987755984423675, 1.570796326794876574 ),
 .UNSPECIFIED. ) 
 CURVE ( )  GEOMETRIC_REPRESENTATION_ITEM ( )  RATIONAL_B_SPLINE_CURVE ( ( 1.000000000000000000, 0.9106836025229864129, 0.9106836025229864129, 1.000000000000000000 ) ) 
 REPRESENTATION_ITEM ( '' )  );
#18 = EDGE_CURVE ( 'NONE', #1669, #3845, #2422, .T. ) ;
#19 = CARTESIAN_POINT ( 'NONE',  ( 0.4999563117218766006, 0.1723923268180871937, 0.05009449115213800152 ) ) ;
#20 = CARTESIAN_POINT ( 'NONE',  ( -0.3794448336795639420, -0.2452076731819112232, 0.4500000000000008438 ) ) ;
#21 = CARTESIAN_POINT ( 'NONE',  ( -0.4500000000000002331, -0.5899999999999998579, 0.04999999999999973910 ) ) ;
#22 = ORIENTED_EDGE ( 'NONE', *, *, #834, .F. ) ;
#23 = B_SPLINE_CURVE_WITH_KNOTS ( 'NONE', 3,
 ( #484, #2361, #1714, #1446, #1379, #2020, #3624, #3928, #2042, #822 ),
 .UNSPECIFIED., .F., .F.,
 ( 4, 3, 3, 4 ),
 ( 0.0000000000000000000, 0.0003175000000003543911, 0.0006350000000007633176, 0.001268890333424365757 ),
 .UNSPECIFIED. ) ;
#24 = CARTESIAN_POINT ( 'NONE',  ( 0.5000585530335193152, -0.7861805207197092304, 0.3900000000000024558 ) ) ;
#25 = SHAPE_DEFINITION_REPRESENTATION ( #3350, #1006 ) ;
#26 = CARTESIAN_POINT ( 'NONE',  ( 0.4514816112265216952, 0.5059636855429560098, 0.3145185442517279828 ) ) ;
#27 = CARTESIAN_POINT ( 'NONE',  ( 0.4499991568947122600, -0.03640383659095550173, 0.1613413113376177821 ) ) ;
#28 = ORIENTED_EDGE ( 'NONE', *, *, #3458, .T. ) ;
#29 = VECTOR ( 'NONE', #658, 39.37007874015748143 ) ;
#30 = CARTESIAN_POINT ( 'NONE',  ( -0.4500000000000016209, -0.5899999999999997469, 0.4500000000000001776 ) ) ;
#31 = CARTESIAN_POINT ( 'NONE',  ( 0.4500000000000009548, 0.3811923268180888447, 0.05000000000000134198 ) ) ;
#32 = ORIENTED_EDGE ( 'NONE', *, *, #142, .T. ) ;
#33 = COLOUR_RGB ( '',0.7686274509803920907, 0.7686274509803920907, 0.7686274509803920907 ) ;
#34 = B_SPLINE_CURVE_WITH_KNOTS ( 'NONE', 3,
 ( #3217, #426, #2915, #123 ),
 .UNSPECIFIED., .F., .F.,
 ( 4, 4 ),
 ( 0.0000000000000000000, 1.000000000000000000 ),
 .UNSPECIFIED. ) ;
#35 = CARTESIAN_POINT ( 'NONE',  ( -0.3419448336795645194, 0.4028429619126995265, 0.4500000000000017319 ) ) ;
#36 = CARTESIAN_POINT ( 'NONE',  ( -0.3959724168397826816, -0.2343823556346059100, 0.1808494659439490726 ) ) ;
#37 = EDGE_CURVE ( 'NONE', #1144, #3564, #1942, .T. ) ;
#38 = CARTESIAN_POINT ( 'NONE',  ( -0.4500000000000009548, 0.2419948845453926412, 0.05000000000000105749 ) ) ;
#39 = AXIS2_PLACEMENT_3D ( 'NONE', #1829, #2365, #3953 ) ;
#40 = EDGE_CURVE ( 'NONE', #1855, #1200, #733, .T. ) ;
#41 = CARTESIAN_POINT ( 'NONE',  ( 0.3794448336795640531, -0.03640767318191117513, 0.4500000000000017319 ) ) ;
#42 = AXIS2_PLACEMENT_3D ( 'NONE', #1724, #1455, #2963 ) ;
#43 = PLANE ( 'NONE',  #2317 ) ;
#44 = CARTESIAN_POINT ( 'NONE',  ( 0.4500000000000012323, -0.03639999999999984220, 0.05009281937524934919 ) ) ;
#45 = PRESENTATION_LAYER_ASSIGNMENT (  '', '', ( #2266 ) ) ;
#46 = ORIENTED_EDGE ( 'NONE', *, *, #3037, .F. ) ;
#47 = SURFACE_STYLE_FILL_AREA ( #3187 ) ;
#48 = VECTOR ( 'NONE', #1395, 39.37007874015748854 ) ;
#49 = DIRECTION ( 'NONE',  ( 2.834538159746102792E-15, -1.886511780124777407E-17, -1.000000000000000000 ) ) ;
#50 = CARTESIAN_POINT ( 'NONE',  ( 0.4103330401858534260, -0.03640767318191117513, 0.2551803776172841265 ) ) ;
#51 = VERTEX_POINT ( 'NONE', #3197 ) ;
#52 = VECTOR ( 'NONE', #2917, 39.37007874015748143 ) ;
#53 = CARTESIAN_POINT ( 'NONE',  ( 0.0000000000000000000, -0.4176000000000000267, 0.4500000000000017319 ) ) ;
#54 = CARTESIAN_POINT ( 'NONE',  ( -0.4500000000000010658, 0.3812000000000001498, 0.05009281937524911327 ) ) ;
#55 = B_SPLINE_CURVE_WITH_KNOTS ( 'NONE', 3,
 ( #1992, #2603, #94, #418 ),
 .UNSPECIFIED., .F., .F.,
 ( 4, 4 ),
 ( 0.0000000000000000000, 2.398315787229065835E-06 ),
 .UNSPECIFIED. ) ;
#56 = VERTEX_POINT ( 'NONE', #3181 ) ;
#57 = CARTESIAN_POINT ( 'NONE',  ( 0.4500391720739109203, 0.1723923268180888313, 0.1612445739078810225 ) ) ;
#58 = DIRECTION ( 'NONE',  ( -3.667205428214969409E-15, 2.107689023311820127E-16, -1.000000000000000000 ) ) ;
#59 = APPLICATION_CONTEXT ( 'automotive_design' ) ;
#60 = CARTESIAN_POINT ( 'NONE',  ( -0.4500000000000010658, 0.3812000000000001498, 0.05000000000000105749 ) ) ;
#61 = EDGE_LOOP ( 'NONE', ( #3935, #2725, #1723, #3423 ) ) ;
#62 = DIRECTION ( 'NONE',  ( 0.5000000000000009992, -0.8660254037844379305, 0.0000000000000000000 ) ) ;
#63 = CARTESIAN_POINT ( 'NONE',  ( 0.3794448336795640531, 0.1723923268180888313, 0.3503134342210839636 ) ) ;
#64 = EDGE_CURVE ( 'NONE', #2812, #3671, #2624, .T. ) ;
#65 = EDGE_CURVE ( 'NONE', #3865, #3401, #539, .T. ) ;
#66 = CARTESIAN_POINT ( 'NONE',  ( -0.4937500000000002998, 0.3703746824526948367, 0.1832032519088287181 ) ) ;
#67 = CARTESIAN_POINT ( 'NONE',  ( -0.4500000000000010658, 0.1724000000000001920, 0.1612468894782100037 ) ) ;
#68 = ORIENTED_EDGE ( 'NONE', *, *, #1680, .F. ) ;
#69 = CARTESIAN_POINT ( 'NONE',  ( 0.4875000000000004885, 0.1507493649053895102, 0.4500000000000017319 ) ) ;
#70 = EDGE_CURVE ( 'NONE', #1277, #3610, #1860, .T. ) ;
#71 = CARTESIAN_POINT ( 'NONE',  ( -0.4875000000000003220, -0.05805063509461053789, 0.4500000000000008438 ) ) ;
#72 = CARTESIAN_POINT ( 'NONE',  ( -0.4625000000000008549, 0.5827831216351300192, 0.4500000000000017319 ) ) ;
#73 = ORIENTED_EDGE ( 'NONE', *, *, #3411, .F. ) ;
#74 = CARTESIAN_POINT ( 'NONE',  ( 0.4251390835064490226, 0.1760007660005239172, 0.1805306970212739726 ) ) ;
#75 = CARTESIAN_POINT ( 'NONE',  ( 0.4916229784967020566, 0.3811936306382673334, 0.05009417009869251286 ) ) ;
#76 = CARTESIAN_POINT ( 'NONE',  ( 0.4000000000000000777, -0.5899999999999998579, 0.04999999999999998196 ) ) ;
#77 = DIRECTION ( 'NONE',  ( 0.0000000000000000000, -8.537024980200832418E-17, 1.000000000000000000 ) ) ;
#78 = EDGE_LOOP ( 'NONE', ( #412, #1407, #2925, #1622 ) ) ;
#79 = LINE ( 'NONE', #3825, #119 ) ;
#80 = CARTESIAN_POINT ( 'NONE',  ( -0.5000000000000002220, -0.2452076731819112232, 0.05000000000000045380 ) ) ;
#81 = CARTESIAN_POINT ( 'NONE',  ( -0.4999563117219789077, 0.3811923268180888447, 0.05009449115191688673 ) ) ;
#82 = DIRECTION ( 'NONE',  ( 0.0000000000000000000, 0.0000000000000000000, 1.000000000000000000 ) ) ;
#83 =( CONVERSION_BASED_UNIT ( 'INCH', #3846 ) LENGTH_UNIT ( ) NAMED_UNIT ( #312 ) );
#84 = ORIENTED_EDGE ( 'NONE', *, *, #1238, .F. ) ;
#85 = ADVANCED_FACE ( 'NONE', ( #2590 ), #423, .T. ) ;
#86 = DIRECTION ( 'NONE',  ( 1.000000000000000000, 0.0000000000000000000, 0.0000000000000000000 ) ) ;
#87 = CARTESIAN_POINT ( 'NONE',  ( -0.4875000000000003220, 0.1507493649053894269, 0.3164065038176560596 ) ) ;
#88 = EDGE_CURVE ( 'NONE', #3401, #1310, #3237, .T. ) ;
#89 = CARTESIAN_POINT ( 'NONE',  ( 0.3544448336795644749, 0.1868260835478292858, 0.4500000000000017319 ) ) ;
#90 = VECTOR ( 'NONE', #3858, 39.37007874015748143 ) ;
#91 = B_SPLINE_CURVE_WITH_KNOTS ( 'NONE', 3,
 ( #2596, #3467, #3830, #1618 ),
 .UNSPECIFIED., .F., .F.,
 ( 4, 4 ),
 ( 0.0000000000000000000, 1.000000000000000000 ),
 .UNSPECIFIED. ) ;
#92 = CARTESIAN_POINT ( 'NONE',  ( -0.3959724168397826816, -0.2343823556346059100, 0.1808494659439490726 ) ) ;
#93 = ORIENTED_EDGE ( 'NONE', *, *, #1285, .T. ) ;
#94 = CARTESIAN_POINT ( 'NONE',  ( -0.4499988796296692795, -0.03640510044302134457, 0.1613096204196431682 ) ) ;
#95 = SURFACE_STYLE_USAGE ( .BOTH. , #1691 ) ;
#96 = VECTOR ( 'NONE', #2225, 39.37007874015748143 ) ;
#97 = CARTESIAN_POINT ( 'NONE',  ( 0.4500000000000012323, -0.03639999999999984914, 0.2500000000000015543 ) ) ;
#98 = ORIENTED_EDGE ( 'NONE', *, *, #3261, .F. ) ;
#99 = CARTESIAN_POINT ( 'NONE',  ( -0.4200000000000004841, -0.5899999999999998579, 0.1409393892357524436 ) ) ;
#100 = CARTESIAN_POINT ( 'NONE',  ( 0.4499988796296668370, 0.3811948995569670595, 0.1613096204197862482 ) ) ;
#101 = CARTESIAN_POINT ( 'NONE',  ( 0.4500000000000010658, 0.5900000000000001910, 0.05000000000000134198 ) ) ;
#102 = AXIS2_PLACEMENT_3D ( 'NONE', #2152, #2457, #1426 ) ;
#103 =( LENGTH_UNIT ( ) NAMED_UNIT ( * ) SI_UNIT ( $, .METRE. ) );
#104 = VERTEX_POINT ( 'NONE', #1042 ) ;
#105 = VECTOR ( 'NONE', #535, 39.37007874015748143 ) ;
#106 = EDGE_CURVE ( 'NONE', #3990, #1252, #919, .T. ) ;
#107 = VECTOR ( 'NONE', #3352, 39.37007874015748143 ) ;
#108 = LENGTH_MEASURE_WITH_UNIT ( LENGTH_MEASURE( 0.02539999999999999897 ), #2251 );
#109 = FACE_OUTER_BOUND ( 'NONE', #1711, .T. ) ;
#110 = ORIENTED_EDGE ( 'NONE', *, *, #673, .F. ) ;
#111 = CARTESIAN_POINT ( 'NONE',  ( -0.4875000000000003220, 0.5683493649053894536, 0.3164065038176566702 ) ) ;
#112 = STYLED_ITEM ( 'NONE', ( #276 ), #3219 ) ;
#113 = CARTESIAN_POINT ( 'NONE',  ( 0.4999854360802331033, 0.3811974402628359737, 0.05003149702656117109 ) ) ;
#114 = ORIENTED_EDGE ( 'NONE', *, *, #3012, .T. ) ;
#115 = EDGE_CURVE ( 'NONE', #3360, #1177, #723, .T. ) ;
#116 = DIRECTION ( 'NONE',  ( 1.000000000000000000, 0.0000000000000000000, 0.0000000000000000000 ) ) ;
#117 = CARTESIAN_POINT ( 'NONE',  ( -0.4666666666666673957, 0.1724000000000001920, 0.05000000000000076605 ) ) ;
#118 = CARTESIAN_POINT ( 'NONE',  ( 0.4500130561418821951, -0.03640255983352623514, 0.1613091212945707009 ) ) ;
#119 = VECTOR ( 'NONE', #62, 39.37007874015748854 ) ;
#120 = ADVANCED_FACE ( 'NONE', ( #2978 ), #1512, .F. ) ;
#121 = CARTESIAN_POINT ( 'NONE',  ( 0.4499988796296668370, 0.1723948995569671294, 0.1613096204197861094 ) ) ;
#122 = CARTESIAN_POINT ( 'NONE',  ( -0.4500000000000007327, -0.5899999999999998579, 0.2832180026482838398 ) ) ;
#123 = CARTESIAN_POINT ( 'NONE',  ( 0.4875000000000004885, 0.5683493649053894536, 0.4500000000000017319 ) ) ;
#124 = ORIENTED_EDGE ( 'NONE', *, *, #386, .T. ) ;
#125 = DIRECTION ( 'NONE',  ( 1.157562709179772579E-16, -1.000000000000000000, -0.0000000000000000000 ) ) ;
#126 = CARTESIAN_POINT ( 'NONE',  ( -0.5000000000000002220, 0.1723923268180888313, 0.05000000000000105749 ) ) ;
#127 = CARTESIAN_POINT ( 'NONE',  ( 0.3794448336795640531, 0.3811923268180888447, 0.3107426251198706080 ) ) ;
#128 = CARTESIAN_POINT ( 'NONE',  ( -0.4625000000000008549, 0.5827831216351300192, 0.3165799457169978237 ) ) ;
#129 = ORIENTED_EDGE ( 'NONE', *, *, #542, .T. ) ;
#130 = FACE_OUTER_BOUND ( 'NONE', #280, .T. ) ;
#131 = DIRECTION ( 'NONE',  ( 0.0000000000000000000, -0.0000000000000000000, 1.000000000000000000 ) ) ;
#132 = ORIENTED_EDGE ( 'NONE', *, *, #70, .F. ) ;
#133 = LINE ( 'NONE', #1955, #1984 ) ;
#134 = CARTESIAN_POINT ( 'NONE',  ( -0.4500000000000010658, -0.03639999999999984914, 0.3166666666666674290 ) ) ;
#135 = SURFACE_SIDE_STYLE ('',( #779 ) ) ;
#136 = EDGE_CURVE ( 'NONE', #3055, #1669, #861, .T. ) ;
#137 = VERTEX_POINT ( 'NONE', #844 ) ;
#138 = CARTESIAN_POINT ( 'NONE',  ( 0.4916229784967024452, -0.03640636936173273497, 0.05009417009869507331 ) ) ;
#139 = ORIENTED_EDGE ( 'NONE', *, *, #559, .T. ) ;
#140 = CARTESIAN_POINT ( 'NONE',  ( -0.4903459920551476725, -0.7600000000000001199, 0.3899999999999996803 ) ) ;
#141 = CARTESIAN_POINT ( 'NONE',  ( -0.4500000000000010658, 0.1723923268180888035, 0.05000000000000076605 ) ) ;
#142 = EDGE_CURVE ( 'NONE', #1196, #2804, #3348, .T. ) ;
#143 = UNCERTAINTY_MEASURE_WITH_UNIT (LENGTH_MEASURE( 1.000000000000000082E-05 ), #83, 'distance_accuracy_value', 'NONE');
#144 = CARTESIAN_POINT ( 'NONE',  ( -0.3669448336795641530, 0.3884092051829590719, 0.4500000000000017319 ) ) ;
#145 = ORIENTED_EDGE ( 'NONE', *, *, #3503, .F. ) ;
#146 = EDGE_CURVE ( 'NONE', #1310, #3642, #549, .T. ) ;
#147 = CARTESIAN_POINT ( 'NONE',  ( 0.4500000000000012323, 0.1724000000000001920, 0.1833333333333347914 ) ) ;
#148 = CARTESIAN_POINT ( 'NONE',  ( -0.4500391720737288437, 0.1723923268180888313, 0.1612445739083115948 ) ) ;
#149 = CARTESIAN_POINT ( 'NONE',  ( -0.4937500000000002998, 0.1615746824526947956, 0.1832032519088284406 ) ) ;
#150 = ORIENTED_EDGE ( 'NONE', *, *, #3384, .F. ) ;
#151 = FACE_OUTER_BOUND ( 'NONE', #2071, .T. ) ;
#152 = DIRECTION ( 'NONE',  ( -2.220446049250312341E-16, -1.000000000000000000, 1.431146867680865237E-17 ) ) ;
#153 = ORIENTED_EDGE ( 'NONE', *, *, #1492, .T. ) ;
#154 = CARTESIAN_POINT ( 'NONE',  ( -0.5000000000000002220, -0.03640383659095551561, 0.05000000000000047462 ) ) ;
#155 = CARTESIAN_POINT ( 'NONE',  ( 0.4139816112265222725, 0.5276143206375666361, 0.4500000000000017319 ) ) ;
#156 = ORIENTED_EDGE ( 'NONE', *, *, #2231, .F. ) ;
#157 = LINE ( 'NONE', #1381, #186 ) ;
#158 = CARTESIAN_POINT ( 'NONE',  ( 0.4499994402554014505, 0.1723974507181673943, 0.1612782550332001463 ) ) ;
#159 = LINE ( 'NONE', #2573, #2197 ) ;
#160 = CARTESIAN_POINT ( 'NONE',  ( 0.3544448336795644749, 0.3956260835478292992, 0.3113801629652225844 ) ) ;
#161 = VERTEX_POINT ( 'NONE', #1198 ) ;
#162 = ORIENTED_EDGE ( 'NONE', *, *, #2231, .T. ) ;
#163 = ADVANCED_FACE ( 'NONE', ( #2413 ), #285, .T. ) ;
#164 = PLANE ( 'NONE',  #42 ) ;
#165 = ORIENTED_EDGE ( 'NONE', *, *, #2176, .F. ) ;
#166 = LINE ( 'NONE', #1748, #443 ) ;
#167 = AXIS2_PLACEMENT_3D ( 'NONE', #2478, #2781, #939 ) ;
#168 = CARTESIAN_POINT ( 'NONE',  ( 0.4500000000000009548, 0.3115974422726963677, 0.05000000000000134198 ) ) ;
#169 = EDGE_CURVE ( 'NONE', #2607, #3297, #3604, .T. ) ;
#170 = CARTESIAN_POINT ( 'NONE',  ( 0.4500000000000001221, 0.1723923268180888591, 0.04999999999999980849 ) ) ;
#171 = ORIENTED_EDGE ( 'NONE', *, *, #2073, .T. ) ;
#172 = CARTESIAN_POINT ( 'NONE',  ( -0.3794448336795639420, -0.03640767318191117513, 0.4500000000000011213 ) ) ;
#173 = DIRECTION ( 'NONE',  ( 0.0000000000000000000, 0.0000000000000000000, 1.000000000000000000 ) ) ;
#174 = VECTOR ( 'NONE', #2818, 39.37007874015748143 ) ;
#175 = VERTEX_POINT ( 'NONE', #2388 ) ;
#176 = LINE ( 'NONE', #2430, #615 ) ;
#177 = VECTOR ( 'NONE', #1900, 39.37007874015748143 ) ;
#178 = CARTESIAN_POINT ( 'NONE',  ( -0.4500130573514904975, 0.1723974422199467393, 0.1612461176877762747 ) ) ;
#179 = ORIENTED_EDGE ( 'NONE', *, *, #1051, .T. ) ;
#180 = CARTESIAN_POINT ( 'NONE',  ( 0.4666375413620509893, -0.03640251781447185336, 0.05009330538127867993 ) ) ;
#181 = B_SPLINE_CURVE_WITH_KNOTS ( 'NONE', 3,
 ( #2155, #1574, #1519, #2765 ),
 .UNSPECIFIED., .F., .F.,
 ( 4, 4 ),
 ( 0.2841559316716608663, 1.000000000000000000 ),
 .UNSPECIFIED. ) ;
#182 = CARTESIAN_POINT ( 'NONE',  ( -0.3419448336795645194, -0.01475703808730048638, 0.4500000000000011213 ) ) ;
#183 = CARTESIAN_POINT ( 'NONE',  ( 0.4500000000000001221, -0.03640767318191117513, 0.04999999999999980849 ) ) ;
#184 = CARTESIAN_POINT ( 'NONE',  ( 0.4500000000000009548, -0.03640767318191117513, 0.05000000000000134198 ) ) ;
#185 = SURFACE_STYLE_USAGE ( .BOTH. , #1166 ) ;
#186 = VECTOR ( 'NONE', #1137, 39.37007874015748143 ) ;
#187 = B_SPLINE_SURFACE_WITH_KNOTS ( 'NONE', 3, 3, ( 
 ( #231, #3958, #2351, #498 ),
 ( #2938, #831, #2986, #144 ),
 ( #189, #1430, #2676, #3914 ),
 ( #1121, #2371, #3311, #1770 ) ),
 .UNSPECIFIED., .F., .F., .F.,
 ( 4, 4 ),
 ( 4, 4 ),
 ( 0.0000000000000000000, 1.000000000000000000 ),
 ( 0.0000000000000000000, 1.000000000000000000 ),
 .UNSPECIFIED. ) ;
#188 = EDGE_LOOP ( 'NONE', ( #2448, #3454, #743, #2524 ) ) ;
#189 = CARTESIAN_POINT ( 'NONE',  ( -0.4666666666666672292, 0.3811923268180888447, 0.05000000000000134198 ) ) ;
#190 = ORIENTED_EDGE ( 'NONE', *, *, #2115, .F. ) ;
#191 = EDGE_CURVE ( 'NONE', #3888, #2004, #514, .T. ) ;
#192 = DIRECTION ( 'NONE',  ( 0.5000000000000009992, -0.8660254037844379305, 0.0000000000000000000 ) ) ;
#193 = EDGE_CURVE ( 'NONE', #1086, #2646, #3628, .T. ) ;
#194 = CARTESIAN_POINT ( 'NONE',  ( 0.4500000000000012323, 0.3812000000000001498, 0.05000000000000134198 ) ) ;
#195 = CARTESIAN_POINT ( 'NONE',  ( 0.4500000000000015654, -0.2896605556175895213, 0.4300000000000002154 ) ) ;
#196 = DIRECTION ( 'NONE',  ( 0.5000000000000012212, 0.8660254037844377084, 0.0000000000000000000 ) ) ;
#197 = ORIENTED_EDGE ( 'NONE', *, *, #3070, .F. ) ;
#198 = CARTESIAN_POINT ( 'NONE',  ( -0.4999563117219787411, 0.1723923268180888313, 0.05009449115191719898 ) ) ;
#199 = LINE ( 'NONE', #2378, #891 ) ;
#200 = ORIENTED_EDGE ( 'NONE', *, *, #3254, .F. ) ;
#201 = DIRECTION ( 'NONE',  ( 0.0000000000000000000, 0.0000000000000000000, 1.000000000000000000 ) ) ;
#202 = B_SPLINE_CURVE_WITH_KNOTS ( 'NONE', 3,
 ( #154, #1419, #3021, #3622 ),
 .UNSPECIFIED., .F., .F.,
 ( 4, 4 ),
 ( 3.674760507789989967E-05, 1.000000000000000000 ),
 .UNSPECIFIED. ) ;
#203 = DIRECTION ( 'NONE',  ( -5.787813545898862897E-17, 1.000000000000000000, -0.0000000000000000000 ) ) ;
#204 = ORIENTED_EDGE ( 'NONE', *, *, #2024, .F. ) ;
#205 = CARTESIAN_POINT ( 'NONE',  ( 0.5000000000000016653, -0.5899999999999998579, 0.4499999999999999556 ) ) ;
#206 = FACE_OUTER_BOUND ( 'NONE', #2542, .T. ) ;
#207 = PLANE ( 'NONE',  #39 ) ;
#208 = CARTESIAN_POINT ( 'NONE',  ( 0.4828574572698790535, -0.03640767318191118901, 0.08707673430604435938 ) ) ;
#209 = ORIENTED_EDGE ( 'NONE', *, *, #1939, .F. ) ;
#210 = ORIENTED_EDGE ( 'NONE', *, *, #2096, .T. ) ;
#211 = CARTESIAN_POINT ( 'NONE',  ( 0.4500000000000009548, 0.1027974422726963821, 0.05000000000000134198 ) ) ;
#212 = CARTESIAN_POINT ( 'NONE',  ( 0.5000000000000004441, 0.1724000000000001920, 0.05000000000000134198 ) ) ;
#213 = ADVANCED_FACE ( 'NONE', ( #206 ), #3329, .F. ) ;
#214 = LINE ( 'NONE', #3658, #1671 ) ;
#215 = ORIENTED_EDGE ( 'NONE', *, *, #1143, .T. ) ;
#216 = LENGTH_MEASURE_WITH_UNIT ( LENGTH_MEASURE( 0.02539999999999999897 ), #1507 );
#217 = CARTESIAN_POINT ( 'NONE',  ( -0.4708333330840249187, -0.03640316174705233998, 0.05009344550290516229 ) ) ;
#218 = ORIENTED_EDGE ( 'NONE', *, *, #1843, .F. ) ;
#219 = CARTESIAN_POINT ( 'NONE',  ( 0.4603459920551469797, -0.7599999999999996758, 0.3900000000000023448 ) ) ;
#220 = EDGE_CURVE ( 'NONE', #51, #3360, #17, .T. ) ;
#221 = LINE ( 'NONE', #1444, #2893 ) ;
#222 = B_SPLINE_SURFACE_WITH_KNOTS ( 'NONE', 3, 3, ( 
 ( #303, #36, #3139, #1589 ),
 ( #282, #2551, #620, #3780 ),
 ( #980, #3408, #2171, #660 ),
 ( #1605, #1279, #2813, #963 ) ),
 .UNSPECIFIED., .F., .F., .F.,
 ( 4, 4 ),
 ( 4, 4 ),
 ( 0.0000000000000000000, 1.000000000000000000 ),
 ( 0.0000000000000000000, 1.000000000000000000 ),
 .UNSPECIFIED. ) ;
#223 = ORIENTED_EDGE ( 'NONE', *, *, #3790, .T. ) ;
#224 = CARTESIAN_POINT ( 'NONE',  ( 0.4583187706820688878, -0.03640125391322650283, 0.05009305115760973731 ) ) ;
#225 = CARTESIAN_POINT ( 'NONE',  ( 0.4500000000000006772, -0.5918301270189217922, 0.2842746269753096411 ) ) ;
#226 = EDGE_CURVE ( 'NONE', #1277, #2205, #1957, .T. ) ;
#227 = CARTESIAN_POINT ( 'NONE',  ( -0.3419448336795645194, -0.01475703808730048638, 0.4500000000000011213 ) ) ;
#228 = LINE ( 'NONE', #3859, #3878 ) ;
#229 = FILL_AREA_STYLE_COLOUR ( '', #4013 ) ;
#230 = VECTOR ( 'NONE', #619, 39.37007874015748143 ) ;
#231 = CARTESIAN_POINT ( 'NONE',  ( -0.5000000000000002220, 0.3811923268180888447, 0.05000000000000134198 ) ) ;
#232 = ORIENTED_EDGE ( 'NONE', *, *, #3430, .F. ) ;
#233 = DIRECTION ( 'NONE',  ( 0.0000000000000000000, -0.0000000000000000000, 1.000000000000000000 ) ) ;
#234 = VECTOR ( 'NONE', #1326, 39.37007874015748143 ) ;
#235 = CARTESIAN_POINT ( 'NONE',  ( 0.0000000000000000000, 0.1100000000000000561, 0.0000000000000000000 ) ) ;
#236 = PLANE ( 'NONE',  #813 ) ;
#237 = ORIENTED_EDGE ( 'NONE', *, *, #2491, .T. ) ;
#238 =( GEOMETRIC_REPRESENTATION_CONTEXT ( 3 ) GLOBAL_UNCERTAINTY_ASSIGNED_CONTEXT ( ( #1701 ) ) GLOBAL_UNIT_ASSIGNED_CONTEXT ( ( #2019, #3210, #1340 ) ) REPRESENTATION_CONTEXT ( 'NONE', 'WORKASPACE' ) );
#239 = CARTESIAN_POINT ( 'NONE',  ( -0.5000000000000016653, -0.2452306927276452220, 0.4499999999999999556 ) ) ;
#240 = FILL_AREA_STYLE ('',( #2103 ) ) ;
#241 = VERTEX_POINT ( 'NONE', #1828 ) ;
#242 = LINE ( 'NONE', #820, #1811 ) ;
#243 = CARTESIAN_POINT ( 'NONE',  ( -0.4500000000000010658, -0.03639999999999984914, 0.05009281937524890510 ) ) ;
#244 = COLOUR_RGB ( '',0.7686274509803920907, 0.7686274509803920907, 0.7686274509803920907 ) ;
#245 = ORIENTED_EDGE ( 'NONE', *, *, #3995, .F. ) ;
#246 = EDGE_CURVE ( 'NONE', #3942, #3907, #3066, .T. ) ;
#247 = CARTESIAN_POINT ( 'NONE',  ( -0.4500000000000007883, 0.1027974422726963821, 0.05000000000000076605 ) ) ;
#248 = CARTESIAN_POINT ( 'NONE',  ( -0.4500261132108935858, -0.03640511536060645620, 0.1612768474390033901 ) ) ;
#249 = ORIENTED_EDGE ( 'NONE', *, *, #464, .T. ) ;
#250 = CARTESIAN_POINT ( 'NONE',  ( -0.4500000000000010658, 0.3812000000000001498, 0.3166666666666680396 ) ) ;
#251 =( GEOMETRIC_REPRESENTATION_CONTEXT ( 3 ) GLOBAL_UNCERTAINTY_ASSIGNED_CONTEXT ( ( #3090 ) ) GLOBAL_UNIT_ASSIGNED_CONTEXT ( ( #579, #2126, #3972 ) ) REPRESENTATION_CONTEXT ( 'NONE', 'WORKASPACE' ) );
#252 =( CONVERSION_BASED_UNIT ( 'INCH', #3048 ) LENGTH_UNIT ( ) NAMED_UNIT ( #1516 ) );
#253 =( GEOMETRIC_REPRESENTATION_CONTEXT ( 3 ) GLOBAL_UNCERTAINTY_ASSIGNED_CONTEXT ( ( #1576 ) ) GLOBAL_UNIT_ASSIGNED_CONTEXT ( ( #923, #1494, #2187 ) ) REPRESENTATION_CONTEXT ( 'NONE', 'WORKASPACE' ) );
#254 = PLANE ( 'NONE',  #3959 ) ;
#255 = DIRECTION ( 'NONE',  ( 0.0000000000000000000, 0.0000000000000000000, -1.000000000000000000 ) ) ;
#256 = CARTESIAN_POINT ( 'NONE',  ( -0.4514816112265215287, 0.5059636855429560098, 0.4500000000000017319 ) ) ;
#257 = B_SPLINE_SURFACE_WITH_KNOTS ( 'NONE', 3, 3, ( 
 ( #2044, #2092, #2022, #3004 ),
 ( #3327, #3649, #3563, #1738 ),
 ( #1717, #2322, #1063, #1783 ),
 ( #2345, #2693, #3025, #843 ) ),
 .UNSPECIFIED., .F., .F., .F.,
 ( 4, 4 ),
 ( 4, 4 ),
 ( 0.0000000000000000000, 1.000000000000000000 ),
 ( 0.0000000000000000000, 1.000000000000000000 ),
 .UNSPECIFIED. ) ;
#258 =( NAMED_UNIT ( * ) PLANE_ANGLE_UNIT ( ) SI_UNIT ( $, .RADIAN. ) );
#259 = ORIENTED_EDGE ( 'NONE', *, *, #384, .F. ) ;
#260 = CARTESIAN_POINT ( 'NONE',  ( 0.4903459920551468953, 0.008556624327026024837, -1.434220196673738239E-15 ) ) ;
#261 = ORIENTED_EDGE ( 'NONE', *, *, #2303, .T. ) ;
#262 = SURFACE_STYLE_USAGE ( .BOTH. , #3723 ) ;
#263 = CARTESIAN_POINT ( 'NONE',  ( 0.5000000000000004441, -0.03639999999999984914, 0.05000000000000134198 ) ) ;
#264 = CARTESIAN_POINT ( 'NONE',  ( 0.5000000000000001110, -0.2452076731819112232, 0.04999999999999963501 ) ) ;
#265 = ORIENTED_EDGE ( 'NONE', *, *, #70, .T. ) ;
#266 = CARTESIAN_POINT ( 'NONE',  ( -0.5000585530335197593, -0.7600000000000001199, 0.3100000000000024958 ) ) ;
#267 = DIRECTION ( 'NONE',  ( 9.812311798825642059E-16, 1.000000000000000000, 0.0000000000000000000 ) ) ;
#268 = CYLINDRICAL_SURFACE ( 'NONE', #1867, 0.05000000000000000971 ) ;
#269 = ADVANCED_FACE ( 'NONE', ( #281 ), #1245, .T. ) ;
#270 = ORIENTED_EDGE ( 'NONE', *, *, #858, .T. ) ;
#271 = EDGE_CURVE ( 'NONE', #3497, #1018, #769, .T. ) ;
#272 = CARTESIAN_POINT ( 'NONE',  ( -0.4500261132108937523, 0.1723948846393935086, 0.1612768474390030016 ) ) ;
#273 = EDGE_CURVE ( 'NONE', #2139, #983, #2687, .T. ) ;
#274 = FACE_OUTER_BOUND ( 'NONE', #2819, .T. ) ;
#275 = ORIENTED_EDGE ( 'NONE', *, *, #2871, .T. ) ;
#276 = PRESENTATION_STYLE_ASSIGNMENT (( #2121 ) ) ;
#277 = CYLINDRICAL_SURFACE ( 'NONE', #3803, 0.03500000000000037109 ) ;
#278 = FACE_OUTER_BOUND ( 'NONE', #3371, .T. ) ;
#279 = CARTESIAN_POINT ( 'NONE',  ( 0.5000000000000016653, -0.2452306927276451665, 0.4500000000000034528 ) ) ;
#280 = EDGE_LOOP ( 'NONE', ( #3986, #1999, #3648, #2034 ) ) ;
#281 = FACE_OUTER_BOUND ( 'NONE', #3106, .T. ) ;
#282 = CARTESIAN_POINT ( 'NONE',  ( -0.4500000000000007883, -0.1756051154546074133, 0.05000000000000045380 ) ) ;
#283 =( LENGTH_UNIT ( ) NAMED_UNIT ( * ) SI_UNIT ( $, .METRE. ) );
#284 = EDGE_CURVE ( 'NONE', #3055, #3527, #2456, .T. ) ;
#285 = B_SPLINE_SURFACE_WITH_KNOTS ( 'NONE', 3, 3, ( 
 ( #802, #3026, #3975, #182 ),
 ( #3669, #3305, #3368, #1806 ),
 ( #247, #2066, #2093, #565 ),
 ( #1179, #2760, #3909, #1115 ) ),
 .UNSPECIFIED., .F., .F., .F.,
 ( 4, 4 ),
 ( 4, 4 ),
 ( 0.0000000000000000000, 1.000000000000000000 ),
 ( 0.0000000000000000000, 1.000000000000000000 ),
 .UNSPECIFIED. ) ;
#286 = DIRECTION ( 'NONE',  ( -1.000000000000000000, -5.787813545898862897E-17, -3.490694658571001621E-15 ) ) ;
#287 = EDGE_CURVE ( 'NONE', #1394, #635, #324, .T. ) ;
#288 = CARTESIAN_POINT ( 'NONE',  ( -0.5000000000000002220, -0.03640383659095551561, 0.05000000000000047462 ) ) ;
#289 = AXIS2_PLACEMENT_3D ( 'NONE', #3876, #3038, #1108 ) ;
#290 = CARTESIAN_POINT ( 'NONE',  ( 0.4000000000000000777, 0.5900000000000000799, -3.414809992080329023E-17 ) ) ;
#291 = LINE ( 'NONE', #2138, #174 ) ;
#292 = ORIENTED_EDGE ( 'NONE', *, *, #3771, .F. ) ;
#293 = DIRECTION ( 'NONE',  ( -1.000000000000000000, 4.302114220422479129E-16, 2.841477053650009626E-15 ) ) ;
#294 = VECTOR ( 'NONE', #474, 39.37007874015748143 ) ;
#295 = SURFACE_STYLE_USAGE ( .BOTH. , #1485 ) ;
#296 = EDGE_CURVE ( 'NONE', #3735, #2493, #2800, .T. ) ;
#297 = DIRECTION ( 'NONE',  ( 0.0000000000000000000, -0.8660254037844401509, -0.4999999999999973910 ) ) ;
#298 = LENGTH_MEASURE_WITH_UNIT ( LENGTH_MEASURE( 0.02539999999999999897 ), #614 );
#299 = DIRECTION ( 'NONE',  ( -5.551115123125781470E-17, -1.000000000000000000, 3.838075690598685080E-17 ) ) ;
#300 = VECTOR ( 'NONE', #3203, 39.37007874015748143 ) ;
#301 = VERTEX_POINT ( 'NONE', #1224 ) ;
#302 = CARTESIAN_POINT ( 'NONE',  ( 0.4103330401858533705, 0.3811923268180888447, 0.2551803776172842375 ) ) ;
#303 = CARTESIAN_POINT ( 'NONE',  ( -0.4500000000000007883, -0.2452076731819112232, 0.05000000000000045380 ) ) ;
#304 =( BOUNDED_CURVE ( )  B_SPLINE_CURVE ( 3, ( #1630, #2534, #705, #3464 ),
 .UNSPECIFIED., .F., .F. ) 
 B_SPLINE_CURVE_WITH_KNOTS ( ( 4, 4 ),
 ( 0.5235987755983129155, 1.570796326794891007 ),
 .UNSPECIFIED. ) 
 CURVE ( )  GEOMETRIC_REPRESENTATION_ITEM ( )  RATIONAL_B_SPLINE_CURVE ( ( 1.000000000000000000, 0.9106836025229624321, 0.9106836025229624321, 1.000000000000000000 ) ) 
 REPRESENTATION_ITEM ( '' )  );
#305 = CARTESIAN_POINT ( 'NONE',  ( -0.4937500000000002998, 0.3703746824526948367, 0.1832032519088287181 ) ) ;
#306 = VECTOR ( 'NONE', #1981, 39.37007874015748143 ) ;
#307 = SURFACE_SIDE_STYLE ('',( #3101 ) ) ;
#308 = AXIS2_PLACEMENT_3D ( 'NONE', #1325, #363, #2286 ) ;
#309 = COLOUR_RGB ( '',0.7686274509803920907, 0.7686274509803920907, 0.7686274509803920907 ) ;
#310 = CARTESIAN_POINT ( 'NONE',  ( -0.4154632224530427353, 0.4435780061805223440, 0.3126305846857992954 ) ) ;
#311 = UNCERTAINTY_MEASURE_WITH_UNIT (LENGTH_MEASURE( 1.000000000000000082E-05 ), #2264, 'distance_accuracy_value', 'NONE');
#312 = DIMENSIONAL_EXPONENTS ( 1.000000000000000000, 0.0000000000000000000, 0.0000000000000000000, 0.0000000000000000000, 0.0000000000000000000, 0.0000000000000000000, 0.0000000000000000000 ) ;
#313 = SURFACE_SIDE_STYLE ('',( #2445 ) ) ;
#314 = VERTEX_POINT ( 'NONE', #3742 ) ;
#315 = EDGE_CURVE ( 'NONE', #2613, #137, #2494, .T. ) ;
#316 = AXIS2_PLACEMENT_3D ( 'NONE', #2339, #2709, #525 ) ;
#317 = CARTESIAN_POINT ( 'NONE',  ( 0.4200000000000004285, -0.5899999999999997469, 0.4167819973517151722 ) ) ;
#318 =( NAMED_UNIT ( * ) PLANE_ANGLE_UNIT ( ) SI_UNIT ( $, .RADIAN. ) );
#319 = EDGE_CURVE ( 'NONE', #599, #1093, #2780, .T. ) ;
#320 = CARTESIAN_POINT ( 'NONE',  ( 0.4500000000000008438, -0.5918301270189217922, 0.4157253730246892043 ) ) ;
#321 = EDGE_LOOP ( 'NONE', ( #2143, #389, #2920, #3652 ) ) ;
#322 = DIRECTION ( 'NONE',  ( 1.000000000000000000, 5.787813545898862897E-17, 0.0000000000000000000 ) ) ;
#323 = VERTEX_POINT ( 'NONE', #3691 ) ;
#324 = LINE ( 'NONE', #3407, #2128 ) ;
#325 = DIRECTION ( 'NONE',  ( 6.838279942300571988E-15, -1.019150042136374014E-17, -1.000000000000000000 ) ) ;
#326 = CARTESIAN_POINT ( 'NONE',  ( -0.4550000000000010147, -0.5899999999999997469, 0.4300000000000002154 ) ) ;
#327 = B_SPLINE_CURVE_WITH_KNOTS ( 'NONE', 3,
 ( #3031, #3396, #3087, #288 ),
 .UNSPECIFIED., .F., .F.,
 ( 4, 4 ),
 ( 3.674760507792034365E-05, 0.9999632523949221197 ),
 .UNSPECIFIED. ) ;
#328 = CARTESIAN_POINT ( 'NONE',  ( 0.4500391720739106427, -0.03640767318191117513, 0.1612445739078819662 ) ) ;
#329 = CARTESIAN_POINT ( 'NONE',  ( 0.3419448336795646859, -0.01475703808730048638, 0.4500000000000017319 ) ) ;
#330 = CARTESIAN_POINT ( 'NONE',  ( 0.4553459920551463647, -0.6363877801413463375, 0.1409393892357523326 ) ) ;
#331 = ORIENTED_EDGE ( 'NONE', *, *, #2962, .T. ) ;
#332 = FACE_OUTER_BOUND ( 'NONE', #440, .T. ) ;
#333 = EDGE_LOOP ( 'NONE', ( #3870, #877, #1268, #2458 ) ) ;
#334 = EDGE_CURVE ( 'NONE', #2131, #766, #2988, .T. ) ;
#335 = CARTESIAN_POINT ( 'NONE',  ( 0.4875000000000004885, 0.5683493649053894536, 0.4500000000000017319 ) ) ;
#336 = DIRECTION ( 'NONE',  ( 1.000000000000000000, 5.787813545898862897E-17, 3.491481338843132961E-15 ) ) ;
#337 = ORIENTED_EDGE ( 'NONE', *, *, #2333, .F. ) ;
#338 = CARTESIAN_POINT ( 'NONE',  ( 0.3544448336795644749, 0.1868260835478292858, 0.3113801629652225844 ) ) ;
#339 = CARTESIAN_POINT ( 'NONE',  ( 0.3419448336795646859, 0.4028429619126995265, 0.4500000000000017319 ) ) ;
#340 = ORIENTED_EDGE ( 'NONE', *, *, #2949, .T. ) ;
#341 = CARTESIAN_POINT ( 'NONE',  ( 0.4750000000000006439, 0.5755662432702597364, 0.3164932247673272192 ) ) ;
#342 = CARTESIAN_POINT ( 'NONE',  ( -0.4903459920551477835, -0.6235768910088922423, 0.3973963702891804006 ) ) ;
#343 = CARTESIAN_POINT ( 'NONE',  ( -0.4500000000000010658, 0.3812000000000001498, 0.3166666666666680396 ) ) ;
#344 = LINE ( 'NONE', #2609, #1226 ) ;
#345 = CARTESIAN_POINT ( 'NONE',  ( 0.4154632224530428464, 0.2347780061805223306, 0.3126305846857992954 ) ) ;
#346 = PLANE ( 'NONE',  #3375 ) ;
#347 = ORIENTED_EDGE ( 'NONE', *, *, #3601, .F. ) ;
#348 = CARTESIAN_POINT ( 'NONE',  ( 0.4264054445662281423, -0.6139054445662273096, 0.2970198175036931620 ) ) ;
#349 = CLOSED_SHELL ( 'NONE', ( #3335, #1847, #708, #744, #2098, #1863, #3219, #2695, #2166, #1745, #3674, #1914, #2578, #1983, #681, #3476, #1383, #750, #702, #120 ) ) ;
#350 = SURFACE_STYLE_FILL_AREA ( #1926 ) ;
#351 = LINE ( 'NONE', #2471, #934 ) ;
#352 = VERTEX_POINT ( 'NONE', #3119 ) ;
#353 = AXIS2_PLACEMENT_3D ( 'NONE', #2241, #2017, #3255 ) ;
#354 = CARTESIAN_POINT ( 'NONE',  ( 0.4875000000000004885, -0.05805063509461060728, 0.3164065038176566702 ) ) ;
#355 = DIRECTION ( 'NONE',  ( 2.841477053650009626E-15, -1.886511780124777407E-17, -1.000000000000000000 ) ) ;
#356 = ORIENTED_EDGE ( 'NONE', *, *, #284, .F. ) ;
#357 = PRESENTATION_LAYER_ASSIGNMENT (  '', '', ( #3293 ) ) ;
#358 = CARTESIAN_POINT ( 'NONE',  ( 0.5000585530335197593, -0.6363877801413461155, 0.3100000000000024958 ) ) ;
#359 = CARTESIAN_POINT ( 'NONE',  ( 0.4319908056132615859, -0.1023941185448685176, 0.1825053775368732090 ) ) ;
#360 = CARTESIAN_POINT ( 'NONE',  ( 0.4875000000000004885, 0.5683493649053894536, 0.4500000000000017319 ) ) ;
#361 = ADVANCED_FACE ( 'NONE', ( #2151 ), #2049, .F. ) ;
#362 = ORIENTED_EDGE ( 'NONE', *, *, #458, .T. ) ;
#363 = DIRECTION ( 'NONE',  ( 0.0000000000000000000, -1.000000000000000000, -8.537024980200832418E-17 ) ) ;
#364 = EDGE_CURVE ( 'NONE', #993, #2340, #4026, .T. ) ;
#365 = VECTOR ( 'NONE', #1562, 39.37007874015748143 ) ;
#366 = CARTESIAN_POINT ( 'NONE',  ( 0.4957896451097301149, 0.1723929807267914338, 0.05009432746886000043 ) ) ;
#367 = VECTOR ( 'NONE', #1206, 39.37007874015748143 ) ;
#368 = VERTEX_POINT ( 'NONE', #1858 ) ;
#369 =( NAMED_UNIT ( * ) SI_UNIT ( $, .STERADIAN. ) SOLID_ANGLE_UNIT ( ) );
#370 = AXIS2_PLACEMENT_3D ( 'NONE', #3165, #3489, #86 ) ;
#371 = FACE_OUTER_BOUND ( 'NONE', #3862, .T. ) ;
#372 = CARTESIAN_POINT ( 'NONE',  ( -0.3419448336795645194, 0.1940429619126995131, 0.4500000000000015099 ) ) ;
#373 = ORIENTED_EDGE ( 'NONE', *, *, #2538, .T. ) ;
#374 = MECHANICAL_DESIGN_GEOMETRIC_PRESENTATION_REPRESENTATION (  '', ( #1230 ), #756 ) ;
#375 = LINE ( 'NONE', #1273, #3500 ) ;
#376 = CARTESIAN_POINT ( 'NONE',  ( 0.4999563117218766006, 0.3811923268180871793, 0.05009449115213816806 ) ) ;
#377 = EDGE_LOOP ( 'NONE', ( #2869, #3966, #3761, #2375 ) ) ;
#378 = CARTESIAN_POINT ( 'NONE',  ( -0.4000000000000002442, 0.5900000000000004130, -0.05000000000000000971 ) ) ;
#379 = CARTESIAN_POINT ( 'NONE',  ( -0.4728459920551497109, -0.6060768910088927264, 0.2925000000000004263 ) ) ;
#380 = DIRECTION ( 'NONE',  ( 0.0000000000000000000, -0.0000000000000000000, -1.000000000000000000 ) ) ;
#381 = ORIENTED_EDGE ( 'NONE', *, *, #334, .T. ) ;
#382 = CARTESIAN_POINT ( 'NONE',  ( 0.4500391720739106427, -0.03640767318191117513, 0.1612445739078819662 ) ) ;
#383 = ORIENTED_EDGE ( 'NONE', *, *, #12, .T. ) ;
#384 = EDGE_CURVE ( 'NONE', #3735, #2102, #3945, .T. ) ;
#385 = CARTESIAN_POINT ( 'NONE',  ( -0.4624999998514835453, 0.3811981079594528032, 0.05009318470541167939 ) ) ;
#386 = EDGE_CURVE ( 'NONE', #1435, #3774, #2530, .T. ) ;
#387 = CARTESIAN_POINT ( 'NONE',  ( 0.4500000000000007327, -0.5899999999999997469, 0.4300000000000004929 ) ) ;
#388 = CARTESIAN_POINT ( 'NONE',  ( -0.5000000000000000000, -2.893907656099691947E-17, -1.912293595564984056E-15 ) ) ;
#389 = ORIENTED_EDGE ( 'NONE', *, *, #2217, .F. ) ;
#390 = DIRECTION ( 'NONE',  ( -2.834538159746102792E-15, 4.933119884809044189E-16, 1.000000000000000000 ) ) ;
#391 = EDGE_CURVE ( 'NONE', #3880, #1304, #3507, .T. ) ;
#392 = CARTESIAN_POINT ( 'NONE',  ( -0.4500000000000010658, -0.03639999999999984914, 0.2500000000000006661 ) ) ;
#393 = DIRECTION ( 'NONE',  ( -3.549244231848546921E-15, 4.358492733391727208E-17, 1.000000000000000000 ) ) ;
#394 = DIRECTION ( 'NONE',  ( -0.0000000000000000000, -1.000000000000000000, -0.0000000000000000000 ) ) ;
#395 = EDGE_LOOP ( 'NONE', ( #1643, #1771, #1913, #3351, #1973, #1704, #1188 ) ) ;
#396 = CARTESIAN_POINT ( 'NONE',  ( -0.4251390835064489115, -0.2415992339994761373, 0.1805306970212730844 ) ) ;
#397 = EDGE_LOOP ( 'NONE', ( #3403, #3852, #3326, #1173 ) ) ;
#398 = DIRECTION ( 'NONE',  ( 0.0000000000000000000, 0.0000000000000000000, 1.000000000000000000 ) ) ;
#399 = CARTESIAN_POINT ( 'NONE',  ( -0.4666666666666673957, -0.03639999999999984914, 0.05000000000000045380 ) ) ;
#400 = LINE ( 'NONE', #1917, #1611 ) ;
#401 = ORIENTED_EDGE ( 'NONE', *, *, #3430, .T. ) ;
#402 = CARTESIAN_POINT ( 'NONE',  ( -0.4603459920551479789, 0.008556624327026024837, 0.3899999999999994027 ) ) ;
#403 = CARTESIAN_POINT ( 'NONE',  ( -0.5000000000000002220, 0.2419974422726964836, 0.05000000000000105749 ) ) ;
#404 = CARTESIAN_POINT ( 'NONE',  ( -0.4500000000000010658, 0.5900000000000001910, 0.3166666666666683172 ) ) ;
#405 = EDGE_CURVE ( 'NONE', #1879, #1888, #133, .T. ) ;
#406 = CARTESIAN_POINT ( 'NONE',  ( 0.3959724168397827926, -0.02558235563460586545, 0.1808494659439499608 ) ) ;
#407 = EDGE_LOOP ( 'NONE', ( #98, #1990, #1333, #1674 ) ) ;
#408 = EDGE_CURVE ( 'NONE', #2922, #1751, #3174, .T. ) ;
#409 = APPLICATION_PROTOCOL_DEFINITION ( 'draft international standard', 'automotive_design', 1998, #59 ) ;
#410 = CARTESIAN_POINT ( 'NONE',  ( 0.4594309285456863456, -0.6329727166318857012, 0.3080283121635129517 ) ) ;
#411 = CARTESIAN_POINT ( 'NONE',  ( -0.4251390835064489115, 0.1760007660005239172, 0.1805306970212736672 ) ) ;
#412 = ORIENTED_EDGE ( 'NONE', *, *, #3248, .T. ) ;
#413 = FACE_OUTER_BOUND ( 'NONE', #689, .T. ) ;
#414 = ADVANCED_FACE ( 'NONE', ( #1712 ), #3535, .T. ) ;
#415 = ORIENTED_EDGE ( 'NONE', *, *, #2104, .T. ) ;
#416 = CARTESIAN_POINT ( 'NONE',  ( -0.4666666666666672292, -0.2452076731819112232, 0.05000000000000045380 ) ) ;
#417 = ORIENTED_EDGE ( 'NONE', *, *, #1248, .F. ) ;
#418 = CARTESIAN_POINT ( 'NONE',  ( -0.4499991568948024101, -0.03640383659095550867, 0.1613413113374035091 ) ) ;
#419 =( LENGTH_UNIT ( ) NAMED_UNIT ( * ) SI_UNIT ( $, .METRE. ) );
#420 = CARTESIAN_POINT ( 'NONE',  ( 0.4200000000000007061, -0.5899999999999997469, 0.4300000000000002154 ) ) ;
#421 = CARTESIAN_POINT ( 'NONE',  ( -0.4999854377200013134, -0.03640255782341118851, 0.05003149707581319022 ) ) ;
#422 = AXIS2_PLACEMENT_3D ( 'NONE', #3963, #1169, #2335 ) ;
#423 = PLANE ( 'NONE',  #1056 ) ;
#424 = DIRECTION ( 'NONE',  ( 0.0000000000000000000, 1.000000000000000000, 0.0000000000000000000 ) ) ;
#425 = COLOUR_RGB ( '',0.7686274509803920907, 0.7686274509803920907, 0.7686274509803920907 ) ;
#426 = CARTESIAN_POINT ( 'NONE',  ( 0.4937500000000004108, 0.5791746824526947668, 0.1832032519088290234 ) ) ;
#427 = ORIENTED_EDGE ( 'NONE', *, *, #3528, .F. ) ;
#428 =( BOUNDED_CURVE ( )  B_SPLINE_CURVE ( 3, ( #908, #342, #1859, #1572 ),
 .UNSPECIFIED., .F., .T. ) 
 B_SPLINE_CURVE_WITH_KNOTS ( ( 4, 4 ),
 ( 1.570796326794899445, 2.617993877991416252 ),
 .UNSPECIFIED. ) 
 CURVE ( )  GEOMETRIC_REPRESENTATION_ITEM ( )  RATIONAL_B_SPLINE_CURVE ( ( 1.000000000000000000, 0.9106836025229725351, 0.9106836025229725351, 1.000000000000000000 ) ) 
 REPRESENTATION_ITEM ( '' )  );
#429 = STYLED_ITEM ( 'NONE', ( #3286 ), #1983 ) ;
#430 = CARTESIAN_POINT ( 'NONE',  ( 0.5000000000000001110, -0.5899999999999998579, 0.04999999999999963501 ) ) ;
#431 = CARTESIAN_POINT ( 'NONE',  ( 0.4319908056132615859, 0.1064058814551315235, 0.1825053775368732090 ) ) ;
#432 = VECTOR ( 'NONE', #1322, 39.37007874015748143 ) ;
#433 = FACE_OUTER_BOUND ( 'NONE', #3638, .T. ) ;
#434 = EDGE_CURVE ( 'NONE', #721, #2244, #2319, .T. ) ;
#435 = CARTESIAN_POINT ( 'NONE',  ( -0.4833333333333338366, 0.5900000000000001910, 0.05000000000000134198 ) ) ;
#436 = FACE_OUTER_BOUND ( 'NONE', #800, .T. ) ;
#437 = AXIS2_PLACEMENT_3D ( 'NONE', #2313, #1104, #3531 ) ;
#438 = ORIENTED_EDGE ( 'NONE', *, *, #3898, .T. ) ;
#439 = CARTESIAN_POINT ( 'NONE',  ( 0.4500261134997032841, 0.3811948824390163915, 0.1612768475909034382 ) ) ;
#440 = EDGE_LOOP ( 'NONE', ( #710, #1147, #2984, #2882 ) ) ;
#441 = CARTESIAN_POINT ( 'NONE',  ( 0.0000000000000000000, 0.1100000000000000561, -0.05000000000000000971 ) ) ;
#442 = CARTESIAN_POINT ( 'NONE',  ( 0.5000585530335193152, -0.6363877801413460045, 0.3900000000000024003 ) ) ;
#443 = VECTOR ( 'NONE', #500, 39.37007874015748143 ) ;
#444 =( CONVERSION_BASED_UNIT ( 'INCH', #1468 ) LENGTH_UNIT ( ) NAMED_UNIT ( #1429 ) );
#445 = LINE ( 'NONE', #99, #2150 ) ;
#446 = ORIENTED_EDGE ( 'NONE', *, *, #564, .F. ) ;
#447 = CARTESIAN_POINT ( 'NONE',  ( 0.3419448336795646859, 0.4028429619126995265, 0.4500000000000017319 ) ) ;
#448 = EDGE_LOOP ( 'NONE', ( #1646, #2323, #2868, #210 ) ) ;
#449 = ORIENTED_EDGE ( 'NONE', *, *, #3254, .T. ) ;
#450 = FACE_OUTER_BOUND ( 'NONE', #3837, .T. ) ;
#451 = ORIENTED_EDGE ( 'NONE', *, *, #1715, .F. ) ;
#452 = CARTESIAN_POINT ( 'NONE',  ( 0.5000000000000001110, 0.03319744227269642856, 0.04999999999999962808 ) ) ;
#453 = LINE ( 'NONE', #1773, #746 ) ;
#454 = DIRECTION ( 'NONE',  ( 0.0000000000000000000, 0.0000000000000000000, 1.000000000000000000 ) ) ;
#455 = CARTESIAN_POINT ( 'NONE',  ( -0.4154632224530427353, 0.02597800618052233459, 0.3126305846857986848 ) ) ;
#456 = DIRECTION ( 'NONE',  ( 0.0000000000000000000, 1.000000000000000000, -9.757819552369535284E-18 ) ) ;
#457 = CARTESIAN_POINT ( 'NONE',  ( 0.4578459920551476992, -0.6320576531224245675, 0.3074999999999999400 ) ) ;
#458 = EDGE_CURVE ( 'NONE', #241, #504, #3209, .T. ) ;
#459 = ORIENTED_EDGE ( 'NONE', *, *, #3151, .T. ) ;
#460 = PLANE ( 'NONE',  #2831 ) ;
#461 = CARTESIAN_POINT ( 'NONE',  ( -0.4500000000000010658, -0.03639999999999984914, 0.1833333333333339032 ) ) ;
#462 = VERTEX_POINT ( 'NONE', #2550 ) ;
#463 = CARTESIAN_POINT ( 'NONE',  ( 0.4499999995396291030, 0.1723974442148064889, 0.05006187942301498078 ) ) ;
#464 = EDGE_CURVE ( 'NONE', #3218, #1030, #55, .T. ) ;
#465 = CARTESIAN_POINT ( 'NONE',  ( -0.4499991568948024101, -0.03640383659095550867, 0.1613413113374035091 ) ) ;
#466 = CARTESIAN_POINT ( 'NONE',  ( 0.4251390835064490226, 0.3848007660005239305, 0.1805306970212739726 ) ) ;
#467 = ORIENTED_EDGE ( 'NONE', *, *, #3790, .F. ) ;
#468 = ORIENTED_EDGE ( 'NONE', *, *, #3980, .F. ) ;
#469 = DIRECTION ( 'NONE',  ( 0.0000000000000000000, 0.0000000000000000000, 1.000000000000000000 ) ) ;
#470 = ORIENTED_EDGE ( 'NONE', *, *, #981, .F. ) ;
#471 = CARTESIAN_POINT ( 'NONE',  ( 0.5000000000000001110, 0.1723961634090445116, 0.05000000000000006523 ) ) ;
#472 = CARTESIAN_POINT ( 'NONE',  ( 0.3959724168397827926, 0.1832176443653941444, 0.1808494659439499608 ) ) ;
#473 = ORIENTED_EDGE ( 'NONE', *, *, #2924, .T. ) ;
#474 = DIRECTION ( 'NONE',  ( -1.000000000000000000, -4.163336342344338259E-17, -3.490263633665337057E-15 ) ) ;
#475 = DIRECTION ( 'NONE',  ( -0.8660254037844379305, 0.5000000000000012212, 0.0000000000000000000 ) ) ;
#476 = ORIENTED_EDGE ( 'NONE', *, *, #3393, .F. ) ;
#477 = CARTESIAN_POINT ( 'NONE',  ( 0.4937500000000004108, -0.04722531754730523168, 0.1832032519088290234 ) ) ;
#478 = CARTESIAN_POINT ( 'NONE',  ( -0.4500000000000003997, -0.5899999999999998579, 0.4167819973517151166 ) ) ;
#479 = ORIENTED_EDGE ( 'NONE', *, *, #811, .T. ) ;
#480 =( BOUNDED_CURVE ( )  B_SPLINE_CURVE ( 3, ( #3944, #3851, #1731, #2085 ),
 .UNSPECIFIED., .F., .T. ) 
 B_SPLINE_CURVE_WITH_KNOTS ( ( 4, 4 ),
 ( 1.570796326794872799, 2.617993877991415808 ),
 .UNSPECIFIED. ) 
 CURVE ( )  GEOMETRIC_REPRESENTATION_ITEM ( )  RATIONAL_B_SPLINE_CURVE ( ( 1.000000000000000000, 0.9106836025229682052, 0.9106836025229682052, 1.000000000000000000 ) ) 
 REPRESENTATION_ITEM ( '' )  );
#481 =( LENGTH_UNIT ( ) NAMED_UNIT ( * ) SI_UNIT ( $, .METRE. ) );
#482 = CARTESIAN_POINT ( 'NONE',  ( 0.4514816112265216952, -0.1204363144570440580, 0.4500000000000017319 ) ) ;
#483 = EDGE_CURVE ( 'NONE', #2244, #3360, #2902, .T. ) ;
#484 = CARTESIAN_POINT ( 'NONE',  ( -0.4500000000000010658, 0.1724000000000001920, 0.05009281937524968920 ) ) ;
#485 = ORIENTED_EDGE ( 'NONE', *, *, #464, .F. ) ;
#486 = PLANE ( 'NONE',  #2212 ) ;
#487 = CARTESIAN_POINT ( 'NONE',  ( 0.5000000000000001110, -0.5899999999999998579, 0.04999999999999963501 ) ) ;
#488 = CARTESIAN_POINT ( 'NONE',  ( 0.4875000000000004885, 0.3595493649053894125, 0.3164065038176566702 ) ) ;
#489 = ADVANCED_FACE ( 'NONE', ( #2883 ), #460, .F. ) ;
#490 = EDGE_CURVE ( 'NONE', #368, #1210, #676, .T. ) ;
#491 = CARTESIAN_POINT ( 'NONE',  ( 0.4500000000000012323, -0.03639999999999985608, 0.1612468894782111417 ) ) ;
#492 = DIRECTION ( 'NONE',  ( -0.8660254037844361541, -0.5000000000000045519, 6.938893903907226837E-18 ) ) ;
#493 = DIMENSIONAL_EXPONENTS ( 1.000000000000000000, 0.0000000000000000000, 0.0000000000000000000, 0.0000000000000000000, 0.0000000000000000000, 0.0000000000000000000, 0.0000000000000000000 ) ;
#494 = VECTOR ( 'NONE', #2620, 39.37007874015748143 ) ;
#495 = ORIENTED_EDGE ( 'NONE', *, *, #18, .T. ) ;
#496 = AXIS2_PLACEMENT_3D ( 'NONE', #1681, #1371, #3832 ) ;
#497 = EDGE_CURVE ( 'NONE', #1953, #1580, #3194, .T. ) ;
#498 = CARTESIAN_POINT ( 'NONE',  ( -0.3794448336795639420, 0.3811923268180888447, 0.4500000000000017319 ) ) ;
#499 = ORIENTED_EDGE ( 'NONE', *, *, #2306, .T. ) ;
#500 = DIRECTION ( 'NONE',  ( -0.0000000000000000000, -1.000000000000000000, -0.0000000000000000000 ) ) ;
#501 = CARTESIAN_POINT ( 'NONE',  ( -0.4500000000000010658, 0.1723923268180888035, 0.05000000000000076605 ) ) ;
#502 = CARTESIAN_POINT ( 'NONE',  ( -0.4514816112265215287, -0.1204363144570440580, 0.3145185442517270946 ) ) ;
#503 = LINE ( 'NONE', #1170, #683 ) ;
#504 = VERTEX_POINT ( 'NONE', #378 ) ;
#505 = CARTESIAN_POINT ( 'NONE',  ( 0.4833333333333339477, 0.1724000000000001920, 0.05000000000000134198 ) ) ;
#506 = LINE ( 'NONE', #753, #2412 ) ;
#507 = PRESENTATION_LAYER_ASSIGNMENT (  '', '', ( #429 ) ) ;
#508 = ORIENTED_EDGE ( 'NONE', *, *, #2342, .F. ) ;
#509 = CARTESIAN_POINT ( 'NONE',  ( -0.4525000000000004574, -0.5943301270189214058, 0.4142819973517154475 ) ) ;
#510 = CARTESIAN_POINT ( 'NONE',  ( -0.1631064567185962766, -0.2389095735175644220, 0.08051585040874867372 ) ) ;
#511 = ORIENTED_EDGE ( 'NONE', *, *, #2497, .F. ) ;
#512 = CARTESIAN_POINT ( 'NONE',  ( -0.4999563117219789077, -0.03640767318191117513, 0.05009449115191651203 ) ) ;
#513 = VECTOR ( 'NONE', #696, 39.37007874015748143 ) ;
#514 = LINE ( 'NONE', #1765, #2888 ) ;
#515 = CARTESIAN_POINT ( 'NONE',  ( 0.4500000000000009548, 0.03319488454539263472, 0.05000000000000134198 ) ) ;
#516 =( LENGTH_UNIT ( ) NAMED_UNIT ( * ) SI_UNIT ( $, .METRE. ) );
#517 = VECTOR ( 'NONE', #1919, 39.37007874015748143 ) ;
#518 = ORIENTED_EDGE ( 'NONE', *, *, #2855, .T. ) ;
#519 = ADVANCED_FACE ( 'NONE', ( #3853 ), #2865, .T. ) ;
#520 = CARTESIAN_POINT ( 'NONE',  ( 0.4500000000000012323, 0.1724000000000001920, 0.3166666666666683172 ) ) ;
#521 = LINE ( 'NONE', #3940, #294 ) ;
#522 = LINE ( 'NONE', #3574, #3811 ) ;
#523 = ORIENTED_EDGE ( 'NONE', *, *, #542, .F. ) ;
#524 = CARTESIAN_POINT ( 'NONE',  ( 0.06250000000000000000, 0.1100000000000000561, 0.0000000000000000000 ) ) ;
#525 = DIRECTION ( 'NONE',  ( -1.000000000000000000, 0.0000000000000000000, 3.491481338843132961E-15 ) ) ;
#526 = ORIENTED_EDGE ( 'NONE', *, *, #1445, .F. ) ;
#527 = CARTESIAN_POINT ( 'NONE',  ( 0.4154632224530428464, -0.1828219938194776961, 0.4500000000000017319 ) ) ;
#528 = FILL_AREA_STYLE ('',( #3301 ) ) ;
#529 = ORIENTED_EDGE ( 'NONE', *, *, #3182, .T. ) ;
#530 = CARTESIAN_POINT ( 'NONE',  ( 0.4749563120392366056, -0.03640379454943816484, 0.05009358327483261902 ) ) ;
#531 = CARTESIAN_POINT ( 'NONE',  ( -0.4200000000000004841, -0.5899999999999998579, 0.1409393892357524436 ) ) ;
#532 = CARTESIAN_POINT ( 'NONE',  ( 0.4000000000000000777, 0.5900000000000000799, 0.04999999999999998196 ) ) ;
#533 = DIRECTION ( 'NONE',  ( -1.000000000000000000, -2.359223927328457648E-16, -3.549244231848546921E-15 ) ) ;
#534 =( NAMED_UNIT ( * ) SI_UNIT ( $, .STERADIAN. ) SOLID_ANGLE_UNIT ( ) );
#535 = DIRECTION ( 'NONE',  ( -1.157562709179772579E-16, 1.000000000000000000, 0.0000000000000000000 ) ) ;
#536 = EDGE_CURVE ( 'NONE', #1093, #2244, #2564, .T. ) ;
#537 = PLANE ( 'NONE',  #3630 ) ;
#538 = CARTESIAN_POINT ( 'NONE',  ( 0.4577316112265216175, 0.02958644536295748292, 0.1813152923429003360 ) ) ;
#539 = B_SPLINE_CURVE_WITH_KNOTS ( 'NONE', 3,
 ( #80, #3804, #1003, #3842 ),
 .UNSPECIFIED., .F., .F.,
 ( 4, 4 ),
 ( 0.0000000000000000000, 1.000000000000000000 ),
 .UNSPECIFIED. ) ;
#540 = CARTESIAN_POINT ( 'NONE',  ( 0.3419448336795646859, -0.01475703808730048638, 0.4500000000000017319 ) ) ;
#541 = EDGE_LOOP ( 'NONE', ( #3913, #467, #2283, #2311, #3504, #2013, #383, #2940 ) ) ;
#542 = EDGE_CURVE ( 'NONE', #3998, #1578, #1038, .T. ) ;
#543 = ORIENTED_EDGE ( 'NONE', *, *, #246, .F. ) ;
#544 = PLANE ( 'NONE',  #289 ) ;
#545 = CARTESIAN_POINT ( 'NONE',  ( 0.4666666666666675067, 0.3812000000000001498, 0.05000000000000134198 ) ) ;
#546 = EDGE_CURVE ( 'NONE', #3998, #993, #2297, .T. ) ;
#547 = CARTESIAN_POINT ( 'NONE',  ( 0.4875000000000004885, -0.05805063509461053789, 0.4500000000000017319 ) ) ;
#548 = CARTESIAN_POINT ( 'NONE',  ( 0.4499999995392977015, 0.1723948864871689690, 0.05003093963116349990 ) ) ;
#549 = LINE ( 'NONE', #3952, #2191 ) ;
#550 = CARTESIAN_POINT ( 'NONE',  ( -0.3419448336795645194, -0.01475703808730048638, 0.3116989318878979343 ) ) ;
#551 = ORIENTED_EDGE ( 'NONE', *, *, #3654, .T. ) ;
#552 = DIRECTION ( 'NONE',  ( -1.000000000000000000, 4.302114220422479129E-16, 2.841477053650009626E-15 ) ) ;
#553 = VECTOR ( 'NONE', #979, 39.37007874015748143 ) ;
#554 = CARTESIAN_POINT ( 'NONE',  ( -0.3419448336795645194, 0.4028429619126995265, 0.4500000000000017319 ) ) ;
#555 = CARTESIAN_POINT ( 'NONE',  ( 0.3794448336795640531, -0.03640767318191117513, 0.3107426251198706080 ) ) ;
#556 = VERTEX_POINT ( 'NONE', #700 ) ;
#557 = CARTESIAN_POINT ( 'NONE',  ( 0.4750000000000006439, 0.1579662432702597374, 0.3164932247673272192 ) ) ;
#558 = ORIENTED_EDGE ( 'NONE', *, *, #3905, .F. ) ;
#559 = EDGE_CURVE ( 'NONE', #556, #1045, #1655, .T. ) ;
#560 = VECTOR ( 'NONE', #3338, 39.37007874015748143 ) ;
#561 = CARTESIAN_POINT ( 'NONE',  ( -0.5000000000000016653, 0.5900000000000001910, 0.4499999999999999556 ) ) ;
#562 = CARTESIAN_POINT ( 'NONE',  ( -0.4500391720737288437, 0.1723923268180888313, 0.1612445739083115948 ) ) ;
#563 =( GEOMETRIC_REPRESENTATION_CONTEXT ( 3 ) GLOBAL_UNCERTAINTY_ASSIGNED_CONTEXT ( ( #2873 ) ) GLOBAL_UNIT_ASSIGNED_CONTEXT ( ( #1389, #2051, #2724 ) ) REPRESENTATION_CONTEXT ( 'NONE', 'WORKASPACE' ) );
#564 = EDGE_CURVE ( 'NONE', #3907, #2899, #842, .T. ) ;
#565 = CARTESIAN_POINT ( 'NONE',  ( -0.4139816112265221615, 0.1100143206375666094, 0.4500000000000011213 ) ) ;
#566 = PLANE ( 'NONE',  #1068 ) ;
#567 = AXIS2_PLACEMENT_3D ( 'NONE', #3994, #1884, #2439 ) ;
#568 = ORIENTED_EDGE ( 'NONE', *, *, #2470, .T. ) ;
#569 = VECTOR ( 'NONE', #2473, 39.37007874015748143 ) ;
#570 = CARTESIAN_POINT ( 'NONE',  ( 0.4200000000000004841, -0.2896605556175895213, 0.1409393892357524714 ) ) ;
#571 = FACE_OUTER_BOUND ( 'NONE', #3228, .T. ) ;
#572 = CARTESIAN_POINT ( 'NONE',  ( -0.4154632224530427353, -0.1828219938194776961, 0.3126305846857984072 ) ) ;
#573 = PRODUCT ( 'BE7F6D81-6458-4F06-BC65-38DEEA29C716', 'BE7F6D81-6458-4F06-BC65-38DEEA29C716', '', ( #2543 ) ) ;
#574 = CARTESIAN_POINT ( 'NONE',  ( -0.1429774941164089763, -0.2505310354944453310, 4.097771990496394828E-16 ) ) ;
#575 = ORIENTED_EDGE ( 'NONE', *, *, #3231, .T. ) ;
#576 = CARTESIAN_POINT ( 'NONE',  ( 0.4999708733208311218, -0.03640511746451657871, 0.05006299407727152900 ) ) ;
#577 = VERTEX_POINT ( 'NONE', #3519 ) ;
#578 =( CONVERSION_BASED_UNIT ( 'INCH', #298 ) LENGTH_UNIT ( ) NAMED_UNIT ( #3394 ) );
#579 =( CONVERSION_BASED_UNIT ( 'INCH', #3387 ) LENGTH_UNIT ( ) NAMED_UNIT ( #3127 ) );
#580 = EDGE_CURVE ( 'NONE', #2961, #3865, #202, .T. ) ;
#581 = ORIENTED_EDGE ( 'NONE', *, *, #319, .T. ) ;
#582 = CARTESIAN_POINT ( 'NONE',  ( 0.4500000000000012323, 0.5900000000000001910, 0.4500000000000017319 ) ) ;
#583 = CARTESIAN_POINT ( 'NONE',  ( -0.4500391720737282886, -0.03640767318191114044, 0.1612445739083123442 ) ) ;
#584 = FACE_OUTER_BOUND ( 'NONE', #3178, .T. ) ;
#585 = EDGE_CURVE ( 'NONE', #2841, #1197, #3784, .T. ) ;
#586 = DIRECTION ( 'NONE',  ( -0.8660254037844374864, -0.5000000000000019984, 0.0000000000000000000 ) ) ;
#587 = PLANE ( 'NONE',  #695 ) ;
#588 = CARTESIAN_POINT ( 'NONE',  ( -0.4500000000000015099, -0.5899999999999997469, 0.4300000000000002154 ) ) ;
#589 = B_SPLINE_CURVE_WITH_KNOTS ( 'NONE', 3,
 ( #2850, #421, #965, #1343 ),
 .UNSPECIFIED., .F., .F.,
 ( 4, 4 ),
 ( 0.0000000000000000000, 1.000000000000000000 ),
 .UNSPECIFIED. ) ;
#590 = CARTESIAN_POINT ( 'NONE',  ( -0.4397224168397820265, 0.3811923268180888447, 0.1803713125599359923 ) ) ;
#591 = UNCERTAINTY_MEASURE_WITH_UNIT (LENGTH_MEASURE( 1.000000000000000082E-05 ), #252, 'distance_accuracy_value', 'NONE');
#592 = CARTESIAN_POINT ( 'NONE',  ( 0.4828574572698793865, 0.3811923268180888447, 0.08707673430604367937 ) ) ;
#593 = ORIENTED_EDGE ( 'NONE', *, *, #106, .F. ) ;
#594 = CARTESIAN_POINT ( 'NONE',  ( 0.4875000000000004885, 0.1507493649053894269, 0.3164065038176566702 ) ) ;
#595 =( NAMED_UNIT ( * ) SI_UNIT ( $, .STERADIAN. ) SOLID_ANGLE_UNIT ( ) );
#596 = FILL_AREA_STYLE ('',( #3402 ) ) ;
#597 = ORIENTED_EDGE ( 'NONE', *, *, #2414, .T. ) ;
#598 = LENGTH_MEASURE_WITH_UNIT ( LENGTH_MEASURE( 0.02539999999999999897 ), #1161 );
#599 = VERTEX_POINT ( 'NONE', #1821 ) ;
#600 = DIRECTION ( 'NONE',  ( -1.000000000000000000, -4.302114220422482087E-16, -2.834538159746102792E-15 ) ) ;
#601 = CARTESIAN_POINT ( 'NONE',  ( -0.4553459920551463647, -0.6363877801413461155, 0.1409393892357523048 ) ) ;
#602 = CARTESIAN_POINT ( 'NONE',  ( -0.4791666666666671848, 0.3739831216351299781, 0.1832466123836639926 ) ) ;
#603 = EDGE_CURVE ( 'NONE', #1751, #1603, #2124, .T. ) ;
#604 = B_SPLINE_CURVE_WITH_KNOTS ( 'NONE', 3,
 ( #1428, #2393, #2349, #2674 ),
 .UNSPECIFIED., .F., .F.,
 ( 4, 4 ),
 ( 0.0000000000000000000, 1.000000000000000000 ),
 .UNSPECIFIED. ) ;
#605 = LINE ( 'NONE', #890, #2261 ) ;
#606 = VECTOR ( 'NONE', #2110, 39.37007874015748143 ) ;
#607 = EDGE_CURVE ( 'NONE', #3518, #3998, #1779, .T. ) ;
#608 = CIRCLE ( 'NONE', #2193, 0.05000000000000000971 ) ;
#609 = CARTESIAN_POINT ( 'NONE',  ( 0.4500391720739109203, 0.1723923268180888313, 0.1612445739078810225 ) ) ;
#610 = LINE ( 'NONE', #3104, #365 ) ;
#611 = ORIENTED_EDGE ( 'NONE', *, *, #1501, .F. ) ;
#612 = LENGTH_MEASURE_WITH_UNIT ( LENGTH_MEASURE( 0.02539999999999999897 ), #2501 );
#613 = DIRECTION ( 'NONE',  ( 0.0000000000000000000, -9.757819552369538365E-18, 1.000000000000000000 ) ) ;
#614 =( LENGTH_UNIT ( ) NAMED_UNIT ( * ) SI_UNIT ( $, .METRE. ) );
#615 = VECTOR ( 'NONE', #2062, 39.37007874015748143 ) ;
#616 = ORIENTED_EDGE ( 'NONE', *, *, #2073, .F. ) ;
#617 = PLANE ( 'NONE',  #1288 ) ;
#618 = EDGE_LOOP ( 'NONE', ( #959, #3064, #1128, #14 ) ) ;
#619 = DIRECTION ( 'NONE',  ( -1.000000000000000000, -3.330669073875469621E-16, -2.834538159746102792E-15 ) ) ;
#620 = CARTESIAN_POINT ( 'NONE',  ( -0.3779632224530433127, -0.1611713587248670143, 0.3133548434808209326 ) ) ;
#621 = PRESENTATION_LAYER_ASSIGNMENT (  '', '', ( #882 ) ) ;
#622 = CARTESIAN_POINT ( 'NONE',  ( -0.4875000000000003220, 0.3595493649053894125, 0.4500000000000015099 ) ) ;
#623 = PLANE ( 'NONE',  #567 ) ;
#624 = ADVANCED_FACE ( 'NONE', ( #2712 ), #544, .T. ) ;
#625 = AXIS2_PLACEMENT_3D ( 'NONE', #639, #1178, #4024 ) ;
#626 = CARTESIAN_POINT ( 'NONE',  ( 0.3419448336795646859, -0.01475703808730048638, 0.3116989318878985449 ) ) ;
#627 = CARTESIAN_POINT ( 'NONE',  ( 0.4500130573514904975, 0.1723974422199466283, 0.1612461176877766633 ) ) ;
#628 = ORIENTED_EDGE ( 'NONE', *, *, #1637, .F. ) ;
#629 =( NAMED_UNIT ( * ) PLANE_ANGLE_UNIT ( ) SI_UNIT ( $, .RADIAN. ) );
#630 = EDGE_CURVE ( 'NONE', #1795, #1062, #608, .T. ) ;
#631 = VECTOR ( 'NONE', #1511, 39.37007874015748143 ) ;
#632 = DIRECTION ( 'NONE',  ( 2.081668171172168020E-16, -1.000000000000000000, -2.558717127065789540E-17 ) ) ;
#633 = PRESENTATION_STYLE_ASSIGNMENT (( #3133 ) ) ;
#634 = PRESENTATION_LAYER_ASSIGNMENT (  '', '', ( #1233 ) ) ;
#635 = VERTEX_POINT ( 'NONE', #3299 ) ;
#636 = CARTESIAN_POINT ( 'NONE',  ( -0.5000000000000002220, -0.03640383659095551561, 0.05000000000000047462 ) ) ;
#637 = B_SPLINE_SURFACE_WITH_KNOTS ( 'NONE', 3, 3, ( 
 ( #2565, #2973, #3665, #3988 ),
 ( #545, #856, #3363, #841 ),
 ( #1822, #2088, #3685, #3060 ),
 ( #3324, #2125, #2757, #1134 ) ),
 .UNSPECIFIED., .F., .F., .F.,
 ( 4, 4 ),
 ( 4, 4 ),
 ( 0.0000000000000000000, 1.000000000000000000 ),
 ( 0.0000000000000000000, 1.000000000000000000 ),
 .UNSPECIFIED. ) ;
#638 = EDGE_CURVE ( 'NONE', #56, #1373, #242, .T. ) ;
#639 = CARTESIAN_POINT ( 'NONE',  ( 0.0000000000000000000, 0.0000000000000000000, 0.4500000000000017319 ) ) ;
#640 = ORIENTED_EDGE ( 'NONE', *, *, #1826, .T. ) ;
#641 = CARTESIAN_POINT ( 'NONE',  ( 0.4937500000000004108, 0.5791746824526947668, 0.1832032519088290234 ) ) ;
#642 = CARTESIAN_POINT ( 'NONE',  ( 0.4500000000000009548, -0.1060025577273036590, 0.05000000000000134198 ) ) ;
#643 = CARTESIAN_POINT ( 'NONE',  ( -0.4139816112265221615, 0.3188143206375666505, 0.4500000000000015099 ) ) ;
#644 = DIRECTION ( 'NONE',  ( 0.5000000000000012212, 0.8660254037844377084, 0.0000000000000000000 ) ) ;
#645 = DIRECTION ( 'NONE',  ( 6.831341048396664760E-15, -2.970713952610281533E-17, 1.000000000000000000 ) ) ;
#646 = EDGE_CURVE ( 'NONE', #2646, #577, #1133, .T. ) ;
#647 = EDGE_LOOP ( 'NONE', ( #204, #3620, #3741, #2567, #2985, #679, #2527 ) ) ;
#648 = CARTESIAN_POINT ( 'NONE',  ( -0.4500000000000002331, 0.5900000000000000799, 0.04999999999999980849 ) ) ;
#649 = ORIENTED_EDGE ( 'NONE', *, *, #3437, .T. ) ;
#650 = CARTESIAN_POINT ( 'NONE',  ( 0.5000000000000004441, 0.5900000000000001910, 0.05000000000000134198 ) ) ;
#651 = ADVANCED_FACE ( 'NONE', ( #3362 ), #2735, .F. ) ;
#652 = FACE_OUTER_BOUND ( 'NONE', #1830, .T. ) ;
#653 = ORIENTED_EDGE ( 'NONE', *, *, #2257, .F. ) ;
#654 = CARTESIAN_POINT ( 'NONE',  ( -0.4500000000000015654, -0.2896605556175895213, 0.4300000000000002709 ) ) ;
#655 = ORIENTED_EDGE ( 'NONE', *, *, #2935, .T. ) ;
#656 = CARTESIAN_POINT ( 'NONE',  ( 0.4583187706820688323, 0.3811987460867736210, 0.05009305115761156224 ) ) ;
#657 = ORIENTED_EDGE ( 'NONE', *, *, #774, .F. ) ;
#658 = DIRECTION ( 'NONE',  ( 1.000000000000000000, -5.551115123125781470E-17, -3.493733080617289094E-15 ) ) ;
#659 = EDGE_CURVE ( 'NONE', #1210, #2943, #1761, .T. ) ;
#660 = CARTESIAN_POINT ( 'NONE',  ( -0.4139816112265221615, -0.09878567936243343173, 0.4500000000000008438 ) ) ;
#661 = CARTESIAN_POINT ( 'NONE',  ( -0.4200000000000007616, -0.5899999999999996358, 0.4300000000000005485 ) ) ;
#662 = EDGE_LOOP ( 'NONE', ( #3173, #468 ) ) ;
#663 = CARTESIAN_POINT ( 'NONE',  ( 0.4103330401858534260, 0.1723923268180888313, 0.2551803776172841820 ) ) ;
#664 = CARTESIAN_POINT ( 'NONE',  ( 0.4916229784967021677, 0.1723936306382672923, 0.05009417009869562148 ) ) ;
#665 = DIRECTION ( 'NONE',  ( 1.000000000000000000, -2.081668171172167281E-16, -3.542305337944639692E-15 ) ) ;
#666 = VERTEX_POINT ( 'NONE', #219 ) ;
#667 = DIRECTION ( 'NONE',  ( 5.787813545898882619E-17, -1.000000000000000000, -5.787813545898862897E-17 ) ) ;
#668 = CARTESIAN_POINT ( 'NONE',  ( -0.4000000000000002442, 0.5900000000000000799, 0.05000000000000000971 ) ) ;
#669 = PLANE ( 'NONE',  #1933 ) ;
#670 = ORIENTED_EDGE ( 'NONE', *, *, #830, .T. ) ;
#671 = CARTESIAN_POINT ( 'NONE',  ( 0.4833333333333338366, 0.1723923268180888313, 0.05000000000000134198 ) ) ;
#672 = CARTESIAN_POINT ( 'NONE',  ( -0.3959724168397826816, 0.1832176443653941444, 0.1808494659439496555 ) ) ;
#673 = EDGE_CURVE ( 'NONE', #978, #3497, #1397, .T. ) ;
#674 = ORIENTED_EDGE ( 'NONE', *, *, #1792, .F. ) ;
#675 = VECTOR ( 'NONE', #913, 39.37007874015748143 ) ;
#676 = LINE ( 'NONE', #1626, #494 ) ;
#677 = DIRECTION ( 'NONE',  ( 2.841477053650010021E-15, -9.397864431104352434E-16, -1.000000000000000000 ) ) ;
#678 = PLANE ( 'NONE',  #3232 ) ;
#679 = ORIENTED_EDGE ( 'NONE', *, *, #1937, .F. ) ;
#680 = PLANE ( 'NONE',  #948 ) ;
#681 = ADVANCED_FACE ( 'NONE', ( #1443 ), #2061, .T. ) ;
#682 = CARTESIAN_POINT ( 'NONE',  ( 0.4903459920551477835, -0.6235768910088922423, 0.3973963702891805116 ) ) ;
#683 = VECTOR ( 'NONE', #475, 39.37007874015748854 ) ;
#684 = FACE_OUTER_BOUND ( 'NONE', #759, .T. ) ;
#685 = AXIS2_PLACEMENT_3D ( 'NONE', #330, #2752, #3450 ) ;
#686 = CARTESIAN_POINT ( 'NONE',  ( 0.4578459920551465334, -0.6320576531224245675, 0.1409393892357523048 ) ) ;
#687 = SURFACE_SIDE_STYLE ('',( #1922 ) ) ;
#688 =( GEOMETRIC_REPRESENTATION_CONTEXT ( 3 ) GLOBAL_UNCERTAINTY_ASSIGNED_CONTEXT ( ( #591 ) ) GLOBAL_UNIT_ASSIGNED_CONTEXT ( ( #252, #2134, #929 ) ) REPRESENTATION_CONTEXT ( 'NONE', 'WORKASPACE' ) );
#689 = EDGE_LOOP ( 'NONE', ( #2929, #1354, #1699, #2003, #593, #764, #3759, #270 ) ) ;
#690 = CARTESIAN_POINT ( 'NONE',  ( -0.4875000000000003220, 0.1507493649053895102, 0.4500000000000011213 ) ) ;
#691 = AXIS2_PLACEMENT_3D ( 'NONE', #53, #3739, #935 ) ;
#692 = CARTESIAN_POINT ( 'NONE',  ( -0.5000000000000001110, 0.5900000000000000799, 0.0000000000000000000 ) ) ;
#693 = CARTESIAN_POINT ( 'NONE',  ( -0.4500000000000010658, 0.5900000000000001910, 0.1833333333333347914 ) ) ;
#694 = ORIENTED_EDGE ( 'NONE', *, *, #536, .F. ) ;
#695 = AXIS2_PLACEMENT_3D ( 'NONE', #3314, #2116, #1772 ) ;
#696 = DIRECTION ( 'NONE',  ( -3.490694658571001621E-15, 1.517693329813479319E-16, 1.000000000000000000 ) ) ;
#697 = DIRECTION ( 'NONE',  ( 1.000000000000000000, 4.440892098500625669E-16, 2.841477053650009626E-15 ) ) ;
#698 = ORIENTED_EDGE ( 'NONE', *, *, #2657, .F. ) ;
#699 = CIRCLE ( 'NONE', #2737, 0.06250000000000000000 ) ;
#700 = CARTESIAN_POINT ( 'NONE',  ( -0.06250000000000000000, 0.1100000000000000561, -0.05000000000000000971 ) ) ;
#701 = CARTESIAN_POINT ( 'NONE',  ( -0.4750000000000005329, -0.05083375672974031062, 0.4500000000000008438 ) ) ;
#702 = ADVANCED_FACE ( 'NONE', ( #4003 ), #2203, .T. ) ;
#703 = DIRECTION ( 'NONE',  ( -0.8660254037844374864, -0.5000000000000019984, 0.0000000000000000000 ) ) ;
#704 = ORIENTED_EDGE ( 'NONE', *, *, #1501, .T. ) ;
#705 = CARTESIAN_POINT ( 'NONE',  ( -0.4200000000000007616, -0.6028108891324549523, 0.2906143729374654483 ) ) ;
#706 = ADVANCED_FACE ( 'NONE', ( #3110, #3736 ), #3077, .F. ) ;
#707 = CARTESIAN_POINT ( 'NONE',  ( -0.4139816112265221615, 0.5276143206375666361, 0.3150107550737451523 ) ) ;
#708 = ADVANCED_FACE ( 'NONE', ( #3684 ), #277, .T. ) ;
#709 = DIRECTION ( 'NONE',  ( 3.542305337944639692E-15, -2.428612866367529316E-17, 1.000000000000000000 ) ) ;
#710 = ORIENTED_EDGE ( 'NONE', *, *, #364, .F. ) ;
#711 =( NAMED_UNIT ( * ) PLANE_ANGLE_UNIT ( ) SI_UNIT ( $, .RADIAN. ) );
#712 = LINE ( 'NONE', #1968, #300 ) ;
#713 = EDGE_LOOP ( 'NONE', ( #417, #974, #551, #1024 ) ) ;
#714 = CARTESIAN_POINT ( 'NONE',  ( 0.4750000000000006439, -0.05083375672974031062, 0.4500000000000017319 ) ) ;
#715 = EDGE_LOOP ( 'NONE', ( #616, #3382, #1243, #7 ) ) ;
#716 = CARTESIAN_POINT ( 'NONE',  ( -0.4499999995392977015, 0.3811948864871688714, 0.05003093963116312520 ) ) ;
#717 = EDGE_LOOP ( 'NONE', ( #1071, #508, #3589, #920, #259, #3020, #2276 ) ) ;
#718 = CARTESIAN_POINT ( 'NONE',  ( -0.4500000000000003997, -0.5899999999999998579, 0.4167819973517151166 ) ) ;
#719 = CARTESIAN_POINT ( 'NONE',  ( 0.4500000000000012323, -0.03639999999999984914, 0.4500000000000017319 ) ) ;
#720 = CARTESIAN_POINT ( 'NONE',  ( -0.5000000000000002220, 0.1724000000000001920, 0.05000000000000076605 ) ) ;
#721 = VERTEX_POINT ( 'NONE', #317 ) ;
#722 = DIRECTION ( 'NONE',  ( -0.8320502943378407235, -0.4803844614152649184, 0.2773500981126172937 ) ) ;
#723 = LINE ( 'NONE', #3932, #2773 ) ;
#724 = DIRECTION ( 'NONE',  ( 0.0000000000000000000, -0.0000000000000000000, 1.000000000000000000 ) ) ;
#725 = EDGE_CURVE ( 'NONE', #1483, #2734, #933, .T. ) ;
#726 = ADVANCED_FACE ( 'NONE', ( #1891 ), #2153, .F. ) ;
#727 = CARTESIAN_POINT ( 'NONE',  ( 0.4500000000000001221, -0.03640767318191117513, 0.04999999999999980849 ) ) ;
#728 = ORIENTED_EDGE ( 'NONE', *, *, #1021, .T. ) ;
#729 = EDGE_CURVE ( 'NONE', #504, #175, #3613, .T. ) ;
#730 = DIRECTION ( 'NONE',  ( 0.8660254037844374864, -0.5000000000000019984, 0.0000000000000000000 ) ) ;
#731 = CARTESIAN_POINT ( 'NONE',  ( -0.5000000000000016653, -0.5899999999999997469, 0.4499999999999999556 ) ) ;
#732 = CARTESIAN_POINT ( 'NONE',  ( -0.4999854377200012023, 0.1723974421765888387, 0.05003149707581362043 ) ) ;
#733 = CIRCLE ( 'NONE', #2630, 0.05000000000000000971 ) ;
#734 = CARTESIAN_POINT ( 'NONE',  ( -0.4999563117219789077, -0.03640767318191117513, 0.05009449115191651203 ) ) ;
#735 = ORIENTED_EDGE ( 'NONE', *, *, #1549, .T. ) ;
#736 = DIRECTION ( 'NONE',  ( 1.000000000000000000, -3.191891195797323575E-16, -2.838007606698055223E-15 ) ) ;
#737 = FACE_OUTER_BOUND ( 'NONE', #2562, .T. ) ;
#738 = EDGE_LOOP ( 'NONE', ( #518, #415, #1390, #3891 ) ) ;
#739 = DIRECTION ( 'NONE',  ( -3.469446951953613418E-18, -5.181402182308224901E-15, -1.000000000000000000 ) ) ;
#740 = DIRECTION ( 'NONE',  ( 3.330669073875469128E-16, -1.000000000000000000, 5.221300822255691464E-15 ) ) ;
#741 = CARTESIAN_POINT ( 'NONE',  ( 0.4657597746517965209, -0.03640767318191118901, 0.1240591502107954297 ) ) ;
#742 = ORIENTED_EDGE ( 'NONE', *, *, #2955, .T. ) ;
#743 = ORIENTED_EDGE ( 'NONE', *, *, #3731, .T. ) ;
#744 = ADVANCED_FACE ( 'NONE', ( #433 ), #2859, .F. ) ;
#745 = DIRECTION ( 'NONE',  ( -5.787813545898882619E-17, 1.000000000000000000, 5.787813545898862897E-17 ) ) ;
#746 = VECTOR ( 'NONE', #3014, 39.37007874015748854 ) ;
#747 = DIRECTION ( 'NONE',  ( -0.8320502943378401683, 0.4803844614152656955, 0.2773500981126171827 ) ) ;
#748 = CARTESIAN_POINT ( 'NONE',  ( -0.4514816112265215287, 0.08836368554295598310, 0.4500000000000011213 ) ) ;
#749 = ORIENTED_EDGE ( 'NONE', *, *, #2115, .T. ) ;
#750 = ADVANCED_FACE ( 'NONE', ( #1656 ), #1967, .T. ) ;
#751 = CARTESIAN_POINT ( 'NONE',  ( 0.4200000000000015388, -0.2896605556175895213, 0.4300000000000003264 ) ) ;
#752 = COLOUR_RGB ( '',0.7686274509803920907, 0.7686274509803920907, 0.7686274509803920907 ) ;
#753 = CARTESIAN_POINT ( 'NONE',  ( 0.4500000000000010658, -0.03639999999999984914, 0.4500000000000017319 ) ) ;
#754 = ORIENTED_EDGE ( 'NONE', *, *, #2303, .F. ) ;
#755 = CARTESIAN_POINT ( 'NONE',  ( -0.4500000000000007883, -0.2452076731819112232, 0.05000000000000045380 ) ) ;
#756 =( GEOMETRIC_REPRESENTATION_CONTEXT ( 3 ) GLOBAL_UNCERTAINTY_ASSIGNED_CONTEXT ( ( #311 ) ) GLOBAL_UNIT_ASSIGNED_CONTEXT ( ( #2264, #2245, #3235 ) ) REPRESENTATION_CONTEXT ( 'NONE', 'WORKASPACE' ) );
#757 = EDGE_CURVE ( 'NONE', #1136, #2305, #3426, .T. ) ;
#758 = CARTESIAN_POINT ( 'NONE',  ( -0.4500000000000010658, 0.1724000000000001920, 0.1612468894782100037 ) ) ;
#759 = EDGE_LOOP ( 'NONE', ( #2486, #3721, #362, #1929 ) ) ;
#760 = CARTESIAN_POINT ( 'NONE',  ( -0.4828574572698788314, -0.03640767318191116819, 0.08707673430604373488 ) ) ;
#761 = CARTESIAN_POINT ( 'NONE',  ( 0.4839405474889212355, -0.6124823355751207732, 0.4038018148554076148 ) ) ;
#762 = LINE ( 'NONE', #686, #1928 ) ;
#763 = CARTESIAN_POINT ( 'NONE',  ( 0.3669448336795642640, 0.3884092051829590719, 0.3110613940425466240 ) ) ;
#764 = ORIENTED_EDGE ( 'NONE', *, *, #2270, .T. ) ;
#765 = CARTESIAN_POINT ( 'NONE',  ( 0.4500000000000012323, 0.1724000000000001920, 0.2500000000000015543 ) ) ;
#766 = VERTEX_POINT ( 'NONE', #2558 ) ;
#767 = CARTESIAN_POINT ( 'NONE',  ( 0.3779632224530434792, 0.2564286412751330402, 0.4500000000000017319 ) ) ;
#768 = CARTESIAN_POINT ( 'NONE',  ( 0.3419448336795646859, 0.1940429619126995131, 0.4500000000000017319 ) ) ;
#769 = B_SPLINE_CURVE_WITH_KNOTS ( 'NONE', 3,
 ( #35, #4011, #1588, #1897 ),
 .UNSPECIFIED., .F., .F.,
 ( 4, 4 ),
 ( 0.0000000000000000000, 1.000000000000000000 ),
 .UNSPECIFIED. ) ;
#770 = CARTESIAN_POINT ( 'NONE',  ( 0.4200000000000004841, -0.5899999999999998579, 0.1409393892357524991 ) ) ;
#771 = ORIENTED_EDGE ( 'NONE', *, *, #580, .F. ) ;
#772 = CARTESIAN_POINT ( 'NONE',  ( -0.4500000000000010658, -0.03640767318191117513, 0.05000000000000045380 ) ) ;
#773 = CARTESIAN_POINT ( 'NONE',  ( 0.4499991568947121490, 0.3811961634090444973, 0.1613413113376178099 ) ) ;
#774 = EDGE_CURVE ( 'NONE', #635, #104, #3146, .T. ) ;
#775 = ORIENTED_EDGE ( 'NONE', *, *, #3278, .F. ) ;
#776 = EDGE_CURVE ( 'NONE', #3883, #3774, #3405, .T. ) ;
#777 =( NAMED_UNIT ( * ) PLANE_ANGLE_UNIT ( ) SI_UNIT ( $, .RADIAN. ) );
#778 = CARTESIAN_POINT ( 'NONE',  ( -0.4875000000000003220, -0.05805063509461060728, 0.4500000000000008438 ) ) ;
#779 = SURFACE_STYLE_FILL_AREA ( #528 ) ;
#780 = ORIENTED_EDGE ( 'NONE', *, *, #1307, .T. ) ;
#781 = CARTESIAN_POINT ( 'NONE',  ( -0.4000000000000002442, -0.5899999999999999689, 0.04999999999999991257 ) ) ;
#782 = CARTESIAN_POINT ( 'NONE',  ( 0.4509150635094616444, -0.5934150635094604942, 0.2851896904847706637 ) ) ;
#783 = CARTESIAN_POINT ( 'NONE',  ( 0.06250000000000000000, 0.1100000000000000561, -0.05000000000000000971 ) ) ;
#784 = CARTESIAN_POINT ( 'NONE',  ( 0.3419448336795646859, 0.4028429619126995265, 0.4500000000000017319 ) ) ;
#785 = ORIENTED_EDGE ( 'NONE', *, *, #3359, .F. ) ;
#786 = VERTEX_POINT ( 'NONE', #71 ) ;
#787 = CARTESIAN_POINT ( 'NONE',  ( -0.4500000000000010658, 0.5900000000000001910, 0.2500000000000015543 ) ) ;
#788 = VERTEX_POINT ( 'NONE', #1352 ) ;
#789 = DIMENSIONAL_EXPONENTS ( 1.000000000000000000, 0.0000000000000000000, 0.0000000000000000000, 0.0000000000000000000, 0.0000000000000000000, 0.0000000000000000000, 0.0000000000000000000 ) ;
#790 = CARTESIAN_POINT ( 'NONE',  ( -0.4397224168397820265, 0.1723923268180888313, 0.1803713125599356870 ) ) ;
#791 = CARTESIAN_POINT ( 'NONE',  ( 0.4154632224530428464, 0.02597800618052233459, 0.4500000000000017319 ) ) ;
#792 = LINE ( 'NONE', #3272, #818 ) ;
#793 = ORIENTED_EDGE ( 'NONE', *, *, #2949, .F. ) ;
#794 = DIRECTION ( 'NONE',  ( 0.0000000000000000000, 0.0000000000000000000, 1.000000000000000000 ) ) ;
#795 = CARTESIAN_POINT ( 'NONE',  ( 0.0000000000000000000, 0.1100000000000000561, 0.0000000000000000000 ) ) ;
#796 = ORIENTED_EDGE ( 'NONE', *, *, #3580, .T. ) ;
#797 = DIRECTION ( 'NONE',  ( 3.542305337944638903E-15, -2.428612866367529316E-17, 1.000000000000000000 ) ) ;
#798 = CARTESIAN_POINT ( 'NONE',  ( -0.4264054445662282533, -0.6139054445662270876, 0.4029801824963062384 ) ) ;
#799 = CARTESIAN_POINT ( 'NONE',  ( -0.4500261147093994052, 0.1723948844926380397, 0.1612453458311432775 ) ) ;
#800 = EDGE_LOOP ( 'NONE', ( #3309, #2058, #846, #1725, #2892, #2296, #2064, #2675 ) ) ;
#801 = CARTESIAN_POINT ( 'NONE',  ( -0.4903459920551477835, -0.6363877801413463375, 0.3899999999999995692 ) ) ;
#802 = CARTESIAN_POINT ( 'NONE',  ( -0.4500000000000007883, -0.03640767318191117513, 0.05000000000000076605 ) ) ;
#803 = CARTESIAN_POINT ( 'NONE',  ( -0.4499994402554023942, 0.1723974507181731952, 0.1612782550331287035 ) ) ;
#804 = CARTESIAN_POINT ( 'NONE',  ( 0.5000000000000001110, 0.3811961634090444973, 0.05000000000000006523 ) ) ;
#805 = ADVANCED_FACE ( 'NONE', ( #371 ), #2598, .T. ) ;
#806 = VECTOR ( 'NONE', #3732, 39.37007874015748143 ) ;
#807 = ORIENTED_EDGE ( 'NONE', *, *, #2751, .F. ) ;
#808 = VERTEX_POINT ( 'NONE', #3772 ) ;
#809 = CARTESIAN_POINT ( 'NONE',  ( -0.5000585530335196482, -0.7861805207197093415, 0.3900000000000024558 ) ) ;
#810 = ORIENTED_EDGE ( 'NONE', *, *, #725, .T. ) ;
#811 = EDGE_CURVE ( 'NONE', #1744, #3218, #991, .T. ) ;
#812 = DIRECTION ( 'NONE',  ( 0.0000000000000000000, -8.537024980200832418E-17, 1.000000000000000000 ) ) ;
#813 = AXIS2_PLACEMENT_3D ( 'NONE', #770, #1481, #3615 ) ;
#814 = LINE ( 'NONE', #2078, #2526 ) ;
#815 = CARTESIAN_POINT ( 'NONE',  ( 0.3959724168397827926, 0.1832176443653941444, 0.1808494659439499608 ) ) ;
#816 = LINE ( 'NONE', #2338, #1758 ) ;
#817 = LINE ( 'NONE', #2060, #3889 ) ;
#818 = VECTOR ( 'NONE', #1755, 39.37007874015748143 ) ;
#819 = EDGE_LOOP ( 'NONE', ( #2454, #1328, #807, #1054 ) ) ;
#820 = CARTESIAN_POINT ( 'NONE',  ( 0.1631064567185960268, -0.2389095735175643664, 0.08051585040874874311 ) ) ;
#821 = DIRECTION ( 'NONE',  ( -2.220446049250312341E-16, -1.000000000000000000, 1.431146867680865237E-17 ) ) ;
#822 = CARTESIAN_POINT ( 'NONE',  ( -0.4999563117219787411, 0.1723923268180888313, 0.05009449115191719898 ) ) ;
#823 = VERTEX_POINT ( 'NONE', #2234 ) ;
#824 = PRESENTATION_STYLE_ASSIGNMENT (( #3908 ) ) ;
#825 = CARTESIAN_POINT ( 'NONE',  ( -0.4999563117219789077, 0.3811923268180888447, 0.05009449115191688673 ) ) ;
#826 = EDGE_CURVE ( 'NONE', #3226, #1136, #1330, .T. ) ;
#827 = CARTESIAN_POINT ( 'NONE',  ( -0.4728459920551497109, -0.6060768910088927264, 0.2925000000000004263 ) ) ;
#828 = CARTESIAN_POINT ( 'NONE',  ( 0.4839405474889205139, -0.6124823355751205511, 0.2961981851445915082 ) ) ;
#829 = COLOUR_RGB ( '',0.7686274509803920907, 0.7686274509803920907, 0.7686274509803920907 ) ;
#830 = EDGE_CURVE ( 'NONE', #916, #2224, #2056, .T. ) ;
#831 = CARTESIAN_POINT ( 'NONE',  ( -0.4251390835064489115, 0.3848007660005239305, 0.1805306970212739726 ) ) ;
#832 = EDGE_LOOP ( 'NONE', ( #3515, #2631, #529, #839 ) ) ;
#833 = CARTESIAN_POINT ( 'NONE',  ( -0.5000000000000002220, 0.2419948845453926412, 0.05000000000000105749 ) ) ;
#834 = EDGE_CURVE ( 'NONE', #1483, #3030, #521, .T. ) ;
#835 = CARTESIAN_POINT ( 'NONE',  ( 0.4903459920551477280, -0.7861805207197097856, 0.3899999999999996803 ) ) ;
#836 = PRESENTATION_STYLE_ASSIGNMENT (( #2663 ) ) ;
#837 = ORIENTED_EDGE ( 'NONE', *, *, #2453, .T. ) ;
#838 = DIRECTION ( 'NONE',  ( 2.570860191397627719E-15, 1.734723475976806709E-18, -1.000000000000000000 ) ) ;
#839 = ORIENTED_EDGE ( 'NONE', *, *, #607, .T. ) ;
#840 = FILL_AREA_STYLE ('',( #2040 ) ) ;
#841 = CARTESIAN_POINT ( 'NONE',  ( 0.4625000000000008549, 0.3739831216351299781, 0.4500000000000017319 ) ) ;
#842 =( BOUNDED_CURVE ( )  B_SPLINE_CURVE ( 3, ( #718, #2972, #1465, #509 ),
 .UNSPECIFIED., .F., .T. ) 
 B_SPLINE_CURVE_WITH_KNOTS ( ( 4, 4 ),
 ( 1.570796326794919651, 2.617993877991340756 ),
 .UNSPECIFIED. ) 
 CURVE ( )  GEOMETRIC_REPRESENTATION_ITEM ( )  RATIONAL_B_SPLINE_CURVE ( ( 1.000000000000000000, 0.9106836025229885223, 0.9106836025229885223, 1.000000000000000000 ) ) 
 REPRESENTATION_ITEM ( '' )  );
#843 = CARTESIAN_POINT ( 'NONE',  ( -0.3419448336795645194, -0.01475703808730048638, 0.4500000000000011213 ) ) ;
#844 = CARTESIAN_POINT ( 'NONE',  ( -0.4875000000000003220, 0.3595493649053895235, 0.4500000000000015099 ) ) ;
#845 = CARTESIAN_POINT ( 'NONE',  ( -0.4500000000000010658, 0.3812000000000001498, 0.1612468894782103923 ) ) ;
#846 = ORIENTED_EDGE ( 'NONE', *, *, #2024, .T. ) ;
#847 = B_SPLINE_CURVE_WITH_KNOTS ( 'NONE', 3,
 ( #1356, #1685, #1414, #772 ),
 .UNSPECIFIED., .F., .F.,
 ( 4, 4 ),
 ( 0.0000000000000000000, 1.000000000000000000 ),
 .UNSPECIFIED. ) ;
#848 = EDGE_CURVE ( 'NONE', #2209, #1669, #1392, .T. ) ;
#849 = FACE_OUTER_BOUND ( 'NONE', #3212, .T. ) ;
#850 = FACE_OUTER_BOUND ( 'NONE', #1629, .T. ) ;
#851 = LINE ( 'NONE', #3291, #560 ) ;
#852 = ORIENTED_EDGE ( 'NONE', *, *, #872, .F. ) ;
#853 = LINE ( 'NONE', #1213, #1158 ) ;
#854 = LENGTH_MEASURE_WITH_UNIT ( LENGTH_MEASURE( 0.02539999999999999897 ), #3661 );
#855 = EDGE_LOOP ( 'NONE', ( #1376, #2845, #657, #1151 ) ) ;
#856 = CARTESIAN_POINT ( 'NONE',  ( 0.4645833333333341808, 0.3775915608175650084, 0.1832899728584996002 ) ) ;
#857 = B_SPLINE_SURFACE_WITH_KNOTS ( 'NONE', 3, 3, ( 
 ( #2898, #1374, #1730, #3835 ),
 ( #3295, #2617, #3594, #3554 ),
 ( #505, #1152, #557, #3400 ),
 ( #3943, #2708, #594, #3722 ) ),
 .UNSPECIFIED., .F., .F., .F.,
 ( 4, 4 ),
 ( 4, 4 ),
 ( 0.0000000000000000000, 1.000000000000000000 ),
 ( 0.0000000000000000000, 1.000000000000000000 ),
 .UNSPECIFIED. ) ;
#858 = EDGE_CURVE ( 'NONE', #2097, #2646, #3410, .T. ) ;
#859 = EDGE_LOOP ( 'NONE', ( #3010, #3553, #3406, #3361 ) ) ;
#860 = FACE_OUTER_BOUND ( 'NONE', #3240, .T. ) ;
#861 = LINE ( 'NONE', #1162, #1532 ) ;
#862 = CARTESIAN_POINT ( 'NONE',  ( -0.3419448336795645194, -0.2235570380873005136, 0.3116989318878976567 ) ) ;
#863 = EDGE_LOOP ( 'NONE', ( #2575, #3543, #2506, #511, #1002, #2395 ) ) ;
#864 = FACE_OUTER_BOUND ( 'NONE', #2385, .T. ) ;
#865 = AXIS2_PLACEMENT_3D ( 'NONE', #1784, #1496, #3281 ) ;
#866 = FILL_AREA_STYLE ('',( #3746 ) ) ;
#867 = AXIS2_PLACEMENT_3D ( 'NONE', #76, #1320, #2585 ) ;
#868 = FILL_AREA_STYLE ('',( #2156 ) ) ;
#869 = DIRECTION ( 'NONE',  ( -0.0000000000000000000, 0.0000000000000000000, 1.000000000000000000 ) ) ;
#870 = MECHANICAL_DESIGN_GEOMETRIC_PRESENTATION_REPRESENTATION (  '', ( #3293 ), #1064 ) ;
#871 = CARTESIAN_POINT ( 'NONE',  ( 0.4500000000000009548, -0.03640767318191117513, 0.05000000000000134198 ) ) ;
#872 = EDGE_CURVE ( 'NONE', #808, #3041, #1411, .T. ) ;
#873 = LENGTH_MEASURE_WITH_UNIT ( LENGTH_MEASURE( 0.02539999999999999897 ), #1267 );
#874 = ORIENTED_EDGE ( 'NONE', *, *, #3108, .F. ) ;
#875 = VECTOR ( 'NONE', #677, 39.37007874015748143 ) ;
#876 = CARTESIAN_POINT ( 'NONE',  ( 0.4833333333333337811, 0.5900000000000000799, 0.04999999999999969746 ) ) ;
#877 = ORIENTED_EDGE ( 'NONE', *, *, #1667, .F. ) ;
#878 = PRESENTATION_LAYER_ASSIGNMENT (  '', '', ( #3621 ) ) ;
#879 =( NAMED_UNIT ( * ) SI_UNIT ( $, .STERADIAN. ) SOLID_ANGLE_UNIT ( ) );
#880 = EDGE_CURVE ( 'NONE', #2588, #2656, #3640, .T. ) ;
#881 = CARTESIAN_POINT ( 'NONE',  ( 0.4500000000000012323, 0.1724000000000001920, 0.4500000000000017319 ) ) ;
#882 = STYLED_ITEM ( 'NONE', ( #3185 ), #1914 ) ;
#883 = CARTESIAN_POINT ( 'NONE',  ( 0.4200000000000014833, -0.5899999999999998579, 0.4300000000000003264 ) ) ;
#884 = CARTESIAN_POINT ( 'NONE',  ( -0.4594309285456867897, -0.6329727166318857012, 0.3919716878364865043 ) ) ;
#885 = ADVANCED_FACE ( 'NONE', ( #1457 ), #1854, .F. ) ;
#886 = CARTESIAN_POINT ( 'NONE',  ( -0.4500000000000007883, -0.2452076731819112232, 0.05000000000000045380 ) ) ;
#887 = AXIS2_PLACEMENT_3D ( 'NONE', #2787, #233, #2117 ) ;
#888 = ORIENTED_EDGE ( 'NONE', *, *, #2287, .F. ) ;
#889 = FILL_AREA_STYLE_COLOUR ( '', #1349 ) ;
#890 = CARTESIAN_POINT ( 'NONE',  ( -0.4500000000000009548, 0.1724000000000001920, 0.4500000000000011213 ) ) ;
#891 = VECTOR ( 'NONE', #3577, 39.37007874015748143 ) ;
#892 = FACE_OUTER_BOUND ( 'NONE', #3011, .T. ) ;
#893 = DIRECTION ( 'NONE',  ( -0.5000000000000012212, 0.8660254037844377084, 0.0000000000000000000 ) ) ;
#894 = CARTESIAN_POINT ( 'NONE',  ( -0.4500130558527212776, 0.1723974423666902178, 0.1613091211426247729 ) ) ;
#895 = DIRECTION ( 'NONE',  ( 0.8660254037844359321, -0.5000000000000045519, 2.428612866367528391E-17 ) ) ;
#896 = ORIENTED_EDGE ( 'NONE', *, *, #2689, .F. ) ;
#897 =( NAMED_UNIT ( * ) PLANE_ANGLE_UNIT ( ) SI_UNIT ( $, .RADIAN. ) );
#898 = ORIENTED_EDGE ( 'NONE', *, *, #2198, .T. ) ;
#899 = CARTESIAN_POINT ( 'NONE',  ( 0.4154632224530428464, 0.4435780061805223440, 0.4500000000000017319 ) ) ;
#900 = CARTESIAN_POINT ( 'NONE',  ( 0.3794448336795640531, -0.03640767318191117513, 0.3503134342210839636 ) ) ;
#901 = B_SPLINE_CURVE_WITH_KNOTS ( 'NONE', 3,
 ( #501, #3571, #2031, #3549 ),
 .UNSPECIFIED., .F., .F.,
 ( 4, 4 ),
 ( 0.0000000000000000000, 2.365654351755373995E-06 ),
 .UNSPECIFIED. ) ;
#902 = CARTESIAN_POINT ( 'NONE',  ( 0.3794448336795640531, -0.2452076731819112232, 0.3107426251198706080 ) ) ;
#903 = FACE_OUTER_BOUND ( 'NONE', #855, .T. ) ;
#904 = EDGE_CURVE ( 'NONE', #3144, #4025, #3160, .T. ) ;
#905 = ADVANCED_FACE ( 'NONE', ( #2705 ), #3032, .F. ) ;
#906 = ORIENTED_EDGE ( 'NONE', *, *, #1866, .T. ) ;
#907 = CARTESIAN_POINT ( 'NONE',  ( 0.4625000000000008549, 0.5827831216351300192, 0.3165799457169978237 ) ) ;
#908 = CARTESIAN_POINT ( 'NONE',  ( -0.4903459920551477835, -0.6363877801413463375, 0.3899999999999995692 ) ) ;
#909 = FACE_OUTER_BOUND ( 'NONE', #2584, .T. ) ;
#910 = EDGE_CURVE ( 'NONE', #3801, #3740, #1707, .T. ) ;
#911 = LINE ( 'NONE', #2747, #2202 ) ;
#912 = CARTESIAN_POINT ( 'NONE',  ( 0.4264054445662281423, -0.6139054445662274206, 0.4029801824963061274 ) ) ;
#913 = DIRECTION ( 'NONE',  ( -0.8660254037844374864, -0.5000000000000019984, 0.0000000000000000000 ) ) ;
#914 = UNCERTAINTY_MEASURE_WITH_UNIT (LENGTH_MEASURE( 1.000000000000000082E-05 ), #578, 'distance_accuracy_value', 'NONE');
#915 = DIRECTION ( 'NONE',  ( 6.938893903907226837E-18, -3.014082039509701710E-17, -1.000000000000000000 ) ) ;
#916 = VERTEX_POINT ( 'NONE', #3015 ) ;
#917 =( CONVERSION_BASED_UNIT ( 'INCH', #216 ) LENGTH_UNIT ( ) NAMED_UNIT ( #1749 ) );
#918 = LINE ( 'NONE', #1214, #954 ) ;
#919 = B_SPLINE_CURVE_WITH_KNOTS ( 'NONE', 3,
 ( #1978, #121, #158, #2671 ),
 .UNSPECIFIED., .F., .F.,
 ( 4, 4 ),
 ( 6.168577190013435798E-09, 2.404484369885011749E-06 ),
 .UNSPECIFIED. ) ;
#920 = ORIENTED_EDGE ( 'NONE', *, *, #2764, .T. ) ;
#921 =( CONVERSION_BASED_UNIT ( 'INCH', #1835 ) LENGTH_UNIT ( ) NAMED_UNIT ( #2174 ) );
#922 = CARTESIAN_POINT ( 'NONE',  ( 0.4499991568947122600, -0.03640383659095550173, 0.1613413113376177821 ) ) ;
#923 =( CONVERSION_BASED_UNIT ( 'INCH', #598 ) LENGTH_UNIT ( ) NAMED_UNIT ( #2651 ) );
#924 = EDGE_LOOP ( 'NONE', ( #2301, #1677, #1596, #1838 ) ) ;
#925 = CARTESIAN_POINT ( 'NONE',  ( -0.4578459920551481988, -0.6320576531224245675, 0.3924999999999994604 ) ) ;
#926 = EDGE_CURVE ( 'NONE', #1732, #1463, #3501, .T. ) ;
#927 = B_SPLINE_SURFACE_WITH_KNOTS ( 'NONE', 3, 3, ( 
 ( #2842, #1952, #1255, #3516 ),
 ( #1015, #1316, #2220, #2824 ),
 ( #2503, #1623, #1970, #714 ),
 ( #1584, #1297, #354, #3169 ) ),
 .UNSPECIFIED., .F., .F., .F.,
 ( 4, 4 ),
 ( 4, 4 ),
 ( 0.0000000000000000000, 1.000000000000000000 ),
 ( 0.0000000000000000000, 1.000000000000000000 ),
 .UNSPECIFIED. ) ;
#928 = ADVANCED_FACE ( 'NONE', ( #1727 ), #1126, .T. ) ;
#929 =( NAMED_UNIT ( * ) SI_UNIT ( $, .STERADIAN. ) SOLID_ANGLE_UNIT ( ) );
#930 = CARTESIAN_POINT ( 'NONE',  ( -0.4154632224530427353, -0.1828219938194776961, 0.4500000000000008438 ) ) ;
#931 = ORIENTED_EDGE ( 'NONE', *, *, #3072, .F. ) ;
#932 = VECTOR ( 'NONE', #1575, 39.37007874015748143 ) ;
#933 = LINE ( 'NONE', #3455, #1334 ) ;
#934 = VECTOR ( 'NONE', #2489, 39.37007874015748854 ) ;
#935 = DIRECTION ( 'NONE',  ( -1.000000000000000000, 0.0000000000000000000, 0.0000000000000000000 ) ) ;
#936 = CARTESIAN_POINT ( 'NONE',  ( 0.4666666666666673957, -0.2452076731819112232, 0.05000000000000134198 ) ) ;
#937 = ORIENTED_EDGE ( 'NONE', *, *, #3070, .T. ) ;
#938 = CARTESIAN_POINT ( 'NONE',  ( 0.4903459920551475615, -0.7861805207197097856, 0.3099999999999997202 ) ) ;
#939 = DIRECTION ( 'NONE',  ( -1.000000000000000000, -1.157562709179772579E-16, 0.0000000000000000000 ) ) ;
#940 = MECHANICAL_DESIGN_GEOMETRIC_PRESENTATION_REPRESENTATION (  '', ( #1074 ), #688 ) ;
#941 = LENGTH_MEASURE_WITH_UNIT ( LENGTH_MEASURE( 0.02539999999999999897 ), #283 );
#942 = EDGE_CURVE ( 'NONE', #1463, #161, #3366, .T. ) ;
#943 = VECTOR ( 'NONE', #2912, 39.37007874015748854 ) ;
#944 = CARTESIAN_POINT ( 'NONE',  ( -0.4708333330840249742, 0.3811968382529478672, 0.05009344550290679987 ) ) ;
#945 = B_SPLINE_CURVE_WITH_KNOTS ( 'NONE', 3,
 ( #1963, #3809, #406, #727 ),
 .UNSPECIFIED., .F., .F.,
 ( 4, 4 ),
 ( 0.0000000000000000000, 1.000000000000000000 ),
 .UNSPECIFIED. ) ;
#946 = VECTOR ( 'NONE', #1172, 39.37007874015748143 ) ;
#947 = EDGE_CURVE ( 'NONE', #3992, #3360, #1832, .T. ) ;
#948 = AXIS2_PLACEMENT_3D ( 'NONE', #1305, #1282, #1647 ) ;
#949 = CARTESIAN_POINT ( 'NONE',  ( 0.4874563118829001174, 0.1723942769479924197, 0.05009401884768423935 ) ) ;
#950 = UNCERTAINTY_MEASURE_WITH_UNIT (LENGTH_MEASURE( 1.000000000000000082E-05 ), #2141, 'distance_accuracy_value', 'NONE');
#951 = CARTESIAN_POINT ( 'NONE',  ( -0.4500000000000016209, -0.5899999999999997469, 0.4500000000000001776 ) ) ;
#952 = ORIENTED_EDGE ( 'NONE', *, *, #1464, .T. ) ;
#953 = DIRECTION ( 'NONE',  ( 5.787813545898882619E-17, -1.000000000000000000, -5.787813545898862897E-17 ) ) ;
#954 = VECTOR ( 'NONE', #2467, 39.37007874015748143 ) ;
#955 = ADVANCED_FACE ( 'NONE', ( #3 ), #2369, .F. ) ;
#956 = EDGE_LOOP ( 'NONE', ( #1716, #874, #2108, #581 ) ) ;
#957 = CARTESIAN_POINT ( 'NONE',  ( -0.5000585530335197593, -0.7861805207197094525, 0.3100000000000024958 ) ) ;
#958 = DIRECTION ( 'NONE',  ( 1.000000000000000000, 5.551115123125782702E-17, -6.938893903907228378E-18 ) ) ;
#959 = ORIENTED_EDGE ( 'NONE', *, *, #1312, .F. ) ;
#960 = CARTESIAN_POINT ( 'NONE',  ( 0.4105557501731159076, 0.1796092051829590586, 0.1806900814826119528 ) ) ;
#961 = CARTESIAN_POINT ( 'NONE',  ( 0.4791229786545111446, 0.3811955659655745232, 0.05009372246484515567 ) ) ;
#962 = DIRECTION ( 'NONE',  ( 0.0000000000000000000, 0.0000000000000000000, 1.000000000000000000 ) ) ;
#963 = CARTESIAN_POINT ( 'NONE',  ( -0.4500000000000010658, -0.03639999999999984914, 0.4500000000000008438 ) ) ;
#964 = CARTESIAN_POINT ( 'NONE',  ( -0.4875000000000003220, 0.1507493649053894269, 0.4500000000000011213 ) ) ;
#965 = CARTESIAN_POINT ( 'NONE',  ( -0.4999708749603434255, -0.03640511555071495459, 0.05006299412648355929 ) ) ;
#966 = B_SPLINE_CURVE_WITH_KNOTS ( 'NONE', 3,
 ( #1718, #100, #2569, #1382 ),
 .UNSPECIFIED., .F., .F.,
 ( 4, 4 ),
 ( 6.168577196849579807E-09, 2.404484369883080937E-06 ),
 .UNSPECIFIED. ) ;
#967 = CARTESIAN_POINT ( 'NONE',  ( 0.5000000000000016653, -0.2452306927276451665, 0.4500000000000034528 ) ) ;
#968 = PLANE ( 'NONE',  #1338 ) ;
#969 = FACE_OUTER_BOUND ( 'NONE', #3003, .T. ) ;
#970 = ORIENTED_EDGE ( 'NONE', *, *, #2834, .T. ) ;
#971 = CARTESIAN_POINT ( 'NONE',  ( -0.4500000000000002331, 0.5900000000000000799, 0.04999999999999980849 ) ) ;
#972 = DIRECTION ( 'NONE',  ( 0.0000000000000000000, 0.0000000000000000000, 1.000000000000000000 ) ) ;
#973 = CARTESIAN_POINT ( 'NONE',  ( -0.5000000000000002220, 0.1027974422726963821, 0.05000000000000076605 ) ) ;
#974 = ORIENTED_EDGE ( 'NONE', *, *, #3261, .T. ) ;
#975 = DIRECTION ( 'NONE',  ( 3.490694658571001621E-15, 4.095598753474901637E-31, 1.000000000000000000 ) ) ;
#976 = ORIENTED_EDGE ( 'NONE', *, *, #990, .T. ) ;
#977 = CARTESIAN_POINT ( 'NONE',  ( -0.3669448336795641530, -0.2379907948170409959, 0.4500000000000008438 ) ) ;
#978 = VERTEX_POINT ( 'NONE', #1234 ) ;
#979 = DIRECTION ( 'NONE',  ( -3.309852392163747147E-15, 4.163336342344335794E-17, -1.000000000000000000 ) ) ;
#980 = CARTESIAN_POINT ( 'NONE',  ( -0.4500000000000007883, -0.1060025577273036590, 0.05000000000000045380 ) ) ;
#981 = EDGE_CURVE ( 'NONE', #3865, #3036, #2462, .T. ) ;
#982 = CARTESIAN_POINT ( 'NONE',  ( -0.4500000000000010658, 0.3812000000000001498, 0.4500000000000015099 ) ) ;
#983 = VERTEX_POINT ( 'NONE', #609 ) ;
#984 = CARTESIAN_POINT ( 'NONE',  ( -0.4903459920551475615, -0.7600000000000001199, 0.3099999999999997202 ) ) ;
#985 = LINE ( 'NONE', #967, #177 ) ;
#986 = LINE ( 'NONE', #3391, #1812 ) ;
#987 = CARTESIAN_POINT ( 'NONE',  ( -0.4000000000000002442, -0.5899999999999999689, -0.05000000000000011380 ) ) ;
#988 = ORIENTED_EDGE ( 'NONE', *, *, #3388, .T. ) ;
#989 = VECTOR ( 'NONE', #1000, 39.37007874015748143 ) ;
#990 = EDGE_CURVE ( 'NONE', #766, #1363, #2817, .T. ) ;
#991 = LINE ( 'NONE', #392, #1536 ) ;
#992 = CARTESIAN_POINT ( 'NONE',  ( -0.4791666666666671848, 0.5827831216351300192, 0.1832466123836642979 ) ) ;
#993 = VERTEX_POINT ( 'NONE', #3657 ) ;
#994 = VECTOR ( 'NONE', #3498, 39.37007874015748143 ) ;
#995 = CARTESIAN_POINT ( 'NONE',  ( 0.3669448336795642640, 0.1796092051829590586, 0.4500000000000017319 ) ) ;
#996 = EDGE_LOOP ( 'NONE', ( #2232, #2951, #3389, #2701 ) ) ;
#997 = LINE ( 'NONE', #2844, #1827 ) ;
#998 = ORIENTED_EDGE ( 'NONE', *, *, #3601, .T. ) ;
#999 = ADVANCED_FACE ( 'NONE', ( #850 ), #2119, .T. ) ;
#1000 = DIRECTION ( 'NONE',  ( -4.302114220422480115E-16, 1.000000000000000000, 2.103352214621877986E-17 ) ) ;
#1001 = DIRECTION ( 'NONE',  ( -0.5000000000000009992, -0.8660254037844379305, 0.0000000000000000000 ) ) ;
#1002 = ORIENTED_EDGE ( 'NONE', *, *, #1211, .F. ) ;
#1003 = CARTESIAN_POINT ( 'NONE',  ( -0.3794448336795639420, -0.2452076731819112232, 0.3107426251198697198 ) ) ;
#1004 =( GEOMETRIC_REPRESENTATION_CONTEXT ( 3 ) GLOBAL_UNCERTAINTY_ASSIGNED_CONTEXT ( ( #914 ) ) GLOBAL_UNIT_ASSIGNED_CONTEXT ( ( #578, #318, #2795 ) ) REPRESENTATION_CONTEXT ( 'NONE', 'WORKASPACE' ) );
#1005 = CARTESIAN_POINT ( 'NONE',  ( -0.4916375410509363220, 0.3811936323500768609, 0.05009416435757117064 ) ) ;
#1006 = ADVANCED_BREP_SHAPE_REPRESENTATION ( 'BE7F6D81-6458-4F06-BC65-38DEEA29C716', ( #2852, #2909, #1559, #1424 ), #3643 ) ;
#1007 = ORIENTED_EDGE ( 'NONE', *, *, #315, .T. ) ;
#1008 = DIRECTION ( 'NONE',  ( -1.000000000000000000, 0.0000000000000000000, -6.829619984160743440E-15 ) ) ;
#1009 = VECTOR ( 'NONE', #1083, 39.37007874015748143 ) ;
#1010 = CARTESIAN_POINT ( 'NONE',  ( 0.4578459920551476992, -0.6320576531224245675, 0.3074999999999999400 ) ) ;
#1011 = FACE_OUTER_BOUND ( 'NONE', #819, .T. ) ;
#1012 = ORIENTED_EDGE ( 'NONE', *, *, #391, .F. ) ;
#1013 = CIRCLE ( 'NONE', #3316, 0.1000000000000000194 ) ;
#1014 = B_SPLINE_CURVE_WITH_KNOTS ( 'NONE', 3,
 ( #2952, #463, #548, #1804 ),
 .UNSPECIFIED., .F., .F.,
 ( 4, 4 ),
 ( 0.0000000000000000000, 2.365654351750980435E-06 ),
 .UNSPECIFIED. ) ;
#1015 = CARTESIAN_POINT ( 'NONE',  ( 0.4666666666666675067, -0.03639999999999984914, 0.05000000000000134198 ) ) ;
#1016 = ORIENTED_EDGE ( 'NONE', *, *, #1021, .F. ) ;
#1017 = CARTESIAN_POINT ( 'NONE',  ( 0.4500130573514905530, -0.03640255778005339199, 0.1612461176877774682 ) ) ;
#1018 = VERTEX_POINT ( 'NONE', #3089 ) ;
#1019 = DIRECTION ( 'NONE',  ( 1.000000000000000000, 0.0000000000000000000, 0.0000000000000000000 ) ) ;
#1020 = CARTESIAN_POINT ( 'NONE',  ( -0.4728459920551486562, -0.6060768910088927264, 0.1409393892357522216 ) ) ;
#1021 = EDGE_CURVE ( 'NONE', #3226, #1795, #2483, .T. ) ;
#1022 = CARTESIAN_POINT ( 'NONE',  ( -0.4833333333333338366, 0.1724000000000001920, 0.05000000000000076605 ) ) ;
#1023 = EDGE_CURVE ( 'NONE', #3642, #786, #2789, .T. ) ;
#1024 = ORIENTED_EDGE ( 'NONE', *, *, #3046, .F. ) ;
#1025 = LINE ( 'NONE', #1941, #2799 ) ;
#1026 = CARTESIAN_POINT ( 'NONE',  ( -0.3794448336795639420, -0.2452076731819112232, 0.4500000000000008438 ) ) ;
#1027 = DIRECTION ( 'NONE',  ( 9.812311798825642059E-16, 1.000000000000000000, 0.0000000000000000000 ) ) ;
#1028 = EDGE_CURVE ( 'NONE', #1062, #1580, #3103, .T. ) ;
#1029 = CARTESIAN_POINT ( 'NONE',  ( -0.4200000000000014833, -0.5899999999999997469, 0.4300000000000003264 ) ) ;
#1030 = VERTEX_POINT ( 'NONE', #465 ) ;
#1031 = LINE ( 'NONE', #3893, #52 ) ;
#1032 = DIRECTION ( 'NONE',  ( 0.0000000000000000000, 0.0000000000000000000, -1.000000000000000000 ) ) ;
#1033 = CARTESIAN_POINT ( 'NONE',  ( -0.3544448336795643084, 0.1868260835478292858, 0.4500000000000015099 ) ) ;
#1034 = ORIENTED_EDGE ( 'NONE', *, *, #3718, .T. ) ;
#1035 = CARTESIAN_POINT ( 'NONE',  ( -0.3419448336795645194, 0.1940429619126995131, 0.4500000000000015099 ) ) ;
#1036 = CARTESIAN_POINT ( 'NONE',  ( 0.4500000000000012323, 0.3812000000000001498, 0.05009281937524900918 ) ) ;
#1037 = ORIENTED_EDGE ( 'NONE', *, *, #3224, .F. ) ;
#1038 = LINE ( 'NONE', #3820, #989 ) ;
#1039 = FACE_OUTER_BOUND ( 'NONE', #1058, .T. ) ;
#1040 = CARTESIAN_POINT ( 'NONE',  ( -0.4500000000000010658, 0.1724000000000001920, 0.05000000000000076605 ) ) ;
#1041 = ORIENTED_EDGE ( 'NONE', *, *, #334, .F. ) ;
#1042 = CARTESIAN_POINT ( 'NONE',  ( 0.4875000000000004885, 0.5683493649053894536, 0.4500000000000017319 ) ) ;
#1043 = EDGE_CURVE ( 'NONE', #3279, #2613, #2247, .T. ) ;
#1044 = CARTESIAN_POINT ( 'NONE',  ( -0.4500130573514902754, -0.03640255778005337117, 0.1612461176877764690 ) ) ;
#1045 = VERTEX_POINT ( 'NONE', #783 ) ;
#1046 = ORIENTED_EDGE ( 'NONE', *, *, #3956, .F. ) ;
#1047 = EDGE_CURVE ( 'NONE', #1196, #1181, #1719, .T. ) ;
#1048 =( NAMED_UNIT ( * ) PLANE_ANGLE_UNIT ( ) SI_UNIT ( $, .RADIAN. ) );
#1049 = CARTESIAN_POINT ( 'NONE',  ( -0.4875000000000003220, 0.3595493649053895235, 0.4500000000000015099 ) ) ;
#1050 = CARTESIAN_POINT ( 'NONE',  ( 0.3779632224530434792, 0.04762864127513302681, 0.4500000000000017319 ) ) ;
#1051 = EDGE_CURVE ( 'NONE', #3883, #3801, #762, .T. ) ;
#1052 = B_SPLINE_CURVE_WITH_KNOTS ( 'NONE', 3,
 ( #583, #248, #2415, #1450 ),
 .UNSPECIFIED., .F., .F.,
 ( 4, 4 ),
 ( 0.0000000000000000000, 1.000000000000000000 ),
 .UNSPECIFIED. ) ;
#1053 = CARTESIAN_POINT ( 'NONE',  ( -0.3794448336795639420, 0.1723923268180888313, 0.4500000000000015099 ) ) ;
#1054 = ORIENTED_EDGE ( 'NONE', *, *, #1988, .F. ) ;
#1055 = CARTESIAN_POINT ( 'NONE',  ( 0.3794448336795640531, 0.1723923268180888313, 0.4500000000000017319 ) ) ;
#1056 = AXIS2_PLACEMENT_3D ( 'NONE', #1670, #740, #3827 ) ;
#1057 = CARTESIAN_POINT ( 'NONE',  ( -0.4499991568948024101, 0.1723961634090445116, 0.1613413113374037866 ) ) ;
#1058 = EDGE_LOOP ( 'NONE', ( #2878, #2681, #2249, #114, #3711, #2889, #2091, #1652 ) ) ;
#1059 = DIRECTION ( 'NONE',  ( 3.490694658571001621E-15, 0.0000000000000000000, 1.000000000000000000 ) ) ;
#1060 = CARTESIAN_POINT ( 'NONE',  ( 0.4500000000000012323, -0.03639999999999984914, 0.05000000000000134198 ) ) ;
#1061 = CARTESIAN_POINT ( 'NONE',  ( 0.3779632224530434792, 0.4652286412751330258, 0.4500000000000017319 ) ) ;
#1062 = VERTEX_POINT ( 'NONE', #2025 ) ;
#1063 = CARTESIAN_POINT ( 'NONE',  ( -0.3544448336795643084, -0.02197391645217071712, 0.3113801629652219738 ) ) ;
#1064 =( GEOMETRIC_REPRESENTATION_CONTEXT ( 3 ) GLOBAL_UNCERTAINTY_ASSIGNED_CONTEXT ( ( #2629 ) ) GLOBAL_UNIT_ASSIGNED_CONTEXT ( ( #921, #3707, #595 ) ) REPRESENTATION_CONTEXT ( 'NONE', 'WORKASPACE' ) );
#1065 = ORIENTED_EDGE ( 'NONE', *, *, #37, .T. ) ;
#1066 = CARTESIAN_POINT ( 'NONE',  ( 0.4757408056132609864, 0.3043805639078261960, 0.1822592721258646797 ) ) ;
#1067 = CARTESIAN_POINT ( 'NONE',  ( -0.4500391720737282886, -0.03640767318191114044, 0.1612445739083123442 ) ) ;
#1068 = AXIS2_PLACEMENT_3D ( 'NONE', #3083, #1766, #3006 ) ;
#1069 = DIRECTION ( 'NONE',  ( 3.490694658571001621E-15, 0.0000000000000000000, 1.000000000000000000 ) ) ;
#1070 = COLOUR_RGB ( '',0.7686274509803920907, 0.7686274509803920907, 0.7686274509803920907 ) ;
#1071 = ORIENTED_EDGE ( 'NONE', *, *, #3818, .F. ) ;
#1072 = SURFACE_SIDE_STYLE ('',( #1746 ) ) ;
#1073 = VERTEX_POINT ( 'NONE', #2046 ) ;
#1074 = STYLED_ITEM ( 'NONE', ( #2460 ), #2166 ) ;
#1075 = ADVANCED_FACE ( 'NONE', ( #2954 ), #1793, .F. ) ;
#1076 = EDGE_CURVE ( 'NONE', #666, #1435, #159, .T. ) ;
#1077 = CARTESIAN_POINT ( 'NONE',  ( 0.4500000000000009548, 0.2419948845453926412, 0.05000000000000134198 ) ) ;
#1078 = ORIENTED_EDGE ( 'NONE', *, *, #826, .T. ) ;
#1079 = VECTOR ( 'NONE', #1810, 39.37007874015748854 ) ;
#1080 = CARTESIAN_POINT ( 'NONE',  ( 0.4514816112265216952, 0.08836368554295598310, 0.3145185442517279828 ) ) ;
#1081 = DIRECTION ( 'NONE',  ( -0.5000000000000012212, 0.8660254037844377084, 0.0000000000000000000 ) ) ;
#1082 = ORIENTED_EDGE ( 'NONE', *, *, #3317, .T. ) ;
#1083 = DIRECTION ( 'NONE',  ( 1.000000000000000000, -5.551115123125781470E-17, -3.493733080617289094E-15 ) ) ;
#1084 = VECTOR ( 'NONE', #1484, 39.37007874015748143 ) ;
#1085 = FACE_OUTER_BOUND ( 'NONE', #1619, .T. ) ;
#1086 = VERTEX_POINT ( 'NONE', #183 ) ;
#1087 = CARTESIAN_POINT ( 'NONE',  ( -0.4833333333333338366, -0.03639999999999984914, 0.05000000000000045380 ) ) ;
#1088 = VECTOR ( 'NONE', #2399, 39.37007874015748854 ) ;
#1089 =( NAMED_UNIT ( * ) PLANE_ANGLE_UNIT ( ) SI_UNIT ( $, .RADIAN. ) );
#1090 = EDGE_LOOP ( 'NONE', ( #2823, #3171, #2771, #1380, #1386, #1191, #649, #1982 ) ) ;
#1091 = CARTESIAN_POINT ( 'NONE',  ( -0.4500391720737282886, -0.03640767318191114044, 0.1612445739083123442 ) ) ;
#1092 = COLOUR_RGB ( '',0.8980392156862745390, 0.9176470588235293713, 0.9294117647058823817 ) ;
#1093 = VERTEX_POINT ( 'NONE', #387 ) ;
#1094 = CARTESIAN_POINT ( 'NONE',  ( 0.5000585530335196482, -0.5899999999999994138, 0.2832180026482865043 ) ) ;
#1095 = CARTESIAN_POINT ( 'NONE',  ( 0.3419448336795646859, 0.4028429619126995265, 0.3116989318878985449 ) ) ;
#1096 = ORIENTED_EDGE ( 'NONE', *, *, #3128, .T. ) ;
#1097 = LINE ( 'NONE', #765, #1816 ) ;
#1098 = EDGE_LOOP ( 'NONE', ( #150, #3268, #1692, #3058 ) ) ;
#1099 = CARTESIAN_POINT ( 'NONE',  ( 0.4500000000000012323, 0.1724000000000001920, 0.05000000000000134198 ) ) ;
#1100 = CARTESIAN_POINT ( 'NONE',  ( 0.3794448336795640531, -0.03640767318191117513, 0.3107426251198706080 ) ) ;
#1101 = EDGE_CURVE ( 'NONE', #1277, #137, #3257, .T. ) ;
#1102 = CARTESIAN_POINT ( 'NONE',  ( -0.5000000000000000000, -0.5899999999999998579, 0.0000000000000000000 ) ) ;
#1103 = ORIENTED_EDGE ( 'NONE', *, *, #2560, .F. ) ;
#1104 = DIRECTION ( 'NONE',  ( 5.787813545898862897E-17, -1.000000000000000000, 2.075249770527496354E-31 ) ) ;
#1105 = B_SPLINE_CURVE_WITH_KNOTS ( 'NONE', 3,
 ( #1577, #1903, #3143, #1505 ),
 .UNSPECIFIED., .F., .F.,
 ( 4, 4 ),
 ( 0.0000000000000000000, 2.398315787233523769E-06 ),
 .UNSPECIFIED. ) ;
#1106 = DIRECTION ( 'NONE',  ( -1.000000000000000000, -3.330669073875469621E-16, -2.834538159746102792E-15 ) ) ;
#1107 = EDGE_LOOP ( 'NONE', ( #1809, #3656, #3292, #2556, #3493, #1824, #3275 ) ) ;
#1108 = DIRECTION ( 'NONE',  ( -1.000000000000000000, 0.0000000000000000000, 0.0000000000000000000 ) ) ;
#1109 = ADVANCED_FACE ( 'NONE', ( #3486 ), #43, .T. ) ;
#1110 = CARTESIAN_POINT ( 'NONE',  ( 0.5000000000000004441, -0.1060025577273036590, 0.05000000000000134198 ) ) ;
#1111 = DIMENSIONAL_EXPONENTS ( 1.000000000000000000, 0.0000000000000000000, 0.0000000000000000000, 0.0000000000000000000, 0.0000000000000000000, 0.0000000000000000000, 0.0000000000000000000 ) ;
#1112 = CARTESIAN_POINT ( 'NONE',  ( 0.5000000000000001110, 0.1723961634090445116, 0.05000000000000006523 ) ) ;
#1113 = EDGE_LOOP ( 'NONE', ( #670, #2874, #3115, #340 ) ) ;
#1114 = CARTESIAN_POINT ( 'NONE',  ( 0.4874563118829005059, -0.03640572305200758668, 0.05009401884768364260 ) ) ;
#1115 = CARTESIAN_POINT ( 'NONE',  ( -0.4500000000000010658, 0.1724000000000001920, 0.4500000000000011213 ) ) ;
#1116 = EDGE_CURVE ( 'NONE', #2139, #1934, #2053, .T. ) ;
#1117 = CARTESIAN_POINT ( 'NONE',  ( -0.4839405474889204584, -0.6124823355751207732, 0.2961981851445914526 ) ) ;
#1118 = CARTESIAN_POINT ( 'NONE',  ( 0.4833333333333338366, 0.3811923268180888447, 0.05000000000000134198 ) ) ;
#1119 = CARTESIAN_POINT ( 'NONE',  ( 0.4499999999999999556, 5.209023359806373226E-17, -1.741553095960967777E-15 ) ) ;
#1120 = EDGE_LOOP ( 'NONE', ( #2216, #179, #1951, #1778 ) ) ;
#1121 = CARTESIAN_POINT ( 'NONE',  ( -0.4500000000000007883, 0.3811923268180888447, 0.05000000000000134198 ) ) ;
#1122 = VERTEX_POINT ( 'NONE', #3142 ) ;
#1123 = CARTESIAN_POINT ( 'NONE',  ( 0.5000000000000001110, -0.03640383659095548091, 0.05000000000000006523 ) ) ;
#1124 = CARTESIAN_POINT ( 'NONE',  ( -0.4757408056132609864, 0.3043805639078261960, 0.1822592721258643744 ) ) ;
#1125 = CARTESIAN_POINT ( 'NONE',  ( -0.4937500000000002998, -0.04722531754730523168, 0.1832032519088281353 ) ) ;
#1126 = B_SPLINE_SURFACE_WITH_KNOTS ( 'NONE', 3, 3, ( 
 ( #2353, #1125, #2373, #3614 ),
 ( #3572, #2965, #502, #1754 ),
 ( #3318, #1774, #572, #930 ),
 ( #1560, #2803, #1885, #20 ) ),
 .UNSPECIFIED., .F., .F., .F.,
 ( 4, 4 ),
 ( 4, 4 ),
 ( 0.0000000000000000000, 1.000000000000000000 ),
 ( 0.0000000000000000000, 1.000000000000000000 ),
 .UNSPECIFIED. ) ;
#1127 =( NAMED_UNIT ( * ) SI_UNIT ( $, .STERADIAN. ) SOLID_ANGLE_UNIT ( ) );
#1128 = ORIENTED_EDGE ( 'NONE', *, *, #3768, .T. ) ;
#1129 = CARTESIAN_POINT ( 'NONE',  ( -0.5000000000000002220, 0.1723961634090445116, 0.05000000000000076605 ) ) ;
#1130 = CARTESIAN_POINT ( 'NONE',  ( 0.4500130561418824726, 0.3811974401664737777, 0.1613091212945698405 ) ) ;
#1131 = ADVANCED_FACE ( 'NONE', ( #3769 ), #968, .T. ) ;
#1132 = ORIENTED_EDGE ( 'NONE', *, *, #1522, .T. ) ;
#1133 = LINE ( 'NONE', #2359, #2382 ) ;
#1134 = CARTESIAN_POINT ( 'NONE',  ( 0.4875000000000004885, 0.3595493649053894125, 0.4500000000000017319 ) ) ;
#1135 = VECTOR ( 'NONE', #267, 39.37007874015748143 ) ;
#1136 = VERTEX_POINT ( 'NONE', #1616 ) ;
#1137 = DIRECTION ( 'NONE',  ( 0.0000000000000000000, 0.0000000000000000000, 1.000000000000000000 ) ) ;
#1138 = EDGE_CURVE ( 'NONE', #599, #721, #986, .T. ) ;
#1139 = CARTESIAN_POINT ( 'NONE',  ( 0.4875000000000004885, 0.1507493649053894269, 0.3164065038176566702 ) ) ;
#1140 = CARTESIAN_POINT ( 'NONE',  ( -0.4903459920551471729, -0.6235768910088923533, 0.3026036297108187223 ) ) ;
#1141 = CARTESIAN_POINT ( 'NONE',  ( 0.4499991568947122600, -0.03640383659095550173, 0.1613413113376177821 ) ) ;
#1142 = AXIS2_PLACEMENT_3D ( 'NONE', #3550, #1907, #3188 ) ;
#1143 = EDGE_CURVE ( 'NONE', #3009, #1030, #1052, .T. ) ;
#1144 = VERTEX_POINT ( 'NONE', #1842 ) ;
#1145 = VECTOR ( 'NONE', #58, 39.37007874015748143 ) ;
#1146 = LINE ( 'NONE', #787, #2000 ) ;
#1147 = ORIENTED_EDGE ( 'NONE', *, *, #3542, .F. ) ;
#1148 = LINE ( 'NONE', #2400, #2398 ) ;
#1149 = DIRECTION ( 'NONE',  ( 3.542305337944638903E-15, -2.428612866367529316E-17, 1.000000000000000000 ) ) ;
#1150 = LINE ( 'NONE', #2403, #3694 ) ;
#1151 = ORIENTED_EDGE ( 'NONE', *, *, #2265, .F. ) ;
#1152 = CARTESIAN_POINT ( 'NONE',  ( 0.4791666666666672958, 0.1651831216351299647, 0.1832466123836642979 ) ) ;
#1153 = CARTESIAN_POINT ( 'NONE',  ( 0.4499991568947122600, 0.1723961634090445116, 0.1613413113376176711 ) ) ;
#1154 = VECTOR ( 'NONE', #3357, 39.37007874015748143 ) ;
#1155 = ORIENTED_EDGE ( 'NONE', *, *, #1023, .T. ) ;
#1156 = CARTESIAN_POINT ( 'NONE',  ( -0.3794448336795639420, 0.3811923268180888447, 0.4500000000000017319 ) ) ;
#1157 = CARTESIAN_POINT ( 'NONE',  ( 0.4499999995396291030, 0.3811974442148065023, 0.05006187942301443955 ) ) ;
#1158 = VECTOR ( 'NONE', #1544, 39.37007874015748143 ) ;
#1159 = SURFACE_STYLE_FILL_AREA ( #3709 ) ;
#1160 = ORIENTED_EDGE ( 'NONE', *, *, #3654, .F. ) ;
#1161 =( LENGTH_UNIT ( ) NAMED_UNIT ( * ) SI_UNIT ( $, .METRE. ) );
#1162 = CARTESIAN_POINT ( 'NONE',  ( 0.4903459920551478946, -0.6363877801413460045, 0.4300000000000004929 ) ) ;
#1163 = FACE_OUTER_BOUND ( 'NONE', #832, .T. ) ;
#1164 = ADVANCED_FACE ( 'NONE', ( #1180 ), #207, .T. ) ;
#1165 = EDGE_LOOP ( 'NONE', ( #2410, #3079, #3017, #906, #2426, #931, #3778 ) ) ;
#1166 = SURFACE_SIDE_STYLE ('',( #2698 ) ) ;
#1167 = EDGE_CURVE ( 'NONE', #3164, #2004, #3629, .T. ) ;
#1168 = FACE_BOUND ( 'NONE', #662, .T. ) ;
#1169 = DIRECTION ( 'NONE',  ( 3.490694658571001621E-15, 2.854315365366157736E-31, -1.000000000000000000 ) ) ;
#1170 = CARTESIAN_POINT ( 'NONE',  ( 0.3794448336795640531, 0.1723923268180888313, 0.4500000000000017319 ) ) ;
#1171 = ORIENTED_EDGE ( 'NONE', *, *, #3983, .F. ) ;
#1172 = DIRECTION ( 'NONE',  ( 2.081668171172168020E-16, -1.000000000000000000, -2.558717127065789540E-17 ) ) ;
#1173 = ORIENTED_EDGE ( 'NONE', *, *, #2492, .F. ) ;
#1174 = SURFACE_STYLE_USAGE ( .BOTH. , #3925 ) ;
#1175 = CARTESIAN_POINT ( 'NONE',  ( 0.4514816112265216952, -0.1204363144570440580, 0.3145185442517279828 ) ) ;
#1176 = B_SPLINE_CURVE_WITH_KNOTS ( 'NONE', 3,
 ( #1585, #2278, #672, #1972 ),
 .UNSPECIFIED., .F., .F.,
 ( 4, 4 ),
 ( 0.0000000000000000000, 1.000000000000000000 ),
 .UNSPECIFIED. ) ;
#1177 = VERTEX_POINT ( 'NONE', #1785 ) ;
#1178 = DIRECTION ( 'NONE',  ( 0.0000000000000000000, 0.0000000000000000000, 1.000000000000000000 ) ) ;
#1179 = CARTESIAN_POINT ( 'NONE',  ( -0.4500000000000010658, 0.1724000000000001920, 0.05000000000000076605 ) ) ;
#1180 = FACE_OUTER_BOUND ( 'NONE', #2731, .T. ) ;
#1181 = VERTEX_POINT ( 'NONE', #1473 ) ;
#1182 = CARTESIAN_POINT ( 'NONE',  ( -0.4750000000000005329, 0.3667662432702596953, 0.3164932247673269972 ) ) ;
#1183 = EDGE_CURVE ( 'NONE', #1359, #1904, #3306, .T. ) ;
#1184 =( LENGTH_UNIT ( ) NAMED_UNIT ( * ) SI_UNIT ( $, .METRE. ) );
#1185 = EDGE_CURVE ( 'NONE', #1373, #2812, #2960, .T. ) ;
#1186 = CARTESIAN_POINT ( 'NONE',  ( 0.5000000000000004441, -0.03640767318191117513, 0.05000000000000134198 ) ) ;
#1187 = CARTESIAN_POINT ( 'NONE',  ( -0.4000000000000002442, -0.5899999999999998579, -0.05000000000000011380 ) ) ;
#1188 = ORIENTED_EDGE ( 'NONE', *, *, #13, .T. ) ;
#1189 = CARTESIAN_POINT ( 'NONE',  ( 0.4500000000000010658, 0.5900000000000001910, 0.05000000000000134198 ) ) ;
#1190 = ADVANCED_FACE ( 'NONE', ( #1163 ), #566, .F. ) ;
#1191 = ORIENTED_EDGE ( 'NONE', *, *, #1545, .T. ) ;
#1192 = DIRECTION ( 'NONE',  ( -0.0000000000000000000, 0.0000000000000000000, 1.000000000000000000 ) ) ;
#1193 = CARTESIAN_POINT ( 'NONE',  ( 0.4875000000000004885, -0.05805063509461060728, 0.4500000000000017319 ) ) ;
#1194 = DIMENSIONAL_EXPONENTS ( 1.000000000000000000, 0.0000000000000000000, 0.0000000000000000000, 0.0000000000000000000, 0.0000000000000000000, 0.0000000000000000000, 0.0000000000000000000 ) ;
#1195 = B_SPLINE_SURFACE_WITH_KNOTS ( 'NONE', 3, 3, ( 
 ( #184, #3283, #2069, #3307 ),
 ( #515, #2659, #3894, #1050 ),
 ( #211, #431, #3247, #2307 ),
 ( #1099, #147, #520, #2704 ) ),
 .UNSPECIFIED., .F., .F., .F.,
 ( 4, 4 ),
 ( 4, 4 ),
 ( 0.0000000000000000000, 1.000000000000000000 ),
 ( 0.0000000000000000000, 1.000000000000000000 ),
 .UNSPECIFIED. ) ;
#1196 = VERTEX_POINT ( 'NONE', #1497 ) ;
#1197 = VERTEX_POINT ( 'NONE', #845 ) ;
#1198 = CARTESIAN_POINT ( 'NONE',  ( -0.4499991568948024101, 0.1723961634090445116, 0.1613413113374037866 ) ) ;
#1199 = CARTESIAN_POINT ( 'NONE',  ( -0.4000000000000002442, -0.5899999999999998579, 0.0000000000000000000 ) ) ;
#1200 = VERTEX_POINT ( 'NONE', #1199 ) ;
#1201 = VECTOR ( 'NONE', #3523, 39.37007874015748854 ) ;
#1202 = CARTESIAN_POINT ( 'NONE',  ( -0.4500000000000007883, 0.3811923268180888447, 0.05000000000000134198 ) ) ;
#1203 = B_SPLINE_CURVE_WITH_KNOTS ( 'NONE', 3,
 ( #1141, #3028, #2326, #491 ),
 .UNSPECIFIED., .F., .F.,
 ( 4, 4 ),
 ( 6.168577200504651052E-09, 2.404484369874582656E-06 ),
 .UNSPECIFIED. ) ;
#1204 = ADVANCED_FACE ( 'NONE', ( #2389 ), #3067, .F. ) ;
#1205 = DIRECTION ( 'NONE',  ( 0.0000000000000000000, 0.0000000000000000000, 1.000000000000000000 ) ) ;
#1206 = DIRECTION ( 'NONE',  ( 0.0000000000000000000, 0.0000000000000000000, 1.000000000000000000 ) ) ;
#1207 = CARTESIAN_POINT ( 'NONE',  ( -0.5000000000000002220, 0.3811923268180888447, 0.05000000000000134198 ) ) ;
#1208 =( CONVERSION_BASED_UNIT ( 'INCH', #873 ) LENGTH_UNIT ( ) NAMED_UNIT ( #3927 ) );
#1209 = EDGE_CURVE ( 'NONE', #1931, #161, #2390, .T. ) ;
#1210 = VERTEX_POINT ( 'NONE', #1808 ) ;
#1211 = EDGE_CURVE ( 'NONE', #3907, #2240, #3651, .T. ) ;
#1212 = VECTOR ( 'NONE', #1594, 39.37007874015748143 ) ;
#1213 = CARTESIAN_POINT ( 'NONE',  ( -0.5000585530335196482, -0.6363877801413460045, 0.3900000000000024003 ) ) ;
#1214 = CARTESIAN_POINT ( 'NONE',  ( 0.4500000000000012323, -0.03639999999999984914, 0.2500000000000015543 ) ) ;
#1215 = STYLED_ITEM ( 'NONE', ( #836 ), #1745 ) ;
#1216 = CARTESIAN_POINT ( 'NONE',  ( 0.4577316112265216175, 0.4471864453629574854, 0.1813152923429003360 ) ) ;
#1217 = DIRECTION ( 'NONE',  ( 0.0000000000000000000, 0.0000000000000000000, 1.000000000000000000 ) ) ;
#1218 = EDGE_CURVE ( 'NONE', #1310, #1304, #1994, .T. ) ;
#1219 = CARTESIAN_POINT ( 'NONE',  ( 0.4397224168397821931, -0.2452076731819112232, 0.1803713125599359923 ) ) ;
#1220 = MECHANICAL_DESIGN_GEOMETRIC_PRESENTATION_REPRESENTATION (  '', ( #429 ), #563 ) ;
#1221 = ORIENTED_EDGE ( 'NONE', *, *, #2895, .T. ) ;
#1222 = CARTESIAN_POINT ( 'NONE',  ( 0.3794448336795640531, -0.2452076731819112232, 0.4500000000000017319 ) ) ;
#1223 = ORIENTED_EDGE ( 'NONE', *, *, #2689, .T. ) ;
#1224 = CARTESIAN_POINT ( 'NONE',  ( -0.4999563117219789077, -0.03640767318191117513, 0.05009449115191651203 ) ) ;
#1225 = CYLINDRICAL_SURFACE ( 'NONE', #3548, 0.004999999999999536933 ) ;
#1226 = VECTOR ( 'NONE', #2591, 39.37007874015748143 ) ;
#1227 =( NAMED_UNIT ( * ) PLANE_ANGLE_UNIT ( ) SI_UNIT ( $, .RADIAN. ) );
#1228 = DIMENSIONAL_EXPONENTS ( 1.000000000000000000, 0.0000000000000000000, 0.0000000000000000000, 0.0000000000000000000, 0.0000000000000000000, 0.0000000000000000000, 0.0000000000000000000 ) ;
#1229 = DIRECTION ( 'NONE',  ( 1.000000000000000000, -5.551115123125781470E-17, -3.493733080617289094E-15 ) ) ;
#1230 = STYLED_ITEM ( 'NONE', ( #2135 ), #3476 ) ;
#1231 = B_SPLINE_CURVE_WITH_KNOTS ( 'NONE', 3,
 ( #512, #760, #1764, #1091 ),
 .UNSPECIFIED., .F., .F.,
 ( 4, 4 ),
 ( 0.0002415949489067001550, 0.2839101588440299806 ),
 .UNSPECIFIED. ) ;
#1232 = LINE ( 'NONE', #3698, #3049 ) ;
#1233 = STYLED_ITEM ( 'NONE', ( #2487 ), #1006 ) ;
#1234 = CARTESIAN_POINT ( 'NONE',  ( -0.3794448336795639420, 0.3811923268180888447, 0.4500000000000017319 ) ) ;
#1235 = CYLINDRICAL_SURFACE ( 'NONE', #685, 0.004999999999999536933 ) ;
#1236 = ORIENTED_EDGE ( 'NONE', *, *, #1492, .F. ) ;
#1237 = FACE_OUTER_BOUND ( 'NONE', #1447, .T. ) ;
#1238 = EDGE_CURVE ( 'NONE', #2086, #3880, #1601, .T. ) ;
#1239 = DIRECTION ( 'NONE',  ( 2.296773882193291804E-15, -0.4999999999999973910, 0.8660254037844401509 ) ) ;
#1240 = CARTESIAN_POINT ( 'NONE',  ( 0.4500000000000001221, -0.2452076731819112232, 0.04999999999999980849 ) ) ;
#1241 = ORIENTED_EDGE ( 'NONE', *, *, #3905, .T. ) ;
#1242 = LINE ( 'NONE', #2798, #2476 ) ;
#1243 = ORIENTED_EDGE ( 'NONE', *, *, #2536, .F. ) ;
#1244 = ADVANCED_FACE ( 'NONE', ( #3370 ), #268, .F. ) ;
#1245 = PLANE ( 'NONE',  #1264 ) ;
#1246 = LINE ( 'NONE', #2242, #875 ) ;
#1247 = CARTESIAN_POINT ( 'NONE',  ( 0.4500000000000015654, -0.2896605556175895213, 0.4300000000000002154 ) ) ;
#1248 = EDGE_CURVE ( 'NONE', #1394, #3226, #3866, .T. ) ;
#1249 = CARTESIAN_POINT ( 'NONE',  ( 0.5000000000000001110, -0.03640383659095548091, 0.05000000000000006523 ) ) ;
#1250 = CARTESIAN_POINT ( 'NONE',  ( 0.3794448336795640531, -0.03640767318191117513, 0.4500000000000017319 ) ) ;
#1251 = FILL_AREA_STYLE ('',( #3734 ) ) ;
#1252 = VERTEX_POINT ( 'NONE', #2672 ) ;
#1253 = SURFACE_STYLE_USAGE ( .BOTH. , #6 ) ;
#1254 = DIRECTION ( 'NONE',  ( 5.551115123125782702E-17, -1.000000000000000000, -1.517883041479706208E-18 ) ) ;
#1255 = CARTESIAN_POINT ( 'NONE',  ( 0.4500000000000012323, -0.03639999999999984914, 0.3166666666666683172 ) ) ;
#1256 = ADVANCED_FACE ( 'NONE', ( #1531 ), #222, .T. ) ;
#1257 = CARTESIAN_POINT ( 'NONE',  ( 0.3544448336795644749, -0.2307739164521707409, 0.4500000000000017319 ) ) ;
#1258 = ORIENTED_EDGE ( 'NONE', *, *, #1689, .T. ) ;
#1259 = DIRECTION ( 'NONE',  ( 2.626371342628886335E-15, -0.5000000000000043299, -0.8660254037844362651 ) ) ;
#1260 = CARTESIAN_POINT ( 'NONE',  ( 0.4375000000000003331, -0.6203108891324552454, 0.1409393892357523881 ) ) ;
#1261 = CARTESIAN_POINT ( 'NONE',  ( 0.4500000000000001221, 0.1723923268180888591, 0.04999999999999980849 ) ) ;
#1262 = ADVANCED_FACE ( 'NONE', ( #3478 ), #1554, .F. ) ;
#1263 = LINE ( 'NONE', #1535, #2982 ) ;
#1264 = AXIS2_PLACEMENT_3D ( 'NONE', #358, #1259, #3427 ) ;
#1265 =( BOUNDED_CURVE ( )  B_SPLINE_CURVE ( 3, ( #2690, #3022, #798, #1466 ),
 .UNSPECIFIED., .F., .T. ) 
 B_SPLINE_CURVE_WITH_KNOTS ( ( 4, 4 ),
 ( 1.570796326794892339, 2.617993877991466878 ),
 .UNSPECIFIED. ) 
 CURVE ( )  GEOMETRIC_REPRESENTATION_ITEM ( )  RATIONAL_B_SPLINE_CURVE ( ( 1.000000000000000000, 0.9106836025229629872, 0.9106836025229629872, 1.000000000000000000 ) ) 
 REPRESENTATION_ITEM ( '' )  );
#1266 = CARTESIAN_POINT ( 'NONE',  ( 0.3544448336795644749, -0.02197391645217071712, 0.4500000000000017319 ) ) ;
#1267 =( LENGTH_UNIT ( ) NAMED_UNIT ( * ) SI_UNIT ( $, .METRE. ) );
#1268 = ORIENTED_EDGE ( 'NONE', *, *, #3983, .T. ) ;
#1269 = DIRECTION ( 'NONE',  ( 1.000000000000000000, 0.0000000000000000000, 2.834538159746102792E-15 ) ) ;
#1270 = AXIS2_PLACEMENT_3D ( 'NONE', #3438, #1192, #1548 ) ;
#1271 = AXIS2_PLACEMENT_3D ( 'NONE', #532, #3349, #2111 ) ;
#1272 = ORIENTED_EDGE ( 'NONE', *, *, #880, .T. ) ;
#1273 = CARTESIAN_POINT ( 'NONE',  ( -0.5000000000000000000, -0.5899999999999998579, -1.843997395723377623E-15 ) ) ;
#1274 = EDGE_LOOP ( 'NONE', ( #728, #2861, #1431, #952, #2739, #3420, #2864, #2016, #1663 ) ) ;
#1275 = FACE_OUTER_BOUND ( 'NONE', #2664, .T. ) ;
#1276 = MECHANICAL_DESIGN_GEOMETRIC_PRESENTATION_REPRESENTATION (  '', ( #3621 ), #1004 ) ;
#1277 = VERTEX_POINT ( 'NONE', #3428 ) ;
#1278 = CARTESIAN_POINT ( 'NONE',  ( 0.5000585530335196482, -0.7599999999999995648, 0.3900000000000024558 ) ) ;
#1279 = CARTESIAN_POINT ( 'NONE',  ( -0.4500000000000010658, -0.03639999999999984914, 0.1833333333333339032 ) ) ;
#1280 = AXIS2_PLACEMENT_3D ( 'NONE', #574, #1886, #895 ) ;
#1281 = CARTESIAN_POINT ( 'NONE',  ( -0.4625000000000007438, 0.1651831216351299647, 0.3165799457169972131 ) ) ;
#1282 = DIRECTION ( 'NONE',  ( 3.490263633665335480E-15, -3.989863994746656317E-17, -1.000000000000000000 ) ) ;
#1283 = MECHANICAL_DESIGN_GEOMETRIC_PRESENTATION_REPRESENTATION (  '', ( #2266 ), #1347 ) ;
#1284 = PRODUCT_RELATED_PRODUCT_CATEGORY ( 'part', '', ( #573 ) ) ;
#1285 = EDGE_CURVE ( 'NONE', #2131, #1578, #1246, .T. ) ;
#1286 = CARTESIAN_POINT ( 'NONE',  ( 0.4499991568947122600, 0.1723961634090445116, 0.1613413113376176711 ) ) ;
#1287 = PRESENTATION_LAYER_ASSIGNMENT (  '', '', ( #3052 ) ) ;
#1288 = AXIS2_PLACEMENT_3D ( 'NONE', #279, #3116, #322 ) ;
#1289 = CARTESIAN_POINT ( 'NONE',  ( -0.4875000000000003220, 0.3595493649053895235, 0.4500000000000015099 ) ) ;
#1290 = LINE ( 'NONE', #987, #1607 ) ;
#1291 = ORIENTED_EDGE ( 'NONE', *, *, #1028, .F. ) ;
#1292 = CARTESIAN_POINT ( 'NONE',  ( 0.4200000000000006506, -0.5899999999999997469, 0.2832180026482839508 ) ) ;
#1293 = ADVANCED_FACE ( 'NONE', ( #16 ), #1225, .F. ) ;
#1294 = CARTESIAN_POINT ( 'NONE',  ( 0.4603459920551472018, -0.6345576531224246253, 0.3089433756729740299 ) ) ;
#1295 = CARTESIAN_POINT ( 'NONE',  ( 0.3959724168397827926, -0.2343823556346059100, 0.1808494659439499608 ) ) ;
#1296 = ORIENTED_EDGE ( 'NONE', *, *, #3731, .F. ) ;
#1297 = CARTESIAN_POINT ( 'NONE',  ( 0.4937500000000004108, -0.04722531754730523168, 0.1832032519088290234 ) ) ;
#1298 = CARTESIAN_POINT ( 'NONE',  ( 0.4500261147093993497, -0.03640511550736193896, 0.1612453458311441934 ) ) ;
#1299 = ORIENTED_EDGE ( 'NONE', *, *, #2394, .F. ) ;
#1300 = B_SPLINE_CURVE_WITH_KNOTS ( 'NONE', 3,
 ( #3890, #1408, #1702, #3267 ),
 .UNSPECIFIED., .F., .F.,
 ( 4, 4 ),
 ( 0.0000000000000000000, 1.000000000000000000 ),
 .UNSPECIFIED. ) ;
#1301 = DIRECTION ( 'NONE',  ( -1.000000000000000000, -1.157562709179772579E-16, 3.490694658571001621E-15 ) ) ;
#1302 = CARTESIAN_POINT ( 'NONE',  ( -0.4200000000000015388, -0.2896605556175895768, 0.4300000000000003264 ) ) ;
#1303 = CARTESIAN_POINT ( 'NONE',  ( -0.4937500000000002998, 0.1615746824526947956, 0.1832032519088284406 ) ) ;
#1304 = VERTEX_POINT ( 'NONE', #2828 ) ;
#1305 = CARTESIAN_POINT ( 'NONE',  ( -0.4200000000000014833, -0.5899999999999997469, 0.4300000000000003264 ) ) ;
#1306 = CARTESIAN_POINT ( 'NONE',  ( -0.3779632224530433127, 0.4652286412751330258, 0.4500000000000017319 ) ) ;
#1307 = EDGE_CURVE ( 'NONE', #3671, #1508, #428, .T. ) ;
#1308 = CARTESIAN_POINT ( 'NONE',  ( 0.4514816112265216952, 0.2971636855429559687, 0.3145185442517279828 ) ) ;
#1309 = DIRECTION ( 'NONE',  ( 1.000000000000000000, 5.787813545898862897E-17, 3.490694658571001621E-15 ) ) ;
#1310 = VERTEX_POINT ( 'NONE', #3715 ) ;
#1311 = DIRECTION ( 'NONE',  ( 0.5000000000000046629, 0.8660254037844360431, -1.698294282981293554E-15 ) ) ;
#1312 = EDGE_CURVE ( 'NONE', #3740, #3534, #1881, .T. ) ;
#1313 = CARTESIAN_POINT ( 'NONE',  ( 0.5000585530335196482, -0.7861805207197094525, 0.3100000000000024958 ) ) ;
#1314 = CARTESIAN_POINT ( 'NONE',  ( -0.3794448336795639420, -0.03640767318191117513, 0.4500000000000011213 ) ) ;
#1315 = ORIENTED_EDGE ( 'NONE', *, *, #1961, .F. ) ;
#1316 = CARTESIAN_POINT ( 'NONE',  ( 0.4645833333333341808, -0.04000843918243499747, 0.1832899728584996002 ) ) ;
#1317 = EDGE_CURVE ( 'NONE', #3164, #1483, #2190, .T. ) ;
#1318 = CARTESIAN_POINT ( 'NONE',  ( -0.3794448336795639420, -0.2452076731819112232, 0.3107426251198697198 ) ) ;
#1319 = ORIENTED_EDGE ( 'NONE', *, *, #585, .F. ) ;
#1320 = DIRECTION ( 'NONE',  ( 0.0000000000000000000, -1.000000000000000000, -0.0000000000000000000 ) ) ;
#1321 = PLANE ( 'NONE',  #1542 ) ;
#1322 = DIRECTION ( 'NONE',  ( 0.0000000000000000000, 0.0000000000000000000, 1.000000000000000000 ) ) ;
#1323 = LENGTH_MEASURE_WITH_UNIT ( LENGTH_MEASURE( 0.02539999999999999897 ), #3782 );
#1324 = EDGE_LOOP ( 'NONE', ( #1315, #218, #597, #470, #771, #1609, #132, #2424, #1514 ) ) ;
#1325 = CARTESIAN_POINT ( 'NONE',  ( -0.4000000000000002442, -0.5899999999999999689, 0.04999999999999991257 ) ) ;
#1326 = DIRECTION ( 'NONE',  ( 1.000000000000000000, 1.157562709179772579E-16, -3.491481338843132961E-15 ) ) ;
#1327 = LINE ( 'NONE', #2612, #3105 ) ;
#1328 = ORIENTED_EDGE ( 'NONE', *, *, #3158, .T. ) ;
#1329 = FACE_OUTER_BOUND ( 'NONE', #1120, .T. ) ;
#1330 = LINE ( 'NONE', #692, #2312 ) ;
#1331 = EDGE_CURVE ( 'NONE', #2209, #3527, #1916, .T. ) ;
#1332 = CARTESIAN_POINT ( 'NONE',  ( -0.3419448336795645194, 0.1940429619126995131, 0.3116989318878982673 ) ) ;
#1333 = ORIENTED_EDGE ( 'NONE', *, *, #774, .T. ) ;
#1334 = VECTOR ( 'NONE', #632, 39.37007874015748143 ) ;
#1335 = CARTESIAN_POINT ( 'NONE',  ( 0.3419448336795646859, 0.1940429619126995131, 0.4500000000000017319 ) ) ;
#1336 = DIRECTION ( 'NONE',  ( -3.670674875166923023E-15, -1.708702623837154495E-16, 1.000000000000000000 ) ) ;
#1337 = ORIENTED_EDGE ( 'NONE', *, *, #434, .F. ) ;
#1338 = AXIS2_PLACEMENT_3D ( 'NONE', #2230, #3466, #1921 ) ;
#1339 = CARTESIAN_POINT ( 'NONE',  ( 0.5000000000000000000, 5.787815312199383894E-17, -1.912293595564984056E-15 ) ) ;
#1340 =( NAMED_UNIT ( * ) SI_UNIT ( $, .STERADIAN. ) SOLID_ANGLE_UNIT ( ) );
#1341 = CARTESIAN_POINT ( 'NONE',  ( -0.4875000000000003220, 0.1507493649053894269, 0.3164065038176560596 ) ) ;
#1342 = ORIENTED_EDGE ( 'NONE', *, *, #1873, .F. ) ;
#1343 = CARTESIAN_POINT ( 'NONE',  ( -0.4999563117219789077, -0.03640767318191117513, 0.05009449115191651203 ) ) ;
#1344 = CARTESIAN_POINT ( 'NONE',  ( -0.5000000000000002220, 0.1723961634090445116, 0.05000000000000076605 ) ) ;
#1345 = COLOUR_RGB ( '',0.7686274509803920907, 0.7686274509803920907, 0.7686274509803920907 ) ;
#1346 = CARTESIAN_POINT ( 'NONE',  ( -0.4937500000000002998, 0.1615746824526947956, 0.1832032519088284406 ) ) ;
#1347 =( GEOMETRIC_REPRESENTATION_CONTEXT ( 3 ) GLOBAL_UNCERTAINTY_ASSIGNED_CONTEXT ( ( #2158 ) ) GLOBAL_UNIT_ASSIGNED_CONTEXT ( ( #1721, #3008, #534 ) ) REPRESENTATION_CONTEXT ( 'NONE', 'WORKASPACE' ) );
#1348 = DIRECTION ( 'NONE',  ( -0.0000000000000000000, 1.000000000000000000, 8.537024980200832418E-17 ) ) ;
#1349 = COLOUR_RGB ( '',0.7686274509803920907, 0.7686274509803920907, 0.7686274509803920907 ) ;
#1350 = ORIENTED_EDGE ( 'NONE', *, *, #848, .F. ) ;
#1351 = AXIS2_PLACEMENT_3D ( 'NONE', #3788, #2875, #1008 ) ;
#1352 = CARTESIAN_POINT ( 'NONE',  ( 0.4999563117218767117, -0.03640767318191284740, 0.05009449115213789744 ) ) ;
#1353 = CARTESIAN_POINT ( 'NONE',  ( -0.5000000000000002220, 0.5900000000000001910, 0.05000000000000134198 ) ) ;
#1354 = ORIENTED_EDGE ( 'NONE', *, *, #1116, .F. ) ;
#1355 = MECHANICAL_DESIGN_GEOMETRIC_PRESENTATION_REPRESENTATION (  '', ( #1558 ), #253 ) ;
#1356 = CARTESIAN_POINT ( 'NONE',  ( -0.4500000000000010658, 0.1723923268180888035, 0.05000000000000076605 ) ) ;
#1357 = DIRECTION ( 'NONE',  ( -1.000000000000000000, -3.330669073875469621E-16, -2.834538159746102792E-15 ) ) ;
#1358 = ADVANCED_FACE ( 'NONE', ( #3120 ), #3641, .F. ) ;
#1359 = VERTEX_POINT ( 'NONE', #1956 ) ;
#1360 = CARTESIAN_POINT ( 'NONE',  ( 0.5000000000000000000, -0.5899999999999998579, -1.912293595564984056E-15 ) ) ;
#1361 = CARTESIAN_POINT ( 'NONE',  ( -0.4625000000000007438, -0.04361687836487007641, 0.4500000000000008438 ) ) ;
#1362 = CARTESIAN_POINT ( 'NONE',  ( -0.4750000000000005329, 0.1579662432702597374, 0.3164932247673266086 ) ) ;
#1363 = VERTEX_POINT ( 'NONE', #2280 ) ;
#1364 = CARTESIAN_POINT ( 'NONE',  ( 0.4499991568947122600, -0.03640383659095550173, 0.1613413113376177821 ) ) ;
#1365 = ADVANCED_FACE ( 'NONE', ( #1039 ), #3710, .T. ) ;
#1366 = CARTESIAN_POINT ( 'NONE',  ( 0.3794448336795640531, 0.3811923268180888447, 0.4500000000000017319 ) ) ;
#1367 = CARTESIAN_POINT ( 'NONE',  ( 0.4903459920551477280, -0.7599999999999996758, 0.3900000000000024558 ) ) ;
#1368 = FILL_AREA_STYLE_COLOUR ( '', #1345 ) ;
#1369 = ORIENTED_EDGE ( 'NONE', *, *, #3555, .T. ) ;
#1370 = CARTESIAN_POINT ( 'NONE',  ( -0.3794448336795639420, 0.1723923268180888313, 0.4500000000000015099 ) ) ;
#1371 = DIRECTION ( 'NONE',  ( 0.0000000000000000000, -9.757819552369538365E-18, 1.000000000000000000 ) ) ;
#1372 = CARTESIAN_POINT ( 'NONE',  ( -0.4514816112265215287, 0.08836368554295598310, 0.3145185442517273722 ) ) ;
#1373 = VERTEX_POINT ( 'NONE', #379 ) ;
#1374 = CARTESIAN_POINT ( 'NONE',  ( 0.4500000000000012323, 0.1724000000000001920, 0.1833333333333347914 ) ) ;
#1375 = CARTESIAN_POINT ( 'NONE',  ( -0.4583333332349102673, -0.03640125861729389539, 0.05009305719699934378 ) ) ;
#1376 = ORIENTED_EDGE ( 'NONE', *, *, #12, .F. ) ;
#1377 = CARTESIAN_POINT ( 'NONE',  ( -0.5000000000000001110, 0.5900000000000000799, -0.05000000000000000971 ) ) ;
#1378 = FILL_AREA_STYLE ('',( #3798 ) ) ;
#1379 = CARTESIAN_POINT ( 'NONE',  ( -0.4666666664680575449, 0.1723974745361994965, 0.05009331221382219701 ) ) ;
#1380 = ORIENTED_EDGE ( 'NONE', *, *, #3776, .F. ) ;
#1381 = CARTESIAN_POINT ( 'NONE',  ( -0.4500000000000010658, 0.1724000000000001920, 0.2500000000000009992 ) ) ;
#1382 = CARTESIAN_POINT ( 'NONE',  ( 0.4500000000000010658, 0.3812000000000000943, 0.1612468894782108086 ) ) ;
#1383 = ADVANCED_FACE ( 'NONE', ( #3520 ), #1993, .T. ) ;
#1384 = CARTESIAN_POINT ( 'NONE',  ( 0.5000000000000002220, 0.5900000000000001910, 0.05000000000000134198 ) ) ;
#1385 = CARTESIAN_POINT ( 'NONE',  ( -0.4500000000000010658, 0.3812000000000001498, 0.4500000000000015099 ) ) ;
#1386 = ORIENTED_EDGE ( 'NONE', *, *, #2306, .F. ) ;
#1387 = EDGE_LOOP ( 'NONE', ( #1096, #139 ) ) ;
#1388 = EDGE_CURVE ( 'NONE', #1373, #1508, #1713, .T. ) ;
#1389 =( CONVERSION_BASED_UNIT ( 'INCH', #2419 ) LENGTH_UNIT ( ) NAMED_UNIT ( #1111 ) );
#1390 = ORIENTED_EDGE ( 'NONE', *, *, #830, .F. ) ;
#1391 = DIRECTION ( 'NONE',  ( -1.000000000000000000, -5.787813545898862897E-17, -3.490694658571001621E-15 ) ) ;
#1392 = LINE ( 'NONE', #835, #2572 ) ;
#1393 = DIRECTION ( 'NONE',  ( -1.000000000000000000, -2.359223927328457648E-16, -3.549244231848546921E-15 ) ) ;
#1394 = VERTEX_POINT ( 'NONE', #3230 ) ;
#1395 = DIRECTION ( 'NONE',  ( 0.8660254037844379305, 0.5000000000000012212, 0.0000000000000000000 ) ) ;
#1396 = ORIENTED_EDGE ( 'NONE', *, *, #2871, .F. ) ;
#1397 = LINE ( 'NONE', #1156, #2133 ) ;
#1398 = CARTESIAN_POINT ( 'NONE',  ( -0.4875000000000003220, -0.05805063509461060728, 0.3164065038176557820 ) ) ;
#1399 = CARTESIAN_POINT ( 'NONE',  ( 0.4500000000000012323, 0.5900000000000001910, 0.05000000000000134198 ) ) ;
#1400 = ORIENTED_EDGE ( 'NONE', *, *, #2834, .F. ) ;
#1401 = CARTESIAN_POINT ( 'NONE',  ( 0.4000000000000000777, 0.5900000000000000799, 0.04999999999999998196 ) ) ;
#1402 = VECTOR ( 'NONE', #747, 39.37007874015748854 ) ;
#1403 = DIRECTION ( 'NONE',  ( -2.841477053650009232E-15, 2.125036258071588074E-17, -1.000000000000000000 ) ) ;
#1404 = CARTESIAN_POINT ( 'NONE',  ( 0.3544448336795644749, 0.3956260835478292992, 0.4500000000000017319 ) ) ;
#1405 = MECHANICAL_DESIGN_GEOMETRIC_PRESENTATION_REPRESENTATION (  '', ( #2387 ), #238 ) ;
#1406 = ADVANCED_FACE ( 'NONE', ( #2621 ), #1321, .T. ) ;
#1407 = ORIENTED_EDGE ( 'NONE', *, *, #2453, .F. ) ;
#1408 = CARTESIAN_POINT ( 'NONE',  ( -0.4500261132108937523, 0.3811948846393934942, 0.1612768474390033346 ) ) ;
#1409 = ORIENTED_EDGE ( 'NONE', *, *, #64, .T. ) ;
#1410 = CARTESIAN_POINT ( 'NONE',  ( -0.5000000000000002220, 0.5900000000000000799, 0.04999999999999963501 ) ) ;
#1411 = LINE ( 'NONE', #2100, #3364 ) ;
#1412 = CARTESIAN_POINT ( 'NONE',  ( 0.4903459920551477835, -0.6363877801413463375, 0.3899999999999995692 ) ) ;
#1413 = ORIENTED_EDGE ( 'NONE', *, *, #2195, .T. ) ;
#1414 = CARTESIAN_POINT ( 'NONE',  ( -0.4500000000000002331, 0.03319232681808885477, 0.04999999999999980849 ) ) ;
#1415 = PRESENTATION_LAYER_ASSIGNMENT (  '', '', ( #2472 ) ) ;
#1416 = CARTESIAN_POINT ( 'NONE',  ( -0.3794448336795639420, 0.1723923268180888313, 0.4500000000000015099 ) ) ;
#1417 = ADVANCED_FACE ( 'NONE', ( #2320 ), #637, .F. ) ;
#1418 = ORIENTED_EDGE ( 'NONE', *, *, #2751, .T. ) ;
#1419 = CARTESIAN_POINT ( 'NONE',  ( -0.5000000000000002220, -0.1060076731819112189, 0.05000000000000047462 ) ) ;
#1420 = DIRECTION ( 'NONE',  ( 4.440892098500625176E-16, -1.000000000000000000, -2.081668171172167897E-17 ) ) ;
#1421 = CARTESIAN_POINT ( 'NONE',  ( 0.4500000000000009548, 0.5203974422726963533, 0.05000000000000134198 ) ) ;
#1422 = ORIENTED_EDGE ( 'NONE', *, *, #246, .T. ) ;
#1423 = CARTESIAN_POINT ( 'NONE',  ( -0.4500000000000010658, -0.03639999999999984914, 0.4500000000000008438 ) ) ;
#1424 = AXIS2_PLACEMENT_3D ( 'NONE', #2182, #3419, #1965 ) ;
#1425 = DIRECTION ( 'NONE',  ( 1.000000000000000000, 0.0000000000000000000, 3.490263633665335480E-15 ) ) ;
#1426 = DIRECTION ( 'NONE',  ( 0.0000000000000000000, 0.0000000000000000000, 1.000000000000000000 ) ) ;
#1427 = DIRECTION ( 'NONE',  ( 3.316791286067654376E-15, -2.623769257414920114E-17, -1.000000000000000000 ) ) ;
#1428 = CARTESIAN_POINT ( 'NONE',  ( -0.4500000000000010658, 0.3811923268180889557, 0.05000000000000105749 ) ) ;
#1429 = DIMENSIONAL_EXPONENTS ( 1.000000000000000000, 0.0000000000000000000, 0.0000000000000000000, 0.0000000000000000000, 0.0000000000000000000, 0.0000000000000000000, 0.0000000000000000000 ) ;
#1430 = CARTESIAN_POINT ( 'NONE',  ( -0.4105557501731157966, 0.3884092051829590719, 0.1806900814826119528 ) ) ;
#1431 = ORIENTED_EDGE ( 'NONE', *, *, #2068, .T. ) ;
#1432 = ADVANCED_FACE ( 'NONE', ( #3001 ), #3929, .F. ) ;
#1433 = FACE_OUTER_BOUND ( 'NONE', #1635, .T. ) ;
#1434 = CARTESIAN_POINT ( 'NONE',  ( 0.4500000000000012323, 0.3812000000000001498, 0.3166666666666683172 ) ) ;
#1435 = VERTEX_POINT ( 'NONE', #3345 ) ;
#1436 = CARTESIAN_POINT ( 'NONE',  ( 0.4875000000000004885, 0.1507493649053894269, 0.4500000000000017319 ) ) ;
#1437 = CARTESIAN_POINT ( 'NONE',  ( 0.4499991568947122600, 0.1723961634090445116, 0.1613413113376176711 ) ) ;
#1438 = EDGE_LOOP ( 'NONE', ( #810, #3474, #3440, #2715, #2052, #1909 ) ) ;
#1439 = EDGE_CURVE ( 'NONE', #51, #1122, #2041, .T. ) ;
#1440 = CARTESIAN_POINT ( 'NONE',  ( 0.4903459920551476170, -0.6363877801413465596, 0.3099999999999997202 ) ) ;
#1441 = CARTESIAN_POINT ( 'NONE',  ( -0.4875000000000003220, 0.5683493649053894536, 0.4500000000000017319 ) ) ;
#1442 = ORIENTED_EDGE ( 'NONE', *, *, #2935, .F. ) ;
#1443 = FACE_OUTER_BOUND ( 'NONE', #3339, .T. ) ;
#1444 = CARTESIAN_POINT ( 'NONE',  ( -0.4903459920551475615, -0.7861805207197097856, 0.3099999999999997202 ) ) ;
#1445 = EDGE_CURVE ( 'NONE', #2943, #599, #2736, .T. ) ;
#1446 = CARTESIAN_POINT ( 'NONE',  ( -0.4624999998514838229, 0.1723981079594527899, 0.05009318470541099938 ) ) ;
#1447 = EDGE_LOOP ( 'NONE', ( #1350, #10, #356, #3134 ) ) ;
#1448 = CARTESIAN_POINT ( 'NONE',  ( -0.4375000000000003886, -0.6203108891324548013, 0.3007180026482838553 ) ) ;
#1449 = CARTESIAN_POINT ( 'NONE',  ( -0.4999854377200013134, 0.3811974421765888521, 0.05003149707581369676 ) ) ;
#1450 = CARTESIAN_POINT ( 'NONE',  ( -0.4499991568948024101, -0.03640383659095550867, 0.1613413113374035091 ) ) ;
#1451 = CARTESIAN_POINT ( 'NONE',  ( -0.4525000000000002909, -0.5943301270189216279, 0.2857180026482836754 ) ) ;
#1452 = DIRECTION ( 'NONE',  ( 1.000000000000000000, -2.081668171172167281E-16, -3.542305337944639692E-15 ) ) ;
#1453 = ORIENTED_EDGE ( 'NONE', *, *, #659, .F. ) ;
#1454 = ORIENTED_EDGE ( 'NONE', *, *, #848, .T. ) ;
#1455 = DIRECTION ( 'NONE',  ( 1.000000000000000000, 4.440892098500625669E-16, 2.841477053650009626E-15 ) ) ;
#1456 = LINE ( 'NONE', #1410, #3696 ) ;
#1457 = FACE_OUTER_BOUND ( 'NONE', #2959, .T. ) ;
#1458 =( LENGTH_UNIT ( ) NAMED_UNIT ( * ) SI_UNIT ( $, .METRE. ) );
#1459 = ORIENTED_EDGE ( 'NONE', *, *, #1209, .F. ) ;
#1460 = LINE ( 'NONE', #239, #1084 ) ;
#1461 = CARTESIAN_POINT ( 'NONE',  ( -0.4833187703764690868, -0.03640507803455155650, 0.05009386271096079313 ) ) ;
#1462 = EDGE_CURVE ( 'NONE', #3942, #1363, #1265, .T. ) ;
#1463 = VERTEX_POINT ( 'NONE', #562 ) ;
#1464 = EDGE_CURVE ( 'NONE', #352, #1181, #176, .T. ) ;
#1465 = CARTESIAN_POINT ( 'NONE',  ( -0.4509150635094616444, -0.5934150635094606052, 0.4148103095152282371 ) ) ;
#1466 = CARTESIAN_POINT ( 'NONE',  ( -0.4375000000000003886, -0.6203108891324546903, 0.3992819973517156562 ) ) ;
#1467 = AXIS2_PLACEMENT_3D ( 'NONE', #531, #3650, #1425 ) ;
#1468 = LENGTH_MEASURE_WITH_UNIT ( LENGTH_MEASURE( 0.02539999999999999897 ), #2383 );
#1469 = ORIENTED_EDGE ( 'NONE', *, *, #497, .T. ) ;
#1470 = CARTESIAN_POINT ( 'NONE',  ( 0.4500000000000012323, -0.03639999999999984220, 0.05009281937524934919 ) ) ;
#1471 = EDGE_CURVE ( 'NONE', #2812, #3518, #221, .T. ) ;
#1472 = CARTESIAN_POINT ( 'NONE',  ( 0.4875000000000004885, 0.1507493649053895102, 0.4500000000000017319 ) ) ;
#1473 = CARTESIAN_POINT ( 'NONE',  ( 0.4500000000000001221, -0.2452076731819112232, 0.04999999999999980849 ) ) ;
#1474 = CARTESIAN_POINT ( 'NONE',  ( 0.3794448336795640531, 0.3811923268180888447, 0.3107426251198706080 ) ) ;
#1475 = FACE_OUTER_BOUND ( 'NONE', #321, .T. ) ;
#1476 = VECTOR ( 'NONE', #1539, 39.37007874015748143 ) ;
#1477 = COLOUR_RGB ( '',0.8980392156862745390, 0.9176470588235293713, 0.9294117647058823817 ) ;
#1478 = FILL_AREA_STYLE ('',( #1368 ) ) ;
#1479 = ORIENTED_EDGE ( 'NONE', *, *, #2536, .T. ) ;
#1480 = CARTESIAN_POINT ( 'NONE',  ( 0.5000000000000004441, -0.03640767318191117513, 0.05000000000000134198 ) ) ;
#1481 = DIRECTION ( 'NONE',  ( 3.493733080617288305E-15, 4.814824860966994868E-35, 1.000000000000000000 ) ) ;
#1482 = COLOUR_RGB ( '',0.7686274509803920907, 0.7686274509803920907, 0.7686274509803920907 ) ;
#1483 = VERTEX_POINT ( 'NONE', #3300 ) ;
#1484 = DIRECTION ( 'NONE',  ( -3.585550491684342639E-15, -0.0000000000000000000, 1.000000000000000000 ) ) ;
#1485 = SURFACE_SIDE_STYLE ('',( #3341 ) ) ;
#1486 = VECTOR ( 'NONE', #2829, 39.37007874015748143 ) ;
#1487 = ORIENTED_EDGE ( 'NONE', *, *, #3995, .T. ) ;
#1488 = DIRECTION ( 'NONE',  ( -0.8320502943378407235, -0.4803844614152649184, 0.2773500981126172937 ) ) ;
#1489 = CARTESIAN_POINT ( 'NONE',  ( -0.4499999995396291030, -0.03640255578519353830, 0.05006187942301404403 ) ) ;
#1490 = STYLED_ITEM ( 'NONE', ( #2343 ), #2852 ) ;
#1491 = CARTESIAN_POINT ( 'NONE',  ( 0.4500000000000012323, 0.5900000000000001910, 0.4500000000000017319 ) ) ;
#1492 = EDGE_CURVE ( 'NONE', #51, #1541, #2668, .T. ) ;
#1493 = ORIENTED_EDGE ( 'NONE', *, *, #1047, .F. ) ;
#1494 =( NAMED_UNIT ( * ) PLANE_ANGLE_UNIT ( ) SI_UNIT ( $, .RADIAN. ) );
#1495 = VECTOR ( 'NONE', #667, 39.37007874015748143 ) ;
#1496 = DIRECTION ( 'NONE',  ( -4.302114220422481101E-16, 1.000000000000000000, -2.818925648462310912E-17 ) ) ;
#1497 = CARTESIAN_POINT ( 'NONE',  ( 0.5000000000000001110, -0.2452076731819112232, 0.04999999999999963501 ) ) ;
#1498 = ORIENTED_EDGE ( 'NONE', *, *, #1138, .T. ) ;
#1499 = EDGE_CURVE ( 'NONE', #462, #577, #2233, .T. ) ;
#1500 = FACE_OUTER_BOUND ( 'NONE', #2677, .T. ) ;
#1501 = EDGE_CURVE ( 'NONE', #3880, #1744, #1805, .T. ) ;
#1502 = SURFACE_STYLE_FILL_AREA ( #868 ) ;
#1503 = DIRECTION ( 'NONE',  ( 3.316791286067654376E-15, -2.623769257414920114E-17, -1.000000000000000000 ) ) ;
#1504 = CARTESIAN_POINT ( 'NONE',  ( -0.4499991568948024101, 0.1723961634090445116, 0.1613413113374037866 ) ) ;
#1505 = CARTESIAN_POINT ( 'NONE',  ( -0.4499991568948025766, 0.3811961634090444973, 0.1613413113374040087 ) ) ;
#1506 = EDGE_LOOP ( 'NONE', ( #438, #3285, #2420, #1342 ) ) ;
#1507 =( LENGTH_UNIT ( ) NAMED_UNIT ( * ) SI_UNIT ( $, .METRE. ) );
#1508 = VERTEX_POINT ( 'NONE', #2713 ) ;
#1509 = CARTESIAN_POINT ( 'NONE',  ( 0.4514816112265216952, 0.5059636855429560098, 0.4500000000000017319 ) ) ;
#1510 = CARTESIAN_POINT ( 'NONE',  ( 0.4875000000000004885, -0.05805063509461060728, 0.3164065038176566702 ) ) ;
#1511 = DIRECTION ( 'NONE',  ( 1.000000000000000000, 4.579669976578769743E-16, -2.834538159746102003E-15 ) ) ;
#1512 = PLANE ( 'NONE',  #865 ) ;
#1513 = DIRECTION ( 'NONE',  ( 0.0000000000000000000, 1.000000000000000000, 0.0000000000000000000 ) ) ;
#1514 = ORIENTED_EDGE ( 'NONE', *, *, #729, .F. ) ;
#1515 = CARTESIAN_POINT ( 'NONE',  ( -0.4499991568948024101, -0.03640383659095550867, 0.1613413113374035091 ) ) ;
#1516 = DIMENSIONAL_EXPONENTS ( 1.000000000000000000, 0.0000000000000000000, 0.0000000000000000000, 0.0000000000000000000, 0.0000000000000000000, 0.0000000000000000000, 0.0000000000000000000 ) ;
#1517 = EDGE_CURVE ( 'NONE', #368, #1177, #2145, .T. ) ;
#1518 = ADVANCED_FACE ( 'NONE', ( #4004 ), #3724, .T. ) ;
#1519 = CARTESIAN_POINT ( 'NONE',  ( -0.3794448336795639420, 0.3811923268180888447, 0.3503134342210840746 ) ) ;
#1520 = DIRECTION ( 'NONE',  ( 0.0000000000000000000, -0.0000000000000000000, 1.000000000000000000 ) ) ;
#1521 = CARTESIAN_POINT ( 'NONE',  ( 0.4200000000000005951, -0.6028108891324549523, 0.4093856270625337301 ) ) ;
#1522 = EDGE_CURVE ( 'NONE', #3297, #2272, #351, .T. ) ;
#1523 = CARTESIAN_POINT ( 'NONE',  ( -0.4875000000000003220, 0.5683493649053894536, 0.4500000000000017319 ) ) ;
#1524 = VERTEX_POINT ( 'NONE', #922 ) ;
#1525 = SURFACE_SIDE_STYLE ('',( #2181 ) ) ;
#1526 =( LENGTH_UNIT ( ) NAMED_UNIT ( * ) SI_UNIT ( $, .METRE. ) );
#1527 = CARTESIAN_POINT ( 'NONE',  ( 0.4200000000000004841, -0.5899999999999998579, 0.1409393892357524991 ) ) ;
#1528 = LINE ( 'NONE', #2148, #3180 ) ;
#1529 = EDGE_LOOP ( 'NONE', ( #485, #3569, #347, #1046, #611, #84, #197, #896 ) ) ;
#1530 = DIRECTION ( 'NONE',  ( -4.579669976578768757E-16, -1.000000000000000000, 1.908195823574486879E-17 ) ) ;
#1531 = FACE_OUTER_BOUND ( 'NONE', #2362, .T. ) ;
#1532 = VECTOR ( 'NONE', #2741, 39.37007874015748143 ) ;
#1533 = CARTESIAN_POINT ( 'NONE',  ( -0.4500000000000010658, 0.3812000000000001498, 0.05000000000000105749 ) ) ;
#1534 = VECTOR ( 'NONE', #2429, 39.37007874015748143 ) ;
#1535 = CARTESIAN_POINT ( 'NONE',  ( 0.5000000000000031086, -0.2452306927276451665, 0.05000000000000308364 ) ) ;
#1536 = VECTOR ( 'NONE', #972, 39.37007874015748143 ) ;
#1537 = ADVANCED_FACE ( 'NONE', ( #3755 ), #3111, .F. ) ;
#1538 = PRESENTATION_LAYER_ASSIGNMENT (  '', '', ( #2783 ) ) ;
#1539 = DIRECTION ( 'NONE',  ( -0.0000000000000000000, -1.000000000000000000, -0.0000000000000000000 ) ) ;
#1540 = DIRECTION ( 'NONE',  ( 0.0000000000000000000, 0.0000000000000000000, -1.000000000000000000 ) ) ;
#1541 = VERTEX_POINT ( 'NONE', #2822 ) ;
#1542 = AXIS2_PLACEMENT_3D ( 'NONE', #442, #3854, #3256 ) ;
#1543 = B_SPLINE_CURVE_WITH_KNOTS ( 'NONE', 3,
 ( #1129, #732, #2944, #198 ),
 .UNSPECIFIED., .F., .F.,
 ( 4, 4 ),
 ( 0.0000000000000000000, 1.000000000000000000 ),
 .UNSPECIFIED. ) ;
#1544 = DIRECTION ( 'NONE',  ( 1.000000000000000000, -3.191891195797323575E-16, -2.838007606698055223E-15 ) ) ;
#1545 = EDGE_CURVE ( 'NONE', #1524, #2272, #4023, .T. ) ;
#1546 =( NAMED_UNIT ( * ) PLANE_ANGLE_UNIT ( ) SI_UNIT ( $, .RADIAN. ) );
#1547 = VECTOR ( 'NONE', #2502, 39.37007874015748143 ) ;
#1548 = DIRECTION ( 'NONE',  ( 1.000000000000000000, 0.0000000000000000000, 0.0000000000000000000 ) ) ;
#1549 = EDGE_CURVE ( 'NONE', #1603, #1181, #1703, .T. ) ;
#1550 = MECHANICAL_DESIGN_GEOMETRIC_PRESENTATION_REPRESENTATION (  '', ( #2076 ), #2464 ) ;
#1551 = LINE ( 'NONE', #266, #631 ) ;
#1552 = ORIENTED_EDGE ( 'NONE', *, *, #880, .F. ) ;
#1553 = CARTESIAN_POINT ( 'NONE',  ( 0.3794448336795640531, 0.3811923268180888447, 0.3503134342210840746 ) ) ;
#1554 = PLANE ( 'NONE',  #167 ) ;
#1555 = AXIS2_PLACEMENT_3D ( 'NONE', #326, #2814, #2552 ) ;
#1556 = CARTESIAN_POINT ( 'NONE',  ( -0.4875000000000003220, 0.3595493649053894125, 0.3164065038176563927 ) ) ;
#1557 = PRESENTATION_LAYER_ASSIGNMENT (  '', '', ( #1490 ) ) ;
#1558 = STYLED_ITEM ( 'NONE', ( #824 ), #3674 ) ;
#1559 = MANIFOLD_SOLID_BREP ( 'Cut-Extrude3[2]', #349 ) ;
#1560 = CARTESIAN_POINT ( 'NONE',  ( -0.5000000000000002220, -0.2452076731819112232, 0.05000000000000045380 ) ) ;
#1561 = EDGE_CURVE ( 'NONE', #916, #1803, #4022, .T. ) ;
#1562 = DIRECTION ( 'NONE',  ( -1.000000000000000000, -0.0000000000000000000, -0.0000000000000000000 ) ) ;
#1563 = EDGE_LOOP ( 'NONE', ( #1820, #275, #46, #898, #190, #3752, #2946, #3645 ) ) ;
#1564 = CARTESIAN_POINT ( 'NONE',  ( 0.5000000000000001110, -0.1060076731819111356, 0.04999999999999962808 ) ) ;
#1565 = CARTESIAN_POINT ( 'NONE',  ( 0.4937500000000004108, 0.5791746824526947668, 0.1832032519088290234 ) ) ;
#1566 = EDGE_CURVE ( 'NONE', #1855, #1073, #1836, .T. ) ;
#1567 = VERTEX_POINT ( 'NONE', #881 ) ;
#1568 = CARTESIAN_POINT ( 'NONE',  ( -0.4500000000000010658, 0.3812000000000001498, 0.05009281937524911327 ) ) ;
#1569 = ORIENTED_EDGE ( 'NONE', *, *, #2876, .T. ) ;
#1570 = CARTESIAN_POINT ( 'NONE',  ( 0.4500000000000012323, 0.5900000000000001910, 0.1833333333333347914 ) ) ;
#1571 = ADVANCED_FACE ( 'NONE', ( #278 ), #3456, .F. ) ;
#1572 = CARTESIAN_POINT ( 'NONE',  ( -0.4728459920551505435, -0.6060768910088926154, 0.4074999999999985856 ) ) ;
#1573 = CARTESIAN_POINT ( 'NONE',  ( -0.4666666666666675067, 0.3812000000000001498, 0.05000000000000105749 ) ) ;
#1574 = CARTESIAN_POINT ( 'NONE',  ( -0.4103330401858532039, 0.3811923268180888447, 0.2551803776172841820 ) ) ;
#1575 = DIRECTION ( 'NONE',  ( 8.176926499021367971E-17, -1.000000000000000000, 0.0000000000000000000 ) ) ;
#1576 = UNCERTAINTY_MEASURE_WITH_UNIT (LENGTH_MEASURE( 1.000000000000000082E-05 ), #923, 'distance_accuracy_value', 'NONE');
#1577 = CARTESIAN_POINT ( 'NONE',  ( -0.4500000000000010658, 0.3812000000000001498, 0.1612468894782103923 ) ) ;
#1578 = VERTEX_POINT ( 'NONE', #3439 ) ;
#1579 = PLANE ( 'NONE',  #1882 ) ;
#1580 = VERTEX_POINT ( 'NONE', #3078 ) ;
#1581 = CARTESIAN_POINT ( 'NONE',  ( 0.4757408056132609864, 0.5131805639078261816, 0.1822592721258646797 ) ) ;
#1582 = CARTESIAN_POINT ( 'NONE',  ( 0.0000000000000000000, 0.1100000000000000561, -0.05000000000000000971 ) ) ;
#1583 = ORIENTED_EDGE ( 'NONE', *, *, #2806, .T. ) ;
#1584 = CARTESIAN_POINT ( 'NONE',  ( 0.5000000000000004441, -0.03639999999999984914, 0.05000000000000134198 ) ) ;
#1585 = CARTESIAN_POINT ( 'NONE',  ( -0.3419448336795645194, 0.1940429619126995131, 0.4500000000000015099 ) ) ;
#1586 = ADVANCED_FACE ( 'NONE', ( #652 ), #2699, .T. ) ;
#1587 = ORIENTED_EDGE ( 'NONE', *, *, #2880, .F. ) ;
#1588 = CARTESIAN_POINT ( 'NONE',  ( -0.3959724168397826816, 0.3920176443653941578, 0.1808494659439499608 ) ) ;
#1589 = CARTESIAN_POINT ( 'NONE',  ( -0.3419448336795645194, -0.2235570380873005136, 0.4500000000000008438 ) ) ;
#1590 = CARTESIAN_POINT ( 'NONE',  ( -0.5000000000000000000, -0.5899999999999998579, -0.05000000000000000971 ) ) ;
#1591 = B_SPLINE_CURVE_WITH_KNOTS ( 'NONE', 3,
 ( #2036, #2996, #111, #2015 ),
 .UNSPECIFIED., .F., .F.,
 ( 4, 4 ),
 ( 0.0000000000000000000, 1.000000000000000000 ),
 .UNSPECIFIED. ) ;
#1592 = ADVANCED_FACE ( 'NONE', ( #3814 ), #669, .T. ) ;
#1593 = CARTESIAN_POINT ( 'NONE',  ( -0.4500000000000009548, 0.5203974422726963533, 0.05000000000000134198 ) ) ;
#1594 = DIRECTION ( 'NONE',  ( -1.000000000000000000, 0.0000000000000000000, 0.0000000000000000000 ) ) ;
#1595 = FACE_OUTER_BOUND ( 'NONE', #1760, .T. ) ;
#1596 = ORIENTED_EDGE ( 'NONE', *, *, #65, .T. ) ;
#1597 = CARTESIAN_POINT ( 'NONE',  ( 0.4200000000000007616, -0.6028108891324550633, 0.2906143729374654483 ) ) ;
#1598 = AXIS2_PLACEMENT_3D ( 'NONE', #561, #3597, #3948 ) ;
#1599 = ORIENTED_EDGE ( 'NONE', *, *, #458, .F. ) ;
#1600 = PLANE ( 'NONE',  #691 ) ;
#1601 = B_SPLINE_CURVE_WITH_KNOTS ( 'NONE', 3,
 ( #227, #550, #3044, #3977 ),
 .UNSPECIFIED., .F., .F.,
 ( 4, 4 ),
 ( 0.0000000000000000000, 1.000000000000000000 ),
 .UNSPECIFIED. ) ;
#1602 = CARTESIAN_POINT ( 'NONE',  ( 0.5000000000000001110, 0.3811961634090444973, 0.05000000000000006523 ) ) ;
#1603 = VERTEX_POINT ( 'NONE', #3223 ) ;
#1604 = CARTESIAN_POINT ( 'NONE',  ( 0.4999563117218766006, 0.1723923268180871937, 0.05009449115213800152 ) ) ;
#1605 = CARTESIAN_POINT ( 'NONE',  ( -0.4500000000000010658, -0.03639999999999984914, 0.05000000000000045380 ) ) ;
#1606 = ADVANCED_FACE ( 'NONE', ( #3471 ), #2090, .T. ) ;
#1607 = VECTOR ( 'NONE', #1348, 39.37007874015748143 ) ;
#1608 = CARTESIAN_POINT ( 'NONE',  ( -0.4500000000000010658, 0.3812000000000001498, 0.1833333333333344861 ) ) ;
#1609 = ORIENTED_EDGE ( 'NONE', *, *, #2538, .F. ) ;
#1610 = CARTESIAN_POINT ( 'NONE',  ( 0.4500000000000016209, -0.5899999999999998579, 0.4500000000000001776 ) ) ;
#1611 = VECTOR ( 'NONE', #703, 39.37007874015748143 ) ;
#1612 = ADVANCED_FACE ( 'NONE', ( #1011 ), #3415, .T. ) ;
#1613 = CARTESIAN_POINT ( 'NONE',  ( -0.3419448336795645194, 0.4028429619126995265, 0.4500000000000017319 ) ) ;
#1614 =( GEOMETRIC_REPRESENTATION_CONTEXT ( 3 ) GLOBAL_UNCERTAINTY_ASSIGNED_CONTEXT ( ( #2595 ) ) GLOBAL_UNIT_ASSIGNED_CONTEXT ( ( #444, #1089, #3023 ) ) REPRESENTATION_CONTEXT ( 'NONE', 'WORKASPACE' ) );
#1615 = COLOUR_RGB ( '',0.7686274509803920907, 0.7686274509803920907, 0.7686274509803920907 ) ;
#1616 = CARTESIAN_POINT ( 'NONE',  ( -0.4000000000000002442, 0.5900000000000000799, 0.0000000000000000000 ) ) ;
#1617 = UNCERTAINTY_MEASURE_WITH_UNIT (LENGTH_MEASURE( 1.000000000000000082E-05 ), #2763, 'distance_accuracy_value', 'NONE');
#1618 = CARTESIAN_POINT ( 'NONE',  ( 0.4999563117218766006, 0.1723923268180871937, 0.05009449115213800152 ) ) ;
#1619 = EDGE_LOOP ( 'NONE', ( #476, #3461, #1065, #2762 ) ) ;
#1620 = DIRECTION ( 'NONE',  ( 0.8660254037844359321, -0.5000000000000045519, 2.428612866367528391E-17 ) ) ;
#1621 = CARTESIAN_POINT ( 'NONE',  ( -0.4500000000000010658, 0.5900000000000001910, 0.05000000000000134198 ) ) ;
#1622 = ORIENTED_EDGE ( 'NONE', *, *, #834, .T. ) ;
#1623 = CARTESIAN_POINT ( 'NONE',  ( 0.4791666666666672958, -0.04361687836487007641, 0.1832466123836642979 ) ) ;
#1624 = CARTESIAN_POINT ( 'NONE',  ( -0.4397224168397820265, -0.2452076731819112232, 0.1803713125599351041 ) ) ;
#1625 = VERTEX_POINT ( 'NONE', #3514 ) ;
#1626 = CARTESIAN_POINT ( 'NONE',  ( 0.4200000000000004841, -0.5899999999999998579, 0.1409393892357524991 ) ) ;
#1627 = CARTESIAN_POINT ( 'NONE',  ( -0.5000585530335197593, -0.5899999999999994138, 0.2832180026482865043 ) ) ;
#1628 = CARTESIAN_POINT ( 'NONE',  ( -0.3419448336795645194, 0.1940429619126995131, 0.4500000000000015099 ) ) ;
#1629 = EDGE_LOOP ( 'NONE', ( #2344, #449, #1940, #2237, #558, #2826, #3273 ) ) ;
#1630 = CARTESIAN_POINT ( 'NONE',  ( -0.4375000000000003886, -0.6203108891324548013, 0.3007180026482838553 ) ) ;
#1631 = ORIENTED_EDGE ( 'NONE', *, *, #40, .F. ) ;
#1632 = CARTESIAN_POINT ( 'NONE',  ( -0.4319908056132614749, 0.5240058814551314947, 0.1825053775368732090 ) ) ;
#1633 = DIRECTION ( 'NONE',  ( 6.938893903907228378E-18, -1.007006977804536518E-15, -1.000000000000000000 ) ) ;
#1634 = SURFACE_STYLE_USAGE ( .BOTH. , #687 ) ;
#1635 = EDGE_LOOP ( 'NONE', ( #1631, #2500, #2123, #1840 ) ) ;
#1636 = PLANE ( 'NONE',  #1676 ) ;
#1637 = EDGE_CURVE ( 'NONE', #3725, #1197, #712, .T. ) ;
#1638 = CARTESIAN_POINT ( 'NONE',  ( 0.3794448336795640531, 0.3811923268180888447, 0.4500000000000017319 ) ) ;
#1639 = CARTESIAN_POINT ( 'NONE',  ( -0.3669448336795641530, 0.1796092051829590586, 0.4500000000000015099 ) ) ;
#1640 = ORIENTED_EDGE ( 'NONE', *, *, #2560, .T. ) ;
#1641 = CARTESIAN_POINT ( 'NONE',  ( 0.4666666666666673957, 0.1723923268180888313, 0.05000000000000134198 ) ) ;
#1642 = CARTESIAN_POINT ( 'NONE',  ( -0.3669448336795641530, -0.2379907948170409959, 0.3110613940425457358 ) ) ;
#1643 = ORIENTED_EDGE ( 'NONE', *, *, #2491, .F. ) ;
#1644 = CARTESIAN_POINT ( 'NONE',  ( -0.4500000000000002331, -0.1756076731819112002, 0.04999999999999978073 ) ) ;
#1645 = CARTESIAN_POINT ( 'NONE',  ( 0.4500000000000012323, -0.03639999999999984914, 0.4500000000000017319 ) ) ;
#1646 = ORIENTED_EDGE ( 'NONE', *, *, #3114, .F. ) ;
#1647 = DIRECTION ( 'NONE',  ( -1.000000000000000000, 0.0000000000000000000, -3.490263633665335480E-15 ) ) ;
#1648 = LINE ( 'NONE', #1366, #2452 ) ;
#1649 = CARTESIAN_POINT ( 'NONE',  ( -0.4500000000000010658, 0.3812000000000001498, 0.05009281937524911327 ) ) ;
#1650 = FILL_AREA_STYLE ('',( #3199 ) ) ;
#1651 = VECTOR ( 'NONE', #3541, 39.37007874015748143 ) ;
#1652 = ORIENTED_EDGE ( 'NONE', *, *, #2337, .T. ) ;
#1653 = ADVANCED_FACE ( 'NONE', ( #109 ), #2292, .F. ) ;
#1654 = B_SPLINE_CURVE_WITH_KNOTS ( 'NONE', 3,
 ( #376, #1662, #75, #3517, #3836, #961, #2223, #3460, #656, #1036 ),
 .UNSPECIFIED., .F., .F.,
 ( 4, 3, 3, 4 ),
 ( 0.0000000000000000000, 0.0003175000000004945784, 0.0006350000000009078417, 0.001268890333423983684 ),
 .UNSPECIFIED. ) ;
#1655 = CIRCLE ( 'NONE', #1862, 0.06250000000000000000 ) ;
#1656 = FACE_OUTER_BOUND ( 'NONE', #3342, .T. ) ;
#1657 = CARTESIAN_POINT ( 'NONE',  ( -0.5000000000000002220, 0.1723923268180888313, 0.05000000000000105749 ) ) ;
#1658 = ORIENTED_EDGE ( 'NONE', *, *, #115, .T. ) ;
#1659 = VECTOR ( 'NONE', #730, 39.37007874015748143 ) ;
#1660 = FACE_OUTER_BOUND ( 'NONE', #2075, .T. ) ;
#1661 = ORIENTED_EDGE ( 'NONE', *, *, #1471, .F. ) ;
#1662 = CARTESIAN_POINT ( 'NONE',  ( 0.4957896451097300039, 0.3811929807267914194, 0.05009432746886016696 ) ) ;
#1663 = ORIENTED_EDGE ( 'NONE', *, *, #1248, .T. ) ;
#1664 = VECTOR ( 'NONE', #821, 39.37007874015748143 ) ;
#1665 = CARTESIAN_POINT ( 'NONE',  ( 0.4875000000000004885, -0.05805063509461053789, 0.4500000000000017319 ) ) ;
#1666 = CARTESIAN_POINT ( 'NONE',  ( -0.4500000000000010658, -0.03639999999999984914, 0.4500000000000008438 ) ) ;
#1667 = EDGE_CURVE ( 'NONE', #3137, #3774, #851, .T. ) ;
#1668 = CARTESIAN_POINT ( 'NONE',  ( -0.4500000000000010658, 0.1724000000000001920, 0.1833333333333342363 ) ) ;
#1669 = VERTEX_POINT ( 'NONE', #1412 ) ;
#1670 = CARTESIAN_POINT ( 'NONE',  ( 0.5000585530335193152, -0.5899999999999994138, 0.4300000000000031575 ) ) ;
#1671 = VECTOR ( 'NONE', #3319, 39.37007874015748854 ) ;
#1672 = LINE ( 'NONE', #101, #3495 ) ;
#1673 = MECHANICAL_DESIGN_GEOMETRIC_PRESENTATION_REPRESENTATION (  '', ( #2794 ), #3308 ) ;
#1674 = ORIENTED_EDGE ( 'NONE', *, *, #1980, .F. ) ;
#1675 = LINE ( 'NONE', #1029, #306 ) ;
#1676 = AXIS2_PLACEMENT_3D ( 'NONE', #2273, #1311, #1620 ) ;
#1677 = ORIENTED_EDGE ( 'NONE', *, *, #580, .T. ) ;
#1678 = CARTESIAN_POINT ( 'NONE',  ( -0.4875000000000003220, 0.3595493649053894125, 0.3164065038176563927 ) ) ;
#1679 = VECTOR ( 'NONE', #192, 39.37007874015748854 ) ;
#1680 = EDGE_CURVE ( 'NONE', #983, #3990, #2571, .T. ) ;
#1681 = CARTESIAN_POINT ( 'NONE',  ( 0.4550000000000010147, -0.5899999999999997469, 0.4300000000000002154 ) ) ;
#1682 = CARTESIAN_POINT ( 'NONE',  ( -0.4645833333333341808, 0.5863915608175650496, 0.1832899728584996002 ) ) ;
#1683 = B_SPLINE_CURVE_WITH_KNOTS ( 'NONE', 3,
 ( #264, #1219, #902, #2547 ),
 .UNSPECIFIED., .F., .F.,
 ( 4, 4 ),
 ( 0.0000000000000000000, 1.000000000000000000 ),
 .UNSPECIFIED. ) ;
#1684 = ORIENTED_EDGE ( 'NONE', *, *, #4007, .T. ) ;
#1685 = CARTESIAN_POINT ( 'NONE',  ( -0.4500000000000002331, 0.1027923268180888361, 0.04999999999999980849 ) ) ;
#1686 = CARTESIAN_POINT ( 'NONE',  ( -0.3419448336795645194, -0.2235570380873005136, 0.4500000000000008438 ) ) ;
#1687 =( BOUNDED_CURVE ( )  B_SPLINE_CURVE ( 3, ( #1451, #1786, #2026, #2366 ),
 .UNSPECIFIED., .F., .T. ) 
 B_SPLINE_CURVE_WITH_KNOTS ( ( 4, 4 ),
 ( 0.5235987755984423675, 1.570796326794863251 ),
 .UNSPECIFIED. ) 
 CURVE ( )  GEOMETRIC_REPRESENTATION_ITEM ( )  RATIONAL_B_SPLINE_CURVE ( ( 1.000000000000000000, 0.9106836025229885223, 0.9106836025229885223, 1.000000000000000000 ) ) 
 REPRESENTATION_ITEM ( '' )  );
#1688 = ORIENTED_EDGE ( 'NONE', *, *, #1522, .F. ) ;
#1689 = EDGE_CURVE ( 'NONE', #1795, #1888, #522, .T. ) ;
#1690 = CARTESIAN_POINT ( 'NONE',  ( 0.4603459920551478124, 0.008556624327026024837, 0.3099999999999997757 ) ) ;
#1691 = SURFACE_SIDE_STYLE ('',( #3536 ) ) ;
#1692 = ORIENTED_EDGE ( 'NONE', *, *, #981, .T. ) ;
#1693 = CARTESIAN_POINT ( 'NONE',  ( 0.4375000000000003886, -0.6203108891324548013, 0.3007180026482838553 ) ) ;
#1694 = B_SPLINE_CURVE_WITH_KNOTS ( 'NONE', 3,
 ( #1286, #663, #63, #3844 ),
 .UNSPECIFIED., .F., .F.,
 ( 4, 4 ),
 ( 0.2841559316716608108, 1.000000000000000000 ),
 .UNSPECIFIED. ) ;
#1695 = EDGE_CURVE ( 'NONE', #1200, #1795, #3919, .T. ) ;
#1696 = ORIENTED_EDGE ( 'NONE', *, *, #2394, .T. ) ;
#1697 = CARTESIAN_POINT ( 'NONE',  ( -0.4578459920551465334, -0.6320576531224245675, 0.1409393892357523048 ) ) ;
#1698 = CARTESIAN_POINT ( 'NONE',  ( 0.1579774941164088786, -0.2765117976079783935, 4.780733988912460139E-16 ) ) ;
#1699 = ORIENTED_EDGE ( 'NONE', *, *, #273, .T. ) ;
#1700 = ORIENTED_EDGE ( 'NONE', *, *, #1317, .F. ) ;
#1701 = UNCERTAINTY_MEASURE_WITH_UNIT (LENGTH_MEASURE( 1.000000000000000082E-05 ), #2019, 'distance_accuracy_value', 'NONE');
#1702 = CARTESIAN_POINT ( 'NONE',  ( -0.4500130558527211666, 0.3811974423666900647, 0.1613091211426250504 ) ) ;
#1703 = B_SPLINE_CURVE_WITH_KNOTS ( 'NONE', 3,
 ( #3708, #3386, #1295, #1240 ),
 .UNSPECIFIED., .F., .F.,
 ( 4, 4 ),
 ( 0.0000000000000000000, 1.000000000000000000 ),
 .UNSPECIFIED. ) ;
#1704 = ORIENTED_EDGE ( 'NONE', *, *, #296, .F. ) ;
#1705 = CARTESIAN_POINT ( 'NONE',  ( -0.4154632224530427353, 0.2347780061805223306, 0.4500000000000015099 ) ) ;
#1706 = ORIENTED_EDGE ( 'NONE', *, *, #3482, .T. ) ;
#1707 = LINE ( 'NONE', #3337, #1402 ) ;
#1708 = CARTESIAN_POINT ( 'NONE',  ( -0.5000000000000002220, -0.03640767318191117513, 0.05000000000000076605 ) ) ;
#1709 = DIRECTION ( 'NONE',  ( -1.365923996832131215E-15, 0.0000000000000000000, -1.000000000000000000 ) ) ;
#1710 = CARTESIAN_POINT ( 'NONE',  ( 0.5000585530335196482, -0.5899999999999994138, 0.2832180026482865043 ) ) ;
#1711 = EDGE_LOOP ( 'NONE', ( #1976, #742, #1969, #793 ) ) ;
#1712 = FACE_OUTER_BOUND ( 'NONE', #2700, .T. ) ;
#1713 = LINE ( 'NONE', #1020, #3298 ) ;
#1714 = CARTESIAN_POINT ( 'NONE',  ( -0.4583333332349105449, 0.1723987413827060833, 0.05009305719699980175 ) ) ;
#1715 = EDGE_CURVE ( 'NONE', #3041, #2097, #503, .T. ) ;
#1716 = ORIENTED_EDGE ( 'NONE', *, *, #3976, .F. ) ;
#1717 = CARTESIAN_POINT ( 'NONE',  ( -0.4666666666666672292, -0.03640767318191117513, 0.05000000000000076605 ) ) ;
#1718 = CARTESIAN_POINT ( 'NONE',  ( 0.4499991568947121490, 0.3811961634090444973, 0.1613413113376178099 ) ) ;
#1719 = LINE ( 'NONE', #2872, #1212 ) ;
#1720 = CARTESIAN_POINT ( 'NONE',  ( 0.3669448336795642640, 0.3884092051829590719, 0.4500000000000017319 ) ) ;
#1721 =( CONVERSION_BASED_UNIT ( 'INCH', #2027 ) LENGTH_UNIT ( ) NAMED_UNIT ( #789 ) );
#1722 = ORIENTED_EDGE ( 'NONE', *, *, #2517, .T. ) ;
#1723 = ORIENTED_EDGE ( 'NONE', *, *, #408, .T. ) ;
#1724 = CARTESIAN_POINT ( 'NONE',  ( -0.4903459920551468953, 0.008556624327025887794, -1.434220196673738239E-15 ) ) ;
#1725 = ORIENTED_EDGE ( 'NONE', *, *, #1807, .T. ) ;
#1726 = ORIENTED_EDGE ( 'NONE', *, *, #37, .F. ) ;
#1727 = FACE_OUTER_BOUND ( 'NONE', #924, .T. ) ;
#1728 = FILL_AREA_STYLE ('',( #2057 ) ) ;
#1729 = ORIENTED_EDGE ( 'NONE', *, *, #3596, .F. ) ;
#1730 = CARTESIAN_POINT ( 'NONE',  ( 0.4500000000000012323, 0.1724000000000001920, 0.3166666666666683172 ) ) ;
#1731 = CARTESIAN_POINT ( 'NONE',  ( 0.4594309285456867342, -0.6329727166318857012, 0.3919716878364865043 ) ) ;
#1732 = VERTEX_POINT ( 'NONE', #1794 ) ;
#1733 = LENGTH_MEASURE_WITH_UNIT ( LENGTH_MEASURE( 0.02539999999999999897 ), #481 );
#1734 = CARTESIAN_POINT ( 'NONE',  ( 0.4200000000000014833, -0.5899999999999998579, 0.4300000000000003264 ) ) ;
#1735 = VECTOR ( 'NONE', #600, 39.37007874015748143 ) ;
#1736 = CARTESIAN_POINT ( 'NONE',  ( -0.4500391720737288437, 0.1723923268180888313, 0.1612445739083115948 ) ) ;
#1737 = ORIENTED_EDGE ( 'NONE', *, *, #757, .T. ) ;
#1738 = CARTESIAN_POINT ( 'NONE',  ( -0.3669448336795641530, -0.02919079481704094786, 0.4500000000000011213 ) ) ;
#1739 = CARTESIAN_POINT ( 'NONE',  ( 0.4525000000000002909, -0.5943301270189217389, 0.2857180026482836754 ) ) ;
#1740 = EDGE_CURVE ( 'NONE', #3204, #1567, #2637, .T. ) ;
#1741 = CARTESIAN_POINT ( 'NONE',  ( 0.4937500000000004108, 0.3703746824526948367, 0.1832032519088290234 ) ) ;
#1742 = CARTESIAN_POINT ( 'NONE',  ( -0.4500000000000010658, -0.03639999999999984914, 0.1612468894782104478 ) ) ;
#1743 = ORIENTED_EDGE ( 'NONE', *, *, #872, .T. ) ;
#1744 = VERTEX_POINT ( 'NONE', #3054 ) ;
#1745 = ADVANCED_FACE ( 'NONE', ( #2374 ), #236, .F. ) ;
#1746 = SURFACE_STYLE_FILL_AREA ( #1478 ) ;
#1747 = VECTOR ( 'NONE', #915, 39.37007874015748143 ) ;
#1748 = CARTESIAN_POINT ( 'NONE',  ( 0.3999999999999999667, 0.5900000000000000799, -0.05000000000000004441 ) ) ;
#1749 = DIMENSIONAL_EXPONENTS ( 1.000000000000000000, 0.0000000000000000000, 0.0000000000000000000, 0.0000000000000000000, 0.0000000000000000000, 0.0000000000000000000, 0.0000000000000000000 ) ;
#1750 = CARTESIAN_POINT ( 'NONE',  ( -0.4577316112265215065, 0.2383864453629574998, 0.1813152923429000307 ) ) ;
#1751 = VERTEX_POINT ( 'NONE', #3016 ) ;
#1752 = EDGE_CURVE ( 'NONE', #314, #3259, #214, .T. ) ;
#1753 = VECTOR ( 'NONE', #2768, 39.37007874015748854 ) ;
#1754 = CARTESIAN_POINT ( 'NONE',  ( -0.4514816112265215287, -0.1204363144570440580, 0.4500000000000008438 ) ) ;
#1755 = DIRECTION ( 'NONE',  ( 0.8320502943378407235, -0.4803844614152650849, 0.2773500981126172937 ) ) ;
#1756 = ORIENTED_EDGE ( 'NONE', *, *, #4017, .F. ) ;
#1757 = PLANE ( 'NONE',  #3957 ) ;
#1758 = VECTOR ( 'NONE', #456, 39.37007874015748143 ) ;
#1759 = DIRECTION ( 'NONE',  ( 0.8660254037844374864, -0.5000000000000019984, 0.0000000000000000000 ) ) ;
#1760 = EDGE_LOOP ( 'NONE', ( #526, #1453, #2255, #2200, #3930, #1997 ) ) ;
#1761 = LINE ( 'NONE', #2087, #3863 ) ;
#1762 = CARTESIAN_POINT ( 'NONE',  ( 0.5000000000000004441, -0.1756051154546074133, 0.05000000000000134198 ) ) ;
#1763 = LINE ( 'NONE', #2643, #2332 ) ;
#1764 = CARTESIAN_POINT ( 'NONE',  ( -0.4657597746517962989, -0.03640767318191116819, 0.1240591502107950134 ) ) ;
#1765 = CARTESIAN_POINT ( 'NONE',  ( -0.4500000000000005107, -0.5899999999999998579, 0.1409393892357523603 ) ) ;
#1766 = DIRECTION ( 'NONE',  ( -4.440892098500626162E-16, 1.000000000000000000, -6.288372600415925717E-18 ) ) ;
#1767 = FACE_OUTER_BOUND ( 'NONE', #1438, .T. ) ;
#1768 = ORIENTED_EDGE ( 'NONE', *, *, #2397, .F. ) ;
#1769 = ORIENTED_EDGE ( 'NONE', *, *, #271, .F. ) ;
#1770 = CARTESIAN_POINT ( 'NONE',  ( -0.3419448336795645194, 0.4028429619126995265, 0.4500000000000017319 ) ) ;
#1771 = ORIENTED_EDGE ( 'NONE', *, *, #1499, .T. ) ;
#1772 = DIRECTION ( 'NONE',  ( -0.8660254037844361541, -0.5000000000000045519, 6.938893903907226837E-18 ) ) ;
#1773 = CARTESIAN_POINT ( 'NONE',  ( -0.4875000000000003220, 0.1507493649053895102, 0.4500000000000011213 ) ) ;
#1774 = CARTESIAN_POINT ( 'NONE',  ( -0.4577316112265215065, -0.1792135546370425547, 0.1813152923428994479 ) ) ;
#1775 = DIRECTION ( 'NONE',  ( 1.000000000000000000, 0.0000000000000000000, 0.0000000000000000000 ) ) ;
#1776 = EDGE_CURVE ( 'NONE', #2086, #2634, #2706, .T. ) ;
#1777 = PLANE ( 'NONE',  #3243 ) ;
#1778 = ORIENTED_EDGE ( 'NONE', *, *, #1312, .T. ) ;
#1779 = LINE ( 'NONE', #3664, #1534 ) ;
#1780 = CARTESIAN_POINT ( 'NONE',  ( 0.4525000000000004574, -0.5943301270189219609, 0.1409393892357523048 ) ) ;
#1781 = CARTESIAN_POINT ( 'NONE',  ( -0.4500391720737288437, 0.3811923268180888447, 0.1612445739083119833 ) ) ;
#1782 = ORIENTED_EDGE ( 'NONE', *, *, #585, .T. ) ;
#1783 = CARTESIAN_POINT ( 'NONE',  ( -0.3544448336795643084, -0.02197391645217071712, 0.4500000000000011213 ) ) ;
#1784 = CARTESIAN_POINT ( 'NONE',  ( 0.5000585530335198703, -0.7599999999999996758, 0.3100000000000024958 ) ) ;
#1785 = CARTESIAN_POINT ( 'NONE',  ( 0.4500000000000007327, -0.5899999999999999689, 0.1409393892357524436 ) ) ;
#1786 = CARTESIAN_POINT ( 'NONE',  ( -0.4509150635094616444, -0.5934150635094606052, 0.2851896904847706637 ) ) ;
#1787 = CARTESIAN_POINT ( 'NONE',  ( 0.4500000000000001221, 1.365923996832131609E-16, -1.707404996040164561E-15 ) ) ;
#1788 = LINE ( 'NONE', #1813, #3102 ) ;
#1789 = ORIENTED_EDGE ( 'NONE', *, *, #1517, .T. ) ;
#1790 = FACE_OUTER_BOUND ( 'NONE', #3190, .T. ) ;
#1791 = CARTESIAN_POINT ( 'NONE',  ( 0.3794448336795640531, -0.03640767318191117513, 0.4500000000000017319 ) ) ;
#1792 = EDGE_CURVE ( 'NONE', #3534, #3883, #792, .T. ) ;
#1793 = B_SPLINE_SURFACE_WITH_KNOTS ( 'NONE', 3, 3, ( 
 ( #2835, #1741, #488, #3587 ),
 ( #3263, #1066, #1308, #3184 ),
 ( #3162, #3785, #345, #1947 ),
 ( #2324, #3282, #3565, #2979 ) ),
 .UNSPECIFIED., .F., .F., .F.,
 ( 4, 4 ),
 ( 4, 4 ),
 ( 0.0000000000000000000, 1.000000000000000000 ),
 ( 0.0000000000000000000, 1.000000000000000000 ),
 .UNSPECIFIED. ) ;
#1794 = CARTESIAN_POINT ( 'NONE',  ( -0.4999563117219787411, 0.1723923268180888313, 0.05009449115191719898 ) ) ;
#1795 = VERTEX_POINT ( 'NONE', #2994 ) ;
#1796 = PLANE ( 'NONE',  #2729 ) ;
#1797 = CARTESIAN_POINT ( 'NONE',  ( -0.4603459920551470907, -0.6345576531224245143, 0.3089433756729739189 ) ) ;
#1798 = ORIENTED_EDGE ( 'NONE', *, *, #3334, .F. ) ;
#1799 = CARTESIAN_POINT ( 'NONE',  ( -0.4500130573514900534, 0.3811974422199467250, 0.1612461176877766911 ) ) ;
#1800 = EDGE_CURVE ( 'NONE', #2004, #3030, #1150, .T. ) ;
#1801 = CARTESIAN_POINT ( 'NONE',  ( 0.4499999995392977015, 0.3811948864871688714, 0.05003093963116323623 ) ) ;
#1802 = VECTOR ( 'NONE', #1530, 39.37007874015748143 ) ;
#1803 = VERTEX_POINT ( 'NONE', #951 ) ;
#1804 = CARTESIAN_POINT ( 'NONE',  ( 0.4500000000000001221, 0.1723923268180888591, 0.04999999999999980849 ) ) ;
#1805 = B_SPLINE_CURVE_WITH_KNOTS ( 'NONE', 3,
 ( #3647, #2107, #1489, #243 ),
 .UNSPECIFIED., .F., .F.,
 ( 4, 4 ),
 ( 0.0000000000000000000, 2.365654351742705770E-06 ),
 .UNSPECIFIED. ) ;
#1806 = CARTESIAN_POINT ( 'NONE',  ( -0.3779632224530433127, 0.04762864127513302681, 0.4500000000000011213 ) ) ;
#1807 = EDGE_CURVE ( 'NONE', #1252, #983, #2777, .T. ) ;
#1808 = CARTESIAN_POINT ( 'NONE',  ( 0.4200000000000004841, -0.2896605556175895213, 0.1409393892357524714 ) ) ;
#1809 = ORIENTED_EDGE ( 'NONE', *, *, #3151, .F. ) ;
#1810 = DIRECTION ( 'NONE',  ( -0.8320502943378401683, 0.4803844614152656955, 0.2773500981126171827 ) ) ;
#1811 = VECTOR ( 'NONE', #1488, 39.37007874015748143 ) ;
#1812 = VECTOR ( 'NONE', #2696, 39.37007874015748143 ) ;
#1813 = CARTESIAN_POINT ( 'NONE',  ( -0.4500000000000002331, -0.5899999999999999689, 0.04999999999999973910 ) ) ;
#1814 = CARTESIAN_POINT ( 'NONE',  ( -0.4000000000000002442, 0.5900000000000000799, 0.0000000000000000000 ) ) ;
#1815 = CARTESIAN_POINT ( 'NONE',  ( 0.4397224168397821931, -0.03640767318191117513, 0.1803713125599359923 ) ) ;
#1816 = VECTOR ( 'NONE', #469, 39.37007874015748143 ) ;
#1817 = ORIENTED_EDGE ( 'NONE', *, *, #3706, .F. ) ;
#1818 =( LENGTH_UNIT ( ) NAMED_UNIT ( * ) SI_UNIT ( $, .METRE. ) );
#1819 = VECTOR ( 'NONE', #1975, 39.37007874015748143 ) ;
#1820 = ORIENTED_EDGE ( 'NONE', *, *, #2767, .F. ) ;
#1821 = CARTESIAN_POINT ( 'NONE',  ( 0.4200000000000007616, -0.5899999999999997469, 0.4300000000000005485 ) ) ;
#1822 = CARTESIAN_POINT ( 'NONE',  ( 0.4833333333333339477, 0.3812000000000001498, 0.05000000000000134198 ) ) ;
#1823 =( GEOMETRIC_REPRESENTATION_CONTEXT ( 3 ) GLOBAL_UNCERTAINTY_ASSIGNED_CONTEXT ( ( #4016 ) ) GLOBAL_UNIT_ASSIGNED_CONTEXT ( ( #3107, #629, #369 ) ) REPRESENTATION_CONTEXT ( 'NONE', 'WORKASPACE' ) );
#1824 = ORIENTED_EDGE ( 'NONE', *, *, #1776, .F. ) ;
#1825 = CARTESIAN_POINT ( 'NONE',  ( 0.5000000000000004441, -0.2452076731819112232, 0.05000000000000134198 ) ) ;
#1826 = EDGE_CURVE ( 'NONE', #3774, #3055, #291, .T. ) ;
#1827 = VECTOR ( 'NONE', #2256, 39.37007874015748143 ) ;
#1828 = CARTESIAN_POINT ( 'NONE',  ( 0.3999999999999999667, 0.5900000000000000799, -0.05000000000000004441 ) ) ;
#1829 = CARTESIAN_POINT ( 'NONE',  ( 0.0000000000000000000, 0.0000000000000000000, 0.4500000000000017319 ) ) ;
#1830 = EDGE_LOOP ( 'NONE', ( #3444, #998, #215, #1223, #1299, #2967, #373 ) ) ;
#1831 = CARTESIAN_POINT ( 'NONE',  ( -0.4103330401858532039, -0.03640767318191117513, 0.2551803776172837379 ) ) ;
#1832 = LINE ( 'NONE', #3414, #806 ) ;
#1833 = ORIENTED_EDGE ( 'NONE', *, *, #88, .F. ) ;
#1834 = CARTESIAN_POINT ( 'NONE',  ( 0.4999563117218767117, -0.03640767318191284740, 0.05009449115213789744 ) ) ;
#1835 = LENGTH_MEASURE_WITH_UNIT ( LENGTH_MEASURE( 0.02539999999999999897 ), #1526 );
#1836 = LINE ( 'NONE', #8, #1547 ) ;
#1837 = PRESENTATION_STYLE_ASSIGNMENT (( #3365 ) ) ;
#1838 = ORIENTED_EDGE ( 'NONE', *, *, #3580, .F. ) ;
#1839 = DIRECTION ( 'NONE',  ( -1.000000000000000000, 5.551115123125781470E-17, 0.0000000000000000000 ) ) ;
#1840 = ORIENTED_EDGE ( 'NONE', *, *, #3482, .F. ) ;
#1841 = CARTESIAN_POINT ( 'NONE',  ( 0.4625000000000008549, 0.5827831216351300192, 0.4500000000000017319 ) ) ;
#1842 = CARTESIAN_POINT ( 'NONE',  ( 0.4500000000000015099, -0.2452306927276451942, 0.4500000000000001776 ) ) ;
#1843 = EDGE_CURVE ( 'NONE', #1073, #1879, #3950, .T. ) ;
#1844 = DIRECTION ( 'NONE',  ( 0.5000000000000066613, -0.8660254037844348218, 0.0000000000000000000 ) ) ;
#1845 = B_SPLINE_CURVE_WITH_KNOTS ( 'NONE', 3,
 ( #2001, #3588, #3264, #2697 ),
 .UNSPECIFIED., .F., .F.,
 ( 4, 4 ),
 ( 0.0000000000000000000, 1.000000000000000000 ),
 .UNSPECIFIED. ) ;
#1846 = CARTESIAN_POINT ( 'NONE',  ( -0.3794448336795639420, 0.3811923268180888447, 0.3107426251198706080 ) ) ;
#1847 = ADVANCED_FACE ( 'NONE', ( #274 ), #3701, .T. ) ;
#1848 = DIRECTION ( 'NONE',  ( 0.0000000000000000000, -1.000000000000000000, -8.537024980200832418E-17 ) ) ;
#1849 = ORIENTED_EDGE ( 'NONE', *, *, #64, .F. ) ;
#1850 = CARTESIAN_POINT ( 'NONE',  ( -0.4903459920551474505, -0.7600000000000001199, 0.3099999999999997202 ) ) ;
#1851 = CARTESIAN_POINT ( 'NONE',  ( -0.4594309285456862346, -0.6329727166318858123, 0.3080283121635129517 ) ) ;
#1852 = DIRECTION ( 'NONE',  ( 1.000000000000000000, 1.387778780781445213E-17, -2.834538159746101609E-15 ) ) ;
#1853 = SURFACE_SIDE_STYLE ('',( #3422 ) ) ;
#1854 = B_SPLINE_SURFACE_WITH_KNOTS ( 'NONE', 3, 3, ( 
 ( #212, #2080, #3592, #1436 ),
 ( #2661, #3290, #1080, #2682 ),
 ( #2425, #538, #2032, #791 ),
 ( #1480, #3895, #1100, #1791 ) ),
 .UNSPECIFIED., .F., .F., .F.,
 ( 4, 4 ),
 ( 4, 4 ),
 ( 0.0000000000000000000, 1.000000000000000000 ),
 ( 0.0000000000000000000, 1.000000000000000000 ),
 .UNSPECIFIED. ) ;
#1855 = VERTEX_POINT ( 'NONE', #21 ) ;
#1856 = CARTESIAN_POINT ( 'NONE',  ( 0.4200000000000015388, -0.2896605556175895213, 0.4300000000000003264 ) ) ;
#1857 = ORIENTED_EDGE ( 'NONE', *, *, #638, .F. ) ;
#1858 = CARTESIAN_POINT ( 'NONE',  ( 0.4200000000000007061, -0.5899999999999999689, 0.1409393892357524991 ) ) ;
#1859 = CARTESIAN_POINT ( 'NONE',  ( -0.4839405474889211800, -0.6124823355751207732, 0.4038018148554075037 ) ) ;
#1860 = B_SPLINE_CURVE_WITH_KNOTS ( 'NONE', 3,
 ( #2267, #3506, #403, #1344 ),
 .UNSPECIFIED., .F., .F.,
 ( 4, 4 ),
 ( 3.674760507726619705E-05, 0.9999632523949217866 ),
 .UNSPECIFIED. ) ;
#1861 = CARTESIAN_POINT ( 'NONE',  ( -0.4645833333333341808, 0.3775915608175650084, 0.1832899728584992949 ) ) ;
#1862 = AXIS2_PLACEMENT_3D ( 'NONE', #441, #398, #1019 ) ;
#1863 = ADVANCED_FACE ( 'NONE', ( #4018 ), #1235, .F. ) ;
#1864 = CARTESIAN_POINT ( 'NONE',  ( 0.3419448336795646859, 0.1940429619126995131, 0.4500000000000017319 ) ) ;
#1865 = AXIS2_PLACEMENT_3D ( 'NONE', #957, #2449, #1852 ) ;
#1866 = EDGE_CURVE ( 'NONE', #1197, #3279, #1105, .T. ) ;
#1867 = AXIS2_PLACEMENT_3D ( 'NONE', #2094, #1513, #3991 ) ;
#1868 = CARTESIAN_POINT ( 'NONE',  ( -0.3794448336795639420, 0.3811923268180888447, 0.4500000000000017319 ) ) ;
#1869 = LINE ( 'NONE', #3677, #1936 ) ;
#1870 = ORIENTED_EDGE ( 'NONE', *, *, #2606, .T. ) ;
#1871 = FILL_AREA_STYLE_COLOUR ( '', #752 ) ;
#1872 = CARTESIAN_POINT ( 'NONE',  ( -0.4603459920551475348, -0.6363877801413464486, 0.3099999999999997757 ) ) ;
#1873 = EDGE_CURVE ( 'NONE', #2721, #823, #2518, .T. ) ;
#1874 = ORIENTED_EDGE ( 'NONE', *, *, #3524, .T. ) ;
#1875 =( GEOMETRIC_REPRESENTATION_CONTEXT ( 3 ) GLOBAL_UNCERTAINTY_ASSIGNED_CONTEXT ( ( #143 ) ) GLOBAL_UNIT_ASSIGNED_CONTEXT ( ( #83, #1048, #3545 ) ) REPRESENTATION_CONTEXT ( 'NONE', 'WORKASPACE' ) );
#1876 = DIRECTION ( 'NONE',  ( -1.000000000000000000, 0.0000000000000000000, 0.0000000000000000000 ) ) ;
#1877 = CARTESIAN_POINT ( 'NONE',  ( 0.4500000000000003997, -0.5899999999999998579, 0.4167819973517151166 ) ) ;
#1878 = DIRECTION ( 'NONE',  ( 0.0000000000000000000, 0.0000000000000000000, 1.000000000000000000 ) ) ;
#1879 = VERTEX_POINT ( 'NONE', #1187 ) ;
#1880 = CARTESIAN_POINT ( 'NONE',  ( 0.4500000000000012323, 0.3812000000000001498, 0.2500000000000015543 ) ) ;
#1881 = LINE ( 'NONE', #1260, #1145 ) ;
#1882 = AXIS2_PLACEMENT_3D ( 'NONE', #24, #390, #1269 ) ;
#1883 = CARTESIAN_POINT ( 'NONE',  ( -0.4200000000000006506, -0.5899999999999997469, 0.2832180026482839508 ) ) ;
#1884 = DIRECTION ( 'NONE',  ( -3.493733080617288305E-15, -4.814824860966994868E-35, -1.000000000000000000 ) ) ;
#1885 = CARTESIAN_POINT ( 'NONE',  ( -0.3794448336795639420, -0.2452076731819112232, 0.3107426251198697198 ) ) ;
#1886 = DIRECTION ( 'NONE',  ( 0.5000000000000046629, 0.8660254037844360431, -1.698294282981293554E-15 ) ) ;
#1887 = EDGE_CURVE ( 'NONE', #2546, #3787, #3200, .T. ) ;
#1888 = VERTEX_POINT ( 'NONE', #2179 ) ;
#1889 = EDGE_CURVE ( 'NONE', #1045, #3144, #1869, .T. ) ;
#1890 = PRESENTATION_STYLE_ASSIGNMENT (( #1253 ) ) ;
#1891 = FACE_OUTER_BOUND ( 'NONE', #717, .T. ) ;
#1892 = ORIENTED_EDGE ( 'NONE', *, *, #3393, .T. ) ;
#1893 = EDGE_CURVE ( 'NONE', #2305, #175, #610, .T. ) ;
#1894 = CARTESIAN_POINT ( 'NONE',  ( -0.4500391720737282886, -0.03640767318191114044, 0.1612445739083123442 ) ) ;
#1895 = LINE ( 'NONE', #2601, #3887 ) ;
#1896 = ORIENTED_EDGE ( 'NONE', *, *, #4021, .F. ) ;
#1897 = CARTESIAN_POINT ( 'NONE',  ( -0.4500000000000010658, 0.3811923268180889557, 0.05000000000000105749 ) ) ;
#1898 = CARTESIAN_POINT ( 'NONE',  ( 0.4139816112265222725, -0.09878567936243343173, 0.3150107550737451523 ) ) ;
#1899 = CARTESIAN_POINT ( 'NONE',  ( -0.4500000000000010658, 0.1724000000000001920, 0.2500000000000009992 ) ) ;
#1900 = DIRECTION ( 'NONE',  ( -3.585550491684342639E-15, -0.0000000000000000000, 1.000000000000000000 ) ) ;
#1901 = CARTESIAN_POINT ( 'NONE',  ( -0.5000000000000002220, 0.3811961634090445528, 0.05000000000000105749 ) ) ;
#1902 = PRODUCT_DEFINITION_CONTEXT ( 'detailed design', #59, 'design' ) ;
#1903 = CARTESIAN_POINT ( 'NONE',  ( -0.4499994402554025608, 0.3811974507181731808, 0.1612782550331291476 ) ) ;
#1904 = VERTEX_POINT ( 'NONE', #3526 ) ;
#1905 = CARTESIAN_POINT ( 'NONE',  ( 0.4375000000000003886, -0.6203108891324548013, 0.3007180026482838553 ) ) ;
#1906 = EDGE_CURVE ( 'NONE', #2607, #2139, #91, .T. ) ;
#1907 = DIRECTION ( 'NONE',  ( -2.626371342628885941E-15, -0.5000000000000042188, -0.8660254037844362651 ) ) ;
#1908 = CARTESIAN_POINT ( 'NONE',  ( -0.5000000000000002220, 0.1724000000000001920, 0.05000000000000076605 ) ) ;
#1909 = ORIENTED_EDGE ( 'NONE', *, *, #1317, .T. ) ;
#1910 = CARTESIAN_POINT ( 'NONE',  ( -0.5000000000000002220, -0.03640383659095551561, 0.05000000000000047462 ) ) ;
#1911 = ORIENTED_EDGE ( 'NONE', *, *, #1218, .F. ) ;
#1912 = CARTESIAN_POINT ( 'NONE',  ( 0.4999708733208310663, 0.3811948825354834480, 0.05006299407727171635 ) ) ;
#1913 = ORIENTED_EDGE ( 'NONE', *, *, #646, .F. ) ;
#1914 = ADVANCED_FACE ( 'NONE', ( #1595 ), #2248, .F. ) ;
#1915 = CARTESIAN_POINT ( 'NONE',  ( -0.4603459920551476459, -0.6345576531224242922, 0.3910566243270254261 ) ) ;
#1916 = LINE ( 'NONE', #2508, #3485 ) ;
#1917 = CARTESIAN_POINT ( 'NONE',  ( -0.4500000000000010658, 0.5900000000000001910, 0.4500000000000017319 ) ) ;
#1918 = EDGE_LOOP ( 'NONE', ( #1459, #1587, #3323, #1396, #1768, #292, #2581, #245 ) ) ;
#1919 = DIRECTION ( 'NONE',  ( 4.302114220422480115E-16, -1.000000000000000000, 4.510281037539697459E-16 ) ) ;
#1920 = ADVANCED_FACE ( 'NONE', ( #2541 ), #346, .F. ) ;
#1921 = DIRECTION ( 'NONE',  ( 3.490694658571001621E-15, 0.0000000000000000000, -1.000000000000000000 ) ) ;
#1922 = SURFACE_STYLE_FILL_AREA ( #1650 ) ;
#1923 = ORIENTED_EDGE ( 'NONE', *, *, #1183, .F. ) ;
#1924 = FACE_OUTER_BOUND ( 'NONE', #2666, .T. ) ;
#1925 = AXIS2_PLACEMENT_3D ( 'NONE', #2274, #1985, #1032 ) ;
#1926 = FILL_AREA_STYLE ('',( #2615 ) ) ;
#1927 = CARTESIAN_POINT ( 'NONE',  ( -0.3794448336795639420, 0.1723923268180888313, 0.3107426251198703304 ) ) ;
#1928 = VECTOR ( 'NONE', #645, 39.37007874015748143 ) ;
#1929 = ORIENTED_EDGE ( 'NONE', *, *, #2544, .F. ) ;
#1930 = CARTESIAN_POINT ( 'NONE',  ( 0.4499999995396291030, -0.03640255578519353136, 0.05006187942301466853 ) ) ;
#1931 = VERTEX_POINT ( 'NONE', #67 ) ;
#1932 = CARTESIAN_POINT ( 'NONE',  ( 0.4999563117218766006, 0.3811923268180871793, 0.05009449115213816806 ) ) ;
#1933 = AXIS2_PLACEMENT_3D ( 'NONE', #2616, #1393, #393 ) ;
#1934 = VERTEX_POINT ( 'NONE', #2555 ) ;
#1935 = DIRECTION ( 'NONE',  ( 4.440892098500624683E-16, 1.000000000000000000, -1.886511780124776791E-17 ) ) ;
#1936 = VECTOR ( 'NONE', #3417, 39.37007874015748143 ) ;
#1937 = EDGE_CURVE ( 'NONE', #3990, #1567, #1327, .T. ) ;
#1938 = CARTESIAN_POINT ( 'NONE',  ( 0.5000000000000031086, -0.2452306927276451665, 0.05000000000000308364 ) ) ;
#1939 = EDGE_CURVE ( 'NONE', #3564, #1062, #2005, .T. ) ;
#1940 = ORIENTED_EDGE ( 'NONE', *, *, #2018, .T. ) ;
#1941 = CARTESIAN_POINT ( 'NONE',  ( 0.1815679951801346670, -0.2628918154685179753, 0.09436200425490273713 ) ) ;
#1942 = LINE ( 'NONE', #2023, #1651 ) ;
#1943 = CARTESIAN_POINT ( 'NONE',  ( -0.5000000000000001110, 0.5900000000000000799, -0.05000000000000000971 ) ) ;
#1944 = EDGE_CURVE ( 'NONE', #3204, #1086, #945, .T. ) ;
#1945 = VECTOR ( 'NONE', #1949, 39.37007874015748143 ) ;
#1946 = VECTOR ( 'NONE', #1106, 39.37007874015748143 ) ;
#1947 = CARTESIAN_POINT ( 'NONE',  ( 0.4154632224530428464, 0.2347780061805223306, 0.4500000000000017319 ) ) ;
#1948 = VERTEX_POINT ( 'NONE', #44 ) ;
#1949 = DIRECTION ( 'NONE',  ( -0.0000000000000000000, 1.000000000000000000, 8.537024980200832418E-17 ) ) ;
#1950 = CARTESIAN_POINT ( 'NONE',  ( -0.5000000000000002220, 0.03319488454539263472, 0.05000000000000076605 ) ) ;
#1951 = ORIENTED_EDGE ( 'NONE', *, *, #910, .T. ) ;
#1952 = CARTESIAN_POINT ( 'NONE',  ( 0.4500000000000012323, -0.03639999999999984914, 0.1833333333333347914 ) ) ;
#1953 = VERTEX_POINT ( 'NONE', #2891 ) ;
#1954 = CARTESIAN_POINT ( 'NONE',  ( 0.3419448336795646859, 0.4028429619126995265, 0.3116989318878985449 ) ) ;
#1955 = CARTESIAN_POINT ( 'NONE',  ( -0.5000000000000000000, -0.5899999999999998579, -0.05000000000000000971 ) ) ;
#1956 = CARTESIAN_POINT ( 'NONE',  ( -0.4500000000000016209, -0.2452306927276452220, 0.4500000000000001221 ) ) ;
#1957 = B_SPLINE_CURVE_WITH_KNOTS ( 'NONE', 3,
 ( #3585, #1449, #2694, #825 ),
 .UNSPECIFIED., .F., .F.,
 ( 4, 4 ),
 ( 0.0000000000000000000, 1.000000000000000000 ),
 .UNSPECIFIED. ) ;
#1958 = LINE ( 'NONE', #97, #1819 ) ;
#1959 = ORIENTED_EDGE ( 'NONE', *, *, #757, .F. ) ;
#1960 = CARTESIAN_POINT ( 'NONE',  ( 0.4728459920551505435, -0.6060768910088927264, 0.4074999999999985856 ) ) ;
#1961 = EDGE_CURVE ( 'NONE', #1879, #504, #1290, .T. ) ;
#1962 = CARTESIAN_POINT ( 'NONE',  ( -0.4500000000000010658, 0.5900000000000001910, 0.05000000000000134198 ) ) ;
#1963 = CARTESIAN_POINT ( 'NONE',  ( 0.3419448336795646859, -0.01475703808730048638, 0.4500000000000017319 ) ) ;
#1964 = EDGE_LOOP ( 'NONE', ( #3951, #223, #237, #3191, #3726, #3333, #2469, #3558 ) ) ;
#1965 = DIRECTION ( 'NONE',  ( 1.000000000000000000, 0.0000000000000000000, 0.0000000000000000000 ) ) ;
#1966 = EDGE_CURVE ( 'NONE', #2734, #3942, #1675, .T. ) ;
#1967 = PLANE ( 'NONE',  #1142 ) ;
#1968 = CARTESIAN_POINT ( 'NONE',  ( -0.4500000000000010658, 0.3812000000000001498, 0.2500000000000012768 ) ) ;
#1969 = ORIENTED_EDGE ( 'NONE', *, *, #1561, .F. ) ;
#1970 = CARTESIAN_POINT ( 'NONE',  ( 0.4750000000000006439, -0.05083375672974031062, 0.3164932247673272192 ) ) ;
#1971 = ORIENTED_EDGE ( 'NONE', *, *, #319, .F. ) ;
#1972 = CARTESIAN_POINT ( 'NONE',  ( -0.4500000000000010658, 0.1723923268180888035, 0.05000000000000076605 ) ) ;
#1973 = ORIENTED_EDGE ( 'NONE', *, *, #2257, .T. ) ;
#1974 = DIRECTION ( 'NONE',  ( -1.000000000000000000, -0.0000000000000000000, -0.0000000000000000000 ) ) ;
#1975 = DIRECTION ( 'NONE',  ( 0.0000000000000000000, 0.0000000000000000000, 1.000000000000000000 ) ) ;
#1976 = ORIENTED_EDGE ( 'NONE', *, *, #1566, .F. ) ;
#1977 = CARTESIAN_POINT ( 'NONE',  ( -0.4200000000000004841, -0.5899999999999998579, 0.1409393892357524436 ) ) ;
#1978 = CARTESIAN_POINT ( 'NONE',  ( 0.4499991568947122600, 0.1723961634090445116, 0.1613413113376176711 ) ) ;
#1979 = LINE ( 'NONE', #2854, #943 ) ;
#1980 = EDGE_CURVE ( 'NONE', #2446, #104, #34, .T. ) ;
#1981 = DIRECTION ( 'NONE',  ( 3.316791286067654376E-15, -2.623769257414920114E-17, -1.000000000000000000 ) ) ;
#1982 = ORIENTED_EDGE ( 'NONE', *, *, #1944, .T. ) ;
#1983 = ADVANCED_FACE ( 'NONE', ( #969 ), #3487, .T. ) ;
#1984 = VECTOR ( 'NONE', #116, 39.37007874015748143 ) ;
#1985 = DIRECTION ( 'NONE',  ( -0.0000000000000000000, 1.000000000000000000, 8.537024980200832418E-17 ) ) ;
#1986 = CARTESIAN_POINT ( 'NONE',  ( -0.4937500000000002998, 0.5791746824526947668, 0.1832032519088290234 ) ) ;
#1987 = DIRECTION ( 'NONE',  ( 3.490694658571001621E-15, 2.854315365366157736E-31, -1.000000000000000000 ) ) ;
#1988 = EDGE_CURVE ( 'NONE', #2305, #2370, #1146, .T. ) ;
#1989 = CARTESIAN_POINT ( 'NONE',  ( -0.4103330401858532039, 0.1723923268180888313, 0.2551803776172839600 ) ) ;
#1990 = ORIENTED_EDGE ( 'NONE', *, *, #287, .T. ) ;
#1991 = VECTOR ( 'NONE', #3603, 39.37007874015748143 ) ;
#1992 = CARTESIAN_POINT ( 'NONE',  ( -0.4500000000000010658, -0.03639999999999984914, 0.1612468894782104478 ) ) ;
#1993 = PLANE ( 'NONE',  #2253 ) ;
#1994 = B_SPLINE_CURVE_WITH_KNOTS ( 'NONE', 3,
 ( #2720, #862, #2067, #886 ),
 .UNSPECIFIED., .F., .F.,
 ( 4, 4 ),
 ( 0.0000000000000000000, 1.000000000000000000 ),
 .UNSPECIFIED. ) ;
#1995 = CARTESIAN_POINT ( 'NONE',  ( 0.3419448336795646859, 0.4028429619126995265, 0.4500000000000017319 ) ) ;
#1996 =( BOUNDED_CURVE ( )  B_SPLINE_CURVE ( 3, ( #1877, #320, #3989, #2809 ),
 .UNSPECIFIED., .F., .T. ) 
 B_SPLINE_CURVE_WITH_KNOTS ( ( 4, 4 ),
 ( 1.570796326794919651, 2.617993877991340756 ),
 .UNSPECIFIED. ) 
 CURVE ( )  GEOMETRIC_REPRESENTATION_ITEM ( )  RATIONAL_B_SPLINE_CURVE ( ( 1.000000000000000000, 0.9106836025229885223, 0.9106836025229885223, 1.000000000000000000 ) ) 
 REPRESENTATION_ITEM ( '' )  );
#1997 = ORIENTED_EDGE ( 'NONE', *, *, #1138, .F. ) ;
#1998 = CARTESIAN_POINT ( 'NONE',  ( 0.4903459920551475615, -0.7599999999999996758, 0.3100000000000024958 ) ) ;
#1999 = ORIENTED_EDGE ( 'NONE', *, *, #2384, .F. ) ;
#2000 = VECTOR ( 'NONE', #3245, 39.37007874015748143 ) ;
#2001 = CARTESIAN_POINT ( 'NONE',  ( 0.5000000000000001110, 0.3811961634090444973, 0.05000000000000006523 ) ) ;
#2002 = AXIS2_PLACEMENT_3D ( 'NONE', #3521, #2867, #77 ) ;
#2003 = ORIENTED_EDGE ( 'NONE', *, *, #1807, .F. ) ;
#2004 = VERTEX_POINT ( 'NONE', #3590 ) ;
#2005 = LINE ( 'NONE', #2574, #3557 ) ;
#2006 = MECHANICAL_DESIGN_GEOMETRIC_PRESENTATION_REPRESENTATION (  '', ( #112 ), #3236 ) ;
#2007 = ORIENTED_EDGE ( 'NONE', *, *, #483, .F. ) ;
#2008 = CARTESIAN_POINT ( 'NONE',  ( -0.4937500000000002998, 0.3703746824526948367, 0.1832032519088287181 ) ) ;
#2009 = VECTOR ( 'NONE', #2300, 39.37007874015748143 ) ;
#2010 = CARTESIAN_POINT ( 'NONE',  ( -0.5000000000000016653, -2.893907656099691947E-17, 0.4499999999999999556 ) ) ;
#2011 = EDGE_CURVE ( 'NONE', #1567, #3297, #2331, .T. ) ;
#2012 = CARTESIAN_POINT ( 'NONE',  ( -0.3959724168397826816, 0.1832176443653941444, 0.1808494659439496555 ) ) ;
#2013 = ORIENTED_EDGE ( 'NONE', *, *, #384, .T. ) ;
#2014 = PRODUCT_DEFINITION_FORMATION_WITH_SPECIFIED_SOURCE ( 'ANY', '', #573, .NOT_KNOWN. ) ;
#2015 = CARTESIAN_POINT ( 'NONE',  ( -0.4875000000000003220, 0.5683493649053894536, 0.4500000000000017319 ) ) ;
#2016 = ORIENTED_EDGE ( 'NONE', *, *, #2235, .T. ) ;
#2017 = DIRECTION ( 'NONE',  ( 0.0000000000000000000, 1.000000000000000000, 0.0000000000000000000 ) ) ;
#2018 = EDGE_CURVE ( 'NONE', #2841, #3279, #1300, .T. ) ;
#2019 =( CONVERSION_BASED_UNIT ( 'INCH', #3195 ) LENGTH_UNIT ( ) NAMED_UNIT ( #3611 ) );
#2020 = CARTESIAN_POINT ( 'NONE',  ( -0.4708333330840250297, 0.1723968382529476595, 0.05009344550290575904 ) ) ;
#2021 = ORIENTED_EDGE ( 'NONE', *, *, #3861, .F. ) ;
#2022 = CARTESIAN_POINT ( 'NONE',  ( -0.3794448336795639420, -0.03640767318191117513, 0.3107426251198699974 ) ) ;
#2023 = CARTESIAN_POINT ( 'NONE',  ( 0.4500000000000016209, -0.5899999999999998579, 0.4500000000000001776 ) ) ;
#2024 = EDGE_CURVE ( 'NONE', #1934, #1252, #1097, .T. ) ;
#2025 = CARTESIAN_POINT ( 'NONE',  ( 0.4500000000000001221, -0.5899999999999998579, 0.04999999999999980849 ) ) ;
#2026 = CARTESIAN_POINT ( 'NONE',  ( -0.4500000000000008438, -0.5918301270189217922, 0.2842746269753097521 ) ) ;
#2027 = LENGTH_MEASURE_WITH_UNIT ( LENGTH_MEASURE( 0.02539999999999999897 ), #516 );
#2028 = ORIENTED_EDGE ( 'NONE', *, *, #3826, .T. ) ;
#2029 = DIRECTION ( 'NONE',  ( -1.000000000000000000, -1.387778780781445213E-17, 2.834538159746101609E-15 ) ) ;
#2030 = ORIENTED_EDGE ( 'NONE', *, *, #3088, .F. ) ;
#2031 = CARTESIAN_POINT ( 'NONE',  ( -0.4499999995396289365, 0.1723974442148065167, 0.05006187942301466159 ) ) ;
#2032 = CARTESIAN_POINT ( 'NONE',  ( 0.4154632224530428464, 0.02597800618052233459, 0.3126305846857992954 ) ) ;
#2033 =( CONVERSION_BASED_UNIT ( 'INCH', #2966 ) LENGTH_UNIT ( ) NAMED_UNIT ( #2815 ) );
#2034 = ORIENTED_EDGE ( 'NONE', *, *, #2173, .T. ) ;
#2035 = B_SPLINE_CURVE_WITH_KNOTS ( 'NONE', 3,
 ( #1649, #2890, #3183, #385, #3465, #944, #2570, #3805, #1005, #2832 ),
 .UNSPECIFIED., .F., .F.,
 ( 4, 3, 3, 4 ),
 ( 0.0000000000000000000, 0.0003175000000003509217, 0.0006350000000007667870, 0.001268890333424370961 ),
 .UNSPECIFIED. ) ;
#2036 = CARTESIAN_POINT ( 'NONE',  ( -0.5000000000000002220, 0.5900000000000000799, 0.05000000000000048850 ) ) ;
#2037 = CARTESIAN_POINT ( 'NONE',  ( -0.4624999998514835453, -0.03640189204054719574, 0.05009318470541058999 ) ) ;
#2038 = ADVANCED_FACE ( 'NONE', ( #450 ), #164, .F. ) ;
#2039 = ORIENTED_EDGE ( 'NONE', *, *, #559, .F. ) ;
#2040 = FILL_AREA_STYLE_COLOUR ( '', #2968 ) ;
#2041 = LINE ( 'NONE', #1780, #3806 ) ;
#2042 = CARTESIAN_POINT ( 'NONE',  ( -0.4916375410509362665, 0.1723936323500769030, 0.05009416435757198249 ) ) ;
#2043 = ORIENTED_EDGE ( 'NONE', *, *, #1101, .T. ) ;
#2044 = CARTESIAN_POINT ( 'NONE',  ( -0.5000000000000002220, -0.03640767318191117513, 0.05000000000000076605 ) ) ;
#2045 = CARTESIAN_POINT ( 'NONE',  ( 0.5000585530335194262, -0.5899999999999994138, 0.4167819973517177812 ) ) ;
#2046 = CARTESIAN_POINT ( 'NONE',  ( -0.5000000000000002220, -0.5899999999999998579, 0.04999999999999957256 ) ) ;
#2047 = FACE_OUTER_BOUND ( 'NONE', #647, .T. ) ;
#2048 = ADVANCED_FACE ( 'NONE', ( #2074 ), #187, .T. ) ;
#2049 = B_SPLINE_SURFACE_WITH_KNOTS ( 'NONE', 3, 3, ( 
 ( #3390, #1570, #2827, #582 ),
 ( #2477, #3714, #907, #1841 ),
 ( #3082, #2170, #341, #3445 ),
 ( #15, #641, #3099, #3727 ) ),
 .UNSPECIFIED., .F., .F., .F.,
 ( 4, 4 ),
 ( 4, 4 ),
 ( 0.0000000000000000000, 1.000000000000000000 ),
 ( 0.0000000000000000000, 1.000000000000000000 ),
 .UNSPECIFIED. ) ;
#2050 = EDGE_LOOP ( 'NONE', ( #3024, #3045, #1155, #796 ) ) ;
#2051 =( NAMED_UNIT ( * ) PLANE_ANGLE_UNIT ( ) SI_UNIT ( $, .RADIAN. ) );
#2052 = ORIENTED_EDGE ( 'NONE', *, *, #3528, .T. ) ;
#2053 = B_SPLINE_CURVE_WITH_KNOTS ( 'NONE', 3,
 ( #2554, #366, #664, #949, #2540, #2515, #2856, #3749, #2215, #3449 ),
 .UNSPECIFIED., .F., .F.,
 ( 4, 3, 3, 4 ),
 ( 0.0000000000000000000, 0.0003175000000005015173, 0.0006350000000009147806, 0.001268890333423990623 ),
 .UNSPECIFIED. ) ;
#2054 = CARTESIAN_POINT ( 'NONE',  ( 0.4139816112265222725, 0.2492117629102628684, 0.1816774217404115710 ) ) ;
#2055 = CLOSED_SHELL ( 'NONE', ( #3288, #706, #2511, #2214, #2796, #1537, #2830, #3433, #2221, #3631, #1653, #1920, #1131, #651, #519, #1204, #414, #1244, #1262, #489, #2625, #3960, #3132, #3062, #905, #3713, #1164, #2194, #1612, #2048, #999, #2539, #2792, #2710, #1606, #2418, #4000, #163, #2744, #3607, #1586, #3452, #1256, #1365, #3873, #928, #3745, #2894, #361, #2357, #726, #624, #2441, #1417, #2956, #1075, #2998, #2363, #3176, #955, #885, #1518, #1358, #2931, #3678, #1432 ) ) ;
#2056 = LINE ( 'NONE', #2010, #2063 ) ;
#2057 = FILL_AREA_STYLE_COLOUR ( '', #1070 ) ;
#2058 = ORIENTED_EDGE ( 'NONE', *, *, #1116, .T. ) ;
#2059 = DIRECTION ( 'NONE',  ( 1.000000000000000000, 0.0000000000000000000, 0.0000000000000000000 ) ) ;
#2060 = CARTESIAN_POINT ( 'NONE',  ( 0.4500000000000015099, -0.5899999999999998579, 0.4300000000000002154 ) ) ;
#2061 = PLANE ( 'NONE',  #3098 ) ;
#2062 = DIRECTION ( 'NONE',  ( -1.157562709179772579E-16, 1.000000000000000000, 0.0000000000000000000 ) ) ;
#2063 = VECTOR ( 'NONE', #3271, 39.37007874015748143 ) ;
#2064 = ORIENTED_EDGE ( 'NONE', *, *, #2011, .T. ) ;
#2065 = FILL_AREA_STYLE ('',( #2670 ) ) ;
#2066 = CARTESIAN_POINT ( 'NONE',  ( -0.4319908056132614749, 0.1064058814551315235, 0.1825053775368726539 ) ) ;
#2067 = CARTESIAN_POINT ( 'NONE',  ( -0.3959724168397826816, -0.2343823556346059100, 0.1808494659439490726 ) ) ;
#2068 = EDGE_CURVE ( 'NONE', #1062, #352, #2702, .T. ) ;
#2069 = CARTESIAN_POINT ( 'NONE',  ( 0.3419448336795646859, -0.01475703808730048638, 0.3116989318878985449 ) ) ;
#2070 = CARTESIAN_POINT ( 'NONE',  ( 0.4903459920551476170, -0.6363877801413465596, 0.3099999999999997202 ) ) ;
#2071 = EDGE_LOOP ( 'NONE', ( #2201, #3068, #2407, #3810 ) ) ;
#2072 = MECHANICAL_DESIGN_GEOMETRIC_PRESENTATION_REPRESENTATION (  '', ( #1215 ), #3431 ) ;
#2073 = EDGE_CURVE ( 'NONE', #2305, #1018, #1788, .T. ) ;
#2074 = FACE_OUTER_BOUND ( 'NONE', #2254, .T. ) ;
#2075 = EDGE_LOOP ( 'NONE', ( #3915, #1688, #3770, #3538 ) ) ;
#2076 = STYLED_ITEM ( 'NONE', ( #2499 ), #1847 ) ;
#2077 = FACE_OUTER_BOUND ( 'NONE', #2050, .T. ) ;
#2078 = CARTESIAN_POINT ( 'NONE',  ( -0.4200000000000014833, -0.5899999999999997469, 0.4300000000000003264 ) ) ;
#2079 = AXIS2_PLACEMENT_3D ( 'NONE', #1787, #1452, #2327 ) ;
#2080 = CARTESIAN_POINT ( 'NONE',  ( 0.4937500000000004108, 0.1615746824526947956, 0.1832032519088290234 ) ) ;
#2081 = DIRECTION ( 'NONE',  ( -3.549244231848546526E-15, 4.358492733391726592E-17, 1.000000000000000000 ) ) ;
#2082 = ORIENTED_EDGE ( 'NONE', *, *, #2281, .T. ) ;
#2083 = CARTESIAN_POINT ( 'NONE',  ( 0.0000000000000000000, 0.1100000000000000561, -0.05000000000000000971 ) ) ;
#2084 = CIRCLE ( 'NONE', #2269, 0.1000000000000000194 ) ;
#2085 = CARTESIAN_POINT ( 'NONE',  ( 0.4578459920551481988, -0.6320576531224245675, 0.3924999999999994604 ) ) ;
#2086 = VERTEX_POINT ( 'NONE', #2 ) ;
#2087 = CARTESIAN_POINT ( 'NONE',  ( 0.4200000000000015388, -0.2896605556175895213, 0.4300000000000003264 ) ) ;
#2088 = CARTESIAN_POINT ( 'NONE',  ( 0.4791666666666672958, 0.3739831216351299781, 0.1832466123836642979 ) ) ;
#2089 = VECTOR ( 'NONE', #3556, 39.37007874015748854 ) ;
#2090 = B_SPLINE_SURFACE_WITH_KNOTS ( 'NONE', 3, 3, ( 
 ( #1657, #3773, #1927, #1053 ),
 ( #2252, #411, #2919, #1639 ),
 ( #3791, #3529, #2599, #1033 ),
 ( #3167, #2012, #1332, #372 ) ),
 .UNSPECIFIED., .F., .F., .F.,
 ( 4, 4 ),
 ( 4, 4 ),
 ( 0.0000000000000000000, 1.000000000000000000 ),
 ( 0.0000000000000000000, 1.000000000000000000 ),
 .UNSPECIFIED. ) ;
#2091 = ORIENTED_EDGE ( 'NONE', *, *, #1143, .F. ) ;
#2092 = CARTESIAN_POINT ( 'NONE',  ( -0.4397224168397820265, -0.03640767318191117513, 0.1803713125599354095 ) ) ;
#2093 = CARTESIAN_POINT ( 'NONE',  ( -0.4139816112265221615, 0.1100143206375666094, 0.3150107550737445417 ) ) ;
#2094 = CARTESIAN_POINT ( 'NONE',  ( 0.4000000000000000777, 0.5900000000000000799, 0.04999999999999998196 ) ) ;
#2095 = PLANE ( 'NONE',  #2726 ) ;
#2096 = EDGE_CURVE ( 'NONE', #1210, #2588, #3395, .T. ) ;
#2097 = VERTEX_POINT ( 'NONE', #1864 ) ;
#2098 = ADVANCED_FACE ( 'NONE', ( #1500 ), #2816, .T. ) ;
#2099 = CARTESIAN_POINT ( 'NONE',  ( 0.0000000000000000000, 0.0000000000000000000, 0.0000000000000000000 ) ) ;
#2100 = CARTESIAN_POINT ( 'NONE',  ( 0.4875000000000004885, 0.3595493649053895235, 0.4500000000000017319 ) ) ;
#2101 = CARTESIAN_POINT ( 'NONE',  ( 0.4500391720739109203, 0.1723923268180888313, 0.1612445739078810225 ) ) ;
#2102 = VERTEX_POINT ( 'NONE', #3376 ) ;
#2103 = FILL_AREA_STYLE_COLOUR ( '', #1092 ) ;
#2104 = EDGE_CURVE ( 'NONE', #1359, #2224, #911, .T. ) ;
#2105 = VERTEX_POINT ( 'NONE', #1249 ) ;
#2106 = DIRECTION ( 'NONE',  ( -0.8660254037844379305, 0.5000000000000012212, 0.0000000000000000000 ) ) ;
#2107 = CARTESIAN_POINT ( 'NONE',  ( -0.4499999995392977015, -0.03640511351283106517, 0.05003093963116266724 ) ) ;
#2108 = ORIENTED_EDGE ( 'NONE', *, *, #1445, .T. ) ;
#2109 = CARTESIAN_POINT ( 'NONE',  ( -0.5000000000000002220, 0.1723961634090445116, 0.05000000000000076605 ) ) ;
#2110 = DIRECTION ( 'NONE',  ( 1.157562709179772579E-16, -1.000000000000000000, -0.0000000000000000000 ) ) ;
#2111 = DIRECTION ( 'NONE',  ( 0.0000000000000000000, 0.0000000000000000000, -1.000000000000000000 ) ) ;
#2112 = EDGE_LOOP ( 'NONE', ( #2183, #3152, #3921, #1487, #232, #2901, #265 ) ) ;
#2113 = B_SPLINE_CURVE_WITH_KNOTS ( 'NONE', 3,
 ( #2825, #716, #3136, #54 ),
 .UNSPECIFIED., .F., .F.,
 ( 4, 4 ),
 ( 0.0000000000000000000, 2.365654351732902634E-06 ),
 .UNSPECIFIED. ) ;
#2114 = DIRECTION ( 'NONE',  ( -6.831341048396664760E-15, 2.970713952610281533E-17, -1.000000000000000000 ) ) ;
#2115 = EDGE_CURVE ( 'NONE', #2634, #3313, #605, .T. ) ;
#2116 = DIRECTION ( 'NONE',  ( -0.5000000000000045519, 0.8660254037844361541, -1.639313684798082704E-15 ) ) ;
#2117 = DIRECTION ( 'NONE',  ( 1.000000000000000000, 0.0000000000000000000, -0.0000000000000000000 ) ) ;
#2118 = CARTESIAN_POINT ( 'NONE',  ( -0.5000000000000002220, 0.5900000000000001910, 0.05000000000000134198 ) ) ;
#2119 = B_SPLINE_SURFACE_WITH_KNOTS ( 'NONE', 3, 3, ( 
 ( #2118, #3676, #3984, #1523 ),
 ( #2769, #3358, #3053, #256 ),
 ( #2137, #3380, #310, #3997 ),
 ( #1207, #590, #1846, #1868 ) ),
 .UNSPECIFIED., .F., .F., .F.,
 ( 4, 4 ),
 ( 4, 4 ),
 ( 0.0000000000000000000, 1.000000000000000000 ),
 ( 0.0000000000000000000, 1.000000000000000000 ),
 .UNSPECIFIED. ) ;
#2120 = ORIENTED_EDGE ( 'NONE', *, *, #1800, .T. ) ;
#2121 = SURFACE_STYLE_USAGE ( .BOTH. , #1525 ) ;
#2122 =( NAMED_UNIT ( * ) SI_UNIT ( $, .STERADIAN. ) SOLID_ANGLE_UNIT ( ) );
#2123 = ORIENTED_EDGE ( 'NONE', *, *, #1843, .T. ) ;
#2124 = LINE ( 'NONE', #2408, #2377 ) ;
#2125 = CARTESIAN_POINT ( 'NONE',  ( 0.4937500000000004108, 0.3703746824526948367, 0.1832032519088290234 ) ) ;
#2126 =( NAMED_UNIT ( * ) PLANE_ANGLE_UNIT ( ) SI_UNIT ( $, .RADIAN. ) );
#2127 = LINE ( 'NONE', #883, #3568 ) ;
#2128 = VECTOR ( 'NONE', #962, 39.37007874015748143 ) ;
#2129 = DIRECTION ( 'NONE',  ( -0.5000000000000012212, 0.8660254037844377084, 0.0000000000000000000 ) ) ;
#2130 = CARTESIAN_POINT ( 'NONE',  ( -0.4200000000000004841, -0.2896605556175895768, 0.1409393892357524714 ) ) ;
#2131 = VERTEX_POINT ( 'NONE', #2175 ) ;
#2132 = CARTESIAN_POINT ( 'NONE',  ( -0.5000000000000002220, 0.3812000000000001498, 0.05000000000000105749 ) ) ;
#2133 = VECTOR ( 'NONE', #3000, 39.37007874015748854 ) ;
#2134 =( NAMED_UNIT ( * ) PLANE_ANGLE_UNIT ( ) SI_UNIT ( $, .RADIAN. ) );
#2135 = PRESENTATION_STYLE_ASSIGNMENT (( #2440 ) ) ;
#2136 = LINE ( 'NONE', #554, #2652 ) ;
#2137 = CARTESIAN_POINT ( 'NONE',  ( -0.5000000000000002220, 0.4507948845453926268, 0.05000000000000134198 ) ) ;
#2138 = CARTESIAN_POINT ( 'NONE',  ( -0.5000585530335197593, -0.6363877801413461155, 0.3100000000000024958 ) ) ;
#2139 = VERTEX_POINT ( 'NONE', #19 ) ;
#2140 = CARTESIAN_POINT ( 'NONE',  ( 0.5000000000000002220, 0.5900000000000001910, 0.05000000000000134198 ) ) ;
#2141 =( CONVERSION_BASED_UNIT ( 'INCH', #854 ) LENGTH_UNIT ( ) NAMED_UNIT ( #2679 ) );
#2142 = VECTOR ( 'NONE', #3996, 39.37007874015748143 ) ;
#2143 = ORIENTED_EDGE ( 'NONE', *, *, #3586, .F. ) ;
#2144 = SURFACE_STYLE_FILL_AREA ( #2488 ) ;
#2145 = LINE ( 'NONE', #1527, #2514 ) ;
#2146 = MECHANICAL_DESIGN_GEOMETRIC_PRESENTATION_REPRESENTATION (  '', ( #2472 ), #251 ) ;
#2147 = DIMENSIONAL_EXPONENTS ( 1.000000000000000000, 0.0000000000000000000, 0.0000000000000000000, 0.0000000000000000000, 0.0000000000000000000, 0.0000000000000000000, 0.0000000000000000000 ) ;
#2148 = CARTESIAN_POINT ( 'NONE',  ( -0.06250000000000000000, 0.1100000000000000561, -0.05000000000000000971 ) ) ;
#2149 = EDGE_LOOP ( 'NONE', ( #3702, #3320, #209, #1726 ) ) ;
#2150 = VECTOR ( 'NONE', #3766, 39.37007874015748143 ) ;
#2151 = FACE_OUTER_BOUND ( 'NONE', #407, .T. ) ;
#2152 = CARTESIAN_POINT ( 'NONE',  ( 0.4000000000000000777, 0.5900000000000000799, 0.04999999999999998196 ) ) ;
#2153 = B_SPLINE_SURFACE_WITH_KNOTS ( 'NONE', 3, 3, ( 
 ( #650, #1565, #3131, #335 ),
 ( #3059, #1581, #26, #1509 ),
 ( #2774, #1216, #2756, #899 ),
 ( #2163, #3222, #127, #1638 ) ),
 .UNSPECIFIED., .F., .F., .F.,
 ( 4, 4 ),
 ( 4, 4 ),
 ( 0.0000000000000000000, 1.000000000000000000 ),
 ( 0.0000000000000000000, 1.000000000000000000 ),
 .UNSPECIFIED. ) ;
#2154 = EDGE_CURVE ( 'NONE', #3815, #3787, #3687, .T. ) ;
#2155 = CARTESIAN_POINT ( 'NONE',  ( -0.4499991568948025766, 0.3811961634090444973, 0.1613413113374040087 ) ) ;
#2156 = FILL_AREA_STYLE_COLOUR ( '', #829 ) ;
#2157 = CARTESIAN_POINT ( 'NONE',  ( 0.3959724168397827926, -0.02558235563460586545, 0.1808494659439499608 ) ) ;
#2158 = UNCERTAINTY_MEASURE_WITH_UNIT (LENGTH_MEASURE( 1.000000000000000082E-05 ), #1721, 'distance_accuracy_value', 'NONE');
#2159 = CARTESIAN_POINT ( 'NONE',  ( -0.4200000000000007061, -0.5899999999999997469, 0.4300000000000002154 ) ) ;
#2160 = ORIENTED_EDGE ( 'NONE', *, *, #391, .T. ) ;
#2161 = CARTESIAN_POINT ( 'NONE',  ( 0.4999854360802331033, -0.03640255973716405996, 0.05003149702656108089 ) ) ;
#2162 =( NAMED_UNIT ( * ) SI_UNIT ( $, .STERADIAN. ) SOLID_ANGLE_UNIT ( ) );
#2163 = CARTESIAN_POINT ( 'NONE',  ( 0.5000000000000004441, 0.3811923268180888447, 0.05000000000000134198 ) ) ;
#2164 = CARTESIAN_POINT ( 'NONE',  ( 0.3794448336795640531, -0.03640767318191117513, 0.4500000000000017319 ) ) ;
#2165 = LINE ( 'NONE', #2432, #569 ) ;
#2166 = ADVANCED_FACE ( 'NONE', ( #3124 ), #623, .F. ) ;
#2167 = ORIENTED_EDGE ( 'NONE', *, *, #2265, .T. ) ;
#2168 = CARTESIAN_POINT ( 'NONE',  ( 0.3669448336795642640, -0.2379907948170409959, 0.3110613940425466240 ) ) ;
#2169 = VERTEX_POINT ( 'NONE', #328 ) ;
#2170 = CARTESIAN_POINT ( 'NONE',  ( 0.4791666666666672958, 0.5827831216351300192, 0.1832466123836642979 ) ) ;
#2171 = CARTESIAN_POINT ( 'NONE',  ( -0.4139816112265221615, -0.09878567936243343173, 0.3150107550737442641 ) ) ;
#2172 = CARTESIAN_POINT ( 'NONE',  ( -0.4550000000000010147, -0.5899999999999997469, 0.4300000000000002154 ) ) ;
#2173 = EDGE_CURVE ( 'NONE', #2804, #352, #1263, .T. ) ;
#2174 = DIMENSIONAL_EXPONENTS ( 1.000000000000000000, 0.0000000000000000000, 0.0000000000000000000, 0.0000000000000000000, 0.0000000000000000000, 0.0000000000000000000, 0.0000000000000000000 ) ;
#2175 = CARTESIAN_POINT ( 'NONE',  ( -0.4603459920551475903, -0.6363877801413463375, 0.3899999999999996803 ) ) ;
#2176 = EDGE_CURVE ( 'NONE', #3279, #978, #181, .T. ) ;
#2177 = LINE ( 'NONE', #2442, #367 ) ;
#2178 = CARTESIAN_POINT ( 'NONE',  ( 0.4251390835064490226, -0.03279923399947609619, 0.1805306970212739726 ) ) ;
#2179 = CARTESIAN_POINT ( 'NONE',  ( 0.4000000000000000777, -0.5899999999999995248, -0.05000000000000000971 ) ) ;
#2180 = ORIENTED_EDGE ( 'NONE', *, *, #18, .F. ) ;
#2181 = SURFACE_STYLE_FILL_AREA ( #3644 ) ;
#2182 = CARTESIAN_POINT ( 'NONE',  ( 0.0000000000000000000, 0.0000000000000000000, 0.0000000000000000000 ) ) ;
#2183 = ORIENTED_EDGE ( 'NONE', *, *, #3037, .T. ) ;
#2184 = CARTESIAN_POINT ( 'NONE',  ( 0.4550000000000010147, -0.5899999999999997469, 0.4300000000000002154 ) ) ;
#2185 = DIRECTION ( 'NONE',  ( 1.000000000000000000, 0.0000000000000000000, 0.0000000000000000000 ) ) ;
#2186 = B_SPLINE_SURFACE_WITH_KNOTS ( 'NONE', 3, 3, ( 
 ( #1533, #3429, #250, #2746 ),
 ( #1573, #1861, #3693, #3373 ),
 ( #3979, #602, #1182, #2438 ),
 ( #2132, #305, #1556, #622 ) ),
 .UNSPECIFIED., .F., .F., .F.,
 ( 4, 4 ),
 ( 4, 4 ),
 ( 0.0000000000000000000, 1.000000000000000000 ),
 ( 0.0000000000000000000, 1.000000000000000000 ),
 .UNSPECIFIED. ) ;
#2187 =( NAMED_UNIT ( * ) SI_UNIT ( $, .STERADIAN. ) SOLID_ANGLE_UNIT ( ) );
#2188 = ORIENTED_EDGE ( 'NONE', *, *, #2903, .F. ) ;
#2189 = CARTESIAN_POINT ( 'NONE',  ( 0.3794448336795640531, 0.3811923268180888447, 0.4500000000000017319 ) ) ;
#2190 = LINE ( 'NONE', #1302, #3161 ) ;
#2191 = VECTOR ( 'NONE', #2129, 39.37007874015748854 ) ;
#2192 = CARTESIAN_POINT ( 'NONE',  ( 0.4603459920551469242, 0.008556624327026092491, -1.331775896911328393E-15 ) ) ;
#2193 = AXIS2_PLACEMENT_3D ( 'NONE', #3970, #2667, #201 ) ;
#2194 = ADVANCED_FACE ( 'NONE', ( #3071 ), #3091, .T. ) ;
#2195 = EDGE_CURVE ( 'NONE', #2804, #3472, #985, .T. ) ;
#2196 = AXIS2_PLACEMENT_3D ( 'NONE', #235, #454, #2730 ) ;
#2197 = VECTOR ( 'NONE', #1403, 39.37007874015748143 ) ;
#2198 = EDGE_CURVE ( 'NONE', #3610, #3313, #3353, .T. ) ;
#2199 = CARTESIAN_POINT ( 'NONE',  ( 0.3669448336795642640, -0.02919079481704094786, 0.4500000000000017319 ) ) ;
#2200 = ORIENTED_EDGE ( 'NONE', *, *, #2806, .F. ) ;
#2201 = ORIENTED_EDGE ( 'NONE', *, *, #142, .F. ) ;
#2202 = VECTOR ( 'NONE', #286, 39.37007874015748143 ) ;
#2203 = PLANE ( 'NONE',  #1865 ) ;
#2204 = B_SPLINE_CURVE_WITH_KNOTS ( 'NONE', 3,
 ( #3347, #3931, #138, #1114, #3627, #3857, #530, #180, #224, #1470 ),
 .UNSPECIFIED., .F., .F.,
 ( 4, 3, 3, 4 ),
 ( 0.0000000000000000000, 0.0003175000000004911090, 0.0006350000000009113112, 0.001268890333423992357 ),
 .UNSPECIFIED. ) ;
#2205 = VERTEX_POINT ( 'NONE', #81 ) ;
#2206 = CARTESIAN_POINT ( 'NONE',  ( 0.3794448336795640531, 0.1723923268180888313, 0.4500000000000017319 ) ) ;
#2207 = VECTOR ( 'NONE', #1503, 39.37007874015748143 ) ;
#2208 = DIRECTION ( 'NONE',  ( 0.8320502943378401683, 0.4803844614152658066, 0.2773500981126172382 ) ) ;
#2209 = VERTEX_POINT ( 'NONE', #1367 ) ;
#2210 = CARTESIAN_POINT ( 'NONE',  ( -0.4500000000000010658, 0.3812000000000001498, 0.4500000000000015099 ) ) ;
#2211 = CARTESIAN_POINT ( 'NONE',  ( 0.4139816112265222725, -0.1683882370897371861, 0.1816774217404115710 ) ) ;
#2212 = AXIS2_PLACEMENT_3D ( 'NONE', #1856, #299, #1839 ) ;
#2213 = LINE ( 'NONE', #2537, #2328 ) ;
#2214 = ADVANCED_FACE ( 'NONE', ( #684 ), #3215, .T. ) ;
#2215 = CARTESIAN_POINT ( 'NONE',  ( 0.4583187706820688323, 0.1723987460867736354, 0.05009305115761138183 ) ) ;
#2216 = ORIENTED_EDGE ( 'NONE', *, *, #1792, .T. ) ;
#2217 = EDGE_CURVE ( 'NONE', #1363, #3608, #344, .T. ) ;
#2218 = DIRECTION ( 'NONE',  ( -0.5000000000000031086, -0.8660254037844368202, 0.0000000000000000000 ) ) ;
#2219 = ORIENTED_EDGE ( 'NONE', *, *, #1545, .F. ) ;
#2220 = CARTESIAN_POINT ( 'NONE',  ( 0.4625000000000008549, -0.04361687836487007641, 0.3165799457169978237 ) ) ;
#2221 = ADVANCED_FACE ( 'NONE', ( #3828 ), #3159, .T. ) ;
#2222 = ORIENTED_EDGE ( 'NONE', *, *, #1439, .T. ) ;
#2223 = CARTESIAN_POINT ( 'NONE',  ( 0.4749563120392364390, 0.3811962054505617647, 0.05009358327483280637 ) ) ;
#2224 = VERTEX_POINT ( 'NONE', #3198 ) ;
#2225 = DIRECTION ( 'NONE',  ( 0.0000000000000000000, 0.0000000000000000000, 1.000000000000000000 ) ) ;
#2226 = CARTESIAN_POINT ( 'NONE',  ( 0.3779632224530434792, -0.1611713587248670143, 0.3133548434808218208 ) ) ;
#2227 = CARTESIAN_POINT ( 'NONE',  ( -0.4500000000000007883, 0.1723923268180888313, 0.05000000000000105749 ) ) ;
#2228 = CARTESIAN_POINT ( 'NONE',  ( 0.5000000000000001110, 0.3811961634090444973, 0.05000000000000006523 ) ) ;
#2229 = CARTESIAN_POINT ( 'NONE',  ( -0.5000000000000002220, 0.1723961634090445116, 0.05000000000000076605 ) ) ;
#2230 = CARTESIAN_POINT ( 'NONE',  ( -0.4499999999999999556, -2.604511679903186613E-17, -1.741553095960967777E-15 ) ) ;
#2231 = EDGE_CURVE ( 'NONE', #3725, #2205, #2035, .T. ) ;
#2232 = ORIENTED_EDGE ( 'NONE', *, *, #1028, .T. ) ;
#2233 = B_SPLINE_CURVE_WITH_KNOTS ( 'NONE', 3,
 ( #3949, #1157, #1801, #3039 ),
 .UNSPECIFIED., .F., .F.,
 ( 4, 4 ),
 ( 0.0000000000000000000, 2.365654351730162906E-06 ),
 .UNSPECIFIED. ) ;
#2234 = CARTESIAN_POINT ( 'NONE',  ( -0.4200000000000007061, -0.5899999999999999689, 0.1409393892357524991 ) ) ;
#2235 = EDGE_CURVE ( 'NONE', #577, #1394, #1672, .T. ) ;
#2236 = CARTESIAN_POINT ( 'NONE',  ( -0.4154632224530427353, 0.02597800618052233459, 0.4500000000000011213 ) ) ;
#2237 = ORIENTED_EDGE ( 'NONE', *, *, #2176, .T. ) ;
#2238 = CARTESIAN_POINT ( 'NONE',  ( 0.4000000000000000777, -0.5899999999999998579, 0.04999999999999998196 ) ) ;
#2239 = CARTESIAN_POINT ( 'NONE',  ( -0.4105557501731157966, -0.2379907948170409959, 0.1806900814826110646 ) ) ;
#2240 = VERTEX_POINT ( 'NONE', #122 ) ;
#2241 = CARTESIAN_POINT ( 'NONE',  ( 0.4000000000000000777, 0.5900000000000000799, 0.04999999999999998196 ) ) ;
#2242 = CARTESIAN_POINT ( 'NONE',  ( -0.4603459920551478679, -0.6363877801413460045, 0.4300000000000004929 ) ) ;
#2243 = CARTESIAN_POINT ( 'NONE',  ( -0.4139816112265221615, 0.2492117629102628684, 0.1816774217404112657 ) ) ;
#2244 = VERTEX_POINT ( 'NONE', #3525 ) ;
#2245 =( NAMED_UNIT ( * ) PLANE_ANGLE_UNIT ( ) SI_UNIT ( $, .RADIAN. ) );
#2246 = CARTESIAN_POINT ( 'NONE',  ( -0.4500000000000010658, 0.5900000000000001910, 0.4500000000000017319 ) ) ;
#2247 = LINE ( 'NONE', #3808, #3544 ) ;
#2248 = PLANE ( 'NONE',  #3812 ) ;
#2249 = ORIENTED_EDGE ( 'NONE', *, *, #3573, .F. ) ;
#2250 = CARTESIAN_POINT ( 'NONE',  ( 0.5000000000000001110, -0.1756076731819112002, 0.04999999999999962808 ) ) ;
#2251 =( LENGTH_UNIT ( ) NAMED_UNIT ( * ) SI_UNIT ( $, .METRE. ) );
#2252 = CARTESIAN_POINT ( 'NONE',  ( -0.4833333333333336701, 0.1723923268180888313, 0.05000000000000105749 ) ) ;
#2253 = AXIS2_PLACEMENT_3D ( 'NONE', #1627, #3877, #3821 ) ;
#2254 = EDGE_LOOP ( 'NONE', ( #2404, #1319, #200, #156, #2916, #1769, #110, #165 ) ) ;
#2255 = ORIENTED_EDGE ( 'NONE', *, *, #490, .F. ) ;
#2256 = DIRECTION ( 'NONE',  ( -1.000000000000000000, -3.330669073875469621E-16, -2.834538159746102792E-15 ) ) ;
#2257 = EDGE_CURVE ( 'NONE', #2097, #2493, #1979, .T. ) ;
#2258 = ORIENTED_EDGE ( 'NONE', *, *, #3636, .T. ) ;
#2259 = CARTESIAN_POINT ( 'NONE',  ( 0.4500000000000015099, -0.5899999999999998579, 0.4300000000000002154 ) ) ;
#2260 = CARTESIAN_POINT ( 'NONE',  ( -0.4791666666666671848, -0.04361687836487007641, 0.1832466123836634098 ) ) ;
#2261 = VECTOR ( 'NONE', #586, 39.37007874015748143 ) ;
#2262 = CARTESIAN_POINT ( 'NONE',  ( -0.4319908056132614749, 0.3152058814551315091, 0.1825053775368729037 ) ) ;
#2263 = ORIENTED_EDGE ( 'NONE', *, *, #2463, .T. ) ;
#2264 =( CONVERSION_BASED_UNIT ( 'INCH', #1323 ) LENGTH_UNIT ( ) NAMED_UNIT ( #3442 ) );
#2265 = EDGE_CURVE ( 'NONE', #2279, #635, #2213, .T. ) ;
#2266 = STYLED_ITEM ( 'NONE', ( #3567 ), #2578 ) ;
#2267 = CARTESIAN_POINT ( 'NONE',  ( -0.5000000000000002220, 0.3811961634090445528, 0.05000000000000105749 ) ) ;
#2268 = CARTESIAN_POINT ( 'NONE',  ( -0.3779632224530433127, 0.4652286412751330258, 0.3133548434808218208 ) ) ;
#2269 = AXIS2_PLACEMENT_3D ( 'NONE', #2238, #394, #3205 ) ;
#2270 = EDGE_CURVE ( 'NONE', #3990, #3041, #1694, .T. ) ;
#2271 = VECTOR ( 'NONE', #2568, 39.37007874015748143 ) ;
#2272 = VERTEX_POINT ( 'NONE', #41 ) ;
#2273 = CARTESIAN_POINT ( 'NONE',  ( -0.1579774941164091007, -0.2765117976079783935, 4.439252989704427977E-16 ) ) ;
#2274 = CARTESIAN_POINT ( 'NONE',  ( -0.4000000000000002442, 0.5900000000000000799, 0.05000000000000000971 ) ) ;
#2275 = CARTESIAN_POINT ( 'NONE',  ( -0.4875000000000003220, 0.5683493649053894536, 0.4500000000000017319 ) ) ;
#2276 = ORIENTED_EDGE ( 'NONE', *, *, #1887, .F. ) ;
#2277 = CARTESIAN_POINT ( 'NONE',  ( 0.4499999999999999556, -0.2452306927276451665, -1.741553095960967777E-15 ) ) ;
#2278 = CARTESIAN_POINT ( 'NONE',  ( -0.3419448336795645194, 0.1940429619126995131, 0.3116989318878982673 ) ) ;
#2279 = VERTEX_POINT ( 'NONE', #447 ) ;
#2280 = CARTESIAN_POINT ( 'NONE',  ( -0.4375000000000003886, -0.6203108891324546903, 0.3992819973517156562 ) ) ;
#2281 = EDGE_CURVE ( 'NONE', #323, #766, #2649, .T. ) ;
#2282 = PLANE ( 'NONE',  #2002 ) ;
#2283 = ORIENTED_EDGE ( 'NONE', *, *, #1887, .T. ) ;
#2284 = ORIENTED_EDGE ( 'NONE', *, *, #3542, .T. ) ;
#2285 = ADVANCED_FACE ( 'NONE', ( #1767 ), #2095, .F. ) ;
#2286 = DIRECTION ( 'NONE',  ( -1.000000000000000000, 0.0000000000000000000, -3.500180241882336472E-15 ) ) ;
#2287 = EDGE_CURVE ( 'NONE', #788, #2169, #2431, .T. ) ;
#2288 = CARTESIAN_POINT ( 'NONE',  ( 0.4200000000000000955, 1.365923996832131609E-16, -1.536664496436148085E-15 ) ) ;
#2289 = ORIENTED_EDGE ( 'NONE', *, *, #3388, .F. ) ;
#2290 = CARTESIAN_POINT ( 'NONE',  ( -0.3794448336795639420, -0.2452076731819112232, 0.4500000000000008438 ) ) ;
#2291 = DIRECTION ( 'NONE',  ( -0.0000000000000000000, 1.000000000000000000, 8.537024980200832418E-17 ) ) ;
#2292 = PLANE ( 'NONE',  #3372 ) ;
#2293 = ORIENTED_EDGE ( 'NONE', *, *, #1185, .T. ) ;
#2294 = CARTESIAN_POINT ( 'NONE',  ( 0.4875000000000004885, -0.05805063509461060728, 0.3164065038176566702 ) ) ;
#2295 = CARTESIAN_POINT ( 'NONE',  ( -0.4603459920551469242, 0.008556624327025957183, -1.331775896911328393E-15 ) ) ;
#2296 = ORIENTED_EDGE ( 'NONE', *, *, #1937, .T. ) ;
#2297 = LINE ( 'NONE', #3229, #994 ) ;
#2298 = CARTESIAN_POINT ( 'NONE',  ( 0.5000000000000001110, 0.3811961634090444973, 0.05000000000000006523 ) ) ;
#2299 = ORIENTED_EDGE ( 'NONE', *, *, #434, .T. ) ;
#2300 = DIRECTION ( 'NONE',  ( 0.0000000000000000000, 1.000000000000000000, 3.014082039509701710E-17 ) ) ;
#2301 = ORIENTED_EDGE ( 'NONE', *, *, #3012, .F. ) ;
#2302 = CARTESIAN_POINT ( 'NONE',  ( 0.4397224168397821931, 0.3811923268180888447, 0.1803713125599359923 ) ) ;
#2303 = EDGE_CURVE ( 'NONE', #56, #2240, #1687, .T. ) ;
#2304 = EDGE_LOOP ( 'NONE', ( #1291, #2821, #1258, #655 ) ) ;
#2305 = VERTEX_POINT ( 'NONE', #3605 ) ;
#2306 = EDGE_CURVE ( 'NONE', #1524, #1625, #1203, .T. ) ;
#2307 = CARTESIAN_POINT ( 'NONE',  ( 0.4139816112265222725, 0.1100143206375666094, 0.4500000000000017319 ) ) ;
#2308 = VECTOR ( 'NONE', #2926, 39.37007874015748854 ) ;
#2309 =( NAMED_UNIT ( * ) SI_UNIT ( $, .STERADIAN. ) SOLID_ANGLE_UNIT ( ) );
#2310 = CARTESIAN_POINT ( 'NONE',  ( -0.4875000000000003220, 0.5683493649053894536, 0.3164065038176566702 ) ) ;
#2311 = ORIENTED_EDGE ( 'NONE', *, *, #2154, .F. ) ;
#2312 = VECTOR ( 'NONE', #2402, 39.37007874015748143 ) ;
#2313 = CARTESIAN_POINT ( 'NONE',  ( 0.5000000000000016653, -0.2452306927276451665, 0.4500000000000034528 ) ) ;
#2314 = DIRECTION ( 'NONE',  ( 1.000000000000000000, 0.0000000000000000000, -0.0000000000000000000 ) ) ;
#2315 = EDGE_CURVE ( 'NONE', #3575, #808, #1845, .T. ) ;
#2316 = ORIENTED_EDGE ( 'NONE', *, *, #1388, .F. ) ;
#2317 = AXIS2_PLACEMENT_3D ( 'NONE', #1094, #2347, #1633 ) ;
#2318 = B_SPLINE_CURVE_WITH_KNOTS ( 'NONE', 3,
 ( #3758, #1930, #2582, #3459 ),
 .UNSPECIFIED., .F., .F.,
 ( 4, 4 ),
 ( 0.0000000000000000000, 2.365654351738825088E-06 ),
 .UNSPECIFIED. ) ;
#2319 = LINE ( 'NONE', #3477, #3799 ) ;
#2320 = FACE_OUTER_BOUND ( 'NONE', #1964, .T. ) ;
#2321 = CARTESIAN_POINT ( 'NONE',  ( 0.3959724168397827926, 0.3920176443653941578, 0.1808494659439499608 ) ) ;
#2322 = CARTESIAN_POINT ( 'NONE',  ( -0.4105557501731157966, -0.02919079481704094786, 0.1806900814826113699 ) ) ;
#2323 = ORIENTED_EDGE ( 'NONE', *, *, #1517, .F. ) ;
#2324 = CARTESIAN_POINT ( 'NONE',  ( 0.5000000000000004441, 0.1723923268180888313, 0.05000000000000134198 ) ) ;
#2325 = AXIS2_PLACEMENT_3D ( 'NONE', #3412, #2114, #3085 ) ;
#2326 = CARTESIAN_POINT ( 'NONE',  ( 0.4499994402554013395, -0.03640254928183266070, 0.1612782550332006459 ) ) ;
#2327 = DIRECTION ( 'NONE',  ( 3.542305337944639692E-15, -2.428612866367529316E-17, 1.000000000000000000 ) ) ;
#2328 = VECTOR ( 'NONE', #644, 39.37007874015748854 ) ;
#2329 = ORIENTED_EDGE ( 'NONE', *, *, #3797, .T. ) ;
#2330 = ORIENTED_EDGE ( 'NONE', *, *, #3278, .T. ) ;
#2331 = LINE ( 'NONE', #2655, #3490 ) ;
#2332 = VECTOR ( 'NONE', #203, 39.37007874015748143 ) ;
#2333 = EDGE_CURVE ( 'NONE', #3942, #2721, #228, .T. ) ;
#2334 = CARTESIAN_POINT ( 'NONE',  ( 0.3779632224530434792, 0.2564286412751330402, 0.3133548434808218208 ) ) ;
#2335 = DIRECTION ( 'NONE',  ( -1.000000000000000000, 0.0000000000000000000, -3.490694658571001621E-15 ) ) ;
#2336 = CARTESIAN_POINT ( 'NONE',  ( 0.4500261134997028400, 0.1723948824390163781, 0.1612768475909045485 ) ) ;
#2337 = EDGE_CURVE ( 'NONE', #3009, #3218, #3730, .T. ) ;
#2338 = CARTESIAN_POINT ( 'NONE',  ( 0.4500000000000005107, -0.5899999999999998579, 0.1409393892357523603 ) ) ;
#2339 = CARTESIAN_POINT ( 'NONE',  ( 0.5000000000000016653, -0.5899999999999998579, 0.4499999999999999556 ) ) ;
#2340 = VERTEX_POINT ( 'NONE', #140 ) ;
#2341 = CARTESIAN_POINT ( 'NONE',  ( -0.5000000000000002220, -0.03639999999999984914, 0.05000000000000045380 ) ) ;
#2342 = EDGE_CURVE ( 'NONE', #2446, #3575, #2563, .T. ) ;
#2343 = PRESENTATION_STYLE_ASSIGNMENT (( #3002 ) ) ;
#2344 = ORIENTED_EDGE ( 'NONE', *, *, #226, .T. ) ;
#2345 = CARTESIAN_POINT ( 'NONE',  ( -0.4500000000000007883, -0.03640767318191117513, 0.05000000000000076605 ) ) ;
#2346 = CARTESIAN_POINT ( 'NONE',  ( 0.4903459920551477835, -0.6363877801413463375, 0.3899999999999995692 ) ) ;
#2347 = DIRECTION ( 'NONE',  ( 3.191891195797324561E-16, -1.000000000000000000, 1.007006977804536518E-15 ) ) ;
#2348 = CARTESIAN_POINT ( 'NONE',  ( 0.4500391720739106427, -0.03640767318191117513, 0.1612445739078819662 ) ) ;
#2349 = CARTESIAN_POINT ( 'NONE',  ( -0.4500000000000002331, 0.2419923268180888265, 0.04999999999999982236 ) ) ;
#2350 = ORIENTED_EDGE ( 'NONE', *, *, #536, .T. ) ;
#2351 = CARTESIAN_POINT ( 'NONE',  ( -0.3794448336795639420, 0.3811923268180888447, 0.3107426251198706080 ) ) ;
#2352 = CARTESIAN_POINT ( 'NONE',  ( 0.3419448336795646859, 0.1940429619126995131, 0.3116989318878985449 ) ) ;
#2353 = CARTESIAN_POINT ( 'NONE',  ( -0.5000000000000002220, -0.03639999999999984914, 0.05000000000000045380 ) ) ;
#2354 = ORIENTED_EDGE ( 'NONE', *, *, #220, .T. ) ;
#2355 = DIRECTION ( 'NONE',  ( -0.5000000000000012212, 0.8660254037844377084, 0.0000000000000000000 ) ) ;
#2356 = CARTESIAN_POINT ( 'NONE',  ( -0.4666666664680573229, -0.03640252546380050302, 0.05009331221382182925 ) ) ;
#2357 = ADVANCED_FACE ( 'NONE', ( #2673 ), #2993, .F. ) ;
#2358 = EDGE_LOOP ( 'NONE', ( #73, #1413, #1892, #1469 ) ) ;
#2359 = CARTESIAN_POINT ( 'NONE',  ( 0.4500000000000010658, 0.3812000000000001498, 0.05000000000000134198 ) ) ;
#2360 = CARTESIAN_POINT ( 'NONE',  ( 0.4154632224530428464, -0.1828219938194776961, 0.3126305846857992954 ) ) ;
#2361 = CARTESIAN_POINT ( 'NONE',  ( -0.4541666666177209266, 0.1723993719458594698, 0.05009293546932317570 ) ) ;
#2362 = EDGE_LOOP ( 'NONE', ( #1012, #704, #479, #249, #28, #3149, #3156 ) ) ;
#2363 = ADVANCED_FACE ( 'NONE', ( #2047 ), #1195, .F. ) ;
#2364 = CARTESIAN_POINT ( 'NONE',  ( 0.5000000000000001110, 0.1723961634090445116, 0.05000000000000006523 ) ) ;
#2365 = DIRECTION ( 'NONE',  ( 0.0000000000000000000, -0.0000000000000000000, 1.000000000000000000 ) ) ;
#2366 = CARTESIAN_POINT ( 'NONE',  ( -0.4500000000000007327, -0.5899999999999998579, 0.2832180026482838398 ) ) ;
#2367 = DIRECTION ( 'NONE',  ( -1.000000000000000000, -1.157562709179772579E-16, 3.490694658571001621E-15 ) ) ;
#2368 = DIMENSIONAL_EXPONENTS ( 1.000000000000000000, 0.0000000000000000000, 0.0000000000000000000, 0.0000000000000000000, 0.0000000000000000000, 0.0000000000000000000, 0.0000000000000000000 ) ;
#2369 = B_SPLINE_SURFACE_WITH_KNOTS ( 'NONE', 3, 3, ( 
 ( #1186, #1815, #555, #1250 ),
 ( #3074, #2178, #2498, #2199 ),
 ( #3125, #3434, #3700, #1266 ),
 ( #871, #2157, #626, #329 ) ),
 .UNSPECIFIED., .F., .F., .F.,
 ( 4, 4 ),
 ( 4, 4 ),
 ( 0.0000000000000000000, 1.000000000000000000 ),
 ( 0.0000000000000000000, 1.000000000000000000 ),
 .UNSPECIFIED. ) ;
#2370 = VERTEX_POINT ( 'NONE', #3848 ) ;
#2371 = CARTESIAN_POINT ( 'NONE',  ( -0.3959724168397826816, 0.3920176443653941578, 0.1808494659439499608 ) ) ;
#2372 = CARTESIAN_POINT ( 'NONE',  ( 0.4500000000000012323, 0.3812000000000001498, 0.4500000000000017319 ) ) ;
#2373 = CARTESIAN_POINT ( 'NONE',  ( -0.4875000000000003220, -0.05805063509461060728, 0.3164065038176557820 ) ) ;
#2374 = FACE_OUTER_BOUND ( 'NONE', #448, .T. ) ;
#2375 = ORIENTED_EDGE ( 'NONE', *, *, #904, .T. ) ;
#2376 = LINE ( 'NONE', #172, #48 ) ;
#2377 = VECTOR ( 'NONE', #2106, 39.37007874015748854 ) ;
#2378 = CARTESIAN_POINT ( 'NONE',  ( 0.4500000000000010658, 0.3812000000000001498, 0.4500000000000017319 ) ) ;
#2379 = ORIENTED_EDGE ( 'NONE', *, *, #115, .F. ) ;
#2380 = PRESENTATION_STYLE_ASSIGNMENT (( #1174 ) ) ;
#2381 = CARTESIAN_POINT ( 'NONE',  ( 0.4937500000000004108, -0.04722531754730523168, 0.1832032519088290234 ) ) ;
#2382 = VECTOR ( 'NONE', #3579, 39.37007874015748143 ) ;
#2383 =( LENGTH_UNIT ( ) NAMED_UNIT ( * ) SI_UNIT ( $, .METRE. ) );
#2384 = EDGE_CURVE ( 'NONE', #3472, #1144, #1148, .T. ) ;
#2385 = EDGE_LOOP ( 'NONE', ( #3346, #1874, #337, #3667 ) ) ;
#2386 = LINE ( 'NONE', #205, #2594 ) ;
#2387 = STYLED_ITEM ( 'NONE', ( #2927 ), #1383 ) ;
#2388 = CARTESIAN_POINT ( 'NONE',  ( -0.5000000000000002220, 0.5900000000000000799, 0.05000000000000048850 ) ) ;
#2389 = FACE_OUTER_BOUND ( 'NONE', #713, .T. ) ;
#2390 = B_SPLINE_CURVE_WITH_KNOTS ( 'NONE', 3,
 ( #3670, #803, #3330, #2761 ),
 .UNSPECIFIED., .F., .F.,
 ( 4, 4 ),
 ( 0.0000000000000000000, 2.398315787237853802E-06 ),
 .UNSPECIFIED. ) ;
#2391 = CARTESIAN_POINT ( 'NONE',  ( 0.5000000000000001110, 0.4508000000000002006, 0.04999999999999962808 ) ) ;
#2392 = PRESENTATION_LAYER_ASSIGNMENT (  '', '', ( #1215 ) ) ;
#2393 = CARTESIAN_POINT ( 'NONE',  ( -0.4500000000000002331, 0.3115923268180888495, 0.04999999999999982236 ) ) ;
#2394 = EDGE_CURVE ( 'NONE', #3313, #2886, #453, .T. ) ;
#2395 = ORIENTED_EDGE ( 'NONE', *, *, #2517, .F. ) ;
#2396 = DIRECTION ( 'NONE',  ( 0.8660254037844374864, -0.5000000000000019984, 0.0000000000000000000 ) ) ;
#2397 = EDGE_CURVE ( 'NONE', #2611, #2684, #901, .T. ) ;
#2398 = VECTOR ( 'NONE', #1391, 39.37007874015748143 ) ;
#2399 = DIRECTION ( 'NONE',  ( -0.8660254037844379305, 0.5000000000000012212, 0.0000000000000000000 ) ) ;
#2400 = CARTESIAN_POINT ( 'NONE',  ( 0.5000000000000016653, -0.2452306927276451665, 0.4500000000000034528 ) ) ;
#2401 = COLOUR_RGB ( '',0.8980392156862745390, 0.9176470588235293713, 0.9294117647058823817 ) ;
#2402 = DIRECTION ( 'NONE',  ( -1.000000000000000000, -0.0000000000000000000, -0.0000000000000000000 ) ) ;
#2403 = CARTESIAN_POINT ( 'NONE',  ( -0.4500000000000015654, -0.2896605556175895213, 0.4300000000000002709 ) ) ;
#2404 = ORIENTED_EDGE ( 'NONE', *, *, #1866, .F. ) ;
#2405 = LINE ( 'NONE', #1850, #2592 ) ;
#2406 = CARTESIAN_POINT ( 'NONE',  ( -0.3794448336795639420, 0.1723923268180888313, 0.3503134342210837970 ) ) ;
#2407 = ORIENTED_EDGE ( 'NONE', *, *, #1464, .F. ) ;
#2408 = CARTESIAN_POINT ( 'NONE',  ( 0.3794448336795640531, -0.2452076731819112232, 0.4500000000000017319 ) ) ;
#2409 = CARTESIAN_POINT ( 'NONE',  ( 0.3794448336795640531, -0.2452076731819112232, 0.4500000000000017319 ) ) ;
#2410 = ORIENTED_EDGE ( 'NONE', *, *, #2604, .F. ) ;
#2411 = DIRECTION ( 'NONE',  ( 0.0000000000000000000, 1.000000000000000000, 0.0000000000000000000 ) ) ;
#2412 = VECTOR ( 'NONE', #1759, 39.37007874015748143 ) ;
#2413 = FACE_OUTER_BOUND ( 'NONE', #1107, .T. ) ;
#2414 = EDGE_CURVE ( 'NONE', #1073, #3036, #1456, .T. ) ;
#2415 = CARTESIAN_POINT ( 'NONE',  ( -0.4500130558527210001, -0.03640255763330983024, 0.1613091211426247729 ) ) ;
#2416 = ORIENTED_EDGE ( 'NONE', *, *, #284, .T. ) ;
#2417 = CARTESIAN_POINT ( 'NONE',  ( 0.4903459920551471174, -0.6235768910088923533, 0.3026036297108188333 ) ) ;
#2418 = ADVANCED_FACE ( 'NONE', ( #2680 ), #2662, .T. ) ;
#2419 = LENGTH_MEASURE_WITH_UNIT ( LENGTH_MEASURE( 0.02539999999999999897 ), #3332 );
#2420 = ORIENTED_EDGE ( 'NONE', *, *, #3555, .F. ) ;
#2421 = PLANE ( 'NONE',  #2851 ) ;
#2422 =( BOUNDED_CURVE ( )  B_SPLINE_CURVE ( 3, ( #2346, #682, #761, #1960 ),
 .UNSPECIFIED., .F., .T. ) 
 B_SPLINE_CURVE_WITH_KNOTS ( ( 4, 4 ),
 ( 1.570796326794900333, 2.617993877991416252 ),
 .UNSPECIFIED. ) 
 CURVE ( )  GEOMETRIC_REPRESENTATION_ITEM ( )  RATIONAL_B_SPLINE_CURVE ( ( 1.000000000000000000, 0.9106836025229727571, 0.9106836025229727571, 1.000000000000000000 ) ) 
 REPRESENTATION_ITEM ( '' )  );
#2423 = LINE ( 'NONE', #2461, #2207 ) ;
#2424 = ORIENTED_EDGE ( 'NONE', *, *, #3754, .F. ) ;
#2425 = CARTESIAN_POINT ( 'NONE',  ( 0.5000000000000004441, 0.03319488454539263472, 0.05000000000000134198 ) ) ;
#2426 = ORIENTED_EDGE ( 'NONE', *, *, #1043, .T. ) ;
#2427 =( NAMED_UNIT ( * ) SI_UNIT ( $, .STERADIAN. ) SOLID_ANGLE_UNIT ( ) );
#2428 = ORIENTED_EDGE ( 'NONE', *, *, #65, .F. ) ;
#2429 = DIRECTION ( 'NONE',  ( 1.000000000000000000, 4.440892098500626162E-16, 2.834538159746102792E-15 ) ) ;
#2430 = CARTESIAN_POINT ( 'NONE',  ( 0.4500000000000002331, -0.5899999999999998579, 0.04999999999999980849 ) ) ;
#2431 = B_SPLINE_CURVE_WITH_KNOTS ( 'NONE', 3,
 ( #2626, #208, #741, #2348 ),
 .UNSPECIFIED., .F., .F.,
 ( 4, 4 ),
 ( 0.0002415949489072359677, 0.2839101588440291479 ),
 .UNSPECIFIED. ) ;
#2432 = CARTESIAN_POINT ( 'NONE',  ( 0.4728459920551486562, -0.6060768910088927264, 0.1409393892357521660 ) ) ;
#2433 = ORIENTED_EDGE ( 'NONE', *, *, #1211, .T. ) ;
#2434 = DIRECTION ( 'NONE',  ( 0.0000000000000000000, -1.000000000000000000, -8.537024980200832418E-17 ) ) ;
#2435 = CARTESIAN_POINT ( 'NONE',  ( 0.4500000000000010658, 0.1724000000000001920, 0.05000000000000134198 ) ) ;
#2436 = CARTESIAN_POINT ( 'NONE',  ( -0.4499999999999999556, -0.2452306927276452220, -1.741553095960967777E-15 ) ) ;
#2437 = ORIENTED_EDGE ( 'NONE', *, *, #1695, .F. ) ;
#2438 = CARTESIAN_POINT ( 'NONE',  ( -0.4750000000000005329, 0.3667662432702596953, 0.4500000000000015099 ) ) ;
#2439 = DIRECTION ( 'NONE',  ( 1.000000000000000000, 1.387778780781445213E-17, -3.493733080617288305E-15 ) ) ;
#2440 = SURFACE_STYLE_USAGE ( .BOTH. , #2748 ) ;
#2441 = ADVANCED_FACE ( 'NONE', ( #2964 ), #3964, .F. ) ;
#2442 = CARTESIAN_POINT ( 'NONE',  ( 0.4500000000000012323, 0.3812000000000001498, 0.2500000000000015543 ) ) ;
#2443 = CARTESIAN_POINT ( 'NONE',  ( 0.02002953364167212036, -0.3561560897222275091, 0.5517918418989420370 ) ) ;
#2444 = B_SPLINE_SURFACE_WITH_KNOTS ( 'NONE', 3, 3, ( 
 ( #2528, #1624, #1318, #3192 ),
 ( #3777, #396, #1642, #977 ),
 ( #416, #2239, #3475, #2881 ),
 ( #3172, #92, #2997, #1686 ) ),
 .UNSPECIFIED., .F., .F., .F.,
 ( 4, 4 ),
 ( 4, 4 ),
 ( 0.0000000000000000000, 1.000000000000000000 ),
 ( 0.0000000000000000000, 1.000000000000000000 ),
 .UNSPECIFIED. ) ;
#2445 = SURFACE_STYLE_FILL_AREA ( #1251 ) ;
#2446 = VERTEX_POINT ( 'NONE', #3612 ) ;
#2447 = CARTESIAN_POINT ( 'NONE',  ( 0.4666666666666672292, 0.5900000000000000799, 0.04999999999999974604 ) ) ;
#2448 = ORIENTED_EDGE ( 'NONE', *, *, #3503, .T. ) ;
#2449 = DIRECTION ( 'NONE',  ( -2.834538159746101609E-15, 2.125036258071588074E-17, -1.000000000000000000 ) ) ;
#2450 = CARTESIAN_POINT ( 'NONE',  ( 0.4577316112265216175, -0.1792135546370425547, 0.1813152923429003360 ) ) ;
#2451 = B_SPLINE_CURVE_WITH_KNOTS ( 'NONE', 3,
 ( #2686, #439, #1130, #773 ),
 .UNSPECIFIED., .F., .F.,
 ( 4, 4 ),
 ( 0.0000000000000000000, 1.000000000000000000 ),
 .UNSPECIFIED. ) ;
#2452 = VECTOR ( 'NONE', #2932, 39.37007874015748854 ) ;
#2453 = EDGE_CURVE ( 'NONE', #2734, #3659, #814, .T. ) ;
#2454 = ORIENTED_EDGE ( 'NONE', *, *, #1893, .T. ) ;
#2455 = CARTESIAN_POINT ( 'NONE',  ( 0.3959724168397827926, -0.2343823556346059100, 0.1808494659439499608 ) ) ;
#2456 = LINE ( 'NONE', #938, #1802 ) ;
#2457 = DIRECTION ( 'NONE',  ( 0.0000000000000000000, 1.000000000000000000, 0.0000000000000000000 ) ) ;
#2458 = ORIENTED_EDGE ( 'NONE', *, *, #1051, .F. ) ;
#2459 = VECTOR ( 'NONE', #3397, 39.37007874015748854 ) ;
#2460 = PRESENTATION_STYLE_ASSIGNMENT (( #3673 ) ) ;
#2461 = CARTESIAN_POINT ( 'NONE',  ( -0.4500000000000015099, -0.5899999999999997469, 0.4300000000000002154 ) ) ;
#2462 = LINE ( 'NONE', #2750, #932 ) ;
#2463 = EDGE_CURVE ( 'NONE', #2340, #3671, #3719, .T. ) ;
#2464 =( GEOMETRIC_REPRESENTATION_CONTEXT ( 3 ) GLOBAL_UNCERTAINTY_ASSIGNED_CONTEXT ( ( #3244 ) ) GLOBAL_UNIT_ASSIGNED_CONTEXT ( ( #1208, #2770, #3075 ) ) REPRESENTATION_CONTEXT ( 'NONE', 'WORKASPACE' ) );
#2465 = ORIENTED_EDGE ( 'NONE', *, *, #776, .F. ) ;
#2466 = CARTESIAN_POINT ( 'NONE',  ( -0.4657597746517966320, 0.3811923268180888447, 0.1240591502107948885 ) ) ;
#2467 = DIRECTION ( 'NONE',  ( 0.0000000000000000000, 0.0000000000000000000, 1.000000000000000000 ) ) ;
#2468 = VECTOR ( 'NONE', #255, 39.37007874015748143 ) ;
#2469 = ORIENTED_EDGE ( 'NONE', *, *, #3892, .T. ) ;
#2470 = EDGE_CURVE ( 'NONE', #721, #3740, #2522, .T. ) ;
#2471 = CARTESIAN_POINT ( 'NONE',  ( 0.4875000000000004885, 0.1507493649053895102, 0.4500000000000017319 ) ) ;
#2472 = STYLED_ITEM ( 'NONE', ( #1837 ), #2909 ) ;
#2473 = DIRECTION ( 'NONE',  ( 6.831341048396664760E-15, -2.970713952610281533E-17, 1.000000000000000000 ) ) ;
#2474 = ORIENTED_EDGE ( 'NONE', *, *, #2509, .T. ) ;
#2475 = ORIENTED_EDGE ( 'NONE', *, *, #2876, .F. ) ;
#2476 = VECTOR ( 'NONE', #2208, 39.37007874015748854 ) ;
#2477 = CARTESIAN_POINT ( 'NONE',  ( 0.4666666666666675067, 0.5900000000000001910, 0.05000000000000134198 ) ) ;
#2478 = CARTESIAN_POINT ( 'NONE',  ( 0.5000000000000000000, -0.5899999999999998579, -1.707404996040164512E-16 ) ) ;
#2479 = FACE_OUTER_BOUND ( 'NONE', #3457, .T. ) ;
#2480 = B_SPLINE_SURFACE_WITH_KNOTS ( 'NONE', 3, 3, ( 
 ( #2227, #3823, #2885, #1628 ),
 ( #38, #2243, #2566, #2605 ),
 ( #3840, #2262, #3447, #643 ),
 ( #60, #1608, #343, #982 ) ),
 .UNSPECIFIED., .F., .F., .F.,
 ( 4, 4 ),
 ( 4, 4 ),
 ( 0.0000000000000000000, 1.000000000000000000 ),
 ( 0.0000000000000000000, 1.000000000000000000 ),
 .UNSPECIFIED. ) ;
#2481 = CARTESIAN_POINT ( 'NONE',  ( 0.4500261147093989056, 0.3811948844926383306, 0.1612453458311419452 ) ) ;
#2482 = CARTESIAN_POINT ( 'NONE',  ( 0.4375000000000003886, -0.6203108891324548013, 0.3992819973517156562 ) ) ;
#2483 = LINE ( 'NONE', #290, #1476 ) ;
#2484 = UNCERTAINTY_MEASURE_WITH_UNIT (LENGTH_MEASURE( 1.000000000000000082E-05 ), #3202, 'distance_accuracy_value', 'NONE');
#2485 = CARTESIAN_POINT ( 'NONE',  ( 0.4500391720739118639, 0.3811923268180888447, 0.1612445739078793017 ) ) ;
#2486 = ORIENTED_EDGE ( 'NONE', *, *, #826, .F. ) ;
#2487 = PRESENTATION_STYLE_ASSIGNMENT (( #295 ) ) ;
#2488 = FILL_AREA_STYLE ('',( #2807 ) ) ;
#2489 = DIRECTION ( 'NONE',  ( -0.5000000000000009992, -0.8660254037844379305, 0.0000000000000000000 ) ) ;
#2490 = CARTESIAN_POINT ( 'NONE',  ( 0.3794448336795640531, -0.2452076731819112232, 0.3107426251198706080 ) ) ;
#2491 = EDGE_CURVE ( 'NONE', #462, #3815, #2177, .T. ) ;
#2492 = EDGE_CURVE ( 'NONE', #1603, #2753, #3073, .T. ) ;
#2493 = VERTEX_POINT ( 'NONE', #3675 ) ;
#2494 = LINE ( 'NONE', #2210, #2776 ) ;
#2495 = CARTESIAN_POINT ( 'NONE',  ( 0.3419448336795646859, -0.2235570380873005136, 0.4500000000000017319 ) ) ;
#2496 = SURFACE_STYLE_FILL_AREA ( #3729 ) ;
#2497 = EDGE_CURVE ( 'NONE', #2240, #3888, #2423, .T. ) ;
#2498 = CARTESIAN_POINT ( 'NONE',  ( 0.3669448336795642640, -0.02919079481704094786, 0.3110613940425466240 ) ) ;
#2499 = PRESENTATION_STYLE_ASSIGNMENT (( #3750 ) ) ;
#2500 = ORIENTED_EDGE ( 'NONE', *, *, #1566, .T. ) ;
#2501 =( LENGTH_UNIT ( ) NAMED_UNIT ( * ) SI_UNIT ( $, .METRE. ) );
#2502 = DIRECTION ( 'NONE',  ( -1.000000000000000000, -5.787813545898862897E-17, -3.491481338843132961E-15 ) ) ;
#2503 = CARTESIAN_POINT ( 'NONE',  ( 0.4833333333333339477, -0.03639999999999984914, 0.05000000000000134198 ) ) ;
#2504 = ORIENTED_EDGE ( 'NONE', *, *, #2604, .T. ) ;
#2505 = CARTESIAN_POINT ( 'NONE',  ( 0.3669448336795642640, -0.2379907948170409959, 0.4500000000000017319 ) ) ;
#2506 = ORIENTED_EDGE ( 'NONE', *, *, #191, .F. ) ;
#2507 = CARTESIAN_POINT ( 'NONE',  ( -0.4603459920551475903, -0.6363877801413463375, 0.3899999999999996803 ) ) ;
#2508 = CARTESIAN_POINT ( 'NONE',  ( 0.4903459920551465623, -0.7599999999999995648, -1.434220196673738239E-15 ) ) ;
#2509 = EDGE_CURVE ( 'NONE', #1904, #3036, #1232, .T. ) ;
#2510 = CARTESIAN_POINT ( 'NONE',  ( -0.4500000000000010658, 0.1724000000000001920, 0.05009281937524968920 ) ) ;
#2511 = ADVANCED_FACE ( 'NONE', ( #1168, #849 ), #537, .T. ) ;
#2512 = CARTESIAN_POINT ( 'NONE',  ( -0.3959724168397826816, 0.3920176443653941578, 0.1808494659439499608 ) ) ;
#2513 =( GEOMETRIC_REPRESENTATION_CONTEXT ( 3 ) GLOBAL_UNCERTAINTY_ASSIGNED_CONTEXT ( ( #2484 ) ) GLOBAL_UNIT_ASSIGNED_CONTEXT ( ( #3202, #711, #2309 ) ) REPRESENTATION_CONTEXT ( 'NONE', 'WORKASPACE' ) );
#2514 = VECTOR ( 'NONE', #2775, 39.37007874015748143 ) ;
#2515 = CARTESIAN_POINT ( 'NONE',  ( 0.4791229786545111446, 0.1723955659655745376, 0.05009372246484485036 ) ) ;
#2516 = UNCERTAINTY_MEASURE_WITH_UNIT (LENGTH_MEASURE( 1.000000000000000082E-05 ), #3682, 'distance_accuracy_value', 'NONE');
#2517 = EDGE_CURVE ( 'NONE', #3659, #3907, #3413, .T. ) ;
#2518 = LINE ( 'NONE', #2159, #1747 ) ;
#2519 = ORIENTED_EDGE ( 'NONE', *, *, #1667, .T. ) ;
#2520 = LINE ( 'NONE', #648, #2990 ) ;
#2521 = EDGE_LOOP ( 'NONE', ( #1400, #331, #1896, #2707, #3616, #5, #499 ) ) ;
#2522 =( BOUNDED_CURVE ( )  B_SPLINE_CURVE ( 3, ( #3336, #1521, #912, #2482 ),
 .UNSPECIFIED., .F., .T. ) 
 B_SPLINE_CURVE_WITH_KNOTS ( ( 4, 4 ),
 ( 1.570796326794892339, 2.617993877991469098 ),
 .UNSPECIFIED. ) 
 CURVE ( )  GEOMETRIC_REPRESENTATION_ITEM ( )  RATIONAL_B_SPLINE_CURVE ( ( 1.000000000000000000, 0.9106836025229625431, 0.9106836025229625431, 1.000000000000000000 ) ) 
 REPRESENTATION_ITEM ( '' )  );
#2523 = CARTESIAN_POINT ( 'NONE',  ( -0.4200000000000015388, -0.2896605556175895768, 0.4300000000000003264 ) ) ;
#2524 = ORIENTED_EDGE ( 'NONE', *, *, #1331, .F. ) ;
#2525 = CARTESIAN_POINT ( 'NONE',  ( 0.3794448336795640531, 0.1723923268180888313, 0.3107426251198706080 ) ) ;
#2526 = VECTOR ( 'NONE', #3315, 39.37007874015748143 ) ;
#2527 = ORIENTED_EDGE ( 'NONE', *, *, #106, .T. ) ;
#2528 = CARTESIAN_POINT ( 'NONE',  ( -0.5000000000000002220, -0.2452076731819112232, 0.05000000000000045380 ) ) ;
#2529 = ORIENTED_EDGE ( 'NONE', *, *, #1167, .T. ) ;
#2530 = LINE ( 'NONE', #1690, #3738 ) ;
#2531 = CARTESIAN_POINT ( 'NONE',  ( 0.4500000000000009548, -0.2452076731819112232, 0.05000000000000134198 ) ) ;
#2532 = VECTOR ( 'NONE', #1709, 39.37007874015748143 ) ;
#2533 = CARTESIAN_POINT ( 'NONE',  ( -0.4645833333333340698, 0.1687915608175650506, 0.1832899728584990173 ) ) ;
#2534 = CARTESIAN_POINT ( 'NONE',  ( -0.4264054445662281423, -0.6139054445662273096, 0.2970198175036931620 ) ) ;
#2535 = VECTOR ( 'NONE', #2434, 39.37007874015748143 ) ;
#2536 = EDGE_CURVE ( 'NONE', #3497, #2370, #2136, .T. ) ;
#2537 = CARTESIAN_POINT ( 'NONE',  ( 0.3419448336795646859, 0.4028429619126995265, 0.4500000000000017319 ) ) ;
#2538 = EDGE_CURVE ( 'NONE', #3610, #2961, #327, .T. ) ;
#2539 = ADVANCED_FACE ( 'NONE', ( #1790 ), #3962, .T. ) ;
#2540 = CARTESIAN_POINT ( 'NONE',  ( 0.4832896452690988442, 0.1723949232577175750, 0.05009386759667286415 ) ) ;
#2541 = FACE_OUTER_BOUND ( 'NONE', #1113, .T. ) ;
#2542 = EDGE_LOOP ( 'NONE', ( #3562, #3168, #427, #1369 ) ) ;
#2543 = PRODUCT_CONTEXT ( 'NONE', #3680, 'mechanical' ) ;
#2544 = EDGE_CURVE ( 'NONE', #1136, #504, #3377, .T. ) ;
#2545 = DIRECTION ( 'NONE',  ( -1.000000000000000000, 0.0000000000000000000, -2.834538159746102792E-15 ) ) ;
#2546 = VERTEX_POINT ( 'NONE', #2749 ) ;
#2547 = CARTESIAN_POINT ( 'NONE',  ( 0.3794448336795640531, -0.2452076731819112232, 0.4500000000000017319 ) ) ;
#2548 = LINE ( 'NONE', #3207, #2660 ) ;
#2549 = ORIENTED_EDGE ( 'NONE', *, *, #1889, .F. ) ;
#2550 = CARTESIAN_POINT ( 'NONE',  ( 0.4500000000000012323, 0.3812000000000001498, 0.05009281937524900918 ) ) ;
#2551 = CARTESIAN_POINT ( 'NONE',  ( -0.4139816112265221615, -0.1683882370897371861, 0.1816774217404106828 ) ) ;
#2552 = DIRECTION ( 'NONE',  ( 0.5000000000000031086, -0.8660254037844368202, 0.0000000000000000000 ) ) ;
#2553 = ORIENTED_EDGE ( 'NONE', *, *, #1471, .T. ) ;
#2554 = CARTESIAN_POINT ( 'NONE',  ( 0.4999563117218766006, 0.1723923268180871937, 0.05009449115213800152 ) ) ;
#2555 = CARTESIAN_POINT ( 'NONE',  ( 0.4500000000000012323, 0.1724000000000001920, 0.05009281937524982797 ) ) ;
#2556 = ORIENTED_EDGE ( 'NONE', *, *, #1209, .T. ) ;
#2557 = CYLINDRICAL_SURFACE ( 'NONE', #1351, 0.03499999999999955924 ) ;
#2558 = CARTESIAN_POINT ( 'NONE',  ( -0.4578459920551481988, -0.6320576531224245675, 0.3924999999999994604 ) ) ;
#2559 = CARTESIAN_POINT ( 'NONE',  ( -0.4577316112265215065, 0.02958644536295748292, 0.1813152923428997532 ) ) ;
#2560 = EDGE_CURVE ( 'NONE', #1541, #3055, #3920, .T. ) ;
#2561 = CARTESIAN_POINT ( 'NONE',  ( 0.4500000000000012323, -0.03639999999999985608, 0.1612468894782111417 ) ) ;
#2562 = EDGE_LOOP ( 'NONE', ( #3819, #2021, #2167, #2669 ) ) ;
#2563 = B_SPLINE_CURVE_WITH_KNOTS ( 'NONE', 3,
 ( #1384, #3566, #2391, #804 ),
 .UNSPECIFIED., .F., .F.,
 ( 4, 4 ),
 ( 0.0000000000000000000, 0.9999632523949221197 ),
 .UNSPECIFIED. ) ;
#2564 = LINE ( 'NONE', #3796, #4001 ) ;
#2565 = CARTESIAN_POINT ( 'NONE',  ( 0.4500000000000012323, 0.3812000000000001498, 0.05000000000000134198 ) ) ;
#2566 = CARTESIAN_POINT ( 'NONE',  ( -0.3779632224530433127, 0.2564286412751330402, 0.3133548434808215433 ) ) ;
#2567 = ORIENTED_EDGE ( 'NONE', *, *, #1944, .F. ) ;
#2568 = DIRECTION ( 'NONE',  ( -1.000000000000000000, -4.302114220422482087E-16, -2.838007606698056406E-15 ) ) ;
#2569 = CARTESIAN_POINT ( 'NONE',  ( 0.4499994402554011730, 0.3811974507181672966, 0.1612782550332004239 ) ) ;
#2570 = CARTESIAN_POINT ( 'NONE',  ( -0.4749999996992941287, 0.3811961987454190459, 0.05009358473446400700 ) ) ;
#2571 = B_SPLINE_CURVE_WITH_KNOTS ( 'NONE', 3,
 ( #2101, #2336, #3033, #1437 ),
 .UNSPECIFIED., .F., .F.,
 ( 4, 4 ),
 ( 0.0000000000000000000, 1.000000000000000000 ),
 .UNSPECIFIED. ) ;
#2572 = VECTOR ( 'NONE', #3869, 39.37007874015748143 ) ;
#2573 = CARTESIAN_POINT ( 'NONE',  ( 0.4603459920551465356, -0.7599999999999996758, -1.331775896911328393E-15 ) ) ;
#2574 = CARTESIAN_POINT ( 'NONE',  ( 0.4499999999999999556, -0.5899999999999998579, 0.0000000000000000000 ) ) ;
#2575 = ORIENTED_EDGE ( 'NONE', *, *, #3248, .F. ) ;
#2576 = CARTESIAN_POINT ( 'NONE',  ( 0.5000000000000001110, -0.2452076731819112232, 0.04999999999999963501 ) ) ;
#2577 = AXIS2_PLACEMENT_3D ( 'NONE', #2840, #3737, #1876 ) ;
#2578 = ADVANCED_FACE ( 'NONE', ( #571 ), #2958, .T. ) ;
#2579 = SURFACE_SIDE_STYLE ('',( #350 ) ) ;
#2580 = CARTESIAN_POINT ( 'NONE',  ( -0.4875000000000003220, 0.1507493649053894269, 0.4500000000000011213 ) ) ;
#2581 = ORIENTED_EDGE ( 'NONE', *, *, #1752, .F. ) ;
#2582 = CARTESIAN_POINT ( 'NONE',  ( 0.4499999995392977015, -0.03640511351283107211, 0.05003093963116334725 ) ) ;
#2583 = CARTESIAN_POINT ( 'NONE',  ( 0.4578459920551481988, -0.6320576531224245675, 0.3924999999999994604 ) ) ;
#2584 = EDGE_LOOP ( 'NONE', ( #754, #2028, #446, #2433 ) ) ;
#2585 = DIRECTION ( 'NONE',  ( 0.0000000000000000000, 0.0000000000000000000, -1.000000000000000000 ) ) ;
#2586 = VECTOR ( 'NONE', #1081, 39.37007874015748854 ) ;
#2587 = CARTESIAN_POINT ( 'NONE',  ( -0.4625000000000007438, 0.1651831216351299647, 0.4500000000000011213 ) ) ;
#2588 = VERTEX_POINT ( 'NONE', #3886 ) ;
#2589 = CARTESIAN_POINT ( 'NONE',  ( -0.4000000000000002442, -0.5899999999999998579, -1.024442997624098707E-16 ) ) ;
#2590 = FACE_OUTER_BOUND ( 'NONE', #3955, .T. ) ;
#2591 = DIRECTION ( 'NONE',  ( 3.670674875166923023E-15, 1.708702623837154495E-16, -1.000000000000000000 ) ) ;
#2592 = VECTOR ( 'NONE', #838, 39.37007874015748143 ) ;
#2593 = B_SPLINE_CURVE_WITH_KNOTS ( 'NONE', 3,
 ( #471, #3916, #452, #1123 ),
 .UNSPECIFIED., .F., .F.,
 ( 4, 4 ),
 ( 0.0000000000000000000, 0.9999632510444861344 ),
 .UNSPECIFIED. ) ;
#2594 = VECTOR ( 'NONE', #3280, 39.37007874015748143 ) ;
#2595 = UNCERTAINTY_MEASURE_WITH_UNIT (LENGTH_MEASURE( 1.000000000000000082E-05 ), #444, 'distance_accuracy_value', 'NONE');
#2596 = CARTESIAN_POINT ( 'NONE',  ( 0.5000000000000001110, 0.1723961634090445116, 0.05000000000000006523 ) ) ;
#2597 = EDGE_LOOP ( 'NONE', ( #2316, #2293, #1409, #780 ) ) ;
#2598 = PLANE ( 'NONE',  #3939 ) ;
#2599 = CARTESIAN_POINT ( 'NONE',  ( -0.3544448336795643084, 0.1868260835478292858, 0.3113801629652223069 ) ) ;
#2600 = LINE ( 'NONE', #3922, #2532 ) ;
#2601 = CARTESIAN_POINT ( 'NONE',  ( -0.4525000000000004574, -0.5943301270189219609, 0.1409393892357523048 ) ) ;
#2602 = ORIENTED_EDGE ( 'NONE', *, *, #4017, .T. ) ;
#2603 = CARTESIAN_POINT ( 'NONE',  ( -0.4499994402554022832, -0.03640254928182683203, 0.1612782550331287035 ) ) ;
#2604 = EDGE_CURVE ( 'NONE', #1018, #2611, #604, .T. ) ;
#2605 = CARTESIAN_POINT ( 'NONE',  ( -0.3779632224530433127, 0.2564286412751330402, 0.4500000000000015099 ) ) ;
#2606 = EDGE_CURVE ( 'NONE', #3137, #666, #3912, .T. ) ;
#2607 = VERTEX_POINT ( 'NONE', #3284 ) ;
#2608 = DIRECTION ( 'NONE',  ( 0.0000000000000000000, 0.0000000000000000000, -1.000000000000000000 ) ) ;
#2609 = CARTESIAN_POINT ( 'NONE',  ( -0.4375000000000003331, -0.6203108891324550234, 0.1409393892357523881 ) ) ;
#2610 = ADVANCED_FACE ( 'NONE', ( #1475 ), #2722, .F. ) ;
#2611 = VERTEX_POINT ( 'NONE', #141 ) ;
#2612 = CARTESIAN_POINT ( 'NONE',  ( 0.4500000000000012323, 0.1724000000000001920, 0.2500000000000015543 ) ) ;
#2613 = VERTEX_POINT ( 'NONE', #1385 ) ;
#2614 = CARTESIAN_POINT ( 'NONE',  ( 0.3419448336795646859, 0.1940429619126995131, 0.4500000000000017319 ) ) ;
#2615 = FILL_AREA_STYLE_COLOUR ( '', #3040 ) ;
#2616 = CARTESIAN_POINT ( 'NONE',  ( -0.4500000000000001221, 1.365923996832131609E-16, -1.639108796198557931E-15 ) ) ;
#2617 = CARTESIAN_POINT ( 'NONE',  ( 0.4645833333333341808, 0.1687915608175650506, 0.1832899728584996002 ) ) ;
#2618 = CARTESIAN_POINT ( 'NONE',  ( -0.4500000000000007327, -0.5899999999999999689, 0.1409393892357524436 ) ) ;
#2619 = ORIENTED_EDGE ( 'NONE', *, *, #386, .F. ) ;
#2620 = DIRECTION ( 'NONE',  ( 0.0000000000000000000, 1.000000000000000000, -9.757819552369535284E-18 ) ) ;
#2621 = FACE_OUTER_BOUND ( 'NONE', #3834, .T. ) ;
#2622 = ORIENTED_EDGE ( 'NONE', *, *, #226, .F. ) ;
#2623 = DIRECTION ( 'NONE',  ( -1.000000000000000000, 0.0000000000000000000, -3.414809992080328333E-15 ) ) ;
#2624 = LINE ( 'NONE', #2953, #90 ) ;
#2625 = ADVANCED_FACE ( 'NONE', ( #2627 ), #3860, .T. ) ;
#2626 = CARTESIAN_POINT ( 'NONE',  ( 0.4999563117218767117, -0.03640767318191284740, 0.05009449115213789744 ) ) ;
#2627 = FACE_OUTER_BOUND ( 'NONE', #2149, .T. ) ;
#2628 = ORIENTED_EDGE ( 'NONE', *, *, #3892, .F. ) ;
#2629 = UNCERTAINTY_MEASURE_WITH_UNIT (LENGTH_MEASURE( 1.000000000000000082E-05 ), #921, 'distance_accuracy_value', 'NONE');
#2630 = AXIS2_PLACEMENT_3D ( 'NONE', #3262, #2911, #2608 ) ;
#2631 = ORIENTED_EDGE ( 'NONE', *, *, #364, .T. ) ;
#2632 = CARTESIAN_POINT ( 'NONE',  ( -0.5000000000000002220, 0.3812000000000001498, 0.05000000000000105749 ) ) ;
#2633 = VECTOR ( 'NONE', #3779, 39.37007874015748143 ) ;
#2634 = VERTEX_POINT ( 'NONE', #3606 ) ;
#2635 = ADVANCED_FACE ( 'NONE', ( #909 ), #3409, .F. ) ;
#2636 = DIRECTION ( 'NONE',  ( -0.5000000000000009992, -0.8660254037844379305, 0.0000000000000000000 ) ) ;
#2637 = LINE ( 'NONE', #540, #2975 ) ;
#2638 = VECTOR ( 'NONE', #1149, 39.37007874015748143 ) ;
#2639 = LINE ( 'NONE', #751, #1009 ) ;
#2640 = CARTESIAN_POINT ( 'NONE',  ( -0.4578459920551476992, -0.6320576531224245675, 0.3074999999999999400 ) ) ;
#2641 = ORIENTED_EDGE ( 'NONE', *, *, #1462, .F. ) ;
#2642 = CARTESIAN_POINT ( 'NONE',  ( -0.4500261147093985725, 0.3811948844926381641, 0.1612453458311470522 ) ) ;
#2643 = CARTESIAN_POINT ( 'NONE',  ( -0.4500000000000016209, 0.5900000000000001910, 0.4500000000000001776 ) ) ;
#2644 = ORIENTED_EDGE ( 'NONE', *, *, #1689, .F. ) ;
#2645 = DIRECTION ( 'NONE',  ( 0.0000000000000000000, 0.0000000000000000000, 1.000000000000000000 ) ) ;
#2646 = VERTEX_POINT ( 'NONE', #1261 ) ;
#2647 = CARTESIAN_POINT ( 'NONE',  ( 0.5000000000000002220, -0.5899999999999998579, 0.04999999999999963501 ) ) ;
#2648 = AXIS2_PLACEMENT_3D ( 'NONE', #4, #1848, #1540 ) ;
#2649 = LINE ( 'NONE', #1697, #3751 ) ;
#2650 = FILL_AREA_STYLE ('',( #229 ) ) ;
#2651 = DIMENSIONAL_EXPONENTS ( 1.000000000000000000, 0.0000000000000000000, 0.0000000000000000000, 0.0000000000000000000, 0.0000000000000000000, 0.0000000000000000000, 0.0000000000000000000 ) ;
#2652 = VECTOR ( 'NONE', #893, 39.37007874015748854 ) ;
#2653 = EDGE_LOOP ( 'NONE', ( #2644, #2437, #1706, #3468 ) ) ;
#2654 = ORIENTED_EDGE ( 'NONE', *, *, #947, .F. ) ;
#2655 = CARTESIAN_POINT ( 'NONE',  ( 0.4500000000000010658, 0.1724000000000001920, 0.4500000000000017319 ) ) ;
#2656 = VERTEX_POINT ( 'NONE', #1247 ) ;
#2657 = EDGE_CURVE ( 'NONE', #3845, #1122, #3392, .T. ) ;
#2658 = B_SPLINE_CURVE_WITH_KNOTS ( 'NONE', 3,
 ( #2298, #3325, #3537, #1112 ),
 .UNSPECIFIED., .F., .F.,
 ( 4, 4 ),
 ( 0.0000000000000000000, 0.9999632510444860234 ),
 .UNSPECIFIED. ) ;
#2659 = CARTESIAN_POINT ( 'NONE',  ( 0.4139816112265222725, 0.04041176291026286199, 0.1816774217404115710 ) ) ;
#2660 = VECTOR ( 'NONE', #1357, 39.37007874015748143 ) ;
#2661 = CARTESIAN_POINT ( 'NONE',  ( 0.5000000000000004441, 0.1027974422726963821, 0.05000000000000134198 ) ) ;
#2662 = B_SPLINE_SURFACE_WITH_KNOTS ( 'NONE', 3, 3, ( 
 ( #2632, #2008, #1678, #3639 ),
 ( #3270, #1124, #2918, #3938 ),
 ( #833, #1750, #3868, #1705 ),
 ( #126, #790, #3221, #1370 ) ),
 .UNSPECIFIED., .F., .F., .F.,
 ( 4, 4 ),
 ( 4, 4 ),
 ( 0.0000000000000000000, 1.000000000000000000 ),
 ( 0.0000000000000000000, 1.000000000000000000 ),
 .UNSPECIFIED. ) ;
#2663 = SURFACE_STYLE_USAGE ( .BOTH. , #2683 ) ;
#2664 = EDGE_LOOP ( 'NONE', ( #3978, #1911, #1833, #2428 ) ) ;
#2665 = CARTESIAN_POINT ( 'NONE',  ( -0.4603459920551468132, -0.7600000000000001199, 0.3099999999999997757 ) ) ;
#2666 = EDGE_LOOP ( 'NONE', ( #2039, #1034, #3683, #2549 ) ) ;
#2667 = DIRECTION ( 'NONE',  ( -0.0000000000000000000, -1.000000000000000000, -0.0000000000000000000 ) ) ;
#2668 = LINE ( 'NONE', #510, #2717 ) ;
#2669 = ORIENTED_EDGE ( 'NONE', *, *, #287, .F. ) ;
#2670 = FILL_AREA_STYLE_COLOUR ( '', #1615 ) ;
#2671 = CARTESIAN_POINT ( 'NONE',  ( 0.4500000000000012323, 0.1724000000000001920, 0.1612468894782103368 ) ) ;
#2672 = CARTESIAN_POINT ( 'NONE',  ( 0.4500000000000012323, 0.1724000000000001920, 0.1612468894782103368 ) ) ;
#2673 = FACE_OUTER_BOUND ( 'NONE', #541, .T. ) ;
#2674 = CARTESIAN_POINT ( 'NONE',  ( -0.4500000000000010658, 0.1723923268180888035, 0.05000000000000076605 ) ) ;
#2675 = ORIENTED_EDGE ( 'NONE', *, *, #169, .F. ) ;
#2676 = CARTESIAN_POINT ( 'NONE',  ( -0.3544448336795643084, 0.3956260835478292992, 0.3113801629652225844 ) ) ;
#2677 = EDGE_LOOP ( 'NONE', ( #1221, #2180, #3583, #1103 ) ) ;
#2678 = PLANE ( 'NONE',  #2733 ) ;
#2679 = DIMENSIONAL_EXPONENTS ( 1.000000000000000000, 0.0000000000000000000, 0.0000000000000000000, 0.0000000000000000000, 0.0000000000000000000, 0.0000000000000000000, 0.0000000000000000000 ) ;
#2680 = FACE_OUTER_BOUND ( 'NONE', #2112, .T. ) ;
#2681 = ORIENTED_EDGE ( 'NONE', *, *, #3956, .T. ) ;
#2682 = CARTESIAN_POINT ( 'NONE',  ( 0.4514816112265216952, 0.08836368554295598310, 0.4500000000000017319 ) ) ;
#2683 = SURFACE_SIDE_STYLE ('',( #3896 ) ) ;
#2684 = VERTEX_POINT ( 'NONE', #2510 ) ;
#2685 = CARTESIAN_POINT ( 'NONE',  ( -0.4875000000000003220, -0.05805063509461053789, 0.4500000000000008438 ) ) ;
#2686 = CARTESIAN_POINT ( 'NONE',  ( 0.4500391720739118639, 0.3811923268180888447, 0.1612445739078793017 ) ) ;
#2687 = B_SPLINE_CURVE_WITH_KNOTS ( 'NONE', 3,
 ( #1604, #2846, #3462, #57 ),
 .UNSPECIFIED., .F., .F.,
 ( 4, 4 ),
 ( 0.0002415949489077089509, 0.2839101588440270385 ),
 .UNSPECIFIED. ) ;
#2688 = SURFACE_STYLE_FILL_AREA ( #840 ) ;
#2689 = EDGE_CURVE ( 'NONE', #1030, #2886, #2718, .T. ) ;
#2690 = CARTESIAN_POINT ( 'NONE',  ( -0.4200000000000004285, -0.5899999999999997469, 0.4167819973517151722 ) ) ;
#2691 = DIRECTION ( 'NONE',  ( 1.000000000000000000, 0.0000000000000000000, 0.0000000000000000000 ) ) ;
#2692 = ORIENTED_EDGE ( 'NONE', *, *, #910, .F. ) ;
#2693 = CARTESIAN_POINT ( 'NONE',  ( -0.3959724168397826816, -0.02558235563460586545, 0.1808494659439493779 ) ) ;
#2694 = CARTESIAN_POINT ( 'NONE',  ( -0.4999708749603434810, 0.3811948844492850652, 0.05006299412648398256 ) ) ;
#2695 = ADVANCED_FACE ( 'NONE', ( #584 ), #4012, .T. ) ;
#2696 = DIRECTION ( 'NONE',  ( -3.309852392163747147E-15, 4.163336342344335794E-17, -1.000000000000000000 ) ) ;
#2697 = CARTESIAN_POINT ( 'NONE',  ( 0.4875000000000004885, 0.3595493649053895235, 0.4500000000000017319 ) ) ;
#2698 = SURFACE_STYLE_FILL_AREA ( #2650 ) ;
#2699 = B_SPLINE_SURFACE_WITH_KNOTS ( 'NONE', 3, 3, ( 
 ( #1908, #149, #87, #2580 ),
 ( #973, #3250, #1372, #748 ),
 ( #1950, #2559, #455, #2236 ),
 ( #1708, #2942, #3189, #1314 ) ),
 .UNSPECIFIED., .F., .F., .F.,
 ( 4, 4 ),
 ( 4, 4 ),
 ( 0.0000000000000000000, 1.000000000000000000 ),
 ( 0.0000000000000000000, 1.000000000000000000 ),
 .UNSPECIFIED. ) ;
#2700 = EDGE_LOOP ( 'NONE', ( #3242, #1160, #2991, #1569, #988, #1082, #32, #3593, #1442 ) ) ;
#2701 = ORIENTED_EDGE ( 'NONE', *, *, #1939, .T. ) ;
#2702 = LINE ( 'NONE', #3637, #105 ) ;
#2703 = CARTESIAN_POINT ( 'NONE',  ( 0.3794448336795640531, -0.03640767318191117513, 0.4500000000000017319 ) ) ;
#2704 = CARTESIAN_POINT ( 'NONE',  ( 0.4500000000000012323, 0.1724000000000001920, 0.4500000000000017319 ) ) ;
#2705 = FACE_OUTER_BOUND ( 'NONE', #1098, .T. ) ;
#2706 = LINE ( 'NONE', #3941, #2586 ) ;
#2707 = ORIENTED_EDGE ( 'NONE', *, *, #1549, .F. ) ;
#2708 = CARTESIAN_POINT ( 'NONE',  ( 0.4937500000000004108, 0.1615746824526947956, 0.1832032519088290234 ) ) ;
#2709 = DIRECTION ( 'NONE',  ( -3.491481338843132961E-15, -4.041608597641876744E-31, -1.000000000000000000 ) ) ;
#2710 = ADVANCED_FACE ( 'NONE', ( #2479 ), #2186, .T. ) ;
#2711 = ORIENTED_EDGE ( 'NONE', *, *, #1076, .F. ) ;
#2712 = FACE_OUTER_BOUND ( 'NONE', #3946, .T. ) ;
#2713 = CARTESIAN_POINT ( 'NONE',  ( -0.4728459920551505435, -0.6060768910088926154, 0.4074999999999985856 ) ) ;
#2714 = STYLED_ITEM ( 'NONE', ( #2380 ), #681 ) ;
#2715 = ORIENTED_EDGE ( 'NONE', *, *, #1873, .T. ) ;
#2716 = SURFACE_STYLE_FILL_AREA ( #2065 ) ;
#2717 = VECTOR ( 'NONE', #3623, 39.37007874015748143 ) ;
#2718 = B_SPLINE_CURVE_WITH_KNOTS ( 'NONE', 3,
 ( #1515, #1831, #3069, #2802 ),
 .UNSPECIFIED., .F., .F.,
 ( 4, 4 ),
 ( 0.2841559316716614214, 1.000000000000000000 ),
 .UNSPECIFIED. ) ;
#2719 = CARTESIAN_POINT ( 'NONE',  ( 0.4500000000000007327, -0.5899999999999998579, 0.2832180026482838398 ) ) ;
#2720 = CARTESIAN_POINT ( 'NONE',  ( -0.3419448336795645194, -0.2235570380873005136, 0.4500000000000008438 ) ) ;
#2721 = VERTEX_POINT ( 'NONE', #1883 ) ;
#2722 = PLANE ( 'NONE',  #2905 ) ;
#2723 = ADVANCED_FACE ( 'NONE', ( #864 ), #3121, .T. ) ;
#2724 =( NAMED_UNIT ( * ) SI_UNIT ( $, .STERADIAN. ) SOLID_ANGLE_UNIT ( ) );
#2725 = ORIENTED_EDGE ( 'NONE', *, *, #3088, .T. ) ;
#2726 = AXIS2_PLACEMENT_3D ( 'NONE', #3633, #533, #2933 ) ;
#2727 = DIRECTION ( 'NONE',  ( -0.0000000000000000000, 1.000000000000000000, 8.537024980200832418E-17 ) ) ;
#2728 = DIRECTION ( 'NONE',  ( -1.000000000000000000, -5.787813545898862897E-17, -3.490694658571001621E-15 ) ) ;
#2729 = AXIS2_PLACEMENT_3D ( 'NONE', #260, #293, #3035 ) ;
#2730 = DIRECTION ( 'NONE',  ( 1.000000000000000000, 0.0000000000000000000, 0.0000000000000000000 ) ) ;
#2731 = EDGE_LOOP ( 'NONE', ( #3208, #1479, #1418, #1241 ) ) ;
#2732 = LINE ( 'NONE', #3967, #946 ) ;
#2733 = AXIS2_PLACEMENT_3D ( 'NONE', #3512, #2727, #812 ) ;
#2734 = VERTEX_POINT ( 'NONE', #661 ) ;
#2735 = PLANE ( 'NONE',  #1598 ) ;
#2736 = LINE ( 'NONE', #1734, #1664 ) ;
#2737 = AXIS2_PLACEMENT_3D ( 'NONE', #795, #173, #3274 ) ;
#2738 = B_SPLINE_SURFACE_WITH_KNOTS ( 'NONE', 3, 3, ( 
 ( #3135, #3494, #2525, #2206 ),
 ( #671, #74, #3441, #995 ),
 ( #1641, #960, #338, #89 ),
 ( #2879, #3473, #3775, #1335 ) ),
 .UNSPECIFIED., .F., .F., .F.,
 ( 4, 4 ),
 ( 4, 4 ),
 ( 0.0000000000000000000, 1.000000000000000000 ),
 ( 0.0000000000000000000, 1.000000000000000000 ),
 .UNSPECIFIED. ) ;
#2739 = ORIENTED_EDGE ( 'NONE', *, *, #4021, .T. ) ;
#2740 = CARTESIAN_POINT ( 'NONE',  ( 0.3419448336795646859, -0.2235570380873005136, 0.3116989318878985449 ) ) ;
#2741 = DIRECTION ( 'NONE',  ( 2.841477053650009232E-15, 8.998878031629684830E-16, 1.000000000000000000 ) ) ;
#2742 = CARTESIAN_POINT ( 'NONE',  ( -0.4903459920551476170, -0.6363877801413464486, 0.3099999999999997202 ) ) ;
#2743 = PRODUCT_DEFINITION ( 'UNKNOWN', '', #2014, #1902 ) ;
#2744 = ADVANCED_FACE ( 'NONE', ( #3196 ), #3029, .T. ) ;
#2745 = ORIENTED_EDGE ( 'NONE', *, *, #564, .T. ) ;
#2746 = CARTESIAN_POINT ( 'NONE',  ( -0.4500000000000010658, 0.3812000000000001498, 0.4500000000000015099 ) ) ;
#2747 = CARTESIAN_POINT ( 'NONE',  ( 0.5000000000000016653, -0.2452306927276451665, 0.4500000000000034528 ) ) ;
#2748 = SURFACE_SIDE_STYLE ('',( #1502 ) ) ;
#2749 = CARTESIAN_POINT ( 'NONE',  ( 0.4999563117218766006, 0.3811923268180871793, 0.05009449115213816806 ) ) ;
#2750 = CARTESIAN_POINT ( 'NONE',  ( -0.5000000000000002220, 0.5900000000000001910, 0.04999999999999960032 ) ) ;
#2751 = EDGE_CURVE ( 'NONE', #2370, #3705, #400, .T. ) ;
#2752 = DIRECTION ( 'NONE',  ( -6.831341048396664760E-15, 2.970713952610281533E-17, -1.000000000000000000 ) ) ;
#2753 = VERTEX_POINT ( 'NONE', #1645 ) ;
#2754 = CARTESIAN_POINT ( 'NONE',  ( -0.4500391720737288437, 0.3811923268180888447, 0.1612445739083119833 ) ) ;
#2755 = ORIENTED_EDGE ( 'NONE', *, *, #3369, .T. ) ;
#2756 = CARTESIAN_POINT ( 'NONE',  ( 0.4154632224530428464, 0.4435780061805223440, 0.3126305846857992954 ) ) ;
#2757 = CARTESIAN_POINT ( 'NONE',  ( 0.4875000000000004885, 0.3595493649053894125, 0.3164065038176566702 ) ) ;
#2758 = ORIENTED_EDGE ( 'NONE', *, *, #3596, .T. ) ;
#2759 = LINE ( 'NONE', #11, #2535 ) ;
#2760 = CARTESIAN_POINT ( 'NONE',  ( -0.4500000000000010658, 0.1724000000000001920, 0.1833333333333342363 ) ) ;
#2761 = CARTESIAN_POINT ( 'NONE',  ( -0.4499991568948024101, 0.1723961634090445116, 0.1613413113374037866 ) ) ;
#2762 = ORIENTED_EDGE ( 'NONE', *, *, #3662, .F. ) ;
#2763 =( CONVERSION_BASED_UNIT ( 'INCH', #941 ) LENGTH_UNIT ( ) NAMED_UNIT ( #2147 ) );
#2764 = EDGE_CURVE ( 'NONE', #104, #2102, #3140, .T. ) ;
#2765 = CARTESIAN_POINT ( 'NONE',  ( -0.3794448336795639420, 0.3811923268180888447, 0.4500000000000017319 ) ) ;
#2766 = CARTESIAN_POINT ( 'NONE',  ( -0.4500000000000010658, -0.03639999999999984914, 0.2500000000000006661 ) ) ;
#2767 = EDGE_CURVE ( 'NONE', #2684, #1931, #3463, .T. ) ;
#2768 = DIRECTION ( 'NONE',  ( 0.5000000000000012212, 0.8660254037844377084, 0.0000000000000000000 ) ) ;
#2769 = CARTESIAN_POINT ( 'NONE',  ( -0.5000000000000002220, 0.5203974422726963533, 0.05000000000000134198 ) ) ;
#2770 =( NAMED_UNIT ( * ) PLANE_ANGLE_UNIT ( ) SI_UNIT ( $, .RADIAN. ) );
#2771 = ORIENTED_EDGE ( 'NONE', *, *, #2287, .T. ) ;
#2772 = CARTESIAN_POINT ( 'NONE',  ( -0.4828574572698791090, 0.3811923268180888447, 0.08707673430604384590 ) ) ;
#2773 = VECTOR ( 'NONE', #3602, 39.37007874015748143 ) ;
#2774 = CARTESIAN_POINT ( 'NONE',  ( 0.5000000000000004441, 0.4507948845453926268, 0.05000000000000134198 ) ) ;
#2775 = DIRECTION ( 'NONE',  ( 1.000000000000000000, -5.551115123125781470E-17, -3.493733080617289094E-15 ) ) ;
#2776 = VECTOR ( 'NONE', #3153, 39.37007874015748143 ) ;
#2777 = B_SPLINE_CURVE_WITH_KNOTS ( 'NONE', 3,
 ( #3381, #627, #3985, #3129 ),
 .UNSPECIFIED., .F., .F.,
 ( 4, 4 ),
 ( 0.0000000000000000000, 1.015584289901582226E-06 ),
 .UNSPECIFIED. ) ;
#2778 = CARTESIAN_POINT ( 'NONE',  ( 0.4499991568947121490, 0.3811961634090444973, 0.1613413113376178099 ) ) ;
#2779 = ORIENTED_EDGE ( 'NONE', *, *, #3976, .T. ) ;
#2780 = LINE ( 'NONE', #3138, #29 ) ;
#2781 = DIRECTION ( 'NONE',  ( -1.157562709179772579E-16, 1.000000000000000000, 4.040697965894810566E-31 ) ) ;
#2782 = DIRECTION ( 'NONE',  ( -6.938893903907226837E-18, 3.014082039509701710E-17, 1.000000000000000000 ) ) ;
#2783 = STYLED_ITEM ( 'NONE', ( #3813 ), #750 ) ;
#2784 = PRESENTATION_LAYER_ASSIGNMENT (  '', '', ( #2387 ) ) ;
#2785 = CARTESIAN_POINT ( 'NONE',  ( 0.4500130573514902754, 0.3811974422199465584, 0.1612461176877771352 ) ) ;
#2786 = AXIS2_PLACEMENT_3D ( 'NONE', #1582, #1217, #2185 ) ;
#2787 = CARTESIAN_POINT ( 'NONE',  ( 2.276456337327548743E-17, -0.2088000000000000134, 0.4500000000000015099 ) ) ;
#2788 = B_SPLINE_CURVE_WITH_KNOTS ( 'NONE', 3,
 ( #1057, #1989, #2406, #1416 ),
 .UNSPECIFIED., .F., .F.,
 ( 4, 4 ),
 ( 0.2841559316716610328, 1.000000000000000000 ),
 .UNSPECIFIED. ) ;
#2789 = LINE ( 'NONE', #3720, #675 ) ;
#2790 = AXIS2_PLACEMENT_3D ( 'NONE', #809, #3864, #2029 ) ;
#2791 = EDGE_LOOP ( 'NONE', ( #3253, #1959, #3186, #2995 ) ) ;
#2792 = ADVANCED_FACE ( 'NONE', ( #2848 ), #2480, .T. ) ;
#2793 = LENGTH_MEASURE_WITH_UNIT ( LENGTH_MEASURE( 0.02539999999999999897 ), #1818 );
#2794 = STYLED_ITEM ( 'NONE', ( #3716 ), #2695 ) ;
#2795 =( NAMED_UNIT ( * ) SI_UNIT ( $, .STERADIAN. ) SOLID_ANGLE_UNIT ( ) );
#2796 = ADVANCED_FACE ( 'NONE', ( #3479 ), #678, .T. ) ;
#2797 = FILL_AREA_STYLE_COLOUR ( '', #309 ) ;
#2798 = CARTESIAN_POINT ( 'NONE',  ( 0.001567995180133455874, -0.3321738477712739002, 0.5656379957450955454 ) ) ;
#2799 = VECTOR ( 'NONE', #722, 39.37007874015748143 ) ;
#2800 = LINE ( 'NONE', #1880, #96 ) ;
#2801 = DIRECTION ( 'NONE',  ( -3.549244231848546526E-15, 4.358492733391726592E-17, 1.000000000000000000 ) ) ;
#2802 = CARTESIAN_POINT ( 'NONE',  ( -0.3794448336795639420, -0.03640767318191117513, 0.4500000000000011213 ) ) ;
#2803 = CARTESIAN_POINT ( 'NONE',  ( -0.4397224168397820265, -0.2452076731819112232, 0.1803713125599351041 ) ) ;
#2804 = VERTEX_POINT ( 'NONE', #1938 ) ;
#2805 = CARTESIAN_POINT ( 'NONE',  ( 0.5000000000000001110, -0.03640383659095548091, 0.05000000000000006523 ) ) ;
#2806 = EDGE_CURVE ( 'NONE', #3992, #368, #3177, .T. ) ;
#2807 = FILL_AREA_STYLE_COLOUR ( '', #33 ) ;
#2808 = CARTESIAN_POINT ( 'NONE',  ( -0.5000000000000016653, -0.5899999999999997469, 0.4499999999999999556 ) ) ;
#2809 = CARTESIAN_POINT ( 'NONE',  ( 0.4525000000000004574, -0.5943301270189215169, 0.4142819973517155030 ) ) ;
#2810 = ORIENTED_EDGE ( 'NONE', *, *, #315, .F. ) ;
#2811 = PLANE ( 'NONE',  #625 ) ;
#2812 = VERTEX_POINT ( 'NONE', #3211 ) ;
#2813 = CARTESIAN_POINT ( 'NONE',  ( -0.4500000000000010658, -0.03639999999999984914, 0.3166666666666674290 ) ) ;
#2814 = DIRECTION ( 'NONE',  ( -6.938893903907226837E-18, 3.014082039509701710E-17, 1.000000000000000000 ) ) ;
#2815 = DIMENSIONAL_EXPONENTS ( 1.000000000000000000, 0.0000000000000000000, 0.0000000000000000000, 0.0000000000000000000, 0.0000000000000000000, 0.0000000000000000000, 0.0000000000000000000 ) ;
#2816 = CYLINDRICAL_SURFACE ( 'NONE', #2325, 0.03499999999999955924 ) ;
#2817 = LINE ( 'NONE', #2443, #2459 ) ;
#2818 = DIRECTION ( 'NONE',  ( 1.000000000000000000, -3.191891195797323575E-16, -2.838007606698055223E-15 ) ) ;
#2819 = EDGE_LOOP ( 'NONE', ( #2222, #698, #2914, #1236 ) ) ;
#2820 = CYLINDRICAL_SURFACE ( 'NONE', #370, 0.06250000000000000000 ) ;
#2821 = ORIENTED_EDGE ( 'NONE', *, *, #630, .F. ) ;
#2822 = CARTESIAN_POINT ( 'NONE',  ( 0.4728459920551497109, -0.6060768910088927264, 0.2925000000000004263 ) ) ;
#2823 = ORIENTED_EDGE ( 'NONE', *, *, #2962, .F. ) ;
#2824 = CARTESIAN_POINT ( 'NONE',  ( 0.4625000000000008549, -0.04361687836487007641, 0.4500000000000017319 ) ) ;
#2825 = CARTESIAN_POINT ( 'NONE',  ( -0.4500000000000010658, 0.3811923268180889557, 0.05000000000000105749 ) ) ;
#2826 = ORIENTED_EDGE ( 'NONE', *, *, #3158, .F. ) ;
#2827 = CARTESIAN_POINT ( 'NONE',  ( 0.4500000000000012323, 0.5900000000000001910, 0.3166666666666683172 ) ) ;
#2828 = CARTESIAN_POINT ( 'NONE',  ( -0.4500000000000007883, -0.2452076731819112232, 0.05000000000000045380 ) ) ;
#2829 = DIRECTION ( 'NONE',  ( -0.0000000000000000000, 9.757819552369538365E-18, -1.000000000000000000 ) ) ;
#2830 = ADVANCED_FACE ( 'NONE', ( #3800 ), #2282, .T. ) ;
#2831 = AXIS2_PLACEMENT_3D ( 'NONE', #1339, #1301, #1059 ) ;
#2832 = CARTESIAN_POINT ( 'NONE',  ( -0.4999563117219789077, 0.3811923268180888447, 0.05009449115191688673 ) ) ;
#2833 = AXIS2_PLACEMENT_3D ( 'NONE', #668, #2291, #2839 ) ;
#2834 = EDGE_CURVE ( 'NONE', #1948, #1625, #1958, .T. ) ;
#2835 = CARTESIAN_POINT ( 'NONE',  ( 0.5000000000000004441, 0.3812000000000001498, 0.05000000000000134198 ) ) ;
#2836 = ORIENTED_EDGE ( 'NONE', *, *, #3334, .T. ) ;
#2837 = VECTOR ( 'NONE', #1775, 39.37007874015748143 ) ;
#2838 = FACE_OUTER_BOUND ( 'NONE', #2597, .T. ) ;
#2839 = DIRECTION ( 'NONE',  ( 0.0000000000000000000, 0.0000000000000000000, -1.000000000000000000 ) ) ;
#2840 = CARTESIAN_POINT ( 'NONE',  ( 0.0000000000000000000, -0.6264000000000000679, 0.4500000000000017319 ) ) ;
#2841 = VERTEX_POINT ( 'NONE', #1781 ) ;
#2842 = CARTESIAN_POINT ( 'NONE',  ( 0.4500000000000012323, -0.03639999999999984914, 0.05000000000000134198 ) ) ;
#2843 = AXIS2_PLACEMENT_3D ( 'NONE', #1119, #2367, #1069 ) ;
#2844 = CARTESIAN_POINT ( 'NONE',  ( 0.5000585530335197593, -0.6363877801413461155, 0.3100000000000024958 ) ) ;
#2845 = ORIENTED_EDGE ( 'NONE', *, *, #2764, .F. ) ;
#2846 = CARTESIAN_POINT ( 'NONE',  ( 0.4828574572698789980, 0.1723923268180888313, 0.08707673430604420672 ) ) ;
#2847 = DIRECTION ( 'NONE',  ( -1.000000000000000000, 0.0000000000000000000, -6.829619984161290910E-15 ) ) ;
#2848 = FACE_OUTER_BOUND ( 'NONE', #1165, .T. ) ;
#2849 = EDGE_LOOP ( 'NONE', ( #937, #3856, #749, #1696 ) ) ;
#2850 = CARTESIAN_POINT ( 'NONE',  ( -0.5000000000000002220, -0.03640383659095551561, 0.05000000000000047462 ) ) ;
#2851 = AXIS2_PLACEMENT_3D ( 'NONE', #3013, #1520, #3937 ) ;
#2852 = MANIFOLD_SOLID_BREP ( 'Mirror1', #2055 ) ;
#2853 = EDGE_CURVE ( 'NONE', #3865, #1304, #2928, .T. ) ;
#2854 = CARTESIAN_POINT ( 'NONE',  ( 0.3419448336795646859, 0.1940429619126995131, 0.4500000000000017319 ) ) ;
#2855 = EDGE_CURVE ( 'NONE', #1803, #1359, #1763, .T. ) ;
#2856 = CARTESIAN_POINT ( 'NONE',  ( 0.4749563120392364390, 0.1723962054505618069, 0.05009358327483243167 ) ) ;
#2857 = DIRECTION ( 'NONE',  ( 3.490694658571001621E-15, 0.0000000000000000000, -1.000000000000000000 ) ) ;
#2858 = ORIENTED_EDGE ( 'NONE', *, *, #603, .T. ) ;
#2859 = CYLINDRICAL_SURFACE ( 'NONE', #496, 0.005000000000000289803 ) ;
#2860 = CARTESIAN_POINT ( 'NONE',  ( -0.4666666666666675067, 0.5900000000000001910, 0.05000000000000134198 ) ) ;
#2861 = ORIENTED_EDGE ( 'NONE', *, *, #630, .T. ) ;
#2862 = DIRECTION ( 'NONE',  ( -3.490694658571001621E-15, 1.517693329813479319E-16, 1.000000000000000000 ) ) ;
#2863 = CARTESIAN_POINT ( 'NONE',  ( -0.5000000000000002220, -0.2452076731819112232, 0.05000000000000045380 ) ) ;
#2864 = ORIENTED_EDGE ( 'NONE', *, *, #646, .T. ) ;
#2865 = PLANE ( 'NONE',  #867 ) ;
#2866 = CARTESIAN_POINT ( 'NONE',  ( 0.4500000000000012323, -0.03639999999999984914, 0.1833333333333347914 ) ) ;
#2867 = DIRECTION ( 'NONE',  ( -0.0000000000000000000, 1.000000000000000000, 8.537024980200832418E-17 ) ) ;
#2868 = ORIENTED_EDGE ( 'NONE', *, *, #490, .T. ) ;
#2869 = ORIENTED_EDGE ( 'NONE', *, *, #3718, .F. ) ;
#2870 = CARTESIAN_POINT ( 'NONE',  ( -0.4139816112265221615, 0.5276143206375666361, 0.4500000000000017319 ) ) ;
#2871 = EDGE_CURVE ( 'NONE', #2684, #1732, #23, .T. ) ;
#2872 = CARTESIAN_POINT ( 'NONE',  ( 0.5000000000000002220, -0.2452076731819112232, 0.05000000000000134198 ) ) ;
#2873 = UNCERTAINTY_MEASURE_WITH_UNIT (LENGTH_MEASURE( 1.000000000000000082E-05 ), #1389, 'distance_accuracy_value', 'NONE');
#2874 = ORIENTED_EDGE ( 'NONE', *, *, #3231, .F. ) ;
#2875 = DIRECTION ( 'NONE',  ( 6.838279942300571988E-15, -1.019150042136374014E-17, -1.000000000000000000 ) ) ;
#2876 = EDGE_CURVE ( 'NONE', #3575, #2607, #2658, .T. ) ;
#2877 = CARTESIAN_POINT ( 'NONE',  ( -0.4500000000000010658, 0.5900000000000001910, 0.4500000000000017319 ) ) ;
#2878 = ORIENTED_EDGE ( 'NONE', *, *, #811, .F. ) ;
#2879 = CARTESIAN_POINT ( 'NONE',  ( 0.4500000000000009548, 0.1723923268180888313, 0.05000000000000134198 ) ) ;
#2880 = EDGE_CURVE ( 'NONE', #1463, #1931, #3343, .T. ) ;
#2881 = CARTESIAN_POINT ( 'NONE',  ( -0.3544448336795643084, -0.2307739164521707409, 0.4500000000000008438 ) ) ;
#2882 = ORIENTED_EDGE ( 'NONE', *, *, #2463, .F. ) ;
#2883 = FACE_OUTER_BOUND ( 'NONE', #2358, .T. ) ;
#2884 = CARTESIAN_POINT ( 'NONE',  ( -0.4500000000000010658, -0.03639999999999984914, 0.05000000000000045380 ) ) ;
#2885 = CARTESIAN_POINT ( 'NONE',  ( -0.3419448336795645194, 0.1940429619126995131, 0.3116989318878982673 ) ) ;
#2886 = VERTEX_POINT ( 'NONE', #3879 ) ;
#2887 = DIRECTION ( 'NONE',  ( 0.0000000000000000000, 8.537024980200834884E-17, -1.000000000000000000 ) ) ;
#2888 = VECTOR ( 'NONE', #3005, 39.37007874015748143 ) ;
#2889 = ORIENTED_EDGE ( 'NONE', *, *, #3458, .F. ) ;
#2890 = CARTESIAN_POINT ( 'NONE',  ( -0.4541666666177208156, 0.3811993719458594554, 0.05009293546932267610 ) ) ;
#2891 = CARTESIAN_POINT ( 'NONE',  ( 0.5000000000000016653, -0.5899999999999998579, 0.4499999999999999556 ) ) ;
#2892 = ORIENTED_EDGE ( 'NONE', *, *, #1680, .T. ) ;
#2893 = VECTOR ( 'NONE', #1420, 39.37007874015748143 ) ;
#2894 = ADVANCED_FACE ( 'NONE', ( #737 ), #3354, .F. ) ;
#2895 = EDGE_CURVE ( 'NONE', #1541, #3845, #2165, .T. ) ;
#2896 = CARTESIAN_POINT ( 'NONE',  ( -0.4500000000000010658, 0.5900000000000001910, 0.3166666666666683172 ) ) ;
#2897 = ORIENTED_EDGE ( 'NONE', *, *, #1752, .T. ) ;
#2898 = CARTESIAN_POINT ( 'NONE',  ( 0.4500000000000012323, 0.1724000000000001920, 0.05000000000000134198 ) ) ;
#2899 = VERTEX_POINT ( 'NONE', #4006 ) ;
#2900 = CARTESIAN_POINT ( 'NONE',  ( 0.4728459920551505435, -0.6060768910088927264, 0.4074999999999985856 ) ) ;
#2901 = ORIENTED_EDGE ( 'NONE', *, *, #1101, .F. ) ;
#2902 = LINE ( 'NONE', #2259, #553 ) ;
#2903 = EDGE_CURVE ( 'NONE', #2244, #1122, #1996, .T. ) ;
#2904 = CARTESIAN_POINT ( 'NONE',  ( -0.4645833333333340698, -0.04000843918243499747, 0.1832899728584987120 ) ) ;
#2905 = AXIS2_PLACEMENT_3D ( 'NONE', #1698, #2934, #492 ) ;
#2906 = CARTESIAN_POINT ( 'NONE',  ( -0.4500000000000010658, 0.1724000000000001920, 0.4500000000000011213 ) ) ;
#2907 = ORIENTED_EDGE ( 'NONE', *, *, #483, .T. ) ;
#2908 = FACE_OUTER_BOUND ( 'NONE', #78, .T. ) ;
#2909 = MANIFOLD_SOLID_BREP ( 'Cut-Extrude3[1]', #3540 ) ;
#2910 = VECTOR ( 'NONE', #2355, 39.37007874015748854 ) ;
#2911 = DIRECTION ( 'NONE',  ( 0.0000000000000000000, -1.000000000000000000, -8.537024980200832418E-17 ) ) ;
#2912 = DIRECTION ( 'NONE',  ( 0.5000000000000012212, 0.8660254037844377084, 0.0000000000000000000 ) ) ;
#2913 = AXIS2_PLACEMENT_3D ( 'NONE', #2295, #697, #355 ) ;
#2914 = ORIENTED_EDGE ( 'NONE', *, *, #2895, .F. ) ;
#2915 = CARTESIAN_POINT ( 'NONE',  ( 0.4875000000000004885, 0.5683493649053894536, 0.3164065038176566702 ) ) ;
#2916 = ORIENTED_EDGE ( 'NONE', *, *, #3843, .F. ) ;
#2917 = DIRECTION ( 'NONE',  ( 1.157562709179772579E-16, -1.000000000000000000, 0.0000000000000000000 ) ) ;
#2918 = CARTESIAN_POINT ( 'NONE',  ( -0.4514816112265215287, 0.2971636855429559687, 0.3145185442517277052 ) ) ;
#2919 = CARTESIAN_POINT ( 'NONE',  ( -0.3669448336795641530, 0.1796092051829590586, 0.3110613940425463464 ) ) ;
#2920 = ORIENTED_EDGE ( 'NONE', *, *, #990, .F. ) ;
#2921 = CARTESIAN_POINT ( 'NONE',  ( 0.4875000000000004885, -0.05805063509461053789, 0.4500000000000017319 ) ) ;
#2922 = VERTEX_POINT ( 'NONE', #547 ) ;
#2923 = CARTESIAN_POINT ( 'NONE',  ( -0.4749999996992940177, -0.03640380125458109184, 0.05009358473446239718 ) ) ;
#2924 = EDGE_CURVE ( 'NONE', #1196, #1751, #1683, .T. ) ;
#2925 = ORIENTED_EDGE ( 'NONE', *, *, #725, .F. ) ;
#2926 = DIRECTION ( 'NONE',  ( -0.5000000000000009992, -0.8660254037844379305, 0.0000000000000000000 ) ) ;
#2927 = PRESENTATION_STYLE_ASSIGNMENT (( #95 ) ) ;
#2928 = LINE ( 'NONE', #3906, #3882 ) ;
#2929 = ORIENTED_EDGE ( 'NONE', *, *, #3632, .F. ) ;
#2930 = CARTESIAN_POINT ( 'NONE',  ( -0.3419448336795645194, 0.4028429619126995265, 0.4500000000000017319 ) ) ;
#2931 = ADVANCED_FACE ( 'NONE', ( #3061 ), #927, .F. ) ;
#2932 = DIRECTION ( 'NONE',  ( -0.8660254037844379305, 0.5000000000000012212, 0.0000000000000000000 ) ) ;
#2933 = DIRECTION ( 'NONE',  ( -3.549244231848546921E-15, 4.358492733391727208E-17, 1.000000000000000000 ) ) ;
#2934 = DIRECTION ( 'NONE',  ( -0.5000000000000045519, 0.8660254037844361541, -1.639313684798082704E-15 ) ) ;
#2935 = EDGE_CURVE ( 'NONE', #1888, #1580, #2084, .T. ) ;
#2936 = ORIENTED_EDGE ( 'NONE', *, *, #947, .T. ) ;
#2937 = EDGE_LOOP ( 'NONE', ( #3875, #2474, #575, #3418 ) ) ;
#2938 = CARTESIAN_POINT ( 'NONE',  ( -0.4833333333333336701, 0.3811923268180888447, 0.05000000000000134198 ) ) ;
#2939 = CARTESIAN_POINT ( 'NONE',  ( 0.4500000000000009548, 0.1723923268180888313, 0.05000000000000134198 ) ) ;
#2940 = ORIENTED_EDGE ( 'NONE', *, *, #3861, .T. ) ;
#2941 = CARTESIAN_POINT ( 'NONE',  ( -0.4657597746517965209, 0.1723923268180888313, 0.1240591502107947358 ) ) ;
#2942 = CARTESIAN_POINT ( 'NONE',  ( -0.4397224168397820265, -0.03640767318191117513, 0.1803713125599354095 ) ) ;
#2943 = VERTEX_POINT ( 'NONE', #9 ) ;
#2944 = CARTESIAN_POINT ( 'NONE',  ( -0.4999708749603432589, 0.1723948844492850796, 0.05006299412648411440 ) ) ;
#2945 = LINE ( 'NONE', #1441, #2089 ) ;
#2946 = ORIENTED_EDGE ( 'NONE', *, *, #942, .F. ) ;
#2947 = CARTESIAN_POINT ( 'NONE',  ( -0.4500000000000010658, -0.03640767318191117513, 0.05000000000000045380 ) ) ;
#2948 = CARTESIAN_POINT ( 'NONE',  ( -0.4625000000000007438, -0.04361687836487007641, 0.3165799457169969355 ) ) ;
#2949 = EDGE_CURVE ( 'NONE', #1073, #916, #375, .T. ) ;
#2950 = CARTESIAN_POINT ( 'NONE',  ( 0.4139816112265222725, 0.5276143206375666361, 0.3150107550737451523 ) ) ;
#2951 = ORIENTED_EDGE ( 'NONE', *, *, #497, .F. ) ;
#2952 = CARTESIAN_POINT ( 'NONE',  ( 0.4500000000000012323, 0.1724000000000001920, 0.05009281937524982797 ) ) ;
#2953 = CARTESIAN_POINT ( 'NONE',  ( -0.4903459920551478946, -0.6363877801413460045, 0.4300000000000003819 ) ) ;
#2954 = FACE_OUTER_BOUND ( 'NONE', #3266, .T. ) ;
#2955 = EDGE_CURVE ( 'NONE', #1855, #1803, #3793, .T. ) ;
#2956 = ADVANCED_FACE ( 'NONE', ( #413 ), #2738, .F. ) ;
#2957 = CARTESIAN_POINT ( 'NONE',  ( 0.4105557501731159076, 0.3884092051829590719, 0.1806900814826119528 ) ) ;
#2958 = PLANE ( 'NONE',  #2079 ) ;
#2959 = EDGE_LOOP ( 'NONE', ( #775, #2289, #3451, #1132, #2219, #1729, #888 ) ) ;
#2960 =( BOUNDED_CURVE ( )  B_SPLINE_CURVE ( 3, ( #827, #1117, #1140, #2742 ),
 .UNSPECIFIED., .F., .T. ) 
 B_SPLINE_CURVE_WITH_KNOTS ( ( 4, 4 ),
 ( 0.5235987755983912972, 1.570796326794911213 ),
 .UNSPECIFIED. ) 
 CURVE ( )  GEOMETRIC_REPRESENTATION_ITEM ( )  RATIONAL_B_SPLINE_CURVE ( ( 1.000000000000000000, 0.9106836025229720910, 0.9106836025229720910, 1.000000000000000000 ) ) 
 REPRESENTATION_ITEM ( '' )  );
#2961 = VERTEX_POINT ( 'NONE', #636 ) ;
#2962 = EDGE_CURVE ( 'NONE', #1948, #1086, #2318, .T. ) ;
#2963 = DIRECTION ( 'NONE',  ( 2.841477053650009626E-15, -1.886511780124777407E-17, -1.000000000000000000 ) ) ;
#2964 = FACE_OUTER_BOUND ( 'NONE', #395, .T. ) ;
#2965 = CARTESIAN_POINT ( 'NONE',  ( -0.4757408056132608198, -0.1132194360921738169, 0.1822592721258637916 ) ) ;
#2966 = LENGTH_MEASURE_WITH_UNIT ( LENGTH_MEASURE( 0.02539999999999999897 ), #1458 );
#2967 = ORIENTED_EDGE ( 'NONE', *, *, #2198, .F. ) ;
#2968 = COLOUR_RGB ( '',0.7686274509803920907, 0.7686274509803920907, 0.7686274509803920907 ) ;
#2969 = PLANE ( 'NONE',  #437 ) ;
#2970 = CARTESIAN_POINT ( 'NONE',  ( -0.4500000000000010658, -0.03639999999999984914, 0.05009281937524890510 ) ) ;
#2971 = ORIENTED_EDGE ( 'NONE', *, *, #3416, .T. ) ;
#2972 = CARTESIAN_POINT ( 'NONE',  ( -0.4500000000000008438, -0.5918301270189217922, 0.4157253730246892043 ) ) ;
#2973 = CARTESIAN_POINT ( 'NONE',  ( 0.4500000000000012323, 0.3812000000000001498, 0.1833333333333347914 ) ) ;
#2974 = CARTESIAN_POINT ( 'NONE',  ( 0.3419448336795646859, 0.4028429619126995265, 0.3116989318878985449 ) ) ;
#2975 = VECTOR ( 'NONE', #196, 39.37007874015748854 ) ;
#2976 = ORIENTED_EDGE ( 'NONE', *, *, #3114, .T. ) ;
#2977 = CYLINDRICAL_SURFACE ( 'NONE', #3118, 0.05000000000000000971 ) ;
#2978 = FACE_OUTER_BOUND ( 'NONE', #188, .T. ) ;
#2979 = CARTESIAN_POINT ( 'NONE',  ( 0.3794448336795640531, 0.1723923268180888313, 0.4500000000000017319 ) ) ;
#2980 = MECHANICAL_DESIGN_GEOMETRIC_PRESENTATION_REPRESENTATION (  '', ( #882 ), #1875 ) ;
#2981 = CARTESIAN_POINT ( 'NONE',  ( 0.3959724168397827926, 0.3920176443653941578, 0.1808494659439499608 ) ) ;
#2982 = VECTOR ( 'NONE', #3695, 39.37007874015748143 ) ;
#2983 = EDGE_CURVE ( 'NONE', #352, #1144, #3816, .T. ) ;
#2984 = ORIENTED_EDGE ( 'NONE', *, *, #3867, .T. ) ;
#2985 = ORIENTED_EDGE ( 'NONE', *, *, #1740, .T. ) ;
#2986 = CARTESIAN_POINT ( 'NONE',  ( -0.3669448336795641530, 0.3884092051829590719, 0.3110613940425466240 ) ) ;
#2987 = COLOUR_RGB ( '',0.7686274509803920907, 0.7686274509803920907, 0.7686274509803920907 ) ;
#2988 =( BOUNDED_CURVE ( )  B_SPLINE_CURVE ( 3, ( #2507, #1915, #884, #925 ),
 .UNSPECIFIED., .F., .T. ) 
 B_SPLINE_CURVE_WITH_KNOTS ( ( 4, 4 ),
 ( 1.570796326794872799, 2.617993877991415363 ),
 .UNSPECIFIED. ) 
 CURVE ( )  GEOMETRIC_REPRESENTATION_ITEM ( )  RATIONAL_B_SPLINE_CURVE ( ( 1.000000000000000000, 0.9106836025229683163, 0.9106836025229683163, 1.000000000000000000 ) ) 
 REPRESENTATION_ITEM ( '' )  );
#2989 = CARTESIAN_POINT ( 'NONE',  ( 0.4139816112265222725, 0.3188143206375666505, 0.4500000000000017319 ) ) ;
#2990 = VECTOR ( 'NONE', #953, 39.37007874015748143 ) ;
#2991 = ORIENTED_EDGE ( 'NONE', *, *, #2342, .T. ) ;
#2992 = CARTESIAN_POINT ( 'NONE',  ( 0.3419448336795646859, 0.1940429619126995131, 0.3116989318878985449 ) ) ;
#2993 = B_SPLINE_SURFACE_WITH_KNOTS ( 'NONE', 3, 3, ( 
 ( #3007, #2302, #1474, #3934 ),
 ( #1118, #466, #763, #1720 ),
 ( #3911, #2957, #160, #1404 ),
 ( #3885, #2981, #1095, #784 ) ),
 .UNSPECIFIED., .F., .F., .F.,
 ( 4, 4 ),
 ( 4, 4 ),
 ( 0.0000000000000000000, 1.000000000000000000 ),
 ( 0.0000000000000000000, 1.000000000000000000 ),
 .UNSPECIFIED. ) ;
#2994 = CARTESIAN_POINT ( 'NONE',  ( 0.4000000000000000777, -0.5899999999999998579, -3.414809992080329023E-17 ) ) ;
#2995 = ORIENTED_EDGE ( 'NONE', *, *, #729, .T. ) ;
#2996 = CARTESIAN_POINT ( 'NONE',  ( -0.4937500000000002998, 0.5791746824526947668, 0.1832032519088290234 ) ) ;
#2997 = CARTESIAN_POINT ( 'NONE',  ( -0.3419448336795645194, -0.2235570380873005136, 0.3116989318878976567 ) ) ;
#2998 = ADVANCED_FACE ( 'NONE', ( #1660 ), #1600, .T. ) ;
#2999 = ORIENTED_EDGE ( 'NONE', *, *, #659, .T. ) ;
#3000 = DIRECTION ( 'NONE',  ( 0.8660254037844379305, 0.5000000000000012212, 0.0000000000000000000 ) ) ;
#3001 = FACE_OUTER_BOUND ( 'NONE', #61, .T. ) ;
#3002 = SURFACE_STYLE_USAGE ( .BOTH. , #135 ) ;
#3003 = EDGE_LOOP ( 'NONE', ( #145, #1454, #1037, #1870 ) ) ;
#3004 = CARTESIAN_POINT ( 'NONE',  ( -0.3794448336795639420, -0.03640767318191117513, 0.4500000000000011213 ) ) ;
#3005 = DIRECTION ( 'NONE',  ( 0.0000000000000000000, 1.000000000000000000, 3.014082039509701710E-17 ) ) ;
#3006 = DIRECTION ( 'NONE',  ( -1.000000000000000000, -4.440892098500626162E-16, 3.469446951953614189E-18 ) ) ;
#3007 = CARTESIAN_POINT ( 'NONE',  ( 0.5000000000000004441, 0.3811923268180888447, 0.05000000000000134198 ) ) ;
#3008 =( NAMED_UNIT ( * ) PLANE_ANGLE_UNIT ( ) SI_UNIT ( $, .RADIAN. ) );
#3009 = VERTEX_POINT ( 'NONE', #1894 ) ;
#3010 = ORIENTED_EDGE ( 'NONE', *, *, #3826, .F. ) ;
#3011 = EDGE_LOOP ( 'NONE', ( #1971, #1498, #2299, #694 ) ) ;
#3012 = EDGE_CURVE ( 'NONE', #2961, #786, #3294, .T. ) ;
#3013 = CARTESIAN_POINT ( 'NONE',  ( 6.829369011982647770E-17, -0.6264000000000000679, 0.4500000000000008438 ) ) ;
#3014 = DIRECTION ( 'NONE',  ( 0.5000000000000009992, -0.8660254037844379305, 0.0000000000000000000 ) ) ;
#3015 = CARTESIAN_POINT ( 'NONE',  ( -0.5000000000000016653, -0.5899999999999997469, 0.4499999999999999556 ) ) ;
#3016 = CARTESIAN_POINT ( 'NONE',  ( 0.3794448336795640531, -0.2452076731819112232, 0.4500000000000017319 ) ) ;
#3017 = ORIENTED_EDGE ( 'NONE', *, *, #1637, .T. ) ;
#3018 = FILL_AREA_STYLE_COLOUR ( '', #2987 ) ;
#3019 = PLANE ( 'NONE',  #316 ) ;
#3020 = ORIENTED_EDGE ( 'NONE', *, *, #3924, .F. ) ;
#3021 = CARTESIAN_POINT ( 'NONE',  ( -0.5000000000000002220, -0.1756076731819112002, 0.05000000000000046768 ) ) ;
#3022 = CARTESIAN_POINT ( 'NONE',  ( -0.4200000000000006506, -0.6028108891324549523, 0.4093856270625338967 ) ) ;
#3023 =( NAMED_UNIT ( * ) SI_UNIT ( $, .STERADIAN. ) SOLID_ANGLE_UNIT ( ) );
#3024 = ORIENTED_EDGE ( 'NONE', *, *, #88, .T. ) ;
#3025 = CARTESIAN_POINT ( 'NONE',  ( -0.3419448336795645194, -0.01475703808730048638, 0.3116989318878979343 ) ) ;
#3026 = CARTESIAN_POINT ( 'NONE',  ( -0.3959724168397826816, -0.02558235563460586545, 0.1808494659439493779 ) ) ;
#3027 = CARTESIAN_POINT ( 'NONE',  ( -0.4500000000000015099, -0.5899999999999997469, 0.4300000000000002154 ) ) ;
#3028 = CARTESIAN_POINT ( 'NONE',  ( 0.4499988796296668925, -0.03640510044303293252, 0.1613096204197863315 ) ) ;
#3029 = B_SPLINE_SURFACE_WITH_KNOTS ( 'NONE', 3, 3, ( 
 ( #1040, #1668, #3781, #2906 ),
 ( #117, #2533, #1281, #2587 ),
 ( #1022, #3155, #1362, #3765 ),
 ( #720, #1303, #1341, #964 ) ),
 .UNSPECIFIED., .F., .F., .F.,
 ( 4, 4 ),
 ( 4, 4 ),
 ( 0.0000000000000000000, 1.000000000000000000 ),
 ( 0.0000000000000000000, 1.000000000000000000 ),
 .UNSPECIFIED. ) ;
#3030 = VERTEX_POINT ( 'NONE', #654 ) ;
#3031 = CARTESIAN_POINT ( 'NONE',  ( -0.5000000000000002220, 0.1723961634090445116, 0.05000000000000076605 ) ) ;
#3032 = PLANE ( 'NONE',  #422 ) ;
#3033 = CARTESIAN_POINT ( 'NONE',  ( 0.4500130561418821951, 0.1723974401664738199, 0.1613091212945702568 ) ) ;
#3034 = ORIENTED_EDGE ( 'NONE', *, *, #3224, .T. ) ;
#3035 = DIRECTION ( 'NONE',  ( -2.841477053650009626E-15, 2.125036258071588074E-17, -1.000000000000000000 ) ) ;
#3036 = VERTEX_POINT ( 'NONE', #3850 ) ;
#3037 = EDGE_CURVE ( 'NONE', #3610, #1732, #1543, .T. ) ;
#3038 = DIRECTION ( 'NONE',  ( 0.0000000000000000000, 0.0000000000000000000, 1.000000000000000000 ) ) ;
#3039 = CARTESIAN_POINT ( 'NONE',  ( 0.4500000000000009548, 0.3811923268180888447, 0.05000000000000134198 ) ) ;
#3040 = COLOUR_RGB ( '',0.7686274509803920907, 0.7686274509803920907, 0.7686274509803920907 ) ;
#3041 = VERTEX_POINT ( 'NONE', #1055 ) ;
#3042 = CARTESIAN_POINT ( 'NONE',  ( 0.3544448336795644749, -0.2307739164521707409, 0.3113801629652225844 ) ) ;
#3043 = CARTESIAN_POINT ( 'NONE',  ( 0.4937500000000004108, 0.1615746824526947956, 0.1832032519088290234 ) ) ;
#3044 = CARTESIAN_POINT ( 'NONE',  ( -0.3959724168397826816, -0.02558235563460586545, 0.1808494659439493779 ) ) ;
#3045 = ORIENTED_EDGE ( 'NONE', *, *, #146, .T. ) ;
#3046 = EDGE_CURVE ( 'NONE', #3226, #241, #2600, .T. ) ;
#3047 = PRESENTATION_LAYER_ASSIGNMENT (  '', '', ( #2076 ) ) ;
#3048 = LENGTH_MEASURE_WITH_UNIT ( LENGTH_MEASURE( 0.02539999999999999897 ), #1184 );
#3049 = VECTOR ( 'NONE', #2728, 39.37007874015748143 ) ;
#3050 = LINE ( 'NONE', #2766, #4020 ) ;
#3051 = DIRECTION ( 'NONE',  ( 1.000000000000000000, 0.0000000000000000000, 0.0000000000000000000 ) ) ;
#3052 = STYLED_ITEM ( 'NONE', ( #1890 ), #3335 ) ;
#3053 = CARTESIAN_POINT ( 'NONE',  ( -0.4514816112265215287, 0.5059636855429560098, 0.3145185442517279828 ) ) ;
#3054 = CARTESIAN_POINT ( 'NONE',  ( -0.4500000000000010658, -0.03639999999999984914, 0.05009281937524890510 ) ) ;
#3055 = VERTEX_POINT ( 'NONE', #1440 ) ;
#3056 =( NAMED_UNIT ( * ) PLANE_ANGLE_UNIT ( ) SI_UNIT ( $, .RADIAN. ) );
#3057 = VECTOR ( 'NONE', #2887, 39.37007874015748143 ) ;
#3058 = ORIENTED_EDGE ( 'NONE', *, *, #2509, .F. ) ;
#3059 = CARTESIAN_POINT ( 'NONE',  ( 0.5000000000000004441, 0.5203974422726963533, 0.05000000000000134198 ) ) ;
#3060 = CARTESIAN_POINT ( 'NONE',  ( 0.4750000000000006439, 0.3667662432702596953, 0.4500000000000017319 ) ) ;
#3061 = FACE_OUTER_BOUND ( 'NONE', #3824, .T. ) ;
#3062 = ADVANCED_FACE ( 'NONE', ( #151 ), #1757, .F. ) ;
#3063 = B_SPLINE_SURFACE_WITH_KNOTS ( 'NONE', 3, 3, ( 
 ( #1825, #3424, #2490, #1222 ),
 ( #3668, #3080, #2168, #2505 ),
 ( #936, #3096, #3042, #1257 ),
 ( #3690, #2455, #2740, #3065 ) ),
 .UNSPECIFIED., .F., .F., .F.,
 ( 4, 4 ),
 ( 4, 4 ),
 ( 0.0000000000000000000, 1.000000000000000000 ),
 ( 0.0000000000000000000, 1.000000000000000000 ),
 .UNSPECIFIED. ) ;
#3064 = ORIENTED_EDGE ( 'NONE', *, *, #2470, .F. ) ;
#3065 = CARTESIAN_POINT ( 'NONE',  ( 0.3419448336795646859, -0.2235570380873005136, 0.4500000000000017319 ) ) ;
#3066 = LINE ( 'NONE', #2045, #230 ) ;
#3067 = PLANE ( 'NONE',  #1271 ) ;
#3068 = ORIENTED_EDGE ( 'NONE', *, *, #1047, .T. ) ;
#3069 = CARTESIAN_POINT ( 'NONE',  ( -0.3794448336795639420, -0.03640767318191117513, 0.3503134342210835195 ) ) ;
#3070 = EDGE_CURVE ( 'NONE', #2886, #2086, #2376, .T. ) ;
#3071 = FACE_OUTER_BOUND ( 'NONE', #715, .T. ) ;
#3072 = EDGE_CURVE ( 'NONE', #3259, #2613, #3618, .T. ) ;
#3073 = LINE ( 'NONE', #3655, #1753 ) ;
#3074 = CARTESIAN_POINT ( 'NONE',  ( 0.4833333333333338366, -0.03640767318191117513, 0.05000000000000134198 ) ) ;
#3075 =( NAMED_UNIT ( * ) SI_UNIT ( $, .STERADIAN. ) SOLID_ANGLE_UNIT ( ) );
#3076 = ORIENTED_EDGE ( 'NONE', *, *, #4027, .T. ) ;
#3077 = PLANE ( 'NONE',  #1270 ) ;
#3078 = CARTESIAN_POINT ( 'NONE',  ( 0.5000000000000001110, -0.5899999999999998579, 0.04999999999999963501 ) ) ;
#3079 = ORIENTED_EDGE ( 'NONE', *, *, #3843, .T. ) ;
#3080 = CARTESIAN_POINT ( 'NONE',  ( 0.4251390835064490226, -0.2415992339994761373, 0.1805306970212739726 ) ) ;
#3081 = ORIENTED_EDGE ( 'NONE', *, *, #3586, .T. ) ;
#3082 = CARTESIAN_POINT ( 'NONE',  ( 0.4833333333333339477, 0.5900000000000001910, 0.05000000000000134198 ) ) ;
#3083 = CARTESIAN_POINT ( 'NONE',  ( 0.5000585530335199813, -0.7599999999999995648, 0.3100000000000024958 ) ) ;
#3084 = SURFACE_STYLE_USAGE ( .BOTH. , #3744 ) ;
#3085 = DIRECTION ( 'NONE',  ( 1.000000000000000000, 0.0000000000000000000, -6.829619984160743440E-15 ) ) ;
#3086 = B_SPLINE_CURVE_WITH_KNOTS ( 'NONE', 3,
 ( #3999, #2772, #2466, #2754 ),
 .UNSPECIFIED., .F., .F.,
 ( 4, 4 ),
 ( 0.0002415949489061427124, 0.2839101588440275381 ),
 .UNSPECIFIED. ) ;
#3087 = CARTESIAN_POINT ( 'NONE',  ( -0.5000000000000002220, 0.03319744227269640774, 0.05000000000000077299 ) ) ;
#3088 = EDGE_CURVE ( 'NONE', #2105, #2922, #3100, .T. ) ;
#3089 = CARTESIAN_POINT ( 'NONE',  ( -0.4500000000000010658, 0.3811923268180889557, 0.05000000000000105749 ) ) ;
#3090 = UNCERTAINTY_MEASURE_WITH_UNIT (LENGTH_MEASURE( 1.000000000000000082E-05 ), #579, 'distance_accuracy_value', 'NONE');
#3091 = B_SPLINE_SURFACE_WITH_KNOTS ( 'NONE', 3, 3, ( 
 ( #1202, #2512, #3783, #1613 ),
 ( #3448, #3767, #2268, #1306 ),
 ( #1593, #1632, #707, #2870 ),
 ( #1962, #3508, #404, #2246 ) ),
 .UNSPECIFIED., .F., .F., .F.,
 ( 4, 4 ),
 ( 4, 4 ),
 ( 0.0000000000000000000, 1.000000000000000000 ),
 ( 0.0000000000000000000, 1.000000000000000000 ),
 .UNSPECIFIED. ) ;
#3092 = CARTESIAN_POINT ( 'NONE',  ( 0.4657597746517974091, 0.3811923268180888447, 0.1240591502107938199 ) ) ;
#3093 = ORIENTED_EDGE ( 'NONE', *, *, #2955, .F. ) ;
#3094 = CARTESIAN_POINT ( 'NONE',  ( -0.4500000000000010658, -0.03639999999999984914, 0.1612468894782104478 ) ) ;
#3095 = CARTESIAN_POINT ( 'NONE',  ( -0.06250000000000000000, 0.1100000000000000561, 0.0000000000000000000 ) ) ;
#3096 = CARTESIAN_POINT ( 'NONE',  ( 0.4105557501731159076, -0.2379907948170409959, 0.1806900814826119528 ) ) ;
#3097 = ORIENTED_EDGE ( 'NONE', *, *, #546, .F. ) ;
#3098 = AXIS2_PLACEMENT_3D ( 'NONE', #3421, #1239, #297 ) ;
#3099 = CARTESIAN_POINT ( 'NONE',  ( 0.4875000000000004885, 0.5683493649053894536, 0.3164065038176566702 ) ) ;
#3100 = B_SPLINE_CURVE_WITH_KNOTS ( 'NONE', 3,
 ( #3871, #477, #2294, #2921 ),
 .UNSPECIFIED., .F., .F.,
 ( 4, 4 ),
 ( 0.0000000000000000000, 1.000000000000000000 ),
 .UNSPECIFIED. ) ;
#3101 = SURFACE_STYLE_FILL_AREA ( #866 ) ;
#3102 = VECTOR ( 'NONE', #3432, 39.37007874015748143 ) ;
#3103 = LINE ( 'NONE', #2647, #234 ) ;
#3104 = CARTESIAN_POINT ( 'NONE',  ( -0.4000000000000002442, 0.5900000000000000799, 0.04999999999999963501 ) ) ;
#3105 = VECTOR ( 'NONE', #3786, 39.37007874015748143 ) ;
#3106 = EDGE_LOOP ( 'NONE', ( #261, #3480, #3546, #3081, #2602, #2329, #3399, #1857 ) ) ;
#3107 =( CONVERSION_BASED_UNIT ( 'INCH', #612 ) LENGTH_UNIT ( ) NAMED_UNIT ( #1228 ) );
#3108 = EDGE_CURVE ( 'NONE', #2943, #2656, #2639, .T. ) ;
#3109 = DIRECTION ( 'NONE',  ( 9.812311798825642059E-16, 1.000000000000000000, 0.0000000000000000000 ) ) ;
#3110 = FACE_BOUND ( 'NONE', #1387, .T. ) ;
#3111 = CYLINDRICAL_SURFACE ( 'NONE', #2786, 0.06250000000000000000 ) ;
#3112 = VECTOR ( 'NONE', #975, 39.37007874015748143 ) ;
#3113 = CARTESIAN_POINT ( 'NONE',  ( 0.4500000000000012323, 0.5900000000000001910, 0.3166666666666683172 ) ) ;
#3114 = EDGE_CURVE ( 'NONE', #1177, #2588, #816, .T. ) ;
#3115 = ORIENTED_EDGE ( 'NONE', *, *, #2414, .F. ) ;
#3116 = DIRECTION ( 'NONE',  ( 5.787813545898862897E-17, -1.000000000000000000, 2.075249770527496354E-31 ) ) ;
#3117 = ORIENTED_EDGE ( 'NONE', *, *, #1906, .F. ) ;
#3118 = AXIS2_PLACEMENT_3D ( 'NONE', #781, #3584, #2623 ) ;
#3119 = CARTESIAN_POINT ( 'NONE',  ( 0.4500000000000001221, -0.2452306927276451665, 0.05000000000000291711 ) ) ;
#3120 = FACE_OUTER_BOUND ( 'NONE', #2521, .T. ) ;
#3121 = CYLINDRICAL_SURFACE ( 'NONE', #1555, 0.03500000000000037109 ) ;
#3122 = VECTOR ( 'NONE', #3109, 39.37007874015748143 ) ;
#3123 = B_SPLINE_CURVE_WITH_KNOTS ( 'NONE', 3,
 ( #2561, #1017, #1298, #3150 ),
 .UNSPECIFIED., .F., .F.,
 ( 4, 4 ),
 ( 0.0000000000000000000, 1.015584289903198365E-06 ),
 .UNSPECIFIED. ) ;
#3124 = FACE_OUTER_BOUND ( 'NONE', #956, .T. ) ;
#3125 = CARTESIAN_POINT ( 'NONE',  ( 0.4666666666666673957, -0.03640767318191117513, 0.05000000000000134198 ) ) ;
#3126 = UNCERTAINTY_MEASURE_WITH_UNIT (LENGTH_MEASURE( 1.000000000000000082E-05 ), #917, 'distance_accuracy_value', 'NONE');
#3127 = DIMENSIONAL_EXPONENTS ( 1.000000000000000000, 0.0000000000000000000, 0.0000000000000000000, 0.0000000000000000000, 0.0000000000000000000, 0.0000000000000000000, 0.0000000000000000000 ) ;
#3128 = EDGE_CURVE ( 'NONE', #1045, #556, #3822, .T. ) ;
#3129 = CARTESIAN_POINT ( 'NONE',  ( 0.4500391720739109203, 0.1723923268180888313, 0.1612445739078810225 ) ) ;
#3130 = ORIENTED_EDGE ( 'NONE', *, *, #1439, .F. ) ;
#3131 = CARTESIAN_POINT ( 'NONE',  ( 0.4875000000000004885, 0.5683493649053894536, 0.3164065038176566702 ) ) ;
#3132 = ADVANCED_FACE ( 'NONE', ( #130 ), #2969, .F. ) ;
#3133 = SURFACE_STYLE_USAGE ( .BOTH. , #1853 ) ;
#3134 = ORIENTED_EDGE ( 'NONE', *, *, #136, .T. ) ;
#3135 = CARTESIAN_POINT ( 'NONE',  ( 0.5000000000000004441, 0.1723923268180888313, 0.05000000000000134198 ) ) ;
#3136 = CARTESIAN_POINT ( 'NONE',  ( -0.4499999995396289365, 0.3811974442148063358, 0.05006187942301437710 ) ) ;
#3137 = VERTEX_POINT ( 'NONE', #3321 ) ;
#3138 = CARTESIAN_POINT ( 'NONE',  ( 0.4200000000000014833, -0.5899999999999998579, 0.4300000000000003264 ) ) ;
#3139 = CARTESIAN_POINT ( 'NONE',  ( -0.3419448336795645194, -0.2235570380873005136, 0.3116989318878976567 ) ) ;
#3140 = LINE ( 'NONE', #360, #3635 ) ;
#3141 = CARTESIAN_POINT ( 'NONE',  ( -0.4875000000000003220, 0.1507493649053894269, 0.3164065038176560596 ) ) ;
#3142 = CARTESIAN_POINT ( 'NONE',  ( 0.4525000000000004574, -0.5943301270189215169, 0.4142819973517155030 ) ) ;
#3143 = CARTESIAN_POINT ( 'NONE',  ( -0.4499988796296692795, 0.3811948995569787169, 0.1613096204196436401 ) ) ;
#3144 = VERTEX_POINT ( 'NONE', #524 ) ;
#3145 = LINE ( 'NONE', #3753, #1945 ) ;
#3146 = LINE ( 'NONE', #3491, #1659 ) ;
#3147 = ORIENTED_EDGE ( 'NONE', *, *, #2270, .F. ) ;
#3148 = CARTESIAN_POINT ( 'NONE',  ( -0.4937500000000002998, -0.04722531754730523168, 0.1832032519088281353 ) ) ;
#3149 = ORIENTED_EDGE ( 'NONE', *, *, #146, .F. ) ;
#3150 = CARTESIAN_POINT ( 'NONE',  ( 0.4500391720739106427, -0.03640767318191117513, 0.1612445739078819662 ) ) ;
#3151 = EDGE_CURVE ( 'NONE', #2611, #3880, #847, .T. ) ;
#3152 = ORIENTED_EDGE ( 'NONE', *, *, #926, .T. ) ;
#3153 = DIRECTION ( 'NONE',  ( -0.8660254037844374864, -0.5000000000000019984, 0.0000000000000000000 ) ) ;
#3154 = CARTESIAN_POINT ( 'NONE',  ( 0.4139816112265222725, -0.09878567936243343173, 0.4500000000000017319 ) ) ;
#3155 = CARTESIAN_POINT ( 'NONE',  ( -0.4791666666666671848, 0.1651831216351299647, 0.1832466123836637428 ) ) ;
#3156 = ORIENTED_EDGE ( 'NONE', *, *, #1218, .T. ) ;
#3157 = LINE ( 'NONE', #1977, #2009 ) ;
#3158 = EDGE_CURVE ( 'NONE', #175, #3705, #1591, .T. ) ;
#3159 = CYLINDRICAL_SURFACE ( 'NONE', #308, 0.1000000000000000194 ) ;
#3160 = CIRCLE ( 'NONE', #2196, 0.06250000000000000000 ) ;
#3161 = VECTOR ( 'NONE', #2801, 39.37007874015748143 ) ;
#3162 = CARTESIAN_POINT ( 'NONE',  ( 0.5000000000000004441, 0.2419948845453926412, 0.05000000000000134198 ) ) ;
#3163 = UNCERTAINTY_MEASURE_WITH_UNIT (LENGTH_MEASURE( 1.000000000000000082E-05 ), #2033, 'distance_accuracy_value', 'NONE');
#3164 = VERTEX_POINT ( 'NONE', #3225 ) ;
#3165 = CARTESIAN_POINT ( 'NONE',  ( 0.0000000000000000000, 0.1100000000000000561, -0.05000000000000000971 ) ) ;
#3166 = B_SPLINE_CURVE_WITH_KNOTS ( 'NONE', 3,
 ( #2970, #3619, #1375, #2037, #2356, #217, #2923, #1461, #3595, #734 ),
 .UNSPECIFIED., .F., .F.,
 ( 4, 3, 3, 4 ),
 ( 0.0000000000000000000, 0.0003175000000003509217, 0.0006350000000007633176, 0.001268890333424369226 ),
 .UNSPECIFIED. ) ;
#3167 = CARTESIAN_POINT ( 'NONE',  ( -0.4500000000000007883, 0.1723923268180888313, 0.05000000000000105749 ) ) ;
#3168 = ORIENTED_EDGE ( 'NONE', *, *, #1167, .F. ) ;
#3169 = CARTESIAN_POINT ( 'NONE',  ( 0.4875000000000004885, -0.05805063509461060728, 0.4500000000000017319 ) ) ;
#3170 = AXIS2_PLACEMENT_3D ( 'NONE', #1943, #424, #724 ) ;
#3171 = ORIENTED_EDGE ( 'NONE', *, *, #3636, .F. ) ;
#3172 = CARTESIAN_POINT ( 'NONE',  ( -0.4500000000000007883, -0.2452076731819112232, 0.05000000000000045380 ) ) ;
#3173 = ORIENTED_EDGE ( 'NONE', *, *, #904, .F. ) ;
#3174 = LINE ( 'NONE', #1665, #2308 ) ;
#3175 = CARTESIAN_POINT ( 'NONE',  ( 0.4500000000000012323, -0.03639999999999984914, 0.3166666666666683172 ) ) ;
#3176 = ADVANCED_FACE ( 'NONE', ( #436 ), #857, .F. ) ;
#3177 = LINE ( 'NONE', #420, #1486 ) ;
#3178 = EDGE_LOOP ( 'NONE', ( #2711, #3246, #2519, #2619 ) ) ;
#3179 = FACE_OUTER_BOUND ( 'NONE', #1529, .T. ) ;
#3180 = VECTOR ( 'NONE', #1878, 39.37007874015748143 ) ;
#3181 = CARTESIAN_POINT ( 'NONE',  ( -0.4525000000000002909, -0.5943301270189216279, 0.2857180026482836754 ) ) ;
#3182 = EDGE_CURVE ( 'NONE', #2340, #3518, #2405, .T. ) ;
#3183 = CARTESIAN_POINT ( 'NONE',  ( -0.4583333332349102673, 0.3811987413827060966, 0.05009305719700045401 ) ) ;
#3184 = CARTESIAN_POINT ( 'NONE',  ( 0.4514816112265216952, 0.2971636855429559687, 0.4500000000000017319 ) ) ;
#3185 = PRESENTATION_STYLE_ASSIGNMENT (( #1634 ) ) ;
#3186 = ORIENTED_EDGE ( 'NONE', *, *, #2544, .T. ) ;
#3187 = FILL_AREA_STYLE ('',( #1871 ) ) ;
#3188 = DIRECTION ( 'NONE',  ( -2.775557561562889810E-17, 0.8660254037844361541, -0.5000000000000041078 ) ) ;
#3189 = CARTESIAN_POINT ( 'NONE',  ( -0.3794448336795639420, -0.03640767318191117513, 0.3107426251198699974 ) ) ;
#3190 = EDGE_LOOP ( 'NONE', ( #2897, #3689, #1007, #401 ) ) ;
#3191 = ORIENTED_EDGE ( 'NONE', *, *, #2154, .T. ) ;
#3192 = CARTESIAN_POINT ( 'NONE',  ( -0.3794448336795639420, -0.2452076731819112232, 0.4500000000000008438 ) ) ;
#3193 = EDGE_LOOP ( 'NONE', ( #2654, #1583, #1789, #2379 ) ) ;
#3194 = LINE ( 'NONE', #1360, #2633 ) ;
#3195 = LENGTH_MEASURE_WITH_UNIT ( LENGTH_MEASURE( 0.02539999999999999897 ), #419 );
#3196 = FACE_OUTER_BOUND ( 'NONE', #1563, .T. ) ;
#3197 = CARTESIAN_POINT ( 'NONE',  ( 0.4525000000000002909, -0.5943301270189217389, 0.2857180026482836754 ) ) ;
#3198 = CARTESIAN_POINT ( 'NONE',  ( -0.5000000000000016653, -0.2452306927276451387, 0.4499999999999999556 ) ) ;
#3199 = FILL_AREA_STYLE_COLOUR ( '', #1482 ) ;
#3200 = B_SPLINE_CURVE_WITH_KNOTS ( 'NONE', 3,
 ( #3398, #592, #3092, #2485 ),
 .UNSPECIFIED., .F., .F.,
 ( 4, 4 ),
 ( 0.0002415949489080452433, 0.2839101588440224866 ),
 .UNSPECIFIED. ) ;
#3201 = ORIENTED_EDGE ( 'NONE', *, *, #220, .F. ) ;
#3202 =( CONVERSION_BASED_UNIT ( 'INCH', #108 ) LENGTH_UNIT ( ) NAMED_UNIT ( #493 ) );
#3203 = DIRECTION ( 'NONE',  ( 0.0000000000000000000, 0.0000000000000000000, 1.000000000000000000 ) ) ;
#3204 = VERTEX_POINT ( 'NONE', #3987 ) ;
#3205 = DIRECTION ( 'NONE',  ( 0.0000000000000000000, 0.0000000000000000000, 1.000000000000000000 ) ) ;
#3206 = EDGE_LOOP ( 'NONE', ( #3097, #129, #3214, #2284 ) ) ;
#3207 = CARTESIAN_POINT ( 'NONE',  ( 0.5000585530335193152, -0.6363877801413460045, 0.3900000000000024003 ) ) ;
#3208 = ORIENTED_EDGE ( 'NONE', *, *, #673, .T. ) ;
#3209 = LINE ( 'NONE', #1377, #3609 ) ;
#3210 =( NAMED_UNIT ( * ) PLANE_ANGLE_UNIT ( ) SI_UNIT ( $, .RADIAN. ) );
#3211 = CARTESIAN_POINT ( 'NONE',  ( -0.4903459920551476170, -0.6363877801413464486, 0.3099999999999997202 ) ) ;
#3212 = EDGE_LOOP ( 'NONE', ( #3973, #1016, #1078, #1798 ) ) ;
#3213 = CARTESIAN_POINT ( 'NONE',  ( 0.4500261134997026180, -0.03640511756098359364, 0.1612768475909052701 ) ) ;
#3214 = ORIENTED_EDGE ( 'NONE', *, *, #1285, .F. ) ;
#3215 = PLANE ( 'NONE',  #3170 ) ;
#3216 =( GEOMETRIC_REPRESENTATION_CONTEXT ( 3 ) GLOBAL_UNCERTAINTY_ASSIGNED_CONTEXT ( ( #3733 ) ) GLOBAL_UNIT_ASSIGNED_CONTEXT ( ( #3646, #777, #879 ) ) REPRESENTATION_CONTEXT ( 'NONE', 'WORKASPACE' ) );
#3217 = CARTESIAN_POINT ( 'NONE',  ( 0.5000000000000002220, 0.5900000000000001910, 0.05000000000000134198 ) ) ;
#3218 = VERTEX_POINT ( 'NONE', #3094 ) ;
#3219 = ADVANCED_FACE ( 'NONE', ( #1237 ), #1796, .F. ) ;
#3220 = LINE ( 'NONE', #430, #3757 ) ;
#3221 = CARTESIAN_POINT ( 'NONE',  ( -0.3794448336795639420, 0.1723923268180888313, 0.3107426251198703304 ) ) ;
#3222 = CARTESIAN_POINT ( 'NONE',  ( 0.4397224168397821931, 0.3811923268180888447, 0.1803713125599359923 ) ) ;
#3223 = CARTESIAN_POINT ( 'NONE',  ( 0.3419448336795646859, -0.2235570380873005136, 0.4500000000000017319 ) ) ;
#3224 = EDGE_CURVE ( 'NONE', #3137, #1669, #853, .T. ) ;
#3225 = CARTESIAN_POINT ( 'NONE',  ( -0.4200000000000004841, -0.2896605556175895768, 0.1409393892357524714 ) ) ;
#3226 = VERTEX_POINT ( 'NONE', #3383 ) ;
#3227 = CARTESIAN_POINT ( 'NONE',  ( 4.552912674655097486E-17, -0.4176000000000000267, 0.4500000000000011213 ) ) ;
#3228 = EDGE_LOOP ( 'NONE', ( #2779, #2350, #2907, #1658, #2976, #1272 ) ) ;
#3229 = CARTESIAN_POINT ( 'NONE',  ( -0.4603459920551465356, -0.7600000000000001199, -1.331775896911328393E-15 ) ) ;
#3230 = CARTESIAN_POINT ( 'NONE',  ( 0.4500000000000010658, 0.5900000000000001910, 0.05000000000000134198 ) ) ;
#3231 = EDGE_CURVE ( 'NONE', #3036, #2224, #1460, .T. ) ;
#3232 = AXIS2_PLACEMENT_3D ( 'NONE', #1590, #3502, #380 ) ;
#3233 = CARTESIAN_POINT ( 'NONE',  ( 0.4500000000000009548, 0.4507948845453926268, 0.05000000000000134198 ) ) ;
#3234 = ORIENTED_EDGE ( 'NONE', *, *, #3797, .F. ) ;
#3235 =( NAMED_UNIT ( * ) SI_UNIT ( $, .STERADIAN. ) SOLID_ANGLE_UNIT ( ) );
#3236 =( GEOMETRIC_REPRESENTATION_CONTEXT ( 3 ) GLOBAL_UNCERTAINTY_ASSIGNED_CONTEXT ( ( #3126 ) ) GLOBAL_UNIT_ASSIGNED_CONTEXT ( ( #917, #3056, #2427 ) ) REPRESENTATION_CONTEXT ( 'NONE', 'WORKASPACE' ) );
#3237 = LINE ( 'NONE', #1026, #1201 ) ;
#3238 = CARTESIAN_POINT ( 'NONE',  ( -0.4500261147093991831, -0.03640511550736192509, 0.1612453458311436105 ) ) ;
#3239 = PRESENTATION_LAYER_ASSIGNMENT (  '', '', ( #1558 ) ) ;
#3240 = EDGE_LOOP ( 'NONE', ( #1493, #473, #2858, #735 ) ) ;
#3241 =( BOUNDED_CURVE ( )  B_SPLINE_CURVE ( 3, ( #1905, #348, #1597, #1292 ),
 .UNSPECIFIED., .F., .T. ) 
 B_SPLINE_CURVE_WITH_KNOTS ( ( 4, 4 ),
 ( 0.5235987755983139147, 1.570796326794891229 ),
 .UNSPECIFIED. ) 
 CURVE ( )  GEOMETRIC_REPRESENTATION_ITEM ( )  RATIONAL_B_SPLINE_CURVE ( ( 1.000000000000000000, 0.9106836025229624321, 0.9106836025229624321, 1.000000000000000000 ) ) 
 REPRESENTATION_ITEM ( '' )  );
#3242 = ORIENTED_EDGE ( 'NONE', *, *, #3416, .F. ) ;
#3243 = AXIS2_PLACEMENT_3D ( 'NONE', #3227, #131, #2314 ) ;
#3244 = UNCERTAINTY_MEASURE_WITH_UNIT (LENGTH_MEASURE( 1.000000000000000082E-05 ), #1208, 'distance_accuracy_value', 'NONE');
#3245 = DIRECTION ( 'NONE',  ( 0.0000000000000000000, 0.0000000000000000000, 1.000000000000000000 ) ) ;
#3246 = ORIENTED_EDGE ( 'NONE', *, *, #2606, .F. ) ;
#3247 = CARTESIAN_POINT ( 'NONE',  ( 0.4139816112265222725, 0.1100143206375666094, 0.3150107550737451523 ) ) ;
#3248 = EDGE_CURVE ( 'NONE', #3030, #3659, #2732, .T. ) ;
#3249 = CARTESIAN_POINT ( 'NONE',  ( -0.4828574572698789424, 0.1723923268180888313, 0.08707673430604394305 ) ) ;
#3250 = CARTESIAN_POINT ( 'NONE',  ( -0.4757408056132608198, 0.09558056390782621037, 0.1822592721258640969 ) ) ;
#3251 = CARTESIAN_POINT ( 'NONE',  ( -0.4875000000000003220, -0.05805063509461060728, 0.3164065038176557820 ) ) ;
#3252 = LINE ( 'NONE', #4002, #3122 ) ;
#3253 = ORIENTED_EDGE ( 'NONE', *, *, #1893, .F. ) ;
#3254 = EDGE_CURVE ( 'NONE', #2205, #2841, #3086, .T. ) ;
#3255 = DIRECTION ( 'NONE',  ( 1.000000000000000000, 0.0000000000000000000, -3.500180241882336472E-15 ) ) ;
#3256 = DIRECTION ( 'NONE',  ( -6.938893903907226837E-18, -0.8660254037844402619, -0.4999999999999974465 ) ) ;
#3257 = B_SPLINE_CURVE_WITH_KNOTS ( 'NONE', 3,
 ( #1901, #66, #3884, #1289 ),
 .UNSPECIFIED., .F., .F.,
 ( 4, 4 ),
 ( 0.0000000000000000000, 1.000000000000000000 ),
 .UNSPECIFIED. ) ;
#3258 = CARTESIAN_POINT ( 'NONE',  ( 0.3779632224530434792, 0.4652286412751330258, 0.3133548434808218208 ) ) ;
#3259 = VERTEX_POINT ( 'NONE', #3681 ) ;
#3260 = FACE_OUTER_BOUND ( 'NONE', #3488, .T. ) ;
#3261 = EDGE_CURVE ( 'NONE', #1394, #2446, #3900, .T. ) ;
#3262 = CARTESIAN_POINT ( 'NONE',  ( -0.4000000000000002442, -0.5899999999999998579, 0.04999999999999991257 ) ) ;
#3263 = CARTESIAN_POINT ( 'NONE',  ( 0.5000000000000004441, 0.3115974422726963677, 0.05000000000000134198 ) ) ;
#3264 = CARTESIAN_POINT ( 'NONE',  ( 0.4875000000000004885, 0.3595493649053894125, 0.3164065038176566702 ) ) ;
#3265 = CARTESIAN_POINT ( 'NONE',  ( 0.4728459920551497109, -0.6060768910088927264, 0.2925000000000004263 ) ) ;
#3266 = EDGE_LOOP ( 'NONE', ( #3117, #2475, #3847, #1743, #3147, #68, #3287 ) ) ;
#3267 = CARTESIAN_POINT ( 'NONE',  ( -0.4499991568948025766, 0.3811961634090444973, 0.1613413113374040087 ) ) ;
#3268 = ORIENTED_EDGE ( 'NONE', *, *, #2853, .F. ) ;
#3269 = LINE ( 'NONE', #1049, #1679 ) ;
#3270 = CARTESIAN_POINT ( 'NONE',  ( -0.5000000000000002220, 0.3115974422726963677, 0.05000000000000105749 ) ) ;
#3271 = DIRECTION ( 'NONE',  ( -5.787813545898862897E-17, 1.000000000000000000, 0.0000000000000000000 ) ) ;
#3272 = CARTESIAN_POINT ( 'NONE',  ( -0.1815679951801346670, -0.2628918154685178643, 0.09436200425490270938 ) ) ;
#3273 = ORIENTED_EDGE ( 'NONE', *, *, #3754, .T. ) ;
#3274 = DIRECTION ( 'NONE',  ( 1.000000000000000000, 0.0000000000000000000, 0.0000000000000000000 ) ) ;
#3275 = ORIENTED_EDGE ( 'NONE', *, *, #1238, .T. ) ;
#3276 = DIRECTION ( 'NONE',  ( 3.667205428214969409E-15, -2.107689023311820127E-16, 1.000000000000000000 ) ) ;
#3277 = CARTESIAN_POINT ( 'NONE',  ( 0.4500000000000009548, 0.3811923268180888447, 0.05000000000000134198 ) ) ;
#3278 = EDGE_CURVE ( 'NONE', #2105, #788, #3328, .T. ) ;
#3279 = VERTEX_POINT ( 'NONE', #3660 ) ;
#3280 = DIRECTION ( 'NONE',  ( -1.000000000000000000, -1.157562709179772579E-16, 3.491481338843132961E-15 ) ) ;
#3281 = DIRECTION ( 'NONE',  ( -1.000000000000000000, -4.302114220422481101E-16, -3.469446951953613418E-18 ) ) ;
#3282 = CARTESIAN_POINT ( 'NONE',  ( 0.4397224168397821931, 0.1723923268180888313, 0.1803713125599359923 ) ) ;
#3283 = CARTESIAN_POINT ( 'NONE',  ( 0.3959724168397827926, -0.02558235563460586545, 0.1808494659439499608 ) ) ;
#3284 = CARTESIAN_POINT ( 'NONE',  ( 0.5000000000000001110, 0.1723961634090445116, 0.05000000000000006523 ) ) ;
#3285 = ORIENTED_EDGE ( 'NONE', *, *, #2497, .T. ) ;
#3286 = PRESENTATION_STYLE_ASSIGNMENT (( #3936 ) ) ;
#3287 = ORIENTED_EDGE ( 'NONE', *, *, #273, .F. ) ;
#3288 = ADVANCED_FACE ( 'NONE', ( #1924 ), #2820, .F. ) ;
#3289 = CARTESIAN_POINT ( 'NONE',  ( 0.4139816112265222725, 0.3188143206375666505, 0.3150107550737451523 ) ) ;
#3290 = CARTESIAN_POINT ( 'NONE',  ( 0.4757408056132609864, 0.09558056390782621037, 0.1822592721258646797 ) ) ;
#3291 = CARTESIAN_POINT ( 'NONE',  ( 0.4603459920551478679, -0.6363877801413460045, 0.4300000000000004929 ) ) ;
#3292 = ORIENTED_EDGE ( 'NONE', *, *, #2767, .T. ) ;
#3293 = STYLED_ITEM ( 'NONE', ( #3385 ), #702 ) ;
#3294 = B_SPLINE_CURVE_WITH_KNOTS ( 'NONE', 3,
 ( #1910, #3148, #3251, #2685 ),
 .UNSPECIFIED., .F., .F.,
 ( 4, 4 ),
 ( 0.0000000000000000000, 1.000000000000000000 ),
 .UNSPECIFIED. ) ;
#3295 = CARTESIAN_POINT ( 'NONE',  ( 0.4666666666666675067, 0.1724000000000001920, 0.05000000000000134198 ) ) ;
#3296 = FACE_OUTER_BOUND ( 'NONE', #2849, .T. ) ;
#3297 = VERTEX_POINT ( 'NONE', #69 ) ;
#3298 = VECTOR ( 'NONE', #3839, 39.37007874015748143 ) ;
#3299 = CARTESIAN_POINT ( 'NONE',  ( 0.4500000000000012323, 0.5900000000000001910, 0.4500000000000017319 ) ) ;
#3300 = CARTESIAN_POINT ( 'NONE',  ( -0.4200000000000015388, -0.2896605556175895768, 0.4300000000000003264 ) ) ;
#3301 = FILL_AREA_STYLE_COLOUR ( '', #2401 ) ;
#3302 = VECTOR ( 'NONE', #336, 39.37007874015748143 ) ;
#3303 = ORIENTED_EDGE ( 'NONE', *, *, #3108, .T. ) ;
#3304 = FACE_OUTER_BOUND ( 'NONE', #3692, .T. ) ;
#3305 = CARTESIAN_POINT ( 'NONE',  ( -0.4139816112265221615, 0.04041176291026286199, 0.1816774217404109881 ) ) ;
#3306 = LINE ( 'NONE', #2436, #3617 ) ;
#3307 = CARTESIAN_POINT ( 'NONE',  ( 0.3419448336795646859, -0.01475703808730048638, 0.4500000000000017319 ) ) ;
#3308 =( GEOMETRIC_REPRESENTATION_CONTEXT ( 3 ) GLOBAL_UNCERTAINTY_ASSIGNED_CONTEXT ( ( #1617 ) ) GLOBAL_UNIT_ASSIGNED_CONTEXT ( ( #2763, #1227, #3993 ) ) REPRESENTATION_CONTEXT ( 'NONE', 'WORKASPACE' ) );
#3309 = ORIENTED_EDGE ( 'NONE', *, *, #1906, .T. ) ;
#3310 = ADVANCED_FACE ( 'NONE', ( #2838 ), #2557, .T. ) ;
#3311 = CARTESIAN_POINT ( 'NONE',  ( -0.3419448336795645194, 0.4028429619126995265, 0.3116989318878985449 ) ) ;
#3312 = PRESENTATION_LAYER_ASSIGNMENT (  '', '', ( #112 ) ) ;
#3313 = VERTEX_POINT ( 'NONE', #690 ) ;
#3314 = CARTESIAN_POINT ( 'NONE',  ( 0.1429774941164088375, -0.2505310354944453866, 4.780733988912460139E-16 ) ) ;
#3315 = DIRECTION ( 'NONE',  ( -1.000000000000000000, -4.163336342344338259E-17, -3.490263633665337057E-15 ) ) ;
#3316 = AXIS2_PLACEMENT_3D ( 'NONE', #1401, #2411, #2645 ) ;
#3317 = EDGE_CURVE ( 'NONE', #2105, #1196, #3379, .T. ) ;
#3318 = CARTESIAN_POINT ( 'NONE',  ( -0.5000000000000002220, -0.1756051154546074133, 0.05000000000000045380 ) ) ;
#3319 = DIRECTION ( 'NONE',  ( 0.8660254037844379305, 0.5000000000000012212, 0.0000000000000000000 ) ) ;
#3320 = ORIENTED_EDGE ( 'NONE', *, *, #2068, .F. ) ;
#3321 = CARTESIAN_POINT ( 'NONE',  ( 0.4603459920551475903, -0.6363877801413463375, 0.3899999999999996803 ) ) ;
#3322 = CARTESIAN_POINT ( 'NONE',  ( 0.4200000000000006506, -0.5899999999999997469, 0.2832180026482839508 ) ) ;
#3323 = ORIENTED_EDGE ( 'NONE', *, *, #926, .F. ) ;
#3324 = CARTESIAN_POINT ( 'NONE',  ( 0.5000000000000004441, 0.3812000000000001498, 0.05000000000000134198 ) ) ;
#3325 = CARTESIAN_POINT ( 'NONE',  ( 0.5000000000000001110, 0.3115948845453925808, 0.04999999999999962808 ) ) ;
#3326 = ORIENTED_EDGE ( 'NONE', *, *, #4007, .F. ) ;
#3327 = CARTESIAN_POINT ( 'NONE',  ( -0.4833333333333336701, -0.03640767318191117513, 0.05000000000000076605 ) ) ;
#3328 = B_SPLINE_CURVE_WITH_KNOTS ( 'NONE', 3,
 ( #3703, #2161, #576, #1834 ),
 .UNSPECIFIED., .F., .F.,
 ( 4, 4 ),
 ( 0.0000000000000000000, 1.000000000000000000 ),
 .UNSPECIFIED. ) ;
#3329 = PLANE ( 'NONE',  #1467 ) ;
#3330 = CARTESIAN_POINT ( 'NONE',  ( -0.4499988796296692795, 0.1723948995569786757, 0.1613096204196432792 ) ) ;
#3331 = DIRECTION ( 'NONE',  ( -6.838279942300571988E-15, 1.019150042136374014E-17, 1.000000000000000000 ) ) ;
#3332 =( LENGTH_UNIT ( ) NAMED_UNIT ( * ) SI_UNIT ( $, .METRE. ) );
#3333 = ORIENTED_EDGE ( 'NONE', *, *, #296, .T. ) ;
#3334 = EDGE_CURVE ( 'NONE', #1200, #1136, #3145, .T. ) ;
#3335 = ADVANCED_FACE ( 'NONE', ( #1329 ), #1636, .F. ) ;
#3336 = CARTESIAN_POINT ( 'NONE',  ( 0.4200000000000004285, -0.5899999999999997469, 0.4167819973517151722 ) ) ;
#3337 = CARTESIAN_POINT ( 'NONE',  ( -0.02002953364167232506, -0.3561560897222275091, 0.5517918418989420370 ) ) ;
#3338 = DIRECTION ( 'NONE',  ( -2.841477053650009232E-15, -8.998878031629684830E-16, -1.000000000000000000 ) ) ;
#3339 = EDGE_LOOP ( 'NONE', ( #2188, #1337, #568, #2692, #1171, #3034, #495, #3511 ) ) ;
#3340 = ADVANCED_FACE ( 'NONE', ( #332 ), #1579, .T. ) ;
#3341 = SURFACE_STYLE_FILL_AREA ( #240 ) ;
#3342 = EDGE_LOOP ( 'NONE', ( #3201, #153, #1640, #3570, #2465, #674, #2755, #2936 ) ) ;
#3343 = B_SPLINE_CURVE_WITH_KNOTS ( 'NONE', 3,
 ( #1736, #799, #178, #758 ),
 .UNSPECIFIED., .F., .F.,
 ( 4, 4 ),
 ( 0.0000000000000000000, 1.015584289908768877E-06 ),
 .UNSPECIFIED. ) ;
#3344 = CARTESIAN_POINT ( 'NONE',  ( -0.4500391720737288437, 0.3811923268180888447, 0.1612445739083119833 ) ) ;
#3345 = CARTESIAN_POINT ( 'NONE',  ( 0.4603459920551474238, -0.7599999999999996758, 0.3099999999999997757 ) ) ;
#3346 = ORIENTED_EDGE ( 'NONE', *, *, #2217, .T. ) ;
#3347 = CARTESIAN_POINT ( 'NONE',  ( 0.4999563117218767117, -0.03640767318191284740, 0.05009449115213789744 ) ) ;
#3348 = LINE ( 'NONE', #487, #606 ) ;
#3349 = DIRECTION ( 'NONE',  ( 0.0000000000000000000, -1.000000000000000000, -0.0000000000000000000 ) ) ;
#3350 = PRODUCT_DEFINITION_SHAPE ( 'NONE', 'NONE',  #2743 ) ;
#3351 = ORIENTED_EDGE ( 'NONE', *, *, #858, .F. ) ;
#3352 = DIRECTION ( 'NONE',  ( -4.440892098500624683E-16, -1.000000000000000000, 4.631711680858072970E-16 ) ) ;
#3353 = B_SPLINE_CURVE_WITH_KNOTS ( 'NONE', 3,
 ( #2229, #1346, #3141, #3483 ),
 .UNSPECIFIED., .F., .F.,
 ( 4, 4 ),
 ( 0.0000000000000000000, 1.000000000000000000 ),
 .UNSPECIFIED. ) ;
#3354 = B_SPLINE_SURFACE_WITH_KNOTS ( 'NONE', 3, 3, ( 
 ( #3277, #2321, #2974, #1995 ),
 ( #3233, #3855, #3258, #1061 ),
 ( #1421, #3561, #2950, #155 ),
 ( #1399, #3582, #3113, #1491 ) ),
 .UNSPECIFIED., .F., .F., .F.,
 ( 4, 4 ),
 ( 4, 4 ),
 ( 0.0000000000000000000, 1.000000000000000000 ),
 ( 0.0000000000000000000, 1.000000000000000000 ),
 .UNSPECIFIED. ) ;
#3355 = CARTESIAN_POINT ( 'NONE',  ( 0.4500000000000010658, 0.3812000000000000943, 0.1612468894782108086 ) ) ;
#3356 = CARTESIAN_POINT ( 'NONE',  ( 0.5000000000000016653, -0.2452306927276451665, 0.4500000000000034528 ) ) ;
#3357 = DIRECTION ( 'NONE',  ( 3.316791286067654376E-15, -2.623769257414920114E-17, -1.000000000000000000 ) ) ;
#3358 = CARTESIAN_POINT ( 'NONE',  ( -0.4757408056132609864, 0.5131805639078261816, 0.1822592721258646797 ) ) ;
#3359 = EDGE_CURVE ( 'NONE', #1904, #1855, #2520, .T. ) ;
#3360 = VERTEX_POINT ( 'NONE', #3469 ) ;
#3361 = ORIENTED_EDGE ( 'NONE', *, *, #3706, .T. ) ;
#3362 = FACE_OUTER_BOUND ( 'NONE', #738, .T. ) ;
#3363 = CARTESIAN_POINT ( 'NONE',  ( 0.4625000000000008549, 0.3739831216351299781, 0.3165799457169978237 ) ) ;
#3364 = VECTOR ( 'NONE', #2636, 39.37007874015748854 ) ;
#3365 = SURFACE_STYLE_USAGE ( .BOTH. , #3688 ) ;
#3366 = B_SPLINE_CURVE_WITH_KNOTS ( 'NONE', 3,
 ( #4015, #272, #894, #1504 ),
 .UNSPECIFIED., .F., .F.,
 ( 4, 4 ),
 ( 0.0000000000000000000, 1.000000000000000000 ),
 .UNSPECIFIED. ) ;
#3367 = DIRECTION ( 'NONE',  ( -3.309852392163747147E-15, 4.163336342344335794E-17, -1.000000000000000000 ) ) ;
#3368 = CARTESIAN_POINT ( 'NONE',  ( -0.3779632224530433127, 0.04762864127513302681, 0.3133548434808212102 ) ) ;
#3369 = EDGE_CURVE ( 'NONE', #3534, #3992, #3241, .T. ) ;
#3370 = FACE_OUTER_BOUND ( 'NONE', #1274, .T. ) ;
#3371 = EDGE_LOOP ( 'NONE', ( #2120, #22, #1700, #2529 ) ) ;
#3372 = AXIS2_PLACEMENT_3D ( 'NONE', #731, #3849, #3551 ) ;
#3373 = CARTESIAN_POINT ( 'NONE',  ( -0.4625000000000008549, 0.3739831216351299781, 0.4500000000000015099 ) ) ;
#3374 = B_SPLINE_CURVE_WITH_KNOTS ( 'NONE', 3,
 ( #339, #1954, #3533, #31 ),
 .UNSPECIFIED., .F., .F.,
 ( 4, 4 ),
 ( 0.0000000000000000000, 1.000000000000000000 ),
 .UNSPECIFIED. ) ;
#3375 = AXIS2_PLACEMENT_3D ( 'NONE', #388, #1309, #2857 ) ;
#3376 = CARTESIAN_POINT ( 'NONE',  ( 0.3794448336795640531, 0.3811923268180888447, 0.4500000000000017319 ) ) ;
#3377 = LINE ( 'NONE', #1814, #2468 ) ;
#3378 = MECHANICAL_DESIGN_GEOMETRIC_PRESENTATION_REPRESENTATION (  '', ( #3052 ), #1823 ) ;
#3379 = B_SPLINE_CURVE_WITH_KNOTS ( 'NONE', 3,
 ( #2805, #1564, #2250, #2576 ),
 .UNSPECIFIED., .F., .F.,
 ( 4, 4 ),
 ( 0.0000000000000000000, 1.000000000000000000 ),
 .UNSPECIFIED. ) ;
#3380 = CARTESIAN_POINT ( 'NONE',  ( -0.4577316112265215065, 0.4471864453629574854, 0.1813152923429003360 ) ) ;
#3381 = CARTESIAN_POINT ( 'NONE',  ( 0.4500000000000012323, 0.1724000000000001920, 0.1612468894782103368 ) ) ;
#3382 = ORIENTED_EDGE ( 'NONE', *, *, #1988, .T. ) ;
#3383 = CARTESIAN_POINT ( 'NONE',  ( 0.4000000000000000777, 0.5900000000000000799, -3.414809992080329023E-17 ) ) ;
#3384 = EDGE_CURVE ( 'NONE', #1304, #1904, #3453, .T. ) ;
#3385 = PRESENTATION_STYLE_ASSIGNMENT (( #262 ) ) ;
#3386 = CARTESIAN_POINT ( 'NONE',  ( 0.3419448336795646859, -0.2235570380873005136, 0.3116989318878985449 ) ) ;
#3387 = LENGTH_MEASURE_WITH_UNIT ( LENGTH_MEASURE( 0.02539999999999999897 ), #3666 );
#3388 = EDGE_CURVE ( 'NONE', #2607, #2105, #2593, .T. ) ;
#3389 = ORIENTED_EDGE ( 'NONE', *, *, #3662, .T. ) ;
#3390 = CARTESIAN_POINT ( 'NONE',  ( 0.4500000000000012323, 0.5900000000000001910, 0.05000000000000134198 ) ) ;
#3391 = CARTESIAN_POINT ( 'NONE',  ( 0.4200000000000014833, -0.5899999999999998579, 0.4300000000000003264 ) ) ;
#3392 = LINE ( 'NONE', #1, #1079 ) ;
#3393 = EDGE_CURVE ( 'NONE', #3472, #1953, #1031, .T. ) ;
#3394 = DIMENSIONAL_EXPONENTS ( 1.000000000000000000, 0.0000000000000000000, 0.0000000000000000000, 0.0000000000000000000, 0.0000000000000000000, 0.0000000000000000000, 0.0000000000000000000 ) ;
#3395 = LINE ( 'NONE', #570, #3874 ) ;
#3396 = CARTESIAN_POINT ( 'NONE',  ( -0.5000000000000002220, 0.1027948845453926091, 0.05000000000000077993 ) ) ;
#3397 = DIRECTION ( 'NONE',  ( 0.8320502943378401683, 0.4803844614152658066, 0.2773500981126172382 ) ) ;
#3398 = CARTESIAN_POINT ( 'NONE',  ( 0.4999563117218766006, 0.3811923268180871793, 0.05009449115213816806 ) ) ;
#3399 = ORIENTED_EDGE ( 'NONE', *, *, #1185, .F. ) ;
#3400 = CARTESIAN_POINT ( 'NONE',  ( 0.4750000000000006439, 0.1579662432702597374, 0.4500000000000017319 ) ) ;
#3401 = VERTEX_POINT ( 'NONE', #2290 ) ;
#3402 = FILL_AREA_STYLE_COLOUR ( '', #1477 ) ;
#3403 = ORIENTED_EDGE ( 'NONE', *, *, #603, .F. ) ;
#3404 = FACE_OUTER_BOUND ( 'NONE', #2937, .T. ) ;
#3405 =( BOUNDED_CURVE ( )  B_SPLINE_CURVE ( 3, ( #1010, #410, #1294, #3789 ),
 .UNSPECIFIED., .F., .T. ) 
 B_SPLINE_CURVE_WITH_KNOTS ( ( 4, 4 ),
 ( 0.5235987755983984027, 1.570796326794983822 ),
 .UNSPECIFIED. ) 
 CURVE ( )  GEOMETRIC_REPRESENTATION_ITEM ( )  RATIONAL_B_SPLINE_CURVE ( ( 1.000000000000000000, 0.9106836025229610998, 0.9106836025229610998, 1.000000000000000000 ) ) 
 REPRESENTATION_ITEM ( '' )  );
#3406 = ORIENTED_EDGE ( 'NONE', *, *, #1388, .T. ) ;
#3407 = CARTESIAN_POINT ( 'NONE',  ( 0.4500000000000012323, 0.5900000000000001910, 0.2500000000000015543 ) ) ;
#3408 = CARTESIAN_POINT ( 'NONE',  ( -0.4319908056132614749, -0.1023941185448685176, 0.1825053775368723208 ) ) ;
#3409 = CYLINDRICAL_SURFACE ( 'NONE', #3435, 0.005000000000000289803 ) ;
#3410 = B_SPLINE_CURVE_WITH_KNOTS ( 'NONE', 3,
 ( #768, #2992, #815, #170 ),
 .UNSPECIFIED., .F., .F.,
 ( 4, 4 ),
 ( 0.0000000000000000000, 1.000000000000000000 ),
 .UNSPECIFIED. ) ;
#3411 = EDGE_CURVE ( 'NONE', #2804, #1580, #3220, .T. ) ;
#3412 = CARTESIAN_POINT ( 'NONE',  ( 0.4553459920551463647, -0.6363877801413463375, 0.1409393892357523326 ) ) ;
#3413 = LINE ( 'NONE', #588, #1154 ) ;
#3414 = CARTESIAN_POINT ( 'NONE',  ( -0.5000585530335197593, -0.5899999999999994138, 0.2832180026482865043 ) ) ;
#3415 = B_SPLINE_SURFACE_WITH_KNOTS ( 'NONE', 3, 3, ( 
 ( #1621, #693, #2896, #2877 ),
 ( #2860, #1682, #128, #72 ),
 ( #435, #992, #3833, #3492 ),
 ( #1353, #1986, #2310, #2275 ) ),
 .UNSPECIFIED., .F., .F., .F.,
 ( 4, 4 ),
 ( 4, 4 ),
 ( 0.0000000000000000000, 1.000000000000000000 ),
 ( 0.0000000000000000000, 1.000000000000000000 ),
 .UNSPECIFIED. ) ;
#3416 = EDGE_CURVE ( 'NONE', #241, #1888, #166, .T. ) ;
#3417 = DIRECTION ( 'NONE',  ( 0.0000000000000000000, 0.0000000000000000000, 1.000000000000000000 ) ) ;
#3418 = ORIENTED_EDGE ( 'NONE', *, *, #2104, .F. ) ;
#3419 = DIRECTION ( 'NONE',  ( 0.0000000000000000000, 0.0000000000000000000, 1.000000000000000000 ) ) ;
#3420 = ORIENTED_EDGE ( 'NONE', *, *, #193, .T. ) ;
#3421 = CARTESIAN_POINT ( 'NONE',  ( -0.5000585530335196482, -0.6363877801413460045, 0.3900000000000024003 ) ) ;
#3422 = SURFACE_STYLE_FILL_AREA ( #596 ) ;
#3423 = ORIENTED_EDGE ( 'NONE', *, *, #2924, .F. ) ;
#3424 = CARTESIAN_POINT ( 'NONE',  ( 0.4397224168397821931, -0.2452076731819112232, 0.1803713125599359923 ) ) ;
#3425 = ORIENTED_EDGE ( 'NONE', *, *, #3776, .T. ) ;
#3426 = CIRCLE ( 'NONE', #2833, 0.05000000000000000971 ) ;
#3427 = DIRECTION ( 'NONE',  ( 0.0000000000000000000, 0.8660254037844361541, -0.5000000000000042188 ) ) ;
#3428 = CARTESIAN_POINT ( 'NONE',  ( -0.5000000000000002220, 0.3811961634090445528, 0.05000000000000105749 ) ) ;
#3429 = CARTESIAN_POINT ( 'NONE',  ( -0.4500000000000010658, 0.3812000000000001498, 0.1833333333333344861 ) ) ;
#3430 = EDGE_CURVE ( 'NONE', #137, #314, #3269, .T. ) ;
#3431 =( GEOMETRIC_REPRESENTATION_CONTEXT ( 3 ) GLOBAL_UNCERTAINTY_ASSIGNED_CONTEXT ( ( #3163 ) ) GLOBAL_UNIT_ASSIGNED_CONTEXT ( ( #2033, #258, #1127 ) ) REPRESENTATION_CONTEXT ( 'NONE', 'WORKASPACE' ) );
#3432 = DIRECTION ( 'NONE',  ( 0.0000000000000000000, -1.000000000000000000, -8.537024980200832418E-17 ) ) ;
#3433 = ADVANCED_FACE ( 'NONE', ( #1433 ), #2678, .F. ) ;
#3434 = CARTESIAN_POINT ( 'NONE',  ( 0.4105557501731159076, -0.02919079481704094786, 0.1806900814826119528 ) ) ;
#3435 = AXIS2_PLACEMENT_3D ( 'NONE', #2172, #2782, #1844 ) ;
#3436 = EDGE_LOOP ( 'NONE', ( #2971, #3792, #4008, #1599 ) ) ;
#3437 = EDGE_CURVE ( 'NONE', #2272, #3204, #3961, .T. ) ;
#3438 = CARTESIAN_POINT ( 'NONE',  ( 0.0000000000000000000, 0.0000000000000000000, -0.05000000000000000971 ) ) ;
#3439 = CARTESIAN_POINT ( 'NONE',  ( -0.4603459920551475348, -0.6363877801413464486, 0.3099999999999997757 ) ) ;
#3440 = ORIENTED_EDGE ( 'NONE', *, *, #2333, .T. ) ;
#3441 = CARTESIAN_POINT ( 'NONE',  ( 0.3669448336795642640, 0.1796092051829590586, 0.3110613940425466240 ) ) ;
#3442 = DIMENSIONAL_EXPONENTS ( 1.000000000000000000, 0.0000000000000000000, 0.0000000000000000000, 0.0000000000000000000, 0.0000000000000000000, 0.0000000000000000000, 0.0000000000000000000 ) ;
#3443 = CARTESIAN_POINT ( 'NONE',  ( 0.4375000000000003886, -0.6203108891324548013, 0.3992819973517156562 ) ) ;
#3444 = ORIENTED_EDGE ( 'NONE', *, *, #3573, .T. ) ;
#3445 = CARTESIAN_POINT ( 'NONE',  ( 0.4750000000000006439, 0.5755662432702597364, 0.4500000000000017319 ) ) ;
#3446 = CARTESIAN_POINT ( 'NONE',  ( 0.3779632224530434792, -0.1611713587248670143, 0.4500000000000017319 ) ) ;
#3447 = CARTESIAN_POINT ( 'NONE',  ( -0.4139816112265221615, 0.3188143206375666505, 0.3150107550737448747 ) ) ;
#3448 = CARTESIAN_POINT ( 'NONE',  ( -0.4500000000000009548, 0.4507948845453926268, 0.05000000000000134198 ) ) ;
#3449 = CARTESIAN_POINT ( 'NONE',  ( 0.4500000000000012323, 0.1724000000000001920, 0.05009281937524982797 ) ) ;
#3450 = DIRECTION ( 'NONE',  ( 1.000000000000000000, 0.0000000000000000000, -6.829619984161290910E-15 ) ) ;
#3451 = ORIENTED_EDGE ( 'NONE', *, *, #169, .T. ) ;
#3452 = ADVANCED_FACE ( 'NONE', ( #2077 ), #2421, .T. ) ;
#3453 = LINE ( 'NONE', #971, #1495 ) ;
#3454 = ORIENTED_EDGE ( 'NONE', *, *, #1076, .T. ) ;
#3455 = CARTESIAN_POINT ( 'NONE',  ( -0.4200000000000014833, -0.5899999999999997469, 0.4300000000000003264 ) ) ;
#3456 = PLANE ( 'NONE',  #3552 ) ;
#3457 = EDGE_LOOP ( 'NONE', ( #628, #162, #2622, #2043, #2810, #3795, #3532, #1782 ) ) ;
#3458 = EDGE_CURVE ( 'NONE', #1030, #3642, #3050, .T. ) ;
#3459 = CARTESIAN_POINT ( 'NONE',  ( 0.4500000000000001221, -0.03640767318191117513, 0.04999999999999980849 ) ) ;
#3460 = CARTESIAN_POINT ( 'NONE',  ( 0.4666375413620509338, 0.3811974821855280693, 0.05009330538127899218 ) ) ;
#3461 = ORIENTED_EDGE ( 'NONE', *, *, #2384, .T. ) ;
#3462 = CARTESIAN_POINT ( 'NONE',  ( 0.4657597746517966320, 0.1723923268180888313, 0.1240591502107949717 ) ) ;
#3463 = LINE ( 'NONE', #1899, #432 ) ;
#3464 = CARTESIAN_POINT ( 'NONE',  ( -0.4200000000000006506, -0.5899999999999997469, 0.2832180026482839508 ) ) ;
#3465 = CARTESIAN_POINT ( 'NONE',  ( -0.4666666664680573784, 0.3811974745361995098, 0.05009331221382290478 ) ) ;
#3466 = DIRECTION ( 'NONE',  ( 1.000000000000000000, 5.787813545898862897E-17, 3.490694658571001621E-15 ) ) ;
#3467 = CARTESIAN_POINT ( 'NONE',  ( 0.4999854360802331033, 0.1723974402628359881, 0.05003149702656114334 ) ) ;
#3468 = ORIENTED_EDGE ( 'NONE', *, *, #405, .T. ) ;
#3469 = CARTESIAN_POINT ( 'NONE',  ( 0.4500000000000007327, -0.5899999999999998579, 0.2832180026482838398 ) ) ;
#3470 = ADVANCED_FACE ( 'NONE', ( #3697 ), #587, .T. ) ;
#3471 = FACE_OUTER_BOUND ( 'NONE', #1918, .T. ) ;
#3472 = VERTEX_POINT ( 'NONE', #3356 ) ;
#3473 = CARTESIAN_POINT ( 'NONE',  ( 0.3959724168397827926, 0.1832176443653941444, 0.1808494659439499608 ) ) ;
#3474 = ORIENTED_EDGE ( 'NONE', *, *, #1966, .T. ) ;
#3475 = CARTESIAN_POINT ( 'NONE',  ( -0.3544448336795643084, -0.2307739164521707409, 0.3113801629652216962 ) ) ;
#3476 = ADVANCED_FACE ( 'NONE', ( #892 ), #254, .T. ) ;
#3477 = CARTESIAN_POINT ( 'NONE',  ( -0.5000585530335194262, -0.5899999999999994138, 0.4167819973517177812 ) ) ;
#3478 = FACE_OUTER_BOUND ( 'NONE', #996, .T. ) ;
#3479 = FACE_OUTER_BOUND ( 'NONE', #2653, .T. ) ;
#3480 = ORIENTED_EDGE ( 'NONE', *, *, #3898, .F. ) ;
#3481 = CARTESIAN_POINT ( 'NONE',  ( -0.5000585530335194262, -0.5899999999999994138, 0.4300000000000031575 ) ) ;
#3482 = EDGE_CURVE ( 'NONE', #1200, #1879, #3505, .T. ) ;
#3483 = CARTESIAN_POINT ( 'NONE',  ( -0.4875000000000003220, 0.1507493649053895102, 0.4500000000000011213 ) ) ;
#3484 = PRESENTATION_LAYER_ASSIGNMENT (  '', '', ( #2714 ) ) ;
#3485 = VECTOR ( 'NONE', #3743, 39.37007874015748143 ) ;
#3486 = FACE_OUTER_BOUND ( 'NONE', #1506, .T. ) ;
#3487 = PLANE ( 'NONE',  #2790 ) ;
#3488 = EDGE_LOOP ( 'NONE', ( #2836, #1737, #171, #2504, #459, #2160, #4010, #3530, #3626 ) ) ;
#3489 = DIRECTION ( 'NONE',  ( 0.0000000000000000000, 0.0000000000000000000, 1.000000000000000000 ) ) ;
#3490 = VECTOR ( 'NONE', #2396, 39.37007874015748143 ) ;
#3491 = CARTESIAN_POINT ( 'NONE',  ( 0.4500000000000010658, 0.5900000000000001910, 0.4500000000000017319 ) ) ;
#3492 = CARTESIAN_POINT ( 'NONE',  ( -0.4750000000000005329, 0.5755662432702597364, 0.4500000000000017319 ) ) ;
#3493 = ORIENTED_EDGE ( 'NONE', *, *, #3653, .T. ) ;
#3494 = CARTESIAN_POINT ( 'NONE',  ( 0.4397224168397821931, 0.1723923268180888313, 0.1803713125599359923 ) ) ;
#3495 = VECTOR ( 'NONE', #1027, 39.37007874015748143 ) ;
#3496 = FACE_OUTER_BOUND ( 'NONE', #3206, .T. ) ;
#3497 = VERTEX_POINT ( 'NONE', #2930 ) ;
#3498 = DIRECTION ( 'NONE',  ( -2.841477053650009232E-15, 1.886511780124777407E-17, 1.000000000000000000 ) ) ;
#3499 = CARTESIAN_POINT ( 'NONE',  ( -0.4750000000000005329, -0.05083375672974031062, 0.3164932247673263310 ) ) ;
#3500 = VECTOR ( 'NONE', #2862, 39.37007874015748143 ) ;
#3501 = B_SPLINE_CURVE_WITH_KNOTS ( 'NONE', 3,
 ( #3918, #3249, #2941, #148 ),
 .UNSPECIFIED., .F., .F.,
 ( 4, 4 ),
 ( 0.0002415949489076244644, 0.2839101588440274271 ),
 .UNSPECIFIED. ) ;
#3502 = DIRECTION ( 'NONE',  ( 0.0000000000000000000, -1.000000000000000000, 0.0000000000000000000 ) ) ;
#3503 = EDGE_CURVE ( 'NONE', #2209, #666, #3539, .T. ) ;
#3504 = ORIENTED_EDGE ( 'NONE', *, *, #13, .F. ) ;
#3505 = LINE ( 'NONE', #2589, #3057 ) ;
#3506 = CARTESIAN_POINT ( 'NONE',  ( -0.5000000000000002220, 0.3115948845453926364, 0.05000000000000105749 ) ) ;
#3507 = B_SPLINE_CURVE_WITH_KNOTS ( 'NONE', 3,
 ( #2947, #3559, #1644, #755 ),
 .UNSPECIFIED., .F., .F.,
 ( 4, 4 ),
 ( 0.0000000000000000000, 1.000000000000000000 ),
 .UNSPECIFIED. ) ;
#3508 = CARTESIAN_POINT ( 'NONE',  ( -0.4500000000000010658, 0.5900000000000001910, 0.1833333333333347914 ) ) ;
#3509 = MECHANICAL_DESIGN_GEOMETRIC_PRESENTATION_REPRESENTATION (  '', ( #1233 ), #3762 ) ;
#3510 = DIRECTION ( 'NONE',  ( -3.490694658571001621E-15, -0.0000000000000000000, -1.000000000000000000 ) ) ;
#3511 = ORIENTED_EDGE ( 'NONE', *, *, #2657, .T. ) ;
#3512 = CARTESIAN_POINT ( 'NONE',  ( -0.4000000000000002442, -0.5899999999999998579, 0.04999999999999991257 ) ) ;
#3513 = SURFACE_STYLE_USAGE ( .BOTH. , #2579 ) ;
#3514 = CARTESIAN_POINT ( 'NONE',  ( 0.4500000000000012323, -0.03639999999999985608, 0.1612468894782111417 ) ) ;
#3515 = ORIENTED_EDGE ( 'NONE', *, *, #546, .T. ) ;
#3516 = CARTESIAN_POINT ( 'NONE',  ( 0.4500000000000012323, -0.03639999999999984914, 0.4500000000000017319 ) ) ;
#3517 = CARTESIAN_POINT ( 'NONE',  ( 0.4874563118829001174, 0.3811942769479924609, 0.05009401884768103358 ) ) ;
#3518 = VERTEX_POINT ( 'NONE', #984 ) ;
#3519 = CARTESIAN_POINT ( 'NONE',  ( 0.4500000000000009548, 0.3811923268180888447, 0.05000000000000134198 ) ) ;
#3520 = FACE_OUTER_BOUND ( 'NONE', #3193, .T. ) ;
#3521 = CARTESIAN_POINT ( 'NONE',  ( -0.4000000000000002442, 0.5900000000000000799, 0.05000000000000000971 ) ) ;
#3522 = LINE ( 'NONE', #402, #517 ) ;
#3523 = DIRECTION ( 'NONE',  ( 0.8660254037844379305, 0.5000000000000012212, 0.0000000000000000000 ) ) ;
#3524 = EDGE_CURVE ( 'NONE', #3608, #2721, #304, .T. ) ;
#3525 = CARTESIAN_POINT ( 'NONE',  ( 0.4500000000000003997, -0.5899999999999998579, 0.4167819973517151166 ) ) ;
#3526 = CARTESIAN_POINT ( 'NONE',  ( -0.4500000000000001221, -0.2452306927276452220, 0.04999999999999977379 ) ) ;
#3527 = VERTEX_POINT ( 'NONE', #1998 ) ;
#3528 = EDGE_CURVE ( 'NONE', #823, #3164, #3157, .T. ) ;
#3529 = CARTESIAN_POINT ( 'NONE',  ( -0.4105557501731157966, 0.1796092051829590586, 0.1806900814826116197 ) ) ;
#3530 = ORIENTED_EDGE ( 'NONE', *, *, #3359, .T. ) ;
#3531 = DIRECTION ( 'NONE',  ( 1.000000000000000000, 5.787813545898862897E-17, 0.0000000000000000000 ) ) ;
#3532 = ORIENTED_EDGE ( 'NONE', *, *, #2018, .F. ) ;
#3533 = CARTESIAN_POINT ( 'NONE',  ( 0.3959724168397827926, 0.3920176443653941578, 0.1808494659439499608 ) ) ;
#3534 = VERTEX_POINT ( 'NONE', #1693 ) ;
#3535 = CYLINDRICAL_SURFACE ( 'NONE', #353, 0.1000000000000000194 ) ;
#3536 = SURFACE_STYLE_FILL_AREA ( #1378 ) ;
#3537 = CARTESIAN_POINT ( 'NONE',  ( 0.5000000000000001110, 0.2419974422726964003, 0.04999999999999962808 ) ) ;
#3538 = ORIENTED_EDGE ( 'NONE', *, *, #1740, .F. ) ;
#3539 = LINE ( 'NONE', #3802, #2271 ) ;
#3540 = CLOSED_SHELL ( 'NONE', ( #2610, #3470, #2723, #2635, #3310, #1293, #2038, #3829, #3547, #213, #1571, #2285, #1592, #3340, #1406, #85, #1109, #269, #805, #1190 ) ) ;
#3541 = DIRECTION ( 'NONE',  ( 1.157562709179772579E-16, -1.000000000000000000, -0.0000000000000000000 ) ) ;
#3542 = EDGE_CURVE ( 'NONE', #2131, #993, #3522, .T. ) ;
#3543 = ORIENTED_EDGE ( 'NONE', *, *, #1800, .F. ) ;
#3544 = VECTOR ( 'NONE', #82, 39.37007874015748143 ) ;
#3545 =( NAMED_UNIT ( * ) SI_UNIT ( $, .STERADIAN. ) SOLID_ANGLE_UNIT ( ) );
#3546 = ORIENTED_EDGE ( 'NONE', *, *, #3524, .F. ) ;
#3547 = ADVANCED_FACE ( 'NONE', ( #2908 ), #680, .F. ) ;
#3548 = AXIS2_PLACEMENT_3D ( 'NONE', #601, #325, #2847 ) ;
#3549 = CARTESIAN_POINT ( 'NONE',  ( -0.4500000000000010658, 0.1724000000000001920, 0.05009281937524968920 ) ) ;
#3550 = CARTESIAN_POINT ( 'NONE',  ( -0.5000585530335197593, -0.6363877801413461155, 0.3100000000000024958 ) ) ;
#3551 = DIRECTION ( 'NONE',  ( 0.0000000000000000000, 1.517693329813481291E-16, 1.000000000000000000 ) ) ;
#3552 = AXIS2_PLACEMENT_3D ( 'NONE', #2523, #1254, #958 ) ;
#3553 = ORIENTED_EDGE ( 'NONE', *, *, #638, .T. ) ;
#3554 = CARTESIAN_POINT ( 'NONE',  ( 0.4625000000000008549, 0.1651831216351299647, 0.4500000000000017319 ) ) ;
#3555 = EDGE_CURVE ( 'NONE', #823, #3888, #445, .T. ) ;
#3556 = DIRECTION ( 'NONE',  ( 0.5000000000000009992, -0.8660254037844379305, 0.0000000000000000000 ) ) ;
#3557 = VECTOR ( 'NONE', #3510, 39.37007874015748143 ) ;
#3558 = ORIENTED_EDGE ( 'NONE', *, *, #2315, .F. ) ;
#3559 = CARTESIAN_POINT ( 'NONE',  ( -0.4500000000000002331, -0.1060076731819111356, 0.04999999999999978767 ) ) ;
#3560 = PRESENTATION_LAYER_ASSIGNMENT (  '', '', ( #2794 ) ) ;
#3561 = CARTESIAN_POINT ( 'NONE',  ( 0.4319908056132615859, 0.5240058814551314947, 0.1825053775368732090 ) ) ;
#3562 = ORIENTED_EDGE ( 'NONE', *, *, #191, .T. ) ;
#3563 = CARTESIAN_POINT ( 'NONE',  ( -0.3669448336795641530, -0.02919079481704094786, 0.3110613940425460133 ) ) ;
#3564 = VERTEX_POINT ( 'NONE', #1610 ) ;
#3565 = CARTESIAN_POINT ( 'NONE',  ( 0.3794448336795640531, 0.1723923268180888313, 0.3107426251198706080 ) ) ;
#3566 = CARTESIAN_POINT ( 'NONE',  ( 0.5000000000000001110, 0.5204000000000001958, 0.04999999999999962808 ) ) ;
#3567 = PRESENTATION_STYLE_ASSIGNMENT (( #185 ) ) ;
#3568 = VECTOR ( 'NONE', #3367, 39.37007874015748143 ) ;
#3569 = ORIENTED_EDGE ( 'NONE', *, *, #2337, .F. ) ;
#3570 = ORIENTED_EDGE ( 'NONE', *, *, #1826, .F. ) ;
#3571 = CARTESIAN_POINT ( 'NONE',  ( -0.4499999995392977015, 0.1723948864871689690, 0.05003093963116311826 ) ) ;
#3572 = CARTESIAN_POINT ( 'NONE',  ( -0.5000000000000002220, -0.1060025577273036590, 0.05000000000000045380 ) ) ;
#3573 = EDGE_CURVE ( 'NONE', #2961, #301, #589, .T. ) ;
#3574 = CARTESIAN_POINT ( 'NONE',  ( 0.4000000000000000777, -0.5899999999999998579, -3.414809992080329023E-17 ) ) ;
#3575 = VERTEX_POINT ( 'NONE', #2228 ) ;
#3576 = CARTESIAN_POINT ( 'NONE',  ( 0.5000000000000029976, 0.5900000000000003020, 0.05000000000000308364 ) ) ;
#3577 = DIRECTION ( 'NONE',  ( 0.8660254037844374864, -0.5000000000000019984, 0.0000000000000000000 ) ) ;
#3578 = ORIENTED_EDGE ( 'NONE', *, *, #2903, .T. ) ;
#3579 = DIRECTION ( 'NONE',  ( 9.812311798825642059E-16, 1.000000000000000000, 0.0000000000000000000 ) ) ;
#3580 = EDGE_CURVE ( 'NONE', #786, #3401, #79, .T. ) ;
#3581 = CARTESIAN_POINT ( 'NONE',  ( -0.4937500000000002998, -0.04722531754730523168, 0.1832032519088281353 ) ) ;
#3582 = CARTESIAN_POINT ( 'NONE',  ( 0.4500000000000012323, 0.5900000000000001910, 0.1833333333333347914 ) ) ;
#3583 = ORIENTED_EDGE ( 'NONE', *, *, #136, .F. ) ;
#3584 = DIRECTION ( 'NONE',  ( 0.0000000000000000000, -1.000000000000000000, -8.537024980200832418E-17 ) ) ;
#3585 = CARTESIAN_POINT ( 'NONE',  ( -0.5000000000000002220, 0.3811961634090445528, 0.05000000000000105749 ) ) ;
#3586 = EDGE_CURVE ( 'NONE', #3608, #323, #1025, .T. ) ;
#3587 = CARTESIAN_POINT ( 'NONE',  ( 0.4875000000000004885, 0.3595493649053894125, 0.4500000000000017319 ) ) ;
#3588 = CARTESIAN_POINT ( 'NONE',  ( 0.4937500000000004108, 0.3703746824526948367, 0.1832032519088290234 ) ) ;
#3589 = ORIENTED_EDGE ( 'NONE', *, *, #1980, .T. ) ;
#3590 = CARTESIAN_POINT ( 'NONE',  ( -0.4500000000000005107, -0.2896605556175895213, 0.1409393892357523603 ) ) ;
#3591 = CARTESIAN_POINT ( 'NONE',  ( 0.4319908056132615859, 0.3152058814551315091, 0.1825053775368732090 ) ) ;
#3592 = CARTESIAN_POINT ( 'NONE',  ( 0.4875000000000004885, 0.1507493649053894269, 0.3164065038176566702 ) ) ;
#3593 = ORIENTED_EDGE ( 'NONE', *, *, #3411, .T. ) ;
#3594 = CARTESIAN_POINT ( 'NONE',  ( 0.4625000000000008549, 0.1651831216351299647, 0.3165799457169978237 ) ) ;
#3595 = CARTESIAN_POINT ( 'NONE',  ( -0.4916375410509362109, -0.03640636764992311036, 0.05009416435757068492 ) ) ;
#3596 = EDGE_CURVE ( 'NONE', #2169, #1524, #3717, .T. ) ;
#3597 = DIRECTION ( 'NONE',  ( 3.491481338843132961E-15, 2.020804298820938372E-31, -1.000000000000000000 ) ) ;
#3598 = CARTESIAN_POINT ( 'NONE',  ( 0.3794448336795640531, -0.2452076731819112232, 0.3107426251198706080 ) ) ;
#3599 = ORIENTED_EDGE ( 'NONE', *, *, #2096, .F. ) ;
#3600 = SURFACE_SIDE_STYLE ('',( #2716 ) ) ;
#3601 = EDGE_CURVE ( 'NONE', #301, #3009, #1231, .T. ) ;
#3602 = DIRECTION ( 'NONE',  ( -3.309852392163747147E-15, 4.163336342344335794E-17, -1.000000000000000000 ) ) ;
#3603 = DIRECTION ( 'NONE',  ( 3.316791286067654376E-15, -2.623769257414920114E-17, -1.000000000000000000 ) ) ;
#3604 = B_SPLINE_CURVE_WITH_KNOTS ( 'NONE', 3,
 ( #2364, #3043, #1139, #1472 ),
 .UNSPECIFIED., .F., .F.,
 ( 4, 4 ),
 ( 0.0000000000000000000, 1.000000000000000000 ),
 .UNSPECIFIED. ) ;
#3605 = CARTESIAN_POINT ( 'NONE',  ( -0.4500000000000006772, 0.5900000000000000799, 0.04999999999999982236 ) ) ;
#3606 = CARTESIAN_POINT ( 'NONE',  ( -0.4500000000000010658, 0.1724000000000001920, 0.4500000000000011213 ) ) ;
#3607 = ADVANCED_FACE ( 'NONE', ( #3179 ), #257, .T. ) ;
#3608 = VERTEX_POINT ( 'NONE', #1448 ) ;
#3609 = VECTOR ( 'NONE', #1974, 39.37007874015748143 ) ;
#3610 = VERTEX_POINT ( 'NONE', #2109 ) ;
#3611 = DIMENSIONAL_EXPONENTS ( 1.000000000000000000, 0.0000000000000000000, 0.0000000000000000000, 0.0000000000000000000, 0.0000000000000000000, 0.0000000000000000000, 0.0000000000000000000 ) ;
#3612 = CARTESIAN_POINT ( 'NONE',  ( 0.5000000000000002220, 0.5900000000000001910, 0.05000000000000134198 ) ) ;
#3613 = CIRCLE ( 'NONE', #1925, 0.1000000000000000194 ) ;
#3614 = CARTESIAN_POINT ( 'NONE',  ( -0.4875000000000003220, -0.05805063509461060728, 0.4500000000000008438 ) ) ;
#3615 = DIRECTION ( 'NONE',  ( -1.000000000000000000, -1.387778780781445213E-17, 3.493733080617288305E-15 ) ) ;
#3616 = ORIENTED_EDGE ( 'NONE', *, *, #2492, .T. ) ;
#3617 = VECTOR ( 'NONE', #3910, 39.37007874015748143 ) ;
#3618 = LINE ( 'NONE', #1035, #2910 ) ;
#3619 = CARTESIAN_POINT ( 'NONE',  ( -0.4541666666177208156, -0.03640062805414056440, 0.05009293546932246100 ) ) ;
#3620 = ORIENTED_EDGE ( 'NONE', *, *, #3632, .T. ) ;
#3621 = STYLED_ITEM ( 'NONE', ( #633 ), #1559 ) ;
#3622 = CARTESIAN_POINT ( 'NONE',  ( -0.5000000000000002220, -0.2452076731819112232, 0.05000000000000045380 ) ) ;
#3623 = DIRECTION ( 'NONE',  ( 0.8320502943378407235, -0.4803844614152650849, 0.2773500981126172937 ) ) ;
#3624 = CARTESIAN_POINT ( 'NONE',  ( -0.4749999996992941287, 0.1723961987454189215, 0.05009358473446299392 ) ) ;
#3625 = PRESENTATION_LAYER_ASSIGNMENT (  '', '', ( #1074 ) ) ;
#3626 = ORIENTED_EDGE ( 'NONE', *, *, #40, .T. ) ;
#3627 = CARTESIAN_POINT ( 'NONE',  ( 0.4832896452690990663, -0.03640507674228244533, 0.05009386759667221189 ) ) ;
#3628 = LINE ( 'NONE', #2435, #1135 ) ;
#3629 = LINE ( 'NONE', #2130, #3807 ) ;
#3630 = AXIS2_PLACEMENT_3D ( 'NONE', #2099, #869, #3051 ) ;
#3631 = ADVANCED_FACE ( 'NONE', ( #3260 ), #2977, .F. ) ;
#3632 = EDGE_CURVE ( 'NONE', #1934, #2646, #1014, .T. ) ;
#3633 = CARTESIAN_POINT ( 'NONE',  ( -0.4200000000000000955, 6.829619984160658046E-17, -1.502516396515344672E-15 ) ) ;
#3634 = CARTESIAN_POINT ( 'NONE',  ( 0.4603459920551479789, 0.008556624327026161880, 0.3899999999999994027 ) ) ;
#3635 = VECTOR ( 'NONE', #1001, 39.37007874015748854 ) ;
#3636 = EDGE_CURVE ( 'NONE', #788, #1948, #2204, .T. ) ;
#3637 = CARTESIAN_POINT ( 'NONE',  ( 0.4500000000000002331, -0.5899999999999998579, 0.04999999999999980849 ) ) ;
#3638 = EDGE_LOOP ( 'NONE', ( #2354, #2007, #3578, #3130 ) ) ;
#3639 = CARTESIAN_POINT ( 'NONE',  ( -0.4875000000000003220, 0.3595493649053894125, 0.4500000000000015099 ) ) ;
#3640 = LINE ( 'NONE', #195, #2638 ) ;
#3641 = B_SPLINE_SURFACE_WITH_KNOTS ( 'NONE', 3, 3, ( 
 ( #2531, #4028, #3764, #2495 ),
 ( #3728, #2211, #2226, #3446 ),
 ( #642, #359, #1898, #3154 ),
 ( #1060, #2866, #3175, #719 ) ),
 .UNSPECIFIED., .F., .F., .F.,
 ( 4, 4 ),
 ( 4, 4 ),
 ( 0.0000000000000000000, 1.000000000000000000 ),
 ( 0.0000000000000000000, 1.000000000000000000 ),
 .UNSPECIFIED. ) ;
#3642 = VERTEX_POINT ( 'NONE', #1423 ) ;
#3643 =( GEOMETRIC_REPRESENTATION_CONTEXT ( 3 ) GLOBAL_UNCERTAINTY_ASSIGNED_CONTEXT ( ( #2516 ) ) GLOBAL_UNIT_ASSIGNED_CONTEXT ( ( #3682, #897, #2162 ) ) REPRESENTATION_CONTEXT ( 'NONE', 'WORKASPACE' ) );
#3644 = FILL_AREA_STYLE ('',( #3018 ) ) ;
#3645 = ORIENTED_EDGE ( 'NONE', *, *, #2880, .T. ) ;
#3646 =( CONVERSION_BASED_UNIT ( 'INCH', #1733 ) LENGTH_UNIT ( ) NAMED_UNIT ( #1194 ) );
#3647 = CARTESIAN_POINT ( 'NONE',  ( -0.4500000000000010658, -0.03640767318191117513, 0.05000000000000045380 ) ) ;
#3648 = ORIENTED_EDGE ( 'NONE', *, *, #2195, .F. ) ;
#3649 = CARTESIAN_POINT ( 'NONE',  ( -0.4251390835064489115, -0.03279923399947609619, 0.1805306970212733897 ) ) ;
#3650 = DIRECTION ( 'NONE',  ( -3.490263633665335480E-15, 3.989863994746656317E-17, 1.000000000000000000 ) ) ;
#3651 = LINE ( 'NONE', #3027, #1991 ) ;
#3652 = ORIENTED_EDGE ( 'NONE', *, *, #2281, .F. ) ;
#3653 = EDGE_CURVE ( 'NONE', #161, #2634, #157, .T. ) ;
#3654 = EDGE_CURVE ( 'NONE', #2446, #241, #1013, .T. ) ;
#3655 = CARTESIAN_POINT ( 'NONE',  ( 0.3419448336795646859, -0.2235570380873005136, 0.4500000000000017319 ) ) ;
#3656 = ORIENTED_EDGE ( 'NONE', *, *, #2397, .T. ) ;
#3657 = CARTESIAN_POINT ( 'NONE',  ( -0.4603459920551467577, -0.7600000000000001199, 0.3899999999999997358 ) ) ;
#3658 = CARTESIAN_POINT ( 'NONE',  ( -0.3794448336795639420, 0.1723923268180888313, 0.4500000000000015099 ) ) ;
#3659 = VERTEX_POINT ( 'NONE', #3881 ) ;
#3660 = CARTESIAN_POINT ( 'NONE',  ( -0.4499991568948025766, 0.3811961634090444973, 0.1613413113374040087 ) ) ;
#3661 =( LENGTH_UNIT ( ) NAMED_UNIT ( * ) SI_UNIT ( $, .METRE. ) );
#3662 = EDGE_CURVE ( 'NONE', #1953, #3564, #2386, .T. ) ;
#3663 = ORIENTED_EDGE ( 'NONE', *, *, #1307, .F. ) ;
#3664 = CARTESIAN_POINT ( 'NONE',  ( 0.5000585530335197593, -0.7599999999999995648, 0.3100000000000024958 ) ) ;
#3665 = CARTESIAN_POINT ( 'NONE',  ( 0.4500000000000012323, 0.3812000000000001498, 0.3166666666666683172 ) ) ;
#3666 =( LENGTH_UNIT ( ) NAMED_UNIT ( * ) SI_UNIT ( $, .METRE. ) );
#3667 = ORIENTED_EDGE ( 'NONE', *, *, #1462, .T. ) ;
#3668 = CARTESIAN_POINT ( 'NONE',  ( 0.4833333333333338366, -0.2452076731819112232, 0.05000000000000134198 ) ) ;
#3669 = CARTESIAN_POINT ( 'NONE',  ( -0.4500000000000007883, 0.03319488454539263472, 0.05000000000000076605 ) ) ;
#3670 = CARTESIAN_POINT ( 'NONE',  ( -0.4500000000000010658, 0.1724000000000001920, 0.1612468894782100037 ) ) ;
#3671 = VERTEX_POINT ( 'NONE', #801 ) ;
#3672 = DIRECTION ( 'NONE',  ( -2.841477053650009626E-15, 2.125036258071588074E-17, -1.000000000000000000 ) ) ;
#3673 = SURFACE_STYLE_USAGE ( .BOTH. , #307 ) ;
#3674 = ADVANCED_FACE ( 'NONE', ( #3304 ), #486, .F. ) ;
#3675 = CARTESIAN_POINT ( 'NONE',  ( 0.4500000000000012323, 0.3812000000000001498, 0.4500000000000017319 ) ) ;
#3676 = CARTESIAN_POINT ( 'NONE',  ( -0.4937500000000002998, 0.5791746824526947668, 0.1832032519088290234 ) ) ;
#3677 = CARTESIAN_POINT ( 'NONE',  ( 0.06250000000000000000, 0.1100000000000000561, -0.05000000000000000971 ) ) ;
#3678 = ADVANCED_FACE ( 'NONE', ( #860 ), #3063, .F. ) ;
#3679 = ORIENTED_EDGE ( 'NONE', *, *, #3182, .F. ) ;
#3680 = APPLICATION_CONTEXT ( 'automotive_design' ) ;
#3681 = CARTESIAN_POINT ( 'NONE',  ( -0.3419448336795645194, 0.1940429619126995131, 0.4500000000000015099 ) ) ;
#3682 =( CONVERSION_BASED_UNIT ( 'INCH', #2793 ) LENGTH_UNIT ( ) NAMED_UNIT ( #2368 ) );
#3683 = ORIENTED_EDGE ( 'NONE', *, *, #3980, .T. ) ;
#3684 = FACE_OUTER_BOUND ( 'NONE', #618, .T. ) ;
#3685 = CARTESIAN_POINT ( 'NONE',  ( 0.4750000000000006439, 0.3667662432702596953, 0.3164932247673272192 ) ) ;
#3686 = MECHANICAL_DESIGN_GEOMETRIC_PRESENTATION_REPRESENTATION (  '', ( #2714 ), #3216 ) ;
#3687 = B_SPLINE_CURVE_WITH_KNOTS ( 'NONE', 3,
 ( #3355, #2785, #2481, #3981 ),
 .UNSPECIFIED., .F., .F.,
 ( 4, 4 ),
 ( 0.0000000000000000000, 1.015584289894191228E-06 ),
 .UNSPECIFIED. ) ;
#3688 = SURFACE_SIDE_STYLE ('',( #1159 ) ) ;
#3689 = ORIENTED_EDGE ( 'NONE', *, *, #3072, .T. ) ;
#3690 = CARTESIAN_POINT ( 'NONE',  ( 0.4500000000000009548, -0.2452076731819112232, 0.05000000000000134198 ) ) ;
#3691 = CARTESIAN_POINT ( 'NONE',  ( -0.4578459920551476992, -0.6320576531224245675, 0.3074999999999999400 ) ) ;
#3692 = EDGE_LOOP ( 'NONE', ( #1552, #3599, #2999, #3303 ) ) ;
#3693 = CARTESIAN_POINT ( 'NONE',  ( -0.4625000000000008549, 0.3739831216351299781, 0.3165799457169975462 ) ) ;
#3694 = VECTOR ( 'NONE', #2081, 39.37007874015748143 ) ;
#3695 = DIRECTION ( 'NONE',  ( -1.000000000000000000, -5.787813545898862897E-17, -3.490694658571001621E-15 ) ) ;
#3696 = VECTOR ( 'NONE', #745, 39.37007874015748143 ) ;
#3697 = FACE_OUTER_BOUND ( 'NONE', #859, .T. ) ;
#3698 = CARTESIAN_POINT ( 'NONE',  ( 0.5000000000000031086, -0.2452306927276451665, 0.05000000000000308364 ) ) ;
#3699 = AXIS2_PLACEMENT_3D ( 'NONE', #2083, #794, #2059 ) ;
#3700 = CARTESIAN_POINT ( 'NONE',  ( 0.3544448336795644749, -0.02197391645217071712, 0.3113801629652225844 ) ) ;
#3701 = PLANE ( 'NONE',  #1280 ) ;
#3702 = ORIENTED_EDGE ( 'NONE', *, *, #2983, .F. ) ;
#3703 = CARTESIAN_POINT ( 'NONE',  ( 0.5000000000000001110, -0.03640383659095548091, 0.05000000000000006523 ) ) ;
#3704 = PRESENTATION_LAYER_ASSIGNMENT (  '', '', ( #1230 ) ) ;
#3705 = VERTEX_POINT ( 'NONE', #3974 ) ;
#3706 = EDGE_CURVE ( 'NONE', #1508, #2899, #1242, .T. ) ;
#3707 =( NAMED_UNIT ( * ) PLANE_ANGLE_UNIT ( ) SI_UNIT ( $, .RADIAN. ) );
#3708 = CARTESIAN_POINT ( 'NONE',  ( 0.3419448336795646859, -0.2235570380873005136, 0.4500000000000017319 ) ) ;
#3709 = FILL_AREA_STYLE ('',( #2797 ) ) ;
#3710 = B_SPLINE_SURFACE_WITH_KNOTS ( 'NONE', 3, 3, ( 
 ( #2884, #461, #134, #1666 ),
 ( #399, #2904, #2948, #1361 ),
 ( #1087, #2260, #3499, #701 ),
 ( #2341, #3581, #1398, #778 ) ),
 .UNSPECIFIED., .F., .F., .F.,
 ( 4, 4 ),
 ( 4, 4 ),
 ( 0.0000000000000000000, 1.000000000000000000 ),
 ( 0.0000000000000000000, 1.000000000000000000 ),
 .UNSPECIFIED. ) ;
#3711 = ORIENTED_EDGE ( 'NONE', *, *, #1023, .F. ) ;
#3712 = ORIENTED_EDGE ( 'NONE', *, *, #607, .F. ) ;
#3713 = ADVANCED_FACE ( 'NONE', ( #3404 ), #617, .F. ) ;
#3714 = CARTESIAN_POINT ( 'NONE',  ( 0.4645833333333341808, 0.5863915608175650496, 0.1832899728584996002 ) ) ;
#3715 = CARTESIAN_POINT ( 'NONE',  ( -0.3419448336795645194, -0.2235570380873005136, 0.4500000000000008438 ) ) ;
#3716 = PRESENTATION_STYLE_ASSIGNMENT (( #3084 ) ) ;
#3717 = B_SPLINE_CURVE_WITH_KNOTS ( 'NONE', 3,
 ( #382, #3213, #118, #1364 ),
 .UNSPECIFIED., .F., .F.,
 ( 4, 4 ),
 ( 0.0000000000000000000, 1.000000000000000000 ),
 .UNSPECIFIED. ) ;
#3718 = EDGE_CURVE ( 'NONE', #556, #4025, #1528, .T. ) ;
#3719 = LINE ( 'NONE', #3982, #2142 ) ;
#3720 = CARTESIAN_POINT ( 'NONE',  ( -0.4500000000000009548, -0.03639999999999984914, 0.4500000000000008438 ) ) ;
#3721 = ORIENTED_EDGE ( 'NONE', *, *, #3046, .T. ) ;
#3722 = CARTESIAN_POINT ( 'NONE',  ( 0.4875000000000004885, 0.1507493649053894269, 0.4500000000000017319 ) ) ;
#3723 = SURFACE_SIDE_STYLE ('',( #2144 ) ) ;
#3724 = PLANE ( 'NONE',  #2577 ) ;
#3725 = VERTEX_POINT ( 'NONE', #1568 ) ;
#3726 = ORIENTED_EDGE ( 'NONE', *, *, #3924, .T. ) ;
#3727 = CARTESIAN_POINT ( 'NONE',  ( 0.4875000000000004885, 0.5683493649053894536, 0.4500000000000017319 ) ) ;
#3728 = CARTESIAN_POINT ( 'NONE',  ( 0.4500000000000009548, -0.1756051154546074133, 0.05000000000000134198 ) ) ;
#3729 = FILL_AREA_STYLE ('',( #889 ) ) ;
#3730 = B_SPLINE_CURVE_WITH_KNOTS ( 'NONE', 3,
 ( #1067, #3238, #1044, #1742 ),
 .UNSPECIFIED., .F., .F.,
 ( 4, 4 ),
 ( 0.0000000000000000000, 1.015584289904440751E-06 ),
 .UNSPECIFIED. ) ;
#3731 = EDGE_CURVE ( 'NONE', #1435, #3527, #1551, .T. ) ;
#3732 = DIRECTION ( 'NONE',  ( 1.000000000000000000, -3.191891195797323575E-16, -2.838007606698055223E-15 ) ) ;
#3733 = UNCERTAINTY_MEASURE_WITH_UNIT (LENGTH_MEASURE( 1.000000000000000082E-05 ), #3646, 'distance_accuracy_value', 'NONE');
#3734 = FILL_AREA_STYLE_COLOUR ( '', #3748 ) ;
#3735 = VERTEX_POINT ( 'NONE', #2778 ) ;
#3736 = FACE_OUTER_BOUND ( 'NONE', #3436, .T. ) ;
#3737 = DIRECTION ( 'NONE',  ( 0.0000000000000000000, 0.0000000000000000000, 1.000000000000000000 ) ) ;
#3738 = VECTOR ( 'NONE', #1935, 39.37007874015748143 ) ;
#3739 = DIRECTION ( 'NONE',  ( 0.0000000000000000000, 0.0000000000000000000, 1.000000000000000000 ) ) ;
#3740 = VERTEX_POINT ( 'NONE', #3443 ) ;
#3741 = ORIENTED_EDGE ( 'NONE', *, *, #193, .F. ) ;
#3742 = CARTESIAN_POINT ( 'NONE',  ( -0.3794448336795639420, 0.1723923268180888313, 0.4500000000000015099 ) ) ;
#3743 = DIRECTION ( 'NONE',  ( -2.841477053650009232E-15, 2.125036258071588074E-17, -1.000000000000000000 ) ) ;
#3744 = SURFACE_SIDE_STYLE ('',( #2496 ) ) ;
#3745 = ADVANCED_FACE ( 'NONE', ( #903 ), #2811, .T. ) ;
#3746 = FILL_AREA_STYLE_COLOUR ( '', #244 ) ;
#3747 = B_SPLINE_CURVE_WITH_KNOTS ( 'NONE', 3,
 ( #1602, #113, #1912, #1932 ),
 .UNSPECIFIED., .F., .F.,
 ( 4, 4 ),
 ( 0.0000000000000000000, 1.000000000000000000 ),
 .UNSPECIFIED. ) ;
#3748 = COLOUR_RGB ( '',0.7686274509803920907, 0.7686274509803920907, 0.7686274509803920907 ) ;
#3749 = CARTESIAN_POINT ( 'NONE',  ( 0.4666375413620509338, 0.1723974821855281392, 0.05009330538127847871 ) ) ;
#3750 = SURFACE_STYLE_USAGE ( .BOTH. , #313 ) ;
#3751 = VECTOR ( 'NONE', #3331, 39.37007874015748143 ) ;
#3752 = ORIENTED_EDGE ( 'NONE', *, *, #3653, .F. ) ;
#3753 = CARTESIAN_POINT ( 'NONE',  ( -0.4000000000000002442, -0.5899999999999999689, -1.024442997624098707E-16 ) ) ;
#3754 = EDGE_CURVE ( 'NONE', #175, #1277, #2759, .T. ) ;
#3755 = FACE_OUTER_BOUND ( 'NONE', #377, .T. ) ;
#3756 = ORIENTED_EDGE ( 'NONE', *, *, #3867, .F. ) ;
#3757 = VECTOR ( 'NONE', #125, 39.37007874015748143 ) ;
#3758 = CARTESIAN_POINT ( 'NONE',  ( 0.4500000000000012323, -0.03639999999999984220, 0.05009281937524934919 ) ) ;
#3759 = ORIENTED_EDGE ( 'NONE', *, *, #1715, .T. ) ;
#3760 = CARTESIAN_POINT ( 'NONE',  ( 0.4500391720739118639, 0.3811923268180888447, 0.1612445739078793017 ) ) ;
#3761 = ORIENTED_EDGE ( 'NONE', *, *, #1889, .T. ) ;
#3762 =( GEOMETRIC_REPRESENTATION_CONTEXT ( 3 ) GLOBAL_UNCERTAINTY_ASSIGNED_CONTEXT ( ( #950 ) ) GLOBAL_UNIT_ASSIGNED_CONTEXT ( ( #2141, #1546, #2122 ) ) REPRESENTATION_CONTEXT ( 'NONE', 'WORKASPACE' ) );
#3763 = CARTESIAN_POINT ( 'NONE',  ( 0.4499991568947121490, 0.3811961634090444973, 0.1613413113376178099 ) ) ;
#3764 = CARTESIAN_POINT ( 'NONE',  ( 0.3419448336795646859, -0.2235570380873005136, 0.3116989318878985449 ) ) ;
#3765 = CARTESIAN_POINT ( 'NONE',  ( -0.4750000000000005329, 0.1579662432702597374, 0.4500000000000011213 ) ) ;
#3766 = DIRECTION ( 'NONE',  ( -1.000000000000000000, -4.163336342344338259E-17, -3.490263633665337057E-15 ) ) ;
#3767 = CARTESIAN_POINT ( 'NONE',  ( -0.4139816112265221615, 0.4580117629102628540, 0.1816774217404115710 ) ) ;
#3768 = EDGE_CURVE ( 'NONE', #721, #3992, #2127, .T. ) ;
#3769 = FACE_OUTER_BOUND ( 'NONE', #3897, .T. ) ;
#3770 = ORIENTED_EDGE ( 'NONE', *, *, #2011, .F. ) ;
#3771 = EDGE_CURVE ( 'NONE', #3259, #2611, #1176, .T. ) ;
#3772 = CARTESIAN_POINT ( 'NONE',  ( 0.4875000000000004885, 0.3595493649053895235, 0.4500000000000017319 ) ) ;
#3773 = CARTESIAN_POINT ( 'NONE',  ( -0.4397224168397820265, 0.1723923268180888313, 0.1803713125599356870 ) ) ;
#3774 = VERTEX_POINT ( 'NONE', #4009 ) ;
#3775 = CARTESIAN_POINT ( 'NONE',  ( 0.3419448336795646859, 0.1940429619126995131, 0.3116989318878985449 ) ) ;
#3776 = EDGE_CURVE ( 'NONE', #1625, #2169, #3123, .T. ) ;
#3777 = CARTESIAN_POINT ( 'NONE',  ( -0.4833333333333336701, -0.2452076731819112232, 0.05000000000000045380 ) ) ;
#3778 = ORIENTED_EDGE ( 'NONE', *, *, #3771, .T. ) ;
#3779 = DIRECTION ( 'NONE',  ( -3.490694658571001621E-15, 0.0000000000000000000, -1.000000000000000000 ) ) ;
#3780 = CARTESIAN_POINT ( 'NONE',  ( -0.3779632224530433127, -0.1611713587248670143, 0.4500000000000008438 ) ) ;
#3781 = CARTESIAN_POINT ( 'NONE',  ( -0.4500000000000010658, 0.1724000000000001920, 0.3166666666666677066 ) ) ;
#3782 =( LENGTH_UNIT ( ) NAMED_UNIT ( * ) SI_UNIT ( $, .METRE. ) );
#3783 = CARTESIAN_POINT ( 'NONE',  ( -0.3419448336795645194, 0.4028429619126995265, 0.3116989318878985449 ) ) ;
#3784 = B_SPLINE_CURVE_WITH_KNOTS ( 'NONE', 3,
 ( #3344, #2642, #1799, #3903 ),
 .UNSPECIFIED., .F., .F.,
 ( 4, 4 ),
 ( 0.0000000000000000000, 1.015584289864808079E-06 ),
 .UNSPECIFIED. ) ;
#3785 = CARTESIAN_POINT ( 'NONE',  ( 0.4577316112265216175, 0.2383864453629574998, 0.1813152923429003360 ) ) ;
#3786 = DIRECTION ( 'NONE',  ( 0.0000000000000000000, 0.0000000000000000000, 1.000000000000000000 ) ) ;
#3787 = VERTEX_POINT ( 'NONE', #3760 ) ;
#3788 = CARTESIAN_POINT ( 'NONE',  ( -0.4553459920551463647, -0.6363877801413461155, 0.1409393892357523048 ) ) ;
#3789 = CARTESIAN_POINT ( 'NONE',  ( 0.4603459920551475348, -0.6363877801413465596, 0.3099999999999997757 ) ) ;
#3790 = EDGE_CURVE ( 'NONE', #2546, #462, #1654, .T. ) ;
#3791 = CARTESIAN_POINT ( 'NONE',  ( -0.4666666666666672292, 0.1723923268180888313, 0.05000000000000105749 ) ) ;
#3792 = ORIENTED_EDGE ( 'NONE', *, *, #405, .F. ) ;
#3793 = LINE ( 'NONE', #30, #513 ) ;
#3794 = CARTESIAN_POINT ( 'NONE',  ( 0.4500000000000010658, 0.3812000000000000943, 0.1612468894782108086 ) ) ;
#3795 = ORIENTED_EDGE ( 'NONE', *, *, #1043, .F. ) ;
#3796 = CARTESIAN_POINT ( 'NONE',  ( 0.4500000000000015099, -0.5899999999999998579, 0.4300000000000002154 ) ) ;
#3797 = EDGE_CURVE ( 'NONE', #1578, #2812, #997, .T. ) ;
#3798 = FILL_AREA_STYLE_COLOUR ( '', #425 ) ;
#3799 = VECTOR ( 'NONE', #736, 39.37007874015748143 ) ;
#3800 = FACE_OUTER_BOUND ( 'NONE', #2791, .T. ) ;
#3801 = VERTEX_POINT ( 'NONE', #2583 ) ;
#3802 = CARTESIAN_POINT ( 'NONE',  ( 0.5000585530335196482, -0.7599999999999996758, 0.3900000000000024558 ) ) ;
#3803 = AXIS2_PLACEMENT_3D ( 'NONE', #2184, #613, #2218 ) ;
#3804 = CARTESIAN_POINT ( 'NONE',  ( -0.4397224168397820265, -0.2452076731819112232, 0.1803713125599351041 ) ) ;
#3805 = CARTESIAN_POINT ( 'NONE',  ( -0.4833187703764692533, 0.3811949219654485743, 0.05009386271096233356 ) ) ;
#3806 = VECTOR ( 'NONE', #3276, 39.37007874015748143 ) ;
#3807 = VECTOR ( 'NONE', #3933, 39.37007874015748143 ) ;
#3808 = CARTESIAN_POINT ( 'NONE',  ( -0.4500000000000010658, 0.3812000000000001498, 0.2500000000000012768 ) ) ;
#3809 = CARTESIAN_POINT ( 'NONE',  ( 0.3419448336795646859, -0.01475703808730048638, 0.3116989318878985449 ) ) ;
#3810 = ORIENTED_EDGE ( 'NONE', *, *, #2173, .F. ) ;
#3811 = VECTOR ( 'NONE', #3965, 39.37007874015748143 ) ;
#3812 = AXIS2_PLACEMENT_3D ( 'NONE', #2288, #665, #709 ) ;
#3813 = PRESENTATION_STYLE_ASSIGNMENT (( #3513 ) ) ;
#3814 = FACE_OUTER_BOUND ( 'NONE', #863, .T. ) ;
#3815 = VERTEX_POINT ( 'NONE', #3794 ) ;
#3816 = LINE ( 'NONE', #2277, #3112 ) ;
#3817 = PLANE ( 'NONE',  #2913 ) ;
#3818 = EDGE_CURVE ( 'NONE', #3575, #2546, #3747, .T. ) ;
#3819 = ORIENTED_EDGE ( 'NONE', *, *, #2235, .F. ) ;
#3820 = CARTESIAN_POINT ( 'NONE',  ( -0.4603459920551478124, 0.008556624327025957183, 0.3099999999999997757 ) ) ;
#3821 = DIRECTION ( 'NONE',  ( -3.469446951953613418E-18, -9.671083378570697579E-16, -1.000000000000000000 ) ) ;
#3822 = CIRCLE ( 'NONE', #3699, 0.06250000000000000000 ) ;
#3823 = CARTESIAN_POINT ( 'NONE',  ( -0.3959724168397826816, 0.1832176443653941444, 0.1808494659439496555 ) ) ;
#3824 = EDGE_LOOP ( 'NONE', ( #2330, #2258, #970, #3425, #2758, #3076, #1684, #2030 ) ) ;
#3825 = CARTESIAN_POINT ( 'NONE',  ( -0.4875000000000003220, -0.05805063509461053789, 0.4500000000000008438 ) ) ;
#3826 = EDGE_CURVE ( 'NONE', #56, #2899, #1895, .T. ) ;
#3827 = DIRECTION ( 'NONE',  ( 3.469446951953613418E-18, -5.221300822255691464E-15, -1.000000000000000000 ) ) ;
#3828 = FACE_OUTER_BOUND ( 'NONE', #1324, .T. ) ;
#3829 = ADVANCED_FACE ( 'NONE', ( #3496 ), #3817, .T. ) ;
#3830 = CARTESIAN_POINT ( 'NONE',  ( 0.4999708733208311218, 0.1723948825354834902, 0.05006299407727165390 ) ) ;
#3831 = ORIENTED_EDGE ( 'NONE', *, *, #1966, .F. ) ;
#3832 = DIRECTION ( 'NONE',  ( -0.5000000000000066613, -0.8660254037844348218, 0.0000000000000000000 ) ) ;
#3833 = CARTESIAN_POINT ( 'NONE',  ( -0.4750000000000005329, 0.5755662432702597364, 0.3164932247673272192 ) ) ;
#3834 = EDGE_LOOP ( 'NONE', ( #2745, #1817, #3663, #3756, #381, #976, #2641, #1422 ) ) ;
#3835 = CARTESIAN_POINT ( 'NONE',  ( 0.4500000000000012323, 0.1724000000000001920, 0.4500000000000017319 ) ) ;
#3836 = CARTESIAN_POINT ( 'NONE',  ( 0.4832896452690988442, 0.3811949232577175883, 0.05009386759666955430 ) ) ;
#3837 = EDGE_LOOP ( 'NONE', ( #2553, #3679, #2263, #1849 ) ) ;
#3838 = DIRECTION ( 'NONE',  ( -3.309852392163747147E-15, 4.163336342344335794E-17, -1.000000000000000000 ) ) ;
#3839 = DIRECTION ( 'NONE',  ( -6.838279942300571988E-15, 1.019150042136374014E-17, 1.000000000000000000 ) ) ;
#3840 = CARTESIAN_POINT ( 'NONE',  ( -0.4500000000000009548, 0.3115974422726963677, 0.05000000000000105749 ) ) ;
#3841 = DIRECTION ( 'NONE',  ( -3.330669073875468142E-16, -1.000000000000000000, 5.181402182308224901E-15 ) ) ;
#3842 = CARTESIAN_POINT ( 'NONE',  ( -0.3794448336795639420, -0.2452076731819112232, 0.4500000000000008438 ) ) ;
#3843 = EDGE_CURVE ( 'NONE', #1018, #3725, #2113, .T. ) ;
#3844 = CARTESIAN_POINT ( 'NONE',  ( 0.3794448336795640531, 0.1723923268180888313, 0.4500000000000017319 ) ) ;
#3845 = VERTEX_POINT ( 'NONE', #2900 ) ;
#3846 = LENGTH_MEASURE_WITH_UNIT ( LENGTH_MEASURE( 0.02539999999999999897 ), #103 );
#3847 = ORIENTED_EDGE ( 'NONE', *, *, #2315, .T. ) ;
#3848 = CARTESIAN_POINT ( 'NONE',  ( -0.4500000000000010658, 0.5900000000000001910, 0.4500000000000017319 ) ) ;
#3849 = DIRECTION ( 'NONE',  ( -5.787813545898809896E-17, 1.000000000000000000, -1.517693329813481291E-16 ) ) ;
#3850 = CARTESIAN_POINT ( 'NONE',  ( -0.5000000000000001110, -0.2452306927276452220, 0.04999999999999960032 ) ) ;
#3851 = CARTESIAN_POINT ( 'NONE',  ( 0.4603459920551476459, -0.6345576531224242922, 0.3910566243270253151 ) ) ;
#3852 = ORIENTED_EDGE ( 'NONE', *, *, #408, .F. ) ;
#3853 = FACE_OUTER_BOUND ( 'NONE', #2304, .T. ) ;
#3854 = DIRECTION ( 'NONE',  ( -2.296773882193292199E-15, -0.4999999999999974465, 0.8660254037844402619 ) ) ;
#3855 = CARTESIAN_POINT ( 'NONE',  ( 0.4139816112265222725, 0.4580117629102628540, 0.1816774217404115710 ) ) ;
#3856 = ORIENTED_EDGE ( 'NONE', *, *, #1776, .T. ) ;
#3857 = CARTESIAN_POINT ( 'NONE',  ( 0.4791229786545113667, -0.03640443403442544801, 0.05009372246484503077 ) ) ;
#3858 = DIRECTION ( 'NONE',  ( -2.841477053650010021E-15, 9.397864431104352434E-16, 1.000000000000000000 ) ) ;
#3859 = CARTESIAN_POINT ( 'NONE',  ( -0.4200000000000014833, -0.5899999999999997469, 0.4300000000000003264 ) ) ;
#3860 = PLANE ( 'NONE',  #2843 ) ;
#3861 = EDGE_CURVE ( 'NONE', #2279, #577, #3374, .T. ) ;
#3862 = EDGE_LOOP ( 'NONE', ( #3712, #1661, #3234, #523 ) ) ;
#3863 = VECTOR ( 'NONE', #797, 39.37007874015748143 ) ;
#3864 = DIRECTION ( 'NONE',  ( 2.834538159746101609E-15, 4.531965080989407548E-16, 1.000000000000000000 ) ) ;
#3865 = VERTEX_POINT ( 'NONE', #2863 ) ;
#3866 = CIRCLE ( 'NONE', #102, 0.05000000000000000971 ) ;
#3867 = EDGE_CURVE ( 'NONE', #2131, #3671, #2548, .T. ) ;
#3868 = CARTESIAN_POINT ( 'NONE',  ( -0.4154632224530427353, 0.2347780061805223306, 0.3126305846857990178 ) ) ;
#3869 = DIRECTION ( 'NONE',  ( 4.579669976578768757E-16, 1.000000000000000000, -4.633880085203043979E-16 ) ) ;
#3870 = ORIENTED_EDGE ( 'NONE', *, *, #776, .T. ) ;
#3871 = CARTESIAN_POINT ( 'NONE',  ( 0.5000000000000001110, -0.03640383659095548091, 0.05000000000000006523 ) ) ;
#3872 = CARTESIAN_POINT ( 'NONE',  ( -0.4200000000000004285, -0.5899999999999997469, 0.4167819973517151722 ) ) ;
#3873 = ADVANCED_FACE ( 'NONE', ( #1275 ), #2444, .T. ) ;
#3874 = VECTOR ( 'NONE', #1229, 39.37007874015748143 ) ;
#3875 = ORIENTED_EDGE ( 'NONE', *, *, #1183, .T. ) ;
#3876 = CARTESIAN_POINT ( 'NONE',  ( 0.0000000000000000000, -0.2088000000000000134, 0.4500000000000017319 ) ) ;
#3877 = DIRECTION ( 'NONE',  ( -3.191891195797323082E-16, -1.000000000000000000, 9.671083378570697579E-16 ) ) ;
#3878 = VECTOR ( 'NONE', #1427, 39.37007874015748143 ) ;
#3879 = CARTESIAN_POINT ( 'NONE',  ( -0.3794448336795639420, -0.03640767318191117513, 0.4500000000000011213 ) ) ;
#3880 = VERTEX_POINT ( 'NONE', #3923 ) ;
#3881 = CARTESIAN_POINT ( 'NONE',  ( -0.4500000000000007327, -0.5899999999999997469, 0.4300000000000004929 ) ) ;
#3882 = VECTOR ( 'NONE', #2691, 39.37007874015748143 ) ;
#3883 = VERTEX_POINT ( 'NONE', #457 ) ;
#3884 = CARTESIAN_POINT ( 'NONE',  ( -0.4875000000000003220, 0.3595493649053894125, 0.3164065038176563927 ) ) ;
#3885 = CARTESIAN_POINT ( 'NONE',  ( 0.4500000000000009548, 0.3811923268180888447, 0.05000000000000134198 ) ) ;
#3886 = CARTESIAN_POINT ( 'NONE',  ( 0.4500000000000005107, -0.2896605556175895213, 0.1409393892357523603 ) ) ;
#3887 = VECTOR ( 'NONE', #1336, 39.37007874015748143 ) ;
#3888 = VERTEX_POINT ( 'NONE', #2618 ) ;
#3889 = VECTOR ( 'NONE', #152, 39.37007874015748143 ) ;
#3890 = CARTESIAN_POINT ( 'NONE',  ( -0.4500391720737288437, 0.3811923268180888447, 0.1612445739083119833 ) ) ;
#3891 = ORIENTED_EDGE ( 'NONE', *, *, #1561, .T. ) ;
#3892 = EDGE_CURVE ( 'NONE', #2493, #808, #199, .T. ) ;
#3893 = CARTESIAN_POINT ( 'NONE',  ( 0.5000000000000014433, 5.787815312199383894E-17, 0.4499999999999999556 ) ) ;
#3894 = CARTESIAN_POINT ( 'NONE',  ( 0.3779632224530434792, 0.04762864127513302681, 0.3133548434808218208 ) ) ;
#3895 = CARTESIAN_POINT ( 'NONE',  ( 0.4397224168397821931, -0.03640767318191117513, 0.1803713125599359923 ) ) ;
#3896 = SURFACE_STYLE_FILL_AREA ( #1728 ) ;
#3897 = EDGE_LOOP ( 'NONE', ( #1923, #3902, #3093, #785 ) ) ;
#3898 = EDGE_CURVE ( 'NONE', #2721, #2240, #3901, .T. ) ;
#3899 = DIRECTION ( 'NONE',  ( -1.000000000000000000, 0.0000000000000000000, -3.490694658571001621E-15 ) ) ;
#3900 = B_SPLINE_CURVE_WITH_KNOTS ( 'NONE', 3,
 ( #1189, #2447, #876, #2140 ),
 .UNSPECIFIED., .F., .F.,
 ( 4, 4 ),
 ( 0.0000000000000000000, 1.000000000000000000 ),
 .UNSPECIFIED. ) ;
#3901 = LINE ( 'NONE', #1710, #1946 ) ;
#3902 = ORIENTED_EDGE ( 'NONE', *, *, #2855, .F. ) ;
#3903 = CARTESIAN_POINT ( 'NONE',  ( -0.4500000000000010658, 0.3812000000000001498, 0.1612468894782103923 ) ) ;
#3904 = CARTESIAN_POINT ( 'NONE',  ( 0.4757408056132609864, -0.1132194360921738169, 0.1822592721258646797 ) ) ;
#3905 = EDGE_CURVE ( 'NONE', #3705, #978, #2945, .T. ) ;
#3906 = CARTESIAN_POINT ( 'NONE',  ( -0.5000000000000001110, -0.2452076731819112232, 0.05000000000000045380 ) ) ;
#3907 = VERTEX_POINT ( 'NONE', #478 ) ;
#3908 = SURFACE_STYLE_USAGE ( .BOTH. , #3600 ) ;
#3909 = CARTESIAN_POINT ( 'NONE',  ( -0.4500000000000010658, 0.1724000000000001920, 0.3166666666666677066 ) ) ;
#3910 = DIRECTION ( 'NONE',  ( 3.490694658571001621E-15, -5.490078758009106436E-33, -1.000000000000000000 ) ) ;
#3911 = CARTESIAN_POINT ( 'NONE',  ( 0.4666666666666673957, 0.3811923268180888447, 0.05000000000000134198 ) ) ;
#3912 = LINE ( 'NONE', #3634, #107 ) ;
#3913 = ORIENTED_EDGE ( 'NONE', *, *, #1499, .F. ) ;
#3914 = CARTESIAN_POINT ( 'NONE',  ( -0.3544448336795643084, 0.3956260835478292992, 0.4500000000000017319 ) ) ;
#3915 = ORIENTED_EDGE ( 'NONE', *, *, #3437, .F. ) ;
#3916 = CARTESIAN_POINT ( 'NONE',  ( 0.5000000000000001110, 0.1027948845453926230, 0.04999999999999962808 ) ) ;
#3917 = CARTESIAN_POINT ( 'NONE',  ( 0.4500000000000012323, 0.3812000000000001498, 0.1833333333333347914 ) ) ;
#3918 = CARTESIAN_POINT ( 'NONE',  ( -0.4999563117219787411, 0.1723923268180888313, 0.05009449115191719898 ) ) ;
#3919 = LINE ( 'NONE', #1102, #2837 ) ;
#3920 =( BOUNDED_CURVE ( )  B_SPLINE_CURVE ( 3, ( #3265, #828, #2417, #2070 ),
 .UNSPECIFIED., .F., .T. ) 
 B_SPLINE_CURVE_WITH_KNOTS ( ( 4, 4 ),
 ( 0.5235987755983911862, 1.570796326794914766 ),
 .UNSPECIFIED. ) 
 CURVE ( )  GEOMETRIC_REPRESENTATION_ITEM ( )  RATIONAL_B_SPLINE_CURVE ( ( 1.000000000000000000, 0.9106836025229713139, 0.9106836025229713139, 1.000000000000000000 ) ) 
 REPRESENTATION_ITEM ( '' )  );
#3921 = ORIENTED_EDGE ( 'NONE', *, *, #942, .T. ) ;
#3922 = CARTESIAN_POINT ( 'NONE',  ( 0.4000000000000000777, 0.5900000000000000799, -3.414809992080329023E-17 ) ) ;
#3923 = CARTESIAN_POINT ( 'NONE',  ( -0.4500000000000010658, -0.03640767318191117513, 0.05000000000000045380 ) ) ;
#3924 = EDGE_CURVE ( 'NONE', #3787, #3735, #2451, .T. ) ;
#3925 = SURFACE_SIDE_STYLE ('',( #2688 ) ) ;
#3926 = CARTESIAN_POINT ( 'NONE',  ( 0.5000000000000004441, -0.2452076731819112232, 0.05000000000000134198 ) ) ;
#3927 = DIMENSIONAL_EXPONENTS ( 1.000000000000000000, 0.0000000000000000000, 0.0000000000000000000, 0.0000000000000000000, 0.0000000000000000000, 0.0000000000000000000, 0.0000000000000000000 ) ;
#3928 = CARTESIAN_POINT ( 'NONE',  ( -0.4833187703764691423, 0.1723949219654484499, 0.05009386271096138987 ) ) ;
#3929 = B_SPLINE_SURFACE_WITH_KNOTS ( 'NONE', 3, 3, ( 
 ( #263, #2381, #1510, #1193 ),
 ( #1110, #3904, #1175, #482 ),
 ( #1762, #2450, #2360, #527 ),
 ( #3926, #3971, #3598, #2409 ) ),
 .UNSPECIFIED., .F., .F., .F.,
 ( 4, 4 ),
 ( 4, 4 ),
 ( 0.0000000000000000000, 1.000000000000000000 ),
 ( 0.0000000000000000000, 1.000000000000000000 ),
 .UNSPECIFIED. ) ;
#3930 = ORIENTED_EDGE ( 'NONE', *, *, #3768, .F. ) ;
#3931 = CARTESIAN_POINT ( 'NONE',  ( 0.4957896451097302815, -0.03640701927320855180, 0.05009432746885984084 ) ) ;
#3932 = CARTESIAN_POINT ( 'NONE',  ( 0.4500000000000015099, -0.5899999999999998579, 0.4300000000000002154 ) ) ;
#3933 = DIRECTION ( 'NONE',  ( -1.000000000000000000, -4.163336342344338259E-17, -3.490263633665337057E-15 ) ) ;
#3934 = CARTESIAN_POINT ( 'NONE',  ( 0.3794448336795640531, 0.3811923268180888447, 0.4500000000000017319 ) ) ;
#3935 = ORIENTED_EDGE ( 'NONE', *, *, #3317, .F. ) ;
#3936 = SURFACE_STYLE_USAGE ( .BOTH. , #1072 ) ;
#3937 = DIRECTION ( 'NONE',  ( 1.000000000000000000, 0.0000000000000000000, -0.0000000000000000000 ) ) ;
#3938 = CARTESIAN_POINT ( 'NONE',  ( -0.4514816112265215287, 0.2971636855429559687, 0.4500000000000015099 ) ) ;
#3939 = AXIS2_PLACEMENT_3D ( 'NONE', #1313, #49, #2545 ) ;
#3940 = CARTESIAN_POINT ( 'NONE',  ( -0.4200000000000015388, -0.2896605556175895768, 0.4300000000000003264 ) ) ;
#3941 = CARTESIAN_POINT ( 'NONE',  ( -0.3419448336795645194, -0.01475703808730048638, 0.4500000000000011213 ) ) ;
#3942 = VERTEX_POINT ( 'NONE', #3872 ) ;
#3943 = CARTESIAN_POINT ( 'NONE',  ( 0.5000000000000004441, 0.1724000000000001920, 0.05000000000000134198 ) ) ;
#3944 = CARTESIAN_POINT ( 'NONE',  ( 0.4603459920551475903, -0.6363877801413463375, 0.3899999999999996803 ) ) ;
#3945 = B_SPLINE_CURVE_WITH_KNOTS ( 'NONE', 3,
 ( #3763, #302, #1553, #2189 ),
 .UNSPECIFIED., .F., .F.,
 ( 4, 4 ),
 ( 0.2841559316716609773, 0.9999999999999998890 ),
 .UNSPECIFIED. ) ;
#3946 = EDGE_LOOP ( 'NONE', ( #451, #852, #2628, #653 ) ) ;
#3947 =( BOUNDED_CURVE ( )  B_SPLINE_CURVE ( 3, ( #2640, #1851, #1797, #1872 ),
 .UNSPECIFIED., .F., .T. ) 
 B_SPLINE_CURVE_WITH_KNOTS ( ( 4, 4 ),
 ( 0.5235987755983984027, 1.570796326794957398 ),
 .UNSPECIFIED. ) 
 CURVE ( )  GEOMETRIC_REPRESENTATION_ITEM ( )  RATIONAL_B_SPLINE_CURVE ( ( 1.000000000000000000, 0.9106836025229655407, 0.9106836025229655407, 1.000000000000000000 ) ) 
 REPRESENTATION_ITEM ( '' )  );
#3948 = DIRECTION ( 'NONE',  ( -1.000000000000000000, 0.0000000000000000000, -3.491481338843132961E-15 ) ) ;
#3949 = CARTESIAN_POINT ( 'NONE',  ( 0.4500000000000012323, 0.3812000000000001498, 0.05009281937524900918 ) ) ;
#3950 = CIRCLE ( 'NONE', #2648, 0.1000000000000000194 ) ;
#3951 = ORIENTED_EDGE ( 'NONE', *, *, #3818, .T. ) ;
#3952 = CARTESIAN_POINT ( 'NONE',  ( -0.3419448336795645194, -0.2235570380873005136, 0.4500000000000008438 ) ) ;
#3953 = DIRECTION ( 'NONE',  ( 1.000000000000000000, 0.0000000000000000000, -0.0000000000000000000 ) ) ;
#3954 = AXIS2_PLACEMENT_3D ( 'NONE', #2192, #552, #3672 ) ;
#3955 = EDGE_LOOP ( 'NONE', ( #837, #1722, #543, #3831 ) ) ;
#3956 = EDGE_CURVE ( 'NONE', #1744, #301, #3166, .T. ) ;
#3957 = AXIS2_PLACEMENT_3D ( 'NONE', #3576, #1987, #3899 ) ;
#3958 = CARTESIAN_POINT ( 'NONE',  ( -0.4397224168397820265, 0.3811923268180888447, 0.1803713125599359923 ) ) ;
#3959 = AXIS2_PLACEMENT_3D ( 'NONE', #3481, #3841, #739 ) ;
#3960 = ADVANCED_FACE ( 'NONE', ( #1085 ), #3019, .F. ) ;
#3961 = LINE ( 'NONE', #2703, #1088 ) ;
#3962 = PLANE ( 'NONE',  #887 ) ;
#3963 = CARTESIAN_POINT ( 'NONE',  ( 0.5000000000000029976, 0.5900000000000003020, 0.05000000000000308364 ) ) ;
#3964 = B_SPLINE_SURFACE_WITH_KNOTS ( 'NONE', 3, 3, ( 
 ( #2939, #472, #2352, #2614 ),
 ( #1077, #2054, #2334, #767 ),
 ( #168, #3591, #3289, #2989 ),
 ( #194, #3917, #1434, #2372 ) ),
 .UNSPECIFIED., .F., .F., .F.,
 ( 4, 4 ),
 ( 4, 4 ),
 ( 0.0000000000000000000, 1.000000000000000000 ),
 ( 0.0000000000000000000, 1.000000000000000000 ),
 .UNSPECIFIED. ) ;
#3965 = DIRECTION ( 'NONE',  ( -1.365923996832131215E-15, 0.0000000000000000000, -1.000000000000000000 ) ) ;
#3966 = ORIENTED_EDGE ( 'NONE', *, *, #3128, .F. ) ;
#3967 = CARTESIAN_POINT ( 'NONE',  ( -0.4500000000000015099, -0.5899999999999997469, 0.4300000000000002154 ) ) ;
#3968 = APPLICATION_PROTOCOL_DEFINITION ( 'draft international standard', 'automotive_design', 1998, #3680 ) ;
#3969 = EDGE_LOOP ( 'NONE', ( #1756, #2082, #1041, #93 ) ) ;
#3970 = CARTESIAN_POINT ( 'NONE',  ( 0.4000000000000000777, -0.5899999999999998579, 0.04999999999999998196 ) ) ;
#3971 = CARTESIAN_POINT ( 'NONE',  ( 0.4397224168397821931, -0.2452076731819112232, 0.1803713125599359923 ) ) ;
#3972 =( NAMED_UNIT ( * ) SI_UNIT ( $, .STERADIAN. ) SOLID_ANGLE_UNIT ( ) );
#3973 = ORIENTED_EDGE ( 'NONE', *, *, #1695, .T. ) ;
#3974 = CARTESIAN_POINT ( 'NONE',  ( -0.4875000000000003220, 0.5683493649053894536, 0.4500000000000017319 ) ) ;
#3975 = CARTESIAN_POINT ( 'NONE',  ( -0.3419448336795645194, -0.01475703808730048638, 0.3116989318878979343 ) ) ;
#3976 = EDGE_CURVE ( 'NONE', #2656, #1093, #817, .T. ) ;
#3977 = CARTESIAN_POINT ( 'NONE',  ( -0.4500000000000010658, -0.03640767318191117513, 0.05000000000000045380 ) ) ;
#3978 = ORIENTED_EDGE ( 'NONE', *, *, #2853, .T. ) ;
#3979 = CARTESIAN_POINT ( 'NONE',  ( -0.4833333333333338366, 0.3812000000000001498, 0.05000000000000105749 ) ) ;
#3980 = EDGE_CURVE ( 'NONE', #4025, #3144, #699, .T. ) ;
#3981 = CARTESIAN_POINT ( 'NONE',  ( 0.4500391720739118639, 0.3811923268180888447, 0.1612445739078793017 ) ) ;
#3982 = CARTESIAN_POINT ( 'NONE',  ( -0.4903459920551477280, -0.7861805207197094525, 0.3899999999999996803 ) ) ;
#3983 = EDGE_CURVE ( 'NONE', #3137, #3801, #480, .T. ) ;
#3984 = CARTESIAN_POINT ( 'NONE',  ( -0.4875000000000003220, 0.5683493649053894536, 0.3164065038176566702 ) ) ;
#3985 = CARTESIAN_POINT ( 'NONE',  ( 0.4500261147093993497, 0.1723948844926380952, 0.1612453458311444987 ) ) ;
#3986 = ORIENTED_EDGE ( 'NONE', *, *, #2983, .T. ) ;
#3987 = CARTESIAN_POINT ( 'NONE',  ( 0.3419448336795646859, -0.01475703808730048638, 0.4500000000000017319 ) ) ;
#3988 = CARTESIAN_POINT ( 'NONE',  ( 0.4500000000000012323, 0.3812000000000001498, 0.4500000000000017319 ) ) ;
#3989 = CARTESIAN_POINT ( 'NONE',  ( 0.4509150635094616444, -0.5934150635094606052, 0.4148103095152282371 ) ) ;
#3990 = VERTEX_POINT ( 'NONE', #1153 ) ;
#3991 = DIRECTION ( 'NONE',  ( 1.000000000000000000, 0.0000000000000000000, -3.414809992080328333E-15 ) ) ;
#3992 = VERTEX_POINT ( 'NONE', #3322 ) ;
#3993 =( NAMED_UNIT ( * ) SI_UNIT ( $, .STERADIAN. ) SOLID_ANGLE_UNIT ( ) );
#3994 = CARTESIAN_POINT ( 'NONE',  ( 0.4200000000000014833, -0.5899999999999998579, 0.4300000000000003264 ) ) ;
#3995 = EDGE_CURVE ( 'NONE', #161, #314, #2788, .T. ) ;
#3996 = DIRECTION ( 'NONE',  ( -4.440892098500625176E-16, 1.000000000000000000, -4.512449441884668468E-16 ) ) ;
#3997 = CARTESIAN_POINT ( 'NONE',  ( -0.4154632224530427353, 0.4435780061805223440, 0.4500000000000017319 ) ) ;
#3998 = VERTEX_POINT ( 'NONE', #2665 ) ;
#3999 = CARTESIAN_POINT ( 'NONE',  ( -0.4999563117219789077, 0.3811923268180888447, 0.05009449115191688673 ) ) ;
#4000 = ADVANCED_FACE ( 'NONE', ( #3296 ), #1777, .T. ) ;
#4001 = VECTOR ( 'NONE', #3838, 39.37007874015748143 ) ;
#4002 = CARTESIAN_POINT ( 'NONE',  ( 0.4500000000000010658, -0.03639999999999984914, 0.05000000000000134198 ) ) ;
#4003 = FACE_OUTER_BOUND ( 'NONE', #4019, .T. ) ;
#4004 = FACE_OUTER_BOUND ( 'NONE', #397, .T. ) ;
#4005 = MECHANICAL_DESIGN_GEOMETRIC_PRESENTATION_REPRESENTATION (  '', ( #2783 ), #2513 ) ;
#4006 = CARTESIAN_POINT ( 'NONE',  ( -0.4525000000000004574, -0.5943301270189214058, 0.4142819973517154475 ) ) ;
#4007 = EDGE_CURVE ( 'NONE', #2753, #2922, #506, .T. ) ;
#4008 = ORIENTED_EDGE ( 'NONE', *, *, #1961, .T. ) ;
#4009 = CARTESIAN_POINT ( 'NONE',  ( 0.4603459920551475348, -0.6363877801413465596, 0.3099999999999997757 ) ) ;
#4010 = ORIENTED_EDGE ( 'NONE', *, *, #3384, .T. ) ;
#4011 = CARTESIAN_POINT ( 'NONE',  ( -0.3419448336795645194, 0.4028429619126995265, 0.3116989318878985449 ) ) ;
#4012 = PLANE ( 'NONE',  #3954 ) ;
#4013 = COLOUR_RGB ( '',0.7686274509803920907, 0.7686274509803920907, 0.7686274509803920907 ) ;
#4014 = MECHANICAL_DESIGN_GEOMETRIC_PRESENTATION_REPRESENTATION (  '', ( #1490 ), #1614 ) ;
#4015 = CARTESIAN_POINT ( 'NONE',  ( -0.4500391720737288437, 0.1723923268180888313, 0.1612445739083115948 ) ) ;
#4016 = UNCERTAINTY_MEASURE_WITH_UNIT (LENGTH_MEASURE( 1.000000000000000082E-05 ), #3107, 'distance_accuracy_value', 'NONE');
#4017 = EDGE_CURVE ( 'NONE', #323, #1578, #3947, .T. ) ;
#4018 = FACE_OUTER_BOUND ( 'NONE', #333, .T. ) ;
#4019 = EDGE_LOOP ( 'NONE', ( #1296, #124, #640, #2416 ) ) ;
#4020 = VECTOR ( 'NONE', #1205, 39.37007874015748143 ) ;
#4021 = EDGE_CURVE ( 'NONE', #1181, #1086, #3252, .T. ) ;
#4022 = LINE ( 'NONE', #2808, #3302 ) ;
#4023 = B_SPLINE_CURVE_WITH_KNOTS ( 'NONE', 3,
 ( #27, #50, #900, #2164 ),
 .UNSPECIFIED., .F., .F.,
 ( 4, 4 ),
 ( 0.2841559316716607553, 1.000000000000000000 ),
 .UNSPECIFIED. ) ;
#4024 = DIRECTION ( 'NONE',  ( -1.000000000000000000, 0.0000000000000000000, 0.0000000000000000000 ) ) ;
#4025 = VERTEX_POINT ( 'NONE', #3095 ) ;
#4026 = LINE ( 'NONE', #1278, #1735 ) ;
#4027 = EDGE_CURVE ( 'NONE', #1524, #2753, #918, .T. ) ;
#4028 = CARTESIAN_POINT ( 'NONE',  ( 0.3959724168397827926, -0.2343823556346059100, 0.1808494659439499608 ) ) ;
ENDSEC;
END-ISO-10303-21;
